cell_id,sample_id,event_index,component_1,component_2,n_test_models,positive_count,negative_count,positive_frequency,negative_frequency
gated_alive:a_001:436,a_001,436,5.543278217315674,-37.84444046020508,5,0,0,0.0,0.0
gated_alive:a_001:535,a_001,535,21.937217712402344,52.096885681152344,5,0,0,0.0,0.0
gated_alive:a_001:603,a_001,603,15.439745903015137,65.03256225585938,5,0,0,0.0,0.0
gated_alive:a_001:814,a_001,814,-35.211734771728516,-26.439266204833984,5,0,0,0.0,0.0
gated_alive:a_001:1146,a_001,1146,16.561433792114258,46.75416946411133,5,0,0,0.0,0.0
gated_alive:a_001:1468,a_001,1468,-49.37409210205078,28.91598892211914,5,0,0,0.0,0.0
gated_alive:a_001:1477,a_001,1477,-23.752050399780273,21.793344497680664,5,0,0,0.0,0.0
gated_alive:a_001:1602,a_001,1602,-12.098976135253906,38.99856185913086,5,0,0,0.0,0.0
gated_alive:a_001:1774,a_001,1774,-51.41267776489258,32.0847053527832,5,0,0,0.0,0.0
gated_alive:a_001:1817,a_001,1817,30.71727752685547,-40.3907585144043,5,0,0,0.0,0.0
gated_alive:a_001:1862,a_001,1862,-32.026737213134766,-31.884519577026367,5,0,0,0.0,0.0
gated_alive:a_001:1872,a_001,1872,-45.592559814453125,-36.806766510009766,5,0,0,0.0,0.0
gated_alive:a_001:2045,a_001,2045,-21.652530670166016,-47.04311752319336,5,0,0,0.0,0.0
gated_alive:a_001:2064,a_001,2064,-0.17979231476783752,-43.98973846435547,5,0,0,0.0,0.0
gated_alive:a_001:2525,a_001,2525,28.149524688720703,17.69354248046875,5,0,0,0.0,0.0
gated_alive:a_001:2623,a_001,2623,-55.21820831298828,33.314395904541016,5,0,0,0.0,0.0
gated_alive:a_001:2843,a_001,2843,-33.343536376953125,-23.34309196472168,5,0,0,0.0,0.0
gated_alive:a_001:3053,a_001,3053,-19.246564865112305,-40.622379302978516,5,0,0,0.0,0.0
gated_alive:a_001:3073,a_001,3073,-14.234923362731934,58.351802825927734,5,0,0,0.0,0.0
gated_alive:a_001:3415,a_001,3415,-33.081722259521484,-39.605873107910156,5,0,0,0.0,0.0
gated_alive:a_001:3586,a_001,3586,54.823184967041016,-9.691717147827148,5,0,0,0.0,0.0
gated_alive:a_001:3682,a_001,3682,48.27520751953125,5.016377925872803,5,0,0,0.0,0.0
gated_alive:a_001:3690,a_001,3690,58.483299255371094,27.79743766784668,5,0,0,0.0,0.0
gated_alive:a_001:4779,a_001,4779,-25.494844436645508,-15.81812572479248,5,0,0,0.0,0.0
gated_alive:a_001:5224,a_001,5224,8.084567070007324,-46.16461944580078,5,0,0,0.0,0.0
gated_alive:a_001:5333,a_001,5333,-25.256689071655273,55.10945129394531,5,0,0,0.0,0.0
gated_alive:a_001:5560,a_001,5560,60.48058319091797,-6.946117401123047,5,0,0,0.0,0.0
gated_alive:a_001:6251,a_001,6251,7.977673053741455,37.648441314697266,5,0,0,0.0,0.0
gated_alive:a_001:6490,a_001,6490,-14.270744323730469,45.65507888793945,5,0,0,0.0,0.0
gated_alive:a_001:6502,a_001,6502,2.5224087238311768,-52.38768005371094,5,0,0,0.0,0.0
gated_alive:a_001:6652,a_001,6652,-38.95806884765625,-24.40102767944336,5,0,0,0.0,0.0
gated_alive:a_001:6792,a_001,6792,35.90128707885742,20.031536102294922,5,0,0,0.0,0.0
gated_alive:a_001:6930,a_001,6930,-3.868847131729126,31.877317428588867,5,0,0,0.0,0.0
gated_alive:a_001:6941,a_001,6941,4.851108551025391,-51.25068283081055,5,0,0,0.0,0.0
gated_alive:a_001:7033,a_001,7033,6.62970495223999,-45.36757278442383,5,0,0,0.0,0.0
gated_alive:a_001:7189,a_001,7189,-41.423805236816406,35.509193420410156,5,0,0,0.0,0.0
gated_alive:a_001:7302,a_001,7302,7.099753379821777,-57.5345458984375,5,0,3,0.0,0.6
gated_alive:a_001:7383,a_001,7383,11.78581428527832,-48.43741989135742,5,0,2,0.0,0.4
gated_alive:a_001:7422,a_001,7422,-5.256072044372559,-36.468082427978516,5,0,0,0.0,0.0
gated_alive:a_001:7472,a_001,7472,-46.006996154785156,-42.95280456542969,5,0,0,0.0,0.0
gated_alive:a_001:7541,a_001,7541,13.440966606140137,-41.50946044921875,5,0,0,0.0,0.0
gated_alive:a_001:7706,a_001,7706,52.4902229309082,-10.662196159362793,5,0,0,0.0,0.0
gated_alive:a_001:7765,a_001,7765,-4.679086208343506,-49.1930046081543,5,0,0,0.0,0.0
gated_alive:a_001:7771,a_001,7771,-26.485700607299805,-49.640960693359375,5,0,0,0.0,0.0
gated_alive:a_001:7908,a_001,7908,-24.73750877380371,-47.47554397583008,5,0,0,0.0,0.0
gated_alive:a_001:7963,a_001,7963,9.019854545593262,-53.98774337768555,5,0,0,0.0,0.0
gated_alive:a_001:8487,a_001,8487,26.024494171142578,30.456464767456055,5,0,0,0.0,0.0
gated_alive:a_001:8703,a_001,8703,-26.988632202148438,-49.29730224609375,5,0,0,0.0,0.0
gated_alive:a_001:8713,a_001,8713,-13.241582870483398,-17.758132934570312,5,0,0,0.0,0.0
gated_alive:a_001:8850,a_001,8850,8.361944198608398,41.14238739013672,5,0,0,0.0,0.0
gated_alive:a_001:8917,a_001,8917,23.205669403076172,-12.91702651977539,5,0,0,0.0,0.0
gated_alive:a_001:8982,a_001,8982,-5.903324127197266,-32.62831497192383,5,0,0,0.0,0.0
gated_alive:a_001:9385,a_001,9385,-28.644041061401367,-21.579225540161133,5,0,0,0.0,0.0
gated_alive:a_001:9532,a_001,9532,-5.408936023712158,-20.489826202392578,5,0,0,0.0,0.0
gated_alive:a_001:9679,a_001,9679,22.834476470947266,-13.15162181854248,5,0,0,0.0,0.0
gated_alive:a_001:9763,a_001,9763,5.328963756561279,40.01716232299805,5,0,0,0.0,0.0
gated_alive:a_001:9787,a_001,9787,-23.689964294433594,-25.52312469482422,5,0,0,0.0,0.0
gated_alive:a_001:10019,a_001,10019,-20.99696922302246,-43.7729606628418,5,0,0,0.0,0.0
gated_alive:a_001:10091,a_001,10091,58.441253662109375,-1.6887840032577515,5,0,0,0.0,0.0
gated_alive:a_001:10179,a_001,10179,-39.204002380371094,39.67478942871094,5,0,0,0.0,0.0
gated_alive:a_001:10352,a_001,10352,-36.69393539428711,16.85831069946289,5,0,0,0.0,0.0
gated_alive:a_001:10467,a_001,10467,9.671257972717285,36.1205940246582,5,0,0,0.0,0.0
gated_alive:a_001:10485,a_001,10485,-10.653848648071289,-40.82261657714844,5,0,0,0.0,0.0
gated_alive:a_001:10640,a_001,10640,-36.312599182128906,33.294715881347656,5,0,0,0.0,0.0
gated_alive:a_001:10780,a_001,10780,57.55354690551758,-16.017011642456055,5,0,0,0.0,0.0
gated_alive:a_001:10840,a_001,10840,18.880565643310547,-17.637372970581055,5,0,0,0.0,0.0
gated_alive:a_001:10877,a_001,10877,-24.02187728881836,-47.64279556274414,5,0,0,0.0,0.0
gated_alive:a_001:11449,a_001,11449,-28.033979415893555,-16.567907333374023,5,0,0,0.0,0.0
gated_alive:a_001:11455,a_001,11455,-51.819732666015625,34.355247497558594,5,0,0,0.0,0.0
gated_alive:a_001:11507,a_001,11507,-1.0711348056793213,-34.892616271972656,5,0,0,0.0,0.0
gated_alive:a_001:11518,a_001,11518,-9.243335723876953,-41.65626525878906,5,0,0,0.0,0.0
gated_alive:a_001:11547,a_001,11547,0.3904227614402771,-50.3990478515625,5,0,0,0.0,0.0
gated_alive:a_001:11605,a_001,11605,-27.789060592651367,58.09689712524414,5,0,0,0.0,0.0
gated_alive:a_001:11832,a_001,11832,-37.2056884765625,16.265941619873047,5,0,0,0.0,0.0
gated_alive:a_001:11862,a_001,11862,-17.704824447631836,19.054248809814453,5,0,0,0.0,0.0
gated_alive:a_001:12194,a_001,12194,2.173060178756714,-36.08409118652344,5,0,0,0.0,0.0
gated_alive:a_001:12437,a_001,12437,-38.79124069213867,-32.875099182128906,5,0,0,0.0,0.0
gated_alive:a_001:12453,a_001,12453,-19.153114318847656,-47.773780822753906,5,0,0,0.0,0.0
gated_alive:a_001:12490,a_001,12490,-23.077274322509766,-40.07562255859375,5,0,0,0.0,0.0
gated_alive:a_001:12602,a_001,12602,-15.441929817199707,-51.76375198364258,5,0,0,0.0,0.0
gated_alive:a_001:12633,a_001,12633,-23.409231185913086,-48.023075103759766,5,0,0,0.0,0.0
gated_alive:a_001:13161,a_001,13161,20.194171905517578,9.583429336547852,5,0,0,0.0,0.0
gated_alive:a_001:13221,a_001,13221,63.99547576904297,-24.0079402923584,5,0,0,0.0,0.0
gated_alive:a_001:13224,a_001,13224,3.178424835205078,-44.303741455078125,5,0,0,0.0,0.0
gated_alive:a_001:13526,a_001,13526,-37.42768096923828,-2.9330556392669678,5,0,0,0.0,0.0
gated_alive:a_001:13631,a_001,13631,-9.967244148254395,-65.78069305419922,5,0,0,0.0,0.0
gated_alive:a_001:13657,a_001,13657,-35.845550537109375,53.40239334106445,5,0,0,0.0,0.0
gated_alive:a_001:13690,a_001,13690,-34.977542877197266,-28.939239501953125,5,0,0,0.0,0.0
gated_alive:a_001:14003,a_001,14003,28.071182250976562,34.23429489135742,5,0,0,0.0,0.0
gated_alive:a_001:14331,a_001,14331,5.9487104415893555,39.8082160949707,5,0,0,0.0,0.0
gated_alive:a_001:14379,a_001,14379,21.347131729125977,-31.212404251098633,5,0,0,0.0,0.0
gated_alive:a_001:14504,a_001,14504,-30.99416160583496,-32.052330017089844,5,0,0,0.0,0.0
gated_alive:a_001:14728,a_001,14728,-35.93406677246094,6.646610260009766,5,0,0,0.0,0.0
gated_alive:a_001:14738,a_001,14738,-19.315202713012695,-44.32666778564453,5,0,0,0.0,0.0
gated_alive:a_001:14848,a_001,14848,11.825748443603516,-10.057929992675781,5,0,0,0.0,0.0
gated_alive:a_001:14933,a_001,14933,5.146255970001221,-41.615989685058594,5,0,0,0.0,0.0
gated_alive:a_001:14941,a_001,14941,-55.990909576416016,31.817190170288086,5,0,0,0.0,0.0
gated_alive:a_001:15448,a_001,15448,-20.241785049438477,-20.234708786010742,5,0,0,0.0,0.0
gated_alive:a_001:15516,a_001,15516,-5.3944830894470215,-57.54593276977539,5,0,0,0.0,0.0
gated_alive:a_001:15936,a_001,15936,-19.745819091796875,-15.781274795532227,5,0,0,0.0,0.0
gated_alive:a_001:16151,a_001,16151,30.07731819152832,9.465651512145996,5,0,1,0.0,0.2
gated_alive:a_001:16377,a_001,16377,27.221309661865234,18.393129348754883,5,0,0,0.0,0.0
gated_alive:a_001:16431,a_001,16431,-36.001258850097656,-47.93727111816406,5,0,0,0.0,0.0
gated_alive:a_001:16486,a_001,16486,15.614340782165527,18.16810417175293,5,0,0,0.0,0.0
gated_alive:a_001:16603,a_001,16603,2.206561326980591,-53.04033660888672,5,0,0,0.0,0.0
gated_alive:a_001:16657,a_001,16657,-3.8772192001342773,-51.637874603271484,5,0,0,0.0,0.0
gated_alive:a_001:17588,a_001,17588,22.766986846923828,46.259796142578125,5,0,0,0.0,0.0
gated_alive:a_001:18362,a_001,18362,9.66894245147705,-41.59729766845703,5,0,0,0.0,0.0
gated_alive:a_001:18584,a_001,18584,27.890954971313477,52.1219482421875,5,0,0,0.0,0.0
gated_alive:a_001:18600,a_001,18600,16.919702529907227,24.66334342956543,5,0,0,0.0,0.0
gated_alive:a_001:18885,a_001,18885,52.23257064819336,-30.99116325378418,5,0,1,0.0,0.2
gated_alive:a_001:18912,a_001,18912,-3.851450204849243,54.31106185913086,5,0,0,0.0,0.0
gated_alive:a_001:19148,a_001,19148,5.249863147735596,-45.71880340576172,5,0,0,0.0,0.0
gated_alive:a_001:19176,a_001,19176,-38.12998962402344,43.612098693847656,5,0,0,0.0,0.0
gated_alive:a_001:19425,a_001,19425,27.15397071838379,-25.131175994873047,5,0,0,0.0,0.0
gated_alive:a_001:19581,a_001,19581,-32.02391052246094,-47.11044692993164,5,0,0,0.0,0.0
gated_alive:a_001:19624,a_001,19624,0.6775670051574707,48.82025909423828,5,0,0,0.0,0.0
gated_alive:a_001:19809,a_001,19809,-5.819040298461914,-35.485862731933594,5,0,0,0.0,0.0
gated_alive:a_001:20031,a_001,20031,-29.991018295288086,-21.62482452392578,5,0,0,0.0,0.0
gated_alive:a_001:20115,a_001,20115,48.36882400512695,-14.636917114257812,5,0,0,0.0,0.0
gated_alive:a_001:20618,a_001,20618,-56.330108642578125,-5.682577133178711,5,0,0,0.0,0.0
gated_alive:a_001:21032,a_001,21032,1.479339361190796,-45.023277282714844,5,0,0,0.0,0.0
gated_alive:a_001:21422,a_001,21422,-12.460641860961914,59.24089050292969,5,0,0,0.0,0.0
gated_alive:a_001:21575,a_001,21575,27.123926162719727,-45.94447326660156,5,0,0,0.0,0.0
gated_alive:a_001:21617,a_001,21617,10.133397102355957,36.49766159057617,5,0,0,0.0,0.0
gated_alive:a_001:21809,a_001,21809,59.412452697753906,30.17372703552246,5,0,0,0.0,0.0
gated_alive:a_001:21922,a_001,21922,-53.9350700378418,-5.6943864822387695,5,0,0,0.0,0.0
gated_alive:a_001:22334,a_001,22334,-40.089195251464844,39.314430236816406,5,0,0,0.0,0.0
gated_alive:a_001:22648,a_001,22648,10.067118644714355,36.817935943603516,5,0,0,0.0,0.0
gated_alive:a_001:22656,a_001,22656,-20.081485748291016,-25.452518463134766,5,0,0,0.0,0.0
gated_alive:a_001:22667,a_001,22667,-9.070663452148438,-28.320863723754883,5,0,0,0.0,0.0
gated_alive:a_001:22705,a_001,22705,29.31586456298828,20.061830520629883,5,0,0,0.0,0.0
gated_alive:a_001:22968,a_001,22968,-23.70073127746582,-43.77158737182617,5,0,0,0.0,0.0
gated_alive:a_001:23064,a_001,23064,-19.284059524536133,-44.66173553466797,5,0,0,0.0,0.0
gated_alive:a_001:23066,a_001,23066,-15.405560493469238,-65.2305908203125,5,0,0,0.0,0.0
gated_alive:a_001:23099,a_001,23099,-32.929264068603516,-15.199928283691406,5,0,0,0.0,0.0
gated_alive:a_001:23368,a_001,23368,3.3230788707733154,32.60689926147461,5,0,0,0.0,0.0
gated_alive:a_001:23567,a_001,23567,-48.84364700317383,46.927303314208984,5,0,0,0.0,0.0
gated_alive:a_001:23619,a_001,23619,-45.24350357055664,26.588388442993164,5,0,0,0.0,0.0
gated_alive:a_001:23698,a_001,23698,15.300849914550781,-13.22102165222168,5,0,0,0.0,0.0
gated_alive:a_001:23860,a_001,23860,-3.3654589653015137,-59.99013900756836,5,0,0,0.0,0.0
gated_alive:a_001:23903,a_001,23903,15.047453880310059,46.86296463012695,5,0,0,0.0,0.0
gated_alive:a_001:24068,a_001,24068,47.15078353881836,-9.865498542785645,5,0,0,0.0,0.0
gated_alive:a_001:24197,a_001,24197,14.210437774658203,26.180599212646484,5,0,0,0.0,0.0
gated_alive:a_001:24387,a_001,24387,4.8845720291137695,-24.83002471923828,5,0,0,0.0,0.0
gated_alive:a_001:24554,a_001,24554,-15.848881721496582,-34.073055267333984,5,0,0,0.0,0.0
gated_alive:a_001:24625,a_001,24625,-42.07661056518555,13.324151992797852,5,0,0,0.0,0.0
gated_alive:a_001:24728,a_001,24728,27.470016479492188,-1.1515227556228638,5,0,0,0.0,0.0
gated_alive:a_001:24757,a_001,24757,-56.672115325927734,-5.505433559417725,5,0,0,0.0,0.0
gated_alive:a_001:24818,a_001,24818,3.2392759323120117,-44.322235107421875,5,0,0,0.0,0.0
gated_alive:a_001:24911,a_001,24911,-29.626811981201172,-32.95745086669922,5,0,0,0.0,0.0
gated_alive:a_001:25103,a_001,25103,13.53681755065918,-16.239683151245117,5,0,0,0.0,0.0
gated_alive:a_001:25330,a_001,25330,-30.91449546813965,-44.396697998046875,5,0,0,0.0,0.0
gated_alive:a_001:25465,a_001,25465,-22.135034561157227,-45.02904510498047,5,0,0,0.0,0.0
gated_alive:a_001:25516,a_001,25516,-28.56972885131836,-33.650272369384766,5,0,0,0.0,0.0
gated_alive:a_001:25586,a_001,25586,14.61498737335205,-14.644614219665527,5,0,0,0.0,0.0
gated_alive:a_001:25811,a_001,25811,13.507270812988281,26.176959991455078,5,0,0,0.0,0.0
gated_alive:a_001:25928,a_001,25928,-1.1609115600585938,-33.93156814575195,5,0,0,0.0,0.0
gated_alive:a_001:25966,a_001,25966,-12.483057975769043,-42.27004623413086,5,0,0,0.0,0.0
gated_alive:a_001:26056,a_001,26056,8.255624771118164,35.640235900878906,5,0,0,0.0,0.0
gated_alive:a_001:26336,a_001,26336,-45.92402648925781,19.292818069458008,5,0,0,0.0,0.0
gated_alive:a_001:26342,a_001,26342,27.902700424194336,49.33791732788086,5,0,0,0.0,0.0
gated_alive:a_001:26346,a_001,26346,-28.852041244506836,-31.54897689819336,5,0,0,0.0,0.0
gated_alive:a_001:26681,a_001,26681,39.17331314086914,29.830228805541992,5,0,0,0.0,0.0
gated_alive:a_001:27043,a_001,27043,13.407520294189453,-48.679931640625,5,0,3,0.0,0.6
gated_alive:a_001:27074,a_001,27074,-20.599061965942383,-25.92905044555664,5,0,0,0.0,0.0
gated_alive:a_001:27227,a_001,27227,20.16071128845215,-46.14057159423828,5,0,0,0.0,0.0
gated_alive:a_001:27409,a_001,27409,-6.3017578125,-33.962486267089844,5,0,0,0.0,0.0
gated_alive:a_001:27511,a_001,27511,-30.911453247070312,-28.077852249145508,5,0,0,0.0,0.0
gated_alive:a_001:27583,a_001,27583,26.924589157104492,18.495861053466797,5,0,2,0.0,0.4
gated_alive:a_001:27801,a_001,27801,-30.5754451751709,-19.533414840698242,5,0,0,0.0,0.0
gated_alive:a_001:28099,a_001,28099,-19.92899513244629,37.487918853759766,5,0,0,0.0,0.0
gated_alive:a_001:28475,a_001,28475,-11.30603313446045,35.187679290771484,5,0,0,0.0,0.0
gated_alive:a_001:28482,a_001,28482,-16.58662986755371,54.2150764465332,5,0,0,0.0,0.0
gated_alive:a_001:29024,a_001,29024,-31.59319496154785,-28.878917694091797,5,0,0,0.0,0.0
gated_alive:a_001:29675,a_001,29675,-30.29136848449707,-36.276161193847656,5,0,0,0.0,0.0
gated_alive:a_001:29795,a_001,29795,-4.875784397125244,-49.8591423034668,5,0,0,0.0,0.0
gated_alive:a_001:29867,a_001,29867,5.233955383300781,-50.84969711303711,5,0,0,0.0,0.0
gated_alive:a_001:30023,a_001,30023,71.9737319946289,-22.699005126953125,5,0,0,0.0,0.0
gated_alive:a_001:30042,a_001,30042,32.397743225097656,3.517115592956543,5,0,0,0.0,0.0
gated_alive:a_001:30190,a_001,30190,47.82209396362305,23.134830474853516,5,0,4,0.0,0.8
gated_alive:a_001:30337,a_001,30337,45.206085205078125,-19.079593658447266,5,0,0,0.0,0.0
gated_alive:a_001:30348,a_001,30348,-0.2879745066165924,-60.69148635864258,5,0,0,0.0,0.0
gated_alive:a_001:30473,a_001,30473,12.897333145141602,38.98041534423828,5,0,0,0.0,0.0
gated_alive:a_001:30713,a_001,30713,20.645267486572266,15.193102836608887,5,0,0,0.0,0.0
gated_alive:a_001:30803,a_001,30803,21.63111114501953,-0.4428282678127289,5,0,0,0.0,0.0
gated_alive:a_001:31236,a_001,31236,24.959657669067383,-44.825191497802734,5,0,0,0.0,0.0
gated_alive:a_001:31248,a_001,31248,-43.0665283203125,-11.185810089111328,5,0,0,0.0,0.0
gated_alive:a_001:31741,a_001,31741,-16.974382400512695,-18.385272979736328,5,0,0,0.0,0.0
gated_alive:a_001:32706,a_001,32706,-44.63603591918945,32.83950424194336,5,0,0,0.0,0.0
gated_alive:a_001:32938,a_001,32938,-7.898047924041748,-35.05760192871094,5,0,0,0.0,0.0
gated_alive:a_001:33318,a_001,33318,-7.933906555175781,-39.54656982421875,5,0,0,0.0,0.0
gated_alive:a_001:33486,a_001,33486,35.81978225708008,37.86298751831055,5,0,0,0.0,0.0
gated_alive:a_001:33547,a_001,33547,-48.49019241333008,27.231237411499023,5,0,0,0.0,0.0
gated_alive:a_001:33644,a_001,33644,17.748071670532227,-12.870060920715332,5,0,0,0.0,0.0
gated_alive:a_001:33718,a_001,33718,-35.662776947021484,27.079713821411133,5,0,0,0.0,0.0
gated_alive:a_001:33962,a_001,33962,-9.764656066894531,-35.87565994262695,5,0,0,0.0,0.0
gated_alive:a_001:34126,a_001,34126,-27.265766143798828,-21.219581604003906,5,0,0,0.0,0.0
gated_alive:a_001:34268,a_001,34268,27.02191162109375,27.14535140991211,5,0,0,0.0,0.0
gated_alive:a_001:34300,a_001,34300,-23.281824111938477,5.549983024597168,5,0,0,0.0,0.0
gated_alive:a_001:34330,a_001,34330,-11.028473854064941,2.3245511054992676,5,0,0,0.0,0.0
gated_alive:a_001:34488,a_001,34488,23.98944854736328,51.35887145996094,5,0,0,0.0,0.0
gated_alive:a_001:35060,a_001,35060,-7.157201290130615,-19.116867065429688,5,0,0,0.0,0.0
gated_alive:a_001:35433,a_001,35433,59.32139587402344,30.438331604003906,5,0,3,0.0,0.6
gated_alive:a_001:35458,a_001,35458,44.39276123046875,-40.69818878173828,5,0,0,0.0,0.0
gated_alive:a_001:35558,a_001,35558,-17.592241287231445,21.26162338256836,5,0,0,0.0,0.0
gated_alive:a_001:35604,a_001,35604,-4.550004959106445,-46.125003814697266,5,0,0,0.0,0.0
gated_alive:a_001:35650,a_001,35650,-26.57028579711914,-26.372928619384766,5,0,0,0.0,0.0
gated_alive:a_001:35663,a_001,35663,31.36739730834961,45.43268585205078,5,0,0,0.0,0.0
gated_alive:a_001:35686,a_001,35686,-5.467179298400879,-29.888975143432617,5,0,0,0.0,0.0
gated_alive:a_001:35755,a_001,35755,-19.274274826049805,-44.70896530151367,5,0,0,0.0,0.0
gated_alive:a_001:35795,a_001,35795,-46.92631530761719,31.564987182617188,5,0,0,0.0,0.0
gated_alive:a_001:35805,a_001,35805,-19.382930755615234,-47.439605712890625,5,0,0,0.0,0.0
gated_alive:a_001:35912,a_001,35912,30.75872230529785,55.74676513671875,5,0,0,0.0,0.0
gated_alive:a_001:36024,a_001,36024,-5.095305442810059,-20.943389892578125,5,0,0,0.0,0.0
gated_alive:a_001:36044,a_001,36044,-11.089277267456055,-39.083641052246094,5,0,0,0.0,0.0
gated_alive:a_001:36223,a_001,36223,51.01267623901367,23.654294967651367,5,0,0,0.0,0.0
gated_alive:a_001:36295,a_001,36295,50.08754348754883,-32.313472747802734,5,0,0,0.0,0.0
gated_alive:a_001:36488,a_001,36488,-45.0003547668457,33.08035659790039,5,0,0,0.0,0.0
gated_alive:a_001:36589,a_001,36589,-25.930543899536133,-42.1197395324707,5,0,0,0.0,0.0
gated_alive:a_001:36675,a_001,36675,-24.187131881713867,-34.82541275024414,5,0,0,0.0,0.0
gated_alive:a_001:36697,a_001,36697,-25.34076499938965,-32.56868362426758,5,0,0,0.0,0.0
gated_alive:a_001:36861,a_001,36861,24.8660945892334,53.24322509765625,5,0,0,0.0,0.0
gated_alive:a_001:36864,a_001,36864,-55.62738037109375,33.180633544921875,5,0,0,0.0,0.0
gated_alive:a_001:36872,a_001,36872,-0.22872893512248993,35.529239654541016,5,0,0,0.0,0.0
gated_alive:a_001:37394,a_001,37394,-28.797121047973633,-35.44016647338867,5,0,0,0.0,0.0
gated_alive:a_001:37521,a_001,37521,-30.542560577392578,-11.757756233215332,5,0,0,0.0,0.0
gated_alive:a_001:37602,a_001,37602,-32.30642318725586,-32.78325653076172,5,0,0,0.0,0.0
gated_alive:a_001:37795,a_001,37795,-0.15205234289169312,-46.41980743408203,5,0,0,0.0,0.0
gated_alive:a_001:37873,a_001,37873,54.17129135131836,-12.22929573059082,5,0,0,0.0,0.0
gated_alive:a_001:37913,a_001,37913,-7.2011308670043945,-32.416255950927734,5,0,0,0.0,0.0
gated_alive:a_001:38008,a_001,38008,-14.318632125854492,58.29506301879883,5,0,0,0.0,0.0
gated_alive:a_001:38109,a_001,38109,-38.048316955566406,-32.681419372558594,5,0,0,0.0,0.0
gated_alive:a_001:38214,a_001,38214,-40.041969299316406,-32.96403503417969,5,0,0,0.0,0.0
gated_alive:a_001:38349,a_001,38349,55.55146026611328,30.632810592651367,5,0,0,0.0,0.0
gated_alive:a_001:38453,a_001,38453,-19.551206588745117,-53.38519287109375,5,0,0,0.0,0.0
gated_alive:a_001:38464,a_001,38464,-0.43126627802848816,-48.18038558959961,5,0,0,0.0,0.0
gated_alive:a_001:38592,a_001,38592,57.97479248046875,26.699769973754883,5,0,0,0.0,0.0
gated_alive:a_001:38605,a_001,38605,-21.409568786621094,-45.47134017944336,5,0,0,0.0,0.0
gated_alive:a_001:38636,a_001,38636,-38.67791748046875,11.092175483703613,5,0,0,0.0,0.0
gated_alive:a_001:38880,a_001,38880,32.18583297729492,15.44141960144043,5,0,0,0.0,0.0
gated_alive:a_001:38960,a_001,38960,13.560347557067871,-54.1819953918457,5,0,0,0.0,0.0
gated_alive:a_001:39597,a_001,39597,-45.363521575927734,32.365482330322266,5,0,0,0.0,0.0
gated_alive:a_001:39957,a_001,39957,-19.12334442138672,-39.55402374267578,5,0,0,0.0,0.0
gated_alive:a_001:40194,a_001,40194,-22.408205032348633,-48.0071907043457,5,0,0,0.0,0.0
gated_alive:a_001:40290,a_001,40290,-34.89335250854492,-28.118972778320312,5,0,0,0.0,0.0
gated_alive:a_001:40435,a_001,40435,-56.25791931152344,-6.506998062133789,5,0,0,0.0,0.0
gated_alive:a_001:40544,a_001,40544,37.74787902832031,-13.420011520385742,5,0,0,0.0,0.0
gated_alive:a_001:40608,a_001,40608,6.197027206420898,-46.2938346862793,5,0,0,0.0,0.0
gated_alive:a_001:40645,a_001,40645,23.688650131225586,-5.1871867179870605,5,0,0,0.0,0.0
gated_alive:a_001:40758,a_001,40758,-21.2814998626709,-29.394447326660156,5,0,0,0.0,0.0
gated_alive:a_001:40784,a_001,40784,-28.908798217773438,-23.436351776123047,5,0,0,0.0,0.0
gated_alive:a_001:40951,a_001,40951,-58.61034393310547,25.85036277770996,5,0,0,0.0,0.0
gated_alive:a_001:41057,a_001,41057,-22.72772979736328,-43.94779586791992,5,0,0,0.0,0.0
gated_alive:a_001:41069,a_001,41069,-30.570636749267578,-31.99407386779785,5,0,0,0.0,0.0
gated_alive:a_001:41087,a_001,41087,29.033632278442383,-42.767269134521484,5,0,0,0.0,0.0
gated_alive:a_001:41175,a_001,41175,-31.841297149658203,-20.35064697265625,5,0,0,0.0,0.0
gated_alive:a_001:41402,a_001,41402,38.159847259521484,-14.642009735107422,5,0,0,0.0,0.0
gated_alive:a_001:41428,a_001,41428,17.857614517211914,30.396577835083008,5,0,0,0.0,0.0
gated_alive:a_001:41642,a_001,41642,19.230182647705078,-42.181461334228516,5,0,0,0.0,0.0
gated_alive:a_001:41823,a_001,41823,6.270034313201904,-41.61027908325195,5,0,0,0.0,0.0
gated_alive:a_001:42002,a_001,42002,11.329198837280273,44.72953414916992,5,0,0,0.0,0.0
gated_alive:a_001:42321,a_001,42321,36.9252815246582,-21.525054931640625,5,0,0,0.0,0.0
gated_alive:a_001:42644,a_001,42644,6.1635422706604,-58.10843276977539,5,0,0,0.0,0.0
gated_alive:a_001:42757,a_001,42757,-53.62577438354492,-5.646542072296143,5,0,0,0.0,0.0
gated_alive:a_001:42866,a_001,42866,-19.05671501159668,-28.15250015258789,5,0,0,0.0,0.0
gated_alive:a_001:43084,a_001,43084,-35.52362823486328,-29.14720344543457,5,0,0,0.0,0.0
gated_alive:a_001:43688,a_001,43688,-7.470945835113525,27.287811279296875,5,0,0,0.0,0.0
gated_alive:a_001:43812,a_001,43812,17.297325134277344,-2.610292434692383,5,0,0,0.0,0.0
gated_alive:a_001:44525,a_001,44525,-21.745019912719727,-52.010826110839844,5,0,0,0.0,0.0
gated_alive:a_001:44581,a_001,44581,10.331450462341309,35.19578170776367,5,0,0,0.0,0.0
gated_alive:a_001:44645,a_001,44645,-10.962889671325684,48.736289978027344,5,0,0,0.0,0.0
gated_alive:a_001:44753,a_001,44753,-43.97306823730469,32.85504913330078,5,0,0,0.0,0.0
gated_alive:a_001:44755,a_001,44755,-6.490844249725342,-36.37211227416992,5,0,0,0.0,0.0
gated_alive:a_001:44875,a_001,44875,-10.024076461791992,-34.740413665771484,5,0,0,0.0,0.0
gated_alive:a_001:44922,a_001,44922,12.938706398010254,-1.0161218643188477,5,0,0,0.0,0.0
gated_alive:a_001:45369,a_001,45369,2.026702880859375,-37.17703628540039,5,0,0,0.0,0.0
gated_alive:a_001:45397,a_001,45397,3.865330934524536,-45.3028450012207,5,0,0,0.0,0.0
gated_alive:a_001:45504,a_001,45504,4.971964359283447,-46.87249755859375,5,0,0,0.0,0.0
gated_alive:a_001:45528,a_001,45528,16.787551879882812,33.12858200073242,5,0,0,0.0,0.0
gated_alive:a_001:45583,a_001,45583,-28.828338623046875,-20.500232696533203,5,0,0,0.0,0.0
gated_alive:a_001:45666,a_001,45666,48.042724609375,-15.29443073272705,5,0,0,0.0,0.0
gated_alive:a_001:45681,a_001,45681,-49.807315826416016,30.414548873901367,5,0,0,0.0,0.0
gated_alive:a_001:45831,a_001,45831,-43.979949951171875,36.39524841308594,5,0,0,0.0,0.0
gated_alive:a_001:46234,a_001,46234,-2.7052252292633057,56.432945251464844,5,0,0,0.0,0.0
gated_alive:a_001:46321,a_001,46321,3.097233772277832,38.46488952636719,5,0,0,0.0,0.0
gated_alive:a_001:46335,a_001,46335,-25.580121994018555,-15.166380882263184,5,0,0,0.0,0.0
gated_alive:a_001:46602,a_001,46602,18.16254234313965,-53.04475402832031,5,0,0,0.0,0.0
gated_alive:a_001:46665,a_001,46665,7.017978668212891,35.503395080566406,5,0,0,0.0,0.0
gated_alive:a_001:46945,a_001,46945,-52.736881256103516,31.1051082611084,5,0,0,0.0,0.0
gated_alive:a_001:47090,a_001,47090,-45.44681167602539,34.57805252075195,5,0,0,0.0,0.0
gated_alive:a_001:47526,a_001,47526,-48.17477035522461,-43.53627395629883,5,0,0,0.0,0.0
gated_alive:a_001:47699,a_001,47699,-35.64800262451172,54.86503219604492,5,0,0,0.0,0.0
gated_alive:a_001:47795,a_001,47795,-27.590036392211914,-32.41861343383789,5,0,0,0.0,0.0
gated_alive:a_001:47934,a_001,47934,12.644878387451172,15.348485946655273,5,0,0,0.0,0.0
gated_alive:a_001:48236,a_001,48236,25.859033584594727,50.821632385253906,5,0,0,0.0,0.0
gated_alive:a_001:48510,a_001,48510,-32.49683380126953,43.178138732910156,5,0,0,0.0,0.0
gated_alive:a_001:49049,a_001,49049,-33.43392562866211,-4.801187515258789,5,0,0,0.0,0.0
gated_alive:a_001:49115,a_001,49115,45.12441635131836,-14.321578025817871,5,0,0,0.0,0.0
gated_alive:a_001:49280,a_001,49280,-37.87934494018555,-13.725543022155762,5,0,0,0.0,0.0
gated_alive:a_001:49409,a_001,49409,0.4231511652469635,38.03904724121094,5,0,0,0.0,0.0
gated_alive:a_001:49646,a_001,49646,46.79684066772461,-3.9441866874694824,5,0,0,0.0,0.0
gated_alive:a_001:49800,a_001,49800,22.330299377441406,-27.99951934814453,5,0,0,0.0,0.0
gated_alive:a_001:49883,a_001,49883,6.453461647033691,37.64478302001953,5,0,0,0.0,0.0
gated_alive:a_001:50278,a_001,50278,-19.026479721069336,37.3915901184082,5,0,0,0.0,0.0
gated_alive:a_001:50491,a_001,50491,53.72734069824219,-21.80770492553711,5,0,0,0.0,0.0
gated_alive:a_001:51096,a_001,51096,-24.107982635498047,-47.68879699707031,5,0,0,0.0,0.0
gated_alive:a_001:51479,a_001,51479,-1.5078091621398926,-37.706424713134766,5,0,0,0.0,0.0
gated_alive:a_001:51583,a_001,51583,-35.55806350708008,-26.835416793823242,5,0,0,0.0,0.0
gated_alive:a_001:51600,a_001,51600,-6.901845455169678,-38.66788101196289,5,0,0,0.0,0.0
gated_alive:a_001:51693,a_001,51693,6.063879489898682,40.061119079589844,5,0,0,0.0,0.0
gated_alive:a_001:51710,a_001,51710,43.217857360839844,34.760990142822266,5,0,0,0.0,0.0
gated_alive:a_001:52017,a_001,52017,-43.151519775390625,-8.497099876403809,5,0,0,0.0,0.0
gated_alive:a_001:52160,a_001,52160,-37.49128723144531,30.32481575012207,5,0,0,0.0,0.0
gated_alive:a_001:52164,a_001,52164,23.298017501831055,-41.6873893737793,5,0,0,0.0,0.0
gated_alive:a_001:52165,a_001,52165,-13.05813980102539,2.7735235691070557,5,0,0,0.0,0.0
gated_alive:a_001:52202,a_001,52202,50.40171432495117,-9.497673034667969,5,0,0,0.0,0.0
gated_alive:a_001:52700,a_001,52700,-35.38893508911133,-5.234678745269775,5,0,0,0.0,0.0
gated_alive:a_001:53331,a_001,53331,-38.15718460083008,45.51002883911133,5,0,0,0.0,0.0
gated_alive:a_001:53561,a_001,53561,-37.80012130737305,44.2019157409668,5,0,0,0.0,0.0
gated_alive:a_001:53628,a_001,53628,47.66171646118164,26.210683822631836,5,0,0,0.0,0.0
gated_alive:a_001:54164,a_001,54164,-4.5068182945251465,-46.49161911010742,5,0,0,0.0,0.0
gated_alive:a_001:54221,a_001,54221,-0.4534622132778168,62.21077346801758,5,0,0,0.0,0.0
gated_alive:a_001:54263,a_001,54263,18.81107521057129,-14.089442253112793,5,0,0,0.0,0.0
gated_alive:a_001:54385,a_001,54385,9.88427448272705,-49.4155158996582,5,0,0,0.0,0.0
gated_alive:a_001:54430,a_001,54430,-2.249016523361206,-44.886375427246094,5,0,0,0.0,0.0
gated_alive:a_001:54464,a_001,54464,-50.1029052734375,46.64276885986328,5,0,0,0.0,0.0
gated_alive:a_001:54472,a_001,54472,15.474709510803223,-13.192031860351562,5,0,0,0.0,0.0
gated_alive:a_001:54533,a_001,54533,-3.4587337970733643,17.107074737548828,5,0,0,0.0,0.0
gated_alive:a_001:54613,a_001,54613,-25.050861358642578,-32.09696578979492,5,0,0,0.0,0.0
gated_alive:a_001:54700,a_001,54700,-45.602622985839844,33.76667785644531,5,0,0,0.0,0.0
gated_alive:a_001:54772,a_001,54772,3.1106505393981934,-43.68427276611328,5,0,0,0.0,0.0
gated_alive:a_001:54860,a_001,54860,-56.53297424316406,33.29253387451172,5,0,0,0.0,0.0
gated_alive:a_001:55103,a_001,55103,-49.862342834472656,-34.929141998291016,5,0,0,0.0,0.0
gated_alive:a_001:55215,a_001,55215,-24.176918029785156,21.071550369262695,5,0,0,0.0,0.0
gated_alive:a_001:55503,a_001,55503,-40.47419738769531,52.485923767089844,5,0,1,0.0,0.2
gated_alive:a_001:55626,a_001,55626,55.34606170654297,-32.772220611572266,5,0,1,0.0,0.2
gated_alive:a_001:55730,a_001,55730,13.059788703918457,45.456748962402344,5,0,0,0.0,0.0
gated_alive:a_001:55911,a_001,55911,-20.015583038330078,-15.394691467285156,5,0,0,0.0,0.0
gated_alive:a_001:55930,a_001,55930,-24.294391632080078,-42.053096771240234,5,0,0,0.0,0.0
gated_alive:a_001:56073,a_001,56073,-15.282752990722656,-35.7652587890625,5,0,0,0.0,0.0
gated_alive:a_001:56221,a_001,56221,-51.43367385864258,30.579042434692383,5,0,0,0.0,0.0
gated_alive:a_001:57067,a_001,57067,6.1209917068481445,34.673736572265625,5,0,0,0.0,0.0
gated_alive:a_001:57100,a_001,57100,-13.216169357299805,3.3757240772247314,5,0,0,0.0,0.0
gated_alive:a_001:57103,a_001,57103,20.62458038330078,-40.718780517578125,5,0,0,0.0,0.0
gated_alive:a_001:57134,a_001,57134,-37.837886810302734,41.20096206665039,5,0,0,0.0,0.0
gated_alive:a_001:57349,a_001,57349,-23.70999526977539,-49.58987808227539,5,0,0,0.0,0.0
gated_alive:a_001:57358,a_001,57358,30.825294494628906,32.07769775390625,5,0,0,0.0,0.0
gated_alive:a_001:57395,a_001,57395,-11.331924438476562,55.3641357421875,5,0,0,0.0,0.0
gated_alive:a_001:57763,a_001,57763,23.492671966552734,-8.745980262756348,5,0,0,0.0,0.0
gated_alive:a_001:57777,a_001,57777,-41.960201263427734,-3.4889001846313477,5,0,0,0.0,0.0
gated_alive:a_001:58717,a_001,58717,-22.189937591552734,-48.88689422607422,5,0,0,0.0,0.0
gated_alive:a_001:58799,a_001,58799,19.360570907592773,-15.778786659240723,5,0,0,0.0,0.0
gated_alive:a_001:58810,a_001,58810,-2.3804962635040283,-40.205116271972656,5,0,0,0.0,0.0
gated_alive:a_001:58845,a_001,58845,15.069427490234375,-42.3162727355957,5,0,0,0.0,0.0
gated_alive:a_001:59039,a_001,59039,45.81279754638672,44.30242156982422,5,0,0,0.0,0.0
gated_alive:a_001:59191,a_001,59191,-13.622190475463867,3.318922758102417,5,0,0,0.0,0.0
gated_alive:a_001:59207,a_001,59207,49.672115325927734,-38.01430892944336,5,0,0,0.0,0.0
gated_alive:a_001:59232,a_001,59232,47.390174865722656,-16.075836181640625,5,0,0,0.0,0.0
gated_alive:a_001:59518,a_001,59518,-37.26811981201172,34.946998596191406,5,0,0,0.0,0.0
gated_alive:a_001:59716,a_001,59716,38.944000244140625,24.140886306762695,5,0,0,0.0,0.0
gated_alive:a_001:59987,a_001,59987,14.534317970275879,14.93942928314209,5,0,0,0.0,0.0
gated_alive:a_001:60211,a_001,60211,3.597623586654663,-43.55669021606445,5,0,0,0.0,0.0
gated_alive:a_001:60456,a_001,60456,-41.7807502746582,-30.583688735961914,5,0,0,0.0,0.0
gated_alive:a_001:60550,a_001,60550,-42.13454818725586,-28.321203231811523,5,0,0,0.0,0.0
gated_alive:a_001:60760,a_001,60760,-43.97523498535156,-25.133495330810547,5,0,0,0.0,0.0
gated_alive:a_001:60785,a_001,60785,50.31557846069336,23.233131408691406,5,0,0,0.0,0.0
gated_alive:a_001:60869,a_001,60869,-2.257199287414551,-61.25677490234375,5,0,0,0.0,0.0
gated_alive:a_001:60985,a_001,60985,-55.7425422668457,38.173583984375,5,0,0,0.0,0.0
gated_alive:a_001:61387,a_001,61387,25.075347900390625,-13.866558074951172,5,0,0,0.0,0.0
gated_alive:a_001:61393,a_001,61393,-32.46234130859375,-20.781343460083008,5,0,0,0.0,0.0
gated_alive:a_001:61523,a_001,61523,-47.66417694091797,-28.27317237854004,5,0,0,0.0,0.0
gated_alive:a_001:61618,a_001,61618,-8.128588676452637,27.93393898010254,5,0,0,0.0,0.0
gated_alive:a_001:62013,a_001,62013,-30.371706008911133,-33.05685043334961,5,0,0,0.0,0.0
gated_alive:a_001:62061,a_001,62061,-59.148860931396484,-7.153343677520752,5,0,0,0.0,0.0
gated_alive:a_001:62167,a_001,62167,50.81467056274414,-14.29300308227539,5,0,0,0.0,0.0
gated_alive:a_001:62216,a_001,62216,-6.474606990814209,-1.8235480785369873,5,0,0,0.0,0.0
gated_alive:a_001:62242,a_001,62242,-20.8546199798584,-42.17704772949219,5,0,0,0.0,0.0
gated_alive:a_001:62290,a_001,62290,-11.696796417236328,38.97694778442383,5,0,0,0.0,0.0
gated_alive:a_001:62690,a_001,62690,-7.84254264831543,61.9773063659668,5,0,0,0.0,0.0
gated_alive:a_001:62693,a_001,62693,-35.908851623535156,25.49747657775879,5,0,0,0.0,0.0
gated_alive:a_001:62896,a_001,62896,11.490562438964844,37.061683654785156,5,0,0,0.0,0.0
gated_alive:a_001:62981,a_001,62981,52.297645568847656,-11.71732234954834,5,0,0,0.0,0.0
gated_alive:a_001:63016,a_001,63016,11.164813995361328,37.08787536621094,5,0,0,0.0,0.0
gated_alive:a_001:63139,a_001,63139,-20.1390438079834,-47.55840301513672,5,0,0,0.0,0.0
gated_alive:a_001:63264,a_001,63264,14.12030029296875,-13.474491119384766,5,0,0,0.0,0.0
gated_alive:a_001:63329,a_001,63329,11.720203399658203,2.039069652557373,5,0,0,0.0,0.0
gated_alive:a_001:63454,a_001,63454,-24.30492401123047,19.616722106933594,5,0,0,0.0,0.0
gated_alive:a_001:63729,a_001,63729,29.238731384277344,33.68092346191406,5,0,0,0.0,0.0
gated_alive:a_001:63884,a_001,63884,10.938690185546875,-52.585487365722656,5,0,0,0.0,0.0
gated_alive:a_001:63922,a_001,63922,-17.3030948638916,18.879362106323242,5,0,0,0.0,0.0
gated_alive:a_001:63936,a_001,63936,-8.807847023010254,62.274261474609375,5,0,0,0.0,0.0
gated_alive:a_001:63969,a_001,63969,-13.979345321655273,-32.86824417114258,5,0,0,0.0,0.0
gated_alive:a_001:63970,a_001,63970,16.284435272216797,33.812591552734375,5,0,0,0.0,0.0
gated_alive:a_001:64264,a_001,64264,-20.635799407958984,31.21049690246582,5,0,0,0.0,0.0
gated_alive:a_001:64267,a_001,64267,46.714168548583984,-10.481786727905273,5,0,1,0.0,0.2
gated_alive:a_001:64331,a_001,64331,-42.562278747558594,-24.348102569580078,5,0,0,0.0,0.0
gated_alive:a_001:64472,a_001,64472,-31.97754669189453,-51.43327713012695,5,0,0,0.0,0.0
gated_alive:a_001:64582,a_001,64582,-59.26350402832031,-7.103106498718262,5,0,0,0.0,0.0
gated_alive:a_001:64586,a_001,64586,-23.372222900390625,-17.40598487854004,5,0,0,0.0,0.0
gated_alive:a_001:64727,a_001,64727,-50.97684097290039,35.36483383178711,5,0,0,0.0,0.0
gated_alive:a_001:65133,a_001,65133,-20.9440860748291,25.948923110961914,5,0,0,0.0,0.0
gated_alive:a_001:65150,a_001,65150,-42.85303497314453,36.22422409057617,5,0,0,0.0,0.0
gated_alive:a_001:65162,a_001,65162,-15.28647232055664,-21.172658920288086,5,0,0,0.0,0.0
gated_alive:a_001:65284,a_001,65284,56.516300201416016,-6.880892753601074,5,0,0,0.0,0.0
gated_alive:a_001:65584,a_001,65584,23.748098373413086,-29.7180233001709,5,0,1,0.0,0.2
gated_alive:a_001:65923,a_001,65923,-18.380353927612305,24.985929489135742,5,0,0,0.0,0.0
gated_alive:a_001:65942,a_001,65942,-50.20424270629883,13.58780288696289,5,0,0,0.0,0.0
gated_alive:a_001:66140,a_001,66140,-4.643909931182861,26.410846710205078,5,0,0,0.0,0.0
gated_alive:a_001:66195,a_001,66195,-16.326364517211914,-44.668121337890625,5,0,0,0.0,0.0
gated_alive:a_001:66315,a_001,66315,-36.388389587402344,-23.70359230041504,5,0,0,0.0,0.0
gated_alive:a_001:66351,a_001,66351,-12.661298751831055,1.816611409187317,5,0,0,0.0,0.0
gated_alive:a_001:66405,a_001,66405,-27.93307113647461,-22.162586212158203,5,0,0,0.0,0.0
gated_alive:a_001:66741,a_001,66741,-33.87006378173828,-33.04367446899414,5,0,0,0.0,0.0
gated_alive:a_001:67344,a_001,67344,60.31968688964844,-6.29794979095459,5,0,0,0.0,0.0
gated_alive:a_001:67355,a_001,67355,9.038487434387207,59.10328674316406,5,0,0,0.0,0.0
gated_alive:a_001:67751,a_001,67751,-37.27513122558594,-2.959075927734375,5,0,0,0.0,0.0
gated_alive:a_001:67860,a_001,67860,35.66904067993164,17.563127517700195,5,0,3,0.0,0.6
gated_alive:a_001:67940,a_001,67940,6.026679039001465,30.640729904174805,5,0,0,0.0,0.0
gated_alive:a_001:68173,a_001,68173,17.8734073638916,-26.4872989654541,5,0,0,0.0,0.0
gated_alive:a_001:68203,a_001,68203,-30.233909606933594,-19.061941146850586,5,0,0,0.0,0.0
gated_alive:a_001:68221,a_001,68221,58.83354187011719,-12.842456817626953,5,0,0,0.0,0.0
gated_alive:a_001:68266,a_001,68266,15.972073554992676,3.208374261856079,5,0,0,0.0,0.0
gated_alive:a_001:68327,a_001,68327,11.425996780395508,47.205501556396484,5,0,0,0.0,0.0
gated_alive:a_001:68727,a_001,68727,-30.96003532409668,-44.386070251464844,5,0,0,0.0,0.0
gated_alive:a_001:68948,a_001,68948,-12.757808685302734,4.434213638305664,5,0,0,0.0,0.0
gated_alive:a_001:69183,a_001,69183,-9.672074317932129,42.70537185668945,5,0,0,0.0,0.0
gated_alive:a_001:69499,a_001,69499,-37.35495376586914,-27.665904998779297,5,0,0,0.0,0.0
gated_alive:a_001:69707,a_001,69707,40.72926330566406,5.624215126037598,5,0,1,0.0,0.2
gated_alive:a_001:69784,a_001,69784,1.2393674850463867,42.253963470458984,5,0,0,0.0,0.0
gated_alive:a_001:69953,a_001,69953,-17.702022552490234,-14.551119804382324,5,0,0,0.0,0.0
gated_alive:a_001:70072,a_001,70072,57.66902542114258,-21.053504943847656,5,0,0,0.0,0.0
gated_alive:a_001:70143,a_001,70143,-25.952899932861328,-59.84241485595703,5,0,0,0.0,0.0
gated_alive:a_001:70259,a_001,70259,45.578792572021484,22.993762969970703,5,0,0,0.0,0.0
gated_alive:a_001:70260,a_001,70260,16.35521125793457,-47.708560943603516,5,0,0,0.0,0.0
gated_alive:a_001:70290,a_001,70290,14.28807258605957,3.940718412399292,5,0,0,0.0,0.0
gated_alive:a_001:71090,a_001,71090,58.748619079589844,-11.953683853149414,5,0,0,0.0,0.0
gated_alive:a_001:71428,a_001,71428,-13.048299789428711,-17.85025978088379,5,0,0,0.0,0.0
gated_alive:a_001:71906,a_001,71906,-20.116369247436523,-10.22067642211914,5,0,0,0.0,0.0
gated_alive:a_001:72681,a_001,72681,-0.49723684787750244,-52.112327575683594,5,0,0,0.0,0.0
gated_alive:a_001:72852,a_001,72852,25.656902313232422,18.58591651916504,5,0,0,0.0,0.0
gated_alive:a_001:73121,a_001,73121,6.331953525543213,41.36659240722656,5,0,0,0.0,0.0
gated_alive:a_001:73210,a_001,73210,-49.38685607910156,15.459989547729492,5,0,0,0.0,0.0
gated_alive:a_001:73279,a_001,73279,33.696964263916016,-31.202957153320312,5,0,2,0.0,0.4
gated_alive:a_001:73326,a_001,73326,-2.3260679244995117,-49.781986236572266,5,0,0,0.0,0.0
gated_alive:a_001:73430,a_001,73430,-42.553897857666016,34.3446159362793,5,0,0,0.0,0.0
gated_alive:a_001:73570,a_001,73570,-2.348510503768921,-61.46642303466797,5,0,0,0.0,0.0
gated_alive:a_001:73599,a_001,73599,-8.595264434814453,-36.43320083618164,5,0,0,0.0,0.0
gated_alive:a_001:73853,a_001,73853,56.362640380859375,35.237945556640625,5,0,1,0.0,0.2
gated_alive:a_001:74053,a_001,74053,-15.798916816711426,-50.594852447509766,5,0,0,0.0,0.0
gated_alive:a_001:74155,a_001,74155,-14.759551048278809,25.25428009033203,5,0,0,0.0,0.0
gated_alive:a_001:74406,a_001,74406,45.563961029052734,-28.51959228515625,5,0,0,0.0,0.0
gated_alive:a_001:74527,a_001,74527,-6.672093391418457,-30.407817840576172,5,0,0,0.0,0.0
gated_alive:a_001:75226,a_001,75226,-14.311288833618164,-1.8379825353622437,5,0,0,0.0,0.0
gated_alive:a_001:75248,a_001,75248,-20.722423553466797,23.657474517822266,5,0,0,0.0,0.0
gated_alive:a_001:75541,a_001,75541,-5.725634574890137,37.711246490478516,5,0,0,0.0,0.0
gated_alive:a_001:75853,a_001,75853,23.442752838134766,51.958988189697266,5,0,0,0.0,0.0
gated_alive:a_001:75941,a_001,75941,51.52069854736328,-33.16579818725586,5,0,0,0.0,0.0
gated_alive:a_001:76089,a_001,76089,-24.749841690063477,-47.043678283691406,5,0,0,0.0,0.0
gated_alive:a_001:76269,a_001,76269,-47.72688293457031,16.580793380737305,5,0,0,0.0,0.0
gated_alive:a_001:76282,a_001,76282,-29.293506622314453,-12.892428398132324,5,0,0,0.0,0.0
gated_alive:a_001:76303,a_001,76303,26.313016891479492,-40.797821044921875,5,0,0,0.0,0.0
gated_alive:a_001:76782,a_001,76782,55.00518035888672,-10.012834548950195,5,0,0,0.0,0.0
gated_alive:a_001:76818,a_001,76818,7.5095744132995605,-44.47797775268555,5,0,0,0.0,0.0
gated_alive:a_001:76836,a_001,76836,-58.74897003173828,-3.219914197921753,5,0,0,0.0,0.0
gated_alive:a_001:76916,a_001,76916,-2.123131275177002,37.76884078979492,5,0,0,0.0,0.0
gated_alive:a_001:76924,a_001,76924,-25.832096099853516,45.687801361083984,5,0,0,0.0,0.0
gated_alive:a_001:77004,a_001,77004,-49.240081787109375,31.9755916595459,5,0,0,0.0,0.0
gated_alive:a_001:77011,a_001,77011,2.122091054916382,-63.23717498779297,5,0,0,0.0,0.0
gated_alive:a_001:77015,a_001,77015,-35.57548141479492,-16.59856414794922,5,0,0,0.0,0.0
gated_alive:a_001:77112,a_001,77112,-50.989524841308594,31.89491081237793,5,0,0,0.0,0.0
gated_alive:a_001:77910,a_001,77910,14.948465347290039,-37.657127380371094,5,0,0,0.0,0.0
gated_alive:a_001:78294,a_001,78294,-33.59859848022461,-45.948795318603516,5,0,0,0.0,0.0
gated_alive:a_001:78320,a_001,78320,-12.792548179626465,1.8797907829284668,5,0,0,0.0,0.0
gated_alive:a_001:78621,a_001,78621,1.1446776390075684,-40.69554138183594,5,0,0,0.0,0.0
gated_alive:a_001:78695,a_001,78695,-48.90937423706055,30.653291702270508,5,0,0,0.0,0.0
gated_alive:a_001:78713,a_001,78713,-13.052176475524902,6.740562915802002,5,0,0,0.0,0.0
gated_alive:a_001:78898,a_001,78898,-17.215299606323242,-27.295475006103516,5,0,0,0.0,0.0
gated_alive:a_001:79007,a_001,79007,49.56293487548828,35.58372497558594,5,0,0,0.0,0.0
gated_alive:a_001:79138,a_001,79138,15.866179466247559,35.17866134643555,5,0,0,0.0,0.0
gated_alive:a_001:79227,a_001,79227,-31.102882385253906,-34.650638580322266,5,0,0,0.0,0.0
gated_alive:a_001:79471,a_001,79471,-28.705583572387695,-20.49634552001953,5,0,0,0.0,0.0
gated_alive:a_001:79503,a_001,79503,3.353339672088623,-45.28842544555664,5,0,0,0.0,0.0
gated_alive:a_001:79511,a_001,79511,-0.26609987020492554,-62.266212463378906,5,0,0,0.0,0.0
gated_alive:a_001:79662,a_001,79662,-20.811254501342773,-28.68033790588379,5,0,0,0.0,0.0
gated_alive:a_001:79717,a_001,79717,-6.967698097229004,-38.73835754394531,5,0,0,0.0,0.0
gated_alive:a_001:79841,a_001,79841,1.3090686798095703,36.34372329711914,5,0,0,0.0,0.0
gated_alive:a_001:79911,a_001,79911,43.417179107666016,-26.33900260925293,5,0,0,0.0,0.0
gated_alive:a_001:80053,a_001,80053,-11.733719825744629,-39.061031341552734,5,0,0,0.0,0.0
gated_alive:a_001:80108,a_001,80108,-31.639732360839844,-14.018049240112305,5,0,0,0.0,0.0
gated_alive:a_001:80550,a_001,80550,18.906429290771484,53.60493850708008,5,0,0,0.0,0.0
gated_alive:a_001:81242,a_001,81242,3.1010665893554688,-34.07868576049805,5,0,0,0.0,0.0
gated_alive:a_001:81367,a_001,81367,0.21647870540618896,-43.44649887084961,5,0,0,0.0,0.0
gated_alive:a_001:81462,a_001,81462,69.20773315429688,-15.532022476196289,5,0,0,0.0,0.0
gated_alive:a_001:81553,a_001,81553,-34.99982452392578,-34.89333724975586,5,0,0,0.0,0.0
gated_alive:a_001:81665,a_001,81665,-32.08498001098633,-35.67557144165039,5,0,0,0.0,0.0
gated_alive:a_001:82062,a_001,82062,8.020394325256348,59.08131408691406,5,0,0,0.0,0.0
gated_alive:a_001:82157,a_001,82157,-14.960860252380371,8.316728591918945,5,0,0,0.0,0.0
gated_alive:a_001:82173,a_001,82173,-6.321734428405762,-30.129690170288086,5,0,0,0.0,0.0
gated_alive:a_001:82210,a_001,82210,23.791566848754883,-28.635286331176758,5,0,1,0.0,0.2
gated_alive:a_002:340,a_002,340,54.021141052246094,-34.94877624511719,8,0,0,0.0,0.0
gated_alive:a_002:427,a_002,427,2.807706117630005,-19.54434585571289,8,0,0,0.0,0.0
gated_alive:a_002:439,a_002,439,42.06758499145508,-15.32951831817627,8,0,0,0.0,0.0
gated_alive:a_002:448,a_002,448,-2.3112268447875977,-47.104671478271484,8,0,0,0.0,0.0
gated_alive:a_002:695,a_002,695,38.350852966308594,-14.87143611907959,8,0,0,0.0,0.0
gated_alive:a_002:748,a_002,748,23.903661727905273,-35.46601867675781,8,0,0,0.0,0.0
gated_alive:a_002:953,a_002,953,13.275175094604492,-35.58729553222656,8,0,0,0.0,0.0
gated_alive:a_002:1073,a_002,1073,0.7841783761978149,-50.236270904541016,8,0,0,0.0,0.0
gated_alive:a_002:1076,a_002,1076,-5.259882926940918,11.066052436828613,8,0,0,0.0,0.0
gated_alive:a_002:1118,a_002,1118,-16.526735305786133,-50.89099884033203,8,0,0,0.0,0.0
gated_alive:a_002:1370,a_002,1370,-19.891483306884766,23.46747398376465,8,0,0,0.0,0.0
gated_alive:a_002:1514,a_002,1514,-20.867576599121094,23.31892204284668,8,0,0,0.0,0.0
gated_alive:a_002:2095,a_002,2095,-58.51861572265625,-4.705366134643555,8,0,0,0.0,0.0
gated_alive:a_002:2114,a_002,2114,8.185125350952148,-44.662227630615234,8,0,0,0.0,0.0
gated_alive:a_002:2158,a_002,2158,8.241615295410156,-50.39635467529297,8,0,0,0.0,0.0
gated_alive:a_002:2192,a_002,2192,-54.46402359008789,1.6793649196624756,8,0,0,0.0,0.0
gated_alive:a_002:3423,a_002,3423,-2.5721538066864014,30.334882736206055,8,0,0,0.0,0.0
gated_alive:a_002:3605,a_002,3605,47.79757308959961,-31.630823135375977,8,0,0,0.0,0.0
gated_alive:a_002:3610,a_002,3610,-39.50389099121094,39.38020706176758,8,0,0,0.0,0.0
gated_alive:a_002:3640,a_002,3640,-1.134169578552246,-19.213834762573242,8,0,0,0.0,0.0
gated_alive:a_002:4095,a_002,4095,-12.806548118591309,30.306415557861328,8,0,0,0.0,0.0
gated_alive:a_002:4358,a_002,4358,50.36465072631836,-31.42524528503418,8,0,0,0.0,0.0
gated_alive:a_002:4520,a_002,4520,-25.211387634277344,-32.17368698120117,8,0,0,0.0,0.0
gated_alive:a_002:4717,a_002,4717,-22.94283676147461,-40.43523025512695,8,0,0,0.0,0.0
gated_alive:a_002:5030,a_002,5030,-18.303699493408203,24.577266693115234,8,0,0,0.0,0.0
gated_alive:a_002:5216,a_002,5216,-4.611335277557373,-41.83432388305664,8,0,0,0.0,0.0
gated_alive:a_002:5289,a_002,5289,-17.450618743896484,-48.3497200012207,8,0,0,0.0,0.0
gated_alive:a_002:5387,a_002,5387,53.160587310791016,-24.260210037231445,8,0,0,0.0,0.0
gated_alive:a_002:5458,a_002,5458,0.8352264761924744,31.750389099121094,8,0,0,0.0,0.0
gated_alive:a_002:5562,a_002,5562,-15.387025833129883,-15.715656280517578,8,0,0,0.0,0.0
gated_alive:a_002:6126,a_002,6126,-42.11713409423828,25.96194076538086,8,0,0,0.0,0.0
gated_alive:a_002:6885,a_002,6885,2.4293582439422607,-44.785274505615234,8,0,0,0.0,0.0
gated_alive:a_002:7573,a_002,7573,3.6606831550598145,32.321128845214844,8,0,0,0.0,0.0
gated_alive:a_002:7905,a_002,7905,8.525169372558594,-47.45101547241211,8,0,0,0.0,0.0
gated_alive:a_002:7987,a_002,7987,-50.94081115722656,35.24851608276367,8,0,0,0.0,0.0
gated_alive:a_002:8171,a_002,8171,-28.4161376953125,20.026636123657227,8,0,0,0.0,0.0
gated_alive:a_002:8208,a_002,8208,-48.844200134277344,-28.03752326965332,8,0,0,0.0,0.0
gated_alive:a_002:8233,a_002,8233,71.22978210449219,-18.20841407775879,8,0,0,0.0,0.0
gated_alive:a_002:8819,a_002,8819,23.082292556762695,-43.08271026611328,8,0,0,0.0,0.0
gated_alive:a_002:8925,a_002,8925,5.553743362426758,24.648517608642578,8,0,0,0.0,0.0
gated_alive:a_002:8938,a_002,8938,-14.367627143859863,59.6505241394043,8,0,0,0.0,0.0
gated_alive:a_002:9101,a_002,9101,-19.893280029296875,-15.534506797790527,8,0,0,0.0,0.0
gated_alive:a_002:9504,a_002,9504,-35.15401077270508,28.442293167114258,8,0,0,0.0,0.0
gated_alive:a_002:9609,a_002,9609,-0.39516961574554443,52.27931594848633,8,0,0,0.0,0.0
gated_alive:a_002:9856,a_002,9856,35.3325309753418,16.243932723999023,8,0,0,0.0,0.0
gated_alive:a_002:10063,a_002,10063,23.195751190185547,-27.911943435668945,8,0,0,0.0,0.0
gated_alive:a_002:10442,a_002,10442,57.016571044921875,-22.500904083251953,8,0,0,0.0,0.0
gated_alive:a_002:10698,a_002,10698,-17.86920928955078,-15.667906761169434,8,0,0,0.0,0.0
gated_alive:a_002:10749,a_002,10749,18.20566177368164,33.81364822387695,8,0,0,0.0,0.0
gated_alive:a_002:10827,a_002,10827,10.488504409790039,67.73179626464844,8,0,0,0.0,0.0
gated_alive:a_002:11074,a_002,11074,-2.7126057147979736,-43.41997146606445,8,0,0,0.0,0.0
gated_alive:a_002:11307,a_002,11307,-11.09829330444336,-36.2151985168457,8,0,0,0.0,0.0
gated_alive:a_002:11375,a_002,11375,-29.275604248046875,-42.00696563720703,8,0,0,0.0,0.0
gated_alive:a_002:12512,a_002,12512,-36.65018844604492,-1.9588825702667236,8,0,0,0.0,0.0
gated_alive:a_002:12526,a_002,12526,2.5897319316864014,-52.0344123840332,8,0,0,0.0,0.0
gated_alive:a_002:12584,a_002,12584,22.533679962158203,-37.9002571105957,8,0,0,0.0,0.0
gated_alive:a_002:12783,a_002,12783,-6.466663360595703,34.470001220703125,8,0,0,0.0,0.0
gated_alive:a_002:12851,a_002,12851,11.572748184204102,-50.79473876953125,8,0,0,0.0,0.0
gated_alive:a_002:12894,a_002,12894,3.9129905700683594,-47.44642639160156,8,0,0,0.0,0.0
gated_alive:a_002:13239,a_002,13239,-6.230116844177246,-44.91319274902344,8,0,0,0.0,0.0
gated_alive:a_002:13600,a_002,13600,-46.30329132080078,28.547725677490234,8,0,0,0.0,0.0
gated_alive:a_002:13635,a_002,13635,8.342493057250977,-42.857295989990234,8,0,0,0.0,0.0
gated_alive:a_002:13719,a_002,13719,-2.1760106086730957,-47.18352127075195,8,0,0,0.0,0.0
gated_alive:a_002:13723,a_002,13723,51.89036178588867,-8.937257766723633,8,0,0,0.0,0.0
gated_alive:a_002:13765,a_002,13765,-36.84935760498047,-3.3065857887268066,8,0,0,0.0,0.0
gated_alive:a_002:14228,a_002,14228,42.80928039550781,-17.321901321411133,8,0,0,0.0,0.0
gated_alive:a_002:15057,a_002,15057,-34.49919509887695,-3.240814685821533,8,0,0,0.0,0.0
gated_alive:a_002:15336,a_002,15336,3.3491363525390625,37.258819580078125,8,0,0,0.0,0.0
gated_alive:a_002:15634,a_002,15634,11.410055160522461,-0.6901190280914307,8,0,0,0.0,0.0
gated_alive:a_002:15756,a_002,15756,-32.248512268066406,-15.335846900939941,8,0,0,0.0,0.0
gated_alive:a_002:15812,a_002,15812,4.198796272277832,-35.217220306396484,8,0,0,0.0,0.0
gated_alive:a_002:15868,a_002,15868,-56.611690521240234,-38.31536865234375,8,0,0,0.0,0.0
gated_alive:a_002:15938,a_002,15938,14.521178245544434,-36.31401824951172,8,0,0,0.0,0.0
gated_alive:a_002:15953,a_002,15953,-44.545467376708984,-32.527706146240234,8,0,0,0.0,0.0
gated_alive:a_002:16238,a_002,16238,-1.120638370513916,-38.10880661010742,8,0,0,0.0,0.0
gated_alive:a_002:16245,a_002,16245,-32.223060607910156,-33.66621780395508,8,0,0,0.0,0.0
gated_alive:a_002:16305,a_002,16305,58.68344497680664,-8.295531272888184,8,0,0,0.0,0.0
gated_alive:a_002:16346,a_002,16346,10.036584854125977,-19.276533126831055,8,0,0,0.0,0.0
gated_alive:a_002:16603,a_002,16603,-36.437381744384766,-34.037105560302734,8,0,0,0.0,0.0
gated_alive:a_002:17179,a_002,17179,49.275814056396484,-33.14692306518555,8,1,4,0.125,0.5
gated_alive:a_002:17225,a_002,17225,47.19977951049805,26.214988708496094,8,0,0,0.0,0.0
gated_alive:a_002:17789,a_002,17789,-19.537487030029297,-44.09693908691406,8,0,0,0.0,0.0
gated_alive:a_002:17793,a_002,17793,49.664310455322266,-37.28684616088867,8,0,1,0.0,0.125
gated_alive:a_002:17872,a_002,17872,-22.53795623779297,-19.434627532958984,8,0,0,0.0,0.0
gated_alive:a_002:17880,a_002,17880,13.105631828308105,-17.062686920166016,8,0,0,0.0,0.0
gated_alive:a_002:18066,a_002,18066,41.79987716674805,-14.184372901916504,8,0,0,0.0,0.0
gated_alive:a_002:18158,a_002,18158,51.59427261352539,-33.929813385009766,8,0,0,0.0,0.0
gated_alive:a_002:18414,a_002,18414,-20.361534118652344,-49.62026596069336,8,0,0,0.0,0.0
gated_alive:a_002:18449,a_002,18449,-20.41392707824707,20.942955017089844,8,0,0,0.0,0.0
gated_alive:a_002:18702,a_002,18702,71.54409790039062,-21.775949478149414,8,0,0,0.0,0.0
gated_alive:a_002:18843,a_002,18843,-18.23651123046875,-14.854171752929688,8,0,0,0.0,0.0
gated_alive:a_002:18907,a_002,18907,2.49874210357666,-49.280643463134766,8,0,0,0.0,0.0
gated_alive:a_002:19799,a_002,19799,13.960841178894043,36.1786994934082,8,0,0,0.0,0.0
gated_alive:a_002:20210,a_002,20210,3.555408477783203,-44.7489013671875,8,0,0,0.0,0.0
gated_alive:a_002:20415,a_002,20415,51.93770980834961,-39.6169319152832,8,0,0,0.0,0.0
gated_alive:a_002:20909,a_002,20909,-43.22047424316406,-41.54124069213867,8,0,0,0.0,0.0
gated_alive:a_002:21800,a_002,21800,15.747821807861328,48.32606506347656,8,0,0,0.0,0.0
gated_alive:a_002:21801,a_002,21801,53.89536666870117,-35.5659065246582,8,5,3,0.625,0.375
gated_alive:a_002:22300,a_002,22300,-29.228622436523438,-27.159494400024414,8,0,0,0.0,0.0
gated_alive:a_002:22387,a_002,22387,-23.752105712890625,-16.947324752807617,8,0,0,0.0,0.0
gated_alive:a_002:22406,a_002,22406,7.394056797027588,-48.82381057739258,8,0,0,0.0,0.0
gated_alive:a_002:22788,a_002,22788,-44.57231140136719,51.4361686706543,8,0,0,0.0,0.0
gated_alive:a_002:23079,a_002,23079,10.769795417785645,-37.52473449707031,8,0,0,0.0,0.0
gated_alive:a_002:23585,a_002,23585,-20.899368286132812,-18.1588134765625,8,0,0,0.0,0.0
gated_alive:a_002:23633,a_002,23633,2.6305341720581055,-55.347293853759766,8,0,0,0.0,0.0
gated_alive:a_002:23663,a_002,23663,46.0921745300293,21.997356414794922,8,0,0,0.0,0.0
gated_alive:a_002:23691,a_002,23691,0.7110716700553894,-14.195341110229492,8,0,0,0.0,0.0
gated_alive:a_002:23908,a_002,23908,41.624019622802734,-16.795318603515625,8,0,0,0.0,0.0
gated_alive:a_002:24170,a_002,24170,6.083810806274414,-27.76813316345215,8,0,0,0.0,0.0
gated_alive:a_002:24218,a_002,24218,51.30918502807617,-35.81711959838867,8,0,7,0.0,0.875
gated_alive:a_002:24253,a_002,24253,54.1120719909668,-35.539527893066406,8,1,4,0.125,0.5
gated_alive:a_002:24895,a_002,24895,-23.067270278930664,-52.35841751098633,8,0,0,0.0,0.0
gated_alive:a_002:25139,a_002,25139,41.10952377319336,-23.679025650024414,8,0,0,0.0,0.0
gated_alive:a_002:25627,a_002,25627,-2.6849355697631836,-33.89948654174805,8,0,0,0.0,0.0
gated_alive:a_002:26135,a_002,26135,39.13648223876953,-37.01000213623047,8,0,0,0.0,0.0
gated_alive:a_002:26483,a_002,26483,51.76649856567383,-34.071170806884766,8,0,0,0.0,0.0
gated_alive:a_002:26698,a_002,26698,-25.159317016601562,-52.221595764160156,8,0,0,0.0,0.0
gated_alive:a_002:27056,a_002,27056,52.1209602355957,-35.09397506713867,8,0,0,0.0,0.0
gated_alive:a_002:27954,a_002,27954,0.293256938457489,36.60634994506836,8,0,0,0.0,0.0
gated_alive:a_002:28421,a_002,28421,50.661556243896484,-33.816585540771484,8,0,0,0.0,0.0
gated_alive:a_002:28469,a_002,28469,5.7108235359191895,24.945798873901367,8,0,0,0.0,0.0
gated_alive:a_002:28658,a_002,28658,-40.63264846801758,-23.817121505737305,8,0,0,0.0,0.0
gated_alive:a_002:28801,a_002,28801,5.662691116333008,-50.731903076171875,8,0,0,0.0,0.0
gated_alive:a_002:28836,a_002,28836,-58.18661117553711,-3.669135332107544,8,0,0,0.0,0.0
gated_alive:a_002:28857,a_002,28857,63.96773910522461,-27.791807174682617,8,0,0,0.0,0.0
gated_alive:a_002:28971,a_002,28971,48.04811096191406,-13.425395965576172,8,0,0,0.0,0.0
gated_alive:a_002:29275,a_002,29275,-35.53059387207031,40.05327224731445,8,0,0,0.0,0.0
gated_alive:a_002:29512,a_002,29512,-42.53645324707031,14.8871431350708,8,0,0,0.0,0.0
gated_alive:a_002:29807,a_002,29807,-24.162864685058594,12.899474143981934,8,0,0,0.0,0.0
gated_alive:a_002:30024,a_002,30024,24.777315139770508,-46.4847412109375,8,0,0,0.0,0.0
gated_alive:a_002:30028,a_002,30028,14.559398651123047,-37.80001449584961,8,0,0,0.0,0.0
gated_alive:a_002:30034,a_002,30034,-20.498401641845703,52.33590316772461,8,0,0,0.0,0.0
gated_alive:a_002:30054,a_002,30054,59.138275146484375,6.014205455780029,8,0,0,0.0,0.0
gated_alive:a_002:30371,a_002,30371,-28.462268829345703,-29.401721954345703,8,0,0,0.0,0.0
gated_alive:a_002:30390,a_002,30390,53.60603332519531,-34.47014236450195,8,0,0,0.0,0.0
gated_alive:a_002:30486,a_002,30486,7.498633861541748,52.116024017333984,8,0,0,0.0,0.0
gated_alive:a_002:30515,a_002,30515,41.338226318359375,-26.862680435180664,8,0,0,0.0,0.0
gated_alive:a_002:30592,a_002,30592,26.521663665771484,-46.16305160522461,8,0,0,0.0,0.0
gated_alive:a_002:30695,a_002,30695,3.4952125549316406,16.462486267089844,8,0,0,0.0,0.0
gated_alive:a_002:30731,a_002,30731,58.20895004272461,-9.704827308654785,8,0,0,0.0,0.0
gated_alive:a_002:30779,a_002,30779,52.15543746948242,-32.70753860473633,8,0,0,0.0,0.0
gated_alive:a_002:31151,a_002,31151,4.333366870880127,-42.30642318725586,8,0,0,0.0,0.0
gated_alive:a_002:31290,a_002,31290,8.187568664550781,-13.180909156799316,8,0,0,0.0,0.0
gated_alive:a_002:32184,a_002,32184,27.105175018310547,-41.9330940246582,8,0,0,0.0,0.0
gated_alive:a_002:32350,a_002,32350,-31.88820457458496,-18.181001663208008,8,0,0,0.0,0.0
gated_alive:a_002:32362,a_002,32362,49.85486602783203,-38.00151824951172,8,1,4,0.125,0.5
gated_alive:a_002:32573,a_002,32573,-21.81830406188965,-48.271060943603516,8,0,0,0.0,0.0
gated_alive:a_002:32755,a_002,32755,-26.7434139251709,-17.314512252807617,8,0,0,0.0,0.0
gated_alive:a_002:32781,a_002,32781,13.52619457244873,31.419261932373047,8,0,0,0.0,0.0
gated_alive:a_002:32885,a_002,32885,52.76725387573242,-36.46543502807617,8,1,5,0.125,0.625
gated_alive:a_002:33075,a_002,33075,19.86725425720215,-31.658674240112305,8,0,0,0.0,0.0
gated_alive:a_002:33302,a_002,33302,43.38264846801758,-37.6558952331543,8,0,1,0.0,0.125
gated_alive:a_002:33911,a_002,33911,22.668109893798828,-20.464920043945312,8,0,0,0.0,0.0
gated_alive:a_002:34051,a_002,34051,1.9250577688217163,-51.690250396728516,8,0,0,0.0,0.0
gated_alive:a_002:34569,a_002,34569,35.62663650512695,-39.310646057128906,8,0,2,0.0,0.25
gated_alive:a_002:34735,a_002,34735,13.51408576965332,-41.467220306396484,8,0,0,0.0,0.0
gated_alive:a_002:34855,a_002,34855,15.332345962524414,33.786415100097656,8,0,0,0.0,0.0
gated_alive:a_002:34971,a_002,34971,14.58250904083252,47.77775573730469,8,0,0,0.0,0.0
gated_alive:a_002:35048,a_002,35048,2.0184454917907715,-22.10098648071289,8,0,0,0.0,0.0
gated_alive:a_002:35352,a_002,35352,1.1131514310836792,-48.469539642333984,8,0,0,0.0,0.0
gated_alive:a_002:35618,a_002,35618,-47.50978469848633,38.618587493896484,8,0,0,0.0,0.0
gated_alive:a_002:35705,a_002,35705,-41.69048309326172,14.925341606140137,8,0,0,0.0,0.0
gated_alive:a_002:35713,a_002,35713,50.920162200927734,-25.200725555419922,8,0,0,0.0,0.0
gated_alive:a_002:36352,a_002,36352,28.347721099853516,51.0510139465332,8,0,0,0.0,0.0
gated_alive:a_002:36601,a_002,36601,1.0771456956863403,-27.615800857543945,8,0,0,0.0,0.0
gated_alive:a_002:36819,a_002,36819,47.16283416748047,-4.631953239440918,8,0,0,0.0,0.0
gated_alive:a_002:36859,a_002,36859,-2.1038389205932617,-33.287532806396484,8,0,0,0.0,0.0
gated_alive:a_002:37392,a_002,37392,18.47630500793457,-20.11713218688965,8,0,0,0.0,0.0
gated_alive:a_002:37531,a_002,37531,36.90314483642578,-36.916412353515625,8,0,0,0.0,0.0
gated_alive:a_002:37634,a_002,37634,36.08184051513672,-42.52043533325195,8,0,0,0.0,0.0
gated_alive:a_002:37682,a_002,37682,12.835187911987305,-35.39924240112305,8,0,0,0.0,0.0
gated_alive:a_002:38097,a_002,38097,53.8294563293457,-27.380741119384766,8,0,0,0.0,0.0
gated_alive:a_002:38640,a_002,38640,-4.996272563934326,-32.243072509765625,8,0,0,0.0,0.0
gated_alive:a_002:38714,a_002,38714,41.15239334106445,-13.42842960357666,8,0,0,0.0,0.0
gated_alive:a_002:38785,a_002,38785,33.44721603393555,-25.257902145385742,8,0,0,0.0,0.0
gated_alive:a_002:39003,a_002,39003,25.142831802368164,-43.34244918823242,8,0,0,0.0,0.0
gated_alive:a_002:39118,a_002,39118,53.99151611328125,32.12160110473633,8,0,0,0.0,0.0
gated_alive:a_002:39178,a_002,39178,11.130634307861328,-30.58904457092285,8,0,0,0.0,0.0
gated_alive:a_002:39410,a_002,39410,-27.60218048095703,-16.518632888793945,8,0,0,0.0,0.0
gated_alive:a_002:39627,a_002,39627,17.883014678955078,-26.356218338012695,8,0,0,0.0,0.0
gated_alive:a_002:39705,a_002,39705,-25.782447814941406,6.2446675300598145,8,0,0,0.0,0.0
gated_alive:a_002:39805,a_002,39805,-5.40013313293457,-51.91643142700195,8,0,0,0.0,0.0
gated_alive:a_002:40093,a_002,40093,-53.2821159362793,18.119049072265625,8,0,0,0.0,0.0
gated_alive:a_002:40525,a_002,40525,36.02391815185547,-36.62256622314453,8,0,0,0.0,0.0
gated_alive:a_002:40956,a_002,40956,41.422218322753906,-29.91190528869629,8,0,0,0.0,0.0
gated_alive:a_002:41604,a_002,41604,27.422958374023438,-31.868186950683594,8,0,0,0.0,0.0
gated_alive:a_002:41928,a_002,41928,47.834896087646484,-35.83658981323242,8,0,1,0.0,0.125
gated_alive:a_002:41962,a_002,41962,-49.4935188293457,17.26943588256836,8,0,0,0.0,0.0
gated_alive:a_002:42356,a_002,42356,19.87701988220215,-13.368395805358887,8,0,0,0.0,0.0
gated_alive:a_002:42448,a_002,42448,-3.7181155681610107,-36.2686767578125,8,0,0,0.0,0.0
gated_alive:a_002:42733,a_002,42733,-15.451932907104492,57.18638229370117,8,0,0,0.0,0.0
gated_alive:a_002:42935,a_002,42935,-41.655452728271484,32.70402526855469,8,0,0,0.0,0.0
gated_alive:a_002:43088,a_002,43088,-1.38205087184906,-42.06254959106445,8,0,0,0.0,0.0
gated_alive:a_002:43118,a_002,43118,-8.18776798248291,28.30098533630371,8,0,0,0.0,0.0
gated_alive:a_002:43175,a_002,43175,-34.11455154418945,-30.62506866455078,8,0,0,0.0,0.0
gated_alive:a_002:43207,a_002,43207,0.36364737153053284,-29.097803115844727,8,0,0,0.0,0.0
gated_alive:a_002:43248,a_002,43248,-39.34054183959961,10.660429000854492,8,0,0,0.0,0.0
gated_alive:a_002:43360,a_002,43360,-13.150198936462402,13.912376403808594,8,0,0,0.0,0.0
gated_alive:a_002:43862,a_002,43862,-30.80289077758789,29.044021606445312,8,0,0,0.0,0.0
gated_alive:a_002:44069,a_002,44069,-31.513071060180664,-29.661258697509766,8,0,0,0.0,0.0
gated_alive:a_002:44511,a_002,44511,9.111584663391113,-51.335121154785156,8,0,0,0.0,0.0
gated_alive:a_002:44575,a_002,44575,50.38960266113281,-31.740406036376953,8,0,0,0.0,0.0
gated_alive:a_002:44653,a_002,44653,49.557212829589844,-33.019752502441406,8,2,6,0.25,0.75
gated_alive:a_002:44709,a_002,44709,72.29999542236328,-18.752197265625,8,0,0,0.0,0.0
gated_alive:a_002:45062,a_002,45062,7.644835472106934,-37.662803649902344,8,0,0,0.0,0.0
gated_alive:a_002:45126,a_002,45126,3.2013134956359863,-48.2435302734375,8,0,0,0.0,0.0
gated_alive:a_002:45252,a_002,45252,5.209594249725342,-34.5171012878418,8,0,0,0.0,0.0
gated_alive:a_002:45267,a_002,45267,2.550088405609131,-48.29695129394531,8,0,0,0.0,0.0
gated_alive:a_002:45415,a_002,45415,-26.432353973388672,-25.319963455200195,8,0,0,0.0,0.0
gated_alive:a_002:45490,a_002,45490,35.33478927612305,16.213356018066406,8,0,0,0.0,0.0
gated_alive:a_002:45536,a_002,45536,66.73417663574219,-25.866291046142578,8,0,0,0.0,0.0
gated_alive:a_002:45791,a_002,45791,13.348832130432129,28.867334365844727,8,0,0,0.0,0.0
gated_alive:a_002:46260,a_002,46260,59.42817687988281,-8.20854377746582,8,0,0,0.0,0.0
gated_alive:a_002:46484,a_002,46484,39.38691711425781,-28.77280044555664,8,0,0,0.0,0.0
gated_alive:a_002:46904,a_002,46904,2.032975435256958,-37.1087532043457,8,0,0,0.0,0.0
gated_alive:a_002:47077,a_002,47077,-10.970519065856934,56.76945877075195,8,0,0,0.0,0.0
gated_alive:a_002:47085,a_002,47085,50.78709411621094,-35.97529220581055,8,0,2,0.0,0.25
gated_alive:a_002:47921,a_002,47921,9.186264038085938,22.310043334960938,8,0,0,0.0,0.0
gated_alive:a_002:48234,a_002,48234,-54.50564193725586,28.664175033569336,8,0,0,0.0,0.0
gated_alive:a_002:48341,a_002,48341,1.7202112674713135,30.09109115600586,8,0,0,0.0,0.0
gated_alive:a_002:48615,a_002,48615,19.682722091674805,-46.65774917602539,8,0,0,0.0,0.0
gated_alive:a_002:48630,a_002,48630,-24.187807083129883,-31.66559410095215,8,0,0,0.0,0.0
gated_alive:a_002:48950,a_002,48950,40.73421859741211,-27.908958435058594,8,0,0,0.0,0.0
gated_alive:a_002:49006,a_002,49006,15.46017074584961,47.25152587890625,8,0,0,0.0,0.0
gated_alive:a_002:49095,a_002,49095,-20.32369613647461,-18.15350914001465,8,0,0,0.0,0.0
gated_alive:a_002:49253,a_002,49253,-5.514472007751465,15.956648826599121,8,0,0,0.0,0.0
gated_alive:a_002:49531,a_002,49531,-19.11810302734375,-42.31488800048828,8,0,0,0.0,0.0
gated_alive:a_002:50060,a_002,50060,46.376953125,-38.58790969848633,8,0,2,0.0,0.25
gated_alive:a_002:50670,a_002,50670,-27.605865478515625,-43.819419860839844,8,0,0,0.0,0.0
gated_alive:a_002:50856,a_002,50856,-23.255308151245117,44.4848518371582,8,0,0,0.0,0.0
gated_alive:a_002:51604,a_002,51604,-32.83017349243164,-31.303937911987305,8,0,0,0.0,0.0
gated_alive:a_002:51684,a_002,51684,-9.266887664794922,-42.25822830200195,8,0,0,0.0,0.0
gated_alive:a_002:51774,a_002,51774,54.017906188964844,36.590579986572266,8,0,0,0.0,0.0
gated_alive:a_002:52205,a_002,52205,50.121315002441406,-22.164670944213867,8,0,0,0.0,0.0
gated_alive:a_002:52210,a_002,52210,-0.9509011507034302,-51.53923797607422,8,0,0,0.0,0.0
gated_alive:a_002:52316,a_002,52316,10.323614120483398,42.71072006225586,8,0,0,0.0,0.0
gated_alive:a_002:52340,a_002,52340,-35.92545700073242,32.760868072509766,8,0,0,0.0,0.0
gated_alive:a_002:52491,a_002,52491,-36.66735076904297,-31.710905075073242,8,0,0,0.0,0.0
gated_alive:a_002:52612,a_002,52612,53.2469482421875,34.546295166015625,8,0,0,0.0,0.0
gated_alive:a_002:52689,a_002,52689,49.83784484863281,-20.037342071533203,8,0,0,0.0,0.0
gated_alive:a_002:52815,a_002,52815,-51.38307189941406,30.650182723999023,8,0,0,0.0,0.0
gated_alive:a_002:53161,a_002,53161,49.7888298034668,-19.061033248901367,8,0,0,0.0,0.0
gated_alive:a_002:53416,a_002,53416,-6.806046009063721,-31.448972702026367,8,0,0,0.0,0.0
gated_alive:a_002:53558,a_002,53558,0.03551777824759483,57.374229431152344,8,0,0,0.0,0.0
gated_alive:a_002:53579,a_002,53579,3.596648693084717,-55.63800811767578,8,0,0,0.0,0.0
gated_alive:a_002:53958,a_002,53958,70.3690414428711,-18.969175338745117,8,0,0,0.0,0.0
gated_alive:a_002:53965,a_002,53965,-56.824764251708984,37.609291076660156,8,0,0,0.0,0.0
gated_alive:a_002:54017,a_002,54017,60.867977142333984,-7.6104583740234375,8,0,0,0.0,0.0
gated_alive:a_002:54058,a_002,54058,-24.08688735961914,55.71387481689453,8,0,0,0.0,0.0
gated_alive:a_002:54258,a_002,54258,19.61128044128418,-40.95253372192383,8,0,0,0.0,0.0
gated_alive:a_002:54369,a_002,54369,19.12412452697754,-17.772216796875,8,0,0,0.0,0.0
gated_alive:a_002:54412,a_002,54412,-54.48341751098633,33.788841247558594,8,0,0,0.0,0.0
gated_alive:a_002:54457,a_002,54457,-37.72955322265625,-28.321273803710938,8,0,0,0.0,0.0
gated_alive:a_002:54865,a_002,54865,20.199552536010742,-43.19046401977539,8,0,0,0.0,0.0
gated_alive:a_002:54869,a_002,54869,9.121245384216309,-12.476300239562988,8,0,0,0.0,0.0
gated_alive:a_002:55682,a_002,55682,46.92353057861328,-3.889458417892456,8,0,0,0.0,0.0
gated_alive:a_002:56232,a_002,56232,12.174764633178711,-30.99147605895996,8,0,0,0.0,0.0
gated_alive:a_002:56983,a_002,56983,-1.294215440750122,-42.177127838134766,8,0,0,0.0,0.0
gated_alive:a_002:57219,a_002,57219,-21.230266571044922,23.827327728271484,8,0,0,0.0,0.0
gated_alive:a_002:57690,a_002,57690,-2.336778402328491,-46.29661178588867,8,0,0,0.0,0.0
gated_alive:a_002:57901,a_002,57901,-7.373626708984375,27.74968147277832,8,0,0,0.0,0.0
gated_alive:a_002:57906,a_002,57906,51.25825119018555,-35.1963996887207,8,0,0,0.0,0.0
gated_alive:a_002:57912,a_002,57912,-4.294061660766602,56.24540710449219,8,0,0,0.0,0.0
gated_alive:a_002:58122,a_002,58122,-42.041259765625,-28.69070053100586,8,0,0,0.0,0.0
gated_alive:a_002:58150,a_002,58150,-6.787851810455322,17.50261878967285,8,0,0,0.0,0.0
gated_alive:a_002:58152,a_002,58152,-22.46383285522461,-24.09000015258789,8,0,0,0.0,0.0
gated_alive:a_002:58191,a_002,58191,45.27036666870117,28.598695755004883,8,0,0,0.0,0.0
gated_alive:a_002:58387,a_002,58387,5.403189659118652,-41.56943893432617,8,0,0,0.0,0.0
gated_alive:a_002:58400,a_002,58400,3.9215598106384277,56.4228630065918,8,0,0,0.0,0.0
gated_alive:a_002:58509,a_002,58509,-5.77941370010376,-38.46747589111328,8,0,0,0.0,0.0
gated_alive:a_002:59061,a_002,59061,-51.205623626708984,35.89455795288086,8,0,0,0.0,0.0
gated_alive:a_002:59419,a_002,59419,32.090919494628906,-33.476783752441406,8,0,0,0.0,0.0
gated_alive:a_002:59637,a_002,59637,4.008749485015869,36.41388702392578,8,0,0,0.0,0.0
gated_alive:a_002:59894,a_002,59894,48.730281829833984,-12.679710388183594,8,0,0,0.0,0.0
gated_alive:a_002:59952,a_002,59952,20.36045265197754,-27.39061737060547,8,0,0,0.0,0.0
gated_alive:a_002:60635,a_002,60635,47.651283264160156,-15.580737113952637,8,0,0,0.0,0.0
gated_alive:a_002:60662,a_002,60662,8.860983848571777,-47.649322509765625,8,0,0,0.0,0.0
gated_alive:a_002:60736,a_002,60736,47.99034118652344,-32.0200080871582,8,0,0,0.0,0.0
gated_alive:a_002:61127,a_002,61127,48.10186767578125,-35.59337615966797,8,0,0,0.0,0.0
gated_alive:a_002:61145,a_002,61145,64.93021392822266,-25.557872772216797,8,0,0,0.0,0.0
gated_alive:a_002:61496,a_002,61496,-43.26405715942383,-41.58100891113281,8,0,0,0.0,0.0
gated_alive:a_002:61715,a_002,61715,14.662517547607422,-48.10791778564453,8,0,0,0.0,0.0
gated_alive:a_002:61884,a_002,61884,-56.44798278808594,16.662076950073242,8,0,0,0.0,0.0
gated_alive:a_002:62200,a_002,62200,39.60844039916992,-27.748416900634766,8,0,0,0.0,0.0
gated_alive:a_002:62259,a_002,62259,8.209505081176758,-42.55897903442383,8,0,0,0.0,0.0
gated_alive:a_002:62610,a_002,62610,-23.057111740112305,-43.85736846923828,8,0,0,0.0,0.0
gated_alive:a_002:62613,a_002,62613,29.76991844177246,-12.43211841583252,8,0,0,0.0,0.0
gated_alive:a_002:62796,a_002,62796,27.936725616455078,20.26889991760254,8,0,0,0.0,0.0
gated_alive:a_002:63280,a_002,63280,36.72780990600586,-25.770463943481445,8,0,0,0.0,0.0
gated_alive:a_002:63417,a_002,63417,-0.41756269335746765,-19.382061004638672,8,0,0,0.0,0.0
gated_alive:a_002:63563,a_002,63563,23.467763900756836,-43.15243911743164,8,0,0,0.0,0.0
gated_alive:a_002:63951,a_002,63951,-39.081905364990234,37.190185546875,8,0,0,0.0,0.0
gated_alive:a_002:64211,a_002,64211,22.438610076904297,0.08408637344837189,8,0,0,0.0,0.0
gated_alive:a_002:64394,a_002,64394,10.161896705627441,43.366676330566406,8,0,0,0.0,0.0
gated_alive:a_002:64953,a_002,64953,13.39796257019043,-32.31748962402344,8,0,0,0.0,0.0
gated_alive:a_002:65031,a_002,65031,26.186010360717773,20.046937942504883,8,0,0,0.0,0.0
gated_alive:a_002:65292,a_002,65292,58.432926177978516,5.5896148681640625,8,0,0,0.0,0.0
gated_alive:a_002:65441,a_002,65441,23.87679672241211,-21.071918487548828,8,0,0,0.0,0.0
gated_alive:a_002:65564,a_002,65564,-32.870689392089844,-18.344751358032227,8,0,0,0.0,0.0
gated_alive:a_002:65733,a_002,65733,-15.361126899719238,17.17842674255371,8,0,0,0.0,0.0
gated_alive:a_002:65920,a_002,65920,-30.263700485229492,-14.863229751586914,8,0,0,0.0,0.0
gated_alive:a_002:66036,a_002,66036,4.264338970184326,27.565826416015625,8,0,0,0.0,0.0
gated_alive:a_002:67098,a_002,67098,-32.63754653930664,-30.74041748046875,8,0,0,0.0,0.0
gated_alive:a_002:67366,a_002,67366,-22.48915672302246,21.75796890258789,8,0,0,0.0,0.0
gated_alive:a_002:68050,a_002,68050,48.61699295043945,21.669288635253906,8,0,0,0.0,0.0
gated_alive:a_002:68481,a_002,68481,22.246479034423828,-33.99467086791992,8,0,0,0.0,0.0
gated_alive:a_002:68852,a_002,68852,53.86042404174805,-26.678951263427734,8,0,0,0.0,0.0
gated_alive:a_002:68898,a_002,68898,13.222258567810059,-32.48549270629883,8,0,0,0.0,0.0
gated_alive:a_002:68905,a_002,68905,54.84804916381836,-26.624643325805664,8,0,0,0.0,0.0
gated_alive:a_002:68918,a_002,68918,-8.136594772338867,3.9488911628723145,8,0,0,0.0,0.0
gated_alive:a_002:69069,a_002,69069,23.39948844909668,-29.04425621032715,8,0,0,0.0,0.0
gated_alive:a_002:69089,a_002,69089,-0.46783357858657837,-48.531307220458984,8,0,0,0.0,0.0
gated_alive:a_002:69095,a_002,69095,46.17548370361328,-29.15487289428711,8,0,0,0.0,0.0
gated_alive:a_002:69147,a_002,69147,-34.48025894165039,-26.64504051208496,8,0,0,0.0,0.0
gated_alive:a_002:69243,a_002,69243,-17.427738189697266,21.713829040527344,8,0,0,0.0,0.0
gated_alive:a_002:69869,a_002,69869,-33.67012405395508,-34.41316223144531,8,0,0,0.0,0.0
gated_alive:a_002:70297,a_002,70297,12.25627326965332,37.649044036865234,8,0,0,0.0,0.0
gated_alive:a_002:70415,a_002,70415,56.6229362487793,-23.677215576171875,8,0,0,0.0,0.0
gated_alive:a_002:70510,a_002,70510,3.819949150085449,47.218849182128906,8,0,0,0.0,0.0
gated_alive:a_002:70893,a_002,70893,-19.069231033325195,-28.672840118408203,8,0,0,0.0,0.0
gated_alive:a_002:70933,a_002,70933,-46.82393264770508,16.7696533203125,8,0,0,0.0,0.0
gated_alive:a_002:71051,a_002,71051,9.447032928466797,-12.513751029968262,8,0,0,0.0,0.0
gated_alive:a_002:71108,a_002,71108,-25.629806518554688,-45.234981536865234,8,0,0,0.0,0.0
gated_alive:a_002:72089,a_002,72089,-5.63346004486084,27.669374465942383,8,0,0,0.0,0.0
gated_alive:a_002:72246,a_002,72246,19.705768585205078,-21.10127830505371,8,0,0,0.0,0.0
gated_alive:a_002:72453,a_002,72453,47.8015251159668,-32.090354919433594,8,0,0,0.0,0.0
gated_alive:a_002:72744,a_002,72744,14.603264808654785,4.731315612792969,8,0,0,0.0,0.0
gated_alive:a_002:72948,a_002,72948,4.393477439880371,-44.369136810302734,8,0,0,0.0,0.0
gated_alive:a_002:73297,a_002,73297,65.66666412353516,-22.680133819580078,8,0,0,0.0,0.0
gated_alive:a_002:73362,a_002,73362,41.47801971435547,-30.084545135498047,8,0,0,0.0,0.0
gated_alive:a_002:73365,a_002,73365,-31.64620590209961,-14.903617858886719,8,0,0,0.0,0.0
gated_alive:a_002:73626,a_002,73626,-36.83465576171875,-35.511940002441406,8,0,0,0.0,0.0
gated_alive:a_002:73733,a_002,73733,1.0260896682739258,-59.669193267822266,8,0,0,0.0,0.0
gated_alive:a_002:74147,a_002,74147,-27.885028839111328,1.0335237979888916,8,0,0,0.0,0.0
gated_alive:a_002:74571,a_002,74571,-4.081480503082275,-50.38975524902344,8,0,0,0.0,0.0
gated_alive:a_002:74922,a_002,74922,-2.8670618534088135,16.192964553833008,8,0,0,0.0,0.0
gated_alive:a_002:74976,a_002,74976,30.773801803588867,-40.348960876464844,8,0,0,0.0,0.0
gated_alive:a_002:75005,a_002,75005,8.98071575164795,-10.545636177062988,8,0,0,0.0,0.0
gated_alive:a_002:75131,a_002,75131,3.745958089828491,-30.627546310424805,8,0,0,0.0,0.0
gated_alive:a_002:75151,a_002,75151,-2.411527633666992,-40.53264236450195,8,0,0,0.0,0.0
gated_alive:a_002:75155,a_002,75155,-50.62120056152344,33.92669677734375,8,0,0,0.0,0.0
gated_alive:a_002:75429,a_002,75429,13.142882347106934,-34.45235061645508,8,0,0,0.0,0.0
gated_alive:a_002:75491,a_002,75491,22.76947021484375,-36.87382125854492,8,0,0,0.0,0.0
gated_alive:a_002:75819,a_002,75819,-31.81642723083496,-52.84032440185547,8,0,0,0.0,0.0
gated_alive:a_002:75884,a_002,75884,-12.677519798278809,30.540203094482422,8,0,0,0.0,0.0
gated_alive:a_002:75935,a_002,75935,-25.39219093322754,51.68601989746094,8,0,0,0.0,0.0
gated_alive:a_002:76061,a_002,76061,44.439659118652344,-28.326940536499023,8,0,0,0.0,0.0
gated_alive:a_002:76536,a_002,76536,-12.95838451385498,-19.58477783203125,8,0,0,0.0,0.0
gated_alive:a_002:76929,a_002,76929,-6.561637878417969,26.074787139892578,8,0,0,0.0,0.0
gated_alive:a_002:77767,a_002,77767,-1.3780019283294678,-39.397037506103516,8,0,0,0.0,0.0
gated_alive:a_002:77977,a_002,77977,5.45098876953125,-32.67243194580078,8,0,0,0.0,0.0
gated_alive:a_002:78309,a_002,78309,-22.593015670776367,21.35795783996582,8,0,0,0.0,0.0
gated_alive:a_002:78510,a_002,78510,-1.835118055343628,-32.117340087890625,8,0,0,0.0,0.0
gated_alive:a_002:78897,a_002,78897,-49.820194244384766,35.13523864746094,8,0,0,0.0,0.0
gated_alive:a_002:78936,a_002,78936,25.14276695251465,21.235958099365234,8,0,0,0.0,0.0
gated_alive:a_002:78945,a_002,78945,2.7626214027404785,-35.30316162109375,8,0,0,0.0,0.0
gated_alive:a_002:78989,a_002,78989,-40.21915817260742,36.7625617980957,8,0,0,0.0,0.0
gated_alive:a_002:79183,a_002,79183,-22.57235336303711,-22.81647300720215,8,0,0,0.0,0.0
gated_alive:a_002:79377,a_002,79377,59.93670654296875,-20.61954689025879,8,0,0,0.0,0.0
gated_alive:a_002:80247,a_002,80247,4.956761360168457,-49.20024871826172,8,0,0,0.0,0.0
gated_alive:a_002:80607,a_002,80607,6.412546634674072,-48.46486282348633,8,0,0,0.0,0.0
gated_alive:a_002:80731,a_002,80731,-14.378636360168457,-15.983478546142578,8,0,0,0.0,0.0
gated_alive:a_002:81028,a_002,81028,21.484317779541016,-40.57826232910156,8,0,0,0.0,0.0
gated_alive:a_002:81136,a_002,81136,-7.135073661804199,17.528356552124023,8,0,0,0.0,0.0
gated_alive:a_002:81261,a_002,81261,-1.0498100519180298,30.578779220581055,8,0,0,0.0,0.0
gated_alive:a_002:81383,a_002,81383,-1.6543904542922974,-39.00823974609375,8,0,0,0.0,0.0
gated_alive:a_002:81458,a_002,81458,-16.377235412597656,21.48871421813965,8,0,0,0.0,0.0
gated_alive:a_002:81956,a_002,81956,-31.792739868164062,-16.9333438873291,8,0,0,0.0,0.0
gated_alive:a_002:82000,a_002,82000,6.236082077026367,47.30464172363281,8,0,0,0.0,0.0
gated_alive:a_002:82006,a_002,82006,3.3907148838043213,61.39291763305664,8,0,0,0.0,0.0
gated_alive:a_002:82074,a_002,82074,-6.631779670715332,-31.83330535888672,8,0,0,0.0,0.0
gated_alive:a_002:82301,a_002,82301,66.30448150634766,-25.607500076293945,8,0,0,0.0,0.0
gated_alive:a_002:82344,a_002,82344,48.221744537353516,-26.800540924072266,8,0,0,0.0,0.0
gated_alive:a_002:83019,a_002,83019,-27.237884521484375,-12.638509750366211,8,0,0,0.0,0.0
gated_alive:a_002:83432,a_002,83432,53.398014068603516,-19.14263343811035,8,0,0,0.0,0.0
gated_alive:a_002:83728,a_002,83728,9.044392585754395,-44.82936096191406,8,0,0,0.0,0.0
gated_alive:a_002:83927,a_002,83927,22.849720001220703,-28.85824203491211,8,0,0,0.0,0.0
gated_alive:a_002:83984,a_002,83984,6.240624904632568,-44.28876495361328,8,0,0,0.0,0.0
gated_alive:a_002:84153,a_002,84153,52.997745513916016,32.60477066040039,8,0,0,0.0,0.0
gated_alive:a_002:84624,a_002,84624,37.72414779663086,-39.490474700927734,8,0,0,0.0,0.0
gated_alive:a_002:84857,a_002,84857,-22.509357452392578,-19.8232364654541,8,0,0,0.0,0.0
gated_alive:a_002:85490,a_002,85490,7.477140426635742,-12.382715225219727,8,0,0,0.0,0.0
gated_alive:a_002:85568,a_002,85568,-40.32905197143555,16.42839813232422,8,0,0,0.0,0.0
gated_alive:a_002:85606,a_002,85606,-42.51852035522461,6.292006969451904,8,0,0,0.0,0.0
gated_alive:a_002:85658,a_002,85658,49.705657958984375,-32.40602493286133,8,0,1,0.0,0.125
gated_alive:a_002:85731,a_002,85731,2.2578251361846924,57.73472595214844,8,0,0,0.0,0.0
gated_alive:a_002:85832,a_002,85832,50.01663589477539,-35.36011505126953,8,0,0,0.0,0.0
gated_alive:a_002:85845,a_002,85845,-3.0570359230041504,-50.81878662109375,8,0,0,0.0,0.0
gated_alive:a_002:86379,a_002,86379,-16.537439346313477,54.1144905090332,8,0,0,0.0,0.0
gated_alive:a_002:86397,a_002,86397,39.075321197509766,-16.664695739746094,8,0,0,0.0,0.0
gated_alive:a_002:86451,a_002,86451,-5.920437812805176,52.915260314941406,8,0,0,0.0,0.0
gated_alive:a_002:86487,a_002,86487,7.338614463806152,57.00495147705078,8,0,0,0.0,0.0
gated_alive:a_002:86619,a_002,86619,41.045257568359375,-23.920774459838867,8,0,0,0.0,0.0
gated_alive:a_002:86921,a_002,86921,42.30481719970703,-17.69601821899414,8,0,0,0.0,0.0
gated_alive:a_002:86944,a_002,86944,4.051025867462158,-45.910335540771484,8,0,0,0.0,0.0
gated_alive:a_002:87157,a_002,87157,-23.625871658325195,22.69272232055664,8,0,0,0.0,0.0
gated_alive:a_002:87417,a_002,87417,-18.658267974853516,-44.49073791503906,8,0,0,0.0,0.0
gated_alive:a_002:88112,a_002,88112,-26.004077911376953,-14.954434394836426,8,0,0,0.0,0.0
gated_alive:a_002:88261,a_002,88261,9.479612350463867,-37.1710090637207,8,0,0,0.0,0.0
gated_alive:a_002:88665,a_002,88665,-22.541276931762695,-21.568002700805664,8,0,0,0.0,0.0
gated_alive:a_002:88909,a_002,88909,-45.37403869628906,-30.768348693847656,8,0,0,0.0,0.0
gated_alive:a_002:89098,a_002,89098,53.256099700927734,-24.308101654052734,8,0,0,0.0,0.0
gated_alive:a_002:89321,a_002,89321,-40.77486038208008,35.02622604370117,8,0,0,0.0,0.0
gated_alive:a_002:89469,a_002,89469,7.021615505218506,33.983978271484375,8,0,0,0.0,0.0
gated_alive:a_002:89823,a_002,89823,-12.665003776550293,-17.086437225341797,8,0,0,0.0,0.0
gated_alive:a_002:90092,a_002,90092,-16.246509552001953,-36.24315643310547,8,0,0,0.0,0.0
gated_alive:a_002:90362,a_002,90362,50.58302307128906,-33.84336471557617,8,0,0,0.0,0.0
gated_alive:a_002:90446,a_002,90446,23.886240005493164,19.40204429626465,8,0,0,0.0,0.0
gated_alive:a_002:90545,a_002,90545,4.004351615905762,-40.251670837402344,8,0,0,0.0,0.0
gated_alive:a_002:90950,a_002,90950,-22.8676700592041,-24.19779396057129,8,0,0,0.0,0.0
gated_alive:a_002:91113,a_002,91113,46.11884689331055,-35.7338981628418,8,0,0,0.0,0.0
gated_alive:a_002:91185,a_002,91185,2.038728713989258,32.669010162353516,8,0,0,0.0,0.0
gated_alive:a_002:91231,a_002,91231,45.36354064941406,28.896347045898438,8,0,0,0.0,0.0
gated_alive:a_002:91235,a_002,91235,5.118898391723633,-45.839839935302734,8,0,0,0.0,0.0
gated_alive:a_002:91560,a_002,91560,36.2931022644043,-42.038665771484375,8,0,0,0.0,0.0
gated_alive:a_002:91635,a_002,91635,-32.65176010131836,-22.51792335510254,8,0,0,0.0,0.0
gated_alive:a_002:91681,a_002,91681,30.83112144470215,-40.52461242675781,8,0,0,0.0,0.0
gated_alive:a_002:91766,a_002,91766,2.9616012573242188,-57.819454193115234,8,0,0,0.0,0.0
gated_alive:a_002:91931,a_002,91931,-12.85563850402832,23.034536361694336,8,0,0,0.0,0.0
gated_alive:a_002:92262,a_002,92262,69.22577667236328,-29.75387191772461,8,0,0,0.0,0.0
gated_alive:a_002:92404,a_002,92404,34.936466217041016,-17.363290786743164,8,0,0,0.0,0.0
gated_alive:a_002:92588,a_002,92588,47.36077880859375,-31.52836799621582,8,0,0,0.0,0.0
gated_alive:a_002:92876,a_002,92876,-11.710892677307129,-63.31158447265625,8,0,0,0.0,0.0
gated_alive:a_002:92993,a_002,92993,0.08314388990402222,-52.04785919189453,8,0,0,0.0,0.0
gated_alive:a_002:93047,a_002,93047,-32.67743682861328,-21.780542373657227,8,0,0,0.0,0.0
gated_alive:a_002:93132,a_002,93132,-5.128748416900635,28.813936233520508,8,0,0,0.0,0.0
gated_alive:a_002:93264,a_002,93264,7.806434631347656,-53.470802307128906,8,0,0,0.0,0.0
gated_alive:a_002:93607,a_002,93607,55.215126037597656,29.195016860961914,8,0,0,0.0,0.0
gated_alive:a_002:93811,a_002,93811,-19.485490798950195,23.156448364257812,8,0,0,0.0,0.0
gated_alive:a_002:94038,a_002,94038,-27.92681121826172,34.046817779541016,8,0,0,0.0,0.0
gated_alive:a_002:94125,a_002,94125,22.457780838012695,-33.31509017944336,8,0,0,0.0,0.0
gated_alive:a_002:94315,a_002,94315,54.78519821166992,-30.840473175048828,8,0,0,0.0,0.0
gated_alive:a_002:94586,a_002,94586,-16.797021865844727,-11.74949836730957,8,0,0,0.0,0.0
gated_alive:a_002:94826,a_002,94826,-38.79910659790039,10.449848175048828,8,0,0,0.0,0.0
gated_alive:a_002:94993,a_002,94993,31.694229125976562,-43.10042953491211,8,0,0,0.0,0.0
gated_alive:a_002:95057,a_002,95057,-0.9758548140525818,-60.6534309387207,8,0,0,0.0,0.0
gated_alive:a_002:95106,a_002,95106,6.185588836669922,-47.51779556274414,8,0,0,0.0,0.0
gated_alive:a_002:95167,a_002,95167,30.396251678466797,51.207366943359375,8,0,0,0.0,0.0
gated_alive:a_002:95999,a_002,95999,46.27303695678711,-35.807884216308594,8,0,0,0.0,0.0
gated_alive:a_002:96138,a_002,96138,56.503047943115234,-23.535371780395508,8,0,0,0.0,0.0
gated_alive:a_002:96403,a_002,96403,-33.32980728149414,23.553009033203125,8,0,0,0.0,0.0
gated_alive:a_002:96466,a_002,96466,28.698078155517578,-48.1782341003418,8,0,0,0.0,0.0
gated_alive:a_002:96758,a_002,96758,0.8499681949615479,36.791343688964844,8,0,0,0.0,0.0
gated_alive:a_002:96777,a_002,96777,49.082305908203125,-36.41057586669922,8,0,1,0.0,0.125
gated_alive:a_002:96799,a_002,96799,-0.4961434006690979,51.448402404785156,8,0,0,0.0,0.0
gated_alive:a_002:96918,a_002,96918,24.378084182739258,45.541114807128906,8,0,0,0.0,0.0
gated_alive:a_002:96943,a_002,96943,-55.486778259277344,34.03385925292969,8,0,0,0.0,0.0
gated_alive:a_002:97084,a_002,97084,36.683624267578125,-37.10218811035156,8,0,0,0.0,0.0
gated_alive:a_002:97543,a_002,97543,18.73482322692871,-10.58276081085205,8,0,0,0.0,0.0
gated_alive:a_002:98541,a_002,98541,7.333748817443848,-53.81821823120117,8,0,0,0.0,0.0
gated_alive:a_002:98718,a_002,98718,-34.49339294433594,59.23755645751953,8,0,0,0.0,0.0
gated_alive:a_002:98799,a_002,98799,55.49922180175781,-18.00326919555664,8,0,0,0.0,0.0
gated_alive:a_002:99021,a_002,99021,-25.734996795654297,-32.65266036987305,8,0,0,0.0,0.0
gated_alive:a_002:99181,a_002,99181,51.7910041809082,-32.34770202636719,8,0,0,0.0,0.0
gated_alive:a_002:99224,a_002,99224,25.936365127563477,30.811405181884766,8,0,0,0.0,0.0
gated_alive:a_002:99248,a_002,99248,37.906455993652344,25.608570098876953,8,0,2,0.0,0.25
gated_alive:a_002:99278,a_002,99278,47.01138687133789,-10.45156478881836,8,0,2,0.0,0.25
gated_alive:a_002:100061,a_002,100061,-5.193066120147705,-21.83570098876953,8,0,0,0.0,0.0
gated_alive:a_002:100116,a_002,100116,-13.150383949279785,-23.575876235961914,8,0,0,0.0,0.0
gated_alive:a_002:100568,a_002,100568,49.11444854736328,-36.55309295654297,8,0,0,0.0,0.0
gated_alive:a_002:100678,a_002,100678,-11.780452728271484,-38.73731231689453,8,0,0,0.0,0.0
gated_alive:a_002:100754,a_002,100754,7.724261283874512,40.67390441894531,8,0,0,0.0,0.0
gated_alive:a_002:100815,a_002,100815,-37.97806167602539,-28.671052932739258,8,0,0,0.0,0.0
gated_alive:a_002:101021,a_002,101021,2.903350591659546,-49.68566131591797,8,0,0,0.0,0.0
gated_alive:a_002:101182,a_002,101182,11.357863426208496,53.49594497680664,8,0,0,0.0,0.0
gated_alive:a_002:101290,a_002,101290,50.46969985961914,-24.19698143005371,8,0,0,0.0,0.0
gated_alive:a_002:101655,a_002,101655,1.4607319831848145,30.055761337280273,8,0,0,0.0,0.0
gated_alive:a_002:101876,a_002,101876,19.166717529296875,31.501079559326172,8,0,0,0.0,0.0
gated_alive:a_002:101895,a_002,101895,-34.973876953125,31.22829818725586,8,0,0,0.0,0.0
gated_alive:a_002:102039,a_002,102039,-14.837187767028809,34.11304473876953,8,0,0,0.0,0.0
gated_alive:a_002:102069,a_002,102069,-56.501163482666016,-5.538536071777344,8,0,0,0.0,0.0
gated_alive:a_002:102410,a_002,102410,-34.48736572265625,-13.014201164245605,8,0,0,0.0,0.0
gated_alive:a_002:102517,a_002,102517,3.1734511852264404,56.82141876220703,8,0,0,0.0,0.0
gated_alive:a_002:102523,a_002,102523,13.536148071289062,-35.82445526123047,8,0,0,0.0,0.0
gated_alive:a_002:102601,a_002,102601,-15.082340240478516,-29.15986442565918,8,0,0,0.0,0.0
gated_alive:a_002:102835,a_002,102835,3.9072818756103516,-47.38459014892578,8,0,0,0.0,0.0
gated_alive:a_002:102972,a_002,102972,-35.58821105957031,-32.59204864501953,8,0,0,0.0,0.0
gated_alive:a_002:102979,a_002,102979,-1.4532798528671265,7.072567462921143,8,0,0,0.0,0.0
gated_alive:a_002:103615,a_002,103615,-40.27524185180664,36.62635040283203,8,0,0,0.0,0.0
gated_alive:a_002:103635,a_002,103635,27.064382553100586,-32.084999084472656,8,0,0,0.0,0.0
gated_alive:a_002:103714,a_002,103714,53.5486946105957,-34.55778884887695,8,0,0,0.0,0.0
gated_alive:a_002:103831,a_002,103831,-36.13402557373047,56.25701904296875,8,0,0,0.0,0.0
gated_alive:a_002:103975,a_002,103975,-20.89097023010254,-42.42314910888672,8,0,0,0.0,0.0
gated_alive:a_002:104441,a_002,104441,-28.362638473510742,-32.680519104003906,8,0,0,0.0,0.0
gated_alive:a_002:104678,a_002,104678,-5.071340084075928,-39.034603118896484,8,0,0,0.0,0.0
gated_alive:a_002:104864,a_002,104864,-20.49851417541504,-49.28935241699219,8,0,0,0.0,0.0
gated_alive:a_002:105253,a_002,105253,11.555400848388672,-38.14048767089844,8,0,0,0.0,0.0
gated_alive:a_002:105279,a_002,105279,2.9079418182373047,-43.21363830566406,8,0,0,0.0,0.0
gated_alive:a_002:105840,a_002,105840,41.307403564453125,-14.62730598449707,8,0,0,0.0,0.0
gated_alive:a_002:106302,a_002,106302,-42.43621063232422,-28.58819580078125,8,0,0,0.0,0.0
gated_alive:a_002:106366,a_002,106366,-15.725418090820312,57.09111022949219,8,0,0,0.0,0.0
gated_alive:a_002:106590,a_002,106590,71.0009536743164,-19.524446487426758,8,0,0,0.0,0.0
gated_alive:a_002:106729,a_002,106729,-7.28812313079834,55.91230010986328,8,0,0,0.0,0.0
gated_alive:a_002:106898,a_002,106898,-22.238468170166016,-23.55984115600586,8,0,0,0.0,0.0
gated_alive:a_002:106975,a_002,106975,-32.8652229309082,-31.85806655883789,8,0,0,0.0,0.0
gated_alive:a_002:107227,a_002,107227,51.066993713378906,-24.95280647277832,8,0,0,0.0,0.0
gated_alive:a_002:107455,a_002,107455,27.18922233581543,-28.995929718017578,8,0,0,0.0,0.0
gated_alive:a_002:107571,a_002,107571,-1.0848579406738281,-33.21648406982422,8,0,0,0.0,0.0
gated_alive:a_002:107588,a_002,107588,-21.84743881225586,-13.939982414245605,8,0,0,0.0,0.0
gated_alive:a_002:107672,a_002,107672,-36.52031326293945,51.775150299072266,8,0,0,0.0,0.0
gated_alive:a_003:138,a_003,138,14.997489929199219,45.799503326416016,16,0,0,0.0,0.0
gated_alive:a_003:535,a_003,535,-43.584407806396484,-28.22864532470703,16,0,0,0.0,0.0
gated_alive:a_003:563,a_003,563,18.481685638427734,37.015689849853516,16,0,0,0.0,0.0
gated_alive:a_003:1408,a_003,1408,-12.122211456298828,8.58847713470459,16,0,0,0.0,0.0
gated_alive:a_003:1677,a_003,1677,30.015485763549805,26.30096435546875,16,0,0,0.0,0.0
gated_alive:a_003:1711,a_003,1711,22.438968658447266,-40.782894134521484,16,0,0,0.0,0.0
gated_alive:a_003:1715,a_003,1715,19.17961311340332,-11.260976791381836,16,0,0,0.0,0.0
gated_alive:a_003:1889,a_003,1889,10.383498191833496,39.10673141479492,16,0,0,0.0,0.0
gated_alive:a_003:2008,a_003,2008,36.1746711730957,53.787010192871094,16,0,0,0.0,0.0
gated_alive:a_003:2021,a_003,2021,36.88703918457031,-6.078505039215088,16,0,0,0.0,0.0
gated_alive:a_003:2115,a_003,2115,-22.396209716796875,43.31087875366211,16,0,0,0.0,0.0
gated_alive:a_003:2617,a_003,2617,27.943897247314453,-16.49036979675293,16,0,0,0.0,0.0
gated_alive:a_003:3413,a_003,3413,71.53202056884766,-27.46235466003418,16,0,0,0.0,0.0
gated_alive:a_003:3446,a_003,3446,-1.017490029335022,28.00092124938965,16,0,0,0.0,0.0
gated_alive:a_003:3493,a_003,3493,31.51448631286621,20.473554611206055,16,0,0,0.0,0.0
gated_alive:a_003:3950,a_003,3950,41.77519607543945,-27.761356353759766,16,0,0,0.0,0.0
gated_alive:a_003:4058,a_003,4058,50.065181732177734,6.745593070983887,16,0,0,0.0,0.0
gated_alive:a_003:4354,a_003,4354,30.797170639038086,-40.478431701660156,16,0,0,0.0,0.0
gated_alive:a_003:4442,a_003,4442,44.78719711303711,-26.348548889160156,16,0,0,0.0,0.0
gated_alive:a_003:4526,a_003,4526,18.524423599243164,-1.4691625833511353,16,0,0,0.0,0.0
gated_alive:a_003:4605,a_003,4605,15.90710163116455,40.47468566894531,16,0,0,0.0,0.0
gated_alive:a_003:4953,a_003,4953,13.691062927246094,0.6334195733070374,16,0,0,0.0,0.0
gated_alive:a_003:5078,a_003,5078,47.31768798828125,-9.458849906921387,16,0,0,0.0,0.0
gated_alive:a_003:5190,a_003,5190,21.352317810058594,-13.412431716918945,16,0,0,0.0,0.0
gated_alive:a_003:5761,a_003,5761,9.85585880279541,47.66332244873047,16,0,0,0.0,0.0
gated_alive:a_003:5971,a_003,5971,31.93553924560547,-4.058528900146484,16,0,0,0.0,0.0
gated_alive:a_003:6001,a_003,6001,-9.044328689575195,39.06468200683594,16,0,0,0.0,0.0
gated_alive:a_003:6542,a_003,6542,61.665855407714844,-22.951875686645508,16,0,0,0.0,0.0
gated_alive:a_003:7563,a_003,7563,24.225976943969727,-8.50644588470459,16,0,0,0.0,0.0
gated_alive:a_003:7859,a_003,7859,-41.32644271850586,30.157487869262695,16,0,0,0.0,0.0
gated_alive:a_003:7957,a_003,7957,23.92436408996582,55.494956970214844,16,0,0,0.0,0.0
gated_alive:a_003:7972,a_003,7972,-9.557321548461914,45.97226333618164,16,0,0,0.0,0.0
gated_alive:a_003:8204,a_003,8204,66.66014099121094,-18.281465530395508,16,0,3,0.0,0.1875
gated_alive:a_003:8468,a_003,8468,20.11581039428711,-9.88467025756836,16,0,0,0.0,0.0
gated_alive:a_003:8506,a_003,8506,34.75843048095703,8.63717269897461,16,0,0,0.0,0.0
gated_alive:a_003:8521,a_003,8521,-29.196409225463867,12.758768081665039,16,0,0,0.0,0.0
gated_alive:a_003:8533,a_003,8533,54.51824188232422,0.48119062185287476,16,0,0,0.0,0.0
gated_alive:a_003:8583,a_003,8583,-34.34193420410156,28.935474395751953,16,0,0,0.0,0.0
gated_alive:a_003:8760,a_003,8760,13.343692779541016,42.313663482666016,16,0,0,0.0,0.0
gated_alive:a_003:9585,a_003,9585,37.07909393310547,-34.62639236450195,16,0,0,0.0,0.0
gated_alive:a_003:9601,a_003,9601,11.687284469604492,41.16501998901367,16,0,0,0.0,0.0
gated_alive:a_003:9723,a_003,9723,-36.23419952392578,34.47608947753906,16,0,0,0.0,0.0
gated_alive:a_003:9804,a_003,9804,-9.884821891784668,27.44948959350586,16,0,0,0.0,0.0
gated_alive:a_003:9966,a_003,9966,-43.962196350097656,39.76609802246094,16,0,0,0.0,0.0
gated_alive:a_003:10484,a_003,10484,3.8244528770446777,58.326168060302734,16,0,0,0.0,0.0
gated_alive:a_003:10525,a_003,10525,34.71623611450195,11.97400951385498,16,0,0,0.0,0.0
gated_alive:a_003:11089,a_003,11089,55.35590744018555,-26.68462562561035,16,0,0,0.0,0.0
gated_alive:a_003:11292,a_003,11292,-31.850431442260742,37.010902404785156,16,0,0,0.0,0.0
gated_alive:a_003:11481,a_003,11481,-32.14197540283203,1.450158953666687,16,0,0,0.0,0.0
gated_alive:a_003:11607,a_003,11607,20.775745391845703,-39.64853286743164,16,0,0,0.0,0.0
gated_alive:a_003:11659,a_003,11659,71.20416259765625,-22.731037139892578,16,0,0,0.0,0.0
gated_alive:a_003:11773,a_003,11773,24.71280288696289,-14.030458450317383,16,0,0,0.0,0.0
gated_alive:a_003:11892,a_003,11892,1.5893563032150269,43.64137268066406,16,0,0,0.0,0.0
gated_alive:a_003:11925,a_003,11925,40.90321350097656,-22.053958892822266,16,0,0,0.0,0.0
gated_alive:a_003:11953,a_003,11953,3.014636516571045,43.818546295166016,16,0,0,0.0,0.0
gated_alive:a_003:12111,a_003,12111,48.50846862792969,-7.270949363708496,16,0,0,0.0,0.0
gated_alive:a_003:12295,a_003,12295,-42.02338790893555,26.247333526611328,16,0,0,0.0,0.0
gated_alive:a_003:12468,a_003,12468,22.918548583984375,46.42652893066406,16,0,0,0.0,0.0
gated_alive:a_003:12667,a_003,12667,-10.21205997467041,27.33739471435547,16,0,0,0.0,0.0
gated_alive:a_003:12762,a_003,12762,33.30189514160156,17.99737548828125,16,0,0,0.0,0.0
gated_alive:a_003:13182,a_003,13182,46.35250473022461,7.031524658203125,16,0,0,0.0,0.0
gated_alive:a_003:13312,a_003,13312,38.946044921875,-7.5934157371521,16,0,0,0.0,0.0
gated_alive:a_003:13352,a_003,13352,-47.67798614501953,25.101472854614258,16,0,0,0.0,0.0
gated_alive:a_003:14229,a_003,14229,64.8666000366211,-20.928503036499023,16,0,0,0.0,0.0
gated_alive:a_003:14746,a_003,14746,50.003944396972656,8.635056495666504,16,3,4,0.1875,0.25
gated_alive:a_003:15048,a_003,15048,-2.9523093700408936,5.697999954223633,16,0,0,0.0,0.0
gated_alive:a_003:15084,a_003,15084,41.381134033203125,-35.337257385253906,16,0,0,0.0,0.0
gated_alive:a_003:15095,a_003,15095,-0.272609144449234,34.37904357910156,16,0,0,0.0,0.0
gated_alive:a_003:15124,a_003,15124,70.17417907714844,-20.947250366210938,16,0,0,0.0,0.0
gated_alive:a_003:15189,a_003,15189,21.468698501586914,42.824195861816406,16,0,0,0.0,0.0
gated_alive:a_003:15207,a_003,15207,-22.6038818359375,41.21017837524414,16,0,0,0.0,0.0
gated_alive:a_003:15579,a_003,15579,41.32497024536133,-5.855930328369141,16,0,0,0.0,0.0
gated_alive:a_003:15751,a_003,15751,-31.303571701049805,21.508182525634766,16,0,0,0.0,0.0
gated_alive:a_003:15776,a_003,15776,-1.3611334562301636,-6.978407859802246,16,0,0,0.0,0.0
gated_alive:a_003:15822,a_003,15822,-14.915107727050781,19.942461013793945,16,0,0,0.0,0.0
gated_alive:a_003:16040,a_003,16040,14.397603988647461,-46.231021881103516,16,0,0,0.0,0.0
gated_alive:a_003:16215,a_003,16215,-41.90647888183594,37.362369537353516,16,0,0,0.0,0.0
gated_alive:a_003:16260,a_003,16260,-22.878023147583008,40.195159912109375,16,0,0,0.0,0.0
gated_alive:a_003:16813,a_003,16813,29.21213150024414,6.3571672439575195,16,0,0,0.0,0.0
gated_alive:a_003:17295,a_003,17295,23.193374633789062,15.142036437988281,16,0,0,0.0,0.0
gated_alive:a_003:17395,a_003,17395,7.064393997192383,62.403995513916016,16,0,0,0.0,0.0
gated_alive:a_003:17512,a_003,17512,-11.285326957702637,-57.59726333618164,16,0,0,0.0,0.0
gated_alive:a_003:17549,a_003,17549,26.12217903137207,54.668212890625,16,0,0,0.0,0.0
gated_alive:a_003:17616,a_003,17616,21.716115951538086,51.9786262512207,16,0,0,0.0,0.0
gated_alive:a_003:17781,a_003,17781,16.951169967651367,50.84577560424805,16,0,0,0.0,0.0
gated_alive:a_003:17839,a_003,17839,-3.9728944301605225,31.27330207824707,16,0,0,0.0,0.0
gated_alive:a_003:17845,a_003,17845,-54.54459762573242,24.39369010925293,16,0,0,0.0,0.0
gated_alive:a_003:18179,a_003,18179,-19.548912048339844,45.50879669189453,16,0,0,0.0,0.0
gated_alive:a_003:18306,a_003,18306,-29.973941802978516,34.97624588012695,16,0,0,0.0,0.0
gated_alive:a_003:18353,a_003,18353,2.633882522583008,41.80142593383789,16,0,0,0.0,0.0
gated_alive:a_003:18710,a_003,18710,48.40244674682617,-28.93134117126465,16,0,0,0.0,0.0
gated_alive:a_003:18732,a_003,18732,22.14815330505371,41.5723991394043,16,0,0,0.0,0.0
gated_alive:a_003:19045,a_003,19045,-13.332571983337402,-43.666664123535156,16,0,0,0.0,0.0
gated_alive:a_003:19138,a_003,19138,-6.089797019958496,26.404579162597656,16,0,0,0.0,0.0
gated_alive:a_003:19183,a_003,19183,2.694620370864868,43.041748046875,16,0,0,0.0,0.0
gated_alive:a_003:19311,a_003,19311,26.398250579833984,59.50774383544922,16,0,0,0.0,0.0
gated_alive:a_003:19432,a_003,19432,15.913686752319336,19.65764045715332,16,0,0,0.0,0.0
gated_alive:a_003:19570,a_003,19570,12.524911880493164,46.64627456665039,16,0,0,0.0,0.0
gated_alive:a_003:19748,a_003,19748,37.64832305908203,6.252596855163574,16,0,0,0.0,0.0
gated_alive:a_003:19888,a_003,19888,52.5462532043457,-10.552961349487305,16,0,0,0.0,0.0
gated_alive:a_003:19991,a_003,19991,5.39023494720459,27.23940086364746,16,0,0,0.0,0.0
gated_alive:a_003:20060,a_003,20060,1.8683693408966064,46.139183044433594,16,0,0,0.0,0.0
gated_alive:a_003:20405,a_003,20405,6.344180107116699,-41.195556640625,16,0,0,0.0,0.0
gated_alive:a_003:20406,a_003,20406,13.237268447875977,57.090274810791016,16,0,0,0.0,0.0
gated_alive:a_003:20548,a_003,20548,28.013111114501953,3.548893690109253,16,0,0,0.0,0.0
gated_alive:a_003:20997,a_003,20997,35.155662536621094,23.553098678588867,16,0,0,0.0,0.0
gated_alive:a_003:21341,a_003,21341,42.74272155761719,19.973012924194336,16,0,0,0.0,0.0
gated_alive:a_003:21374,a_003,21374,-3.9656271934509277,47.213504791259766,16,0,0,0.0,0.0
gated_alive:a_003:21429,a_003,21429,-21.246002197265625,33.16098403930664,16,0,0,0.0,0.0
gated_alive:a_003:21472,a_003,21472,25.89043426513672,47.02572250366211,16,0,0,0.0,0.0
gated_alive:a_003:21620,a_003,21620,8.32727336883545,61.809715270996094,16,0,0,0.0,0.0
gated_alive:a_003:21864,a_003,21864,24.51931381225586,-16.957923889160156,16,0,0,0.0,0.0
gated_alive:a_003:21972,a_003,21972,55.69860076904297,-6.077968120574951,16,0,0,0.0,0.0
gated_alive:a_003:22204,a_003,22204,21.056615829467773,36.70970916748047,16,0,0,0.0,0.0
gated_alive:a_003:22335,a_003,22335,70.49366760253906,-33.33477783203125,16,0,0,0.0,0.0
gated_alive:a_003:22455,a_003,22455,26.369306564331055,-13.645258903503418,16,0,0,0.0,0.0
gated_alive:a_003:22707,a_003,22707,69.31285095214844,-19.829214096069336,16,0,0,0.0,0.0
gated_alive:a_003:22770,a_003,22770,42.767154693603516,-26.000133514404297,16,0,0,0.0,0.0
gated_alive:a_003:22785,a_003,22785,-44.29777526855469,24.013259887695312,16,0,0,0.0,0.0
gated_alive:a_003:23244,a_003,23244,26.808244705200195,-24.259000778198242,16,0,0,0.0,0.0
gated_alive:a_003:23344,a_003,23344,-14.3994779586792,26.844482421875,16,0,0,0.0,0.0
gated_alive:a_003:24159,a_003,24159,52.112998962402344,-6.188335418701172,16,0,0,0.0,0.0
gated_alive:a_003:24378,a_003,24378,-44.586124420166016,-16.431934356689453,16,0,0,0.0,0.0
gated_alive:a_003:24689,a_003,24689,46.01713562011719,-16.974197387695312,16,0,0,0.0,0.0
gated_alive:a_003:25045,a_003,25045,41.64901351928711,-25.155593872070312,16,0,0,0.0,0.0
gated_alive:a_003:25120,a_003,25120,35.7369384765625,-10.220909118652344,16,0,0,0.0,0.0
gated_alive:a_003:25362,a_003,25362,12.061500549316406,53.7678108215332,16,0,0,0.0,0.0
gated_alive:a_003:25528,a_003,25528,65.51818084716797,-10.082409858703613,16,0,0,0.0,0.0
gated_alive:a_003:25632,a_003,25632,-42.3430061340332,31.664854049682617,16,0,0,0.0,0.0
gated_alive:a_003:25802,a_003,25802,-21.814186096191406,38.93346405029297,16,0,0,0.0,0.0
gated_alive:a_003:25893,a_003,25893,26.882083892822266,50.43422317504883,16,0,0,0.0,0.0
gated_alive:a_003:25988,a_003,25988,29.718605041503906,29.1754093170166,16,0,0,0.0,0.0
gated_alive:a_003:26299,a_003,26299,55.63618850708008,2.9769082069396973,16,0,0,0.0,0.0
gated_alive:a_003:26308,a_003,26308,28.63776969909668,37.80379867553711,16,0,0,0.0,0.0
gated_alive:a_003:26349,a_003,26349,19.203744888305664,-11.057291984558105,16,0,0,0.0,0.0
gated_alive:a_003:26488,a_003,26488,22.90212631225586,-13.395366668701172,16,0,0,0.0,0.0
gated_alive:a_003:26489,a_003,26489,14.407052040100098,-50.647701263427734,16,5,5,0.3125,0.3125
gated_alive:a_003:26590,a_003,26590,55.08256530761719,-8.453776359558105,16,0,0,0.0,0.0
gated_alive:a_003:26621,a_003,26621,-31.8194637298584,45.34711456298828,16,0,0,0.0,0.0
gated_alive:a_003:26856,a_003,26856,-7.5031609535217285,59.82535171508789,16,0,0,0.0,0.0
gated_alive:a_003:26902,a_003,26902,29.586854934692383,-19.745641708374023,16,0,0,0.0,0.0
gated_alive:a_003:26919,a_003,26919,20.207626342773438,-1.7949373722076416,16,0,0,0.0,0.0
gated_alive:a_003:26943,a_003,26943,9.361051559448242,40.53725814819336,16,0,0,0.0,0.0
gated_alive:a_003:27384,a_003,27384,51.897972106933594,35.34068298339844,16,0,0,0.0,0.0
gated_alive:a_003:27469,a_003,27469,49.54383850097656,4.574003219604492,16,0,0,0.0,0.0
gated_alive:a_003:27486,a_003,27486,-21.359241485595703,37.198787689208984,16,0,0,0.0,0.0
gated_alive:a_003:27689,a_003,27689,66.87543487548828,-22.09015655517578,16,0,0,0.0,0.0
gated_alive:a_003:27952,a_003,27952,14.94484806060791,-1.974800705909729,16,0,0,0.0,0.0
gated_alive:a_003:27984,a_003,27984,-13.72590160369873,-37.903526306152344,16,0,0,0.0,0.0
gated_alive:a_003:28250,a_003,28250,45.08910369873047,-28.37732696533203,16,0,0,0.0,0.0
gated_alive:a_003:28327,a_003,28327,51.335262298583984,35.57149124145508,16,0,0,0.0,0.0
gated_alive:a_003:28434,a_003,28434,-57.34196090698242,34.77724838256836,16,0,0,0.0,0.0
gated_alive:a_003:28561,a_003,28561,3.5044963359832764,44.95858383178711,16,0,0,0.0,0.0
gated_alive:a_003:28598,a_003,28598,50.41014099121094,8.759598731994629,16,0,0,0.0,0.0
gated_alive:a_003:29008,a_003,29008,42.16809844970703,-24.91025161743164,16,0,0,0.0,0.0
gated_alive:a_003:29248,a_003,29248,51.615257263183594,-28.30022430419922,16,0,0,0.0,0.0
gated_alive:a_003:30496,a_003,30496,23.28231430053711,-15.315865516662598,16,0,0,0.0,0.0
gated_alive:a_003:30514,a_003,30514,44.330902099609375,-4.26028299331665,16,0,0,0.0,0.0
gated_alive:a_003:30645,a_003,30645,66.85576629638672,-23.206207275390625,16,0,0,0.0,0.0
gated_alive:a_003:30800,a_003,30800,-17.984498977661133,34.576080322265625,16,0,0,0.0,0.0
gated_alive:a_003:30895,a_003,30895,40.48400115966797,-7.392584800720215,16,0,0,0.0,0.0
gated_alive:a_003:31039,a_003,31039,-19.04324722290039,36.498992919921875,16,0,0,0.0,0.0
gated_alive:a_003:31123,a_003,31123,-24.74658966064453,28.40001678466797,16,0,0,0.0,0.0
gated_alive:a_003:31616,a_003,31616,18.842782974243164,53.68207550048828,16,0,0,0.0,0.0
gated_alive:a_003:31690,a_003,31690,-13.767684936523438,28.237157821655273,16,0,0,0.0,0.0
gated_alive:a_003:31739,a_003,31739,27.653852462768555,53.450382232666016,16,0,0,0.0,0.0
gated_alive:a_003:32249,a_003,32249,41.748207092285156,-6.422260761260986,16,0,0,0.0,0.0
gated_alive:a_003:32317,a_003,32317,49.80419158935547,-7.992424011230469,16,0,0,0.0,0.0
gated_alive:a_003:32361,a_003,32361,36.87126922607422,-6.065215110778809,16,0,0,0.0,0.0
gated_alive:a_003:32797,a_003,32797,21.424497604370117,-38.37140655517578,16,0,0,0.0,0.0
gated_alive:a_003:32844,a_003,32844,-20.642051696777344,19.67544174194336,16,0,0,0.0,0.0
gated_alive:a_003:32934,a_003,32934,5.41025972366333,44.457359313964844,16,0,0,0.0,0.0
gated_alive:a_003:33122,a_003,33122,-49.764774322509766,-48.09376525878906,16,0,0,0.0,0.0
gated_alive:a_003:33274,a_003,33274,15.576020240783691,35.66678237915039,16,0,0,0.0,0.0
gated_alive:a_003:33321,a_003,33321,5.452669143676758,52.00377655029297,16,0,0,0.0,0.0
gated_alive:a_003:33451,a_003,33451,-4.96401309967041,-42.669517517089844,16,0,0,0.0,0.0
gated_alive:a_003:33478,a_003,33478,29.040414810180664,47.83986282348633,16,0,0,0.0,0.0
gated_alive:a_003:33513,a_003,33513,-28.555387496948242,45.81630325317383,16,0,0,0.0,0.0
gated_alive:a_003:33516,a_003,33516,38.70869064331055,29.18101692199707,16,0,0,0.0,0.0
gated_alive:a_003:33680,a_003,33680,22.175342559814453,60.35105895996094,16,0,0,0.0,0.0
gated_alive:a_003:33719,a_003,33719,11.130860328674316,39.390403747558594,16,0,0,0.0,0.0
gated_alive:a_003:34082,a_003,34082,-7.524465560913086,10.250903129577637,16,0,0,0.0,0.0
gated_alive:a_003:34390,a_003,34390,10.23514175415039,60.467098236083984,16,0,0,0.0,0.0
gated_alive:a_003:34461,a_003,34461,7.967163562774658,45.690670013427734,16,0,0,0.0,0.0
gated_alive:a_003:34475,a_003,34475,38.83470153808594,-33.644718170166016,16,0,0,0.0,0.0
gated_alive:a_003:34896,a_003,34896,26.094884872436523,36.263736724853516,16,0,0,0.0,0.0
gated_alive:a_003:35136,a_003,35136,-9.98485279083252,-26.025306701660156,16,0,0,0.0,0.0
gated_alive:a_003:35323,a_003,35323,42.24238586425781,-33.97637176513672,16,0,0,0.0,0.0
gated_alive:a_003:36320,a_003,36320,-24.625213623046875,39.150550842285156,16,0,0,0.0,0.0
gated_alive:a_003:36345,a_003,36345,-26.249492645263672,48.87601852416992,16,0,0,0.0,0.0
gated_alive:a_003:36448,a_003,36448,40.599334716796875,-26.698503494262695,16,0,0,0.0,0.0
gated_alive:a_003:36635,a_003,36635,51.60837936401367,-9.230525016784668,16,0,0,0.0,0.0
gated_alive:a_003:36957,a_003,36957,-9.570985794067383,56.5021858215332,16,0,0,0.0,0.0
gated_alive:a_003:37180,a_003,37180,-46.22166442871094,-30.028608322143555,16,0,0,0.0,0.0
gated_alive:a_003:37186,a_003,37186,31.930173873901367,52.515235900878906,16,0,0,0.0,0.0
gated_alive:a_003:37216,a_003,37216,-21.727418899536133,38.629817962646484,16,0,0,0.0,0.0
gated_alive:a_003:37694,a_003,37694,-2.624373197555542,39.16205978393555,16,0,0,0.0,0.0
gated_alive:a_003:37826,a_003,37826,-32.22713088989258,-12.269180297851562,16,0,0,0.0,0.0
gated_alive:a_003:38416,a_003,38416,58.42488479614258,-23.17681121826172,16,0,0,0.0,0.0
gated_alive:a_003:38620,a_003,38620,-10.221151351928711,53.21837615966797,16,0,0,0.0,0.0
gated_alive:a_003:38744,a_003,38744,52.631187438964844,-27.658126831054688,16,0,0,0.0,0.0
gated_alive:a_003:38803,a_003,38803,50.31694030761719,-20.646780014038086,16,0,0,0.0,0.0
gated_alive:a_003:38956,a_003,38956,24.221660614013672,7.59036922454834,16,0,0,0.0,0.0
gated_alive:a_003:39049,a_003,39049,36.645263671875,-21.139984130859375,16,0,0,0.0,0.0
gated_alive:a_003:39373,a_003,39373,-24.595178604125977,29.635425567626953,16,0,0,0.0,0.0
gated_alive:a_003:39927,a_003,39927,13.302756309509277,-39.81329345703125,16,0,1,0.0,0.0625
gated_alive:a_003:39939,a_003,39939,-8.256285667419434,54.98436737060547,16,0,0,0.0,0.0
gated_alive:a_003:40155,a_003,40155,-16.945556640625,44.42097473144531,16,0,0,0.0,0.0
gated_alive:a_003:40325,a_003,40325,32.47201156616211,23.091520309448242,16,0,0,0.0,0.0
gated_alive:a_003:40332,a_003,40332,50.485572814941406,8.607743263244629,16,0,0,0.0,0.0
gated_alive:a_003:40632,a_003,40632,-8.434602737426758,-50.998016357421875,16,0,0,0.0,0.0
gated_alive:a_003:40907,a_003,40907,67.46844482421875,-21.147228240966797,16,0,0,0.0,0.0
gated_alive:a_003:41088,a_003,41088,-6.217024803161621,-1.6677409410476685,16,0,0,0.0,0.0
gated_alive:a_003:41093,a_003,41093,29.818811416625977,-19.433666229248047,16,5,4,0.3125,0.25
gated_alive:a_003:41167,a_003,41167,-31.302282333374023,50.88053894042969,16,0,0,0.0,0.0
gated_alive:a_003:41391,a_003,41391,-52.850341796875,13.2721529006958,16,0,0,0.0,0.0
gated_alive:a_003:41877,a_003,41877,-4.097175121307373,23.85020637512207,16,0,0,0.0,0.0
gated_alive:a_003:42503,a_003,42503,-4.002643585205078,56.080482482910156,16,0,0,0.0,0.0
gated_alive:a_003:42514,a_003,42514,17.73938751220703,47.9090690612793,16,0,0,0.0,0.0
gated_alive:a_003:42885,a_003,42885,30.310274124145508,19.69118309020996,16,0,0,0.0,0.0
gated_alive:a_003:43045,a_003,43045,39.7962760925293,-25.99158477783203,16,0,0,0.0,0.0
gated_alive:a_003:43395,a_003,43395,43.01327133178711,-17.236682891845703,16,0,0,0.0,0.0
gated_alive:a_003:43413,a_003,43413,-3.2841830253601074,27.524171829223633,16,0,0,0.0,0.0
gated_alive:a_003:43490,a_003,43490,-27.61134147644043,1.6679631471633911,16,0,0,0.0,0.0
gated_alive:a_003:43846,a_003,43846,-14.390894889831543,10.988627433776855,16,0,0,0.0,0.0
gated_alive:a_003:43905,a_003,43905,-40.65135955810547,44.473445892333984,16,0,0,0.0,0.0
gated_alive:a_003:43955,a_003,43955,26.55983543395996,35.414031982421875,16,0,0,0.0,0.0
gated_alive:a_003:44045,a_003,44045,56.88218307495117,5.186797618865967,16,0,0,0.0,0.0
gated_alive:a_003:44100,a_003,44100,7.009059429168701,53.674442291259766,16,0,0,0.0,0.0
gated_alive:a_003:44323,a_003,44323,48.71767044067383,-9.12583065032959,16,0,0,0.0,0.0
gated_alive:a_003:44562,a_003,44562,-39.286598205566406,-10.40204906463623,16,0,0,0.0,0.0
gated_alive:a_003:44947,a_003,44947,44.773555755615234,13.746649742126465,16,0,0,0.0,0.0
gated_alive:a_003:45023,a_003,45023,41.277618408203125,-35.570068359375,16,0,0,0.0,0.0
gated_alive:a_003:45049,a_003,45049,-9.765469551086426,9.315001487731934,16,0,0,0.0,0.0
gated_alive:a_003:45553,a_003,45553,-31.35406494140625,51.113712310791016,16,0,0,0.0,0.0
gated_alive:a_003:45627,a_003,45627,13.047187805175781,-1.25315260887146,16,0,0,0.0,0.0
gated_alive:a_003:45685,a_003,45685,-2.7869505882263184,11.605510711669922,16,0,0,0.0,0.0
gated_alive:a_003:45739,a_003,45739,-26.312620162963867,41.735626220703125,16,0,0,0.0,0.0
gated_alive:a_003:45769,a_003,45769,29.643760681152344,28.59201431274414,16,0,0,0.0,0.0
gated_alive:a_003:45778,a_003,45778,-18.283864974975586,-45.917259216308594,16,0,0,0.0,0.0
gated_alive:a_003:46209,a_003,46209,18.091693878173828,-40.27753448486328,16,0,0,0.0,0.0
gated_alive:a_003:46327,a_003,46327,54.82716369628906,-13.357687950134277,16,0,0,0.0,0.0
gated_alive:a_003:46500,a_003,46500,-26.276769638061523,33.41559600830078,16,0,0,0.0,0.0
gated_alive:a_003:46909,a_003,46909,21.042509078979492,57.22331619262695,16,0,0,0.0,0.0
gated_alive:a_003:47352,a_003,47352,71.6363296508789,-25.023122787475586,16,0,0,0.0,0.0
gated_alive:a_003:47414,a_003,47414,27.81839370727539,28.04313850402832,16,0,0,0.0,0.0
gated_alive:a_003:47809,a_003,47809,46.21270751953125,-29.94041633605957,16,0,0,0.0,0.0
gated_alive:a_003:47901,a_003,47901,0.7703832983970642,-38.65841293334961,16,0,0,0.0,0.0
gated_alive:a_003:48370,a_003,48370,27.4019832611084,57.25946044921875,16,0,0,0.0,0.0
gated_alive:a_003:48638,a_003,48638,-33.207149505615234,25.36298179626465,16,0,0,0.0,0.0
gated_alive:a_003:48662,a_003,48662,50.43680191040039,-17.719993591308594,16,0,0,0.0,0.0
gated_alive:a_003:48747,a_003,48747,67.23722076416016,-22.401226043701172,16,0,0,0.0,0.0
gated_alive:a_003:49060,a_003,49060,8.292984962463379,-41.24327087402344,16,0,0,0.0,0.0
gated_alive:a_003:49433,a_003,49433,4.81134033203125,-24.829423904418945,16,0,0,0.0,0.0
gated_alive:a_003:49664,a_003,49664,-39.111473083496094,-11.964228630065918,16,0,0,0.0,0.0
gated_alive:a_003:50061,a_003,50061,49.023719787597656,-10.5542573928833,16,0,0,0.0,0.0
gated_alive:a_003:50066,a_003,50066,44.041866302490234,-8.659934997558594,16,0,0,0.0,0.0
gated_alive:a_003:50793,a_003,50793,54.941558837890625,-10.746109962463379,16,0,0,0.0,0.0
gated_alive:a_003:50849,a_003,50849,-40.91786575317383,25.805294036865234,16,0,0,0.0,0.0
gated_alive:a_003:50902,a_003,50902,-44.66864776611328,-24.4144287109375,16,0,0,0.0,0.0
gated_alive:a_003:51704,a_003,51704,31.839290618896484,-21.57488441467285,16,0,0,0.0,0.0
gated_alive:a_003:51786,a_003,51786,13.987561225891113,4.36297082901001,16,0,0,0.0,0.0
gated_alive:a_003:51892,a_003,51892,46.44483184814453,3.404688596725464,16,0,0,0.0,0.0
gated_alive:a_003:52182,a_003,52182,21.15727424621582,42.78524398803711,16,0,0,0.0,0.0
gated_alive:a_003:52246,a_003,52246,-28.01218032836914,39.75048065185547,16,0,0,0.0,0.0
gated_alive:a_003:52305,a_003,52305,19.841550827026367,-14.006035804748535,16,0,0,0.0,0.0
gated_alive:a_003:52475,a_003,52475,10.43552017211914,38.939674377441406,16,0,0,0.0,0.0
gated_alive:a_003:52761,a_003,52761,-36.84492111206055,33.54253005981445,16,0,0,0.0,0.0
gated_alive:a_003:53024,a_003,53024,2.974318504333496,48.83837127685547,16,0,0,0.0,0.0
gated_alive:a_003:53166,a_003,53166,44.88005828857422,13.509782791137695,16,0,0,0.0,0.0
gated_alive:a_003:53248,a_003,53248,46.161006927490234,-22.56983184814453,16,0,0,0.0,0.0
gated_alive:a_003:53304,a_003,53304,-27.429677963256836,48.16859817504883,16,0,0,0.0,0.0
gated_alive:a_003:53738,a_003,53738,-30.29274559020996,-4.23836088180542,16,0,0,0.0,0.0
gated_alive:a_003:53846,a_003,53846,45.908687591552734,-18.231218338012695,16,0,0,0.0,0.0
gated_alive:a_003:54759,a_003,54759,60.82670593261719,-16.597049713134766,16,5,3,0.3125,0.1875
gated_alive:a_003:54812,a_003,54812,-2.062368631362915,33.66140365600586,16,0,0,0.0,0.0
gated_alive:a_003:54985,a_003,54985,20.714895248413086,-14.753129005432129,16,0,0,0.0,0.0
gated_alive:a_003:55028,a_003,55028,6.517584323883057,47.256465911865234,16,0,0,0.0,0.0
gated_alive:a_003:55151,a_003,55151,72.77595520019531,-20.16276741027832,16,0,0,0.0,0.0
gated_alive:a_003:55220,a_003,55220,-41.985260009765625,43.13116455078125,16,0,0,0.0,0.0
gated_alive:a_003:55564,a_003,55564,32.735374450683594,18.13315200805664,16,0,0,0.0,0.0
gated_alive:a_003:55732,a_003,55732,-49.46057891845703,5.535002708435059,16,0,0,0.0,0.0
gated_alive:a_003:56179,a_003,56179,-8.056875228881836,4.307220458984375,16,0,0,0.0,0.0
gated_alive:a_003:56481,a_003,56481,43.8643684387207,0.2405218780040741,16,0,1,0.0,0.0625
gated_alive:a_003:56910,a_003,56910,34.7645378112793,11.986541748046875,16,0,0,0.0,0.0
gated_alive:a_003:56993,a_003,56993,43.02260971069336,9.12544059753418,16,0,0,0.0,0.0
gated_alive:a_003:57232,a_003,57232,-31.788692474365234,32.98405075073242,16,0,0,0.0,0.0
gated_alive:a_003:57398,a_003,57398,25.14289665222168,37.078338623046875,16,0,0,0.0,0.0
gated_alive:a_003:57518,a_003,57518,43.529170989990234,-15.747549057006836,16,0,0,0.0,0.0
gated_alive:a_003:57756,a_003,57756,14.19798469543457,31.63131332397461,16,0,0,0.0,0.0
gated_alive:a_003:58173,a_003,58173,-48.431190490722656,-0.696246325969696,16,0,0,0.0,0.0
gated_alive:a_003:58188,a_003,58188,43.82277297973633,43.30534362792969,16,0,0,0.0,0.0
gated_alive:a_003:58256,a_003,58256,40.5760498046875,14.225432395935059,16,0,0,0.0,0.0
gated_alive:a_003:58443,a_003,58443,5.881920337677002,65.43901062011719,16,0,0,0.0,0.0
gated_alive:a_003:58462,a_003,58462,30.32145118713379,32.56764602661133,16,0,0,0.0,0.0
gated_alive:a_003:58697,a_003,58697,41.6606330871582,-5.926440715789795,16,0,0,0.0,0.0
gated_alive:a_003:58709,a_003,58709,33.55611038208008,-30.877704620361328,16,0,0,0.0,0.0
gated_alive:a_003:58834,a_003,58834,35.44610595703125,37.60890579223633,16,0,0,0.0,0.0
gated_alive:a_003:58936,a_003,58936,70.52161407470703,-16.589908599853516,16,0,0,0.0,0.0
gated_alive:a_003:58975,a_003,58975,40.94123840332031,-6.93484354019165,16,0,0,0.0,0.0
gated_alive:a_003:59319,a_003,59319,43.54792022705078,11.600130081176758,16,0,0,0.0,0.0
gated_alive:a_003:59465,a_003,59465,-37.01850509643555,55.33900833129883,16,0,0,0.0,0.0
gated_alive:a_003:59472,a_003,59472,-48.07036590576172,-14.31654167175293,16,0,0,0.0,0.0
gated_alive:a_003:59834,a_003,59834,-11.932272911071777,-39.41410446166992,16,0,0,0.0,0.0
gated_alive:a_003:60269,a_003,60269,-5.613830089569092,0.25438618659973145,16,0,0,0.0,0.0
gated_alive:a_003:60379,a_003,60379,58.31803512573242,-3.1814141273498535,16,0,0,0.0,0.0
gated_alive:a_003:60520,a_003,60520,49.31361770629883,-13.471531867980957,16,0,0,0.0,0.0
gated_alive:a_003:60947,a_003,60947,9.369547843933105,39.37572479248047,16,0,0,0.0,0.0
gated_alive:a_003:61318,a_003,61318,30.53046417236328,-7.400278568267822,16,0,0,0.0,0.0
gated_alive:a_003:61476,a_003,61476,51.348453521728516,-3.6608150005340576,16,0,0,0.0,0.0
gated_alive:a_003:61851,a_003,61851,46.03413391113281,12.144536018371582,16,0,0,0.0,0.0
gated_alive:a_003:62111,a_003,62111,-37.79315948486328,24.496152877807617,16,0,0,0.0,0.0
gated_alive:a_003:62460,a_003,62460,20.312049865722656,-16.157747268676758,16,0,0,0.0,0.0
gated_alive:a_003:62635,a_003,62635,0.27620819211006165,42.09849548339844,16,0,0,0.0,0.0
gated_alive:a_003:62683,a_003,62683,72.11994934082031,-19.43975257873535,16,0,0,0.0,0.0
gated_alive:a_003:62759,a_003,62759,21.907407760620117,52.07960510253906,16,0,0,0.0,0.0
gated_alive:a_003:63022,a_003,63022,25.16061782836914,17.455904006958008,16,0,0,0.0,0.0
gated_alive:a_003:63381,a_003,63381,17.777101516723633,-10.318588256835938,16,1,0,0.0625,0.0
gated_alive:a_003:63511,a_003,63511,1.433844804763794,15.642254829406738,16,0,0,0.0,0.0
gated_alive:a_003:63677,a_003,63677,-0.7943097352981567,39.39765548706055,16,0,0,0.0,0.0
gated_alive:a_003:64010,a_003,64010,33.07140350341797,51.55909729003906,16,0,0,0.0,0.0
gated_alive:a_003:64071,a_003,64071,26.914091110229492,44.578487396240234,16,0,0,0.0,0.0
gated_alive:a_003:64237,a_003,64237,71.97814178466797,-18.566823959350586,16,0,0,0.0,0.0
gated_alive:a_003:64306,a_003,64306,23.264148712158203,43.79098892211914,16,0,0,0.0,0.0
gated_alive:a_003:64612,a_003,64612,10.137447357177734,48.278385162353516,16,0,0,0.0,0.0
gated_alive:a_003:64649,a_003,64649,57.244483947753906,-6.552763938903809,16,0,0,0.0,0.0
gated_alive:a_003:64704,a_003,64704,55.12345886230469,-7.640891075134277,16,0,0,0.0,0.0
gated_alive:a_003:64793,a_003,64793,13.692566871643066,6.1024556159973145,16,0,0,0.0,0.0
gated_alive:a_003:65451,a_003,65451,6.315709590911865,55.16049575805664,16,0,0,0.0,0.0
gated_alive:a_003:65481,a_003,65481,29.591352462768555,26.674917221069336,16,0,0,0.0,0.0
gated_alive:a_003:65649,a_003,65649,40.57063674926758,-2.5444583892822266,16,0,0,0.0,0.0
gated_alive:a_003:65720,a_003,65720,16.440406799316406,50.20729446411133,16,0,0,0.0,0.0
gated_alive:a_003:65770,a_003,65770,5.779529094696045,-22.199220657348633,16,0,0,0.0,0.0
gated_alive:a_003:65816,a_003,65816,28.45023536682129,48.06958770751953,16,0,0,0.0,0.0
gated_alive:a_003:66359,a_003,66359,69.96422576904297,-16.085548400878906,16,0,0,0.0,0.0
gated_alive:a_003:66458,a_003,66458,13.335675239562988,37.008243560791016,16,0,0,0.0,0.0
gated_alive:a_003:66580,a_003,66580,19.581676483154297,-9.647847175598145,16,0,0,0.0,0.0
gated_alive:a_003:66740,a_003,66740,54.404579162597656,0.35017281770706177,16,0,0,0.0,0.0
gated_alive:a_003:66828,a_003,66828,1.324034571647644,40.90821075439453,16,0,0,0.0,0.0
gated_alive:a_003:66968,a_003,66968,5.4979329109191895,-7.807796001434326,16,0,0,0.0,0.0
gated_alive:a_003:67203,a_003,67203,44.982662200927734,-0.23545704782009125,16,0,0,0.0,0.0
gated_alive:a_003:67220,a_003,67220,56.192298889160156,-13.771907806396484,16,0,0,0.0,0.0
gated_alive:a_003:67330,a_003,67330,67.61153411865234,-23.2414608001709,16,0,0,0.0,0.0
gated_alive:a_003:67375,a_003,67375,-29.24710464477539,42.04080581665039,16,0,0,0.0,0.0
gated_alive:a_003:67692,a_003,67692,-5.034516334533691,46.72414016723633,16,0,0,0.0,0.0
gated_alive:a_003:67865,a_003,67865,-59.02009582519531,-6.097662448883057,16,0,0,0.0,0.0
gated_alive:a_003:68000,a_003,68000,25.467329025268555,41.899906158447266,16,0,0,0.0,0.0
gated_alive:a_003:68145,a_003,68145,5.936024188995361,-35.86555099487305,16,0,0,0.0,0.0
gated_alive:a_003:68146,a_003,68146,8.908244132995605,54.3419303894043,16,0,0,0.0,0.0
gated_alive:a_003:68437,a_003,68437,-14.775365829467773,-36.78288269042969,16,0,0,0.0,0.0
gated_alive:a_003:68466,a_003,68466,9.506487846374512,57.01271057128906,16,0,0,0.0,0.0
gated_alive:a_003:68479,a_003,68479,-13.380960464477539,1.946226954460144,16,0,0,0.0,0.0
gated_alive:a_003:68705,a_003,68705,-24.395915985107422,37.02911376953125,16,0,0,0.0,0.0
gated_alive:a_003:68911,a_003,68911,-39.095664978027344,13.752800941467285,16,0,0,0.0,0.0
gated_alive:a_003:69063,a_003,69063,-28.174734115600586,24.796178817749023,16,0,0,0.0,0.0
gated_alive:a_003:69140,a_003,69140,-27.429670333862305,40.50982666015625,16,0,0,0.0,0.0
gated_alive:a_003:69322,a_003,69322,43.897064208984375,-29.208816528320312,16,0,0,0.0,0.0
gated_alive:a_003:69452,a_003,69452,23.37289047241211,-5.5667619705200195,16,0,0,0.0,0.0
gated_alive:a_003:69541,a_003,69541,17.189579010009766,20.52602195739746,16,0,0,0.0,0.0
gated_alive:a_003:69604,a_003,69604,18.876644134521484,-11.613720893859863,16,0,0,0.0,0.0
gated_alive:a_003:69696,a_003,69696,36.03453063964844,-34.12763214111328,16,0,0,0.0,0.0
gated_alive:a_003:70137,a_003,70137,40.36305236816406,27.634912490844727,16,0,0,0.0,0.0
gated_alive:a_003:70294,a_003,70294,24.302614212036133,-8.687707901000977,16,0,0,0.0,0.0
gated_alive:a_003:70350,a_003,70350,76.21143341064453,-24.182458877563477,16,0,0,0.0,0.0
gated_alive:a_003:70610,a_003,70610,11.001666069030762,-34.74922561645508,16,0,0,0.0,0.0
gated_alive:a_003:70643,a_003,70643,51.956302642822266,5.762023448944092,16,0,0,0.0,0.0
gated_alive:a_003:70768,a_003,70768,-1.4419952630996704,10.593644142150879,16,0,0,0.0,0.0
gated_alive:a_003:71179,a_003,71179,-21.747949600219727,20.04218864440918,16,0,0,0.0,0.0
gated_alive:a_003:71757,a_003,71757,-11.087642669677734,24.726247787475586,16,0,0,0.0,0.0
gated_alive:a_003:71942,a_003,71942,22.322072982788086,49.05060577392578,16,0,0,0.0,0.0
gated_alive:a_003:71976,a_003,71976,-2.98359751701355,-46.13749694824219,16,0,0,0.0,0.0
gated_alive:a_003:71993,a_003,71993,37.40469741821289,-7.554471015930176,16,0,0,0.0,0.0
gated_alive:a_003:72338,a_003,72338,10.332944869995117,42.011940002441406,16,0,0,0.0,0.0
gated_alive:a_003:72755,a_003,72755,-47.1804313659668,24.67775535583496,16,0,0,0.0,0.0
gated_alive:a_003:72775,a_003,72775,6.522951126098633,37.60108947753906,16,0,0,0.0,0.0
gated_alive:a_003:73063,a_003,73063,10.412652969360352,60.84565734863281,16,0,0,0.0,0.0
gated_alive:a_003:73262,a_003,73262,48.19609451293945,-6.003794193267822,16,0,0,0.0,0.0
gated_alive:a_003:73293,a_003,73293,-4.441628932952881,16.523414611816406,16,0,0,0.0,0.0
gated_alive:a_003:73481,a_003,73481,75.9497299194336,-22.692245483398438,16,0,0,0.0,0.0
gated_alive:a_003:73690,a_003,73690,-0.09515491873025894,44.92290496826172,16,0,0,0.0,0.0
gated_alive:a_003:73691,a_003,73691,1.962992548942566,44.92292404174805,16,0,0,0.0,0.0
gated_alive:a_003:73780,a_003,73780,35.92330551147461,-3.358828544616699,16,0,0,0.0,0.0
gated_alive:a_003:74253,a_003,74253,72.63423919677734,-21.138134002685547,16,0,0,0.0,0.0
gated_alive:a_003:74293,a_003,74293,8.84073257446289,-32.63933181762695,16,0,0,0.0,0.0
gated_alive:a_003:74329,a_003,74329,36.20464324951172,1.214629054069519,16,10,5,0.625,0.3125
gated_alive:a_003:74504,a_003,74504,44.49462890625,-1.703513264656067,16,0,0,0.0,0.0
gated_alive:a_003:74972,a_003,74972,41.51313400268555,-26.00633430480957,16,0,0,0.0,0.0
gated_alive:a_003:75273,a_003,75273,-7.274573802947998,-48.77401351928711,16,0,0,0.0,0.0
gated_alive:a_003:75474,a_003,75474,28.12786102294922,26.10411834716797,16,0,0,0.0,0.0
gated_alive:a_003:75506,a_003,75506,42.972007751464844,9.012838363647461,16,0,0,0.0,0.0
gated_alive:a_003:75896,a_003,75896,-53.488399505615234,36.90206527709961,16,0,0,0.0,0.0
gated_alive:a_003:76492,a_003,76492,-22.762939453125,38.82429504394531,16,0,0,0.0,0.0
gated_alive:a_003:76752,a_003,76752,17.141834259033203,-26.945369720458984,16,0,0,0.0,0.0
gated_alive:a_003:76761,a_003,76761,-2.922581672668457,31.78010368347168,16,0,0,0.0,0.0
gated_alive:a_003:76792,a_003,76792,37.22693634033203,-21.932435989379883,16,0,0,0.0,0.0
gated_alive:a_003:77011,a_003,77011,37.84966278076172,-24.102962493896484,16,0,0,0.0,0.0
gated_alive:a_003:77369,a_003,77369,39.028377532958984,-19.72804069519043,16,0,0,0.0,0.0
gated_alive:a_003:77397,a_003,77397,6.700815200805664,-7.617285251617432,16,0,0,0.0,0.0
gated_alive:a_003:77488,a_003,77488,30.233299255371094,38.92783737182617,16,0,0,0.0,0.0
gated_alive:a_003:77751,a_003,77751,32.94451904296875,-28.71028709411621,16,0,0,0.0,0.0
gated_alive:a_003:77865,a_003,77865,-0.9844210147857666,22.42500877380371,16,0,0,0.0,0.0
gated_alive:a_003:77999,a_003,77999,52.518943786621094,-30.137922286987305,16,0,0,0.0,0.0
gated_alive:a_003:78054,a_003,78054,40.131568908691406,3.508363962173462,16,0,0,0.0,0.0
gated_alive:a_003:78177,a_003,78177,4.751556396484375,43.33195495605469,16,0,0,0.0,0.0
gated_alive:a_003:78544,a_003,78544,43.03178787231445,-0.5947520732879639,16,0,0,0.0,0.0
gated_alive:a_003:78611,a_003,78611,-37.71925354003906,40.879905700683594,16,0,0,0.0,0.0
gated_alive:a_003:78619,a_003,78619,32.553245544433594,18.217836380004883,16,0,0,0.0,0.0
gated_alive:a_003:78687,a_003,78687,70.03041076660156,-30.774009704589844,16,0,0,0.0,0.0
gated_alive:a_003:78799,a_003,78799,71.10057067871094,-25.043476104736328,16,0,0,0.0,0.0
gated_alive:a_003:78921,a_003,78921,39.006290435791016,-7.6545891761779785,16,0,0,0.0,0.0
gated_alive:a_003:78951,a_003,78951,0.10181030631065369,17.90744972229004,16,0,0,0.0,0.0
gated_alive:a_003:79112,a_003,79112,32.46346664428711,-42.87529373168945,16,0,0,0.0,0.0
gated_alive:a_003:79114,a_003,79114,42.285064697265625,-33.889892578125,16,0,0,0.0,0.0
gated_alive:a_003:79381,a_003,79381,40.005374908447266,-6.18353796005249,16,0,0,0.0,0.0
gated_alive:a_003:79412,a_003,79412,25.498865127563477,-20.788660049438477,16,0,1,0.0,0.0625
gated_alive:a_003:79475,a_003,79475,-0.983916163444519,46.4437141418457,16,0,0,0.0,0.0
gated_alive:a_003:80101,a_003,80101,52.810001373291016,2.540449619293213,16,0,0,0.0,0.0
gated_alive:a_003:80154,a_003,80154,14.705788612365723,56.60690689086914,16,0,0,0.0,0.0
gated_alive:a_003:80245,a_003,80245,37.77744674682617,6.139837265014648,16,0,0,0.0,0.0
gated_alive:a_003:80338,a_003,80338,38.753211975097656,-4.421464443206787,16,7,5,0.4375,0.3125
gated_alive:a_003:80881,a_003,80881,38.314144134521484,-8.365446090698242,16,0,0,0.0,0.0
gated_alive:a_003:80961,a_003,80961,40.194053649902344,3.4534285068511963,16,0,0,0.0,0.0
gated_alive:a_003:81050,a_003,81050,42.93854522705078,-21.67095184326172,16,0,0,0.0,0.0
gated_alive:a_003:81343,a_003,81343,-39.882408142089844,23.690507888793945,16,0,0,0.0,0.0
gated_alive:a_003:81376,a_003,81376,-28.279987335205078,24.9260196685791,16,0,0,0.0,0.0
gated_alive:a_003:81800,a_003,81800,27.116703033447266,53.48281478881836,16,0,0,0.0,0.0
gated_alive:a_003:81822,a_003,81822,10.905843734741211,-34.883995056152344,16,0,0,0.0,0.0
gated_alive:a_003:82065,a_003,82065,-22.655902862548828,50.80398941040039,16,0,0,0.0,0.0
gated_alive:a_003:82186,a_003,82186,35.3471794128418,29.45380210876465,16,0,0,0.0,0.0
gated_alive:a_003:82257,a_003,82257,-38.664642333984375,5.070143222808838,16,0,0,0.0,0.0
gated_alive:a_003:82352,a_003,82352,-4.573988914489746,37.170711517333984,16,0,0,0.0,0.0
gated_alive:a_003:82568,a_003,82568,2.0435845851898193,43.67069625854492,16,0,0,0.0,0.0
gated_alive:a_003:82720,a_003,82720,25.719703674316406,55.847835540771484,16,0,0,0.0,0.0
gated_alive:a_003:82773,a_003,82773,46.47567367553711,7.0210371017456055,16,0,0,0.0,0.0
gated_alive:a_003:82833,a_003,82833,-43.10108947753906,-36.953155517578125,16,0,0,0.0,0.0
gated_alive:a_003:83192,a_003,83192,-50.69536209106445,38.4019660949707,16,0,0,0.0,0.0
gated_alive:a_003:83370,a_003,83370,49.95918655395508,4.459709644317627,16,0,0,0.0,0.0
gated_alive:a_003:83633,a_003,83633,-15.449969291687012,59.153541564941406,16,0,0,0.0,0.0
gated_alive:a_003:83702,a_003,83702,39.26070022583008,-23.61056137084961,16,0,0,0.0,0.0
gated_alive:a_003:84134,a_003,84134,0.6660774350166321,48.99079513549805,16,0,0,0.0,0.0
gated_alive:a_003:84259,a_003,84259,51.03147506713867,14.46212100982666,16,0,0,0.0,0.0
gated_alive:a_003:84503,a_003,84503,5.987929821014404,40.221214294433594,16,0,0,0.0,0.0
gated_alive:a_003:84676,a_003,84676,53.425811767578125,-10.806143760681152,16,0,0,0.0,0.0
gated_alive:a_003:85361,a_003,85361,6.241267681121826,-14.427294731140137,16,0,0,0.0,0.0
gated_alive:a_003:85529,a_003,85529,12.416314125061035,-0.9769449830055237,16,0,0,0.0,0.0
gated_alive:a_003:85912,a_003,85912,42.10797882080078,-1.2589417695999146,16,0,0,0.0,0.0
gated_alive:a_003:86108,a_003,86108,22.466964721679688,-10.97389030456543,16,0,0,0.0,0.0
gated_alive:a_003:86123,a_003,86123,53.133827209472656,-7.143760681152344,16,0,0,0.0,0.0
gated_alive:a_003:86703,a_003,86703,-5.951213359832764,13.230889320373535,16,0,0,0.0,0.0
gated_alive:a_003:86847,a_003,86847,56.56413269042969,-23.534713745117188,16,0,0,0.0,0.0
gated_alive:a_003:86994,a_003,86994,27.03692626953125,-21.545263290405273,16,0,0,0.0,0.0
gated_alive:a_003:87431,a_003,87431,-0.5572189092636108,-30.470664978027344,16,0,0,0.0,0.0
gated_alive:a_003:87432,a_003,87432,13.579975128173828,45.51023483276367,16,0,0,0.0,0.0
gated_alive:a_003:87489,a_003,87489,-29.069080352783203,34.8941764831543,16,0,0,0.0,0.0
gated_alive:a_003:87647,a_003,87647,51.76441192626953,-11.211878776550293,16,0,0,0.0,0.0
gated_alive:a_003:87807,a_003,87807,-54.11859893798828,-32.26255798339844,16,0,0,0.0,0.0
gated_alive:a_003:87923,a_003,87923,-5.441422462463379,-53.54930877685547,16,0,0,0.0,0.0
gated_alive:a_003:88228,a_003,88228,-4.835535049438477,21.043792724609375,16,0,0,0.0,0.0
gated_alive:a_003:88332,a_003,88332,29.58807945251465,-19.743976593017578,16,0,0,0.0,0.0
gated_alive:a_003:88531,a_003,88531,3.2450098991394043,27.60770034790039,16,0,0,0.0,0.0
gated_alive:a_003:88608,a_003,88608,57.349830627441406,-1.7431303262710571,16,0,0,0.0,0.0
gated_alive:a_003:89010,a_003,89010,19.11766815185547,-17.629056930541992,16,0,0,0.0,0.0
gated_alive:a_003:89318,a_003,89318,-7.545106410980225,-46.44257736206055,16,0,0,0.0,0.0
gated_alive:a_003:89326,a_003,89326,6.2855634689331055,-40.97087860107422,16,0,0,0.0,0.0
gated_alive:a_003:89453,a_003,89453,30.364612579345703,25.48666763305664,16,0,0,0.0,0.0
gated_alive:a_003:89606,a_003,89606,36.728763580322266,-5.282036304473877,16,0,0,0.0,0.0
gated_alive:a_003:89770,a_003,89770,41.07748794555664,6.689375400543213,16,0,0,0.0,0.0
gated_alive:a_003:89947,a_003,89947,29.237550735473633,6.407740592956543,16,0,0,0.0,0.0
gated_alive:a_003:89965,a_003,89965,10.948710441589355,39.469974517822266,16,0,0,0.0,0.0
gated_alive:a_003:91196,a_003,91196,-37.59858703613281,53.88732147216797,16,0,0,0.0,0.0
gated_alive:a_003:91225,a_003,91225,-30.25112533569336,31.043825149536133,16,0,0,0.0,0.0
gated_alive:a_003:91505,a_003,91505,-23.67325782775879,12.22305679321289,16,0,0,0.0,0.0
gated_alive:a_003:92331,a_003,92331,-44.397422790527344,29.911989212036133,16,0,0,0.0,0.0
gated_alive:a_003:92677,a_003,92677,-10.766279220581055,-24.81712532043457,16,0,0,0.0,0.0
gated_alive:a_003:92791,a_003,92791,-1.1058287620544434,-13.913437843322754,16,0,0,0.0,0.0
gated_alive:a_003:93184,a_003,93184,-10.707484245300293,25.638574600219727,16,0,0,0.0,0.0
gated_alive:a_003:93485,a_003,93485,-48.07221603393555,11.157368659973145,16,0,0,0.0,0.0
gated_alive:a_003:93607,a_003,93607,1.0149166584014893,-45.89061737060547,16,0,0,0.0,0.0
gated_alive:a_003:93717,a_003,93717,-48.952003479003906,41.376319885253906,16,0,0,0.0,0.0
gated_alive:a_003:93811,a_003,93811,-11.868817329406738,2.655543088912964,16,0,0,0.0,0.0
gated_alive:a_003:93958,a_003,93958,-19.36054801940918,6.76475715637207,16,0,0,0.0,0.0
gated_alive:a_003:93982,a_003,93982,5.618121147155762,-15.405628204345703,16,0,0,0.0,0.0
gated_alive:a_003:94028,a_003,94028,-40.809539794921875,38.265899658203125,16,0,0,0.0,0.0
gated_alive:a_003:94046,a_003,94046,-12.679028511047363,4.983099937438965,16,0,0,0.0,0.0
gated_alive:a_003:94596,a_003,94596,15.173940658569336,47.96786880493164,16,0,0,0.0,0.0
gated_alive:a_003:94865,a_003,94865,-30.320499420166016,33.76594924926758,16,0,0,0.0,0.0
gated_alive:a_003:94979,a_003,94979,51.761375427246094,-34.02936935424805,16,5,5,0.3125,0.3125
gated_alive:a_003:95023,a_003,95023,24.34136199951172,45.47983932495117,16,0,0,0.0,0.0
gated_alive:a_003:95395,a_003,95395,-11.640684127807617,3.983541965484619,16,0,0,0.0,0.0
gated_alive:a_003:95512,a_003,95512,-46.69933319091797,-27.74797821044922,16,0,0,0.0,0.0
gated_alive:a_003:95822,a_003,95822,51.649349212646484,31.166868209838867,16,0,0,0.0,0.0
gated_alive:a_003:95906,a_003,95906,-6.854753017425537,8.213155746459961,16,0,0,0.0,0.0
gated_alive:a_003:96223,a_003,96223,11.752373695373535,-0.178185373544693,16,0,0,0.0,0.0
gated_alive:a_003:96401,a_003,96401,1.9436792135238647,38.126094818115234,16,0,0,0.0,0.0
gated_alive:a_003:96461,a_003,96461,6.663739204406738,-39.55389404296875,16,0,0,0.0,0.0
gated_alive:a_003:96583,a_003,96583,29.26932144165039,53.21601867675781,16,0,0,0.0,0.0
gated_alive:a_003:96628,a_003,96628,-14.634871482849121,18.572521209716797,16,0,0,0.0,0.0
gated_alive:a_003:96652,a_003,96652,39.65436935424805,-27.844797134399414,16,0,0,0.0,0.0
gated_alive:a_003:96710,a_003,96710,4.792777061462402,-53.36481857299805,16,0,0,0.0,0.0
gated_alive:a_003:96925,a_003,96925,52.92158508300781,-26.26991844177246,16,0,0,0.0,0.0
gated_alive:a_004:7,a_004,7,27.130949020385742,25.858802795410156,13,0,0,0.0,0.0
gated_alive:a_004:765,a_004,765,-16.013341903686523,36.275718688964844,13,0,0,0.0,0.0
gated_alive:a_004:1092,a_004,1092,49.00910186767578,8.9104585647583,13,0,0,0.0,0.0
gated_alive:a_004:1137,a_004,1137,-36.8466682434082,-8.388785362243652,13,0,0,0.0,0.0
gated_alive:a_004:1526,a_004,1526,47.80611801147461,-21.566740036010742,13,0,0,0.0,0.0
gated_alive:a_004:1903,a_004,1903,4.244707107543945,41.806304931640625,13,0,0,0.0,0.0
gated_alive:a_004:2167,a_004,2167,-15.834379196166992,-13.724204063415527,13,0,0,0.0,0.0
gated_alive:a_004:2198,a_004,2198,19.333518981933594,-34.38937759399414,13,0,0,0.0,0.0
gated_alive:a_004:2511,a_004,2511,-22.600950241088867,40.397037506103516,13,0,0,0.0,0.0
gated_alive:a_004:2793,a_004,2793,56.258766174316406,-5.243984699249268,13,0,0,0.0,0.0
gated_alive:a_004:3262,a_004,3262,26.672897338867188,0.9481233954429626,13,0,0,0.0,0.0
gated_alive:a_004:3444,a_004,3444,12.230955123901367,58.277061462402344,13,0,0,0.0,0.0
gated_alive:a_004:3854,a_004,3854,20.559370040893555,47.90604019165039,13,0,0,0.0,0.0
gated_alive:a_004:4472,a_004,4472,-13.268123626708984,-27.003522872924805,13,0,0,0.0,0.0
gated_alive:a_004:4606,a_004,4606,64.67401885986328,-27.803781509399414,13,0,0,0.0,0.0
gated_alive:a_004:4971,a_004,4971,39.390777587890625,-22.522043228149414,13,0,0,0.0,0.0
gated_alive:a_004:5426,a_004,5426,45.181034088134766,-29.688650131225586,13,0,0,0.0,0.0
gated_alive:a_004:5958,a_004,5958,-28.675783157348633,29.446603775024414,13,0,0,0.0,0.0
gated_alive:a_004:6024,a_004,6024,47.31086730957031,-20.607622146606445,13,0,0,0.0,0.0
gated_alive:a_004:6180,a_004,6180,-21.412031173706055,-24.17112159729004,13,0,0,0.0,0.0
gated_alive:a_004:6372,a_004,6372,-10.048612594604492,3.492098808288574,13,0,0,0.0,0.0
gated_alive:a_004:6578,a_004,6578,-1.0660909414291382,-49.61576843261719,13,0,0,0.0,0.0
gated_alive:a_004:6899,a_004,6899,3.74033784866333,-34.7145881652832,13,0,0,0.0,0.0
gated_alive:a_004:7079,a_004,7079,-43.97333908081055,9.38114070892334,13,0,1,0.0,0.07692307692307693
gated_alive:a_004:7244,a_004,7244,26.677993774414062,53.271915435791016,13,0,0,0.0,0.0
gated_alive:a_004:7696,a_004,7696,-37.24692916870117,36.455284118652344,13,0,0,0.0,0.0
gated_alive:a_004:7751,a_004,7751,19.534473419189453,46.46625518798828,13,0,1,0.0,0.07692307692307693
gated_alive:a_004:8837,a_004,8837,6.550930500030518,-27.487451553344727,13,0,0,0.0,0.0
gated_alive:a_004:10690,a_004,10690,40.19331359863281,24.379858016967773,13,0,0,0.0,0.0
gated_alive:a_004:10723,a_004,10723,-18.937314987182617,14.856287956237793,13,0,0,0.0,0.0
gated_alive:a_004:11210,a_004,11210,11.875507354736328,53.01773452758789,13,0,0,0.0,0.0
gated_alive:a_004:11460,a_004,11460,-50.671512603759766,37.632633209228516,13,0,0,0.0,0.0
gated_alive:a_004:12411,a_004,12411,-46.415287017822266,23.974374771118164,13,0,2,0.0,0.15384615384615385
gated_alive:a_004:12412,a_004,12412,19.278520584106445,55.979183197021484,13,0,0,0.0,0.0
gated_alive:a_004:12569,a_004,12569,-7.948707580566406,41.036922454833984,13,0,0,0.0,0.0
gated_alive:a_004:12827,a_004,12827,-11.721879005432129,-27.597272872924805,13,0,0,0.0,0.0
gated_alive:a_004:12919,a_004,12919,-50.905029296875,30.857646942138672,13,0,0,0.0,0.0
gated_alive:a_004:12920,a_004,12920,50.54732894897461,-10.120074272155762,13,0,0,0.0,0.0
gated_alive:a_004:13191,a_004,13191,3.8445932865142822,44.4661750793457,13,0,0,0.0,0.0
gated_alive:a_004:13364,a_004,13364,-14.462477684020996,9.299904823303223,13,0,0,0.0,0.0
gated_alive:a_004:13580,a_004,13580,10.799946784973145,52.956336975097656,13,0,0,0.0,0.0
gated_alive:a_004:14051,a_004,14051,-5.1685614585876465,28.87740135192871,13,0,0,0.0,0.0
gated_alive:a_004:14213,a_004,14213,-36.9567756652832,36.60592269897461,13,0,0,0.0,0.0
gated_alive:a_004:14875,a_004,14875,50.20378875732422,-25.920894622802734,13,0,0,0.0,0.0
gated_alive:a_004:14918,a_004,14918,29.516050338745117,44.12855529785156,13,0,0,0.0,0.0
gated_alive:a_004:15191,a_004,15191,-18.545482635498047,30.724512100219727,13,0,0,0.0,0.0
gated_alive:a_004:15577,a_004,15577,-15.967268943786621,23.249967575073242,13,0,0,0.0,0.0
gated_alive:a_004:15905,a_004,15905,41.104034423828125,-15.41624641418457,13,0,0,0.0,0.0
gated_alive:a_004:16011,a_004,16011,26.919048309326172,37.24510192871094,13,1,4,0.07692307692307693,0.3076923076923077
gated_alive:a_004:16234,a_004,16234,-10.942456245422363,45.875213623046875,13,0,0,0.0,0.0
gated_alive:a_004:16449,a_004,16449,-43.93227767944336,33.47935104370117,13,0,0,0.0,0.0
gated_alive:a_004:16770,a_004,16770,25.823867797851562,-40.75432205200195,13,0,0,0.0,0.0
gated_alive:a_004:16808,a_004,16808,14.119330406188965,53.809852600097656,13,0,0,0.0,0.0
gated_alive:a_004:16810,a_004,16810,-9.552685737609863,-41.940757751464844,13,0,0,0.0,0.0
gated_alive:a_004:17001,a_004,17001,35.163330078125,23.559345245361328,13,0,0,0.0,0.0
gated_alive:a_004:17439,a_004,17439,-59.957969665527344,-6.072994709014893,13,0,0,0.0,0.0
gated_alive:a_004:17501,a_004,17501,27.04473876953125,34.96261215209961,13,0,0,0.0,0.0
gated_alive:a_004:17518,a_004,17518,19.87135887145996,-10.52336311340332,13,0,0,0.0,0.0
gated_alive:a_004:17585,a_004,17585,-4.598964691162109,34.42539978027344,13,0,0,0.0,0.0
gated_alive:a_004:18562,a_004,18562,-32.485252380371094,34.898284912109375,13,0,0,0.0,0.0
gated_alive:a_004:19442,a_004,19442,-43.2051887512207,25.723779678344727,13,0,0,0.0,0.0
gated_alive:a_004:19817,a_004,19817,-29.939151763916016,-34.43727111816406,13,0,0,0.0,0.0
gated_alive:a_004:20068,a_004,20068,-34.1573600769043,36.26813888549805,13,0,0,0.0,0.0
gated_alive:a_004:20133,a_004,20133,34.70398712158203,28.49829864501953,13,0,0,0.0,0.0
gated_alive:a_004:20778,a_004,20778,-18.918983459472656,39.331703186035156,13,0,0,0.0,0.0
gated_alive:a_004:20860,a_004,20860,46.727081298828125,39.65520095825195,13,0,0,0.0,0.0
gated_alive:a_004:21586,a_004,21586,8.568680763244629,64.81375885009766,13,0,0,0.0,0.0
gated_alive:a_004:21616,a_004,21616,-31.19965934753418,22.613595962524414,13,0,0,0.0,0.0
gated_alive:a_004:21945,a_004,21945,49.374385833740234,-20.520177841186523,13,0,0,0.0,0.0
gated_alive:a_004:22321,a_004,22321,20.683568954467773,32.414756774902344,13,0,0,0.0,0.0
gated_alive:a_004:22391,a_004,22391,10.60515308380127,41.567447662353516,13,0,0,0.0,0.0
gated_alive:a_004:22730,a_004,22730,-13.272461891174316,-36.6888427734375,13,0,0,0.0,0.0
gated_alive:a_004:22958,a_004,22958,-34.61917495727539,36.741024017333984,13,0,0,0.0,0.0
gated_alive:a_004:23403,a_004,23403,51.85504913330078,-23.988231658935547,13,0,0,0.0,0.0
gated_alive:a_004:23588,a_004,23588,-35.438907623291016,29.41837501525879,13,0,0,0.0,0.0
gated_alive:a_004:24079,a_004,24079,-37.95134735107422,-36.65019607543945,13,0,0,0.0,0.0
gated_alive:a_004:24118,a_004,24118,50.874324798583984,14.284418106079102,13,0,0,0.0,0.0
gated_alive:a_004:24303,a_004,24303,-8.232198715209961,28.568593978881836,13,0,0,0.0,0.0
gated_alive:a_004:24341,a_004,24341,-32.154178619384766,34.964576721191406,13,0,0,0.0,0.0
gated_alive:a_004:24484,a_004,24484,61.35143280029297,-13.08074951171875,13,0,0,0.0,0.0
gated_alive:a_004:24501,a_004,24501,25.98538589477539,30.663564682006836,13,0,0,0.0,0.0
gated_alive:a_004:24635,a_004,24635,28.926820755004883,33.35379409790039,13,0,0,0.0,0.0
gated_alive:a_004:25216,a_004,25216,2.984773635864258,36.28447723388672,13,0,0,0.0,0.0
gated_alive:a_004:25501,a_004,25501,-27.636688232421875,17.73268699645996,13,0,0,0.0,0.0
gated_alive:a_004:26076,a_004,26076,-0.681723415851593,45.72683334350586,13,0,0,0.0,0.0
gated_alive:a_004:26996,a_004,26996,2.762533187866211,16.409404754638672,13,0,0,0.0,0.0
gated_alive:a_004:27025,a_004,27025,-31.556459426879883,36.553958892822266,13,0,0,0.0,0.0
gated_alive:a_004:27147,a_004,27147,-19.652381896972656,-33.360107421875,13,0,0,0.0,0.0
gated_alive:a_004:27301,a_004,27301,7.871102333068848,44.11178970336914,13,0,0,0.0,0.0
gated_alive:a_004:27916,a_004,27916,5.203017711639404,40.71430969238281,13,0,0,0.0,0.0
gated_alive:a_004:28033,a_004,28033,10.985713958740234,59.40493392944336,13,0,0,0.0,0.0
gated_alive:a_004:28358,a_004,28358,51.415470123291016,-21.225772857666016,13,0,0,0.0,0.0
gated_alive:a_004:28379,a_004,28379,2.38793683052063,44.6517219543457,13,0,0,0.0,0.0
gated_alive:a_004:28408,a_004,28408,20.305997848510742,-42.73072814941406,13,0,0,0.0,0.0
gated_alive:a_004:28573,a_004,28573,-6.980336666107178,26.977846145629883,13,0,0,0.0,0.0
gated_alive:a_004:29251,a_004,29251,23.022062301635742,49.04254150390625,13,0,0,0.0,0.0
gated_alive:a_004:29503,a_004,29503,20.33899688720703,41.86768341064453,13,0,0,0.0,0.0
gated_alive:a_004:29604,a_004,29604,-41.2941780090332,38.44144058227539,13,0,0,0.0,0.0
gated_alive:a_004:29686,a_004,29686,-13.880650520324707,4.430008888244629,13,0,0,0.0,0.0
gated_alive:a_004:29716,a_004,29716,7.790067195892334,43.3543586730957,13,0,0,0.0,0.0
gated_alive:a_004:29717,a_004,29717,12.932807922363281,-28.709495544433594,13,0,0,0.0,0.0
gated_alive:a_004:30055,a_004,30055,-16.616334915161133,-21.928380966186523,13,0,0,0.0,0.0
gated_alive:a_004:30379,a_004,30379,42.38837432861328,-26.514572143554688,13,0,0,0.0,0.0
gated_alive:a_004:31413,a_004,31413,11.874229431152344,32.343502044677734,13,0,0,0.0,0.0
gated_alive:a_004:31609,a_004,31609,21.131690979003906,55.77754211425781,13,0,0,0.0,0.0
gated_alive:a_004:31718,a_004,31718,-31.84502410888672,32.593204498291016,13,0,0,0.0,0.0
gated_alive:a_004:32016,a_004,32016,-17.13072395324707,-0.7867222428321838,13,0,0,0.0,0.0
gated_alive:a_004:32035,a_004,32035,45.9814453125,33.51117706298828,13,0,0,0.0,0.0
gated_alive:a_004:32197,a_004,32197,-4.919384479522705,-40.50233840942383,13,0,0,0.0,0.0
gated_alive:a_004:32323,a_004,32323,-33.49314498901367,31.94858741760254,13,0,0,0.0,0.0
gated_alive:a_004:32671,a_004,32671,28.870075225830078,28.095762252807617,13,0,0,0.0,0.0
gated_alive:a_004:32745,a_004,32745,27.681272506713867,-1.336861491203308,13,0,0,0.0,0.0
gated_alive:a_004:32861,a_004,32861,-35.66118240356445,28.142169952392578,13,0,0,0.0,0.0
gated_alive:a_004:33462,a_004,33462,0.9611716866493225,43.98489761352539,13,0,0,0.0,0.0
gated_alive:a_004:33489,a_004,33489,15.208568572998047,42.270790100097656,13,0,0,0.0,0.0
gated_alive:a_004:34475,a_004,34475,49.945858001708984,3.667923927307129,13,0,1,0.0,0.07692307692307693
gated_alive:a_004:34655,a_004,34655,24.813732147216797,53.370628356933594,13,0,0,0.0,0.0
gated_alive:a_004:35600,a_004,35600,-23.176023483276367,38.825740814208984,13,0,0,0.0,0.0
gated_alive:a_004:35626,a_004,35626,-43.67353057861328,-0.04782530292868614,13,0,0,0.0,0.0
gated_alive:a_004:36213,a_004,36213,57.53816223144531,-15.952898979187012,13,0,0,0.0,0.0
gated_alive:a_004:36944,a_004,36944,27.04176902770996,44.02082061767578,13,0,0,0.0,0.0
gated_alive:a_004:37971,a_004,37971,40.108909606933594,-6.565360069274902,13,0,0,0.0,0.0
gated_alive:a_004:38129,a_004,38129,-46.3897705078125,34.454750061035156,13,0,0,0.0,0.0
gated_alive:a_004:38624,a_004,38624,10.995604515075684,31.596561431884766,13,0,0,0.0,0.0
gated_alive:a_004:39486,a_004,39486,4.29557991027832,1.6222676038742065,13,0,0,0.0,0.0
gated_alive:a_004:40233,a_004,40233,-31.99688148498535,29.214780807495117,13,0,0,0.0,0.0
gated_alive:a_004:40340,a_004,40340,-5.145644664764404,19.341888427734375,13,0,0,0.0,0.0
gated_alive:a_004:40582,a_004,40582,-31.505149841308594,37.8659782409668,13,0,0,0.0,0.0
gated_alive:a_004:41039,a_004,41039,-3.8486344814300537,32.31661605834961,13,0,0,0.0,0.0
gated_alive:a_004:41156,a_004,41156,-6.413655757904053,-46.78837966918945,13,0,0,0.0,0.0
gated_alive:a_004:41203,a_004,41203,-5.783393383026123,19.66642951965332,13,0,0,0.0,0.0
gated_alive:a_004:41487,a_004,41487,9.416656494140625,47.00770568847656,13,0,0,0.0,0.0
gated_alive:a_004:41499,a_004,41499,-12.551314353942871,-39.23712158203125,13,0,0,0.0,0.0
gated_alive:a_004:41628,a_004,41628,0.1555134356021881,-26.874603271484375,13,0,1,0.0,0.07692307692307693
gated_alive:a_004:41666,a_004,41666,7.902512550354004,38.81800079345703,13,0,0,0.0,0.0
gated_alive:a_004:41672,a_004,41672,-37.41795349121094,35.973358154296875,13,0,0,0.0,0.0
gated_alive:a_004:42075,a_004,42075,4.830492973327637,54.71277618408203,13,0,0,0.0,0.0
gated_alive:a_004:42205,a_004,42205,-39.324851989746094,38.47018051147461,13,0,0,0.0,0.0
gated_alive:a_004:43260,a_004,43260,-43.55221939086914,31.705793380737305,13,0,0,0.0,0.0
gated_alive:a_004:43418,a_004,43418,37.93617248535156,50.456363677978516,13,0,0,0.0,0.0
gated_alive:a_004:43477,a_004,43477,-7.4155707359313965,-55.66350555419922,13,0,4,0.0,0.3076923076923077
gated_alive:a_004:43495,a_004,43495,-22.575132369995117,-12.040961265563965,13,0,0,0.0,0.0
gated_alive:a_004:43580,a_004,43580,-8.35054874420166,13.641646385192871,13,0,0,0.0,0.0
gated_alive:a_004:43820,a_004,43820,-17.97655487060547,34.49805450439453,13,0,0,0.0,0.0
gated_alive:a_004:44028,a_004,44028,38.287899017333984,-23.946802139282227,13,0,1,0.0,0.07692307692307693
gated_alive:a_004:44332,a_004,44332,-35.57228088378906,35.826751708984375,13,0,0,0.0,0.0
gated_alive:a_004:44408,a_004,44408,18.981264114379883,26.843053817749023,13,0,0,0.0,0.0
gated_alive:a_004:44440,a_004,44440,-14.012299537658691,-37.811519622802734,13,0,0,0.0,0.0
gated_alive:a_004:44543,a_004,44543,-11.748377799987793,3.7089345455169678,13,0,0,0.0,0.0
gated_alive:a_004:44644,a_004,44644,8.499731063842773,42.24263000488281,13,0,0,0.0,0.0
gated_alive:a_004:44770,a_004,44770,38.10544204711914,-13.942703247070312,13,0,0,0.0,0.0
gated_alive:a_004:45705,a_004,45705,-12.56849479675293,19.079164505004883,13,0,0,0.0,0.0
gated_alive:a_004:45849,a_004,45849,-49.75998306274414,36.36038589477539,13,0,0,0.0,0.0
gated_alive:a_004:47755,a_004,47755,14.815119743347168,36.11296081542969,13,0,0,0.0,0.0
gated_alive:a_004:47779,a_004,47779,-37.08723449707031,-19.706884384155273,13,0,0,0.0,0.0
gated_alive:a_004:48752,a_004,48752,8.243844985961914,46.93415069580078,13,0,0,0.0,0.0
gated_alive:a_004:49166,a_004,49166,-9.311720848083496,40.100284576416016,13,0,0,0.0,0.0
gated_alive:a_004:49190,a_004,49190,56.75774383544922,-11.021059036254883,13,0,0,0.0,0.0
gated_alive:a_004:49343,a_004,49343,-47.91624069213867,37.1966552734375,13,0,0,0.0,0.0
gated_alive:a_004:49625,a_004,49625,52.08527755737305,-22.19317626953125,13,0,0,0.0,0.0
gated_alive:a_004:50175,a_004,50175,54.716224670410156,15.312726974487305,13,0,0,0.0,0.0
gated_alive:a_004:50278,a_004,50278,13.974605560302734,42.208797454833984,13,0,0,0.0,0.0
gated_alive:a_004:50732,a_004,50732,-37.970611572265625,-11.977959632873535,13,0,0,0.0,0.0
gated_alive:a_004:50974,a_004,50974,-49.2847785949707,39.0972785949707,13,0,0,0.0,0.0
gated_alive:a_004:51101,a_004,51101,-35.30099868774414,36.771148681640625,13,0,0,0.0,0.0
gated_alive:a_004:51562,a_004,51562,45.52195358276367,-17.171201705932617,13,0,0,0.0,0.0
gated_alive:a_004:51801,a_004,51801,-39.58470916748047,-6.858359336853027,13,0,0,0.0,0.0
gated_alive:a_004:52196,a_004,52196,-30.149396896362305,-14.480454444885254,13,0,0,0.0,0.0
gated_alive:a_004:52363,a_004,52363,-5.671181678771973,-45.64345169067383,13,0,0,0.0,0.0
gated_alive:a_004:52601,a_004,52601,0.5976173877716064,44.79621887207031,13,0,0,0.0,0.0
gated_alive:a_004:52784,a_004,52784,14.954779624938965,37.29817581176758,13,0,0,0.0,0.0
gated_alive:a_004:52830,a_004,52830,55.75931167602539,34.5280647277832,13,0,0,0.0,0.0
gated_alive:a_004:52951,a_004,52951,6.725785255432129,-48.62394332885742,13,0,0,0.0,0.0
gated_alive:a_004:53019,a_004,53019,25.853717803955078,54.74263381958008,13,0,0,0.0,0.0
gated_alive:a_004:53128,a_004,53128,-1.6901198625564575,35.17603302001953,13,0,0,0.0,0.0
gated_alive:a_004:53742,a_004,53742,-7.555695533752441,-19.118148803710938,13,0,0,0.0,0.0
gated_alive:a_004:54854,a_004,54854,-38.92571258544922,38.928794860839844,13,0,0,0.0,0.0
gated_alive:a_004:55206,a_004,55206,2.001708745956421,42.26491165161133,13,0,0,0.0,0.0
gated_alive:a_004:55313,a_004,55313,-7.111884593963623,16.42889976501465,13,0,0,0.0,0.0
gated_alive:a_004:55688,a_004,55688,47.40427017211914,-17.457128524780273,13,0,0,0.0,0.0
gated_alive:a_004:55766,a_004,55766,-3.4068551063537598,32.43440246582031,13,0,0,0.0,0.0
gated_alive:a_004:57284,a_004,57284,-28.382545471191406,-14.108034133911133,13,0,0,0.0,0.0
gated_alive:a_004:57354,a_004,57354,46.949913024902344,-29.0791015625,13,0,0,0.0,0.0
gated_alive:a_004:57768,a_004,57768,20.384719848632812,-27.46456527709961,13,0,0,0.0,0.0
gated_alive:a_004:58007,a_004,58007,-48.773990631103516,-3.98624324798584,13,0,0,0.0,0.0
gated_alive:a_004:58320,a_004,58320,-19.35157012939453,22.118867874145508,13,0,0,0.0,0.0
gated_alive:a_004:58413,a_004,58413,15.138991355895996,43.071441650390625,13,0,0,0.0,0.0
gated_alive:a_004:58422,a_004,58422,11.467906951904297,57.26809310913086,13,0,0,0.0,0.0
gated_alive:a_004:58434,a_004,58434,49.79719924926758,8.277820587158203,13,0,0,0.0,0.0
gated_alive:a_004:58457,a_004,58457,-38.18629837036133,38.39823913574219,13,0,0,0.0,0.0
gated_alive:a_004:58492,a_004,58492,16.678007125854492,50.72998809814453,13,0,0,0.0,0.0
gated_alive:a_004:58689,a_004,58689,-0.9176610112190247,36.835880279541016,13,0,0,0.0,0.0
gated_alive:a_004:58882,a_004,58882,-35.23395538330078,-3.6937031745910645,13,0,0,0.0,0.0
gated_alive:a_004:59423,a_004,59423,-33.273372650146484,-14.154714584350586,13,0,0,0.0,0.0
gated_alive:a_004:59829,a_004,59829,16.21247100830078,49.74625778198242,13,0,0,0.0,0.0
gated_alive:a_004:59895,a_004,59895,-19.76799964904785,15.498495101928711,13,0,0,0.0,0.0
gated_alive:a_004:60033,a_004,60033,-39.531578063964844,40.000450134277344,13,0,0,0.0,0.0
gated_alive:a_004:60181,a_004,60181,14.530384063720703,30.832839965820312,13,0,0,0.0,0.0
gated_alive:a_004:60339,a_004,60339,-18.016557693481445,17.32393455505371,13,0,0,0.0,0.0
gated_alive:a_004:60426,a_004,60426,-43.637081146240234,-27.937557220458984,13,0,0,0.0,0.0
gated_alive:a_004:61209,a_004,61209,9.277820587158203,35.40724182128906,13,0,0,0.0,0.0
gated_alive:a_004:61349,a_004,61349,-0.7949493527412415,-45.51671600341797,13,0,0,0.0,0.0
gated_alive:a_004:61451,a_004,61451,-46.96508026123047,-27.801090240478516,13,0,0,0.0,0.0
gated_alive:a_004:62133,a_004,62133,-36.9857177734375,38.89900207519531,13,0,0,0.0,0.0
gated_alive:a_004:62207,a_004,62207,-20.116243362426758,-19.98661994934082,13,0,0,0.0,0.0
gated_alive:a_004:62811,a_004,62811,4.641365051269531,40.671730041503906,13,0,0,0.0,0.0
gated_alive:a_004:62836,a_004,62836,-15.756482124328613,31.461275100708008,13,0,0,0.0,0.0
gated_alive:a_004:62888,a_004,62888,-36.5289421081543,28.984642028808594,13,0,0,0.0,0.0
gated_alive:a_004:63058,a_004,63058,-32.14896011352539,38.97871398925781,13,0,0,0.0,0.0
gated_alive:a_004:63173,a_004,63173,46.95824432373047,40.340545654296875,13,0,0,0.0,0.0
gated_alive:a_004:63256,a_004,63256,58.87760925292969,5.817037105560303,13,0,0,0.0,0.0
gated_alive:a_004:64357,a_004,64357,43.820621490478516,-26.464624404907227,13,0,0,0.0,0.0
gated_alive:a_004:64381,a_004,64381,10.337512969970703,-17.418739318847656,13,0,0,0.0,0.0
gated_alive:a_004:64922,a_004,64922,-34.36851119995117,-14.23731517791748,13,0,0,0.0,0.0
gated_alive:a_004:65079,a_004,65079,-44.12168884277344,-0.09315834194421768,13,0,0,0.0,0.0
gated_alive:a_004:65189,a_004,65189,-30.118894577026367,33.03854751586914,13,0,0,0.0,0.0
gated_alive:a_004:65205,a_004,65205,-9.094407081604004,31.718454360961914,13,0,0,0.0,0.0
gated_alive:a_004:65229,a_004,65229,-34.711727142333984,-14.983654975891113,13,0,0,0.0,0.0
gated_alive:a_004:65451,a_004,65451,46.05513000488281,-29.021692276000977,13,0,3,0.0,0.23076923076923078
gated_alive:a_004:65589,a_004,65589,-32.022682189941406,36.1877326965332,13,0,0,0.0,0.0
gated_alive:a_004:65728,a_004,65728,19.770660400390625,-10.656356811523438,13,0,0,0.0,0.0
gated_alive:a_004:65737,a_004,65737,-41.05482864379883,42.02730178833008,13,0,0,0.0,0.0
gated_alive:a_004:66008,a_004,66008,49.28227996826172,-35.18571090698242,13,3,7,0.23076923076923078,0.5384615384615384
gated_alive:a_004:66192,a_004,66192,1.5686655044555664,-47.53029251098633,13,0,0,0.0,0.0
gated_alive:a_004:66456,a_004,66456,-43.487728118896484,39.92464828491211,13,0,0,0.0,0.0
gated_alive:a_004:66779,a_004,66779,-13.727705001831055,46.83597183227539,13,0,0,0.0,0.0
gated_alive:a_004:67698,a_004,67698,-42.2569580078125,36.86985397338867,13,0,0,0.0,0.0
gated_alive:a_004:67856,a_004,67856,-36.5909423828125,28.915685653686523,13,0,0,0.0,0.0
gated_alive:a_004:67910,a_004,67910,53.67129898071289,-15.2483549118042,13,0,0,0.0,0.0
gated_alive:a_004:67974,a_004,67974,-39.899574279785156,-38.203643798828125,13,0,0,0.0,0.0
gated_alive:a_004:68346,a_004,68346,11.131587982177734,45.99449920654297,13,0,0,0.0,0.0
gated_alive:a_004:68416,a_004,68416,53.93670654296875,29.294769287109375,13,0,4,0.0,0.3076923076923077
gated_alive:a_004:68456,a_004,68456,15.075709342956543,41.53485870361328,13,0,0,0.0,0.0
gated_alive:a_004:68558,a_004,68558,8.929139137268066,53.273197174072266,13,0,0,0.0,0.0
gated_alive:a_004:68585,a_004,68585,1.5482994318008423,-47.99757385253906,13,0,0,0.0,0.0
gated_alive:a_004:68641,a_004,68641,-1.9853538274765015,13.633477210998535,13,0,0,0.0,0.0
gated_alive:a_004:69299,a_004,69299,-31.91136932373047,35.99509048461914,13,0,0,0.0,0.0
gated_alive:a_004:69308,a_004,69308,-38.2416877746582,38.97650146484375,13,0,0,0.0,0.0
gated_alive:a_004:69348,a_004,69348,-32.22331619262695,33.28089904785156,13,0,0,0.0,0.0
gated_alive:a_004:69488,a_004,69488,23.471221923828125,-39.21438980102539,13,0,2,0.0,0.15384615384615385
gated_alive:a_004:69574,a_004,69574,-30.70070457458496,37.30769729614258,13,0,0,0.0,0.0
gated_alive:a_004:69652,a_004,69652,-54.54473876953125,34.97798156738281,13,0,1,0.0,0.07692307692307693
gated_alive:a_004:69742,a_004,69742,42.326107025146484,-15.764864921569824,13,0,0,0.0,0.0
gated_alive:a_004:69839,a_004,69839,25.55908203125,42.570213317871094,13,0,0,0.0,0.0
gated_alive:a_004:70205,a_004,70205,10.741658210754395,-27.834529876708984,13,0,0,0.0,0.0
gated_alive:a_004:70227,a_004,70227,-35.87704086303711,-16.2088623046875,13,0,0,0.0,0.0
gated_alive:a_004:70327,a_004,70327,15.454998016357422,46.0092887878418,13,0,0,0.0,0.0
gated_alive:a_004:70630,a_004,70630,-23.736909866333008,-14.650223731994629,13,0,0,0.0,0.0
gated_alive:a_004:71184,a_004,71184,-22.233678817749023,39.03384017944336,13,0,0,0.0,0.0
gated_alive:a_004:71309,a_004,71309,-14.430057525634766,-37.763057708740234,13,0,0,0.0,0.0
gated_alive:a_004:71316,a_004,71316,25.319664001464844,-21.21450424194336,13,0,0,0.0,0.0
gated_alive:a_004:71394,a_004,71394,-3.741093397140503,53.40340805053711,13,0,0,0.0,0.0
gated_alive:a_004:71532,a_004,71532,52.52120590209961,30.5699405670166,13,0,0,0.0,0.0
gated_alive:a_004:71888,a_004,71888,-13.259371757507324,-22.20354461669922,13,0,0,0.0,0.0
gated_alive:a_004:71961,a_004,71961,43.243873596191406,-15.765093803405762,13,0,0,0.0,0.0
gated_alive:a_004:72083,a_004,72083,-33.144100189208984,-13.534093856811523,13,0,0,0.0,0.0
gated_alive:a_004:72270,a_004,72270,-53.886898040771484,-32.41424560546875,13,0,0,0.0,0.0
gated_alive:a_004:72360,a_004,72360,-25.898929595947266,-28.706676483154297,13,0,0,0.0,0.0
gated_alive:a_004:72547,a_004,72547,-11.817389488220215,-64.54035949707031,13,0,0,0.0,0.0
gated_alive:a_004:73338,a_004,73338,-23.9014949798584,-55.42573547363281,13,0,0,0.0,0.0
gated_alive:a_004:74089,a_004,74089,49.83903884887695,-18.558284759521484,13,0,0,0.0,0.0
gated_alive:a_004:74176,a_004,74176,20.562814712524414,31.81758689880371,13,0,0,0.0,0.0
gated_alive:a_004:74396,a_004,74396,-39.65083694458008,-34.8378791809082,13,0,0,0.0,0.0
gated_alive:a_004:74558,a_004,74558,5.507216453552246,59.48971939086914,13,0,0,0.0,0.0
gated_alive:a_004:75019,a_004,75019,38.920005798339844,-22.83295440673828,13,0,0,0.0,0.0
gated_alive:a_004:75231,a_004,75231,16.501447677612305,40.11868667602539,13,0,0,0.0,0.0
gated_alive:a_004:75279,a_004,75279,19.22216796875,46.11199951171875,13,0,0,0.0,0.0
gated_alive:a_004:75305,a_004,75305,-35.0839958190918,-17.054922103881836,13,0,0,0.0,0.0
gated_alive:a_004:75948,a_004,75948,21.573135375976562,47.5590934753418,13,0,0,0.0,0.0
gated_alive:a_004:77005,a_004,77005,-11.528196334838867,24.009946823120117,13,0,0,0.0,0.0
gated_alive:a_004:77704,a_004,77704,1.7023146152496338,44.04875564575195,13,0,0,0.0,0.0
gated_alive:a_004:77990,a_004,77990,14.462112426757812,52.146541595458984,13,0,0,0.0,0.0
gated_alive:a_004:78878,a_004,78878,-36.27925109863281,-39.98517608642578,13,0,0,0.0,0.0
gated_alive:a_004:79406,a_004,79406,-34.54773712158203,59.05424118041992,13,0,0,0.0,0.0
gated_alive:a_004:79705,a_004,79705,-12.7860746383667,5.0989532470703125,13,0,0,0.0,0.0
gated_alive:a_004:80147,a_004,80147,-45.214927673339844,26.588951110839844,13,0,0,0.0,0.0
gated_alive:a_004:80251,a_004,80251,-32.42753601074219,28.75440788269043,13,0,0,0.0,0.0
gated_alive:a_004:80346,a_004,80346,-4.268397808074951,16.14507293701172,13,0,0,0.0,0.0
gated_alive:a_004:80524,a_004,80524,10.241848945617676,38.935272216796875,13,0,0,0.0,0.0
gated_alive:a_004:80640,a_004,80640,20.231142044067383,-12.501182556152344,13,0,0,0.0,0.0
gated_alive:a_004:81454,a_004,81454,19.053030014038086,-29.447425842285156,13,0,0,0.0,0.0
gated_alive:a_004:82605,a_004,82605,-37.422977447509766,-4.2744975090026855,13,0,0,0.0,0.0
gated_alive:a_004:83046,a_004,83046,-29.917024612426758,-17.42742156982422,13,0,0,0.0,0.0
gated_alive:a_004:83060,a_004,83060,-35.769927978515625,32.685447692871094,13,0,0,0.0,0.0
gated_alive:a_004:83274,a_004,83274,24.509559631347656,50.98127746582031,13,0,0,0.0,0.0
gated_alive:a_004:83386,a_004,83386,-29.857898712158203,-12.004289627075195,13,0,0,0.0,0.0
gated_alive:a_004:83458,a_004,83458,48.83171081542969,-34.487667083740234,13,4,9,0.3076923076923077,0.6923076923076923
gated_alive:a_004:85208,a_004,85208,-52.985103607177734,31.766469955444336,13,0,0,0.0,0.0
gated_alive:a_004:85462,a_004,85462,-12.543825149536133,19.066362380981445,13,0,0,0.0,0.0
gated_alive:a_004:85759,a_004,85759,-11.265867233276367,38.24972152709961,13,0,0,0.0,0.0
gated_alive:a_004:85887,a_004,85887,-14.958672523498535,9.856627464294434,13,0,0,0.0,0.0
gated_alive:a_004:85898,a_004,85898,-57.14569854736328,16.3448486328125,13,0,0,0.0,0.0
gated_alive:a_004:85953,a_004,85953,-25.41709327697754,-43.8317756652832,13,0,0,0.0,0.0
gated_alive:a_004:86018,a_004,86018,-33.44718551635742,-13.478453636169434,13,0,0,0.0,0.0
gated_alive:a_004:86484,a_004,86484,-58.132904052734375,-6.028397083282471,13,0,0,0.0,0.0
gated_alive:a_004:87099,a_004,87099,-31.67554473876953,22.947681427001953,13,0,0,0.0,0.0
gated_alive:a_004:87215,a_004,87215,2.1045148372650146,44.289390563964844,13,0,0,0.0,0.0
gated_alive:a_004:87385,a_004,87385,-25.544313430786133,29.492101669311523,13,0,0,0.0,0.0
gated_alive:a_004:87398,a_004,87398,-46.71561813354492,33.74810028076172,13,0,0,0.0,0.0
gated_alive:a_004:87640,a_004,87640,-35.965476989746094,37.436058044433594,13,0,0,0.0,0.0
gated_alive:a_004:87706,a_004,87706,47.928585052490234,7.256459712982178,13,0,0,0.0,0.0
gated_alive:a_004:87766,a_004,87766,22.9196834564209,-18.6993350982666,13,0,0,0.0,0.0
gated_alive:a_004:87783,a_004,87783,15.58569622039795,37.22108840942383,13,0,0,0.0,0.0
gated_alive:a_004:87862,a_004,87862,-44.26237487792969,32.411582946777344,13,0,0,0.0,0.0
gated_alive:a_004:87976,a_004,87976,51.63545608520508,-3.933837413787842,13,0,0,0.0,0.0
gated_alive:a_004:88034,a_004,88034,-37.83163833618164,39.544918060302734,13,0,0,0.0,0.0
gated_alive:a_004:88319,a_004,88319,49.326454162597656,37.67802429199219,13,0,0,0.0,0.0
gated_alive:a_004:88436,a_004,88436,-32.977394104003906,29.674518585205078,13,0,0,0.0,0.0
gated_alive:a_004:88657,a_004,88657,-11.18744945526123,-30.640892028808594,13,0,0,0.0,0.0
gated_alive:a_004:88878,a_004,88878,42.31566619873047,-15.955619812011719,13,0,0,0.0,0.0
gated_alive:a_004:88984,a_004,88984,-28.100488662719727,39.706085205078125,13,0,0,0.0,0.0
gated_alive:a_004:89278,a_004,89278,-18.83445167541504,-57.97307586669922,13,0,0,0.0,0.0
gated_alive:a_004:89863,a_004,89863,17.171070098876953,38.17304229736328,13,0,0,0.0,0.0
gated_alive:a_004:90788,a_004,90788,-43.76225662231445,22.23062515258789,13,0,0,0.0,0.0
gated_alive:a_004:90961,a_004,90961,52.37372589111328,-20.433734893798828,13,0,0,0.0,0.0
gated_alive:a_004:92294,a_004,92294,-5.076743125915527,-27.406227111816406,13,0,1,0.0,0.07692307692307693
gated_alive:a_004:92481,a_004,92481,-36.45755386352539,35.18049621582031,13,0,0,0.0,0.0
gated_alive:a_004:92655,a_004,92655,-22.80293083190918,37.716068267822266,13,0,0,0.0,0.0
gated_alive:a_004:93354,a_004,93354,25.461223602294922,53.122352600097656,13,0,0,0.0,0.0
gated_alive:a_004:93912,a_004,93912,47.219764709472656,-28.997682571411133,13,0,0,0.0,0.0
gated_alive:a_004:94000,a_004,94000,-35.06256866455078,-17.380538940429688,13,0,0,0.0,0.0
gated_alive:a_004:94117,a_004,94117,6.129395961761475,55.13962173461914,13,0,0,0.0,0.0
gated_alive:a_004:94262,a_004,94262,23.60125732421875,-11.18858528137207,13,0,0,0.0,0.0
gated_alive:a_004:94398,a_004,94398,-35.4069938659668,37.387290954589844,13,0,0,0.0,0.0
gated_alive:a_004:94436,a_004,94436,-28.399280548095703,-15.149162292480469,13,0,0,0.0,0.0
gated_alive:a_004:94909,a_004,94909,41.63739776611328,-22.232393264770508,13,0,0,0.0,0.0
gated_alive:a_004:94969,a_004,94969,15.812857627868652,47.00447082519531,13,0,0,0.0,0.0
gated_alive:a_004:95386,a_004,95386,-35.72068786621094,11.88987922668457,13,0,0,0.0,0.0
gated_alive:a_004:95661,a_004,95661,29.467592239379883,20.01462745666504,13,0,0,0.0,0.0
gated_alive:a_004:96702,a_004,96702,-2.3504486083984375,-37.03410720825195,13,0,0,0.0,0.0
gated_alive:a_004:96795,a_004,96795,-4.947497367858887,18.876550674438477,13,0,0,0.0,0.0
gated_alive:a_004:96985,a_004,96985,9.274252891540527,27.899045944213867,13,0,0,0.0,0.0
gated_alive:a_004:97097,a_004,97097,-46.61820983886719,8.216999053955078,13,0,0,0.0,0.0
gated_alive:a_004:97302,a_004,97302,-39.8573112487793,38.177799224853516,13,0,0,0.0,0.0
gated_alive:a_004:98080,a_004,98080,7.639308929443359,60.20232391357422,13,0,0,0.0,0.0
gated_alive:a_004:98194,a_004,98194,-54.20960235595703,-14.791169166564941,13,0,0,0.0,0.0
gated_alive:a_004:98297,a_004,98297,10.379654884338379,38.54360580444336,13,0,0,0.0,0.0
gated_alive:a_004:98441,a_004,98441,9.334660530090332,13.49557113647461,13,4,9,0.3076923076923077,0.6923076923076923
gated_alive:a_004:98486,a_004,98486,39.391170501708984,-14.297736167907715,13,0,0,0.0,0.0
gated_alive:a_004:98769,a_004,98769,12.85235595703125,34.089332580566406,13,0,0,0.0,0.0
gated_alive:a_004:98978,a_004,98978,-39.31543731689453,32.42579650878906,13,0,0,0.0,0.0
gated_alive:a_004:99042,a_004,99042,-57.45673751831055,15.320159912109375,13,0,0,0.0,0.0
gated_alive:a_004:99202,a_004,99202,-32.49587631225586,38.10386657714844,13,0,0,0.0,0.0
gated_alive:a_004:99541,a_004,99541,-34.40264892578125,35.415122985839844,13,0,0,0.0,0.0
gated_alive:a_004:100609,a_004,100609,32.70276641845703,11.442198753356934,13,0,0,0.0,0.0
gated_alive:a_004:100797,a_004,100797,52.569522857666016,-7.346798896789551,13,0,0,0.0,0.0
gated_alive:a_004:101469,a_004,101469,-26.114818572998047,-14.514297485351562,13,0,0,0.0,0.0
gated_alive:a_004:101537,a_004,101537,4.496770858764648,38.218727111816406,13,0,0,0.0,0.0
gated_alive:a_004:101989,a_004,101989,3.240158796310425,29.90105438232422,13,0,0,0.0,0.0
gated_alive:a_004:102061,a_004,102061,-37.373191833496094,49.824249267578125,13,0,0,0.0,0.0
gated_alive:a_004:102138,a_004,102138,41.5989875793457,-17.18103790283203,13,0,0,0.0,0.0
gated_alive:a_004:102564,a_004,102564,-6.723811626434326,49.55046081542969,13,0,0,0.0,0.0
gated_alive:a_004:103104,a_004,103104,-37.58943176269531,-16.227243423461914,13,0,0,0.0,0.0
gated_alive:a_004:103268,a_004,103268,-44.10435104370117,30.2888240814209,13,0,0,0.0,0.0
gated_alive:a_004:103687,a_004,103687,1.9239283800125122,43.95307922363281,13,0,0,0.0,0.0
gated_alive:a_004:103801,a_004,103801,10.27232551574707,60.38348388671875,13,0,0,0.0,0.0
gated_alive:a_004:104044,a_004,104044,-31.090883255004883,34.4400520324707,13,0,0,0.0,0.0
gated_alive:a_004:104451,a_004,104451,-0.15341481566429138,-49.65451431274414,13,0,0,0.0,0.0
gated_alive:a_004:104931,a_004,104931,17.947744369506836,39.07696533203125,13,0,0,0.0,0.0
gated_alive:a_004:104941,a_004,104941,-16.450761795043945,-13.379610061645508,13,0,0,0.0,0.0
gated_alive:a_004:104986,a_004,104986,-7.3055644035339355,59.76197814941406,13,0,0,0.0,0.0
gated_alive:a_004:105328,a_004,105328,56.30267333984375,34.707733154296875,13,0,0,0.0,0.0
gated_alive:a_004:105749,a_004,105749,15.126981735229492,1.5042318105697632,13,0,0,0.0,0.0
gated_alive:a_004:106310,a_004,106310,48.43572998046875,11.907033920288086,13,0,0,0.0,0.0
gated_alive:a_004:106575,a_004,106575,3.660585403442383,-33.827266693115234,13,0,0,0.0,0.0
gated_alive:a_004:106821,a_004,106821,-27.79420280456543,13.743966102600098,13,0,0,0.0,0.0
gated_alive:a_004:107058,a_004,107058,-7.580097675323486,24.017244338989258,13,0,0,0.0,0.0
gated_alive:a_004:107302,a_004,107302,0.6694445013999939,43.23374938964844,13,0,0,0.0,0.0
gated_alive:a_004:107668,a_004,107668,-18.148069381713867,10.993307113647461,13,0,0,0.0,0.0
gated_alive:a_004:108062,a_004,108062,-57.813629150390625,15.967255592346191,13,0,0,0.0,0.0
gated_alive:a_004:108137,a_004,108137,48.756412506103516,-36.920772552490234,13,0,0,0.0,0.0
gated_alive:a_004:108493,a_004,108493,3.732564926147461,46.983524322509766,13,0,0,0.0,0.0
gated_alive:a_004:108847,a_004,108847,16.03531837463379,36.9304313659668,13,0,0,0.0,0.0
gated_alive:a_004:109087,a_004,109087,-23.757802963256836,36.92929458618164,13,0,0,0.0,0.0
gated_alive:a_004:109191,a_004,109191,-16.963056564331055,5.004076957702637,13,0,0,0.0,0.0
gated_alive:a_004:109193,a_004,109193,-39.971126556396484,38.881683349609375,13,0,0,0.0,0.0
gated_alive:a_004:109262,a_004,109262,52.45039749145508,30.941911697387695,13,0,0,0.0,0.0
gated_alive:a_004:109447,a_004,109447,-20.03497314453125,-28.43048858642578,13,0,0,0.0,0.0
gated_alive:a_004:109625,a_004,109625,6.508230686187744,59.718505859375,13,0,0,0.0,0.0
gated_alive:a_004:110090,a_004,110090,-21.697336196899414,18.54165267944336,13,0,0,0.0,0.0
gated_alive:a_004:110258,a_004,110258,-30.146469116210938,-14.542038917541504,13,0,0,0.0,0.0
gated_alive:a_004:110342,a_004,110342,58.498111724853516,-13.224980354309082,13,0,0,0.0,0.0
gated_alive:a_004:110457,a_004,110457,43.755889892578125,-20.300601959228516,13,0,0,0.0,0.0
gated_alive:a_004:110685,a_004,110685,-0.3490031361579895,-56.13780975341797,13,0,1,0.0,0.07692307692307693
gated_alive:a_004:110730,a_004,110730,50.344478607177734,-23.959980010986328,13,0,0,0.0,0.0
gated_alive:a_004:110896,a_004,110896,36.96636962890625,15.792418479919434,13,0,0,0.0,0.0
gated_alive:a_004:111109,a_004,111109,-13.680054664611816,-11.647109985351562,13,0,0,0.0,0.0
gated_alive:a_004:111211,a_004,111211,-19.088245391845703,-12.840436935424805,13,0,0,0.0,0.0
gated_alive:a_004:111339,a_004,111339,-7.198145389556885,49.1422119140625,13,0,0,0.0,0.0
gated_alive:a_004:111466,a_004,111466,-20.120880126953125,-9.516057014465332,13,0,0,0.0,0.0
gated_alive:a_004:111615,a_004,111615,-6.476466178894043,4.56037712097168,13,0,0,0.0,0.0
gated_alive:a_004:111922,a_004,111922,-32.242950439453125,-17.08955955505371,13,0,0,0.0,0.0
gated_alive:a_004:111980,a_004,111980,-36.272647857666016,42.9910774230957,13,0,0,0.0,0.0
gated_alive:a_004:112019,a_004,112019,26.150169372558594,47.194305419921875,13,0,0,0.0,0.0
gated_alive:a_004:112575,a_004,112575,52.15174102783203,-22.075275421142578,13,0,0,0.0,0.0
gated_alive:a_004:112719,a_004,112719,-25.866798400878906,-28.573345184326172,13,0,0,0.0,0.0
gated_alive:a_004:112822,a_004,112822,8.004158020019531,-44.497371673583984,13,0,0,0.0,0.0
gated_alive:a_004:113511,a_004,113511,-48.145111083984375,45.43008804321289,13,0,0,0.0,0.0
gated_alive:a_004:113734,a_004,113734,-31.19571304321289,34.206024169921875,13,0,0,0.0,0.0
gated_alive:a_004:113795,a_004,113795,-41.57493209838867,25.90383529663086,13,0,0,0.0,0.0
gated_alive:a_004:113885,a_004,113885,13.637284278869629,54.0845947265625,13,0,0,0.0,0.0
gated_alive:a_004:113947,a_004,113947,-51.91813659667969,43.918296813964844,13,0,0,0.0,0.0
gated_alive:a_004:114137,a_004,114137,-50.48383712768555,25.237821578979492,13,0,0,0.0,0.0
gated_alive:a_004:114241,a_004,114241,-35.10597229003906,-16.849414825439453,13,0,0,0.0,0.0
gated_alive:a_004:114812,a_004,114812,-11.242005348205566,39.005462646484375,13,0,0,0.0,0.0
gated_alive:a_004:114949,a_004,114949,-48.71395492553711,47.37492752075195,13,0,0,0.0,0.0
gated_alive:a_004:115028,a_004,115028,-24.11820411682129,-15.315104484558105,13,0,0,0.0,0.0
gated_alive:a_004:115059,a_004,115059,14.142142295837402,-22.253173828125,13,0,0,0.0,0.0
gated_alive:a_004:115234,a_004,115234,25.29316520690918,17.906187057495117,13,0,0,0.0,0.0
gated_alive:a_004:115312,a_004,115312,-26.341047286987305,27.78904914855957,13,0,0,0.0,0.0
gated_alive:a_004:115774,a_004,115774,10.595036506652832,29.384449005126953,13,0,0,0.0,0.0
gated_alive:a_004:115936,a_004,115936,50.0643424987793,39.16345977783203,13,0,1,0.0,0.07692307692307693
gated_alive:a_004:116174,a_004,116174,-32.89500427246094,32.07461929321289,13,0,0,0.0,0.0
gated_alive:a_004:116633,a_004,116633,-28.423824310302734,28.8259334564209,13,0,0,0.0,0.0
gated_alive:a_004:116714,a_004,116714,21.58420181274414,53.16291046142578,13,0,0,0.0,0.0
gated_alive:a_004:117788,a_004,117788,-54.27278137207031,29.027210235595703,13,0,0,0.0,0.0
gated_alive:a_004:117980,a_004,117980,-22.17172622680664,39.136470794677734,13,0,0,0.0,0.0
gated_alive:a_004:118429,a_004,118429,38.34162139892578,51.112586975097656,13,0,0,0.0,0.0
gated_alive:a_004:118905,a_004,118905,-59.61869430541992,-5.708836078643799,13,0,0,0.0,0.0
gated_alive:a_004:118913,a_004,118913,-32.45206069946289,28.19144058227539,13,0,0,0.0,0.0
gated_alive:a_004:119102,a_004,119102,11.83771800994873,38.46289825439453,13,0,0,0.0,0.0
gated_alive:a_004:119222,a_004,119222,55.63374710083008,-18.085498809814453,13,0,0,0.0,0.0
gated_alive:a_004:119242,a_004,119242,-44.56177520751953,29.82215118408203,13,0,0,0.0,0.0
gated_alive:a_004:119843,a_004,119843,-22.187015533447266,22.63526725769043,13,0,0,0.0,0.0
gated_alive:a_004:120053,a_004,120053,21.732683181762695,42.974700927734375,13,0,0,0.0,0.0
gated_alive:a_004:120124,a_004,120124,12.572912216186523,37.631675720214844,13,0,0,0.0,0.0
gated_alive:a_004:120438,a_004,120438,51.536258697509766,-21.28582191467285,13,0,0,0.0,0.0
gated_alive:a_004:121143,a_004,121143,-36.75165557861328,36.3179817199707,13,0,0,0.0,0.0
gated_alive:a_004:121160,a_004,121160,-27.238861083984375,-14.535786628723145,13,0,0,0.0,0.0
gated_alive:a_004:121331,a_004,121331,-45.16402816772461,31.40230941772461,13,0,0,0.0,0.0
gated_alive:a_004:121723,a_004,121723,-5.173035621643066,-20.22059440612793,13,0,0,0.0,0.0
gated_alive:a_004:121742,a_004,121742,20.44391441345215,-12.315129280090332,13,0,0,0.0,0.0
gated_alive:a_004:122635,a_004,122635,-5.641909599304199,-45.38686752319336,13,0,0,0.0,0.0
gated_alive:a_004:122658,a_004,122658,4.860849380493164,52.267578125,13,0,0,0.0,0.0
gated_alive:a_004:123093,a_004,123093,38.29725646972656,50.69405746459961,13,0,0,0.0,0.0
gated_alive:a_004:123218,a_004,123218,29.74591827392578,28.67246437072754,13,0,0,0.0,0.0
gated_alive:a_004:123322,a_004,123322,51.00860595703125,-15.320707321166992,13,0,0,0.0,0.0
gated_alive:a_004:123996,a_004,123996,55.18254470825195,33.37936019897461,13,0,1,0.0,0.07692307692307693
gated_alive:a_004:124023,a_004,124023,52.668941497802734,-22.973121643066406,13,0,0,0.0,0.0
gated_alive:a_004:124210,a_004,124210,12.286949157714844,34.48606491088867,13,0,0,0.0,0.0
gated_alive:a_004:124355,a_004,124355,-7.1059489250183105,16.412302017211914,13,0,0,0.0,0.0
gated_alive:a_004:124412,a_004,124412,12.923727035522461,36.135189056396484,13,0,0,0.0,0.0
gated_alive:a_004:124803,a_004,124803,-5.988521575927734,-37.93315124511719,13,0,0,0.0,0.0
gated_alive:a_004:124836,a_004,124836,-35.094974517822266,32.5361442565918,13,0,0,0.0,0.0
gated_alive:a_004:125232,a_004,125232,10.066899299621582,41.680381774902344,13,0,0,0.0,0.0
gated_alive:a_004:125788,a_004,125788,-8.645009994506836,48.401611328125,13,0,0,0.0,0.0
gated_alive:a_004:126096,a_004,126096,36.530338287353516,43.285064697265625,13,0,0,0.0,0.0
gated_alive:a_004:126141,a_004,126141,-34.73211669921875,-17.05698585510254,13,0,0,0.0,0.0
gated_alive:a_004:126178,a_004,126178,45.313331604003906,-24.74873161315918,13,0,0,0.0,0.0
gated_alive:a_004:126813,a_004,126813,1.7818526029586792,-27.98922348022461,13,0,0,0.0,0.0
gated_alive:a_004:126902,a_004,126902,53.6735954284668,-8.576708793640137,13,0,0,0.0,0.0
gated_alive:a_004:126944,a_004,126944,19.692533493041992,-47.08243942260742,13,0,0,0.0,0.0
gated_alive:a_004:127100,a_004,127100,3.4351611137390137,-36.254241943359375,13,0,0,0.0,0.0
gated_alive:a_004:127242,a_004,127242,42.001155853271484,-29.827266693115234,13,0,0,0.0,0.0
gated_alive:a_004:127707,a_004,127707,38.3460693359375,-23.543630599975586,13,0,0,0.0,0.0
gated_alive:a_004:128001,a_004,128001,48.078121185302734,7.070122718811035,13,0,0,0.0,0.0
gated_alive:a_004:128057,a_004,128057,56.56704330444336,-3.1963064670562744,13,0,0,0.0,0.0
gated_alive:a_004:128282,a_004,128282,-35.01689910888672,55.51946258544922,13,0,0,0.0,0.0
gated_alive:a_004:128486,a_004,128486,-24.064239501953125,-0.835887610912323,13,0,2,0.0,0.15384615384615385
gated_alive:a_004:129231,a_004,129231,35.018367767333984,36.63877868652344,13,0,1,0.0,0.07692307692307693
gated_alive:a_004:129387,a_004,129387,-38.022281646728516,-13.692710876464844,13,0,0,0.0,0.0
gated_alive:a_004:129608,a_004,129608,-39.5516471862793,30.761730194091797,13,0,0,0.0,0.0
gated_alive:a_004:129725,a_004,129725,43.065616607666016,-26.352710723876953,13,0,0,0.0,0.0
gated_alive:a_004:129931,a_004,129931,7.786911964416504,38.91685104370117,13,0,0,0.0,0.0
gated_alive:a_004:130017,a_004,130017,45.839107513427734,7.342743396759033,13,0,0,0.0,0.0
gated_alive:a_004:130296,a_004,130296,26.662446975708008,-2.7582130432128906,13,0,0,0.0,0.0
gated_alive:a_004:130334,a_004,130334,-23.615327835083008,39.026611328125,13,0,0,0.0,0.0
gated_alive:a_004:130399,a_004,130399,-36.107460021972656,23.830251693725586,13,0,0,0.0,0.0
gated_alive:a_004:131267,a_004,131267,-56.92711639404297,-10.48922061920166,13,0,0,0.0,0.0
gated_alive:a_004:131455,a_004,131455,-15.946212768554688,18.77520179748535,13,0,0,0.0,0.0
gated_alive:a_004:131686,a_004,131686,-37.90755844116211,35.35211181640625,13,0,0,0.0,0.0
gated_alive:a_004:131779,a_004,131779,52.532188415527344,32.560325622558594,13,0,2,0.0,0.15384615384615385
gated_alive:a_004:132086,a_004,132086,-36.0008659362793,28.156627655029297,13,0,0,0.0,0.0
gated_alive:a_004:132522,a_004,132522,41.96952819824219,-15.635091781616211,13,0,0,0.0,0.0
gated_alive:a_004:132541,a_004,132541,-2.3401505947113037,-29.99700927734375,13,0,0,0.0,0.0
gated_alive:a_004:133008,a_004,133008,-7.126245975494385,10.29821491241455,13,0,0,0.0,0.0
gated_alive:a_004:133409,a_004,133409,-34.76602554321289,39.619789123535156,13,0,0,0.0,0.0
gated_alive:a_004:133626,a_004,133626,-13.910951614379883,15.10323429107666,13,0,0,0.0,0.0
gated_alive:a_004:133688,a_004,133688,-32.950050354003906,35.85580062866211,13,0,0,0.0,0.0
gated_alive:a_004:133709,a_004,133709,-9.493742942810059,40.346229553222656,13,0,0,0.0,0.0
gated_alive:a_004:134241,a_004,134241,-5.896031379699707,-32.87275695800781,13,0,0,0.0,0.0
gated_alive:a_004:134704,a_004,134704,-16.97244644165039,-0.6253888010978699,13,0,0,0.0,0.0
gated_alive:a_004:135178,a_004,135178,-34.78672409057617,-14.91422176361084,13,0,0,0.0,0.0
gated_alive:a_004:135336,a_004,135336,-16.02401351928711,31.699739456176758,13,0,0,0.0,0.0
gated_alive:a_004:135557,a_004,135557,-35.71015548706055,55.498199462890625,13,0,0,0.0,0.0
gated_alive:a_004:136021,a_004,136021,-19.315635681152344,21.989139556884766,13,0,0,0.0,0.0
gated_alive:a_004:136166,a_004,136166,17.057958602905273,32.12224197387695,13,0,0,0.0,0.0
gated_alive:a_004:136248,a_004,136248,-19.76474952697754,-12.349632263183594,13,0,0,0.0,0.0
gated_alive:a_004:136740,a_004,136740,-35.82334899902344,33.101871490478516,13,0,0,0.0,0.0
gated_alive:a_004:137524,a_004,137524,-34.361572265625,35.18818664550781,13,0,0,0.0,0.0
gated_alive:a_004:137587,a_004,137587,3.267442464828491,-41.70718765258789,13,0,0,0.0,0.0
gated_alive:a_004:138662,a_004,138662,13.204957008361816,44.439998626708984,13,0,0,0.0,0.0
gated_alive:a_004:139218,a_004,139218,38.240394592285156,-23.7127628326416,13,0,0,0.0,0.0
gated_alive:a_004:139287,a_004,139287,-12.405244827270508,3.272531270980835,13,0,0,0.0,0.0
gated_alive:a_004:139382,a_004,139382,40.746795654296875,-25.372840881347656,13,0,0,0.0,0.0
gated_alive:a_004:139768,a_004,139768,-27.62380027770996,13.650978088378906,13,0,0,0.0,0.0
gated_alive:a_004:139915,a_004,139915,-37.62467956542969,-36.59804153442383,13,0,0,0.0,0.0
gated_alive:a_004:140207,a_004,140207,48.010799407958984,-32.260318756103516,13,2,5,0.15384615384615385,0.38461538461538464
gated_alive:a_004:140266,a_004,140266,-36.98601531982422,36.0079460144043,13,0,0,0.0,0.0
gated_alive:a_004:140312,a_004,140312,12.155701637268066,58.39336395263672,13,0,0,0.0,0.0
gated_alive:a_005:472,a_005,472,7.21058464050293,-10.959705352783203,4,0,0,0.0,0.0
gated_alive:a_005:1095,a_005,1095,8.880680084228516,-37.802547454833984,4,0,0,0.0,0.0
gated_alive:a_005:1812,a_005,1812,-12.014220237731934,59.44496154785156,4,0,0,0.0,0.0
gated_alive:a_005:2228,a_005,2228,14.34952163696289,15.332263946533203,4,0,0,0.0,0.0
gated_alive:a_005:2350,a_005,2350,24.184844970703125,57.553070068359375,4,0,0,0.0,0.0
gated_alive:a_005:2523,a_005,2523,7.148879528045654,45.959747314453125,4,0,0,0.0,0.0
gated_alive:a_005:2542,a_005,2542,-7.215460777282715,6.848939895629883,4,0,0,0.0,0.0
gated_alive:a_005:2762,a_005,2762,8.79098892211914,-42.92836380004883,4,0,0,0.0,0.0
gated_alive:a_005:3087,a_005,3087,8.609527587890625,-32.627803802490234,4,0,0,0.0,0.0
gated_alive:a_005:3273,a_005,3273,-3.35894775390625,32.39565658569336,4,0,0,0.0,0.0
gated_alive:a_005:4533,a_005,4533,14.294867515563965,50.682151794433594,4,0,0,0.0,0.0
gated_alive:a_005:4680,a_005,4680,21.65751838684082,-21.380640029907227,4,0,0,0.0,0.0
gated_alive:a_005:4741,a_005,4741,33.702735900878906,-0.17379790544509888,4,0,0,0.0,0.0
gated_alive:a_005:4995,a_005,4995,-31.548309326171875,-11.48598575592041,4,0,0,0.0,0.0
gated_alive:a_005:5478,a_005,5478,-36.85036087036133,-19.522113800048828,4,0,0,0.0,0.0
gated_alive:a_005:6031,a_005,6031,14.797096252441406,40.91959762573242,4,0,0,0.0,0.0
gated_alive:a_005:6092,a_005,6092,-9.855029106140137,56.227073669433594,4,0,0,0.0,0.0
gated_alive:a_005:6510,a_005,6510,14.39957332611084,-39.77348327636719,4,0,0,0.0,0.0
gated_alive:a_005:6637,a_005,6637,16.818511962890625,-44.1650276184082,4,0,0,0.0,0.0
gated_alive:a_005:6675,a_005,6675,47.93709945678711,-6.24501371383667,4,0,0,0.0,0.0
gated_alive:a_005:6848,a_005,6848,9.120471000671387,-31.28230094909668,4,0,0,0.0,0.0
gated_alive:a_005:7225,a_005,7225,-45.66127014160156,21.60120964050293,4,0,0,0.0,0.0
gated_alive:a_005:7762,a_005,7762,-40.354530334472656,39.454463958740234,4,0,0,0.0,0.0
gated_alive:a_005:8544,a_005,8544,0.40790361166000366,26.678668975830078,4,0,0,0.0,0.0
gated_alive:a_005:8602,a_005,8602,-8.230792045593262,27.029638290405273,4,0,0,0.0,0.0
gated_alive:a_005:8857,a_005,8857,52.19954299926758,-8.522246360778809,4,0,0,0.0,0.0
gated_alive:a_005:10294,a_005,10294,-15.805946350097656,-14.846077919006348,4,0,0,0.0,0.0
gated_alive:a_005:10500,a_005,10500,8.984505653381348,-52.21149826049805,4,0,0,0.0,0.0
gated_alive:a_005:10585,a_005,10585,0.41777101159095764,31.084972381591797,4,0,0,0.0,0.0
gated_alive:a_005:10976,a_005,10976,35.638145446777344,-18.080753326416016,4,0,0,0.0,0.0
gated_alive:a_005:11714,a_005,11714,68.76371765136719,-24.306238174438477,4,0,0,0.0,0.0
gated_alive:a_005:11879,a_005,11879,6.932919502258301,-34.18684005737305,4,0,0,0.0,0.0
gated_alive:a_005:11957,a_005,11957,11.24199104309082,-43.02141189575195,4,0,0,0.0,0.0
gated_alive:a_005:12110,a_005,12110,18.240169525146484,-47.2371940612793,4,0,0,0.0,0.0
gated_alive:a_005:12511,a_005,12511,-33.994842529296875,-13.948657035827637,4,0,0,0.0,0.0
gated_alive:a_005:13153,a_005,13153,11.579883575439453,-50.803321838378906,4,0,0,0.0,0.0
gated_alive:a_005:13196,a_005,13196,26.90860366821289,46.28083038330078,4,0,0,0.0,0.0
gated_alive:a_005:13555,a_005,13555,0.20814299583435059,-54.29142379760742,4,0,0,0.0,0.0
gated_alive:a_005:14583,a_005,14583,-1.563046932220459,35.40009689331055,4,0,0,0.0,0.0
gated_alive:a_005:14923,a_005,14923,10.146859169006348,-39.781009674072266,4,0,0,0.0,0.0
gated_alive:a_005:14939,a_005,14939,52.7794075012207,-16.249893188476562,4,0,0,0.0,0.0
gated_alive:a_005:15417,a_005,15417,58.59245681762695,-5.145176410675049,4,0,0,0.0,0.0
gated_alive:a_005:15468,a_005,15468,8.023311614990234,37.695369720458984,4,0,0,0.0,0.0
gated_alive:a_005:15819,a_005,15819,19.45922088623047,-39.81330490112305,4,0,0,0.0,0.0
gated_alive:a_005:15963,a_005,15963,37.45102310180664,-8.922013282775879,4,0,0,0.0,0.0
gated_alive:a_005:16270,a_005,16270,23.397714614868164,-20.3710880279541,4,0,0,0.0,0.0
gated_alive:a_005:16390,a_005,16390,26.589008331298828,49.48688507080078,4,0,0,0.0,0.0
gated_alive:a_005:16655,a_005,16655,51.987918853759766,-16.678003311157227,4,0,0,0.0,0.0
gated_alive:a_005:16763,a_005,16763,10.091712951660156,59.18032455444336,4,0,0,0.0,0.0
gated_alive:a_005:16941,a_005,16941,9.05508804321289,-34.299015045166016,4,0,0,0.0,0.0
gated_alive:a_005:17429,a_005,17429,9.371025085449219,41.55388641357422,4,0,0,0.0,0.0
gated_alive:a_005:17673,a_005,17673,33.67474365234375,-1.038576602935791,4,1,1,0.25,0.25
gated_alive:a_005:18649,a_005,18649,51.15214538574219,-21.84092903137207,4,0,0,0.0,0.0
gated_alive:a_005:18814,a_005,18814,56.50355911254883,31.424551010131836,4,0,0,0.0,0.0
gated_alive:a_005:18855,a_005,18855,24.903976440429688,-46.75203323364258,4,0,0,0.0,0.0
gated_alive:a_005:18860,a_005,18860,18.672189712524414,-14.721306800842285,4,0,0,0.0,0.0
gated_alive:a_005:19047,a_005,19047,12.815108299255371,-1.2566107511520386,4,0,0,0.0,0.0
gated_alive:a_005:19166,a_005,19166,9.296728134155273,-44.285667419433594,4,0,0,0.0,0.0
gated_alive:a_005:19679,a_005,19679,30.431596755981445,21.315214157104492,4,0,0,0.0,0.0
gated_alive:a_005:20393,a_005,20393,-21.25763511657715,-20.14008140563965,4,0,0,0.0,0.0
gated_alive:a_005:20440,a_005,20440,-4.711080551147461,-43.212860107421875,4,0,0,0.0,0.0
gated_alive:a_005:20636,a_005,20636,40.1878776550293,-8.265311241149902,4,0,0,0.0,0.0
gated_alive:a_005:20676,a_005,20676,58.54469680786133,-2.0750908851623535,4,0,0,0.0,0.0
gated_alive:a_005:20812,a_005,20812,8.554549217224121,-12.34022045135498,4,0,0,0.0,0.0
gated_alive:a_005:21034,a_005,21034,21.56580924987793,-36.40324401855469,4,0,0,0.0,0.0
gated_alive:a_005:21328,a_005,21328,-42.67268371582031,36.53484344482422,4,0,0,0.0,0.0
gated_alive:a_005:21330,a_005,21330,23.313762664794922,-35.41399383544922,4,0,0,0.0,0.0
gated_alive:a_005:21514,a_005,21514,37.80137252807617,-37.73628234863281,4,0,0,0.0,0.0
gated_alive:a_005:23228,a_005,23228,22.775146484375,40.5755500793457,4,0,0,0.0,0.0
gated_alive:a_005:23420,a_005,23420,-50.48655700683594,-44.21782302856445,4,0,0,0.0,0.0
gated_alive:a_005:23709,a_005,23709,12.349278450012207,-46.85269546508789,4,0,0,0.0,0.0
gated_alive:a_005:24072,a_005,24072,4.793176651000977,-43.43599319458008,4,0,0,0.0,0.0
gated_alive:a_005:24504,a_005,24504,-39.830997467041016,-10.719108581542969,4,0,0,0.0,0.0
gated_alive:a_005:24631,a_005,24631,-21.74994468688965,-14.373556137084961,4,0,0,0.0,0.0
gated_alive:a_005:24696,a_005,24696,13.381368637084961,-33.41341018676758,4,0,0,0.0,0.0
gated_alive:a_005:24822,a_005,24822,-15.094958305358887,8.644084930419922,4,0,0,0.0,0.0
gated_alive:a_005:25187,a_005,25187,67.7879638671875,-29.85297393798828,4,0,1,0.0,0.25
gated_alive:a_005:25229,a_005,25229,20.152507781982422,-38.42398452758789,4,0,0,0.0,0.0
gated_alive:a_005:25508,a_005,25508,-22.57552146911621,3.9602694511413574,4,0,0,0.0,0.0
gated_alive:a_005:26300,a_005,26300,35.49260711669922,-18.846946716308594,4,0,0,0.0,0.0
gated_alive:a_005:26665,a_005,26665,22.038650512695312,-13.503830909729004,4,0,0,0.0,0.0
gated_alive:a_005:26802,a_005,26802,12.23808765411377,-47.48139953613281,4,0,0,0.0,0.0
gated_alive:a_005:27127,a_005,27127,-33.132469177246094,-17.74382209777832,4,0,0,0.0,0.0
gated_alive:a_005:27266,a_005,27266,15.42901611328125,65.0365982055664,4,0,0,0.0,0.0
gated_alive:a_005:27351,a_005,27351,7.099486827850342,59.736473083496094,4,0,0,0.0,0.0
gated_alive:a_005:27765,a_005,27765,37.734066009521484,-4.898401260375977,4,0,0,0.0,0.0
gated_alive:a_005:28049,a_005,28049,48.64801025390625,-8.680269241333008,4,0,0,0.0,0.0
gated_alive:a_005:28330,a_005,28330,-37.757164001464844,-35.08269119262695,4,0,0,0.0,0.0
gated_alive:a_005:28361,a_005,28361,-13.954662322998047,-1.3625133037567139,4,0,0,0.0,0.0
gated_alive:a_005:28994,a_005,28994,55.46529006958008,-5.772979736328125,4,0,0,0.0,0.0
gated_alive:a_005:29145,a_005,29145,12.822537422180176,-38.447113037109375,4,0,0,0.0,0.0
gated_alive:a_005:29235,a_005,29235,7.5169677734375,-48.42143249511719,4,0,0,0.0,0.0
gated_alive:a_005:29267,a_005,29267,51.52671432495117,-34.43341064453125,4,0,0,0.0,0.0
gated_alive:a_005:29379,a_005,29379,-57.02113723754883,-8.047006607055664,4,0,0,0.0,0.0
gated_alive:a_005:29417,a_005,29417,54.161502838134766,-7.161889553070068,4,0,0,0.0,0.0
gated_alive:a_005:29667,a_005,29667,16.08712387084961,-40.71834945678711,4,0,0,0.0,0.0
gated_alive:a_005:29868,a_005,29868,1.258881688117981,33.80681228637695,4,0,0,0.0,0.0
gated_alive:a_005:30269,a_005,30269,21.434011459350586,60.224220275878906,4,0,0,0.0,0.0
gated_alive:a_005:31001,a_005,31001,32.39728546142578,-34.50947570800781,4,0,0,0.0,0.0
gated_alive:a_005:31211,a_005,31211,11.630831718444824,-43.00148010253906,4,0,0,0.0,0.0
gated_alive:a_005:31241,a_005,31241,44.611629486083984,-39.41006851196289,4,0,1,0.0,0.25
gated_alive:a_005:31277,a_005,31277,-57.477142333984375,-12.004012107849121,4,0,0,0.0,0.0
gated_alive:a_005:31589,a_005,31589,20.286348342895508,-42.584327697753906,4,0,0,0.0,0.0
gated_alive:a_005:32629,a_005,32629,63.64432907104492,-21.048200607299805,4,0,0,0.0,0.0
gated_alive:a_005:32801,a_005,32801,6.791990756988525,38.8074836730957,4,0,0,0.0,0.0
gated_alive:a_005:33083,a_005,33083,10.687374114990234,-43.02223587036133,4,0,0,0.0,0.0
gated_alive:a_005:33325,a_005,33325,13.607492446899414,46.32881164550781,4,0,0,0.0,0.0
gated_alive:a_005:33701,a_005,33701,22.125152587890625,-14.254817962646484,4,0,0,0.0,0.0
gated_alive:a_005:33710,a_005,33710,-32.673946380615234,-13.793771743774414,4,0,0,0.0,0.0
gated_alive:a_005:33830,a_005,33830,18.673025131225586,-42.45234680175781,4,0,0,0.0,0.0
gated_alive:a_005:33970,a_005,33970,17.59776496887207,5.138762950897217,4,0,0,0.0,0.0
gated_alive:a_005:34333,a_005,34333,-59.81770324707031,-8.854764938354492,4,0,0,0.0,0.0
gated_alive:a_005:34555,a_005,34555,13.023700714111328,46.67893600463867,4,0,0,0.0,0.0
gated_alive:a_005:34784,a_005,34784,-52.90472412109375,-8.53376579284668,4,0,0,0.0,0.0
gated_alive:a_005:34838,a_005,34838,-15.629339218139648,-3.0089404582977295,4,0,0,0.0,0.0
gated_alive:a_005:35184,a_005,35184,21.266300201416016,-41.82759475708008,4,0,0,0.0,0.0
gated_alive:a_005:36338,a_005,36338,38.6422119140625,-6.142389297485352,4,0,0,0.0,0.0
gated_alive:a_005:36347,a_005,36347,54.10329055786133,-16.83811378479004,4,0,0,0.0,0.0
gated_alive:a_005:36598,a_005,36598,-26.68021011352539,-15.433944702148438,4,0,0,0.0,0.0
gated_alive:a_005:36605,a_005,36605,49.89751052856445,-8.003852844238281,4,0,0,0.0,0.0
gated_alive:a_005:36859,a_005,36859,52.191436767578125,-29.728389739990234,4,0,0,0.0,0.0
gated_alive:a_005:36936,a_005,36936,51.67923355102539,-4.11599588394165,4,0,0,0.0,0.0
gated_alive:a_005:37105,a_005,37105,14.294620513916016,40.6600341796875,4,0,0,0.0,0.0
gated_alive:a_005:37606,a_005,37606,5.508976936340332,-45.49905776977539,4,0,0,0.0,0.0
gated_alive:a_005:37826,a_005,37826,-16.291656494140625,-13.765196800231934,4,0,0,0.0,0.0
gated_alive:a_005:37929,a_005,37929,-2.778432846069336,-37.712520599365234,4,0,0,0.0,0.0
gated_alive:a_005:38251,a_005,38251,12.079011917114258,-39.521358489990234,4,0,0,0.0,0.0
gated_alive:a_005:38335,a_005,38335,5.368643283843994,-44.39570236206055,4,0,0,0.0,0.0
gated_alive:a_005:38551,a_005,38551,20.25161361694336,-42.14132308959961,4,0,0,0.0,0.0
gated_alive:a_005:38980,a_005,38980,5.054706573486328,-34.97140884399414,4,0,0,0.0,0.0
gated_alive:a_005:39407,a_005,39407,-60.683555603027344,-5.657079696655273,4,0,0,0.0,0.0
gated_alive:a_005:39554,a_005,39554,-17.454906463623047,18.947906494140625,4,0,0,0.0,0.0
gated_alive:a_005:39614,a_005,39614,38.533668518066406,-8.079744338989258,4,0,0,0.0,0.0
gated_alive:a_005:40033,a_005,40033,18.45620346069336,40.58793640136719,4,0,0,0.0,0.0
gated_alive:a_005:40146,a_005,40146,-0.74342280626297,-32.60050582885742,4,0,0,0.0,0.0
gated_alive:a_005:40185,a_005,40185,50.001930236816406,-34.40312957763672,4,0,1,0.0,0.25
gated_alive:a_005:41038,a_005,41038,23.79831314086914,-20.23948860168457,4,0,0,0.0,0.0
gated_alive:a_005:41225,a_005,41225,0.1281174272298813,-51.126487731933594,4,0,0,0.0,0.0
gated_alive:a_005:41462,a_005,41462,-7.403799533843994,-18.959022521972656,4,0,0,0.0,0.0
gated_alive:a_005:41515,a_005,41515,23.57982635498047,53.34564208984375,4,0,0,0.0,0.0
gated_alive:a_005:41749,a_005,41749,10.254531860351562,-29.689668655395508,4,0,0,0.0,0.0
gated_alive:a_005:42204,a_005,42204,8.276716232299805,-37.654075622558594,4,0,0,0.0,0.0
gated_alive:a_005:43090,a_005,43090,14.327397346496582,-43.887855529785156,4,0,0,0.0,0.0
gated_alive:a_005:43225,a_005,43225,22.09827423095703,-42.586429595947266,4,0,0,0.0,0.0
gated_alive:a_005:43542,a_005,43542,21.635967254638672,-37.11814880371094,4,0,0,0.0,0.0
gated_alive:a_005:44054,a_005,44054,47.20180130004883,-8.03347396850586,4,0,0,0.0,0.0
gated_alive:a_005:44103,a_005,44103,-4.491674900054932,15.86124038696289,4,0,0,0.0,0.0
gated_alive:a_005:44381,a_005,44381,7.666938781738281,-39.526329040527344,4,0,0,0.0,0.0
gated_alive:a_005:44518,a_005,44518,25.620365142822266,50.90467071533203,4,0,0,0.0,0.0
gated_alive:a_005:44940,a_005,44940,19.347200393676758,-15.789267539978027,4,0,0,0.0,0.0
gated_alive:a_005:44991,a_005,44991,9.358319282531738,-44.02460479736328,4,0,0,0.0,0.0
gated_alive:a_005:45118,a_005,45118,44.099525451660156,-15.103266716003418,4,0,0,0.0,0.0
gated_alive:a_005:45199,a_005,45199,-37.43791961669922,32.682273864746094,4,0,0,0.0,0.0
gated_alive:a_005:46225,a_005,46225,23.046981811523438,28.97374153137207,4,0,0,0.0,0.0
gated_alive:a_005:47076,a_005,47076,-35.51087951660156,-18.9888916015625,4,0,0,0.0,0.0
gated_alive:a_005:47527,a_005,47527,-25.412521362304688,36.978023529052734,4,0,0,0.0,0.0
gated_alive:a_005:47777,a_005,47777,43.151790618896484,-17.31914710998535,4,0,0,0.0,0.0
gated_alive:a_005:48004,a_005,48004,-35.385440826416016,55.29607009887695,4,0,0,0.0,0.0
gated_alive:a_005:48757,a_005,48757,-10.274792671203613,39.332008361816406,4,0,0,0.0,0.0
gated_alive:a_005:48846,a_005,48846,-19.656448364257812,15.443144798278809,4,0,0,0.0,0.0
gated_alive:a_005:49058,a_005,49058,13.461776733398438,-48.47917556762695,4,0,0,0.0,0.0
gated_alive:a_005:49171,a_005,49171,-0.5445581674575806,-30.518537521362305,4,0,0,0.0,0.0
gated_alive:a_005:49471,a_005,49471,1.3364144563674927,-28.81063461303711,4,0,0,0.0,0.0
gated_alive:a_005:49702,a_005,49702,9.288578987121582,-38.023014068603516,4,0,0,0.0,0.0
gated_alive:a_005:49839,a_005,49839,0.5288932919502258,33.22740173339844,4,0,0,0.0,0.0
gated_alive:a_005:50007,a_005,50007,6.256728649139404,-45.691619873046875,4,0,0,0.0,0.0
gated_alive:a_005:50213,a_005,50213,4.275995254516602,-32.48530578613281,4,0,0,0.0,0.0
gated_alive:a_005:50236,a_005,50236,47.779537200927734,-13.226676940917969,4,0,0,0.0,0.0
gated_alive:a_005:50502,a_005,50502,0.3079095780849457,40.05011749267578,4,0,0,0.0,0.0
gated_alive:a_005:50548,a_005,50548,-1.0762523412704468,-38.85892105102539,4,0,0,0.0,0.0
gated_alive:a_005:50620,a_005,50620,26.998056411743164,15.484733581542969,4,0,0,0.0,0.0
gated_alive:a_005:51016,a_005,51016,18.7248477935791,42.80207443237305,4,0,0,0.0,0.0
gated_alive:a_005:51463,a_005,51463,9.416900634765625,-50.14155960083008,4,0,0,0.0,0.0
gated_alive:a_005:51639,a_005,51639,7.91625452041626,-46.30903244018555,4,0,0,0.0,0.0
gated_alive:a_005:51771,a_005,51771,47.20537567138672,10.995884895324707,4,0,0,0.0,0.0
gated_alive:a_005:51794,a_005,51794,-10.989489555358887,-35.30503463745117,4,0,0,0.0,0.0
gated_alive:a_005:51806,a_005,51806,10.476126670837402,-39.25504684448242,4,0,0,0.0,0.0
gated_alive:a_005:51894,a_005,51894,1.3642035722732544,-43.765380859375,4,0,0,0.0,0.0
gated_alive:a_005:51915,a_005,51915,-6.191330909729004,26.522674560546875,4,0,0,0.0,0.0
gated_alive:a_005:52702,a_005,52702,3.930260181427002,58.37799072265625,4,0,0,0.0,0.0
gated_alive:a_005:53246,a_005,53246,11.43890380859375,0.10993090271949768,4,0,0,0.0,0.0
gated_alive:a_005:53531,a_005,53531,51.549842834472656,-35.793861389160156,4,0,0,0.0,0.0
gated_alive:a_005:53998,a_005,53998,-5.135776042938232,16.50322723388672,4,0,0,0.0,0.0
gated_alive:a_005:54105,a_005,54105,-40.10047149658203,-9.420639991760254,4,0,0,0.0,0.0
gated_alive:a_005:54332,a_005,54332,8.831616401672363,59.844722747802734,4,0,0,0.0,0.0
gated_alive:a_005:54379,a_005,54379,6.389313697814941,-35.28567123413086,4,0,0,0.0,0.0
gated_alive:a_005:54654,a_005,54654,37.71693420410156,-8.726858139038086,4,0,1,0.0,0.25
gated_alive:a_005:54796,a_005,54796,22.127511978149414,-12.071833610534668,4,0,0,0.0,0.0
gated_alive:a_005:54870,a_005,54870,-38.67911148071289,37.61454391479492,4,0,0,0.0,0.0
gated_alive:a_005:54969,a_005,54969,23.84648323059082,-15.904363632202148,4,0,0,0.0,0.0
gated_alive:a_005:55946,a_005,55946,-37.168243408203125,34.97884750366211,4,0,0,0.0,0.0
gated_alive:a_005:56104,a_005,56104,47.727115631103516,-7.994947910308838,4,0,0,0.0,0.0
gated_alive:a_005:56286,a_005,56286,46.1729736328125,-29.91240692138672,4,0,0,0.0,0.0
gated_alive:a_005:56322,a_005,56322,49.931060791015625,-19.02254295349121,4,0,0,0.0,0.0
gated_alive:a_005:57585,a_005,57585,51.91872024536133,-33.505252838134766,4,0,0,0.0,0.0
gated_alive:a_005:58044,a_005,58044,40.896873474121094,-6.974151611328125,4,0,0,0.0,0.0
gated_alive:a_005:58177,a_005,58177,21.218271255493164,-17.17402458190918,4,0,0,0.0,0.0
gated_alive:a_005:58649,a_005,58649,8.046319961547852,53.34130859375,4,0,0,0.0,0.0
gated_alive:a_005:58936,a_005,58936,-2.2949447631835938,19.363571166992188,4,0,0,0.0,0.0
gated_alive:a_005:59191,a_005,59191,39.29436492919922,-25.881982803344727,4,0,0,0.0,0.0
gated_alive:a_005:59289,a_005,59289,-34.050289154052734,-12.395365715026855,4,0,0,0.0,0.0
gated_alive:a_005:59759,a_005,59759,49.28070068359375,-14.70248031616211,4,0,0,0.0,0.0
gated_alive:a_005:60139,a_005,60139,14.009029388427734,26.851152420043945,4,0,0,0.0,0.0
gated_alive:a_005:60415,a_005,60415,32.7951774597168,-11.550631523132324,4,0,0,0.0,0.0
gated_alive:a_005:60437,a_005,60437,8.800113677978516,-42.87557601928711,4,0,0,0.0,0.0
gated_alive:a_005:60964,a_005,60964,-2.1433255672454834,-40.43027114868164,4,0,0,0.0,0.0
gated_alive:a_005:61450,a_005,61450,8.264508247375488,52.01903533935547,4,0,0,0.0,0.0
gated_alive:a_005:61482,a_005,61482,19.060077667236328,-36.435909271240234,4,0,0,0.0,0.0
gated_alive:a_005:61802,a_005,61802,1.4188119173049927,-27.90774917602539,4,0,0,0.0,0.0
gated_alive:a_005:61895,a_005,61895,16.729764938354492,-44.11978530883789,4,0,0,0.0,0.0
gated_alive:a_005:62212,a_005,62212,-19.130746841430664,21.853845596313477,4,0,0,0.0,0.0
gated_alive:a_005:62278,a_005,62278,12.398335456848145,-40.07080841064453,4,0,0,0.0,0.0
gated_alive:a_005:62523,a_005,62523,7.696097373962402,-48.146873474121094,4,0,0,0.0,0.0
gated_alive:a_005:62827,a_005,62827,2.5085504055023193,-45.25031661987305,4,0,0,0.0,0.0
gated_alive:a_005:62889,a_005,62889,16.27532196044922,29.667085647583008,4,0,0,0.0,0.0
gated_alive:a_005:62989,a_005,62989,35.12911605834961,36.73179626464844,4,0,0,0.0,0.0
gated_alive:a_005:63352,a_005,63352,7.018951416015625,52.831329345703125,4,0,0,0.0,0.0
gated_alive:a_005:63413,a_005,63413,11.536364555358887,-39.349403381347656,4,0,0,0.0,0.0
gated_alive:a_005:64582,a_005,64582,46.76387405395508,1.4280095100402832,4,1,0,0.25,0.0
gated_alive:a_005:64675,a_005,64675,16.90288543701172,-37.2978630065918,4,0,0,0.0,0.0
gated_alive:a_005:65477,a_005,65477,-59.74553680419922,-5.845401763916016,4,0,0,0.0,0.0
gated_alive:a_005:65572,a_005,65572,12.899720191955566,57.602439880371094,4,0,0,0.0,0.0
gated_alive:a_005:65788,a_005,65788,11.464045524597168,-35.36204528808594,4,0,0,0.0,0.0
gated_alive:a_005:66261,a_005,66261,-3.143951892852783,-47.360897064208984,4,0,0,0.0,0.0
gated_alive:a_005:68145,a_005,68145,12.038477897644043,-51.52231979370117,4,0,0,0.0,0.0
gated_alive:a_005:69014,a_005,69014,8.888386726379395,-39.53651428222656,4,0,0,0.0,0.0
gated_alive:a_005:69170,a_005,69170,72.32720947265625,-30.12445831298828,4,1,1,0.25,0.25
gated_alive:a_005:69239,a_005,69239,52.39178466796875,-34.3275032043457,4,0,0,0.0,0.0
gated_alive:a_005:69363,a_005,69363,55.71703338623047,27.589021682739258,4,0,0,0.0,0.0
gated_alive:a_005:69432,a_005,69432,0.06675449013710022,-20.428312301635742,4,0,0,0.0,0.0
gated_alive:a_005:69623,a_005,69623,18.307050704956055,-1.7264941930770874,4,0,0,0.0,0.0
gated_alive:a_005:69910,a_005,69910,10.474725723266602,-39.503177642822266,4,0,0,0.0,0.0
gated_alive:a_005:70259,a_005,70259,0.8665105104446411,18.409950256347656,4,0,0,0.0,0.0
gated_alive:a_005:70271,a_005,70271,-11.229144096374512,35.36928939819336,4,0,0,0.0,0.0
gated_alive:a_005:70496,a_005,70496,6.457603454589844,-57.71907424926758,4,0,0,0.0,0.0
gated_alive:a_005:70510,a_005,70510,-31.686695098876953,-25.429296493530273,4,0,0,0.0,0.0
gated_alive:a_005:70830,a_005,70830,-9.835204124450684,56.907249450683594,4,0,0,0.0,0.0
gated_alive:a_005:71081,a_005,71081,1.6904232501983643,42.69628143310547,4,0,0,0.0,0.0
gated_alive:a_005:71830,a_005,71830,3.1550495624542236,41.99147415161133,4,0,0,0.0,0.0
gated_alive:a_005:72126,a_005,72126,23.40802764892578,-29.04479217529297,4,0,0,0.0,0.0
gated_alive:a_005:72174,a_005,72174,9.175540924072266,-45.80638885498047,4,0,0,0.0,0.0
gated_alive:a_005:72302,a_005,72302,8.412308692932129,65.83670806884766,4,0,0,0.0,0.0
gated_alive:a_005:72555,a_005,72555,-22.779483795166016,-19.07631492614746,4,0,0,0.0,0.0
gated_alive:a_005:73152,a_005,73152,-16.15928077697754,19.889497756958008,4,0,0,0.0,0.0
gated_alive:a_005:73442,a_005,73442,-34.48601531982422,46.96748733520508,4,0,0,0.0,0.0
gated_alive:a_005:73550,a_005,73550,9.152612686157227,-37.97866439819336,4,0,0,0.0,0.0
gated_alive:a_005:73843,a_005,73843,48.262691497802734,26.18426513671875,4,0,0,0.0,0.0
gated_alive:a_005:73931,a_005,73931,36.47007369995117,-38.94187545776367,4,0,0,0.0,0.0
gated_alive:a_005:74152,a_005,74152,16.36475372314453,-40.7569580078125,4,0,0,0.0,0.0
gated_alive:a_005:74997,a_005,74997,9.060517311096191,-41.90711975097656,4,0,0,0.0,0.0
gated_alive:a_005:75094,a_005,75094,53.53192901611328,28.691015243530273,4,0,0,0.0,0.0
gated_alive:a_005:75420,a_005,75420,6.408395767211914,-35.5015983581543,4,0,0,0.0,0.0
gated_alive:a_005:75858,a_005,75858,-5.3336920738220215,20.010623931884766,4,0,0,0.0,0.0
gated_alive:a_005:76093,a_005,76093,-30.428268432617188,41.36833953857422,4,0,0,0.0,0.0
gated_alive:a_005:76254,a_005,76254,-16.733652114868164,23.813121795654297,4,0,0,0.0,0.0
gated_alive:a_005:76320,a_005,76320,34.610599517822266,21.629247665405273,4,0,0,0.0,0.0
gated_alive:a_005:76339,a_005,76339,12.441584587097168,-47.163856506347656,4,0,0,0.0,0.0
gated_alive:a_005:77029,a_005,77029,51.75871276855469,-17.70806884765625,4,0,0,0.0,0.0
gated_alive:a_005:77297,a_005,77297,34.33609390258789,7.420274257659912,4,0,0,0.0,0.0
gated_alive:a_005:77599,a_005,77599,14.372203826904297,-44.291656494140625,4,0,0,0.0,0.0
gated_alive:a_005:77604,a_005,77604,19.02178382873535,-15.91556167602539,4,0,0,0.0,0.0
gated_alive:a_005:77621,a_005,77621,5.71121072769165,-28.846940994262695,4,0,0,0.0,0.0
gated_alive:a_005:77824,a_005,77824,14.115602493286133,-50.80866622924805,4,0,0,0.0,0.0
gated_alive:a_005:78391,a_005,78391,12.347485542297363,-42.48231887817383,4,0,0,0.0,0.0
gated_alive:a_005:78720,a_005,78720,32.808536529541016,11.772188186645508,4,0,0,0.0,0.0
gated_alive:a_005:78958,a_005,78958,13.97719955444336,4.222927570343018,4,0,0,0.0,0.0
gated_alive:a_005:79155,a_005,79155,-17.2524471282959,21.369293212890625,4,0,0,0.0,0.0
gated_alive:a_005:79198,a_005,79198,42.87443161010742,-25.16217041015625,4,0,0,0.0,0.0
gated_alive:a_005:79759,a_005,79759,-2.1896560192108154,-48.37826919555664,4,0,0,0.0,0.0
gated_alive:a_005:79971,a_005,79971,19.290102005004883,42.09878921508789,4,0,0,0.0,0.0
gated_alive:a_005:80634,a_005,80634,67.35028076171875,-21.05010414123535,4,0,0,0.0,0.0
gated_alive:a_005:80929,a_005,80929,-30.276710510253906,36.265010833740234,4,0,0,0.0,0.0
gated_alive:a_005:80964,a_005,80964,-2.8002891540527344,33.410099029541016,4,0,0,0.0,0.0
gated_alive:a_005:81033,a_005,81033,-4.120398998260498,-3.4934728145599365,4,0,0,0.0,0.0
gated_alive:a_005:81234,a_005,81234,-27.78421401977539,17.851144790649414,4,0,0,0.0,0.0
gated_alive:a_005:81426,a_005,81426,17.739351272583008,-39.19331359863281,4,0,0,0.0,0.0
gated_alive:a_005:81630,a_005,81630,-0.4158784747123718,39.49967575073242,4,0,0,0.0,0.0
gated_alive:a_005:81915,a_005,81915,-3.5145931243896484,-37.724918365478516,4,0,0,0.0,0.0
gated_alive:a_005:81971,a_005,81971,18.455860137939453,-40.701316833496094,4,0,0,0.0,0.0
gated_alive:a_005:82081,a_005,82081,52.824649810791016,28.437034606933594,4,0,0,0.0,0.0
gated_alive:a_005:82605,a_005,82605,20.564075469970703,-42.30070495605469,4,0,0,0.0,0.0
gated_alive:a_005:83032,a_005,83032,-4.794435501098633,26.488773345947266,4,0,0,0.0,0.0
gated_alive:a_005:83638,a_005,83638,-8.494056701660156,-50.89594268798828,4,0,0,0.0,0.0
gated_alive:a_005:84413,a_005,84413,8.89697551727295,45.322391510009766,4,0,0,0.0,0.0
gated_alive:a_005:84459,a_005,84459,-6.569973945617676,21.214372634887695,4,0,0,0.0,0.0
gated_alive:a_005:84496,a_005,84496,-37.0871467590332,45.561851501464844,4,0,0,0.0,0.0
gated_alive:a_005:84571,a_005,84571,64.16145324707031,-22.19619369506836,4,0,0,0.0,0.0
gated_alive:a_005:84623,a_005,84623,18.839675903320312,45.510108947753906,4,0,0,0.0,0.0
gated_alive:a_005:84866,a_005,84866,50.13254165649414,-16.038856506347656,4,0,0,0.0,0.0
gated_alive:a_005:84907,a_005,84907,16.27528190612793,-41.017234802246094,4,0,0,0.0,0.0
gated_alive:a_005:85046,a_005,85046,10.552385330200195,-44.42238235473633,4,0,0,0.0,0.0
gated_alive:a_005:85715,a_005,85715,12.32687759399414,30.712800979614258,4,0,0,0.0,0.0
gated_alive:a_005:85886,a_005,85886,23.563596725463867,-20.07822608947754,4,0,0,0.0,0.0
gated_alive:a_005:86601,a_005,86601,33.75052261352539,-11.36043643951416,4,0,0,0.0,0.0
gated_alive:a_005:86625,a_005,86625,49.44151306152344,4.283346176147461,4,0,0,0.0,0.0
gated_alive:a_005:87648,a_005,87648,-8.316335678100586,17.757633209228516,4,0,0,0.0,0.0
gated_alive:a_005:88177,a_005,88177,-22.0454158782959,40.36042022705078,4,0,0,0.0,0.0
gated_alive:a_005:88599,a_005,88599,-41.355735778808594,-16.80642318725586,4,0,0,0.0,0.0
gated_alive:a_005:88770,a_005,88770,30.52876091003418,33.71378707885742,4,0,0,0.0,0.0
gated_alive:a_005:88845,a_005,88845,36.07453536987305,18.22271728515625,4,0,0,0.0,0.0
gated_alive:a_005:88858,a_005,88858,-30.36468505859375,-16.992692947387695,4,0,0,0.0,0.0
gated_alive:a_005:89125,a_005,89125,-5.903375148773193,-39.09309005737305,4,0,0,0.0,0.0
gated_alive:a_005:89337,a_005,89337,22.720300674438477,-33.17888259887695,4,0,0,0.0,0.0
gated_alive:a_005:89633,a_005,89633,51.091209411621094,-19.76399040222168,4,0,0,0.0,0.0
gated_alive:a_005:90647,a_005,90647,5.404682636260986,36.576656341552734,4,0,0,0.0,0.0
gated_alive:a_005:90824,a_005,90824,43.887184143066406,-31.60243034362793,4,0,0,0.0,0.0
gated_alive:a_005:90882,a_005,90882,-10.276933670043945,-28.201309204101562,4,0,0,0.0,0.0
gated_alive:a_005:91066,a_005,91066,-12.72935676574707,28.326576232910156,4,0,0,0.0,0.0
gated_alive:a_005:91632,a_005,91632,0.37533310055732727,55.39093017578125,4,0,0,0.0,0.0
gated_alive:a_005:91637,a_005,91637,10.85522747039795,-46.06184005737305,4,0,0,0.0,0.0
gated_alive:a_005:92119,a_005,92119,8.711455345153809,31.91351890563965,4,0,0,0.0,0.0
gated_alive:a_005:92539,a_005,92539,34.332237243652344,18.747390747070312,4,0,0,0.0,0.0
gated_alive:a_005:93007,a_005,93007,4.944138526916504,-32.4178581237793,4,0,0,0.0,0.0
gated_alive:a_005:93337,a_005,93337,-2.8110692501068115,18.094623565673828,4,0,0,0.0,0.0
gated_alive:a_005:93667,a_005,93667,18.261524200439453,-41.28104782104492,4,0,0,0.0,0.0
gated_alive:a_005:93860,a_005,93860,16.74436378479004,-27.67995262145996,4,0,0,0.0,0.0
gated_alive:a_005:94279,a_005,94279,53.523529052734375,5.082522869110107,4,0,0,0.0,0.0
gated_alive:a_005:94490,a_005,94490,-15.825584411621094,-12.291467666625977,4,0,0,0.0,0.0
gated_alive:a_005:94787,a_005,94787,60.974998474121094,-22.948850631713867,4,0,0,0.0,0.0
gated_alive:a_005:95095,a_005,95095,6.526905536651611,44.05473709106445,4,0,0,0.0,0.0
gated_alive:a_005:95426,a_005,95426,-5.619107723236084,28.06052017211914,4,0,0,0.0,0.0
gated_alive:a_005:95812,a_005,95812,48.99565505981445,-17.503263473510742,4,0,0,0.0,0.0
gated_alive:a_005:95847,a_005,95847,-35.36411666870117,34.36003112792969,4,0,0,0.0,0.0
gated_alive:a_005:96289,a_005,96289,47.617916107177734,-37.123573303222656,4,0,0,0.0,0.0
gated_alive:a_005:96340,a_005,96340,-32.74081802368164,33.542747497558594,4,0,0,0.0,0.0
gated_alive:a_005:96558,a_005,96558,59.89773178100586,31.05085563659668,4,0,0,0.0,0.0
gated_alive:a_005:96583,a_005,96583,-0.5784621238708496,31.593873977661133,4,0,0,0.0,0.0
gated_alive:a_005:96674,a_005,96674,48.79111099243164,-19.818843841552734,4,0,0,0.0,0.0
gated_alive:a_005:96829,a_005,96829,-4.711009979248047,15.468103408813477,4,0,0,0.0,0.0
gated_alive:a_005:97435,a_005,97435,-35.04752731323242,-33.74352264404297,4,0,0,0.0,0.0
gated_alive:a_005:98247,a_005,98247,19.780855178833008,-19.03461265563965,4,0,0,0.0,0.0
gated_alive:a_005:98428,a_005,98428,2.971102237701416,-34.66770553588867,4,0,0,0.0,0.0
gated_alive:a_005:98862,a_005,98862,-16.50812530517578,-12.98704719543457,4,0,0,0.0,0.0
gated_alive:a_005:99569,a_005,99569,56.22758483886719,34.57627487182617,4,0,0,0.0,0.0
gated_alive:a_005:99722,a_005,99722,-2.270350456237793,-48.385623931884766,4,0,0,0.0,0.0
gated_alive:a_005:99890,a_005,99890,43.52907180786133,-7.837565898895264,4,0,0,0.0,0.0
gated_alive:a_005:99931,a_005,99931,50.054359436035156,-34.39841842651367,4,0,3,0.0,0.75
gated_alive:a_005:100542,a_005,100542,38.28738021850586,-4.875677585601807,4,0,0,0.0,0.0
gated_alive:a_005:100761,a_005,100761,2.7972004413604736,-19.30196762084961,4,0,0,0.0,0.0
gated_alive:a_005:101128,a_005,101128,23.376354217529297,-21.982656478881836,4,0,0,0.0,0.0
gated_alive:a_005:101195,a_005,101195,12.566856384277344,-45.396446228027344,4,0,0,0.0,0.0
gated_alive:a_005:101204,a_005,101204,47.32447814941406,11.194479942321777,4,0,0,0.0,0.0
gated_alive:a_005:101467,a_005,101467,38.424983978271484,-6.601650238037109,4,0,0,0.0,0.0
gated_alive:a_005:101992,a_005,101992,18.827877044677734,-35.625465393066406,4,0,0,0.0,0.0
gated_alive:a_005:102276,a_005,102276,-44.309539794921875,-22.148651123046875,4,0,0,0.0,0.0
gated_alive:a_005:102643,a_005,102643,43.62445068359375,-7.938513278961182,4,0,0,0.0,0.0
gated_alive:a_005:102741,a_005,102741,0.9122537970542908,-59.82250213623047,4,0,0,0.0,0.0
gated_alive:a_005:103045,a_005,103045,1.1599301099777222,25.563438415527344,4,0,0,0.0,0.0
gated_alive:a_005:103457,a_005,103457,18.757362365722656,-38.59702682495117,4,0,0,0.0,0.0
gated_alive:a_005:103656,a_005,103656,-16.316593170166016,-8.811274528503418,4,0,0,0.0,0.0
gated_alive:a_005:103752,a_005,103752,16.69519805908203,-43.7103157043457,4,0,0,0.0,0.0
gated_alive:a_005:104768,a_005,104768,8.497626304626465,-12.443025588989258,4,0,0,0.0,0.0
gated_alive:a_005:104875,a_005,104875,-4.675614356994629,18.829919815063477,4,0,0,0.0,0.0
gated_alive:a_005:104954,a_005,104954,19.092315673828125,-37.166717529296875,4,0,0,0.0,0.0
gated_alive:a_005:105005,a_005,105005,17.289649963378906,-2.270423650741577,4,0,0,0.0,0.0
gated_alive:a_005:105011,a_005,105011,-17.5338191986084,25.83116912841797,4,0,0,0.0,0.0
gated_alive:a_005:105301,a_005,105301,45.91537094116211,-7.020772933959961,4,0,0,0.0,0.0
gated_alive:a_005:105302,a_005,105302,16.130725860595703,47.28497314453125,4,0,0,0.0,0.0
gated_alive:a_005:105472,a_005,105472,44.8973503112793,-39.558475494384766,4,0,0,0.0,0.0
gated_alive:a_005:105599,a_005,105599,46.00870895385742,-40.146671295166016,4,1,0,0.25,0.0
gated_alive:a_005:106487,a_005,106487,45.87519073486328,-38.89012908935547,4,0,0,0.0,0.0
gated_alive:a_005:107209,a_005,107209,-39.974754333496094,29.096385955810547,4,0,0,0.0,0.0
gated_alive:a_005:107303,a_005,107303,22.79393768310547,-33.37919235229492,4,0,0,0.0,0.0
gated_alive:a_005:107484,a_005,107484,-11.633767127990723,-37.33891296386719,4,0,0,0.0,0.0
gated_alive:a_005:107501,a_005,107501,53.02987289428711,-16.120817184448242,4,0,0,0.0,0.0
gated_alive:a_005:108257,a_005,108257,12.888534545898438,45.34202575683594,4,0,0,0.0,0.0
gated_alive:a_005:108347,a_005,108347,29.06635284423828,43.37037658691406,4,0,0,0.0,0.0
gated_alive:a_005:108392,a_005,108392,45.206634521484375,-39.311737060546875,4,0,0,0.0,0.0
gated_alive:a_005:108601,a_005,108601,-5.989488124847412,-38.508140563964844,4,0,0,0.0,0.0
gated_alive:a_005:109289,a_005,109289,-7.148464679718018,-62.164947509765625,4,0,0,0.0,0.0
gated_alive:a_005:109866,a_005,109866,-13.814675331115723,-38.936553955078125,4,0,0,0.0,0.0
gated_alive:a_005:110069,a_005,110069,12.772523880004883,-17.982919692993164,4,0,0,0.0,0.0
gated_alive:a_005:110593,a_005,110593,14.044049263000488,-10.29554557800293,4,0,0,0.0,0.0
gated_alive:a_005:110891,a_005,110891,-34.54876708984375,32.22453689575195,4,0,0,0.0,0.0
gated_alive:a_005:111211,a_005,111211,25.138017654418945,53.441688537597656,4,0,0,0.0,0.0
gated_alive:a_005:111342,a_005,111342,11.778303146362305,53.60419464111328,4,0,0,0.0,0.0
gated_alive:a_005:111474,a_005,111474,9.471632957458496,-43.36555480957031,4,0,0,0.0,0.0
gated_alive:a_005:111621,a_005,111621,6.099191665649414,59.21333694458008,4,0,0,0.0,0.0
gated_alive:a_005:112079,a_005,112079,-11.211044311523438,-30.537492752075195,4,0,0,0.0,0.0
gated_alive:a_005:112330,a_005,112330,9.001903533935547,-39.281715393066406,4,0,0,0.0,0.0
gated_alive:a_005:113107,a_005,113107,-17.743608474731445,19.287654876708984,4,0,0,0.0,0.0
gated_alive:a_005:113183,a_005,113183,44.72364807128906,0.10957129299640656,4,0,0,0.0,0.0
gated_alive:a_005:113666,a_005,113666,20.371774673461914,-27.07027816772461,4,0,0,0.0,0.0
gated_alive:a_005:113730,a_005,113730,9.302757263183594,33.929847717285156,4,0,0,0.0,0.0
gated_alive:a_005:114168,a_005,114168,56.77210235595703,28.204830169677734,4,0,0,0.0,0.0
gated_alive:a_005:114303,a_005,114303,2.854156494140625,-19.270362854003906,4,0,0,0.0,0.0
gated_alive:a_005:114509,a_005,114509,44.78410339355469,-12.626327514648438,4,0,0,0.0,0.0
gated_alive:a_005:114894,a_005,114894,4.156287670135498,27.780588150024414,4,0,0,0.0,0.0
gated_alive:a_005:115333,a_005,115333,48.1566047668457,-35.81473922729492,4,0,0,0.0,0.0
gated_alive:a_005:115458,a_005,115458,15.49940299987793,-44.95188522338867,4,0,0,0.0,0.0
gated_alive:a_005:115738,a_005,115738,52.69032287597656,-10.499199867248535,4,0,0,0.0,0.0
gated_alive:a_005:115910,a_005,115910,5.456138610839844,-45.828857421875,4,0,0,0.0,0.0
gated_alive:a_005:116227,a_005,116227,-40.29739761352539,-9.341395378112793,4,0,0,0.0,0.0
gated_alive:a_005:116299,a_005,116299,12.495609283447266,-37.269893646240234,4,0,0,0.0,0.0
gated_alive:a_005:116625,a_005,116625,-7.468071937561035,-0.695420503616333,4,0,0,0.0,0.0
gated_alive:a_005:116816,a_005,116816,42.40652084350586,-17.050296783447266,4,0,0,0.0,0.0
gated_alive:a_005:117457,a_005,117457,11.3364896774292,43.16276550292969,4,0,0,0.0,0.0
gated_alive:a_005:117837,a_005,117837,-35.579593658447266,-18.220172882080078,4,0,0,0.0,0.0
gated_alive:a_005:117908,a_005,117908,-35.916133880615234,35.10770034790039,4,0,0,0.0,0.0
gated_alive:a_005:118063,a_005,118063,-15.178606986999512,12.779369354248047,4,0,0,0.0,0.0
gated_alive:a_005:118661,a_005,118661,-15.447731971740723,-15.546246528625488,4,0,0,0.0,0.0
gated_alive:a_005:118678,a_005,118678,23.23346519470215,-21.665088653564453,4,0,0,0.0,0.0
gated_alive:a_005:118821,a_005,118821,-16.450918197631836,20.076446533203125,4,0,0,0.0,0.0
gated_alive:a_005:119456,a_005,119456,-1.11387038230896,-35.209320068359375,4,0,0,0.0,0.0
gated_alive:a_005:119697,a_005,119697,19.948591232299805,-18.822711944580078,4,0,0,0.0,0.0
gated_alive:a_005:119717,a_005,119717,-15.748003005981445,-37.287601470947266,4,0,0,0.0,0.0
gated_alive:a_005:119887,a_005,119887,35.74203872680664,-36.82273483276367,4,0,0,0.0,0.0
gated_alive:a_005:119988,a_005,119988,-47.67816925048828,39.192195892333984,4,0,0,0.0,0.0
gated_alive:a_005:120037,a_005,120037,58.036808013916016,-10.034189224243164,4,0,0,0.0,0.0
gated_alive:a_005:120076,a_005,120076,-15.339275360107422,35.72696304321289,4,0,0,0.0,0.0
gated_alive:a_005:120098,a_005,120098,56.696224212646484,-8.958550453186035,4,0,0,0.0,0.0
gated_alive:a_005:120195,a_005,120195,-16.450441360473633,4.867019176483154,4,0,0,0.0,0.0
gated_alive:a_005:120828,a_005,120828,52.85116958618164,-10.047160148620605,4,0,0,0.0,0.0
gated_alive:a_005:121604,a_005,121604,1.0912792682647705,-40.10148239135742,4,0,0,0.0,0.0
gated_alive:a_005:121683,a_005,121683,-15.41737174987793,15.449967384338379,4,0,0,0.0,0.0
gated_alive:a_005:122200,a_005,122200,-33.776729583740234,-11.86966323852539,4,0,0,0.0,0.0
gated_alive:a_005:122266,a_005,122266,60.641727447509766,-16.49510955810547,4,0,0,0.0,0.0
gated_alive:a_005:123099,a_005,123099,8.172435760498047,45.7618522644043,4,0,0,0.0,0.0
gated_alive:a_005:123349,a_005,123349,41.94009780883789,-24.71855354309082,4,0,0,0.0,0.0
gated_alive:a_005:123490,a_005,123490,-29.440889358520508,-0.3209337592124939,4,0,0,0.0,0.0
gated_alive:a_005:124236,a_005,124236,17.878084182739258,-45.34367370605469,4,0,0,0.0,0.0
gated_alive:a_005:124662,a_005,124662,-17.702861785888672,22.150772094726562,4,0,0,0.0,0.0
gated_alive:a_005:125205,a_005,125205,11.058618545532227,-38.76734924316406,4,0,0,0.0,0.0
gated_alive:a_005:125615,a_005,125615,36.688289642333984,-37.31886672973633,4,0,0,0.0,0.0
gated_alive:a_005:125976,a_005,125976,14.740012168884277,-11.83021068572998,4,0,0,0.0,0.0
gated_alive:a_005:126508,a_005,126508,7.241820335388184,-44.39073944091797,4,0,0,0.0,0.0
gated_alive:a_005:126516,a_005,126516,-17.291847229003906,16.254043579101562,4,0,0,0.0,0.0
gated_alive:a_005:127940,a_005,127940,-37.869537353515625,-12.191696166992188,4,0,0,0.0,0.0
gated_alive:a_005:129019,a_005,129019,9.613211631774902,36.675437927246094,4,0,0,0.0,0.0
gated_alive:a_005:129207,a_005,129207,17.835533142089844,-11.197050094604492,4,0,0,0.0,0.0
gated_alive:a_005:129654,a_005,129654,50.21699905395508,-35.99641799926758,4,2,1,0.5,0.25
gated_alive:a_005:129834,a_005,129834,5.904361724853516,-28.876314163208008,4,0,0,0.0,0.0
gated_alive:a_005:129952,a_005,129952,41.962703704833984,-5.287675380706787,4,0,0,0.0,0.0
gated_alive:a_005:130551,a_005,130551,7.230539321899414,-53.96434783935547,4,0,0,0.0,0.0
gated_alive:a_005:130723,a_005,130723,-10.208420753479004,15.810325622558594,4,0,0,0.0,0.0
gated_alive:a_005:131114,a_005,131114,19.750608444213867,-40.496402740478516,4,0,0,0.0,0.0
gated_alive:a_005:131511,a_005,131511,10.548686027526855,-28.252012252807617,4,0,0,0.0,0.0
gated_alive:a_005:131679,a_005,131679,34.510650634765625,-17.531314849853516,4,0,0,0.0,0.0
gated_alive:a_005:132174,a_005,132174,19.051010131835938,-37.716636657714844,4,0,0,0.0,0.0
gated_alive:a_005:132207,a_005,132207,23.767080307006836,-39.05070114135742,4,0,0,0.0,0.0
gated_alive:a_005:133010,a_005,133010,6.822136878967285,-28.560998916625977,4,0,0,0.0,0.0
gated_alive:a_005:133147,a_005,133147,-1.1340100765228271,-36.65686798095703,4,0,0,0.0,0.0
gated_alive:a_005:133152,a_005,133152,47.79747009277344,-9.617560386657715,4,0,0,0.0,0.0
gated_alive:a_005:134488,a_005,134488,56.60540771484375,-7.001091003417969,4,0,0,0.0,0.0
gated_alive:a_005:135005,a_005,135005,50.14482116699219,-3.5794901847839355,4,0,0,0.0,0.0
gated_alive:a_005:135560,a_005,135560,16.61204719543457,-40.69673538208008,4,0,0,0.0,0.0
gated_alive:a_005:135620,a_005,135620,14.21290111541748,-29.573728561401367,4,0,0,0.0,0.0
gated_alive:a_005:136124,a_005,136124,23.784072875976562,-48.29139709472656,4,0,0,0.0,0.0
gated_alive:a_005:136226,a_005,136226,38.1540641784668,-18.137130737304688,4,0,0,0.0,0.0
gated_alive:a_005:136254,a_005,136254,51.08213424682617,-11.045564651489258,4,0,0,0.0,0.0
gated_alive:a_005:136350,a_005,136350,-4.823522090911865,18.287288665771484,4,0,0,0.0,0.0
gated_alive:a_005:136898,a_005,136898,-10.954368591308594,12.84561824798584,4,0,0,0.0,0.0
gated_alive:a_005:137041,a_005,137041,-6.447443008422852,-49.883323669433594,4,0,0,0.0,0.0
gated_alive:a_005:137247,a_005,137247,46.59288787841797,-3.090867042541504,4,0,0,0.0,0.0
gated_alive:a_005:138665,a_005,138665,49.23990249633789,-8.675230026245117,4,0,0,0.0,0.0
gated_alive:a_005:139409,a_005,139409,17.293392181396484,-1.7227110862731934,4,0,0,0.0,0.0
gated_alive:a_005:139804,a_005,139804,17.805204391479492,-38.94565963745117,4,0,0,0.0,0.0
gated_alive:a_005:140043,a_005,140043,10.421205520629883,-49.06270980834961,4,0,0,0.0,0.0
gated_alive:a_005:140221,a_005,140221,-5.772078037261963,-37.6461067199707,4,0,0,0.0,0.0
gated_alive:a_005:140941,a_005,140941,10.648634910583496,37.862998962402344,4,0,0,0.0,0.0
gated_alive:a_005:142099,a_005,142099,24.318681716918945,-16.405288696289062,4,0,0,0.0,0.0
gated_alive:a_005:143371,a_005,143371,21.702409744262695,-37.220664978027344,4,0,0,0.0,0.0
gated_alive:a_005:144041,a_005,144041,6.691488742828369,-39.496952056884766,4,0,0,0.0,0.0
gated_alive:a_005:144135,a_005,144135,21.277965545654297,-41.513710021972656,4,0,0,0.0,0.0
gated_alive:a_005:144202,a_005,144202,8.366927146911621,-37.55319595336914,4,0,0,0.0,0.0
gated_alive:a_005:144272,a_005,144272,45.656314849853516,-6.943602561950684,4,0,0,0.0,0.0
gated_alive:a_005:144294,a_005,144294,-20.04978370666504,-11.943489074707031,4,0,0,0.0,0.0
gated_alive:a_005:144629,a_005,144629,10.182751655578613,46.24568176269531,4,0,0,0.0,0.0
gated_alive:a_005:144697,a_005,144697,19.98528289794922,-48.955223083496094,4,0,0,0.0,0.0
gated_alive:a_005:145015,a_005,145015,72.06793212890625,-25.545862197875977,4,0,0,0.0,0.0
gated_alive:a_005:146255,a_005,146255,15.835891723632812,-36.13195037841797,4,0,0,0.0,0.0
gated_alive:a_005:146320,a_005,146320,40.96223831176758,-6.912217140197754,4,0,0,0.0,0.0
gated_alive:a_005:146596,a_005,146596,25.1931209564209,-21.34693717956543,4,0,0,0.0,0.0
gated_alive:a_005:147134,a_005,147134,50.19719696044922,-10.00837516784668,4,0,0,0.0,0.0
gated_alive:a_005:147276,a_005,147276,12.610370635986328,-30.164445877075195,4,0,0,0.0,0.0
gated_alive:a_005:148126,a_005,148126,53.93891525268555,-36.36794662475586,4,0,2,0.0,0.5
gated_alive:a_005:148209,a_005,148209,-55.5384407043457,38.539493560791016,4,0,0,0.0,0.0
gated_alive:a_005:148226,a_005,148226,45.30556869506836,-6.60460090637207,4,0,0,0.0,0.0
gated_alive:a_005:149287,a_005,149287,-59.71022415161133,-5.8813066482543945,4,0,0,0.0,0.0
gated_alive:a_005:149300,a_005,149300,18.802295684814453,45.830684661865234,4,0,0,0.0,0.0
gated_alive:a_005:149326,a_005,149326,1.316193699836731,-44.37323760986328,4,0,0,0.0,0.0
gated_alive:a_005:150072,a_005,150072,-23.14188003540039,44.68626022338867,4,0,0,0.0,0.0
gated_alive:a_005:150219,a_005,150219,-31.809730529785156,-16.64190673828125,4,0,0,0.0,0.0
gated_alive:a_005:151213,a_005,151213,-48.911956787109375,39.87342834472656,4,0,0,0.0,0.0
gated_alive:a_005:151690,a_005,151690,14.010152816772461,-30.320337295532227,4,0,0,0.0,0.0
gated_alive:a_005:151773,a_005,151773,21.21918296813965,-8.045730590820312,4,0,0,0.0,0.0
gated_alive:a_005:152110,a_005,152110,-16.96518898010254,18.91962432861328,4,0,0,0.0,0.0
gated_alive:a_005:152926,a_005,152926,53.831939697265625,-15.796425819396973,4,0,0,0.0,0.0
gated_alive:a_005:153266,a_005,153266,35.43238067626953,37.843414306640625,4,0,0,0.0,0.0
gated_alive:a_005:153576,a_005,153576,32.01828384399414,-17.913949966430664,4,0,0,0.0,0.0
gated_alive:a_005:153601,a_005,153601,49.47280502319336,-8.180656433105469,4,0,0,0.0,0.0
gated_alive:a_005:153677,a_005,153677,6.055254936218262,59.419429779052734,4,0,0,0.0,0.0
gated_alive:a_005:154050,a_005,154050,-21.75666618347168,-23.698240280151367,4,0,0,0.0,0.0
gated_alive:a_005:154381,a_005,154381,19.14856719970703,-12.22630786895752,4,0,0,0.0,0.0
gated_alive:a_005:154459,a_005,154459,-12.09101390838623,16.51462745666504,4,0,0,0.0,0.0
gated_alive:a_005:154551,a_005,154551,18.524690628051758,-16.205692291259766,4,0,0,0.0,0.0
gated_alive:a_005:154750,a_005,154750,-16.41332244873047,15.929431915283203,4,0,0,0.0,0.0
gated_alive:a_005:154828,a_005,154828,9.523582458496094,41.70957946777344,4,0,0,0.0,0.0
gated_alive:a_005:154950,a_005,154950,60.937705993652344,-7.5820231437683105,4,0,0,0.0,0.0
gated_alive:a_005:155036,a_005,155036,-17.668163299560547,-27.551624298095703,4,0,0,0.0,0.0
gated_alive:a_006:228,a_006,228,-36.382850646972656,-39.908668518066406,10,0,0,0.0,0.0
gated_alive:a_006:433,a_006,433,-37.51788330078125,-32.66923904418945,10,0,0,0.0,0.0
gated_alive:a_006:580,a_006,580,-23.297029495239258,-22.636201858520508,10,0,0,0.0,0.0
gated_alive:a_006:581,a_006,581,-6.871683120727539,-28.724315643310547,10,0,0,0.0,0.0
gated_alive:a_006:737,a_006,737,6.134957313537598,47.40190124511719,10,0,0,0.0,0.0
gated_alive:a_006:870,a_006,870,-36.957611083984375,-39.66417694091797,10,0,0,0.0,0.0
gated_alive:a_006:1412,a_006,1412,-38.9869384765625,35.04362869262695,10,0,0,0.0,0.0
gated_alive:a_006:1462,a_006,1462,42.906002044677734,-15.572982788085938,10,0,0,0.0,0.0
gated_alive:a_006:1575,a_006,1575,-37.66046905517578,-29.02228546142578,10,0,0,0.0,0.0
gated_alive:a_006:1680,a_006,1680,-47.811580657958984,37.66043472290039,10,0,0,0.0,0.0
gated_alive:a_006:2004,a_006,2004,-39.257080078125,38.66062545776367,10,0,0,0.0,0.0
gated_alive:a_006:2287,a_006,2287,0.03769054263830185,2.5747568607330322,10,0,0,0.0,0.0
gated_alive:a_006:2310,a_006,2310,8.69361686706543,50.373077392578125,10,0,0,0.0,0.0
gated_alive:a_006:2333,a_006,2333,-5.552691459655762,-38.900856018066406,10,0,0,0.0,0.0
gated_alive:a_006:2566,a_006,2566,11.955975532531738,-30.5828914642334,10,0,0,0.0,0.0
gated_alive:a_006:2801,a_006,2801,54.440406799316406,31.59410285949707,10,0,0,0.0,0.0
gated_alive:a_006:3058,a_006,3058,36.737335205078125,16.773601531982422,10,0,0,0.0,0.0
gated_alive:a_006:3214,a_006,3214,-43.146183013916016,-34.327457427978516,10,0,0,0.0,0.0
gated_alive:a_006:3940,a_006,3940,36.47121810913086,42.938148498535156,10,0,0,0.0,0.0
gated_alive:a_006:4032,a_006,4032,10.97297477722168,34.384910583496094,10,0,0,0.0,0.0
gated_alive:a_006:4066,a_006,4066,15.513566017150879,-34.6882438659668,10,0,0,0.0,0.0
gated_alive:a_006:4102,a_006,4102,-47.43804931640625,30.518789291381836,10,0,0,0.0,0.0
gated_alive:a_006:4444,a_006,4444,18.240198135375977,-42.5761604309082,10,0,0,0.0,0.0
gated_alive:a_006:4554,a_006,4554,47.360565185546875,6.012815952301025,10,0,0,0.0,0.0
gated_alive:a_006:4677,a_006,4677,-35.707191467285156,-31.11835289001465,10,0,0,0.0,0.0
gated_alive:a_006:5075,a_006,5075,10.656950950622559,-6.331080913543701,10,0,0,0.0,0.0
gated_alive:a_006:5297,a_006,5297,-3.8331027030944824,-14.929206848144531,10,0,0,0.0,0.0
gated_alive:a_006:5459,a_006,5459,35.892738342285156,16.764402389526367,10,0,0,0.0,0.0
gated_alive:a_006:5488,a_006,5488,65.50044250488281,-28.6634464263916,10,0,0,0.0,0.0
gated_alive:a_006:5511,a_006,5511,-52.969600677490234,31.34804344177246,10,0,0,0.0,0.0
gated_alive:a_006:5563,a_006,5563,12.541960716247559,47.72470474243164,10,0,0,0.0,0.0
gated_alive:a_006:5624,a_006,5624,22.62432861328125,60.18877410888672,10,0,0,0.0,0.0
gated_alive:a_006:5645,a_006,5645,-36.57358169555664,-39.619056701660156,10,0,0,0.0,0.0
gated_alive:a_006:5774,a_006,5774,65.22053527832031,-27.95265007019043,10,0,0,0.0,0.0
gated_alive:a_006:5824,a_006,5824,-30.915542602539062,-13.235845565795898,10,0,0,0.0,0.0
gated_alive:a_006:5866,a_006,5866,23.52666473388672,-37.574302673339844,10,0,0,0.0,0.0
gated_alive:a_006:6158,a_006,6158,-26.70220947265625,-30.76661491394043,10,0,0,0.0,0.0
gated_alive:a_006:6213,a_006,6213,-53.05498504638672,19.42673110961914,10,0,0,0.0,0.0
gated_alive:a_006:7043,a_006,7043,31.25457000732422,31.82988929748535,10,0,0,0.0,0.0
gated_alive:a_006:7185,a_006,7185,-39.934043884277344,-28.503231048583984,10,0,0,0.0,0.0
gated_alive:a_006:7280,a_006,7280,-23.167741775512695,-15.015734672546387,10,0,0,0.0,0.0
gated_alive:a_006:7426,a_006,7426,-41.68973159790039,27.15835189819336,10,0,0,0.0,0.0
gated_alive:a_006:7515,a_006,7515,-3.9212486743927,54.295074462890625,10,0,0,0.0,0.0
gated_alive:a_006:7713,a_006,7713,25.370256423950195,-30.22238540649414,10,0,0,0.0,0.0
gated_alive:a_006:7787,a_006,7787,7.278443336486816,-43.086151123046875,10,0,0,0.0,0.0
gated_alive:a_006:8016,a_006,8016,-58.70625686645508,-3.3000783920288086,10,0,0,0.0,0.0
gated_alive:a_006:8036,a_006,8036,-48.28002166748047,-42.017738342285156,10,0,0,0.0,0.0
gated_alive:a_006:8452,a_006,8452,-32.243309020996094,-20.502676010131836,10,0,0,0.0,0.0
gated_alive:a_006:8477,a_006,8477,-21.926389694213867,20.137819290161133,10,0,0,0.0,0.0
gated_alive:a_006:8663,a_006,8663,-12.51608943939209,-3.9499268531799316,10,0,0,0.0,0.0
gated_alive:a_006:8721,a_006,8721,-33.8674430847168,-25.56039810180664,10,0,0,0.0,0.0
gated_alive:a_006:9040,a_006,9040,2.926744222640991,56.622920989990234,10,0,0,0.0,0.0
gated_alive:a_006:9240,a_006,9240,-36.75187683105469,-26.64198112487793,10,0,0,0.0,0.0
gated_alive:a_006:9291,a_006,9291,23.983854293823242,39.94919204711914,10,0,0,0.0,0.0
gated_alive:a_006:9687,a_006,9687,-3.051379919052124,44.39603042602539,10,0,0,0.0,0.0
gated_alive:a_006:9693,a_006,9693,-37.47429656982422,15.999288558959961,10,0,0,0.0,0.0
gated_alive:a_006:9932,a_006,9932,28.838491439819336,43.59189987182617,10,0,0,0.0,0.0
gated_alive:a_006:10076,a_006,10076,45.85076904296875,29.559349060058594,10,0,0,0.0,0.0
gated_alive:a_006:10241,a_006,10241,24.193880081176758,-37.48765182495117,10,0,0,0.0,0.0
gated_alive:a_006:10427,a_006,10427,-6.458151817321777,-7.002012252807617,10,0,0,0.0,0.0
gated_alive:a_006:10512,a_006,10512,68.63921356201172,-22.447738647460938,10,0,0,0.0,0.0
gated_alive:a_006:10520,a_006,10520,56.05988311767578,-3.3813509941101074,10,0,0,0.0,0.0
gated_alive:a_006:10635,a_006,10635,-7.379815101623535,55.90624237060547,10,0,0,0.0,0.0
gated_alive:a_006:10797,a_006,10797,-22.311519622802734,-40.159786224365234,10,0,0,0.0,0.0
gated_alive:a_006:11176,a_006,11176,17.502906799316406,25.346529006958008,10,0,0,0.0,0.0
gated_alive:a_006:11275,a_006,11275,-25.943147659301758,-28.66892433166504,10,0,0,0.0,0.0
gated_alive:a_006:11287,a_006,11287,-23.71501922607422,-16.16926383972168,10,0,0,0.0,0.0
gated_alive:a_006:11318,a_006,11318,73.8416519165039,-21.542633056640625,10,0,2,0.0,0.2
gated_alive:a_006:11336,a_006,11336,13.809380531311035,1.1636338233947754,10,0,0,0.0,0.0
gated_alive:a_006:11396,a_006,11396,6.903782367706299,46.13694763183594,10,0,0,0.0,0.0
gated_alive:a_006:11559,a_006,11559,18.350330352783203,-32.72932815551758,10,0,3,0.0,0.3
gated_alive:a_006:11969,a_006,11969,10.335556030273438,-17.30503273010254,10,0,0,0.0,0.0
gated_alive:a_006:12088,a_006,12088,-39.07635498046875,-26.760894775390625,10,0,0,0.0,0.0
gated_alive:a_006:12305,a_006,12305,74.28124237060547,-23.221284866333008,10,0,3,0.0,0.3
gated_alive:a_006:12434,a_006,12434,8.056909561157227,60.262264251708984,10,0,0,0.0,0.0
gated_alive:a_006:12494,a_006,12494,-19.257261276245117,-16.744760513305664,10,0,0,0.0,0.0
gated_alive:a_006:12529,a_006,12529,26.80372428894043,-33.42222213745117,10,0,0,0.0,0.0
gated_alive:a_006:12936,a_006,12936,33.06943130493164,17.650922775268555,10,0,0,0.0,0.0
gated_alive:a_006:13193,a_006,13193,8.59579086303711,41.675052642822266,10,0,0,0.0,0.0
gated_alive:a_006:13279,a_006,13279,74.65621948242188,-26.556819915771484,10,0,0,0.0,0.0
gated_alive:a_006:13290,a_006,13290,-18.54884147644043,-16.220680236816406,10,0,0,0.0,0.0
gated_alive:a_006:13376,a_006,13376,15.371967315673828,1.5479696989059448,10,0,0,0.0,0.0
gated_alive:a_006:13606,a_006,13606,2.837877035140991,29.935258865356445,10,0,0,0.0,0.0
gated_alive:a_006:13823,a_006,13823,-42.210750579833984,45.49522018432617,10,0,0,0.0,0.0
gated_alive:a_006:13898,a_006,13898,-18.84430503845215,-8.679891586303711,10,0,0,0.0,0.0
gated_alive:a_006:14087,a_006,14087,37.03557205200195,15.372532844543457,10,0,0,0.0,0.0
gated_alive:a_006:14171,a_006,14171,-46.261417388916016,-2.1182570457458496,10,0,0,0.0,0.0
gated_alive:a_006:14376,a_006,14376,11.58809757232666,-30.670921325683594,10,0,0,0.0,0.0
gated_alive:a_006:14459,a_006,14459,-7.620508193969727,24.832218170166016,10,0,0,0.0,0.0
gated_alive:a_006:15120,a_006,15120,-41.88876724243164,-27.505176544189453,10,0,0,0.0,0.0
gated_alive:a_006:15239,a_006,15239,7.443002223968506,63.20241928100586,10,0,0,0.0,0.0
gated_alive:a_006:15272,a_006,15272,40.9343147277832,-9.982892990112305,10,0,0,0.0,0.0
gated_alive:a_006:15390,a_006,15390,-7.045856952667236,19.84137725830078,10,0,0,0.0,0.0
gated_alive:a_006:15446,a_006,15446,12.817276000976562,36.19790267944336,10,0,0,0.0,0.0
gated_alive:a_006:15502,a_006,15502,38.014739990234375,37.23715591430664,10,0,0,0.0,0.0
gated_alive:a_006:15520,a_006,15520,12.65011978149414,-30.912981033325195,10,0,0,0.0,0.0
gated_alive:a_006:15548,a_006,15548,-0.8270835280418396,-60.88314437866211,10,0,0,0.0,0.0
gated_alive:a_006:15569,a_006,15569,72.54447937011719,-25.45816993713379,10,0,0,0.0,0.0
gated_alive:a_006:15708,a_006,15708,65.5542984008789,-28.699752807617188,10,0,0,0.0,0.0
gated_alive:a_006:15787,a_006,15787,-25.40841293334961,-22.228288650512695,10,0,0,0.0,0.0
gated_alive:a_006:15886,a_006,15886,48.2785530090332,34.05326843261719,10,0,0,0.0,0.0
gated_alive:a_006:16059,a_006,16059,-42.59629440307617,36.631752014160156,10,0,0,0.0,0.0
gated_alive:a_006:16258,a_006,16258,15.922175407409668,46.729156494140625,10,0,0,0.0,0.0
gated_alive:a_006:16354,a_006,16354,15.978711128234863,-24.14732551574707,10,0,0,0.0,0.0
gated_alive:a_006:16548,a_006,16548,9.316597938537598,-13.414752006530762,10,0,0,0.0,0.0
gated_alive:a_006:16682,a_006,16682,14.887609481811523,3.1749303340911865,10,0,0,0.0,0.0
gated_alive:a_006:16853,a_006,16853,11.192645072937012,-52.90517044067383,10,0,0,0.0,0.0
gated_alive:a_006:17049,a_006,17049,-34.548683166503906,-24.44546127319336,10,0,0,0.0,0.0
gated_alive:a_006:17270,a_006,17270,4.490205764770508,31.154020309448242,10,0,0,0.0,0.0
gated_alive:a_006:17351,a_006,17351,32.50303649902344,-35.08034133911133,10,0,0,0.0,0.0
gated_alive:a_006:17632,a_006,17632,-31.253734588623047,-22.300092697143555,10,0,0,0.0,0.0
gated_alive:a_006:17768,a_006,17768,11.781248092651367,59.81330871582031,10,0,0,0.0,0.0
gated_alive:a_006:17938,a_006,17938,-12.397772789001465,-3.0287420749664307,10,0,0,0.0,0.0
gated_alive:a_006:17947,a_006,17947,-20.781841278076172,-28.752836227416992,10,0,0,0.0,0.0
gated_alive:a_006:18122,a_006,18122,-48.45698547363281,34.62926483154297,10,0,0,0.0,0.0
gated_alive:a_006:18285,a_006,18285,-35.67329025268555,-36.31455612182617,10,0,0,0.0,0.0
gated_alive:a_006:18450,a_006,18450,6.355486869812012,34.810211181640625,10,0,0,0.0,0.0
gated_alive:a_006:18815,a_006,18815,-26.414722442626953,-50.77583694458008,10,0,0,0.0,0.0
gated_alive:a_006:18966,a_006,18966,-20.1903076171875,-14.969864845275879,10,0,0,0.0,0.0
gated_alive:a_006:19147,a_006,19147,-8.236455917358398,4.822297096252441,10,0,0,0.0,0.0
gated_alive:a_006:19384,a_006,19384,70.82746887207031,-28.706308364868164,10,0,0,0.0,0.0
gated_alive:a_006:19527,a_006,19527,-32.29062271118164,-24.17078971862793,10,0,0,0.0,0.0
gated_alive:a_006:20359,a_006,20359,16.371503829956055,-33.15846252441406,10,0,0,0.0,0.0
gated_alive:a_006:20899,a_006,20899,15.275433540344238,3.8532328605651855,10,0,0,0.0,0.0
gated_alive:a_006:21015,a_006,21015,11.072113037109375,34.107154846191406,10,0,0,0.0,0.0
gated_alive:a_006:21073,a_006,21073,8.127151489257812,42.33927917480469,10,0,0,0.0,0.0
gated_alive:a_006:21123,a_006,21123,-9.051823616027832,-6.090345859527588,10,0,0,0.0,0.0
gated_alive:a_006:21160,a_006,21160,-47.004486083984375,-41.656822204589844,10,0,0,0.0,0.0
gated_alive:a_006:21163,a_006,21163,-30.512149810791016,-31.813419342041016,10,0,0,0.0,0.0
gated_alive:a_006:21195,a_006,21195,24.21622657775879,29.923444747924805,10,0,0,0.0,0.0
gated_alive:a_006:21608,a_006,21608,8.66424560546875,64.7897720336914,10,0,0,0.0,0.0
gated_alive:a_006:21677,a_006,21677,-32.93682098388672,-20.794416427612305,10,0,0,0.0,0.0
gated_alive:a_006:21828,a_006,21828,-29.058046340942383,-19.714006423950195,10,0,0,0.0,0.0
gated_alive:a_006:22181,a_006,22181,14.407292366027832,2.683177947998047,10,0,0,0.0,0.0
gated_alive:a_006:22210,a_006,22210,-35.682762145996094,-27.063827514648438,10,0,0,0.0,0.0
gated_alive:a_006:22322,a_006,22322,6.9864420890808105,-29.646770477294922,10,0,0,0.0,0.0
gated_alive:a_006:22372,a_006,22372,-36.998409271240234,-29.787771224975586,10,0,0,0.0,0.0
gated_alive:a_006:22445,a_006,22445,49.794124603271484,-8.541813850402832,10,0,0,0.0,0.0
gated_alive:a_006:22537,a_006,22537,-14.761641502380371,34.14945602416992,10,0,0,0.0,0.0
gated_alive:a_006:22850,a_006,22850,11.276570320129395,3.2239480018615723,10,0,0,0.0,0.0
gated_alive:a_006:22854,a_006,22854,16.461647033691406,-33.11125183105469,10,0,0,0.0,0.0
gated_alive:a_006:22997,a_006,22997,2.778862953186035,34.74765396118164,10,0,0,0.0,0.0
gated_alive:a_006:23129,a_006,23129,-17.538911819458008,19.468177795410156,10,0,0,0.0,0.0
gated_alive:a_006:23738,a_006,23738,-6.280589580535889,-6.956831455230713,10,0,0,0.0,0.0
gated_alive:a_006:24034,a_006,24034,-11.028741836547852,57.17226791381836,10,0,0,0.0,0.0
gated_alive:a_006:24090,a_006,24090,-48.69340896606445,-27.97655487060547,10,0,0,0.0,0.0
gated_alive:a_006:24396,a_006,24396,73.23407745361328,-19.900821685791016,10,0,1,0.0,0.1
gated_alive:a_006:24447,a_006,24447,24.51449203491211,-37.4680061340332,10,0,0,0.0,0.0
gated_alive:a_006:24595,a_006,24595,73.47147369384766,-21.378551483154297,10,0,0,0.0,0.0
gated_alive:a_006:24624,a_006,24624,70.48043823242188,-33.3554573059082,10,0,0,0.0,0.0
gated_alive:a_006:24947,a_006,24947,-54.999454498291016,-6.719080924987793,10,0,0,0.0,0.0
gated_alive:a_006:25006,a_006,25006,-21.23639488220215,21.40203285217285,10,0,0,0.0,0.0
gated_alive:a_006:25015,a_006,25015,15.094542503356934,3.062206506729126,10,0,0,0.0,0.0
gated_alive:a_006:25322,a_006,25322,1.0844687223434448,35.41425323486328,10,0,0,0.0,0.0
gated_alive:a_006:25589,a_006,25589,-33.414955139160156,-28.655174255371094,10,0,0,0.0,0.0
gated_alive:a_006:25614,a_006,25614,-13.710661888122559,58.843597412109375,10,0,0,0.0,0.0
gated_alive:a_006:25850,a_006,25850,48.46391296386719,-10.847214698791504,10,0,0,0.0,0.0
gated_alive:a_006:26092,a_006,26092,7.809911251068115,-33.01958084106445,10,0,0,0.0,0.0
gated_alive:a_006:26100,a_006,26100,-28.943910598754883,-18.29402732849121,10,0,0,0.0,0.0
gated_alive:a_006:26154,a_006,26154,-51.96488952636719,36.472877502441406,10,0,0,0.0,0.0
gated_alive:a_006:26219,a_006,26219,-33.78483963012695,-33.563724517822266,10,0,0,0.0,0.0
gated_alive:a_006:26238,a_006,26238,-34.127742767333984,-31.72504997253418,10,0,0,0.0,0.0
gated_alive:a_006:26503,a_006,26503,-35.67959213256836,-29.60425567626953,10,0,0,0.0,0.0
gated_alive:a_006:26607,a_006,26607,-22.267723083496094,20.14105796813965,10,0,0,0.0,0.0
gated_alive:a_006:26737,a_006,26737,11.619978904724121,28.180665969848633,10,0,0,0.0,0.0
gated_alive:a_006:27491,a_006,27491,-25.640825271606445,-22.36618995666504,10,0,0,0.0,0.0
gated_alive:a_006:27768,a_006,27768,-50.37641525268555,33.27915573120117,10,0,0,0.0,0.0
gated_alive:a_006:27808,a_006,27808,-7.50237512588501,-27.315208435058594,10,0,0,0.0,0.0
gated_alive:a_006:27870,a_006,27870,69.17778015136719,-26.499204635620117,10,0,1,0.0,0.1
gated_alive:a_006:28138,a_006,28138,19.82219886779785,33.58577346801758,10,0,0,0.0,0.0
gated_alive:a_006:28203,a_006,28203,74.03164672851562,-21.626354217529297,10,0,0,0.0,0.0
gated_alive:a_006:28377,a_006,28377,-36.66456604003906,-31.691448211669922,10,0,0,0.0,0.0
gated_alive:a_006:28418,a_006,28418,-9.15842342376709,38.37040328979492,10,0,0,0.0,0.0
gated_alive:a_006:28544,a_006,28544,65.02775573730469,-27.89210319519043,10,0,0,0.0,0.0
gated_alive:a_006:28735,a_006,28735,-41.83024978637695,-25.998046875,10,0,0,0.0,0.0
gated_alive:a_006:29499,a_006,29499,8.268502235412598,-15.126103401184082,10,0,0,0.0,0.0
gated_alive:a_006:29603,a_006,29603,-33.118675231933594,21.304500579833984,10,0,0,0.0,0.0
gated_alive:a_006:29902,a_006,29902,17.48560905456543,-31.18475341796875,10,0,0,0.0,0.0
gated_alive:a_006:29974,a_006,29974,64.9061050415039,-27.89339256286621,10,0,0,0.0,0.0
gated_alive:a_006:30031,a_006,30031,36.38180160522461,18.69767189025879,10,0,0,0.0,0.0
gated_alive:a_006:30286,a_006,30286,-4.680343151092529,11.47809886932373,10,0,0,0.0,0.0
gated_alive:a_006:30756,a_006,30756,-47.623443603515625,33.678585052490234,10,0,0,0.0,0.0
gated_alive:a_006:31067,a_006,31067,-6.477462291717529,34.298492431640625,10,0,0,0.0,0.0
gated_alive:a_006:31393,a_006,31393,-3.602717399597168,37.153099060058594,10,0,0,0.0,0.0
gated_alive:a_006:31559,a_006,31559,74.05564880371094,-23.949817657470703,10,0,0,0.0,0.0
gated_alive:a_006:31598,a_006,31598,-25.62494659423828,-15.769675254821777,10,0,0,0.0,0.0
gated_alive:a_006:31920,a_006,31920,-37.34292221069336,-24.3756046295166,10,0,0,0.0,0.0
gated_alive:a_006:32073,a_006,32073,-24.883569717407227,-38.49831771850586,10,0,0,0.0,0.0
gated_alive:a_006:32275,a_006,32275,-21.408153533935547,-18.189613342285156,10,0,0,0.0,0.0
gated_alive:a_006:32842,a_006,32842,11.347379684448242,34.656028747558594,10,0,0,0.0,0.0
gated_alive:a_006:33137,a_006,33137,-8.609703063964844,4.888295650482178,10,0,0,0.0,0.0
gated_alive:a_006:33636,a_006,33636,-16.454580307006836,-19.599882125854492,10,0,0,0.0,0.0
gated_alive:a_006:33835,a_006,33835,-35.86357116699219,-31.55032730102539,10,0,0,0.0,0.0
gated_alive:a_006:33891,a_006,33891,19.87532615661621,-32.81598663330078,10,0,0,0.0,0.0
gated_alive:a_006:34063,a_006,34063,-5.070774078369141,46.96559524536133,10,0,0,0.0,0.0
gated_alive:a_006:34744,a_006,34744,-31.638689041137695,-28.638288497924805,10,0,0,0.0,0.0
gated_alive:a_006:35085,a_006,35085,10.215228080749512,-19.232948303222656,10,0,0,0.0,0.0
gated_alive:a_006:35527,a_006,35527,-32.61968231201172,-33.62687301635742,10,0,0,0.0,0.0
gated_alive:a_006:35677,a_006,35677,-36.11970138549805,43.25341796875,10,0,0,0.0,0.0
gated_alive:a_006:36036,a_006,36036,-25.57994270324707,-13.478082656860352,10,0,0,0.0,0.0
gated_alive:a_006:36079,a_006,36079,-26.970317840576172,-20.044170379638672,10,0,0,0.0,0.0
gated_alive:a_006:36098,a_006,36098,58.210208892822266,-23.10171127319336,10,0,0,0.0,0.0
gated_alive:a_006:36166,a_006,36166,-22.596595764160156,-15.465476989746094,10,0,0,0.0,0.0
gated_alive:a_006:36444,a_006,36444,14.55670166015625,-32.00345993041992,10,0,0,0.0,0.0
gated_alive:a_006:36708,a_006,36708,-16.534605026245117,-16.704565048217773,10,0,0,0.0,0.0
gated_alive:a_006:36720,a_006,36720,-45.57456970214844,-27.724512100219727,10,0,0,0.0,0.0
gated_alive:a_006:37022,a_006,37022,-49.401180267333984,28.152585983276367,10,0,0,0.0,0.0
gated_alive:a_006:37095,a_006,37095,-25.575336456298828,-32.44808578491211,10,0,0,0.0,0.0
gated_alive:a_006:37369,a_006,37369,24.619796752929688,-30.54729461669922,10,0,0,0.0,0.0
gated_alive:a_006:37815,a_006,37815,18.166065216064453,-32.63383483886719,10,1,3,0.1,0.3
gated_alive:a_006:37896,a_006,37896,-34.401641845703125,-31.131755828857422,10,0,0,0.0,0.0
gated_alive:a_006:37931,a_006,37931,15.397218704223633,-10.748345375061035,10,0,0,0.0,0.0
gated_alive:a_006:38020,a_006,38020,14.446924209594727,-39.82579803466797,10,0,0,0.0,0.0
gated_alive:a_006:38105,a_006,38105,67.81610870361328,-19.13728141784668,10,0,1,0.0,0.1
gated_alive:a_006:38238,a_006,38238,-5.398158550262451,23.319692611694336,10,0,0,0.0,0.0
gated_alive:a_006:38305,a_006,38305,-24.95619773864746,-15.711526870727539,10,0,0,0.0,0.0
gated_alive:a_006:38328,a_006,38328,-24.098037719726562,-15.405095100402832,10,0,0,0.0,0.0
gated_alive:a_006:38636,a_006,38636,-0.7219861745834351,43.37506103515625,10,0,0,0.0,0.0
gated_alive:a_006:38855,a_006,38855,-11.694809913635254,54.88663101196289,10,0,0,0.0,0.0
gated_alive:a_006:38861,a_006,38861,4.281674861907959,37.386993408203125,10,0,0,0.0,0.0
gated_alive:a_006:39183,a_006,39183,-31.65574836730957,16.393449783325195,10,0,0,0.0,0.0
gated_alive:a_006:39268,a_006,39268,22.64911460876465,-38.30717849731445,10,0,0,0.0,0.0
gated_alive:a_006:39708,a_006,39708,-21.582292556762695,-15.24454402923584,10,0,0,0.0,0.0
gated_alive:a_006:39769,a_006,39769,-23.07883644104004,-23.0387020111084,10,0,0,0.0,0.0
gated_alive:a_006:39871,a_006,39871,-34.712215423583984,55.81122589111328,10,0,0,0.0,0.0
gated_alive:a_006:39946,a_006,39946,-8.965209007263184,37.65937805175781,10,0,0,0.0,0.0
gated_alive:a_006:40047,a_006,40047,-37.511375427246094,-29.04777717590332,10,0,0,0.0,0.0
gated_alive:a_006:40092,a_006,40092,-22.641874313354492,-9.349015235900879,10,0,0,0.0,0.0
gated_alive:a_006:40229,a_006,40229,-36.291015625,56.197792053222656,10,0,0,0.0,0.0
gated_alive:a_006:40237,a_006,40237,-25.934280395507812,6.5549702644348145,10,4,3,0.4,0.3
gated_alive:a_006:40295,a_006,40295,-43.834659576416016,-27.079973220825195,10,0,0,0.0,0.0
gated_alive:a_006:40430,a_006,40430,-42.63151168823242,40.34748458862305,10,0,0,0.0,0.0
gated_alive:a_006:40541,a_006,40541,-6.219140529632568,52.89888381958008,10,0,0,0.0,0.0
gated_alive:a_006:40593,a_006,40593,-39.26770782470703,-27.55024528503418,10,0,0,0.0,0.0
gated_alive:a_006:40600,a_006,40600,-24.24128532409668,-49.763065338134766,10,0,0,0.0,0.0
gated_alive:a_006:41046,a_006,41046,4.366641998291016,-43.487060546875,10,0,0,0.0,0.0
gated_alive:a_006:41145,a_006,41145,72.91388702392578,-25.640174865722656,10,0,1,0.0,0.1
gated_alive:a_006:41322,a_006,41322,24.215272903442383,-38.879859924316406,10,0,0,0.0,0.0
gated_alive:a_006:41347,a_006,41347,-35.432159423828125,-26.37628936767578,10,0,0,0.0,0.0
gated_alive:a_006:41379,a_006,41379,1.4869991540908813,-44.89700698852539,10,0,0,0.0,0.0
gated_alive:a_006:41446,a_006,41446,-59.45356369018555,-4.841210842132568,10,0,0,0.0,0.0
gated_alive:a_006:41671,a_006,41671,27.445837020874023,48.538307189941406,10,0,0,0.0,0.0
gated_alive:a_006:41712,a_006,41712,-54.53657150268555,1.6551228761672974,10,0,0,0.0,0.0
gated_alive:a_006:41867,a_006,41867,-56.409454345703125,33.53751754760742,10,0,0,0.0,0.0
gated_alive:a_006:41934,a_006,41934,67.98240661621094,-27.646568298339844,10,0,0,0.0,0.0
gated_alive:a_006:42404,a_006,42404,-7.144498348236084,-28.395286560058594,10,0,0,0.0,0.0
gated_alive:a_006:42676,a_006,42676,-21.764190673828125,-18.01240348815918,10,0,0,0.0,0.0
gated_alive:a_006:42856,a_006,42856,8.685076713562012,-22.224519729614258,10,0,0,0.0,0.0
gated_alive:a_006:43365,a_006,43365,-0.3106551170349121,29.31829261779785,10,0,0,0.0,0.0
gated_alive:a_006:43431,a_006,43431,-31.197010040283203,-31.74668312072754,10,0,0,0.0,0.0
gated_alive:a_006:43434,a_006,43434,-51.08060073852539,12.138270378112793,10,0,0,0.0,0.0
gated_alive:a_006:43439,a_006,43439,-10.773641586303711,45.38405227661133,10,0,0,0.0,0.0
gated_alive:a_006:43478,a_006,43478,10.655393600463867,59.74134063720703,10,0,0,0.0,0.0
gated_alive:a_006:43503,a_006,43503,-28.39727783203125,-32.34020233154297,10,0,0,0.0,0.0
gated_alive:a_006:43614,a_006,43614,-37.5982666015625,-31.602521896362305,10,0,0,0.0,0.0
gated_alive:a_006:43943,a_006,43943,1.9373085498809814,-36.328304290771484,10,0,0,0.0,0.0
gated_alive:a_006:44676,a_006,44676,8.453320503234863,31.2109432220459,10,0,0,0.0,0.0
gated_alive:a_006:45287,a_006,45287,-26.04190444946289,-9.234404563903809,10,0,0,0.0,0.0
gated_alive:a_006:45340,a_006,45340,-35.60661315917969,-32.6064453125,10,0,0,0.0,0.0
gated_alive:a_006:45365,a_006,45365,-35.29698181152344,-24.804729461669922,10,0,0,0.0,0.0
gated_alive:a_006:45489,a_006,45489,15.49290943145752,-32.73423385620117,10,0,0,0.0,0.0
gated_alive:a_006:45675,a_006,45675,-33.94843673706055,-24.204893112182617,10,0,0,0.0,0.0
gated_alive:a_006:45710,a_006,45710,-36.256072998046875,-27.861913681030273,10,0,0,0.0,0.0
gated_alive:a_006:45823,a_006,45823,-41.081329345703125,38.47840881347656,10,0,0,0.0,0.0
gated_alive:a_006:45970,a_006,45970,-41.973907470703125,-8.270766258239746,10,0,0,0.0,0.0
gated_alive:a_006:45974,a_006,45974,-32.61966323852539,-30.38377571105957,10,0,0,0.0,0.0
gated_alive:a_006:45998,a_006,45998,-24.36539077758789,-15.574788093566895,10,0,0,0.0,0.0
gated_alive:a_006:46375,a_006,46375,2.274749994277954,32.644866943359375,10,0,0,0.0,0.0
gated_alive:a_006:46505,a_006,46505,8.831811904907227,-13.013651847839355,10,0,0,0.0,0.0
gated_alive:a_006:46857,a_006,46857,0.8140909671783447,-14.13593864440918,10,0,0,0.0,0.0
gated_alive:a_006:46887,a_006,46887,-23.75075340270996,-51.718421936035156,10,0,0,0.0,0.0
gated_alive:a_006:46955,a_006,46955,-50.992557525634766,14.6114501953125,10,0,0,0.0,0.0
gated_alive:a_006:47011,a_006,47011,-35.51181411743164,-25.084487915039062,10,0,0,0.0,0.0
gated_alive:a_006:47369,a_006,47369,19.282011032104492,-35.947021484375,10,0,0,0.0,0.0
gated_alive:a_006:47488,a_006,47488,0.8340131640434265,-14.18172550201416,10,0,0,0.0,0.0
gated_alive:a_006:47957,a_006,47957,-21.418725967407227,20.164039611816406,10,0,0,0.0,0.0
gated_alive:a_006:48029,a_006,48029,14.628362655639648,21.00345802307129,10,0,0,0.0,0.0
gated_alive:a_006:48260,a_006,48260,-10.477044105529785,56.773685455322266,10,0,0,0.0,0.0
gated_alive:a_006:48705,a_006,48705,17.59352684020996,-35.60951232910156,10,0,0,0.0,0.0
gated_alive:a_006:48789,a_006,48789,34.494564056396484,15.789984703063965,10,0,0,0.0,0.0
gated_alive:a_006:48854,a_006,48854,-51.38331985473633,33.87663650512695,10,0,0,0.0,0.0
gated_alive:a_006:49203,a_006,49203,-40.91628646850586,54.89735794067383,10,0,0,0.0,0.0
gated_alive:a_006:49327,a_006,49327,-31.813329696655273,-18.819589614868164,10,0,0,0.0,0.0
gated_alive:a_006:49341,a_006,49341,12.497045516967773,27.54022216796875,10,0,0,0.0,0.0
gated_alive:a_006:49387,a_006,49387,-6.961261749267578,-29.10788917541504,10,0,0,0.0,0.0
gated_alive:a_006:49472,a_006,49472,-35.48957061767578,28.241209030151367,10,0,0,0.0,0.0
gated_alive:a_006:49596,a_006,49596,-37.416473388671875,16.395299911499023,10,0,0,0.0,0.0
gated_alive:a_006:49623,a_006,49623,-22.312898635864258,16.178043365478516,10,0,0,0.0,0.0
gated_alive:a_006:49651,a_006,49651,73.45677947998047,-21.615283966064453,10,1,1,0.1,0.1
gated_alive:a_006:50346,a_006,50346,33.63973617553711,-4.264734745025635,10,0,0,0.0,0.0
gated_alive:a_006:50578,a_006,50578,35.570247650146484,-18.70551109313965,10,0,0,0.0,0.0
gated_alive:a_006:50634,a_006,50634,70.3083724975586,-19.985950469970703,10,0,0,0.0,0.0
gated_alive:a_006:50657,a_006,50657,-51.745418548583984,36.475521087646484,10,0,0,0.0,0.0
gated_alive:a_006:50664,a_006,50664,-34.908573150634766,-27.980295181274414,10,0,0,0.0,0.0
gated_alive:a_006:51705,a_006,51705,-49.32577133178711,39.003177642822266,10,0,0,0.0,0.0
gated_alive:a_006:51909,a_006,51909,10.577500343322754,-46.689979553222656,10,0,0,0.0,0.0
gated_alive:a_006:52082,a_006,52082,-42.31893539428711,-30.91349983215332,10,0,0,0.0,0.0
gated_alive:a_006:52196,a_006,52196,-34.39688491821289,-27.29732322692871,10,0,0,0.0,0.0
gated_alive:a_006:52278,a_006,52278,-17.828521728515625,34.27348327636719,10,0,0,0.0,0.0
gated_alive:a_006:52484,a_006,52484,3.980290174484253,35.2972297668457,10,0,0,0.0,0.0
gated_alive:a_006:52490,a_006,52490,-14.084711074829102,57.94549560546875,10,0,0,0.0,0.0
gated_alive:a_006:52521,a_006,52521,-35.90324020385742,-8.36458969116211,10,0,0,0.0,0.0
gated_alive:a_006:52944,a_006,52944,42.79542922973633,-25.513172149658203,10,0,0,0.0,0.0
gated_alive:a_006:53068,a_006,53068,-49.88621139526367,33.92646408081055,10,0,0,0.0,0.0
gated_alive:a_006:53519,a_006,53519,35.287715911865234,-24.053482055664062,10,0,0,0.0,0.0
gated_alive:a_006:54203,a_006,54203,66.88037872314453,-27.16741180419922,10,0,0,0.0,0.0
gated_alive:a_006:54526,a_006,54526,16.130102157592773,-23.871337890625,10,0,0,0.0,0.0
gated_alive:a_006:54684,a_006,54684,-32.40043258666992,-22.266172409057617,10,0,0,0.0,0.0
gated_alive:a_006:54736,a_006,54736,-6.788780689239502,-4.832806587219238,10,0,0,0.0,0.0
gated_alive:a_006:54849,a_006,54849,-46.792903900146484,32.88258743286133,10,0,0,0.0,0.0
gated_alive:a_006:54909,a_006,54909,-38.78481674194336,-34.83952331542969,10,0,0,0.0,0.0
gated_alive:a_006:55178,a_006,55178,38.88236999511719,-9.393674850463867,10,0,0,0.0,0.0
gated_alive:a_006:55557,a_006,55557,-1.7034136056900024,-35.98618698120117,10,0,0,0.0,0.0
gated_alive:a_006:55966,a_006,55966,-1.139045238494873,-40.93132400512695,10,0,0,0.0,0.0
gated_alive:a_006:56021,a_006,56021,42.803306579589844,-25.33470344543457,10,0,0,0.0,0.0
gated_alive:a_006:56491,a_006,56491,10.538700103759766,28.059114456176758,10,0,0,0.0,0.0
gated_alive:a_006:56494,a_006,56494,15.253128051757812,-9.020404815673828,10,0,0,0.0,0.0
gated_alive:a_006:56568,a_006,56568,-46.83652114868164,-41.55179977416992,10,0,0,0.0,0.0
gated_alive:a_006:57150,a_006,57150,22.671524047851562,-33.41565704345703,10,0,0,0.0,0.0
gated_alive:a_006:57782,a_006,57782,2.8119590282440186,28.96257209777832,10,0,0,0.0,0.0
gated_alive:a_006:57806,a_006,57806,-26.43697166442871,-37.98504638671875,10,0,0,0.0,0.0
gated_alive:a_006:57972,a_006,57972,20.100461959838867,-35.430206298828125,10,0,0,0.0,0.0
gated_alive:a_006:58150,a_006,58150,12.824965476989746,-31.113323211669922,10,0,0,0.0,0.0
gated_alive:a_006:58305,a_006,58305,-33.81166458129883,-34.72433853149414,10,0,0,0.0,0.0
gated_alive:a_006:58629,a_006,58629,-35.07535934448242,-23.861562728881836,10,0,0,0.0,0.0
gated_alive:a_006:58755,a_006,58755,-35.66994857788086,-32.54981231689453,10,0,0,0.0,0.0
gated_alive:a_006:58774,a_006,58774,27.406740188598633,55.342166900634766,10,0,0,0.0,0.0
gated_alive:a_006:58930,a_006,58930,11.905112266540527,-29.675235748291016,10,0,0,0.0,0.0
gated_alive:a_006:58988,a_006,58988,-40.25969696044922,15.087776184082031,10,0,0,0.0,0.0
gated_alive:a_006:59207,a_006,59207,39.96403884887695,-14.755402565002441,10,0,0,0.0,0.0
gated_alive:a_006:59419,a_006,59419,19.187654495239258,-32.85478973388672,10,0,0,0.0,0.0
gated_alive:a_006:59474,a_006,59474,-29.068145751953125,-26.703195571899414,10,0,0,0.0,0.0
gated_alive:a_006:59755,a_006,59755,13.309041023254395,54.71455764770508,10,0,0,0.0,0.0
gated_alive:a_006:59884,a_006,59884,12.618386268615723,-37.17953109741211,10,0,0,0.0,0.0
gated_alive:a_006:59935,a_006,59935,-4.80457878112793,33.028377532958984,10,0,0,0.0,0.0
gated_alive:a_006:59971,a_006,59971,1.2377691268920898,41.87861633300781,10,0,0,0.0,0.0
gated_alive:a_006:60018,a_006,60018,-31.339553833007812,-32.708675384521484,10,0,0,0.0,0.0
gated_alive:a_006:60020,a_006,60020,-44.144020080566406,-18.53729248046875,10,0,0,0.0,0.0
gated_alive:a_006:60024,a_006,60024,-13.145148277282715,4.4806132316589355,10,0,0,0.0,0.0
gated_alive:a_006:60176,a_006,60176,-57.23265838623047,-4.82366943359375,10,0,0,0.0,0.0
gated_alive:a_006:60448,a_006,60448,45.753395080566406,30.222225189208984,10,0,0,0.0,0.0
gated_alive:a_006:60559,a_006,60559,-36.54129409790039,53.72323989868164,10,0,0,0.0,0.0
gated_alive:a_006:60740,a_006,60740,-52.93766403198242,31.573043823242188,10,0,0,0.0,0.0
gated_alive:a_006:60785,a_006,60785,-21.681598663330078,-16.300142288208008,10,0,0,0.0,0.0
gated_alive:a_006:61160,a_006,61160,-41.62879943847656,-27.086288452148438,10,0,0,0.0,0.0
gated_alive:a_006:61443,a_006,61443,-32.11850357055664,-35.71290588378906,10,0,0,0.0,0.0
gated_alive:a_006:61905,a_006,61905,-10.578232765197754,57.51322555541992,10,0,0,0.0,0.0
gated_alive:a_006:62046,a_006,62046,-19.451271057128906,-12.76679801940918,10,0,0,0.0,0.0
gated_alive:a_006:62084,a_006,62084,14.593778610229492,51.83077621459961,10,0,0,0.0,0.0
gated_alive:a_006:62233,a_006,62233,23.661474227905273,-30.291091918945312,10,0,0,0.0,0.0
gated_alive:a_006:62258,a_006,62258,17.40035629272461,-34.30034637451172,10,0,0,0.0,0.0
gated_alive:a_006:62302,a_006,62302,-22.95244789123535,-15.992454528808594,10,0,0,0.0,0.0
gated_alive:a_006:62480,a_006,62480,-2.5968451499938965,-2.2674214839935303,10,0,0,0.0,0.0
gated_alive:a_006:62649,a_006,62649,-46.95045852661133,-43.109806060791016,10,0,0,0.0,0.0
gated_alive:a_006:62663,a_006,62663,0.07394134998321533,-54.54570007324219,10,0,0,0.0,0.0
gated_alive:a_006:62781,a_006,62781,-52.87332534790039,-5.294571399688721,10,0,0,0.0,0.0
gated_alive:a_006:62957,a_006,62957,54.206787109375,6.417383670806885,10,0,0,0.0,0.0
gated_alive:a_006:63436,a_006,63436,-18.764747619628906,-8.787959098815918,10,0,0,0.0,0.0
gated_alive:a_006:63521,a_006,63521,17.350627899169922,-1.4607462882995605,10,0,2,0.0,0.2
gated_alive:a_006:63587,a_006,63587,-1.3351402282714844,35.75381088256836,10,0,0,0.0,0.0
gated_alive:a_006:63734,a_006,63734,9.575307846069336,-11.86516284942627,10,0,0,0.0,0.0
gated_alive:a_006:64020,a_006,64020,14.860552787780762,-33.10629653930664,10,0,0,0.0,0.0
gated_alive:a_006:64126,a_006,64126,40.41347885131836,-7.774200916290283,10,0,0,0.0,0.0
gated_alive:a_006:64299,a_006,64299,-13.167932510375977,-17.868635177612305,10,0,0,0.0,0.0
gated_alive:a_006:64582,a_006,64582,-48.28926086425781,30.042512893676758,10,0,0,0.0,0.0
gated_alive:a_006:64596,a_006,64596,-37.42176818847656,52.19049072265625,10,0,0,0.0,0.0
gated_alive:a_006:64934,a_006,64934,-41.765235900878906,-30.71659278869629,10,0,0,0.0,0.0
gated_alive:a_006:64948,a_006,64948,69.0918197631836,-28.255367279052734,10,0,0,0.0,0.0
gated_alive:a_006:64958,a_006,64958,24.8487491607666,-40.830142974853516,10,0,0,0.0,0.0
gated_alive:a_006:65447,a_006,65447,-21.836082458496094,20.0737361907959,10,0,0,0.0,0.0
gated_alive:a_006:65513,a_006,65513,-54.412227630615234,28.69893455505371,10,0,0,0.0,0.0
gated_alive:a_006:65527,a_006,65527,-53.677696228027344,36.551700592041016,10,0,0,0.0,0.0
gated_alive:a_006:65989,a_006,65989,-7.41016149520874,47.785892486572266,10,0,0,0.0,0.0
gated_alive:a_006:66442,a_006,66442,-2.9586598873138428,-4.103285789489746,10,0,2,0.0,0.2
gated_alive:a_006:66448,a_006,66448,3.034146547317505,56.54032516479492,10,0,0,0.0,0.0
gated_alive:a_006:66768,a_006,66768,16.28148651123047,33.802547454833984,10,0,0,0.0,0.0
gated_alive:a_006:66788,a_006,66788,-5.949234485626221,-36.48529052734375,10,0,0,0.0,0.0
gated_alive:a_006:67203,a_006,67203,65.20313262939453,-27.774276733398438,10,0,0,0.0,0.0
gated_alive:a_006:67239,a_006,67239,-42.27141189575195,-28.569231033325195,10,0,0,0.0,0.0
gated_alive:a_006:67512,a_006,67512,52.67159652709961,10.920923233032227,10,0,0,0.0,0.0
gated_alive:a_006:67689,a_006,67689,-33.225257873535156,-28.724693298339844,10,0,0,0.0,0.0
gated_alive:a_006:67691,a_006,67691,-41.864253997802734,-27.476900100708008,10,0,0,0.0,0.0
gated_alive:a_006:67719,a_006,67719,-35.023746490478516,-29.146814346313477,10,0,0,0.0,0.0
gated_alive:a_006:68068,a_006,68068,-21.532869338989258,-49.518959045410156,10,0,0,0.0,0.0
gated_alive:a_006:68474,a_006,68474,-39.392478942871094,37.14913558959961,10,0,0,0.0,0.0
gated_alive:a_006:68634,a_006,68634,17.65840721130371,29.597841262817383,10,0,0,0.0,0.0
gated_alive:a_006:68718,a_006,68718,44.41959762573242,-30.81892204284668,10,0,0,0.0,0.0
gated_alive:a_006:68927,a_006,68927,-21.195146560668945,20.144306182861328,10,0,0,0.0,0.0
gated_alive:a_006:69129,a_006,69129,-34.70842361450195,-29.536922454833984,10,0,0,0.0,0.0
gated_alive:a_006:69131,a_006,69131,-4.255270004272461,-2.098231554031372,10,0,0,0.0,0.0
gated_alive:a_006:69642,a_006,69642,-37.43871307373047,-27.8024959564209,10,0,0,0.0,0.0
gated_alive:a_006:69767,a_006,69767,21.448049545288086,-43.28612518310547,10,0,0,0.0,0.0
gated_alive:a_006:69836,a_006,69836,-23.799022674560547,-13.257004737854004,10,0,0,0.0,0.0
gated_alive:a_006:70093,a_006,70093,-36.71462631225586,-3.4662675857543945,10,0,0,0.0,0.0
gated_alive:a_006:70098,a_006,70098,-35.14137268066406,-22.7075252532959,10,0,0,0.0,0.0
gated_alive:a_006:70301,a_006,70301,-42.35844039916992,-26.319955825805664,10,0,0,0.0,0.0
gated_alive:a_006:70689,a_006,70689,6.319220066070557,34.037139892578125,10,0,0,0.0,0.0
gated_alive:a_006:70734,a_006,70734,-37.03688430786133,-29.82642936706543,10,0,0,0.0,0.0
gated_alive:a_006:70890,a_006,70890,-24.467906951904297,-13.40424919128418,10,0,0,0.0,0.0
gated_alive:a_006:71050,a_006,71050,-45.795467376708984,32.929561614990234,10,0,0,0.0,0.0
gated_alive:a_006:71355,a_006,71355,-30.98245620727539,-33.57278060913086,10,0,0,0.0,0.0
gated_alive:a_006:71504,a_006,71504,9.813908576965332,-44.659019470214844,10,0,0,0.0,0.0
gated_alive:a_006:71531,a_006,71531,21.034648895263672,-13.119561195373535,10,0,0,0.0,0.0
gated_alive:a_006:71989,a_006,71989,10.341200828552246,42.03171157836914,10,0,0,0.0,0.0
gated_alive:a_006:72458,a_006,72458,19.75863265991211,46.83473587036133,10,0,0,0.0,0.0
gated_alive:a_006:72593,a_006,72593,-49.191566467285156,46.3110466003418,10,0,0,0.0,0.0
gated_alive:a_006:72621,a_006,72621,1.3489043712615967,-44.63774871826172,10,0,0,0.0,0.0
gated_alive:a_006:72844,a_006,72844,-58.75520706176758,-0.04165707156062126,10,0,0,0.0,0.0
gated_alive:a_006:73529,a_006,73529,-3.6315994262695312,-14.633776664733887,10,0,0,0.0,0.0
gated_alive:a_006:73630,a_006,73630,53.409358978271484,32.43634796142578,10,0,0,0.0,0.0
gated_alive:a_006:73708,a_006,73708,-35.3863410949707,-32.03215026855469,10,0,0,0.0,0.0
gated_alive:a_006:73869,a_006,73869,-1.630409836769104,0.7957955002784729,10,1,1,0.1,0.1
gated_alive:a_006:74031,a_006,74031,71.67707824707031,-21.79111671447754,10,0,0,0.0,0.0
gated_alive:a_006:74145,a_006,74145,-23.65672492980957,-14.201621055603027,10,0,0,0.0,0.0
gated_alive:a_006:74277,a_006,74277,-29.481081008911133,-20.192197799682617,10,0,0,0.0,0.0
gated_alive:a_006:74781,a_006,74781,-9.204606056213379,56.336307525634766,10,0,0,0.0,0.0
gated_alive:a_006:75033,a_006,75033,66.43090057373047,-26.710004806518555,10,0,0,0.0,0.0
gated_alive:a_006:75261,a_006,75261,-18.81475257873535,-44.2771110534668,10,0,0,0.0,0.0
gated_alive:a_006:75393,a_006,75393,-21.268054962158203,-34.38028335571289,10,0,0,0.0,0.0
gated_alive:a_006:75598,a_006,75598,-7.437598705291748,-55.620880126953125,10,0,0,0.0,0.0
gated_alive:a_006:75868,a_006,75868,-5.59714412689209,36.93689727783203,10,0,0,0.0,0.0
gated_alive:a_006:76059,a_006,76059,-4.182745456695557,-1.5027433633804321,10,0,0,0.0,0.0
gated_alive:a_006:76307,a_006,76307,-42.395347595214844,-29.335634231567383,10,0,0,0.0,0.0
gated_alive:a_006:76555,a_006,76555,-9.255487442016602,-5.50352668762207,10,0,0,0.0,0.0
gated_alive:a_006:76789,a_006,76789,-23.23755645751953,-16.4167423248291,10,0,0,0.0,0.0
gated_alive:a_006:76847,a_006,76847,-26.239910125732422,-14.90190601348877,10,0,0,0.0,0.0
gated_alive:a_006:76924,a_006,76924,17.10368537902832,-48.461299896240234,10,0,0,0.0,0.0
gated_alive:a_006:77313,a_006,77313,-9.207262992858887,0.30422595143318176,10,0,0,0.0,0.0
gated_alive:a_006:77315,a_006,77315,-27.99299430847168,-32.23115539550781,10,0,0,0.0,0.0
gated_alive:a_006:77318,a_006,77318,-27.906644821166992,-31.702268600463867,10,0,0,0.0,0.0
gated_alive:a_006:77539,a_006,77539,24.72710609436035,-36.01026153564453,10,0,0,0.0,0.0
gated_alive:a_006:77580,a_006,77580,-35.85559844970703,53.18524169921875,10,0,0,0.0,0.0
gated_alive:a_006:77841,a_006,77841,57.90550994873047,34.635494232177734,10,0,0,0.0,0.0
gated_alive:a_006:78186,a_006,78186,-35.31586837768555,12.963153839111328,10,0,0,0.0,0.0
gated_alive:a_006:78262,a_006,78262,20.89048194885254,51.97308349609375,10,0,0,0.0,0.0
gated_alive:a_006:78390,a_006,78390,-47.32231521606445,45.5214958190918,10,0,0,0.0,0.0
gated_alive:a_006:78548,a_006,78548,1.8665395975112915,-36.39299392700195,10,0,0,0.0,0.0
gated_alive:a_006:78726,a_006,78726,-25.700279235839844,-13.840526580810547,10,0,0,0.0,0.0
gated_alive:a_006:78752,a_006,78752,-41.87617874145508,26.807640075683594,10,0,0,0.0,0.0
gated_alive:a_006:78864,a_006,78864,-35.44233322143555,32.76872253417969,10,0,0,0.0,0.0
gated_alive:a_006:79050,a_006,79050,-41.930118560791016,-31.72171401977539,10,0,0,0.0,0.0
gated_alive:a_006:79461,a_006,79461,24.680870056152344,-30.667051315307617,10,0,0,0.0,0.0
gated_alive:a_006:79559,a_006,79559,3.5441792011260986,-50.296104431152344,10,0,0,0.0,0.0
gated_alive:a_006:80077,a_006,80077,21.380199432373047,-31.21335220336914,10,0,0,0.0,0.0
gated_alive:a_006:80135,a_006,80135,-29.606739044189453,-20.999319076538086,10,0,0,0.0,0.0
gated_alive:a_006:80295,a_006,80295,16.97931671142578,-35.42922592163086,10,1,0,0.1,0.0
gated_alive:a_006:80690,a_006,80690,9.284510612487793,-10.34430980682373,10,0,0,0.0,0.0
gated_alive:a_006:80759,a_006,80759,-33.725059509277344,-30.67930793762207,10,0,0,0.0,0.0
gated_alive:a_006:80846,a_006,80846,-35.41855239868164,50.61865234375,10,0,0,0.0,0.0
gated_alive:a_006:80890,a_006,80890,-31.240093231201172,-32.22462844848633,10,0,0,0.0,0.0
gated_alive:a_006:81165,a_006,81165,4.602055549621582,-48.8594970703125,10,0,0,0.0,0.0
gated_alive:a_006:81584,a_006,81584,23.785295486450195,40.010746002197266,10,0,0,0.0,0.0
gated_alive:a_006:81637,a_006,81637,-57.53157043457031,-2.240264892578125,10,0,0,0.0,0.0
gated_alive:a_006:81649,a_006,81649,33.20574951171875,-21.326255798339844,10,0,3,0.0,0.3
gated_alive:a_006:81788,a_006,81788,-28.78691291809082,-31.97530174255371,10,0,0,0.0,0.0
gated_alive:a_006:81808,a_006,81808,-11.931333541870117,22.52705192565918,10,0,0,0.0,0.0
gated_alive:a_006:81958,a_006,81958,14.934053421020508,1.0345432758331299,10,0,0,0.0,0.0
gated_alive:a_006:82246,a_006,82246,-34.663612365722656,-32.23107147216797,10,0,0,0.0,0.0
gated_alive:a_006:82778,a_006,82778,-38.237037658691406,-13.092617988586426,10,0,0,0.0,0.0
gated_alive:a_006:82846,a_006,82846,-34.643306732177734,-33.681983947753906,10,0,0,0.0,0.0
gated_alive:a_006:83189,a_006,83189,16.28687858581543,34.0518798828125,10,0,0,0.0,0.0
gated_alive:a_006:83528,a_006,83528,-23.0030574798584,24.52987289428711,10,0,0,0.0,0.0
gated_alive:a_006:83547,a_006,83547,0.49296119809150696,33.0831298828125,10,0,0,0.0,0.0
gated_alive:a_006:84077,a_006,84077,-55.257423400878906,33.49794006347656,10,0,0,0.0,0.0
gated_alive:a_006:84096,a_006,84096,-42.66202163696289,-43.97151565551758,10,0,0,0.0,0.0
gated_alive:a_006:84161,a_006,84161,-50.36400604248047,37.143123626708984,10,0,0,0.0,0.0
gated_alive:a_006:84359,a_006,84359,-47.135677337646484,-37.62663650512695,10,0,0,0.0,0.0
gated_alive:a_006:84457,a_006,84457,55.99633026123047,-7.450573921203613,10,0,0,0.0,0.0
gated_alive:a_006:84710,a_006,84710,-9.859213829040527,9.442012786865234,10,0,0,0.0,0.0
gated_alive:a_006:84724,a_006,84724,12.057169914245605,36.75436782836914,10,0,0,0.0,0.0
gated_alive:a_006:84800,a_006,84800,-46.947330474853516,37.01511001586914,10,0,0,0.0,0.0
gated_alive:a_006:84852,a_006,84852,-24.696304321289062,-42.89699935913086,10,0,0,0.0,0.0
gated_alive:a_006:84876,a_006,84876,-28.68159294128418,-32.99425506591797,10,0,0,0.0,0.0
gated_alive:a_006:85069,a_006,85069,-17.35462760925293,-15.938765525817871,10,0,0,0.0,0.0
gated_alive:a_006:85166,a_006,85166,-23.568275451660156,-21.26482582092285,10,0,0,0.0,0.0
gated_alive:a_006:85337,a_006,85337,-35.19038009643555,-26.857322692871094,10,0,0,0.0,0.0
gated_alive:a_006:85526,a_006,85526,-33.17881393432617,-22.176406860351562,10,0,0,0.0,0.0
gated_alive:a_006:85602,a_006,85602,-36.2818489074707,-19.749134063720703,10,0,0,0.0,0.0
gated_alive:a_006:85603,a_006,85603,-47.65108108520508,35.668880462646484,10,0,0,0.0,0.0
gated_alive:a_006:85769,a_006,85769,-56.841983795166016,-2.0501112937927246,10,0,0,0.0,0.0
gated_alive:a_006:85897,a_006,85897,23.67170524597168,-39.25043487548828,10,0,0,0.0,0.0
gated_alive:a_006:85967,a_006,85967,-30.857667922973633,36.022735595703125,10,0,0,0.0,0.0
gated_alive:a_006:86308,a_006,86308,-22.205886840820312,-23.38559341430664,10,0,0,0.0,0.0
gated_alive:a_006:86523,a_006,86523,1.4588617086410522,39.37892532348633,10,0,0,0.0,0.0
gated_alive:a_006:86615,a_006,86615,16.46031951904297,-33.080352783203125,10,0,0,0.0,0.0
gated_alive:a_006:86645,a_006,86645,1.3245521783828735,33.92328643798828,10,0,0,0.0,0.0
gated_alive:a_006:86750,a_006,86750,-8.41901683807373,-41.17851257324219,10,0,0,0.0,0.0
gated_alive:a_006:87021,a_006,87021,42.78447723388672,-27.98780632019043,10,0,0,0.0,0.0
gated_alive:a_006:87188,a_006,87188,-35.126522064208984,-27.228181838989258,10,0,0,0.0,0.0
gated_alive:a_006:87201,a_006,87201,-12.977095603942871,0.05138811841607094,10,0,0,0.0,0.0
gated_alive:a_006:87869,a_006,87869,-18.782440185546875,-8.862407684326172,10,0,0,0.0,0.0
gated_alive:a_006:88399,a_006,88399,11.294661521911621,-32.31193542480469,10,0,0,0.0,0.0
gated_alive:a_006:88479,a_006,88479,-23.428377151489258,-22.025318145751953,10,0,0,0.0,0.0
gated_alive:a_006:88494,a_006,88494,-8.674589157104492,-0.2842000126838684,10,0,0,0.0,0.0
gated_alive:a_006:88960,a_006,88960,9.940810203552246,-12.767974853515625,10,0,0,0.0,0.0
gated_alive:a_006:89155,a_006,89155,-24.277400970458984,-41.709136962890625,10,0,0,0.0,0.0
gated_alive:a_006:89173,a_006,89173,24.758588790893555,-30.52008056640625,10,0,0,0.0,0.0
gated_alive:a_006:89580,a_006,89580,70.99298095703125,-20.223773956298828,10,0,0,0.0,0.0
gated_alive:a_006:89855,a_006,89855,-12.512125015258789,13.892643928527832,10,0,0,0.0,0.0
gated_alive:a_006:89952,a_006,89952,72.88906860351562,-23.092267990112305,10,0,0,0.0,0.0
gated_alive:a_007:30,a_007,30,-46.6874885559082,36.78601837158203,7,0,0,0.0,0.0
gated_alive:a_007:64,a_007,64,28.870038986206055,-30.648130416870117,7,0,0,0.0,0.0
gated_alive:a_007:139,a_007,139,56.205352783203125,-10.756948471069336,7,0,0,0.0,0.0
gated_alive:a_007:233,a_007,233,27.908395767211914,26.72683334350586,7,0,0,0.0,0.0
gated_alive:a_007:448,a_007,448,47.0474853515625,-39.523353576660156,7,1,2,0.14285714285714285,0.2857142857142857
gated_alive:a_007:1238,a_007,1238,-8.268630981445312,-40.2747802734375,7,0,0,0.0,0.0
gated_alive:a_007:1265,a_007,1265,54.82793045043945,-16.66575050354004,7,0,0,0.0,0.0
gated_alive:a_007:1704,a_007,1704,-7.431036949157715,56.04733657836914,7,0,0,0.0,0.0
gated_alive:a_007:1794,a_007,1794,-1.5355486869812012,41.49506759643555,7,0,0,0.0,0.0
gated_alive:a_007:1850,a_007,1850,-29.547435760498047,-21.299039840698242,7,0,0,0.0,0.0
gated_alive:a_007:2172,a_007,2172,6.642701148986816,36.51706314086914,7,0,0,0.0,0.0
gated_alive:a_007:2591,a_007,2591,-7.571487903594971,31.154754638671875,7,0,0,0.0,0.0
gated_alive:a_007:2597,a_007,2597,-3.334848165512085,-1.910873532295227,7,0,0,0.0,0.0
gated_alive:a_007:2620,a_007,2620,58.12771987915039,-2.0636847019195557,7,0,0,0.0,0.0
gated_alive:a_007:2684,a_007,2684,1.0413353443145752,-41.38036346435547,7,1,0,0.14285714285714285,0.0
gated_alive:a_007:2794,a_007,2794,-45.00859451293945,-23.19524574279785,7,0,0,0.0,0.0
gated_alive:a_007:2803,a_007,2803,-25.259361267089844,-40.50920867919922,7,0,0,0.0,0.0
gated_alive:a_007:2886,a_007,2886,46.8625373840332,-13.769948959350586,7,0,0,0.0,0.0
gated_alive:a_007:2985,a_007,2985,-33.823604583740234,-4.620190620422363,7,0,0,0.0,0.0
gated_alive:a_007:3061,a_007,3061,36.21162033081055,51.69517135620117,7,0,0,0.0,0.0
gated_alive:a_007:3232,a_007,3232,-57.265602111816406,17.84929656982422,7,0,0,0.0,0.0
gated_alive:a_007:3597,a_007,3597,-7.5700578689575195,-53.427330017089844,7,0,0,0.0,0.0
gated_alive:a_007:3992,a_007,3992,44.729923248291016,-12.659765243530273,7,0,0,0.0,0.0
gated_alive:a_007:4029,a_007,4029,-24.96837615966797,-38.401615142822266,7,0,0,0.0,0.0
gated_alive:a_007:4234,a_007,4234,20.30533218383789,25.29071807861328,7,0,0,0.0,0.0
gated_alive:a_007:4256,a_007,4256,-28.097801208496094,28.601797103881836,7,0,0,0.0,0.0
gated_alive:a_007:4259,a_007,4259,-40.764766693115234,-24.243751525878906,7,0,0,0.0,0.0
gated_alive:a_007:4824,a_007,4824,26.801692962646484,-36.606990814208984,7,0,0,0.0,0.0
gated_alive:a_007:5065,a_007,5065,-23.87285041809082,-22.094499588012695,7,0,0,0.0,0.0
gated_alive:a_007:5683,a_007,5683,15.573097229003906,-37.44428634643555,7,0,0,0.0,0.0
gated_alive:a_007:5781,a_007,5781,7.3765058517456055,42.216129302978516,7,0,0,0.0,0.0
gated_alive:a_007:6072,a_007,6072,22.859298706054688,-36.53265380859375,7,0,0,0.0,0.0
gated_alive:a_007:6203,a_007,6203,68.27301788330078,-23.763635635375977,7,0,0,0.0,0.0
gated_alive:a_007:6266,a_007,6266,-23.319578170776367,-37.22047805786133,7,0,0,0.0,0.0
gated_alive:a_007:6273,a_007,6273,12.773222923278809,-32.27816390991211,7,0,0,0.0,0.0
gated_alive:a_007:6675,a_007,6675,-38.028717041015625,45.4639778137207,7,0,0,0.0,0.0
gated_alive:a_007:6683,a_007,6683,-29.798961639404297,-41.68590545654297,7,0,0,0.0,0.0
gated_alive:a_007:6723,a_007,6723,42.91105270385742,-6.577077865600586,7,0,0,0.0,0.0
gated_alive:a_007:7082,a_007,7082,-51.13710403442383,17.392616271972656,7,0,0,0.0,0.0
gated_alive:a_007:7160,a_007,7160,-40.61052703857422,-23.418949127197266,7,0,0,0.0,0.0
gated_alive:a_007:7491,a_007,7491,-27.337472915649414,-16.60503578186035,7,0,0,0.0,0.0
gated_alive:a_007:7504,a_007,7504,-45.4323616027832,-37.10929489135742,7,0,0,0.0,0.0
gated_alive:a_007:7540,a_007,7540,18.965404510498047,-46.94487762451172,7,0,0,0.0,0.0
gated_alive:a_007:7718,a_007,7718,-31.8439884185791,-30.35311508178711,7,0,0,0.0,0.0
gated_alive:a_007:7897,a_007,7897,-23.24059295654297,-46.03797912597656,7,0,0,0.0,0.0
gated_alive:a_007:7958,a_007,7958,-4.598642349243164,56.36745071411133,7,0,0,0.0,0.0
gated_alive:a_007:8465,a_007,8465,7.369242191314697,-10.870085716247559,7,0,0,0.0,0.0
gated_alive:a_007:8921,a_007,8921,12.488577842712402,-2.7819113731384277,7,0,0,0.0,0.0
gated_alive:a_007:9145,a_007,9145,-6.755672454833984,-40.6888313293457,7,0,0,0.0,0.0
gated_alive:a_007:9161,a_007,9161,68.63780212402344,-27.109994888305664,7,0,0,0.0,0.0
gated_alive:a_007:9495,a_007,9495,-43.46942138671875,43.7103271484375,7,0,0,0.0,0.0
gated_alive:a_007:9537,a_007,9537,31.824657440185547,-17.890043258666992,7,0,0,0.0,0.0
gated_alive:a_007:9573,a_007,9573,-0.9437949061393738,-21.637792587280273,7,0,0,0.0,0.0
gated_alive:a_007:9635,a_007,9635,-40.65636444091797,-26.410707473754883,7,0,0,0.0,0.0
gated_alive:a_007:9690,a_007,9690,-5.369468688964844,22.894609451293945,7,0,0,0.0,0.0
gated_alive:a_007:10362,a_007,10362,26.980926513671875,-36.341739654541016,7,0,0,0.0,0.0
gated_alive:a_007:10505,a_007,10505,66.36197662353516,-27.31170082092285,7,0,0,0.0,0.0
gated_alive:a_007:10948,a_007,10948,75.34184265136719,-21.394092559814453,7,0,0,0.0,0.0
gated_alive:a_007:10962,a_007,10962,69.27066802978516,-15.522111892700195,7,0,0,0.0,0.0
gated_alive:a_007:11413,a_007,11413,37.87904357910156,-39.16960525512695,7,1,3,0.14285714285714285,0.42857142857142855
gated_alive:a_007:11792,a_007,11792,-40.48861312866211,36.712703704833984,7,0,0,0.0,0.0
gated_alive:a_007:12001,a_007,12001,-48.48075866699219,27.234569549560547,7,0,0,0.0,0.0
gated_alive:a_007:12292,a_007,12292,-49.54202651977539,33.376468658447266,7,0,0,0.0,0.0
gated_alive:a_007:12398,a_007,12398,52.16740798950195,-25.438413619995117,7,0,0,0.0,0.0
gated_alive:a_007:12418,a_007,12418,-58.3475456237793,-2.476961135864258,7,0,0,0.0,0.0
gated_alive:a_007:12520,a_007,12520,47.77342224121094,-31.56447410583496,7,0,0,0.0,0.0
gated_alive:a_007:12544,a_007,12544,5.351260662078857,24.475290298461914,7,0,0,0.0,0.0
gated_alive:a_007:12568,a_007,12568,-36.22634506225586,54.66376495361328,7,0,0,0.0,0.0
gated_alive:a_007:12605,a_007,12605,-30.092662811279297,-17.897165298461914,7,0,0,0.0,0.0
gated_alive:a_007:13160,a_007,13160,-34.92240524291992,-3.694617986679077,7,0,0,0.0,0.0
gated_alive:a_007:13165,a_007,13165,-55.612789154052734,38.275306701660156,7,0,0,0.0,0.0
gated_alive:a_007:13369,a_007,13369,23.499540328979492,-26.417232513427734,7,0,0,0.0,0.0
gated_alive:a_007:13440,a_007,13440,-43.27547836303711,-8.619141578674316,7,0,0,0.0,0.0
gated_alive:a_007:13509,a_007,13509,-25.516143798828125,-16.682235717773438,7,0,0,0.0,0.0
gated_alive:a_007:13534,a_007,13534,-32.148223876953125,-29.56745147705078,7,0,0,0.0,0.0
gated_alive:a_007:13560,a_007,13560,-30.05206871032715,-15.395611763000488,7,0,0,0.0,0.0
gated_alive:a_007:13661,a_007,13661,-39.04826736450195,-34.93073272705078,7,0,0,0.0,0.0
gated_alive:a_007:14250,a_007,14250,54.06793975830078,31.73725128173828,7,0,0,0.0,0.0
gated_alive:a_007:14742,a_007,14742,-31.491613388061523,-29.69371223449707,7,0,0,0.0,0.0
gated_alive:a_007:15083,a_007,15083,5.654240608215332,-33.68698501586914,7,0,0,0.0,0.0
gated_alive:a_007:15360,a_007,15360,15.634637832641602,-37.92565155029297,7,0,0,0.0,0.0
gated_alive:a_007:15490,a_007,15490,-51.81673049926758,16.865419387817383,7,0,0,0.0,0.0
gated_alive:a_007:15599,a_007,15599,-34.6826171875,4.9141411781311035,7,0,0,0.0,0.0
gated_alive:a_007:15767,a_007,15767,15.282158851623535,-32.31949234008789,7,0,0,0.0,0.0
gated_alive:a_007:15796,a_007,15796,49.17532730102539,-21.79834747314453,7,0,0,0.0,0.0
gated_alive:a_007:15997,a_007,15997,27.8199405670166,-39.6665153503418,7,0,0,0.0,0.0
gated_alive:a_007:16109,a_007,16109,-30.795499801635742,-22.72502899169922,7,0,0,0.0,0.0
gated_alive:a_007:16885,a_007,16885,37.8652229309082,21.715360641479492,7,0,0,0.0,0.0
gated_alive:a_007:17526,a_007,17526,54.01192092895508,-18.024295806884766,7,0,2,0.0,0.2857142857142857
gated_alive:a_007:17752,a_007,17752,28.169382095336914,-19.9866943359375,7,0,0,0.0,0.0
gated_alive:a_007:17759,a_007,17759,53.915924072265625,-17.92229461669922,7,0,0,0.0,0.0
gated_alive:a_007:17879,a_007,17879,-24.150108337402344,-15.617152214050293,7,0,0,0.0,0.0
gated_alive:a_007:17888,a_007,17888,47.25318145751953,-11.812881469726562,7,0,0,0.0,0.0
gated_alive:a_007:17990,a_007,17990,-43.6551628112793,14.909200668334961,7,0,0,0.0,0.0
gated_alive:a_007:18743,a_007,18743,6.006152629852295,38.75403594970703,7,0,0,0.0,0.0
gated_alive:a_007:19309,a_007,19309,-48.251670837402344,32.0604362487793,7,0,0,0.0,0.0
gated_alive:a_007:19455,a_007,19455,2.260716438293457,42.97423553466797,7,0,0,0.0,0.0
gated_alive:a_007:19520,a_007,19520,-51.18974304199219,33.648319244384766,7,0,0,0.0,0.0
gated_alive:a_007:20138,a_007,20138,-26.177812576293945,-17.076942443847656,7,0,0,0.0,0.0
gated_alive:a_007:20290,a_007,20290,8.859062194824219,-35.254127502441406,7,0,0,0.0,0.0
gated_alive:a_007:20641,a_007,20641,73.35425567626953,-18.380990982055664,7,0,0,0.0,0.0
gated_alive:a_007:20828,a_007,20828,39.07899475097656,0.35822397470474243,7,0,0,0.0,0.0
gated_alive:a_007:21400,a_007,21400,-18.595308303833008,-18.99187660217285,7,0,0,0.0,0.0
gated_alive:a_007:21508,a_007,21508,26.743133544921875,48.58197784423828,7,0,0,0.0,0.0
gated_alive:a_007:21593,a_007,21593,-11.210968971252441,23.150222778320312,7,0,0,0.0,0.0
gated_alive:a_007:21615,a_007,21615,-5.673806667327881,52.972347259521484,7,0,0,0.0,0.0
gated_alive:a_007:21798,a_007,21798,-52.79585266113281,30.479082107543945,7,0,0,0.0,0.0
gated_alive:a_007:21800,a_007,21800,72.30445098876953,-25.40231704711914,7,0,0,0.0,0.0
gated_alive:a_007:21964,a_007,21964,-31.108264923095703,30.02206039428711,7,0,0,0.0,0.0
gated_alive:a_007:22270,a_007,22270,-29.492359161376953,-18.589860916137695,7,0,0,0.0,0.0
gated_alive:a_007:22288,a_007,22288,-8.979116439819336,37.588619232177734,7,0,0,0.0,0.0
gated_alive:a_007:22817,a_007,22817,-23.41488265991211,-40.82343673706055,7,0,0,0.0,0.0
gated_alive:a_007:23119,a_007,23119,19.391082763671875,-13.43671989440918,7,0,0,0.0,0.0
gated_alive:a_007:23176,a_007,23176,-0.297965407371521,-16.53855323791504,7,0,0,0.0,0.0
gated_alive:a_007:23362,a_007,23362,-21.411291122436523,-48.88463592529297,7,0,0,0.0,0.0
gated_alive:a_007:23380,a_007,23380,-22.4139404296875,-44.26429748535156,7,0,0,0.0,0.0
gated_alive:a_007:23660,a_007,23660,-22.285478591918945,-11.435093879699707,7,0,0,0.0,0.0
gated_alive:a_007:23671,a_007,23671,-30.57408905029297,-31.86725425720215,7,0,0,0.0,0.0
gated_alive:a_007:23839,a_007,23839,-36.37731170654297,-25.725200653076172,7,0,0,0.0,0.0
gated_alive:a_007:23938,a_007,23938,-29.43697738647461,-31.261009216308594,7,0,0,0.0,0.0
gated_alive:a_007:24600,a_007,24600,-37.1363525390625,42.27280044555664,7,0,0,0.0,0.0
gated_alive:a_007:24840,a_007,24840,23.13134002685547,35.071502685546875,7,0,0,0.0,0.0
gated_alive:a_007:24869,a_007,24869,-22.576980590820312,-48.204132080078125,7,0,0,0.0,0.0
gated_alive:a_007:25534,a_007,25534,-0.25694793462753296,-64.15682220458984,7,0,0,0.0,0.0
gated_alive:a_007:25663,a_007,25663,-4.680909633636475,17.470155715942383,7,0,0,0.0,0.0
gated_alive:a_007:25709,a_007,25709,-5.245158672332764,-48.458072662353516,7,0,0,0.0,0.0
gated_alive:a_007:25759,a_007,25759,3.092414140701294,-34.83757781982422,7,0,0,0.0,0.0
gated_alive:a_007:26014,a_007,26014,3.0420165061950684,-34.52421951293945,7,0,0,0.0,0.0
gated_alive:a_007:26182,a_007,26182,-7.928991794586182,31.697010040283203,7,0,0,0.0,0.0
gated_alive:a_007:26700,a_007,26700,-21.79634666442871,-23.74591636657715,7,0,0,0.0,0.0
gated_alive:a_007:26738,a_007,26738,-45.67623519897461,21.57354164123535,7,0,0,0.0,0.0
gated_alive:a_007:26859,a_007,26859,36.3262939453125,-41.93814468383789,7,0,0,0.0,0.0
gated_alive:a_007:27193,a_007,27193,-33.5941162109375,10.27536392211914,7,0,0,0.0,0.0
gated_alive:a_007:27280,a_007,27280,-2.8318710327148438,39.62250518798828,7,0,0,0.0,0.0
gated_alive:a_007:27407,a_007,27407,-42.256465911865234,28.78489112854004,7,0,0,0.0,0.0
gated_alive:a_007:27549,a_007,27549,2.9766876697540283,28.10563087463379,7,0,0,0.0,0.0
gated_alive:a_007:28217,a_007,28217,-48.24957275390625,32.656463623046875,7,0,0,0.0,0.0
gated_alive:a_007:28923,a_007,28923,-31.253610610961914,-20.4498233795166,7,0,0,0.0,0.0
gated_alive:a_007:28927,a_007,28927,53.92013168334961,-17.863582611083984,7,0,0,0.0,0.0
gated_alive:a_007:29461,a_007,29461,-12.617767333984375,-0.6360475420951843,7,0,0,0.0,0.0
gated_alive:a_007:29682,a_007,29682,-38.544708251953125,-26.96308135986328,7,0,0,0.0,0.0
gated_alive:a_007:30026,a_007,30026,1.4722996950149536,26.94064712524414,7,0,0,0.0,0.0
gated_alive:a_007:30038,a_007,30038,-60.72372055053711,-2.3928213119506836,7,0,0,0.0,0.0
gated_alive:a_007:30400,a_007,30400,-31.846147537231445,-21.312711715698242,7,0,0,0.0,0.0
gated_alive:a_007:30717,a_007,30717,3.3914694786071777,56.39430236816406,7,0,0,0.0,0.0
gated_alive:a_007:30899,a_007,30899,23.27259635925293,-34.032718658447266,7,0,0,0.0,0.0
gated_alive:a_007:31724,a_007,31724,45.69776916503906,-15.491901397705078,7,0,0,0.0,0.0
gated_alive:a_007:31738,a_007,31738,-32.56475067138672,-28.970170974731445,7,0,0,0.0,0.0
gated_alive:a_007:31816,a_007,31816,27.882665634155273,-39.73563766479492,7,0,0,0.0,0.0
gated_alive:a_007:31840,a_007,31840,13.623747825622559,32.61720657348633,7,0,0,0.0,0.0
gated_alive:a_007:31879,a_007,31879,-33.70567321777344,-5.163619041442871,7,0,0,0.0,0.0
gated_alive:a_007:31952,a_007,31952,-37.89415740966797,-2.4886386394500732,7,0,0,0.0,0.0
gated_alive:a_007:32406,a_007,32406,41.61933517456055,16.128978729248047,7,0,0,0.0,0.0
gated_alive:a_007:32600,a_007,32600,-45.0500373840332,35.188053131103516,7,0,0,0.0,0.0
gated_alive:a_007:33182,a_007,33182,-29.970531463623047,-22.07509994506836,7,0,0,0.0,0.0
gated_alive:a_007:33222,a_007,33222,21.88019371032715,-34.74247741699219,7,0,0,0.0,0.0
gated_alive:a_007:33289,a_007,33289,-37.242210388183594,36.716163635253906,7,0,0,0.0,0.0
gated_alive:a_007:33482,a_007,33482,73.55109405517578,-25.283403396606445,7,0,0,0.0,0.0
gated_alive:a_007:33695,a_007,33695,-33.60805892944336,-27.750497817993164,7,0,0,0.0,0.0
gated_alive:a_007:33934,a_007,33934,-43.811485290527344,39.628841400146484,7,0,0,0.0,0.0
gated_alive:a_007:33938,a_007,33938,-34.50454330444336,-26.202186584472656,7,0,0,0.0,0.0
gated_alive:a_007:34054,a_007,34054,-33.44527053833008,-26.04430389404297,7,0,0,0.0,0.0
gated_alive:a_007:34216,a_007,34216,-37.72275161743164,-29.984766006469727,7,0,0,0.0,0.0
gated_alive:a_007:34269,a_007,34269,-47.56719970703125,46.16972732543945,7,0,0,0.0,0.0
gated_alive:a_007:34581,a_007,34581,53.6421012878418,33.275718688964844,7,0,0,0.0,0.0
gated_alive:a_007:34761,a_007,34761,-33.10744094848633,-39.407901763916016,7,0,0,0.0,0.0
gated_alive:a_007:34899,a_007,34899,17.240808486938477,-37.39902114868164,7,0,0,0.0,0.0
gated_alive:a_007:35096,a_007,35096,38.61100387573242,-9.639568328857422,7,0,2,0.0,0.2857142857142857
gated_alive:a_007:35403,a_007,35403,-35.51342010498047,54.075679779052734,7,0,0,0.0,0.0
gated_alive:a_007:35449,a_007,35449,60.50713348388672,-13.18007755279541,7,0,0,0.0,0.0
gated_alive:a_007:35487,a_007,35487,59.5619010925293,-8.140460968017578,7,0,0,0.0,0.0
gated_alive:a_007:35641,a_007,35641,-27.765233993530273,-31.761314392089844,7,0,0,0.0,0.0
gated_alive:a_007:36201,a_007,36201,-57.45512771606445,34.8209228515625,7,0,0,0.0,0.0
gated_alive:a_007:36399,a_007,36399,45.6975212097168,-40.096031188964844,7,1,2,0.14285714285714285,0.2857142857142857
gated_alive:a_007:36417,a_007,36417,-51.89148712158203,32.59858703613281,7,0,0,0.0,0.0
gated_alive:a_007:36671,a_007,36671,69.1402359008789,-15.306656837463379,7,0,0,0.0,0.0
gated_alive:a_007:36675,a_007,36675,66.23674774169922,-23.79610252380371,7,0,0,0.0,0.0
gated_alive:a_007:38141,a_007,38141,-31.575206756591797,-33.87580490112305,7,0,0,0.0,0.0
gated_alive:a_007:38245,a_007,38245,-14.047709465026855,-32.826133728027344,7,0,0,0.0,0.0
gated_alive:a_007:38256,a_007,38256,-25.605253219604492,-42.26128005981445,7,0,0,0.0,0.0
gated_alive:a_007:38318,a_007,38318,-25.53929328918457,-22.10392189025879,7,0,0,0.0,0.0
gated_alive:a_007:38620,a_007,38620,-45.22320556640625,36.91285705566406,7,0,0,0.0,0.0
gated_alive:a_007:38773,a_007,38773,2.9824047088623047,28.52049446105957,7,0,0,0.0,0.0
gated_alive:a_007:38892,a_007,38892,-37.23948669433594,-3.6080033779144287,7,0,0,0.0,0.0
gated_alive:a_007:38976,a_007,38976,-15.55675220489502,-42.62900924682617,7,0,0,0.0,0.0
gated_alive:a_007:39296,a_007,39296,31.767427444458008,34.72924041748047,7,0,0,0.0,0.0
gated_alive:a_007:39310,a_007,39310,56.812015533447266,-7.210964679718018,7,0,0,0.0,0.0
gated_alive:a_007:39401,a_007,39401,-36.68882369995117,-3.7078909873962402,7,0,0,0.0,0.0
gated_alive:a_007:39752,a_007,39752,-10.603886604309082,39.315635681152344,7,0,0,0.0,0.0
gated_alive:a_007:39947,a_007,39947,-11.461135864257812,57.55022430419922,7,0,0,0.0,0.0
gated_alive:a_007:39948,a_007,39948,-21.40753173828125,7.867256164550781,7,0,0,0.0,0.0
gated_alive:a_007:40310,a_007,40310,-44.0173225402832,-41.89469909667969,7,0,0,0.0,0.0
gated_alive:a_007:40312,a_007,40312,1.3655192852020264,59.69659423828125,7,0,0,0.0,0.0
gated_alive:a_007:40439,a_007,40439,43.23966598510742,19.283733367919922,7,1,1,0.14285714285714285,0.14285714285714285
gated_alive:a_007:41407,a_007,41407,14.693254470825195,34.21592712402344,7,0,0,0.0,0.0
gated_alive:a_007:41814,a_007,41814,-56.0129508972168,16.860076904296875,7,0,0,0.0,0.0
gated_alive:a_007:41886,a_007,41886,19.20538902282715,27.3861083984375,7,0,0,0.0,0.0
gated_alive:a_007:42840,a_007,42840,-1.095282793045044,-35.94364929199219,7,0,0,0.0,0.0
gated_alive:a_007:43020,a_007,43020,39.82684326171875,-6.450506687164307,7,0,0,0.0,0.0
gated_alive:a_007:43487,a_007,43487,-37.60170364379883,2.8030173778533936,7,0,0,0.0,0.0
gated_alive:a_007:43731,a_007,43731,31.800737380981445,-21.522579193115234,7,0,0,0.0,0.0
gated_alive:a_007:43763,a_007,43763,-21.52428436279297,-21.99757957458496,7,0,0,0.0,0.0
gated_alive:a_007:44037,a_007,44037,-7.289787769317627,-54.51955032348633,7,0,0,0.0,0.0
gated_alive:a_007:44082,a_007,44082,6.324568271636963,52.042118072509766,7,0,0,0.0,0.0
gated_alive:a_007:44228,a_007,44228,-39.95653533935547,40.487422943115234,7,0,0,0.0,0.0
gated_alive:a_007:44555,a_007,44555,-22.940185546875,-12.321598052978516,7,0,0,0.0,0.0
gated_alive:a_007:44633,a_007,44633,23.085472106933594,-34.70341491699219,7,0,0,0.0,0.0
gated_alive:a_007:44973,a_007,44973,-1.9147050380706787,-39.06499481201172,7,0,0,0.0,0.0
gated_alive:a_007:44982,a_007,44982,2.5532031059265137,-52.125152587890625,7,0,0,0.0,0.0
gated_alive:a_007:45611,a_007,45611,1.143650770187378,-26.683412551879883,7,0,0,0.0,0.0
gated_alive:a_007:46121,a_007,46121,-30.868825912475586,-32.71989822387695,7,0,0,0.0,0.0
gated_alive:a_007:46369,a_007,46369,4.743802070617676,31.985565185546875,7,0,0,0.0,0.0
gated_alive:a_007:46667,a_007,46667,-21.52802276611328,-44.07419967651367,7,0,0,0.0,0.0
gated_alive:a_007:46911,a_007,46911,-22.469404220581055,21.721399307250977,7,0,0,0.0,0.0
gated_alive:a_007:47498,a_007,47498,-14.9229736328125,-16.608572006225586,7,0,0,0.0,0.0
gated_alive:a_007:47508,a_007,47508,-28.105897903442383,-32.0979118347168,7,0,0,0.0,0.0
gated_alive:a_007:47666,a_007,47666,-32.36985778808594,-13.923110961914062,7,0,0,0.0,0.0
gated_alive:a_007:47682,a_007,47682,67.76560974121094,-23.342248916625977,7,0,0,0.0,0.0
gated_alive:a_007:47834,a_007,47834,-3.8303375244140625,-45.57000732421875,7,0,0,0.0,0.0
gated_alive:a_007:47849,a_007,47849,-1.6940542459487915,-40.89921569824219,7,0,0,0.0,0.0
gated_alive:a_007:48269,a_007,48269,-33.43875503540039,-23.71507453918457,7,0,0,0.0,0.0
gated_alive:a_007:48411,a_007,48411,25.332712173461914,-30.896312713623047,7,0,0,0.0,0.0
gated_alive:a_007:48440,a_007,48440,18.679439544677734,-43.761863708496094,7,0,0,0.0,0.0
gated_alive:a_007:48502,a_007,48502,-6.899746894836426,-40.85386657714844,7,0,0,0.0,0.0
gated_alive:a_007:48533,a_007,48533,-48.155757904052734,34.80937194824219,7,0,0,0.0,0.0
gated_alive:a_007:48635,a_007,48635,-24.957544326782227,26.950939178466797,7,0,0,0.0,0.0
gated_alive:a_007:48732,a_007,48732,26.344133377075195,-37.10821533203125,7,0,0,0.0,0.0
gated_alive:a_007:49323,a_007,49323,-33.394615173339844,-27.92061424255371,7,0,0,0.0,0.0
gated_alive:a_007:49453,a_007,49453,38.01340103149414,-8.413996696472168,7,0,0,0.0,0.0
gated_alive:a_007:49472,a_007,49472,-24.020280838012695,-45.71878433227539,7,0,0,0.0,0.0
gated_alive:a_007:49591,a_007,49591,-22.472705841064453,5.379371643066406,7,0,0,0.0,0.0
gated_alive:a_007:49901,a_007,49901,-35.83056640625,34.52531433105469,7,0,0,0.0,0.0
gated_alive:a_007:50023,a_007,50023,-9.279850959777832,39.67394256591797,7,0,0,0.0,0.0
gated_alive:a_007:50237,a_007,50237,-8.755746841430664,57.94040298461914,7,0,0,0.0,0.0
gated_alive:a_007:50405,a_007,50405,66.8798828125,-28.21214485168457,7,0,0,0.0,0.0
gated_alive:a_007:50505,a_007,50505,75.51667785644531,-21.451982498168945,7,0,0,0.0,0.0
gated_alive:a_007:50558,a_007,50558,-5.781119346618652,-37.69484329223633,7,0,0,0.0,0.0
gated_alive:a_007:50578,a_007,50578,-36.44947052001953,56.74531173706055,7,0,0,0.0,0.0
gated_alive:a_007:50586,a_007,50586,24.697126388549805,52.99925994873047,7,0,0,0.0,0.0
gated_alive:a_007:50768,a_007,50768,-44.139827728271484,36.29267120361328,7,0,0,0.0,0.0
gated_alive:a_007:50808,a_007,50808,0.37749814987182617,-49.88445281982422,7,0,0,0.0,0.0
gated_alive:a_007:50996,a_007,50996,6.8114118576049805,39.49632263183594,7,0,0,0.0,0.0
gated_alive:a_007:51004,a_007,51004,-48.60951614379883,33.24058532714844,7,0,0,0.0,0.0
gated_alive:a_007:51239,a_007,51239,2.564002275466919,41.59227752685547,7,0,0,0.0,0.0
gated_alive:a_007:51744,a_007,51744,-2.283541679382324,36.29426956176758,7,0,0,0.0,0.0
gated_alive:a_007:51872,a_007,51872,23.453149795532227,35.484317779541016,7,0,0,0.0,0.0
gated_alive:a_007:52016,a_007,52016,-13.441296577453613,21.683244705200195,7,0,0,0.0,0.0
gated_alive:a_007:52098,a_007,52098,-8.742348670959473,-36.588829040527344,7,0,0,0.0,0.0
gated_alive:a_007:52132,a_007,52132,-49.627803802490234,31.712364196777344,7,0,0,0.0,0.0
gated_alive:a_007:52146,a_007,52146,22.33970832824707,-27.32916831970215,7,0,2,0.0,0.2857142857142857
gated_alive:a_007:52187,a_007,52187,-12.054108619689941,1.3340072631835938,7,0,0,0.0,0.0
gated_alive:a_007:52264,a_007,52264,26.44037437438965,-41.07895278930664,7,0,0,0.0,0.0
gated_alive:a_007:52523,a_007,52523,-31.772748947143555,-22.97064971923828,7,0,0,0.0,0.0
gated_alive:a_007:52688,a_007,52688,-28.43190574645996,-6.045637607574463,7,0,0,0.0,0.0
gated_alive:a_007:52829,a_007,52829,-10.975598335266113,-27.976818084716797,7,0,0,0.0,0.0
gated_alive:a_007:53101,a_007,53101,-30.288301467895508,-25.7701416015625,7,0,0,0.0,0.0
gated_alive:a_007:53595,a_007,53595,-37.376766204833984,27.36916160583496,7,0,0,0.0,0.0
gated_alive:a_007:54001,a_007,54001,-6.090865135192871,-40.926422119140625,7,0,0,0.0,0.0
gated_alive:a_007:54572,a_007,54572,45.06370544433594,-27.60492515563965,7,0,0,0.0,0.0
gated_alive:a_007:54806,a_007,54806,-20.343271255493164,22.811382293701172,7,0,0,0.0,0.0
gated_alive:a_007:55078,a_007,55078,-38.84736251831055,-27.805702209472656,7,0,0,0.0,0.0
gated_alive:a_007:55214,a_007,55214,-4.4682936668396,-9.006275177001953,7,0,0,0.0,0.0
gated_alive:a_007:55418,a_007,55418,14.770830154418945,-31.561805725097656,7,0,0,0.0,0.0
gated_alive:a_007:55704,a_007,55704,-43.03805160522461,7.353304386138916,7,0,0,0.0,0.0
gated_alive:a_007:55781,a_007,55781,2.9544577598571777,-34.636348724365234,7,0,0,0.0,0.0
gated_alive:a_007:55902,a_007,55902,7.881964206695557,30.95740509033203,7,0,0,0.0,0.0
gated_alive:a_007:55951,a_007,55951,67.95362854003906,-28.647544860839844,7,0,0,0.0,0.0
gated_alive:a_007:56139,a_007,56139,-12.047070503234863,41.30625534057617,7,0,0,0.0,0.0
gated_alive:a_007:56171,a_007,56171,-45.54853439331055,34.433937072753906,7,0,0,0.0,0.0
gated_alive:a_007:56427,a_007,56427,20.392412185668945,-12.423619270324707,7,0,0,0.0,0.0
gated_alive:a_007:56468,a_007,56468,-44.366947174072266,14.954731941223145,7,0,0,0.0,0.0
gated_alive:a_007:56869,a_007,56869,-9.054713249206543,32.92637252807617,7,0,0,0.0,0.0
gated_alive:a_007:57101,a_007,57101,-30.8519229888916,-33.63220977783203,7,0,0,0.0,0.0
gated_alive:a_007:57162,a_007,57162,-36.187557220458984,-27.098230361938477,7,0,0,0.0,0.0
gated_alive:a_007:57232,a_007,57232,-34.21097946166992,-31.286848068237305,7,0,0,0.0,0.0
gated_alive:a_007:57463,a_007,57463,-28.94853401184082,-42.201629638671875,7,0,0,0.0,0.0
gated_alive:a_007:57478,a_007,57478,41.47405242919922,-3.3211238384246826,7,0,1,0.0,0.14285714285714285
gated_alive:a_007:57489,a_007,57489,53.663063049316406,-10.966294288635254,7,0,0,0.0,0.0
gated_alive:a_007:57490,a_007,57490,55.5899543762207,-8.044554710388184,7,0,0,0.0,0.0
gated_alive:a_007:57625,a_007,57625,-24.305269241333008,-19.264822006225586,7,0,0,0.0,0.0
gated_alive:a_007:57699,a_007,57699,-44.13749313354492,33.50783157348633,7,0,0,0.0,0.0
gated_alive:a_007:58862,a_007,58862,47.68756866455078,-13.631497383117676,7,0,0,0.0,0.0
gated_alive:a_007:59426,a_007,59426,35.8585319519043,-35.908485412597656,7,0,0,0.0,0.0
gated_alive:a_007:59740,a_007,59740,-35.653202056884766,55.642913818359375,7,0,0,0.0,0.0
gated_alive:a_007:60335,a_007,60335,55.18473815917969,-24.016359329223633,7,0,0,0.0,0.0
gated_alive:a_007:60424,a_007,60424,22.95684051513672,-34.43269729614258,7,0,0,0.0,0.0
gated_alive:a_007:60611,a_007,60611,-48.05863571166992,31.875640869140625,7,0,0,0.0,0.0
gated_alive:a_007:60616,a_007,60616,24.2786865234375,-37.067474365234375,7,0,0,0.0,0.0
gated_alive:a_007:60820,a_007,60820,6.847574710845947,35.23749923706055,7,0,0,0.0,0.0
gated_alive:a_007:60983,a_007,60983,4.344091415405273,56.34763717651367,7,0,0,0.0,0.0
gated_alive:a_007:61028,a_007,61028,50.098121643066406,-20.23918342590332,7,0,0,0.0,0.0
gated_alive:a_007:61531,a_007,61531,11.091999053955078,37.84032440185547,7,0,0,0.0,0.0
gated_alive:a_007:61536,a_007,61536,-30.404163360595703,-19.357797622680664,7,0,0,0.0,0.0
gated_alive:a_007:62144,a_007,62144,-31.925498962402344,22.753501892089844,7,0,0,0.0,0.0
gated_alive:a_007:62154,a_007,62154,-34.074134826660156,-37.107784271240234,7,0,0,0.0,0.0
gated_alive:a_007:62329,a_007,62329,24.64992332458496,3.918754816055298,7,0,0,0.0,0.0
gated_alive:a_007:62416,a_007,62416,-22.711015701293945,-53.8023681640625,7,0,0,0.0,0.0
gated_alive:a_007:62900,a_007,62900,-11.498355865478516,40.1213493347168,7,0,0,0.0,0.0
gated_alive:a_007:63043,a_007,63043,-2.8753747940063477,-1.9989368915557861,7,0,0,0.0,0.0
gated_alive:a_007:63078,a_007,63078,-40.04646301269531,38.3266716003418,7,0,0,0.0,0.0
gated_alive:a_007:63154,a_007,63154,-22.518943786621094,-15.47425651550293,7,0,0,0.0,0.0
gated_alive:a_007:63159,a_007,63159,26.361183166503906,-37.15861892700195,7,0,0,0.0,0.0
gated_alive:a_007:63293,a_007,63293,-36.881534576416016,53.421627044677734,7,0,0,0.0,0.0
gated_alive:a_007:63322,a_007,63322,-14.809810638427734,-19.44227409362793,7,0,0,0.0,0.0
gated_alive:a_007:63699,a_007,63699,-11.784147262573242,5.835698127746582,7,0,0,0.0,0.0
gated_alive:a_007:64236,a_007,64236,52.0671272277832,-29.492979049682617,7,1,1,0.14285714285714285,0.14285714285714285
gated_alive:a_007:64583,a_007,64583,-6.886876583099365,-19.028974533081055,7,0,0,0.0,0.0
gated_alive:a_007:64794,a_007,64794,-11.046820640563965,17.606746673583984,7,0,0,0.0,0.0
gated_alive:a_007:64963,a_007,64963,-49.59849548339844,31.90928840637207,7,0,0,0.0,0.0
gated_alive:a_007:65179,a_007,65179,36.81547927856445,37.653526306152344,7,0,0,0.0,0.0
gated_alive:a_007:65696,a_007,65696,-34.238006591796875,16.888132095336914,7,0,0,0.0,0.0
gated_alive:a_007:65910,a_007,65910,38.84727096557617,-13.719698905944824,7,0,0,0.0,0.0
gated_alive:a_007:66146,a_007,66146,49.63364791870117,-24.33503532409668,7,0,0,0.0,0.0
gated_alive:a_007:66186,a_007,66186,-28.718658447265625,42.86414337158203,7,0,0,0.0,0.0
gated_alive:a_007:66426,a_007,66426,49.31346893310547,37.716217041015625,7,0,0,0.0,0.0
gated_alive:a_007:66492,a_007,66492,54.910072326660156,10.56296157836914,7,3,4,0.42857142857142855,0.5714285714285714
gated_alive:a_007:66848,a_007,66848,11.504910469055176,-31.596263885498047,7,0,0,0.0,0.0
gated_alive:a_007:67216,a_007,67216,38.16699981689453,-16.04086685180664,7,0,0,0.0,0.0
gated_alive:a_007:67461,a_007,67461,47.085052490234375,-10.800366401672363,7,0,0,0.0,0.0
gated_alive:a_007:67766,a_007,67766,41.90428924560547,-17.574073791503906,7,0,0,0.0,0.0
gated_alive:a_007:68065,a_007,68065,-49.76060104370117,37.229373931884766,7,0,0,0.0,0.0
gated_alive:a_007:68390,a_007,68390,-6.8720703125,-51.66516876220703,7,0,0,0.0,0.0
gated_alive:a_007:68439,a_007,68439,-33.31403732299805,-38.91461944580078,7,0,0,0.0,0.0
gated_alive:a_007:68457,a_007,68457,-8.921316146850586,62.376380920410156,7,0,0,0.0,0.0
gated_alive:a_007:68522,a_007,68522,46.76040267944336,-9.119161605834961,7,0,0,0.0,0.0
gated_alive:a_007:68529,a_007,68529,-23.804113388061523,-22.091196060180664,7,0,0,0.0,0.0
gated_alive:a_007:68543,a_007,68543,-20.552995681762695,-49.54355239868164,7,0,0,0.0,0.0
gated_alive:a_007:68955,a_007,68955,-8.32889175415039,25.2041072845459,7,0,0,0.0,0.0
gated_alive:a_007:69137,a_007,69137,-35.9027099609375,-26.124441146850586,7,0,0,0.0,0.0
gated_alive:a_007:69220,a_007,69220,-43.183292388916016,39.959285736083984,7,0,0,0.0,0.0
gated_alive:a_007:69269,a_007,69269,-48.87187576293945,31.160608291625977,7,0,0,0.0,0.0
gated_alive:a_007:69292,a_007,69292,17.65679931640625,-30.8389892578125,7,0,0,0.0,0.0
gated_alive:a_007:69377,a_007,69377,-55.94485855102539,31.258604049682617,7,0,0,0.0,0.0
gated_alive:a_007:69467,a_007,69467,-24.935007095336914,-6.881137847900391,7,0,0,0.0,0.0
gated_alive:a_007:69809,a_007,69809,4.107370853424072,35.035980224609375,7,0,0,0.0,0.0
gated_alive:a_007:69810,a_007,69810,-34.72442626953125,-34.45979309082031,7,0,0,0.0,0.0
gated_alive:a_007:69904,a_007,69904,13.668949127197266,3.2700376510620117,7,0,0,0.0,0.0
gated_alive:a_007:69908,a_007,69908,24.38643455505371,-37.118865966796875,7,0,0,0.0,0.0
gated_alive:a_007:70299,a_007,70299,16.566560745239258,-14.263686180114746,7,0,0,0.0,0.0
gated_alive:a_007:70581,a_007,70581,-18.989654541015625,-46.46415710449219,7,0,0,0.0,0.0
gated_alive:a_007:70666,a_007,70666,-26.47314453125,-39.111820220947266,7,0,0,0.0,0.0
gated_alive:a_007:70771,a_007,70771,-11.804757118225098,60.64102554321289,7,0,0,0.0,0.0
gated_alive:a_007:71437,a_007,71437,-17.498497009277344,-15.82518196105957,7,0,0,0.0,0.0
gated_alive:a_007:71497,a_007,71497,6.776124954223633,39.4388313293457,7,0,0,0.0,0.0
gated_alive:a_007:71593,a_007,71593,23.194881439208984,-35.33038330078125,7,0,0,0.0,0.0
gated_alive:a_007:71648,a_007,71648,-32.23124313354492,-29.050703048706055,7,0,0,0.0,0.0
gated_alive:a_007:71720,a_007,71720,3.6947927474975586,-27.531051635742188,7,0,0,0.0,0.0
gated_alive:a_007:71795,a_007,71795,-31.617856979370117,-15.171427726745605,7,0,0,0.0,0.0
gated_alive:a_007:71827,a_007,71827,2.035390853881836,-48.69826889038086,7,0,0,0.0,0.0
gated_alive:a_007:71845,a_007,71845,-2.844416379928589,17.549379348754883,7,0,0,0.0,0.0
gated_alive:a_007:72034,a_007,72034,-31.238616943359375,-13.905318260192871,7,0,0,0.0,0.0
gated_alive:a_007:72083,a_007,72083,3.8956663608551025,-40.72709655761719,7,0,0,0.0,0.0
gated_alive:a_007:72444,a_007,72444,-8.63964557647705,40.595848083496094,7,0,0,0.0,0.0
gated_alive:a_007:72671,a_007,72671,-5.615396976470947,16.192028045654297,7,0,0,0.0,0.0
gated_alive:a_007:73060,a_007,73060,-27.014543533325195,-49.24186706542969,7,0,0,0.0,0.0
gated_alive:a_007:73106,a_007,73106,-33.619606018066406,-3.953824043273926,7,0,0,0.0,0.0
gated_alive:a_007:73539,a_007,73539,41.349037170410156,-3.239809513092041,7,0,0,0.0,0.0
gated_alive:a_007:73544,a_007,73544,49.0698127746582,2.3367257118225098,7,0,0,0.0,0.0
gated_alive:a_007:73569,a_007,73569,39.901432037353516,-13.37973403930664,7,0,0,0.0,0.0
gated_alive:a_007:73635,a_007,73635,-6.356409549713135,-32.39301681518555,7,0,0,0.0,0.0
gated_alive:a_007:73691,a_007,73691,-36.799781799316406,28.19363784790039,7,0,0,0.0,0.0
gated_alive:a_007:73745,a_007,73745,-46.98369216918945,31.324684143066406,7,0,0,0.0,0.0
gated_alive:a_007:73805,a_007,73805,-17.43135643005371,-15.903698921203613,7,0,0,0.0,0.0
gated_alive:a_007:74080,a_007,74080,21.387832641601562,51.927608489990234,7,0,0,0.0,0.0
gated_alive:a_007:74548,a_007,74548,-29.955799102783203,-19.046022415161133,7,0,0,0.0,0.0
gated_alive:a_007:74957,a_007,74957,-14.591073036193848,53.21854019165039,7,0,0,0.0,0.0
gated_alive:a_007:75886,a_007,75886,-7.485568046569824,-42.52024841308594,7,0,0,0.0,0.0
gated_alive:a_007:76064,a_007,76064,-47.442535400390625,45.005069732666016,7,0,0,0.0,0.0
gated_alive:a_007:76299,a_007,76299,-40.47065734863281,29.82241439819336,7,0,0,0.0,0.0
gated_alive:a_007:76306,a_007,76306,-31.797388076782227,-27.467815399169922,7,0,0,0.0,0.0
gated_alive:a_007:76495,a_007,76495,70.65604400634766,-23.921937942504883,7,0,1,0.0,0.14285714285714285
gated_alive:a_007:76551,a_007,76551,38.83167266845703,1.0876327753067017,7,0,0,0.0,0.0
gated_alive:a_007:77036,a_007,77036,24.66080665588379,-14.120018005371094,7,0,0,0.0,0.0
gated_alive:a_007:77159,a_007,77159,-42.94300079345703,38.88456726074219,7,0,0,0.0,0.0
gated_alive:a_007:77160,a_007,77160,-23.71550750732422,-48.631351470947266,7,0,0,0.0,0.0
gated_alive:a_007:77211,a_007,77211,57.99034881591797,33.917877197265625,7,0,0,0.0,0.0
gated_alive:a_007:77367,a_007,77367,-16.171377182006836,-42.62352752685547,7,0,0,0.0,0.0
gated_alive:a_007:78168,a_007,78168,57.61757278442383,29.64689064025879,7,0,0,0.0,0.0
gated_alive:a_007:78572,a_007,78572,-16.2348575592041,-16.315471649169922,7,0,0,0.0,0.0
gated_alive:a_007:78804,a_007,78804,-22.885921478271484,21.345659255981445,7,0,0,0.0,0.0
gated_alive:a_007:78822,a_007,78822,-36.01544952392578,54.130287170410156,7,0,0,0.0,0.0
gated_alive:a_007:79141,a_007,79141,16.148197174072266,15.24892807006836,7,0,0,0.0,0.0
gated_alive:a_007:79215,a_007,79215,-19.24101448059082,36.62154769897461,7,0,0,0.0,0.0
gated_alive:a_007:79325,a_007,79325,-37.769649505615234,-27.478439331054688,7,0,0,0.0,0.0
gated_alive:a_007:79516,a_007,79516,-4.949923515319824,-22.133031845092773,7,0,0,0.0,0.0
gated_alive:a_007:79583,a_007,79583,12.973260879516602,-36.486942291259766,7,0,0,0.0,0.0
gated_alive:a_007:79593,a_007,79593,31.81128692626953,-17.740705490112305,7,0,0,0.0,0.0
gated_alive:a_007:79749,a_007,79749,5.624743461608887,34.01225662231445,7,0,0,0.0,0.0
gated_alive:a_007:80198,a_007,80198,69.00943756103516,-28.0108585357666,7,0,0,0.0,0.0
gated_alive:a_007:80508,a_007,80508,-34.162445068359375,-34.192874908447266,7,0,0,0.0,0.0
gated_alive:a_007:80830,a_007,80830,-44.444515228271484,14.872800827026367,7,0,0,0.0,0.0
gated_alive:a_007:81406,a_007,81406,5.694847106933594,-12.336138725280762,7,0,0,0.0,0.0
gated_alive:a_007:81476,a_007,81476,-23.095457077026367,38.774967193603516,7,0,0,0.0,0.0
gated_alive:a_007:81625,a_007,81625,13.390539169311523,-16.777454376220703,7,0,0,0.0,0.0
gated_alive:a_007:81853,a_007,81853,31.860551834106445,15.309431076049805,7,0,0,0.0,0.0
gated_alive:a_007:81865,a_007,81865,-23.81222915649414,-47.55645751953125,7,0,0,0.0,0.0
gated_alive:a_007:82072,a_007,82072,73.27825927734375,-20.355262756347656,7,0,0,0.0,0.0
gated_alive:a_007:82090,a_007,82090,-19.998851776123047,39.17150115966797,7,0,0,0.0,0.0
gated_alive:a_007:82326,a_007,82326,49.729087829589844,-31.666439056396484,7,0,0,0.0,0.0
gated_alive:a_007:82539,a_007,82539,-7.560474872589111,17.40406608581543,7,0,0,0.0,0.0
gated_alive:a_007:82587,a_007,82587,24.549789428710938,50.572792053222656,7,0,0,0.0,0.0
gated_alive:a_007:83104,a_007,83104,-40.752838134765625,-28.34371566772461,7,0,0,0.0,0.0
gated_alive:a_007:83380,a_007,83380,1.0085333585739136,41.2542839050293,7,0,0,0.0,0.0
gated_alive:a_007:83559,a_007,83559,56.8734245300293,-7.962253570556641,7,0,0,0.0,0.0
gated_alive:a_007:83561,a_007,83561,-10.326212882995605,55.18335723876953,7,0,0,0.0,0.0
gated_alive:a_007:83810,a_007,83810,-56.25687026977539,16.85858726501465,7,0,0,0.0,0.0
gated_alive:a_007:84146,a_007,84146,-15.379739761352539,-61.3881721496582,7,0,0,0.0,0.0
gated_alive:a_007:84306,a_007,84306,25.648019790649414,-29.5618953704834,7,0,0,0.0,0.0
gated_alive:a_007:84420,a_007,84420,-8.159682273864746,55.209659576416016,7,0,0,0.0,0.0
gated_alive:a_007:84458,a_007,84458,-28.45481300354004,-18.724374771118164,7,0,0,0.0,0.0
gated_alive:a_007:84688,a_007,84688,-30.525983810424805,-19.374786376953125,7,0,0,0.0,0.0
gated_alive:a_007:85149,a_007,85149,-40.08345031738281,38.29689407348633,7,0,0,0.0,0.0
gated_alive:a_007:85248,a_007,85248,27.30646324157715,-1.8610925674438477,7,0,0,0.0,0.0
gated_alive:a_007:85433,a_007,85433,17.72437286376953,42.34605407714844,7,0,0,0.0,0.0
gated_alive:a_007:85651,a_007,85651,73.12950134277344,-21.698257446289062,7,0,0,0.0,0.0
gated_alive:a_007:86061,a_007,86061,-22.794187545776367,-44.44390869140625,7,0,0,0.0,0.0
gated_alive:a_007:86171,a_007,86171,-5.457870006561279,-56.288307189941406,7,0,0,0.0,0.0
gated_alive:a_007:86233,a_007,86233,-28.934993743896484,-15.490083694458008,7,0,0,0.0,0.0
gated_alive:a_007:86354,a_007,86354,-7.485308647155762,-40.177162170410156,7,0,0,0.0,0.0
gated_alive:a_007:86535,a_007,86535,-13.209118843078613,-22.151798248291016,7,0,0,0.0,0.0
gated_alive:a_007:86627,a_007,86627,-54.58421325683594,35.48989486694336,7,0,0,0.0,0.0
gated_alive:a_007:87262,a_007,87262,-36.173492431640625,-24.556129455566406,7,0,0,0.0,0.0
gated_alive:a_007:87612,a_007,87612,-42.199283599853516,45.53662109375,7,0,0,0.0,0.0
gated_alive:a_007:87654,a_007,87654,47.17520523071289,-13.601186752319336,7,0,0,0.0,0.0
gated_alive:a_007:88109,a_007,88109,67.549560546875,-29.14007568359375,7,0,0,0.0,0.0
gated_alive:a_007:88176,a_007,88176,-0.3490561544895172,-43.84234619140625,7,0,0,0.0,0.0
gated_alive:a_007:88354,a_007,88354,-44.93535232543945,34.98118591308594,7,0,0,0.0,0.0
gated_alive:a_007:88534,a_007,88534,3.4034793376922607,-8.76868724822998,7,3,4,0.42857142857142855,0.5714285714285714
gated_alive:a_007:89311,a_007,89311,-1.0582730770111084,-37.26832580566406,7,0,0,0.0,0.0
gated_alive:a_007:89489,a_007,89489,-39.40956115722656,-30.175058364868164,7,0,0,0.0,0.0
gated_alive:a_007:89571,a_007,89571,-11.139699935913086,-33.70376968383789,7,0,0,0.0,0.0
gated_alive:a_007:89772,a_007,89772,19.856904983520508,-48.813026428222656,7,0,1,0.0,0.14285714285714285
gated_alive:a_007:90037,a_007,90037,-6.0195231437683105,20.57468605041504,7,0,0,0.0,0.0
gated_alive:a_007:90110,a_007,90110,-34.21170425415039,-4.3065996170043945,7,0,0,0.0,0.0
gated_alive:a_007:90549,a_007,90549,13.026201248168945,28.95511817932129,7,0,0,0.0,0.0
gated_alive:a_007:90695,a_007,90695,-3.4534528255462646,-48.81758117675781,7,0,0,0.0,0.0
gated_alive:a_007:90832,a_007,90832,24.190359115600586,-20.13504981994629,7,0,0,0.0,0.0
gated_alive:a_007:90875,a_007,90875,41.684661865234375,-11.479421615600586,7,0,0,0.0,0.0
gated_alive:a_007:91060,a_007,91060,-27.67108726501465,-43.88917541503906,7,0,0,0.0,0.0
gated_alive:a_007:91302,a_007,91302,-34.35987091064453,21.659069061279297,7,0,0,0.0,0.0
gated_alive:a_007:91604,a_007,91604,-37.321449279785156,57.401084899902344,7,0,0,0.0,0.0
gated_alive:a_007:91685,a_007,91685,-7.553222179412842,-36.004173278808594,7,0,0,0.0,0.0
gated_alive:a_007:91714,a_007,91714,-42.439701080322266,-19.50859260559082,7,0,0,0.0,0.0
gated_alive:a_007:91755,a_007,91755,27.36310386657715,-45.83843231201172,7,0,0,0.0,0.0
gated_alive:a_007:92295,a_007,92295,3.133979320526123,-35.24590301513672,7,0,0,0.0,0.0
gated_alive:a_007:92390,a_007,92390,7.88614559173584,30.83008575439453,7,0,0,0.0,0.0
gated_alive:a_007:92481,a_007,92481,-38.12818908691406,-31.255908966064453,7,0,0,0.0,0.0
gated_alive:a_007:92706,a_007,92706,72.18415832519531,-17.286178588867188,7,0,0,0.0,0.0
gated_alive:a_007:93118,a_007,93118,-16.000137329101562,36.60085678100586,7,0,0,0.0,0.0
gated_alive:a_007:93230,a_007,93230,-26.695669174194336,-49.658206939697266,7,0,0,0.0,0.0
gated_alive:a_007:93335,a_007,93335,38.691070556640625,-37.2083625793457,7,0,0,0.0,0.0
gated_alive:a_007:93885,a_007,93885,-19.03997802734375,-52.31719207763672,7,0,0,0.0,0.0
gated_alive:a_007:93886,a_007,93886,11.644332885742188,-50.795345306396484,7,0,0,0.0,0.0
gated_alive:a_007:94111,a_007,94111,-44.14661407470703,30.630640029907227,7,0,0,0.0,0.0
gated_alive:a_007:94146,a_007,94146,-45.7975959777832,35.67514419555664,7,0,0,0.0,0.0
gated_alive:a_007:94147,a_007,94147,10.237829208374023,40.982582092285156,7,0,0,0.0,0.0
gated_alive:a_007:94239,a_007,94239,9.608118057250977,66.03802490234375,7,0,0,0.0,0.0
gated_alive:a_007:94464,a_007,94464,-9.436382293701172,49.486968994140625,7,0,0,0.0,0.0
gated_alive:a_007:94608,a_007,94608,-26.653621673583984,-49.7042121887207,7,0,0,0.0,0.0
gated_alive:a_007:95218,a_007,95218,10.575342178344727,34.34919738769531,7,0,0,0.0,0.0
gated_alive:a_007:95702,a_007,95702,-22.735790252685547,-21.835256576538086,7,0,0,0.0,0.0
gated_alive:a_007:95733,a_007,95733,-17.7351131439209,-16.787307739257812,7,0,0,0.0,0.0
gated_alive:a_007:96077,a_007,96077,-46.71540451049805,32.90596389770508,7,0,0,0.0,0.0
gated_alive:a_007:96238,a_007,96238,-11.4517240524292,38.8238639831543,7,0,0,0.0,0.0
gated_alive:a_007:96563,a_007,96563,-9.076530456542969,-26.208314895629883,7,0,0,0.0,0.0
gated_alive:a_007:96657,a_007,96657,-25.29430389404297,26.93290138244629,7,0,0,0.0,0.0
gated_alive:a_007:97388,a_007,97388,-36.37642288208008,-26.764955520629883,7,0,0,0.0,0.0
gated_alive:a_007:97473,a_007,97473,-48.95819091796875,35.061153411865234,7,0,0,0.0,0.0
gated_alive:a_007:97611,a_007,97611,70.90550231933594,-26.362995147705078,7,0,0,0.0,0.0
gated_alive:a_007:97619,a_007,97619,-36.610069274902344,-0.711998701095581,7,0,0,0.0,0.0
gated_alive:a_007:97753,a_007,97753,-21.474863052368164,-49.04205322265625,7,0,0,0.0,0.0
gated_alive:a_007:98234,a_007,98234,-21.965848922729492,-13.966241836547852,7,0,0,0.0,0.0
gated_alive:a_007:98599,a_007,98599,-5.1099395751953125,-40.78384780883789,7,0,0,0.0,0.0
gated_alive:a_007:98722,a_007,98722,12.507793426513672,15.314461708068848,7,0,0,0.0,0.0
gated_alive:a_007:98725,a_007,98725,0.2890077531337738,34.225341796875,7,0,0,0.0,0.0
gated_alive:a_007:98993,a_007,98993,58.82465744018555,-8.222845077514648,7,0,0,0.0,0.0
gated_alive:a_007:99104,a_007,99104,-38.04661178588867,-31.2595157623291,7,0,0,0.0,0.0
gated_alive:a_007:99144,a_007,99144,24.211219787597656,19.371034622192383,7,0,0,0.0,0.0
gated_alive:a_007:99328,a_007,99328,-28.327743530273438,-13.000576972961426,7,0,0,0.0,0.0
gated_alive:a_007:99334,a_007,99334,9.629158973693848,-10.33732795715332,7,0,0,0.0,0.0
gated_alive:a_007:99369,a_007,99369,-6.1233367919921875,16.36263656616211,7,0,0,0.0,0.0
gated_alive:a_007:99561,a_007,99561,37.46885681152344,-36.77485656738281,7,0,0,0.0,0.0
gated_alive:a_007:99966,a_007,99966,-35.263675689697266,56.03107452392578,7,0,0,0.0,0.0
gated_alive:a_007:100323,a_007,100323,22.990262985229492,-47.598602294921875,7,0,0,0.0,0.0
gated_alive:a_007:101498,a_007,101498,25.39988136291504,52.87171173095703,7,0,0,0.0,0.0
gated_alive:a_007:101523,a_007,101523,-57.6986083984375,-5.310084819793701,7,0,0,0.0,0.0
gated_alive:a_007:101548,a_007,101548,18.769132614135742,-33.01578903198242,7,0,0,0.0,0.0
gated_alive:a_007:101642,a_007,101642,-32.41156005859375,-32.78709030151367,7,0,0,0.0,0.0
gated_alive:a_007:102019,a_007,102019,-47.79361343383789,30.37491226196289,7,0,0,0.0,0.0
gated_alive:a_007:102606,a_007,102606,-21.195819854736328,-42.77346420288086,7,0,0,0.0,0.0
gated_alive:a_007:102722,a_007,102722,72.7247085571289,-23.22361183166504,7,0,0,0.0,0.0
gated_alive:a_007:103002,a_007,103002,-3.557262420654297,47.2967414855957,7,0,0,0.0,0.0
gated_alive:a_007:103226,a_007,103226,-5.15527868270874,31.14646339416504,7,0,0,0.0,0.0
gated_alive:a_007:103486,a_007,103486,-16.28365707397461,-13.505505561828613,7,0,0,0.0,0.0
gated_alive:a_007:103667,a_007,103667,-20.93308448791504,25.2011661529541,7,0,0,0.0,0.0
gated_alive:a_007:103693,a_007,103693,-27.770124435424805,-30.67398452758789,7,0,0,0.0,0.0
gated_alive:a_007:103760,a_007,103760,-22.16145896911621,-16.59942054748535,7,0,0,0.0,0.0
gated_alive:a_007:103955,a_007,103955,-25.92922019958496,-49.05097579956055,7,0,0,0.0,0.0
gated_alive:a_007:104345,a_007,104345,-32.95874786376953,-29.51839828491211,7,0,0,0.0,0.0
gated_alive:a_007:104616,a_007,104616,-49.06657028198242,32.0325813293457,7,0,0,0.0,0.0
gated_alive:a_009:1072,a_009,1072,16.625782012939453,-41.71678924560547,8,0,1,0.0,0.125
gated_alive:a_009:1077,a_009,1077,12.80235481262207,31.875133514404297,8,0,0,0.0,0.0
gated_alive:a_009:1906,a_009,1906,-14.191740989685059,55.332427978515625,8,0,0,0.0,0.0
gated_alive:a_009:2036,a_009,2036,-59.07469177246094,-7.368470668792725,8,0,0,0.0,0.0
gated_alive:a_009:2567,a_009,2567,-0.9224734902381897,33.13373565673828,8,0,0,0.0,0.0
gated_alive:a_009:2711,a_009,2711,4.812874794006348,-48.93938446044922,8,0,0,0.0,0.0
gated_alive:a_009:2936,a_009,2936,27.156736373901367,-18.575098037719727,8,0,0,0.0,0.0
gated_alive:a_009:3214,a_009,3214,-5.1521430015563965,-36.051448822021484,8,0,0,0.0,0.0
gated_alive:a_009:3289,a_009,3289,22.45281982421875,-38.84771728515625,8,0,0,0.0,0.0
gated_alive:a_009:3341,a_009,3341,-7.473872661590576,-46.47841262817383,8,0,0,0.0,0.0
gated_alive:a_009:3490,a_009,3490,45.221439361572266,23.26968002319336,8,0,0,0.0,0.0
gated_alive:a_009:3535,a_009,3535,-22.81682014465332,-23.370527267456055,8,0,0,0.0,0.0
gated_alive:a_009:3771,a_009,3771,54.772369384765625,-5.04068660736084,8,0,0,0.0,0.0
gated_alive:a_009:4054,a_009,4054,-8.462340354919434,-32.082435607910156,8,0,0,0.0,0.0
gated_alive:a_009:4351,a_009,4351,13.158612251281738,6.068687438964844,8,0,0,0.0,0.0
gated_alive:a_009:4905,a_009,4905,-33.948272705078125,-36.833377838134766,8,0,0,0.0,0.0
gated_alive:a_009:5174,a_009,5174,-8.584771156311035,55.572269439697266,8,0,0,0.0,0.0
gated_alive:a_009:5907,a_009,5907,5.905412673950195,30.83173370361328,8,0,0,0.0,0.0
gated_alive:a_009:5977,a_009,5977,-24.31044578552246,-9.815452575683594,8,0,0,0.0,0.0
gated_alive:a_009:6189,a_009,6189,1.2397180795669556,-20.125648498535156,8,0,0,0.0,0.0
gated_alive:a_009:6487,a_009,6487,-42.29596710205078,14.953299522399902,8,0,0,0.0,0.0
gated_alive:a_009:7066,a_009,7066,39.03256607055664,-14.800416946411133,8,0,0,0.0,0.0
gated_alive:a_009:7399,a_009,7399,-50.29414367675781,25.593852996826172,8,0,0,0.0,0.0
gated_alive:a_009:7895,a_009,7895,-25.353273391723633,-11.986114501953125,8,0,0,0.0,0.0
gated_alive:a_009:7946,a_009,7946,-39.907962799072266,16.59439468383789,8,0,0,0.0,0.0
gated_alive:a_009:8143,a_009,8143,-3.879565477371216,-28.44448471069336,8,0,0,0.0,0.0
gated_alive:a_009:8297,a_009,8297,-60.138206481933594,-2.3479421138763428,8,0,0,0.0,0.0
gated_alive:a_009:8583,a_009,8583,14.821488380432129,13.841411590576172,8,0,0,0.0,0.0
gated_alive:a_009:8826,a_009,8826,6.165388584136963,55.511192321777344,8,0,0,0.0,0.0
gated_alive:a_009:9185,a_009,9185,22.433887481689453,-39.921199798583984,8,0,3,0.0,0.375
gated_alive:a_009:9503,a_009,9503,-37.209510803222656,16.54288673400879,8,0,0,0.0,0.0
gated_alive:a_009:9774,a_009,9774,9.142322540283203,33.456153869628906,8,0,0,0.0,0.0
gated_alive:a_009:10039,a_009,10039,-25.97406578063965,-22.67958641052246,8,0,0,0.0,0.0
gated_alive:a_009:10602,a_009,10602,-35.572998046875,12.230757713317871,8,0,0,0.0,0.0
gated_alive:a_009:11395,a_009,11395,8.537921905517578,35.320068359375,8,0,0,0.0,0.0
gated_alive:a_009:11792,a_009,11792,-52.222286224365234,36.6786003112793,8,0,0,0.0,0.0
gated_alive:a_009:11912,a_009,11912,26.86702537536621,-40.240623474121094,8,0,0,0.0,0.0
gated_alive:a_009:12661,a_009,12661,-35.919090270996094,19.59149932861328,8,0,0,0.0,0.0
gated_alive:a_009:12765,a_009,12765,-23.032712936401367,-23.28506851196289,8,0,0,0.0,0.0
gated_alive:a_009:13279,a_009,13279,-45.81003952026367,48.3033332824707,8,0,0,0.0,0.0
gated_alive:a_009:13557,a_009,13557,-9.592853546142578,29.87014389038086,8,0,0,0.0,0.0
gated_alive:a_009:14982,a_009,14982,-12.774110794067383,29.742630004882812,8,0,0,0.0,0.0
gated_alive:a_009:16415,a_009,16415,9.794208526611328,-47.37709426879883,8,0,0,0.0,0.0
gated_alive:a_009:16766,a_009,16766,-48.88100051879883,37.52467346191406,8,0,0,0.0,0.0
gated_alive:a_009:16967,a_009,16967,67.57035064697266,-26.2408447265625,8,0,0,0.0,0.0
gated_alive:a_009:18078,a_009,18078,1.906967282295227,46.07343673706055,8,0,0,0.0,0.0
gated_alive:a_009:18342,a_009,18342,23.874122619628906,34.558349609375,8,0,0,0.0,0.0
gated_alive:a_009:18410,a_009,18410,-45.54362106323242,28.232690811157227,8,0,0,0.0,0.0
gated_alive:a_009:18969,a_009,18969,-43.82624816894531,15.0238618850708,8,0,0,0.0,0.0
gated_alive:a_009:20533,a_009,20533,46.397972106933594,8.491799354553223,8,0,0,0.0,0.0
gated_alive:a_009:20632,a_009,20632,-36.69624328613281,-33.790191650390625,8,0,0,0.0,0.0
gated_alive:a_009:21811,a_009,21811,32.16210174560547,-46.34184646606445,8,0,0,0.0,0.0
gated_alive:a_009:22260,a_009,22260,6.172201156616211,-40.76225280761719,8,0,0,0.0,0.0
gated_alive:a_009:22509,a_009,22509,-27.862356185913086,-10.956145286560059,8,0,0,0.0,0.0
gated_alive:a_009:22558,a_009,22558,-54.47166442871094,33.05087661743164,8,0,0,0.0,0.0
gated_alive:a_009:23585,a_009,23585,-18.864439010620117,-17.837514877319336,8,0,0,0.0,0.0
gated_alive:a_009:23758,a_009,23758,-0.10997659713029861,-15.692893028259277,8,0,0,0.0,0.0
gated_alive:a_009:23787,a_009,23787,25.600507736206055,-19.329301834106445,8,0,0,0.0,0.0
gated_alive:a_009:24136,a_009,24136,-43.59099197387695,15.70714282989502,8,0,0,0.0,0.0
gated_alive:a_009:24687,a_009,24687,-13.616966247558594,-21.732929229736328,8,0,0,0.0,0.0
gated_alive:a_009:25287,a_009,25287,33.53001403808594,-21.10697364807129,8,0,0,0.0,0.0
gated_alive:a_009:25423,a_009,25423,28.786354064941406,1.7570912837982178,8,0,0,0.0,0.0
gated_alive:a_009:25868,a_009,25868,-40.912391662597656,-17.4029483795166,8,0,0,0.0,0.0
gated_alive:a_009:26782,a_009,26782,55.165748596191406,-11.819733619689941,8,0,0,0.0,0.0
gated_alive:a_009:26941,a_009,26941,-1.8338658809661865,-14.034252166748047,8,0,0,0.0,0.0
gated_alive:a_009:27137,a_009,27137,23.010059356689453,35.09838104248047,8,0,0,0.0,0.0
gated_alive:a_009:27797,a_009,27797,-41.17457580566406,32.689083099365234,8,0,0,0.0,0.0
gated_alive:a_009:27841,a_009,27841,22.308589935302734,-15.731812477111816,8,0,4,0.0,0.5
gated_alive:a_009:28480,a_009,28480,22.036739349365234,62.694889068603516,8,0,0,0.0,0.0
gated_alive:a_009:28714,a_009,28714,6.693200588226318,-51.98484420776367,8,0,0,0.0,0.0
gated_alive:a_009:28992,a_009,28992,27.46934700012207,36.243255615234375,8,0,0,0.0,0.0
gated_alive:a_009:29239,a_009,29239,40.57533645629883,5.457773208618164,8,2,4,0.25,0.5
gated_alive:a_009:30516,a_009,30516,-12.204468727111816,16.357582092285156,8,0,0,0.0,0.0
gated_alive:a_009:31318,a_009,31318,9.62096118927002,58.60453796386719,8,0,0,0.0,0.0
gated_alive:a_009:31331,a_009,31331,16.6922550201416,-14.565241813659668,8,0,0,0.0,0.0
gated_alive:a_009:31410,a_009,31410,6.31609582901001,-26.694290161132812,8,0,0,0.0,0.0
gated_alive:a_009:31753,a_009,31753,28.846567153930664,-10.414295196533203,8,0,0,0.0,0.0
gated_alive:a_009:31799,a_009,31799,31.896020889282227,13.871014595031738,8,0,0,0.0,0.0
gated_alive:a_009:32341,a_009,32341,22.575759887695312,-27.979032516479492,8,0,0,0.0,0.0
gated_alive:a_009:32873,a_009,32873,23.387208938598633,-8.165599822998047,8,0,0,0.0,0.0
gated_alive:a_009:34119,a_009,34119,20.177963256835938,-13.306535720825195,8,0,0,0.0,0.0
gated_alive:a_009:34517,a_009,34517,9.186211585998535,36.573482513427734,8,0,0,0.0,0.0
gated_alive:a_009:35043,a_009,35043,54.79367446899414,-10.261165618896484,8,0,0,0.0,0.0
gated_alive:a_009:35401,a_009,35401,-12.980558395385742,-19.260839462280273,8,0,0,0.0,0.0
gated_alive:a_009:35617,a_009,35617,16.314878463745117,62.79060363769531,8,0,0,0.0,0.0
gated_alive:a_009:35646,a_009,35646,30.663000106811523,32.095699310302734,8,0,0,0.0,0.0
gated_alive:a_009:36126,a_009,36126,52.50547790527344,10.57676887512207,8,0,0,0.0,0.0
gated_alive:a_009:36379,a_009,36379,57.89752960205078,-25.771936416625977,8,0,0,0.0,0.0
gated_alive:a_009:36725,a_009,36725,2.8709959983825684,-52.67852020263672,8,0,0,0.0,0.0
gated_alive:a_009:37055,a_009,37055,72.52655792236328,-21.03541374206543,8,0,0,0.0,0.0
gated_alive:a_009:38044,a_009,38044,-52.159141540527344,14.131463050842285,8,0,0,0.0,0.0
gated_alive:a_009:38046,a_009,38046,12.111461639404297,-14.952657699584961,8,0,0,0.0,0.0
gated_alive:a_009:38096,a_009,38096,43.115203857421875,-14.272627830505371,8,0,0,0.0,0.0
gated_alive:a_009:38386,a_009,38386,19.833154678344727,-9.434102058410645,8,0,0,0.0,0.0
gated_alive:a_009:38715,a_009,38715,-41.437496185302734,19.414854049682617,8,0,0,0.0,0.0
gated_alive:a_009:39074,a_009,39074,-32.478973388671875,-4.679726600646973,8,0,0,0.0,0.0
gated_alive:a_009:39435,a_009,39435,41.91694259643555,-14.77497386932373,8,0,0,0.0,0.0
gated_alive:a_009:39996,a_009,39996,34.11302185058594,9.569015502929688,8,0,0,0.0,0.0
gated_alive:a_009:41943,a_009,41943,0.7572994232177734,34.084224700927734,8,0,0,0.0,0.0
gated_alive:a_009:42312,a_009,42312,-41.94147872924805,-31.713336944580078,8,0,0,0.0,0.0
gated_alive:a_009:43115,a_009,43115,-50.051822662353516,14.087799072265625,8,0,0,0.0,0.0
gated_alive:a_009:43249,a_009,43249,-10.905203819274902,-1.3576960563659668,8,0,0,0.0,0.0
gated_alive:a_009:43512,a_009,43512,71.64624786376953,-22.276262283325195,8,0,0,0.0,0.0
gated_alive:a_009:43781,a_009,43781,34.56318664550781,9.4627046585083,8,0,0,0.0,0.0
gated_alive:a_009:44181,a_009,44181,11.14476203918457,-31.0567684173584,8,0,0,0.0,0.0
gated_alive:a_009:44351,a_009,44351,49.0184440612793,21.90325355529785,8,3,2,0.375,0.25
gated_alive:a_009:45020,a_009,45020,-41.60918045043945,-21.88068389892578,8,0,0,0.0,0.0
gated_alive:a_009:45657,a_009,45657,-38.55782699584961,-13.114447593688965,8,0,0,0.0,0.0
gated_alive:a_009:45840,a_009,45840,25.386438369750977,-39.462745666503906,8,0,0,0.0,0.0
gated_alive:a_009:45947,a_009,45947,2.5138213634490967,-55.133644104003906,8,0,0,0.0,0.0
gated_alive:a_009:45991,a_009,45991,24.05414581298828,-10.162073135375977,8,1,3,0.125,0.375
gated_alive:a_009:46004,a_009,46004,49.063785552978516,-22.13960838317871,8,0,0,0.0,0.0
gated_alive:a_009:46279,a_009,46279,-3.811424732208252,-14.645480155944824,8,0,0,0.0,0.0
gated_alive:a_009:47059,a_009,47059,-13.921452522277832,-22.980812072753906,8,0,0,0.0,0.0
gated_alive:a_009:47162,a_009,47162,-49.479610443115234,10.69705867767334,8,0,0,0.0,0.0
gated_alive:a_009:47170,a_009,47170,-10.36330509185791,38.45512008666992,8,0,0,0.0,0.0
gated_alive:a_009:47195,a_009,47195,11.144424438476562,-34.729225158691406,8,0,0,0.0,0.0
gated_alive:a_009:47356,a_009,47356,70.57218170166016,-28.90117645263672,8,0,0,0.0,0.0
gated_alive:a_009:47983,a_009,47983,40.1650276184082,-28.393842697143555,8,0,0,0.0,0.0
gated_alive:a_009:49300,a_009,49300,26.507339477539062,-13.773415565490723,8,0,0,0.0,0.0
gated_alive:a_009:49603,a_009,49603,-39.12018585205078,13.611809730529785,8,0,0,0.0,0.0
gated_alive:a_009:50595,a_009,50595,20.59417152404785,15.361589431762695,8,0,0,0.0,0.0
gated_alive:a_009:51500,a_009,51500,52.25680923461914,-12.500194549560547,8,0,0,0.0,0.0
gated_alive:a_009:53038,a_009,53038,50.58103942871094,-9.196487426757812,8,0,0,0.0,0.0
gated_alive:a_009:53056,a_009,53056,31.29939842224121,4.682219982147217,8,3,1,0.375,0.125
gated_alive:a_009:53377,a_009,53377,9.552667617797852,-36.73790740966797,8,0,0,0.0,0.0
gated_alive:a_009:53881,a_009,53881,21.458967208862305,-16.262948989868164,8,0,0,0.0,0.0
gated_alive:a_009:54308,a_009,54308,-42.783382415771484,-43.95333480834961,8,0,0,0.0,0.0
gated_alive:a_009:54350,a_009,54350,-2.6391820907592773,-63.5994758605957,8,0,0,0.0,0.0
gated_alive:a_009:54400,a_009,54400,-43.26304626464844,-34.31736373901367,8,0,0,0.0,0.0
gated_alive:a_009:54735,a_009,54735,-27.244550704956055,-49.3697395324707,8,0,0,0.0,0.0
gated_alive:a_009:55545,a_009,55545,-13.768845558166504,59.213260650634766,8,0,0,0.0,0.0
gated_alive:a_009:56219,a_009,56219,-51.07088851928711,46.33786392211914,8,0,0,0.0,0.0
gated_alive:a_009:57612,a_009,57612,30.292112350463867,-13.102803230285645,8,0,0,0.0,0.0
gated_alive:a_009:57815,a_009,57815,-16.233415603637695,-21.392654418945312,8,0,0,0.0,0.0
gated_alive:a_009:59001,a_009,59001,2.8817713260650635,34.415435791015625,8,0,0,0.0,0.0
gated_alive:a_009:59746,a_009,59746,-52.19339370727539,33.84465408325195,8,0,0,0.0,0.0
gated_alive:a_009:60720,a_009,60720,-39.171993255615234,-24.59714126586914,8,0,0,0.0,0.0
gated_alive:a_009:60866,a_009,60866,-57.68732833862305,-4.8026275634765625,8,0,0,0.0,0.0
gated_alive:a_009:61441,a_009,61441,52.376712799072266,-10.78891658782959,8,0,0,0.0,0.0
gated_alive:a_009:61748,a_009,61748,-21.056631088256836,8.028762817382812,8,0,0,0.0,0.0
gated_alive:a_009:61768,a_009,61768,59.11126708984375,30.88637924194336,8,0,2,0.0,0.25
gated_alive:a_009:62158,a_009,62158,-35.835731506347656,-33.2760009765625,8,0,0,0.0,0.0
gated_alive:a_009:62335,a_009,62335,-40.41964340209961,-28.320615768432617,8,0,0,0.0,0.0
gated_alive:a_009:62562,a_009,62562,-29.501171112060547,9.167869567871094,8,0,0,0.0,0.0
gated_alive:a_009:62601,a_009,62601,-39.74601364135742,-31.884597778320312,8,0,0,0.0,0.0
gated_alive:a_009:62631,a_009,62631,45.25471878051758,-25.89345359802246,8,0,0,0.0,0.0
gated_alive:a_009:62972,a_009,62972,-22.49357795715332,-44.3830680847168,8,0,0,0.0,0.0
gated_alive:a_009:63044,a_009,63044,5.860703468322754,53.176605224609375,8,0,0,0.0,0.0
gated_alive:a_009:63300,a_009,63300,-38.444854736328125,47.78126525878906,8,0,0,0.0,0.0
gated_alive:a_009:64078,a_009,64078,68.01964569091797,-27.7094669342041,8,0,0,0.0,0.0
gated_alive:a_009:64895,a_009,64895,-41.9165153503418,11.938675880432129,8,0,0,0.0,0.0
gated_alive:a_009:66078,a_009,66078,23.280996322631836,-5.8579325675964355,8,0,0,0.0,0.0
gated_alive:a_009:66511,a_009,66511,-16.50567054748535,-16.920835494995117,8,0,0,0.0,0.0
gated_alive:a_009:66737,a_009,66737,-45.64441680908203,21.497852325439453,8,0,0,0.0,0.0
gated_alive:a_009:66892,a_009,66892,-47.34123611450195,29.48524284362793,8,0,0,0.0,0.0
gated_alive:a_009:68449,a_009,68449,49.876651763916016,-2.2542495727539062,8,0,0,0.0,0.0
gated_alive:a_009:69075,a_009,69075,-30.603235244750977,-30.657926559448242,8,0,0,0.0,0.0
gated_alive:a_009:70456,a_009,70456,-32.39854431152344,5.833078861236572,8,0,0,0.0,0.0
gated_alive:a_009:70679,a_009,70679,-52.55634307861328,-5.1319804191589355,8,0,0,0.0,0.0
gated_alive:a_009:71612,a_009,71612,-25.226573944091797,-20.268312454223633,8,0,0,0.0,0.0
gated_alive:a_009:72364,a_009,72364,13.45150375366211,-43.253265380859375,8,0,0,0.0,0.0
gated_alive:a_009:72825,a_009,72825,67.95049285888672,-30.29889488220215,8,0,0,0.0,0.0
gated_alive:a_009:73525,a_009,73525,6.545090675354004,-51.9266357421875,8,0,0,0.0,0.0
gated_alive:a_009:73995,a_009,73995,-5.177538871765137,11.13353443145752,8,0,0,0.0,0.0
gated_alive:a_009:74119,a_009,74119,33.46998977661133,-18.29549217224121,8,0,0,0.0,0.0
gated_alive:a_009:74399,a_009,74399,67.95635986328125,-30.70792007446289,8,0,0,0.0,0.0
gated_alive:a_009:75117,a_009,75117,-6.800159931182861,19.192747116088867,8,0,0,0.0,0.0
gated_alive:a_009:75356,a_009,75356,-40.39375305175781,14.302522659301758,8,0,0,0.0,0.0
gated_alive:a_009:75451,a_009,75451,10.893716812133789,-38.745262145996094,8,0,0,0.0,0.0
gated_alive:a_009:76192,a_009,76192,26.489742279052734,0.43527835607528687,8,0,0,0.0,0.0
gated_alive:a_009:77314,a_009,77314,-48.80986785888672,-41.625770568847656,8,0,0,0.0,0.0
gated_alive:a_009:77407,a_009,77407,6.580140590667725,29.006874084472656,8,0,0,0.0,0.0
gated_alive:a_009:78425,a_009,78425,-33.138118743896484,-29.114702224731445,8,0,0,0.0,0.0
gated_alive:a_009:78466,a_009,78466,-12.562788009643555,2.4351613521575928,8,0,0,0.0,0.0
gated_alive:a_009:79129,a_009,79129,-4.205986022949219,32.88034439086914,8,0,0,0.0,0.0
gated_alive:a_009:80074,a_009,80074,38.33564376831055,-27.593852996826172,8,0,0,0.0,0.0
gated_alive:a_009:80252,a_009,80252,5.171243190765381,-12.698204040527344,8,0,0,0.0,0.0
gated_alive:a_009:80464,a_009,80464,-13.062057495117188,44.50419998168945,8,0,0,0.0,0.0
gated_alive:a_009:80744,a_009,80744,4.102586269378662,-42.088134765625,8,0,0,0.0,0.0
gated_alive:a_009:81250,a_009,81250,16.786331176757812,39.938480377197266,8,0,0,0.0,0.0
gated_alive:a_009:81465,a_009,81465,12.447016716003418,12.658195495605469,8,0,0,0.0,0.0
gated_alive:a_009:81683,a_009,81683,34.5467529296875,-18.153789520263672,8,0,0,0.0,0.0
gated_alive:a_009:81839,a_009,81839,64.91334533691406,-25.800365447998047,8,0,0,0.0,0.0
gated_alive:a_009:82535,a_009,82535,27.879676818847656,26.944311141967773,8,0,0,0.0,0.0
gated_alive:a_009:83407,a_009,83407,27.793384552001953,-28.132633209228516,8,0,0,0.0,0.0
gated_alive:a_009:83706,a_009,83706,9.436278343200684,35.00534439086914,8,0,0,0.0,0.0
gated_alive:a_009:83822,a_009,83822,-24.839113235473633,-18.844070434570312,8,0,0,0.0,0.0
gated_alive:a_009:84696,a_009,84696,71.97972106933594,-23.78331184387207,8,0,1,0.0,0.125
gated_alive:a_009:84715,a_009,84715,7.2152814865112305,-13.015920639038086,8,0,0,0.0,0.0
gated_alive:a_009:85050,a_009,85050,-5.297239780426025,-39.6374397277832,8,0,0,0.0,0.0
gated_alive:a_009:85284,a_009,85284,8.087754249572754,-41.60015106201172,8,0,0,0.0,0.0
gated_alive:a_009:85746,a_009,85746,75.8388900756836,-24.691600799560547,8,0,0,0.0,0.0
gated_alive:a_009:85778,a_009,85778,2.5373334884643555,-55.83032989501953,8,0,0,0.0,0.0
gated_alive:a_009:85822,a_009,85822,15.874960899353027,32.28028869628906,8,0,0,0.0,0.0
gated_alive:a_009:86570,a_009,86570,18.58096694946289,54.986331939697266,8,0,0,0.0,0.0
gated_alive:a_009:86599,a_009,86599,5.044935703277588,34.24165344238281,8,0,0,0.0,0.0
gated_alive:a_009:86687,a_009,86687,-15.39021110534668,15.186236381530762,8,0,0,0.0,0.0
gated_alive:a_009:86807,a_009,86807,3.716703176498413,-44.983524322509766,8,0,0,0.0,0.0
gated_alive:a_009:86892,a_009,86892,-16.269561767578125,42.34222412109375,8,0,0,0.0,0.0
gated_alive:a_009:87163,a_009,87163,-0.35761281847953796,51.86295700073242,8,0,0,0.0,0.0
gated_alive:a_009:89813,a_009,89813,6.733360767364502,-31.81182861328125,8,0,0,0.0,0.0
gated_alive:a_009:90832,a_009,90832,9.27974796295166,-37.00445556640625,8,0,0,0.0,0.0
gated_alive:a_009:90896,a_009,90896,9.294574737548828,13.424012184143066,8,1,5,0.125,0.625
gated_alive:a_009:90904,a_009,90904,35.674110412597656,17.959972381591797,8,0,0,0.0,0.0
gated_alive:a_009:91174,a_009,91174,-24.638673782348633,39.102176666259766,8,0,0,0.0,0.0
gated_alive:a_009:91754,a_009,91754,57.02588653564453,-20.666112899780273,8,0,0,0.0,0.0
gated_alive:a_009:91771,a_009,91771,66.11016845703125,-23.36734390258789,8,0,0,0.0,0.0
gated_alive:a_009:91784,a_009,91784,-20.679594039916992,31.210857391357422,8,0,0,0.0,0.0
gated_alive:a_009:91951,a_009,91951,19.08536148071289,-12.831329345703125,8,0,0,0.0,0.0
gated_alive:a_009:92116,a_009,92116,-27.71849822998047,-11.856125831604004,8,0,0,0.0,0.0
gated_alive:a_009:92255,a_009,92255,-13.298572540283203,5.688446998596191,8,0,0,0.0,0.0
gated_alive:a_009:92865,a_009,92865,-39.711341857910156,33.31436538696289,8,0,0,0.0,0.0
gated_alive:a_009:93683,a_009,93683,48.852752685546875,-13.266425132751465,8,0,0,0.0,0.0
gated_alive:a_009:94400,a_009,94400,4.219860076904297,-42.330257415771484,8,0,0,0.0,0.0
gated_alive:a_009:94521,a_009,94521,-22.51629066467285,-13.209468841552734,8,0,0,0.0,0.0
gated_alive:a_009:94718,a_009,94718,25.367145538330078,-43.416175842285156,8,0,0,0.0,0.0
gated_alive:a_009:95442,a_009,95442,-1.1343293190002441,-28.52052116394043,8,0,0,0.0,0.0
gated_alive:a_009:96154,a_009,96154,3.450450897216797,34.45305633544922,8,0,0,0.0,0.0
gated_alive:a_009:96437,a_009,96437,12.5750093460083,3.1454527378082275,8,0,0,0.0,0.0
gated_alive:a_009:96676,a_009,96676,-41.66361999511719,38.8993034362793,8,0,0,0.0,0.0
gated_alive:a_009:96687,a_009,96687,-53.024330139160156,39.03414535522461,8,0,0,0.0,0.0
gated_alive:a_009:97378,a_009,97378,43.235965728759766,-18.71821403503418,8,0,0,0.0,0.0
gated_alive:a_009:97526,a_009,97526,60.14073181152344,31.044330596923828,8,1,1,0.125,0.125
gated_alive:a_009:98005,a_009,98005,13.494906425476074,-49.06134796142578,8,0,0,0.0,0.0
gated_alive:a_009:98387,a_009,98387,3.42002534866333,20.947938919067383,8,0,0,0.0,0.0
gated_alive:a_009:98511,a_009,98511,58.02967071533203,-25.774799346923828,8,0,0,0.0,0.0
gated_alive:a_009:99021,a_009,99021,6.798774242401123,20.851520538330078,8,0,0,0.0,0.0
gated_alive:a_009:99199,a_009,99199,-11.410120964050293,-18.32145118713379,8,0,0,0.0,0.0
gated_alive:a_009:99686,a_009,99686,8.016242980957031,-12.707566261291504,8,0,0,0.0,0.0
gated_alive:a_009:99938,a_009,99938,20.449495315551758,-40.48651123046875,8,0,0,0.0,0.0
gated_alive:a_009:100330,a_009,100330,-19.579517364501953,-15.305919647216797,8,0,0,0.0,0.0
gated_alive:a_009:100353,a_009,100353,-24.11703872680664,-42.044185638427734,8,0,0,0.0,0.0
gated_alive:a_009:100500,a_009,100500,-12.039779663085938,-18.235553741455078,8,0,0,0.0,0.0
gated_alive:a_009:101184,a_009,101184,-28.579391479492188,-45.791568756103516,8,0,0,0.0,0.0
gated_alive:a_009:102221,a_009,102221,-23.34951400756836,-17.867582321166992,8,0,0,0.0,0.0
gated_alive:a_009:102258,a_009,102258,34.973819732666016,17.56549835205078,8,0,1,0.0,0.125
gated_alive:a_009:102798,a_009,102798,26.854204177856445,-40.88807678222656,8,0,0,0.0,0.0
gated_alive:a_009:103129,a_009,103129,32.86174774169922,32.248355865478516,8,0,0,0.0,0.0
gated_alive:a_009:103580,a_009,103580,-1.29934823513031,-13.970643043518066,8,0,0,0.0,0.0
gated_alive:a_009:103865,a_009,103865,-40.505767822265625,14.368717193603516,8,0,0,0.0,0.0
gated_alive:a_009:105088,a_009,105088,2.550189971923828,52.220680236816406,8,0,0,0.0,0.0
gated_alive:a_009:105224,a_009,105224,-27.01569366455078,-24.759544372558594,8,0,0,0.0,0.0
gated_alive:a_009:105574,a_009,105574,15.340269088745117,-37.566619873046875,8,0,0,0.0,0.0
gated_alive:a_009:106012,a_009,106012,40.15452194213867,28.02727508544922,8,0,0,0.0,0.0
gated_alive:a_009:106923,a_009,106923,-37.80610275268555,44.270042419433594,8,0,0,0.0,0.0
gated_alive:a_009:108618,a_009,108618,12.184835433959961,-0.728280782699585,8,0,0,0.0,0.0
gated_alive:a_009:108638,a_009,108638,-44.43500518798828,-19.283432006835938,8,0,0,0.0,0.0
gated_alive:a_009:108786,a_009,108786,-3.8549387454986572,-30.5244197845459,8,0,0,0.0,0.0
gated_alive:a_009:109765,a_009,109765,7.816845893859863,-28.68111801147461,8,0,0,0.0,0.0
gated_alive:a_009:110082,a_009,110082,17.813936233520508,-35.554019927978516,8,0,0,0.0,0.0
gated_alive:a_009:110545,a_009,110545,-50.538734436035156,-8.592509269714355,8,0,0,0.0,0.0
gated_alive:a_009:110661,a_009,110661,2.15598464012146,58.06248092651367,8,0,0,0.0,0.0
gated_alive:a_009:110715,a_009,110715,22.994152069091797,38.64455795288086,8,0,0,0.0,0.0
gated_alive:a_009:111711,a_009,111711,-49.12422561645508,-5.345583915710449,8,0,0,0.0,0.0
gated_alive:a_009:112309,a_009,112309,-49.69718933105469,26.387678146362305,8,0,0,0.0,0.0
gated_alive:a_009:112772,a_009,112772,-6.7247209548950195,-31.139631271362305,8,0,0,0.0,0.0
gated_alive:a_009:112823,a_009,112823,70.19819641113281,-22.55527114868164,8,0,0,0.0,0.0
gated_alive:a_009:113110,a_009,113110,22.78863525390625,-45.377532958984375,8,0,0,0.0,0.0
gated_alive:a_009:113402,a_009,113402,-53.691524505615234,17.901649475097656,8,1,0,0.125,0.0
gated_alive:a_009:113863,a_009,113863,30.043926239013672,-21.634174346923828,8,0,0,0.0,0.0
gated_alive:a_009:114143,a_009,114143,-39.11433029174805,-30.50640296936035,8,0,0,0.0,0.0
gated_alive:a_009:115058,a_009,115058,-37.084442138671875,-29.364585876464844,8,0,0,0.0,0.0
gated_alive:a_009:115094,a_009,115094,24.593036651611328,1.6289305686950684,8,0,0,0.0,0.0
gated_alive:a_009:116334,a_009,116334,6.549482345581055,19.761783599853516,8,0,0,0.0,0.0
gated_alive:a_009:116505,a_009,116505,-25.131959915161133,-6.769771575927734,8,0,0,0.0,0.0
gated_alive:a_009:116892,a_009,116892,22.54564666748047,23.572998046875,8,0,0,0.0,0.0
gated_alive:a_009:117060,a_009,117060,9.007401466369629,-12.323955535888672,8,0,0,0.0,0.0
gated_alive:a_009:117093,a_009,117093,34.313697814941406,7.24498176574707,8,0,0,0.0,0.0
gated_alive:a_009:117979,a_009,117979,-39.7199592590332,-32.14220428466797,8,0,0,0.0,0.0
gated_alive:a_009:118169,a_009,118169,50.83477783203125,-0.37925824522972107,8,0,0,0.0,0.0
gated_alive:a_009:118508,a_009,118508,-45.489078521728516,-19.419408798217773,8,0,0,0.0,0.0
gated_alive:a_009:119436,a_009,119436,-12.710284233093262,-4.644458293914795,8,0,0,0.0,0.0
gated_alive:a_009:119864,a_009,119864,-23.758710861206055,-24.24375343322754,8,0,0,0.0,0.0
gated_alive:a_009:119975,a_009,119975,-40.0309944152832,-21.79914093017578,8,0,0,0.0,0.0
gated_alive:a_009:121448,a_009,121448,-43.682491302490234,16.51415252685547,8,0,0,0.0,0.0
gated_alive:a_009:122287,a_009,122287,34.525638580322266,-18.63273811340332,8,0,0,0.0,0.0
gated_alive:a_009:122703,a_009,122703,25.0270938873291,-17.418249130249023,8,0,0,0.0,0.0
gated_alive:a_009:122857,a_009,122857,11.059386253356934,-51.09628677368164,8,0,0,0.0,0.0
gated_alive:a_009:122935,a_009,122935,0.10480073094367981,-60.434078216552734,8,0,0,0.0,0.0
gated_alive:a_009:123137,a_009,123137,-0.3904207944869995,59.5339469909668,8,0,0,0.0,0.0
gated_alive:a_009:124667,a_009,124667,19.392620086669922,-22.182231903076172,8,0,0,0.0,0.0
gated_alive:a_009:124722,a_009,124722,22.38918113708496,-44.82852554321289,8,0,0,0.0,0.0
gated_alive:a_009:125225,a_009,125225,27.991838455200195,-20.722131729125977,8,0,0,0.0,0.0
gated_alive:a_009:125619,a_009,125619,-33.96146011352539,-29.132102966308594,8,0,0,0.0,0.0
gated_alive:a_009:126080,a_009,126080,26.841657638549805,-24.372133255004883,8,0,0,0.0,0.0
gated_alive:a_009:128215,a_009,128215,-29.03902816772461,-26.495849609375,8,0,0,0.0,0.0
gated_alive:a_009:128621,a_009,128621,-25.718643188476562,6.204379558563232,8,0,0,0.0,0.0
gated_alive:a_009:128781,a_009,128781,-16.902908325195312,34.529483795166016,8,0,0,0.0,0.0
gated_alive:a_009:129561,a_009,129561,-51.72262191772461,37.969573974609375,8,0,0,0.0,0.0
gated_alive:a_009:129660,a_009,129660,23.08662223815918,-12.551813125610352,8,0,0,0.0,0.0
gated_alive:a_009:129826,a_009,129826,66.84342193603516,-23.158601760864258,8,0,0,0.0,0.0
gated_alive:a_009:130246,a_009,130246,-36.75633239746094,57.067588806152344,8,0,0,0.0,0.0
gated_alive:a_009:131097,a_009,131097,59.25181198120117,-9.755743980407715,8,0,0,0.0,0.0
gated_alive:a_009:131291,a_009,131291,-2.7327446937561035,30.335752487182617,8,0,0,0.0,0.0
gated_alive:a_009:131359,a_009,131359,-40.20791244506836,-31.50155258178711,8,0,0,0.0,0.0
gated_alive:a_009:132720,a_009,132720,-54.60976028442383,28.001615524291992,8,0,0,0.0,0.0
gated_alive:a_009:132995,a_009,132995,29.019746780395508,-14.116783142089844,8,0,0,0.0,0.0
gated_alive:a_009:133891,a_009,133891,-23.697628021240234,-40.247310638427734,8,0,0,0.0,0.0
gated_alive:a_009:134034,a_009,134034,67.3191909790039,-26.26960563659668,8,0,0,0.0,0.0
gated_alive:a_009:134187,a_009,134187,-28.180950164794922,-22.57345199584961,8,0,0,0.0,0.0
gated_alive:a_009:134263,a_009,134263,11.418007850646973,-31.732913970947266,8,0,0,0.0,0.0
gated_alive:a_009:134374,a_009,134374,-10.769516944885254,37.78916931152344,8,0,0,0.0,0.0
gated_alive:a_009:134806,a_009,134806,16.54166030883789,-51.33597946166992,8,0,0,0.0,0.0
gated_alive:a_009:134840,a_009,134840,70.1426773071289,-23.563926696777344,8,0,0,0.0,0.0
gated_alive:a_009:135213,a_009,135213,48.26131820678711,-28.97507095336914,8,0,0,0.0,0.0
gated_alive:a_009:135330,a_009,135330,10.113719940185547,29.939647674560547,8,0,0,0.0,0.0
gated_alive:a_009:135387,a_009,135387,63.92482376098633,-21.73757553100586,8,0,0,0.0,0.0
gated_alive:a_009:135447,a_009,135447,51.68285369873047,32.060665130615234,8,0,0,0.0,0.0
gated_alive:a_009:135835,a_009,135835,18.03896713256836,28.16994857788086,8,0,0,0.0,0.0
gated_alive:a_009:136743,a_009,136743,-36.22018051147461,51.42387771606445,8,0,0,0.0,0.0
gated_alive:a_009:137043,a_009,137043,-32.85966491699219,36.117313385009766,8,0,0,0.0,0.0
gated_alive:a_009:137197,a_009,137197,31.54299545288086,7.329651832580566,8,0,1,0.0,0.125
gated_alive:a_009:137347,a_009,137347,44.3353157043457,1.9128416776657104,8,0,0,0.0,0.0
gated_alive:a_009:138084,a_009,138084,9.378619194030762,35.04200744628906,8,0,0,0.0,0.0
gated_alive:a_009:138653,a_009,138653,33.831539154052734,32.80651092529297,8,0,0,0.0,0.0
gated_alive:a_009:140023,a_009,140023,28.067001342773438,-6.000371932983398,8,0,0,0.0,0.0
gated_alive:a_009:140048,a_009,140048,29.470054626464844,-8.926345825195312,8,0,0,0.0,0.0
gated_alive:a_009:140238,a_009,140238,-0.19217368960380554,41.496978759765625,8,0,0,0.0,0.0
gated_alive:a_009:140451,a_009,140451,30.730613708496094,-21.38858413696289,8,0,0,0.0,0.0
gated_alive:a_009:140726,a_009,140726,-43.16999816894531,44.736473083496094,8,0,0,0.0,0.0
gated_alive:a_009:141606,a_009,141606,6.004587173461914,-14.600286483764648,8,0,0,0.0,0.0
gated_alive:a_009:141749,a_009,141749,-27.75034523010254,-13.425740242004395,8,0,0,0.0,0.0
gated_alive:a_009:143114,a_009,143114,34.264015197753906,9.38833236694336,8,0,0,0.0,0.0
gated_alive:a_009:143416,a_009,143416,72.44928741455078,-21.261943817138672,8,0,0,0.0,0.0
gated_alive:a_009:143998,a_009,143998,-7.245174884796143,47.65935134887695,8,0,0,0.0,0.0
gated_alive:a_009:144117,a_009,144117,14.953741073608398,21.147109985351562,8,0,0,0.0,0.0
gated_alive:a_009:144242,a_009,144242,50.79173278808594,1.4655472040176392,8,0,0,0.0,0.0
gated_alive:a_009:144917,a_009,144917,72.08807373046875,-23.66771125793457,8,0,0,0.0,0.0
gated_alive:a_009:146434,a_009,146434,29.163082122802734,-42.94065856933594,8,0,0,0.0,0.0
gated_alive:a_009:146956,a_009,146956,23.414396286010742,-28.284433364868164,8,0,3,0.0,0.375
gated_alive:a_009:147091,a_009,147091,18.180744171142578,15.072060585021973,8,0,0,0.0,0.0
gated_alive:a_009:147255,a_009,147255,-31.93376350402832,-50.86715316772461,8,0,0,0.0,0.0
gated_alive:a_009:147661,a_009,147661,36.52867126464844,29.860668182373047,8,0,0,0.0,0.0
gated_alive:a_009:147867,a_009,147867,-1.0853620767593384,-21.964689254760742,8,0,0,0.0,0.0
gated_alive:a_009:147945,a_009,147945,-18.262592315673828,-46.027503967285156,8,0,0,0.0,0.0
gated_alive:a_009:149127,a_009,149127,17.893024444580078,32.828453063964844,8,0,0,0.0,0.0
gated_alive:a_009:150099,a_009,150099,36.789329528808594,0.13994480669498444,8,0,0,0.0,0.0
gated_alive:a_009:150490,a_009,150490,-6.0740556716918945,-30.150379180908203,8,0,0,0.0,0.0
gated_alive:a_009:150933,a_009,150933,12.060532569885254,26.548656463623047,8,0,0,0.0,0.0
gated_alive:a_009:151149,a_009,151149,73.34956359863281,-23.33675765991211,8,0,0,0.0,0.0
gated_alive:a_009:151436,a_009,151436,-51.8841552734375,20.52989387512207,8,0,0,0.0,0.0
gated_alive:a_009:151600,a_009,151600,55.00263977050781,8.128514289855957,8,0,0,0.0,0.0
gated_alive:a_009:151619,a_009,151619,-41.17161560058594,-26.76490020751953,8,0,0,0.0,0.0
gated_alive:a_009:151738,a_009,151738,13.01012897491455,16.925500869750977,8,0,0,0.0,0.0
gated_alive:a_009:152175,a_009,152175,-53.97043228149414,0.5021969676017761,8,0,0,0.0,0.0
gated_alive:a_009:153189,a_009,153189,56.26777267456055,-20.163938522338867,8,0,0,0.0,0.0
gated_alive:a_009:154077,a_009,154077,-13.752541542053223,-66.86801147460938,8,0,0,0.0,0.0
gated_alive:a_009:154310,a_009,154310,49.371788024902344,35.52436828613281,8,0,0,0.0,0.0
gated_alive:a_009:154439,a_009,154439,35.08110809326172,-13.541061401367188,8,0,0,0.0,0.0
gated_alive:a_009:154566,a_009,154566,-6.2236175537109375,-27.065872192382812,8,0,0,0.0,0.0
gated_alive:a_009:155200,a_009,155200,-5.918194770812988,37.68049621582031,8,0,0,0.0,0.0
gated_alive:a_009:155345,a_009,155345,-18.643508911132812,-30.831966400146484,8,0,0,0.0,0.0
gated_alive:a_009:155541,a_009,155541,-30.840166091918945,29.1171875,8,0,0,0.0,0.0
gated_alive:a_009:155914,a_009,155914,20.639406204223633,-17.302766799926758,8,0,0,0.0,0.0
gated_alive:a_009:156546,a_009,156546,-7.873740196228027,19.380596160888672,8,0,0,0.0,0.0
gated_alive:a_009:156628,a_009,156628,6.833732604980469,22.659809112548828,8,0,0,0.0,0.0
gated_alive:a_009:156839,a_009,156839,-4.112151622772217,19.71491050720215,8,0,0,0.0,0.0
gated_alive:a_009:157698,a_009,157698,-46.011817932128906,16.3499755859375,8,0,0,0.0,0.0
gated_alive:a_009:158256,a_009,158256,-41.780128479003906,11.874478340148926,8,1,4,0.125,0.5
gated_alive:a_009:159211,a_009,159211,-8.983857154846191,-26.175418853759766,8,0,0,0.0,0.0
gated_alive:a_009:159381,a_009,159381,42.870052337646484,-14.395292282104492,8,0,0,0.0,0.0
gated_alive:a_009:159382,a_009,159382,-10.68022632598877,-15.222748756408691,8,0,0,0.0,0.0
gated_alive:a_009:159574,a_009,159574,-39.3719596862793,-18.612245559692383,8,0,0,0.0,0.0
gated_alive:a_009:160773,a_009,160773,-57.32347106933594,-16.484142303466797,8,0,0,0.0,0.0
gated_alive:a_009:160899,a_009,160899,-23.532291412353516,-26.62830352783203,8,0,0,0.0,0.0
gated_alive:a_009:161236,a_009,161236,-51.91797637939453,22.380290985107422,8,0,0,0.0,0.0
gated_alive:a_009:161648,a_009,161648,54.535980224609375,-9.684737205505371,8,0,0,0.0,0.0
gated_alive:a_009:161906,a_009,161906,-16.236249923706055,42.36723327636719,8,0,0,0.0,0.0
gated_alive:a_009:162425,a_009,162425,-40.44756317138672,52.487281799316406,8,0,0,0.0,0.0
gated_alive:a_009:162932,a_009,162932,36.12260437011719,-35.35259246826172,8,0,0,0.0,0.0
gated_alive:a_009:163812,a_009,163812,-13.837950706481934,-17.427047729492188,8,0,0,0.0,0.0
gated_alive:a_009:163913,a_009,163913,-34.034996032714844,-37.07756423950195,8,0,0,0.0,0.0
gated_alive:a_009:164235,a_009,164235,13.072389602661133,-38.489540100097656,8,0,0,0.0,0.0
gated_alive:a_009:164417,a_009,164417,13.91967487335205,20.471643447875977,8,0,0,0.0,0.0
gated_alive:a_009:164567,a_009,164567,71.90753173828125,-25.68560218811035,8,0,0,0.0,0.0
gated_alive:a_009:164639,a_009,164639,-25.844247817993164,52.56916046142578,8,0,0,0.0,0.0
gated_alive:a_009:165555,a_009,165555,33.8817253112793,9.691414833068848,8,0,2,0.0,0.25
gated_alive:a_009:166277,a_009,166277,-32.21187973022461,-35.988128662109375,8,0,0,0.0,0.0
gated_alive:a_009:166338,a_009,166338,34.300254821777344,19.939712524414062,8,0,0,0.0,0.0
gated_alive:a_009:166450,a_009,166450,-11.844327926635742,23.371593475341797,8,0,0,0.0,0.0
gated_alive:a_009:166576,a_009,166576,19.805692672729492,33.58304214477539,8,0,0,0.0,0.0
gated_alive:a_009:166849,a_009,166849,-8.754324913024902,62.68007278442383,8,0,0,0.0,0.0
gated_alive:a_009:167484,a_009,167484,65.3799057006836,-30.16181182861328,8,0,0,0.0,0.0
gated_alive:a_009:167661,a_009,167661,-44.427188873291016,51.408180236816406,8,0,2,0.0,0.25
gated_alive:a_009:167801,a_009,167801,16.025705337524414,45.518089294433594,8,0,0,0.0,0.0
gated_alive:a_009:169261,a_009,169261,-49.01112747192383,37.04503631591797,8,0,0,0.0,0.0
gated_alive:a_009:170233,a_009,170233,29.03059959411621,-43.34013366699219,8,0,0,0.0,0.0
gated_alive:a_009:170753,a_009,170753,46.43076705932617,-2.1498305797576904,8,0,0,0.0,0.0
gated_alive:a_009:171325,a_009,171325,21.40203857421875,-16.38453483581543,8,0,0,0.0,0.0
gated_alive:a_009:171614,a_009,171614,15.468658447265625,21.062610626220703,8,0,0,0.0,0.0
gated_alive:a_009:171686,a_009,171686,58.10850143432617,-21.12212562561035,8,0,0,0.0,0.0
gated_alive:a_009:172035,a_009,172035,52.34233856201172,35.075740814208984,8,0,0,0.0,0.0
gated_alive:a_009:172103,a_009,172103,-46.68296432495117,-7.935160160064697,8,0,0,0.0,0.0
gated_alive:a_009:172433,a_009,172433,-8.784168243408203,48.308082580566406,8,0,0,0.0,0.0
gated_alive:a_009:172683,a_009,172683,1.9603266716003418,-43.233577728271484,8,0,1,0.0,0.125
gated_alive:a_009:173151,a_009,173151,45.85170364379883,-25.781099319458008,8,0,0,0.0,0.0
gated_alive:a_009:173201,a_009,173201,-25.758895874023438,6.0593342781066895,8,0,0,0.0,0.0
gated_alive:a_009:173319,a_009,173319,-27.424020767211914,14.293675422668457,8,0,0,0.0,0.0
gated_alive:a_009:174006,a_009,174006,-15.915811538696289,2.0334250926971436,8,0,0,0.0,0.0
gated_alive:a_009:174715,a_009,174715,2.7565505504608154,31.77058219909668,8,0,0,0.0,0.0
gated_alive:a_009:174736,a_009,174736,26.467662811279297,-12.579724311828613,8,0,0,0.0,0.0
gated_alive:a_009:175097,a_009,175097,-21.431779861450195,-35.07503128051758,8,0,0,0.0,0.0
gated_alive:a_009:175726,a_009,175726,-1.4132254123687744,-13.827070236206055,8,0,0,0.0,0.0
gated_alive:a_009:176014,a_009,176014,-29.101436614990234,-14.30108642578125,8,0,0,0.0,0.0
gated_alive:a_009:176221,a_009,176221,-3.9218859672546387,28.467390060424805,8,0,0,0.0,0.0
gated_alive:a_009:176450,a_009,176450,8.289216041564941,-13.15333080291748,8,0,0,0.0,0.0
gated_alive:a_009:176873,a_009,176873,46.16911315917969,8.952634811401367,8,0,0,0.0,0.0
gated_alive:a_009:177029,a_009,177029,-5.21628475189209,-34.74285125732422,8,0,0,0.0,0.0
gated_alive:a_009:177464,a_009,177464,-47.27177810668945,-36.85488510131836,8,0,0,0.0,0.0
gated_alive:a_009:177610,a_009,177610,-39.48651885986328,-20.48373031616211,8,0,0,0.0,0.0
gated_alive:a_009:178160,a_009,178160,-31.333036422729492,-38.912418365478516,8,0,0,0.0,0.0
gated_alive:a_009:178316,a_009,178316,31.17401123046875,-28.593116760253906,8,0,0,0.0,0.0
gated_alive:a_009:178413,a_009,178413,12.450200080871582,3.939831018447876,8,0,0,0.0,0.0
gated_alive:a_009:178975,a_009,178975,3.641791820526123,-30.099897384643555,8,0,0,0.0,0.0
gated_alive:a_009:179099,a_009,179099,-7.875819683074951,-38.06896209716797,8,0,0,0.0,0.0
gated_alive:a_009:179443,a_009,179443,-21.743680953979492,-48.71263122558594,8,0,0,0.0,0.0
gated_alive:a_009:179981,a_009,179981,-22.266239166259766,40.16984176635742,8,0,0,0.0,0.0
gated_alive:a_009:181479,a_009,181479,25.964195251464844,16.916173934936523,8,0,0,0.0,0.0
gated_alive:a_009:181671,a_009,181671,64.72631072998047,-27.896318435668945,8,0,0,0.0,0.0
gated_alive:a_009:182103,a_009,182103,49.38517761230469,-21.166780471801758,8,0,0,0.0,0.0
gated_alive:a_009:182107,a_009,182107,-35.08800506591797,53.1836051940918,8,0,0,0.0,0.0
gated_alive:a_009:182502,a_009,182502,-11.213544845581055,38.52977752685547,8,0,0,0.0,0.0
gated_alive:a_009:184023,a_009,184023,0.06258933991193771,-29.144649505615234,8,0,0,0.0,0.0
gated_alive:a_009:184087,a_009,184087,21.722745895385742,-46.0660285949707,8,0,2,0.0,0.25
gated_alive:a_009:184134,a_009,184134,59.165191650390625,-9.597097396850586,8,0,0,0.0,0.0
gated_alive:a_009:186034,a_009,186034,16.622333526611328,-45.9886360168457,8,0,0,0.0,0.0
gated_alive:a_009:187447,a_009,187447,-24.322681427001953,-13.260902404785156,8,0,0,0.0,0.0
gated_alive:a_009:187754,a_009,187754,-25.7623348236084,-46.78904724121094,8,0,0,0.0,0.0
gated_alive:a_009:187759,a_009,187759,1.3619662523269653,-51.595401763916016,8,0,0,0.0,0.0
gated_alive:a_009:188181,a_009,188181,0.5423838496208191,-28.93311309814453,8,0,0,0.0,0.0
gated_alive:a_009:188518,a_009,188518,0.8131324052810669,37.13623809814453,8,0,0,0.0,0.0
gated_alive:a_009:188790,a_009,188790,-12.696606636047363,-37.627986907958984,8,0,0,0.0,0.0
gated_alive:a_009:190452,a_009,190452,-26.078235626220703,-9.216418266296387,8,0,0,0.0,0.0
gated_alive:a_009:190716,a_009,190716,32.54853057861328,32.03852462768555,8,0,0,0.0,0.0
gated_alive:a_009:190752,a_009,190752,-25.826705932617188,45.85420227050781,8,0,0,0.0,0.0
gated_alive:a_009:190878,a_009,190878,-6.396420955657959,-33.88455581665039,8,0,0,0.0,0.0
gated_alive:a_009:191216,a_009,191216,14.12478256225586,5.0699968338012695,8,0,0,0.0,0.0
gated_alive:a_009:191289,a_009,191289,-24.235177993774414,-9.650805473327637,8,0,0,0.0,0.0
gated_alive:a_009:192041,a_009,192041,71.52115631103516,-26.122766494750977,8,0,0,0.0,0.0
gated_alive:a_009:192948,a_009,192948,-4.254753589630127,-34.77157211303711,8,0,0,0.0,0.0
gated_alive:a_009:193341,a_009,193341,65.6728286743164,-30.320362091064453,8,0,0,0.0,0.0
gated_alive:a_009:193346,a_009,193346,70.73106384277344,-26.947267532348633,8,0,0,0.0,0.0
gated_alive:a_009:194107,a_009,194107,-8.619593620300293,-36.37629318237305,8,0,0,0.0,0.0
gated_alive:a_009:194190,a_009,194190,14.536425590515137,30.541980743408203,8,0,0,0.0,0.0
gated_alive:a_009:194697,a_009,194697,-15.158777236938477,-24.190855026245117,8,0,0,0.0,0.0
gated_alive:a_009:194983,a_009,194983,67.08939361572266,-29.315820693969727,8,0,0,0.0,0.0
gated_alive:a_009:195066,a_009,195066,22.918630599975586,-11.227293968200684,8,0,0,0.0,0.0
gated_alive:a_009:196433,a_009,196433,-3.2216858863830566,-47.25640106201172,8,0,0,0.0,0.0
gated_alive:a_009:196888,a_009,196888,-3.5978803634643555,-45.07451248168945,8,0,0,0.0,0.0
gated_alive:a_009:197141,a_009,197141,37.19837188720703,18.01788330078125,8,0,0,0.0,0.0
gated_alive:a_009:197243,a_009,197243,42.700233459472656,-26.8309383392334,8,0,0,0.0,0.0
gated_alive:a_009:197385,a_009,197385,66.39232635498047,-23.039487838745117,8,0,0,0.0,0.0
gated_alive:a_009:197406,a_009,197406,-7.194384574890137,19.476032257080078,8,0,0,0.0,0.0
gated_alive:a_009:198109,a_009,198109,-15.0679349899292,-29.117237091064453,8,0,0,0.0,0.0
gated_alive:a_009:198707,a_009,198707,42.743804931640625,24.206941604614258,8,2,2,0.25,0.25
gated_alive:a_009:199080,a_009,199080,39.69391632080078,-15.545175552368164,8,0,0,0.0,0.0
gated_alive:a_009:199469,a_009,199469,-23.41226577758789,39.74919128417969,8,0,0,0.0,0.0
gated_alive:a_009:199584,a_009,199584,-23.56812858581543,-47.558433532714844,8,0,0,0.0,0.0
gated_alive:a_009:199878,a_009,199878,22.348413467407227,-38.77896499633789,8,0,0,0.0,0.0
gated_alive:a_009:200659,a_009,200659,-31.60858726501465,-50.23173141479492,8,0,0,0.0,0.0
gated_alive:a_009:200843,a_009,200843,65.22996520996094,-24.361801147460938,8,0,0,0.0,0.0
gated_alive:a_009:200906,a_009,200906,-29.300203323364258,-13.609700202941895,8,0,0,0.0,0.0
gated_alive:a_009:201199,a_009,201199,16.34735870361328,-22.916706085205078,8,0,0,0.0,0.0
gated_alive:a_009:201244,a_009,201244,-37.56406021118164,-40.284141540527344,8,0,0,0.0,0.0
gated_alive:a_009:201302,a_009,201302,-30.006362915039062,-20.591829299926758,8,0,0,0.0,0.0
gated_alive:a_009:201456,a_009,201456,-47.919525146484375,46.2926139831543,8,0,0,0.0,0.0
gated_alive:a_009:201488,a_009,201488,67.998779296875,-30.505111694335938,8,0,0,0.0,0.0
gated_alive:a_009:201765,a_009,201765,-20.726163864135742,-46.43436813354492,8,0,0,0.0,0.0
gated_alive:a_009:201785,a_009,201785,15.821625709533691,-38.24671936035156,8,0,0,0.0,0.0
gated_alive:a_009:201903,a_009,201903,-23.5770263671875,-50.044498443603516,8,0,0,0.0,0.0
gated_alive:a_009:204160,a_009,204160,1.435762643814087,-31.567241668701172,8,0,0,0.0,0.0
gated_alive:a_009:204210,a_009,204210,-41.058048248291016,-36.66356658935547,8,0,0,0.0,0.0
gated_alive:a_009:204212,a_009,204212,-26.600826263427734,-50.17565155029297,8,0,0,0.0,0.0
gated_alive:a_009:204756,a_009,204756,64.34722137451172,-24.093595504760742,8,0,0,0.0,0.0
gated_alive:a_009:204808,a_009,204808,48.6070671081543,-27.507247924804688,8,0,0,0.0,0.0
gated_alive:a_009:205622,a_009,205622,-3.299503803253174,19.84697723388672,8,0,0,0.0,0.0
gated_alive:a_009:205832,a_009,205832,66.31009674072266,-22.99600601196289,8,0,0,0.0,0.0
gated_alive:a_009:206268,a_009,206268,13.877360343933105,-10.395059585571289,8,0,0,0.0,0.0
gated_alive:a_009:207519,a_009,207519,69.39454650878906,-28.924711227416992,8,0,0,0.0,0.0
gated_alive:a_009:207854,a_009,207854,-23.01499366760254,-14.949675559997559,8,0,0,0.0,0.0
gated_alive:a_009:208374,a_009,208374,5.819568157196045,-41.64348220825195,8,0,0,0.0,0.0
gated_alive:a_009:208769,a_009,208769,7.63942289352417,38.9876708984375,8,0,0,0.0,0.0
gated_alive:a_009:208848,a_009,208848,-24.136751174926758,-17.677417755126953,8,0,0,0.0,0.0
gated_alive:a_009:209181,a_009,209181,14.89482307434082,-2.038179874420166,8,0,0,0.0,0.0
gated_alive:a_009:209725,a_009,209725,25.74994659423828,-40.520267486572266,8,0,0,0.0,0.0
gated_alive:a_009:210317,a_009,210317,27.309146881103516,-20.020231246948242,8,0,0,0.0,0.0
gated_alive:a_009:212220,a_009,212220,9.052001953125,59.00712966918945,8,0,0,0.0,0.0
gated_alive:a_009:212671,a_009,212671,41.050724029541016,-16.056961059570312,8,0,0,0.0,0.0
gated_alive:a_009:212908,a_009,212908,-11.076409339904785,-27.7164306640625,8,0,0,0.0,0.0
gated_alive:a_009:213084,a_009,213084,66.7068862915039,-22.913789749145508,8,0,0,0.0,0.0
gated_alive:a_009:213963,a_009,213963,-31.223989486694336,-28.40743064880371,8,0,0,0.0,0.0
gated_alive:a_009:214160,a_009,214160,-12.41120719909668,-3.33363676071167,8,0,0,0.0,0.0
gated_alive:a_009:214445,a_009,214445,-28.14624786376953,-18.718172073364258,8,0,0,0.0,0.0
gated_alive:a_009:215165,a_009,215165,66.42305755615234,-28.11273956298828,8,0,0,0.0,0.0
gated_alive:a_009:215210,a_009,215210,21.433147430419922,-43.31495666503906,8,0,0,0.0,0.0
gated_alive:a_009:215230,a_009,215230,-5.928153991699219,22.092815399169922,8,0,0,0.0,0.0
gated_alive:a_009:216062,a_009,216062,50.479251861572266,-26.635963439941406,8,0,0,0.0,0.0
gated_alive:a_009:216369,a_009,216369,-0.1970032900571823,-16.287826538085938,8,0,0,0.0,0.0
gated_alive:a_009:216416,a_009,216416,-29.846832275390625,55.70803451538086,8,0,0,0.0,0.0
gated_alive:a_010:436,a_010,436,-23.449094772338867,-15.737817764282227,11,0,0,0.0,0.0
gated_alive:a_010:608,a_010,608,1.4227218627929688,-34.56804275512695,11,0,0,0.0,0.0
gated_alive:a_010:991,a_010,991,-2.2955286502838135,41.68990707397461,11,0,0,0.0,0.0
gated_alive:a_010:1552,a_010,1552,-33.400203704833984,-27.825946807861328,11,0,0,0.0,0.0
gated_alive:a_010:1574,a_010,1574,-54.568115234375,33.079105377197266,11,0,0,0.0,0.0
gated_alive:a_010:1582,a_010,1582,-32.34095764160156,-33.746978759765625,11,0,0,0.0,0.0
gated_alive:a_010:1637,a_010,1637,-21.92919921875,23.26272201538086,11,0,0,0.0,0.0
gated_alive:a_010:1835,a_010,1835,3.6989293098449707,46.83112335205078,11,0,0,0.0,0.0
gated_alive:a_010:1866,a_010,1866,16.477474212646484,55.32451248168945,11,0,0,0.0,0.0
gated_alive:a_010:1987,a_010,1987,-20.687700271606445,-53.954647064208984,11,0,0,0.0,0.0
gated_alive:a_010:2106,a_010,2106,59.59943771362305,30.898656845092773,11,0,0,0.0,0.0
gated_alive:a_010:2126,a_010,2126,-27.44690704345703,-32.899574279785156,11,0,0,0.0,0.0
gated_alive:a_010:2418,a_010,2418,-51.15782165527344,32.517372131347656,11,0,0,0.0,0.0
gated_alive:a_010:2857,a_010,2857,-20.787965774536133,-25.342073440551758,11,0,0,0.0,0.0
gated_alive:a_010:2894,a_010,2894,27.347505569458008,-1.148274302482605,11,0,0,0.0,0.0
gated_alive:a_010:3124,a_010,3124,24.461835861206055,-35.83015441894531,11,0,0,0.0,0.0
gated_alive:a_010:3205,a_010,3205,-49.86738204956055,4.298765659332275,11,0,0,0.0,0.0
gated_alive:a_010:3464,a_010,3464,13.143380165100098,16.892131805419922,11,0,0,0.0,0.0
gated_alive:a_010:3857,a_010,3857,-51.44601821899414,37.81634521484375,11,0,0,0.0,0.0
gated_alive:a_010:4473,a_010,4473,-43.31105041503906,43.82181930541992,11,0,0,0.0,0.0
gated_alive:a_010:4867,a_010,4867,-44.94575500488281,-18.147546768188477,11,0,0,0.0,0.0
gated_alive:a_010:5874,a_010,5874,25.2950496673584,-21.34141731262207,11,0,0,0.0,0.0
gated_alive:a_010:6078,a_010,6078,6.373443126678467,-33.701316833496094,11,0,0,0.0,0.0
gated_alive:a_010:6341,a_010,6341,-36.433860778808594,32.44842529296875,11,0,0,0.0,0.0
gated_alive:a_010:6421,a_010,6421,46.2504997253418,-28.06002426147461,11,0,0,0.0,0.0
gated_alive:a_010:6499,a_010,6499,15.802578926086426,32.25532913208008,11,0,0,0.0,0.0
gated_alive:a_010:6889,a_010,6889,-44.51131057739258,34.638526916503906,11,0,0,0.0,0.0
gated_alive:a_010:7218,a_010,7218,-7.473604202270508,-42.45189666748047,11,0,0,0.0,0.0
gated_alive:a_010:7223,a_010,7223,-46.864078521728516,37.38822555541992,11,0,0,0.0,0.0
gated_alive:a_010:7350,a_010,7350,-23.486976623535156,51.63948440551758,11,0,0,0.0,0.0
gated_alive:a_010:7440,a_010,7440,54.36414337158203,29.264272689819336,11,0,0,0.0,0.0
gated_alive:a_010:7464,a_010,7464,-49.25730895996094,32.45176315307617,11,0,0,0.0,0.0
gated_alive:a_010:7476,a_010,7476,-33.93362808227539,-15.497025489807129,11,0,0,0.0,0.0
gated_alive:a_010:7692,a_010,7692,1.208249568939209,25.477033615112305,11,0,0,0.0,0.0
gated_alive:a_010:7741,a_010,7741,14.28990650177002,3.229088068008423,11,0,0,0.0,0.0
gated_alive:a_010:7915,a_010,7915,54.55924606323242,-6.925689697265625,11,0,0,0.0,0.0
gated_alive:a_010:8034,a_010,8034,-30.799869537353516,-28.02271270751953,11,0,0,0.0,0.0
gated_alive:a_010:8496,a_010,8496,-0.5004981756210327,-55.51911163330078,11,0,0,0.0,0.0
gated_alive:a_010:8498,a_010,8498,56.70459747314453,-6.711446285247803,11,0,0,0.0,0.0
gated_alive:a_010:9337,a_010,9337,-34.186065673828125,-30.951231002807617,11,0,0,0.0,0.0
gated_alive:a_010:9389,a_010,9389,48.598026275634766,21.284942626953125,11,0,0,0.0,0.0
gated_alive:a_010:9513,a_010,9513,24.435335159301758,-36.31733322143555,11,1,0,0.09090909090909091,0.0
gated_alive:a_010:9518,a_010,9518,-52.46720886230469,34.31645584106445,11,0,0,0.0,0.0
gated_alive:a_010:9670,a_010,9670,-35.29294967651367,19.136934280395508,11,0,0,0.0,0.0
gated_alive:a_010:9894,a_010,9894,-8.918639183044434,-0.07838153839111328,11,0,0,0.0,0.0
gated_alive:a_010:10186,a_010,10186,15.740596771240234,47.30549621582031,11,0,0,0.0,0.0
gated_alive:a_010:10208,a_010,10208,29.315271377563477,51.436920166015625,11,0,0,0.0,0.0
gated_alive:a_010:10222,a_010,10222,56.29604721069336,-6.309640884399414,11,0,0,0.0,0.0
gated_alive:a_010:10488,a_010,10488,-16.461336135864258,-21.74226951599121,11,0,0,0.0,0.0
gated_alive:a_010:10554,a_010,10554,11.965258598327637,-30.67063331604004,11,0,0,0.0,0.0
gated_alive:a_010:10899,a_010,10899,13.571050643920898,-33.980560302734375,11,0,0,0.0,0.0
gated_alive:a_010:11306,a_010,11306,-21.94321632385254,21.480791091918945,11,0,0,0.0,0.0
gated_alive:a_010:11581,a_010,11581,26.717374801635742,-19.792409896850586,11,0,0,0.0,0.0
gated_alive:a_010:11653,a_010,11653,-35.462833404541016,15.529516220092773,11,1,0,0.09090909090909091,0.0
gated_alive:a_010:11901,a_010,11901,-18.171422958374023,24.599985122680664,11,0,0,0.0,0.0
gated_alive:a_010:12027,a_010,12027,0.053589433431625366,-49.662296295166016,11,0,0,0.0,0.0
gated_alive:a_010:12079,a_010,12079,12.029876708984375,34.55106735229492,11,0,0,0.0,0.0
gated_alive:a_010:12664,a_010,12664,-29.361669540405273,14.687131881713867,11,0,0,0.0,0.0
gated_alive:a_010:13031,a_010,13031,-28.660154342651367,13.704327583312988,11,0,0,0.0,0.0
gated_alive:a_010:13201,a_010,13201,42.21839904785156,-20.234132766723633,11,0,0,0.0,0.0
gated_alive:a_010:13509,a_010,13509,65.71916198730469,-22.744403839111328,11,0,0,0.0,0.0
gated_alive:a_010:13568,a_010,13568,2.217446804046631,37.10441589355469,11,0,0,0.0,0.0
gated_alive:a_010:13684,a_010,13684,48.38003158569336,-0.7736952900886536,11,0,0,0.0,0.0
gated_alive:a_010:14515,a_010,14515,-47.75395965576172,-42.451908111572266,11,0,0,0.0,0.0
gated_alive:a_010:14707,a_010,14707,-9.745199203491211,22.242382049560547,11,0,0,0.0,0.0
gated_alive:a_010:14937,a_010,14937,2.9863083362579346,59.44346618652344,11,0,0,0.0,0.0
gated_alive:a_010:15096,a_010,15096,46.480594635009766,36.53903579711914,11,0,0,0.0,0.0
gated_alive:a_010:15204,a_010,15204,52.56021499633789,-17.345565795898438,11,0,0,0.0,0.0
gated_alive:a_010:15236,a_010,15236,14.64205551147461,24.421863555908203,11,0,0,0.0,0.0
gated_alive:a_010:16419,a_010,16419,3.461106777191162,31.651002883911133,11,0,0,0.0,0.0
gated_alive:a_010:16648,a_010,16648,-3.5877320766448975,30.760765075683594,11,0,0,0.0,0.0
gated_alive:a_010:16777,a_010,16777,9.501956939697266,43.160640716552734,11,0,0,0.0,0.0
gated_alive:a_010:17867,a_010,17867,-18.605527877807617,-63.63002395629883,11,0,0,0.0,0.0
gated_alive:a_010:18158,a_010,18158,-54.32274627685547,28.656517028808594,11,0,0,0.0,0.0
gated_alive:a_010:18358,a_010,18358,0.7322549819946289,42.5317497253418,11,0,0,0.0,0.0
gated_alive:a_010:18994,a_010,18994,30.47956657409668,-7.042864799499512,11,0,0,0.0,0.0
gated_alive:a_010:19205,a_010,19205,-41.29301834106445,-29.646106719970703,11,0,0,0.0,0.0
gated_alive:a_010:19265,a_010,19265,-59.011558532714844,-5.496304988861084,11,0,0,0.0,0.0
gated_alive:a_010:19310,a_010,19310,7.993626117706299,-49.06831741333008,11,0,0,0.0,0.0
gated_alive:a_010:19373,a_010,19373,0.20649704337120056,45.8867301940918,11,0,0,0.0,0.0
gated_alive:a_010:19588,a_010,19588,22.579917907714844,60.21584701538086,11,0,0,0.0,0.0
gated_alive:a_010:20298,a_010,20298,-15.083879470825195,33.83432388305664,11,0,0,0.0,0.0
gated_alive:a_010:20364,a_010,20364,19.13606834411621,-50.7155647277832,11,0,0,0.0,0.0
gated_alive:a_010:20545,a_010,20545,31.740795135498047,34.76644515991211,11,0,0,0.0,0.0
gated_alive:a_010:20676,a_010,20676,10.613868713378906,36.729854583740234,11,0,0,0.0,0.0
gated_alive:a_010:20855,a_010,20855,-19.08595085144043,-49.89036178588867,11,0,0,0.0,0.0
gated_alive:a_010:21208,a_010,21208,-41.351253509521484,-33.036293029785156,11,0,0,0.0,0.0
gated_alive:a_010:21411,a_010,21411,-53.377891540527344,18.1754207611084,11,0,0,0.0,0.0
gated_alive:a_010:21541,a_010,21541,-12.038196563720703,4.685177326202393,11,0,0,0.0,0.0
gated_alive:a_010:22023,a_010,22023,-20.208341598510742,22.832727432250977,11,0,0,0.0,0.0
gated_alive:a_010:22106,a_010,22106,-1.6005405187606812,42.204830169677734,11,0,0,0.0,0.0
gated_alive:a_010:22313,a_010,22313,9.518884658813477,-12.140104293823242,11,0,0,0.0,0.0
gated_alive:a_010:22331,a_010,22331,-38.456485748291016,-34.1002082824707,11,0,0,0.0,0.0
gated_alive:a_010:22739,a_010,22739,-22.52475929260254,22.153316497802734,11,0,0,0.0,0.0
gated_alive:a_010:23041,a_010,23041,-37.39152908325195,-26.13953971862793,11,0,0,0.0,0.0
gated_alive:a_010:23097,a_010,23097,-1.9168490171432495,44.072540283203125,11,0,0,0.0,0.0
gated_alive:a_010:23226,a_010,23226,-6.609335422515869,-32.09707260131836,11,0,0,0.0,0.0
gated_alive:a_010:23230,a_010,23230,-22.596450805664062,-15.9777250289917,11,0,0,0.0,0.0
gated_alive:a_010:23262,a_010,23262,35.465614318847656,17.816247940063477,11,0,0,0.0,0.0
gated_alive:a_010:23539,a_010,23539,33.37232971191406,-28.89568519592285,11,0,0,0.0,0.0
gated_alive:a_010:24277,a_010,24277,13.18423843383789,-44.06684875488281,11,0,0,0.0,0.0
gated_alive:a_010:24700,a_010,24700,65.48970794677734,-10.090659141540527,11,0,0,0.0,0.0
gated_alive:a_010:24963,a_010,24963,55.50241470336914,-6.98099422454834,11,0,0,0.0,0.0
gated_alive:a_010:25478,a_010,25478,-6.730091571807861,37.64714431762695,11,0,0,0.0,0.0
gated_alive:a_010:25664,a_010,25664,14.40592098236084,34.30916976928711,11,0,0,0.0,0.0
gated_alive:a_010:25771,a_010,25771,2.0963406562805176,-48.027198791503906,11,0,0,0.0,0.0
gated_alive:a_010:26004,a_010,26004,-43.554141998291016,0.003423942718654871,11,0,0,0.0,0.0
gated_alive:a_010:26025,a_010,26025,-27.33076286315918,-33.2223014831543,11,0,0,0.0,0.0
gated_alive:a_010:26693,a_010,26693,2.2186849117279053,57.434906005859375,11,0,0,0.0,0.0
gated_alive:a_010:26986,a_010,26986,-56.52743148803711,-4.8246965408325195,11,0,0,0.0,0.0
gated_alive:a_010:27167,a_010,27167,1.6541569232940674,55.700050354003906,11,0,0,0.0,0.0
gated_alive:a_010:27380,a_010,27380,-16.46937370300293,17.285184860229492,11,0,0,0.0,0.0
gated_alive:a_010:27585,a_010,27585,-41.11252212524414,30.229887008666992,11,0,0,0.0,0.0
gated_alive:a_010:27612,a_010,27612,31.046384811401367,-39.20221710205078,11,0,0,0.0,0.0
gated_alive:a_010:27738,a_010,27738,32.711395263671875,34.29018783569336,11,0,0,0.0,0.0
gated_alive:a_010:27845,a_010,27845,3.5023365020751953,32.84340286254883,11,0,0,0.0,0.0
gated_alive:a_010:28160,a_010,28160,6.389495372772217,43.93457794189453,11,0,0,0.0,0.0
gated_alive:a_010:28711,a_010,28711,-51.053924560546875,17.61815643310547,11,0,0,0.0,0.0
gated_alive:a_010:28827,a_010,28827,-26.514177322387695,-35.184024810791016,11,0,0,0.0,0.0
gated_alive:a_010:29490,a_010,29490,14.684288024902344,33.926639556884766,11,0,0,0.0,0.0
gated_alive:a_010:29521,a_010,29521,-16.846302032470703,44.455657958984375,11,0,0,0.0,0.0
gated_alive:a_010:29536,a_010,29536,53.31820297241211,34.67424392700195,11,0,1,0.0,0.09090909090909091
gated_alive:a_010:29662,a_010,29662,-28.363231658935547,-6.204401016235352,11,0,0,0.0,0.0
gated_alive:a_010:29924,a_010,29924,25.76801109313965,-7.0523858070373535,11,0,0,0.0,0.0
gated_alive:a_010:30039,a_010,30039,46.978271484375,36.02151107788086,11,0,0,0.0,0.0
gated_alive:a_010:30325,a_010,30325,10.662400245666504,36.27931213378906,11,0,0,0.0,0.0
gated_alive:a_010:30633,a_010,30633,-25.37173843383789,49.798091888427734,11,0,0,0.0,0.0
gated_alive:a_010:30642,a_010,30642,-49.48955154418945,30.615018844604492,11,0,0,0.0,0.0
gated_alive:a_010:30952,a_010,30952,-36.94758224487305,-28.95793342590332,11,0,0,0.0,0.0
gated_alive:a_010:31026,a_010,31026,-42.88742446899414,36.25641632080078,11,0,0,0.0,0.0
gated_alive:a_010:31462,a_010,31462,4.8333611488342285,-34.80772399902344,11,0,0,0.0,0.0
gated_alive:a_010:31783,a_010,31783,14.228853225708008,-35.877410888671875,11,0,3,0.0,0.2727272727272727
gated_alive:a_010:32074,a_010,32074,-9.455317497253418,-27.21645736694336,11,0,0,0.0,0.0
gated_alive:a_010:32218,a_010,32218,-31.744192123413086,-30.687463760375977,11,0,0,0.0,0.0
gated_alive:a_010:32300,a_010,32300,-39.45254898071289,34.45527648925781,11,0,0,0.0,0.0
gated_alive:a_010:32375,a_010,32375,-41.829734802246094,13.465694427490234,11,0,0,0.0,0.0
gated_alive:a_010:32713,a_010,32713,44.11857986450195,-17.402265548706055,11,0,0,0.0,0.0
gated_alive:a_010:32744,a_010,32744,-17.224300384521484,-15.629927635192871,11,0,0,0.0,0.0
gated_alive:a_010:32784,a_010,32784,-54.47447967529297,1.705316185951233,11,0,0,0.0,0.0
gated_alive:a_010:32792,a_010,32792,-24.363725662231445,-18.13615608215332,11,0,0,0.0,0.0
gated_alive:a_010:32908,a_010,32908,49.15883255004883,1.8069745302200317,11,0,1,0.0,0.09090909090909091
gated_alive:a_010:33225,a_010,33225,56.54218673706055,34.89512634277344,11,0,0,0.0,0.0
gated_alive:a_010:33919,a_010,33919,11.850665092468262,-10.5344820022583,11,0,0,0.0,0.0
gated_alive:a_010:34149,a_010,34149,-11.487259864807129,19.10531997680664,11,0,0,0.0,0.0
gated_alive:a_010:34792,a_010,34792,10.052582740783691,-38.843299865722656,11,0,0,0.0,0.0
gated_alive:a_010:34850,a_010,34850,50.72709655761719,-25.87099838256836,11,0,0,0.0,0.0
gated_alive:a_010:35303,a_010,35303,-46.812557220458984,34.63105010986328,11,0,0,0.0,0.0
gated_alive:a_010:35463,a_010,35463,7.932651996612549,-44.78245544433594,11,0,0,0.0,0.0
gated_alive:a_010:36261,a_010,36261,8.291644096374512,58.477054595947266,11,0,0,0.0,0.0
gated_alive:a_010:36374,a_010,36374,24.862966537475586,3.141464948654175,11,0,0,0.0,0.0
gated_alive:a_010:36987,a_010,36987,-36.90908432006836,57.373046875,11,0,0,0.0,0.0
gated_alive:a_010:37194,a_010,37194,-7.013525485992432,-29.044418334960938,11,0,0,0.0,0.0
gated_alive:a_010:37200,a_010,37200,-12.895026206970215,-16.829708099365234,11,0,0,0.0,0.0
gated_alive:a_010:37226,a_010,37226,-26.968610763549805,-22.082033157348633,11,0,0,0.0,0.0
gated_alive:a_010:37241,a_010,37241,7.6463422775268555,51.157291412353516,11,0,0,0.0,0.0
gated_alive:a_010:37322,a_010,37322,-16.401386260986328,17.001203536987305,11,0,0,0.0,0.0
gated_alive:a_010:37377,a_010,37377,-36.52394485473633,32.90703582763672,11,0,0,0.0,0.0
gated_alive:a_010:38397,a_010,38397,-5.218358516693115,56.42208480834961,11,0,0,0.0,0.0
gated_alive:a_010:39195,a_010,39195,53.05636978149414,33.20071029663086,11,1,4,0.09090909090909091,0.36363636363636365
gated_alive:a_010:39352,a_010,39352,-10.808633804321289,-11.579286575317383,11,0,0,0.0,0.0
gated_alive:a_010:39447,a_010,39447,-33.95721435546875,-26.61356544494629,11,0,0,0.0,0.0
gated_alive:a_010:39470,a_010,39470,13.827327728271484,-35.89301681518555,11,0,0,0.0,0.0
gated_alive:a_010:39984,a_010,39984,-43.86036682128906,16.403057098388672,11,0,0,0.0,0.0
gated_alive:a_010:40284,a_010,40284,50.61722183227539,-9.124018669128418,11,0,0,0.0,0.0
gated_alive:a_010:40374,a_010,40374,-50.54206466674805,31.638492584228516,11,0,0,0.0,0.0
gated_alive:a_010:40386,a_010,40386,9.795149803161621,-13.301058769226074,11,0,0,0.0,0.0
gated_alive:a_010:40469,a_010,40469,21.611080169677734,-0.40509137511253357,11,0,0,0.0,0.0
gated_alive:a_010:40766,a_010,40766,-36.60895919799805,56.053260803222656,11,0,0,0.0,0.0
gated_alive:a_010:41401,a_010,41401,-21.282384872436523,-16.401201248168945,11,0,0,0.0,0.0
gated_alive:a_010:41540,a_010,41540,-12.641242980957031,58.15496063232422,11,0,0,0.0,0.0
gated_alive:a_010:41597,a_010,41597,-36.506595611572266,35.125762939453125,11,0,0,0.0,0.0
gated_alive:a_010:41914,a_010,41914,2.370042562484741,21.44408416748047,11,0,0,0.0,0.0
gated_alive:a_010:42064,a_010,42064,-2.684047222137451,41.9886589050293,11,0,0,0.0,0.0
gated_alive:a_010:42205,a_010,42205,39.60673522949219,-28.29896354675293,11,0,0,0.0,0.0
gated_alive:a_010:42586,a_010,42586,-52.795127868652344,31.565576553344727,11,0,0,0.0,0.0
gated_alive:a_010:42720,a_010,42720,-15.450265884399414,33.567989349365234,11,0,0,0.0,0.0
gated_alive:a_010:43228,a_010,43228,-27.94749641418457,-31.862411499023438,11,0,0,0.0,0.0
gated_alive:a_010:44086,a_010,44086,57.89339828491211,26.63838005065918,11,0,0,0.0,0.0
gated_alive:a_010:44350,a_010,44350,-18.09042739868164,22.269489288330078,11,0,0,0.0,0.0
gated_alive:a_010:44565,a_010,44565,-30.583829879760742,19.696170806884766,11,0,0,0.0,0.0
gated_alive:a_010:44591,a_010,44591,-12.211926460266113,27.978347778320312,11,0,0,0.0,0.0
gated_alive:a_010:44798,a_010,44798,38.79276657104492,-16.951072692871094,11,0,0,0.0,0.0
gated_alive:a_010:45085,a_010,45085,-30.237985610961914,-33.4129524230957,11,0,0,0.0,0.0
gated_alive:a_010:45502,a_010,45502,-52.5290412902832,34.62044143676758,11,0,0,0.0,0.0
gated_alive:a_010:45704,a_010,45704,-36.54912567138672,36.437557220458984,11,0,0,0.0,0.0
gated_alive:a_010:45734,a_010,45734,55.62604522705078,24.850568771362305,11,1,3,0.09090909090909091,0.2727272727272727
gated_alive:a_010:45767,a_010,45767,35.94605255126953,20.391298294067383,11,0,0,0.0,0.0
gated_alive:a_010:46072,a_010,46072,-2.2758193016052246,30.402462005615234,11,0,0,0.0,0.0
gated_alive:a_010:46128,a_010,46128,-21.63539695739746,-4.877918720245361,11,0,0,0.0,0.0
gated_alive:a_010:46512,a_010,46512,-24.36623764038086,-17.770282745361328,11,0,0,0.0,0.0
gated_alive:a_010:47082,a_010,47082,-34.50556945800781,26.987693786621094,11,0,0,0.0,0.0
gated_alive:a_010:47351,a_010,47351,-44.38538360595703,39.97249984741211,11,0,0,0.0,0.0
gated_alive:a_010:48006,a_010,48006,13.276793479919434,46.8084716796875,11,0,0,0.0,0.0
gated_alive:a_010:48199,a_010,48199,-20.990646362304688,-15.198826789855957,11,0,0,0.0,0.0
gated_alive:a_010:48366,a_010,48366,9.425275802612305,-12.908926010131836,11,0,0,0.0,0.0
gated_alive:a_010:48422,a_010,48422,6.210429668426514,36.33869171142578,11,0,0,0.0,0.0
gated_alive:a_010:48640,a_010,48640,-52.954833984375,30.219772338867188,11,0,0,0.0,0.0
gated_alive:a_010:48688,a_010,48688,-38.39398193359375,38.67268371582031,11,0,0,0.0,0.0
gated_alive:a_010:48893,a_010,48893,4.085995674133301,-48.74005126953125,11,0,0,0.0,0.0
gated_alive:a_010:48977,a_010,48977,-51.3426399230957,13.352091789245605,11,0,0,0.0,0.0
gated_alive:a_010:49730,a_010,49730,13.640507698059082,47.39352798461914,11,0,0,0.0,0.0
gated_alive:a_010:49741,a_010,49741,-16.730607986450195,55.308753967285156,11,0,0,0.0,0.0
gated_alive:a_010:50219,a_010,50219,-41.317264556884766,-35.24348068237305,11,0,0,0.0,0.0
gated_alive:a_010:50315,a_010,50315,9.627323150634766,-44.459354400634766,11,0,0,0.0,0.0
gated_alive:a_010:50469,a_010,50469,-32.311580657958984,35.97355651855469,11,0,0,0.0,0.0
gated_alive:a_010:50483,a_010,50483,-16.58103370666504,55.73074722290039,11,0,0,0.0,0.0
gated_alive:a_010:51034,a_010,51034,-30.547332763671875,-20.38434600830078,11,0,0,0.0,0.0
gated_alive:a_010:51162,a_010,51162,-51.788814544677734,36.5297966003418,11,0,0,0.0,0.0
gated_alive:a_010:51435,a_010,51435,-32.81586456298828,-31.94599723815918,11,0,0,0.0,0.0
gated_alive:a_010:51703,a_010,51703,-50.93820571899414,31.528209686279297,11,0,0,0.0,0.0
gated_alive:a_010:51943,a_010,51943,9.045574188232422,37.579185485839844,11,0,0,0.0,0.0
gated_alive:a_010:52096,a_010,52096,13.983043670654297,3.3529422283172607,11,0,0,0.0,0.0
gated_alive:a_010:52382,a_010,52382,-15.078194618225098,14.190726280212402,11,0,0,0.0,0.0
gated_alive:a_010:53058,a_010,53058,-6.024175643920898,-38.93098831176758,11,0,0,0.0,0.0
gated_alive:a_010:53349,a_010,53349,58.04472732543945,34.40312194824219,11,0,0,0.0,0.0
gated_alive:a_010:53546,a_010,53546,11.26998519897461,30.245908737182617,11,0,0,0.0,0.0
gated_alive:a_010:54405,a_010,54405,4.125921249389648,34.385066986083984,11,0,0,0.0,0.0
gated_alive:a_010:54547,a_010,54547,26.61610984802246,-14.80351734161377,11,0,0,0.0,0.0
gated_alive:a_010:54624,a_010,54624,-52.244850158691406,32.674381256103516,11,0,0,0.0,0.0
gated_alive:a_010:54720,a_010,54720,8.081652641296387,-13.320903778076172,11,0,0,0.0,0.0
gated_alive:a_010:54953,a_010,54953,9.71816349029541,-13.84317684173584,11,0,0,0.0,0.0
gated_alive:a_010:54985,a_010,54985,-13.974639892578125,-14.250852584838867,11,0,0,0.0,0.0
gated_alive:a_010:55342,a_010,55342,-8.093168258666992,33.049800872802734,11,0,0,0.0,0.0
gated_alive:a_010:55999,a_010,55999,15.754094123840332,4.195737838745117,11,0,0,0.0,0.0
gated_alive:a_010:56234,a_010,56234,10.765889167785645,36.690921783447266,11,0,0,0.0,0.0
gated_alive:a_010:56267,a_010,56267,-36.04750061035156,53.21568298339844,11,0,0,0.0,0.0
gated_alive:a_010:56299,a_010,56299,-26.167200088500977,-25.160324096679688,11,0,0,0.0,0.0
gated_alive:a_010:56464,a_010,56464,-9.150956153869629,61.83268356323242,11,0,0,0.0,0.0
gated_alive:a_010:56639,a_010,56639,-26.108530044555664,27.777057647705078,11,0,0,0.0,0.0
gated_alive:a_010:57520,a_010,57520,-31.86109733581543,-32.775291442871094,11,0,0,0.0,0.0
gated_alive:a_010:57608,a_010,57608,8.662038803100586,-13.272247314453125,11,0,0,0.0,0.0
gated_alive:a_010:58390,a_010,58390,14.351449012756348,3.2407946586608887,11,0,0,0.0,0.0
gated_alive:a_010:58440,a_010,58440,-47.34270095825195,34.127899169921875,11,0,0,0.0,0.0
gated_alive:a_010:58752,a_010,58752,11.818272590637207,-38.48893356323242,11,0,0,0.0,0.0
gated_alive:a_010:58884,a_010,58884,46.97469711303711,-27.651386260986328,11,0,0,0.0,0.0
gated_alive:a_010:59020,a_010,59020,-51.306556701660156,33.79482650756836,11,0,0,0.0,0.0
gated_alive:a_010:59362,a_010,59362,-58.9876594543457,-5.731717586517334,11,0,0,0.0,0.0
gated_alive:a_010:60462,a_010,60462,7.539434432983398,-12.541022300720215,11,0,0,0.0,0.0
gated_alive:a_010:60827,a_010,60827,8.33239459991455,-50.243778228759766,11,0,0,0.0,0.0
gated_alive:a_010:60876,a_010,60876,-17.701330184936523,25.084178924560547,11,0,0,0.0,0.0
gated_alive:a_010:61259,a_010,61259,-23.44040870666504,-16.25350570678711,11,0,0,0.0,0.0
gated_alive:a_010:61433,a_010,61433,-36.902767181396484,56.66365051269531,11,0,0,0.0,0.0
gated_alive:a_010:61470,a_010,61470,6.230134010314941,-49.11969757080078,11,0,0,0.0,0.0
gated_alive:a_010:61725,a_010,61725,9.149788856506348,39.355323791503906,11,0,0,0.0,0.0
gated_alive:a_010:61839,a_010,61839,-35.751094818115234,-24.951744079589844,11,0,0,0.0,0.0
gated_alive:a_010:62370,a_010,62370,-42.9771842956543,40.001869201660156,11,0,0,0.0,0.0
gated_alive:a_010:62609,a_010,62609,-36.18916702270508,-23.51033592224121,11,0,0,0.0,0.0
gated_alive:a_010:62814,a_010,62814,-46.26580810546875,33.26539611816406,11,0,0,0.0,0.0
gated_alive:a_010:62965,a_010,62965,53.627044677734375,33.05170822143555,11,0,0,0.0,0.0
gated_alive:a_010:62996,a_010,62996,-5.629265785217285,-29.918031692504883,11,0,0,0.0,0.0
gated_alive:a_010:63093,a_010,63093,-2.303696870803833,41.66627502441406,11,0,0,0.0,0.0
gated_alive:a_010:63351,a_010,63351,-52.680416107177734,38.89493942260742,11,0,0,0.0,0.0
gated_alive:a_010:63716,a_010,63716,59.283607482910156,-8.242881774902344,11,0,0,0.0,0.0
gated_alive:a_010:63910,a_010,63910,-17.281421661376953,-16.041933059692383,11,0,0,0.0,0.0
gated_alive:a_010:64004,a_010,64004,47.56761169433594,-15.770161628723145,11,0,0,0.0,0.0
gated_alive:a_010:64206,a_010,64206,-29.09693145751953,36.53260803222656,11,0,0,0.0,0.0
gated_alive:a_010:64351,a_010,64351,-27.21050453186035,-31.357194900512695,11,0,0,0.0,0.0
gated_alive:a_010:64454,a_010,64454,-48.860660552978516,46.20574188232422,11,0,0,0.0,0.0
gated_alive:a_010:65177,a_010,65177,44.29890060424805,-16.860393524169922,11,0,0,0.0,0.0
gated_alive:a_010:65361,a_010,65361,17.0473575592041,-44.459449768066406,11,0,0,0.0,0.0
gated_alive:a_010:65585,a_010,65585,59.97674560546875,-13.401545524597168,11,0,0,0.0,0.0
gated_alive:a_010:65882,a_010,65882,-37.5517692565918,-2.8602840900421143,11,0,0,0.0,0.0
gated_alive:a_010:65932,a_010,65932,-28.610340118408203,-29.115808486938477,11,0,0,0.0,0.0
gated_alive:a_010:66042,a_010,66042,-3.565211057662964,52.82940673828125,11,0,0,0.0,0.0
gated_alive:a_010:66086,a_010,66086,1.209014654159546,36.06026840209961,11,0,0,0.0,0.0
gated_alive:a_010:66520,a_010,66520,-49.95310592651367,35.964088439941406,11,0,0,0.0,0.0
gated_alive:a_010:66688,a_010,66688,-48.44627380371094,34.943382263183594,11,0,0,0.0,0.0
gated_alive:a_010:66740,a_010,66740,-47.732032775878906,46.26697540283203,11,0,0,0.0,0.0
gated_alive:a_010:66778,a_010,66778,-3.9993488788604736,21.891876220703125,11,0,0,0.0,0.0
gated_alive:a_010:66785,a_010,66785,-9.165395736694336,61.130374908447266,11,0,0,0.0,0.0
gated_alive:a_010:67245,a_010,67245,-42.58049011230469,33.93661880493164,11,0,0,0.0,0.0
gated_alive:a_010:67300,a_010,67300,-52.33415985107422,31.9080753326416,11,0,0,0.0,0.0
gated_alive:a_010:67465,a_010,67465,0.7530788779258728,31.253398895263672,11,0,0,0.0,0.0
gated_alive:a_010:67627,a_010,67627,-11.054047584533691,-1.4001846313476562,11,0,0,0.0,0.0
gated_alive:a_010:67684,a_010,67684,8.689868927001953,52.82284927368164,11,0,0,0.0,0.0
gated_alive:a_010:67798,a_010,67798,-0.6689327955245972,-44.294776916503906,11,0,0,0.0,0.0
gated_alive:a_010:68147,a_010,68147,-52.927791595458984,39.54989242553711,11,0,0,0.0,0.0
gated_alive:a_010:69013,a_010,69013,10.328766822814941,-11.526442527770996,11,0,0,0.0,0.0
gated_alive:a_010:69387,a_010,69387,-52.240970611572266,16.82569694519043,11,0,0,0.0,0.0
gated_alive:a_010:69875,a_010,69875,-10.268317222595215,-25.917015075683594,11,0,0,0.0,0.0
gated_alive:a_010:69891,a_010,69891,-42.647647857666016,34.441307067871094,11,0,0,0.0,0.0
gated_alive:a_010:70224,a_010,70224,-23.760238647460938,12.369891166687012,11,0,0,0.0,0.0
gated_alive:a_010:70445,a_010,70445,-48.67687225341797,-36.07490539550781,11,0,0,0.0,0.0
gated_alive:a_010:70481,a_010,70481,8.056730270385742,-12.99750804901123,11,0,0,0.0,0.0
gated_alive:a_010:70486,a_010,70486,-15.224162101745605,57.317848205566406,11,0,0,0.0,0.0
gated_alive:a_010:70502,a_010,70502,-26.913352966308594,33.8128776550293,11,0,0,0.0,0.0
gated_alive:a_010:70830,a_010,70830,-55.884037017822266,34.23645782470703,11,0,0,0.0,0.0
gated_alive:a_010:70831,a_010,70831,7.005661964416504,49.128273010253906,11,0,0,0.0,0.0
gated_alive:a_010:71065,a_010,71065,-8.138278007507324,54.04457473754883,11,0,0,0.0,0.0
gated_alive:a_010:71165,a_010,71165,-29.20933723449707,-32.43854904174805,11,0,0,0.0,0.0
gated_alive:a_010:71224,a_010,71224,-49.77477264404297,33.125667572021484,11,0,0,0.0,0.0
gated_alive:a_010:71355,a_010,71355,-5.7224555015563965,-36.38594436645508,11,0,0,0.0,0.0
gated_alive:a_010:71397,a_010,71397,22.675384521484375,-33.433189392089844,11,0,0,0.0,0.0
gated_alive:a_010:71556,a_010,71556,2.5361666679382324,-40.24439239501953,11,0,0,0.0,0.0
gated_alive:a_010:71822,a_010,71822,57.997249603271484,-2.4872913360595703,11,0,0,0.0,0.0
gated_alive:a_010:71884,a_010,71884,52.01725769042969,2.242776870727539,11,0,1,0.0,0.09090909090909091
gated_alive:a_010:71988,a_010,71988,-40.994781494140625,36.63503646850586,11,0,0,0.0,0.0
gated_alive:a_010:72634,a_010,72634,15.550230979919434,20.904550552368164,11,0,0,0.0,0.0
gated_alive:a_010:73012,a_010,73012,53.06195068359375,5.529412269592285,11,0,0,0.0,0.0
gated_alive:a_010:73090,a_010,73090,35.95763397216797,30.928497314453125,11,0,0,0.0,0.0
gated_alive:a_010:73810,a_010,73810,-37.22557067871094,37.714630126953125,11,0,0,0.0,0.0
gated_alive:a_010:73928,a_010,73928,-4.827949523925781,21.175039291381836,11,0,0,0.0,0.0
gated_alive:a_010:74172,a_010,74172,-5.814279079437256,18.29127311706543,11,0,0,0.0,0.0
gated_alive:a_010:74365,a_010,74365,-26.453048706054688,-26.05266571044922,11,0,0,0.0,0.0
gated_alive:a_010:74542,a_010,74542,-37.1441764831543,-35.21391677856445,11,0,0,0.0,0.0
gated_alive:a_010:74581,a_010,74581,40.20643615722656,-16.867155075073242,11,0,0,0.0,0.0
gated_alive:a_010:74935,a_010,74935,35.50543975830078,32.01888656616211,11,0,0,0.0,0.0
gated_alive:a_010:75106,a_010,75106,14.94477367401123,-11.066020965576172,11,0,0,0.0,0.0
gated_alive:a_010:75851,a_010,75851,-43.997474670410156,16.3804988861084,11,0,0,0.0,0.0
gated_alive:a_010:76235,a_010,76235,-17.262575149536133,-15.071052551269531,11,0,0,0.0,0.0
gated_alive:a_010:76330,a_010,76330,-2.330308437347412,-44.93653106689453,11,0,0,0.0,0.0
gated_alive:a_010:76883,a_010,76883,53.109798431396484,33.455078125,11,0,0,0.0,0.0
gated_alive:a_010:76994,a_010,76994,4.653928756713867,39.468101501464844,11,0,0,0.0,0.0
gated_alive:a_010:77108,a_010,77108,40.877742767333984,-25.567066192626953,11,0,0,0.0,0.0
gated_alive:a_010:77307,a_010,77307,-24.619091033935547,-18.522972106933594,11,0,0,0.0,0.0
gated_alive:a_010:77610,a_010,77610,-38.982086181640625,34.453575134277344,11,0,0,0.0,0.0
gated_alive:a_010:77698,a_010,77698,-1.7931746244430542,28.98540496826172,11,0,0,0.0,0.0
gated_alive:a_010:78536,a_010,78536,1.567861557006836,55.456058502197266,11,0,0,0.0,0.0
gated_alive:a_010:78578,a_010,78578,-35.65936279296875,25.712596893310547,11,0,0,0.0,0.0
gated_alive:a_010:78744,a_010,78744,9.069295883178711,44.28169631958008,11,0,0,0.0,0.0
gated_alive:a_010:79003,a_010,79003,-50.215579986572266,39.39640808105469,11,0,0,0.0,0.0
gated_alive:a_010:79109,a_010,79109,-4.123910903930664,27.955774307250977,11,0,0,0.0,0.0
gated_alive:a_010:79596,a_010,79596,39.858978271484375,-14.45931339263916,11,0,0,0.0,0.0
gated_alive:a_010:79653,a_010,79653,-35.939029693603516,-35.60189437866211,11,0,0,0.0,0.0
gated_alive:a_010:79766,a_010,79766,-25.28124237060547,-20.195972442626953,11,0,0,0.0,0.0
gated_alive:a_010:80294,a_010,80294,-3.552628755569458,-39.15789794921875,11,0,0,0.0,0.0
gated_alive:a_010:80306,a_010,80306,-24.066844940185547,-15.736735343933105,11,0,0,0.0,0.0
gated_alive:a_010:80366,a_010,80366,-16.217477798461914,16.66893196105957,11,0,0,0.0,0.0
gated_alive:a_010:81380,a_010,81380,-25.65772247314453,39.07487869262695,11,0,0,0.0,0.0
gated_alive:a_010:81383,a_010,81383,53.156715393066406,32.42365646362305,11,0,1,0.0,0.09090909090909091
gated_alive:a_010:81407,a_010,81407,16.082366943359375,-12.816778182983398,11,0,0,0.0,0.0
gated_alive:a_010:81699,a_010,81699,-3.7398340702056885,-55.104400634765625,11,0,0,0.0,0.0
gated_alive:a_010:81837,a_010,81837,-24.210847854614258,-22.46302032470703,11,0,0,0.0,0.0
gated_alive:a_010:82118,a_010,82118,-39.864810943603516,38.85501480102539,11,0,0,0.0,0.0
gated_alive:a_010:82535,a_010,82535,-48.064720153808594,30.621566772460938,11,0,0,0.0,0.0
gated_alive:a_010:83155,a_010,83155,-24.787982940673828,-45.137046813964844,11,0,0,0.0,0.0
gated_alive:a_010:83205,a_010,83205,-51.56119918823242,14.785696029663086,11,0,0,0.0,0.0
gated_alive:a_010:83241,a_010,83241,-22.198123931884766,40.4425048828125,11,0,0,0.0,0.0
gated_alive:a_010:83382,a_010,83382,36.32712936401367,36.01991271972656,11,0,0,0.0,0.0
gated_alive:a_010:83403,a_010,83403,-45.246028900146484,-36.32091522216797,11,0,0,0.0,0.0
gated_alive:a_010:83790,a_010,83790,11.327054023742676,-32.79354476928711,11,0,0,0.0,0.0
gated_alive:a_010:83827,a_010,83827,7.812832832336426,58.80341339111328,11,0,0,0.0,0.0
gated_alive:a_010:83918,a_010,83918,43.0788459777832,-13.821074485778809,11,0,0,0.0,0.0
gated_alive:a_010:84076,a_010,84076,2.3029940128326416,37.130035400390625,11,0,0,0.0,0.0
gated_alive:a_010:84093,a_010,84093,27.169536590576172,18.41075897216797,11,0,0,0.0,0.0
gated_alive:a_010:84516,a_010,84516,-21.79547691345215,21.585525512695312,11,0,0,0.0,0.0
gated_alive:a_010:84882,a_010,84882,27.830425262451172,20.06331443786621,11,0,0,0.0,0.0
gated_alive:a_010:84959,a_010,84959,55.77848434448242,27.469091415405273,11,0,2,0.0,0.18181818181818182
gated_alive:a_010:85020,a_010,85020,-50.934486389160156,31.715288162231445,11,0,0,0.0,0.0
gated_alive:a_010:85953,a_010,85953,6.402297496795654,-35.5415153503418,11,0,0,0.0,0.0
gated_alive:a_010:86021,a_010,86021,58.61263656616211,30.189430236816406,11,0,0,0.0,0.0
gated_alive:a_010:86066,a_010,86066,-20.1258487701416,24.537635803222656,11,0,0,0.0,0.0
gated_alive:a_010:86357,a_010,86357,-35.692665100097656,40.932071685791016,11,0,0,0.0,0.0
gated_alive:a_010:86516,a_010,86516,6.650754928588867,35.60646057128906,11,0,0,0.0,0.0
gated_alive:a_010:86971,a_010,86971,-56.91189956665039,16.478809356689453,11,0,0,0.0,0.0
gated_alive:a_010:87576,a_010,87576,12.314896583557129,15.216580390930176,11,0,0,0.0,0.0
gated_alive:a_010:88190,a_010,88190,-22.92717933654785,-16.329113006591797,11,0,0,0.0,0.0
gated_alive:a_010:88301,a_010,88301,-49.08970642089844,29.96741485595703,11,0,0,0.0,0.0
gated_alive:a_010:88712,a_010,88712,32.81795883178711,34.12905502319336,11,0,0,0.0,0.0
gated_alive:a_010:89249,a_010,89249,-52.02425765991211,27.050674438476562,11,0,0,0.0,0.0
gated_alive:a_010:89279,a_010,89279,-46.71728515625,31.05975914001465,11,0,0,0.0,0.0
gated_alive:a_010:90184,a_010,90184,54.955711364746094,-15.220319747924805,11,0,0,0.0,0.0
gated_alive:a_010:90274,a_010,90274,-45.56615447998047,34.57301330566406,11,0,0,0.0,0.0
gated_alive:a_010:90408,a_010,90408,38.5452995300293,-27.53303337097168,11,0,0,0.0,0.0
gated_alive:a_010:90994,a_010,90994,-11.469099998474121,-33.75172424316406,11,0,0,0.0,0.0
gated_alive:a_010:91044,a_010,91044,-49.76780700683594,32.7586555480957,11,0,0,0.0,0.0
gated_alive:a_010:91497,a_010,91497,-24.68468475341797,-47.89494705200195,11,0,0,0.0,0.0
gated_alive:a_010:91515,a_010,91515,-30.295928955078125,-38.0905876159668,11,0,0,0.0,0.0
gated_alive:a_010:91591,a_010,91591,48.61554718017578,34.585819244384766,11,0,0,0.0,0.0
gated_alive:a_010:91610,a_010,91610,3.676326036453247,43.34990310668945,11,0,0,0.0,0.0
gated_alive:a_010:91807,a_010,91807,8.89713191986084,50.13434600830078,11,0,0,0.0,0.0
gated_alive:a_010:91850,a_010,91850,18.088607788085938,28.10669708251953,11,0,0,0.0,0.0
gated_alive:a_010:92342,a_010,92342,-37.10940170288086,-39.40369415283203,11,0,0,0.0,0.0
gated_alive:a_010:92383,a_010,92383,-22.83771514892578,-52.60625457763672,11,0,0,0.0,0.0
gated_alive:a_010:92459,a_010,92459,-31.170852661132812,-41.78763198852539,11,0,0,0.0,0.0
gated_alive:a_010:93154,a_010,93154,-36.01954650878906,-30.37697982788086,11,0,0,0.0,0.0
gated_alive:a_010:93187,a_010,93187,15.320772171020508,33.653282165527344,11,0,0,0.0,0.0
gated_alive:a_010:93395,a_010,93395,14.858185768127441,33.770164489746094,11,0,0,0.0,0.0
gated_alive:a_010:93673,a_010,93673,27.84149742126465,-8.027583122253418,11,0,0,0.0,0.0
gated_alive:a_010:93778,a_010,93778,-47.28402328491211,32.206451416015625,11,0,0,0.0,0.0
gated_alive:a_010:93973,a_010,93973,-20.270721435546875,52.438873291015625,11,0,0,0.0,0.0
gated_alive:a_010:95032,a_010,95032,-23.846221923828125,-45.699642181396484,11,0,0,0.0,0.0
gated_alive:a_010:95096,a_010,95096,-41.787261962890625,-28.11277198791504,11,0,0,0.0,0.0
gated_alive:a_010:95125,a_010,95125,-16.967191696166992,53.86793899536133,11,1,1,0.09090909090909091,0.09090909090909091
gated_alive:a_010:95590,a_010,95590,-13.121434211730957,3.3560705184936523,11,0,0,0.0,0.0
gated_alive:a_010:95838,a_010,95838,-16.824831008911133,-16.29893684387207,11,0,0,0.0,0.0
gated_alive:a_010:95935,a_010,95935,20.103269577026367,-32.664825439453125,11,0,0,0.0,0.0
gated_alive:a_010:96144,a_010,96144,55.91944122314453,36.45563888549805,11,0,0,0.0,0.0
gated_alive:a_010:96285,a_010,96285,55.196170806884766,30.256637573242188,11,0,0,0.0,0.0
gated_alive:a_010:96636,a_010,96636,-46.03285598754883,14.03921890258789,11,0,1,0.0,0.09090909090909091
gated_alive:a_010:96648,a_010,96648,-27.865415573120117,-32.09307098388672,11,0,0,0.0,0.0
gated_alive:a_010:97426,a_010,97426,50.51271057128906,-26.114727020263672,11,0,0,0.0,0.0
gated_alive:a_010:97652,a_010,97652,-32.13718795776367,-15.083264350891113,11,0,0,0.0,0.0
gated_alive:a_010:97804,a_010,97804,-53.3304557800293,31.611604690551758,11,0,0,0.0,0.0
gated_alive:a_010:98034,a_010,98034,-53.34523391723633,18.424686431884766,11,0,0,0.0,0.0
gated_alive:a_010:98328,a_010,98328,-21.66301155090332,42.5313606262207,11,0,0,0.0,0.0
gated_alive:a_010:98541,a_010,98541,-22.175031661987305,41.821895599365234,11,0,0,0.0,0.0
gated_alive:a_010:98864,a_010,98864,58.14205551147461,27.070322036743164,11,0,0,0.0,0.0
gated_alive:a_010:99136,a_010,99136,36.02311706542969,-14.767949104309082,11,0,0,0.0,0.0
gated_alive:a_010:99177,a_010,99177,-32.34273147583008,34.02291488647461,11,0,0,0.0,0.0
gated_alive:a_010:99212,a_010,99212,19.821928024291992,-46.10755157470703,11,0,0,0.0,0.0
gated_alive:a_010:99267,a_010,99267,-56.54621505737305,-6.2628889083862305,11,0,0,0.0,0.0
gated_alive:a_010:99894,a_010,99894,-36.69854736328125,-0.3611333668231964,11,0,0,0.0,0.0
gated_alive:a_010:100243,a_010,100243,-24.64339256286621,39.1132698059082,11,0,0,0.0,0.0
gated_alive:a_010:100265,a_010,100265,-54.10269546508789,36.701499938964844,11,0,0,0.0,0.0
gated_alive:a_010:100679,a_010,100679,1.9585932493209839,37.566131591796875,11,0,0,0.0,0.0
gated_alive:a_010:100736,a_010,100736,-5.079719066619873,-65.41072845458984,11,0,0,0.0,0.0
gated_alive:a_010:100862,a_010,100862,-38.88332748413086,13.260991096496582,11,0,0,0.0,0.0
gated_alive:a_010:100892,a_010,100892,10.464681625366211,-35.95741271972656,11,0,0,0.0,0.0
gated_alive:a_010:100972,a_010,100972,-24.23619842529297,-16.330074310302734,11,0,0,0.0,0.0
gated_alive:a_010:101117,a_010,101117,-38.16109848022461,36.398895263671875,11,0,0,0.0,0.0
gated_alive:a_010:101468,a_010,101468,-36.70390701293945,57.72701644897461,11,0,0,0.0,0.0
gated_alive:a_010:101541,a_010,101541,3.273028612136841,-45.45928955078125,11,0,0,0.0,0.0
gated_alive:a_010:102374,a_010,102374,-45.74205780029297,34.49240493774414,11,0,0,0.0,0.0
gated_alive:a_010:102379,a_010,102379,36.994911193847656,-21.923673629760742,11,0,0,0.0,0.0
gated_alive:a_010:102380,a_010,102380,-13.638057708740234,3.092482328414917,11,0,0,0.0,0.0
gated_alive:a_010:102785,a_010,102785,-41.94446563720703,-3.5150890350341797,11,0,0,0.0,0.0
gated_alive:a_010:103230,a_010,103230,-24.585397720336914,-16.393878936767578,11,0,0,0.0,0.0
gated_alive:a_010:103234,a_010,103234,-23.598501205444336,20.290597915649414,11,0,0,0.0,0.0
gated_alive:a_010:103378,a_010,103378,-30.951549530029297,-41.64155960083008,11,0,0,0.0,0.0
gated_alive:a_010:103439,a_010,103439,8.746612548828125,-52.10600662231445,11,0,0,0.0,0.0
gated_alive:a_010:103807,a_010,103807,17.68592643737793,-35.1299934387207,11,0,0,0.0,0.0
gated_alive:a_010:104028,a_010,104028,13.96915054321289,16.34035873413086,11,0,0,0.0,0.0
gated_alive:a_010:104422,a_010,104422,-13.420710563659668,3.083416223526001,11,0,0,0.0,0.0
gated_alive:a_010:104654,a_010,104654,1.631044626235962,38.408470153808594,11,0,0,0.0,0.0
gated_alive:a_010:104909,a_010,104909,-23.318004608154297,-44.2518424987793,11,0,0,0.0,0.0
gated_alive:a_010:104912,a_010,104912,25.791915893554688,18.95677947998047,11,0,0,0.0,0.0
gated_alive:a_010:105050,a_010,105050,-17.810251235961914,-14.376028060913086,11,0,0,0.0,0.0
gated_alive:a_010:105413,a_010,105413,-47.83269500732422,32.0047492980957,11,0,0,0.0,0.0
gated_alive:a_010:105701,a_010,105701,-34.6483154296875,-33.57667541503906,11,0,0,0.0,0.0
gated_alive:a_010:105850,a_010,105850,-37.21827697753906,-22.699941635131836,11,0,0,0.0,0.0
gated_alive:a_010:105901,a_010,105901,3.5072875022888184,37.75360870361328,11,0,0,0.0,0.0
gated_alive:a_010:106094,a_010,106094,-39.41629409790039,35.03108596801758,11,0,0,0.0,0.0
gated_alive:a_010:106102,a_010,106102,-44.83102035522461,51.41797637939453,11,0,0,0.0,0.0
gated_alive:a_010:106283,a_010,106283,-28.539230346679688,-11.912036895751953,11,0,0,0.0,0.0
gated_alive:a_010:106330,a_010,106330,-55.671897888183594,38.16698455810547,11,0,0,0.0,0.0
gated_alive:a_010:106656,a_010,106656,-42.611045837402344,41.33720779418945,11,0,0,0.0,0.0
gated_alive:a_010:106706,a_010,106706,19.6251163482666,-39.7196044921875,11,0,0,0.0,0.0
gated_alive:a_010:106790,a_010,106790,-51.478336334228516,15.056105613708496,11,0,0,0.0,0.0
gated_alive:a_010:106950,a_010,106950,-14.748446464538574,20.218215942382812,11,0,0,0.0,0.0
gated_alive:a_010:107264,a_010,107264,-3.955031633377075,56.185359954833984,11,0,0,0.0,0.0
gated_alive:a_010:107865,a_010,107865,15.089997291564941,-10.993508338928223,11,0,0,0.0,0.0
gated_alive:a_010:107899,a_010,107899,-17.548625946044922,26.094846725463867,11,0,0,0.0,0.0
gated_alive:a_010:107928,a_010,107928,-50.63361358642578,35.70676040649414,11,0,0,0.0,0.0
gated_alive:a_010:108434,a_010,108434,-26.032419204711914,52.54167556762695,11,0,0,0.0,0.0
gated_alive:a_010:108607,a_010,108607,-6.231088638305664,39.27565383911133,11,0,0,0.0,0.0
gated_alive:a_010:108915,a_010,108915,24.61235809326172,-37.56057357788086,11,0,0,0.0,0.0
gated_alive:a_010:109171,a_010,109171,1.1094496250152588,-27.62820053100586,11,0,0,0.0,0.0
gated_alive:a_010:109505,a_010,109505,-38.006202697753906,32.04361343383789,11,0,0,0.0,0.0
gated_alive:a_010:109744,a_010,109744,-0.26413458585739136,-62.223506927490234,11,0,0,0.0,0.0
gated_alive:a_010:110193,a_010,110193,-12.568093299865723,-18.44691276550293,11,0,0,0.0,0.0
gated_alive:a_010:110473,a_010,110473,22.128215789794922,-12.64564323425293,11,0,0,0.0,0.0
gated_alive:a_010:110718,a_010,110718,-23.826271057128906,-25.198740005493164,11,0,0,0.0,0.0
gated_alive:a_010:110770,a_010,110770,-16.11840057373047,55.39024353027344,11,0,0,0.0,0.0
gated_alive:a_010:111255,a_010,111255,-0.39545875787734985,59.46279525756836,11,0,0,0.0,0.0
gated_alive:a_010:111842,a_010,111842,53.92826461791992,-21.97805404663086,11,0,0,0.0,0.0
gated_alive:a_010:111908,a_010,111908,14.501132011413574,-32.830257415771484,11,0,0,0.0,0.0
gated_alive:a_010:112108,a_010,112108,-37.84897994995117,34.61579132080078,11,0,0,0.0,0.0
gated_alive:a_010:112699,a_010,112699,7.899903297424316,-43.38900375366211,11,0,0,0.0,0.0
gated_alive:a_010:113210,a_010,113210,14.84250545501709,-11.41897964477539,11,0,0,0.0,0.0
gated_alive:a_010:113380,a_010,113380,-47.8161506652832,-42.55870056152344,11,0,0,0.0,0.0
gated_alive:a_010:113468,a_010,113468,8.413593292236328,57.993370056152344,11,0,0,0.0,0.0
gated_alive:a_010:113716,a_010,113716,58.646751403808594,29.288555145263672,11,0,0,0.0,0.0
gated_alive:a_010:113757,a_010,113757,-41.1789436340332,34.700950622558594,11,0,0,0.0,0.0
gated_alive:a_010:113787,a_010,113787,-48.919803619384766,35.412559509277344,11,0,0,0.0,0.0
gated_alive:a_010:114092,a_010,114092,11.51384449005127,28.183734893798828,11,0,0,0.0,0.0
gated_alive:a_010:114359,a_010,114359,-26.855031967163086,-24.922029495239258,11,0,0,0.0,0.0
gated_alive:a_010:114602,a_010,114602,-36.759674072265625,-30.687786102294922,11,0,0,0.0,0.0
gated_alive:a_010:115112,a_010,115112,-31.78441619873047,-25.66693115234375,11,0,0,0.0,0.0
gated_alive:a_010:115309,a_010,115309,8.528336524963379,-13.305389404296875,11,0,0,0.0,0.0
gated_alive:a_010:115356,a_010,115356,13.70964527130127,1.0055710077285767,11,0,0,0.0,0.0
gated_alive:a_010:115676,a_010,115676,-49.011871337890625,29.222362518310547,11,0,0,0.0,0.0
gated_alive:a_010:115917,a_010,115917,-9.91361141204834,-45.110477447509766,11,0,0,0.0,0.0
gated_alive:a_010:115980,a_010,115980,-27.75408935546875,-29.98599624633789,11,0,0,0.0,0.0
gated_alive:a_010:116112,a_010,116112,9.66575813293457,43.184566497802734,11,0,0,0.0,0.0
gated_alive:a_010:116179,a_010,116179,-23.23903465270996,-12.233993530273438,11,0,0,0.0,0.0
gated_alive:a_010:116189,a_010,116189,-21.55274772644043,-28.71297836303711,11,0,0,0.0,0.0
gated_alive:a_010:116261,a_010,116261,-15.20699405670166,14.594279289245605,11,0,0,0.0,0.0
gated_alive:a_010:116499,a_010,116499,-52.706512451171875,36.10951614379883,11,0,0,0.0,0.0
gated_alive:a_010:116818,a_010,116818,-47.130638122558594,34.92549514770508,11,0,0,0.0,0.0
gated_alive:a_010:117060,a_010,117060,-21.83488655090332,-17.90327262878418,11,0,0,0.0,0.0
gated_alive:a_010:117577,a_010,117577,11.506691932678223,47.1757698059082,11,0,0,0.0,0.0
gated_alive:a_010:117641,a_010,117641,-12.645071029663086,-16.285114288330078,11,0,0,0.0,0.0
gated_alive:a_010:117849,a_010,117849,14.247467041015625,-12.546306610107422,11,0,0,0.0,0.0
gated_alive:a_010:117889,a_010,117889,55.8879508972168,25.052227020263672,11,1,4,0.09090909090909091,0.36363636363636365
gated_alive:a_010:118485,a_010,118485,55.76893997192383,-9.921963691711426,11,0,0,0.0,0.0
gated_alive:a_010:118924,a_010,118924,-35.67100524902344,-30.484636306762695,11,0,0,0.0,0.0
gated_alive:a_010:119135,a_010,119135,59.271812438964844,30.720094680786133,11,0,0,0.0,0.0
gated_alive:a_010:119347,a_010,119347,-24.986900329589844,23.2282772064209,11,0,0,0.0,0.0
gated_alive:a_010:119366,a_010,119366,-18.1778564453125,-16.069076538085938,11,0,0,0.0,0.0
gated_alive:a_010:119644,a_010,119644,-51.95572280883789,36.34636688232422,11,0,0,0.0,0.0
gated_alive:a_010:119744,a_010,119744,-26.243833541870117,-12.514728546142578,11,0,0,0.0,0.0
gated_alive:a_010:119862,a_010,119862,-54.53996658325195,34.55241394042969,11,0,0,0.0,0.0
gated_alive:a_010:120000,a_010,120000,11.252805709838867,-30.757516860961914,11,0,0,0.0,0.0
gated_alive:a_010:120109,a_010,120109,-0.8143530488014221,-40.98311996459961,11,0,0,0.0,0.0
gated_alive:a_010:120346,a_010,120346,10.545415878295898,-45.29667282104492,11,0,0,0.0,0.0
gated_alive:a_010:121026,a_010,121026,-36.626922607421875,-26.48261070251465,11,0,0,0.0,0.0
gated_alive:a_010:121274,a_010,121274,-34.236785888671875,-33.274044036865234,11,0,0,0.0,0.0
gated_alive:a_010:121513,a_010,121513,-8.033007621765137,31.89678955078125,11,0,0,0.0,0.0
gated_alive:a_010:121721,a_010,121721,6.857922554016113,53.764686584472656,11,0,0,0.0,0.0
gated_alive:a_011:273,a_011,273,-7.7100043296813965,21.17868995666504,11,0,0,0.0,0.0
gated_alive:a_011:781,a_011,781,-29.421924591064453,32.72392272949219,11,0,0,0.0,0.0
gated_alive:a_011:1078,a_011,1078,-7.7054667472839355,41.27479934692383,11,0,0,0.0,0.0
gated_alive:a_011:3504,a_011,3504,24.19512939453125,-18.66929817199707,11,0,1,0.0,0.09090909090909091
gated_alive:a_011:3704,a_011,3704,39.099918365478516,28.814767837524414,11,0,6,0.0,0.5454545454545454
gated_alive:a_011:4159,a_011,4159,20.879533767700195,-39.47878646850586,11,0,0,0.0,0.0
gated_alive:a_011:4364,a_011,4364,25.656068801879883,-21.336700439453125,11,0,0,0.0,0.0
gated_alive:a_011:4472,a_011,4472,-3.682701587677002,47.31571960449219,11,0,0,0.0,0.0
gated_alive:a_011:5082,a_011,5082,24.934112548828125,52.2873649597168,11,0,0,0.0,0.0
gated_alive:a_011:5456,a_011,5456,-5.7550482749938965,-46.86406707763672,11,0,0,0.0,0.0
gated_alive:a_011:5574,a_011,5574,58.604881286621094,-12.972696304321289,11,0,0,0.0,0.0
gated_alive:a_011:5798,a_011,5798,51.51116943359375,33.455867767333984,11,0,0,0.0,0.0
gated_alive:a_011:7019,a_011,7019,-7.725881576538086,57.23025131225586,11,0,0,0.0,0.0
gated_alive:a_011:7751,a_011,7751,20.084125518798828,39.413856506347656,11,0,0,0.0,0.0
gated_alive:a_011:8169,a_011,8169,59.1334114074707,-15.411258697509766,11,0,0,0.0,0.0
gated_alive:a_011:8648,a_011,8648,43.813392639160156,24.828115463256836,11,0,0,0.0,0.0
gated_alive:a_011:8784,a_011,8784,-0.1232633888721466,-24.626117706298828,11,0,0,0.0,0.0
gated_alive:a_011:9168,a_011,9168,13.054647445678711,49.86220932006836,11,0,0,0.0,0.0
gated_alive:a_011:9376,a_011,9376,-36.519779205322266,53.18571090698242,11,0,0,0.0,0.0
gated_alive:a_011:10647,a_011,10647,6.285084247589111,41.447662353515625,11,0,0,0.0,0.0
gated_alive:a_011:10983,a_011,10983,48.71734619140625,-3.9636306762695312,11,0,0,0.0,0.0
gated_alive:a_011:11710,a_011,11710,7.743031024932861,43.70528030395508,11,0,0,0.0,0.0
gated_alive:a_011:12072,a_011,12072,30.7867488861084,52.07033920288086,11,0,0,0.0,0.0
gated_alive:a_011:12154,a_011,12154,24.344268798828125,-17.734643936157227,11,0,0,0.0,0.0
gated_alive:a_011:13264,a_011,13264,-3.5703330039978027,47.22660827636719,11,0,0,0.0,0.0
gated_alive:a_011:13402,a_011,13402,-41.03989028930664,40.35032653808594,11,0,0,0.0,0.0
gated_alive:a_011:13474,a_011,13474,27.837255477905273,26.96074867248535,11,0,0,0.0,0.0
gated_alive:a_011:14072,a_011,14072,-2.8497188091278076,33.77051544189453,11,0,0,0.0,0.0
gated_alive:a_011:14570,a_011,14570,-9.778000831604004,-33.22114944458008,11,0,0,0.0,0.0
gated_alive:a_011:14587,a_011,14587,48.18791580200195,41.77610778808594,11,0,0,0.0,0.0
gated_alive:a_011:15810,a_011,15810,-35.59436798095703,35.13095474243164,11,0,0,0.0,0.0
gated_alive:a_011:16093,a_011,16093,6.294042587280273,43.0575065612793,11,0,0,0.0,0.0
gated_alive:a_011:16228,a_011,16228,58.674285888671875,-12.86513900756836,11,0,0,0.0,0.0
gated_alive:a_011:16234,a_011,16234,-51.52225875854492,47.76603698730469,11,0,0,0.0,0.0
gated_alive:a_011:16430,a_011,16430,56.28763961791992,34.85940933227539,11,0,0,0.0,0.0
gated_alive:a_011:16808,a_011,16808,9.530285835266113,-55.24773025512695,11,0,0,0.0,0.0
gated_alive:a_011:17161,a_011,17161,25.09823226928711,49.273197174072266,11,0,0,0.0,0.0
gated_alive:a_011:18084,a_011,18084,45.26548767089844,28.207534790039062,11,0,0,0.0,0.0
gated_alive:a_011:18207,a_011,18207,3.729506254196167,-38.44548034667969,11,0,0,0.0,0.0
gated_alive:a_011:20349,a_011,20349,28.809036254882812,42.87427520751953,11,0,0,0.0,0.0
gated_alive:a_011:20548,a_011,20548,10.642559051513672,58.74174880981445,11,0,0,0.0,0.0
gated_alive:a_011:20610,a_011,20610,59.31294631958008,-15.402932167053223,11,0,0,0.0,0.0
gated_alive:a_011:20874,a_011,20874,50.64043045043945,31.263227462768555,11,0,0,0.0,0.0
gated_alive:a_011:21756,a_011,21756,48.50841522216797,-23.757545471191406,11,0,0,0.0,0.0
gated_alive:a_011:21934,a_011,21934,23.944677352905273,48.80748748779297,11,0,0,0.0,0.0
gated_alive:a_011:21976,a_011,21976,-32.67177200317383,37.605194091796875,11,0,0,0.0,0.0
gated_alive:a_011:22130,a_011,22130,43.871559143066406,-20.614608764648438,11,0,0,0.0,0.0
gated_alive:a_011:22295,a_011,22295,3.1360011100769043,-33.619327545166016,11,0,0,0.0,0.0
gated_alive:a_011:22709,a_011,22709,2.1967179775238037,-38.88682174682617,11,0,0,0.0,0.0
gated_alive:a_011:23033,a_011,23033,40.503257751464844,16.0023193359375,11,0,0,0.0,0.0
gated_alive:a_011:23295,a_011,23295,7.510770320892334,-9.860517501831055,11,0,0,0.0,0.0
gated_alive:a_011:23352,a_011,23352,13.214720726013184,41.291019439697266,11,0,0,0.0,0.0
gated_alive:a_011:23504,a_011,23504,-13.987916946411133,28.031137466430664,11,0,0,0.0,0.0
gated_alive:a_011:23757,a_011,23757,8.414595603942871,33.22270202636719,11,0,0,0.0,0.0
gated_alive:a_011:24068,a_011,24068,-12.574533462524414,7.706002712249756,11,0,0,0.0,0.0
gated_alive:a_011:24208,a_011,24208,-28.256914138793945,1.1244072914123535,11,0,0,0.0,0.0
gated_alive:a_011:24420,a_011,24420,35.907161712646484,4.7019944190979,11,0,0,0.0,0.0
gated_alive:a_011:24515,a_011,24515,-1.1661361455917358,33.296119689941406,11,0,0,0.0,0.0
gated_alive:a_011:24522,a_011,24522,13.545653343200684,40.55364990234375,11,0,0,0.0,0.0
gated_alive:a_011:24841,a_011,24841,21.981487274169922,45.39665603637695,11,0,0,0.0,0.0
gated_alive:a_011:24865,a_011,24865,55.325035095214844,33.53093338012695,11,0,0,0.0,0.0
gated_alive:a_011:25171,a_011,25171,-51.37542724609375,38.79957962036133,11,0,0,0.0,0.0
gated_alive:a_011:26315,a_011,26315,-1.7812556028366089,-57.56437301635742,11,0,0,0.0,0.0
gated_alive:a_011:26493,a_011,26493,50.142967224121094,4.986189365386963,11,0,0,0.0,0.0
gated_alive:a_011:26707,a_011,26707,6.352201461791992,45.228485107421875,11,1,4,0.09090909090909091,0.36363636363636365
gated_alive:a_011:28416,a_011,28416,41.01567077636719,28.88482093811035,11,0,0,0.0,0.0
gated_alive:a_011:28778,a_011,28778,20.37811851501465,42.516075134277344,11,0,0,0.0,0.0
gated_alive:a_011:29917,a_011,29917,44.2445182800293,42.76603317260742,11,0,0,0.0,0.0
gated_alive:a_011:30273,a_011,30273,1.4444175958633423,33.25449752807617,11,0,0,0.0,0.0
gated_alive:a_011:30616,a_011,30616,52.24488830566406,7.7995285987854,11,0,0,0.0,0.0
gated_alive:a_011:30981,a_011,30981,66.0932846069336,-10.197844505310059,11,0,0,0.0,0.0
gated_alive:a_011:31260,a_011,31260,38.548797607421875,23.761537551879883,11,0,0,0.0,0.0
gated_alive:a_011:31696,a_011,31696,15.323055267333984,6.189544677734375,11,0,0,0.0,0.0
gated_alive:a_011:31886,a_011,31886,-7.467471122741699,41.523529052734375,11,0,0,0.0,0.0
gated_alive:a_011:33308,a_011,33308,51.137081146240234,-24.63969612121582,11,0,0,0.0,0.0
gated_alive:a_011:33322,a_011,33322,-11.222018241882324,-21.224580764770508,11,0,0,0.0,0.0
gated_alive:a_011:33980,a_011,33980,-42.29054641723633,5.941802501678467,11,0,0,0.0,0.0
gated_alive:a_011:34279,a_011,34279,54.44294738769531,30.188610076904297,11,0,0,0.0,0.0
gated_alive:a_011:34350,a_011,34350,6.565916061401367,43.94023895263672,11,0,0,0.0,0.0
gated_alive:a_011:35077,a_011,35077,26.478979110717773,48.11517333984375,11,0,0,0.0,0.0
gated_alive:a_011:35485,a_011,35485,42.95988845825195,22.891090393066406,11,0,0,0.0,0.0
gated_alive:a_011:35721,a_011,35721,11.508456230163574,38.46204376220703,11,0,0,0.0,0.0
gated_alive:a_011:35764,a_011,35764,50.22029495239258,29.80831527709961,11,0,0,0.0,0.0
gated_alive:a_011:36040,a_011,36040,48.25408172607422,-3.143890857696533,11,0,0,0.0,0.0
gated_alive:a_011:36061,a_011,36061,53.06014633178711,-8.341835975646973,11,0,0,0.0,0.0
gated_alive:a_011:36110,a_011,36110,-4.622689723968506,-43.32644271850586,11,0,0,0.0,0.0
gated_alive:a_011:36812,a_011,36812,-27.9173641204834,32.61601257324219,11,0,0,0.0,0.0
gated_alive:a_011:37774,a_011,37774,-9.314821243286133,-22.189739227294922,11,0,0,0.0,0.0
gated_alive:a_011:38474,a_011,38474,30.340423583984375,41.550662994384766,11,0,0,0.0,0.0
gated_alive:a_011:38783,a_011,38783,54.44778823852539,29.639278411865234,11,0,0,0.0,0.0
gated_alive:a_011:39680,a_011,39680,34.82285690307617,-13.812368392944336,11,0,0,0.0,0.0
gated_alive:a_011:40232,a_011,40232,30.63783836364746,55.84714889526367,11,0,0,0.0,0.0
gated_alive:a_011:40874,a_011,40874,-26.984027862548828,-18.898115158081055,11,0,0,0.0,0.0
gated_alive:a_011:41461,a_011,41461,53.39681625366211,-15.617908477783203,11,0,0,0.0,0.0
gated_alive:a_011:41659,a_011,41659,-11.16288948059082,39.98252487182617,11,0,0,0.0,0.0
gated_alive:a_011:42008,a_011,42008,12.01167106628418,-41.1219596862793,11,0,1,0.0,0.09090909090909091
gated_alive:a_011:42054,a_011,42054,15.011650085449219,35.87169647216797,11,0,0,0.0,0.0
gated_alive:a_011:42397,a_011,42397,15.068350791931152,6.130180835723877,11,0,0,0.0,0.0
gated_alive:a_011:43263,a_011,43263,-8.250580787658691,-32.54634475708008,11,0,0,0.0,0.0
gated_alive:a_011:43840,a_011,43840,27.575624465942383,49.27206802368164,11,0,0,0.0,0.0
gated_alive:a_011:44317,a_011,44317,55.30787658691406,-8.864516258239746,11,0,0,0.0,0.0
gated_alive:a_011:44677,a_011,44677,11.626138687133789,39.6707649230957,11,0,0,0.0,0.0
gated_alive:a_011:45168,a_011,45168,37.280517578125,28.597366333007812,11,0,0,0.0,0.0
gated_alive:a_011:45474,a_011,45474,30.521175384521484,34.65072250366211,11,0,0,0.0,0.0
gated_alive:a_011:46031,a_011,46031,-7.958301544189453,25.751554489135742,11,0,0,0.0,0.0
gated_alive:a_011:47458,a_011,47458,8.232272148132324,-42.84032440185547,11,0,0,0.0,0.0
gated_alive:a_011:47908,a_011,47908,5.117578029632568,45.756710052490234,11,0,0,0.0,0.0
gated_alive:a_011:48048,a_011,48048,-7.613916397094727,57.33162307739258,11,0,0,0.0,0.0
gated_alive:a_011:48281,a_011,48281,7.936255931854248,-17.05760955810547,11,0,0,0.0,0.0
gated_alive:a_011:50489,a_011,50489,-57.846702575683594,15.176791191101074,11,0,0,0.0,0.0
gated_alive:a_011:50731,a_011,50731,51.72559356689453,2.5050954818725586,11,0,0,0.0,0.0
gated_alive:a_011:51530,a_011,51530,25.27885627746582,44.065006256103516,11,0,0,0.0,0.0
gated_alive:a_011:51730,a_011,51730,6.161816120147705,41.153499603271484,11,0,0,0.0,0.0
gated_alive:a_011:52307,a_011,52307,-12.966712951660156,3.763038158416748,11,0,0,0.0,0.0
gated_alive:a_011:52596,a_011,52596,-11.185478210449219,13.846014022827148,11,0,0,0.0,0.0
gated_alive:a_011:52951,a_011,52951,53.53499221801758,-18.850357055664062,11,0,0,0.0,0.0
gated_alive:a_011:54593,a_011,54593,45.96259689331055,35.29160690307617,11,0,0,0.0,0.0
gated_alive:a_011:54988,a_011,54988,57.6900634765625,5.314040660858154,11,0,0,0.0,0.0
gated_alive:a_011:55332,a_011,55332,-26.359628677368164,-12.50549030303955,11,0,0,0.0,0.0
gated_alive:a_011:55904,a_011,55904,54.7291259765625,14.998237609863281,11,0,0,0.0,0.0
gated_alive:a_011:56045,a_011,56045,57.52275848388672,32.20500183105469,11,0,0,0.0,0.0
gated_alive:a_011:56562,a_011,56562,43.287837982177734,23.427146911621094,11,0,0,0.0,0.0
gated_alive:a_011:57428,a_011,57428,-2.9037482738494873,34.79470443725586,11,0,0,0.0,0.0
gated_alive:a_011:59348,a_011,59348,9.61274242401123,44.06601333618164,11,0,0,0.0,0.0
gated_alive:a_011:59687,a_011,59687,19.10062599182129,35.37812423706055,11,0,0,0.0,0.0
gated_alive:a_011:61083,a_011,61083,57.013736724853516,-7.561101913452148,11,0,0,0.0,0.0
gated_alive:a_011:61654,a_011,61654,-2.8113925457000732,-49.12623977661133,11,0,0,0.0,0.0
gated_alive:a_011:62370,a_011,62370,-6.565793037414551,57.72663116455078,11,0,0,0.0,0.0
gated_alive:a_011:63003,a_011,63003,27.740259170532227,48.308292388916016,11,0,0,0.0,0.0
gated_alive:a_011:64142,a_011,64142,2.3136234283447266,44.87562561035156,11,0,0,0.0,0.0
gated_alive:a_011:64308,a_011,64308,1.9006551504135132,-49.34029769897461,11,0,0,0.0,0.0
gated_alive:a_011:64716,a_011,64716,52.042625427246094,-33.019981384277344,11,0,0,0.0,0.0
gated_alive:a_011:64813,a_011,64813,20.268999099731445,-38.592464447021484,11,0,0,0.0,0.0
gated_alive:a_011:65028,a_011,65028,30.291717529296875,35.9830207824707,11,0,0,0.0,0.0
gated_alive:a_011:65173,a_011,65173,2.5515105724334717,52.32878875732422,11,0,0,0.0,0.0
gated_alive:a_011:65356,a_011,65356,-31.106731414794922,-10.730762481689453,11,0,0,0.0,0.0
gated_alive:a_011:65757,a_011,65757,10.875428199768066,57.15949249267578,11,0,0,0.0,0.0
gated_alive:a_011:65773,a_011,65773,-1.5248570442199707,-47.45233917236328,11,0,0,0.0,0.0
gated_alive:a_011:66390,a_011,66390,50.64609146118164,13.746439933776855,11,0,0,0.0,0.0
gated_alive:a_011:66623,a_011,66623,20.500930786132812,-39.35221862792969,11,0,0,0.0,0.0
gated_alive:a_011:66756,a_011,66756,59.206809997558594,-16.79949951171875,11,0,0,0.0,0.0
gated_alive:a_011:67179,a_011,67179,-17.890789031982422,17.258651733398438,11,0,0,0.0,0.0
gated_alive:a_011:69689,a_011,69689,-4.292317867279053,-47.32876968383789,11,0,0,0.0,0.0
gated_alive:a_011:70482,a_011,70482,-36.3689079284668,35.58159637451172,11,0,0,0.0,0.0
gated_alive:a_011:71256,a_011,71256,2.5251686573028564,39.304229736328125,11,0,0,0.0,0.0
gated_alive:a_011:72399,a_011,72399,-24.891324996948242,40.519657135009766,11,0,0,0.0,0.0
gated_alive:a_011:73296,a_011,73296,16.010080337524414,45.34743118286133,11,0,0,0.0,0.0
gated_alive:a_011:73337,a_011,73337,23.97432518005371,54.55190658569336,11,0,0,0.0,0.0
gated_alive:a_011:74104,a_011,74104,19.0384464263916,49.057716369628906,11,0,0,0.0,0.0
gated_alive:a_011:76768,a_011,76768,45.260135650634766,-19.019622802734375,11,0,0,0.0,0.0
gated_alive:a_011:77222,a_011,77222,40.260746002197266,24.26897621154785,11,0,0,0.0,0.0
gated_alive:a_011:77473,a_011,77473,14.29523754119873,56.42073440551758,11,0,0,0.0,0.0
gated_alive:a_011:77868,a_011,77868,19.327600479125977,55.65652084350586,11,0,0,0.0,0.0
gated_alive:a_011:78019,a_011,78019,19.87644386291504,46.54064178466797,11,0,0,0.0,0.0
gated_alive:a_011:79230,a_011,79230,1.480049729347229,36.29732894897461,11,0,0,0.0,0.0
gated_alive:a_011:79257,a_011,79257,10.971867561340332,57.69718551635742,11,0,0,0.0,0.0
gated_alive:a_011:79407,a_011,79407,16.951934814453125,47.09006881713867,11,0,0,0.0,0.0
gated_alive:a_011:80075,a_011,80075,74.55303192138672,-13.933039665222168,11,0,0,0.0,0.0
gated_alive:a_011:80130,a_011,80130,39.733238220214844,-28.396970748901367,11,0,0,0.0,0.0
gated_alive:a_011:81508,a_011,81508,21.65001106262207,-11.276771545410156,11,0,0,0.0,0.0
gated_alive:a_011:81713,a_011,81713,50.7586669921875,31.82889175415039,11,0,0,0.0,0.0
gated_alive:a_011:82301,a_011,82301,-5.795729160308838,-41.483154296875,11,0,0,0.0,0.0
gated_alive:a_011:82511,a_011,82511,51.45912551879883,33.53618621826172,11,0,0,0.0,0.0
gated_alive:a_011:84584,a_011,84584,31.17912483215332,-38.088165283203125,11,0,0,0.0,0.0
gated_alive:a_011:84633,a_011,84633,-52.91786575317383,32.88654708862305,11,0,0,0.0,0.0
gated_alive:a_011:84651,a_011,84651,51.73984909057617,-8.367463111877441,11,0,0,0.0,0.0
gated_alive:a_011:85065,a_011,85065,50.13005065917969,39.22096252441406,11,0,0,0.0,0.0
gated_alive:a_011:85146,a_011,85146,-3.837322473526001,-41.98796463012695,11,0,0,0.0,0.0
gated_alive:a_011:85468,a_011,85468,-15.057734489440918,3.7532782554626465,11,0,0,0.0,0.0
gated_alive:a_011:85481,a_011,85481,-44.430294036865234,-28.058670043945312,11,0,0,0.0,0.0
gated_alive:a_011:85570,a_011,85570,-28.711666107177734,-14.770421028137207,11,0,0,0.0,0.0
gated_alive:a_011:85744,a_011,85744,74.53329467773438,-13.800763130187988,11,0,0,0.0,0.0
gated_alive:a_011:85926,a_011,85926,46.891143798828125,10.515579223632812,11,0,0,0.0,0.0
gated_alive:a_011:86791,a_011,86791,-14.40080451965332,2.095903158187866,11,0,0,0.0,0.0
gated_alive:a_011:87232,a_011,87232,26.5440731048584,48.42238235473633,11,0,0,0.0,0.0
gated_alive:a_011:87686,a_011,87686,55.49613571166992,-6.413405895233154,11,0,0,0.0,0.0
gated_alive:a_011:87902,a_011,87902,48.52040481567383,-7.8565449714660645,11,0,0,0.0,0.0
gated_alive:a_011:88252,a_011,88252,23.89288902282715,31.803791046142578,11,0,0,0.0,0.0
gated_alive:a_011:88507,a_011,88507,-0.5157118439674377,43.5646858215332,11,0,0,0.0,0.0
gated_alive:a_011:88579,a_011,88579,15.370132446289062,4.003941535949707,11,0,0,0.0,0.0
gated_alive:a_011:88581,a_011,88581,9.99963665008545,45.571929931640625,11,0,0,0.0,0.0
gated_alive:a_011:89252,a_011,89252,53.13974380493164,-4.917581558227539,11,0,0,0.0,0.0
gated_alive:a_011:90201,a_011,90201,-31.62150001525879,-10.932120323181152,11,0,0,0.0,0.0
gated_alive:a_011:91644,a_011,91644,44.39155197143555,-14.86600399017334,11,0,0,0.0,0.0
gated_alive:a_011:91825,a_011,91825,2.569246530532837,52.12117385864258,11,0,0,0.0,0.0
gated_alive:a_011:91942,a_011,91942,-25.14727020263672,-14.371347427368164,11,0,0,0.0,0.0
gated_alive:a_011:92040,a_011,92040,35.5321159362793,37.413902282714844,11,0,0,0.0,0.0
gated_alive:a_011:92801,a_011,92801,-48.19583511352539,33.618980407714844,11,0,0,0.0,0.0
gated_alive:a_011:92918,a_011,92918,24.468875885009766,14.797662734985352,11,0,0,0.0,0.0
gated_alive:a_011:93765,a_011,93765,24.77030372619629,-19.353628158569336,11,2,3,0.18181818181818182,0.2727272727272727
gated_alive:a_011:94468,a_011,94468,6.1363654136657715,51.694091796875,11,0,0,0.0,0.0
gated_alive:a_011:94873,a_011,94873,0.23124554753303528,29.857698440551758,11,0,0,0.0,0.0
gated_alive:a_011:95716,a_011,95716,4.9200944900512695,54.767208099365234,11,0,0,0.0,0.0
gated_alive:a_011:96241,a_011,96241,-34.243202209472656,38.25742721557617,11,0,0,0.0,0.0
gated_alive:a_011:96425,a_011,96425,54.471683502197266,29.08749008178711,11,0,0,0.0,0.0
gated_alive:a_011:96540,a_011,96540,-40.33498001098633,-29.06899070739746,11,0,0,0.0,0.0
gated_alive:a_011:97259,a_011,97259,12.865439414978027,42.39312744140625,11,0,0,0.0,0.0
gated_alive:a_011:97834,a_011,97834,40.03908920288086,16.20061683654785,11,0,0,0.0,0.0
gated_alive:a_011:98065,a_011,98065,8.847804069519043,59.57313537597656,11,0,0,0.0,0.0
gated_alive:a_011:98488,a_011,98488,-7.184868812561035,49.11953353881836,11,0,0,0.0,0.0
gated_alive:a_011:98588,a_011,98588,-56.97983932495117,17.229591369628906,11,0,0,0.0,0.0
gated_alive:a_011:99201,a_011,99201,-7.731058120727539,23.85512351989746,11,0,0,0.0,0.0
gated_alive:a_011:99271,a_011,99271,12.30574893951416,39.86381912231445,11,0,0,0.0,0.0
gated_alive:a_011:99475,a_011,99475,46.83707809448242,10.411494255065918,11,0,0,0.0,0.0
gated_alive:a_011:100017,a_011,100017,-32.677547454833984,53.71685028076172,11,0,0,0.0,0.0
gated_alive:a_011:100086,a_011,100086,46.64189147949219,-20.57268714904785,11,0,0,0.0,0.0
gated_alive:a_011:100087,a_011,100087,46.18478775024414,41.332908630371094,11,0,0,0.0,0.0
gated_alive:a_011:100178,a_011,100178,-14.068077087402344,10.362597465515137,11,0,0,0.0,0.0
gated_alive:a_011:100376,a_011,100376,-12.737468719482422,42.02900695800781,11,0,0,0.0,0.0
gated_alive:a_011:100702,a_011,100702,41.01922607421875,21.788291931152344,11,1,5,0.09090909090909091,0.45454545454545453
gated_alive:a_011:101300,a_011,101300,21.213932037353516,-38.27662658691406,11,0,0,0.0,0.0
gated_alive:a_011:101406,a_011,101406,51.112091064453125,3.8090004920959473,11,0,0,0.0,0.0
gated_alive:a_011:101773,a_011,101773,-6.537013530731201,-45.913970947265625,11,0,0,0.0,0.0
gated_alive:a_011:101785,a_011,101785,46.15579605102539,32.33259582519531,11,0,0,0.0,0.0
gated_alive:a_011:102008,a_011,102008,14.925148010253906,44.581668853759766,11,0,0,0.0,0.0
gated_alive:a_011:102525,a_011,102525,8.245256423950195,36.77984619140625,11,0,0,0.0,0.0
gated_alive:a_011:102761,a_011,102761,-23.98086929321289,36.60149002075195,11,0,0,0.0,0.0
gated_alive:a_011:103106,a_011,103106,-29.092628479003906,30.006946563720703,11,0,0,0.0,0.0
gated_alive:a_011:103644,a_011,103644,7.710567474365234,-41.19998550415039,11,0,0,0.0,0.0
gated_alive:a_011:103972,a_011,103972,-2.4056618213653564,24.19559097290039,11,0,0,0.0,0.0
gated_alive:a_011:105103,a_011,105103,-0.39581459760665894,-45.409950256347656,11,0,0,0.0,0.0
gated_alive:a_011:105742,a_011,105742,-11.158693313598633,12.93947982788086,11,0,0,0.0,0.0
gated_alive:a_011:105901,a_011,105901,11.819783210754395,35.880245208740234,11,0,0,0.0,0.0
gated_alive:a_011:107316,a_011,107316,17.552881240844727,52.40396499633789,11,0,0,0.0,0.0
gated_alive:a_011:108146,a_011,108146,40.566463470458984,16.596323013305664,11,0,0,0.0,0.0
gated_alive:a_011:108270,a_011,108270,55.551666259765625,2.6752541065216064,11,0,0,0.0,0.0
gated_alive:a_011:108344,a_011,108344,-52.804908752441406,37.13866424560547,11,0,0,0.0,0.0
gated_alive:a_011:108445,a_011,108445,49.01237869262695,35.93153762817383,11,0,0,0.0,0.0
gated_alive:a_011:108624,a_011,108624,-48.12984848022461,27.293115615844727,11,0,0,0.0,0.0
gated_alive:a_011:108809,a_011,108809,52.60594940185547,30.83028793334961,11,0,0,0.0,0.0
gated_alive:a_011:109245,a_011,109245,55.39774703979492,-6.334040641784668,11,0,0,0.0,0.0
gated_alive:a_011:109664,a_011,109664,31.840129852294922,21.7517147064209,11,0,0,0.0,0.0
gated_alive:a_011:109883,a_011,109883,10.96419620513916,56.97014236450195,11,0,0,0.0,0.0
gated_alive:a_011:110266,a_011,110266,-29.85506248474121,31.543798446655273,11,0,0,0.0,0.0
gated_alive:a_011:110462,a_011,110462,-8.682551383972168,17.4600887298584,11,0,0,0.0,0.0
gated_alive:a_011:110481,a_011,110481,29.055967330932617,27.700700759887695,11,0,0,0.0,0.0
gated_alive:a_011:110796,a_011,110796,51.49565887451172,31.40053367614746,11,0,0,0.0,0.0
gated_alive:a_011:111267,a_011,111267,-16.815011978149414,-45.28141784667969,11,0,0,0.0,0.0
gated_alive:a_011:111271,a_011,111271,-12.3457670211792,22.70211410522461,11,0,0,0.0,0.0
gated_alive:a_011:111846,a_011,111846,38.1596794128418,-18.025875091552734,11,0,2,0.0,0.18181818181818182
gated_alive:a_011:112129,a_011,112129,1.7648626565933228,27.846073150634766,11,0,0,0.0,0.0
gated_alive:a_011:113054,a_011,113054,-46.08854675292969,23.66876220703125,11,0,0,0.0,0.0
gated_alive:a_011:113292,a_011,113292,45.51746368408203,13.208824157714844,11,0,0,0.0,0.0
gated_alive:a_011:113670,a_011,113670,57.2312126159668,28.847856521606445,11,0,0,0.0,0.0
gated_alive:a_011:113728,a_011,113728,46.8312873840332,40.082908630371094,11,0,0,0.0,0.0
gated_alive:a_011:114002,a_011,114002,44.852752685546875,-17.413021087646484,11,0,0,0.0,0.0
gated_alive:a_011:114338,a_011,114338,-34.29249572753906,38.14160919189453,11,0,0,0.0,0.0
gated_alive:a_011:114868,a_011,114868,46.11978530883789,38.30867385864258,11,0,0,0.0,0.0
gated_alive:a_011:114975,a_011,114975,14.284405708312988,-43.523406982421875,11,0,0,0.0,0.0
gated_alive:a_011:115143,a_011,115143,19.97089385986328,-12.562325477600098,11,0,0,0.0,0.0
gated_alive:a_011:115625,a_011,115625,26.271493911743164,53.77300262451172,11,0,0,0.0,0.0
gated_alive:a_011:116935,a_011,116935,52.33027267456055,31.059871673583984,11,0,0,0.0,0.0
gated_alive:a_011:117966,a_011,117966,20.91485023498535,-9.68963623046875,11,0,0,0.0,0.0
gated_alive:a_011:118030,a_011,118030,55.77760314941406,-2.011432647705078,11,0,0,0.0,0.0
gated_alive:a_011:119691,a_011,119691,13.582276344299316,38.4942741394043,11,0,0,0.0,0.0
gated_alive:a_011:120274,a_011,120274,27.311973571777344,52.24378967285156,11,0,0,0.0,0.0
gated_alive:a_011:121434,a_011,121434,35.63670349121094,37.88076400756836,11,0,0,0.0,0.0
gated_alive:a_011:121593,a_011,121593,52.498741149902344,-17.350717544555664,11,0,0,0.0,0.0
gated_alive:a_011:123229,a_011,123229,39.447879791259766,21.820531845092773,11,0,0,0.0,0.0
gated_alive:a_011:123313,a_011,123313,0.05682430416345596,39.673954010009766,11,0,0,0.0,0.0
gated_alive:a_011:123439,a_011,123439,11.220563888549805,60.70067596435547,11,0,0,0.0,0.0
gated_alive:a_011:124138,a_011,124138,30.754898071289062,51.94552993774414,11,0,0,0.0,0.0
gated_alive:a_011:124523,a_011,124523,27.280879974365234,-21.653987884521484,11,0,1,0.0,0.09090909090909091
gated_alive:a_011:125369,a_011,125369,24.493000030517578,51.83479309082031,11,0,0,0.0,0.0
gated_alive:a_011:125987,a_011,125987,-17.388999938964844,-49.89016342163086,11,0,0,0.0,0.0
gated_alive:a_011:126069,a_011,126069,31.780637741088867,21.157127380371094,11,0,0,0.0,0.0
gated_alive:a_011:126636,a_011,126636,11.535120010375977,39.6663932800293,11,0,0,0.0,0.0
gated_alive:a_011:126883,a_011,126883,3.331629514694214,45.33290481567383,11,0,0,0.0,0.0
gated_alive:a_011:128258,a_011,128258,46.233673095703125,41.09456253051758,11,0,0,0.0,0.0
gated_alive:a_011:128282,a_011,128282,-44.213836669921875,-28.865190505981445,11,0,0,0.0,0.0
gated_alive:a_011:128424,a_011,128424,30.677865982055664,36.408119201660156,11,0,0,0.0,0.0
gated_alive:a_011:128774,a_011,128774,55.278953552246094,10.226036071777344,11,0,0,0.0,0.0
gated_alive:a_011:129561,a_011,129561,-30.670454025268555,-7.537622451782227,11,0,0,0.0,0.0
gated_alive:a_011:129818,a_011,129818,21.393003463745117,47.39775085449219,11,0,0,0.0,0.0
gated_alive:a_011:130000,a_011,130000,32.20561599731445,49.412235260009766,11,0,0,0.0,0.0
gated_alive:a_011:131935,a_011,131935,31.440832138061523,39.35103225708008,11,0,0,0.0,0.0
gated_alive:a_011:132270,a_011,132270,5.016592979431152,-38.355384826660156,11,0,1,0.0,0.09090909090909091
gated_alive:a_011:132770,a_011,132770,-14.248991966247559,-17.753637313842773,11,0,0,0.0,0.0
gated_alive:a_011:133160,a_011,133160,19.65013313293457,-40.886722564697266,11,0,1,0.0,0.09090909090909091
gated_alive:a_011:133826,a_011,133826,16.002416610717773,38.61467361450195,11,0,0,0.0,0.0
gated_alive:a_011:134584,a_011,134584,14.643887519836426,52.16362380981445,11,0,0,0.0,0.0
gated_alive:a_011:134791,a_011,134791,6.187880039215088,57.1088752746582,11,0,0,0.0,0.0
gated_alive:a_011:134956,a_011,134956,48.379085540771484,-23.80110740661621,11,0,0,0.0,0.0
gated_alive:a_011:135224,a_011,135224,17.310136795043945,-48.03336715698242,11,0,0,0.0,0.0
gated_alive:a_011:135983,a_011,135983,1.8164137601852417,-48.565677642822266,11,0,0,0.0,0.0
gated_alive:a_011:136460,a_011,136460,41.10719299316406,-27.82394790649414,11,0,0,0.0,0.0
gated_alive:a_011:136525,a_011,136525,5.621583461761475,42.82145690917969,11,0,0,0.0,0.0
gated_alive:a_011:137762,a_011,137762,-44.01754379272461,29.454504013061523,11,0,0,0.0,0.0
gated_alive:a_011:138143,a_011,138143,54.377227783203125,31.279603958129883,11,0,0,0.0,0.0
gated_alive:a_011:138586,a_011,138586,53.287227630615234,-0.6099284887313843,11,0,0,0.0,0.0
gated_alive:a_011:139026,a_011,139026,-5.893014430999756,-45.720916748046875,11,0,0,0.0,0.0
gated_alive:a_011:139620,a_011,139620,45.4873046875,27.55855369567871,11,0,0,0.0,0.0
gated_alive:a_011:139870,a_011,139870,52.957359313964844,-2.5328457355499268,11,0,0,0.0,0.0
gated_alive:a_011:140326,a_011,140326,-14.229677200317383,-23.07918930053711,11,0,0,0.0,0.0
gated_alive:a_011:141560,a_011,141560,44.00709533691406,-20.904266357421875,11,0,0,0.0,0.0
gated_alive:a_011:141852,a_011,141852,50.186805725097656,-18.18710708618164,11,0,0,0.0,0.0
gated_alive:a_011:142244,a_011,142244,36.29666519165039,36.017662048339844,11,0,0,0.0,0.0
gated_alive:a_011:142794,a_011,142794,-37.031707763671875,13.636430740356445,11,0,0,0.0,0.0
gated_alive:a_011:142849,a_011,142849,-26.34280014038086,-14.281804084777832,11,0,0,0.0,0.0
gated_alive:a_011:143477,a_011,143477,-48.21376037597656,22.608661651611328,11,0,0,0.0,0.0
gated_alive:a_011:143685,a_011,143685,8.167459487915039,35.565128326416016,11,0,0,0.0,0.0
gated_alive:a_011:143953,a_011,143953,-9.866033554077148,58.70234680175781,11,0,0,0.0,0.0
gated_alive:a_011:144817,a_011,144817,19.6787166595459,51.06807327270508,11,0,0,0.0,0.0
gated_alive:a_011:145045,a_011,145045,29.4321231842041,36.226722717285156,11,0,0,0.0,0.0
gated_alive:a_011:145222,a_011,145222,31.834230422973633,21.90326499938965,11,0,0,0.0,0.0
gated_alive:a_011:145698,a_011,145698,13.628512382507324,43.184383392333984,11,0,0,0.0,0.0
gated_alive:a_011:146252,a_011,146252,53.76200866699219,29.507041931152344,11,0,0,0.0,0.0
gated_alive:a_011:146783,a_011,146783,44.71067428588867,-12.611220359802246,11,0,0,0.0,0.0
gated_alive:a_011:146958,a_011,146958,48.16481018066406,-23.717884063720703,11,0,0,0.0,0.0
gated_alive:a_011:147047,a_011,147047,21.89822006225586,55.55413055419922,11,0,0,0.0,0.0
gated_alive:a_011:147119,a_011,147119,-6.844847679138184,-39.30591583251953,11,0,0,0.0,0.0
gated_alive:a_011:148060,a_011,148060,-11.701783180236816,18.359655380249023,11,0,0,0.0,0.0
gated_alive:a_011:148608,a_011,148608,45.842342376708984,33.3916130065918,11,0,0,0.0,0.0
gated_alive:a_011:149693,a_011,149693,12.639978408813477,46.56818771362305,11,0,0,0.0,0.0
gated_alive:a_011:151234,a_011,151234,-7.467731952667236,-63.226776123046875,11,0,0,0.0,0.0
gated_alive:a_011:151491,a_011,151491,47.33049011230469,-24.389013290405273,11,0,0,0.0,0.0
gated_alive:a_011:151804,a_011,151804,51.345298767089844,31.956100463867188,11,0,0,0.0,0.0
gated_alive:a_011:151885,a_011,151885,40.53600311279297,-24.180150985717773,11,0,0,0.0,0.0
gated_alive:a_011:152408,a_011,152408,26.3243408203125,-37.07291793823242,11,0,0,0.0,0.0
gated_alive:a_011:152563,a_011,152563,40.980987548828125,-22.060718536376953,11,0,0,0.0,0.0
gated_alive:a_011:152582,a_011,152582,-28.181856155395508,33.96084213256836,11,0,0,0.0,0.0
gated_alive:a_011:152624,a_011,152624,-26.048540115356445,36.60930252075195,11,0,0,0.0,0.0
gated_alive:a_011:152995,a_011,152995,41.03339385986328,6.581084251403809,11,0,0,0.0,0.0
gated_alive:a_011:153752,a_011,153752,2.076772451400757,32.555057525634766,11,0,0,0.0,0.0
gated_alive:a_011:156028,a_011,156028,9.424444198608398,37.91517639160156,11,0,0,0.0,0.0
gated_alive:a_011:159210,a_011,159210,-37.437705993652344,-15.872330665588379,11,0,0,0.0,0.0
gated_alive:a_011:159755,a_011,159755,48.278079986572266,-14.184187889099121,11,0,0,0.0,0.0
gated_alive:a_011:160364,a_011,160364,-27.605934143066406,-11.935527801513672,11,0,0,0.0,0.0
gated_alive:a_011:160453,a_011,160453,44.74085998535156,-16.88543128967285,11,0,0,0.0,0.0
gated_alive:a_011:160480,a_011,160480,54.31048583984375,-6.4481329917907715,11,0,0,0.0,0.0
gated_alive:a_011:161116,a_011,161116,35.677364349365234,-18.869043350219727,11,0,0,0.0,0.0
gated_alive:a_011:162455,a_011,162455,2.746548652648926,41.386417388916016,11,0,0,0.0,0.0
gated_alive:a_011:162745,a_011,162745,49.546451568603516,-18.110036849975586,11,0,0,0.0,0.0
gated_alive:a_011:163561,a_011,163561,-6.41185998916626,20.116788864135742,11,0,0,0.0,0.0
gated_alive:a_011:163785,a_011,163785,13.526955604553223,38.38808822631836,11,0,0,0.0,0.0
gated_alive:a_011:164262,a_011,164262,6.732183933258057,21.26605796813965,11,0,0,0.0,0.0
gated_alive:a_011:164713,a_011,164713,-6.350717067718506,25.3809871673584,11,0,0,0.0,0.0
gated_alive:a_011:164756,a_011,164756,26.851654052734375,46.136722564697266,11,0,0,0.0,0.0
gated_alive:a_011:165016,a_011,165016,-12.287109375,57.888938903808594,11,0,0,0.0,0.0
gated_alive:a_011:165035,a_011,165035,2.852158546447754,14.614357948303223,11,0,0,0.0,0.0
gated_alive:a_011:165903,a_011,165903,74.93962097167969,-13.124994277954102,11,0,0,0.0,0.0
gated_alive:a_011:166507,a_011,166507,-13.338554382324219,-37.63701248168945,11,0,0,0.0,0.0
gated_alive:a_011:166570,a_011,166570,-33.80213928222656,-10.407198905944824,11,0,0,0.0,0.0
gated_alive:a_011:167961,a_011,167961,17.121492385864258,51.99102783203125,11,0,0,0.0,0.0
gated_alive:a_011:168555,a_011,168555,-12.18665885925293,8.549846649169922,11,0,0,0.0,0.0
gated_alive:a_011:168799,a_011,168799,10.484086036682129,31.859052658081055,11,0,0,0.0,0.0
gated_alive:a_011:169355,a_011,169355,-5.309003829956055,19.751628875732422,11,0,0,0.0,0.0
gated_alive:a_011:170554,a_011,170554,19.60974884033203,-13.208473205566406,11,0,0,0.0,0.0
gated_alive:a_011:172843,a_011,172843,-15.559660911560059,10.338735580444336,11,0,0,0.0,0.0
gated_alive:a_011:173798,a_011,173798,-27.839176177978516,-12.825634956359863,11,0,0,0.0,0.0
gated_alive:a_011:174071,a_011,174071,9.92564582824707,66.61823272705078,11,0,0,0.0,0.0
gated_alive:a_011:174408,a_011,174408,54.45447540283203,-1.5350972414016724,11,0,0,0.0,0.0
gated_alive:a_011:175255,a_011,175255,0.8045874834060669,44.1500358581543,11,0,0,0.0,0.0
gated_alive:a_011:175952,a_011,175952,44.57415771484375,-16.31432342529297,11,0,0,0.0,0.0
gated_alive:a_011:177380,a_011,177380,54.07490158081055,29.510705947875977,11,0,0,0.0,0.0
gated_alive:a_011:177516,a_011,177516,-15.698533058166504,2.123110055923462,11,0,0,0.0,0.0
gated_alive:a_011:179684,a_011,179684,52.867977142333984,-9.524542808532715,11,0,0,0.0,0.0
gated_alive:a_011:180185,a_011,180185,36.5321044921875,44.00519561767578,11,0,0,0.0,0.0
gated_alive:a_011:180388,a_011,180388,51.67771530151367,2.5037529468536377,11,0,0,0.0,0.0
gated_alive:a_011:180507,a_011,180507,-8.937885284423828,-19.556758880615234,11,0,0,0.0,0.0
gated_alive:a_011:182206,a_011,182206,49.3282470703125,-20.322208404541016,11,0,0,0.0,0.0
gated_alive:a_011:182316,a_011,182316,-38.854888916015625,-10.736213684082031,11,0,0,0.0,0.0
gated_alive:a_011:182771,a_011,182771,-6.874272346496582,-43.965518951416016,11,0,0,0.0,0.0
gated_alive:a_011:184664,a_011,184664,-47.31525421142578,9.416791915893555,11,0,0,0.0,0.0
gated_alive:a_011:185223,a_011,185223,-27.988988876342773,33.06262969970703,11,0,0,0.0,0.0
gated_alive:a_011:186079,a_011,186079,51.114200592041016,30.332670211791992,11,0,0,0.0,0.0
gated_alive:a_011:186538,a_011,186538,41.96438980102539,-28.093547821044922,11,0,0,0.0,0.0
gated_alive:a_011:186842,a_011,186842,24.052507400512695,42.5930061340332,11,0,0,0.0,0.0
gated_alive:a_011:187106,a_011,187106,48.765296936035156,26.835494995117188,11,0,0,0.0,0.0
gated_alive:a_011:187744,a_011,187744,-46.668399810791016,-15.441762924194336,11,0,0,0.0,0.0
gated_alive:a_011:188721,a_011,188721,-4.073643684387207,-33.700836181640625,11,0,0,0.0,0.0
gated_alive:a_011:189008,a_011,189008,-6.549121856689453,-47.124874114990234,11,0,0,0.0,0.0
gated_alive:a_011:189825,a_011,189825,15.481206893920898,6.657660484313965,11,0,0,0.0,0.0
gated_alive:a_011:190190,a_011,190190,47.34955596923828,-20.789615631103516,11,0,0,0.0,0.0
gated_alive:a_011:190838,a_011,190838,26.02290916442871,52.205047607421875,11,0,0,0.0,0.0
gated_alive:a_011:191278,a_011,191278,-23.496225357055664,24.64828872680664,11,0,0,0.0,0.0
gated_alive:a_011:192045,a_011,192045,2.6922171115875244,29.722047805786133,11,0,0,0.0,0.0
gated_alive:a_011:192335,a_011,192335,8.922560691833496,-30.89153480529785,11,0,0,0.0,0.0
gated_alive:a_011:192554,a_011,192554,38.29939651489258,-26.141660690307617,11,0,0,0.0,0.0
gated_alive:a_011:193231,a_011,193231,49.95326614379883,4.140368461608887,11,0,0,0.0,0.0
gated_alive:a_011:193267,a_011,193267,50.01536560058594,7.169715404510498,11,0,0,0.0,0.0
gated_alive:a_011:193723,a_011,193723,-48.08763885498047,43.624244689941406,11,0,0,0.0,0.0
gated_alive:a_011:194999,a_011,194999,7.369860649108887,44.14042663574219,11,0,0,0.0,0.0
gated_alive:a_011:195183,a_011,195183,-33.338653564453125,-11.937921524047852,11,0,0,0.0,0.0
gated_alive:a_011:195606,a_011,195606,53.14784622192383,-4.950122833251953,11,0,0,0.0,0.0
gated_alive:a_011:195671,a_011,195671,3.6687569618225098,-29.86601448059082,11,0,0,0.0,0.0
gated_alive:a_011:195759,a_011,195759,10.255241394042969,44.49894332885742,11,0,0,0.0,0.0
gated_alive:a_011:196608,a_011,196608,23.403915405273438,-5.208321571350098,11,0,0,0.0,0.0
gated_alive:a_011:197076,a_011,197076,-29.898239135742188,-30.248653411865234,11,0,0,0.0,0.0
gated_alive:a_011:197614,a_011,197614,39.4828987121582,36.10686492919922,11,0,0,0.0,0.0
gated_alive:a_011:197824,a_011,197824,-27.321428298950195,32.05881118774414,11,0,0,0.0,0.0
gated_alive:a_011:198682,a_011,198682,34.791664123535156,50.963294982910156,11,0,0,0.0,0.0
gated_alive:a_011:200054,a_011,200054,17.111007690429688,48.4005126953125,11,0,0,0.0,0.0
gated_alive:a_011:200638,a_011,200638,43.14698791503906,33.52294921875,11,0,0,0.0,0.0
gated_alive:a_011:200987,a_011,200987,54.74595642089844,14.97468376159668,11,0,0,0.0,0.0
gated_alive:a_011:201427,a_011,201427,50.373565673828125,-21.772275924682617,11,0,0,0.0,0.0
gated_alive:a_011:201551,a_011,201551,53.607242584228516,28.762815475463867,11,0,0,0.0,0.0
gated_alive:a_011:202817,a_011,202817,34.610652923583984,-17.870773315429688,11,0,0,0.0,0.0
gated_alive:a_011:204058,a_011,204058,44.286170959472656,-16.372241973876953,11,0,0,0.0,0.0
gated_alive:a_011:204186,a_011,204186,41.909061431884766,-16.599308013916016,11,0,0,0.0,0.0
gated_alive:a_011:204668,a_011,204668,-30.76435661315918,26.901063919067383,11,0,0,0.0,0.0
gated_alive:a_011:204681,a_011,204681,-1.6103414297103882,17.364639282226562,11,0,0,0.0,0.0
gated_alive:a_011:205019,a_011,205019,51.79138946533203,35.19466781616211,11,0,0,0.0,0.0
gated_alive:a_011:205409,a_011,205409,40.41876220703125,36.82831954956055,11,0,0,0.0,0.0
gated_alive:a_011:206764,a_011,206764,19.654848098754883,-39.59019470214844,11,0,0,0.0,0.0
gated_alive:a_011:206951,a_011,206951,-31.7168025970459,-9.055436134338379,11,0,0,0.0,0.0
gated_alive:a_011:207192,a_011,207192,30.600675582885742,27.375686645507812,11,0,0,0.0,0.0
gated_alive:a_011:207430,a_011,207430,39.59196853637695,-23.566164016723633,11,0,0,0.0,0.0
gated_alive:a_011:207857,a_011,207857,28.65660858154297,39.83805465698242,11,0,0,0.0,0.0
gated_alive:a_011:208274,a_011,208274,51.18027114868164,29.55768585205078,11,0,0,0.0,0.0
gated_alive:a_011:210388,a_011,210388,4.109067916870117,59.34696960449219,11,0,0,0.0,0.0
gated_alive:a_011:211003,a_011,211003,20.98221206665039,48.801753997802734,11,0,0,0.0,0.0
gated_alive:a_011:211249,a_011,211249,43.344093322753906,-20.76679039001465,11,0,0,0.0,0.0
gated_alive:a_011:211954,a_011,211954,-31.531578063964844,-26.957714080810547,11,0,0,0.0,0.0
gated_alive:a_011:212309,a_011,212309,4.918008327484131,49.8570671081543,11,0,0,0.0,0.0
gated_alive:a_011:212568,a_011,212568,13.143638610839844,57.486671447753906,11,0,0,0.0,0.0
gated_alive:a_011:212681,a_011,212681,45.265159606933594,-18.859506607055664,11,0,0,0.0,0.0
gated_alive:a_011:212746,a_011,212746,34.296600341796875,18.622577667236328,11,0,1,0.0,0.09090909090909091
gated_alive:a_011:212876,a_011,212876,12.223392486572266,-2.093466281890869,11,0,0,0.0,0.0
gated_alive:a_011:213069,a_011,213069,-27.862409591674805,30.277912139892578,11,0,0,0.0,0.0
gated_alive:a_011:213095,a_011,213095,72.76399230957031,-23.85186004638672,11,0,0,0.0,0.0
gated_alive:a_011:213556,a_011,213556,11.427566528320312,17.829238891601562,11,0,0,0.0,0.0
gated_alive:a_011:214181,a_011,214181,-12.627429008483887,-47.30677795410156,11,0,0,0.0,0.0
gated_alive:a_011:215115,a_011,215115,51.259605407714844,-15.616270065307617,11,0,0,0.0,0.0
gated_alive:a_011:216138,a_011,216138,46.20053482055664,18.84994888305664,11,0,0,0.0,0.0
gated_alive:a_011:216299,a_011,216299,-31.198184967041016,-24.521549224853516,11,0,0,0.0,0.0
gated_alive:a_011:217476,a_011,217476,49.65861892700195,4.6457014083862305,11,0,0,0.0,0.0
gated_alive:a_011:217735,a_011,217735,38.2141227722168,23.94140625,11,0,0,0.0,0.0
gated_alive:a_011:218483,a_011,218483,-32.44679260253906,32.056461334228516,11,0,0,0.0,0.0
gated_alive:a_011:219644,a_011,219644,4.217328071594238,44.539974212646484,11,0,0,0.0,0.0
gated_alive:a_011:220150,a_011,220150,-9.52216911315918,-41.93871307373047,11,0,0,0.0,0.0
gated_alive:a_011:220443,a_011,220443,44.1180419921875,13.18169116973877,11,0,0,0.0,0.0
gated_alive:a_011:220636,a_011,220636,28.109939575195312,48.79532241821289,11,0,0,0.0,0.0
gated_alive:a_011:221029,a_011,221029,52.521175384521484,-20.261228561401367,11,0,0,0.0,0.0
gated_alive:a_011:222244,a_011,222244,24.298912048339844,50.45466232299805,11,0,0,0.0,0.0
gated_alive:a_011:222484,a_011,222484,10.203388214111328,53.78385543823242,11,0,0,0.0,0.0
gated_alive:a_011:222718,a_011,222718,21.170455932617188,4.398858070373535,11,0,0,0.0,0.0
gated_alive:a_011:223035,a_011,223035,44.11964416503906,-23.632667541503906,11,0,0,0.0,0.0
gated_alive:a_011:225964,a_011,225964,-6.044313907623291,-45.721832275390625,11,0,0,0.0,0.0
gated_alive:a_011:225968,a_011,225968,51.70616149902344,-8.834789276123047,11,0,0,0.0,0.0
gated_alive:a_011:226264,a_011,226264,-16.718294143676758,-39.436805725097656,11,0,0,0.0,0.0
gated_alive:a_011:226304,a_011,226304,19.6087703704834,-12.295280456542969,11,0,0,0.0,0.0
gated_alive:a_011:227127,a_011,227127,30.702669143676758,0.47391843795776367,11,0,0,0.0,0.0
gated_alive:a_011:227732,a_011,227732,52.29371643066406,5.633247375488281,11,0,0,0.0,0.0
gated_alive:a_011:229995,a_011,229995,-61.639442443847656,-7.174152851104736,11,0,0,0.0,0.0
gated_alive:a_011:230227,a_011,230227,-3.6729495525360107,47.60457992553711,11,0,0,0.0,0.0
gated_alive:a_011:230448,a_011,230448,43.93727493286133,-20.085594177246094,11,0,0,0.0,0.0
gated_alive:a_011:230924,a_011,230924,52.789756774902344,-17.15692710876465,11,0,0,0.0,0.0
gated_alive:a_011:230935,a_011,230935,8.77590274810791,46.07459259033203,11,0,0,0.0,0.0
gated_alive:a_011:231110,a_011,231110,49.44468688964844,-20.278841018676758,11,0,0,0.0,0.0
gated_alive:a_011:231148,a_011,231148,-2.573498487472534,23.759645462036133,11,0,0,0.0,0.0
gated_alive:a_011:231233,a_011,231233,39.036582946777344,-19.94766616821289,11,0,0,0.0,0.0
gated_alive:a_011:231302,a_011,231302,52.17720031738281,-7.5530476570129395,11,0,0,0.0,0.0
gated_alive:a_011:231468,a_011,231468,4.991113662719727,45.95053482055664,11,0,0,0.0,0.0
gated_alive:a_011:232146,a_011,232146,-6.793096542358398,55.6011848449707,11,0,0,0.0,0.0
gated_alive:a_011:232384,a_011,232384,-7.912027359008789,-38.03185272216797,11,0,0,0.0,0.0
gated_alive:a_011:232765,a_011,232765,24.394351959228516,42.305335998535156,11,0,0,0.0,0.0
gated_alive:a_011:234568,a_011,234568,13.21163272857666,-0.9994628429412842,11,0,0,0.0,0.0
gated_alive:a_011:235218,a_011,235218,68.9455337524414,-21.49714469909668,11,0,0,0.0,0.0
gated_alive:a_011:235991,a_011,235991,47.05782699584961,40.3574104309082,11,0,0,0.0,0.0
gated_alive:a_011:237662,a_011,237662,16.771129608154297,-27.602413177490234,11,0,2,0.0,0.18181818181818182
gated_alive:a_011:239080,a_011,239080,24.350616455078125,16.72225570678711,11,0,0,0.0,0.0
gated_alive:a_011:240178,a_011,240178,9.841543197631836,66.50296020507812,11,2,4,0.18181818181818182,0.36363636363636365
gated_alive:a_011:240965,a_011,240965,48.64155960083008,-27.02207374572754,11,0,0,0.0,0.0
gated_alive:a_011:241115,a_011,241115,10.625408172607422,-43.28913879394531,11,0,0,0.0,0.0
gated_alive:a_011:241825,a_011,241825,44.70518493652344,35.78145217895508,11,0,0,0.0,0.0
gated_alive:a_011:241947,a_011,241947,59.370628356933594,-16.120969772338867,11,0,0,0.0,0.0
gated_alive:a_011:242297,a_011,242297,50.67020797729492,-14.060735702514648,11,0,0,0.0,0.0
gated_alive:a_011:242480,a_011,242480,11.804465293884277,54.11417007446289,11,0,0,0.0,0.0
gated_alive:a_011:243114,a_011,243114,-27.776521682739258,32.773380279541016,11,0,0,0.0,0.0
gated_alive:a_011:243367,a_011,243367,20.04007911682129,-40.10712814331055,11,0,0,0.0,0.0
gated_alive:a_011:243824,a_011,243824,16.255334854125977,47.520572662353516,11,0,0,0.0,0.0
gated_alive:a_011:244896,a_011,244896,29.672197341918945,36.061031341552734,11,0,0,0.0,0.0
gated_alive:a_011:245151,a_011,245151,3.9243361949920654,40.022560119628906,11,0,0,0.0,0.0
gated_alive:a_011:247473,a_011,247473,-1.2474312782287598,16.74714469909668,11,0,0,0.0,0.0
gated_alive:a_011:248098,a_011,248098,16.184690475463867,41.79603576660156,11,0,0,0.0,0.0
gated_alive:a_011:248794,a_011,248794,6.556009292602539,51.868587493896484,11,0,0,0.0,0.0
gated_alive:a_011:248838,a_011,248838,16.02913475036621,-28.77590560913086,11,0,0,0.0,0.0
gated_alive:a_011:249484,a_011,249484,-46.316810607910156,31.178024291992188,11,0,0,0.0,0.0
gated_alive:a_011:249494,a_011,249494,46.71125411987305,39.793701171875,11,0,0,0.0,0.0
gated_alive:a_011:249951,a_011,249951,5.869630336761475,42.57257843017578,11,0,0,0.0,0.0
gated_alive:a_011:250616,a_011,250616,30.30167579650879,-39.92326354980469,11,0,0,0.0,0.0
gated_alive:a_011:251299,a_011,251299,-2.790990114212036,17.28362274169922,11,0,0,0.0,0.0
gated_alive:a_011:251554,a_011,251554,40.813720703125,-25.34881591796875,11,0,0,0.0,0.0
gated_alive:a_011:252075,a_011,252075,39.34667205810547,-16.339763641357422,11,0,0,0.0,0.0
gated_alive:a_011:252767,a_011,252767,-5.74175500869751,-45.67716598510742,11,0,0,0.0,0.0
gated_alive:a_011:253379,a_011,253379,7.863070487976074,35.51490783691406,11,0,0,0.0,0.0
gated_alive:a_011:253500,a_011,253500,-12.339896202087402,3.359818696975708,11,0,0,0.0,0.0
gated_alive:a_011:253724,a_011,253724,41.821800231933594,-12.140860557556152,11,0,0,0.0,0.0
gated_alive:a_011:254319,a_011,254319,-2.398635149002075,18.444379806518555,11,0,0,0.0,0.0
gated_alive:a_011:255595,a_011,255595,11.944931983947754,46.01205062866211,11,0,0,0.0,0.0
gated_alive:a_011:255776,a_011,255776,12.444206237792969,61.35637283325195,11,0,0,0.0,0.0
gated_alive:a_011:256048,a_011,256048,5.799310207366943,36.35042953491211,11,0,0,0.0,0.0
gated_alive:a_011:256263,a_011,256263,-27.04829978942871,33.29793930053711,11,0,0,0.0,0.0
gated_alive:a_011:256358,a_011,256358,8.579463958740234,65.15299224853516,11,0,0,0.0,0.0
gated_alive:a_011:256625,a_011,256625,50.571224212646484,-13.660552024841309,11,0,0,0.0,0.0
gated_alive:a_011:257554,a_011,257554,-31.990234375,-11.238466262817383,11,0,0,0.0,0.0
gated_alive:a_011:257746,a_011,257746,31.638769149780273,20.47220802307129,11,0,0,0.0,0.0
gated_alive:a_011:257970,a_011,257970,18.372329711914062,3.419851541519165,11,0,0,0.0,0.0
gated_alive:a_011:258369,a_011,258369,46.03803634643555,18.61836051940918,11,0,0,0.0,0.0
gated_alive:a_012:14,a_012,14,23.476537704467773,-16.95294761657715,6,0,0,0.0,0.0
gated_alive:a_012:159,a_012,159,-16.121482849121094,35.236995697021484,6,0,0,0.0,0.0
gated_alive:a_012:256,a_012,256,49.76698303222656,16.60703468322754,6,0,0,0.0,0.0
gated_alive:a_012:300,a_012,300,50.883934020996094,31.977415084838867,6,0,0,0.0,0.0
gated_alive:a_012:1192,a_012,1192,19.907814025878906,47.381736755371094,6,0,0,0.0,0.0
gated_alive:a_012:1732,a_012,1732,-23.578622817993164,36.9200553894043,6,0,0,0.0,0.0
gated_alive:a_012:1870,a_012,1870,-3.247105598449707,39.76205825805664,6,0,0,0.0,0.0
gated_alive:a_012:1928,a_012,1928,-12.050471305847168,8.584054946899414,6,0,0,0.0,0.0
gated_alive:a_012:2181,a_012,2181,-13.8981351852417,33.24225997924805,6,0,0,0.0,0.0
gated_alive:a_012:2585,a_012,2585,-23.120573043823242,28.794708251953125,6,0,0,0.0,0.0
gated_alive:a_012:2956,a_012,2956,4.598813533782959,35.76992416381836,6,0,0,0.0,0.0
gated_alive:a_012:4437,a_012,4437,46.30146789550781,32.34620666503906,6,0,0,0.0,0.0
gated_alive:a_012:4872,a_012,4872,29.479656219482422,25.50212287902832,6,0,0,0.0,0.0
gated_alive:a_012:5382,a_012,5382,44.26437759399414,33.47564697265625,6,0,0,0.0,0.0
gated_alive:a_012:5553,a_012,5553,14.701973915100098,14.356417655944824,6,0,0,0.0,0.0
gated_alive:a_012:5688,a_012,5688,44.401458740234375,26.0345458984375,6,0,0,0.0,0.0
gated_alive:a_012:6112,a_012,6112,65.44876098632812,-18.231237411499023,6,0,0,0.0,0.0
gated_alive:a_012:6123,a_012,6123,46.41825485229492,35.75540542602539,6,0,0,0.0,0.0
gated_alive:a_012:6311,a_012,6311,9.171967506408691,62.90952682495117,6,0,0,0.0,0.0
gated_alive:a_012:6634,a_012,6634,56.312103271484375,-3.3545212745666504,6,0,0,0.0,0.0
gated_alive:a_012:6908,a_012,6908,16.290334701538086,41.90117645263672,6,0,0,0.0,0.0
gated_alive:a_012:7293,a_012,7293,24.450536727905273,-19.06190299987793,6,0,0,0.0,0.0
gated_alive:a_012:7684,a_012,7684,23.838171005249023,51.20403289794922,6,0,0,0.0,0.0
gated_alive:a_012:8156,a_012,8156,23.575016021728516,-16.991405487060547,6,0,0,0.0,0.0
gated_alive:a_012:8261,a_012,8261,-18.677654266357422,28.06162452697754,6,0,0,0.0,0.0
gated_alive:a_012:8798,a_012,8798,58.71982192993164,28.895750045776367,6,0,0,0.0,0.0
gated_alive:a_012:9090,a_012,9090,38.78521728515625,-40.363182067871094,6,0,0,0.0,0.0
gated_alive:a_012:9223,a_012,9223,42.3596305847168,-28.546354293823242,6,0,0,0.0,0.0
gated_alive:a_012:9259,a_012,9259,27.979394912719727,22.523239135742188,6,0,0,0.0,0.0
gated_alive:a_012:9624,a_012,9624,11.995244026184082,-13.255120277404785,6,0,0,0.0,0.0
gated_alive:a_012:9792,a_012,9792,-33.87099838256836,33.406375885009766,6,0,0,0.0,0.0
gated_alive:a_012:10151,a_012,10151,19.760475158691406,51.094791412353516,6,0,0,0.0,0.0
gated_alive:a_012:10784,a_012,10784,8.98352336883545,-32.52510070800781,6,0,0,0.0,0.0
gated_alive:a_012:10881,a_012,10881,31.015785217285156,37.77719497680664,6,0,0,0.0,0.0
gated_alive:a_012:10886,a_012,10886,14.852832794189453,-44.80436325073242,6,0,0,0.0,0.0
gated_alive:a_012:11310,a_012,11310,21.89560317993164,41.234561920166016,6,0,0,0.0,0.0
gated_alive:a_012:11997,a_012,11997,8.79277515411377,45.411231994628906,6,0,0,0.0,0.0
gated_alive:a_012:12033,a_012,12033,12.463221549987793,-46.60287094116211,6,0,0,0.0,0.0
gated_alive:a_012:12238,a_012,12238,-3.3154664039611816,-35.69046401977539,6,0,0,0.0,0.0
gated_alive:a_012:12567,a_012,12567,43.1819953918457,37.04323196411133,6,0,0,0.0,0.0
gated_alive:a_012:13538,a_012,13538,51.77951431274414,-25.440017700195312,6,0,0,0.0,0.0
gated_alive:a_012:13548,a_012,13548,30.748003005981445,51.648006439208984,6,0,0,0.0,0.0
gated_alive:a_012:13791,a_012,13791,23.362911224365234,-26.453632354736328,6,0,0,0.0,0.0
gated_alive:a_012:14598,a_012,14598,-37.04156494140625,13.366519927978516,6,0,0,0.0,0.0
gated_alive:a_012:14712,a_012,14712,15.032493591308594,44.59675216674805,6,0,0,0.0,0.0
gated_alive:a_012:15002,a_012,15002,7.434787273406982,-28.834651947021484,6,0,0,0.0,0.0
gated_alive:a_012:15648,a_012,15648,7.946232795715332,-14.474847793579102,6,0,0,0.0,0.0
gated_alive:a_012:15750,a_012,15750,23.068500518798828,35.80998611450195,6,0,0,0.0,0.0
gated_alive:a_012:16657,a_012,16657,7.404932975769043,27.19603157043457,6,0,0,0.0,0.0
gated_alive:a_012:17268,a_012,17268,37.22237777709961,-37.44471740722656,6,0,0,0.0,0.0
gated_alive:a_012:17342,a_012,17342,54.1667594909668,28.475479125976562,6,0,0,0.0,0.0
gated_alive:a_012:17540,a_012,17540,19.755767822265625,-44.278221130371094,6,0,0,0.0,0.0
gated_alive:a_012:18197,a_012,18197,45.69082260131836,30.38161277770996,6,0,0,0.0,0.0
gated_alive:a_012:18252,a_012,18252,32.44746398925781,-34.662940979003906,6,0,0,0.0,0.0
gated_alive:a_012:18509,a_012,18509,68.63108825683594,-22.29804801940918,6,0,0,0.0,0.0
gated_alive:a_012:18535,a_012,18535,40.264156341552734,15.816064834594727,6,0,0,0.0,0.0
gated_alive:a_012:18597,a_012,18597,67.93634033203125,-23.288055419921875,6,0,0,0.0,0.0
gated_alive:a_012:19221,a_012,19221,23.50507926940918,-33.40839767456055,6,0,0,0.0,0.0
gated_alive:a_012:19239,a_012,19239,45.89044189453125,39.03334426879883,6,0,0,0.0,0.0
gated_alive:a_012:19542,a_012,19542,51.029571533203125,15.930927276611328,6,0,0,0.0,0.0
gated_alive:a_012:19959,a_012,19959,-15.97243595123291,16.402254104614258,6,0,0,0.0,0.0
gated_alive:a_012:20237,a_012,20237,7.099279403686523,35.83964157104492,6,0,0,0.0,0.0
gated_alive:a_012:20335,a_012,20335,-11.54741382598877,10.358574867248535,6,0,0,0.0,0.0
gated_alive:a_012:20417,a_012,20417,31.77280044555664,20.128759384155273,6,0,0,0.0,0.0
gated_alive:a_012:20982,a_012,20982,30.62845802307129,36.033382415771484,6,0,0,0.0,0.0
gated_alive:a_012:21025,a_012,21025,70.93061065673828,-24.794225692749023,6,0,0,0.0,0.0
gated_alive:a_012:21053,a_012,21053,-6.885697364807129,6.0667290687561035,6,0,0,0.0,0.0
gated_alive:a_012:21314,a_012,21314,0.8550646305084229,-0.3640710413455963,6,0,0,0.0,0.0
gated_alive:a_012:21477,a_012,21477,-4.885559558868408,7.8408331871032715,6,0,0,0.0,0.0
gated_alive:a_012:21872,a_012,21872,-31.717924118041992,34.30333709716797,6,0,0,0.0,0.0
gated_alive:a_012:22582,a_012,22582,19.09588623046875,35.416866302490234,6,0,0,0.0,0.0
gated_alive:a_012:22738,a_012,22738,11.093084335327148,19.732744216918945,6,0,0,0.0,0.0
gated_alive:a_012:23595,a_012,23595,46.76063919067383,-17.97699737548828,6,0,0,0.0,0.0
gated_alive:a_012:24170,a_012,24170,-38.751739501953125,45.799869537353516,6,0,0,0.0,0.0
gated_alive:a_012:24354,a_012,24354,46.55988311767578,-37.26219177246094,6,0,0,0.0,0.0
gated_alive:a_012:24825,a_012,24825,45.459815979003906,-24.743005752563477,6,0,0,0.0,0.0
gated_alive:a_012:27024,a_012,27024,51.85114288330078,26.12539291381836,6,0,0,0.0,0.0
gated_alive:a_012:27144,a_012,27144,13.014691352844238,-44.763057708740234,6,0,0,0.0,0.0
gated_alive:a_012:27177,a_012,27177,-36.82231140136719,25.260499954223633,6,0,0,0.0,0.0
gated_alive:a_012:27589,a_012,27589,20.71246337890625,-17.270118713378906,6,0,0,0.0,0.0
gated_alive:a_012:27874,a_012,27874,57.734371185302734,-13.65894603729248,6,0,0,0.0,0.0
gated_alive:a_012:27934,a_012,27934,43.534114837646484,32.47401428222656,6,0,0,0.0,0.0
gated_alive:a_012:27936,a_012,27936,-38.247798919677734,53.41941452026367,6,0,0,0.0,0.0
gated_alive:a_012:27945,a_012,27945,71.2096176147461,-25.019458770751953,6,0,0,0.0,0.0
gated_alive:a_012:28210,a_012,28210,5.065135478973389,29.418298721313477,6,0,0,0.0,0.0
gated_alive:a_012:28587,a_012,28587,10.667766571044922,31.729572296142578,6,0,0,0.0,0.0
gated_alive:a_012:28724,a_012,28724,44.1088981628418,25.755117416381836,6,0,0,0.0,0.0
gated_alive:a_012:29207,a_012,29207,26.29170799255371,49.467811584472656,6,0,0,0.0,0.0
gated_alive:a_012:29305,a_012,29305,2.4341373443603516,39.10771179199219,6,0,0,0.0,0.0
gated_alive:a_012:29664,a_012,29664,51.30412673950195,23.734575271606445,6,0,2,0.0,0.3333333333333333
gated_alive:a_012:29734,a_012,29734,42.2448616027832,33.82695388793945,6,0,0,0.0,0.0
gated_alive:a_012:29739,a_012,29739,52.07339859008789,10.360925674438477,6,0,0,0.0,0.0
gated_alive:a_012:30378,a_012,30378,26.623003005981445,-34.388309478759766,6,0,0,0.0,0.0
gated_alive:a_012:30439,a_012,30439,8.375809669494629,48.01713943481445,6,0,0,0.0,0.0
gated_alive:a_012:30770,a_012,30770,-16.061429977416992,50.59952926635742,6,0,0,0.0,0.0
gated_alive:a_012:30823,a_012,30823,23.506860733032227,43.2967643737793,6,0,0,0.0,0.0
gated_alive:a_012:31380,a_012,31380,44.23970031738281,1.3150718212127686,6,0,0,0.0,0.0
gated_alive:a_012:31482,a_012,31482,40.733192443847656,28.655620574951172,6,0,0,0.0,0.0
gated_alive:a_012:31890,a_012,31890,11.96395206451416,-46.044368743896484,6,0,0,0.0,0.0
gated_alive:a_012:31912,a_012,31912,52.76175308227539,26.788331985473633,6,0,0,0.0,0.0
gated_alive:a_012:32052,a_012,32052,-3.075124740600586,35.182098388671875,6,0,0,0.0,0.0
gated_alive:a_012:32113,a_012,32113,48.73294448852539,4.966362476348877,6,0,0,0.0,0.0
gated_alive:a_012:32238,a_012,32238,56.84291458129883,31.865379333496094,6,0,0,0.0,0.0
gated_alive:a_012:33513,a_012,33513,52.58863067626953,31.748828887939453,6,0,0,0.0,0.0
gated_alive:a_012:33761,a_012,33761,52.763526916503906,-10.866996765136719,6,0,0,0.0,0.0
gated_alive:a_012:34255,a_012,34255,21.341718673706055,44.19275665283203,6,0,0,0.0,0.0
gated_alive:a_012:34478,a_012,34478,47.809425354003906,-33.3389778137207,6,0,0,0.0,0.0
gated_alive:a_012:34656,a_012,34656,26.744441986083984,25.74065399169922,6,0,0,0.0,0.0
gated_alive:a_012:34689,a_012,34689,51.17671203613281,29.394411087036133,6,0,0,0.0,0.0
gated_alive:a_012:34761,a_012,34761,-35.24251937866211,13.225960731506348,6,0,0,0.0,0.0
gated_alive:a_012:34903,a_012,34903,-9.126205444335938,58.35158920288086,6,0,0,0.0,0.0
gated_alive:a_012:34974,a_012,34974,-8.729458808898926,57.146812438964844,6,0,0,0.0,0.0
gated_alive:a_012:35322,a_012,35322,54.38846206665039,36.77827453613281,6,0,0,0.0,0.0
gated_alive:a_012:35581,a_012,35581,50.48841857910156,27.168386459350586,6,0,0,0.0,0.0
gated_alive:a_012:36439,a_012,36439,35.24126434326172,38.57181930541992,6,0,0,0.0,0.0
gated_alive:a_012:36485,a_012,36485,54.10738754272461,-26.523157119750977,6,0,0,0.0,0.0
gated_alive:a_012:36631,a_012,36631,-57.26890563964844,-6.441187858581543,6,0,0,0.0,0.0
gated_alive:a_012:36711,a_012,36711,47.082271575927734,-24.60848617553711,6,0,0,0.0,0.0
gated_alive:a_012:37940,a_012,37940,69.92742156982422,-21.936233520507812,6,0,0,0.0,0.0
gated_alive:a_012:38184,a_012,38184,-0.7522242665290833,36.82646942138672,6,0,0,0.0,0.0
gated_alive:a_012:38387,a_012,38387,25.098249435424805,42.80132293701172,6,0,0,0.0,0.0
gated_alive:a_012:38455,a_012,38455,52.87259292602539,36.89048767089844,6,0,0,0.0,0.0
gated_alive:a_012:39259,a_012,39259,8.610053062438965,-39.84531021118164,6,0,0,0.0,0.0
gated_alive:a_012:39566,a_012,39566,56.734981536865234,2.747756004333496,6,0,0,0.0,0.0
gated_alive:a_012:39593,a_012,39593,32.628047943115234,25.230873107910156,6,0,0,0.0,0.0
gated_alive:a_012:39999,a_012,39999,31.956501007080078,34.91059875488281,6,0,0,0.0,0.0
gated_alive:a_012:40187,a_012,40187,4.768913745880127,-53.95592498779297,6,0,0,0.0,0.0
gated_alive:a_012:40538,a_012,40538,41.86661911010742,-12.001983642578125,6,0,0,0.0,0.0
gated_alive:a_012:40622,a_012,40622,15.022929191589355,-44.775665283203125,6,0,0,0.0,0.0
gated_alive:a_012:40713,a_012,40713,51.156009674072266,30.406957626342773,6,0,0,0.0,0.0
gated_alive:a_012:41455,a_012,41455,52.109397888183594,26.04945945739746,6,0,0,0.0,0.0
gated_alive:a_012:41650,a_012,41650,28.498714447021484,21.990890502929688,6,0,0,0.0,0.0
gated_alive:a_012:42263,a_012,42263,21.875871658325195,52.629615783691406,6,0,0,0.0,0.0
gated_alive:a_012:42358,a_012,42358,8.387364387512207,-26.124589920043945,6,0,0,0.0,0.0
gated_alive:a_012:42508,a_012,42508,30.510452270507812,21.15140151977539,6,0,0,0.0,0.0
gated_alive:a_012:42762,a_012,42762,5.775062084197998,-22.245792388916016,6,0,0,0.0,0.0
gated_alive:a_012:42895,a_012,42895,52.98272705078125,0.18850475549697876,6,0,0,0.0,0.0
gated_alive:a_012:43150,a_012,43150,29.613052368164062,-19.822092056274414,6,0,0,0.0,0.0
gated_alive:a_012:44425,a_012,44425,30.474273681640625,16.293481826782227,6,0,0,0.0,0.0
gated_alive:a_012:44499,a_012,44499,-1.2447640895843506,-47.2855339050293,6,0,0,0.0,0.0
gated_alive:a_012:44524,a_012,44524,46.21437454223633,-22.544466018676758,6,0,0,0.0,0.0
gated_alive:a_012:44992,a_012,44992,7.483541011810303,-29.432212829589844,6,0,0,0.0,0.0
gated_alive:a_012:45197,a_012,45197,55.25830841064453,33.46148681640625,6,0,0,0.0,0.0
gated_alive:a_012:45504,a_012,45504,17.13576889038086,42.547996520996094,6,0,0,0.0,0.0
gated_alive:a_012:45909,a_012,45909,3.034677505493164,43.31516647338867,6,0,0,0.0,0.0
gated_alive:a_012:45982,a_012,45982,37.98527145385742,37.26926040649414,6,0,0,0.0,0.0
gated_alive:a_012:46106,a_012,46106,14.153003692626953,2.174698829650879,6,0,0,0.0,0.0
gated_alive:a_012:46232,a_012,46232,11.803491592407227,35.625831604003906,6,0,0,0.0,0.0
gated_alive:a_012:46790,a_012,46790,53.992103576660156,28.750532150268555,6,0,0,0.0,0.0
gated_alive:a_012:46916,a_012,46916,26.251514434814453,49.32699203491211,6,0,0,0.0,0.0
gated_alive:a_012:46978,a_012,46978,14.25396728515625,-50.98440933227539,6,0,1,0.0,0.16666666666666666
gated_alive:a_012:46981,a_012,46981,-11.10355281829834,9.123331069946289,6,0,0,0.0,0.0
gated_alive:a_012:47257,a_012,47257,14.04769229888916,-0.8696879148483276,6,0,0,0.0,0.0
gated_alive:a_012:47263,a_012,47263,-1.3345402479171753,-51.92390060424805,6,0,0,0.0,0.0
gated_alive:a_012:47272,a_012,47272,9.000730514526367,61.31779479980469,6,0,0,0.0,0.0
gated_alive:a_012:47552,a_012,47552,0.001602974603883922,44.860843658447266,6,0,0,0.0,0.0
gated_alive:a_012:47726,a_012,47726,-17.8267765045166,-5.487735271453857,6,0,0,0.0,0.0
gated_alive:a_012:47733,a_012,47733,21.155193328857422,50.92018508911133,6,0,0,0.0,0.0
gated_alive:a_012:47855,a_012,47855,13.719367980957031,1.8650785684585571,6,0,0,0.0,0.0
gated_alive:a_012:47889,a_012,47889,-24.211124420166016,22.768098831176758,6,0,0,0.0,0.0
gated_alive:a_012:47937,a_012,47937,-33.69606399536133,37.090065002441406,6,0,0,0.0,0.0
gated_alive:a_012:48147,a_012,48147,12.750858306884766,40.12979507446289,6,0,0,0.0,0.0
gated_alive:a_012:48248,a_012,48248,3.72206711769104,-38.80055618286133,6,0,0,0.0,0.0
gated_alive:a_012:49608,a_012,49608,4.116343975067139,46.640159606933594,6,0,0,0.0,0.0
gated_alive:a_012:49905,a_012,49905,70.58307647705078,-22.354881286621094,6,0,0,0.0,0.0
gated_alive:a_012:50385,a_012,50385,3.946735382080078,28.503616333007812,6,0,0,0.0,0.0
gated_alive:a_012:50957,a_012,50957,37.68035125732422,7.215700626373291,6,0,0,0.0,0.0
gated_alive:a_012:51180,a_012,51180,-3.8983848094940186,-40.885955810546875,6,0,0,0.0,0.0
gated_alive:a_012:51758,a_012,51758,7.297684192657471,-57.7219352722168,6,0,2,0.0,0.3333333333333333
gated_alive:a_012:51978,a_012,51978,4.822229385375977,-54.149749755859375,6,0,0,0.0,0.0
gated_alive:a_012:52287,a_012,52287,14.052818298339844,1.5029040575027466,6,0,0,0.0,0.0
gated_alive:a_012:52806,a_012,52806,-32.95265579223633,-11.191259384155273,6,0,0,0.0,0.0
gated_alive:a_012:53379,a_012,53379,26.740886688232422,-19.751047134399414,6,0,0,0.0,0.0
gated_alive:a_012:54222,a_012,54222,44.0131721496582,43.08496856689453,6,0,0,0.0,0.0
gated_alive:a_012:54535,a_012,54535,-4.498770236968994,-32.272125244140625,6,0,0,0.0,0.0
gated_alive:a_012:54972,a_012,54972,43.660125732421875,32.682918548583984,6,0,0,0.0,0.0
gated_alive:a_012:55641,a_012,55641,32.236446380615234,20.712059020996094,6,0,0,0.0,0.0
gated_alive:a_012:55652,a_012,55652,-4.49385929107666,19.220460891723633,6,0,0,0.0,0.0
gated_alive:a_012:55898,a_012,55898,-30.011337280273438,-8.86116886138916,6,0,0,0.0,0.0
gated_alive:a_012:57298,a_012,57298,-37.64414596557617,-15.540544509887695,6,0,0,0.0,0.0
gated_alive:a_012:57460,a_012,57460,-39.70186996459961,42.8996696472168,6,0,0,0.0,0.0
gated_alive:a_012:58131,a_012,58131,34.27241134643555,37.89888000488281,6,0,0,0.0,0.0
gated_alive:a_012:58145,a_012,58145,-32.5558967590332,27.896177291870117,6,0,0,0.0,0.0
gated_alive:a_012:58152,a_012,58152,-10.57625675201416,17.892595291137695,6,0,0,0.0,0.0
gated_alive:a_012:58809,a_012,58809,-27.69931411743164,1.5508743524551392,6,0,0,0.0,0.0
gated_alive:a_012:59180,a_012,59180,-2.9664065837860107,9.327394485473633,6,0,0,0.0,0.0
gated_alive:a_012:59707,a_012,59707,8.994536399841309,-33.6488151550293,6,0,0,0.0,0.0
gated_alive:a_012:60112,a_012,60112,38.78658676147461,22.324514389038086,6,0,0,0.0,0.0
gated_alive:a_012:60466,a_012,60466,19.416872024536133,48.78546905517578,6,0,0,0.0,0.0
gated_alive:a_012:61662,a_012,61662,2.7269420623779297,-28.47435188293457,6,0,0,0.0,0.0
gated_alive:a_012:62601,a_012,62601,54.2714729309082,6.460450649261475,6,0,0,0.0,0.0
gated_alive:a_012:62806,a_012,62806,42.34142303466797,46.496055603027344,6,0,0,0.0,0.0
gated_alive:a_012:62932,a_012,62932,53.467960357666016,29.104955673217773,6,0,0,0.0,0.0
gated_alive:a_012:63780,a_012,63780,-38.93277359008789,28.89677619934082,6,0,0,0.0,0.0
gated_alive:a_012:63785,a_012,63785,13.433913230895996,3.5347952842712402,6,0,0,0.0,0.0
gated_alive:a_012:63834,a_012,63834,18.492084503173828,-53.64363098144531,6,0,0,0.0,0.0
gated_alive:a_012:64355,a_012,64355,25.751184463500977,36.66508102416992,6,0,0,0.0,0.0
gated_alive:a_012:64466,a_012,64466,26.773134231567383,37.4212646484375,6,0,0,0.0,0.0
gated_alive:a_012:64651,a_012,64651,20.971298217773438,-38.32172775268555,6,0,0,0.0,0.0
gated_alive:a_012:65363,a_012,65363,55.91250991821289,36.48887634277344,6,0,0,0.0,0.0
gated_alive:a_012:66102,a_012,66102,31.28862953186035,52.65813446044922,6,0,0,0.0,0.0
gated_alive:a_012:66163,a_012,66163,70.47732543945312,-21.49412727355957,6,0,0,0.0,0.0
gated_alive:a_012:66588,a_012,66588,-46.972774505615234,46.86015319824219,6,0,0,0.0,0.0
gated_alive:a_012:66703,a_012,66703,10.149535179138184,66.94283294677734,6,0,0,0.0,0.0
gated_alive:a_012:67010,a_012,67010,-4.636475563049316,-37.67522430419922,6,0,0,0.0,0.0
gated_alive:a_012:67800,a_012,67800,7.5010762214660645,-24.532608032226562,6,0,0,0.0,0.0
gated_alive:a_012:68380,a_012,68380,29.46259117126465,18.580503463745117,6,0,0,0.0,0.0
gated_alive:a_012:69057,a_012,69057,2.925870895385742,-41.272804260253906,6,0,0,0.0,0.0
gated_alive:a_012:69866,a_012,69866,53.99618148803711,27.9947566986084,6,0,0,0.0,0.0
gated_alive:a_012:70141,a_012,70141,12.180852890014648,2.935542583465576,6,0,0,0.0,0.0
gated_alive:a_012:70566,a_012,70566,11.891708374023438,-48.2392692565918,6,0,0,0.0,0.0
gated_alive:a_012:70588,a_012,70588,30.668254852294922,39.36161804199219,6,0,0,0.0,0.0
gated_alive:a_012:70788,a_012,70788,23.18898582458496,41.24427032470703,6,0,0,0.0,0.0
gated_alive:a_012:70832,a_012,70832,-19.352676391601562,-20.766294479370117,6,0,0,0.0,0.0
gated_alive:a_012:71396,a_012,71396,46.579307556152344,-37.156471252441406,6,0,3,0.0,0.5
gated_alive:a_012:71428,a_012,71428,66.62812805175781,-24.14836311340332,6,0,0,0.0,0.0
gated_alive:a_012:71703,a_012,71703,-2.356175422668457,24.193178176879883,6,0,0,0.0,0.0
gated_alive:a_012:71890,a_012,71890,53.267948150634766,31.596378326416016,6,0,0,0.0,0.0
gated_alive:a_012:71897,a_012,71897,59.57057571411133,27.976224899291992,6,0,0,0.0,0.0
gated_alive:a_012:72291,a_012,72291,17.500093460083008,47.770694732666016,6,0,0,0.0,0.0
gated_alive:a_012:72458,a_012,72458,57.380409240722656,34.06728744506836,6,0,0,0.0,0.0
gated_alive:a_012:72654,a_012,72654,58.61605453491211,34.16054916381836,6,0,0,0.0,0.0
gated_alive:a_012:72719,a_012,72719,55.08095932006836,10.249512672424316,6,0,0,0.0,0.0
gated_alive:a_012:73482,a_012,73482,28.68994903564453,23.15154266357422,6,0,0,0.0,0.0
gated_alive:a_012:74309,a_012,74309,28.806377410888672,-35.78653335571289,6,0,0,0.0,0.0
gated_alive:a_012:74864,a_012,74864,42.92329788208008,33.48421859741211,6,0,0,0.0,0.0
gated_alive:a_012:74960,a_012,74960,27.057470321655273,35.985084533691406,6,0,0,0.0,0.0
gated_alive:a_012:75450,a_012,75450,30.22096824645996,36.017940521240234,6,0,0,0.0,0.0
gated_alive:a_012:75998,a_012,75998,-59.74751281738281,-8.778787612915039,6,0,0,0.0,0.0
gated_alive:a_012:76362,a_012,76362,51.39729309082031,-4.9054999351501465,6,0,0,0.0,0.0
gated_alive:a_012:76431,a_012,76431,44.0974235534668,25.661474227905273,6,0,0,0.0,0.0
gated_alive:a_012:76920,a_012,76920,37.39033126831055,10.225042343139648,6,0,0,0.0,0.0
gated_alive:a_012:76953,a_012,76953,7.642001152038574,36.00266647338867,6,0,0,0.0,0.0
gated_alive:a_012:77136,a_012,77136,21.08909034729004,-34.53204345703125,6,0,0,0.0,0.0
gated_alive:a_012:77788,a_012,77788,-13.76121997833252,-26.54227066040039,6,0,0,0.0,0.0
gated_alive:a_012:77999,a_012,77999,22.835481643676758,41.119659423828125,6,0,0,0.0,0.0
gated_alive:a_012:78981,a_012,78981,70.86421966552734,-20.502927780151367,6,0,0,0.0,0.0
gated_alive:a_012:80277,a_012,80277,18.69906997680664,45.69955062866211,6,0,0,0.0,0.0
gated_alive:a_012:80432,a_012,80432,18.844532012939453,47.041473388671875,6,0,0,0.0,0.0
gated_alive:a_012:80578,a_012,80578,35.3045539855957,37.867164611816406,6,0,0,0.0,0.0
gated_alive:a_012:81101,a_012,81101,21.69637107849121,38.341060638427734,6,0,0,0.0,0.0
gated_alive:a_012:81942,a_012,81942,10.463543891906738,43.05224609375,6,0,0,0.0,0.0
gated_alive:a_012:81986,a_012,81986,12.516263008117676,45.9567985534668,6,0,0,0.0,0.0
gated_alive:a_012:82129,a_012,82129,58.73874282836914,32.89042663574219,6,0,0,0.0,0.0
gated_alive:a_012:82163,a_012,82163,30.5606632232666,34.64379119873047,6,0,0,0.0,0.0
gated_alive:a_012:83293,a_012,83293,-20.95237159729004,-25.126739501953125,6,0,0,0.0,0.0
gated_alive:a_012:83498,a_012,83498,49.96651077270508,25.26906394958496,6,0,1,0.0,0.16666666666666666
gated_alive:a_012:83893,a_012,83893,13.506596565246582,42.267940521240234,6,0,0,0.0,0.0
gated_alive:a_012:84098,a_012,84098,26.498783111572266,52.32114791870117,6,0,0,0.0,0.0
gated_alive:a_012:84407,a_012,84407,-34.8176383972168,19.137981414794922,6,0,0,0.0,0.0
gated_alive:a_012:85713,a_012,85713,20.0911922454834,-38.574581146240234,6,0,0,0.0,0.0
gated_alive:a_012:85829,a_012,85829,8.112346649169922,47.307918548583984,6,0,0,0.0,0.0
gated_alive:a_012:85867,a_012,85867,14.322742462158203,-0.7569747567176819,6,0,0,0.0,0.0
gated_alive:a_012:85892,a_012,85892,20.728370666503906,-38.80612564086914,6,0,0,0.0,0.0
gated_alive:a_012:86063,a_012,86063,12.35981273651123,-42.65377426147461,6,0,0,0.0,0.0
gated_alive:a_012:86203,a_012,86203,50.37126159667969,-7.070677280426025,6,0,0,0.0,0.0
gated_alive:a_012:86316,a_012,86316,-19.133438110351562,-20.891529083251953,6,0,0,0.0,0.0
gated_alive:a_012:86935,a_012,86935,18.674501419067383,-53.68552780151367,6,0,0,0.0,0.0
gated_alive:a_012:87274,a_012,87274,13.824260711669922,39.68854522705078,6,0,0,0.0,0.0
gated_alive:a_012:88451,a_012,88451,54.86470413208008,28.443897247314453,6,0,0,0.0,0.0
gated_alive:a_012:88803,a_012,88803,8.88823413848877,-26.15486717224121,6,0,0,0.0,0.0
gated_alive:a_012:89742,a_012,89742,51.33115768432617,29.39828109741211,6,0,0,0.0,0.0
gated_alive:a_012:90323,a_012,90323,57.075225830078125,29.741365432739258,6,0,0,0.0,0.0
gated_alive:a_012:90730,a_012,90730,41.278350830078125,-18.30609893798828,6,0,0,0.0,0.0
gated_alive:a_012:90942,a_012,90942,74.68387603759766,-13.796236991882324,6,0,0,0.0,0.0
gated_alive:a_012:91386,a_012,91386,53.976985931396484,27.669761657714844,6,0,0,0.0,0.0
gated_alive:a_012:91898,a_012,91898,19.53969383239746,42.60001754760742,6,0,0,0.0,0.0
gated_alive:a_012:92824,a_012,92824,37.811439514160156,-18.25940704345703,6,0,0,0.0,0.0
gated_alive:a_012:93038,a_012,93038,50.284000396728516,-8.85102367401123,6,0,0,0.0,0.0
gated_alive:a_012:93070,a_012,93070,29.355533599853516,25.466140747070312,6,0,0,0.0,0.0
gated_alive:a_012:93790,a_012,93790,-29.36610221862793,31.537067413330078,6,0,0,0.0,0.0
gated_alive:a_012:93991,a_012,93991,39.70185852050781,-23.603595733642578,6,0,0,0.0,0.0
gated_alive:a_012:94073,a_012,94073,-9.923789978027344,-31.400415420532227,6,0,0,0.0,0.0
gated_alive:a_012:94170,a_012,94170,5.419800758361816,-38.17117691040039,6,0,0,0.0,0.0
gated_alive:a_012:94256,a_012,94256,34.529273986816406,15.863164901733398,6,0,0,0.0,0.0
gated_alive:a_012:94344,a_012,94344,-28.22109603881836,31.118295669555664,6,0,0,0.0,0.0
gated_alive:a_012:94369,a_012,94369,11.731919288635254,-41.021934509277344,6,0,0,0.0,0.0
gated_alive:a_012:94470,a_012,94470,4.868028163909912,-24.889507293701172,6,0,0,0.0,0.0
gated_alive:a_012:94659,a_012,94659,-0.6865942478179932,45.476741790771484,6,0,0,0.0,0.0
gated_alive:a_012:95287,a_012,95287,24.649200439453125,-19.124082565307617,6,0,0,0.0,0.0
gated_alive:a_012:95563,a_012,95563,12.890681266784668,-44.934513092041016,6,0,0,0.0,0.0
gated_alive:a_012:96121,a_012,96121,6.142092227935791,-28.83722496032715,6,0,0,0.0,0.0
gated_alive:a_012:96452,a_012,96452,-31.119108200073242,-10.584222793579102,6,0,0,0.0,0.0
gated_alive:a_012:96855,a_012,96855,23.743642807006836,51.470115661621094,6,0,0,0.0,0.0
gated_alive:a_012:96879,a_012,96879,5.426701545715332,54.977508544921875,6,0,0,0.0,0.0
gated_alive:a_012:96984,a_012,96984,27.54005241394043,-15.708161354064941,6,0,0,0.0,0.0
gated_alive:a_012:97178,a_012,97178,19.145769119262695,-53.6108283996582,6,0,0,0.0,0.0
gated_alive:a_012:97285,a_012,97285,30.750207901000977,50.13379669189453,6,0,0,0.0,0.0
gated_alive:a_012:98036,a_012,98036,17.0235652923584,-39.09878921508789,6,0,0,0.0,0.0
gated_alive:a_012:98432,a_012,98432,25.221874237060547,28.391212463378906,6,0,0,0.0,0.0
gated_alive:a_012:98695,a_012,98695,53.75454330444336,30.472064971923828,6,0,0,0.0,0.0
gated_alive:a_012:99065,a_012,99065,8.932380676269531,-26.154874801635742,6,0,0,0.0,0.0
gated_alive:a_012:99490,a_012,99490,7.3319196701049805,55.78306198120117,6,0,0,0.0,0.0
gated_alive:a_012:99798,a_012,99798,-30.190475463867188,-10.724983215332031,6,0,0,0.0,0.0
gated_alive:a_012:100530,a_012,100530,17.57967185974121,-45.42211151123047,6,0,0,0.0,0.0
gated_alive:a_012:101038,a_012,101038,50.93857192993164,-6.193525791168213,6,0,0,0.0,0.0
gated_alive:a_012:101139,a_012,101139,-23.105253219604492,28.891483306884766,6,0,0,0.0,0.0
gated_alive:a_012:101626,a_012,101626,-12.287347793579102,38.993831634521484,6,0,0,0.0,0.0
gated_alive:a_012:101705,a_012,101705,53.33063507080078,31.48475456237793,6,0,0,0.0,0.0
gated_alive:a_012:101939,a_012,101939,-9.557716369628906,10.941733360290527,6,0,0,0.0,0.0
gated_alive:a_012:102185,a_012,102185,23.151525497436523,47.766719818115234,6,0,0,0.0,0.0
gated_alive:a_012:102628,a_012,102628,-2.4655539989471436,20.09954833984375,6,0,0,0.0,0.0
gated_alive:a_012:102726,a_012,102726,7.412759780883789,-24.444791793823242,6,0,0,0.0,0.0
gated_alive:a_012:102887,a_012,102887,-45.72782516479492,-29.103816986083984,6,0,0,0.0,0.0
gated_alive:a_012:102939,a_012,102939,47.86809539794922,-33.33165740966797,6,0,0,0.0,0.0
gated_alive:a_012:103581,a_012,103581,-29.222848892211914,31.308916091918945,6,0,0,0.0,0.0
gated_alive:a_012:103597,a_012,103597,48.399864196777344,22.009241104125977,6,1,2,0.16666666666666666,0.3333333333333333
gated_alive:a_012:105278,a_012,105278,29.11683464050293,-35.74422073364258,6,0,0,0.0,0.0
gated_alive:a_012:105570,a_012,105570,-21.96103858947754,-23.573265075683594,6,0,0,0.0,0.0
gated_alive:a_012:105940,a_012,105940,33.70872497558594,16.462120056152344,6,0,0,0.0,0.0
gated_alive:a_012:106371,a_012,106371,2.344273567199707,-28.424903869628906,6,0,0,0.0,0.0
gated_alive:a_012:106861,a_012,106861,51.12125778198242,28.982622146606445,6,0,0,0.0,0.0
gated_alive:a_012:106959,a_012,106959,2.50655460357666,-28.49018096923828,6,0,0,0.0,0.0
gated_alive:a_012:107190,a_012,107190,25.806493759155273,54.49243927001953,6,0,0,0.0,0.0
gated_alive:a_012:107926,a_012,107926,-9.955280303955078,9.6043062210083,6,0,0,0.0,0.0
gated_alive:a_012:107995,a_012,107995,-22.03473472595215,-62.145477294921875,6,0,0,0.0,0.0
gated_alive:a_012:108429,a_012,108429,57.562355041503906,33.847572326660156,6,0,0,0.0,0.0
gated_alive:a_012:108435,a_012,108435,2.9827828407287598,41.69610595703125,6,0,0,0.0,0.0
gated_alive:a_012:108560,a_012,108560,28.905261993408203,41.28532028198242,6,0,0,0.0,0.0
gated_alive:a_012:108815,a_012,108815,2.3769073486328125,28.853260040283203,6,0,0,0.0,0.0
gated_alive:a_012:109028,a_012,109028,72.61775207519531,-24.871370315551758,6,0,0,0.0,0.0
gated_alive:a_012:109268,a_012,109268,53.40104293823242,5.519201278686523,6,0,0,0.0,0.0
gated_alive:a_012:109905,a_012,109905,10.805163383483887,-40.757286071777344,6,0,0,0.0,0.0
gated_alive:a_012:110415,a_012,110415,22.890350341796875,42.20305252075195,6,0,0,0.0,0.0
gated_alive:a_012:111118,a_012,111118,16.82062339782715,-48.66321563720703,6,0,0,0.0,0.0
gated_alive:a_012:113134,a_012,113134,47.6358757019043,39.150352478027344,6,0,0,0.0,0.0
gated_alive:a_012:113503,a_012,113503,-37.31189727783203,-16.297788619995117,6,0,0,0.0,0.0
gated_alive:a_012:114329,a_012,114329,33.46752166748047,16.118511199951172,6,0,0,0.0,0.0
gated_alive:a_012:114824,a_012,114824,25.59210968017578,54.233238220214844,6,0,0,0.0,0.0
gated_alive:a_012:114923,a_012,114923,14.306635856628418,-44.3940315246582,6,0,0,0.0,0.0
gated_alive:a_012:114943,a_012,114943,54.428680419921875,28.61564064025879,6,0,0,0.0,0.0
gated_alive:a_012:115811,a_012,115811,11.420517921447754,-1.1562846899032593,6,0,0,0.0,0.0
gated_alive:a_012:115979,a_012,115979,8.699715614318848,-31.004880905151367,6,0,0,0.0,0.0
gated_alive:a_012:116236,a_012,116236,43.40555953979492,26.936656951904297,6,0,0,0.0,0.0
gated_alive:a_012:116496,a_012,116496,8.05800724029541,56.41734313964844,6,0,0,0.0,0.0
gated_alive:a_012:116573,a_012,116573,-11.578028678894043,10.482268333435059,6,0,0,0.0,0.0
gated_alive:a_012:116790,a_012,116790,36.67030715942383,-37.194374084472656,6,0,0,0.0,0.0
gated_alive:a_012:117428,a_012,117428,4.190758228302002,-38.32318115234375,6,0,0,0.0,0.0
gated_alive:a_012:117493,a_012,117493,12.795458793640137,-47.352569580078125,6,0,0,0.0,0.0
gated_alive:a_012:117715,a_012,117715,-6.1873016357421875,-20.653060913085938,6,0,0,0.0,0.0
gated_alive:a_012:117741,a_012,117741,4.901119709014893,42.970272064208984,6,0,0,0.0,0.0
gated_alive:a_012:118005,a_012,118005,13.90155029296875,40.944061279296875,6,0,0,0.0,0.0
gated_alive:a_012:118496,a_012,118496,-28.892303466796875,31.57015037536621,6,0,0,0.0,0.0
gated_alive:a_012:119460,a_012,119460,70.2311019897461,-21.74274253845215,6,0,0,0.0,0.0
gated_alive:a_012:119548,a_012,119548,4.445770740509033,46.452186584472656,6,0,0,0.0,0.0
gated_alive:a_012:119609,a_012,119609,13.706239700317383,39.59015655517578,6,0,0,0.0,0.0
gated_alive:a_012:119725,a_012,119725,12.171302795410156,41.77083206176758,6,0,0,0.0,0.0
gated_alive:a_012:120280,a_012,120280,-28.776418685913086,33.563045501708984,6,0,0,0.0,0.0
gated_alive:a_012:120392,a_012,120392,-9.518291473388672,12.781710624694824,6,0,0,0.0,0.0
gated_alive:a_012:120646,a_012,120646,-18.143856048583984,2.5751664638519287,6,0,0,0.0,0.0
gated_alive:a_012:120883,a_012,120883,16.459590911865234,3.051783800125122,6,0,0,0.0,0.0
gated_alive:a_012:121062,a_012,121062,-7.8979058265686035,59.46660614013672,6,0,0,0.0,0.0
gated_alive:a_012:121560,a_012,121560,8.55170726776123,-28.731168746948242,6,0,0,0.0,0.0
gated_alive:a_012:123657,a_012,123657,10.972468376159668,-40.959877014160156,6,0,0,0.0,0.0
gated_alive:a_012:124086,a_012,124086,20.301193237304688,-12.91101360321045,6,0,0,0.0,0.0
gated_alive:a_012:124752,a_012,124752,46.81321716308594,-31.826038360595703,6,0,0,0.0,0.0
gated_alive:a_012:124770,a_012,124770,14.881244659423828,48.45600509643555,6,0,0,0.0,0.0
gated_alive:a_012:124937,a_012,124937,3.349297046661377,37.8430290222168,6,0,0,0.0,0.0
gated_alive:a_012:125271,a_012,125271,23.258085250854492,35.47359085083008,6,0,0,0.0,0.0
gated_alive:a_012:125532,a_012,125532,4.643597602844238,37.01765823364258,6,0,0,0.0,0.0
gated_alive:a_012:125739,a_012,125739,35.863494873046875,-32.64085006713867,6,0,0,0.0,0.0
gated_alive:a_012:125979,a_012,125979,-10.870354652404785,39.84720993041992,6,0,0,0.0,0.0
gated_alive:a_012:126735,a_012,126735,30.515459060668945,18.24237632751465,6,0,3,0.0,0.5
gated_alive:a_012:127443,a_012,127443,57.582542419433594,32.764686584472656,6,0,0,0.0,0.0
gated_alive:a_012:127483,a_012,127483,-33.23487854003906,-6.343699932098389,6,0,0,0.0,0.0
gated_alive:a_012:127937,a_012,127937,5.04027795791626,50.02629852294922,6,0,0,0.0,0.0
gated_alive:a_012:128896,a_012,128896,8.86715316772461,44.48324203491211,6,0,0,0.0,0.0
gated_alive:a_012:130144,a_012,130144,-23.418256759643555,18.136484146118164,6,0,0,0.0,0.0
gated_alive:a_012:130173,a_012,130173,54.938079833984375,32.047428131103516,6,0,0,0.0,0.0
gated_alive:a_012:130338,a_012,130338,43.54317092895508,23.839078903198242,6,0,0,0.0,0.0
gated_alive:a_012:130776,a_012,130776,-25.94074058532715,36.653472900390625,6,0,0,0.0,0.0
gated_alive:a_012:130916,a_012,130916,-22.573944091796875,10.525818824768066,6,0,0,0.0,0.0
gated_alive:a_012:131251,a_012,131251,-9.476402282714844,12.700504302978516,6,0,0,0.0,0.0
gated_alive:a_012:131354,a_012,131354,50.91319274902344,16.210803985595703,6,0,0,0.0,0.0
gated_alive:a_012:132752,a_012,132752,32.77896499633789,24.968791961669922,6,0,0,0.0,0.0
gated_alive:a_012:132979,a_012,132979,46.20158386230469,36.9737548828125,6,0,0,0.0,0.0
gated_alive:a_012:133089,a_012,133089,24.872838973999023,17.11978530883789,6,0,0,0.0,0.0
gated_alive:a_012:133358,a_012,133358,39.57978439331055,36.108028411865234,6,0,0,0.0,0.0
gated_alive:a_012:134016,a_012,134016,59.483558654785156,28.621566772460938,6,0,0,0.0,0.0
gated_alive:a_012:134346,a_012,134346,57.60499572753906,32.20806884765625,6,0,0,0.0,0.0
gated_alive:a_012:134397,a_012,134397,24.177417755126953,-2.178224563598633,6,0,0,0.0,0.0
gated_alive:a_012:134877,a_012,134877,28.721017837524414,38.06633758544922,6,0,0,0.0,0.0
gated_alive:a_012:135192,a_012,135192,30.37192726135254,-18.31515121459961,6,0,1,0.0,0.16666666666666666
gated_alive:a_012:136510,a_012,136510,44.206817626953125,1.0307786464691162,6,0,0,0.0,0.0
gated_alive:a_012:136989,a_012,136989,5.9643754959106445,57.1740608215332,6,0,0,0.0,0.0
gated_alive:a_012:137927,a_012,137927,-47.62487030029297,48.10368347167969,6,0,0,0.0,0.0
gated_alive:a_012:138552,a_012,138552,-26.102886199951172,20.551177978515625,6,0,1,0.0,0.16666666666666666
gated_alive:a_012:138959,a_012,138959,-1.6816723346710205,13.464244842529297,6,0,0,0.0,0.0
gated_alive:a_012:139564,a_012,139564,59.57719421386719,28.372716903686523,6,0,0,0.0,0.0
gated_alive:a_012:140063,a_012,140063,44.8700065612793,35.03337097167969,6,0,0,0.0,0.0
gated_alive:a_012:141418,a_012,141418,48.29658889770508,33.249351501464844,6,0,0,0.0,0.0
gated_alive:a_012:141524,a_012,141524,20.366077423095703,45.276893615722656,6,0,0,0.0,0.0
gated_alive:a_012:142030,a_012,142030,24.82611656188965,-40.648502349853516,6,0,0,0.0,0.0
gated_alive:a_012:142649,a_012,142649,25.66830825805664,52.25795364379883,6,0,0,0.0,0.0
gated_alive:a_012:142743,a_012,142743,-30.962026596069336,45.835227966308594,6,0,0,0.0,0.0
gated_alive:a_012:142847,a_012,142847,29.152908325195312,55.02699661254883,6,0,0,0.0,0.0
gated_alive:a_012:143099,a_012,143099,50.145263671875,31.924327850341797,6,0,0,0.0,0.0
gated_alive:a_012:143107,a_012,143107,51.080352783203125,-7.1069135665893555,6,0,0,0.0,0.0
gated_alive:a_012:143125,a_012,143125,-2.4594528675079346,-37.15395736694336,6,0,0,0.0,0.0
gated_alive:a_012:143790,a_012,143790,53.93135452270508,-26.622634887695312,6,0,0,0.0,0.0
gated_alive:a_012:144072,a_012,144072,7.962657451629639,-28.92881202697754,6,0,0,0.0,0.0
gated_alive:a_012:144106,a_012,144106,-16.869131088256836,35.844844818115234,6,0,0,0.0,0.0
gated_alive:a_012:144378,a_012,144378,7.546005725860596,43.436805725097656,6,0,0,0.0,0.0
gated_alive:a_012:144416,a_012,144416,6.2858662605285645,-18.95009422302246,6,0,0,0.0,0.0
gated_alive:a_012:144708,a_012,144708,39.25917434692383,29.38431167602539,6,0,0,0.0,0.0
gated_alive:a_012:145041,a_012,145041,60.83052444458008,-22.91645050048828,6,0,0,0.0,0.0
gated_alive:a_012:145088,a_012,145088,1.7688649892807007,32.29915237426758,6,0,0,0.0,0.0
gated_alive:a_012:146403,a_012,146403,-7.454091548919678,37.506412506103516,6,0,0,0.0,0.0
gated_alive:a_012:146657,a_012,146657,14.035261154174805,16.78531265258789,6,0,0,0.0,0.0
gated_alive:a_012:147596,a_012,147596,17.03010368347168,-37.26829147338867,6,0,0,0.0,0.0
gated_alive:a_012:147757,a_012,147757,49.01934051513672,-35.62064743041992,6,0,4,0.0,0.6666666666666666
gated_alive:a_012:147934,a_012,147934,19.364049911499023,52.848854064941406,6,0,0,0.0,0.0
gated_alive:a_012:150613,a_012,150613,8.06879711151123,47.28512191772461,6,0,0,0.0,0.0
gated_alive:a_012:151095,a_012,151095,-31.655975341796875,35.561920166015625,6,0,0,0.0,0.0
gated_alive:a_012:151690,a_012,151690,25.620100021362305,17.008508682250977,6,0,0,0.0,0.0
gated_alive:a_012:152093,a_012,152093,7.505405902862549,-9.826828956604004,6,0,0,0.0,0.0
gated_alive:a_012:152260,a_012,152260,3.755463123321533,28.218036651611328,6,0,0,0.0,0.0
gated_alive:a_012:152492,a_012,152492,51.63360595703125,-24.591415405273438,6,0,0,0.0,0.0
gated_alive:a_012:152700,a_012,152700,2.92525053024292,27.937379837036133,6,0,0,0.0,0.0
gated_alive:a_012:152812,a_012,152812,37.44894790649414,29.421831130981445,6,0,0,0.0,0.0
gated_alive:a_012:153382,a_012,153382,7.519552707672119,-28.39291763305664,6,0,0,0.0,0.0
gated_alive:a_012:153553,a_012,153553,-23.752159118652344,35.7841796875,6,0,0,0.0,0.0
gated_alive:a_012:153655,a_012,153655,21.707046508789062,-0.3566112816333771,6,0,0,0.0,0.0
gated_alive:a_012:153680,a_012,153680,4.658876895904541,-46.425743103027344,6,0,0,0.0,0.0
gated_alive:a_012:154857,a_012,154857,11.438315391540527,42.38121795654297,6,0,0,0.0,0.0
gated_alive:a_012:154908,a_012,154908,-35.116153717041016,-3.805495500564575,6,0,0,0.0,0.0
gated_alive:a_012:155073,a_012,155073,18.312700271606445,44.19339370727539,6,0,0,0.0,0.0
gated_alive:a_012:155312,a_012,155312,24.048442840576172,-33.00660705566406,6,0,0,0.0,0.0
gated_alive:a_012:156139,a_012,156139,-6.6971635818481445,25.12861442565918,6,0,0,0.0,0.0
gated_alive:a_012:156571,a_012,156571,44.43356704711914,40.960086822509766,6,0,0,0.0,0.0
gated_alive:a_012:156712,a_012,156712,-5.286126613616943,-27.207683563232422,6,0,0,0.0,0.0
gated_alive:a_012:157511,a_012,157511,0.22431594133377075,34.21403121948242,6,0,0,0.0,0.0
gated_alive:a_012:157869,a_012,157869,16.506595611572266,-49.20469284057617,6,0,0,0.0,0.0
gated_alive:a_012:159511,a_012,159511,11.777228355407715,40.98915100097656,6,0,0,0.0,0.0
gated_alive:a_012:160378,a_012,160378,68.46710968017578,-23.7995548248291,6,0,0,0.0,0.0
gated_alive:a_012:161055,a_012,161055,29.540620803833008,34.955989837646484,6,0,0,0.0,0.0
gated_alive:a_012:161282,a_012,161282,34.82583999633789,13.709136962890625,6,0,0,0.0,0.0
gated_alive:a_012:161526,a_012,161526,19.02261734008789,46.822349548339844,6,0,0,0.0,0.0
gated_alive:a_012:161528,a_012,161528,22.489501953125,46.1812629699707,6,0,0,0.0,0.0
gated_alive:a_012:162107,a_012,162107,28.834453582763672,25.32082748413086,6,0,0,0.0,0.0
gated_alive:a_012:162233,a_012,162233,-27.28809928894043,32.089813232421875,6,0,0,0.0,0.0
gated_alive:a_012:162443,a_012,162443,67.83067321777344,-21.27480125427246,6,0,0,0.0,0.0
gated_alive:a_012:163269,a_012,163269,12.95052719116211,49.92353439331055,6,0,0,0.0,0.0
gated_alive:a_012:163294,a_012,163294,-8.063077926635742,-32.617515563964844,6,0,0,0.0,0.0
gated_alive:a_012:164343,a_012,164343,52.59782028198242,30.0888729095459,6,0,0,0.0,0.0
gated_alive:a_012:164446,a_012,164446,5.466601848602295,44.504234313964844,6,0,0,0.0,0.0
gated_alive:a_012:164605,a_012,164605,-0.24029208719730377,20.763885498046875,6,0,0,0.0,0.0
gated_alive:a_012:164704,a_012,164704,35.53266143798828,39.155784606933594,6,0,0,0.0,0.0
gated_alive:a_012:164954,a_012,164954,71.8825454711914,-19.408830642700195,6,0,0,0.0,0.0
gated_alive:a_012:165022,a_012,165022,8.90965747833252,27.503341674804688,6,0,0,0.0,0.0
gated_alive:a_012:166013,a_012,166013,23.974496841430664,55.382137298583984,6,0,0,0.0,0.0
gated_alive:a_012:166448,a_012,166448,11.730681419372559,41.019989013671875,6,0,0,0.0,0.0
gated_alive:a_012:166935,a_012,166935,18.241952896118164,33.078914642333984,6,0,0,0.0,0.0
gated_alive:a_012:166936,a_012,166936,-21.153934478759766,36.004234313964844,6,0,0,0.0,0.0
gated_alive:a_012:167274,a_012,167274,-36.01567840576172,-18.126113891601562,6,0,0,0.0,0.0
gated_alive:a_012:167915,a_012,167915,5.2043890953063965,50.07185745239258,6,0,0,0.0,0.0
gated_alive:a_012:168076,a_012,168076,-2.4083995819091797,34.478424072265625,6,0,0,0.0,0.0
gated_alive:a_012:168563,a_012,168563,3.8958661556243896,38.10130310058594,6,0,0,0.0,0.0
gated_alive:a_012:168681,a_012,168681,18.98416519165039,47.58198165893555,6,0,0,0.0,0.0
gated_alive:a_012:169514,a_012,169514,47.1646728515625,-32.49082565307617,6,0,0,0.0,0.0
gated_alive:a_012:170114,a_012,170114,38.21940612792969,29.50520133972168,6,0,0,0.0,0.0
gated_alive:a_012:170408,a_012,170408,-1.452128529548645,7.064815998077393,6,0,0,0.0,0.0
gated_alive:a_012:170999,a_012,170999,55.70574188232422,24.122331619262695,6,0,0,0.0,0.0
gated_alive:a_012:171108,a_012,171108,-0.9214795231819153,30.940881729125977,6,0,0,0.0,0.0
gated_alive:a_012:171307,a_012,171307,52.993858337402344,31.56215476989746,6,0,0,0.0,0.0
gated_alive:a_012:171567,a_012,171567,12.484318733215332,-39.872989654541016,6,0,0,0.0,0.0
gated_alive:a_012:172034,a_012,172034,4.958890438079834,-38.59593963623047,6,0,0,0.0,0.0
gated_alive:a_012:172287,a_012,172287,69.95429229736328,-18.378326416015625,6,0,0,0.0,0.0
gated_alive:a_012:173053,a_012,173053,11.673922538757324,-13.215149879455566,6,0,0,0.0,0.0
gated_alive:a_012:173430,a_012,173430,28.91922950744629,55.15818405151367,6,0,0,0.0,0.0
gated_alive:a_012:174900,a_012,174900,-33.67692565917969,37.9638786315918,6,0,0,0.0,0.0
gated_alive:a_012:176487,a_012,176487,-7.975616931915283,53.887210845947266,6,0,0,0.0,0.0
gated_alive:a_012:176689,a_012,176689,13.703975677490234,-45.55219650268555,6,0,0,0.0,0.0
gated_alive:a_012:177095,a_012,177095,2.4189836978912354,-20.60906219482422,6,0,0,0.0,0.0
gated_alive:a_012:177229,a_012,177229,20.78394317626953,48.83585739135742,6,0,0,0.0,0.0
gated_alive:a_012:177956,a_012,177956,23.023162841796875,-41.49367141723633,6,0,0,0.0,0.0
gated_alive:a_012:178263,a_012,178263,22.574913024902344,48.72486114501953,6,0,0,0.0,0.0
gated_alive:a_012:179312,a_012,179312,-1.27881920337677,28.229028701782227,6,0,0,0.0,0.0
gated_alive:a_012:179434,a_012,179434,-17.207763671875,16.19085121154785,6,0,0,0.0,0.0
gated_alive:a_012:179580,a_012,179580,8.449149131774902,46.153594970703125,6,0,0,0.0,0.0
gated_alive:a_012:179603,a_012,179603,4.369130611419678,42.805171966552734,6,0,0,0.0,0.0
gated_alive:a_012:179681,a_012,179681,13.214195251464844,54.931549072265625,6,0,0,0.0,0.0
gated_alive:a_012:179805,a_012,179805,-50.772029876708984,38.363800048828125,6,0,0,0.0,0.0
gated_alive:a_012:180091,a_012,180091,20.156156539916992,48.46562957763672,6,0,0,0.0,0.0
gated_alive:a_012:180630,a_012,180630,-0.31832852959632874,-55.65977478027344,6,0,0,0.0,0.0
gated_alive:a_012:180767,a_012,180767,45.155174255371094,28.199386596679688,6,0,0,0.0,0.0
gated_alive:a_012:180919,a_012,180919,-7.407427787780762,-18.905588150024414,6,0,0,0.0,0.0
gated_alive:a_012:182458,a_012,182458,1.092015266418457,-46.29787826538086,6,0,0,0.0,0.0
gated_alive:a_012:182793,a_012,182793,-1.5726215839385986,-14.284618377685547,6,0,0,0.0,0.0
gated_alive:a_012:183482,a_012,183482,-33.872798919677734,34.36109161376953,6,0,0,0.0,0.0
gated_alive:a_012:183486,a_012,183486,45.83573913574219,-37.61137771606445,6,0,1,0.0,0.16666666666666666
gated_alive:a_012:183565,a_012,183565,57.93643569946289,33.657657623291016,6,0,0,0.0,0.0
gated_alive:a_012:183873,a_012,183873,35.906856536865234,-32.899375915527344,6,0,0,0.0,0.0
gated_alive:a_012:184012,a_012,184012,30.409364700317383,51.2501106262207,6,0,0,0.0,0.0
gated_alive:a_012:184015,a_012,184015,6.929057598114014,-28.85436248779297,6,0,0,0.0,0.0
gated_alive:a_012:184254,a_012,184254,4.605066776275635,47.95275115966797,6,0,0,0.0,0.0
gated_alive:a_012:184816,a_012,184816,52.019344329833984,30.044130325317383,6,0,0,0.0,0.0
gated_alive:a_012:185277,a_012,185277,-40.3106689453125,-9.249231338500977,6,0,0,0.0,0.0
gated_alive:a_012:185656,a_012,185656,6.188838481903076,40.3061637878418,6,0,0,0.0,0.0
gated_alive:a_012:186204,a_012,186204,17.088167190551758,58.86804962158203,6,0,0,0.0,0.0
gated_alive:a_1a:73,a_1a,73,-41.102203369140625,-38.08039855957031,8,0,0,0.0,0.0
gated_alive:a_1a:120,a_1a,120,7.722962856292725,-1.198035717010498,8,0,0,0.0,0.0
gated_alive:a_1a:199,a_1a,199,69.94344329833984,-27.47947120666504,8,0,0,0.0,0.0
gated_alive:a_1a:353,a_1a,353,-16.546207427978516,8.510114669799805,8,0,0,0.0,0.0
gated_alive:a_1a:449,a_1a,449,14.854164123535156,37.11197280883789,8,0,0,0.0,0.0
gated_alive:a_1a:812,a_1a,812,21.084381103515625,25.029449462890625,8,0,0,0.0,0.0
gated_alive:a_1a:1251,a_1a,1251,-13.877890586853027,-45.627166748046875,8,0,0,0.0,0.0
gated_alive:a_1a:1306,a_1a,1306,37.1171875,-34.84775924682617,8,0,1,0.0,0.125
gated_alive:a_1a:1387,a_1a,1387,-45.69188690185547,-33.94385528564453,8,0,0,0.0,0.0
gated_alive:a_1a:1455,a_1a,1455,-19.03125762939453,-53.14315414428711,8,0,0,0.0,0.0
gated_alive:a_1a:1513,a_1a,1513,-12.925985336303711,-49.68467330932617,8,0,0,0.0,0.0
gated_alive:a_1a:1760,a_1a,1760,70.10221862792969,-26.19934844970703,8,0,0,0.0,0.0
gated_alive:a_1a:2116,a_1a,2116,9.710257530212402,55.67071533203125,8,0,0,0.0,0.0
gated_alive:a_1a:2147,a_1a,2147,-44.84914016723633,-34.89762878417969,8,0,0,0.0,0.0
gated_alive:a_1a:2769,a_1a,2769,35.42228698730469,25.951940536499023,8,0,0,0.0,0.0
gated_alive:a_1a:2805,a_1a,2805,-30.897974014282227,2.3528881072998047,8,0,0,0.0,0.0
gated_alive:a_1a:3092,a_1a,3092,24.06937026977539,9.1390962600708,8,0,0,0.0,0.0
gated_alive:a_1a:4846,a_1a,4846,-23.07705307006836,-58.57707977294922,8,0,0,0.0,0.0
gated_alive:a_1a:5050,a_1a,5050,48.725563049316406,-0.4757765829563141,8,0,0,0.0,0.0
gated_alive:a_1a:5162,a_1a,5162,-58.09134292602539,-7.676970481872559,8,0,0,0.0,0.0
gated_alive:a_1a:5716,a_1a,5716,-51.88138198852539,13.946771621704102,8,0,0,0.0,0.0
gated_alive:a_1a:5942,a_1a,5942,-12.851286888122559,-49.46135711669922,8,0,0,0.0,0.0
gated_alive:a_1a:6046,a_1a,6046,-59.888179779052734,-10.20611572265625,8,0,0,0.0,0.0
gated_alive:a_1a:6055,a_1a,6055,-16.273157119750977,-64.02386474609375,8,0,0,0.0,0.0
gated_alive:a_1a:6301,a_1a,6301,-54.22428512573242,-42.335628509521484,8,0,0,0.0,0.0
gated_alive:a_1a:6732,a_1a,6732,-49.178749084472656,-27.339632034301758,8,0,0,0.0,0.0
gated_alive:a_1a:7042,a_1a,7042,-57.60483169555664,-32.30287551879883,8,0,0,0.0,0.0
gated_alive:a_1a:7228,a_1a,7228,5.230432987213135,41.45807647705078,8,0,0,0.0,0.0
gated_alive:a_1a:7293,a_1a,7293,-38.908775329589844,4.653120040893555,8,0,0,0.0,0.0
gated_alive:a_1a:7296,a_1a,7296,6.13411283493042,30.39236068725586,8,0,0,0.0,0.0
gated_alive:a_1a:7381,a_1a,7381,-17.21521759033203,-56.21318054199219,8,0,0,0.0,0.0
gated_alive:a_1a:7696,a_1a,7696,-54.615135192871094,-26.81425666809082,8,0,0,0.0,0.0
gated_alive:a_1a:8226,a_1a,8226,-45.868690490722656,-34.06100082397461,8,0,0,0.0,0.0
gated_alive:a_1a:8541,a_1a,8541,-54.05485153198242,23.27585220336914,8,0,0,0.0,0.0
gated_alive:a_1a:9234,a_1a,9234,-24.129594802856445,-58.662445068359375,8,0,0,0.0,0.0
gated_alive:a_1a:9384,a_1a,9384,62.591487884521484,-4.137496471405029,8,0,0,0.0,0.0
gated_alive:a_1a:9435,a_1a,9435,-53.62367630004883,-27.913068771362305,8,0,0,0.0,0.0
gated_alive:a_1a:9868,a_1a,9868,-22.689836502075195,-58.39753723144531,8,0,0,0.0,0.0
gated_alive:a_1a:9983,a_1a,9983,-12.697860717773438,38.74808120727539,8,0,0,0.0,0.0
gated_alive:a_1a:10262,a_1a,10262,69.7215347290039,-26.451902389526367,8,0,3,0.0,0.375
gated_alive:a_1a:10292,a_1a,10292,42.6507453918457,-5.258670330047607,8,0,0,0.0,0.0
gated_alive:a_1a:10421,a_1a,10421,31.148971557617188,39.727203369140625,8,0,0,0.0,0.0
gated_alive:a_1a:10807,a_1a,10807,-18.09788703918457,-55.197296142578125,8,0,0,0.0,0.0
gated_alive:a_1a:10903,a_1a,10903,-50.552978515625,-33.28773498535156,8,0,0,0.0,0.0
gated_alive:a_1a:11027,a_1a,11027,15.446207046508789,2.6660633087158203,8,0,0,0.0,0.0
gated_alive:a_1a:11553,a_1a,11553,-57.36442184448242,-31.35977554321289,8,0,0,0.0,0.0
gated_alive:a_1a:11698,a_1a,11698,-16.867395401000977,44.433815002441406,8,0,0,0.0,0.0
gated_alive:a_1a:11715,a_1a,11715,31.268978118896484,11.580416679382324,8,0,0,0.0,0.0
gated_alive:a_1a:11838,a_1a,11838,36.82775115966797,-38.682247161865234,8,0,0,0.0,0.0
gated_alive:a_1a:12175,a_1a,12175,-44.66158676147461,-4.582720756530762,8,0,0,0.0,0.0
gated_alive:a_1a:12277,a_1a,12277,2.901439666748047,48.93996810913086,8,0,0,0.0,0.0
gated_alive:a_1a:12453,a_1a,12453,50.262855529785156,23.425521850585938,8,0,0,0.0,0.0
gated_alive:a_1a:12496,a_1a,12496,38.57535934448242,5.331942081451416,8,0,0,0.0,0.0
gated_alive:a_1a:13163,a_1a,13163,-41.44189453125,29.271953582763672,8,0,0,0.0,0.0
gated_alive:a_1a:13416,a_1a,13416,-60.37177658081055,-31.05836296081543,8,0,0,0.0,0.0
gated_alive:a_1a:13485,a_1a,13485,-21.374496459960938,-57.741668701171875,8,0,0,0.0,0.0
gated_alive:a_1a:13551,a_1a,13551,-52.66600036621094,-28.1429500579834,8,0,0,0.0,0.0
gated_alive:a_1a:13775,a_1a,13775,-14.141879081726074,-51.384521484375,8,0,0,0.0,0.0
gated_alive:a_1a:13809,a_1a,13809,22.130184173583984,17.578372955322266,8,0,0,0.0,0.0
gated_alive:a_1a:13823,a_1a,13823,-27.248445510864258,-60.564491271972656,8,0,0,0.0,0.0
gated_alive:a_1a:13847,a_1a,13847,-9.314764022827148,-58.554237365722656,8,0,0,0.0,0.0
gated_alive:a_1a:14026,a_1a,14026,-47.93855285644531,-27.35491180419922,8,0,0,0.0,0.0
gated_alive:a_1a:14182,a_1a,14182,19.485769271850586,16.32274055480957,8,0,0,0.0,0.0
gated_alive:a_1a:14258,a_1a,14258,-52.790069580078125,9.726544380187988,8,0,0,0.0,0.0
gated_alive:a_1a:14689,a_1a,14689,-56.47890090942383,-27.986433029174805,8,0,0,0.0,0.0
gated_alive:a_1a:14691,a_1a,14691,-50.9669189453125,18.155290603637695,8,0,0,0.0,0.0
gated_alive:a_1a:14738,a_1a,14738,-19.144914627075195,-63.029197692871094,8,0,0,0.0,0.0
gated_alive:a_1a:14842,a_1a,14842,48.344913482666016,-11.752968788146973,8,0,0,0.0,0.0
gated_alive:a_1a:16046,a_1a,16046,-48.15094757080078,21.091501235961914,8,0,0,0.0,0.0
gated_alive:a_1a:16050,a_1a,16050,31.363792419433594,47.06282424926758,8,0,0,0.0,0.0
gated_alive:a_1a:16119,a_1a,16119,-14.855222702026367,-48.49165344238281,8,0,0,0.0,0.0
gated_alive:a_1a:17048,a_1a,17048,-27.980056762695312,-56.293025970458984,8,0,0,0.0,0.0
gated_alive:a_1a:17142,a_1a,17142,15.843038558959961,24.136470794677734,8,0,0,0.0,0.0
gated_alive:a_1a:17715,a_1a,17715,29.598142623901367,49.47358322143555,8,0,0,0.0,0.0
gated_alive:a_1a:17747,a_1a,17747,-55.65199661254883,-32.61427688598633,8,0,0,0.0,0.0
gated_alive:a_1a:18048,a_1a,18048,-19.499845504760742,-39.19880676269531,8,0,0,0.0,0.0
gated_alive:a_1a:18359,a_1a,18359,40.106361389160156,47.852500915527344,8,0,0,0.0,0.0
gated_alive:a_1a:18382,a_1a,18382,-49.553104400634766,-11.954994201660156,8,0,0,0.0,0.0
gated_alive:a_1a:18817,a_1a,18817,-59.845333099365234,-23.713376998901367,8,0,0,0.0,0.0
gated_alive:a_1a:19068,a_1a,19068,-47.83796310424805,-38.41164779663086,8,0,0,0.0,0.0
gated_alive:a_1a:19140,a_1a,19140,17.01474380493164,23.074472427368164,8,0,0,0.0,0.0
gated_alive:a_1a:19509,a_1a,19509,-43.130653381347656,-23.777502059936523,8,0,0,0.0,0.0
gated_alive:a_1a:20142,a_1a,20142,-50.56201934814453,-27.997835159301758,8,0,0,0.0,0.0
gated_alive:a_1a:20448,a_1a,20448,-58.60671615600586,-23.138771057128906,8,0,0,0.0,0.0
gated_alive:a_1a:20736,a_1a,20736,48.12165832519531,4.95791482925415,8,0,0,0.0,0.0
gated_alive:a_1a:20924,a_1a,20924,-9.141114234924316,-62.86160659790039,8,0,0,0.0,0.0
gated_alive:a_1a:21245,a_1a,21245,-29.924997329711914,57.23038864135742,8,0,0,0.0,0.0
gated_alive:a_1a:21821,a_1a,21821,-54.4666633605957,-32.321006774902344,8,0,0,0.0,0.0
gated_alive:a_1a:22401,a_1a,22401,-14.362832069396973,-43.176822662353516,8,0,0,0.0,0.0
gated_alive:a_1a:22576,a_1a,22576,-21.46566390991211,-3.9572174549102783,8,0,0,0.0,0.0
gated_alive:a_1a:22677,a_1a,22677,17.15742301940918,23.001741409301758,8,0,0,0.0,0.0
gated_alive:a_1a:22817,a_1a,22817,25.878957748413086,-0.60068279504776,8,0,1,0.0,0.125
gated_alive:a_1a:23271,a_1a,23271,18.594980239868164,11.746282577514648,8,0,0,0.0,0.0
gated_alive:a_1a:23326,a_1a,23326,-19.578060150146484,42.66181564331055,8,0,0,0.0,0.0
gated_alive:a_1a:23654,a_1a,23654,52.45287322998047,-0.7213671803474426,8,0,0,0.0,0.0
gated_alive:a_1a:23877,a_1a,23877,-15.164105415344238,-55.082969665527344,8,0,0,0.0,0.0
gated_alive:a_1a:24189,a_1a,24189,-35.57225036621094,-52.5394401550293,8,0,0,0.0,0.0
gated_alive:a_1a:24777,a_1a,24777,-60.803810119628906,-11.123086929321289,8,0,0,0.0,0.0
gated_alive:a_1a:25054,a_1a,25054,-1.6188647747039795,-52.16595458984375,8,0,0,0.0,0.0
gated_alive:a_1a:25088,a_1a,25088,-12.381980895996094,-34.28975296020508,8,0,0,0.0,0.0
gated_alive:a_1a:25089,a_1a,25089,-51.10831069946289,-19.497323989868164,8,0,0,0.0,0.0
gated_alive:a_1a:25334,a_1a,25334,47.273006439208984,-13.502717018127441,8,0,0,0.0,0.0
gated_alive:a_1a:25354,a_1a,25354,66.51580810546875,-21.589284896850586,8,0,0,0.0,0.0
gated_alive:a_1a:25436,a_1a,25436,5.787535667419434,28.457874298095703,8,0,0,0.0,0.0
gated_alive:a_1a:25506,a_1a,25506,17.888751983642578,2.1626384258270264,8,0,0,0.0,0.0
gated_alive:a_1a:25978,a_1a,25978,31.878896713256836,41.71259689331055,8,0,0,0.0,0.0
gated_alive:a_1a:26211,a_1a,26211,13.010926246643066,-4.929033279418945,8,0,0,0.0,0.0
gated_alive:a_1a:26345,a_1a,26345,-52.34983825683594,10.566755294799805,8,0,0,0.0,0.0
gated_alive:a_1a:26737,a_1a,26737,41.05576705932617,-37.35851287841797,8,0,2,0.0,0.25
gated_alive:a_1a:27239,a_1a,27239,-53.422691345214844,-18.357280731201172,8,0,0,0.0,0.0
gated_alive:a_1a:27312,a_1a,27312,-23.50722885131836,-61.2004508972168,8,0,0,0.0,0.0
gated_alive:a_1a:27510,a_1a,27510,-22.38335609436035,-60.070369720458984,8,0,0,0.0,0.0
gated_alive:a_1a:28468,a_1a,28468,-26.732973098754883,-58.06870651245117,8,0,0,0.0,0.0
gated_alive:a_1a:29122,a_1a,29122,-20.351327896118164,-63.73094177246094,8,0,0,0.0,0.0
gated_alive:a_1a:30193,a_1a,30193,-40.08238220214844,-14.083357810974121,8,0,0,0.0,0.0
gated_alive:a_1a:30272,a_1a,30272,46.67406463623047,-4.007654666900635,8,0,0,0.0,0.0
gated_alive:a_1a:30420,a_1a,30420,-55.89300537109375,-26.87779426574707,8,0,0,0.0,0.0
gated_alive:a_1a:30485,a_1a,30485,-43.72394943237305,20.16942596435547,8,0,0,0.0,0.0
gated_alive:a_1a:30629,a_1a,30629,-51.82926940917969,-23.924415588378906,8,0,0,0.0,0.0
gated_alive:a_1a:30961,a_1a,30961,-25.35804557800293,55.20660400390625,8,0,0,0.0,0.0
gated_alive:a_1a:31037,a_1a,31037,-32.87519836425781,55.84328842163086,8,0,0,0.0,0.0
gated_alive:a_1a:32465,a_1a,32465,-54.586631774902344,-27.13796043395996,8,0,0,0.0,0.0
gated_alive:a_1a:32747,a_1a,32747,-49.67693328857422,-45.9539680480957,8,0,0,0.0,0.0
gated_alive:a_1a:32882,a_1a,32882,-55.771080017089844,-31.456018447875977,8,0,0,0.0,0.0
gated_alive:a_1a:33072,a_1a,33072,-60.4104118347168,-13.066335678100586,8,0,0,0.0,0.0
gated_alive:a_1a:33921,a_1a,33921,-57.49150848388672,-26.275911331176758,8,0,0,0.0,0.0
gated_alive:a_1a:34101,a_1a,34101,-41.52216339111328,18.851768493652344,8,0,0,0.0,0.0
gated_alive:a_1a:34167,a_1a,34167,21.3378849029541,14.497587203979492,8,0,0,0.0,0.0
gated_alive:a_1a:34378,a_1a,34378,21.645721435546875,10.892304420471191,8,0,5,0.0,0.625
gated_alive:a_1a:34962,a_1a,34962,-8.250992774963379,-45.186092376708984,8,0,0,0.0,0.0
gated_alive:a_1a:35112,a_1a,35112,-57.68898391723633,-31.609323501586914,8,0,0,0.0,0.0
gated_alive:a_1a:35140,a_1a,35140,20.97100830078125,18.980506896972656,8,0,0,0.0,0.0
gated_alive:a_1a:35709,a_1a,35709,-61.149173736572266,-10.8634672164917,8,0,0,0.0,0.0
gated_alive:a_1a:35727,a_1a,35727,29.494709014892578,16.378232955932617,8,0,0,0.0,0.0
gated_alive:a_1a:36321,a_1a,36321,22.5070858001709,-18.442928314208984,8,0,0,0.0,0.0
gated_alive:a_1a:37093,a_1a,37093,-60.42381286621094,-12.968567848205566,8,0,0,0.0,0.0
gated_alive:a_1a:37330,a_1a,37330,-19.656461715698242,-65.9063720703125,8,0,0,0.0,0.0
gated_alive:a_1a:37586,a_1a,37586,-55.27760696411133,-23.835765838623047,8,0,0,0.0,0.0
gated_alive:a_1a:38398,a_1a,38398,-17.53655433654785,-64.23320770263672,8,0,0,0.0,0.0
gated_alive:a_1a:38425,a_1a,38425,42.581626892089844,46.801971435546875,8,0,0,0.0,0.0
gated_alive:a_1a:38559,a_1a,38559,-50.86880874633789,17.320045471191406,8,0,0,0.0,0.0
gated_alive:a_1a:38674,a_1a,38674,2.1770176887512207,65.71227264404297,8,0,0,0.0,0.0
gated_alive:a_1a:38707,a_1a,38707,0.34253790974617004,-10.317803382873535,8,0,0,0.0,0.0
gated_alive:a_1a:38991,a_1a,38991,-55.61400604248047,-38.4388542175293,8,0,0,0.0,0.0
gated_alive:a_1a:39130,a_1a,39130,-38.695369720458984,-37.20356750488281,8,0,0,0.0,0.0
gated_alive:a_1a:39166,a_1a,39166,-35.54957962036133,-15.063797950744629,8,0,0,0.0,0.0
gated_alive:a_1a:39439,a_1a,39439,-53.28600311279297,-27.146997451782227,8,0,0,0.0,0.0
gated_alive:a_1a:39699,a_1a,39699,1.1268798112869263,9.579389572143555,8,0,0,0.0,0.0
gated_alive:a_1a:39752,a_1a,39752,-19.207704544067383,-55.41737365722656,8,0,0,0.0,0.0
gated_alive:a_1a:39910,a_1a,39910,-38.593727111816406,9.038166046142578,8,0,0,0.0,0.0
gated_alive:a_1a:40126,a_1a,40126,5.245790481567383,9.936490058898926,8,0,0,0.0,0.0
gated_alive:a_1a:40230,a_1a,40230,-30.68888282775879,17.199514389038086,8,0,0,0.0,0.0
gated_alive:a_1a:40364,a_1a,40364,29.50498390197754,-23.336132049560547,8,0,0,0.0,0.0
gated_alive:a_1a:40662,a_1a,40662,14.693175315856934,53.35438919067383,8,0,0,0.0,0.0
gated_alive:a_1a:40904,a_1a,40904,-45.84405517578125,-30.73866844177246,8,0,0,0.0,0.0
gated_alive:a_1a:40990,a_1a,40990,-32.04744338989258,2.2152888774871826,8,0,0,0.0,0.0
gated_alive:a_1a:41076,a_1a,41076,-52.67393112182617,-26.825984954833984,8,0,0,0.0,0.0
gated_alive:a_1a:41852,a_1a,41852,-28.048118591308594,-58.75611877441406,8,0,0,0.0,0.0
gated_alive:a_1a:42106,a_1a,42106,35.08603286743164,45.670833587646484,8,0,0,0.0,0.0
gated_alive:a_1a:42450,a_1a,42450,-16.922929763793945,-41.56561279296875,8,0,0,0.0,0.0
gated_alive:a_1a:42812,a_1a,42812,14.542360305786133,60.22236633300781,8,0,0,0.0,0.0
gated_alive:a_1a:42927,a_1a,42927,-27.644826889038086,-60.9373779296875,8,0,1,0.0,0.125
gated_alive:a_1a:43856,a_1a,43856,-47.2442512512207,-32.44369125366211,8,0,0,0.0,0.0
gated_alive:a_1a:43931,a_1a,43931,-56.133087158203125,-30.267738342285156,8,0,0,0.0,0.0
gated_alive:a_1a:44203,a_1a,44203,6.52449369430542,28.79215431213379,8,0,0,0.0,0.0
gated_alive:a_1a:44517,a_1a,44517,-54.17069625854492,-27.987821578979492,8,0,0,0.0,0.0
gated_alive:a_1a:44742,a_1a,44742,-59.97843933105469,36.38124465942383,8,0,0,0.0,0.0
gated_alive:a_1a:44770,a_1a,44770,40.531333923339844,-3.5687263011932373,8,0,0,0.0,0.0
gated_alive:a_1a:44814,a_1a,44814,-22.415143966674805,-59.96476745605469,8,0,0,0.0,0.0
gated_alive:a_1a:44856,a_1a,44856,-50.837310791015625,-30.15911102294922,8,0,0,0.0,0.0
gated_alive:a_1a:44886,a_1a,44886,-57.262821197509766,-29.824989318847656,8,0,0,0.0,0.0
gated_alive:a_1a:45040,a_1a,45040,-24.693613052368164,-56.44891357421875,8,0,0,0.0,0.0
gated_alive:a_1a:45245,a_1a,45245,-39.40522003173828,-35.25954055786133,8,0,0,0.0,0.0
gated_alive:a_1a:46172,a_1a,46172,-53.477210998535156,-26.868194580078125,8,0,0,0.0,0.0
gated_alive:a_1a:46431,a_1a,46431,39.4146842956543,-0.6942821741104126,8,0,6,0.0,0.75
gated_alive:a_1a:46815,a_1a,46815,-52.65037536621094,-28.051301956176758,8,0,0,0.0,0.0
gated_alive:a_1a:47366,a_1a,47366,16.156635284423828,62.56943130493164,8,0,0,0.0,0.0
gated_alive:a_1a:47562,a_1a,47562,-14.70739459991455,52.73004913330078,8,0,0,0.0,0.0
gated_alive:a_1a:47619,a_1a,47619,-44.32796096801758,3.356708288192749,8,0,0,0.0,0.0
gated_alive:a_1a:47797,a_1a,47797,-37.56698226928711,-38.90235137939453,8,0,0,0.0,0.0
gated_alive:a_1a:47843,a_1a,47843,-39.52642822265625,-38.383079528808594,8,0,0,0.0,0.0
gated_alive:a_1a:47863,a_1a,47863,36.33244705200195,-7.951202392578125,8,1,4,0.125,0.5
gated_alive:a_1a:48137,a_1a,48137,16.43861961364746,62.8613395690918,8,0,0,0.0,0.0
gated_alive:a_1a:48181,a_1a,48181,-28.515798568725586,-39.816001892089844,8,0,0,0.0,0.0
gated_alive:a_1a:48652,a_1a,48652,-52.96472930908203,9.638280868530273,8,0,0,0.0,0.0
gated_alive:a_1a:49223,a_1a,49223,-51.593719482421875,-27.816068649291992,8,0,0,0.0,0.0
gated_alive:a_1a:49330,a_1a,49330,29.476112365722656,-15.60996150970459,8,0,0,0.0,0.0
gated_alive:a_1a:49451,a_1a,49451,-49.35647964477539,20.538972854614258,8,0,0,0.0,0.0
gated_alive:a_1a:49573,a_1a,49573,25.658029556274414,-7.333314895629883,8,0,0,0.0,0.0
gated_alive:a_1a:49632,a_1a,49632,-45.9223518371582,-33.95677947998047,8,0,0,0.0,0.0
gated_alive:a_1a:49781,a_1a,49781,-28.737672805786133,55.116310119628906,8,0,0,0.0,0.0
gated_alive:a_1a:49793,a_1a,49793,54.9689826965332,-5.226099491119385,8,0,0,0.0,0.0
gated_alive:a_1a:49868,a_1a,49868,24.081783294677734,-41.755001068115234,8,0,1,0.0,0.125
gated_alive:a_1a:50866,a_1a,50866,-53.91286849975586,-24.085947036743164,8,0,0,0.0,0.0
gated_alive:a_1a:50869,a_1a,50869,-60.1153564453125,-10.38202953338623,8,0,0,0.0,0.0
gated_alive:a_1a:50925,a_1a,50925,-26.506683349609375,-38.07181930541992,8,0,0,0.0,0.0
gated_alive:a_1a:50943,a_1a,50943,-22.273113250732422,-42.67116165161133,8,0,0,0.0,0.0
gated_alive:a_1a:51089,a_1a,51089,-6.173732280731201,-61.968299865722656,8,0,0,0.0,0.0
gated_alive:a_1a:51219,a_1a,51219,6.236668109893799,37.805580139160156,8,0,0,0.0,0.0
gated_alive:a_1a:51315,a_1a,51315,-52.74260711669922,-18.371658325195312,8,0,0,0.0,0.0
gated_alive:a_1a:51357,a_1a,51357,48.72639846801758,4.107917308807373,8,0,0,0.0,0.0
gated_alive:a_1a:51936,a_1a,51936,12.68452262878418,-56.41890335083008,8,0,0,0.0,0.0
gated_alive:a_1a:52162,a_1a,52162,-48.92860794067383,-34.1114501953125,8,0,0,0.0,0.0
gated_alive:a_1a:52508,a_1a,52508,-29.84441375732422,55.86542510986328,8,0,0,0.0,0.0
gated_alive:a_1a:52817,a_1a,52817,-51.08026123046875,-28.308786392211914,8,0,0,0.0,0.0
gated_alive:a_1a:53518,a_1a,53518,31.661237716674805,16.63927459716797,8,0,0,0.0,0.0
gated_alive:a_1a:53911,a_1a,53911,-51.00642776489258,-31.373014450073242,8,0,0,0.0,0.0
gated_alive:a_1a:54083,a_1a,54083,-31.480506896972656,-49.950714111328125,8,0,0,0.0,0.0
gated_alive:a_1a:54477,a_1a,54477,-54.595855712890625,-27.278095245361328,8,0,0,0.0,0.0
gated_alive:a_1a:54660,a_1a,54660,46.99430847167969,-12.816287994384766,8,0,0,0.0,0.0
gated_alive:a_1a:54845,a_1a,54845,-0.09460187703371048,-51.69045639038086,8,0,0,0.0,0.0
gated_alive:a_1a:54883,a_1a,54883,-53.94462585449219,-25.691747665405273,8,0,0,0.0,0.0
gated_alive:a_1a:55620,a_1a,55620,51.38163375854492,-4.579707145690918,8,0,0,0.0,0.0
gated_alive:a_1a:56816,a_1a,56816,52.991451263427734,-0.9713505506515503,8,0,1,0.0,0.125
gated_alive:a_1a:57156,a_1a,57156,-11.870495796203613,-54.379112243652344,8,0,0,0.0,0.0
gated_alive:a_1a:57157,a_1a,57157,17.14738655090332,23.16765785217285,8,0,0,0.0,0.0
gated_alive:a_1a:57615,a_1a,57615,-23.929229736328125,-57.732139587402344,8,0,0,0.0,0.0
gated_alive:a_1a:57951,a_1a,57951,-42.20024490356445,23.960620880126953,8,0,0,0.0,0.0
gated_alive:a_1a:58455,a_1a,58455,22.974933624267578,13.587418556213379,8,0,0,0.0,0.0
gated_alive:a_1a:58933,a_1a,58933,70.54606628417969,-16.257654190063477,8,0,0,0.0,0.0
gated_alive:a_1a:59627,a_1a,59627,19.160751342773438,31.740087509155273,8,0,0,0.0,0.0
gated_alive:a_1a:59788,a_1a,59788,37.60176467895508,42.58784103393555,8,0,0,0.0,0.0
gated_alive:a_1a:60330,a_1a,60330,1.6141937971115112,65.40116882324219,8,0,0,0.0,0.0
gated_alive:a_1a:60704,a_1a,60704,16.16645622253418,43.93557357788086,8,0,0,0.0,0.0
gated_alive:a_1a:60851,a_1a,60851,-53.19660568237305,-26.428041458129883,8,0,0,0.0,0.0
gated_alive:a_1a:61145,a_1a,61145,52.829097747802734,-32.84785842895508,8,0,1,0.0,0.125
gated_alive:a_1a:61332,a_1a,61332,-20.494539260864258,-59.57718276977539,8,0,0,0.0,0.0
gated_alive:a_1a:61539,a_1a,61539,42.03720474243164,-5.131277561187744,8,0,0,0.0,0.0
gated_alive:a_1a:62030,a_1a,62030,-47.811527252197266,20.884323120117188,8,0,0,0.0,0.0
gated_alive:a_1a:62578,a_1a,62578,21.228517532348633,-47.34963607788086,8,0,0,0.0,0.0
gated_alive:a_1a:62652,a_1a,62652,-31.618005752563477,-53.524444580078125,8,0,0,0.0,0.0
gated_alive:a_1a:62711,a_1a,62711,4.105906009674072,-2.8877320289611816,8,0,0,0.0,0.0
gated_alive:a_1a:62967,a_1a,62967,-4.5820159912109375,-1.8235094547271729,8,0,0,0.0,0.0
gated_alive:a_1a:63135,a_1a,63135,-60.38710403442383,-11.819640159606934,8,0,0,0.0,0.0
gated_alive:a_1a:63309,a_1a,63309,-56.12396240234375,-18.472932815551758,8,0,0,0.0,0.0
gated_alive:a_1a:63342,a_1a,63342,-51.986812591552734,-42.65751266479492,8,0,0,0.0,0.0
gated_alive:a_1a:63359,a_1a,63359,17.564992904663086,23.488632202148438,8,0,0,0.0,0.0
gated_alive:a_1a:63366,a_1a,63366,28.336454391479492,52.08082962036133,8,0,0,0.0,0.0
gated_alive:a_1a:63513,a_1a,63513,-56.35111999511719,-38.254859924316406,8,0,0,0.0,0.0
gated_alive:a_1a:63746,a_1a,63746,3.9332547187805176,26.7626895904541,8,0,0,0.0,0.0
gated_alive:a_1a:64108,a_1a,64108,41.12652587890625,39.53184127807617,8,0,0,0.0,0.0
gated_alive:a_1a:64632,a_1a,64632,-59.52996826171875,-10.216340065002441,8,0,0,0.0,0.0
gated_alive:a_1a:65404,a_1a,65404,-17.09854507446289,-52.65302276611328,8,0,0,0.0,0.0
gated_alive:a_1a:66013,a_1a,66013,-55.4356803894043,-24.769750595092773,8,0,0,0.0,0.0
gated_alive:a_1a:66398,a_1a,66398,46.45712661743164,-18.770164489746094,8,0,0,0.0,0.0
gated_alive:a_1a:66465,a_1a,66465,-38.65082550048828,-35.791893005371094,8,0,0,0.0,0.0
gated_alive:a_1a:66469,a_1a,66469,-39.219581604003906,28.407438278198242,8,0,0,0.0,0.0
gated_alive:a_1a:66736,a_1a,66736,-54.89468002319336,-27.62071418762207,8,0,0,0.0,0.0
gated_alive:a_1a:66977,a_1a,66977,15.27543830871582,23.471668243408203,8,0,0,0.0,0.0
gated_alive:a_1a:67071,a_1a,67071,-19.123952865600586,-63.0501708984375,8,0,0,0.0,0.0
gated_alive:a_1a:67111,a_1a,67111,46.82795715332031,1.1822357177734375,8,0,1,0.0,0.125
gated_alive:a_1a:67459,a_1a,67459,-12.94599437713623,-53.37355041503906,8,0,0,0.0,0.0
gated_alive:a_1a:68487,a_1a,68487,-8.942112922668457,-56.926536560058594,8,0,0,0.0,0.0
gated_alive:a_1a:68635,a_1a,68635,-33.710723876953125,53.9992790222168,8,0,0,0.0,0.0
gated_alive:a_1a:68645,a_1a,68645,16.106979370117188,28.92511749267578,8,0,0,0.0,0.0
gated_alive:a_1a:69125,a_1a,69125,-38.8377685546875,-3.936328411102295,8,0,0,0.0,0.0
gated_alive:a_1a:69520,a_1a,69520,-50.62111282348633,15.802713394165039,8,0,0,0.0,0.0
gated_alive:a_1a:69624,a_1a,69624,-49.715938568115234,-34.40787887573242,8,0,0,0.0,0.0
gated_alive:a_1a:69670,a_1a,69670,-49.870521545410156,-46.13669204711914,8,0,0,0.0,0.0
gated_alive:a_1a:69824,a_1a,69824,-48.44561004638672,-27.964611053466797,8,0,0,0.0,0.0
gated_alive:a_1a:70236,a_1a,70236,-14.444024085998535,-57.63130569458008,8,0,0,0.0,0.0
gated_alive:a_1a:70256,a_1a,70256,-59.623592376708984,-9.85354995727539,8,0,0,0.0,0.0
gated_alive:a_1a:70275,a_1a,70275,-35.27646255493164,8.430405616760254,8,0,0,0.0,0.0
gated_alive:a_1a:70810,a_1a,70810,-45.50895309448242,-17.673954010009766,8,0,0,0.0,0.0
gated_alive:a_1a:71079,a_1a,71079,-31.65703773498535,1.1266149282455444,8,0,0,0.0,0.0
gated_alive:a_1a:71576,a_1a,71576,-41.834754943847656,-8.203081130981445,8,0,0,0.0,0.0
gated_alive:a_1a:72144,a_1a,72144,-23.724077224731445,-30.082664489746094,8,0,0,0.0,0.0
gated_alive:a_1a:72439,a_1a,72439,3.765833854675293,-3.8042500019073486,8,0,0,0.0,0.0
gated_alive:a_1a:73103,a_1a,73103,18.234928131103516,15.467181205749512,8,0,0,0.0,0.0
gated_alive:a_1a:73607,a_1a,73607,15.370397567749023,15.634065628051758,8,0,0,0.0,0.0
gated_alive:a_1a:73727,a_1a,73727,16.400066375732422,21.597517013549805,8,0,0,0.0,0.0
gated_alive:a_1a:73756,a_1a,73756,15.407699584960938,23.482227325439453,8,0,0,0.0,0.0
gated_alive:a_1a:74142,a_1a,74142,34.48758316040039,45.79248046875,8,0,0,0.0,0.0
gated_alive:a_1a:75098,a_1a,75098,60.92315673828125,-16.495271682739258,8,0,0,0.0,0.0
gated_alive:a_1a:75229,a_1a,75229,-24.9360408782959,-58.9250602722168,8,0,0,0.0,0.0
gated_alive:a_1a:75440,a_1a,75440,-55.83476638793945,-30.878904342651367,8,0,0,0.0,0.0
gated_alive:a_1a:75491,a_1a,75491,-51.1838264465332,-16.9354190826416,8,0,0,0.0,0.0
gated_alive:a_1a:75495,a_1a,75495,-52.828739166259766,9.697997093200684,8,0,0,0.0,0.0
gated_alive:a_1a:75636,a_1a,75636,24.55527114868164,25.18165397644043,8,0,0,0.0,0.0
gated_alive:a_1a:75721,a_1a,75721,33.047340393066406,5.936903953552246,8,0,0,0.0,0.0
gated_alive:a_1a:75877,a_1a,75877,-27.044536590576172,-58.75005340576172,8,0,0,0.0,0.0
gated_alive:a_1a:76136,a_1a,76136,-44.062889099121094,20.43715476989746,8,0,0,0.0,0.0
gated_alive:a_1a:76264,a_1a,76264,-14.832491874694824,-46.55911636352539,8,0,0,0.0,0.0
gated_alive:a_1a:76306,a_1a,76306,-54.58526611328125,11.584613800048828,8,0,0,0.0,0.0
gated_alive:a_1a:76501,a_1a,76501,69.39643859863281,-24.242034912109375,8,0,0,0.0,0.0
gated_alive:a_1a:77058,a_1a,77058,50.37908935546875,23.394969940185547,8,0,0,0.0,0.0
gated_alive:a_1a:77311,a_1a,77311,47.91965103149414,29.034875869750977,8,0,0,0.0,0.0
gated_alive:a_1a:77611,a_1a,77611,49.65256881713867,25.67851448059082,8,0,0,0.0,0.0
gated_alive:a_1a:77779,a_1a,77779,-19.03679084777832,-36.047096252441406,8,0,0,0.0,0.0
gated_alive:a_1a:78514,a_1a,78514,36.86498260498047,-1.452837586402893,8,0,3,0.0,0.375
gated_alive:a_1a:78631,a_1a,78631,-16.52355194091797,-34.5646858215332,8,0,0,0.0,0.0
gated_alive:a_1a:78778,a_1a,78778,-40.60819625854492,-20.424964904785156,8,0,0,0.0,0.0
gated_alive:a_1a:79326,a_1a,79326,-60.40977478027344,-22.33729362487793,8,0,0,0.0,0.0
gated_alive:a_1a:79338,a_1a,79338,-61.04055404663086,-10.127129554748535,8,0,0,0.0,0.0
gated_alive:a_1a:79484,a_1a,79484,17.514219284057617,44.59426498413086,8,0,0,0.0,0.0
gated_alive:a_1a:79523,a_1a,79523,-51.75776672363281,-24.334613800048828,8,0,0,0.0,0.0
gated_alive:a_1a:79572,a_1a,79572,-53.579010009765625,-27.397228240966797,8,0,0,0.0,0.0
gated_alive:a_1a:79733,a_1a,79733,-51.92368698120117,-23.697744369506836,8,0,0,0.0,0.0
gated_alive:a_1a:79928,a_1a,79928,-50.6585578918457,-26.508411407470703,8,0,0,0.0,0.0
gated_alive:a_1a:80294,a_1a,80294,-34.83787155151367,48.51164627075195,8,0,0,0.0,0.0
gated_alive:a_1a:81549,a_1a,81549,-2.590522527694702,22.14749526977539,8,0,0,0.0,0.0
gated_alive:a_1a:81603,a_1a,81603,-17.217397689819336,-46.15217208862305,8,0,0,0.0,0.0
gated_alive:a_1a:82442,a_1a,82442,6.908677101135254,14.555747985839844,8,0,0,0.0,0.0
gated_alive:a_1a:82736,a_1a,82736,-42.51519775390625,-16.31954574584961,8,0,0,0.0,0.0
gated_alive:a_1a:82777,a_1a,82777,-44.4004020690918,12.457694053649902,8,0,0,0.0,0.0
gated_alive:a_1a:82793,a_1a,82793,-55.6414909362793,-38.47758865356445,8,0,0,0.0,0.0
gated_alive:a_1a:82823,a_1a,82823,-38.06447982788086,-45.3397216796875,8,0,0,0.0,0.0
gated_alive:a_1a:83033,a_1a,83033,17.607877731323242,44.675498962402344,8,0,0,0.0,0.0
gated_alive:a_1a:83430,a_1a,83430,-20.40561294555664,-51.503047943115234,8,0,0,0.0,0.0
gated_alive:a_1a:83435,a_1a,83435,-39.9569206237793,-38.40243911743164,8,0,0,0.0,0.0
gated_alive:a_1a:83696,a_1a,83696,25.041641235351562,-48.80043411254883,8,0,0,0.0,0.0
gated_alive:a_1a:84074,a_1a,84074,-49.34944534301758,-20.17048454284668,8,0,0,0.0,0.0
gated_alive:a_1a:85184,a_1a,85184,3.9232568740844727,59.979286193847656,8,0,0,0.0,0.0
gated_alive:a_1a:85267,a_1a,85267,-46.91876220703125,16.848180770874023,8,0,0,0.0,0.0
gated_alive:a_1a:85325,a_1a,85325,22.141170501708984,15.937911033630371,8,0,0,0.0,0.0
gated_alive:a_1a:85347,a_1a,85347,-52.75895690917969,8.997499465942383,8,0,0,0.0,0.0
gated_alive:a_1a:85552,a_1a,85552,31.353553771972656,48.268760681152344,8,0,0,0.0,0.0
gated_alive:a_1a:85641,a_1a,85641,-55.20872116088867,-5.6357927322387695,8,0,0,0.0,0.0
gated_alive:a_1a:86135,a_1a,86135,-16.572423934936523,-60.47299575805664,8,0,0,0.0,0.0
gated_alive:a_1a:86512,a_1a,86512,-20.187496185302734,42.14177703857422,8,0,0,0.0,0.0
gated_alive:a_1a:86621,a_1a,86621,21.923946380615234,18.46442222595215,8,0,0,0.0,0.0
gated_alive:a_1a:86847,a_1a,86847,-24.569725036621094,-58.54278564453125,8,0,0,0.0,0.0
gated_alive:a_1a:87513,a_1a,87513,31.099040985107422,40.78515625,8,0,0,0.0,0.0
gated_alive:a_1a:87580,a_1a,87580,17.430339813232422,20.8751277923584,8,0,0,0.0,0.0
gated_alive:a_1a:87637,a_1a,87637,17.679885864257812,16.763423919677734,8,0,0,0.0,0.0
gated_alive:a_1a:87880,a_1a,87880,-54.430992126464844,-24.846899032592773,8,0,0,0.0,0.0
gated_alive:a_1a:87976,a_1a,87976,40.19537353515625,-1.478601336479187,8,0,0,0.0,0.0
gated_alive:a_1a:88250,a_1a,88250,-51.080326080322266,-29.729454040527344,8,0,0,0.0,0.0
gated_alive:a_1a:88389,a_1a,88389,35.89128112792969,49.876304626464844,8,0,0,0.0,0.0
gated_alive:a_1a:88658,a_1a,88658,-55.23300552368164,-30.1663761138916,8,0,0,0.0,0.0
gated_alive:a_1a:88775,a_1a,88775,25.801570892333984,-16.426605224609375,8,0,4,0.0,0.5
gated_alive:a_1a:88851,a_1a,88851,-48.043827056884766,-38.51702117919922,8,0,0,0.0,0.0
gated_alive:a_1a:89122,a_1a,89122,-44.86567687988281,-29.067611694335938,8,0,0,0.0,0.0
gated_alive:a_1a:89123,a_1a,89123,-53.76679992675781,-31.44316864013672,8,0,0,0.0,0.0
gated_alive:a_1a:89468,a_1a,89468,6.553720951080322,25.721885681152344,8,0,0,0.0,0.0
gated_alive:a_1a:89493,a_1a,89493,17.887447357177734,32.75153732299805,8,0,0,0.0,0.0
gated_alive:a_1a:89733,a_1a,89733,-50.715885162353516,-27.937870025634766,8,0,0,0.0,0.0
gated_alive:a_1a:90092,a_1a,90092,36.457820892333984,45.634063720703125,8,0,0,0.0,0.0
gated_alive:a_1a:90136,a_1a,90136,-0.11374768614768982,62.058738708496094,8,0,0,0.0,0.0
gated_alive:a_1a:90188,a_1a,90188,51.46086120605469,-31.560922622680664,8,0,0,0.0,0.0
gated_alive:a_1a:90256,a_1a,90256,-21.78423500061035,-37.48822784423828,8,0,0,0.0,0.0
gated_alive:a_1a:90309,a_1a,90309,-31.457765579223633,2.065443515777588,8,0,0,0.0,0.0
gated_alive:a_1a:90501,a_1a,90501,-55.17886734008789,-23.912988662719727,8,0,0,0.0,0.0
gated_alive:a_1a:90622,a_1a,90622,-49.42621612548828,-40.04026794433594,8,0,0,0.0,0.0
gated_alive:a_1a:90653,a_1a,90653,47.15896224975586,1.128031611442566,8,0,2,0.0,0.25
gated_alive:a_1a:91116,a_1a,91116,-56.91440200805664,37.812164306640625,8,0,0,0.0,0.0
gated_alive:a_1a:92254,a_1a,92254,25.31673812866211,-17.556903839111328,8,0,0,0.0,0.0
gated_alive:a_1a:92680,a_1a,92680,-50.72569274902344,17.85953712463379,8,0,0,0.0,0.0
gated_alive:a_1a:93244,a_1a,93244,-55.20482635498047,-23.538888931274414,8,0,0,0.0,0.0
gated_alive:a_1a:93539,a_1a,93539,-55.69178771972656,-4.052484035491943,8,0,0,0.0,0.0
gated_alive:a_1a:93667,a_1a,93667,54.66461944580078,-2.370814800262451,8,0,0,0.0,0.0
gated_alive:a_1a:93746,a_1a,93746,-33.421024322509766,-46.12834548950195,8,0,0,0.0,0.0
gated_alive:a_1a:94074,a_1a,94074,-45.55885314941406,-26.156272888183594,8,0,0,0.0,0.0
gated_alive:a_1a:94458,a_1a,94458,-23.0098876953125,-57.179500579833984,8,0,0,0.0,0.0
gated_alive:a_1a:94842,a_1a,94842,-54.1471061706543,-15.415205955505371,8,0,0,0.0,0.0
gated_alive:a_1a:94846,a_1a,94846,-50.111576080322266,-41.850894927978516,8,0,0,0.0,0.0
gated_alive:a_1a:95149,a_1a,95149,-59.477149963378906,-3.3809072971343994,8,0,0,0.0,0.0
gated_alive:a_1a:95619,a_1a,95619,46.870182037353516,-12.346858024597168,8,0,0,0.0,0.0
gated_alive:a_1a:95666,a_1a,95666,-49.27922058105469,-32.33293151855469,8,0,0,0.0,0.0
gated_alive:a_1a:95814,a_1a,95814,-32.51656723022461,11.871623039245605,8,0,0,0.0,0.0
gated_alive:a_1a:95859,a_1a,95859,29.263221740722656,-15.142047882080078,8,0,0,0.0,0.0
gated_alive:a_1a:95891,a_1a,95891,-45.63282012939453,-39.30278778076172,8,0,0,0.0,0.0
gated_alive:a_1a:96910,a_1a,96910,-38.76697540283203,-37.399784088134766,8,0,0,0.0,0.0
gated_alive:a_1a:97016,a_1a,97016,-49.136878967285156,-34.218631744384766,8,0,0,0.0,0.0
gated_alive:a_1a:97470,a_1a,97470,-26.160329818725586,-54.766746520996094,8,0,0,0.0,0.0
gated_alive:a_1a:97785,a_1a,97785,-31.676067352294922,2.0777924060821533,8,0,0,0.0,0.0
gated_alive:a_1a:97903,a_1a,97903,-26.51984214782715,-37.935611724853516,8,0,0,0.0,0.0
gated_alive:a_1a:98710,a_1a,98710,-54.985755920410156,-28.97519874572754,8,0,0,0.0,0.0
gated_alive:a_1a:99077,a_1a,99077,-48.31350326538086,-26.85692596435547,8,0,0,0.0,0.0
gated_alive:a_1a:99580,a_1a,99580,-61.642608642578125,-24.76174545288086,8,0,0,0.0,0.0
gated_alive:a_1a:99771,a_1a,99771,-61.870147705078125,-5.546185493469238,8,0,0,0.0,0.0
gated_alive:a_1a:100129,a_1a,100129,-59.36166763305664,-7.2528204917907715,8,0,0,0.0,0.0
gated_alive:a_1a:100283,a_1a,100283,-50.13166427612305,23.590816497802734,8,0,0,0.0,0.0
gated_alive:a_1a:100566,a_1a,100566,1.5188359022140503,65.35859680175781,8,0,0,0.0,0.0
gated_alive:a_1a:100850,a_1a,100850,-48.016204833984375,23.55207633972168,8,0,0,0.0,0.0
gated_alive:a_1a:100943,a_1a,100943,-32.79564666748047,56.635650634765625,8,0,0,0.0,0.0
gated_alive:a_1a:101384,a_1a,101384,43.49422073364258,-7.914911270141602,8,0,1,0.0,0.125
gated_alive:a_1a:101580,a_1a,101580,64.54044342041016,-17.251028060913086,8,0,0,0.0,0.0
gated_alive:a_1a:101592,a_1a,101592,-56.17034149169922,-37.41195297241211,8,0,0,0.0,0.0
gated_alive:a_1a:101931,a_1a,101931,-46.071720123291016,-19.7885684967041,8,0,0,0.0,0.0
gated_alive:a_1a:102322,a_1a,102322,-49.002769470214844,-28.2850341796875,8,0,0,0.0,0.0
gated_alive:a_1a:102404,a_1a,102404,-55.98664474487305,-19.07040786743164,8,0,0,0.0,0.0
gated_alive:a_1a:102638,a_1a,102638,0.6244824528694153,64.08073425292969,8,0,0,0.0,0.0
gated_alive:a_1a:102867,a_1a,102867,46.263389587402344,-3.9181265830993652,8,0,0,0.0,0.0
gated_alive:a_1a:102880,a_1a,102880,70.37054443359375,-28.335325241088867,8,0,0,0.0,0.0
gated_alive:a_1a:103694,a_1a,103694,4.3061113357543945,63.10212326049805,8,0,0,0.0,0.0
gated_alive:a_1a:103862,a_1a,103862,-27.046213150024414,-3.4902637004852295,8,0,0,0.0,0.0
gated_alive:a_1a:104376,a_1a,104376,5.497904300689697,27.289384841918945,8,0,0,0.0,0.0
gated_alive:a_1a:104582,a_1a,104582,5.83253288269043,61.140079498291016,8,0,0,0.0,0.0
gated_alive:a_1a:104643,a_1a,104643,-52.58124542236328,-25.909482955932617,8,0,0,0.0,0.0
gated_alive:a_1a:105237,a_1a,105237,-48.047752380371094,46.06684494018555,8,0,0,0.0,0.0
gated_alive:a_1a:105666,a_1a,105666,-22.33640480041504,-65.28353881835938,8,0,0,0.0,0.0
gated_alive:a_1a:105717,a_1a,105717,-29.130788803100586,-46.0988655090332,8,0,0,0.0,0.0
gated_alive:a_1a:105838,a_1a,105838,30.58152961730957,33.8238410949707,8,0,0,0.0,0.0
gated_alive:a_1a:106198,a_1a,106198,27.581680297851562,-28.4744873046875,8,0,0,0.0,0.0
gated_alive:a_1a:106490,a_1a,106490,-13.383176803588867,-54.88711929321289,8,0,0,0.0,0.0
gated_alive:a_1a:106502,a_1a,106502,24.914880752563477,9.59642505645752,8,0,0,0.0,0.0
gated_alive:a_1a:107283,a_1a,107283,-10.221232414245605,40.44384765625,8,0,0,0.0,0.0
gated_alive:a_1a:107601,a_1a,107601,-51.35894775390625,-27.86264419555664,8,0,0,0.0,0.0
gated_alive:a_1a:108409,a_1a,108409,-11.641938209533691,46.794307708740234,8,0,3,0.0,0.375
gated_alive:a_1a:108924,a_1a,108924,-29.568199157714844,55.024776458740234,8,0,0,0.0,0.0
gated_alive:a_1a:109003,a_1a,109003,-40.31013488769531,24.4647274017334,8,0,0,0.0,0.0
gated_alive:a_1a:109022,a_1a,109022,18.63822364807129,18.88629913330078,8,0,0,0.0,0.0
gated_alive:a_1a:109345,a_1a,109345,-51.20526885986328,-45.833229064941406,8,0,0,0.0,0.0
gated_alive:a_1a:109365,a_1a,109365,-0.29896408319473267,62.142784118652344,8,0,0,0.0,0.0
gated_alive:a_1a:109491,a_1a,109491,-6.206780433654785,-57.216453552246094,8,0,0,0.0,0.0
gated_alive:a_1a:109615,a_1a,109615,10.227762222290039,62.082733154296875,8,0,0,0.0,0.0
gated_alive:a_1a:109876,a_1a,109876,22.746728897094727,11.713980674743652,8,0,0,0.0,0.0
gated_alive:a_1a:110157,a_1a,110157,-10.10748291015625,-65.94229125976562,8,0,0,0.0,0.0
gated_alive:a_1a:110189,a_1a,110189,29.99545669555664,-22.78542137145996,8,0,1,0.0,0.125
gated_alive:a_1a:110264,a_1a,110264,20.28662872314453,20.31529426574707,8,0,0,0.0,0.0
gated_alive:a_1a:110556,a_1a,110556,-51.294097900390625,-26.1932430267334,8,0,0,0.0,0.0
gated_alive:a_1a:111442,a_1a,111442,52.23672866821289,-8.161319732666016,8,0,0,0.0,0.0
gated_alive:a_1a:111565,a_1a,111565,-41.1853141784668,19.423173904418945,8,0,0,0.0,0.0
gated_alive:a_1a:111593,a_1a,111593,36.870330810546875,47.65776443481445,8,0,0,0.0,0.0
gated_alive:a_1a:112295,a_1a,112295,-14.746162414550781,-57.233707427978516,8,0,0,0.0,0.0
gated_alive:a_1a:112626,a_1a,112626,-29.856367111206055,0.03252514824271202,8,0,0,0.0,0.0
gated_alive:a_1a:113084,a_1a,113084,39.15997314453125,31.56081199645996,8,0,0,0.0,0.0
gated_alive:a_1a:113623,a_1a,113623,5.837167739868164,63.842933654785156,8,0,0,0.0,0.0
gated_alive:a_1a:113887,a_1a,113887,-23.41133689880371,-65.96601867675781,8,0,0,0.0,0.0
gated_alive:a_1a:114441,a_1a,114441,15.535816192626953,-37.453243255615234,8,0,0,0.0,0.0
gated_alive:a_1a:114464,a_1a,114464,-56.61396408081055,-29.0810546875,8,0,0,0.0,0.0
gated_alive:a_1a:115556,a_1a,115556,-50.07901382446289,-27.135173797607422,8,0,0,0.0,0.0
gated_alive:a_1a:115650,a_1a,115650,-60.878238677978516,-28.422054290771484,8,0,0,0.0,0.0
gated_alive:a_1a:115652,a_1a,115652,-17.26316261291504,-12.713561058044434,8,0,0,0.0,0.0
gated_alive:a_1a:116085,a_1a,116085,-15.146745681762695,-65.83193969726562,8,0,0,0.0,0.0
gated_alive:a_1a:116527,a_1a,116527,-0.032820381224155426,55.170738220214844,8,0,0,0.0,0.0
gated_alive:a_1a:116655,a_1a,116655,-12.954768180847168,47.748291015625,8,0,0,0.0,0.0
gated_alive:a_1a:117427,a_1a,117427,-51.955604553222656,-20.449140548706055,8,0,0,0.0,0.0
gated_alive:a_1a:117683,a_1a,117683,-44.93962097167969,29.793743133544922,8,0,0,0.0,0.0
gated_alive:a_1a:118166,a_1a,118166,27.693817138671875,44.37217712402344,8,0,0,0.0,0.0
gated_alive:a_1a:118230,a_1a,118230,-52.328914642333984,-21.870216369628906,8,0,0,0.0,0.0
gated_alive:a_1a:118835,a_1a,118835,-12.832847595214844,-58.478172302246094,8,0,0,0.0,0.0
gated_alive:a_1a:118845,a_1a,118845,33.94074630737305,44.167476654052734,8,0,0,0.0,0.0
gated_alive:a_1a:118909,a_1a,118909,13.555868148803711,37.93617630004883,8,0,0,0.0,0.0
gated_alive:a_1a:119373,a_1a,119373,-12.971857070922852,-57.10029983520508,8,0,0,0.0,0.0
gated_alive:a_1a:119424,a_1a,119424,-52.471805572509766,-28.33237648010254,8,0,0,0.0,0.0
gated_alive:a_1a:119585,a_1a,119585,-23.653411865234375,-49.564476013183594,8,0,0,0.0,0.0
gated_alive:a_1a:120107,a_1a,120107,5.744406700134277,-61.36821746826172,8,0,0,0.0,0.0
gated_alive:a_1a:120535,a_1a,120535,23.198062896728516,32.64634323120117,8,0,0,0.0,0.0
gated_alive:a_1a:120829,a_1a,120829,-16.300004959106445,-47.326515197753906,8,0,0,0.0,0.0
gated_alive:a_1a:120849,a_1a,120849,-39.66134262084961,19.62163734436035,8,0,0,0.0,0.0
gated_alive:a_1a:120997,a_1a,120997,-57.07069396972656,-20.546720504760742,8,0,0,0.0,0.0
gated_alive:a_1a:121100,a_1a,121100,-60.92230224609375,-28.398088455200195,8,0,0,0.0,0.0
gated_alive:a_1a:121619,a_1a,121619,-54.40353775024414,23.617630004882812,8,0,0,0.0,0.0
gated_alive:a_1a:122009,a_1a,122009,-6.357924938201904,-21.1103515625,8,0,0,0.0,0.0
gated_alive:a_1a:122230,a_1a,122230,-20.00974464416504,-58.8060188293457,8,0,0,0.0,0.0
gated_alive:a_1a:122241,a_1a,122241,-25.746341705322266,-4.880909442901611,8,0,0,0.0,0.0
gated_alive:a_1a:122262,a_1a,122262,-30.90900421142578,56.92890548706055,8,0,0,0.0,0.0
gated_alive:a_1a:122384,a_1a,122384,21.616531372070312,24.481489181518555,8,0,0,0.0,0.0
gated_alive:a_1a:122854,a_1a,122854,-56.061912536621094,-28.201370239257812,8,0,0,0.0,0.0
gated_alive:a_1a:123387,a_1a,123387,-47.89054489135742,-20.93855857849121,8,0,0,0.0,0.0
gated_alive:a_1a:123437,a_1a,123437,-44.181488037109375,23.996702194213867,8,0,0,0.0,0.0
gated_alive:a_1a:123600,a_1a,123600,-54.234275817871094,-20.3654842376709,8,0,0,0.0,0.0
gated_alive:a_1a:123884,a_1a,123884,51.888126373291016,-6.327727317810059,8,0,0,0.0,0.0
gated_alive:a_1a:124031,a_1a,124031,30.671104431152344,47.34469223022461,8,0,0,0.0,0.0
gated_alive:a_1a:124260,a_1a,124260,-31.27305030822754,-0.47249656915664673,8,0,0,0.0,0.0
gated_alive:a_1a:124331,a_1a,124331,43.24827575683594,-2.2325570583343506,8,0,0,0.0,0.0
gated_alive:a_1a:124365,a_1a,124365,-59.144161224365234,-17.71407127380371,8,0,0,0.0,0.0
gated_alive:a_1a:125874,a_1a,125874,33.630123138427734,53.245609283447266,8,0,0,0.0,0.0
gated_alive:a_1a:126003,a_1a,126003,-42.373714447021484,23.873018264770508,8,0,0,0.0,0.0
gated_alive:a_1a:126272,a_1a,126272,-41.570777893066406,39.17652130126953,8,0,0,0.0,0.0
gated_alive:a_1a:126335,a_1a,126335,-0.46925100684165955,31.68881607055664,8,0,0,0.0,0.0
gated_alive:a_1a:126707,a_1a,126707,-54.835269927978516,-23.237442016601562,8,0,0,0.0,0.0
gated_alive:a_1a:126877,a_1a,126877,24.481054306030273,12.15530014038086,8,0,0,0.0,0.0
gated_alive:a_1a:126921,a_1a,126921,-44.4450569152832,3.498687505722046,8,0,0,0.0,0.0
gated_alive:a_1a:126937,a_1a,126937,-57.48024368286133,-30.13407325744629,8,0,0,0.0,0.0
gated_alive:a_1a:127005,a_1a,127005,-50.918949127197266,-25.169811248779297,8,0,0,0.0,0.0
gated_alive:a_1a:127053,a_1a,127053,37.969364166259766,-35.467899322509766,8,0,0,0.0,0.0
gated_alive:a_1a:127345,a_1a,127345,17.83908462524414,-20.04853630065918,8,0,0,0.0,0.0
gated_alive:a_1a:127773,a_1a,127773,74.59129333496094,-14.875150680541992,8,0,0,0.0,0.0
gated_alive:a_1a:128209,a_1a,128209,-53.95972442626953,23.249900817871094,8,0,0,0.0,0.0
gated_alive:a_1a:128224,a_1a,128224,-17.061086654663086,-41.53921890258789,8,0,0,0.0,0.0
gated_alive:a_1a:128291,a_1a,128291,16.39085578918457,17.54813575744629,8,0,0,0.0,0.0
gated_alive:a_1a:128714,a_1a,128714,-31.873409271240234,2.035492181777954,8,0,0,0.0,0.0
gated_alive:a_1a:129662,a_1a,129662,29.809398651123047,49.55834197998047,8,0,0,0.0,0.0
gated_alive:a_1a:129749,a_1a,129749,45.73394775390625,-4.672322750091553,8,0,0,0.0,0.0
gated_alive:a_1a:130074,a_1a,130074,-30.39460563659668,38.67210388183594,8,0,0,0.0,0.0
gated_alive:a_1a:130249,a_1a,130249,-11.545916557312012,-32.12556838989258,8,0,0,0.0,0.0
gated_alive:a_1a:130580,a_1a,130580,-20.16404151916504,-61.621131896972656,8,0,0,0.0,0.0
gated_alive:a_1a:130929,a_1a,130929,2.8509960174560547,-34.3555908203125,8,0,0,0.0,0.0
gated_alive:a_1a:131162,a_1a,131162,-14.618306159973145,-45.62887191772461,8,0,0,0.0,0.0
gated_alive:a_1a:132024,a_1a,132024,29.29658317565918,52.93357849121094,8,0,0,0.0,0.0
gated_alive:a_1a:132091,a_1a,132091,-58.800743103027344,-32.98845672607422,8,0,0,0.0,0.0
gated_alive:a_1a:132324,a_1a,132324,-28.839561462402344,1.181257963180542,8,0,0,0.0,0.0
gated_alive:a_1a:132557,a_1a,132557,-59.390464782714844,-23.0748291015625,8,0,0,0.0,0.0
gated_alive:a_1a:132852,a_1a,132852,-13.038725852966309,-53.36362075805664,8,0,0,0.0,0.0
gated_alive:a_1a:133476,a_1a,133476,-40.12766647338867,48.82285690307617,8,0,0,0.0,0.0
gated_alive:a_1a:133576,a_1a,133576,22.203298568725586,-41.182830810546875,8,0,0,0.0,0.0
gated_alive:a_1a:133783,a_1a,133783,-52.767120361328125,13.258567810058594,8,0,0,0.0,0.0
gated_alive:a_1a:133841,a_1a,133841,4.43214750289917,30.439495086669922,8,0,0,0.0,0.0
gated_alive:a_1a:134611,a_1a,134611,-46.93922424316406,-21.019268035888672,8,0,0,0.0,0.0
gated_alive:a_1a:134902,a_1a,134902,-15.00359058380127,-62.08607864379883,8,0,0,0.0,0.0
gated_alive:a_1a:135068,a_1a,135068,55.44850540161133,30.981809616088867,8,0,0,0.0,0.0
gated_alive:a_1a:135123,a_1a,135123,-39.416080474853516,7.463813781738281,8,0,0,0.0,0.0
gated_alive:a_1a:135717,a_1a,135717,-59.32368850708008,-23.014616012573242,8,0,0,0.0,0.0
gated_alive:a_1a:135799,a_1a,135799,75.91877746582031,-26.502605438232422,8,0,0,0.0,0.0
gated_alive:a_1a:135801,a_1a,135801,-57.96533203125,-23.10686683654785,8,0,0,0.0,0.0
gated_alive:a_1a:136244,a_1a,136244,-38.62847137451172,39.91787338256836,8,0,0,0.0,0.0
gated_alive:a_1a:136424,a_1a,136424,36.780479431152344,43.32911682128906,8,0,0,0.0,0.0
gated_alive:a_2a:717,a_2a,717,31.809267044067383,57.15282440185547,14,0,0,0.0,0.0
gated_alive:a_2a:1528,a_2a,1528,16.226688385009766,-24.630727767944336,14,0,0,0.0,0.0
gated_alive:a_2a:1964,a_2a,1964,59.648826599121094,-4.834803104400635,14,0,0,0.0,0.0
gated_alive:a_2a:2494,a_2a,2494,50.34953308105469,32.84934997558594,14,0,2,0.0,0.14285714285714285
gated_alive:a_2a:2894,a_2a,2894,-0.4388110935688019,-55.87945556640625,14,0,0,0.0,0.0
gated_alive:a_2a:3265,a_2a,3265,3.5327816009521484,-47.017642974853516,14,0,0,0.0,0.0
gated_alive:a_2a:4522,a_2a,4522,-26.412309646606445,0.3287625014781952,14,0,5,0.0,0.35714285714285715
gated_alive:a_2a:5401,a_2a,5401,16.252193450927734,36.732093811035156,14,0,0,0.0,0.0
gated_alive:a_2a:5899,a_2a,5899,0.09462124854326248,2.4013514518737793,14,0,0,0.0,0.0
gated_alive:a_2a:6127,a_2a,6127,29.271331787109375,46.14701843261719,14,0,0,0.0,0.0
gated_alive:a_2a:6590,a_2a,6590,-35.26021194458008,52.127681732177734,14,0,0,0.0,0.0
gated_alive:a_2a:7132,a_2a,7132,-52.63776779174805,-25.99542236328125,14,0,0,0.0,0.0
gated_alive:a_2a:7337,a_2a,7337,1.159190058708191,14.45808219909668,14,0,0,0.0,0.0
gated_alive:a_2a:7715,a_2a,7715,17.500905990600586,1.4136590957641602,14,0,0,0.0,0.0
gated_alive:a_2a:7743,a_2a,7743,40.28886413574219,-38.13347244262695,14,0,0,0.0,0.0
gated_alive:a_2a:7809,a_2a,7809,12.673014640808105,32.756553649902344,14,0,0,0.0,0.0
gated_alive:a_2a:8330,a_2a,8330,-40.86213302612305,-24.489774703979492,14,0,0,0.0,0.0
gated_alive:a_2a:8818,a_2a,8818,-58.8491096496582,-29.220205307006836,14,0,0,0.0,0.0
gated_alive:a_2a:8895,a_2a,8895,40.84034729003906,40.3890495300293,14,0,0,0.0,0.0
gated_alive:a_2a:9611,a_2a,9611,-8.634288787841797,58.50957107543945,14,0,0,0.0,0.0
gated_alive:a_2a:10152,a_2a,10152,-40.62709426879883,30.02715301513672,14,0,0,0.0,0.0
gated_alive:a_2a:10700,a_2a,10700,-58.203147888183594,-33.205928802490234,14,0,0,0.0,0.0
gated_alive:a_2a:11341,a_2a,11341,22.869037628173828,10.513829231262207,14,0,1,0.0,0.07142857142857142
gated_alive:a_2a:11640,a_2a,11640,-34.82130432128906,-12.11487865447998,14,0,0,0.0,0.0
gated_alive:a_2a:12063,a_2a,12063,21.508256912231445,24.652326583862305,14,0,0,0.0,0.0
gated_alive:a_2a:12631,a_2a,12631,9.530694961547852,43.136962890625,14,0,0,0.0,0.0
gated_alive:a_2a:12819,a_2a,12819,19.42522430419922,1.860736608505249,14,0,5,0.0,0.35714285714285715
gated_alive:a_2a:13174,a_2a,13174,11.226506233215332,30.0787353515625,14,0,0,0.0,0.0
gated_alive:a_2a:13319,a_2a,13319,-8.962401390075684,-22.895404815673828,14,0,0,0.0,0.0
gated_alive:a_2a:13513,a_2a,13513,32.50541687011719,51.83285903930664,14,0,0,0.0,0.0
gated_alive:a_2a:13781,a_2a,13781,-19.65926170349121,-56.80873107910156,14,0,0,0.0,0.0
gated_alive:a_2a:14467,a_2a,14467,-53.07633590698242,-18.369892120361328,14,0,0,0.0,0.0
gated_alive:a_2a:14906,a_2a,14906,27.93492317199707,57.615631103515625,14,0,0,0.0,0.0
gated_alive:a_2a:14931,a_2a,14931,-4.121253490447998,-54.67213821411133,14,0,0,0.0,0.0
gated_alive:a_2a:15161,a_2a,15161,-46.73004913330078,-13.426756858825684,14,0,0,0.0,0.0
gated_alive:a_2a:15770,a_2a,15770,-33.17655944824219,30.62605857849121,14,0,0,0.0,0.0
gated_alive:a_2a:15825,a_2a,15825,-34.47453689575195,54.62787628173828,14,0,0,0.0,0.0
gated_alive:a_2a:16122,a_2a,16122,-41.24407958984375,49.37980270385742,14,0,0,0.0,0.0
gated_alive:a_2a:17217,a_2a,17217,-14.689784049987793,-66.88389587402344,14,0,5,0.0,0.35714285714285715
gated_alive:a_2a:18056,a_2a,18056,4.659807205200195,-2.3984549045562744,14,0,0,0.0,0.0
gated_alive:a_2a:18628,a_2a,18628,19.657093048095703,28.01556396484375,14,0,0,0.0,0.0
gated_alive:a_2a:18703,a_2a,18703,19.080257415771484,14.489381790161133,14,0,0,0.0,0.0
gated_alive:a_2a:18836,a_2a,18836,-39.44887924194336,25.817461013793945,14,0,0,0.0,0.0
gated_alive:a_2a:18876,a_2a,18876,0.7734118700027466,45.56198501586914,14,0,0,0.0,0.0
gated_alive:a_2a:18939,a_2a,18939,7.989004611968994,19.100799560546875,14,0,0,0.0,0.0
gated_alive:a_2a:19085,a_2a,19085,-17.08156394958496,35.66782760620117,14,0,0,0.0,0.0
gated_alive:a_2a:19176,a_2a,19176,-44.330963134765625,-17.73699188232422,14,0,0,0.0,0.0
gated_alive:a_2a:19559,a_2a,19559,-24.25479507446289,-58.766204833984375,14,0,0,0.0,0.0
gated_alive:a_2a:20360,a_2a,20360,28.24825096130371,46.62489700317383,14,0,0,0.0,0.0
gated_alive:a_2a:20366,a_2a,20366,48.30431365966797,15.60110092163086,14,0,0,0.0,0.0
gated_alive:a_2a:20915,a_2a,20915,33.7917366027832,52.740936279296875,14,0,0,0.0,0.0
gated_alive:a_2a:21021,a_2a,21021,27.011844635009766,41.86959457397461,14,0,0,0.0,0.0
gated_alive:a_2a:21315,a_2a,21315,-18.625106811523438,28.24027442932129,14,0,0,0.0,0.0
gated_alive:a_2a:21815,a_2a,21815,20.86543846130371,25.04259490966797,14,0,0,0.0,0.0
gated_alive:a_2a:21902,a_2a,21902,-22.196590423583984,-56.221595764160156,14,0,0,0.0,0.0
gated_alive:a_2a:21967,a_2a,21967,-45.43479919433594,7.541647911071777,14,0,0,0.0,0.0
gated_alive:a_2a:22428,a_2a,22428,7.981961727142334,60.75529861450195,14,0,0,0.0,0.0
gated_alive:a_2a:22685,a_2a,22685,2.4233694076538086,2.2238340377807617,14,0,0,0.0,0.0
gated_alive:a_2a:23004,a_2a,23004,3.938323736190796,-0.6865465044975281,14,0,1,0.0,0.07142857142857142
gated_alive:a_2a:25119,a_2a,25119,-45.615543365478516,-20.39277458190918,14,0,0,0.0,0.0
gated_alive:a_2a:25294,a_2a,25294,13.515888214111328,26.803817749023438,14,0,0,0.0,0.0
gated_alive:a_2a:25371,a_2a,25371,0.8295243978500366,-4.533101558685303,14,0,2,0.0,0.14285714285714285
gated_alive:a_2a:25977,a_2a,25977,-0.5161659717559814,22.50859260559082,14,0,0,0.0,0.0
gated_alive:a_2a:26176,a_2a,26176,-9.366755485534668,-62.47383117675781,14,0,0,0.0,0.0
gated_alive:a_2a:26278,a_2a,26278,-57.9501838684082,-31.996654510498047,14,0,0,0.0,0.0
gated_alive:a_2a:27250,a_2a,27250,-26.606855392456055,0.43889886140823364,14,0,0,0.0,0.0
gated_alive:a_2a:27507,a_2a,27507,18.270809173583984,58.85054397583008,14,0,0,0.0,0.0
gated_alive:a_2a:28406,a_2a,28406,-21.92952537536621,-62.04098129272461,14,0,0,0.0,0.0
gated_alive:a_2a:28430,a_2a,28430,-15.606473922729492,-62.87614059448242,14,0,1,0.0,0.07142857142857142
gated_alive:a_2a:29372,a_2a,29372,23.609010696411133,22.29938507080078,14,0,0,0.0,0.0
gated_alive:a_2a:29877,a_2a,29877,2.407318115234375,8.395746231079102,14,0,0,0.0,0.0
gated_alive:a_2a:29895,a_2a,29895,11.190428733825684,24.964452743530273,14,0,0,0.0,0.0
gated_alive:a_2a:30406,a_2a,30406,29.720792770385742,15.610152244567871,14,0,0,0.0,0.0
gated_alive:a_2a:30554,a_2a,30554,38.2442741394043,43.38996887207031,14,0,0,0.0,0.0
gated_alive:a_2a:30799,a_2a,30799,-1.994088888168335,-57.237892150878906,14,0,0,0.0,0.0
gated_alive:a_2a:30966,a_2a,30966,-43.07600402832031,-36.93555450439453,14,0,0,0.0,0.0
gated_alive:a_2a:31026,a_2a,31026,-44.95972442626953,-16.71204948425293,14,0,0,0.0,0.0
gated_alive:a_2a:31736,a_2a,31736,25.82147979736328,-0.9982696175575256,14,0,0,0.0,0.0
gated_alive:a_2a:32053,a_2a,32053,-44.01259994506836,25.220853805541992,14,0,0,0.0,0.0
gated_alive:a_2a:33174,a_2a,33174,-57.89475631713867,-4.804659843444824,14,0,0,0.0,0.0
gated_alive:a_2a:33242,a_2a,33242,4.9162421226501465,26.690380096435547,14,0,0,0.0,0.0
gated_alive:a_2a:33894,a_2a,33894,34.512264251708984,49.23740005493164,14,0,0,0.0,0.0
gated_alive:a_2a:33932,a_2a,33932,28.25975799560547,46.67019271850586,14,0,0,0.0,0.0
gated_alive:a_2a:34961,a_2a,34961,-41.95546340942383,-25.4650821685791,14,0,0,0.0,0.0
gated_alive:a_2a:34966,a_2a,34966,-34.32592010498047,26.707077026367188,14,0,0,0.0,0.0
gated_alive:a_2a:35740,a_2a,35740,10.817596435546875,-23.046398162841797,14,0,0,0.0,0.0
gated_alive:a_2a:37477,a_2a,37477,22.963306427001953,33.73008346557617,14,0,0,0.0,0.0
gated_alive:a_2a:38080,a_2a,38080,22.787471771240234,37.14883804321289,14,0,0,0.0,0.0
gated_alive:a_2a:39057,a_2a,39057,30.8286190032959,41.5178108215332,14,0,0,0.0,0.0
gated_alive:a_2a:39253,a_2a,39253,17.72732162475586,-35.17457962036133,14,0,3,0.0,0.21428571428571427
gated_alive:a_2a:39815,a_2a,39815,-5.67030143737793,57.28885269165039,14,0,0,0.0,0.0
gated_alive:a_2a:40635,a_2a,40635,-22.685697555541992,-9.195503234863281,14,0,0,0.0,0.0
gated_alive:a_2a:41010,a_2a,41010,-8.310091018676758,18.144084930419922,14,0,0,0.0,0.0
gated_alive:a_2a:41519,a_2a,41519,0.8850183486938477,8.658985137939453,14,0,0,0.0,0.0
gated_alive:a_2a:42043,a_2a,42043,-24.271038055419922,20.759735107421875,14,0,0,0.0,0.0
gated_alive:a_2a:42058,a_2a,42058,-9.10092830657959,20.433801651000977,14,0,0,0.0,0.0
gated_alive:a_2a:42170,a_2a,42170,-45.49298095703125,3.873152732849121,14,0,0,0.0,0.0
gated_alive:a_2a:42280,a_2a,42280,12.8873291015625,-32.46440505981445,14,0,0,0.0,0.0
gated_alive:a_2a:42767,a_2a,42767,-2.0293400287628174,-4.860576152801514,14,0,0,0.0,0.0
gated_alive:a_2a:42882,a_2a,42882,-48.880496978759766,6.896368026733398,14,0,0,0.0,0.0
gated_alive:a_2a:43602,a_2a,43602,-59.855716705322266,-5.599260330200195,14,0,0,0.0,0.0
gated_alive:a_2a:43686,a_2a,43686,-36.47048568725586,-12.213550567626953,14,0,0,0.0,0.0
gated_alive:a_2a:43687,a_2a,43687,-14.315106391906738,-53.0909538269043,14,0,0,0.0,0.0
gated_alive:a_2a:44164,a_2a,44164,-41.78033447265625,-21.640939712524414,14,0,0,0.0,0.0
gated_alive:a_2a:44588,a_2a,44588,-34.71083068847656,55.445796966552734,14,0,0,0.0,0.0
gated_alive:a_2a:44614,a_2a,44614,28.423294067382812,32.09410858154297,14,0,0,0.0,0.0
gated_alive:a_2a:45272,a_2a,45272,14.944340705871582,21.08526039123535,14,0,0,0.0,0.0
gated_alive:a_2a:47267,a_2a,47267,31.67696189880371,46.610313415527344,14,0,0,0.0,0.0
gated_alive:a_2a:47877,a_2a,47877,18.893003463745117,18.725818634033203,14,0,0,0.0,0.0
gated_alive:a_2a:47961,a_2a,47961,-12.87320613861084,-45.00754165649414,14,0,0,0.0,0.0
gated_alive:a_2a:48368,a_2a,48368,-49.71990966796875,-26.472000122070312,14,0,0,0.0,0.0
gated_alive:a_2a:48484,a_2a,48484,12.955089569091797,2.3408665657043457,14,0,0,0.0,0.0
gated_alive:a_2a:48610,a_2a,48610,-31.7717342376709,43.34021759033203,14,0,0,0.0,0.0
gated_alive:a_2a:48727,a_2a,48727,36.608795166015625,29.335771560668945,14,0,0,0.0,0.0
gated_alive:a_2a:48846,a_2a,48846,32.55743408203125,51.94502258300781,14,0,0,0.0,0.0
gated_alive:a_2a:49087,a_2a,49087,-51.55734634399414,-27.383323669433594,14,0,0,0.0,0.0
gated_alive:a_2a:49685,a_2a,49685,34.144676208496094,51.85725784301758,14,0,0,0.0,0.0
gated_alive:a_2a:50256,a_2a,50256,43.38224792480469,-24.215410232543945,14,0,0,0.0,0.0
gated_alive:a_2a:50462,a_2a,50462,2.3010008335113525,-3.392265558242798,14,0,0,0.0,0.0
gated_alive:a_2a:50578,a_2a,50578,-7.5735015869140625,-58.20271301269531,14,0,0,0.0,0.0
gated_alive:a_2a:52604,a_2a,52604,11.48974895477295,2.5950891971588135,14,0,0,0.0,0.0
gated_alive:a_2a:52803,a_2a,52803,36.63801193237305,30.848583221435547,14,0,0,0.0,0.0
gated_alive:a_2a:53240,a_2a,53240,21.531673431396484,17.47280502319336,14,0,0,0.0,0.0
gated_alive:a_2a:53547,a_2a,53547,-15.289651870727539,26.708589553833008,14,0,0,0.0,0.0
gated_alive:a_2a:53612,a_2a,53612,19.562105178833008,42.553855895996094,14,0,0,0.0,0.0
gated_alive:a_2a:54140,a_2a,54140,-33.9091796875,-11.723652839660645,14,0,0,0.0,0.0
gated_alive:a_2a:54152,a_2a,54152,11.692320823669434,38.934776306152344,14,0,0,0.0,0.0
gated_alive:a_2a:54539,a_2a,54539,-11.92032241821289,3.0270676612854004,14,0,0,0.0,0.0
gated_alive:a_2a:55082,a_2a,55082,-10.437226295471191,-38.4382209777832,14,0,0,0.0,0.0
gated_alive:a_2a:55552,a_2a,55552,49.49031066894531,-10.527190208435059,14,0,0,0.0,0.0
gated_alive:a_2a:56039,a_2a,56039,-36.15113067626953,37.34650421142578,14,0,0,0.0,0.0
gated_alive:a_2a:56068,a_2a,56068,-29.95966339111328,1.038645625114441,14,0,0,0.0,0.0
gated_alive:a_2a:56154,a_2a,56154,28.72743034362793,34.86962890625,14,0,0,0.0,0.0
gated_alive:a_2a:56962,a_2a,56962,23.707534790039062,36.284610748291016,14,0,0,0.0,0.0
gated_alive:a_2a:59140,a_2a,59140,15.57827377319336,35.550315856933594,14,0,0,0.0,0.0
gated_alive:a_2a:59340,a_2a,59340,46.92551803588867,-1.940359115600586,14,0,0,0.0,0.0
gated_alive:a_2a:59470,a_2a,59470,-40.62897872924805,-23.217639923095703,14,0,0,0.0,0.0
gated_alive:a_2a:59689,a_2a,59689,36.836280822753906,49.56398391723633,14,0,0,0.0,0.0
gated_alive:a_2a:59798,a_2a,59798,-14.969457626342773,-13.28802490234375,14,0,0,0.0,0.0
gated_alive:a_2a:60054,a_2a,60054,-53.47010803222656,-45.1364631652832,14,0,0,0.0,0.0
gated_alive:a_2a:60942,a_2a,60942,-52.098731994628906,-30.232479095458984,14,0,0,0.0,0.0
gated_alive:a_2a:61093,a_2a,61093,-10.54494857788086,-51.956878662109375,14,0,0,0.0,0.0
gated_alive:a_2a:61572,a_2a,61572,-13.749584197998047,-60.857566833496094,14,0,0,0.0,0.0
gated_alive:a_2a:61574,a_2a,61574,-11.278943061828613,-25.95107078552246,14,0,0,0.0,0.0
gated_alive:a_2a:61891,a_2a,61891,47.30302429199219,1.8761826753616333,14,0,0,0.0,0.0
gated_alive:a_2a:62146,a_2a,62146,-46.7559928894043,-13.354951858520508,14,0,0,0.0,0.0
gated_alive:a_2a:62245,a_2a,62245,-31.873668670654297,31.6540470123291,14,0,0,0.0,0.0
gated_alive:a_2a:62770,a_2a,62770,27.96630859375,46.32586669921875,14,0,0,0.0,0.0
gated_alive:a_2a:62918,a_2a,62918,24.472740173339844,32.94887161254883,14,0,0,0.0,0.0
gated_alive:a_2a:63129,a_2a,63129,-20.16855812072754,-58.76685333251953,14,0,0,0.0,0.0
gated_alive:a_2a:64112,a_2a,64112,-7.001787185668945,-40.3489990234375,14,0,0,0.0,0.0
gated_alive:a_2a:64584,a_2a,64584,40.02593994140625,-5.379469394683838,14,0,2,0.0,0.14285714285714285
gated_alive:a_2a:64690,a_2a,64690,9.18924617767334,61.425716400146484,14,0,0,0.0,0.0
gated_alive:a_2a:64964,a_2a,64964,22.109195709228516,-18.908756256103516,14,0,0,0.0,0.0
gated_alive:a_2a:65025,a_2a,65025,1.51331627368927,44.73006057739258,14,0,0,0.0,0.0
gated_alive:a_2a:65752,a_2a,65752,-0.8674513697624207,27.188100814819336,14,0,0,0.0,0.0
gated_alive:a_2a:66095,a_2a,66095,24.220081329345703,10.162463188171387,14,0,0,0.0,0.0
gated_alive:a_2a:66668,a_2a,66668,31.112377166748047,-46.93256378173828,14,0,0,0.0,0.0
gated_alive:a_2a:66892,a_2a,66892,-37.2248420715332,44.243431091308594,14,0,0,0.0,0.0
gated_alive:a_2a:66963,a_2a,66963,-46.45331573486328,-20.091825485229492,14,0,0,0.0,0.0
gated_alive:a_2a:67847,a_2a,67847,17.247865676879883,45.57044982910156,14,0,0,0.0,0.0
gated_alive:a_2a:67865,a_2a,67865,23.982702255249023,29.540634155273438,14,0,0,0.0,0.0
gated_alive:a_2a:68060,a_2a,68060,-16.69066619873047,-18.11567497253418,14,0,0,0.0,0.0
gated_alive:a_2a:68282,a_2a,68282,14.621966361999512,16.006338119506836,14,0,0,0.0,0.0
gated_alive:a_2a:68434,a_2a,68434,-14.456629753112793,-47.79361343383789,14,0,0,0.0,0.0
gated_alive:a_2a:68526,a_2a,68526,-12.535273551940918,-45.58076477050781,14,0,0,0.0,0.0
gated_alive:a_2a:69066,a_2a,69066,-26.446672439575195,-25.949167251586914,14,0,0,0.0,0.0
gated_alive:a_2a:69524,a_2a,69524,30.545576095581055,33.395652770996094,14,0,0,0.0,0.0
gated_alive:a_2a:70425,a_2a,70425,-59.579505920410156,-35.4603271484375,14,0,0,0.0,0.0
gated_alive:a_2a:70823,a_2a,70823,13.2262601852417,-3.1929285526275635,14,0,0,0.0,0.0
gated_alive:a_2a:70891,a_2a,70891,62.306419372558594,-4.2311625480651855,14,0,0,0.0,0.0
gated_alive:a_2a:71097,a_2a,71097,-12.961712837219238,-43.450523376464844,14,0,0,0.0,0.0
gated_alive:a_2a:71570,a_2a,71570,-12.61734676361084,-44.80094528198242,14,0,0,0.0,0.0
gated_alive:a_2a:71633,a_2a,71633,3.236933469772339,40.892520904541016,14,0,0,0.0,0.0
gated_alive:a_2a:72031,a_2a,72031,35.42875289916992,55.70884323120117,14,0,0,0.0,0.0
gated_alive:a_2a:72095,a_2a,72095,3.2758471965789795,20.25506591796875,14,0,0,0.0,0.0
gated_alive:a_2a:72101,a_2a,72101,13.034299850463867,41.004817962646484,14,0,0,0.0,0.0
gated_alive:a_2a:72873,a_2a,72873,-2.90171480178833,28.049806594848633,14,0,0,0.0,0.0
gated_alive:a_2a:73083,a_2a,73083,-56.9004020690918,-8.782407760620117,14,0,0,0.0,0.0
gated_alive:a_2a:73419,a_2a,73419,21.350425720214844,16.38409996032715,14,0,0,0.0,0.0
gated_alive:a_2a:73689,a_2a,73689,1.3107197284698486,44.349632263183594,14,0,0,0.0,0.0
gated_alive:a_2a:74053,a_2a,74053,-58.29558563232422,-19.637592315673828,14,0,0,0.0,0.0
gated_alive:a_2a:74130,a_2a,74130,12.262876510620117,22.004234313964844,14,0,0,0.0,0.0
gated_alive:a_2a:74260,a_2a,74260,-3.601074695587158,39.93073272705078,14,0,0,0.0,0.0
gated_alive:a_2a:74289,a_2a,74289,-48.56073760986328,-21.049644470214844,14,0,0,0.0,0.0
gated_alive:a_2a:74500,a_2a,74500,20.917560577392578,35.19013977050781,14,0,0,0.0,0.0
gated_alive:a_2a:74542,a_2a,74542,-60.41436767578125,-4.434753894805908,14,0,2,0.0,0.14285714285714285
gated_alive:a_2a:75708,a_2a,75708,-43.02804946899414,17.5364933013916,14,0,0,0.0,0.0
gated_alive:a_2a:77571,a_2a,77571,49.921226501464844,-40.47636795043945,14,1,9,0.07142857142857142,0.6428571428571429
gated_alive:a_2a:77615,a_2a,77615,25.077709197998047,34.053062438964844,14,0,0,0.0,0.0
gated_alive:a_2a:77834,a_2a,77834,-3.0269343852996826,-38.36115646362305,14,0,0,0.0,0.0
gated_alive:a_2a:78062,a_2a,78062,24.42703628540039,4.7186479568481445,14,0,0,0.0,0.0
gated_alive:a_2a:78100,a_2a,78100,-24.85087776184082,40.047584533691406,14,0,0,0.0,0.0
gated_alive:a_2a:78154,a_2a,78154,28.544605255126953,48.1568603515625,14,0,0,0.0,0.0
gated_alive:a_2a:78961,a_2a,78961,-1.7196283340454102,19.387609481811523,14,0,0,0.0,0.0
gated_alive:a_2a:79587,a_2a,79587,17.791667938232422,0.4127890467643738,14,0,0,0.0,0.0
gated_alive:a_2a:79696,a_2a,79696,-11.133606910705566,-53.25188064575195,14,0,0,0.0,0.0
gated_alive:a_2a:79878,a_2a,79878,-12.075301170349121,35.341224670410156,14,0,0,0.0,0.0
gated_alive:a_2a:80090,a_2a,80090,8.582612991333008,-14.079891204833984,14,0,0,0.0,0.0
gated_alive:a_2a:80226,a_2a,80226,-1.1647988557815552,-6.622220516204834,14,0,0,0.0,0.0
gated_alive:a_2a:80319,a_2a,80319,-27.35504722595215,-24.665008544921875,14,0,0,0.0,0.0
gated_alive:a_2a:81367,a_2a,81367,-12.780946731567383,-35.262752532958984,14,0,0,0.0,0.0
gated_alive:a_2a:81940,a_2a,81940,34.4256706237793,48.07548141479492,14,0,0,0.0,0.0
gated_alive:a_2a:82338,a_2a,82338,-34.035980224609375,-14.148209571838379,14,0,0,0.0,0.0
gated_alive:a_2a:82598,a_2a,82598,19.69194793701172,44.39813995361328,14,0,0,0.0,0.0
gated_alive:a_2a:82920,a_2a,82920,-34.195960998535156,56.69063186645508,14,0,0,0.0,0.0
gated_alive:a_2a:83028,a_2a,83028,58.36264419555664,-6.184218883514404,14,0,0,0.0,0.0
gated_alive:a_2a:83369,a_2a,83369,15.07441234588623,38.84498977661133,14,0,0,0.0,0.0
gated_alive:a_2a:83509,a_2a,83509,-60.7657356262207,-11.235971450805664,14,0,0,0.0,0.0
gated_alive:a_2a:83755,a_2a,83755,16.88570213317871,4.137022018432617,14,0,0,0.0,0.0
gated_alive:a_2a:84247,a_2a,84247,18.629358291625977,37.02059555053711,14,0,0,0.0,0.0
gated_alive:a_2a:84848,a_2a,84848,39.91392135620117,47.49610137939453,14,0,0,0.0,0.0
gated_alive:a_2a:86238,a_2a,86238,35.270877838134766,26.061473846435547,14,0,0,0.0,0.0
gated_alive:a_2a:86889,a_2a,86889,37.84361267089844,24.98025131225586,14,0,0,0.0,0.0
gated_alive:a_2a:87211,a_2a,87211,8.74492359161377,30.285287857055664,14,0,0,0.0,0.0
gated_alive:a_2a:88417,a_2a,88417,3.900195837020874,13.313304901123047,14,0,0,0.0,0.0
gated_alive:a_2a:89156,a_2a,89156,-8.164215087890625,-49.1993522644043,14,0,0,0.0,0.0
gated_alive:a_2a:89357,a_2a,89357,16.7486629486084,18.561548233032227,14,0,0,0.0,0.0
gated_alive:a_2a:89899,a_2a,89899,40.14405059814453,-5.150228023529053,14,0,6,0.0,0.42857142857142855
gated_alive:a_2a:90232,a_2a,90232,34.57478332519531,45.90665817260742,14,0,0,0.0,0.0
gated_alive:a_2a:91208,a_2a,91208,11.332755088806152,26.183387756347656,14,0,0,0.0,0.0
gated_alive:a_2a:91635,a_2a,91635,-48.952003479003906,35.54490280151367,14,0,0,0.0,0.0
gated_alive:a_2a:92312,a_2a,92312,12.790687561035156,21.49681854248047,14,0,0,0.0,0.0
gated_alive:a_2a:93596,a_2a,93596,-52.56379699707031,-13.751888275146484,14,0,0,0.0,0.0
gated_alive:a_2a:93618,a_2a,93618,2.0954856872558594,-33.83616256713867,14,0,0,0.0,0.0
gated_alive:a_2a:93726,a_2a,93726,32.07711410522461,52.5146598815918,14,0,0,0.0,0.0
gated_alive:a_2a:93860,a_2a,93860,-11.558028221130371,5.545851707458496,14,0,0,0.0,0.0
gated_alive:a_2a:94036,a_2a,94036,-7.838258743286133,-2.5902581214904785,14,0,0,0.0,0.0
gated_alive:a_2a:94392,a_2a,94392,23.084924697875977,33.768367767333984,14,0,0,0.0,0.0
gated_alive:a_2a:95526,a_2a,95526,-31.90458869934082,55.00922393798828,14,0,0,0.0,0.0
gated_alive:a_2a:96648,a_2a,96648,-14.708518028259277,33.697059631347656,14,0,0,0.0,0.0
gated_alive:a_2a:97015,a_2a,97015,-0.28479769825935364,26.795148849487305,14,0,0,0.0,0.0
gated_alive:a_2a:97443,a_2a,97443,36.836036682128906,26.79373550415039,14,0,0,0.0,0.0
gated_alive:a_2a:97683,a_2a,97683,41.214725494384766,-1.125572919845581,14,0,0,0.0,0.0
gated_alive:a_2a:98625,a_2a,98625,-0.11329752206802368,25.033872604370117,14,0,0,0.0,0.0
gated_alive:a_2a:99237,a_2a,99237,25.017154693603516,16.213171005249023,14,0,0,0.0,0.0
gated_alive:a_2a:99256,a_2a,99256,16.705236434936523,18.93859100341797,14,0,0,0.0,0.0
gated_alive:a_2a:99543,a_2a,99543,33.2932243347168,29.423940658569336,14,0,0,0.0,0.0
gated_alive:a_2a:100013,a_2a,100013,19.750015258789062,44.35257339477539,14,0,0,0.0,0.0
gated_alive:a_2a:100047,a_2a,100047,12.740309715270996,61.53841018676758,14,0,0,0.0,0.0
gated_alive:a_2a:100459,a_2a,100459,11.269524574279785,-13.054780006408691,14,0,0,0.0,0.0
gated_alive:a_2a:101210,a_2a,101210,-42.595516204833984,6.203923225402832,14,0,0,0.0,0.0
gated_alive:a_2a:101996,a_2a,101996,-29.29144859313965,11.54226303100586,14,0,0,0.0,0.0
gated_alive:a_2a:102984,a_2a,102984,17.58962631225586,25.31086540222168,14,0,0,0.0,0.0
gated_alive:a_2a:103194,a_2a,103194,17.083377838134766,39.81685256958008,14,0,0,0.0,0.0
gated_alive:a_2a:103416,a_2a,103416,-16.978857040405273,-45.92032241821289,14,0,0,0.0,0.0
gated_alive:a_2a:104438,a_2a,104438,-46.628746032714844,-17.52230453491211,14,0,0,0.0,0.0
gated_alive:a_2a:104674,a_2a,104674,-50.444679260253906,10.029520034790039,14,0,0,0.0,0.0
gated_alive:a_2a:105940,a_2a,105940,-43.17695617675781,10.410036087036133,14,0,0,0.0,0.0
gated_alive:a_2a:106828,a_2a,106828,-52.08162307739258,39.09293746948242,14,0,0,0.0,0.0
gated_alive:a_2a:106985,a_2a,106985,-61.535491943359375,-7.21994686126709,14,0,0,0.0,0.0
gated_alive:a_2a:107187,a_2a,107187,-50.67056655883789,23.640827178955078,14,0,0,0.0,0.0
gated_alive:a_2a:107365,a_2a,107365,-9.577438354492188,46.2414436340332,14,0,0,0.0,0.0
gated_alive:a_2a:107670,a_2a,107670,-47.85154724121094,3.0840342044830322,14,0,0,0.0,0.0
gated_alive:a_2a:107770,a_2a,107770,14.836392402648926,39.93465805053711,14,0,0,0.0,0.0
gated_alive:a_2a:107785,a_2a,107785,-45.64558792114258,40.683937072753906,14,0,0,0.0,0.0
gated_alive:a_2a:108425,a_2a,108425,14.02026081085205,46.338687896728516,14,0,0,0.0,0.0
gated_alive:a_2a:109158,a_2a,109158,-9.077253341674805,20.504426956176758,14,0,0,0.0,0.0
gated_alive:a_2a:109289,a_2a,109289,-38.56740188598633,-3.8514292240142822,14,0,0,0.0,0.0
gated_alive:a_2a:109552,a_2a,109552,56.849308013916016,-3.97165584564209,14,0,0,0.0,0.0
gated_alive:a_2a:109958,a_2a,109958,-8.381404876708984,-64.9830322265625,14,0,0,0.0,0.0
gated_alive:a_2a:111555,a_2a,111555,-39.315616607666016,-9.22937297821045,14,0,0,0.0,0.0
gated_alive:a_2a:112136,a_2a,112136,-35.72417068481445,32.0174674987793,14,0,0,0.0,0.0
gated_alive:a_2a:112233,a_2a,112233,13.546871185302734,32.44223403930664,14,0,0,0.0,0.0
gated_alive:a_2a:112457,a_2a,112457,-44.03437805175781,14.322074890136719,14,0,0,0.0,0.0
gated_alive:a_2a:112618,a_2a,112618,9.709162712097168,8.28763198852539,14,0,0,0.0,0.0
gated_alive:a_2a:113542,a_2a,113542,36.62752151489258,47.675880432128906,14,0,0,0.0,0.0
gated_alive:a_2a:113767,a_2a,113767,14.852564811706543,6.524515151977539,14,0,0,0.0,0.0
gated_alive:a_2a:114256,a_2a,114256,-45.599510192871094,-13.785475730895996,14,0,0,0.0,0.0
gated_alive:a_2a:114697,a_2a,114697,-7.2117156982421875,27.137542724609375,14,0,0,0.0,0.0
gated_alive:a_2a:115017,a_2a,115017,60.302330017089844,-5.045268535614014,14,0,0,0.0,0.0
gated_alive:a_2a:115238,a_2a,115238,-47.261600494384766,10.16588306427002,14,0,0,0.0,0.0
gated_alive:a_2a:115378,a_2a,115378,-25.697233200073242,-59.339229583740234,14,0,0,0.0,0.0
gated_alive:a_2a:115608,a_2a,115608,-0.7959437966346741,-0.623537003993988,14,0,0,0.0,0.0
gated_alive:a_2a:116100,a_2a,116100,17.649641036987305,14.396880149841309,14,0,0,0.0,0.0
gated_alive:a_2a:116660,a_2a,116660,12.494422912597656,9.99716854095459,14,0,0,0.0,0.0
gated_alive:a_2a:118390,a_2a,118390,8.64375114440918,23.823524475097656,14,0,0,0.0,0.0
gated_alive:a_2a:118428,a_2a,118428,-22.553937911987305,-54.12644577026367,14,0,0,0.0,0.0
gated_alive:a_2a:119737,a_2a,119737,2.1959402561187744,24.925247192382812,14,0,0,0.0,0.0
gated_alive:a_2a:120113,a_2a,120113,21.708507537841797,-7.930571556091309,14,0,0,0.0,0.0
gated_alive:a_2a:120330,a_2a,120330,8.929261207580566,26.650272369384766,14,0,0,0.0,0.0
gated_alive:a_2a:120940,a_2a,120940,-49.304649353027344,24.39180564880371,14,0,0,0.0,0.0
gated_alive:a_2a:120963,a_2a,120963,-52.2417106628418,26.946212768554688,14,0,0,0.0,0.0
gated_alive:a_2a:121225,a_2a,121225,-24.91144371032715,-42.69507598876953,14,0,0,0.0,0.0
gated_alive:a_2a:121542,a_2a,121542,-9.796887397766113,57.11956024169922,14,0,0,0.0,0.0
gated_alive:a_2a:121610,a_2a,121610,39.43461227416992,47.39517593383789,14,0,0,0.0,0.0
gated_alive:a_2a:121909,a_2a,121909,42.548133850097656,-6.178159236907959,14,0,0,0.0,0.0
gated_alive:a_2a:122039,a_2a,122039,-38.312923431396484,47.51288604736328,14,0,0,0.0,0.0
gated_alive:a_2a:122438,a_2a,122438,-18.957393646240234,-54.88351821899414,14,0,0,0.0,0.0
gated_alive:a_2a:122633,a_2a,122633,-42.95780944824219,-18.056461334228516,14,0,0,0.0,0.0
gated_alive:a_2a:122984,a_2a,122984,38.106075286865234,30.334911346435547,14,0,0,0.0,0.0
gated_alive:a_2a:124208,a_2a,124208,-40.03432083129883,-41.14452362060547,14,0,0,0.0,0.0
gated_alive:a_2a:125242,a_2a,125242,-14.681541442871094,-42.47984313964844,14,0,0,0.0,0.0
gated_alive:a_2a:126099,a_2a,126099,27.120750427246094,29.32603645324707,14,0,0,0.0,0.0
gated_alive:a_2a:126145,a_2a,126145,-9.86400318145752,-45.074485778808594,14,0,0,0.0,0.0
gated_alive:a_2a:127674,a_2a,127674,-39.65752410888672,23.45358657836914,14,0,0,0.0,0.0
gated_alive:a_2a:128342,a_2a,128342,-4.485672473907471,13.857684135437012,14,0,0,0.0,0.0
gated_alive:a_2a:128413,a_2a,128413,-6.452325344085693,-10.56481647491455,14,0,0,0.0,0.0
gated_alive:a_2a:128906,a_2a,128906,-6.840939521789551,-62.15882110595703,14,0,0,0.0,0.0
gated_alive:a_2a:130948,a_2a,130948,46.514198303222656,-2.397632122039795,14,0,0,0.0,0.0
gated_alive:a_2a:130976,a_2a,130976,-39.76357650756836,16.619443893432617,14,0,0,0.0,0.0
gated_alive:a_2a:131456,a_2a,131456,20.893613815307617,29.497058868408203,14,0,0,0.0,0.0
gated_alive:a_2a:131938,a_2a,131938,-36.76963424682617,-9.426816940307617,14,0,0,0.0,0.0
gated_alive:a_2a:132074,a_2a,132074,-51.39304733276367,46.36393356323242,14,0,0,0.0,0.0
gated_alive:a_2a:132079,a_2a,132079,-33.73355484008789,-19.404056549072266,14,0,0,0.0,0.0
gated_alive:a_2a:133550,a_2a,133550,-26.448598861694336,-42.44602584838867,14,0,4,0.0,0.2857142857142857
gated_alive:a_2a:133910,a_2a,133910,1.6748548746109009,61.414520263671875,14,0,0,0.0,0.0
gated_alive:a_2a:135004,a_2a,135004,-32.67448806762695,53.51498794555664,14,0,0,0.0,0.0
gated_alive:a_2a:135394,a_2a,135394,18.54793930053711,-0.3572849929332733,14,0,0,0.0,0.0
gated_alive:a_2a:136077,a_2a,136077,-22.333898544311523,36.600189208984375,14,0,0,0.0,0.0
gated_alive:a_2a:136554,a_2a,136554,-14.054047584533691,-47.44874954223633,14,0,0,0.0,0.0
gated_alive:a_2a:136763,a_2a,136763,36.54352569580078,44.17650604248047,14,0,0,0.0,0.0
gated_alive:a_2a:137209,a_2a,137209,50.486351013183594,-26.665773391723633,14,0,0,0.0,0.0
gated_alive:a_2a:137228,a_2a,137228,-31.550899505615234,51.828914642333984,14,0,0,0.0,0.0
gated_alive:a_2a:137399,a_2a,137399,1.2432197332382202,20.340862274169922,14,0,0,0.0,0.0
gated_alive:a_2a:138794,a_2a,138794,-15.305558204650879,25.256061553955078,14,0,0,0.0,0.0
gated_alive:a_2a:138891,a_2a,138891,15.689472198486328,2.462273597717285,14,0,0,0.0,0.0
gated_alive:a_2a:140210,a_2a,140210,-11.574600219726562,-54.36562728881836,14,0,0,0.0,0.0
gated_alive:a_2a:141075,a_2a,141075,-15.019808769226074,-49.578086853027344,14,0,0,0.0,0.0
gated_alive:a_2a:141335,a_2a,141335,-31.763526916503906,31.33219337463379,14,0,0,0.0,0.0
gated_alive:a_2a:141480,a_2a,141480,-47.38182067871094,-15.51627254486084,14,0,0,0.0,0.0
gated_alive:a_2a:141765,a_2a,141765,19.74448013305664,42.501434326171875,14,0,8,0.0,0.5714285714285714
gated_alive:a_2a:141867,a_2a,141867,9.206949234008789,22.4845027923584,14,0,0,0.0,0.0
gated_alive:a_2a:142777,a_2a,142777,4.556831359863281,16.783388137817383,14,0,0,0.0,0.0
gated_alive:a_2a:143376,a_2a,143376,-22.70316505432129,-59.746124267578125,14,0,0,0.0,0.0
gated_alive:a_2a:145242,a_2a,145242,-54.45369338989258,-34.29146194458008,14,0,0,0.0,0.0
gated_alive:a_2a:145785,a_2a,145785,-12.617236137390137,-64.42757415771484,14,0,0,0.0,0.0
gated_alive:a_2a:146388,a_2a,146388,12.428688049316406,19.458023071289062,14,0,0,0.0,0.0
gated_alive:a_2a:146453,a_2a,146453,-33.56745529174805,21.364744186401367,14,0,1,0.0,0.07142857142857142
gated_alive:a_2a:146541,a_2a,146541,15.796743392944336,11.83438777923584,14,0,0,0.0,0.0
gated_alive:a_2a:146591,a_2a,146591,28.774126052856445,50.07475280761719,14,0,0,0.0,0.0
gated_alive:a_2a:146705,a_2a,146705,41.61774444580078,2.0483522415161133,14,1,5,0.07142857142857142,0.35714285714285715
gated_alive:a_2a:149149,a_2a,149149,31.45085334777832,55.21688461303711,14,0,0,0.0,0.0
gated_alive:a_2a:149155,a_2a,149155,-51.78791046142578,-12.914982795715332,14,0,0,0.0,0.0
gated_alive:a_2a:149453,a_2a,149453,-15.414508819580078,59.626373291015625,14,0,0,0.0,0.0
gated_alive:a_2a:151191,a_2a,151191,-30.491369247436523,42.3482551574707,14,0,0,0.0,0.0
gated_alive:a_2a:151241,a_2a,151241,1.1533936262130737,6.988996505737305,14,0,0,0.0,0.0
gated_alive:a_2a:151291,a_2a,151291,-6.935717582702637,-40.56925964355469,14,0,0,0.0,0.0
gated_alive:a_2a:151557,a_2a,151557,40.59100341796875,39.667537689208984,14,0,0,0.0,0.0
gated_alive:a_2a:151602,a_2a,151602,-5.6571245193481445,-50.02756118774414,14,0,0,0.0,0.0
gated_alive:a_2a:152015,a_2a,152015,23.97737693786621,-17.685182571411133,14,0,0,0.0,0.0
gated_alive:a_2a:152082,a_2a,152082,28.539894104003906,47.27869415283203,14,0,0,0.0,0.0
gated_alive:a_2a:152929,a_2a,152929,13.244616508483887,63.77692413330078,14,0,0,0.0,0.0
gated_alive:a_2a:153754,a_2a,153754,-50.14584732055664,-28.196685791015625,14,0,0,0.0,0.0
gated_alive:a_2a:154251,a_2a,154251,-50.700439453125,-43.547603607177734,14,0,0,0.0,0.0
gated_alive:a_2a:154525,a_2a,154525,-18.20644187927246,-57.015777587890625,14,0,0,0.0,0.0
gated_alive:a_2a:155939,a_2a,155939,7.3925065994262695,25.04983139038086,14,0,0,0.0,0.0
gated_alive:a_2a:156006,a_2a,156006,-46.50602722167969,-22.760433197021484,14,0,0,0.0,0.0
gated_alive:a_2a:156851,a_2a,156851,22.771995544433594,-18.46068572998047,14,0,0,0.0,0.0
gated_alive:a_2a:157783,a_2a,157783,21.44557762145996,-8.17691707611084,14,0,0,0.0,0.0
gated_alive:a_2a:157900,a_2a,157900,-14.192931175231934,22.56349754333496,14,0,0,0.0,0.0
gated_alive:a_2a:161070,a_2a,161070,-3.5454249382019043,-3.7221455574035645,14,0,0,0.0,0.0
gated_alive:a_2a:161252,a_2a,161252,-47.85074996948242,3.0982956886291504,14,0,0,0.0,0.0
gated_alive:a_2a:161800,a_2a,161800,-1.5966588258743286,21.095470428466797,14,0,0,0.0,0.0
gated_alive:a_2a:162467,a_2a,162467,-5.876436233520508,-50.637969970703125,14,0,0,0.0,0.0
gated_alive:a_2a:162688,a_2a,162688,-14.219316482543945,10.950663566589355,14,0,0,0.0,0.0
gated_alive:a_2a:163368,a_2a,163368,-19.631380081176758,-51.99917984008789,14,0,0,0.0,0.0
gated_alive:a_2a:163532,a_2a,163532,-37.30023956298828,37.613914489746094,14,0,0,0.0,0.0
gated_alive:a_2a:163812,a_2a,163812,0.15759366750717163,27.221811294555664,14,0,0,0.0,0.0
gated_alive:a_2a:164322,a_2a,164322,-7.147899627685547,-51.624473571777344,14,0,0,0.0,0.0
gated_alive:a_2a:165271,a_2a,165271,-14.894679069519043,16.68839454650879,14,0,0,0.0,0.0
gated_alive:a_2a:165656,a_2a,165656,-2.781486988067627,-60.60674285888672,14,0,0,0.0,0.0
gated_alive:a_2a:165901,a_2a,165901,-26.50729751586914,-26.27993392944336,14,0,0,0.0,0.0
gated_alive:a_2a:167380,a_2a,167380,-49.64792251586914,-26.366228103637695,14,0,0,0.0,0.0
gated_alive:a_2a:167830,a_2a,167830,-6.165744781494141,11.321281433105469,14,0,0,0.0,0.0
gated_alive:a_2a:168318,a_2a,168318,-50.44499969482422,9.929264068603516,14,0,0,0.0,0.0
gated_alive:a_2a:169479,a_2a,169479,-57.8791389465332,-34.55885696411133,14,0,0,0.0,0.0
gated_alive:a_2a:170694,a_2a,170694,-17.001953125,-56.11280059814453,14,0,0,0.0,0.0
gated_alive:a_2a:170920,a_2a,170920,5.1689863204956055,11.04239559173584,14,0,0,0.0,0.0
gated_alive:a_2a:171258,a_2a,171258,-32.408424377441406,-10.26058292388916,14,0,0,0.0,0.0
gated_alive:a_2a:171607,a_2a,171607,60.63462448120117,-1.9049721956253052,14,0,0,0.0,0.0
gated_alive:a_2a:171734,a_2a,171734,12.635396957397461,23.961536407470703,14,0,0,0.0,0.0
gated_alive:a_2a:171798,a_2a,171798,-35.204490661621094,-35.123592376708984,14,0,0,0.0,0.0
gated_alive:a_2a:171954,a_2a,171954,-24.53688621520996,-42.427879333496094,14,0,0,0.0,0.0
gated_alive:a_2a:172975,a_2a,172975,3.7309155464172363,24.93651580810547,14,0,0,0.0,0.0
gated_alive:a_2a:173042,a_2a,173042,12.564966201782227,26.066585540771484,14,0,0,0.0,0.0
gated_alive:a_2a:173072,a_2a,173072,17.598596572875977,58.928062438964844,14,0,0,0.0,0.0
gated_alive:a_2a:173096,a_2a,173096,26.071239471435547,39.599246978759766,14,0,0,0.0,0.0
gated_alive:a_2a:173562,a_2a,173562,-33.69767379760742,50.76325225830078,14,0,0,0.0,0.0
gated_alive:a_2a:173927,a_2a,173927,-17.56698226928711,-53.62051773071289,14,0,0,0.0,0.0
gated_alive:a_2a:174563,a_2a,174563,-6.174633502960205,18.10366439819336,14,0,0,0.0,0.0
gated_alive:a_2a:174613,a_2a,174613,-30.607633590698242,34.39915466308594,14,0,0,0.0,0.0
gated_alive:a_2a:174669,a_2a,174669,17.727014541625977,-10.39846420288086,14,0,1,0.0,0.07142857142857142
gated_alive:a_2a:174684,a_2a,174684,-8.988726615905762,18.9791202545166,14,0,0,0.0,0.0
gated_alive:a_2a:174744,a_2a,174744,9.511284828186035,17.292470932006836,14,0,0,0.0,0.0
gated_alive:a_2a:175533,a_2a,175533,-25.448768615722656,-57.74385070800781,14,0,0,0.0,0.0
gated_alive:a_2a:175542,a_2a,175542,-11.136506080627441,-51.042423248291016,14,0,0,0.0,0.0
gated_alive:a_2a:176404,a_2a,176404,5.759904384613037,58.93211364746094,14,0,0,0.0,0.0
gated_alive:a_2a:176921,a_2a,176921,-32.19370651245117,40.49020004272461,14,0,0,0.0,0.0
gated_alive:a_2a:177271,a_2a,177271,-30.351802825927734,3.3530819416046143,14,0,0,0.0,0.0
gated_alive:a_2a:177508,a_2a,177508,12.266671180725098,19.407583236694336,14,0,0,0.0,0.0
gated_alive:a_2a:178629,a_2a,178629,5.334505558013916,61.111202239990234,14,0,0,0.0,0.0
gated_alive:a_2a:178730,a_2a,178730,-44.48668670654297,-4.475926876068115,14,0,0,0.0,0.0
gated_alive:a_2a:179097,a_2a,179097,-40.82221221923828,28.59066390991211,14,0,0,0.0,0.0
gated_alive:a_2a:179619,a_2a,179619,-40.06248474121094,-51.730690002441406,14,0,0,0.0,0.0
gated_alive:a_2a:180028,a_2a,180028,-9.795220375061035,-55.920318603515625,14,0,0,0.0,0.0
gated_alive:a_2a:180240,a_2a,180240,10.131747245788574,62.076202392578125,14,0,0,0.0,0.0
gated_alive:a_2a:180656,a_2a,180656,1.758071780204773,-65.06327056884766,14,0,0,0.0,0.0
gated_alive:a_2a:181050,a_2a,181050,-22.601408004760742,-42.819244384765625,14,0,0,0.0,0.0
gated_alive:a_2a:181888,a_2a,181888,-45.59328842163086,40.2443962097168,14,0,0,0.0,0.0
gated_alive:a_2a:182020,a_2a,182020,-7.92076301574707,-57.55641555786133,14,0,0,0.0,0.0
gated_alive:a_2a:182728,a_2a,182728,15.074856758117676,22.09502601623535,14,0,0,0.0,0.0
gated_alive:a_2a:184603,a_2a,184603,14.523414611816406,31.286338806152344,14,0,0,0.0,0.0
gated_alive:a_2a:184605,a_2a,184605,-7.6078972816467285,-51.99221420288086,14,0,0,0.0,0.0
gated_alive:a_2a:185096,a_2a,185096,-15.008871078491211,-42.59918212890625,14,0,0,0.0,0.0
gated_alive:a_2a:187128,a_2a,187128,-38.281036376953125,-1.323613166809082,14,0,0,0.0,0.0
gated_alive:a_2a:188550,a_2a,188550,-50.5937614440918,38.555908203125,14,0,0,0.0,0.0
gated_alive:a_2a:189519,a_2a,189519,4.689822673797607,26.7969913482666,14,0,0,0.0,0.0
gated_alive:a_2a:190013,a_2a,190013,20.991710662841797,39.341094970703125,14,0,0,0.0,0.0
gated_alive:a_2a:191595,a_2a,191595,22.15033531188965,21.08452033996582,14,0,0,0.0,0.0
gated_alive:a_2a:191763,a_2a,191763,-57.73908996582031,-24.163084030151367,14,0,0,0.0,0.0
gated_alive:a_2a:192688,a_2a,192688,-44.10857009887695,12.566689491271973,14,0,0,0.0,0.0
gated_alive:a_2a:192920,a_2a,192920,6.842184066772461,18.422964096069336,14,0,10,0.0,0.7142857142857143
gated_alive:a_2a:193056,a_2a,193056,16.544466018676758,33.42636489868164,14,0,0,0.0,0.0
gated_alive:a_2a:193136,a_2a,193136,-4.483552932739258,14.024009704589844,14,0,0,0.0,0.0
gated_alive:a_2a:193326,a_2a,193326,-14.024368286132812,5.321328639984131,14,0,0,0.0,0.0
gated_alive:a_2a:194767,a_2a,194767,-32.88844299316406,40.242706298828125,14,0,0,0.0,0.0
gated_alive:a_2a:195260,a_2a,195260,-40.33736801147461,25.32317352294922,14,0,0,0.0,0.0
gated_alive:a_2a:195262,a_2a,195262,-15.550339698791504,-54.17799377441406,14,0,0,0.0,0.0
gated_alive:a_2a:195451,a_2a,195451,-36.28240966796875,24.256921768188477,14,0,0,0.0,0.0
gated_alive:a_2a:197330,a_2a,197330,-34.86006164550781,51.07670593261719,14,0,0,0.0,0.0
gated_alive:a_2a:197908,a_2a,197908,-40.582664489746094,-18.976333618164062,14,0,0,0.0,0.0
gated_alive:a_2a:198267,a_2a,198267,57.70018005371094,-2.1037230491638184,14,0,0,0.0,0.0
gated_alive:a_2a:198374,a_2a,198374,20.294498443603516,27.208358764648438,14,0,0,0.0,0.0
gated_alive:a_2a:198438,a_2a,198438,4.781345844268799,38.48967361450195,14,0,0,0.0,0.0
gated_alive:a_2a:199087,a_2a,199087,-3.4137823581695557,-47.44193649291992,14,0,0,0.0,0.0
gated_alive:a_2a:199356,a_2a,199356,20.91487693786621,17.28804588317871,14,0,0,0.0,0.0
gated_alive:a_2a:200134,a_2a,200134,-47.089900970458984,-22.09433937072754,14,0,0,0.0,0.0
gated_alive:a_2a:201833,a_2a,201833,-21.8349609375,-48.183433532714844,14,0,0,0.0,0.0
gated_alive:a_2a:202177,a_2a,202177,7.592580795288086,60.3192138671875,14,0,0,0.0,0.0
gated_alive:a_2a:202854,a_2a,202854,-51.94302749633789,-12.67000675201416,14,0,0,0.0,0.0
gated_alive:a_2a:202992,a_2a,202992,16.981428146362305,5.287866115570068,14,0,0,0.0,0.0
gated_alive:a_2a:204049,a_2a,204049,-27.368558883666992,48.21918869018555,14,0,0,0.0,0.0
gated_alive:a_2a:204227,a_2a,204227,29.513944625854492,34.46997833251953,14,0,0,0.0,0.0
gated_alive:a_2a:204341,a_2a,204341,17.080726623535156,12.385970115661621,14,0,2,0.0,0.14285714285714285
gated_alive:a_2a:205255,a_2a,205255,-16.05095863342285,-58.893394470214844,14,0,0,0.0,0.0
gated_alive:a_2a:205816,a_2a,205816,-12.362918853759766,-36.05620193481445,14,0,1,0.0,0.07142857142857142
gated_alive:a_2a:205820,a_2a,205820,-45.106666564941406,-32.3316764831543,14,0,0,0.0,0.0
gated_alive:a_2a:206364,a_2a,206364,-52.537940979003906,-29.84733772277832,14,0,0,0.0,0.0
gated_alive:a_2a:207010,a_2a,207010,12.242180824279785,30.28436851501465,14,0,0,0.0,0.0
gated_alive:a_2a:208303,a_2a,208303,15.716388702392578,0.9902915954589844,14,0,0,0.0,0.0
gated_alive:a_2a:209017,a_2a,209017,-32.54517364501953,23.35064697265625,14,0,0,0.0,0.0
gated_alive:a_2a:210000,a_2a,210000,-35.122928619384766,-8.84923267364502,14,0,0,0.0,0.0
gated_alive:a_2a:210913,a_2a,210913,-0.7881435751914978,-9.923274993896484,14,0,0,0.0,0.0
gated_alive:a_2a:211114,a_2a,211114,22.611942291259766,62.91057586669922,14,0,0,0.0,0.0
gated_alive:a_2a:212039,a_2a,212039,-12.586628913879395,-43.652191162109375,14,0,0,0.0,0.0
gated_alive:a_2a:212256,a_2a,212256,-50.00672912597656,-22.74768829345703,14,0,0,0.0,0.0
gated_alive:a_2a:212575,a_2a,212575,-4.753594875335693,13.382022857666016,14,0,0,0.0,0.0
gated_alive:a_2a:212729,a_2a,212729,-46.690704345703125,-17.250732421875,14,0,0,0.0,0.0
gated_alive:a_2a:213186,a_2a,213186,-16.347789764404297,-58.9964714050293,14,0,0,0.0,0.0
gated_alive:a_2a:213701,a_2a,213701,-9.888222694396973,53.38618087768555,14,0,0,0.0,0.0
gated_alive:a_2a:214294,a_2a,214294,-12.132650375366211,16.956029891967773,14,0,0,0.0,0.0
gated_alive:a_2a:215131,a_2a,215131,-26.113536834716797,41.749908447265625,14,0,0,0.0,0.0
gated_alive:a_2a:215644,a_2a,215644,19.42955207824707,44.76886749267578,14,0,0,0.0,0.0
gated_alive:a_2a:215680,a_2a,215680,-6.98193359375,16.54697036743164,14,0,0,0.0,0.0
gated_alive:a_2a:216296,a_2a,216296,30.08557891845703,50.285770416259766,14,0,1,0.0,0.07142857142857142
gated_alive:a_2a:217277,a_2a,217277,-6.710275650024414,-51.919891357421875,14,0,0,0.0,0.0
gated_alive:a_2a:218201,a_2a,218201,1.978875756263733,-8.525134086608887,14,4,7,0.2857142857142857,0.5
gated_alive:a_2a:218588,a_2a,218588,-3.6139039993286133,-55.210357666015625,14,0,0,0.0,0.0
gated_alive:a_2a:218953,a_2a,218953,-12.482767105102539,5.753711700439453,14,0,0,0.0,0.0
gated_alive:a_2a:219080,a_2a,219080,-9.040138244628906,60.443965911865234,14,0,0,0.0,0.0
gated_alive:a_2a:219956,a_2a,219956,10.343331336975098,30.49828338623047,14,0,0,0.0,0.0
gated_alive:a_2a:219970,a_2a,219970,2.8815338611602783,14.634329795837402,14,0,0,0.0,0.0
gated_alive:a_2a:220319,a_2a,220319,-4.913126468658447,58.86600875854492,14,0,0,0.0,0.0
gated_alive:a_2a:221265,a_2a,221265,-10.44131088256836,-38.17700958251953,14,0,0,0.0,0.0
gated_alive:a_2a:221598,a_2a,221598,-34.193599700927734,37.995689392089844,14,0,0,0.0,0.0
gated_alive:a_2a:221862,a_2a,221862,4.8844099044799805,-5.936670303344727,14,0,0,0.0,0.0
gated_alive:a_2a:221942,a_2a,221942,-10.06783676147461,53.53163146972656,14,0,0,0.0,0.0
gated_alive:a_2a:222012,a_2a,222012,20.976240158081055,35.87480545043945,14,0,0,0.0,0.0
gated_alive:a_2a:222388,a_2a,222388,7.3770833015441895,59.122684478759766,14,0,0,0.0,0.0
gated_alive:a_2a:222926,a_2a,222926,-9.986882209777832,-31.67523956298828,14,0,0,0.0,0.0
gated_alive:a_2a:223243,a_2a,223243,34.8685188293457,26.55483627319336,14,0,0,0.0,0.0
gated_alive:a_2a:223313,a_2a,223313,-39.3505973815918,-12.136517524719238,14,0,0,0.0,0.0
gated_alive:a_2a:224146,a_2a,224146,11.819642066955566,1.9961178302764893,14,0,0,0.0,0.0
gated_alive:a_2a:225047,a_2a,225047,34.034366607666016,51.83783721923828,14,0,0,0.0,0.0
gated_alive:a_2a:225215,a_2a,225215,-38.24002456665039,31.489913940429688,14,0,0,0.0,0.0
gated_alive:a_2a:225371,a_2a,225371,-0.11496973037719727,-4.342249870300293,14,0,0,0.0,0.0
gated_alive:a_2a:225546,a_2a,225546,-30.370424270629883,-16.125829696655273,14,0,0,0.0,0.0
gated_alive:a_2a:226882,a_2a,226882,50.84065246582031,-13.455107688903809,14,0,0,0.0,0.0
gated_alive:a_2a:227315,a_2a,227315,73.96424102783203,-17.002744674682617,14,0,0,0.0,0.0
gated_alive:a_2a:227510,a_2a,227510,-35.132225036621094,30.64485740661621,14,0,0,0.0,0.0
gated_alive:a_2a:228118,a_2a,228118,-38.0897216796875,-27.303077697753906,14,0,0,0.0,0.0
gated_alive:a_2a:228493,a_2a,228493,-23.531604766845703,-46.9727783203125,14,0,0,0.0,0.0
gated_alive:a_2a:228798,a_2a,228798,48.1062126159668,-40.21966552734375,14,5,9,0.35714285714285715,0.6428571428571429
gated_alive:a_2a:229272,a_2a,229272,-4.50816011428833,-8.941532135009766,14,0,0,0.0,0.0
gated_alive:a_2a:230002,a_2a,230002,-38.71445083618164,35.13200759887695,14,0,0,0.0,0.0
gated_alive:a_2a:230715,a_2a,230715,36.13344955444336,53.60382080078125,14,0,0,0.0,0.0
gated_alive:a_2a:231033,a_2a,231033,40.60203552246094,10.5601224899292,14,0,0,0.0,0.0
gated_alive:a_2a:231082,a_2a,231082,-5.448493480682373,18.306560516357422,14,0,0,0.0,0.0
gated_alive:a_2a:232065,a_2a,232065,-31.95513343811035,23.02433967590332,14,0,0,0.0,0.0
gated_alive:a_2a:232323,a_2a,232323,-5.631565093994141,-49.776649475097656,14,0,0,0.0,0.0
gated_alive:a_2a:232689,a_2a,232689,27.163394927978516,58.96324157714844,14,0,0,0.0,0.0
gated_alive:a_2a:233029,a_2a,233029,-30.987442016601562,0.04271862655878067,14,0,0,0.0,0.0
gated_alive:a_2a:233448,a_2a,233448,-35.21278762817383,31.31165885925293,14,0,0,0.0,0.0
gated_alive:a_2a:234290,a_2a,234290,24.515117645263672,-44.833251953125,14,0,0,0.0,0.0
gated_alive:a_2a:234313,a_2a,234313,-13.447610855102539,-44.60004425048828,14,0,0,0.0,0.0
gated_alive:a_2a:234741,a_2a,234741,-18.67647933959961,39.53137969970703,14,0,0,0.0,0.0
gated_alive:a_2a:234847,a_2a,234847,-36.662349700927734,-15.14515209197998,14,0,0,0.0,0.0
gated_alive:a_2a:236736,a_2a,236736,-3.5754342079162598,-60.26643753051758,14,0,0,0.0,0.0
gated_alive:a_2a:236896,a_2a,236896,24.751604080200195,53.63658142089844,14,0,0,0.0,0.0
gated_alive:a_2b:10,a_2b,10,-45.54767990112305,-18.21685218811035,10,0,0,0.0,0.0
gated_alive:a_2b:463,a_2b,463,8.718058586120605,-22.12450408935547,10,0,2,0.0,0.2
gated_alive:a_2b:620,a_2b,620,19.546215057373047,20.61656379699707,10,0,0,0.0,0.0
gated_alive:a_2b:850,a_2b,850,-7.923290252685547,4.9029622077941895,10,0,0,0.0,0.0
gated_alive:a_2b:1395,a_2b,1395,-33.46975326538086,43.69244384765625,10,0,0,0.0,0.0
gated_alive:a_2b:1423,a_2b,1423,-47.52772521972656,38.503849029541016,10,0,0,0.0,0.0
gated_alive:a_2b:1453,a_2b,1453,-38.8922004699707,41.25107192993164,10,0,0,0.0,0.0
gated_alive:a_2b:1894,a_2b,1894,-0.940388023853302,27.096176147460938,10,0,0,0.0,0.0
gated_alive:a_2b:2011,a_2b,2011,-30.367748260498047,38.89776611328125,10,0,0,0.0,0.0
gated_alive:a_2b:2219,a_2b,2219,12.122363090515137,44.695045471191406,10,0,0,0.0,0.0
gated_alive:a_2b:2392,a_2b,2392,31.377809524536133,31.6514835357666,10,0,0,0.0,0.0
gated_alive:a_2b:2480,a_2b,2480,-18.47524070739746,-60.253013610839844,10,0,0,0.0,0.0
gated_alive:a_2b:2485,a_2b,2485,-13.3801851272583,-42.802406311035156,10,0,0,0.0,0.0
gated_alive:a_2b:2594,a_2b,2594,-12.213604927062988,-67.59489440917969,10,0,7,0.0,0.7
gated_alive:a_2b:2621,a_2b,2621,-1.8239309787750244,-10.725504875183105,10,0,0,0.0,0.0
gated_alive:a_2b:3102,a_2b,3102,-39.76096725463867,-36.301204681396484,10,0,0,0.0,0.0
gated_alive:a_2b:3295,a_2b,3295,-32.38813018798828,42.19917678833008,10,0,0,0.0,0.0
gated_alive:a_2b:3316,a_2b,3316,-36.94121170043945,39.08888626098633,10,0,0,0.0,0.0
gated_alive:a_2b:3424,a_2b,3424,-50.31755828857422,-43.24333953857422,10,0,0,0.0,0.0
gated_alive:a_2b:3887,a_2b,3887,-31.21156120300293,33.180843353271484,10,0,0,0.0,0.0
gated_alive:a_2b:3950,a_2b,3950,-46.66973114013672,38.43234634399414,10,0,0,0.0,0.0
gated_alive:a_2b:4210,a_2b,4210,-44.244293212890625,14.26050853729248,10,0,0,0.0,0.0
gated_alive:a_2b:4247,a_2b,4247,14.444519996643066,45.53484344482422,10,0,0,0.0,0.0
gated_alive:a_2b:4382,a_2b,4382,-61.66627883911133,-9.742234230041504,10,0,0,0.0,0.0
gated_alive:a_2b:4514,a_2b,4514,-5.546098709106445,15.097167015075684,10,0,0,0.0,0.0
gated_alive:a_2b:4854,a_2b,4854,-32.94634246826172,41.472251892089844,10,0,0,0.0,0.0
gated_alive:a_2b:4894,a_2b,4894,-38.933448791503906,33.552913665771484,10,0,0,0.0,0.0
gated_alive:a_2b:4957,a_2b,4957,-12.06152057647705,-40.995880126953125,10,0,0,0.0,0.0
gated_alive:a_2b:5150,a_2b,5150,-60.726600646972656,-22.410804748535156,10,0,0,0.0,0.0
gated_alive:a_2b:5275,a_2b,5275,-53.23937225341797,-43.353214263916016,10,0,0,0.0,0.0
gated_alive:a_2b:5687,a_2b,5687,-13.211443901062012,-44.34012222290039,10,0,0,0.0,0.0
gated_alive:a_2b:5701,a_2b,5701,-3.442258358001709,14.589669227600098,10,0,0,0.0,0.0
gated_alive:a_2b:5903,a_2b,5903,-38.31708908081055,-28.581012725830078,10,0,0,0.0,0.0
gated_alive:a_2b:6230,a_2b,6230,-38.040653228759766,40.205238342285156,10,0,0,0.0,0.0
gated_alive:a_2b:6471,a_2b,6471,-12.602958679199219,-4.1617960929870605,10,0,0,0.0,0.0
gated_alive:a_2b:7286,a_2b,7286,-50.24148178100586,37.12300109863281,10,0,0,0.0,0.0
gated_alive:a_2b:7449,a_2b,7449,-44.27933883666992,-30.965822219848633,10,0,0,0.0,0.0
gated_alive:a_2b:7469,a_2b,7469,-46.9036750793457,-29.520580291748047,10,0,0,0.0,0.0
gated_alive:a_2b:7510,a_2b,7510,-47.976776123046875,-42.872013092041016,10,0,0,0.0,0.0
gated_alive:a_2b:7649,a_2b,7649,-15.840082168579102,59.057308197021484,10,0,0,0.0,0.0
gated_alive:a_2b:7714,a_2b,7714,-11.92577075958252,-36.414093017578125,10,0,0,0.0,0.0
gated_alive:a_2b:8014,a_2b,8014,-43.1778678894043,-10.116044044494629,10,0,0,0.0,0.0
gated_alive:a_2b:8905,a_2b,8905,-49.63827896118164,33.16501235961914,10,0,0,0.0,0.0
gated_alive:a_2b:9096,a_2b,9096,-46.09721374511719,-26.68933868408203,10,0,0,0.0,0.0
gated_alive:a_2b:9400,a_2b,9400,-25.85502815246582,-49.87529373168945,10,0,0,0.0,0.0
gated_alive:a_2b:9958,a_2b,9958,-15.923001289367676,8.434755325317383,10,0,0,0.0,0.0
gated_alive:a_2b:10061,a_2b,10061,-45.52615737915039,10.428726196289062,10,0,0,0.0,0.0
gated_alive:a_2b:10119,a_2b,10119,-50.35371017456055,-29.98293113708496,10,0,0,0.0,0.0
gated_alive:a_2b:10124,a_2b,10124,-59.55351257324219,-30.75069808959961,10,0,0,0.0,0.0
gated_alive:a_2b:10515,a_2b,10515,-18.993013381958008,-55.75082778930664,10,0,0,0.0,0.0
gated_alive:a_2b:10609,a_2b,10609,-58.52116775512695,-33.496437072753906,10,0,0,0.0,0.0
gated_alive:a_2b:10747,a_2b,10747,-19.856229782104492,-54.727813720703125,10,0,0,0.0,0.0
gated_alive:a_2b:10752,a_2b,10752,-14.827616691589355,-48.39175796508789,10,0,0,0.0,0.0
gated_alive:a_2b:10792,a_2b,10792,-21.39600944519043,43.20819854736328,10,0,0,0.0,0.0
gated_alive:a_2b:10932,a_2b,10932,-13.140426635742188,40.78392028808594,10,0,0,0.0,0.0
gated_alive:a_2b:10981,a_2b,10981,31.99725914001465,53.54438781738281,10,0,0,0.0,0.0
gated_alive:a_2b:10989,a_2b,10989,21.275362014770508,55.81106948852539,10,0,0,0.0,0.0
gated_alive:a_2b:11742,a_2b,11742,-48.20463943481445,30.818735122680664,10,0,0,0.0,0.0
gated_alive:a_2b:11988,a_2b,11988,-37.63119125366211,24.74701690673828,10,0,0,0.0,0.0
gated_alive:a_2b:12099,a_2b,12099,20.30042839050293,19.08888053894043,10,0,0,0.0,0.0
gated_alive:a_2b:12230,a_2b,12230,29.27400779724121,33.130577087402344,10,0,0,0.0,0.0
gated_alive:a_2b:12445,a_2b,12445,-44.93034744262695,41.90651321411133,10,0,0,0.0,0.0
gated_alive:a_2b:12635,a_2b,12635,-43.17613983154297,-27.23224449157715,10,0,0,0.0,0.0
gated_alive:a_2b:12677,a_2b,12677,-31.85891342163086,22.84111976623535,10,0,0,0.0,0.0
gated_alive:a_2b:13095,a_2b,13095,-35.11164855957031,53.711181640625,10,0,0,0.0,0.0
gated_alive:a_2b:13606,a_2b,13606,-2.4955666065216064,11.682799339294434,10,0,0,0.0,0.0
gated_alive:a_2b:13770,a_2b,13770,-47.85349655151367,1.4316473007202148,10,0,0,0.0,0.0
gated_alive:a_2b:14158,a_2b,14158,-6.7117390632629395,19.200681686401367,10,0,0,0.0,0.0
gated_alive:a_2b:14434,a_2b,14434,-19.24285888671875,34.98763656616211,10,0,0,0.0,0.0
gated_alive:a_2b:15537,a_2b,15537,11.098588943481445,1.1562845706939697,10,0,0,0.0,0.0
gated_alive:a_2b:15636,a_2b,15636,-29.81336212158203,36.833980560302734,10,0,0,0.0,0.0
gated_alive:a_2b:15683,a_2b,15683,-45.119285583496094,-18.258298873901367,10,0,0,0.0,0.0
gated_alive:a_2b:15890,a_2b,15890,-24.311874389648438,-16.395553588867188,10,0,0,0.0,0.0
gated_alive:a_2b:15991,a_2b,15991,-18.868017196655273,23.381134033203125,10,0,0,0.0,0.0
gated_alive:a_2b:16161,a_2b,16161,-22.191539764404297,-3.927872657775879,10,0,0,0.0,0.0
gated_alive:a_2b:16164,a_2b,16164,-3.747424602508545,18.13285255432129,10,0,0,0.0,0.0
gated_alive:a_2b:16266,a_2b,16266,-50.143070220947266,-13.4246187210083,10,0,0,0.0,0.0
gated_alive:a_2b:16478,a_2b,16478,4.022762298583984,26.43433952331543,10,0,0,0.0,0.0
gated_alive:a_2b:16507,a_2b,16507,-12.038779258728027,1.447510004043579,10,0,0,0.0,0.0
gated_alive:a_2b:16536,a_2b,16536,2.200045347213745,-33.9310417175293,10,0,0,0.0,0.0
gated_alive:a_2b:16652,a_2b,16652,-41.533329010009766,10.352575302124023,10,0,0,0.0,0.0
gated_alive:a_2b:16727,a_2b,16727,-12.54443359375,3.096813678741455,10,0,0,0.0,0.0
gated_alive:a_2b:16750,a_2b,16750,-6.459746360778809,-30.362869262695312,10,0,0,0.0,0.0
gated_alive:a_2b:16859,a_2b,16859,-17.15874481201172,35.58009719848633,10,0,0,0.0,0.0
gated_alive:a_2b:16968,a_2b,16968,-15.649503707885742,-48.62767791748047,10,0,0,0.0,0.0
gated_alive:a_2b:17060,a_2b,17060,-44.95050811767578,15.804865837097168,10,0,0,0.0,0.0
gated_alive:a_2b:17143,a_2b,17143,4.161554336547852,19.439998626708984,10,0,0,0.0,0.0
gated_alive:a_2b:17481,a_2b,17481,9.05703353881836,23.370302200317383,10,0,0,0.0,0.0
gated_alive:a_2b:17698,a_2b,17698,42.20098114013672,30.325098037719727,10,0,0,0.0,0.0
gated_alive:a_2b:17804,a_2b,17804,-51.351505279541016,-45.77557373046875,10,0,0,0.0,0.0
gated_alive:a_2b:17866,a_2b,17866,-15.930561065673828,47.077762603759766,10,0,0,0.0,0.0
gated_alive:a_2b:18013,a_2b,18013,8.988791465759277,32.456912994384766,10,0,0,0.0,0.0
gated_alive:a_2b:18099,a_2b,18099,-34.07071304321289,-23.966838836669922,10,0,0,0.0,0.0
gated_alive:a_2b:18427,a_2b,18427,-12.478716850280762,-1.1412453651428223,10,0,0,0.0,0.0
gated_alive:a_2b:18891,a_2b,18891,-11.686026573181152,-38.73728561401367,10,0,0,0.0,0.0
gated_alive:a_2b:18902,a_2b,18902,-7.18457555770874,57.389381408691406,10,0,0,0.0,0.0
gated_alive:a_2b:19015,a_2b,19015,-50.023624420166016,45.32246017456055,10,0,0,0.0,0.0
gated_alive:a_2b:19168,a_2b,19168,-17.14103889465332,34.38143539428711,10,0,0,0.0,0.0
gated_alive:a_2b:19194,a_2b,19194,-50.081016540527344,32.778568267822266,10,0,0,0.0,0.0
gated_alive:a_2b:19616,a_2b,19616,-6.658941268920898,-52.0162353515625,10,0,0,0.0,0.0
gated_alive:a_2b:20010,a_2b,20010,-59.02570343017578,-24.931856155395508,10,0,0,0.0,0.0
gated_alive:a_2b:20069,a_2b,20069,-11.106488227844238,-57.99877166748047,10,0,0,0.0,0.0
gated_alive:a_2b:20238,a_2b,20238,12.808722496032715,1.6866908073425293,10,0,0,0.0,0.0
gated_alive:a_2b:20359,a_2b,20359,3.3257863521575928,16.333820343017578,10,0,0,0.0,0.0
gated_alive:a_2b:20484,a_2b,20484,-61.34869384765625,-34.6834602355957,10,0,0,0.0,0.0
gated_alive:a_2b:20752,a_2b,20752,1.1107512712478638,1.3582485914230347,10,0,0,0.0,0.0
gated_alive:a_2b:20946,a_2b,20946,15.412005424499512,18.59229850769043,10,0,0,0.0,0.0
gated_alive:a_2b:21023,a_2b,21023,-43.27714920043945,-26.568675994873047,10,0,0,0.0,0.0
gated_alive:a_2b:21057,a_2b,21057,-48.20195007324219,-43.880245208740234,10,0,0,0.0,0.0
gated_alive:a_2b:21148,a_2b,21148,5.418776988983154,8.674460411071777,10,0,0,0.0,0.0
gated_alive:a_2b:21154,a_2b,21154,-37.02667236328125,44.43728256225586,10,0,0,0.0,0.0
gated_alive:a_2b:21223,a_2b,21223,-36.958282470703125,50.761749267578125,10,0,0,0.0,0.0
gated_alive:a_2b:21555,a_2b,21555,33.157737731933594,34.71855163574219,10,0,0,0.0,0.0
gated_alive:a_2b:21910,a_2b,21910,19.221128463745117,42.00346374511719,10,0,0,0.0,0.0
gated_alive:a_2b:22308,a_2b,22308,-51.65293502807617,28.692319869995117,10,0,0,0.0,0.0
gated_alive:a_2b:22462,a_2b,22462,21.556804656982422,38.3664665222168,10,0,0,0.0,0.0
gated_alive:a_2b:22648,a_2b,22648,-35.117286682128906,21.63467788696289,10,0,0,0.0,0.0
gated_alive:a_2b:22689,a_2b,22689,16.756437301635742,41.31892395019531,10,0,0,0.0,0.0
gated_alive:a_2b:22802,a_2b,22802,-27.41508674621582,14.394196510314941,10,0,0,0.0,0.0
gated_alive:a_2b:22873,a_2b,22873,14.158072471618652,24.39823341369629,10,0,0,0.0,0.0
gated_alive:a_2b:23068,a_2b,23068,-57.94183349609375,-9.862222671508789,10,0,0,0.0,0.0
gated_alive:a_2b:23334,a_2b,23334,-52.663841247558594,-43.88494873046875,10,0,0,0.0,0.0
gated_alive:a_2b:23618,a_2b,23618,38.957740783691406,33.01411437988281,10,0,0,0.0,0.0
gated_alive:a_2b:24173,a_2b,24173,-22.95243263244629,15.941770553588867,10,0,0,0.0,0.0
gated_alive:a_2b:24275,a_2b,24275,-37.81776809692383,45.358123779296875,10,0,0,0.0,0.0
gated_alive:a_2b:24761,a_2b,24761,-11.848224639892578,-15.057212829589844,10,0,0,0.0,0.0
gated_alive:a_2b:24971,a_2b,24971,-44.212738037109375,-21.56900978088379,10,0,0,0.0,0.0
gated_alive:a_2b:24996,a_2b,24996,-45.89017868041992,-27.07553482055664,10,0,0,0.0,0.0
gated_alive:a_2b:25080,a_2b,25080,8.087783813476562,62.467288970947266,10,0,0,0.0,0.0
gated_alive:a_2b:25122,a_2b,25122,-46.50754165649414,-24.591392517089844,10,0,0,0.0,0.0
gated_alive:a_2b:25210,a_2b,25210,38.55078125,33.49391555786133,10,0,6,0.0,0.6
gated_alive:a_2b:25486,a_2b,25486,-40.28384780883789,33.06717300415039,10,0,0,0.0,0.0
gated_alive:a_2b:25561,a_2b,25561,-36.108070373535156,31.109731674194336,10,0,0,0.0,0.0
gated_alive:a_2b:26128,a_2b,26128,-31.01083755493164,-0.22836536169052124,10,0,0,0.0,0.0
gated_alive:a_2b:26195,a_2b,26195,-14.843419075012207,-54.968109130859375,10,0,0,0.0,0.0
gated_alive:a_2b:26216,a_2b,26216,-30.58740997314453,35.18532943725586,10,0,0,0.0,0.0
gated_alive:a_2b:26495,a_2b,26495,-29.999509811401367,35.18181228637695,10,0,0,0.0,0.0
gated_alive:a_2b:26568,a_2b,26568,3.5017242431640625,24.718778610229492,10,0,0,0.0,0.0
gated_alive:a_2b:26807,a_2b,26807,-35.797935485839844,30.48223114013672,10,0,0,0.0,0.0
gated_alive:a_2b:27347,a_2b,27347,-2.9904582500457764,20.315813064575195,10,0,0,0.0,0.0
gated_alive:a_2b:27944,a_2b,27944,-5.523299217224121,18.303924560546875,10,0,0,0.0,0.0
gated_alive:a_2b:27945,a_2b,27945,-29.745220184326172,35.215362548828125,10,0,0,0.0,0.0
gated_alive:a_2b:28245,a_2b,28245,4.837893009185791,-5.867697715759277,10,0,0,0.0,0.0
gated_alive:a_2b:28358,a_2b,28358,-37.846588134765625,37.96860885620117,10,0,0,0.0,0.0
gated_alive:a_2b:28572,a_2b,28572,19.63827896118164,43.27345657348633,10,0,0,0.0,0.0
gated_alive:a_2b:28852,a_2b,28852,35.13115310668945,-14.439305305480957,10,0,0,0.0,0.0
gated_alive:a_2b:28936,a_2b,28936,-16.486467361450195,-63.59178161621094,10,0,0,0.0,0.0
gated_alive:a_2b:29549,a_2b,29549,-43.53239059448242,-10.527593612670898,10,0,0,0.0,0.0
gated_alive:a_2b:29653,a_2b,29653,-53.80735397338867,-15.391502380371094,10,0,0,0.0,0.0
gated_alive:a_2b:29837,a_2b,29837,30.02582359313965,-10.28078842163086,10,0,1,0.0,0.1
gated_alive:a_2b:29945,a_2b,29945,-16.424915313720703,57.27143096923828,10,0,0,0.0,0.0
gated_alive:a_2b:30160,a_2b,30160,11.859270095825195,43.138641357421875,10,0,0,0.0,0.0
gated_alive:a_2b:30253,a_2b,30253,-16.354516983032227,-61.56184387207031,10,0,0,0.0,0.0
gated_alive:a_2b:30693,a_2b,30693,-42.733428955078125,-29.6639347076416,10,0,0,0.0,0.0
gated_alive:a_2b:30735,a_2b,30735,-30.24479103088379,-22.24256706237793,10,0,0,0.0,0.0
gated_alive:a_2b:30798,a_2b,30798,-11.535150527954102,17.64404296875,10,0,0,0.0,0.0
gated_alive:a_2b:31106,a_2b,31106,-38.06700134277344,31.903942108154297,10,0,0,0.0,0.0
gated_alive:a_2b:31204,a_2b,31204,-39.711570739746094,30.610107421875,10,0,0,0.0,0.0
gated_alive:a_2b:31217,a_2b,31217,26.622011184692383,35.2802848815918,10,0,0,0.0,0.0
gated_alive:a_2b:31256,a_2b,31256,-21.54058837890625,42.09587097167969,10,0,0,0.0,0.0
gated_alive:a_2b:31335,a_2b,31335,-40.553794860839844,44.05501174926758,10,0,0,0.0,0.0
gated_alive:a_2b:31392,a_2b,31392,-40.856258392333984,33.6810417175293,10,0,0,0.0,0.0
gated_alive:a_2b:31436,a_2b,31436,-19.241069793701172,-52.436492919921875,10,0,0,0.0,0.0
gated_alive:a_2b:31662,a_2b,31662,-50.22883605957031,-27.788963317871094,10,0,0,0.0,0.0
gated_alive:a_2b:31829,a_2b,31829,52.92801284790039,28.614015579223633,10,0,0,0.0,0.0
gated_alive:a_2b:31991,a_2b,31991,-34.42909240722656,53.79599380493164,10,0,0,0.0,0.0
gated_alive:a_2b:32289,a_2b,32289,42.75328063964844,-1.8201333284378052,10,0,0,0.0,0.0
gated_alive:a_2b:32525,a_2b,32525,24.29299545288086,21.131948471069336,10,0,0,0.0,0.0
gated_alive:a_2b:32637,a_2b,32637,-9.63990592956543,-47.511451721191406,10,0,0,0.0,0.0
gated_alive:a_2b:33045,a_2b,33045,-17.135883331298828,-37.602046966552734,10,0,0,0.0,0.0
gated_alive:a_2b:33939,a_2b,33939,27.502321243286133,58.612754821777344,10,0,0,0.0,0.0
gated_alive:a_2b:33951,a_2b,33951,-21.48430061340332,-4.154079914093018,10,0,0,0.0,0.0
gated_alive:a_2b:34049,a_2b,34049,-37.40544509887695,45.4785041809082,10,0,0,0.0,0.0
gated_alive:a_2b:34336,a_2b,34336,2.159316062927246,21.587955474853516,10,0,0,0.0,0.0
gated_alive:a_2b:34941,a_2b,34941,-3.4129130840301514,-3.7590386867523193,10,0,2,0.0,0.2
gated_alive:a_2b:35086,a_2b,35086,-48.57842254638672,-6.5795135498046875,10,0,0,0.0,0.0
gated_alive:a_2b:36034,a_2b,36034,-54.41531753540039,39.178001403808594,10,0,0,0.0,0.0
gated_alive:a_2b:36311,a_2b,36311,-55.846763610839844,-19.409666061401367,10,0,0,0.0,0.0
gated_alive:a_2b:36659,a_2b,36659,-36.89179611206055,-0.0017681873869150877,10,0,0,0.0,0.0
gated_alive:a_2b:36994,a_2b,36994,-43.536468505859375,37.0492057800293,10,0,0,0.0,0.0
gated_alive:a_2b:37084,a_2b,37084,-35.62256622314453,44.52830505371094,10,0,0,0.0,0.0
gated_alive:a_2b:37152,a_2b,37152,-44.203189849853516,-31.222217559814453,10,0,0,0.0,0.0
gated_alive:a_2b:37173,a_2b,37173,29.4766788482666,28.553953170776367,10,0,0,0.0,0.0
gated_alive:a_2b:37618,a_2b,37618,-8.156118392944336,-54.904640197753906,10,0,0,0.0,0.0
gated_alive:a_2b:38080,a_2b,38080,-46.299468994140625,8.17858600616455,10,0,0,0.0,0.0
gated_alive:a_2b:38401,a_2b,38401,-39.11393737792969,25.370479583740234,10,0,0,0.0,0.0
gated_alive:a_2b:38563,a_2b,38563,43.420047760009766,-3.860208749771118,10,0,3,0.0,0.3
gated_alive:a_2b:38612,a_2b,38612,-41.71507263183594,49.55808639526367,10,0,0,0.0,0.0
gated_alive:a_2b:38784,a_2b,38784,-0.33565106987953186,-54.86488723754883,10,0,0,0.0,0.0
gated_alive:a_2b:38882,a_2b,38882,-52.611595153808594,-18.087440490722656,10,0,0,0.0,0.0
gated_alive:a_2b:38948,a_2b,38948,-46.14912033081055,-20.71086311340332,10,0,0,0.0,0.0
gated_alive:a_2b:39073,a_2b,39073,-2.552853584289551,-57.20297622680664,10,0,0,0.0,0.0
gated_alive:a_2b:39127,a_2b,39127,11.242008209228516,23.593111038208008,10,0,0,0.0,0.0
gated_alive:a_2b:39178,a_2b,39178,15.43822193145752,4.97144079208374,10,0,0,0.0,0.0
gated_alive:a_2b:39685,a_2b,39685,-36.29616928100586,38.23954772949219,10,0,0,0.0,0.0
gated_alive:a_2b:39695,a_2b,39695,-15.797287940979004,-63.68513107299805,10,0,0,0.0,0.0
gated_alive:a_2b:40064,a_2b,40064,-32.468116760253906,-20.352310180664062,10,0,0,0.0,0.0
gated_alive:a_2b:40338,a_2b,40338,0.09788020700216293,-0.9087914824485779,10,0,0,0.0,0.0
gated_alive:a_2b:40424,a_2b,40424,-31.102863311767578,-0.050352081656455994,10,0,0,0.0,0.0
gated_alive:a_2b:40563,a_2b,40563,-45.6103401184082,-26.184579849243164,10,0,0,0.0,0.0
gated_alive:a_2b:40906,a_2b,40906,-10.753335952758789,-43.5813102722168,10,0,0,0.0,0.0
gated_alive:a_2b:41162,a_2b,41162,21.669511795043945,-49.609825134277344,10,0,4,0.0,0.4
gated_alive:a_2b:41228,a_2b,41228,-44.421478271484375,38.170658111572266,10,0,0,0.0,0.0
gated_alive:a_2b:41242,a_2b,41242,-48.94905090332031,10.455039978027344,10,0,0,0.0,0.0
gated_alive:a_2b:41342,a_2b,41342,-53.30095291137695,-15.689126014709473,10,0,0,0.0,0.0
gated_alive:a_2b:41521,a_2b,41521,-40.85224914550781,49.74431610107422,10,0,0,0.0,0.0
gated_alive:a_2b:41622,a_2b,41622,14.876928329467773,40.73169708251953,10,0,0,0.0,0.0
gated_alive:a_2b:41889,a_2b,41889,1.2424976825714111,23.264667510986328,10,0,0,0.0,0.0
gated_alive:a_2b:42058,a_2b,42058,-41.29737091064453,32.578277587890625,10,0,0,0.0,0.0
gated_alive:a_2b:42189,a_2b,42189,-43.067630767822266,-48.2374382019043,10,0,0,0.0,0.0
gated_alive:a_2b:42241,a_2b,42241,-3.4727959632873535,-17.96443748474121,10,0,0,0.0,0.0
gated_alive:a_2b:42603,a_2b,42603,-53.24108123779297,-43.67645263671875,10,0,0,0.0,0.0
gated_alive:a_2b:42818,a_2b,42818,0.5106151700019836,20.107877731323242,10,0,0,0.0,0.0
gated_alive:a_2b:43090,a_2b,43090,-39.22944259643555,52.89438247680664,10,0,0,0.0,0.0
gated_alive:a_2b:43297,a_2b,43297,-19.566699981689453,-52.152854919433594,10,0,0,0.0,0.0
gated_alive:a_2b:43302,a_2b,43302,-7.130913257598877,15.614188194274902,10,0,0,0.0,0.0
gated_alive:a_2b:43626,a_2b,43626,-14.762906074523926,26.945703506469727,10,0,0,0.0,0.0
gated_alive:a_2b:44571,a_2b,44571,-51.90286636352539,43.581233978271484,10,0,0,0.0,0.0
gated_alive:a_2b:44688,a_2b,44688,-13.729449272155762,-57.02388000488281,10,0,0,0.0,0.0
gated_alive:a_2b:44744,a_2b,44744,-53.81187438964844,-42.41823196411133,10,0,0,0.0,0.0
gated_alive:a_2b:44822,a_2b,44822,-16.851423263549805,-63.884708404541016,10,0,0,0.0,0.0
gated_alive:a_2b:44884,a_2b,44884,20.072998046875,26.666149139404297,10,0,0,0.0,0.0
gated_alive:a_2b:45142,a_2b,45142,-9.47889518737793,-52.873836517333984,10,0,0,0.0,0.0
gated_alive:a_2b:45149,a_2b,45149,74.85159301757812,-13.203828811645508,10,0,0,0.0,0.0
gated_alive:a_2b:45245,a_2b,45245,-55.47697067260742,-32.722347259521484,10,0,0,0.0,0.0
gated_alive:a_2b:45289,a_2b,45289,12.105969429016113,-0.3120887875556946,10,0,0,0.0,0.0
gated_alive:a_2b:45312,a_2b,45312,-47.04597473144531,-26.04475212097168,10,0,0,0.0,0.0
gated_alive:a_2b:45621,a_2b,45621,-45.84786605834961,-20.51521110534668,10,0,0,0.0,0.0
gated_alive:a_2b:45825,a_2b,45825,12.268977165222168,30.37358856201172,10,0,0,0.0,0.0
gated_alive:a_2b:45875,a_2b,45875,8.927247047424316,23.54961585998535,10,0,0,0.0,0.0
gated_alive:a_2b:46014,a_2b,46014,10.448094367980957,28.663776397705078,10,0,0,0.0,0.0
gated_alive:a_2b:46290,a_2b,46290,-48.45079040527344,-19.444808959960938,10,0,0,0.0,0.0
gated_alive:a_2b:46483,a_2b,46483,-58.0709114074707,-33.01996612548828,10,0,0,0.0,0.0
gated_alive:a_2b:46510,a_2b,46510,48.65888214111328,36.50006103515625,10,0,0,0.0,0.0
gated_alive:a_2b:46675,a_2b,46675,8.50203800201416,29.346664428710938,10,0,0,0.0,0.0
gated_alive:a_2b:46702,a_2b,46702,-8.425533294677734,-60.295433044433594,10,0,0,0.0,0.0
gated_alive:a_2b:46864,a_2b,46864,7.258450508117676,42.15349578857422,10,0,0,0.0,0.0
gated_alive:a_2b:47122,a_2b,47122,-46.34733963012695,-21.797252655029297,10,0,0,0.0,0.0
gated_alive:a_2b:47356,a_2b,47356,20.118946075439453,-21.042856216430664,10,0,0,0.0,0.0
gated_alive:a_2b:47420,a_2b,47420,14.733719825744629,38.856422424316406,10,0,0,0.0,0.0
gated_alive:a_2b:47626,a_2b,47626,-50.03379821777344,-23.40297508239746,10,0,0,0.0,0.0
gated_alive:a_2b:47698,a_2b,47698,2.9130890369415283,16.639446258544922,10,0,0,0.0,0.0
gated_alive:a_2b:47851,a_2b,47851,1.1805979013442993,-3.7852635383605957,10,0,0,0.0,0.0
gated_alive:a_2b:48099,a_2b,48099,1.7917131185531616,-65.14081573486328,10,0,0,0.0,0.0
gated_alive:a_2b:48194,a_2b,48194,-8.072320938110352,-54.325965881347656,10,0,0,0.0,0.0
gated_alive:a_2b:48379,a_2b,48379,-4.6504621505737305,-48.07288360595703,10,0,0,0.0,0.0
gated_alive:a_2b:48402,a_2b,48402,-6.64778470993042,-44.46446228027344,10,0,0,0.0,0.0
gated_alive:a_2b:48652,a_2b,48652,24.692609786987305,53.27794647216797,10,0,0,0.0,0.0
gated_alive:a_2b:48777,a_2b,48777,-58.83647918701172,-29.029850006103516,10,0,0,0.0,0.0
gated_alive:a_2b:48804,a_2b,48804,-46.01078414916992,-19.56822967529297,10,0,0,0.0,0.0
gated_alive:a_2b:48812,a_2b,48812,-51.8079719543457,-43.73301315307617,10,0,0,0.0,0.0
gated_alive:a_2b:48889,a_2b,48889,-43.008819580078125,-22.406618118286133,10,0,0,0.0,0.0
gated_alive:a_2b:49102,a_2b,49102,-3.052856683731079,16.43195915222168,10,0,0,0.0,0.0
gated_alive:a_2b:49176,a_2b,49176,39.46604537963867,-15.616652488708496,10,0,0,0.0,0.0
gated_alive:a_2b:49400,a_2b,49400,-32.73484802246094,-29.212419509887695,10,0,0,0.0,0.0
gated_alive:a_2b:49450,a_2b,49450,-58.16577911376953,-34.25421905517578,10,0,0,0.0,0.0
gated_alive:a_2b:49488,a_2b,49488,29.28753662109375,32.587257385253906,10,0,0,0.0,0.0
gated_alive:a_2b:49526,a_2b,49526,32.96775436401367,45.923641204833984,10,0,0,0.0,0.0
gated_alive:a_2b:50266,a_2b,50266,-49.83986282348633,-34.587581634521484,10,0,0,0.0,0.0
gated_alive:a_2b:50801,a_2b,50801,38.601341247558594,50.81657028198242,10,0,0,0.0,0.0
gated_alive:a_2b:50863,a_2b,50863,-2.0439112186431885,-2.294703722000122,10,0,0,0.0,0.0
gated_alive:a_2b:50925,a_2b,50925,-16.124229431152344,-36.57455825805664,10,0,0,0.0,0.0
gated_alive:a_2b:51209,a_2b,51209,43.974830627441406,-18.869966506958008,10,0,0,0.0,0.0
gated_alive:a_2b:51276,a_2b,51276,-34.0869140625,30.868305206298828,10,0,0,0.0,0.0
gated_alive:a_2b:51332,a_2b,51332,-47.12840270996094,-28.197603225708008,10,0,0,0.0,0.0
gated_alive:a_2b:51426,a_2b,51426,-35.27000427246094,30.150226593017578,10,0,0,0.0,0.0
gated_alive:a_2b:51445,a_2b,51445,-50.456077575683594,-18.632789611816406,10,0,0,0.0,0.0
gated_alive:a_2b:51697,a_2b,51697,-4.647120475769043,43.45035171508789,10,0,0,0.0,0.0
gated_alive:a_2b:51774,a_2b,51774,-33.90652084350586,40.833641052246094,10,0,0,0.0,0.0
gated_alive:a_2b:51937,a_2b,51937,-34.972557067871094,31.29183006286621,10,0,0,0.0,0.0
gated_alive:a_2b:52018,a_2b,52018,-20.491985321044922,-51.44999694824219,10,0,0,0.0,0.0
gated_alive:a_2b:52213,a_2b,52213,-33.14690399169922,-18.80082893371582,10,0,0,0.0,0.0
gated_alive:a_2b:52379,a_2b,52379,-7.180703639984131,6.540716171264648,10,0,0,0.0,0.0
gated_alive:a_2b:52541,a_2b,52541,-24.657224655151367,42.28479766845703,10,0,0,0.0,0.0
gated_alive:a_2b:52932,a_2b,52932,-14.19788646697998,-8.45768928527832,10,0,0,0.0,0.0
gated_alive:a_2b:53155,a_2b,53155,-56.50496292114258,37.81420135498047,10,0,0,0.0,0.0
gated_alive:a_2b:53186,a_2b,53186,-12.61515998840332,-40.602142333984375,10,0,0,0.0,0.0
gated_alive:a_2b:53336,a_2b,53336,-19.83525848388672,-12.317152976989746,10,0,0,0.0,0.0
gated_alive:a_2b:53370,a_2b,53370,-14.997392654418945,6.039899826049805,10,0,0,0.0,0.0
gated_alive:a_2b:53479,a_2b,53479,-12.630242347717285,1.033187747001648,10,0,0,0.0,0.0
gated_alive:a_2b:53566,a_2b,53566,-41.8621940612793,44.51394271850586,10,0,0,0.0,0.0
gated_alive:a_2b:53641,a_2b,53641,-34.75461959838867,31.1876163482666,10,0,0,0.0,0.0
gated_alive:a_2b:53811,a_2b,53811,21.293943405151367,44.20798110961914,10,0,0,0.0,0.0
gated_alive:a_2b:53863,a_2b,53863,-50.20811462402344,12.999239921569824,10,0,0,0.0,0.0
gated_alive:a_2b:54085,a_2b,54085,-23.160547256469727,1.2168065309524536,10,0,0,0.0,0.0
gated_alive:a_2b:54126,a_2b,54126,-54.61020278930664,23.944761276245117,10,0,0,0.0,0.0
gated_alive:a_2b:54130,a_2b,54130,9.715392112731934,44.109317779541016,10,0,0,0.0,0.0
gated_alive:a_2b:54234,a_2b,54234,-57.95113754272461,-35.852359771728516,10,0,0,0.0,0.0
gated_alive:a_2b:54450,a_2b,54450,-59.2369384765625,-32.71396255493164,10,0,0,0.0,0.0
gated_alive:a_2b:54487,a_2b,54487,-21.90509605407715,41.21550369262695,10,0,0,0.0,0.0
gated_alive:a_2b:54524,a_2b,54524,-21.20602035522461,-54.449607849121094,10,0,0,0.0,0.0
gated_alive:a_2b:54673,a_2b,54673,21.04046058654785,25.072465896606445,10,0,0,0.0,0.0
gated_alive:a_2b:54898,a_2b,54898,-6.311952590942383,-56.38117599487305,10,0,0,0.0,0.0
gated_alive:a_2b:54926,a_2b,54926,-14.837273597717285,-40.44450759887695,10,0,0,0.0,0.0
gated_alive:a_2b:54948,a_2b,54948,-11.34805965423584,-37.06607437133789,10,0,0,0.0,0.0
gated_alive:a_2b:55015,a_2b,55015,-31.77052879333496,22.49528694152832,10,0,0,0.0,0.0
gated_alive:a_2b:55101,a_2b,55101,3.588228940963745,0.4262632131576538,10,0,0,0.0,0.0
gated_alive:a_2b:55280,a_2b,55280,-47.10092544555664,-29.6112003326416,10,0,0,0.0,0.0
gated_alive:a_2b:55332,a_2b,55332,-12.222344398498535,-37.984832763671875,10,0,0,0.0,0.0
gated_alive:a_2b:55598,a_2b,55598,-50.85820388793945,29.504194259643555,10,0,0,0.0,0.0
gated_alive:a_2b:55904,a_2b,55904,-28.954051971435547,-18.243797302246094,10,0,0,0.0,0.0
gated_alive:a_2b:55984,a_2b,55984,3.9495208263397217,19.83950424194336,10,0,0,0.0,0.0
gated_alive:a_2b:56097,a_2b,56097,-29.63327407836914,55.95866775512695,10,0,0,0.0,0.0
gated_alive:a_2b:56199,a_2b,56199,-43.62710952758789,-11.290759086608887,10,0,0,0.0,0.0
gated_alive:a_2b:56337,a_2b,56337,-30.34160804748535,36.005733489990234,10,0,0,0.0,0.0
gated_alive:a_2b:56710,a_2b,56710,-26.627397537231445,50.27320098876953,10,0,0,0.0,0.0
gated_alive:a_2b:57164,a_2b,57164,-28.6887149810791,-20.028289794921875,10,0,0,0.0,0.0
gated_alive:a_2b:57170,a_2b,57170,-16.052032470703125,-36.39348220825195,10,0,0,0.0,0.0
gated_alive:a_2b:57283,a_2b,57283,-13.064614295959473,3.7775096893310547,10,0,0,0.0,0.0
gated_alive:a_2b:57342,a_2b,57342,-52.27154541015625,25.718582153320312,10,0,0,0.0,0.0
gated_alive:a_2b:57473,a_2b,57473,52.032752990722656,-21.005084991455078,10,0,2,0.0,0.2
gated_alive:a_2b:57502,a_2b,57502,-31.697206497192383,39.63206481933594,10,0,0,0.0,0.0
gated_alive:a_2b:57776,a_2b,57776,2.8387866020202637,-41.552757263183594,10,0,0,0.0,0.0
gated_alive:a_2b:57942,a_2b,57942,5.52738618850708,24.091468811035156,10,0,2,0.0,0.2
gated_alive:a_2b:58007,a_2b,58007,-53.17829513549805,-43.47351837158203,10,0,0,0.0,0.0
gated_alive:a_2b:58652,a_2b,58652,8.747511863708496,24.9600772857666,10,0,1,0.0,0.1
gated_alive:a_2b:58663,a_2b,58663,-16.16497802734375,-11.277718544006348,10,0,0,0.0,0.0
gated_alive:a_2b:58666,a_2b,58666,-37.18291091918945,34.563026428222656,10,0,0,0.0,0.0
gated_alive:a_2b:59143,a_2b,59143,-22.09185218811035,-23.603727340698242,10,0,0,0.0,0.0
gated_alive:a_2b:59574,a_2b,59574,-5.272295951843262,4.807490825653076,10,0,0,0.0,0.0
gated_alive:a_2b:59625,a_2b,59625,-6.252224922180176,-56.8441162109375,10,0,0,0.0,0.0
gated_alive:a_2b:59695,a_2b,59695,-43.162471771240234,-26.86547088623047,10,0,0,0.0,0.0
gated_alive:a_2b:60187,a_2b,60187,45.91632843017578,2.920745849609375,10,0,4,0.0,0.4
gated_alive:a_2b:60226,a_2b,60226,-32.1407470703125,-14.821648597717285,10,0,0,0.0,0.0
gated_alive:a_2b:60520,a_2b,60520,-58.25333786010742,-32.9786376953125,10,0,0,0.0,0.0
gated_alive:a_2b:60598,a_2b,60598,-44.04743576049805,35.562400817871094,10,0,0,0.0,0.0
gated_alive:a_2b:60687,a_2b,60687,-2.9251742362976074,21.752973556518555,10,0,0,0.0,0.0
gated_alive:a_2b:60706,a_2b,60706,9.370119094848633,59.989112854003906,10,0,0,0.0,0.0
gated_alive:a_2b:60779,a_2b,60779,29.267242431640625,49.45180130004883,10,0,0,0.0,0.0
gated_alive:a_2b:60790,a_2b,60790,-18.648109436035156,30.755651473999023,10,0,0,0.0,0.0
gated_alive:a_2b:60881,a_2b,60881,21.416322708129883,-44.5302848815918,10,0,0,0.0,0.0
gated_alive:a_2b:61307,a_2b,61307,-45.17723846435547,-23.089942932128906,10,0,0,0.0,0.0
gated_alive:a_2b:61717,a_2b,61717,-29.985313415527344,-18.552677154541016,10,0,0,0.0,0.0
gated_alive:a_2b:61757,a_2b,61757,-21.561952590942383,-4.02735710144043,10,0,0,0.0,0.0
gated_alive:a_2b:61824,a_2b,61824,-36.925079345703125,24.866724014282227,10,0,0,0.0,0.0
gated_alive:a_2b:62478,a_2b,62478,-32.81189727783203,-12.664361953735352,10,0,0,0.0,0.0
gated_alive:a_2b:62817,a_2b,62817,-16.98185157775879,-63.63395309448242,10,0,0,0.0,0.0
gated_alive:a_2b:63010,a_2b,63010,-29.073230743408203,-20.028759002685547,10,0,0,0.0,0.0
gated_alive:a_2b:63429,a_2b,63429,-21.308134078979492,-41.607173919677734,10,0,0,0.0,0.0
gated_alive:a_2b:63621,a_2b,63621,-21.688438415527344,-4.720864295959473,10,0,0,0.0,0.0
gated_alive:a_2b:63641,a_2b,63641,-43.9445915222168,-25.794780731201172,10,0,0,0.0,0.0
gated_alive:a_2b:63765,a_2b,63765,-15.882513046264648,-58.846126556396484,10,0,0,0.0,0.0
gated_alive:a_2b:63813,a_2b,63813,23.138757705688477,24.87456703186035,10,0,0,0.0,0.0
gated_alive:a_2b:64261,a_2b,64261,18.863988876342773,40.55870819091797,10,0,0,0.0,0.0
gated_alive:a_2b:64393,a_2b,64393,36.557098388671875,37.54454040527344,10,0,0,0.0,0.0
gated_alive:a_2b:64466,a_2b,64466,-45.3094367980957,26.59975242614746,10,0,0,0.0,0.0
gated_alive:a_2b:64553,a_2b,64553,-4.900633335113525,-57.825313568115234,10,0,0,0.0,0.0
gated_alive:a_2b:64583,a_2b,64583,-7.2426323890686035,-54.58965301513672,10,0,0,0.0,0.0
gated_alive:a_2b:64730,a_2b,64730,-27.967451095581055,13.73150634765625,10,0,0,0.0,0.0
gated_alive:a_2b:64908,a_2b,64908,39.7364387512207,47.52055740356445,10,0,0,0.0,0.0
gated_alive:a_2b:65126,a_2b,65126,44.47340774536133,-2.8006482124328613,10,0,0,0.0,0.0
gated_alive:a_2b:65883,a_2b,65883,7.149360179901123,34.42253112792969,10,0,0,0.0,0.0
gated_alive:a_2b:65920,a_2b,65920,13.659429550170898,52.03999328613281,10,0,0,0.0,0.0
gated_alive:a_2b:66488,a_2b,66488,-12.797750473022461,42.11465835571289,10,0,0,0.0,0.0
gated_alive:a_2b:66623,a_2b,66623,-9.04561710357666,-3.2227258682250977,10,0,0,0.0,0.0
gated_alive:a_2b:66637,a_2b,66637,-41.796470642089844,32.354591369628906,10,0,0,0.0,0.0
gated_alive:a_2b:66669,a_2b,66669,7.748143196105957,38.692691802978516,10,0,0,0.0,0.0
gated_alive:a_2b:66776,a_2b,66776,3.195284128189087,-45.053348541259766,10,0,0,0.0,0.0
gated_alive:a_2b:66856,a_2b,66856,25.90099334716797,31.220317840576172,10,0,0,0.0,0.0
gated_alive:a_2b:66870,a_2b,66870,-12.982858657836914,-40.70102310180664,10,0,2,0.0,0.2
gated_alive:a_2b:67457,a_2b,67457,-3.3535068035125732,-48.974090576171875,10,0,0,0.0,0.0
gated_alive:a_2b:67555,a_2b,67555,-5.7281951904296875,4.581463813781738,10,0,0,0.0,0.0
gated_alive:a_2b:67661,a_2b,67661,0.6590973138809204,28.487224578857422,10,0,0,0.0,0.0
gated_alive:a_2b:67769,a_2b,67769,-12.456753730773926,-60.62971496582031,10,0,0,0.0,0.0
gated_alive:a_2b:67882,a_2b,67882,-22.019973754882812,-28.580368041992188,10,0,0,0.0,0.0
gated_alive:a_2b:68021,a_2b,68021,-9.219688415527344,-56.79872131347656,10,0,0,0.0,0.0
gated_alive:a_2b:68109,a_2b,68109,3.869427442550659,-4.3330512046813965,10,0,0,0.0,0.0
gated_alive:a_2b:68252,a_2b,68252,-15.09576416015625,-5.2380547523498535,10,0,0,0.0,0.0
gated_alive:a_2b:68335,a_2b,68335,27.27879524230957,-10.039758682250977,10,0,0,0.0,0.0
gated_alive:a_2b:68451,a_2b,68451,-49.26181411743164,-42.970680236816406,10,0,0,0.0,0.0
gated_alive:a_2b:68462,a_2b,68462,-32.088623046875,30.553905487060547,10,0,0,0.0,0.0
gated_alive:a_2b:68476,a_2b,68476,-39.1251335144043,28.897602081298828,10,0,0,0.0,0.0
gated_alive:a_2b:68769,a_2b,68769,14.348776817321777,31.362422943115234,10,0,0,0.0,0.0
gated_alive:a_2b:68811,a_2b,68811,8.235836029052734,-50.620059967041016,10,0,0,0.0,0.0
gated_alive:a_2b:69090,a_2b,69090,0.1622176617383957,24.197168350219727,10,0,0,0.0,0.0
gated_alive:a_2b:69232,a_2b,69232,-18.494640350341797,-39.87883377075195,10,0,0,0.0,0.0
gated_alive:a_2b:69515,a_2b,69515,-14.769519805908203,-44.661216735839844,10,0,0,0.0,0.0
gated_alive:a_2b:69530,a_2b,69530,-42.84089660644531,-20.198259353637695,10,0,0,0.0,0.0
gated_alive:a_2b:69992,a_2b,69992,-10.857563018798828,-53.49513626098633,10,0,0,0.0,0.0
gated_alive:a_2b:70208,a_2b,70208,46.65113067626953,-12.175661087036133,10,0,0,0.0,0.0
gated_alive:a_2b:70474,a_2b,70474,-26.66097068786621,52.40864181518555,10,0,0,0.0,0.0
gated_alive:a_2b:70499,a_2b,70499,-49.498809814453125,-45.1358757019043,10,0,0,0.0,0.0
gated_alive:a_2b:70649,a_2b,70649,-32.79769515991211,41.35921096801758,10,0,0,0.0,0.0
gated_alive:a_2b:70837,a_2b,70837,-20.129985809326172,-10.70188045501709,10,0,0,0.0,0.0
gated_alive:a_2b:71259,a_2b,71259,-17.707595825195312,-27.560243606567383,10,0,0,0.0,0.0
gated_alive:a_2b:71269,a_2b,71269,11.62191390991211,29.225543975830078,10,0,0,0.0,0.0
gated_alive:a_2b:71329,a_2b,71329,-3.7584662437438965,18.244958877563477,10,0,0,0.0,0.0
gated_alive:a_2b:71608,a_2b,71608,30.9906063079834,43.55278396606445,10,0,0,0.0,0.0
gated_alive:a_2b:71694,a_2b,71694,19.1195068359375,40.88410568237305,10,0,0,0.0,0.0
gated_alive:a_2b:71741,a_2b,71741,-10.551700592041016,-53.72520065307617,10,0,0,0.0,0.0
gated_alive:a_2b:71794,a_2b,71794,-11.666699409484863,18.634580612182617,10,0,0,0.0,0.0
gated_alive:a_2b:71864,a_2b,71864,-41.65231704711914,44.164756774902344,10,0,0,0.0,0.0
gated_alive:a_2b:71944,a_2b,71944,-37.10805892944336,34.61740493774414,10,0,0,0.0,0.0
gated_alive:a_2b:72060,a_2b,72060,34.21628189086914,55.52561950683594,10,0,0,0.0,0.0
gated_alive:a_2b:72063,a_2b,72063,-11.464351654052734,-55.701847076416016,10,0,0,0.0,0.0
gated_alive:a_2b:72276,a_2b,72276,41.739925384521484,-8.786514282226562,10,0,0,0.0,0.0
gated_alive:a_2b:72301,a_2b,72301,-22.58513069152832,43.93159866333008,10,0,0,0.0,0.0
gated_alive:a_2b:72399,a_2b,72399,3.154357671737671,17.213586807250977,10,0,0,0.0,0.0
gated_alive:a_2b:72809,a_2b,72809,-50.76163864135742,-43.53376388549805,10,0,0,0.0,0.0
gated_alive:a_2b:72871,a_2b,72871,-15.53813648223877,-63.790321350097656,10,0,0,0.0,0.0
gated_alive:a_2b:73102,a_2b,73102,-12.701123237609863,-57.61421203613281,10,0,0,0.0,0.0
gated_alive:a_2b:73445,a_2b,73445,-0.17061170935630798,25.088590621948242,10,0,0,0.0,0.0
gated_alive:a_2b:73470,a_2b,73470,-56.986000061035156,-5.108470439910889,10,0,0,0.0,0.0
gated_alive:a_2b:73608,a_2b,73608,-0.19066645205020905,-15.431206703186035,10,0,0,0.0,0.0
gated_alive:a_2b:73764,a_2b,73764,27.89869499206543,12.880613327026367,10,0,0,0.0,0.0
gated_alive:a_2b:73847,a_2b,73847,-1.9232877492904663,-4.8677449226379395,10,0,0,0.0,0.0
gated_alive:a_2b:73883,a_2b,73883,-46.947200775146484,-19.233905792236328,10,0,0,0.0,0.0
gated_alive:a_2b:74077,a_2b,74077,70.50604248046875,-33.51348876953125,10,0,0,0.0,0.0
gated_alive:a_2b:74158,a_2b,74158,-25.304080963134766,-63.76756286621094,10,0,0,0.0,0.0
gated_alive:a_2b:74173,a_2b,74173,-32.67684555053711,-13.207204818725586,10,0,0,0.0,0.0
gated_alive:a_2b:74265,a_2b,74265,52.08611297607422,-29.401107788085938,10,0,0,0.0,0.0
gated_alive:a_2b:74305,a_2b,74305,13.443443298339844,42.59969711303711,10,0,0,0.0,0.0
gated_alive:a_2b:74347,a_2b,74347,-36.69635009765625,33.68644332885742,10,0,0,0.0,0.0
gated_alive:a_2b:74540,a_2b,74540,-52.917449951171875,-43.93532943725586,10,0,0,0.0,0.0
gated_alive:a_2b:74825,a_2b,74825,-16.004526138305664,-31.47760009765625,10,0,0,0.0,0.0
gated_alive:a_2b:74890,a_2b,74890,-15.075957298278809,-5.318130970001221,10,0,0,0.0,0.0
gated_alive:a_2b:75221,a_2b,75221,41.81727600097656,-7.668242454528809,10,0,1,0.0,0.1
gated_alive:a_2b:75453,a_2b,75453,-4.262168884277344,-62.003021240234375,10,0,0,0.0,0.0
gated_alive:a_2b:75460,a_2b,75460,-20.549997329711914,-55.46059799194336,10,0,0,0.0,0.0
gated_alive:a_2b:75514,a_2b,75514,-12.52591323852539,-57.431739807128906,10,0,0,0.0,0.0
gated_alive:a_2b:75567,a_2b,75567,19.054933547973633,32.068721771240234,10,0,0,0.0,0.0
gated_alive:a_2b:75733,a_2b,75733,-24.15985107421875,-22.982397079467773,10,0,0,0.0,0.0
gated_alive:a_2b:75823,a_2b,75823,-14.360400199890137,10.504805564880371,10,0,0,0.0,0.0
gated_alive:a_2b:76488,a_2b,76488,-36.2623405456543,35.49530792236328,10,0,0,0.0,0.0
gated_alive:a_2b:76668,a_2b,76668,59.4714469909668,-4.781708240509033,10,0,0,0.0,0.0
gated_alive:a_2b:76855,a_2b,76855,-44.56012725830078,-26.237895965576172,10,0,0,0.0,0.0
gated_alive:a_2b:77047,a_2b,77047,-27.883848190307617,21.8155574798584,10,0,0,0.0,0.0
gated_alive:a_2b:77118,a_2b,77118,-21.07476806640625,24.685026168823242,10,0,0,0.0,0.0
gated_alive:a_2b:77263,a_2b,77263,-42.795066833496094,-24.04827880859375,10,0,0,0.0,0.0
gated_alive:a_2b:77926,a_2b,77926,-27.728288650512695,-7.69221830368042,10,0,0,0.0,0.0
gated_alive:a_2b:77946,a_2b,77946,-15.572586059570312,-62.423545837402344,10,0,0,0.0,0.0
gated_alive:a_2b:78023,a_2b,78023,-10.300012588500977,32.92505645751953,10,0,0,0.0,0.0
gated_alive:a_2b:79061,a_2b,79061,17.11448860168457,45.66012191772461,10,0,0,0.0,0.0
gated_alive:a_2b:79171,a_2b,79171,34.4622917175293,54.998958587646484,10,0,0,0.0,0.0
gated_alive:a_2b:79325,a_2b,79325,-21.622499465942383,-35.08650588989258,10,0,0,0.0,0.0
gated_alive:a_2b:79367,a_2b,79367,-47.15771484375,-34.64756774902344,10,0,0,0.0,0.0
gated_alive:a_2b:79617,a_2b,79617,2.2434449195861816,0.13814592361450195,10,0,0,0.0,0.0
gated_alive:a_2b:79649,a_2b,79649,11.027113914489746,-21.163660049438477,10,0,0,0.0,0.0
gated_alive:a_2b:79739,a_2b,79739,-59.41960144042969,-17.419950485229492,10,0,0,0.0,0.0
gated_alive:a_2b:79740,a_2b,79740,-42.493953704833984,33.07561111450195,10,0,0,0.0,0.0
gated_alive:a_2b:79807,a_2b,79807,-38.894508361816406,25.146820068359375,10,0,0,0.0,0.0
gated_alive:a_2b:80018,a_2b,80018,12.823127746582031,24.078304290771484,10,0,0,0.0,0.0
gated_alive:a_2b:80112,a_2b,80112,-36.845558166503906,-3.733022928237915,10,0,0,0.0,0.0
gated_alive:a_2b:80174,a_2b,80174,-51.18451690673828,11.592341423034668,10,0,0,0.0,0.0
gated_alive:a_2b:80298,a_2b,80298,-25.09205436706543,-11.403458595275879,10,0,0,0.0,0.0
gated_alive:a_2b:80384,a_2b,80384,-53.13053894042969,-43.6778450012207,10,0,0,0.0,0.0
gated_alive:a_2b:80832,a_2b,80832,-50.41213607788086,-26.59458351135254,10,0,0,0.0,0.0
gated_alive:a_2b:81075,a_2b,81075,5.195204257965088,7.734399318695068,10,0,0,0.0,0.0
gated_alive:a_2b:81396,a_2b,81396,-33.730316162109375,54.59553146362305,10,0,0,0.0,0.0
gated_alive:a_2b:81990,a_2b,81990,-54.83668899536133,-43.929534912109375,10,0,0,0.0,0.0
gated_alive:a_2b:82121,a_2b,82121,-37.923423767089844,-13.597820281982422,10,0,0,0.0,0.0
gated_alive:a_2b:82206,a_2b,82206,13.79786205291748,23.86125373840332,10,0,0,0.0,0.0
gated_alive:a_2b:82308,a_2b,82308,-19.075878143310547,-49.16743850708008,10,0,0,0.0,0.0
gated_alive:a_2b:82420,a_2b,82420,-51.262451171875,-42.515380859375,10,0,0,0.0,0.0
gated_alive:a_2b:82426,a_2b,82426,-7.871673107147217,-2.6451728343963623,10,0,0,0.0,0.0
gated_alive:a_2b:83231,a_2b,83231,-42.79631042480469,33.05678176879883,10,0,0,0.0,0.0
gated_alive:a_2b:83408,a_2b,83408,-1.721230387687683,19.398977279663086,10,0,0,0.0,0.0
gated_alive:a_2b:83681,a_2b,83681,-16.684261322021484,56.8135986328125,10,0,0,0.0,0.0
gated_alive:a_2b:83992,a_2b,83992,28.886756896972656,46.153289794921875,10,0,0,0.0,0.0
gated_alive:a_2b:84071,a_2b,84071,72.70960998535156,-21.9727725982666,10,0,0,0.0,0.0
gated_alive:a_2b:85279,a_2b,85279,-11.046575546264648,-33.63894271850586,10,0,0,0.0,0.0
gated_alive:a_2b:85886,a_2b,85886,-51.18962478637695,33.42790603637695,10,0,0,0.0,0.0
gated_alive:a_2b:86041,a_2b,86041,-11.3829345703125,-38.48029708862305,10,0,0,0.0,0.0
gated_alive:a_2b:86191,a_2b,86191,-22.24298667907715,-56.01396942138672,10,0,0,0.0,0.0
gated_alive:a_2b:86324,a_2b,86324,-15.179058074951172,-56.77839660644531,10,0,0,0.0,0.0
gated_alive:a_2b:86613,a_2b,86613,-4.373840808868408,25.169580459594727,10,0,0,0.0,0.0
gated_alive:a_2b:86759,a_2b,86759,-3.0066850185394287,-46.879661560058594,10,0,0,0.0,0.0
gated_alive:a_2b:86861,a_2b,86861,-8.992785453796387,-47.971412658691406,10,0,0,0.0,0.0
gated_alive:a_2b:86943,a_2b,86943,-18.716217041015625,-58.13664627075195,10,0,0,0.0,0.0
gated_alive:a_2b:87016,a_2b,87016,-9.252060890197754,-5.581250190734863,10,0,0,0.0,0.0
gated_alive:a_2b:87055,a_2b,87055,-15.392203330993652,-64.22830963134766,10,0,0,0.0,0.0
gated_alive:a_2b:87778,a_2b,87778,-49.00114059448242,-28.101091384887695,10,0,0,0.0,0.0
gated_alive:a_2b:87857,a_2b,87857,29.50217628479004,40.74034118652344,10,0,0,0.0,0.0
gated_alive:a_2b:88046,a_2b,88046,-40.54412078857422,-33.0117301940918,10,0,0,0.0,0.0
gated_alive:a_2b:88129,a_2b,88129,-37.23112487792969,53.3071174621582,10,0,0,0.0,0.0
gated_alive:a_2b:88230,a_2b,88230,-18.567941665649414,-8.254124641418457,10,0,0,0.0,0.0
gated_alive:a_2b:88294,a_2b,88294,-25.719871520996094,29.640216827392578,10,0,0,0.0,0.0
gated_alive:a_2b:88337,a_2b,88337,-11.712347984313965,-41.263671875,10,0,0,0.0,0.0
gated_alive:a_2b:88559,a_2b,88559,9.000747680664062,22.19131088256836,10,0,0,0.0,0.0
gated_alive:a_2b:88748,a_2b,88748,-4.215628147125244,-49.79701614379883,10,0,0,0.0,0.0
gated_alive:a_2b:88814,a_2b,88814,-15.560260772705078,58.68623733520508,10,0,0,0.0,0.0
gated_alive:a_2b:89290,a_2b,89290,-31.20753288269043,-15.577211380004883,10,0,0,0.0,0.0
gated_alive:a_2b:89291,a_2b,89291,40.848365783691406,47.21599578857422,10,0,0,0.0,0.0
gated_alive:a_2b:89740,a_2b,89740,-33.173133850097656,-18.173606872558594,10,0,0,0.0,0.0
gated_alive:a_2b:89818,a_2b,89818,-54.20301055908203,-20.954599380493164,10,0,0,0.0,0.0
gated_alive:a_2b:89891,a_2b,89891,-37.093040466308594,51.38473892211914,10,0,0,0.0,0.0
gated_alive:a_2b:89978,a_2b,89978,2.6781816482543945,15.365105628967285,10,0,0,0.0,0.0
gated_alive:a_2b:89980,a_2b,89980,-6.197368621826172,3.2034006118774414,10,0,0,0.0,0.0
gated_alive:a_2b:90157,a_2b,90157,-43.139217376708984,39.441097259521484,10,0,0,0.0,0.0
gated_alive:a_2b:90171,a_2b,90171,-41.74442672729492,39.503997802734375,10,0,0,0.0,0.0
gated_alive:a_2b:90206,a_2b,90206,8.729608535766602,29.321504592895508,10,0,0,0.0,0.0
gated_alive:a_2b:90364,a_2b,90364,-32.03242492675781,32.13399887084961,10,0,0,0.0,0.0
gated_alive:a_2b:90651,a_2b,90651,-61.137611389160156,-4.957983493804932,10,0,0,0.0,0.0
gated_alive:a_2b:90702,a_2b,90702,-56.344486236572266,17.202795028686523,10,0,0,0.0,0.0
gated_alive:a_2b:91202,a_2b,91202,-37.88945388793945,33.87735366821289,10,0,0,0.0,0.0
gated_alive:a_2b:91400,a_2b,91400,-24.821420669555664,-15.796449661254883,10,0,0,0.0,0.0
gated_alive:a_2b:91721,a_2b,91721,-7.874457359313965,21.268346786499023,10,0,0,0.0,0.0
gated_alive:a_2b:91981,a_2b,91981,-1.223523736000061,-50.93560791015625,10,0,0,0.0,0.0
gated_alive:a_2b:91996,a_2b,91996,-14.44196605682373,-1.8387093544006348,10,0,0,0.0,0.0
gated_alive:a_2b:92099,a_2b,92099,43.43121337890625,11.670888900756836,10,0,1,0.0,0.1
gated_alive:a_3a:319,a_3a,319,-28.751733779907227,-28.52808380126953,9,0,0,0.0,0.0
gated_alive:a_3a:322,a_3a,322,-33.90235137939453,-22.28837013244629,9,0,0,0.0,0.0
gated_alive:a_3a:330,a_3a,330,-55.17953109741211,-34.15500259399414,9,0,0,0.0,0.0
gated_alive:a_3a:874,a_3a,874,7.897332668304443,21.27212142944336,9,0,0,0.0,0.0
gated_alive:a_3a:970,a_3a,970,-2.667964458465576,18.10854721069336,9,0,0,0.0,0.0
gated_alive:a_3a:1176,a_3a,1176,-6.805283546447754,-48.404354095458984,9,0,0,0.0,0.0
gated_alive:a_3a:2228,a_3a,2228,-23.314010620117188,-55.782230377197266,9,0,0,0.0,0.0
gated_alive:a_3a:2472,a_3a,2472,2.473607063293457,35.21012878417969,9,0,0,0.0,0.0
gated_alive:a_3a:2741,a_3a,2741,-38.27387237548828,37.05641174316406,9,0,0,0.0,0.0
gated_alive:a_3a:2779,a_3a,2779,25.910213470458984,32.84727478027344,9,0,0,0.0,0.0
gated_alive:a_3a:2859,a_3a,2859,-3.878430128097534,-39.2835693359375,9,0,0,0.0,0.0
gated_alive:a_3a:3036,a_3a,3036,-22.829809188842773,-3.8437552452087402,9,0,0,0.0,0.0
gated_alive:a_3a:4187,a_3a,4187,-34.187049865722656,-10.907193183898926,9,0,0,0.0,0.0
gated_alive:a_3a:5111,a_3a,5111,-4.341896057128906,-43.384090423583984,9,0,0,0.0,0.0
gated_alive:a_3a:5166,a_3a,5166,27.449270248413086,47.352294921875,9,0,0,0.0,0.0
gated_alive:a_3a:5262,a_3a,5262,-49.82164001464844,28.603866577148438,9,0,0,0.0,0.0
gated_alive:a_3a:5497,a_3a,5497,5.685515880584717,61.71623611450195,9,0,0,0.0,0.0
gated_alive:a_3a:5543,a_3a,5543,27.932048797607422,27.05885124206543,9,0,0,0.0,0.0
gated_alive:a_3a:5923,a_3a,5923,-17.676054000854492,-62.46360778808594,9,0,0,0.0,0.0
gated_alive:a_3a:6082,a_3a,6082,15.563883781433105,27.253053665161133,9,0,0,0.0,0.0
gated_alive:a_3a:6930,a_3a,6930,-14.801701545715332,-54.932621002197266,9,0,0,0.0,0.0
gated_alive:a_3a:8073,a_3a,8073,-8.608776092529297,23.434402465820312,9,0,0,0.0,0.0
gated_alive:a_3a:8119,a_3a,8119,24.06021499633789,29.675376892089844,9,0,0,0.0,0.0
gated_alive:a_3a:8156,a_3a,8156,20.28102684020996,-11.340418815612793,9,0,0,0.0,0.0
gated_alive:a_3a:8430,a_3a,8430,14.600341796875,-14.680144309997559,9,0,0,0.0,0.0
gated_alive:a_3a:8724,a_3a,8724,32.726318359375,-21.517494201660156,9,0,0,0.0,0.0
gated_alive:a_3a:10770,a_3a,10770,26.602365493774414,23.686264038085938,9,0,0,0.0,0.0
gated_alive:a_3a:10964,a_3a,10964,-33.960601806640625,56.9184455871582,9,0,0,0.0,0.0
gated_alive:a_3a:11058,a_3a,11058,34.24254608154297,55.45744323730469,9,0,0,0.0,0.0
gated_alive:a_3a:11162,a_3a,11162,-47.5325813293457,-26.079225540161133,9,0,0,0.0,0.0
gated_alive:a_3a:11407,a_3a,11407,23.758756637573242,15.78294563293457,9,0,0,0.0,0.0
gated_alive:a_3a:12081,a_3a,12081,19.267864227294922,1.8112096786499023,9,0,1,0.0,0.1111111111111111
gated_alive:a_3a:12893,a_3a,12893,11.590291976928711,3.7598960399627686,9,0,0,0.0,0.0
gated_alive:a_3a:13062,a_3a,13062,-21.03864860534668,-43.93669128417969,9,0,0,0.0,0.0
gated_alive:a_3a:13519,a_3a,13519,-24.030141830444336,-56.13215255737305,9,0,0,0.0,0.0
gated_alive:a_3a:14528,a_3a,14528,-12.821805000305176,24.93305206298828,9,0,0,0.0,0.0
gated_alive:a_3a:16086,a_3a,16086,-20.272804260253906,39.70310592651367,9,0,0,0.0,0.0
gated_alive:a_3a:16561,a_3a,16561,-5.801543712615967,41.1698112487793,9,0,0,0.0,0.0
gated_alive:a_3a:16717,a_3a,16717,-48.3564567565918,-22.480749130249023,9,0,0,0.0,0.0
gated_alive:a_3a:16739,a_3a,16739,-1.3427969217300415,-2.2077431678771973,9,0,0,0.0,0.0
gated_alive:a_3a:18152,a_3a,18152,50.823265075683594,12.328754425048828,9,0,0,0.0,0.0
gated_alive:a_3a:19503,a_3a,19503,20.893850326538086,40.86153030395508,9,0,0,0.0,0.0
gated_alive:a_3a:22198,a_3a,22198,-10.079092025756836,-65.68402862548828,9,0,0,0.0,0.0
gated_alive:a_3a:22262,a_3a,22262,19.224523544311523,-9.545578956604004,9,0,0,0.0,0.0
gated_alive:a_3a:22575,a_3a,22575,-51.14884948730469,-28.645755767822266,9,0,0,0.0,0.0
gated_alive:a_3a:22595,a_3a,22595,16.175498962402344,-19.414243698120117,9,0,0,0.0,0.0
gated_alive:a_3a:23068,a_3a,23068,14.73077392578125,18.397775650024414,9,0,0,0.0,0.0
gated_alive:a_3a:23249,a_3a,23249,-30.10982894897461,1.4026820659637451,9,0,0,0.0,0.0
gated_alive:a_3a:23779,a_3a,23779,-34.825439453125,-10.35361385345459,9,0,0,0.0,0.0
gated_alive:a_3a:23940,a_3a,23940,2.229240655899048,65.70382690429688,9,0,0,0.0,0.0
gated_alive:a_3a:24584,a_3a,24584,-0.0018575330032035708,-2.5803794860839844,9,0,0,0.0,0.0
gated_alive:a_3a:24704,a_3a,24704,-7.585808277130127,21.899335861206055,9,0,0,0.0,0.0
gated_alive:a_3a:25695,a_3a,25695,40.421051025390625,-27.968795776367188,9,0,0,0.0,0.0
gated_alive:a_3a:25814,a_3a,25814,35.7219123840332,40.925758361816406,9,0,0,0.0,0.0
gated_alive:a_3a:26533,a_3a,26533,-6.4342546463012695,-1.7364734411239624,9,0,0,0.0,0.0
gated_alive:a_3a:27132,a_3a,27132,10.088927268981934,29.76453399658203,9,0,0,0.0,0.0
gated_alive:a_3a:27288,a_3a,27288,-28.913097381591797,-10.57211971282959,9,0,0,0.0,0.0
gated_alive:a_3a:27672,a_3a,27672,40.740909576416016,40.00627136230469,9,0,0,0.0,0.0
gated_alive:a_3a:28480,a_3a,28480,-4.087922096252441,-60.47977066040039,9,0,0,0.0,0.0
gated_alive:a_3a:29025,a_3a,29025,28.14013671875,11.886734008789062,9,0,0,0.0,0.0
gated_alive:a_3a:29127,a_3a,29127,19.665176391601562,-31.150922775268555,9,0,0,0.0,0.0
gated_alive:a_3a:29301,a_3a,29301,50.8209342956543,12.309743881225586,9,0,0,0.0,0.0
gated_alive:a_3a:29400,a_3a,29400,60.876502990722656,-2.4223732948303223,9,0,0,0.0,0.0
gated_alive:a_3a:29428,a_3a,29428,-17.937448501586914,-43.928470611572266,9,0,0,0.0,0.0
gated_alive:a_3a:30599,a_3a,30599,-0.2847103774547577,-16.35985565185547,9,0,0,0.0,0.0
gated_alive:a_3a:31045,a_3a,31045,-4.2494916915893555,25.350141525268555,9,0,0,0.0,0.0
gated_alive:a_3a:31104,a_3a,31104,-9.058907508850098,38.1127815246582,9,0,0,0.0,0.0
gated_alive:a_3a:31116,a_3a,31116,51.50755310058594,-7.211015224456787,9,0,0,0.0,0.0
gated_alive:a_3a:31184,a_3a,31184,-48.44144821166992,-17.192626953125,9,0,0,0.0,0.0
gated_alive:a_3a:31514,a_3a,31514,25.08391571044922,34.87622833251953,9,0,0,0.0,0.0
gated_alive:a_3a:31548,a_3a,31548,38.43487548828125,26.898651123046875,9,0,0,0.0,0.0
gated_alive:a_3a:32170,a_3a,32170,15.298441886901855,18.869808197021484,9,0,0,0.0,0.0
gated_alive:a_3a:32389,a_3a,32389,40.715049743652344,10.421591758728027,9,0,0,0.0,0.0
gated_alive:a_3a:32522,a_3a,32522,58.72696304321289,-5.131122589111328,9,0,0,0.0,0.0
gated_alive:a_3a:32705,a_3a,32705,-13.15019416809082,-22.2088565826416,9,0,0,0.0,0.0
gated_alive:a_3a:34225,a_3a,34225,-49.714019775390625,-30.81829833984375,9,0,0,0.0,0.0
gated_alive:a_3a:34236,a_3a,34236,75.79138946533203,-17.344242095947266,9,0,0,0.0,0.0
gated_alive:a_3a:34308,a_3a,34308,62.074459075927734,-9.979789733886719,9,0,0,0.0,0.0
gated_alive:a_3a:34398,a_3a,34398,9.029712677001953,62.064720153808594,9,0,0,0.0,0.0
gated_alive:a_3a:34693,a_3a,34693,-53.51610565185547,-24.268875122070312,9,0,0,0.0,0.0
gated_alive:a_3a:34783,a_3a,34783,32.89439392089844,55.368736267089844,9,0,0,0.0,0.0
gated_alive:a_3a:34865,a_3a,34865,9.59636116027832,19.198684692382812,9,0,0,0.0,0.0
gated_alive:a_3a:34939,a_3a,34939,-3.5882959365844727,16.558263778686523,9,0,0,0.0,0.0
gated_alive:a_3a:35372,a_3a,35372,-14.332305908203125,-8.413287162780762,9,0,0,0.0,0.0
gated_alive:a_3a:35556,a_3a,35556,3.1292452812194824,16.599382400512695,9,0,0,0.0,0.0
gated_alive:a_3a:35741,a_3a,35741,-3.764765977859497,21.830541610717773,9,0,0,0.0,0.0
gated_alive:a_3a:36029,a_3a,36029,-16.04568862915039,-24.36271095275879,9,0,0,0.0,0.0
gated_alive:a_3a:36139,a_3a,36139,26.288589477539062,-21.495038986206055,9,0,0,0.0,0.0
gated_alive:a_3a:36217,a_3a,36217,74.59200286865234,-14.744097709655762,9,0,0,0.0,0.0
gated_alive:a_3a:36317,a_3a,36317,-4.5695343017578125,-38.848236083984375,9,0,0,0.0,0.0
gated_alive:a_3a:36424,a_3a,36424,-17.479488372802734,-52.17057418823242,9,0,0,0.0,0.0
gated_alive:a_3a:36537,a_3a,36537,-28.5208683013916,-46.194183349609375,9,0,0,0.0,0.0
gated_alive:a_3a:37550,a_3a,37550,49.38777542114258,16.652870178222656,9,0,0,0.0,0.0
gated_alive:a_3a:37628,a_3a,37628,-50.775535583496094,-24.953533172607422,9,0,0,0.0,0.0
gated_alive:a_3a:37738,a_3a,37738,14.373871803283691,29.042644500732422,9,0,0,0.0,0.0
gated_alive:a_3a:38465,a_3a,38465,-33.53415298461914,29.1583251953125,9,0,0,0.0,0.0
gated_alive:a_3a:39029,a_3a,39029,-9.169695854187012,-48.261661529541016,9,0,0,0.0,0.0
gated_alive:a_3a:39036,a_3a,39036,-14.322391510009766,-62.251407623291016,9,0,0,0.0,0.0
gated_alive:a_3a:39448,a_3a,39448,-17.20093536376953,-66.20881652832031,9,0,0,0.0,0.0
gated_alive:a_3a:40252,a_3a,40252,21.92295265197754,39.628440856933594,9,0,0,0.0,0.0
gated_alive:a_3a:40928,a_3a,40928,24.31805419921875,12.170310974121094,9,0,0,0.0,0.0
gated_alive:a_3a:40932,a_3a,40932,-6.229708194732666,26.673999786376953,9,0,0,0.0,0.0
gated_alive:a_3a:41353,a_3a,41353,-4.2437005043029785,-49.360687255859375,9,0,0,0.0,0.0
gated_alive:a_3a:41373,a_3a,41373,5.9097065925598145,-16.065635681152344,9,0,0,0.0,0.0
gated_alive:a_3a:41473,a_3a,41473,20.776226043701172,23.246824264526367,9,0,1,0.0,0.1111111111111111
gated_alive:a_3a:41723,a_3a,41723,-59.595706939697266,-35.75730895996094,9,0,0,0.0,0.0
gated_alive:a_3a:42130,a_3a,42130,-30.842920303344727,-8.197487831115723,9,0,0,0.0,0.0
gated_alive:a_3a:42336,a_3a,42336,-32.589385986328125,38.46051788330078,9,0,0,0.0,0.0
gated_alive:a_3a:42375,a_3a,42375,-31.193363189697266,21.09019660949707,9,0,0,0.0,0.0
gated_alive:a_3a:45636,a_3a,45636,-49.174251556396484,-11.56623649597168,9,0,0,0.0,0.0
gated_alive:a_3a:45660,a_3a,45660,-52.7551383972168,-29.890344619750977,9,0,0,0.0,0.0
gated_alive:a_3a:45677,a_3a,45677,-57.14210891723633,-7.025457382202148,9,0,0,0.0,0.0
gated_alive:a_3a:45880,a_3a,45880,-41.00214767456055,-20.485633850097656,9,0,0,0.0,0.0
gated_alive:a_3a:45973,a_3a,45973,48.989871978759766,-5.307782173156738,9,0,0,0.0,0.0
gated_alive:a_3a:46080,a_3a,46080,10.672196388244629,51.107818603515625,9,0,0,0.0,0.0
gated_alive:a_3a:46515,a_3a,46515,-54.566959381103516,-21.654518127441406,9,0,0,0.0,0.0
gated_alive:a_3a:46902,a_3a,46902,18.121845245361328,-21.5173397064209,9,0,0,0.0,0.0
gated_alive:a_3a:47607,a_3a,47607,-9.092905044555664,-52.93693542480469,9,0,0,0.0,0.0
gated_alive:a_3a:47741,a_3a,47741,-13.213626861572266,-55.7987174987793,9,0,0,0.0,0.0
gated_alive:a_3a:47801,a_3a,47801,-23.489736557006836,28.85533905029297,9,0,0,0.0,0.0
gated_alive:a_3a:48461,a_3a,48461,-47.59640884399414,-16.622074127197266,9,0,0,0.0,0.0
gated_alive:a_3a:48935,a_3a,48935,-15.521183013916016,23.177953720092773,9,0,0,0.0,0.0
gated_alive:a_3a:49080,a_3a,49080,-21.869781494140625,39.57316970825195,9,0,0,0.0,0.0
gated_alive:a_3a:49621,a_3a,49621,-8.980730056762695,-22.859323501586914,9,0,0,0.0,0.0
gated_alive:a_3a:50006,a_3a,50006,-11.583208084106445,-42.649173736572266,9,0,0,0.0,0.0
gated_alive:a_3a:50208,a_3a,50208,-6.410610198974609,-56.103614807128906,9,0,0,0.0,0.0
gated_alive:a_3a:50346,a_3a,50346,4.846012592315674,16.80194091796875,9,0,0,0.0,0.0
gated_alive:a_3a:50663,a_3a,50663,-7.254561901092529,-48.47161102294922,9,0,0,0.0,0.0
gated_alive:a_3a:51422,a_3a,51422,7.311883926391602,16.18988800048828,9,0,0,0.0,0.0
gated_alive:a_3a:51624,a_3a,51624,-3.516526460647583,11.14365005493164,9,0,0,0.0,0.0
gated_alive:a_3a:51980,a_3a,51980,40.431949615478516,10.726876258850098,9,0,0,0.0,0.0
gated_alive:a_3a:52448,a_3a,52448,-47.694854736328125,11.189324378967285,9,0,0,0.0,0.0
gated_alive:a_3a:52618,a_3a,52618,-48.93413543701172,-25.375030517578125,9,0,0,0.0,0.0
gated_alive:a_3a:52869,a_3a,52869,-4.567447185516357,-61.990966796875,9,0,0,0.0,0.0
gated_alive:a_3a:53171,a_3a,53171,-9.068001747131348,-47.721065521240234,9,0,0,0.0,0.0
gated_alive:a_3a:55374,a_3a,55374,26.605375289916992,-13.363556861877441,9,0,0,0.0,0.0
gated_alive:a_3a:55550,a_3a,55550,13.492514610290527,-16.16348648071289,9,0,0,0.0,0.0
gated_alive:a_3a:55592,a_3a,55592,48.489009857177734,5.3161211013793945,9,0,0,0.0,0.0
gated_alive:a_3a:55841,a_3a,55841,-17.704587936401367,-24.95323944091797,9,0,0,0.0,0.0
gated_alive:a_3a:56063,a_3a,56063,30.288217544555664,41.80194091796875,9,0,0,0.0,0.0
gated_alive:a_3a:56195,a_3a,56195,-37.6953125,-41.218597412109375,9,0,0,0.0,0.0
gated_alive:a_3a:56746,a_3a,56746,13.168560981750488,60.756187438964844,9,0,0,0.0,0.0
gated_alive:a_3a:57105,a_3a,57105,-13.840497016906738,-56.815242767333984,9,0,0,0.0,0.0
gated_alive:a_3a:57511,a_3a,57511,50.011966705322266,-5.7397685050964355,9,0,0,0.0,0.0
gated_alive:a_3a:58661,a_3a,58661,-6.3881659507751465,-40.343528747558594,9,0,0,0.0,0.0
gated_alive:a_3a:59044,a_3a,59044,-16.25469970703125,-53.8502197265625,9,0,0,0.0,0.0
gated_alive:a_3a:59211,a_3a,59211,32.937496185302734,-29.06882095336914,9,0,0,0.0,0.0
gated_alive:a_3a:59340,a_3a,59340,-9.30506706237793,-30.573591232299805,9,0,0,0.0,0.0
gated_alive:a_3a:59391,a_3a,59391,-1.6074994802474976,22.125404357910156,9,0,0,0.0,0.0
gated_alive:a_3a:59601,a_3a,59601,22.727367401123047,63.08251953125,9,0,0,0.0,0.0
gated_alive:a_3a:59843,a_3a,59843,-8.787327766418457,-28.435230255126953,9,0,0,0.0,0.0
gated_alive:a_3a:60677,a_3a,60677,36.07811737060547,47.684017181396484,9,0,0,0.0,0.0
gated_alive:a_3a:60713,a_3a,60713,18.47279167175293,-20.718656539916992,9,0,1,0.0,0.1111111111111111
gated_alive:a_3a:60780,a_3a,60780,15.855111122131348,-20.319528579711914,9,0,0,0.0,0.0
gated_alive:a_3a:61465,a_3a,61465,5.811715126037598,-58.648189544677734,9,0,0,0.0,0.0
gated_alive:a_3a:62067,a_3a,62067,14.566402435302734,-14.78874683380127,9,0,0,0.0,0.0
gated_alive:a_3a:62256,a_3a,62256,29.616487503051758,-42.09799575805664,9,0,0,0.0,0.0
gated_alive:a_3a:62647,a_3a,62647,59.74795150756836,-9.490263938903809,9,0,0,0.0,0.0
gated_alive:a_3a:62673,a_3a,62673,25.419540405273438,39.797340393066406,9,0,0,0.0,0.0
gated_alive:a_3a:63025,a_3a,63025,-34.7763671875,51.18009948730469,9,0,0,0.0,0.0
gated_alive:a_3a:63031,a_3a,63031,-4.669759273529053,-5.78157901763916,9,0,0,0.0,0.0
gated_alive:a_3a:63215,a_3a,63215,-49.26152801513672,-15.841123580932617,9,0,0,0.0,0.0
gated_alive:a_3a:63328,a_3a,63328,-33.45609664916992,48.742828369140625,9,0,0,0.0,0.0
gated_alive:a_3a:63502,a_3a,63502,31.507293701171875,48.250038146972656,9,0,0,0.0,0.0
gated_alive:a_3a:63648,a_3a,63648,50.27143859863281,-1.4892780780792236,9,0,0,0.0,0.0
gated_alive:a_3a:63859,a_3a,63859,20.73084259033203,29.3610782623291,9,0,0,0.0,0.0
gated_alive:a_3a:64114,a_3a,64114,-34.47835159301758,52.70801544189453,9,0,0,0.0,0.0
gated_alive:a_3a:64453,a_3a,64453,35.73906707763672,40.58027267456055,9,0,0,0.0,0.0
gated_alive:a_3a:64554,a_3a,64554,-51.302188873291016,-27.210189819335938,9,0,0,0.0,0.0
gated_alive:a_3a:64617,a_3a,64617,73.95465087890625,-13.1719970703125,9,0,0,0.0,0.0
gated_alive:a_3a:64648,a_3a,64648,-47.2508430480957,-9.833483695983887,9,0,0,0.0,0.0
gated_alive:a_3a:65389,a_3a,65389,24.626163482666016,3.994110345840454,9,0,0,0.0,0.0
gated_alive:a_3a:65753,a_3a,65753,-35.673336029052734,44.45257568359375,9,0,0,0.0,0.0
gated_alive:a_3a:65950,a_3a,65950,32.79840087890625,-28.989789962768555,9,0,0,0.0,0.0
gated_alive:a_3a:66048,a_3a,66048,16.197956085205078,13.857625961303711,9,0,0,0.0,0.0
gated_alive:a_3a:66473,a_3a,66473,21.03949737548828,-9.577473640441895,9,0,0,0.0,0.0
gated_alive:a_3a:66484,a_3a,66484,21.656471252441406,-7.61836576461792,9,0,0,0.0,0.0
gated_alive:a_3a:66525,a_3a,66525,-57.49927520751953,-2.2625904083251953,9,0,1,0.0,0.1111111111111111
gated_alive:a_3a:66755,a_3a,66755,1.9803498983383179,-2.1962432861328125,9,0,0,0.0,0.0
gated_alive:a_3a:67152,a_3a,67152,-8.630474090576172,-2.4723150730133057,9,0,0,0.0,0.0
gated_alive:a_3a:67309,a_3a,67309,6.44984245300293,61.42708969116211,9,0,0,0.0,0.0
gated_alive:a_3a:67798,a_3a,67798,8.90987491607666,29.07956886291504,9,0,0,0.0,0.0
gated_alive:a_3a:67834,a_3a,67834,-42.526458740234375,31.881053924560547,9,0,0,0.0,0.0
gated_alive:a_3a:68078,a_3a,68078,13.880926132202148,-20.211145401000977,9,0,0,0.0,0.0
gated_alive:a_3a:68318,a_3a,68318,-38.83366012573242,-29.306766510009766,9,0,0,0.0,0.0
gated_alive:a_3a:68563,a_3a,68563,47.00008010864258,-31.308853149414062,9,0,0,0.0,0.0
gated_alive:a_3a:68865,a_3a,68865,18.76961898803711,36.9515495300293,9,0,0,0.0,0.0
gated_alive:a_3a:69189,a_3a,69189,19.80936050415039,39.14291000366211,9,0,0,0.0,0.0
gated_alive:a_3a:70458,a_3a,70458,51.77490997314453,-23.925024032592773,9,0,0,0.0,0.0
gated_alive:a_3a:70948,a_3a,70948,26.325437545776367,13.525917053222656,9,0,0,0.0,0.0
gated_alive:a_3a:71172,a_3a,71172,-57.45503234863281,-9.637740135192871,9,0,0,0.0,0.0
gated_alive:a_3a:71602,a_3a,71602,-39.41582107543945,-25.7900447845459,9,0,0,0.0,0.0
gated_alive:a_3a:71726,a_3a,71726,32.35896682739258,56.75673294067383,9,0,0,0.0,0.0
gated_alive:a_3a:71760,a_3a,71760,11.509464263916016,-14.480317115783691,9,0,0,0.0,0.0
gated_alive:a_3a:71955,a_3a,71955,-3.7648518085479736,11.13340950012207,9,0,0,0.0,0.0
gated_alive:a_3a:72497,a_3a,72497,-14.923759460449219,-54.92737579345703,9,0,0,0.0,0.0
gated_alive:a_3a:72548,a_3a,72548,-23.241933822631836,42.17344284057617,9,0,0,0.0,0.0
gated_alive:a_3a:72551,a_3a,72551,-12.018078804016113,-59.843021392822266,9,0,0,0.0,0.0
gated_alive:a_3a:73057,a_3a,73057,21.780065536499023,-5.889918327331543,9,0,2,0.0,0.2222222222222222
gated_alive:a_3a:73107,a_3a,73107,-9.20106315612793,-33.490760803222656,9,0,0,0.0,0.0
gated_alive:a_3a:73152,a_3a,73152,-31.96314811706543,27.507265090942383,9,0,0,0.0,0.0
gated_alive:a_3a:73225,a_3a,73225,-5.196909427642822,-65.7843017578125,9,0,0,0.0,0.0
gated_alive:a_3a:73609,a_3a,73609,-13.962518692016602,-57.414405822753906,9,0,0,0.0,0.0
gated_alive:a_3a:73897,a_3a,73897,-9.23960018157959,62.229488372802734,9,0,0,0.0,0.0
gated_alive:a_3a:74349,a_3a,74349,-59.73875045776367,-23.11252212524414,9,0,0,0.0,0.0
gated_alive:a_3a:74535,a_3a,74535,38.81572723388672,30.65386199951172,9,0,0,0.0,0.0
gated_alive:a_3a:74594,a_3a,74594,20.047025680541992,20.324649810791016,9,0,0,0.0,0.0
gated_alive:a_3a:75063,a_3a,75063,23.30232048034668,12.682160377502441,9,0,0,0.0,0.0
gated_alive:a_3a:75855,a_3a,75855,-27.393157958984375,23.538698196411133,9,0,0,0.0,0.0
gated_alive:a_3a:76865,a_3a,76865,-60.66728973388672,-33.30379867553711,9,0,0,0.0,0.0
gated_alive:a_3a:76866,a_3a,76866,-21.694791793823242,18.756250381469727,9,0,0,0.0,0.0
gated_alive:a_3a:77748,a_3a,77748,-35.905723571777344,44.4825439453125,9,0,0,0.0,0.0
gated_alive:a_3a:78874,a_3a,78874,-10.784225463867188,-25.109018325805664,9,0,0,0.0,0.0
gated_alive:a_3a:79393,a_3a,79393,40.51138687133789,-26.79830551147461,9,0,0,0.0,0.0
gated_alive:a_3a:80095,a_3a,80095,46.273990631103516,-11.930212020874023,9,0,0,0.0,0.0
gated_alive:a_3a:81015,a_3a,81015,-46.873870849609375,-18.557212829589844,9,0,0,0.0,0.0
gated_alive:a_3a:81278,a_3a,81278,-17.103796005249023,-41.2410774230957,9,0,0,0.0,0.0
gated_alive:a_3a:81539,a_3a,81539,-27.555912017822266,-60.6137580871582,9,0,0,0.0,0.0
gated_alive:a_3a:82042,a_3a,82042,-55.58503341674805,-21.77198028564453,9,0,0,0.0,0.0
gated_alive:a_3a:82544,a_3a,82544,-15.45989990234375,-46.25384521484375,9,0,0,0.0,0.0
gated_alive:a_3a:83129,a_3a,83129,12.483789443969727,22.084888458251953,9,0,0,0.0,0.0
gated_alive:a_3a:83175,a_3a,83175,33.29542922973633,47.39513397216797,9,0,0,0.0,0.0
gated_alive:a_3a:83268,a_3a,83268,-34.77506637573242,56.30671310424805,9,0,0,0.0,0.0
gated_alive:a_3a:83718,a_3a,83718,32.677852630615234,26.29560661315918,9,0,0,0.0,0.0
gated_alive:a_3a:84087,a_3a,84087,53.13185501098633,-8.891097068786621,9,0,0,0.0,0.0
gated_alive:a_3a:84283,a_3a,84283,-12.18295955657959,-59.82265853881836,9,0,0,0.0,0.0
gated_alive:a_3a:84418,a_3a,84418,31.979461669921875,54.586456298828125,9,0,0,0.0,0.0
gated_alive:a_3a:84577,a_3a,84577,-53.82975387573242,-42.123626708984375,9,0,0,0.0,0.0
gated_alive:a_3a:85064,a_3a,85064,-41.524288177490234,-5.182687759399414,9,0,2,0.0,0.2222222222222222
gated_alive:a_3a:85082,a_3a,85082,-24.162935256958008,17.750768661499023,9,0,0,0.0,0.0
gated_alive:a_3a:85218,a_3a,85218,32.601844787597656,26.30044937133789,9,0,0,0.0,0.0
gated_alive:a_3a:85267,a_3a,85267,-2.301691770553589,-52.68563461303711,9,0,0,0.0,0.0
gated_alive:a_3a:85399,a_3a,85399,-10.814784049987793,-52.647987365722656,9,0,0,0.0,0.0
gated_alive:a_3a:85824,a_3a,85824,12.976386070251465,61.603702545166016,9,0,0,0.0,0.0
gated_alive:a_3a:86302,a_3a,86302,49.80128479003906,-5.970943927764893,9,0,0,0.0,0.0
gated_alive:a_3a:86821,a_3a,86821,-1.0465383529663086,46.737884521484375,9,0,0,0.0,0.0
gated_alive:a_3a:86863,a_3a,86863,-11.251862525939941,-43.351654052734375,9,0,0,0.0,0.0
gated_alive:a_3a:86925,a_3a,86925,-34.437171936035156,-11.123934745788574,9,0,0,0.0,0.0
gated_alive:a_3a:87284,a_3a,87284,-5.291520595550537,-62.04092788696289,9,0,0,0.0,0.0
gated_alive:a_3a:87718,a_3a,87718,-16.484403610229492,-62.31711196899414,9,0,0,0.0,0.0
gated_alive:a_3a:87832,a_3a,87832,17.06451988220215,36.18616485595703,9,0,0,0.0,0.0
gated_alive:a_3a:88863,a_3a,88863,-17.52078628540039,-61.522010803222656,9,0,0,0.0,0.0
gated_alive:a_3a:89070,a_3a,89070,32.289306640625,49.41766357421875,9,0,0,0.0,0.0
gated_alive:a_3a:89085,a_3a,89085,-33.66407775878906,39.402015686035156,9,0,0,0.0,0.0
gated_alive:a_3a:89284,a_3a,89284,23.232261657714844,12.633597373962402,9,0,0,0.0,0.0
gated_alive:a_3a:89912,a_3a,89912,17.625741958618164,3.7186543941497803,9,0,0,0.0,0.0
gated_alive:a_3a:90630,a_3a,90630,33.33165740966797,54.81194305419922,9,0,0,0.0,0.0
gated_alive:a_3a:91064,a_3a,91064,-9.62269115447998,38.81405258178711,9,0,0,0.0,0.0
gated_alive:a_3a:91475,a_3a,91475,27.670656204223633,46.777671813964844,9,0,0,0.0,0.0
gated_alive:a_3a:91865,a_3a,91865,-0.9849211573600769,-1.1669014692306519,9,0,0,0.0,0.0
gated_alive:a_3a:92039,a_3a,92039,-1.666538119316101,-3.7745940685272217,9,0,0,0.0,0.0
gated_alive:a_3a:92248,a_3a,92248,17.21845817565918,38.165931701660156,9,0,0,0.0,0.0
gated_alive:a_3a:92377,a_3a,92377,-38.725494384765625,-36.39385986328125,9,0,0,0.0,0.0
gated_alive:a_3a:93180,a_3a,93180,-21.121849060058594,21.340496063232422,9,0,0,0.0,0.0
gated_alive:a_3a:93467,a_3a,93467,13.092692375183105,-12.87531852722168,9,0,0,0.0,0.0
gated_alive:a_3a:93797,a_3a,93797,-1.526572585105896,11.372076988220215,9,0,0,0.0,0.0
gated_alive:a_3a:93848,a_3a,93848,-45.255367279052734,-19.715288162231445,9,0,0,0.0,0.0
gated_alive:a_3a:94053,a_3a,94053,-7.9561567306518555,-62.2922248840332,9,0,0,0.0,0.0
gated_alive:a_3a:94690,a_3a,94690,-14.574760437011719,25.758947372436523,9,0,0,0.0,0.0
gated_alive:a_3a:94857,a_3a,94857,27.327350616455078,-10.044879913330078,9,0,0,0.0,0.0
gated_alive:a_3a:94990,a_3a,94990,-30.974645614624023,40.6008415222168,9,0,0,0.0,0.0
gated_alive:a_3a:95071,a_3a,95071,57.70950698852539,5.3984527587890625,9,0,0,0.0,0.0
gated_alive:a_3a:95154,a_3a,95154,-14.933023452758789,18.81894302368164,9,0,0,0.0,0.0
gated_alive:a_3a:95511,a_3a,95511,-9.012701034545898,-5.174931526184082,9,0,0,0.0,0.0
gated_alive:a_3a:96420,a_3a,96420,-19.72608757019043,-38.93994903564453,9,0,0,0.0,0.0
gated_alive:a_3a:96881,a_3a,96881,-12.244877815246582,-39.640663146972656,9,0,0,0.0,0.0
gated_alive:a_3a:97004,a_3a,97004,28.825674057006836,26.886960983276367,9,0,0,0.0,0.0
gated_alive:a_3a:97214,a_3a,97214,58.338802337646484,-9.341559410095215,9,0,0,0.0,0.0
gated_alive:a_3a:97281,a_3a,97281,10.471810340881348,-6.647879123687744,9,0,0,0.0,0.0
gated_alive:a_3a:97782,a_3a,97782,25.08957290649414,2.6751394271850586,9,0,0,0.0,0.0
gated_alive:a_3a:97799,a_3a,97799,6.877468109130859,33.43778610229492,9,0,0,0.0,0.0
gated_alive:a_3a:98321,a_3a,98321,-29.917951583862305,-46.063316345214844,9,0,0,0.0,0.0
gated_alive:a_3a:98507,a_3a,98507,-12.582535743713379,-59.45016098022461,9,0,0,0.0,0.0
gated_alive:a_3a:99044,a_3a,99044,45.44876480102539,7.270554065704346,9,0,0,0.0,0.0
gated_alive:a_3a:99187,a_3a,99187,-12.83006477355957,-40.85783767700195,9,0,0,0.0,0.0
gated_alive:a_3a:99444,a_3a,99444,-24.403364181518555,-61.22041702270508,9,0,0,0.0,0.0
gated_alive:a_3a:99667,a_3a,99667,28.280813217163086,-3.909085273742676,9,0,0,0.0,0.0
gated_alive:a_3a:99774,a_3a,99774,-38.950279235839844,-32.90909957885742,9,0,0,0.0,0.0
gated_alive:a_3a:99949,a_3a,99949,54.74822235107422,15.597753524780273,9,0,0,0.0,0.0
gated_alive:a_3a:100340,a_3a,100340,-17.605566024780273,11.145320892333984,9,0,0,0.0,0.0
gated_alive:a_3a:100624,a_3a,100624,-8.529187202453613,-64.68608856201172,9,0,0,0.0,0.0
gated_alive:a_3a:100826,a_3a,100826,30.29311180114746,48.97299575805664,9,0,0,0.0,0.0
gated_alive:a_3a:101468,a_3a,101468,-6.419376373291016,-53.5699462890625,9,0,0,0.0,0.0
gated_alive:a_3a:101503,a_3a,101503,16.704601287841797,-19.849201202392578,9,0,0,0.0,0.0
gated_alive:a_3a:101915,a_3a,101915,14.22787094116211,61.728572845458984,9,0,0,0.0,0.0
gated_alive:a_3a:102046,a_3a,102046,36.8326301574707,33.33134460449219,9,0,0,0.0,0.0
gated_alive:a_3a:103229,a_3a,103229,-41.1734619140625,-19.06125259399414,9,0,1,0.0,0.1111111111111111
gated_alive:a_3a:103303,a_3a,103303,13.114333152770996,-4.878900527954102,9,0,0,0.0,0.0
gated_alive:a_3a:103634,a_3a,103634,-8.298364639282227,-13.167098999023438,9,0,0,0.0,0.0
gated_alive:a_3a:103720,a_3a,103720,-31.917179107666016,32.35098648071289,9,0,0,0.0,0.0
gated_alive:a_3a:103758,a_3a,103758,-34.585079193115234,-20.896743774414062,9,0,0,0.0,0.0
gated_alive:a_3a:104341,a_3a,104341,23.494882583618164,26.33961296081543,9,0,0,0.0,0.0
gated_alive:a_3a:104414,a_3a,104414,13.309562683105469,-13.357348442077637,9,0,0,0.0,0.0
gated_alive:a_3a:104727,a_3a,104727,13.638752937316895,59.23488235473633,9,0,0,0.0,0.0
gated_alive:a_3a:104743,a_3a,104743,23.85392189025879,-9.783495903015137,9,0,0,0.0,0.0
gated_alive:a_3a:105301,a_3a,105301,23.408464431762695,12.291370391845703,9,0,0,0.0,0.0
gated_alive:a_3a:105526,a_3a,105526,2.4098782539367676,-20.684850692749023,9,0,2,0.0,0.2222222222222222
gated_alive:a_3a:105834,a_3a,105834,-6.120532512664795,39.479759216308594,9,0,0,0.0,0.0
gated_alive:a_3a:106304,a_3a,106304,47.23207473754883,-30.22444725036621,9,0,1,0.0,0.1111111111111111
gated_alive:a_3a:106644,a_3a,106644,-58.64634704589844,-23.44300079345703,9,0,0,0.0,0.0
gated_alive:a_3a:106775,a_3a,106775,12.768742561340332,-13.983219146728516,9,0,0,0.0,0.0
gated_alive:a_3a:107485,a_3a,107485,28.373428344726562,4.479102611541748,9,0,1,0.0,0.1111111111111111
gated_alive:a_3a:107633,a_3a,107633,7.921088218688965,29.322986602783203,9,0,0,0.0,0.0
gated_alive:a_3a:107670,a_3a,107670,-23.272958755493164,-65.84589385986328,9,0,0,0.0,0.0
gated_alive:a_3a:107820,a_3a,107820,-3.994659185409546,2.3994240760803223,9,0,0,0.0,0.0
gated_alive:a_3a:107951,a_3a,107951,31.732046127319336,46.425296783447266,9,0,0,0.0,0.0
gated_alive:a_3a:108072,a_3a,108072,40.055057525634766,47.272029876708984,9,0,0,0.0,0.0
gated_alive:a_3a:108239,a_3a,108239,1.3978694677352905,0.4470553696155548,9,0,0,0.0,0.0
gated_alive:a_3a:109000,a_3a,109000,-5.4019951820373535,-1.3012173175811768,9,0,0,0.0,0.0
gated_alive:a_3a:109279,a_3a,109279,23.46759033203125,22.271684646606445,9,0,0,0.0,0.0
gated_alive:a_3a:109404,a_3a,109404,-16.154769897460938,-21.1583194732666,9,0,0,0.0,0.0
gated_alive:a_3a:109481,a_3a,109481,-48.02617263793945,-16.766559600830078,9,0,0,0.0,0.0
gated_alive:a_3a:109747,a_3a,109747,-61.695777893066406,-5.541754722595215,9,0,0,0.0,0.0
gated_alive:a_3a:110069,a_3a,110069,-14.185186386108398,-31.288328170776367,9,0,0,0.0,0.0
gated_alive:a_3a:110187,a_3a,110187,54.112369537353516,-9.160042762756348,9,0,0,0.0,0.0
gated_alive:a_3a:110601,a_3a,110601,-28.831378936767578,-23.766836166381836,9,0,0,0.0,0.0
gated_alive:a_3a:110665,a_3a,110665,55.53257369995117,-11.746347427368164,9,0,0,0.0,0.0
gated_alive:a_3a:111269,a_3a,111269,-11.425715446472168,-47.36982345581055,9,0,0,0.0,0.0
gated_alive:a_3a:112103,a_3a,112103,27.16326904296875,41.83567428588867,9,0,0,0.0,0.0
gated_alive:a_3a:112244,a_3a,112244,-26.79995346069336,-18.87693977355957,9,0,4,0.0,0.4444444444444444
gated_alive:a_3a:112734,a_3a,112734,52.74576187133789,-11.91633129119873,9,0,0,0.0,0.0
gated_alive:a_3a:112754,a_3a,112754,-33.824928283691406,10.474193572998047,9,0,0,0.0,0.0
gated_alive:a_3a:112891,a_3a,112891,23.224008560180664,38.7394905090332,9,0,0,0.0,0.0
gated_alive:a_3a:113258,a_3a,113258,-8.741698265075684,62.613494873046875,9,0,0,0.0,0.0
gated_alive:a_3a:113506,a_3a,113506,-10.371782302856445,-64.01913452148438,9,0,0,0.0,0.0
gated_alive:a_3a:113899,a_3a,113899,19.590469360351562,-30.897268295288086,9,0,0,0.0,0.0
gated_alive:a_3a:114055,a_3a,114055,-2.0618932247161865,-5.054108142852783,9,0,0,0.0,0.0
gated_alive:a_3a:115532,a_3a,115532,-43.737274169921875,-8.534132957458496,9,0,0,0.0,0.0
gated_alive:a_3a:115663,a_3a,115663,54.90659713745117,-13.216724395751953,9,0,0,0.0,0.0
gated_alive:a_3a:116013,a_3a,116013,-9.06728744506836,-67.82038879394531,9,0,2,0.0,0.2222222222222222
gated_alive:a_3a:117678,a_3a,117678,61.73318862915039,-13.250608444213867,9,0,0,0.0,0.0
gated_alive:a_3a:118580,a_3a,118580,-10.163272857666016,7.108406066894531,9,0,0,0.0,0.0
gated_alive:a_3a:118958,a_3a,118958,1.8387717008590698,-5.648590087890625,9,0,0,0.0,0.0
gated_alive:a_3a:119189,a_3a,119189,28.308008193969727,27.08553695678711,9,0,0,0.0,0.0
gated_alive:a_3a:119375,a_3a,119375,10.96711540222168,-52.828392028808594,9,0,0,0.0,0.0
gated_alive:a_3a:119519,a_3a,119519,-11.88060188293457,-53.025447845458984,9,0,0,0.0,0.0
gated_alive:a_3a:120219,a_3a,120219,34.85054397583008,36.470279693603516,9,0,0,0.0,0.0
gated_alive:a_3a:120270,a_3a,120270,27.06913948059082,46.175270080566406,9,0,0,0.0,0.0
gated_alive:a_3a:120690,a_3a,120690,47.10740661621094,-13.489363670349121,9,0,0,0.0,0.0
gated_alive:a_3a:120970,a_3a,120970,59.099220275878906,29.515348434448242,9,0,0,0.0,0.0
gated_alive:a_3a:122021,a_3a,122021,32.05220413208008,33.280921936035156,9,0,0,0.0,0.0
gated_alive:a_3a:122818,a_3a,122818,-8.353964805603027,-13.238057136535645,9,0,0,0.0,0.0
gated_alive:a_3a:123127,a_3a,123127,-6.335764408111572,-44.97938537597656,9,0,0,0.0,0.0
gated_alive:a_3a:123134,a_3a,123134,43.243614196777344,23.212800979614258,9,0,0,0.0,0.0
gated_alive:a_3a:123531,a_3a,123531,27.975683212280273,39.54273223876953,9,0,0,0.0,0.0
gated_alive:a_3a:123585,a_3a,123585,19.854957580566406,37.32257080078125,9,0,0,0.0,0.0
gated_alive:a_3a:123856,a_3a,123856,-51.7674560546875,-33.95928192138672,9,0,0,0.0,0.0
gated_alive:a_3a:124040,a_3a,124040,-50.11336898803711,-35.71657180786133,9,0,0,0.0,0.0
gated_alive:a_3a:124601,a_3a,124601,-46.655452728271484,-12.67025089263916,9,0,0,0.0,0.0
gated_alive:a_3a:125538,a_3a,125538,-16.382810592651367,-24.26827621459961,9,0,0,0.0,0.0
gated_alive:a_3a:125575,a_3a,125575,-9.000537872314453,38.85533142089844,9,0,0,0.0,0.0
gated_alive:a_3a:125576,a_3a,125576,-18.87434196472168,-48.283199310302734,9,0,0,0.0,0.0
gated_alive:a_3a:125750,a_3a,125750,10.397173881530762,23.630935668945312,9,0,0,0.0,0.0
gated_alive:a_3a:125781,a_3a,125781,23.629695892333984,17.947288513183594,9,0,0,0.0,0.0
gated_alive:a_3a:125877,a_3a,125877,-43.28806686401367,25.41412925720215,9,0,0,0.0,0.0
gated_alive:a_3a:126117,a_3a,126117,10.118318557739258,32.82293701171875,9,0,0,0.0,0.0
gated_alive:a_3a:127028,a_3a,127028,-37.53841781616211,-3.2179036140441895,9,0,0,0.0,0.0
gated_alive:a_3a:127111,a_3a,127111,48.6352424621582,26.36556053161621,9,0,0,0.0,0.0
gated_alive:a_3a:127481,a_3a,127481,28.52988052368164,-12.530038833618164,9,0,0,0.0,0.0
gated_alive:a_3a:128111,a_3a,128111,11.999393463134766,26.44759750366211,9,0,0,0.0,0.0
gated_alive:a_3a:128614,a_3a,128614,-32.68967056274414,35.10056686401367,9,0,0,0.0,0.0
gated_alive:a_3a:128744,a_3a,128744,-12.50011920928955,-60.98965835571289,9,0,0,0.0,0.0
gated_alive:a_3a:129002,a_3a,129002,-9.2135591506958,60.185829162597656,9,0,0,0.0,0.0
gated_alive:a_3a:129338,a_3a,129338,-49.281829833984375,-31.150697708129883,9,0,0,0.0,0.0
gated_alive:a_3a:129701,a_3a,129701,-8.317001342773438,-61.22138214111328,9,0,0,0.0,0.0
gated_alive:a_3a:130028,a_3a,130028,-50.41891098022461,-13.210460662841797,9,0,0,0.0,0.0
gated_alive:a_3a:130138,a_3a,130138,-20.224756240844727,-11.782661437988281,9,0,0,0.0,0.0
gated_alive:a_3a:130193,a_3a,130193,17.499357223510742,31.67198944091797,9,0,0,0.0,0.0
gated_alive:a_3a:130462,a_3a,130462,16.437013626098633,5.231114864349365,9,0,0,0.0,0.0
gated_alive:a_3a:131525,a_3a,131525,-9.122248649597168,-46.830570220947266,9,0,0,0.0,0.0
gated_alive:a_3a:131596,a_3a,131596,-13.697287559509277,-45.136837005615234,9,0,0,0.0,0.0
gated_alive:a_3a:132365,a_3a,132365,-18.10132598876953,-44.66915512084961,9,0,0,0.0,0.0
gated_alive:a_3a:132588,a_3a,132588,33.588436126708984,28.084251403808594,9,0,0,0.0,0.0
gated_alive:a_3a:133218,a_3a,133218,-39.45512390136719,26.08854866027832,9,0,0,0.0,0.0
gated_alive:a_3a:133544,a_3a,133544,-35.19147872924805,56.70541000366211,9,0,1,0.0,0.1111111111111111
gated_alive:a_3a:133973,a_3a,133973,-19.163028717041016,39.47637939453125,9,0,0,0.0,0.0
gated_alive:a_3a:134068,a_3a,134068,5.451888561248779,0.2230565994977951,9,0,0,0.0,0.0
gated_alive:a_3a:134414,a_3a,134414,-30.85699462890625,-4.504558086395264,9,0,0,0.0,0.0
gated_alive:a_3a:135810,a_3a,135810,4.296485900878906,17.18977165222168,9,0,0,0.0,0.0
gated_alive:a_3a:136188,a_3a,136188,8.335306167602539,63.74800491333008,9,0,0,0.0,0.0
gated_alive:a_3a:136282,a_3a,136282,-10.105145454406738,15.551678657531738,9,0,0,0.0,0.0
gated_alive:a_3a:136561,a_3a,136561,-20.383573532104492,-51.98634338378906,9,0,0,0.0,0.0
gated_alive:a_3a:136708,a_3a,136708,-14.433270454406738,-43.18581008911133,9,0,0,0.0,0.0
gated_alive:a_3a:136849,a_3a,136849,36.16358184814453,7.278661727905273,9,0,0,0.0,0.0
gated_alive:a_3a:136879,a_3a,136879,-46.55645751953125,-24.371522903442383,9,0,0,0.0,0.0
gated_alive:a_3a:136996,a_3a,136996,-57.744789123535156,-35.57221984863281,9,0,0,0.0,0.0
gated_alive:a_3a:137161,a_3a,137161,8.02412223815918,26.60402488708496,9,0,0,0.0,0.0
gated_alive:a_3a:137517,a_3a,137517,-36.2838134765625,58.26653289794922,9,0,0,0.0,0.0
gated_alive:a_3a:137979,a_3a,137979,-9.594152450561523,-57.035987854003906,9,0,0,0.0,0.0
gated_alive:a_3a:138095,a_3a,138095,2.103844404220581,22.83160400390625,9,0,0,0.0,0.0
gated_alive:a_3a:138535,a_3a,138535,-3.754578113555908,-54.13066864013672,9,0,0,0.0,0.0
gated_alive:a_3a:138611,a_3a,138611,-15.874785423278809,-43.99726486206055,9,0,0,0.0,0.0
gated_alive:a_3a:139269,a_3a,139269,-5.872636318206787,10.445398330688477,9,0,0,0.0,0.0
gated_alive:a_3a:139276,a_3a,139276,-30.464086532592773,-23.785058975219727,9,0,0,0.0,0.0
gated_alive:a_3a:139279,a_3a,139279,41.96172332763672,-22.133506774902344,9,0,2,0.0,0.2222222222222222
gated_alive:a_3a:139532,a_3a,139532,22.728160858154297,-12.125843048095703,9,0,1,0.0,0.1111111111111111
gated_alive:a_3a:140400,a_3a,140400,-47.20291519165039,-32.72313690185547,9,0,0,0.0,0.0
gated_alive:a_3a:140561,a_3a,140561,54.09791946411133,-15.329497337341309,9,0,0,0.0,0.0
gated_alive:a_3a:140712,a_3a,140712,-42.967437744140625,-17.024534225463867,9,0,0,0.0,0.0
gated_alive:a_3a:140933,a_3a,140933,11.070415496826172,-15.729514122009277,9,0,0,0.0,0.0
gated_alive:a_3a:141114,a_3a,141114,21.1157283782959,-44.40270233154297,9,0,4,0.0,0.4444444444444444
gated_alive:a_3a:141701,a_3a,141701,10.4041166305542,51.210304260253906,9,0,0,0.0,0.0
gated_alive:a_3a:141878,a_3a,141878,53.541107177734375,31.131357192993164,9,0,0,0.0,0.0
gated_alive:a_3a:142067,a_3a,142067,-12.721002578735352,-29.587261199951172,9,0,0,0.0,0.0
gated_alive:a_3a:142594,a_3a,142594,-13.850532531738281,47.28919219970703,9,0,0,0.0,0.0
gated_alive:a_3a:143814,a_3a,143814,11.372342109680176,62.742427825927734,9,0,0,0.0,0.0
gated_alive:a_3a:143965,a_3a,143965,-1.6627073287963867,-54.36880111694336,9,0,0,0.0,0.0
gated_alive:a_3a:144420,a_3a,144420,29.823482513427734,-12.683540344238281,9,0,0,0.0,0.0
gated_alive:a_3a:144448,a_3a,144448,9.713236808776855,25.59284210205078,9,0,0,0.0,0.0
gated_alive:a_3a:144753,a_3a,144753,-4.468746185302734,-49.409515380859375,9,0,0,0.0,0.0
gated_alive:a_3a:144898,a_3a,144898,12.808858871459961,20.907711029052734,9,0,0,0.0,0.0
gated_alive:a_3a:145522,a_3a,145522,-46.97922134399414,6.958745002746582,9,0,0,0.0,0.0
gated_alive:a_3a:145722,a_3a,145722,74.2334213256836,-13.381081581115723,9,0,0,0.0,0.0
gated_alive:a_3a:145752,a_3a,145752,7.279295444488525,15.893564224243164,9,0,0,0.0,0.0
gated_alive:a_3a:146725,a_3a,146725,13.632219314575195,32.54309844970703,9,0,0,0.0,0.0
gated_alive:a_3a:147249,a_3a,147249,-50.24427795410156,40.01553726196289,9,0,0,0.0,0.0
gated_alive:a_3a:147329,a_3a,147329,22.1651554107666,-10.443955421447754,9,0,0,0.0,0.0
gated_alive:a_3a:147545,a_3a,147545,-10.443364143371582,-27.54959487915039,9,0,0,0.0,0.0
gated_alive:a_3a:148120,a_3a,148120,1.3083195686340332,23.14195442199707,9,0,0,0.0,0.0
gated_alive:a_3a:148628,a_3a,148628,13.864113807678223,-10.524197578430176,9,0,0,0.0,0.0
gated_alive:a_3a:148939,a_3a,148939,7.482877254486084,-4.963916301727295,9,0,0,0.0,0.0
gated_alive:a_3a:149732,a_3a,149732,-43.04707336425781,-16.879318237304688,9,0,0,0.0,0.0
gated_alive:a_3a:149943,a_3a,149943,10.824337005615234,44.40171432495117,9,0,0,0.0,0.0
gated_alive:a_3a:150010,a_3a,150010,-6.385054111480713,-40.56547546386719,9,0,0,0.0,0.0
gated_alive:a_3a:150200,a_3a,150200,-46.28066635131836,-20.71418571472168,9,0,0,0.0,0.0
gated_alive:a_3a:150679,a_3a,150679,-7.335441589355469,-50.09982681274414,9,0,0,0.0,0.0
gated_alive:a_3a:150723,a_3a,150723,-9.427750587463379,20.616079330444336,9,0,0,0.0,0.0
gated_alive:a_3a:150759,a_3a,150759,-7.946111679077148,-47.42344665527344,9,0,0,0.0,0.0
gated_alive:a_3a:152148,a_3a,152148,0.05217061564326286,-2.55167293548584,9,0,0,0.0,0.0
gated_alive:a_3a:152480,a_3a,152480,-42.41201400756836,24.686918258666992,9,0,0,0.0,0.0
gated_alive:a_3a:152785,a_3a,152785,-15.797148704528809,0.38031071424484253,9,0,0,0.0,0.0
gated_alive:a_3a:153622,a_3a,153622,39.858154296875,-11.594473838806152,9,0,0,0.0,0.0
gated_alive:a_3a:154292,a_3a,154292,22.26714515686035,-9.734671592712402,9,0,0,0.0,0.0
gated_alive:a_3a:154726,a_3a,154726,-56.474918365478516,-33.227962493896484,9,0,0,0.0,0.0
gated_alive:a_3a:154969,a_3a,154969,39.14915466308594,-33.65201187133789,9,0,0,0.0,0.0
gated_alive:a_3a:155089,a_3a,155089,42.668861389160156,-27.989412307739258,9,0,0,0.0,0.0
gated_alive:a_3a:155282,a_3a,155282,9.798201560974121,-14.121255874633789,9,0,0,0.0,0.0
gated_alive:a_3a:155379,a_3a,155379,-47.55476760864258,-20.313186645507812,9,0,0,0.0,0.0
gated_alive:a_3a:155770,a_3a,155770,-46.962554931640625,-34.78480529785156,9,0,0,0.0,0.0
gated_alive:a_3a:155892,a_3a,155892,-9.561261177062988,-42.08979034423828,9,0,0,0.0,0.0
gated_alive:a_3a:156236,a_3a,156236,-44.956939697265625,41.95896530151367,9,0,0,0.0,0.0
gated_alive:a_3a:156931,a_3a,156931,-52.6439094543457,16.398012161254883,9,0,0,0.0,0.0
gated_alive:a_3a:157702,a_3a,157702,-5.0639848709106445,-60.936279296875,9,0,0,0.0,0.0
gated_alive:a_3a:157818,a_3a,157818,-34.7401008605957,-11.1598539352417,9,0,0,0.0,0.0
gated_alive:a_3a:157922,a_3a,157922,-47.65703582763672,-26.04315948486328,9,0,0,0.0,0.0
gated_alive:a_3a:158634,a_3a,158634,17.085161209106445,50.83905792236328,9,0,0,0.0,0.0
gated_alive:a_3a:159537,a_3a,159537,-30.283039093017578,1.6487950086593628,9,0,0,0.0,0.0
gated_alive:a_3a:160529,a_3a,160529,-38.50910568237305,-36.3714485168457,9,0,0,0.0,0.0
gated_alive:a_3a:160880,a_3a,160880,19.908180236816406,20.72869300842285,9,0,0,0.0,0.0
gated_alive:a_3a:162706,a_3a,162706,-20.43927764892578,3.6754462718963623,9,0,0,0.0,0.0
gated_alive:a_3a:162848,a_3a,162848,20.821439743041992,31.11661148071289,9,0,0,0.0,0.0
gated_alive:a_3a:162974,a_3a,162974,-6.32289981842041,-39.945274353027344,9,0,0,0.0,0.0
gated_alive:a_3a:163023,a_3a,163023,-20.012353897094727,-57.66624069213867,9,0,0,0.0,0.0
gated_alive:a_3a:163268,a_3a,163268,-9.638150215148926,42.492958068847656,9,0,0,0.0,0.0
gated_alive:a_3a:163690,a_3a,163690,-11.236612319946289,-57.68861770629883,9,0,0,0.0,0.0
gated_alive:a_3a:163727,a_3a,163727,9.428849220275879,28.802627563476562,9,0,0,0.0,0.0
gated_alive:a_3a:164134,a_3a,164134,-13.249261856079102,1.1430491209030151,9,0,0,0.0,0.0
gated_alive:a_3a:164444,a_3a,164444,6.669861316680908,32.299224853515625,9,0,0,0.0,0.0
gated_alive:a_3a:164484,a_3a,164484,-37.245601654052734,21.15761375427246,9,0,0,0.0,0.0
gated_alive:a_3a:164765,a_3a,164765,26.168758392333984,7.492453575134277,9,0,0,0.0,0.0
gated_alive:a_3a:165048,a_3a,165048,-51.15669250488281,-28.1937313079834,9,0,0,0.0,0.0
gated_alive:a_3a:165095,a_3a,165095,-52.16265869140625,-8.660626411437988,9,0,0,0.0,0.0
gated_alive:a_3a:166439,a_3a,166439,-0.8115946650505066,12.012626647949219,9,0,0,0.0,0.0
gated_alive:a_3a:166597,a_3a,166597,-0.7188866138458252,37.514522552490234,9,0,0,0.0,0.0
gated_alive:a_3a:167583,a_3a,167583,-8.750712394714355,34.413333892822266,9,0,0,0.0,0.0
gated_alive:a_3a:167800,a_3a,167800,-28.469770431518555,-14.041059494018555,9,0,0,0.0,0.0
gated_alive:a_3a:168084,a_3a,168084,26.808982849121094,31.78550148010254,9,0,0,0.0,0.0
gated_alive:a_3a:168248,a_3a,168248,-19.23836898803711,27.64464569091797,9,0,0,0.0,0.0
gated_alive:a_3a:168416,a_3a,168416,-9.123331069946289,-46.17457580566406,9,0,0,0.0,0.0
gated_alive:a_3a:168445,a_3a,168445,17.760589599609375,63.351688385009766,9,0,0,0.0,0.0
gated_alive:a_3a:168747,a_3a,168747,-27.495630264282227,-13.754912376403809,9,0,0,0.0,0.0
gated_alive:a_3a:168868,a_3a,168868,-50.58678436279297,-21.567039489746094,9,0,0,0.0,0.0
gated_alive:a_3a:169425,a_3a,169425,50.68129348754883,-24.059341430664062,9,0,0,0.0,0.0
gated_alive:a_3a:169903,a_3a,169903,-16.08658218383789,-63.29240036010742,9,0,0,0.0,0.0
gated_alive:a_3a:170337,a_3a,170337,-20.53797721862793,-13.637301445007324,9,0,0,0.0,0.0
gated_alive:a_3a:170671,a_3a,170671,-13.117476463317871,-49.67082595825195,9,0,0,0.0,0.0
gated_alive:a_3a:170853,a_3a,170853,56.90364074707031,2.574864625930786,9,0,0,0.0,0.0
gated_alive:a_3a:171227,a_3a,171227,-12.243500709533691,-54.60276412963867,9,0,0,0.0,0.0
gated_alive:a_3a:172295,a_3a,172295,-50.26512908935547,-23.182981491088867,9,0,0,0.0,0.0
gated_alive:a_3a:173158,a_3a,173158,-56.309505462646484,-37.144187927246094,9,0,0,0.0,0.0
gated_alive:a_3a:173276,a_3a,173276,-19.7552433013916,-53.57697677612305,9,0,0,0.0,0.0
gated_alive:a_3a:173353,a_3a,173353,64.36637878417969,-17.09872817993164,9,0,0,0.0,0.0
gated_alive:a_3a:173536,a_3a,173536,-16.691564559936523,-54.587310791015625,9,0,0,0.0,0.0
gated_alive:a_3a:174053,a_3a,174053,-0.317135214805603,-4.479511737823486,9,0,0,0.0,0.0
gated_alive:a_3a:174389,a_3a,174389,-12.640656471252441,4.030541896820068,9,0,0,0.0,0.0
gated_alive:a_3a:174702,a_3a,174702,47.48981857299805,-11.930635452270508,9,0,0,0.0,0.0
gated_alive:a_3a:174720,a_3a,174720,12.444140434265137,61.348514556884766,9,0,0,0.0,0.0
gated_alive:a_3a:175818,a_3a,175818,10.234424591064453,-14.334973335266113,9,0,0,0.0,0.0
gated_alive:a_3a:175949,a_3a,175949,-4.1009087562561035,-32.08274459838867,9,0,0,0.0,0.0
gated_alive:a_3a:176223,a_3a,176223,-22.59728240966797,-61.64566421508789,9,0,0,0.0,0.0
gated_alive:a_3a:176435,a_3a,176435,-12.388975143432617,-45.292816162109375,9,0,0,0.0,0.0
gated_alive:a_3a:176700,a_3a,176700,27.97663116455078,41.862693786621094,9,0,0,0.0,0.0
gated_alive:a_3a:176877,a_3a,176877,47.076419830322266,-12.040623664855957,9,0,0,0.0,0.0
gated_alive:a_3a:177931,a_3a,177931,6.028646469116211,61.883583068847656,9,0,0,0.0,0.0
gated_alive:a_3a:177932,a_3a,177932,-17.64801788330078,-52.191184997558594,9,0,0,0.0,0.0
gated_alive:a_3a:178328,a_3a,178328,-2.9875950813293457,-0.14902380108833313,9,0,0,0.0,0.0
gated_alive:a_3a:179323,a_3a,179323,-61.33422088623047,-34.76193618774414,9,0,0,0.0,0.0
gated_alive:a_3a:179389,a_3a,179389,-48.90336990356445,-27.854324340820312,9,0,0,0.0,0.0
gated_alive:a_3a:179664,a_3a,179664,-0.5562644600868225,22.52674674987793,9,0,0,0.0,0.0
gated_alive:a_3a:179762,a_3a,179762,-42.77598190307617,-19.96208953857422,9,0,0,0.0,0.0
gated_alive:a_3b:127,a_3b,127,-7.716281890869141,-54.0223388671875,10,0,0,0.0,0.0
gated_alive:a_3b:593,a_3b,593,-25.950111389160156,-22.199777603149414,10,0,0,0.0,0.0
gated_alive:a_3b:1772,a_3b,1772,9.363777160644531,24.773258209228516,10,0,0,0.0,0.0
gated_alive:a_3b:2223,a_3b,2223,22.676952362060547,-11.547416687011719,10,0,0,0.0,0.0
gated_alive:a_3b:2541,a_3b,2541,-32.426639556884766,28.467370986938477,10,0,0,0.0,0.0
gated_alive:a_3b:2756,a_3b,2756,39.172122955322266,13.505255699157715,10,0,0,0.0,0.0
gated_alive:a_3b:3205,a_3b,3205,-31.955507278442383,41.26586151123047,10,0,0,0.0,0.0
gated_alive:a_3b:3220,a_3b,3220,20.636085510253906,14.842381477355957,10,0,0,0.0,0.0
gated_alive:a_3b:4378,a_3b,4378,-59.75661087036133,-22.941682815551758,10,0,0,0.0,0.0
gated_alive:a_3b:4532,a_3b,4532,-58.09172821044922,-6.917001724243164,10,0,0,0.0,0.0
gated_alive:a_3b:5233,a_3b,5233,8.311360359191895,33.214454650878906,10,0,0,0.0,0.0
gated_alive:a_3b:6005,a_3b,6005,-12.076372146606445,-38.04060745239258,10,0,0,0.0,0.0
gated_alive:a_3b:7971,a_3b,7971,24.76667594909668,47.504085540771484,10,0,0,0.0,0.0
gated_alive:a_3b:8385,a_3b,8385,46.37482833862305,-4.139676094055176,10,0,1,0.0,0.1
gated_alive:a_3b:9692,a_3b,9692,-6.317959308624268,-17.97980308532715,10,0,0,0.0,0.0
gated_alive:a_3b:11973,a_3b,11973,-23.111452102661133,-46.78813934326172,10,0,0,0.0,0.0
gated_alive:a_3b:12023,a_3b,12023,-14.330780029296875,47.86797332763672,10,0,0,0.0,0.0
gated_alive:a_3b:12602,a_3b,12602,15.474803924560547,27.14585304260254,10,0,0,0.0,0.0
gated_alive:a_3b:12636,a_3b,12636,43.25579071044922,36.99989318847656,10,0,0,0.0,0.0
gated_alive:a_3b:13190,a_3b,13190,2.5500338077545166,52.5968132019043,10,0,0,0.0,0.0
gated_alive:a_3b:13505,a_3b,13505,-16.277944564819336,-46.963077545166016,10,0,0,0.0,0.0
gated_alive:a_3b:13930,a_3b,13930,31.363712310791016,8.745100021362305,10,0,0,0.0,0.0
gated_alive:a_3b:14091,a_3b,14091,14.793996810913086,-3.1603429317474365,10,0,0,0.0,0.0
gated_alive:a_3b:14192,a_3b,14192,-13.892705917358398,57.360599517822266,10,0,0,0.0,0.0
gated_alive:a_3b:14820,a_3b,14820,-53.87940979003906,-25.85563850402832,10,0,0,0.0,0.0
gated_alive:a_3b:15156,a_3b,15156,2.175144672393799,9.810957908630371,10,0,0,0.0,0.0
gated_alive:a_3b:15356,a_3b,15356,29.193815231323242,40.130550384521484,10,0,0,0.0,0.0
gated_alive:a_3b:15358,a_3b,15358,-7.386762619018555,-62.39381408691406,10,0,0,0.0,0.0
gated_alive:a_3b:15600,a_3b,15600,34.703216552734375,-27.482526779174805,10,0,0,0.0,0.0
gated_alive:a_3b:15908,a_3b,15908,45.354915618896484,5.447947025299072,10,0,0,0.0,0.0
gated_alive:a_3b:18038,a_3b,18038,56.326820373535156,-4.341060161590576,10,0,0,0.0,0.0
gated_alive:a_3b:18076,a_3b,18076,-24.497507095336914,-58.199607849121094,10,0,0,0.0,0.0
gated_alive:a_3b:18374,a_3b,18374,-43.295860290527344,44.20035171508789,10,0,0,0.0,0.0
gated_alive:a_3b:18408,a_3b,18408,-47.23122024536133,-31.0596866607666,10,0,0,0.0,0.0
gated_alive:a_3b:18489,a_3b,18489,-36.59503173828125,8.740015029907227,10,0,0,0.0,0.0
gated_alive:a_3b:18692,a_3b,18692,40.4720458984375,26.8410701751709,10,0,0,0.0,0.0
gated_alive:a_3b:19195,a_3b,19195,-42.553218841552734,26.71263885498047,10,0,0,0.0,0.0
gated_alive:a_3b:19311,a_3b,19311,3.8509702682495117,23.464296340942383,10,0,0,0.0,0.0
gated_alive:a_3b:19518,a_3b,19518,-53.92362976074219,-28.362014770507812,10,0,0,0.0,0.0
gated_alive:a_3b:21018,a_3b,21018,-54.04722213745117,-19.95836639404297,10,0,0,0.0,0.0
gated_alive:a_3b:21133,a_3b,21133,48.299503326416016,41.586612701416016,10,0,1,0.0,0.1
gated_alive:a_3b:21874,a_3b,21874,6.469188213348389,61.52727127075195,10,0,0,0.0,0.0
gated_alive:a_3b:21891,a_3b,21891,38.6108512878418,43.670860290527344,10,0,0,0.0,0.0
gated_alive:a_3b:22835,a_3b,22835,-59.63329315185547,-1.7729922533035278,10,0,0,0.0,0.0
gated_alive:a_3b:22951,a_3b,22951,-1.6016111373901367,26.273239135742188,10,0,0,0.0,0.0
gated_alive:a_3b:23026,a_3b,23026,-52.40126037597656,-42.23299789428711,10,0,0,0.0,0.0
gated_alive:a_3b:23898,a_3b,23898,32.071800231933594,-14.786927223205566,10,0,0,0.0,0.0
gated_alive:a_3b:24780,a_3b,24780,44.55347442626953,-16.005142211914062,10,0,0,0.0,0.0
gated_alive:a_3b:24781,a_3b,24781,-15.740766525268555,0.4348170757293701,10,0,0,0.0,0.0
gated_alive:a_3b:25389,a_3b,25389,-54.37546920776367,-43.96917724609375,10,0,0,0.0,0.0
gated_alive:a_3b:25483,a_3b,25483,7.526612281799316,61.72561264038086,10,0,0,0.0,0.0
gated_alive:a_3b:25705,a_3b,25705,-2.4913389682769775,4.066378593444824,10,0,0,0.0,0.0
gated_alive:a_3b:26267,a_3b,26267,-52.516273498535156,8.315289497375488,10,0,0,0.0,0.0
gated_alive:a_3b:27046,a_3b,27046,0.8418901562690735,8.59027099609375,10,0,0,0.0,0.0
gated_alive:a_3b:27064,a_3b,27064,-10.681422233581543,6.956055164337158,10,0,0,0.0,0.0
gated_alive:a_3b:27932,a_3b,27932,-8.554567337036133,63.85377883911133,10,0,0,0.0,0.0
gated_alive:a_3b:28005,a_3b,28005,-45.840049743652344,-17.331439971923828,10,0,0,0.0,0.0
gated_alive:a_3b:29058,a_3b,29058,-59.47705841064453,-31.155384063720703,10,0,0,0.0,0.0
gated_alive:a_3b:29476,a_3b,29476,-35.78573226928711,25.217199325561523,10,0,0,0.0,0.0
gated_alive:a_3b:29986,a_3b,29986,39.13819122314453,30.829669952392578,10,0,0,0.0,0.0
gated_alive:a_3b:30195,a_3b,30195,29.658458709716797,46.68610382080078,10,0,0,0.0,0.0
gated_alive:a_3b:30587,a_3b,30587,-22.110408782958984,-52.33100509643555,10,0,0,0.0,0.0
gated_alive:a_3b:31856,a_3b,31856,-10.851305961608887,4.416126251220703,10,0,0,0.0,0.0
gated_alive:a_3b:31900,a_3b,31900,-45.1811408996582,26.498273849487305,10,0,0,0.0,0.0
gated_alive:a_3b:32070,a_3b,32070,1.529107928276062,26.43206024169922,10,0,0,0.0,0.0
gated_alive:a_3b:32442,a_3b,32442,-35.23191452026367,-10.598678588867188,10,0,0,0.0,0.0
gated_alive:a_3b:32520,a_3b,32520,-50.6234245300293,-23.566631317138672,10,0,0,0.0,0.0
gated_alive:a_3b:32851,a_3b,32851,-49.632728576660156,-48.05670928955078,10,0,0,0.0,0.0
gated_alive:a_3b:33410,a_3b,33410,28.554004669189453,-11.319658279418945,10,0,0,0.0,0.0
gated_alive:a_3b:33816,a_3b,33816,-50.42360305786133,-36.7205924987793,10,0,0,0.0,0.0
gated_alive:a_3b:33832,a_3b,33832,-22.391868591308594,-56.161224365234375,10,0,0,0.0,0.0
gated_alive:a_3b:35178,a_3b,35178,41.20128631591797,39.48831558227539,10,0,0,0.0,0.0
gated_alive:a_3b:35470,a_3b,35470,41.83149719238281,30.288393020629883,10,0,0,0.0,0.0
gated_alive:a_3b:35786,a_3b,35786,25.52066421508789,-4.471921920776367,10,0,0,0.0,0.0
gated_alive:a_3b:35829,a_3b,35829,0.1716511994600296,49.069454193115234,10,0,0,0.0,0.0
gated_alive:a_3b:35897,a_3b,35897,52.67172622680664,-6.7251811027526855,10,0,0,0.0,0.0
gated_alive:a_3b:36112,a_3b,36112,30.46030044555664,19.615575790405273,10,0,0,0.0,0.0
gated_alive:a_3b:36380,a_3b,36380,7.9657745361328125,-16.894296646118164,10,0,0,0.0,0.0
gated_alive:a_3b:36549,a_3b,36549,48.08128356933594,-3.3140828609466553,10,0,0,0.0,0.0
gated_alive:a_3b:36727,a_3b,36727,-42.70610427856445,-13.955720901489258,10,0,0,0.0,0.0
gated_alive:a_3b:37791,a_3b,37791,-50.52919387817383,-29.63194465637207,10,0,0,0.0,0.0
gated_alive:a_3b:37797,a_3b,37797,-33.57267379760742,10.363249778747559,10,0,0,0.0,0.0
gated_alive:a_3b:38112,a_3b,38112,52.08367156982422,-31.959869384765625,10,0,1,0.0,0.1
gated_alive:a_3b:38161,a_3b,38161,-18.441150665283203,37.62503433227539,10,0,0,0.0,0.0
gated_alive:a_3b:38276,a_3b,38276,-40.96186828613281,30.671110153198242,10,0,0,0.0,0.0
gated_alive:a_3b:38934,a_3b,38934,-5.8180975914001465,3.4208791255950928,10,0,0,0.0,0.0
gated_alive:a_3b:39454,a_3b,39454,32.85334777832031,43.751747131347656,10,0,0,0.0,0.0
gated_alive:a_3b:40253,a_3b,40253,-19.65471076965332,-32.5293083190918,10,0,0,0.0,0.0
gated_alive:a_3b:40278,a_3b,40278,-10.757533073425293,-9.569570541381836,10,0,0,0.0,0.0
gated_alive:a_3b:40545,a_3b,40545,-52.402427673339844,7.241389751434326,10,0,0,0.0,0.0
gated_alive:a_3b:40580,a_3b,40580,-12.588804244995117,-64.30331420898438,10,0,0,0.0,0.0
gated_alive:a_3b:41748,a_3b,41748,54.98379135131836,8.038569450378418,10,0,0,0.0,0.0
gated_alive:a_3b:42015,a_3b,42015,-52.59829330444336,-43.15228271484375,10,0,0,0.0,0.0
gated_alive:a_3b:42119,a_3b,42119,11.569652557373047,33.440128326416016,10,0,0,0.0,0.0
gated_alive:a_3b:42542,a_3b,42542,-16.731903076171875,-32.584991455078125,10,0,0,0.0,0.0
gated_alive:a_3b:42741,a_3b,42741,-59.1181755065918,-17.746736526489258,10,0,0,0.0,0.0
gated_alive:a_3b:43466,a_3b,43466,-8.920985221862793,62.679176330566406,10,0,0,0.0,0.0
gated_alive:a_3b:44102,a_3b,44102,16.98956871032715,20.448062896728516,10,0,0,0.0,0.0
gated_alive:a_3b:44454,a_3b,44454,-53.99305725097656,25.25198745727539,10,0,0,0.0,0.0
gated_alive:a_3b:44850,a_3b,44850,9.20473861694336,40.43535232543945,10,0,0,0.0,0.0
gated_alive:a_3b:45214,a_3b,45214,34.41478729248047,50.01951599121094,10,0,0,0.0,0.0
gated_alive:a_3b:45215,a_3b,45215,-39.31781005859375,-16.206663131713867,10,0,0,0.0,0.0
gated_alive:a_3b:45785,a_3b,45785,-11.887693405151367,-48.93088150024414,10,0,0,0.0,0.0
gated_alive:a_3b:45875,a_3b,45875,-7.0641326904296875,-4.585326194763184,10,0,0,0.0,0.0
gated_alive:a_3b:46224,a_3b,46224,-2.9533205032348633,14.44792652130127,10,0,0,0.0,0.0
gated_alive:a_3b:48566,a_3b,48566,-52.938873291015625,-42.54789352416992,10,0,0,0.0,0.0
gated_alive:a_3b:48584,a_3b,48584,56.62907409667969,5.3386759757995605,10,0,1,0.0,0.1
gated_alive:a_3b:49258,a_3b,49258,51.58839797973633,-3.8222103118896484,10,0,0,0.0,0.0
gated_alive:a_3b:49827,a_3b,49827,34.80990219116211,46.42878341674805,10,0,0,0.0,0.0
gated_alive:a_3b:50112,a_3b,50112,-39.39661407470703,-47.932395935058594,10,0,0,0.0,0.0
gated_alive:a_3b:50276,a_3b,50276,6.801512718200684,18.227397918701172,10,0,0,0.0,0.0
gated_alive:a_3b:50711,a_3b,50711,-14.721714973449707,25.455394744873047,10,0,0,0.0,0.0
gated_alive:a_3b:51202,a_3b,51202,-42.32627868652344,-34.25795364379883,10,0,0,0.0,0.0
gated_alive:a_3b:51410,a_3b,51410,2.0435752868652344,-14.011555671691895,10,0,0,0.0,0.0
gated_alive:a_3b:51919,a_3b,51919,14.283723831176758,27.308496475219727,10,0,0,0.0,0.0
gated_alive:a_3b:51951,a_3b,51951,1.3045746088027954,20.278987884521484,10,0,0,0.0,0.0
gated_alive:a_3b:52044,a_3b,52044,52.87148666381836,-6.14511775970459,10,0,0,0.0,0.0
gated_alive:a_3b:52565,a_3b,52565,54.93579864501953,7.642122268676758,10,0,0,0.0,0.0
gated_alive:a_3b:53535,a_3b,53535,53.77741622924805,-8.631118774414062,10,0,0,0.0,0.0
gated_alive:a_3b:53763,a_3b,53763,11.680391311645508,-12.950444221496582,10,0,0,0.0,0.0
gated_alive:a_3b:54327,a_3b,54327,36.070281982421875,27.54212188720703,10,0,0,0.0,0.0
gated_alive:a_3b:55047,a_3b,55047,-9.113840103149414,-62.83453369140625,10,0,0,0.0,0.0
gated_alive:a_3b:55148,a_3b,55148,1.3147035837173462,-1.9695394039154053,10,0,0,0.0,0.0
gated_alive:a_3b:55644,a_3b,55644,-61.198509216308594,-34.78838348388672,10,0,0,0.0,0.0
gated_alive:a_3b:55742,a_3b,55742,-51.19178771972656,-42.66338348388672,10,0,0,0.0,0.0
gated_alive:a_3b:56369,a_3b,56369,-47.61429977416992,-25.690284729003906,10,0,0,0.0,0.0
gated_alive:a_3b:56400,a_3b,56400,56.0551643371582,23.675996780395508,10,0,7,0.0,0.7
gated_alive:a_3b:56952,a_3b,56952,-44.180824279785156,23.997802734375,10,0,0,0.0,0.0
gated_alive:a_3b:57097,a_3b,57097,-52.50556564331055,-44.0540885925293,10,0,0,0.0,0.0
gated_alive:a_3b:57574,a_3b,57574,-16.28266716003418,59.15983581542969,10,0,0,0.0,0.0
gated_alive:a_3b:57591,a_3b,57591,25.235567092895508,33.70703125,10,0,0,0.0,0.0
gated_alive:a_3b:57717,a_3b,57717,-8.290775299072266,-13.144062042236328,10,0,0,0.0,0.0
gated_alive:a_3b:57893,a_3b,57893,-17.428308486938477,41.33283615112305,10,0,0,0.0,0.0
gated_alive:a_3b:58056,a_3b,58056,-19.937210083007812,-54.66114807128906,10,0,0,0.0,0.0
gated_alive:a_3b:58115,a_3b,58115,-39.751922607421875,10.342761039733887,10,0,0,0.0,0.0
gated_alive:a_3b:58331,a_3b,58331,20.90020751953125,28.088050842285156,10,0,0,0.0,0.0
gated_alive:a_3b:58680,a_3b,58680,24.6584529876709,21.3450870513916,10,0,6,0.0,0.6
gated_alive:a_3b:58799,a_3b,58799,-1.989867925643921,13.587573051452637,10,0,0,0.0,0.0
gated_alive:a_3b:60162,a_3b,60162,38.93022155761719,32.82229995727539,10,0,0,0.0,0.0
gated_alive:a_3b:60820,a_3b,60820,26.595855712890625,10.461694717407227,10,0,0,0.0,0.0
gated_alive:a_3b:60869,a_3b,60869,-17.826417922973633,-14.316895484924316,10,0,0,0.0,0.0
gated_alive:a_3b:61496,a_3b,61496,19.340593338012695,27.20026397705078,10,0,0,0.0,0.0
gated_alive:a_3b:61529,a_3b,61529,-11.224499702453613,-54.41731643676758,10,0,0,0.0,0.0
gated_alive:a_3b:62876,a_3b,62876,23.162118911743164,48.978614807128906,10,0,0,0.0,0.0
gated_alive:a_3b:63704,a_3b,63704,9.900440216064453,-3.3612380027770996,10,0,0,0.0,0.0
gated_alive:a_3b:64791,a_3b,64791,-54.42487716674805,-34.06778335571289,10,0,0,0.0,0.0
gated_alive:a_3b:64894,a_3b,64894,-5.232504367828369,31.23002815246582,10,0,0,0.0,0.0
gated_alive:a_3b:65040,a_3b,65040,42.88784408569336,-21.928295135498047,10,0,0,0.0,0.0
gated_alive:a_3b:65428,a_3b,65428,-12.821391105651855,-43.92080307006836,10,0,0,0.0,0.0
gated_alive:a_3b:65541,a_3b,65541,-40.754119873046875,-18.457881927490234,10,0,0,0.0,0.0
gated_alive:a_3b:67164,a_3b,67164,2.965982437133789,4.748476982116699,10,0,0,0.0,0.0
gated_alive:a_3b:67172,a_3b,67172,51.253170013427734,-8.113847732543945,10,0,0,0.0,0.0
gated_alive:a_3b:67659,a_3b,67659,-42.575618743896484,-26.3438720703125,10,0,0,0.0,0.0
gated_alive:a_3b:67714,a_3b,67714,-3.011610507965088,20.225414276123047,10,0,0,0.0,0.0
gated_alive:a_3b:67726,a_3b,67726,-16.891571044921875,-43.926666259765625,10,0,0,0.0,0.0
gated_alive:a_3b:67751,a_3b,67751,-60.206417083740234,-32.17628860473633,10,0,0,0.0,0.0
gated_alive:a_3b:68382,a_3b,68382,-10.962747573852539,-45.0301399230957,10,0,0,0.0,0.0
gated_alive:a_3b:68414,a_3b,68414,-4.722209930419922,-61.89844512939453,10,0,0,0.0,0.0
gated_alive:a_3b:70037,a_3b,70037,40.24909591674805,15.417048454284668,10,0,0,0.0,0.0
gated_alive:a_3b:70453,a_3b,70453,-5.504758358001709,26.36751365661621,10,0,0,0.0,0.0
gated_alive:a_3b:72362,a_3b,72362,40.43617630004883,46.600242614746094,10,0,0,0.0,0.0
gated_alive:a_3b:72498,a_3b,72498,-1.5567864179611206,29.182941436767578,10,0,0,0.0,0.0
gated_alive:a_3b:72741,a_3b,72741,-9.240507125854492,-47.275630950927734,10,0,0,0.0,0.0
gated_alive:a_3b:72865,a_3b,72865,-52.80887222290039,-41.50853729248047,10,0,0,0.0,0.0
gated_alive:a_3b:72922,a_3b,72922,-18.695302963256836,-30.848886489868164,10,0,0,0.0,0.0
gated_alive:a_3b:73562,a_3b,73562,3.4731266498565674,-2.1117336750030518,10,0,0,0.0,0.0
gated_alive:a_3b:73882,a_3b,73882,-41.71623611450195,10.6019287109375,10,0,1,0.0,0.1
gated_alive:a_3b:73934,a_3b,73934,-29.16344451904297,-27.376407623291016,10,0,0,0.0,0.0
gated_alive:a_3b:73996,a_3b,73996,43.2021484375,36.98688507080078,10,0,0,0.0,0.0
gated_alive:a_3b:74907,a_3b,74907,-41.235477447509766,-12.291004180908203,10,0,0,0.0,0.0
gated_alive:a_3b:76360,a_3b,76360,59.02567672729492,-17.411291122436523,10,0,0,0.0,0.0
gated_alive:a_3b:76992,a_3b,76992,14.425674438476562,19.002460479736328,10,0,0,0.0,0.0
gated_alive:a_3b:77243,a_3b,77243,-25.773500442504883,45.73105239868164,10,0,0,0.0,0.0
gated_alive:a_3b:77731,a_3b,77731,10.77461051940918,30.24629783630371,10,0,0,0.0,0.0
gated_alive:a_3b:78290,a_3b,78290,-15.013075828552246,-52.947391510009766,10,0,0,0.0,0.0
gated_alive:a_3b:78445,a_3b,78445,37.56525802612305,10.58599853515625,10,0,0,0.0,0.0
gated_alive:a_3b:78988,a_3b,78988,-50.48240280151367,-15.740509033203125,10,0,0,0.0,0.0
gated_alive:a_3b:79209,a_3b,79209,-13.137598991394043,-54.686187744140625,10,0,0,0.0,0.0
gated_alive:a_3b:79828,a_3b,79828,2.2278616428375244,7.358077526092529,10,0,0,0.0,0.0
gated_alive:a_3b:80359,a_3b,80359,42.94709014892578,3.602513313293457,10,0,0,0.0,0.0
gated_alive:a_3b:81390,a_3b,81390,18.96213150024414,55.24286651611328,10,0,0,0.0,0.0
gated_alive:a_3b:81995,a_3b,81995,-25.065855026245117,35.61381149291992,10,0,0,0.0,0.0
gated_alive:a_3b:82608,a_3b,82608,-29.940277099609375,3.776097297668457,10,0,0,0.0,0.0
gated_alive:a_3b:82962,a_3b,82962,21.3809871673584,24.384946823120117,10,0,0,0.0,0.0
gated_alive:a_3b:83878,a_3b,83878,25.158578872680664,-9.048975944519043,10,0,0,0.0,0.0
gated_alive:a_3b:84283,a_3b,84283,2.2831974029541016,-63.5129508972168,10,0,0,0.0,0.0
gated_alive:a_3b:84297,a_3b,84297,25.824249267578125,51.81924057006836,10,0,0,0.0,0.0
gated_alive:a_3b:84974,a_3b,84974,-18.402372360229492,-51.265254974365234,10,0,0,0.0,0.0
gated_alive:a_3b:85127,a_3b,85127,-39.412837982177734,23.439550399780273,10,0,0,0.0,0.0
gated_alive:a_3b:85159,a_3b,85159,-58.6934700012207,-31.99386215209961,10,0,0,0.0,0.0
gated_alive:a_3b:85597,a_3b,85597,-3.9805853366851807,-42.225521087646484,10,0,0,0.0,0.0
gated_alive:a_3b:85797,a_3b,85797,-48.636497497558594,-29.328109741210938,10,0,0,0.0,0.0
gated_alive:a_3b:86304,a_3b,86304,10.296455383300781,28.229801177978516,10,0,0,0.0,0.0
gated_alive:a_3b:87326,a_3b,87326,-47.71564483642578,47.41270065307617,10,0,0,0.0,0.0
gated_alive:a_3b:87506,a_3b,87506,-54.384151458740234,25.682371139526367,10,0,0,0.0,0.0
gated_alive:a_3b:87813,a_3b,87813,-5.103773593902588,-62.81832504272461,10,0,0,0.0,0.0
gated_alive:a_3b:87843,a_3b,87843,-4.490818500518799,-4.170547962188721,10,0,3,0.0,0.3
gated_alive:a_3b:88531,a_3b,88531,-17.36765480041504,-48.59868621826172,10,0,0,0.0,0.0
gated_alive:a_3b:88692,a_3b,88692,54.136329650878906,-1.179538607597351,10,0,0,0.0,0.0
gated_alive:a_3b:88779,a_3b,88779,-40.0876579284668,0.6499022841453552,10,0,0,0.0,0.0
gated_alive:a_3b:89556,a_3b,89556,-30.8823299407959,3.7183406352996826,10,0,0,0.0,0.0
gated_alive:a_3b:91753,a_3b,91753,-12.73913288116455,-45.47875213623047,10,0,0,0.0,0.0
gated_alive:a_3b:91996,a_3b,91996,21.183269500732422,15.543792724609375,10,0,0,0.0,0.0
gated_alive:a_3b:92599,a_3b,92599,52.3338623046875,-12.773337364196777,10,0,0,0.0,0.0
gated_alive:a_3b:92780,a_3b,92780,15.113875389099121,12.843395233154297,10,0,0,0.0,0.0
gated_alive:a_3b:93485,a_3b,93485,-23.84479522705078,-31.635971069335938,10,0,0,0.0,0.0
gated_alive:a_3b:94134,a_3b,94134,-40.810970306396484,-17.113000869750977,10,0,0,0.0,0.0
gated_alive:a_3b:94297,a_3b,94297,-2.933955192565918,19.055957794189453,10,0,0,0.0,0.0
gated_alive:a_3b:94345,a_3b,94345,-43.292659759521484,12.538565635681152,10,0,0,0.0,0.0
gated_alive:a_3b:94667,a_3b,94667,-3.470437526702881,-2.843209743499756,10,0,0,0.0,0.0
gated_alive:a_3b:95972,a_3b,95972,-17.674840927124023,-56.5934944152832,10,0,0,0.0,0.0
gated_alive:a_3b:97281,a_3b,97281,-49.514278411865234,-24.263586044311523,10,0,0,0.0,0.0
gated_alive:a_3b:98378,a_3b,98378,-6.561086177825928,-50.1020393371582,10,0,0,0.0,0.0
gated_alive:a_3b:98559,a_3b,98559,-35.4013557434082,-4.419149875640869,10,0,0,0.0,0.0
gated_alive:a_3b:98725,a_3b,98725,-50.28863525390625,-19.568408966064453,10,0,0,0.0,0.0
gated_alive:a_3b:99523,a_3b,99523,-47.43587875366211,6.632307052612305,10,0,0,0.0,0.0
gated_alive:a_3b:100387,a_3b,100387,4.998232841491699,65.55941772460938,10,0,0,0.0,0.0
gated_alive:a_3b:101160,a_3b,101160,-13.114814758300781,-49.2188835144043,10,0,0,0.0,0.0
gated_alive:a_3b:101226,a_3b,101226,-8.221786499023438,-60.87455368041992,10,0,0,0.0,0.0
gated_alive:a_3b:101610,a_3b,101610,0.6974100470542908,-2.6561295986175537,10,0,0,0.0,0.0
gated_alive:a_3b:102978,a_3b,102978,-51.205299377441406,8.673384666442871,10,0,0,0.0,0.0
gated_alive:a_3b:103589,a_3b,103589,49.37862014770508,-0.7409447431564331,10,0,0,0.0,0.0
gated_alive:a_3b:103650,a_3b,103650,-2.0338962078094482,16.382675170898438,10,0,0,0.0,0.0
gated_alive:a_3b:103851,a_3b,103851,-16.388978958129883,-47.093482971191406,10,0,0,0.0,0.0
gated_alive:a_3b:104115,a_3b,104115,-54.77695846557617,-21.58579444885254,10,0,0,0.0,0.0
gated_alive:a_3b:104159,a_3b,104159,-50.33255386352539,-20.62792205810547,10,0,0,0.0,0.0
gated_alive:a_3b:104308,a_3b,104308,45.850181579589844,-28.86182403564453,10,0,0,0.0,0.0
gated_alive:a_3b:104692,a_3b,104692,-53.70389938354492,-45.970115661621094,10,0,0,0.0,0.0
gated_alive:a_3b:105045,a_3b,105045,15.182893753051758,-18.425926208496094,10,0,0,0.0,0.0
gated_alive:a_3b:105290,a_3b,105290,-10.523506164550781,18.112396240234375,10,0,0,0.0,0.0
gated_alive:a_3b:106438,a_3b,106438,-24.025588989257812,-58.66483688354492,10,0,0,0.0,0.0
gated_alive:a_3b:106601,a_3b,106601,5.316741466522217,33.705848693847656,10,0,0,0.0,0.0
gated_alive:a_3b:106766,a_3b,106766,25.61026382446289,34.53165054321289,10,0,0,0.0,0.0
gated_alive:a_3b:106830,a_3b,106830,25.441606521606445,14.457883834838867,10,0,0,0.0,0.0
gated_alive:a_3b:106999,a_3b,106999,-48.84133529663086,-25.221818923950195,10,0,0,0.0,0.0
gated_alive:a_3b:107424,a_3b,107424,-40.39590835571289,-14.197993278503418,10,0,0,0.0,0.0
gated_alive:a_3b:108095,a_3b,108095,-48.6953125,-5.427768230438232,10,0,0,0.0,0.0
gated_alive:a_3b:108267,a_3b,108267,-49.2135124206543,-30.70185089111328,10,0,0,0.0,0.0
gated_alive:a_3b:108368,a_3b,108368,15.017484664916992,8.922142028808594,10,0,0,0.0,0.0
gated_alive:a_3b:108497,a_3b,108497,-29.205081939697266,52.062984466552734,10,0,0,0.0,0.0
gated_alive:a_3b:109178,a_3b,109178,62.62126922607422,-13.852550506591797,10,0,0,0.0,0.0
gated_alive:a_3b:110712,a_3b,110712,1.0468696355819702,49.10066604614258,10,0,0,0.0,0.0
gated_alive:a_3b:111230,a_3b,111230,14.95913314819336,-2.7035088539123535,10,0,0,0.0,0.0
gated_alive:a_3b:111673,a_3b,111673,-11.057111740112305,-45.12400436401367,10,0,0,0.0,0.0
gated_alive:a_3b:112098,a_3b,112098,-62.20846939086914,-33.59100341796875,10,0,0,0.0,0.0
gated_alive:a_3b:112359,a_3b,112359,-12.597492218017578,-51.900081634521484,10,0,0,0.0,0.0
gated_alive:a_3b:112750,a_3b,112750,-0.4864186942577362,-9.59056568145752,10,0,0,0.0,0.0
gated_alive:a_3b:113740,a_3b,113740,4.543216705322266,4.328953742980957,10,0,0,0.0,0.0
gated_alive:a_3b:113871,a_3b,113871,52.790035247802734,-0.8825761079788208,10,0,0,0.0,0.0
gated_alive:a_3b:115207,a_3b,115207,-8.77857494354248,-53.250144958496094,10,0,0,0.0,0.0
gated_alive:a_3b:115319,a_3b,115319,59.664493560791016,-9.48342514038086,10,0,0,0.0,0.0
gated_alive:a_3b:115632,a_3b,115632,-20.932586669921875,-0.2294110506772995,10,0,0,0.0,0.0
gated_alive:a_3b:115651,a_3b,115651,53.182064056396484,-5.0939531326293945,10,0,0,0.0,0.0
gated_alive:a_3b:116387,a_3b,116387,-54.85884475708008,-27.563756942749023,10,0,0,0.0,0.0
gated_alive:a_3b:116439,a_3b,116439,-12.423439979553223,-34.30015182495117,10,0,0,0.0,0.0
gated_alive:a_3b:116541,a_3b,116541,59.39724349975586,-13.805076599121094,10,0,0,0.0,0.0
gated_alive:a_3b:117156,a_3b,117156,-9.072620391845703,-62.7591552734375,10,0,0,0.0,0.0
gated_alive:a_3b:117333,a_3b,117333,-31.171131134033203,41.653072357177734,10,0,0,0.0,0.0
gated_alive:a_3b:117538,a_3b,117538,-53.349639892578125,-44.77536392211914,10,0,0,0.0,0.0
gated_alive:a_3b:117715,a_3b,117715,-31.613542556762695,36.63676071166992,10,0,0,0.0,0.0
gated_alive:a_3b:118152,a_3b,118152,24.448097229003906,21.404050827026367,10,0,0,0.0,0.0
gated_alive:a_3b:118535,a_3b,118535,-16.540170669555664,-44.635990142822266,10,0,0,0.0,0.0
gated_alive:a_3b:118887,a_3b,118887,-8.304851531982422,54.933895111083984,10,0,0,0.0,0.0
gated_alive:a_3b:118954,a_3b,118954,1.4380905628204346,-33.7020149230957,10,0,0,0.0,0.0
gated_alive:a_3b:119417,a_3b,119417,-25.729639053344727,-63.25411605834961,10,0,0,0.0,0.0
gated_alive:a_3b:119728,a_3b,119728,-7.309722423553467,37.613624572753906,10,0,0,0.0,0.0
gated_alive:a_3b:119986,a_3b,119986,-47.73587417602539,6.0721259117126465,10,0,0,0.0,0.0
gated_alive:a_3b:121303,a_3b,121303,-47.37837219238281,-42.75532913208008,10,0,0,0.0,0.0
gated_alive:a_3b:122937,a_3b,122937,-30.063570022583008,13.657573699951172,10,0,0,0.0,0.0
gated_alive:a_3b:122944,a_3b,122944,18.164682388305664,12.245742797851562,10,0,0,0.0,0.0
gated_alive:a_3b:122945,a_3b,122945,-43.51560974121094,20.124794006347656,10,0,0,0.0,0.0
gated_alive:a_3b:123418,a_3b,123418,-4.092777729034424,22.735328674316406,10,0,0,0.0,0.0
gated_alive:a_3b:123500,a_3b,123500,24.393898010253906,10.52959156036377,10,0,0,0.0,0.0
gated_alive:a_3b:123625,a_3b,123625,15.291298866271973,30.80267333984375,10,0,0,0.0,0.0
gated_alive:a_3b:123849,a_3b,123849,35.665401458740234,26.149648666381836,10,0,0,0.0,0.0
gated_alive:a_3b:124068,a_3b,124068,-6.324305534362793,-55.48002624511719,10,0,3,0.0,0.3
gated_alive:a_3b:124157,a_3b,124157,4.185654640197754,59.79258728027344,10,0,0,0.0,0.0
gated_alive:a_3b:125222,a_3b,125222,25.75119400024414,48.12461471557617,10,0,0,0.0,0.0
gated_alive:a_3b:126276,a_3b,126276,2.9969565868377686,60.87602996826172,10,0,0,0.0,0.0
gated_alive:a_3b:127021,a_3b,127021,10.221451759338379,45.558570861816406,10,0,0,0.0,0.0
gated_alive:a_3b:127077,a_3b,127077,21.64874267578125,-9.374184608459473,10,0,0,0.0,0.0
gated_alive:a_3b:127325,a_3b,127325,-49.2877197265625,-32.2673225402832,10,0,0,0.0,0.0
gated_alive:a_3b:127514,a_3b,127514,-32.151485443115234,31.244396209716797,10,0,0,0.0,0.0
gated_alive:a_3b:128314,a_3b,128314,17.239290237426758,12.406987190246582,10,0,0,0.0,0.0
gated_alive:a_3b:128764,a_3b,128764,51.25106430053711,-32.38325119018555,10,5,5,0.5,0.5
gated_alive:a_3b:129056,a_3b,129056,-57.39634704589844,-28.327896118164062,10,0,0,0.0,0.0
gated_alive:a_3b:129160,a_3b,129160,17.907251358032227,30.050935745239258,10,0,0,0.0,0.0
gated_alive:a_3b:129393,a_3b,129393,-6.008538722991943,-48.58761215209961,10,0,0,0.0,0.0
gated_alive:a_3b:129779,a_3b,129779,32.8797607421875,42.16221618652344,10,0,0,0.0,0.0
gated_alive:a_3b:129945,a_3b,129945,19.857572555541992,13.706377983093262,10,0,0,0.0,0.0
gated_alive:a_3b:130240,a_3b,130240,29.210657119750977,27.408151626586914,10,0,0,0.0,0.0
gated_alive:a_3b:130277,a_3b,130277,10.249055862426758,25.45226287841797,10,0,0,0.0,0.0
gated_alive:a_3b:130586,a_3b,130586,-6.057730674743652,12.941466331481934,10,0,0,0.0,0.0
gated_alive:a_3b:131018,a_3b,131018,-45.608421325683594,-21.843284606933594,10,0,0,0.0,0.0
gated_alive:a_3b:131206,a_3b,131206,-40.84806823730469,19.680959701538086,10,0,0,0.0,0.0
gated_alive:a_3b:131699,a_3b,131699,25.712726593017578,-8.975342750549316,10,0,0,0.0,0.0
gated_alive:a_3b:131736,a_3b,131736,32.94562530517578,49.92867660522461,10,0,0,0.0,0.0
gated_alive:a_3b:132640,a_3b,132640,61.2135124206543,-13.008715629577637,10,0,0,0.0,0.0
gated_alive:a_3b:132732,a_3b,132732,57.38643264770508,-2.037856101989746,10,0,0,0.0,0.0
gated_alive:a_3b:133890,a_3b,133890,-54.82259750366211,-25.339887619018555,10,0,0,0.0,0.0
gated_alive:a_3b:134249,a_3b,134249,0.15901589393615723,23.988401412963867,10,0,0,0.0,0.0
gated_alive:a_3b:134838,a_3b,134838,-39.38198471069336,28.63184356689453,10,0,0,0.0,0.0
gated_alive:a_3b:135245,a_3b,135245,-53.75178146362305,-15.40251350402832,10,0,0,0.0,0.0
gated_alive:a_3b:135346,a_3b,135346,-2.9833984375,26.394691467285156,10,0,0,0.0,0.0
gated_alive:a_3b:135517,a_3b,135517,-47.09375,-31.24283218383789,10,0,0,0.0,0.0
gated_alive:a_3b:135657,a_3b,135657,15.581306457519531,-20.62330436706543,10,0,0,0.0,0.0
gated_alive:a_3b:135687,a_3b,135687,4.399752140045166,21.32082748413086,10,0,0,0.0,0.0
gated_alive:a_3b:136242,a_3b,136242,19.612361907958984,30.348482131958008,10,0,0,0.0,0.0
gated_alive:a_3b:136362,a_3b,136362,40.901092529296875,-21.105058670043945,10,0,2,0.0,0.2
gated_alive:a_3b:137079,a_3b,137079,-6.26894998550415,-56.24321365356445,10,0,0,0.0,0.0
gated_alive:a_3b:137503,a_3b,137503,-20.87127685546875,-52.79341506958008,10,0,0,0.0,0.0
gated_alive:a_3b:137733,a_3b,137733,-17.20680046081543,-10.047622680664062,10,0,0,0.0,0.0
gated_alive:a_3b:138066,a_3b,138066,-44.50359344482422,-30.409950256347656,10,0,0,0.0,0.0
gated_alive:a_3b:138215,a_3b,138215,32.36518478393555,-21.91768455505371,10,0,1,0.0,0.1
gated_alive:a_3b:138219,a_3b,138219,-6.105347633361816,-61.89220428466797,10,0,0,0.0,0.0
gated_alive:a_3b:139087,a_3b,139087,-20.839599609375,-0.2016439586877823,10,0,0,0.0,0.0
gated_alive:a_3b:139380,a_3b,139380,50.85252380371094,-5.8436198234558105,10,0,0,0.0,0.0
gated_alive:a_3b:139403,a_3b,139403,11.501582145690918,2.3631415367126465,10,0,0,0.0,0.0
gated_alive:a_3b:139405,a_3b,139405,-47.85756301879883,-14.45273494720459,10,0,0,0.0,0.0
gated_alive:a_3b:139444,a_3b,139444,-9.414226531982422,-50.14764404296875,10,0,0,0.0,0.0
gated_alive:a_3b:139781,a_3b,139781,-40.2674560546875,-12.518970489501953,10,0,0,0.0,0.0
gated_alive:a_3b:139843,a_3b,139843,-24.145158767700195,-34.981414794921875,10,0,0,0.0,0.0
gated_alive:a_3b:140240,a_3b,140240,-7.2226338386535645,-8.625868797302246,10,0,0,0.0,0.0
gated_alive:a_3b:140349,a_3b,140349,16.0875244140625,29.372013092041016,10,0,0,0.0,0.0
gated_alive:a_3b:140574,a_3b,140574,12.015748023986816,-51.71733474731445,10,0,0,0.0,0.0
gated_alive:a_3b:141080,a_3b,141080,16.84029769897461,59.602046966552734,10,0,0,0.0,0.0
gated_alive:a_3b:141151,a_3b,141151,-39.4559326171875,25.701318740844727,10,0,0,0.0,0.0
gated_alive:a_3b:142307,a_3b,142307,49.79084396362305,-9.819456100463867,10,0,0,0.0,0.0
gated_alive:a_3b:142351,a_3b,142351,-48.725982666015625,-17.67588233947754,10,0,0,0.0,0.0
gated_alive:a_3b:142438,a_3b,142438,-14.276647567749023,-8.540727615356445,10,0,0,0.0,0.0
gated_alive:a_3b:142458,a_3b,142458,-51.83053970336914,27.848854064941406,10,0,0,0.0,0.0
gated_alive:a_3b:142783,a_3b,142783,-45.710933685302734,-17.389982223510742,10,0,0,0.0,0.0
gated_alive:a_3b:143141,a_3b,143141,-3.5793566703796387,-48.00630187988281,10,0,0,0.0,0.0
gated_alive:a_3b:143256,a_3b,143256,32.2235107421875,55.37866973876953,10,0,0,0.0,0.0
gated_alive:a_3b:143611,a_3b,143611,-44.79808044433594,-35.08371353149414,10,0,0,0.0,0.0
gated_alive:a_3b:143919,a_3b,143919,-36.92441940307617,-10.11113452911377,10,0,0,0.0,0.0
gated_alive:a_3b:144116,a_3b,144116,-22.00484848022461,-4.38283109664917,10,0,0,0.0,0.0
gated_alive:a_3b:144562,a_3b,144562,-46.60363006591797,-19.192787170410156,10,0,0,0.0,0.0
gated_alive:a_3b:145326,a_3b,145326,-29.683162689208984,4.162262916564941,10,0,0,0.0,0.0
gated_alive:a_3b:145876,a_3b,145876,30.421987533569336,-6.7790069580078125,10,0,0,0.0,0.0
gated_alive:a_3b:147249,a_3b,147249,1.3864880800247192,0.3330408036708832,10,0,0,0.0,0.0
gated_alive:a_3b:147527,a_3b,147527,-19.84564208984375,-32.79287338256836,10,0,0,0.0,0.0
gated_alive:a_3b:147593,a_3b,147593,-29.413375854492188,11.975177764892578,10,0,0,0.0,0.0
gated_alive:a_3b:147793,a_3b,147793,-28.554550170898438,-46.28879928588867,10,0,0,0.0,0.0
gated_alive:a_3b:147872,a_3b,147872,-47.27318572998047,-18.717267990112305,10,0,0,0.0,0.0
gated_alive:a_3b:147882,a_3b,147882,2.6573798656463623,22.965482711791992,10,0,0,0.0,0.0
gated_alive:a_3b:148271,a_3b,148271,-48.98230743408203,26.568601608276367,10,0,0,0.0,0.0
gated_alive:a_3b:150092,a_3b,150092,-3.603996753692627,-13.568066596984863,10,0,0,0.0,0.0
gated_alive:a_3b:150127,a_3b,150127,-12.759712219238281,-58.072208404541016,10,0,0,0.0,0.0
gated_alive:a_3b:150317,a_3b,150317,4.544486999511719,19.31049156188965,10,0,0,0.0,0.0
gated_alive:a_3b:151005,a_3b,151005,5.290947437286377,10.050544738769531,10,0,0,0.0,0.0
gated_alive:a_3b:151760,a_3b,151760,4.856021881103516,20.5261287689209,10,0,0,0.0,0.0
gated_alive:a_3b:151922,a_3b,151922,-20.32823371887207,-36.68685531616211,10,0,0,0.0,0.0
gated_alive:a_3b:152289,a_3b,152289,-4.590760707855225,-4.598560333251953,10,0,0,0.0,0.0
gated_alive:a_3b:153165,a_3b,153165,4.7522430419921875,65.20582580566406,10,0,0,0.0,0.0
gated_alive:a_3b:153894,a_3b,153894,-0.0616324320435524,0.08295765519142151,10,0,0,0.0,0.0
gated_alive:a_3b:154073,a_3b,154073,-14.18050479888916,-41.0952033996582,10,0,0,0.0,0.0
gated_alive:a_3b:154099,a_3b,154099,-4.221339225769043,-2.339301347732544,10,0,0,0.0,0.0
gated_alive:a_3b:155359,a_3b,155359,-9.187455177307129,-46.961830139160156,10,0,0,0.0,0.0
gated_alive:a_3b:155548,a_3b,155548,44.1428108215332,-8.965400695800781,10,0,0,0.0,0.0
gated_alive:a_3b:155598,a_3b,155598,-48.666236877441406,-19.439050674438477,10,0,0,0.0,0.0
gated_alive:a_3b:155990,a_3b,155990,2.663132667541504,-3.3540186882019043,10,0,0,0.0,0.0
gated_alive:a_3b:156119,a_3b,156119,24.446121215820312,34.82410430908203,10,0,0,0.0,0.0
gated_alive:a_3b:156552,a_3b,156552,-30.841339111328125,-12.689959526062012,10,0,0,0.0,0.0
gated_alive:a_3b:157008,a_3b,157008,4.386880397796631,56.046207427978516,10,0,0,0.0,0.0
gated_alive:a_3b:157034,a_3b,157034,-14.31401252746582,-63.417274475097656,10,0,0,0.0,0.0
gated_alive:a_3b:157440,a_3b,157440,-3.463576316833496,-17.950782775878906,10,0,0,0.0,0.0
gated_alive:a_3b:157611,a_3b,157611,41.75285339355469,-27.36891746520996,10,0,0,0.0,0.0
gated_alive:a_3b:157728,a_3b,157728,-28.46241569519043,1.0760613679885864,10,0,0,0.0,0.0
gated_alive:a_3b:158935,a_3b,158935,-22.808862686157227,-61.55006790161133,10,0,0,0.0,0.0
gated_alive:a_3b:159018,a_3b,159018,31.620792388916016,55.34406280517578,10,0,0,0.0,0.0
gated_alive:a_3b:159895,a_3b,159895,-11.779000282287598,3.0051887035369873,10,0,0,0.0,0.0
gated_alive:a_3b:160051,a_3b,160051,-36.90019989013672,-9.707915306091309,10,0,0,0.0,0.0
gated_alive:a_3b:160204,a_3b,160204,7.56695032119751,-20.474212646484375,10,0,0,0.0,0.0
gated_alive:a_3b:160206,a_3b,160206,-54.55586624145508,-30.319839477539062,10,0,0,0.0,0.0
gated_alive:a_3b:160225,a_3b,160225,40.65637969970703,-28.263084411621094,10,0,0,0.0,0.0
gated_alive:a_3b:160295,a_3b,160295,9.459617614746094,15.006770133972168,10,0,0,0.0,0.0
gated_alive:a_3b:160321,a_3b,160321,-5.410897254943848,-3.0257318019866943,10,0,0,0.0,0.0
gated_alive:a_3b:160734,a_3b,160734,-43.95817947387695,28.8522891998291,10,0,0,0.0,0.0
gated_alive:a_3b:162202,a_3b,162202,34.26386260986328,-8.18461799621582,10,0,1,0.0,0.1
gated_alive:a_3b:162372,a_3b,162372,40.14641571044922,24.156925201416016,10,0,0,0.0,0.0
gated_alive:a_3b:162415,a_3b,162415,-10.7496337890625,-35.73086166381836,10,0,0,0.0,0.0
gated_alive:a_3b:162624,a_3b,162624,-21.39006996154785,-57.69672393798828,10,0,0,0.0,0.0
gated_alive:a_3b:162675,a_3b,162675,-31.348602294921875,17.2249755859375,10,0,0,0.0,0.0
gated_alive:a_3b:163239,a_3b,163239,-19.454540252685547,-39.24447250366211,10,0,0,0.0,0.0
gated_alive:a_3b:163688,a_3b,163688,-7.740651607513428,-48.17201614379883,10,0,0,0.0,0.0
gated_alive:a_3b:164317,a_3b,164317,-12.92894172668457,-43.266387939453125,10,0,0,0.0,0.0
gated_alive:a_3b:164899,a_3b,164899,-49.375335693359375,-20.128910064697266,10,0,0,0.0,0.0
gated_alive:a_3b:165215,a_3b,165215,-15.999079704284668,31.606464385986328,10,0,0,0.0,0.0
gated_alive:a_3b:165459,a_3b,165459,58.520347595214844,-5.544635772705078,10,0,0,0.0,0.0
gated_alive:a_3b:165759,a_3b,165759,-14.031387329101562,-64.97624969482422,10,0,0,0.0,0.0
gated_alive:a_3b:166674,a_3b,166674,-26.631559371948242,-54.3089714050293,10,0,0,0.0,0.0
gated_alive:a_3b:166783,a_3b,166783,-34.192256927490234,33.77613830566406,10,0,0,0.0,0.0
gated_alive:a_3b:166921,a_3b,166921,-45.52189254760742,-32.31671142578125,10,0,0,0.0,0.0
gated_alive:a_3b:166944,a_3b,166944,-49.96932601928711,-16.145109176635742,10,0,0,0.0,0.0
gated_alive:a_3b:167602,a_3b,167602,-13.985002517700195,-46.483123779296875,10,0,0,0.0,0.0
gated_alive:a_3b:168332,a_3b,168332,-14.16914176940918,-51.463706970214844,10,0,0,0.0,0.0
gated_alive:a_3b:168600,a_3b,168600,7.9036478996276855,27.04144859313965,10,0,0,0.0,0.0
gated_alive:a_3b:169489,a_3b,169489,20.537843704223633,-8.869012832641602,10,0,0,0.0,0.0
gated_alive:a_3b:169577,a_3b,169577,-9.290846824645996,57.703365325927734,10,0,0,0.0,0.0
gated_alive:a_3b:170542,a_3b,170542,-54.80929946899414,-21.79081916809082,10,0,0,0.0,0.0
gated_alive:a_3b:171091,a_3b,171091,-3.255464553833008,5.139666557312012,10,0,0,0.0,0.0
gated_alive:a_3b:171263,a_3b,171263,-17.151182174682617,-52.0320930480957,10,0,0,0.0,0.0
gated_alive:a_3b:171387,a_3b,171387,-17.28114128112793,-50.340980529785156,10,0,0,0.0,0.0
gated_alive:a_3b:172214,a_3b,172214,4.427114486694336,4.236466407775879,10,0,0,0.0,0.0
gated_alive:a_3b:172220,a_3b,172220,54.90908432006836,-8.379305839538574,10,0,0,0.0,0.0
gated_alive:a_3b:172335,a_3b,172335,-10.911280632019043,-45.42998504638672,10,0,0,0.0,0.0
gated_alive:a_3b:172823,a_3b,172823,-4.057585716247559,-3.517839193344116,10,0,1,0.0,0.1
gated_alive:a_3b:172845,a_3b,172845,2.4083211421966553,-27.13901710510254,10,0,0,0.0,0.0
gated_alive:a_3b:173399,a_3b,173399,6.21717643737793,-14.574542999267578,10,0,0,0.0,0.0
gated_alive:a_3b:174567,a_3b,174567,-51.43035888671875,-22.405874252319336,10,0,0,0.0,0.0
gated_alive:a_3b:174949,a_3b,174949,4.6697916984558105,4.979084491729736,10,0,0,0.0,0.0
gated_alive:a_3b:175038,a_3b,175038,-50.922725677490234,6.924663543701172,10,0,0,0.0,0.0
gated_alive:a_3b:175473,a_3b,175473,-35.77304458618164,-21.444795608520508,10,0,0,0.0,0.0
gated_alive:a_3b:176473,a_3b,176473,-17.52035903930664,11.65014362335205,10,0,0,0.0,0.0
gated_alive:a_3b:176772,a_3b,176772,12.654979705810547,21.86369514465332,10,0,0,0.0,0.0
gated_alive:a_3b:177210,a_3b,177210,-7.174688339233398,6.354338645935059,10,0,0,0.0,0.0
gated_alive:a_3b:177833,a_3b,177833,-5.184930801391602,-62.38249588012695,10,0,0,0.0,0.0
gated_alive:a_3b:178156,a_3b,178156,2.5923001766204834,-4.260565757751465,10,0,0,0.0,0.0
gated_alive:a_3b:178907,a_3b,178907,-35.82789993286133,44.501243591308594,10,0,0,0.0,0.0
gated_alive:a_3b:179711,a_3b,179711,-0.2629068195819855,-20.29030418395996,10,0,0,0.0,0.0
gated_alive:a_3b:179903,a_3b,179903,-19.691377639770508,-65.58384704589844,10,0,0,0.0,0.0
gated_alive:a_3b:180197,a_3b,180197,-47.305686950683594,-22.398244857788086,10,0,0,0.0,0.0
gated_alive:a_3b:180251,a_3b,180251,19.374013900756836,42.33769989013672,10,0,0,0.0,0.0
gated_alive:a_3b:181836,a_3b,181836,20.064788818359375,-15.988953590393066,10,0,0,0.0,0.0
gated_alive:a_3b:181851,a_3b,181851,38.73603439331055,30.199472427368164,10,0,0,0.0,0.0
gated_alive:a_3b:181902,a_3b,181902,50.4121208190918,-11.040648460388184,10,0,0,0.0,0.0
gated_alive:a_3b:182647,a_3b,182647,25.177095413208008,46.462669372558594,10,0,0,0.0,0.0
gated_alive:a_3b:183235,a_3b,183235,7.373299598693848,61.35882568359375,10,0,0,0.0,0.0
gated_alive:a_3b:184527,a_3b,184527,-17.728212356567383,-54.026123046875,10,0,0,0.0,0.0
gated_alive:a_3b:184655,a_3b,184655,-4.96388578414917,-65.647705078125,10,0,0,0.0,0.0
gated_alive:a_3b:185457,a_3b,185457,41.73916244506836,-14.240647315979004,10,0,0,0.0,0.0
gated_alive:a_3b:185702,a_3b,185702,-54.550350189208984,-3.8989765644073486,10,0,0,0.0,0.0
gated_alive:a_3b:185925,a_3b,185925,-53.7255744934082,24.813419342041016,10,0,0,0.0,0.0
gated_alive:a_3b:186143,a_3b,186143,-12.649683952331543,-57.77493667602539,10,0,0,0.0,0.0
gated_alive:a_3b:186325,a_3b,186325,41.28651428222656,16.040056228637695,10,0,0,0.0,0.0
gated_alive:a_3b:187535,a_3b,187535,-17.1207275390625,-54.627925872802734,10,0,0,0.0,0.0
gated_alive:a_3b:188128,a_3b,188128,22.445581436157227,62.66676330566406,10,0,0,0.0,0.0
gated_alive:a_3b:188339,a_3b,188339,-22.728734970092773,4.16286039352417,10,0,0,0.0,0.0
gated_alive:a_3b:188755,a_3b,188755,51.43535614013672,-37.98851013183594,10,0,0,0.0,0.0
gated_alive:a_3b:189504,a_3b,189504,11.284695625305176,24.800640106201172,10,0,0,0.0,0.0
gated_alive:a_3b:189864,a_3b,189864,39.981666564941406,-37.726951599121094,10,0,4,0.0,0.4
gated_alive:a_3b:189938,a_3b,189938,16.17498207092285,-17.870275497436523,10,0,0,0.0,0.0
gated_alive:a_3b:190575,a_3b,190575,-17.17305564880371,5.071756362915039,10,0,0,0.0,0.0
gated_alive:a_3b:191019,a_3b,191019,-11.654840469360352,-55.578269958496094,10,0,0,0.0,0.0
gated_alive:a_3b:191269,a_3b,191269,38.901206970214844,33.01483154296875,10,0,0,0.0,0.0
gated_alive:a_3b:191652,a_3b,191652,50.23252487182617,-12.089071273803711,10,0,0,0.0,0.0
gated_alive:a_3b:191818,a_3b,191818,-4.59777307510376,-48.75629806518555,10,0,0,0.0,0.0
gated_alive:a_3b:192261,a_3b,192261,15.839031219482422,18.89165496826172,10,0,0,0.0,0.0
gated_alive:a_3b:192458,a_3b,192458,25.84772300720215,-41.71265411376953,10,0,0,0.0,0.0
gated_alive:a_3b:193047,a_3b,193047,-6.046543598175049,11.205793380737305,10,0,0,0.0,0.0
gated_alive:a_3b:193196,a_3b,193196,52.55832290649414,31.779380798339844,10,0,0,0.0,0.0
gated_alive:a_3b:193397,a_3b,193397,4.804159164428711,26.667577743530273,10,0,0,0.0,0.0
gated_alive:a_3b:194579,a_3b,194579,-16.87729263305664,-56.356624603271484,10,0,0,0.0,0.0
gated_alive:a_3b:195856,a_3b,195856,-39.10541534423828,21.39095687866211,10,0,0,0.0,0.0
gated_alive:a_3b:197398,a_3b,197398,-59.425926208496094,-22.00832176208496,10,0,0,0.0,0.0
gated_alive:a_3b:197531,a_3b,197531,-57.02312469482422,-28.933393478393555,10,0,0,0.0,0.0
gated_alive:a_3b:197756,a_3b,197756,-11.440973281860352,-53.40542221069336,10,0,0,0.0,0.0
gated_alive:a_3b:198445,a_3b,198445,36.336490631103516,-14.92930793762207,10,0,0,0.0,0.0
gated_alive:a_3b:198492,a_3b,198492,20.850433349609375,-10.956815719604492,10,0,0,0.0,0.0
gated_alive:a_3b:198591,a_3b,198591,-47.159881591796875,-31.739410400390625,10,0,0,0.0,0.0
gated_alive:a_3b:198638,a_3b,198638,28.74663734436035,55.182315826416016,10,0,0,0.0,0.0
gated_alive:a_3b:199627,a_3b,199627,-48.910682678222656,20.76085090637207,10,0,0,0.0,0.0
gated_alive:a_3b:200207,a_3b,200207,53.207462310791016,33.764442443847656,10,0,0,0.0,0.0
gated_alive:a_3b:200577,a_3b,200577,-15.589713096618652,-50.107120513916016,10,0,0,0.0,0.0
gated_alive:a_3b:200766,a_3b,200766,-51.738590240478516,-12.9974365234375,10,0,0,0.0,0.0
gated_alive:a_3b:200938,a_3b,200938,-50.600032806396484,-16.556289672851562,10,0,0,0.0,0.0
gated_alive:a_3b:201907,a_3b,201907,44.813541412353516,-15.00455093383789,10,0,1,0.0,0.1
gated_alive:a_3b:201943,a_3b,201943,19.492788314819336,27.143962860107422,10,0,0,0.0,0.0
gated_alive:a_3b:202086,a_3b,202086,-16.76363754272461,-54.8763427734375,10,0,0,0.0,0.0
gated_alive:a_3b:202549,a_3b,202549,43.128173828125,37.058040618896484,10,0,0,0.0,0.0
gated_alive:a_3b:202576,a_3b,202576,-17.539655685424805,11.331507682800293,10,0,0,0.0,0.0
gated_alive:a_3b:203255,a_3b,203255,-38.35479736328125,12.084373474121094,10,0,0,0.0,0.0
gated_alive:a_3b:204585,a_3b,204585,-51.702919006347656,-25.887165069580078,10,0,0,0.0,0.0
gated_alive:a_3b:204940,a_3b,204940,32.42243576049805,55.270023345947266,10,0,0,0.0,0.0
gated_alive:a_3b:205089,a_3b,205089,-46.688133239746094,-17.13787841796875,10,0,0,0.0,0.0
gated_alive:a_3b:205107,a_3b,205107,-32.408809661865234,-15.769445419311523,10,0,1,0.0,0.1
gated_alive:a_3b:205345,a_3b,205345,-25.42745590209961,-11.518482208251953,10,0,0,0.0,0.0
gated_alive:a_3b:205699,a_3b,205699,4.745606899261475,62.16229248046875,10,0,0,0.0,0.0
gated_alive:a_3b:206032,a_3b,206032,-60.648136138916016,-33.58985137939453,10,0,0,0.0,0.0
gated_alive:a_3b:207066,a_3b,207066,-11.764920234680176,59.49220275878906,10,0,0,0.0,0.0
gated_alive:a_3b:207421,a_3b,207421,0.9608882069587708,14.220003128051758,10,0,0,0.0,0.0
gated_alive:a_3b:207786,a_3b,207786,-41.71522903442383,34.300052642822266,10,0,0,0.0,0.0
gated_alive:a_3b:207814,a_3b,207814,21.654144287109375,39.81580352783203,10,0,0,0.0,0.0
gated_alive:a_3b:207849,a_3b,207849,4.954050064086914,59.46397399902344,10,0,0,0.0,0.0
gated_alive:a_3b:208699,a_3b,208699,-32.494239807128906,41.38200759887695,10,0,0,0.0,0.0
gated_alive:a_3b:208718,a_3b,208718,41.246803283691406,-16.49405860900879,10,0,0,0.0,0.0
gated_alive:a_3b:210167,a_3b,210167,-57.59775161743164,-6.687502861022949,10,0,0,0.0,0.0
gated_alive:a_3b:210344,a_3b,210344,-22.599267959594727,-9.354538917541504,10,0,0,0.0,0.0
gated_alive:a_3b:210397,a_3b,210397,-41.33284378051758,49.37761306762695,10,0,0,0.0,0.0
gated_alive:a_3b:211237,a_3b,211237,-14.604339599609375,-56.962825775146484,10,0,0,0.0,0.0
gated_alive:a_3b:211256,a_3b,211256,-54.679161071777344,-30.93641471862793,10,0,0,0.0,0.0
gated_alive:a_3b:212207,a_3b,212207,-47.70900344848633,-18.83871841430664,10,0,0,0.0,0.0
gated_alive:a_3b:213502,a_3b,213502,-49.580101013183594,-28.05202293395996,10,0,0,0.0,0.0
gated_alive:a_3b:213670,a_3b,213670,2.153334140777588,-63.320919036865234,10,0,0,0.0,0.0
gated_alive:a_3b:213738,a_3b,213738,-42.06485366821289,11.804490089416504,10,0,6,0.0,0.6
gated_alive:a_3b:213848,a_3b,213848,0.0392334870994091,-14.14169979095459,10,0,0,0.0,0.0
gated_alive:a_3b:214081,a_3b,214081,-2.9591445922851562,26.555824279785156,10,0,0,0.0,0.0
gated_alive:a_3b:214242,a_3b,214242,-1.4234471321105957,-51.71115493774414,10,0,0,0.0,0.0
gated_alive:a_3b:216532,a_3b,216532,-40.31496047973633,-36.36098861694336,10,0,0,0.0,0.0
gated_alive:a_4a:168,a_4a,168,19.63437843322754,-38.190853118896484,7,0,0,0.0,0.0
gated_alive:a_4a:974,a_4a,974,-2.2750754356384277,-2.3458340167999268,7,0,0,0.0,0.0
gated_alive:a_4a:1465,a_4a,1465,-18.01160430908203,-50.99141311645508,7,0,0,0.0,0.0
gated_alive:a_4a:2690,a_4a,2690,-25.226699829101562,-11.72412395477295,7,0,0,0.0,0.0
gated_alive:a_4a:2828,a_4a,2828,-9.44180679321289,2.3983819484710693,7,0,0,0.0,0.0
gated_alive:a_4a:4382,a_4a,4382,10.166669845581055,62.87175750732422,7,0,0,0.0,0.0
gated_alive:a_4a:5068,a_4a,5068,21.60114288330078,16.277437210083008,7,0,0,0.0,0.0
gated_alive:a_4a:5851,a_4a,5851,-4.643231391906738,-24.56987953186035,7,0,0,0.0,0.0
gated_alive:a_4a:7327,a_4a,7327,27.652830123901367,-20.64945411682129,7,0,0,0.0,0.0
gated_alive:a_4a:7388,a_4a,7388,-50.508949279785156,-35.24239730834961,7,0,0,0.0,0.0
gated_alive:a_4a:8136,a_4a,8136,23.144540786743164,-10.142427444458008,7,0,0,0.0,0.0
gated_alive:a_4a:8773,a_4a,8773,-38.521636962890625,-23.137557983398438,7,0,0,0.0,0.0
gated_alive:a_4a:11330,a_4a,11330,2.4983010292053223,8.943009376525879,7,0,0,0.0,0.0
gated_alive:a_4a:11697,a_4a,11697,-4.897452354431152,7.777344226837158,7,0,0,0.0,0.0
gated_alive:a_4a:15227,a_4a,15227,-42.23323059082031,45.82047653198242,7,0,0,0.0,0.0
gated_alive:a_4a:16005,a_4a,16005,30.96068572998047,0.04295748099684715,7,0,0,0.0,0.0
gated_alive:a_4a:17313,a_4a,17313,33.5288200378418,14.700371742248535,7,0,0,0.0,0.0
gated_alive:a_4a:17406,a_4a,17406,-46.883811950683594,29.459857940673828,7,0,0,0.0,0.0
gated_alive:a_4a:17533,a_4a,17533,13.599127769470215,23.026010513305664,7,0,0,0.0,0.0
gated_alive:a_4a:18505,a_4a,18505,32.48556900024414,-11.284972190856934,7,0,0,0.0,0.0
gated_alive:a_4a:19253,a_4a,19253,22.82175064086914,23.595346450805664,7,0,0,0.0,0.0
gated_alive:a_4a:19559,a_4a,19559,25.087175369262695,22.70355796813965,7,0,0,0.0,0.0
gated_alive:a_4a:20022,a_4a,20022,-31.603595733642578,-53.38032150268555,7,0,0,0.0,0.0
gated_alive:a_4a:20688,a_4a,20688,67.77601623535156,-18.286144256591797,7,0,0,0.0,0.0
gated_alive:a_4a:21699,a_4a,21699,-16.582275390625,-49.963584899902344,7,0,0,0.0,0.0
gated_alive:a_4a:21885,a_4a,21885,57.10973358154297,-2.883162021636963,7,0,0,0.0,0.0
gated_alive:a_4a:22234,a_4a,22234,26.597829818725586,-2.602844476699829,7,0,0,0.0,0.0
gated_alive:a_4a:22499,a_4a,22499,-56.290409088134766,-24.997011184692383,7,0,0,0.0,0.0
gated_alive:a_4a:22514,a_4a,22514,-3.142651319503784,9.407340049743652,7,0,0,0.0,0.0
gated_alive:a_4a:23062,a_4a,23062,-22.64681625366211,50.81650924682617,7,0,0,0.0,0.0
gated_alive:a_4a:23170,a_4a,23170,39.86842727661133,-1.956605315208435,7,0,0,0.0,0.0
gated_alive:a_4a:23653,a_4a,23653,-52.1242561340332,-20.575183868408203,7,0,0,0.0,0.0
gated_alive:a_4a:23729,a_4a,23729,-25.693151473999023,-23.093048095703125,7,0,0,0.0,0.0
gated_alive:a_4a:23891,a_4a,23891,-38.93047332763672,-19.61562156677246,7,0,0,0.0,0.0
gated_alive:a_4a:23973,a_4a,23973,-29.336198806762695,58.0248908996582,7,0,0,0.0,0.0
gated_alive:a_4a:24574,a_4a,24574,10.628458976745605,1.217755913734436,7,0,0,0.0,0.0
gated_alive:a_4a:24647,a_4a,24647,-20.844566345214844,12.563868522644043,7,0,0,0.0,0.0
gated_alive:a_4a:25836,a_4a,25836,0.11068706959486008,12.489855766296387,7,0,0,0.0,0.0
gated_alive:a_4a:27369,a_4a,27369,-46.243247985839844,16.468294143676758,7,0,0,0.0,0.0
gated_alive:a_4a:27750,a_4a,27750,-42.48390197753906,6.239217281341553,7,0,0,0.0,0.0
gated_alive:a_4a:28028,a_4a,28028,34.3223991394043,-3.6563336849212646,7,0,0,0.0,0.0
gated_alive:a_4a:28417,a_4a,28417,72.24827575683594,-30.005512237548828,7,2,1,0.2857142857142857,0.14285714285714285
gated_alive:a_4a:28567,a_4a,28567,68.73401641845703,-25.736276626586914,7,1,0,0.14285714285714285,0.0
gated_alive:a_4a:28835,a_4a,28835,58.93547821044922,-1.1557390689849854,7,0,0,0.0,0.0
gated_alive:a_4a:30299,a_4a,30299,-8.601227760314941,63.39618682861328,7,0,0,0.0,0.0
gated_alive:a_4a:30852,a_4a,30852,0.014904022216796875,-43.124114990234375,7,0,0,0.0,0.0
gated_alive:a_4a:30908,a_4a,30908,-43.72394561767578,29.170961380004883,7,0,0,0.0,0.0
gated_alive:a_4a:32105,a_4a,32105,-40.83262634277344,28.63857078552246,7,0,0,0.0,0.0
gated_alive:a_4a:32557,a_4a,32557,14.864434242248535,-55.273189544677734,7,0,0,0.0,0.0
gated_alive:a_4a:32619,a_4a,32619,27.8597354888916,22.485490798950195,7,0,0,0.0,0.0
gated_alive:a_4a:33855,a_4a,33855,2.4278950691223145,0.6819055676460266,7,0,0,0.0,0.0
gated_alive:a_4a:34478,a_4a,34478,17.444143295288086,58.89168167114258,7,0,0,0.0,0.0
gated_alive:a_4a:36106,a_4a,36106,-52.26316833496094,10.671836853027344,7,0,0,0.0,0.0
gated_alive:a_4a:37186,a_4a,37186,-42.59724426269531,-13.624288558959961,7,0,0,0.0,0.0
gated_alive:a_4a:38017,a_4a,38017,-49.797855377197266,-35.99155044555664,7,0,0,0.0,0.0
gated_alive:a_4a:38632,a_4a,38632,-11.467543601989746,10.863268852233887,7,0,0,0.0,0.0
gated_alive:a_4a:38657,a_4a,38657,75.39204406738281,-20.060029983520508,7,0,1,0.0,0.14285714285714285
gated_alive:a_4a:39072,a_4a,39072,5.721714019775391,-16.055877685546875,7,0,0,0.0,0.0
gated_alive:a_4a:39269,a_4a,39269,42.235328674316406,-1.4491509199142456,7,0,0,0.0,0.0
gated_alive:a_4a:41759,a_4a,41759,-53.81507873535156,8.55486011505127,7,0,0,0.0,0.0
gated_alive:a_4a:41889,a_4a,41889,-34.30984878540039,21.509143829345703,7,0,0,0.0,0.0
gated_alive:a_4a:41979,a_4a,41979,-49.235347747802734,13.186551094055176,7,0,0,0.0,0.0
gated_alive:a_4a:42038,a_4a,42038,-34.06665802001953,10.35933780670166,7,0,0,0.0,0.0
gated_alive:a_4a:42807,a_4a,42807,-10.835004806518555,-50.127201080322266,7,0,0,0.0,0.0
gated_alive:a_4a:42961,a_4a,42961,-47.40505599975586,-41.226417541503906,7,0,0,0.0,0.0
gated_alive:a_4a:43099,a_4a,43099,32.888057708740234,39.64987564086914,7,0,0,0.0,0.0
gated_alive:a_4a:43750,a_4a,43750,23.26607322692871,12.056775093078613,7,0,0,0.0,0.0
gated_alive:a_4a:44637,a_4a,44637,34.273258209228516,-3.4416511058807373,7,1,1,0.14285714285714285,0.14285714285714285
gated_alive:a_4a:45690,a_4a,45690,-0.02732500620186329,17.73605728149414,7,0,0,0.0,0.0
gated_alive:a_4a:46183,a_4a,46183,-24.048545837402344,55.52975845336914,7,0,0,0.0,0.0
gated_alive:a_4a:47089,a_4a,47089,-40.25517272949219,24.020292282104492,7,0,0,0.0,0.0
gated_alive:a_4a:47939,a_4a,47939,27.542455673217773,14.096135139465332,7,0,0,0.0,0.0
gated_alive:a_4a:48206,a_4a,48206,-58.20051956176758,-10.713701248168945,7,0,0,0.0,0.0
gated_alive:a_4a:49157,a_4a,49157,0.676776111125946,-1.8794795274734497,7,0,0,0.0,0.0
gated_alive:a_4a:50375,a_4a,50375,-37.592811584472656,9.731585502624512,7,0,0,0.0,0.0
gated_alive:a_4a:50819,a_4a,50819,-29.711008071899414,-55.25786209106445,7,0,0,0.0,0.0
gated_alive:a_4a:51058,a_4a,51058,-52.69602966308594,9.738423347473145,7,0,0,0.0,0.0
gated_alive:a_4a:52036,a_4a,52036,3.750202178955078,-1.9868252277374268,7,0,0,0.0,0.0
gated_alive:a_4a:52540,a_4a,52540,31.972320556640625,14.320966720581055,7,0,0,0.0,0.0
gated_alive:a_4a:52878,a_4a,52878,-50.526824951171875,-13.087362289428711,7,0,0,0.0,0.0
gated_alive:a_4a:55128,a_4a,55128,-26.189708709716797,-59.02874755859375,7,0,0,0.0,0.0
gated_alive:a_4a:55584,a_4a,55584,-27.735685348510742,47.96116256713867,7,0,0,0.0,0.0
gated_alive:a_4a:55685,a_4a,55685,73.36296081542969,-28.500011444091797,7,0,0,0.0,0.0
gated_alive:a_4a:56173,a_4a,56173,-39.31124496459961,-19.812026977539062,7,0,0,0.0,0.0
gated_alive:a_4a:57431,a_4a,57431,-48.811649322509766,-22.696138381958008,7,0,0,0.0,0.0
gated_alive:a_4a:58856,a_4a,58856,25.36557960510254,-10.989404678344727,7,0,0,0.0,0.0
gated_alive:a_4a:60858,a_4a,60858,2.392805814743042,-5.556318759918213,7,0,0,0.0,0.0
gated_alive:a_4a:61162,a_4a,61162,-19.546161651611328,47.82624053955078,7,0,0,0.0,0.0
gated_alive:a_4a:62712,a_4a,62712,-9.356901168823242,-33.14617919921875,7,0,0,0.0,0.0
gated_alive:a_4a:64156,a_4a,64156,-40.55955123901367,24.047243118286133,7,0,0,0.0,0.0
gated_alive:a_4a:64290,a_4a,64290,-56.016849517822266,-24.932729721069336,7,0,0,0.0,0.0
gated_alive:a_4a:64836,a_4a,64836,-9.287978172302246,-43.912166595458984,7,0,0,0.0,0.0
gated_alive:a_4a:64865,a_4a,64865,6.198005676269531,25.935094833374023,7,0,0,0.0,0.0
gated_alive:a_4a:65147,a_4a,65147,-55.54731369018555,-38.554359436035156,7,0,0,0.0,0.0
gated_alive:a_4a:65408,a_4a,65408,40.83915328979492,41.68931198120117,7,0,0,0.0,0.0
gated_alive:a_4a:66794,a_4a,66794,21.56806755065918,6.845387935638428,7,0,0,0.0,0.0
gated_alive:a_4a:67092,a_4a,67092,43.96479415893555,-2.546473741531372,7,0,0,0.0,0.0
gated_alive:a_4a:67928,a_4a,67928,36.30091094970703,51.690250396728516,7,0,0,0.0,0.0
gated_alive:a_4a:68220,a_4a,68220,67.44143676757812,-25.424541473388672,7,0,0,0.0,0.0
gated_alive:a_4a:69095,a_4a,69095,16.152435302734375,21.335926055908203,7,0,0,0.0,0.0
gated_alive:a_4a:69184,a_4a,69184,3.125606060028076,-8.322126388549805,7,0,0,0.0,0.0
gated_alive:a_4a:69992,a_4a,69992,34.59939956665039,49.79764175415039,7,0,0,0.0,0.0
gated_alive:a_4a:70622,a_4a,70622,-58.272422790527344,-37.31657409667969,7,0,0,0.0,0.0
gated_alive:a_4a:72150,a_4a,72150,35.737300872802734,-1.9202606678009033,7,0,0,0.0,0.0
gated_alive:a_4a:72182,a_4a,72182,59.54732894897461,-3.7644357681274414,7,0,0,0.0,0.0
gated_alive:a_4a:72346,a_4a,72346,-10.83296012878418,30.730533599853516,7,0,0,0.0,0.0
gated_alive:a_4a:73491,a_4a,73491,-30.87957191467285,26.931589126586914,7,0,0,0.0,0.0
gated_alive:a_4a:73656,a_4a,73656,-39.03289031982422,-16.493270874023438,7,0,0,0.0,0.0
gated_alive:a_4a:73883,a_4a,73883,31.110998153686523,-0.3454749584197998,7,0,0,0.0,0.0
gated_alive:a_4a:74351,a_4a,74351,28.95673370361328,57.383087158203125,7,0,0,0.0,0.0
gated_alive:a_4a:74369,a_4a,74369,20.566099166870117,11.536445617675781,7,0,0,0.0,0.0
gated_alive:a_4a:75655,a_4a,75655,-31.930950164794922,22.836708068847656,7,0,0,0.0,0.0
gated_alive:a_4a:76346,a_4a,76346,69.36548614501953,-19.760921478271484,7,0,0,0.0,0.0
gated_alive:a_4a:76357,a_4a,76357,-17.561321258544922,39.66630554199219,7,0,0,0.0,0.0
gated_alive:a_4a:76723,a_4a,76723,-21.911296844482422,45.06340408325195,7,0,0,0.0,0.0
gated_alive:a_4a:78587,a_4a,78587,-2.5996241569519043,-65.59906768798828,7,0,0,0.0,0.0
gated_alive:a_4a:78871,a_4a,78871,38.95121383666992,26.743648529052734,7,0,0,0.0,0.0
gated_alive:a_4a:78944,a_4a,78944,67.41813659667969,-29.215850830078125,7,0,0,0.0,0.0
gated_alive:a_4a:80045,a_4a,80045,42.56093215942383,-1.6927907466888428,7,0,0,0.0,0.0
gated_alive:a_4a:81195,a_4a,81195,25.842458724975586,-41.8418083190918,7,0,0,0.0,0.0
gated_alive:a_4a:81403,a_4a,81403,35.30302810668945,47.25606918334961,7,0,0,0.0,0.0
gated_alive:a_4a:81946,a_4a,81946,-11.834667205810547,-7.630492687225342,7,0,0,0.0,0.0
gated_alive:a_4a:82060,a_4a,82060,-14.329446792602539,26.739627838134766,7,0,0,0.0,0.0
gated_alive:a_4a:83510,a_4a,83510,-22.552989959716797,10.513115882873535,7,0,0,0.0,0.0
gated_alive:a_4a:83678,a_4a,83678,-51.43595886230469,-40.799617767333984,7,0,0,0.0,0.0
gated_alive:a_4a:83999,a_4a,83999,75.80633544921875,-22.777454376220703,7,0,0,0.0,0.0
gated_alive:a_4a:84049,a_4a,84049,23.303607940673828,-7.153918266296387,7,0,0,0.0,0.0
gated_alive:a_4a:84631,a_4a,84631,-28.887651443481445,54.87354278564453,7,0,0,0.0,0.0
gated_alive:a_4a:84694,a_4a,84694,-31.801279067993164,-19.607149124145508,7,0,0,0.0,0.0
gated_alive:a_4a:84792,a_4a,84792,19.280963897705078,16.41215705871582,7,0,0,0.0,0.0
gated_alive:a_4a:85578,a_4a,85578,2.118354320526123,3.2105114459991455,7,0,0,0.0,0.0
gated_alive:a_4a:85723,a_4a,85723,47.88732147216797,41.961097717285156,7,0,0,0.0,0.0
gated_alive:a_4a:86597,a_4a,86597,5.998091697692871,-58.54548263549805,7,0,0,0.0,0.0
gated_alive:a_4a:88219,a_4a,88219,-47.30485153198242,25.840564727783203,7,0,0,0.0,0.0
gated_alive:a_4a:89383,a_4a,89383,-50.2415771484375,-43.367698669433594,7,0,0,0.0,0.0
gated_alive:a_4a:89683,a_4a,89683,-50.071250915527344,45.34696960449219,7,0,0,0.0,0.0
gated_alive:a_4a:90424,a_4a,90424,-55.71268844604492,23.955785751342773,7,0,0,0.0,0.0
gated_alive:a_4a:90657,a_4a,90657,-13.159721374511719,-61.770347595214844,7,0,0,0.0,0.0
gated_alive:a_4a:90700,a_4a,90700,-10.780930519104004,16.870433807373047,7,0,0,0.0,0.0
gated_alive:a_4a:91379,a_4a,91379,-52.07109832763672,-24.060453414916992,7,0,0,0.0,0.0
gated_alive:a_4a:91509,a_4a,91509,33.55500030517578,10.639533042907715,7,0,0,0.0,0.0
gated_alive:a_4a:91743,a_4a,91743,-21.88910484313965,-63.220027923583984,7,0,0,0.0,0.0
gated_alive:a_4a:93403,a_4a,93403,32.31696319580078,-2.193986177444458,7,0,0,0.0,0.0
gated_alive:a_4a:94175,a_4a,94175,13.383652687072754,52.11933898925781,7,0,0,0.0,0.0
gated_alive:a_4a:94447,a_4a,94447,9.81664752960205,-45.22341537475586,7,0,0,0.0,0.0
gated_alive:a_4a:94985,a_4a,94985,-11.050806999206543,-50.76960372924805,7,0,0,0.0,0.0
gated_alive:a_4a:95028,a_4a,95028,-37.74538803100586,-16.398361206054688,7,0,0,0.0,0.0
gated_alive:a_4a:95144,a_4a,95144,-40.238304138183594,29.650297164916992,7,0,0,0.0,0.0
gated_alive:a_4a:95679,a_4a,95679,-17.27721405029297,-0.9247069954872131,7,0,0,0.0,0.0
gated_alive:a_4a:96169,a_4a,96169,-31.795269012451172,2.797149181365967,7,0,0,0.0,0.0
gated_alive:a_4a:96535,a_4a,96535,4.389849662780762,26.351646423339844,7,0,0,0.0,0.0
gated_alive:a_4a:99016,a_4a,99016,-46.556644439697266,-31.23841667175293,7,0,0,0.0,0.0
gated_alive:a_4a:99640,a_4a,99640,-11.794501304626465,-28.306856155395508,7,0,0,0.0,0.0
gated_alive:a_4a:99652,a_4a,99652,-54.00127410888672,0.27257582545280457,7,0,0,0.0,0.0
gated_alive:a_4a:99785,a_4a,99785,49.46406555175781,-40.5567512512207,7,0,0,0.0,0.0
gated_alive:a_4a:100126,a_4a,100126,-15.665406227111816,-58.85014343261719,7,0,0,0.0,0.0
gated_alive:a_4a:100592,a_4a,100592,-45.56935501098633,-15.062430381774902,7,0,0,0.0,0.0
gated_alive:a_4a:102156,a_4a,102156,-40.09757995605469,26.797677993774414,7,0,0,0.0,0.0
gated_alive:a_4a:103113,a_4a,103113,29.95850372314453,41.503570556640625,7,0,0,0.0,0.0
gated_alive:a_4a:103305,a_4a,103305,7.285402774810791,21.95639991760254,7,0,0,0.0,0.0
gated_alive:a_4a:104997,a_4a,104997,-39.35934829711914,-30.6436767578125,7,0,0,0.0,0.0
gated_alive:a_4a:105227,a_4a,105227,53.5498046875,-17.009441375732422,7,0,0,0.0,0.0
gated_alive:a_4a:107265,a_4a,107265,-16.350078582763672,42.443389892578125,7,0,0,0.0,0.0
gated_alive:a_4a:107273,a_4a,107273,-44.609283447265625,-4.55304479598999,7,0,0,0.0,0.0
gated_alive:a_4a:108711,a_4a,108711,43.50727844238281,-11.66589069366455,7,0,0,0.0,0.0
gated_alive:a_4a:109984,a_4a,109984,24.96535873413086,37.93120193481445,7,0,0,0.0,0.0
gated_alive:a_4a:110701,a_4a,110701,39.24113464355469,-0.6934354305267334,7,0,0,0.0,0.0
gated_alive:a_4a:112254,a_4a,112254,-20.266529083251953,42.54732131958008,7,0,0,0.0,0.0
gated_alive:a_4a:113976,a_4a,113976,-57.66510009765625,31.950021743774414,7,0,0,0.0,0.0
gated_alive:a_4a:114431,a_4a,114431,-51.25908660888672,8.775751113891602,7,0,0,0.0,0.0
gated_alive:a_4a:114730,a_4a,114730,20.654335021972656,31.88888931274414,7,0,0,0.0,0.0
gated_alive:a_4a:114775,a_4a,114775,42.628517150878906,-4.083038806915283,7,0,0,0.0,0.0
gated_alive:a_4a:115410,a_4a,115410,46.28825378417969,2.6708927154541016,7,0,0,0.0,0.0
gated_alive:a_4a:117291,a_4a,117291,-25.904930114746094,-59.50804901123047,7,0,0,0.0,0.0
gated_alive:a_4a:117340,a_4a,117340,-9.368332862854004,45.89731216430664,7,0,0,0.0,0.0
gated_alive:a_4a:118294,a_4a,118294,-54.490211486816406,21.60851287841797,7,0,0,0.0,0.0
gated_alive:a_4a:118496,a_4a,118496,17.119958877563477,16.1168270111084,7,0,0,0.0,0.0
gated_alive:a_4a:119436,a_4a,119436,-53.700775146484375,-45.96042251586914,7,0,0,0.0,0.0
gated_alive:a_4a:119942,a_4a,119942,42.99620819091797,3.755389928817749,7,0,0,0.0,0.0
gated_alive:a_4a:120288,a_4a,120288,29.632102966308594,-3.2371368408203125,7,0,0,0.0,0.0
gated_alive:a_4a:120635,a_4a,120635,31.182126998901367,8.739935874938965,7,0,0,0.0,0.0
gated_alive:a_4a:121622,a_4a,121622,-50.75418472290039,46.35892105102539,7,0,0,0.0,0.0
gated_alive:a_4a:121831,a_4a,121831,-45.49034881591797,14.03924560546875,7,0,0,0.0,0.0
gated_alive:a_4a:122424,a_4a,122424,22.480587005615234,-18.44801139831543,7,0,0,0.0,0.0
gated_alive:a_4a:123308,a_4a,123308,44.30961227416992,-6.976382255554199,7,0,0,0.0,0.0
gated_alive:a_4a:124026,a_4a,124026,1.6487725973129272,-6.812390327453613,7,0,0,0.0,0.0
gated_alive:a_4a:124831,a_4a,124831,7.4444098472595215,-4.957843780517578,7,0,0,0.0,0.0
gated_alive:a_4a:125832,a_4a,125832,-26.798906326293945,-54.496124267578125,7,0,0,0.0,0.0
gated_alive:a_4a:126066,a_4a,126066,6.125028610229492,-40.955650329589844,7,0,0,0.0,0.0
gated_alive:a_4a:126962,a_4a,126962,10.289260864257812,20.311508178710938,7,0,0,0.0,0.0
gated_alive:a_4a:127785,a_4a,127785,44.48421096801758,16.537290573120117,7,0,0,0.0,0.0
gated_alive:a_4a:128146,a_4a,128146,-18.010770797729492,-50.4672966003418,7,0,0,0.0,0.0
gated_alive:a_4a:128512,a_4a,128512,8.569396018981934,30.872167587280273,7,0,0,0.0,0.0
gated_alive:a_4a:129500,a_4a,129500,0.2708692252635956,-3.428892135620117,7,0,0,0.0,0.0
gated_alive:a_4a:129952,a_4a,129952,75.15013122558594,-20.19788360595703,7,0,0,0.0,0.0
gated_alive:a_4a:130248,a_4a,130248,1.244808554649353,-34.29938507080078,7,0,0,0.0,0.0
gated_alive:a_4a:131327,a_4a,131327,26.836748123168945,-34.69655227661133,7,0,0,0.0,0.0
gated_alive:a_4a:132944,a_4a,132944,31.34937858581543,15.135824203491211,7,0,0,0.0,0.0
gated_alive:a_4a:133154,a_4a,133154,-0.2380126714706421,19.716257095336914,7,0,0,0.0,0.0
gated_alive:a_4a:134134,a_4a,134134,-36.51054763793945,8.583889961242676,7,0,0,0.0,0.0
gated_alive:a_4a:134824,a_4a,134824,-35.1638069152832,52.345481872558594,7,0,0,0.0,0.0
gated_alive:a_4a:136303,a_4a,136303,16.042755126953125,-47.39659118652344,7,0,0,0.0,0.0
gated_alive:a_4a:137352,a_4a,137352,-37.203102111816406,21.26459312438965,7,0,0,0.0,0.0
gated_alive:a_4a:137937,a_4a,137937,21.484338760375977,-4.624556541442871,7,0,0,0.0,0.0
gated_alive:a_4a:138645,a_4a,138645,-8.158585548400879,-34.80838394165039,7,0,0,0.0,0.0
gated_alive:a_4a:139638,a_4a,139638,41.648040771484375,2.0048694610595703,7,0,0,0.0,0.0
gated_alive:a_4a:139701,a_4a,139701,20.997440338134766,34.77958297729492,7,0,0,0.0,0.0
gated_alive:a_4a:140085,a_4a,140085,-8.680803298950195,-51.59485626220703,7,0,0,0.0,0.0
gated_alive:a_4a:140551,a_4a,140551,34.6898193359375,-0.23900042474269867,7,0,0,0.0,0.0
gated_alive:a_4a:140864,a_4a,140864,13.149679183959961,-22.3986873626709,7,0,0,0.0,0.0
gated_alive:a_4a:141172,a_4a,141172,24.640666961669922,36.764060974121094,7,0,0,0.0,0.0
gated_alive:a_4a:142069,a_4a,142069,-45.01860809326172,-20.196720123291016,7,0,0,0.0,0.0
gated_alive:a_4a:142527,a_4a,142527,28.465206146240234,-10.878788948059082,7,0,0,0.0,0.0
gated_alive:a_4a:144157,a_4a,144157,-35.57588577270508,-34.15178680419922,7,0,0,0.0,0.0
gated_alive:a_4a:144779,a_4a,144779,73.7366714477539,-23.30017852783203,7,0,0,0.0,0.0
gated_alive:a_4a:145631,a_4a,145631,42.82324981689453,3.1402485370635986,7,0,0,0.0,0.0
gated_alive:a_4a:146704,a_4a,146704,-0.7241047620773315,23.377029418945312,7,0,0,0.0,0.0
gated_alive:a_4a:146846,a_4a,146846,18.71304702758789,-9.12817096710205,7,0,0,0.0,0.0
gated_alive:a_4a:146854,a_4a,146854,-36.0619010925293,7.205902576446533,7,0,0,0.0,0.0
gated_alive:a_4a:146970,a_4a,146970,-24.981294631958008,-57.594181060791016,7,0,0,0.0,0.0
gated_alive:a_4a:147292,a_4a,147292,33.96363067626953,44.21806716918945,7,0,0,0.0,0.0
gated_alive:a_4a:147683,a_4a,147683,25.447505950927734,-5.557467460632324,7,0,0,0.0,0.0
gated_alive:a_4a:147782,a_4a,147782,41.74782943725586,-0.1718422770500183,7,0,0,0.0,0.0
gated_alive:a_4a:149158,a_4a,149158,-4.455202579498291,37.08012390136719,7,0,0,0.0,0.0
gated_alive:a_4a:149747,a_4a,149747,29.13555335998535,9.957715034484863,7,0,0,0.0,0.0
gated_alive:a_4a:150366,a_4a,150366,-29.619565963745117,-55.198673248291016,7,0,0,0.0,0.0
gated_alive:a_4a:152053,a_4a,152053,-55.27933120727539,-20.809680938720703,7,0,0,0.0,0.0
gated_alive:a_4a:152481,a_4a,152481,49.96120071411133,-2.116471767425537,7,0,0,0.0,0.0
gated_alive:a_4a:152542,a_4a,152542,-2.372732639312744,24.11560821533203,7,0,0,0.0,0.0
gated_alive:a_4a:152643,a_4a,152643,-49.55726623535156,26.350666046142578,7,0,0,0.0,0.0
gated_alive:a_4a:154397,a_4a,154397,67.54036712646484,-25.3996524810791,7,0,0,0.0,0.0
gated_alive:a_4a:155134,a_4a,155134,18.7287654876709,22.690364837646484,7,0,0,0.0,0.0
gated_alive:a_4a:156021,a_4a,156021,32.711631774902344,-3.491260051727295,7,0,0,0.0,0.0
gated_alive:a_4a:158018,a_4a,158018,62.44923782348633,-4.130738735198975,7,0,0,0.0,0.0
gated_alive:a_4a:158749,a_4a,158749,41.642059326171875,0.6616348624229431,7,0,0,0.0,0.0
gated_alive:a_4a:159183,a_4a,159183,4.273560523986816,15.264365196228027,7,0,0,0.0,0.0
gated_alive:a_4a:159617,a_4a,159617,2.8287160396575928,-32.595272064208984,7,0,0,0.0,0.0
gated_alive:a_4a:159817,a_4a,159817,-16.134672164916992,50.78761672973633,7,0,0,0.0,0.0
gated_alive:a_4a:160708,a_4a,160708,-1.8991525173187256,1.824405312538147,7,0,1,0.0,0.14285714285714285
gated_alive:a_4a:161806,a_4a,161806,-12.050802230834961,23.396329879760742,7,0,0,0.0,0.0
gated_alive:a_4a:161869,a_4a,161869,-33.32151412963867,12.943931579589844,7,0,0,0.0,0.0
gated_alive:a_4a:162231,a_4a,162231,-10.242701530456543,-49.21568298339844,7,0,0,0.0,0.0
gated_alive:a_4a:162977,a_4a,162977,24.981870651245117,-43.17121124267578,7,0,0,0.0,0.0
gated_alive:a_4a:163024,a_4a,163024,73.4207763671875,-28.580095291137695,7,0,1,0.0,0.14285714285714285
gated_alive:a_4a:163306,a_4a,163306,-25.865814208984375,-56.38465118408203,7,0,0,0.0,0.0
gated_alive:a_4a:163874,a_4a,163874,2.1519787311553955,10.736042976379395,7,0,0,0.0,0.0
gated_alive:a_4a:163886,a_4a,163886,16.37591552734375,43.87849426269531,7,0,0,0.0,0.0
gated_alive:a_4a:163966,a_4a,163966,2.11671781539917,54.829349517822266,7,0,0,0.0,0.0
gated_alive:a_4a:164339,a_4a,164339,32.56612777709961,-11.890480041503906,7,0,0,0.0,0.0
gated_alive:a_4a:165259,a_4a,165259,-0.3515397608280182,51.82761764526367,7,0,0,0.0,0.0
gated_alive:a_4a:165650,a_4a,165650,-11.050333023071289,48.69389724731445,7,0,0,0.0,0.0
gated_alive:a_4a:166221,a_4a,166221,43.16457748413086,-2.3444392681121826,7,0,2,0.0,0.2857142857142857
gated_alive:a_4a:166292,a_4a,166292,-9.996106147766113,-9.631208419799805,7,0,0,0.0,0.0
gated_alive:a_4a:166447,a_4a,166447,-34.51918411254883,11.033500671386719,7,0,0,0.0,0.0
gated_alive:a_4a:167112,a_4a,167112,26.038990020751953,-2.2072598934173584,7,0,0,0.0,0.0
gated_alive:a_4a:169402,a_4a,169402,-12.01462459564209,-67.60610961914062,7,0,0,0.0,0.0
gated_alive:a_4a:169635,a_4a,169635,-48.00859832763672,21.029312133789062,7,0,0,0.0,0.0
gated_alive:a_4a:169762,a_4a,169762,-22.557830810546875,-64.68427276611328,7,0,0,0.0,0.0
gated_alive:a_4a:170058,a_4a,170058,72.48406982421875,-29.865169525146484,7,0,1,0.0,0.14285714285714285
gated_alive:a_4a:170490,a_4a,170490,43.062103271484375,-3.8427586555480957,7,0,0,0.0,0.0
gated_alive:a_4a:172820,a_4a,172820,36.8723030090332,14.98917007446289,7,0,0,0.0,0.0
gated_alive:a_4a:172919,a_4a,172919,31.707660675048828,25.740764617919922,7,0,0,0.0,0.0
gated_alive:a_4a:173204,a_4a,173204,15.93549633026123,18.73268699645996,7,0,0,0.0,0.0
gated_alive:a_4a:173614,a_4a,173614,36.336639404296875,-10.734658241271973,7,0,0,0.0,0.0
gated_alive:a_4a:173937,a_4a,173937,-57.41485595703125,-26.267976760864258,7,0,0,0.0,0.0
gated_alive:a_4a:174196,a_4a,174196,-33.041290283203125,45.62977600097656,7,0,0,0.0,0.0
gated_alive:a_4a:174274,a_4a,174274,-24.00153350830078,-64.5222396850586,7,3,1,0.42857142857142855,0.14285714285714285
gated_alive:a_4a:175835,a_4a,175835,53.06938934326172,-9.193937301635742,7,0,0,0.0,0.0
gated_alive:a_4a:176711,a_4a,176711,2.5892460346221924,2.4474778175354004,7,0,0,0.0,0.0
gated_alive:a_4a:176739,a_4a,176739,22.146780014038086,18.73000144958496,7,0,0,0.0,0.0
gated_alive:a_4a:176918,a_4a,176918,-3.9640703201293945,3.0484745502471924,7,0,0,0.0,0.0
gated_alive:a_4a:177346,a_4a,177346,-9.211905479431152,-33.88005447387695,7,0,0,0.0,0.0
gated_alive:a_4a:177592,a_4a,177592,23.15910530090332,-10.230550765991211,7,0,0,0.0,0.0
gated_alive:a_4a:177873,a_4a,177873,-7.906098365783691,56.888694763183594,7,0,0,0.0,0.0
gated_alive:a_4a:178056,a_4a,178056,1.8773866891860962,7.327156066894531,7,0,0,0.0,0.0
gated_alive:a_4a:178782,a_4a,178782,-49.08086013793945,45.96657180786133,7,0,0,0.0,0.0
gated_alive:a_4a:179541,a_4a,179541,-29.49991226196289,52.077816009521484,7,0,0,0.0,0.0
gated_alive:a_4a:180174,a_4a,180174,-9.561676979064941,-51.30223846435547,7,0,0,0.0,0.0
gated_alive:a_4a:180846,a_4a,180846,14.765082359313965,17.198793411254883,7,0,0,0.0,0.0
gated_alive:a_4a:180922,a_4a,180922,53.283973693847656,-8.119534492492676,7,0,0,0.0,0.0
gated_alive:a_4a:181245,a_4a,181245,-5.508135795593262,-0.049168989062309265,7,0,0,0.0,0.0
gated_alive:a_4a:181335,a_4a,181335,-44.773014068603516,11.773042678833008,7,0,0,0.0,0.0
gated_alive:a_4a:181722,a_4a,181722,19.04429817199707,-6.861053943634033,7,0,0,0.0,0.0
gated_alive:a_4a:182499,a_4a,182499,23.542720794677734,35.43185043334961,7,0,0,0.0,0.0
gated_alive:a_4a:182993,a_4a,182993,73.85872650146484,-20.738094329833984,7,1,0,0.14285714285714285,0.0
gated_alive:a_4a:183116,a_4a,183116,-49.709373474121094,22.483375549316406,7,0,0,0.0,0.0
gated_alive:a_4a:183458,a_4a,183458,-15.631597518920898,37.9116096496582,7,0,0,0.0,0.0
gated_alive:a_4a:183803,a_4a,183803,36.86835861206055,-2.235771894454956,7,0,0,0.0,0.0
gated_alive:a_4a:187097,a_4a,187097,-37.7645378112793,-22.134769439697266,7,0,0,0.0,0.0
gated_alive:a_4a:187347,a_4a,187347,56.57831573486328,-6.030988693237305,7,0,0,0.0,0.0
gated_alive:a_4a:188743,a_4a,188743,-38.85249328613281,34.91975402832031,7,0,0,0.0,0.0
gated_alive:a_4a:189849,a_4a,189849,36.531410217285156,1.5720925331115723,7,0,0,0.0,0.0
gated_alive:a_4a:191413,a_4a,191413,-50.1468391418457,10.606949806213379,7,0,0,0.0,0.0
gated_alive:a_4a:191822,a_4a,191822,7.365553379058838,-1.330533504486084,7,0,0,0.0,0.0
gated_alive:a_4a:193503,a_4a,193503,46.688907623291016,-2.017007827758789,7,0,0,0.0,0.0
gated_alive:a_4a:194954,a_4a,194954,0.23977476358413696,-42.7544059753418,7,0,0,0.0,0.0
gated_alive:a_4a:195476,a_4a,195476,-31.110393524169922,40.591392517089844,7,0,0,0.0,0.0
gated_alive:a_4a:195889,a_4a,195889,20.213796615600586,-1.719796895980835,7,0,0,0.0,0.0
gated_alive:a_4a:197644,a_4a,197644,28.187837600708008,11.955265998840332,7,0,0,0.0,0.0
gated_alive:a_4a:198394,a_4a,198394,-30.691003799438477,-7.638763904571533,7,0,0,0.0,0.0
gated_alive:a_4a:198544,a_4a,198544,-40.3150749206543,1.1931954622268677,7,0,0,0.0,0.0
gated_alive:a_4a:199299,a_4a,199299,-0.2194797545671463,4.882005214691162,7,0,0,0.0,0.0
gated_alive:a_4a:199471,a_4a,199471,47.425437927246094,-41.371463775634766,7,3,3,0.42857142857142855,0.42857142857142855
gated_alive:a_4a:199645,a_4a,199645,-31.69094467163086,45.96862030029297,7,0,0,0.0,0.0
gated_alive:a_4a:200433,a_4a,200433,-34.577938079833984,55.204593658447266,7,0,0,0.0,0.0
gated_alive:a_4a:200661,a_4a,200661,71.0241470336914,-26.16240692138672,7,0,0,0.0,0.0
gated_alive:a_4a:200713,a_4a,200713,-11.884405136108398,-43.76408004760742,7,0,0,0.0,0.0
gated_alive:a_4a:202570,a_4a,202570,-35.92195129394531,9.377488136291504,7,0,0,0.0,0.0
gated_alive:a_4a:202577,a_4a,202577,5.722167015075684,57.87288284301758,7,0,0,0.0,0.0
gated_alive:a_4a:202746,a_4a,202746,-53.52230453491211,23.241649627685547,7,0,0,0.0,0.0
gated_alive:a_4a:204063,a_4a,204063,51.06730270385742,-21.356422424316406,7,0,0,0.0,0.0
gated_alive:a_4a:204223,a_4a,204223,23.42020034790039,-6.776655197143555,7,0,0,0.0,0.0
gated_alive:a_4a:204412,a_4a,204412,0.8970433473587036,-20.146591186523438,7,0,0,0.0,0.0
gated_alive:a_4a:204448,a_4a,204448,50.27101135253906,-12.149934768676758,7,0,0,0.0,0.0
gated_alive:a_4a:205107,a_4a,205107,-37.56159210205078,55.07683181762695,7,0,0,0.0,0.0
gated_alive:a_4a:207814,a_4a,207814,22.170501708984375,30.115095138549805,7,0,0,0.0,0.0
gated_alive:a_4a:208174,a_4a,208174,4.727115154266357,-5.522476673126221,7,0,0,0.0,0.0
gated_alive:a_4a:208239,a_4a,208239,-19.48848533630371,-45.396453857421875,7,0,0,0.0,0.0
gated_alive:a_4a:209217,a_4a,209217,-16.805431365966797,-23.339643478393555,7,0,0,0.0,0.0
gated_alive:a_4a:209528,a_4a,209528,20.13705825805664,9.586231231689453,7,0,0,0.0,0.0
gated_alive:a_4a:209667,a_4a,209667,21.206270217895508,7.430370807647705,7,0,0,0.0,0.0
gated_alive:a_4a:209673,a_4a,209673,-16.28056526184082,29.084022521972656,7,0,0,0.0,0.0
gated_alive:a_4a:209776,a_4a,209776,-26.254240036010742,-14.218412399291992,7,0,0,0.0,0.0
gated_alive:a_4a:209785,a_4a,209785,-33.637123107910156,33.24932098388672,7,0,0,0.0,0.0
gated_alive:a_4a:210130,a_4a,210130,-45.480712890625,-32.76655960083008,7,0,0,0.0,0.0
gated_alive:a_4a:210749,a_4a,210749,-23.548112869262695,40.24514389038086,7,0,0,0.0,0.0
gated_alive:a_4a:212265,a_4a,212265,-22.43110466003418,43.778255462646484,7,0,0,0.0,0.0
gated_alive:a_4a:212583,a_4a,212583,-56.083412170410156,31.987445831298828,7,0,0,0.0,0.0
gated_alive:a_4a:213317,a_4a,213317,11.756570816040039,-29.019580841064453,7,0,0,0.0,0.0
gated_alive:a_4a:213727,a_4a,213727,43.91571044921875,-5.283749580383301,7,0,0,0.0,0.0
gated_alive:a_4a:214247,a_4a,214247,-53.814815521240234,8.370927810668945,7,0,0,0.0,0.0
gated_alive:a_4a:214664,a_4a,214664,-28.79875946044922,-11.325968742370605,7,0,0,0.0,0.0
gated_alive:a_4a:214685,a_4a,214685,9.150249481201172,-34.65691375732422,7,0,0,0.0,0.0
gated_alive:a_4a:214806,a_4a,214806,30.78583526611328,40.87063217163086,7,0,0,0.0,0.0
gated_alive:a_4a:215356,a_4a,215356,39.34611129760742,1.5419073104858398,7,0,0,0.0,0.0
gated_alive:a_4a:215650,a_4a,215650,3.22283935546875,-2.8196024894714355,7,0,0,0.0,0.0
gated_alive:a_4a:216222,a_4a,216222,11.843926429748535,-52.72441482543945,7,0,0,0.0,0.0
gated_alive:a_4a:216390,a_4a,216390,-34.05067825317383,2.109650135040283,7,0,0,0.0,0.0
gated_alive:a_4a:216958,a_4a,216958,-52.126304626464844,-32.147499084472656,7,0,0,0.0,0.0
gated_alive:a_4a:218017,a_4a,218017,9.020720481872559,-30.082931518554688,7,0,0,0.0,0.0
gated_alive:a_4a:218023,a_4a,218023,74.14823913574219,-20.615549087524414,7,0,0,0.0,0.0
gated_alive:a_4a:218176,a_4a,218176,32.6415901184082,-11.409120559692383,7,0,0,0.0,0.0
gated_alive:a_4a:219097,a_4a,219097,40.25385665893555,-3.8147873878479004,7,0,0,0.0,0.0
gated_alive:a_4a:219141,a_4a,219141,-31.455638885498047,17.366140365600586,7,0,0,0.0,0.0
gated_alive:a_4a:221566,a_4a,221566,-0.0784679651260376,-3.638843059539795,7,0,0,0.0,0.0
gated_alive:a_4a:224615,a_4a,224615,8.970791816711426,12.957157135009766,7,0,0,0.0,0.0
gated_alive:a_4a:225184,a_4a,225184,-11.40432357788086,55.28265380859375,7,0,0,0.0,0.0
gated_alive:a_4a:225424,a_4a,225424,-38.97842788696289,20.68071937561035,7,0,0,0.0,0.0
gated_alive:a_4a:228610,a_4a,228610,-27.377399444580078,-55.22810745239258,7,0,0,0.0,0.0
gated_alive:a_4a:229423,a_4a,229423,5.8966851234436035,0.4943360686302185,7,0,0,0.0,0.0
gated_alive:a_4a:229805,a_4a,229805,17.131572723388672,18.12397003173828,7,0,0,0.0,0.0
gated_alive:a_4a:231176,a_4a,231176,-51.90549850463867,-12.3535737991333,7,0,0,0.0,0.0
gated_alive:a_4a:232237,a_4a,232237,22.582130432128906,19.19875717163086,7,0,0,0.0,0.0
gated_alive:a_4a:233184,a_4a,233184,-11.597993850708008,13.209099769592285,7,0,0,0.0,0.0
gated_alive:a_4a:233202,a_4a,233202,-36.92550277709961,16.728485107421875,7,0,0,0.0,0.0
gated_alive:a_4a:234757,a_4a,234757,22.379499435424805,27.872533798217773,7,0,0,0.0,0.0
gated_alive:a_4a:234922,a_4a,234922,-9.743707656860352,-51.629234313964844,7,0,0,0.0,0.0
gated_alive:a_4a:235072,a_4a,235072,8.95919132232666,-30.165966033935547,7,0,0,0.0,0.0
gated_alive:a_4a:235075,a_4a,235075,25.180377960205078,7.83544921875,7,0,0,0.0,0.0
gated_alive:a_4a:235233,a_4a,235233,14.388727188110352,18.964252471923828,7,0,0,0.0,0.0
gated_alive:a_4a:235539,a_4a,235539,2.1026790142059326,-3.7168352603912354,7,0,0,0.0,0.0
gated_alive:a_4a:237983,a_4a,237983,28.949846267700195,-20.94141387939453,7,0,0,0.0,0.0
gated_alive:a_4a:238268,a_4a,238268,72.9556655883789,-26.745973587036133,7,0,0,0.0,0.0
gated_alive:a_4a:238402,a_4a,238402,3.841334342956543,-0.9475693106651306,7,0,0,0.0,0.0
gated_alive:a_4a:239268,a_4a,239268,18.21226692199707,8.783147811889648,7,0,0,0.0,0.0
gated_alive:a_4a:239376,a_4a,239376,33.95246124267578,44.2100830078125,7,0,0,0.0,0.0
gated_alive:a_4a:241171,a_4a,241171,75.183349609375,-20.4002742767334,7,0,0,0.0,0.0
gated_alive:a_4a:241226,a_4a,241226,15.277064323425293,15.560348510742188,7,0,0,0.0,0.0
gated_alive:a_4a:241825,a_4a,241825,24.469196319580078,13.860671043395996,7,0,0,0.0,0.0
gated_alive:a_4a:242790,a_4a,242790,26.680612564086914,23.363615036010742,7,0,0,0.0,0.0
gated_alive:a_4a:243658,a_4a,243658,21.47551727294922,-31.013267517089844,7,0,0,0.0,0.0
gated_alive:a_4a:244975,a_4a,244975,-14.060079574584961,-53.12842559814453,7,0,0,0.0,0.0
gated_alive:a_4a:245887,a_4a,245887,-46.867454528808594,-25.36919593811035,7,0,0,0.0,0.0
gated_alive:a_4a:245947,a_4a,245947,38.513031005859375,-11.452460289001465,7,0,0,0.0,0.0
gated_alive:a_4a:246310,a_4a,246310,-18.759449005126953,40.55075454711914,7,0,0,0.0,0.0
gated_alive:a_4a:246426,a_4a,246426,-3.555863857269287,-13.789386749267578,7,0,0,0.0,0.0
gated_alive:a_4a:246625,a_4a,246625,-17.29119873046875,-64.03288269042969,7,0,0,0.0,0.0
gated_alive:a_4a:247670,a_4a,247670,-25.832298278808594,9.788496017456055,7,0,0,0.0,0.0
gated_alive:a_4a:248176,a_4a,248176,-24.59424591064453,-64.25910186767578,7,0,1,0.0,0.14285714285714285
gated_alive:a_4a:248828,a_4a,248828,-62.88357162475586,-32.82670593261719,7,0,0,0.0,0.0
gated_alive:a_4a:248858,a_4a,248858,5.335105895996094,-2.2570960521698,7,0,0,0.0,0.0
gated_alive:a_4a:249276,a_4a,249276,21.48772621154785,7.058095932006836,7,0,0,0.0,0.0
gated_alive:a_4a:250932,a_4a,250932,48.43178939819336,-5.2655463218688965,7,0,0,0.0,0.0
gated_alive:a_4a:251067,a_4a,251067,69.08805847167969,-17.70073890686035,7,0,0,0.0,0.0
gated_alive:a_4a:251264,a_4a,251264,45.41166687011719,23.165918350219727,7,0,0,0.0,0.0
gated_alive:a_4a:251752,a_4a,251752,-19.764257431030273,-65.63224792480469,7,0,0,0.0,0.0
gated_alive:a_4a:251908,a_4a,251908,18.341106414794922,9.683469772338867,7,0,0,0.0,0.0
gated_alive:a_4a:253518,a_4a,253518,-41.514305114746094,21.848337173461914,7,0,0,0.0,0.0
gated_alive:a_4a:253590,a_4a,253590,-43.47907257080078,-14.14047908782959,7,0,0,0.0,0.0
gated_alive:a_4a:253994,a_4a,253994,-55.4011116027832,9.725265502929688,7,0,0,0.0,0.0
gated_alive:a_4a:255736,a_4a,255736,70.85303497314453,-28.171783447265625,7,0,0,0.0,0.0
gated_alive:a_4a:257105,a_4a,257105,-50.6008415222168,-19.568981170654297,7,0,0,0.0,0.0
gated_alive:a_4a:257655,a_4a,257655,9.297343254089355,63.135047912597656,7,0,0,0.0,0.0
gated_alive:a_4a:257753,a_4a,257753,39.29480743408203,7.906068801879883,7,0,0,0.0,0.0
gated_alive:a_4a:258441,a_4a,258441,6.035904884338379,14.170614242553711,7,0,0,0.0,0.0
gated_alive:a_4a:259557,a_4a,259557,41.00894546508789,13.700258255004883,7,0,0,0.0,0.0
gated_alive:a_4a:260334,a_4a,260334,9.656875610351562,-54.88835906982422,7,0,0,0.0,0.0
gated_alive:a_4a:260510,a_4a,260510,-50.73273468017578,-41.1622200012207,7,0,0,0.0,0.0
gated_alive:a_4a:260700,a_4a,260700,-28.355173110961914,-46.49750518798828,7,0,0,0.0,0.0
gated_alive:a_4a:261429,a_4a,261429,67.82666778564453,-19.39848518371582,7,0,2,0.0,0.2857142857142857
gated_alive:a_4a:261776,a_4a,261776,16.76421356201172,43.45446014404297,7,0,0,0.0,0.0
gated_alive:a_4a:262508,a_4a,262508,-51.26019287109375,26.455753326416016,7,0,0,0.0,0.0
gated_alive:a_4a:262866,a_4a,262866,27.299911499023438,12.142416954040527,7,0,0,0.0,0.0
gated_alive:a_4a:263238,a_4a,263238,-22.685110092163086,47.59772491455078,7,0,0,0.0,0.0
gated_alive:a_4a:263518,a_4a,263518,-8.093828201293945,-34.785057067871094,7,0,0,0.0,0.0
gated_alive:a_4a:263783,a_4a,263783,-17.27712059020996,-66.34967803955078,7,0,0,0.0,0.0
gated_alive:a_4a:264058,a_4a,264058,-52.24007034301758,-18.26852035522461,7,0,0,0.0,0.0
gated_alive:a_4a:264089,a_4a,264089,-55.38804626464844,9.693140029907227,7,0,0,0.0,0.0
gated_alive:a_4a:264578,a_4a,264578,-45.42518997192383,3.8564059734344482,7,0,0,0.0,0.0
gated_alive:a_4a:264952,a_4a,264952,27.798908233642578,-21.97303581237793,7,0,0,0.0,0.0
gated_alive:a_4a:265014,a_4a,265014,28.2320556640625,1.253314733505249,7,0,0,0.0,0.0
gated_alive:a_4a:266178,a_4a,266178,46.77940368652344,-8.233027458190918,7,0,0,0.0,0.0
gated_alive:a_4a:267037,a_4a,267037,56.42731857299805,-4.80355978012085,7,0,0,0.0,0.0
gated_alive:a_4a:267677,a_4a,267677,5.220773696899414,58.18913650512695,7,0,0,0.0,0.0
gated_alive:a_4a:268254,a_4a,268254,3.2188780307769775,66.0857925415039,7,0,0,0.0,0.0
gated_alive:a_4a:268608,a_4a,268608,-28.638933181762695,58.298126220703125,7,0,0,0.0,0.0
gated_alive:a_4a:268896,a_4a,268896,-5.575356960296631,-15.31571102142334,7,0,0,0.0,0.0
gated_alive:a_4a:269199,a_4a,269199,42.79387283325195,22.700824737548828,7,0,0,0.0,0.0
gated_alive:a_4a:269237,a_4a,269237,-39.12509536743164,29.035785675048828,7,0,0,0.0,0.0
gated_alive:a_4a:269675,a_4a,269675,-42.77739334106445,-14.35439682006836,7,0,0,0.0,0.0
gated_alive:a_4a:269937,a_4a,269937,14.562490463256836,-53.171932220458984,7,0,0,0.0,0.0
gated_alive:a_4a:270137,a_4a,270137,-33.05009460449219,-15.187240600585938,7,0,0,0.0,0.0
gated_alive:a_4a:271365,a_4a,271365,-35.40790557861328,5.999143600463867,7,0,0,0.0,0.0
gated_alive:a_4a:271418,a_4a,271418,-48.18241500854492,22.367328643798828,7,0,0,0.0,0.0
gated_alive:a_4a:272005,a_4a,272005,34.562618255615234,0.0649256631731987,7,0,1,0.0,0.14285714285714285
gated_alive:a_4a:272028,a_4a,272028,-49.65834426879883,-22.41956901550293,7,0,0,0.0,0.0
gated_alive:a_4a:272088,a_4a,272088,-43.2154426574707,7.468899726867676,7,0,0,0.0,0.0
gated_alive:a_4a:273820,a_4a,273820,7.648726463317871,6.4257612228393555,7,0,0,0.0,0.0
gated_alive:a_4a:274364,a_4a,274364,-39.93172836303711,-31.681499481201172,7,0,0,0.0,0.0
gated_alive:a_4a:274787,a_4a,274787,14.623801231384277,58.72910690307617,7,0,0,0.0,0.0
gated_alive:a_4a:275341,a_4a,275341,-49.4385986328125,5.448740482330322,7,0,0,0.0,0.0
gated_alive:a_4a:276269,a_4a,276269,-17.291549682617188,-57.152183532714844,7,0,0,0.0,0.0
gated_alive:a_4a:276992,a_4a,276992,-39.184730529785156,30.210704803466797,7,0,0,0.0,0.0
gated_alive:a_4a:277973,a_4a,277973,7.228331089019775,27.7303409576416,7,0,0,0.0,0.0
gated_alive:a_4a:281015,a_4a,281015,13.69199275970459,-54.736793518066406,7,0,0,0.0,0.0
gated_alive:a_4a:281143,a_4a,281143,-47.2584228515625,20.428630828857422,7,0,0,0.0,0.0
gated_alive:a_4a:281172,a_4a,281172,60.67148971557617,-2.0069971084594727,7,0,0,0.0,0.0
gated_alive:a_4a:282238,a_4a,282238,1.45267653465271,1.2355657815933228,7,0,0,0.0,0.0
gated_alive:a_4a:283269,a_4a,283269,42.82115936279297,-10.152241706848145,7,0,0,0.0,0.0
gated_alive:a_4a:283312,a_4a,283312,50.31987762451172,-1.4715933799743652,7,0,0,0.0,0.0
gated_alive:a_4a:284205,a_4a,284205,-8.83752727508545,58.7280387878418,7,0,0,0.0,0.0
gated_alive:a_4a:284451,a_4a,284451,0.7947291731834412,-5.85038948059082,7,0,0,0.0,0.0
gated_alive:a_4a:285498,a_4a,285498,53.02285385131836,-12.022163391113281,7,0,0,0.0,0.0
gated_alive:a_4a:286443,a_4a,286443,65.38075256347656,-18.731351852416992,7,0,0,0.0,0.0
gated_alive:a_4a:286547,a_4a,286547,-47.1955680847168,-32.739051818847656,7,0,0,0.0,0.0
gated_alive:a_4a:286877,a_4a,286877,31.28927230834961,-46.80893325805664,7,0,0,0.0,0.0
gated_alive:a_4a:287897,a_4a,287897,-56.33327102661133,29.25328826904297,7,0,0,0.0,0.0
gated_alive:a_4a:288005,a_4a,288005,57.527652740478516,4.836008548736572,7,0,0,0.0,0.0
gated_alive:a_4a:288148,a_4a,288148,-50.26933288574219,-36.486785888671875,7,0,0,0.0,0.0
gated_alive:a_4a:288254,a_4a,288254,-49.258548736572266,-39.819549560546875,7,0,0,0.0,0.0
gated_alive:a_4a:291187,a_4a,291187,-36.05038070678711,-14.486191749572754,7,0,0,0.0,0.0
gated_alive:a_4a:291278,a_4a,291278,-11.05282974243164,-53.29517364501953,7,0,0,0.0,0.0
gated_alive:a_4a:291335,a_4a,291335,-51.533939361572266,-41.32936096191406,7,0,0,0.0,0.0
gated_alive:a_4a:291902,a_4a,291902,-48.70070266723633,-39.18471145629883,7,0,0,0.0,0.0
gated_alive:a_4a:292080,a_4a,292080,62.56135559082031,-13.802433013916016,7,0,0,0.0,0.0
gated_alive:a_4a:292761,a_4a,292761,41.81544876098633,-22.062183380126953,7,0,0,0.0,0.0
gated_alive:a_4a:293329,a_4a,293329,-12.689873695373535,13.705206871032715,7,0,0,0.0,0.0
gated_alive:a_4a:294084,a_4a,294084,22.955846786499023,-51.47460174560547,7,0,0,0.0,0.0
gated_alive:a_4a:294175,a_4a,294175,-58.217872619628906,-4.541155815124512,7,0,0,0.0,0.0
gated_alive:a_4a:294665,a_4a,294665,-50.8577880859375,28.326364517211914,7,0,0,0.0,0.0
gated_alive:a_4a:295350,a_4a,295350,34.87983322143555,0.4704289734363556,7,0,0,0.0,0.0
gated_alive:a_4a:295849,a_4a,295849,7.6996989250183105,27.06390380859375,7,0,0,0.0,0.0
gated_alive:a_4a:296096,a_4a,296096,-7.153103828430176,18.853349685668945,7,0,0,0.0,0.0
gated_alive:a_4a:296397,a_4a,296397,6.998245716094971,-1.472400188446045,7,0,0,0.0,0.0
gated_alive:a_4a:296416,a_4a,296416,-1.426572322845459,17.116071701049805,7,0,0,0.0,0.0
gated_alive:a_4a:297151,a_4a,297151,-12.587828636169434,-8.209874153137207,7,0,0,0.0,0.0
gated_alive:a_4a:297182,a_4a,297182,-37.9387092590332,-3.423109531402588,7,0,0,0.0,0.0
gated_alive:a_4a:297200,a_4a,297200,43.34767532348633,6.6073198318481445,7,0,0,0.0,0.0
gated_alive:a_4a:297340,a_4a,297340,22.375606536865234,-3.5600671768188477,7,0,0,0.0,0.0
gated_alive:a_4a:298276,a_4a,298276,-10.115775108337402,-56.28819274902344,7,0,0,0.0,0.0
gated_alive:a_4a:298340,a_4a,298340,21.967090606689453,-10.976906776428223,7,0,0,0.0,0.0
gated_alive:a_4a:299533,a_4a,299533,-43.37747573852539,-10.382929801940918,7,0,0,0.0,0.0
gated_alive:a_4a:300378,a_4a,300378,33.522247314453125,27.939743041992188,7,0,0,0.0,0.0
gated_alive:a_4a:300686,a_4a,300686,3.393181085586548,8.59026050567627,7,0,0,0.0,0.0
gated_alive:a_4a:301046,a_4a,301046,-6.990044116973877,15.264930725097656,7,0,0,0.0,0.0
gated_alive:a_4a:301671,a_4a,301671,-28.38164520263672,1.1203457117080688,7,0,0,0.0,0.0
gated_alive:a_4a:302478,a_4a,302478,-49.97886276245117,-22.80210304260254,7,0,0,0.0,0.0
gated_alive:a_4a:302490,a_4a,302490,-31.87339973449707,-21.47737693786621,7,0,0,0.0,0.0
gated_alive:a_4a:302572,a_4a,302572,-28.625635147094727,13.492927551269531,7,0,0,0.0,0.0
gated_alive:a_4a:302617,a_4a,302617,-0.30672675371170044,29.272485733032227,7,0,0,0.0,0.0
gated_alive:a_4a:303255,a_4a,303255,3.969374179840088,-19.719959259033203,7,0,0,0.0,0.0
gated_alive:a_4a:303750,a_4a,303750,-32.05599594116211,49.2001838684082,7,0,0,0.0,0.0
gated_alive:a_4a:303764,a_4a,303764,-11.865731239318848,59.471858978271484,7,0,0,0.0,0.0
gated_alive:a_4a:304258,a_4a,304258,-21.1934871673584,41.28628158569336,7,0,0,0.0,0.0
gated_alive:a_4a:304363,a_4a,304363,-23.677417755126953,32.90453338623047,7,0,0,0.0,0.0
gated_alive:a_4a:304605,a_4a,304605,-43.82941436767578,22.43097496032715,7,0,0,0.0,0.0
gated_alive:a_4a:304662,a_4a,304662,-48.2700080871582,22.291515350341797,7,0,0,0.0,0.0
gated_alive:a_4a:305453,a_4a,305453,-6.04276180267334,-3.7459964752197266,7,0,0,0.0,0.0
gated_alive:a_4a:306842,a_4a,306842,-0.8300536274909973,-3.3680524826049805,7,0,0,0.0,0.0
gated_alive:a_4a:307470,a_4a,307470,-8.594797134399414,58.354339599609375,7,0,0,0.0,0.0
gated_alive:a_4a:307602,a_4a,307602,36.80934524536133,15.412826538085938,7,0,0,0.0,0.0
gated_alive:a_4a:307916,a_4a,307916,15.645788192749023,-45.09578323364258,7,0,1,0.0,0.14285714285714285
gated_alive:a_4a:307921,a_4a,307921,-31.893770217895508,-13.39385986328125,7,0,0,0.0,0.0
gated_alive:a_4a:308047,a_4a,308047,-15.791030883789062,16.42849349975586,7,0,0,0.0,0.0
gated_alive:a_4a:308425,a_4a,308425,19.826751708984375,-48.928768157958984,7,0,0,0.0,0.0
gated_alive:a_4a:309284,a_4a,309284,-14.970793724060059,3.731842279434204,7,0,0,0.0,0.0
gated_alive:a_4a:309326,a_4a,309326,-52.885929107666016,-43.640193939208984,7,0,0,0.0,0.0
gated_alive:a_4a:309574,a_4a,309574,23.96058464050293,7.403592586517334,7,0,0,0.0,0.0
gated_alive:a_4a:311200,a_4a,311200,-33.640113830566406,-20.67013931274414,7,0,0,0.0,0.0
gated_alive:a_4a:311578,a_4a,311578,-34.68042755126953,33.87770462036133,7,0,0,0.0,0.0
gated_alive:a_4b:204,a_4b,204,-8.16883373260498,-48.92241287231445,7,0,0,0.0,0.0
gated_alive:a_4b:865,a_4b,865,26.82936668395996,44.831947326660156,7,0,0,0.0,0.0
gated_alive:a_4b:1082,a_4b,1082,1.0027238130569458,-10.933736801147461,7,0,0,0.0,0.0
gated_alive:a_4b:1178,a_4b,1178,33.64308166503906,48.345008850097656,7,0,0,0.0,0.0
gated_alive:a_4b:1378,a_4b,1378,-7.472524166107178,44.92158508300781,7,0,0,0.0,0.0
gated_alive:a_4b:1866,a_4b,1866,-54.91349411010742,9.699095726013184,7,0,0,0.0,0.0
gated_alive:a_4b:1918,a_4b,1918,-56.89113998413086,-22.373477935791016,7,0,0,0.0,0.0
gated_alive:a_4b:2096,a_4b,2096,-50.94464111328125,-41.79737854003906,7,0,0,0.0,0.0
gated_alive:a_4b:2206,a_4b,2206,-4.401846408843994,-55.50736618041992,7,0,0,0.0,0.0
gated_alive:a_4b:2403,a_4b,2403,-23.159738540649414,-47.35890579223633,7,0,0,0.0,0.0
gated_alive:a_4b:2454,a_4b,2454,-48.22343444824219,-16.401212692260742,7,0,0,0.0,0.0
gated_alive:a_4b:2714,a_4b,2714,-14.880425453186035,50.01528549194336,7,0,0,0.0,0.0
gated_alive:a_4b:2717,a_4b,2717,50.642578125,-4.367274284362793,7,0,0,0.0,0.0
gated_alive:a_4b:3582,a_4b,3582,6.642675876617432,-50.32427215576172,7,0,0,0.0,0.0
gated_alive:a_4b:3897,a_4b,3897,-10.446791648864746,-63.933433532714844,7,0,0,0.0,0.0
gated_alive:a_4b:4282,a_4b,4282,18.310592651367188,-48.64419174194336,7,2,3,0.2857142857142857,0.42857142857142855
gated_alive:a_4b:4851,a_4b,4851,-35.97175979614258,9.423995018005371,7,0,0,0.0,0.0
gated_alive:a_4b:5041,a_4b,5041,-6.594034671783447,4.452334880828857,7,0,0,0.0,0.0
gated_alive:a_4b:5124,a_4b,5124,-30.905323028564453,20.508481979370117,7,0,0,0.0,0.0
gated_alive:a_4b:5328,a_4b,5328,38.60736083984375,1.3526885509490967,7,0,0,0.0,0.0
gated_alive:a_4b:5365,a_4b,5365,16.44570541381836,19.461393356323242,7,0,0,0.0,0.0
gated_alive:a_4b:5547,a_4b,5547,-11.335587501525879,46.47673797607422,7,0,0,0.0,0.0
gated_alive:a_4b:5810,a_4b,5810,10.57117748260498,26.753265380859375,7,0,0,0.0,0.0
gated_alive:a_4b:6974,a_4b,6974,17.49264144897461,49.12446212768555,7,0,0,0.0,0.0
gated_alive:a_4b:7734,a_4b,7734,7.7802581787109375,6.189648151397705,7,0,0,0.0,0.0
gated_alive:a_4b:9321,a_4b,9321,30.55982780456543,-1.2253012657165527,7,1,2,0.14285714285714285,0.2857142857142857
gated_alive:a_4b:9762,a_4b,9762,-0.8616331219673157,32.1994743347168,7,0,0,0.0,0.0
gated_alive:a_4b:9877,a_4b,9877,-22.609811782836914,28.964195251464844,7,0,0,0.0,0.0
gated_alive:a_4b:10337,a_4b,10337,9.822766304016113,-49.51683044433594,7,0,0,0.0,0.0
gated_alive:a_4b:10536,a_4b,10536,4.169131755828857,-41.55628204345703,7,0,0,0.0,0.0
gated_alive:a_4b:11189,a_4b,11189,25.106172561645508,37.95130157470703,7,0,0,0.0,0.0
gated_alive:a_4b:11241,a_4b,11241,-61.824981689453125,-24.757963180541992,7,0,0,0.0,0.0
gated_alive:a_4b:11504,a_4b,11504,-41.00836181640625,19.521738052368164,7,0,0,0.0,0.0
gated_alive:a_4b:12087,a_4b,12087,-21.106952667236328,-57.69361877441406,7,0,0,0.0,0.0
gated_alive:a_4b:13284,a_4b,13284,22.235870361328125,30.595060348510742,7,0,0,0.0,0.0
gated_alive:a_4b:14143,a_4b,14143,28.223669052124023,-10.802692413330078,7,0,0,0.0,0.0
gated_alive:a_4b:14744,a_4b,14744,11.192509651184082,63.90449523925781,7,0,0,0.0,0.0
gated_alive:a_4b:14853,a_4b,14853,26.529382705688477,22.861066818237305,7,0,0,0.0,0.0
gated_alive:a_4b:15095,a_4b,15095,-17.958356857299805,10.47813892364502,7,0,0,0.0,0.0
gated_alive:a_4b:15263,a_4b,15263,-49.68349075317383,-18.45209503173828,7,0,0,0.0,0.0
gated_alive:a_4b:15442,a_4b,15442,-54.961265563964844,-23.743915557861328,7,0,0,0.0,0.0
gated_alive:a_4b:15584,a_4b,15584,3.2980587482452393,-0.8617813587188721,7,0,0,0.0,0.0
gated_alive:a_4b:15667,a_4b,15667,-54.924068450927734,-31.90939712524414,7,0,0,0.0,0.0
gated_alive:a_4b:15774,a_4b,15774,-33.75882339477539,52.11780548095703,7,0,0,0.0,0.0
gated_alive:a_4b:16063,a_4b,16063,-1.1929996013641357,27.07645034790039,7,0,0,0.0,0.0
gated_alive:a_4b:17501,a_4b,17501,73.73210144042969,-17.597572326660156,7,0,0,0.0,0.0
gated_alive:a_4b:17919,a_4b,17919,-15.109208106994629,6.294525146484375,7,0,0,0.0,0.0
gated_alive:a_4b:18056,a_4b,18056,8.302992820739746,-0.9782518744468689,7,0,0,0.0,0.0
gated_alive:a_4b:18110,a_4b,18110,20.963666915893555,40.81674575805664,7,0,0,0.0,0.0
gated_alive:a_4b:18111,a_4b,18111,-15.386504173278809,-46.88019943237305,7,0,0,0.0,0.0
gated_alive:a_4b:18293,a_4b,18293,-36.02336502075195,6.900603771209717,7,0,0,0.0,0.0
gated_alive:a_4b:19242,a_4b,19242,13.597146034240723,16.069591522216797,7,0,0,0.0,0.0
gated_alive:a_4b:19305,a_4b,19305,-61.806182861328125,-24.96268081665039,7,0,0,0.0,0.0
gated_alive:a_4b:20775,a_4b,20775,1.2757315635681152,-1.5383561849594116,7,0,0,0.0,0.0
gated_alive:a_4b:20911,a_4b,20911,12.530628204345703,48.151702880859375,7,0,0,0.0,0.0
gated_alive:a_4b:22884,a_4b,22884,-50.71985626220703,-22.254135131835938,7,0,0,0.0,0.0
gated_alive:a_4b:23825,a_4b,23825,-38.26190185546875,20.44093132019043,7,0,0,0.0,0.0
gated_alive:a_4b:24085,a_4b,24085,27.151779174804688,15.795395851135254,7,0,0,0.0,0.0
gated_alive:a_4b:24226,a_4b,24226,-4.07285737991333,-51.98774337768555,7,0,0,0.0,0.0
gated_alive:a_4b:24352,a_4b,24352,28.524953842163086,4.9214348793029785,7,0,0,0.0,0.0
gated_alive:a_4b:24426,a_4b,24426,31.934123992919922,47.79859924316406,7,0,0,0.0,0.0
gated_alive:a_4b:24546,a_4b,24546,-59.75205612182617,-2.0562937259674072,7,0,0,0.0,0.0
gated_alive:a_4b:25483,a_4b,25483,-20.07262420654297,-38.582481384277344,7,0,0,0.0,0.0
gated_alive:a_4b:25571,a_4b,25571,-13.212784767150879,25.1641788482666,7,0,0,0.0,0.0
gated_alive:a_4b:25903,a_4b,25903,-40.109779357910156,0.6839293241500854,7,0,0,0.0,0.0
gated_alive:a_4b:26004,a_4b,26004,13.747776985168457,-42.312156677246094,7,0,1,0.0,0.14285714285714285
gated_alive:a_4b:26116,a_4b,26116,23.82468032836914,26.496023178100586,7,0,0,0.0,0.0
gated_alive:a_4b:26350,a_4b,26350,23.546077728271484,19.29644775390625,7,0,0,0.0,0.0
gated_alive:a_4b:27689,a_4b,27689,-20.802839279174805,12.597082138061523,7,0,0,0.0,0.0
gated_alive:a_4b:27891,a_4b,27891,-29.65114974975586,57.473751068115234,7,0,0,0.0,0.0
gated_alive:a_4b:28054,a_4b,28054,0.6110458374023438,-20.286561965942383,7,0,0,0.0,0.0
gated_alive:a_4b:28379,a_4b,28379,-8.736473083496094,56.57050323486328,7,0,0,0.0,0.0
gated_alive:a_4b:28540,a_4b,28540,18.03554916381836,17.643207550048828,7,0,0,0.0,0.0
gated_alive:a_4b:29029,a_4b,29029,2.615138292312622,-24.212661743164062,7,0,0,0.0,0.0
gated_alive:a_4b:30688,a_4b,30688,-48.13319396972656,-5.312681198120117,7,0,0,0.0,0.0
gated_alive:a_4b:30743,a_4b,30743,30.0980224609375,-10.527764320373535,7,0,0,0.0,0.0
gated_alive:a_4b:31198,a_4b,31198,39.83010482788086,31.02893829345703,7,0,0,0.0,0.0
gated_alive:a_4b:32051,a_4b,32051,14.196159362792969,18.14812660217285,7,0,0,0.0,0.0
gated_alive:a_4b:32341,a_4b,32341,42.570030212402344,46.753360748291016,7,0,0,0.0,0.0
gated_alive:a_4b:32512,a_4b,32512,-19.234403610229492,-63.20730972290039,7,0,0,0.0,0.0
gated_alive:a_4b:33284,a_4b,33284,-37.80681610107422,9.87548828125,7,0,0,0.0,0.0
gated_alive:a_4b:33552,a_4b,33552,49.915382385253906,-40.71635055541992,7,0,3,0.0,0.42857142857142855
gated_alive:a_4b:34827,a_4b,34827,-34.743656158447266,8.246472358703613,7,0,0,0.0,0.0
gated_alive:a_4b:35215,a_4b,35215,-30.65989112854004,56.89241027832031,7,0,0,0.0,0.0
gated_alive:a_4b:35348,a_4b,35348,22.184017181396484,-10.959994316101074,7,0,0,0.0,0.0
gated_alive:a_4b:35416,a_4b,35416,-0.5222473740577698,15.773158073425293,7,0,0,0.0,0.0
gated_alive:a_4b:35569,a_4b,35569,-30.9096736907959,-7.247615337371826,7,0,0,0.0,0.0
gated_alive:a_4b:36296,a_4b,36296,28.59781837463379,50.93754196166992,7,0,0,0.0,0.0
gated_alive:a_4b:36331,a_4b,36331,9.497267723083496,14.963494300842285,7,0,0,0.0,0.0
gated_alive:a_4b:36879,a_4b,36879,39.07151412963867,39.04417419433594,7,0,0,0.0,0.0
gated_alive:a_4b:36921,a_4b,36921,-21.36107635498047,-3.831373929977417,7,0,0,0.0,0.0
gated_alive:a_4b:37085,a_4b,37085,-44.14335250854492,6.833087921142578,7,0,0,0.0,0.0
gated_alive:a_4b:37708,a_4b,37708,30.822586059570312,44.28416061401367,7,0,0,0.0,0.0
gated_alive:a_4b:37952,a_4b,37952,-21.399927139282227,-64.72499084472656,7,0,0,0.0,0.0
gated_alive:a_4b:38029,a_4b,38029,21.3857364654541,28.92683219909668,7,0,0,0.0,0.0
gated_alive:a_4b:38560,a_4b,38560,-9.402517318725586,-21.958370208740234,7,0,0,0.0,0.0
gated_alive:a_4b:39609,a_4b,39609,18.016942977905273,34.71513748168945,7,0,0,0.0,0.0
gated_alive:a_4b:39833,a_4b,39833,5.05702018737793,20.21593475341797,7,0,0,0.0,0.0
gated_alive:a_4b:40707,a_4b,40707,27.87343406677246,12.831290245056152,7,0,0,0.0,0.0
gated_alive:a_4b:41412,a_4b,41412,26.57720184326172,10.457576751708984,7,0,0,0.0,0.0
gated_alive:a_4b:41618,a_4b,41618,-50.57106018066406,11.797451972961426,7,0,0,0.0,0.0
gated_alive:a_4b:42266,a_4b,42266,-0.10216057300567627,-10.027488708496094,7,0,0,0.0,0.0
gated_alive:a_4b:42527,a_4b,42527,25.201465606689453,2.4734232425689697,7,0,0,0.0,0.0
gated_alive:a_4b:42707,a_4b,42707,6.128571033477783,4.734439373016357,7,0,0,0.0,0.0
gated_alive:a_4b:42765,a_4b,42765,38.511966705322266,-10.035340309143066,7,5,2,0.7142857142857143,0.2857142857142857
gated_alive:a_4b:43565,a_4b,43565,-31.081111907958984,56.992801666259766,7,0,0,0.0,0.0
gated_alive:a_4b:43641,a_4b,43641,16.811012268066406,33.99691390991211,7,0,0,0.0,0.0
gated_alive:a_4b:44103,a_4b,44103,22.99710464477539,-25.83084487915039,7,0,0,0.0,0.0
gated_alive:a_4b:44350,a_4b,44350,25.05996322631836,-11.217089653015137,7,0,0,0.0,0.0
gated_alive:a_4b:44475,a_4b,44475,-18.71986961364746,28.05523681640625,7,0,0,0.0,0.0
gated_alive:a_4b:44571,a_4b,44571,-13.83501148223877,-62.521141052246094,7,0,0,0.0,0.0
gated_alive:a_4b:44671,a_4b,44671,26.383628845214844,-2.3572611808776855,7,0,0,0.0,0.0
gated_alive:a_4b:45080,a_4b,45080,13.562344551086426,0.6671409010887146,7,0,0,0.0,0.0
gated_alive:a_4b:45251,a_4b,45251,36.95663833618164,27.921985626220703,7,0,0,0.0,0.0
gated_alive:a_4b:45522,a_4b,45522,8.780181884765625,10.9271821975708,7,0,0,0.0,0.0
gated_alive:a_4b:46055,a_4b,46055,29.236059188842773,1.7950800657272339,7,0,0,0.0,0.0
gated_alive:a_4b:46100,a_4b,46100,5.611050128936768,22.59572982788086,7,0,0,0.0,0.0
gated_alive:a_4b:46636,a_4b,46636,-6.899632930755615,59.36177062988281,7,0,0,0.0,0.0
gated_alive:a_4b:47124,a_4b,47124,36.48091506958008,2.420572519302368,7,4,3,0.5714285714285714,0.42857142857142855
gated_alive:a_4b:47232,a_4b,47232,16.988779067993164,35.715126037597656,7,0,0,0.0,0.0
gated_alive:a_4b:48537,a_4b,48537,37.138221740722656,30.268972396850586,7,0,0,0.0,0.0
gated_alive:a_4b:50641,a_4b,50641,-38.67021560668945,48.12386703491211,7,0,0,0.0,0.0
gated_alive:a_4b:51120,a_4b,51120,-0.6785802841186523,12.181872367858887,7,0,0,0.0,0.0
gated_alive:a_4b:51432,a_4b,51432,-8.879586219787598,26.234865188598633,7,0,0,0.0,0.0
gated_alive:a_4b:51576,a_4b,51576,-34.05539321899414,42.97122573852539,7,0,0,0.0,0.0
gated_alive:a_4b:51759,a_4b,51759,-48.10975646972656,-16.643484115600586,7,0,0,0.0,0.0
gated_alive:a_4b:52097,a_4b,52097,12.999183654785156,23.70351791381836,7,0,0,0.0,0.0
gated_alive:a_4b:52173,a_4b,52173,25.999021530151367,13.731404304504395,7,0,0,0.0,0.0
gated_alive:a_4b:52514,a_4b,52514,19.53670883178711,24.75432014465332,7,0,0,0.0,0.0
gated_alive:a_4b:55395,a_4b,55395,6.844435214996338,8.147985458374023,7,0,0,0.0,0.0
gated_alive:a_4b:55435,a_4b,55435,10.995796203613281,16.380138397216797,7,0,0,0.0,0.0
gated_alive:a_4b:56064,a_4b,56064,35.2703742980957,4.371984481811523,7,0,0,0.0,0.0
gated_alive:a_4b:56193,a_4b,56193,9.734952926635742,8.291887283325195,7,0,0,0.0,0.0
gated_alive:a_4b:56986,a_4b,56986,-48.74302291870117,23.75494956970215,7,0,0,0.0,0.0
gated_alive:a_4b:57071,a_4b,57071,-53.87380599975586,-15.754255294799805,7,0,0,0.0,0.0
gated_alive:a_4b:57575,a_4b,57575,25.456342697143555,-6.329746246337891,7,0,0,0.0,0.0
gated_alive:a_4b:58779,a_4b,58779,12.727425575256348,25.244543075561523,7,0,0,0.0,0.0
gated_alive:a_4b:60261,a_4b,60261,33.872894287109375,1.3857789039611816,7,0,1,0.0,0.14285714285714285
gated_alive:a_4b:60455,a_4b,60455,-13.197909355163574,-35.58079147338867,7,0,0,0.0,0.0
gated_alive:a_4b:61064,a_4b,61064,8.023238182067871,62.05835723876953,7,0,0,0.0,0.0
gated_alive:a_4b:61380,a_4b,61380,-24.48504066467285,-61.238956451416016,7,0,0,0.0,0.0
gated_alive:a_4b:61389,a_4b,61389,-11.55182933807373,10.751582145690918,7,0,0,0.0,0.0
gated_alive:a_4b:61532,a_4b,61532,32.833953857421875,45.881832122802734,7,0,0,0.0,0.0
gated_alive:a_4b:61663,a_4b,61663,-10.360347747802734,-61.71931076049805,7,0,0,0.0,0.0
gated_alive:a_4b:61944,a_4b,61944,-16.082983016967773,-45.35858917236328,7,0,0,0.0,0.0
gated_alive:a_4b:62598,a_4b,62598,-13.554378509521484,45.400184631347656,7,0,0,0.0,0.0
gated_alive:a_4b:63255,a_4b,63255,-49.676368713378906,-47.4377326965332,7,0,0,0.0,0.0
gated_alive:a_4b:63694,a_4b,63694,32.970733642578125,-0.019819650799036026,7,0,0,0.0,0.0
gated_alive:a_4b:63802,a_4b,63802,-41.529659271240234,20.442880630493164,7,0,0,0.0,0.0
gated_alive:a_4b:63844,a_4b,63844,39.96669006347656,31.467063903808594,7,0,0,0.0,0.0
gated_alive:a_4b:64066,a_4b,64066,-54.48324966430664,11.764657974243164,7,0,0,0.0,0.0
gated_alive:a_4b:65061,a_4b,65061,14.958803176879883,26.030288696289062,7,0,0,0.0,0.0
gated_alive:a_4b:65312,a_4b,65312,3.381493091583252,-2.187946081161499,7,0,0,0.0,0.0
gated_alive:a_4b:66673,a_4b,66673,26.506576538085938,59.45262908935547,7,0,0,0.0,0.0
gated_alive:a_4b:67449,a_4b,67449,-7.321064472198486,44.853065490722656,7,0,0,0.0,0.0
gated_alive:a_4b:67702,a_4b,67702,-38.905006408691406,-20.70468521118164,7,0,0,0.0,0.0
gated_alive:a_4b:67804,a_4b,67804,11.18371868133545,63.82905960083008,7,0,0,0.0,0.0
gated_alive:a_4b:68666,a_4b,68666,-39.4088134765625,-30.306974411010742,7,0,0,0.0,0.0
gated_alive:a_4b:69019,a_4b,69019,15.794610977172852,11.809191703796387,7,0,0,0.0,0.0
gated_alive:a_4b:69616,a_4b,69616,-9.07376766204834,3.5613934993743896,7,0,0,0.0,0.0
gated_alive:a_4b:69867,a_4b,69867,23.12436294555664,-45.95463562011719,7,0,0,0.0,0.0
gated_alive:a_4b:70573,a_4b,70573,-34.64429473876953,4.83652400970459,7,0,0,0.0,0.0
gated_alive:a_4b:71836,a_4b,71836,29.02883529663086,-3.526857376098633,7,0,0,0.0,0.0
gated_alive:a_4b:71870,a_4b,71870,-31.874359130859375,-50.78265380859375,7,0,0,0.0,0.0
gated_alive:a_4b:71970,a_4b,71970,-31.132822036743164,-60.01780319213867,7,0,0,0.0,0.0
gated_alive:a_4b:72103,a_4b,72103,-48.75343704223633,-46.52796173095703,7,0,0,0.0,0.0
gated_alive:a_4b:72140,a_4b,72140,22.291889190673828,-4.051445960998535,7,0,0,0.0,0.0
gated_alive:a_4b:72668,a_4b,72668,12.585405349731445,14.278258323669434,7,0,0,0.0,0.0
gated_alive:a_4b:74131,a_4b,74131,66.34430694580078,-20.10841941833496,7,0,0,0.0,0.0
gated_alive:a_4b:74625,a_4b,74625,-33.55018615722656,33.26115417480469,7,0,0,0.0,0.0
gated_alive:a_4b:75198,a_4b,75198,14.01065444946289,58.85725021362305,7,0,2,0.0,0.2857142857142857
gated_alive:a_4b:75323,a_4b,75323,25.24326515197754,-49.22487258911133,7,0,0,0.0,0.0
gated_alive:a_4b:75583,a_4b,75583,44.67778396606445,42.21942138671875,7,0,0,0.0,0.0
gated_alive:a_4b:76648,a_4b,76648,-49.06814193725586,-25.571199417114258,7,0,0,0.0,0.0
gated_alive:a_4b:77123,a_4b,77123,-2.182682514190674,-24.743444442749023,7,0,0,0.0,0.0
gated_alive:a_4b:77335,a_4b,77335,-48.8192253112793,19.72135353088379,7,0,0,0.0,0.0
gated_alive:a_4b:77398,a_4b,77398,-32.776248931884766,45.365535736083984,7,0,0,0.0,0.0
gated_alive:a_4b:77400,a_4b,77400,23.745553970336914,-9.989297866821289,7,0,0,0.0,0.0
gated_alive:a_4b:77531,a_4b,77531,36.753196716308594,49.502708435058594,7,0,0,0.0,0.0
gated_alive:a_4b:78608,a_4b,78608,36.29585266113281,-10.634438514709473,7,1,3,0.14285714285714285,0.42857142857142855
gated_alive:a_4b:78803,a_4b,78803,17.626359939575195,20.096771240234375,7,0,0,0.0,0.0
gated_alive:a_4b:79032,a_4b,79032,21.16114044189453,40.778961181640625,7,0,0,0.0,0.0
gated_alive:a_4b:79096,a_4b,79096,-5.6959943771362305,10.765841484069824,7,0,0,0.0,0.0
gated_alive:a_4b:79558,a_4b,79558,-58.901309967041016,-32.161903381347656,7,0,0,0.0,0.0
gated_alive:a_4b:80371,a_4b,80371,12.643863677978516,-56.427703857421875,7,0,0,0.0,0.0
gated_alive:a_4b:80385,a_4b,80385,19.414051055908203,-36.546627044677734,7,0,0,0.0,0.0
gated_alive:a_4b:80872,a_4b,80872,-0.06991750001907349,52.11927795410156,7,0,0,0.0,0.0
gated_alive:a_4b:81629,a_4b,81629,0.9011381268501282,-2.9362246990203857,7,0,0,0.0,0.0
gated_alive:a_4b:81770,a_4b,81770,11.642951965332031,24.51911163330078,7,0,0,0.0,0.0
gated_alive:a_4b:82040,a_4b,82040,-40.07047653198242,-19.570402145385742,7,0,0,0.0,0.0
gated_alive:a_4b:82601,a_4b,82601,-2.3722751140594482,-24.291950225830078,7,0,0,0.0,0.0
gated_alive:a_4b:83021,a_4b,83021,-50.36061477661133,-42.29725646972656,7,0,0,0.0,0.0
gated_alive:a_4b:83054,a_4b,83054,-14.352641105651855,-59.92533874511719,7,0,0,0.0,0.0
gated_alive:a_4b:83282,a_4b,83282,40.00139236450195,-9.155767440795898,7,0,0,0.0,0.0
gated_alive:a_4b:83435,a_4b,83435,-44.15430450439453,-10.073396682739258,7,0,0,0.0,0.0
gated_alive:a_4b:83480,a_4b,83480,9.119909286499023,17.346843719482422,7,0,0,0.0,0.0
gated_alive:a_4b:83811,a_4b,83811,15.24131965637207,0.2705825865268707,7,0,0,0.0,0.0
gated_alive:a_4b:83987,a_4b,83987,-49.1291389465332,-36.10429000854492,7,0,0,0.0,0.0
gated_alive:a_4b:84031,a_4b,84031,58.751365661621094,-1.5733052492141724,7,0,0,0.0,0.0
gated_alive:a_4b:85116,a_4b,85116,-56.45254135131836,-25.558053970336914,7,0,0,0.0,0.0
gated_alive:a_4b:85255,a_4b,85255,-55.33850860595703,22.231483459472656,7,0,0,0.0,0.0
gated_alive:a_4b:85765,a_4b,85765,-22.075769424438477,-4.2535505294799805,7,0,0,0.0,0.0
gated_alive:a_4b:86449,a_4b,86449,25.396873474121094,-5.329041004180908,7,0,0,0.0,0.0
gated_alive:a_4b:88055,a_4b,88055,27.681997299194336,22.59776496887207,7,0,0,0.0,0.0
gated_alive:a_4b:89368,a_4b,89368,28.35144805908203,3.145925283432007,7,0,0,0.0,0.0
gated_alive:a_4b:89753,a_4b,89753,20.41779136657715,21.5396728515625,7,0,0,0.0,0.0
gated_alive:a_4b:90780,a_4b,90780,25.630664825439453,13.800098419189453,7,0,0,0.0,0.0
gated_alive:a_4b:91238,a_4b,91238,-5.098085403442383,16.57756233215332,7,0,0,0.0,0.0
gated_alive:a_4b:91615,a_4b,91615,36.94184112548828,5.615796089172363,7,0,0,0.0,0.0
gated_alive:a_4b:92179,a_4b,92179,8.800592422485352,11.00744342803955,7,0,0,0.0,0.0
gated_alive:a_4b:92343,a_4b,92343,-53.03189468383789,35.77018737792969,7,0,0,0.0,0.0
gated_alive:a_4b:93174,a_4b,93174,34.19169235229492,-27.811901092529297,7,0,0,0.0,0.0
gated_alive:a_4b:93946,a_4b,93946,10.954073905944824,21.721261978149414,7,0,0,0.0,0.0
gated_alive:a_4b:95003,a_4b,95003,-34.28390121459961,17.010005950927734,7,0,0,0.0,0.0
gated_alive:a_4b:95471,a_4b,95471,40.19014358520508,41.00341796875,7,0,0,0.0,0.0
gated_alive:a_4b:95541,a_4b,95541,-50.585350036621094,9.485509872436523,7,0,0,0.0,0.0
gated_alive:a_4b:95772,a_4b,95772,-15.769197463989258,-50.196075439453125,7,0,0,0.0,0.0
gated_alive:a_4b:96790,a_4b,96790,46.55521011352539,41.066627502441406,7,0,0,0.0,0.0
gated_alive:a_4b:96870,a_4b,96870,22.903091430664062,-10.703943252563477,7,0,0,0.0,0.0
gated_alive:a_4b:96961,a_4b,96961,3.691338539123535,23.41006851196289,7,0,0,0.0,0.0
gated_alive:a_4b:97991,a_4b,97991,-26.206228256225586,50.44057846069336,7,0,0,0.0,0.0
gated_alive:a_4b:98281,a_4b,98281,-13.934240341186523,45.782657623291016,7,0,0,0.0,0.0
gated_alive:a_4b:98375,a_4b,98375,1.1152108907699585,-22.346364974975586,7,0,0,0.0,0.0
gated_alive:a_4b:98732,a_4b,98732,-24.248592376708984,-53.813751220703125,7,0,0,0.0,0.0
gated_alive:a_4b:98875,a_4b,98875,16.931982040405273,26.653303146362305,7,0,0,0.0,0.0
gated_alive:a_4b:98991,a_4b,98991,21.199861526489258,25.217126846313477,7,0,0,0.0,0.0
gated_alive:a_4b:99136,a_4b,99136,22.135242462158203,26.315114974975586,7,0,0,0.0,0.0
gated_alive:a_4b:99574,a_4b,99574,-32.50691604614258,0.5074179768562317,7,0,0,0.0,0.0
gated_alive:a_4b:100941,a_4b,100941,34.06330490112305,32.78029251098633,7,0,0,0.0,0.0
gated_alive:a_4b:101424,a_4b,101424,35.262088775634766,46.904579162597656,7,0,0,0.0,0.0
gated_alive:a_4b:101529,a_4b,101529,54.5563850402832,-2.438533067703247,7,0,0,0.0,0.0
gated_alive:a_4b:101530,a_4b,101530,-39.22288513183594,-32.53888702392578,7,0,0,0.0,0.0
gated_alive:a_4b:101680,a_4b,101680,-49.96086883544922,8.041854858398438,7,0,0,0.0,0.0
gated_alive:a_4b:102261,a_4b,102261,-17.6934757232666,10.593437194824219,7,0,0,0.0,0.0
gated_alive:a_4b:102431,a_4b,102431,-0.3970337510108948,-3.482208728790283,7,0,0,0.0,0.0
gated_alive:a_4b:103059,a_4b,103059,-53.135623931884766,-36.27167510986328,7,0,0,0.0,0.0
gated_alive:a_4b:103111,a_4b,103111,29.140745162963867,6.819448471069336,7,0,0,0.0,0.0
gated_alive:a_4b:103819,a_4b,103819,2.7921409606933594,26.40614891052246,7,0,0,0.0,0.0
gated_alive:a_4b:104846,a_4b,104846,23.421968460083008,-50.46419143676758,7,0,0,0.0,0.0
gated_alive:a_4b:105685,a_4b,105685,17.33617401123047,-0.6318000555038452,7,0,0,0.0,0.0
gated_alive:a_4b:105850,a_4b,105850,18.009836196899414,2.417621374130249,7,0,0,0.0,0.0
gated_alive:a_4b:107001,a_4b,107001,-61.72916030883789,-24.799516677856445,7,0,0,0.0,0.0
gated_alive:a_4b:107424,a_4b,107424,-60.481231689453125,-21.96985626220703,7,0,0,0.0,0.0
gated_alive:a_4b:107479,a_4b,107479,15.633509635925293,17.386207580566406,7,0,0,0.0,0.0
gated_alive:a_4b:107509,a_4b,107509,-43.06153106689453,20.21809196472168,7,0,0,0.0,0.0
gated_alive:a_4b:107922,a_4b,107922,20.312774658203125,30.15481948852539,7,0,0,0.0,0.0
gated_alive:a_4b:108202,a_4b,108202,8.30912971496582,-16.602006912231445,7,0,0,0.0,0.0
gated_alive:a_4b:109031,a_4b,109031,25.60141944885254,40.32973861694336,7,0,0,0.0,0.0
gated_alive:a_4b:109670,a_4b,109670,-15.428142547607422,50.53125762939453,7,0,0,0.0,0.0
gated_alive:a_4b:110097,a_4b,110097,-3.6001641750335693,4.335811138153076,7,0,0,0.0,0.0
gated_alive:a_4b:110228,a_4b,110228,-47.761688232421875,13.816129684448242,7,0,0,0.0,0.0
gated_alive:a_4b:111668,a_4b,111668,-13.824726104736328,-61.45524215698242,7,0,0,0.0,0.0
gated_alive:a_4b:112163,a_4b,112163,6.502087593078613,32.077415466308594,7,0,0,0.0,0.0
gated_alive:a_4b:112638,a_4b,112638,15.040899276733398,3.36012864112854,7,0,0,0.0,0.0
gated_alive:a_4b:113894,a_4b,113894,-48.53725814819336,13.69929027557373,7,0,0,0.0,0.0
gated_alive:a_4b:115305,a_4b,115305,-51.768924713134766,-0.19911226630210876,7,0,0,0.0,0.0
gated_alive:a_4b:115333,a_4b,115333,-15.319835662841797,33.178611755371094,7,0,0,0.0,0.0
gated_alive:a_4b:115338,a_4b,115338,-12.795524597167969,-64.37425994873047,7,0,0,0.0,0.0
gated_alive:a_4b:116410,a_4b,116410,2.4520020484924316,1.9863084554672241,7,0,0,0.0,0.0
gated_alive:a_4b:116568,a_4b,116568,25.319271087646484,52.89341735839844,7,0,0,0.0,0.0
gated_alive:a_4b:116770,a_4b,116770,1.7425183057785034,-4.677783012390137,7,0,0,0.0,0.0
gated_alive:a_4b:117100,a_4b,117100,26.209941864013672,-5.702238082885742,7,0,0,0.0,0.0
gated_alive:a_4b:117478,a_4b,117478,-51.36880874633789,-41.826683044433594,7,0,0,0.0,0.0
gated_alive:a_4b:117919,a_4b,117919,-19.727861404418945,-65.92650604248047,7,0,0,0.0,0.0
gated_alive:a_4b:118430,a_4b,118430,-49.02540588378906,-11.417577743530273,7,0,0,0.0,0.0
gated_alive:a_4b:119355,a_4b,119355,-17.028350830078125,-59.62371063232422,7,0,0,0.0,0.0
gated_alive:a_4b:119848,a_4b,119848,-4.652332782745361,-24.59603500366211,7,0,0,0.0,0.0
gated_alive:a_4b:120158,a_4b,120158,-12.703365325927734,47.79903793334961,7,0,0,0.0,0.0
gated_alive:a_4b:120216,a_4b,120216,69.51495361328125,-23.737226486206055,7,0,0,0.0,0.0
gated_alive:a_4b:120452,a_4b,120452,-14.81113338470459,-66.60271453857422,7,0,0,0.0,0.0
gated_alive:a_4b:120522,a_4b,120522,-50.01156234741211,9.918618202209473,7,0,0,0.0,0.0
gated_alive:a_4b:121353,a_4b,121353,-56.50902557373047,-38.20975875854492,7,0,0,0.0,0.0
gated_alive:a_4b:122741,a_4b,122741,27.601398468017578,14.362176895141602,7,0,0,0.0,0.0
gated_alive:a_4b:123282,a_4b,123282,5.079638481140137,20.606246948242188,7,0,0,0.0,0.0
gated_alive:a_4b:123307,a_4b,123307,13.241170883178711,35.14174270629883,7,0,0,0.0,0.0
gated_alive:a_4b:124606,a_4b,124606,-33.93413162231445,-15.47226333618164,7,0,0,0.0,0.0
gated_alive:a_4b:124751,a_4b,124751,59.56447219848633,-3.6025094985961914,7,0,0,0.0,0.0
gated_alive:a_4b:124869,a_4b,124869,22.947114944458008,15.62053394317627,7,0,0,0.0,0.0
gated_alive:a_4b:125082,a_4b,125082,14.329853057861328,-53.509056091308594,7,0,0,0.0,0.0
gated_alive:a_4b:125491,a_4b,125491,11.335394859313965,44.471588134765625,7,0,0,0.0,0.0
gated_alive:a_4b:125538,a_4b,125538,-28.055830001831055,-11.528183937072754,7,0,0,0.0,0.0
gated_alive:a_4b:125745,a_4b,125745,28.800495147705078,-2.1222035884857178,7,0,0,0.0,0.0
gated_alive:a_4b:126288,a_4b,126288,-25.34801483154297,55.068965911865234,7,0,0,0.0,0.0
gated_alive:a_4b:126304,a_4b,126304,21.499868392944336,-18.421709060668945,7,0,0,0.0,0.0
gated_alive:a_4b:127189,a_4b,127189,-40.28337097167969,19.491914749145508,7,0,0,0.0,0.0
gated_alive:a_4b:127478,a_4b,127478,-37.505435943603516,-7.8776774406433105,7,0,0,0.0,0.0
gated_alive:a_4b:127514,a_4b,127514,21.226421356201172,19.600894927978516,7,0,0,0.0,0.0
gated_alive:a_4b:128235,a_4b,128235,18.856544494628906,22.5432186126709,7,0,0,0.0,0.0
gated_alive:a_4b:128487,a_4b,128487,11.092131614685059,24.114904403686523,7,0,0,0.0,0.0
gated_alive:a_4b:128794,a_4b,128794,13.070451736450195,28.862258911132812,7,0,0,0.0,0.0
gated_alive:a_4b:129983,a_4b,129983,-6.528044700622559,4.592800617218018,7,0,0,0.0,0.0
gated_alive:a_4b:130091,a_4b,130091,-48.20984649658203,9.674667358398438,7,0,0,0.0,0.0
gated_alive:a_4b:130753,a_4b,130753,-11.69518756866455,13.31381893157959,7,0,0,0.0,0.0
gated_alive:a_4b:131498,a_4b,131498,18.055049896240234,2.4582340717315674,7,0,0,0.0,0.0
gated_alive:a_4b:132235,a_4b,132235,33.14163589477539,43.33549499511719,7,0,0,0.0,0.0
gated_alive:a_4b:132299,a_4b,132299,27.90367889404297,3.5093069076538086,7,0,0,0.0,0.0
gated_alive:a_4b:132425,a_4b,132425,13.595788955688477,-55.08510208129883,7,0,0,0.0,0.0
gated_alive:a_4b:132659,a_4b,132659,5.111300945281982,32.56112289428711,7,0,0,0.0,0.0
gated_alive:a_4b:133107,a_4b,133107,15.49390697479248,29.21448516845703,7,0,0,0.0,0.0
gated_alive:a_4b:133963,a_4b,133963,-1.7796472311019897,24.632226943969727,7,0,0,0.0,0.0
gated_alive:a_4b:134054,a_4b,134054,12.850493431091309,-3.0171520709991455,7,0,0,0.0,0.0
gated_alive:a_4b:134514,a_4b,134514,38.01034164428711,-1.5310616493225098,7,0,0,0.0,0.0
gated_alive:a_4b:135064,a_4b,135064,1.331636667251587,-0.5172348618507385,7,0,0,0.0,0.0
gated_alive:a_4b:135082,a_4b,135082,21.4220027923584,26.110868453979492,7,0,0,0.0,0.0
gated_alive:a_4b:135694,a_4b,135694,14.513561248779297,27.77266502380371,7,0,0,0.0,0.0
gated_alive:a_4b:136438,a_4b,136438,-10.736260414123535,25.637531280517578,7,0,0,0.0,0.0
gated_alive:a_4b:137490,a_4b,137490,-15.739638328552246,10.436430931091309,7,0,0,0.0,0.0
gated_alive:a_4b:138528,a_4b,138528,-55.137569427490234,9.778508186340332,7,0,0,0.0,0.0
gated_alive:a_4b:139148,a_4b,139148,9.300442695617676,24.42660903930664,7,0,0,0.0,0.0
gated_alive:a_4b:139164,a_4b,139164,-23.637943267822266,30.87872314453125,7,0,0,0.0,0.0
gated_alive:a_4b:140376,a_4b,140376,-33.13654327392578,10.167282104492188,7,0,0,0.0,0.0
gated_alive:a_4b:141768,a_4b,141768,1.9873075485229492,-3.084895610809326,7,0,0,0.0,0.0
gated_alive:a_4b:142767,a_4b,142767,6.384746074676514,25.818479537963867,7,0,0,0.0,0.0
gated_alive:a_4b:143039,a_4b,143039,-48.36381530761719,-29.900800704956055,7,0,0,0.0,0.0
gated_alive:a_4b:143835,a_4b,143835,39.45132827758789,7.840973377227783,7,0,3,0.0,0.42857142857142855
gated_alive:a_4b:144155,a_4b,144155,16.612159729003906,2.009709119796753,7,0,0,0.0,0.0
gated_alive:a_4b:145516,a_4b,145516,24.388444900512695,14.50307846069336,7,0,0,0.0,0.0
gated_alive:a_4b:145527,a_4b,145527,-41.015464782714844,23.509258270263672,7,0,0,0.0,0.0
gated_alive:a_4b:145679,a_4b,145679,35.224098205566406,-1.6713733673095703,7,0,3,0.0,0.42857142857142855
gated_alive:a_4b:146298,a_4b,146298,15.851761817932129,30.53803825378418,7,0,0,0.0,0.0
gated_alive:a_4b:146598,a_4b,146598,38.560245513916016,5.808985710144043,7,0,0,0.0,0.0
gated_alive:a_4b:146962,a_4b,146962,36.31888961791992,27.65082359313965,7,0,0,0.0,0.0
gated_alive:a_4b:146972,a_4b,146972,12.15182876586914,23.687454223632812,7,0,0,0.0,0.0
gated_alive:a_4b:147048,a_4b,147048,12.534443855285645,-3.448847770690918,7,0,0,0.0,0.0
gated_alive:a_4b:147192,a_4b,147192,27.85736656188965,45.15878677368164,7,0,0,0.0,0.0
gated_alive:a_4b:147899,a_4b,147899,-18.92620849609375,10.8861722946167,7,0,0,0.0,0.0
gated_alive:a_4b:148151,a_4b,148151,-40.324344635009766,-18.843965530395508,7,0,0,0.0,0.0
gated_alive:a_4b:149516,a_4b,149516,-54.38733673095703,7.395681858062744,7,0,0,0.0,0.0
gated_alive:a_4b:149646,a_4b,149646,0.3771211802959442,-3.3022282123565674,7,0,0,0.0,0.0
gated_alive:a_4b:149774,a_4b,149774,-50.58797836303711,-37.25639724731445,7,0,0,0.0,0.0
gated_alive:a_4b:149899,a_4b,149899,-9.32154369354248,6.622768878936768,7,0,0,0.0,0.0
gated_alive:a_4b:150658,a_4b,150658,57.4881706237793,28.89186668395996,7,0,0,0.0,0.0
gated_alive:a_4b:151382,a_4b,151382,14.741342544555664,26.091083526611328,7,0,0,0.0,0.0
gated_alive:a_4b:151998,a_4b,151998,2.205425262451172,-2.158461570739746,7,0,1,0.0,0.14285714285714285
gated_alive:a_4b:152034,a_4b,152034,73.36332702636719,-18.119272232055664,7,0,0,0.0,0.0
gated_alive:a_4b:152041,a_4b,152041,28.332401275634766,27.138418197631836,7,0,0,0.0,0.0
gated_alive:a_4b:152377,a_4b,152377,-50.42359924316406,-22.086517333984375,7,0,0,0.0,0.0
gated_alive:a_4b:153226,a_4b,153226,-7.826939582824707,10.843122482299805,7,0,0,0.0,0.0
gated_alive:a_4b:153473,a_4b,153473,-30.61713218688965,-7.794930934906006,7,0,0,0.0,0.0
gated_alive:a_4b:154050,a_4b,154050,41.878822326660156,-0.08963359147310257,7,0,0,0.0,0.0
gated_alive:a_4b:154490,a_4b,154490,-39.67238235473633,-32.7875862121582,7,0,0,0.0,0.0
gated_alive:a_4b:154641,a_4b,154641,26.129047393798828,-0.5998572707176208,7,0,0,0.0,0.0
gated_alive:a_4b:154967,a_4b,154967,-23.119308471679688,4.177957534790039,7,0,0,0.0,0.0
gated_alive:a_4b:155148,a_4b,155148,2.5308027267456055,19.76005744934082,7,0,0,0.0,0.0
gated_alive:a_4b:155258,a_4b,155258,13.376484870910645,-26.650997161865234,7,0,0,0.0,0.0
gated_alive:a_4b:155339,a_4b,155339,11.567312240600586,37.68935775756836,7,0,0,0.0,0.0
gated_alive:a_4b:155838,a_4b,155838,19.44386863708496,52.69108581542969,7,0,0,0.0,0.0
gated_alive:a_4b:156723,a_4b,156723,-31.035430908203125,53.1488037109375,7,0,0,0.0,0.0
gated_alive:a_4b:157141,a_4b,157141,-1.6464756727218628,-13.616159439086914,7,0,0,0.0,0.0
gated_alive:a_4b:159432,a_4b,159432,-6.201206684112549,-54.17813491821289,7,0,0,0.0,0.0
gated_alive:a_4b:159887,a_4b,159887,-48.983951568603516,-14.644606590270996,7,0,0,0.0,0.0
gated_alive:a_4b:160438,a_4b,160438,42.755615234375,11.73637580871582,7,0,0,0.0,0.0
gated_alive:a_4b:160697,a_4b,160697,69.448486328125,-20.97298240661621,7,0,0,0.0,0.0
gated_alive:a_4b:161265,a_4b,161265,-53.78620910644531,-23.172771453857422,7,0,0,0.0,0.0
gated_alive:a_4b:162749,a_4b,162749,27.155445098876953,49.94694137573242,7,0,0,0.0,0.0
gated_alive:a_4b:163493,a_4b,163493,9.597188949584961,22.35981559753418,7,0,0,0.0,0.0
gated_alive:a_4b:163604,a_4b,163604,-6.414956092834473,10.204991340637207,7,0,0,0.0,0.0
gated_alive:a_4b:165425,a_4b,165425,-33.312347412109375,51.36948013305664,7,0,0,0.0,0.0
gated_alive:a_4b:165477,a_4b,165477,11.743823051452637,-12.488957405090332,7,0,0,0.0,0.0
gated_alive:a_4b:166007,a_4b,166007,40.024375915527344,16.281312942504883,7,0,0,0.0,0.0
gated_alive:a_4b:167278,a_4b,167278,-41.83245849609375,10.627352714538574,7,0,0,0.0,0.0
gated_alive:a_4b:167855,a_4b,167855,13.490352630615234,45.70941925048828,7,0,0,0.0,0.0
gated_alive:a_4b:167938,a_4b,167938,-16.80584716796875,-49.11416244506836,7,0,0,0.0,0.0
gated_alive:a_4b:168055,a_4b,168055,-30.68100357055664,20.03955078125,7,0,0,0.0,0.0
gated_alive:a_4b:168262,a_4b,168262,33.35505294799805,50.724395751953125,7,0,0,0.0,0.0
gated_alive:a_4b:168459,a_4b,168459,32.713722229003906,41.910545349121094,7,0,0,0.0,0.0
gated_alive:a_4b:168665,a_4b,168665,-37.267642974853516,23.47648811340332,7,0,0,0.0,0.0
gated_alive:a_4b:169137,a_4b,169137,-1.6859006881713867,15.234308242797852,7,0,0,0.0,0.0
gated_alive:a_4b:169723,a_4b,169723,-54.400718688964844,12.060667037963867,7,0,0,0.0,0.0
gated_alive:a_4b:169762,a_4b,169762,-2.916893720626831,-61.84714126586914,7,0,0,0.0,0.0
gated_alive:a_4b:170740,a_4b,170740,20.671627044677734,30.02521514892578,7,0,0,0.0,0.0
gated_alive:a_4b:170976,a_4b,170976,2.8546667098999023,65.865966796875,7,0,0,0.0,0.0
gated_alive:a_4b:172151,a_4b,172151,-4.050909996032715,2.4268527030944824,7,0,0,0.0,0.0
gated_alive:a_4b:172155,a_4b,172155,-27.72981834411621,24.971628189086914,7,0,0,0.0,0.0
gated_alive:a_4b:174042,a_4b,174042,35.715511322021484,-2.1719865798950195,7,0,0,0.0,0.0
gated_alive:a_4b:174450,a_4b,174450,-31.35392951965332,51.09627151489258,7,0,0,0.0,0.0
gated_alive:a_4b:175273,a_4b,175273,-34.748592376708984,-9.026302337646484,7,0,0,0.0,0.0
gated_alive:a_4b:175752,a_4b,175752,20.212514877319336,-51.09968566894531,7,0,0,0.0,0.0
gated_alive:a_4b:176480,a_4b,176480,-49.55534362792969,-17.16799545288086,7,0,0,0.0,0.0
gated_alive:a_4b:176544,a_4b,176544,-46.95143127441406,22.43973159790039,7,0,0,0.0,0.0
gated_alive:a_4b:176643,a_4b,176643,72.28053283691406,-17.686166763305664,7,0,0,0.0,0.0
gated_alive:a_4b:176797,a_4b,176797,13.296627044677734,4.611724376678467,7,0,0,0.0,0.0
gated_alive:a_4b:177606,a_4b,177606,65.40896606445312,-18.592939376831055,7,1,1,0.14285714285714285,0.14285714285714285
gated_alive:a_4b:178201,a_4b,178201,13.864049911499023,23.71367835998535,7,0,0,0.0,0.0
gated_alive:a_4b:178518,a_4b,178518,-52.273258209228516,-20.99480438232422,7,0,0,0.0,0.0
gated_alive:a_4b:178629,a_4b,178629,-52.92069625854492,-31.302982330322266,7,0,0,0.0,0.0
gated_alive:a_4b:178630,a_4b,178630,-28.908283233642578,-16.4681396484375,7,0,0,0.0,0.0
gated_alive:a_4b:179538,a_4b,179538,55.07865905761719,-12.314526557922363,7,0,0,0.0,0.0
gated_alive:a_4b:179544,a_4b,179544,13.82097339630127,-20.215227127075195,7,0,0,0.0,0.0
gated_alive:a_4b:180293,a_4b,180293,-2.5189685821533203,-24.02834129333496,7,0,0,0.0,0.0
gated_alive:a_4b:180506,a_4b,180506,-38.82695007324219,29.179285049438477,7,0,0,0.0,0.0
gated_alive:a_4b:181109,a_4b,181109,-4.152779579162598,18.140296936035156,7,0,0,0.0,0.0
gated_alive:a_4b:181822,a_4b,181822,72.38831329345703,-17.14936065673828,7,0,0,0.0,0.0
gated_alive:a_4b:182045,a_4b,182045,-17.165451049804688,-31.512338638305664,7,0,0,0.0,0.0
gated_alive:a_4b:182402,a_4b,182402,0.9384436011314392,8.775649070739746,7,0,0,0.0,0.0
gated_alive:a_4b:184087,a_4b,184087,21.989904403686523,-44.040931701660156,7,0,0,0.0,0.0
gated_alive:a_4b:184227,a_4b,184227,-25.07880401611328,44.47628402709961,7,0,0,0.0,0.0
gated_alive:a_4b:184426,a_4b,184426,26.42688751220703,-49.852500915527344,7,0,0,0.0,0.0
gated_alive:a_4b:184932,a_4b,184932,-59.28065872192383,-11.053542137145996,7,0,0,0.0,0.0
gated_alive:a_4b:185487,a_4b,185487,40.1450309753418,14.642255783081055,7,0,0,0.0,0.0
gated_alive:a_4b:185720,a_4b,185720,-51.68353271484375,-40.6389274597168,7,0,0,0.0,0.0
gated_alive:a_4b:185938,a_4b,185938,19.292078018188477,17.03764533996582,7,0,0,0.0,0.0
gated_alive:a_4b:186125,a_4b,186125,-15.996983528137207,-65.31072998046875,7,0,0,0.0,0.0
gated_alive:a_4b:186472,a_4b,186472,-24.284832000732422,55.25437927246094,7,0,0,0.0,0.0
gated_alive:a_4b:186805,a_4b,186805,-48.604190826416016,7.024521827697754,7,0,0,0.0,0.0
gated_alive:a_4b:187855,a_4b,187855,0.2144557386636734,18.02254295349121,7,0,0,0.0,0.0
gated_alive:a_4b:189497,a_4b,189497,-51.153255462646484,-35.19569778442383,7,0,0,0.0,0.0
gated_alive:a_4b:190244,a_4b,190244,-8.506800651550293,-64.48982238769531,7,0,0,0.0,0.0
gated_alive:a_4b:190300,a_4b,190300,19.178848266601562,19.000051498413086,7,0,0,0.0,0.0
gated_alive:a_4b:190397,a_4b,190397,-37.33213424682617,22.765043258666992,7,0,0,0.0,0.0
gated_alive:a_4b:190407,a_4b,190407,-51.02571487426758,-15.480422973632812,7,0,0,0.0,0.0
gated_alive:a_4b:191805,a_4b,191805,-24.634342193603516,42.1047477722168,7,0,0,0.0,0.0
gated_alive:a_4b:191985,a_4b,191985,-34.91213607788086,55.11552810668945,7,0,0,0.0,0.0
gated_alive:a_4b:193003,a_4b,193003,18.535966873168945,42.72035598754883,7,0,0,0.0,0.0
gated_alive:a_4b:193560,a_4b,193560,5.579493999481201,59.0090217590332,7,0,0,0.0,0.0
gated_alive:a_4b:194126,a_4b,194126,25.46763801574707,44.88241195678711,7,0,0,0.0,0.0
gated_alive:a_4b:194451,a_4b,194451,-48.36821746826172,-42.195003509521484,7,0,0,0.0,0.0
gated_alive:a_4b:195004,a_4b,195004,-19.91267967224121,41.048152923583984,7,0,0,0.0,0.0
gated_alive:a_4b:195334,a_4b,195334,9.712631225585938,8.30909252166748,7,0,0,0.0,0.0
gated_alive:a_4b:195383,a_4b,195383,-44.94722366333008,-24.523054122924805,7,0,0,0.0,0.0
gated_alive:a_4b:195594,a_4b,195594,19.800621032714844,-46.59542465209961,7,0,0,0.0,0.0
gated_alive:a_4b:196019,a_4b,196019,-17.425582885742188,-22.291322708129883,7,0,0,0.0,0.0
gated_alive:a_4b:196418,a_4b,196418,12.592164993286133,10.128408432006836,7,0,0,0.0,0.0
gated_alive:a_4b:196799,a_4b,196799,58.372535705566406,-2.1231987476348877,7,0,0,0.0,0.0
gated_alive:a_4b:201100,a_4b,201100,33.908111572265625,44.03316879272461,7,0,0,0.0,0.0
gated_alive:a_4b:201378,a_4b,201378,-1.4666944742202759,-10.450596809387207,7,0,0,0.0,0.0
gated_alive:a_4b:201612,a_4b,201612,-2.5795469284057617,-65.47695922851562,7,0,0,0.0,0.0
gated_alive:a_4b:202034,a_4b,202034,27.327579498291016,12.348884582519531,7,0,0,0.0,0.0
gated_alive:a_4b:202058,a_4b,202058,5.099525451660156,14.32754135131836,7,0,0,0.0,0.0
gated_alive:a_4b:203005,a_4b,203005,-28.628700256347656,58.03692626953125,7,0,0,0.0,0.0
gated_alive:a_4b:203198,a_4b,203198,-50.49040222167969,-15.77015209197998,7,0,0,0.0,0.0
gated_alive:a_4b:203543,a_4b,203543,-18.37120819091797,39.50089645385742,7,0,0,0.0,0.0
gated_alive:a_4b:203800,a_4b,203800,12.63749885559082,24.149892807006836,7,0,0,0.0,0.0
gated_alive:a_4b:204010,a_4b,204010,38.52876663208008,43.58203125,7,0,0,0.0,0.0
gated_alive:a_4b:205067,a_4b,205067,32.10288619995117,0.3261273205280304,7,0,0,0.0,0.0
gated_alive:a_4b:205187,a_4b,205187,4.186641693115234,59.370391845703125,7,0,0,0.0,0.0
gated_alive:a_4b:205257,a_4b,205257,69.56791687011719,-18.108272552490234,7,0,0,0.0,0.0
gated_alive:a_4b:206145,a_4b,206145,2.8077352046966553,34.350669860839844,7,0,0,0.0,0.0
gated_alive:a_4b:206760,a_4b,206760,-60.31657028198242,-21.94415855407715,7,0,0,0.0,0.0
gated_alive:a_4b:207065,a_4b,207065,25.231582641601562,-11.645625114440918,7,0,0,0.0,0.0
gated_alive:a_4b:207166,a_4b,207166,-28.247095108032227,57.16291427612305,7,0,0,0.0,0.0
gated_alive:a_4b:207171,a_4b,207171,3.6484158039093018,22.10931968688965,7,0,0,0.0,0.0
gated_alive:a_4b:207192,a_4b,207192,70.01347351074219,-26.420717239379883,7,0,0,0.0,0.0
gated_alive:a_4b:207227,a_4b,207227,-49.74151611328125,-47.31719207763672,7,0,0,0.0,0.0
gated_alive:a_4b:208931,a_4b,208931,17.343826293945312,18.135581970214844,7,0,0,0.0,0.0
gated_alive:a_4b:209342,a_4b,209342,-47.95608139038086,43.702308654785156,7,0,0,0.0,0.0
gated_alive:a_4b:210641,a_4b,210641,51.509735107421875,-0.8590989708900452,7,0,0,0.0,0.0
gated_alive:a_4b:211367,a_4b,211367,41.01826477050781,41.75767517089844,7,0,0,0.0,0.0
gated_alive:a_4b:211371,a_4b,211371,51.415443420410156,2.699599504470825,7,0,0,0.0,0.0
gated_alive:a_4b:212432,a_4b,212432,36.69135665893555,28.031179428100586,7,0,0,0.0,0.0
gated_alive:a_4b:212448,a_4b,212448,25.62571144104004,40.23390579223633,7,0,0,0.0,0.0
gated_alive:a_4b:212873,a_4b,212873,2.484168291091919,-2.784400701522827,7,0,0,0.0,0.0
gated_alive:a_4b:213548,a_4b,213548,48.4068603515625,-0.7405314445495605,7,0,0,0.0,0.0
gated_alive:a_4b:213883,a_4b,213883,-10.304859161376953,-9.716203689575195,7,0,0,0.0,0.0
gated_alive:a_4b:214063,a_4b,214063,-50.83836364746094,6.911685466766357,7,0,0,0.0,0.0
gated_alive:a_4b:214868,a_4b,214868,-39.14554214477539,7.556097507476807,7,0,0,0.0,0.0
gated_alive:a_4b:215341,a_4b,215341,4.443917751312256,14.194857597351074,7,0,0,0.0,0.0
gated_alive:a_4b:215696,a_4b,215696,60.560367584228516,-6.005511283874512,7,4,2,0.5714285714285714,0.2857142857142857
gated_alive:a_4b:215951,a_4b,215951,37.920387268066406,50.41118621826172,7,0,0,0.0,0.0
gated_alive:a_4b:216011,a_4b,216011,4.94225549697876,65.46857452392578,7,0,0,0.0,0.0
gated_alive:a_4b:216097,a_4b,216097,23.951255798339844,-50.103118896484375,7,0,0,0.0,0.0
gated_alive:a_4b:216232,a_4b,216232,11.972134590148926,61.52243423461914,7,0,0,0.0,0.0
gated_alive:a_4b:216938,a_4b,216938,-21.672977447509766,-63.69966125488281,7,0,0,0.0,0.0
gated_alive:a_4b:218273,a_4b,218273,-23.625158309936523,32.80126953125,7,0,0,0.0,0.0
gated_alive:a_4b:218467,a_4b,218467,-51.55136489868164,-41.2594108581543,7,0,0,0.0,0.0
gated_alive:a_4b:220025,a_4b,220025,-49.197879791259766,9.936841011047363,7,0,0,0.0,0.0
gated_alive:a_4b:221288,a_4b,221288,58.89951705932617,-1.4038243293762207,7,0,0,0.0,0.0
gated_alive:a_4b:221804,a_4b,221804,54.40495681762695,-3.5760960578918457,7,0,0,0.0,0.0
gated_alive:a_4b:222119,a_4b,222119,-46.723960876464844,43.36090850830078,7,0,0,0.0,0.0
gated_alive:a_4b:222783,a_4b,222783,-15.865936279296875,37.50288772583008,7,0,0,0.0,0.0
gated_alive:a_4b:222869,a_4b,222869,-36.72649383544922,25.113018035888672,7,0,0,0.0,0.0
gated_alive:a_4b:224019,a_4b,224019,32.197608947753906,49.43753433227539,7,0,0,0.0,0.0
gated_alive:a_4b:224024,a_4b,224024,20.199304580688477,13.393600463867188,7,0,0,0.0,0.0
gated_alive:a_4b:224212,a_4b,224212,-36.0579833984375,-5.13833475112915,7,0,0,0.0,0.0
gated_alive:a_4b:224357,a_4b,224357,-29.307626724243164,6.989045143127441,7,0,0,0.0,0.0
gated_alive:a_4b:225856,a_4b,225856,-0.9286471009254456,-4.704950332641602,7,0,0,0.0,0.0
gated_alive:a_4b:225878,a_4b,225878,9.996474266052246,-3.3464415073394775,7,0,0,0.0,0.0
gated_alive:a_4b:226296,a_4b,226296,58.79222106933594,-5.894474983215332,7,0,0,0.0,0.0
gated_alive:a_4b:226354,a_4b,226354,-48.40483474731445,13.791982650756836,7,0,0,0.0,0.0
gated_alive:a_4b:226584,a_4b,226584,-54.973751068115234,-22.88009262084961,7,0,0,0.0,0.0
gated_alive:a_4b:227230,a_4b,227230,37.58042907714844,9.26288890838623,7,0,0,0.0,0.0
gated_alive:a_4b:227402,a_4b,227402,39.778953552246094,19.346435546875,7,0,0,0.0,0.0
gated_alive:a_4b:227871,a_4b,227871,25.529937744140625,-16.079666137695312,7,0,2,0.0,0.2857142857142857
gated_alive:a_4b:228374,a_4b,228374,25.413021087646484,15.721915245056152,7,0,0,0.0,0.0
gated_alive:a_4b:230039,a_4b,230039,27.71090316772461,50.997291564941406,7,0,0,0.0,0.0
gated_alive:a_4b:230313,a_4b,230313,-54.12197494506836,-13.952449798583984,7,0,0,0.0,0.0
gated_alive:a_4b:231475,a_4b,231475,-53.297080993652344,-23.260717391967773,7,0,0,0.0,0.0
gated_alive:a_4b:231536,a_4b,231536,21.179834365844727,-11.486369132995605,7,0,0,0.0,0.0
gated_alive:a_4b:232184,a_4b,232184,-7.330738067626953,14.890592575073242,7,0,0,0.0,0.0
gated_alive:a_4b:232829,a_4b,232829,-52.4424934387207,-44.14226531982422,7,0,0,0.0,0.0
gated_alive:a_4b:234553,a_4b,234553,18.111703872680664,17.620590209960938,7,0,0,0.0,0.0
gated_alive:a_4b:234562,a_4b,234562,38.83765411376953,-6.235406398773193,7,0,0,0.0,0.0
gated_alive:a_4b:234913,a_4b,234913,4.712014675140381,56.58192443847656,7,0,0,0.0,0.0
gated_alive:a_4b:235923,a_4b,235923,-36.400081634521484,51.8538818359375,7,0,0,0.0,0.0
gated_alive:a_4b:236270,a_4b,236270,-47.59136962890625,10.605507850646973,7,0,0,0.0,0.0
gated_alive:a_4b:236304,a_4b,236304,-44.55976486206055,40.01182174682617,7,0,0,0.0,0.0
gated_alive:a_4b:236453,a_4b,236453,0.8541406989097595,-5.926813125610352,7,0,0,0.0,0.0
gated_alive:a_4b:236717,a_4b,236717,-49.58753967285156,-28.867053985595703,7,0,0,0.0,0.0
gated_alive:a_4b:236900,a_4b,236900,-7.418973922729492,-64.75083923339844,7,0,0,0.0,0.0
gated_alive:a_4b:236994,a_4b,236994,17.07003402709961,-45.898738861083984,7,0,0,0.0,0.0
gated_alive:a_5a:79,a_5a,79,-26.27031898498535,-26.278696060180664,9,0,0,0.0,0.0
gated_alive:a_5a:309,a_5a,309,2.2113583087921143,-0.6661040782928467,9,0,0,0.0,0.0
gated_alive:a_5a:551,a_5a,551,50.484596252441406,-37.287227630615234,9,0,0,0.0,0.0
gated_alive:a_5a:1371,a_5a,1371,-20.342540740966797,-28.875322341918945,9,0,0,0.0,0.0
gated_alive:a_5a:3189,a_5a,3189,67.3443374633789,-18.956863403320312,9,0,0,0.0,0.0
gated_alive:a_5a:3313,a_5a,3313,12.797886848449707,52.01953125,9,0,0,0.0,0.0
gated_alive:a_5a:3999,a_5a,3999,-11.883485794067383,32.86469268798828,9,5,2,0.5555555555555556,0.2222222222222222
gated_alive:a_5a:4780,a_5a,4780,5.8518171310424805,64.1995620727539,9,0,0,0.0,0.0
gated_alive:a_5a:5241,a_5a,5241,5.741703987121582,-33.47772216796875,9,0,0,0.0,0.0
gated_alive:a_5a:5249,a_5a,5249,71.85338592529297,-22.77223014831543,9,0,0,0.0,0.0
gated_alive:a_5a:5921,a_5a,5921,-33.805057525634766,30.124177932739258,9,0,0,0.0,0.0
gated_alive:a_5a:6431,a_5a,6431,-52.58158493041992,28.582298278808594,9,0,0,0.0,0.0
gated_alive:a_5a:6596,a_5a,6596,-39.97681427001953,-19.78453254699707,9,0,0,0.0,0.0
gated_alive:a_5a:6757,a_5a,6757,41.11595153808594,-9.732878684997559,9,0,0,0.0,0.0
gated_alive:a_5a:6908,a_5a,6908,54.27671813964844,-36.929710388183594,9,0,0,0.0,0.0
gated_alive:a_5a:7470,a_5a,7470,-13.665390014648438,13.221867561340332,9,0,0,0.0,0.0
gated_alive:a_5a:7485,a_5a,7485,-27.883394241333008,-19.80438804626465,9,0,0,0.0,0.0
gated_alive:a_5a:7689,a_5a,7689,-47.911582946777344,7.473729610443115,9,0,0,0.0,0.0
gated_alive:a_5a:7787,a_5a,7787,11.607858657836914,48.970298767089844,9,0,0,0.0,0.0
gated_alive:a_5a:8144,a_5a,8144,34.314178466796875,47.951560974121094,9,0,0,0.0,0.0
gated_alive:a_5a:8222,a_5a,8222,-17.313331604003906,-51.18809509277344,9,0,0,0.0,0.0
gated_alive:a_5a:8275,a_5a,8275,-43.065711975097656,38.5113525390625,9,0,0,0.0,0.0
gated_alive:a_5a:9376,a_5a,9376,-29.604440689086914,30.844053268432617,9,0,0,0.0,0.0
gated_alive:a_5a:9506,a_5a,9506,50.80333709716797,-36.74369430541992,9,1,1,0.1111111111111111,0.1111111111111111
gated_alive:a_5a:9870,a_5a,9870,7.038882255554199,56.3235969543457,9,0,0,0.0,0.0
gated_alive:a_5a:10109,a_5a,10109,23.513286590576172,22.616016387939453,9,0,0,0.0,0.0
gated_alive:a_5a:11461,a_5a,11461,1.5068973302841187,-1.3580718040466309,9,0,0,0.0,0.0
gated_alive:a_5a:13098,a_5a,13098,22.421689987182617,-10.96115493774414,9,0,0,0.0,0.0
gated_alive:a_5a:13507,a_5a,13507,-2.818859577178955,0.06695687025785446,9,0,0,0.0,0.0
gated_alive:a_5a:13926,a_5a,13926,-0.265569269657135,-1.938742995262146,9,0,0,0.0,0.0
gated_alive:a_5a:14265,a_5a,14265,-28.123268127441406,13.577033996582031,9,0,0,0.0,0.0
gated_alive:a_5a:14303,a_5a,14303,0.0682636946439743,-0.9537491202354431,9,0,0,0.0,0.0
gated_alive:a_5a:14545,a_5a,14545,-49.43225860595703,11.948613166809082,9,0,0,0.0,0.0
gated_alive:a_5a:14649,a_5a,14649,9.698506355285645,55.36127471923828,9,0,0,0.0,0.0
gated_alive:a_5a:15629,a_5a,15629,-28.143169403076172,-11.36309814453125,9,0,0,0.0,0.0
gated_alive:a_5a:16055,a_5a,16055,0.16748329997062683,0.6073158383369446,9,0,0,0.0,0.0
gated_alive:a_5a:16673,a_5a,16673,45.230892181396484,-37.57002639770508,9,0,0,0.0,0.0
gated_alive:a_5a:17293,a_5a,17293,51.15752029418945,-37.87421798706055,9,0,1,0.0,0.1111111111111111
gated_alive:a_5a:17330,a_5a,17330,-34.34386444091797,-13.309638977050781,9,0,0,0.0,0.0
gated_alive:a_5a:17384,a_5a,17384,-19.510967254638672,-51.38490676879883,9,0,0,0.0,0.0
gated_alive:a_5a:18331,a_5a,18331,17.62774085998535,-18.347021102905273,9,0,0,0.0,0.0
gated_alive:a_5a:18954,a_5a,18954,-13.38581371307373,-11.341854095458984,9,0,0,0.0,0.0
gated_alive:a_5a:19337,a_5a,19337,-36.318382263183594,40.036434173583984,9,0,0,0.0,0.0
gated_alive:a_5a:19381,a_5a,19381,33.04102325439453,17.41337776184082,9,0,0,0.0,0.0
gated_alive:a_5a:19467,a_5a,19467,19.77897071838379,1.004482388496399,9,0,0,0.0,0.0
gated_alive:a_5a:19680,a_5a,19680,51.89138412475586,-35.73464584350586,9,0,0,0.0,0.0
gated_alive:a_5a:20190,a_5a,20190,41.395408630371094,-6.919317245483398,9,0,0,0.0,0.0
gated_alive:a_5a:21292,a_5a,21292,-52.82483673095703,-18.384719848632812,9,0,0,0.0,0.0
gated_alive:a_5a:21974,a_5a,21974,-24.122661590576172,40.963680267333984,9,0,0,0.0,0.0
gated_alive:a_5a:22369,a_5a,22369,22.690027236938477,-50.565982818603516,9,0,0,0.0,0.0
gated_alive:a_5a:22581,a_5a,22581,38.01344680786133,24.742542266845703,9,0,0,0.0,0.0
gated_alive:a_5a:23385,a_5a,23385,-33.62490463256836,50.170494079589844,9,0,0,0.0,0.0
gated_alive:a_5a:23611,a_5a,23611,-19.957021713256836,-53.453372955322266,9,0,0,0.0,0.0
gated_alive:a_5a:24465,a_5a,24465,-33.587833404541016,-11.254058837890625,9,0,0,0.0,0.0
gated_alive:a_5a:24658,a_5a,24658,24.726350784301758,37.8659782409668,9,0,0,0.0,0.0
gated_alive:a_5a:25185,a_5a,25185,-4.114110946655273,-0.5715650916099548,9,0,0,0.0,0.0
gated_alive:a_5a:26039,a_5a,26039,-54.32599639892578,-24.287446975708008,9,0,0,0.0,0.0
gated_alive:a_5a:26330,a_5a,26330,-14.55615520477295,25.73548126220703,9,0,0,0.0,0.0
gated_alive:a_5a:26904,a_5a,26904,-53.201934814453125,11.926138877868652,9,0,0,0.0,0.0
gated_alive:a_5a:27901,a_5a,27901,62.920562744140625,-4.123439311981201,9,0,0,0.0,0.0
gated_alive:a_5a:28023,a_5a,28023,-5.825232982635498,31.26131820678711,9,0,0,0.0,0.0
gated_alive:a_5a:28285,a_5a,28285,21.189678192138672,27.184785842895508,9,0,0,0.0,0.0
gated_alive:a_5a:28408,a_5a,28408,-5.059072971343994,58.80461883544922,9,0,0,0.0,0.0
gated_alive:a_5a:29212,a_5a,29212,-45.821563720703125,19.31021499633789,9,0,0,0.0,0.0
gated_alive:a_5a:29358,a_5a,29358,47.500022888183594,-37.27459716796875,9,0,0,0.0,0.0
gated_alive:a_5a:29500,a_5a,29500,-47.809547424316406,7.540355205535889,9,0,0,0.0,0.0
gated_alive:a_5a:29705,a_5a,29705,5.301968574523926,10.583454132080078,9,0,0,0.0,0.0
gated_alive:a_5a:29757,a_5a,29757,-31.726945877075195,-9.273214340209961,9,0,0,0.0,0.0
gated_alive:a_5a:30291,a_5a,30291,-18.10272216796875,-54.31632995605469,9,0,0,0.0,0.0
gated_alive:a_5a:30332,a_5a,30332,75.33489990234375,-25.899246215820312,9,0,0,0.0,0.0
gated_alive:a_5a:30347,a_5a,30347,2.146996021270752,-1.4476544857025146,9,0,0,0.0,0.0
gated_alive:a_5a:30616,a_5a,30616,25.439693450927734,-15.938146591186523,9,0,0,0.0,0.0
gated_alive:a_5a:30873,a_5a,30873,32.13805389404297,-5.1895751953125,9,0,0,0.0,0.0
gated_alive:a_5a:31684,a_5a,31684,-16.091798782348633,-52.471595764160156,9,0,0,0.0,0.0
gated_alive:a_5a:31859,a_5a,31859,5.191888332366943,7.653874397277832,9,0,0,0.0,0.0
gated_alive:a_5a:31995,a_5a,31995,-54.39981460571289,25.872112274169922,9,0,0,0.0,0.0
gated_alive:a_5a:32898,a_5a,32898,56.425533294677734,-3.307528018951416,9,0,0,0.0,0.0
gated_alive:a_5a:35084,a_5a,35084,38.93865966796875,-36.946903228759766,9,0,0,0.0,0.0
gated_alive:a_5a:35220,a_5a,35220,-42.06564712524414,43.86540222167969,9,0,0,0.0,0.0
gated_alive:a_5a:36055,a_5a,36055,52.79336166381836,37.11112594604492,9,0,0,0.0,0.0
gated_alive:a_5a:37751,a_5a,37751,9.518691062927246,61.9466438293457,9,0,0,0.0,0.0
gated_alive:a_5a:38646,a_5a,38646,-50.22787094116211,45.62387466430664,9,0,0,0.0,0.0
gated_alive:a_5a:38761,a_5a,38761,23.916980743408203,-48.34394454956055,9,0,0,0.0,0.0
gated_alive:a_5a:39359,a_5a,39359,-23.59825897216797,-9.192826271057129,9,0,0,0.0,0.0
gated_alive:a_5a:40065,a_5a,40065,73.155517578125,-28.10150146484375,9,0,0,0.0,0.0
gated_alive:a_5a:40136,a_5a,40136,22.09295082092285,-34.68931579589844,9,0,0,0.0,0.0
gated_alive:a_5a:40466,a_5a,40466,56.89571762084961,-10.902789115905762,9,0,0,0.0,0.0
gated_alive:a_5a:41095,a_5a,41095,-34.208778381347656,55.69284439086914,9,0,0,0.0,0.0
gated_alive:a_5a:41708,a_5a,41708,24.490184783935547,-8.342560768127441,9,0,0,0.0,0.0
gated_alive:a_5a:41942,a_5a,41942,-45.95189666748047,19.330366134643555,9,0,0,0.0,0.0
gated_alive:a_5a:42311,a_5a,42311,-59.98858642578125,36.37236785888672,9,0,0,0.0,0.0
gated_alive:a_5a:43212,a_5a,43212,27.040203094482422,-14.295869827270508,9,0,0,0.0,0.0
gated_alive:a_5a:44325,a_5a,44325,-4.779034614562988,-7.628582000732422,9,0,0,0.0,0.0
gated_alive:a_5a:45716,a_5a,45716,-37.7435417175293,26.006088256835938,9,0,0,0.0,0.0
gated_alive:a_5a:46851,a_5a,46851,34.848209381103516,28.371749877929688,9,0,0,0.0,0.0
gated_alive:a_5a:47469,a_5a,47469,37.06237030029297,-34.437583923339844,9,0,0,0.0,0.0
gated_alive:a_5a:48346,a_5a,48346,37.63436508178711,27.998193740844727,9,0,0,0.0,0.0
gated_alive:a_5a:48750,a_5a,48750,-51.15211486816406,-38.90903854370117,9,0,0,0.0,0.0
gated_alive:a_5a:48858,a_5a,48858,-46.444122314453125,-29.8856201171875,9,0,0,0.0,0.0
gated_alive:a_5a:49274,a_5a,49274,75.7491683959961,-26.19458770751953,9,0,0,0.0,0.0
gated_alive:a_5a:49463,a_5a,49463,27.265085220336914,-18.718141555786133,9,0,0,0.0,0.0
gated_alive:a_5a:49966,a_5a,49966,-9.78930377960205,22.12230682373047,9,0,0,0.0,0.0
gated_alive:a_5a:50007,a_5a,50007,-47.152042388916016,-24.024497985839844,9,0,0,0.0,0.0
gated_alive:a_5a:50301,a_5a,50301,-34.85595703125,49.84463119506836,9,0,0,0.0,0.0
gated_alive:a_5a:50624,a_5a,50624,7.991650104522705,21.371421813964844,9,0,0,0.0,0.0
gated_alive:a_5a:51136,a_5a,51136,33.47177505493164,-5.948617935180664,9,0,0,0.0,0.0
gated_alive:a_5a:51147,a_5a,51147,-42.228614807128906,28.81856918334961,9,0,0,0.0,0.0
gated_alive:a_5a:52445,a_5a,52445,11.778379440307617,35.58903121948242,9,0,0,0.0,0.0
gated_alive:a_5a:52479,a_5a,52479,11.670683860778809,44.39788818359375,9,0,0,0.0,0.0
gated_alive:a_5a:53332,a_5a,53332,-18.941261291503906,-55.143497467041016,9,0,0,0.0,0.0
gated_alive:a_5a:53494,a_5a,53494,-22.446212768554688,47.05381393432617,9,0,0,0.0,0.0
gated_alive:a_5a:53872,a_5a,53872,23.8629150390625,21.041019439697266,9,0,0,0.0,0.0
gated_alive:a_5a:54277,a_5a,54277,75.13851165771484,-25.952157974243164,9,0,0,0.0,0.0
gated_alive:a_5a:55050,a_5a,55050,-45.814979553222656,9.604667663574219,9,0,0,0.0,0.0
gated_alive:a_5a:57370,a_5a,57370,22.818157196044922,-50.62470245361328,9,0,0,0.0,0.0
gated_alive:a_5a:58231,a_5a,58231,-17.98031997680664,-44.66162872314453,9,0,0,0.0,0.0
gated_alive:a_5a:59481,a_5a,59481,18.596094131469727,-54.02909469604492,9,0,0,0.0,0.0
gated_alive:a_5a:59940,a_5a,59940,27.735382080078125,-45.661006927490234,9,0,0,0.0,0.0
gated_alive:a_5a:61579,a_5a,61579,40.526493072509766,-5.000776290893555,9,0,0,0.0,0.0
gated_alive:a_5a:63061,a_5a,63061,25.307537078857422,-44.88764953613281,9,0,0,0.0,0.0
gated_alive:a_5a:63138,a_5a,63138,26.648719787597656,53.612876892089844,9,0,0,0.0,0.0
gated_alive:a_5a:63799,a_5a,63799,-21.094482421875,-31.697845458984375,9,0,0,0.0,0.0
gated_alive:a_5a:64291,a_5a,64291,-16.86636734008789,-50.846920013427734,9,0,0,0.0,0.0
gated_alive:a_5a:64639,a_5a,64639,-34.5426025390625,23.512176513671875,9,0,0,0.0,0.0
gated_alive:a_5a:64982,a_5a,64982,-42.81547927856445,-36.958404541015625,9,0,0,0.0,0.0
gated_alive:a_5a:66163,a_5a,66163,-13.99896240234375,57.301841735839844,9,0,0,0.0,0.0
gated_alive:a_5a:66848,a_5a,66848,-49.017967224121094,-31.126983642578125,9,0,0,0.0,0.0
gated_alive:a_5a:68208,a_5a,68208,-28.363750457763672,-49.364864349365234,9,0,0,0.0,0.0
gated_alive:a_5a:68880,a_5a,68880,26.437179565429688,-2.4403817653656006,9,0,0,0.0,0.0
gated_alive:a_5a:68975,a_5a,68975,-8.900652885437012,-56.90788269042969,9,0,0,0.0,0.0
gated_alive:a_5a:69521,a_5a,69521,-8.734156608581543,-0.3185594081878662,9,0,0,0.0,0.0
gated_alive:a_5a:70930,a_5a,70930,-21.544591903686523,-23.06351661682129,9,0,0,0.0,0.0
gated_alive:a_5a:70998,a_5a,70998,41.10293960571289,-35.80741882324219,9,0,0,0.0,0.0
gated_alive:a_5a:71224,a_5a,71224,20.94569969177246,53.717620849609375,9,0,0,0.0,0.0
gated_alive:a_5a:71458,a_5a,71458,-32.41993713378906,51.198768615722656,9,0,0,0.0,0.0
gated_alive:a_5a:71461,a_5a,71461,-45.54903030395508,-14.921018600463867,9,0,0,0.0,0.0
gated_alive:a_5a:72073,a_5a,72073,7.990257263183594,21.387483596801758,9,0,0,0.0,0.0
gated_alive:a_5a:72562,a_5a,72562,51.35331344604492,-39.05295181274414,9,2,0,0.2222222222222222,0.0
gated_alive:a_5a:72693,a_5a,72693,56.72753143310547,-2.578064203262329,9,0,0,0.0,0.0
gated_alive:a_5a:73569,a_5a,73569,-9.381952285766602,-58.328548431396484,9,0,0,0.0,0.0
gated_alive:a_5a:73827,a_5a,73827,-0.8139067888259888,-2.3392398357391357,9,0,0,0.0,0.0
gated_alive:a_5a:74712,a_5a,74712,6.643186092376709,24.02139663696289,9,0,0,0.0,0.0
gated_alive:a_5a:74795,a_5a,74795,-46.343162536621094,36.549903869628906,9,0,0,0.0,0.0
gated_alive:a_5a:75369,a_5a,75369,74.94320678710938,-26.0469970703125,9,0,0,0.0,0.0
gated_alive:a_5a:75444,a_5a,75444,21.76753044128418,-39.10948944091797,9,0,0,0.0,0.0
gated_alive:a_5a:75451,a_5a,75451,-52.16551208496094,-32.12733459472656,9,0,0,0.0,0.0
gated_alive:a_5a:75556,a_5a,75556,-16.57621955871582,23.614173889160156,9,0,0,0.0,0.0
gated_alive:a_5a:75649,a_5a,75649,20.54526710510254,26.437183380126953,9,0,0,0.0,0.0
gated_alive:a_5a:76836,a_5a,76836,-25.49126625061035,26.462535858154297,9,0,0,0.0,0.0
gated_alive:a_5a:76924,a_5a,76924,-17.65005111694336,11.235636711120605,9,0,0,0.0,0.0
gated_alive:a_5a:76949,a_5a,76949,-23.447010040283203,39.694644927978516,9,0,0,0.0,0.0
gated_alive:a_5a:77046,a_5a,77046,23.41351890563965,-44.38040542602539,9,0,0,0.0,0.0
gated_alive:a_5a:77109,a_5a,77109,-0.7049198746681213,-5.682570457458496,9,0,0,0.0,0.0
gated_alive:a_5a:79704,a_5a,79704,-4.45776891708374,25.489120483398438,9,0,0,0.0,0.0
gated_alive:a_5a:80001,a_5a,80001,-23.717601776123047,38.94358444213867,9,0,0,0.0,0.0
gated_alive:a_5a:80192,a_5a,80192,-29.61163902282715,-0.8438493013381958,9,0,0,0.0,0.0
gated_alive:a_5a:81103,a_5a,81103,39.120384216308594,26.713153839111328,9,0,0,0.0,0.0
gated_alive:a_5a:81336,a_5a,81336,14.360289573669434,-12.451709747314453,9,0,0,0.0,0.0
gated_alive:a_5a:81893,a_5a,81893,-58.10636520385742,-10.703539848327637,9,0,0,0.0,0.0
gated_alive:a_5a:82434,a_5a,82434,16.805917739868164,-19.917814254760742,9,0,0,0.0,0.0
gated_alive:a_5a:82527,a_5a,82527,3.944275140762329,-4.731031894683838,9,0,0,0.0,0.0
gated_alive:a_5a:82589,a_5a,82589,20.977489471435547,-43.59345245361328,9,0,0,0.0,0.0
gated_alive:a_5a:83488,a_5a,83488,29.071136474609375,-14.237215042114258,9,0,0,0.0,0.0
gated_alive:a_5a:83601,a_5a,83601,60.962955474853516,-23.037443161010742,9,0,0,0.0,0.0
gated_alive:a_5a:83669,a_5a,83669,-8.630420684814453,-49.272422790527344,9,0,0,0.0,0.0
gated_alive:a_5a:84173,a_5a,84173,43.359169006347656,-37.65248107910156,9,0,0,0.0,0.0
gated_alive:a_5a:84343,a_5a,84343,35.749820709228516,40.0783576965332,9,0,0,0.0,0.0
gated_alive:a_5a:84760,a_5a,84760,1.091735601425171,-34.699764251708984,9,0,0,0.0,0.0
gated_alive:a_5a:85303,a_5a,85303,-48.97068786621094,-19.615800857543945,9,0,0,0.0,0.0
gated_alive:a_5a:85455,a_5a,85455,-12.170949935913086,23.101652145385742,9,0,0,0.0,0.0
gated_alive:a_5a:85500,a_5a,85500,27.306163787841797,-18.03011703491211,9,0,0,0.0,0.0
gated_alive:a_5a:86144,a_5a,86144,-15.011848449707031,-29.01905632019043,9,0,0,0.0,0.0
gated_alive:a_5a:86979,a_5a,86979,26.450496673583984,-38.865447998046875,9,0,0,0.0,0.0
gated_alive:a_5a:88337,a_5a,88337,2.354578733444214,0.2601299583911896,9,0,0,0.0,0.0
gated_alive:a_5a:88396,a_5a,88396,-58.8283576965332,-10.843249320983887,9,0,0,0.0,0.0
gated_alive:a_5a:88434,a_5a,88434,23.7779483795166,21.461517333984375,9,0,0,0.0,0.0
gated_alive:a_5a:88461,a_5a,88461,32.77446365356445,-6.421325206756592,9,0,0,0.0,0.0
gated_alive:a_5a:88722,a_5a,88722,-30.381498336791992,-25.85715675354004,9,0,0,0.0,0.0
gated_alive:a_5a:88755,a_5a,88755,25.65472412109375,-38.47269058227539,9,0,0,0.0,0.0
gated_alive:a_5a:89214,a_5a,89214,39.44232177734375,41.54487228393555,9,0,0,0.0,0.0
gated_alive:a_5a:89339,a_5a,89339,-29.417329788208008,-45.98914337158203,9,0,0,0.0,0.0
gated_alive:a_5a:89661,a_5a,89661,31.85896873474121,30.001684188842773,9,0,0,0.0,0.0
gated_alive:a_5a:89790,a_5a,89790,-37.787193298339844,56.77242660522461,9,0,0,0.0,0.0
gated_alive:a_5a:89994,a_5a,89994,-8.240918159484863,26.154808044433594,9,0,0,0.0,0.0
gated_alive:a_5a:90115,a_5a,90115,-20.273784637451172,20.795549392700195,9,0,0,0.0,0.0
gated_alive:a_5a:90434,a_5a,90434,72.53610229492188,-26.778215408325195,9,0,0,0.0,0.0
gated_alive:a_5a:91530,a_5a,91530,-23.88709259033203,-43.72707748413086,9,0,0,0.0,0.0
gated_alive:a_5a:91578,a_5a,91578,-36.599761962890625,10.621444702148438,9,0,0,0.0,0.0
gated_alive:a_5a:92036,a_5a,92036,50.513641357421875,-37.15348815917969,9,0,0,0.0,0.0
gated_alive:a_5a:92931,a_5a,92931,62.68217468261719,-7.029797077178955,9,0,0,0.0,0.0
gated_alive:a_5a:93169,a_5a,93169,-16.66857147216797,-39.31257629394531,9,0,0,0.0,0.0
gated_alive:a_5a:93650,a_5a,93650,21.61176300048828,-4.723212718963623,9,0,0,0.0,0.0
gated_alive:a_5a:94511,a_5a,94511,51.6380615234375,-39.20777130126953,9,0,2,0.0,0.2222222222222222
gated_alive:a_5a:94839,a_5a,94839,23.90995216369629,-37.82635498046875,9,0,0,0.0,0.0
gated_alive:a_5a:95463,a_5a,95463,-13.717347145080566,-61.50437927246094,9,0,0,0.0,0.0
gated_alive:a_5a:95558,a_5a,95558,8.870134353637695,59.257972717285156,9,0,0,0.0,0.0
gated_alive:a_5a:96439,a_5a,96439,25.2963809967041,-36.855003356933594,9,0,0,0.0,0.0
gated_alive:a_5a:97265,a_5a,97265,12.169611930847168,-12.057069778442383,9,0,0,0.0,0.0
gated_alive:a_5a:97437,a_5a,97437,28.060792922973633,45.08555221557617,9,0,0,0.0,0.0
gated_alive:a_5a:99985,a_5a,99985,33.41850662231445,14.643383979797363,9,0,0,0.0,0.0
gated_alive:a_5a:100086,a_5a,100086,5.761543273925781,-3.7341623306274414,9,0,0,0.0,0.0
gated_alive:a_5a:100125,a_5a,100125,23.34473419189453,15.536986351013184,9,0,0,0.0,0.0
gated_alive:a_5a:100129,a_5a,100129,30.443496704101562,-10.755696296691895,9,0,0,0.0,0.0
gated_alive:a_5a:100321,a_5a,100321,20.582443237304688,22.053447723388672,9,0,0,0.0,0.0
gated_alive:a_5a:100456,a_5a,100456,-58.42959976196289,-34.287864685058594,9,0,0,0.0,0.0
gated_alive:a_5a:101306,a_5a,101306,-46.19929504394531,38.45295715332031,9,0,0,0.0,0.0
gated_alive:a_5a:101447,a_5a,101447,-15.305974960327148,-66.47003936767578,9,0,0,0.0,0.0
gated_alive:a_5a:102263,a_5a,102263,35.02628707885742,4.013284206390381,9,0,0,0.0,0.0
gated_alive:a_5a:103441,a_5a,103441,23.67186737060547,-35.51072692871094,9,0,0,0.0,0.0
gated_alive:a_5a:104006,a_5a,104006,73.59081268310547,-25.19409942626953,9,0,0,0.0,0.0
gated_alive:a_5a:104092,a_5a,104092,-44.437217712402344,-16.341386795043945,9,0,0,0.0,0.0
gated_alive:a_5a:106621,a_5a,106621,73.93273162841797,-29.56666374206543,9,1,0,0.1111111111111111,0.0
gated_alive:a_5a:106964,a_5a,106964,-37.13682556152344,50.47763442993164,9,0,0,0.0,0.0
gated_alive:a_5a:107402,a_5a,107402,25.026399612426758,15.138486862182617,9,0,0,0.0,0.0
gated_alive:a_5a:107452,a_5a,107452,2.246915102005005,-5.896472454071045,9,0,0,0.0,0.0
gated_alive:a_5a:107744,a_5a,107744,-20.38970184326172,-59.699554443359375,9,0,0,0.0,0.0
gated_alive:a_5a:108516,a_5a,108516,-35.83299255371094,18.527389526367188,9,0,0,0.0,0.0
gated_alive:a_5a:108627,a_5a,108627,5.264084339141846,23.646827697753906,9,0,0,0.0,0.0
gated_alive:a_5a:109439,a_5a,109439,23.697181701660156,-7.114901542663574,9,0,0,0.0,0.0
gated_alive:a_5a:109462,a_5a,109462,34.90938186645508,-13.931296348571777,9,0,0,0.0,0.0
gated_alive:a_5a:109766,a_5a,109766,-13.803364753723145,-11.525555610656738,9,0,0,0.0,0.0
gated_alive:a_5a:109876,a_5a,109876,10.774133682250977,19.909914016723633,9,0,0,0.0,0.0
gated_alive:a_5a:110481,a_5a,110481,-21.51190948486328,-64.9637222290039,9,0,0,0.0,0.0
gated_alive:a_5a:110551,a_5a,110551,10.232878684997559,-10.781453132629395,9,0,0,0.0,0.0
gated_alive:a_5a:110930,a_5a,110930,73.8231430053711,-26.777816772460938,9,0,0,0.0,0.0
gated_alive:a_5a:110971,a_5a,110971,-28.55230140686035,42.29426956176758,9,0,0,0.0,0.0
gated_alive:a_5a:111014,a_5a,111014,-33.73020935058594,-9.578859329223633,9,0,0,0.0,0.0
gated_alive:a_5a:111015,a_5a,111015,32.52719497680664,-4.3382086753845215,9,0,0,0.0,0.0
gated_alive:a_5a:112776,a_5a,112776,15.497879981994629,24.943309783935547,9,0,0,0.0,0.0
gated_alive:a_5a:112907,a_5a,112907,-50.9230842590332,5.012505531311035,9,0,0,0.0,0.0
gated_alive:a_5a:113439,a_5a,113439,9.080681800842285,43.12384796142578,9,0,0,0.0,0.0
gated_alive:a_5a:113734,a_5a,113734,42.94607925415039,-6.60006046295166,9,0,0,0.0,0.0
gated_alive:a_5a:114839,a_5a,114839,-40.025848388671875,-35.5352897644043,9,0,0,0.0,0.0
gated_alive:a_5a:114962,a_5a,114962,-18.626502990722656,-61.30644607543945,9,0,0,0.0,0.0
gated_alive:a_5a:116591,a_5a,116591,-27.564102172851562,-53.673851013183594,9,0,0,0.0,0.0
gated_alive:a_5a:116829,a_5a,116829,20.72077178955078,31.557100296020508,9,0,0,0.0,0.0
gated_alive:a_5a:117563,a_5a,117563,-57.10593795776367,16.559072494506836,9,0,0,0.0,0.0
gated_alive:a_5a:118717,a_5a,118717,-38.40191650390625,-22.402498245239258,9,0,0,0.0,0.0
gated_alive:a_5a:119274,a_5a,119274,32.194091796875,50.87587356567383,9,0,0,0.0,0.0
gated_alive:a_5a:119632,a_5a,119632,-5.9974589347839355,20.955646514892578,9,0,0,0.0,0.0
gated_alive:a_5a:119925,a_5a,119925,-38.088890075683594,25.907085418701172,9,0,0,0.0,0.0
gated_alive:a_5a:120290,a_5a,120290,12.382091522216797,12.387808799743652,9,0,0,0.0,0.0
gated_alive:a_5a:122353,a_5a,122353,-13.488842010498047,26.671045303344727,9,0,0,0.0,0.0
gated_alive:a_5a:122900,a_5a,122900,-16.740467071533203,-32.30400085449219,9,0,0,0.0,0.0
gated_alive:a_5a:123012,a_5a,123012,-4.538952350616455,-8.9906587600708,9,0,0,0.0,0.0
gated_alive:a_5a:123688,a_5a,123688,53.395782470703125,-35.70413589477539,9,3,2,0.3333333333333333,0.2222222222222222
gated_alive:a_5a:125618,a_5a,125618,-43.27682876586914,-34.33807373046875,9,0,0,0.0,0.0
gated_alive:a_5a:126186,a_5a,126186,2.3599953651428223,-47.05923843383789,9,0,0,0.0,0.0
gated_alive:a_5a:127054,a_5a,127054,-17.97163200378418,-52.13016128540039,9,0,0,0.0,0.0
gated_alive:a_5a:127521,a_5a,127521,37.51276397705078,9.42243766784668,9,0,0,0.0,0.0
gated_alive:a_5a:127537,a_5a,127537,-34.1793212890625,-9.742707252502441,9,0,0,0.0,0.0
gated_alive:a_5a:127616,a_5a,127616,-16.522132873535156,-27.19232749938965,9,0,0,0.0,0.0
gated_alive:a_5a:128068,a_5a,128068,28.30235481262207,4.749030590057373,9,0,0,0.0,0.0
gated_alive:a_5a:129042,a_5a,129042,-8.341653823852539,-33.34050750732422,9,0,0,0.0,0.0
gated_alive:a_5a:129200,a_5a,129200,28.38028335571289,-48.24943923950195,9,0,0,0.0,0.0
gated_alive:a_5a:129301,a_5a,129301,-14.290830612182617,-62.329036712646484,9,0,0,0.0,0.0
gated_alive:a_5a:129944,a_5a,129944,2.650252103805542,23.811662673950195,9,0,0,0.0,0.0
gated_alive:a_5a:130065,a_5a,130065,-8.843544960021973,-30.469608306884766,9,0,0,0.0,0.0
gated_alive:a_5a:130901,a_5a,130901,28.386005401611328,29.453859329223633,9,0,0,0.0,0.0
gated_alive:a_5a:131062,a_5a,131062,-28.170536041259766,-49.76887893676758,9,0,0,0.0,0.0
gated_alive:a_5a:132220,a_5a,132220,-47.45056915283203,27.235767364501953,9,0,0,0.0,0.0
gated_alive:a_5a:132283,a_5a,132283,24.999454498291016,-34.22813034057617,9,0,0,0.0,0.0
gated_alive:a_5a:133374,a_5a,133374,-48.71834182739258,-21.466686248779297,9,0,0,0.0,0.0
gated_alive:a_5a:133479,a_5a,133479,68.66867065429688,-22.458877563476562,9,0,0,0.0,0.0
gated_alive:a_5a:133984,a_5a,133984,-54.02715301513672,29.69692039489746,9,0,0,0.0,0.0
gated_alive:a_5a:134088,a_5a,134088,25.50794219970703,8.278263092041016,9,0,0,0.0,0.0
gated_alive:a_5a:134110,a_5a,134110,-27.15521240234375,-58.62773513793945,9,0,0,0.0,0.0
gated_alive:a_5a:134228,a_5a,134228,-52.249271392822266,-29.48255729675293,9,0,0,0.0,0.0
gated_alive:a_5a:134966,a_5a,134966,30.976137161254883,25.57293701171875,9,0,0,0.0,0.0
gated_alive:a_5a:135796,a_5a,135796,20.75618553161621,37.49864196777344,9,0,0,0.0,0.0
gated_alive:a_5a:136543,a_5a,136543,26.820438385009766,-29.108562469482422,9,0,0,0.0,0.0
gated_alive:a_5a:136596,a_5a,136596,1.4987211227416992,-47.908355712890625,9,0,0,0.0,0.0
gated_alive:a_5a:137467,a_5a,137467,-37.2693977355957,22.564010620117188,9,0,0,0.0,0.0
gated_alive:a_5a:137652,a_5a,137652,-28.94671058654785,42.26652145385742,9,0,0,0.0,0.0
gated_alive:a_5a:137970,a_5a,137970,-37.702571868896484,27.561710357666016,9,0,0,0.0,0.0
gated_alive:a_5a:138942,a_5a,138942,15.89405345916748,-45.190101623535156,9,0,0,0.0,0.0
gated_alive:a_5a:139050,a_5a,139050,30.8970947265625,43.880367279052734,9,0,0,0.0,0.0
gated_alive:a_5a:139287,a_5a,139287,50.692832946777344,35.84627151489258,9,0,0,0.0,0.0
gated_alive:a_5a:140111,a_5a,140111,31.877281188964844,35.85942077636719,9,0,0,0.0,0.0
gated_alive:a_5a:141271,a_5a,141271,-46.29181671142578,-19.481712341308594,9,0,0,0.0,0.0
gated_alive:a_5a:141332,a_5a,141332,27.049781799316406,-17.80668830871582,9,0,0,0.0,0.0
gated_alive:a_5a:141997,a_5a,141997,-36.458316802978516,52.25849914550781,9,0,0,0.0,0.0
gated_alive:a_5a:142699,a_5a,142699,25.886030197143555,53.20763397216797,9,0,0,0.0,0.0
gated_alive:a_5a:143202,a_5a,143202,31.407062530517578,45.39061737060547,9,0,0,0.0,0.0
gated_alive:a_5a:143688,a_5a,143688,-31.568349838256836,1.537435531616211,9,0,0,0.0,0.0
gated_alive:a_5a:143825,a_5a,143825,-28.96782684326172,-16.682050704956055,9,0,0,0.0,0.0
gated_alive:a_5a:144516,a_5a,144516,-0.04046870395541191,-1.6786072254180908,9,0,0,0.0,0.0
gated_alive:a_5a:144525,a_5a,144525,-20.737899780273438,-13.561875343322754,9,0,0,0.0,0.0
gated_alive:a_5a:145251,a_5a,145251,34.189659118652344,-29.253368377685547,9,0,0,0.0,0.0
gated_alive:a_5a:145494,a_5a,145494,32.21015930175781,33.27506637573242,9,0,0,0.0,0.0
gated_alive:a_5a:145692,a_5a,145692,25.58329200744629,-49.21780776977539,9,0,0,0.0,0.0
gated_alive:a_5a:145693,a_5a,145693,-37.709144592285156,-24.13147735595703,9,0,0,0.0,0.0
gated_alive:a_5a:145813,a_5a,145813,-31.66288948059082,52.9593620300293,9,0,0,0.0,0.0
gated_alive:a_5a:146082,a_5a,146082,44.37532043457031,-30.97935676574707,9,0,0,0.0,0.0
gated_alive:a_5a:146238,a_5a,146238,38.93657684326172,5.80881929397583,9,0,0,0.0,0.0
gated_alive:a_5a:146367,a_5a,146367,-26.461833953857422,40.52875518798828,9,0,0,0.0,0.0
gated_alive:a_5a:147177,a_5a,147177,-51.79623794555664,-29.198205947875977,9,0,0,0.0,0.0
gated_alive:a_5a:147764,a_5a,147764,10.802806854248047,-47.05914306640625,9,0,0,0.0,0.0
gated_alive:a_5a:147871,a_5a,147871,-40.44369888305664,-19.96961212158203,9,0,0,0.0,0.0
gated_alive:a_5a:148098,a_5a,148098,13.662493705749512,45.7370491027832,9,0,0,0.0,0.0
gated_alive:a_5a:148464,a_5a,148464,-36.29936599731445,25.244869232177734,9,0,0,0.0,0.0
gated_alive:a_5a:148771,a_5a,148771,-28.135498046875,58.20624923706055,9,0,0,0.0,0.0
gated_alive:a_5a:149095,a_5a,149095,0.08168808370828629,-0.705562174320221,9,0,0,0.0,0.0
gated_alive:a_5a:149375,a_5a,149375,2.769277334213257,16.99695587158203,9,0,0,0.0,0.0
gated_alive:a_5a:150005,a_5a,150005,23.536781311035156,35.25740432739258,9,0,0,0.0,0.0
gated_alive:a_5a:150083,a_5a,150083,25.17391586303711,33.923946380615234,9,0,0,0.0,0.0
gated_alive:a_5a:150086,a_5a,150086,-21.535804748535156,40.495269775390625,9,0,0,0.0,0.0
gated_alive:a_5a:150813,a_5a,150813,29.08269691467285,-43.16424560546875,9,0,0,0.0,0.0
gated_alive:a_5a:150889,a_5a,150889,26.867576599121094,38.05730438232422,9,0,0,0.0,0.0
gated_alive:a_5a:150897,a_5a,150897,28.26344108581543,4.393736362457275,9,0,0,0.0,0.0
gated_alive:a_5a:152231,a_5a,152231,-41.97795486450195,42.954715728759766,9,0,0,0.0,0.0
gated_alive:a_5a:153528,a_5a,153528,-31.194759368896484,41.1824951171875,9,0,0,0.0,0.0
gated_alive:a_5a:155260,a_5a,155260,-52.47383499145508,15.310113906860352,9,0,0,0.0,0.0
gated_alive:a_5a:155536,a_5a,155536,-48.301361083984375,-15.143106460571289,9,0,0,0.0,0.0
gated_alive:a_5a:155989,a_5a,155989,-41.86103820800781,-25.704238891601562,9,0,0,0.0,0.0
gated_alive:a_5a:156157,a_5a,156157,-14.95595932006836,-9.216517448425293,9,0,0,0.0,0.0
gated_alive:a_5a:156362,a_5a,156362,-49.52509689331055,10.796917915344238,9,0,0,0.0,0.0
gated_alive:a_5a:156710,a_5a,156710,36.14060974121094,-34.31166458129883,9,0,0,0.0,0.0
gated_alive:a_5a:157230,a_5a,157230,-20.01801109313965,-32.78137969970703,9,0,0,0.0,0.0
gated_alive:a_5a:159009,a_5a,159009,-13.669520378112793,59.116024017333984,9,0,0,0.0,0.0
gated_alive:a_5a:160151,a_5a,160151,-46.642364501953125,-18.25189208984375,9,0,0,0.0,0.0
gated_alive:a_5a:160866,a_5a,160866,-33.547569274902344,29.449726104736328,9,0,0,0.0,0.0
gated_alive:a_5a:161010,a_5a,161010,-8.266950607299805,-26.27665901184082,9,0,0,0.0,0.0
gated_alive:a_5a:161047,a_5a,161047,1.6143672466278076,5.128056049346924,9,0,0,0.0,0.0
gated_alive:a_5a:161624,a_5a,161624,-52.00376892089844,28.63530731201172,9,0,0,0.0,0.0
gated_alive:a_5a:161783,a_5a,161783,18.685293197631836,-13.19546127319336,9,0,0,0.0,0.0
gated_alive:a_5a:163033,a_5a,163033,-7.100118160247803,-38.471256256103516,9,0,0,0.0,0.0
gated_alive:a_5a:163091,a_5a,163091,40.968170166015625,-35.94643020629883,9,0,0,0.0,0.0
gated_alive:a_5a:163663,a_5a,163663,-34.379974365234375,21.78676414489746,9,0,0,0.0,0.0
gated_alive:a_5a:163971,a_5a,163971,33.43773651123047,28.00075912475586,9,0,0,0.0,0.0
gated_alive:a_5a:164128,a_5a,164128,5.452530384063721,-59.00647735595703,9,0,0,0.0,0.0
gated_alive:a_5a:164202,a_5a,164202,2.7099807262420654,19.664690017700195,9,0,0,0.0,0.0
gated_alive:a_5a:164974,a_5a,164974,-6.64352560043335,-31.75395393371582,9,0,0,0.0,0.0
gated_alive:a_5a:165295,a_5a,165295,28.611427307128906,8.590180397033691,9,0,0,0.0,0.0
gated_alive:a_5a:165340,a_5a,165340,-5.860293388366699,3.535123825073242,9,0,0,0.0,0.0
gated_alive:a_5a:165675,a_5a,165675,-8.338068008422852,-53.779659271240234,9,0,0,0.0,0.0
gated_alive:a_5a:167076,a_5a,167076,-9.731444358825684,-42.16424560546875,9,0,0,0.0,0.0
gated_alive:a_5a:168905,a_5a,168905,-27.508502960205078,-13.509519577026367,9,0,0,0.0,0.0
gated_alive:a_5a:169320,a_5a,169320,-31.916475296020508,-18.046283721923828,9,0,0,0.0,0.0
gated_alive:a_5a:169839,a_5a,169839,-22.426836013793945,-11.28102970123291,9,0,0,0.0,0.0
gated_alive:a_5a:170304,a_5a,170304,24.69045639038086,-13.748291015625,9,0,0,0.0,0.0
gated_alive:a_5a:170860,a_5a,170860,-5.180576801300049,46.88187026977539,9,0,0,0.0,0.0
gated_alive:a_5a:170972,a_5a,170972,58.98771286010742,-17.689334869384766,9,0,0,0.0,0.0
gated_alive:a_5a:172501,a_5a,172501,-12.627232551574707,-49.45114517211914,9,0,0,0.0,0.0
gated_alive:a_5a:172825,a_5a,172825,18.16075325012207,-11.898138999938965,9,0,0,0.0,0.0
gated_alive:a_5a:172830,a_5a,172830,14.029135704040527,-24.419416427612305,9,0,0,0.0,0.0
gated_alive:a_5a:175465,a_5a,175465,74.77526092529297,-26.222591400146484,9,0,0,0.0,0.0
gated_alive:a_5a:180177,a_5a,180177,-44.24541091918945,-14.67341136932373,9,0,0,0.0,0.0
gated_alive:a_5a:180755,a_5a,180755,-36.55207824707031,-8.520821571350098,9,0,0,0.0,0.0
gated_alive:a_5a:181864,a_5a,181864,-45.730960845947266,-18.324216842651367,9,0,0,0.0,0.0
gated_alive:a_5a:183815,a_5a,183815,4.733137607574463,14.273518562316895,9,0,0,0.0,0.0
gated_alive:a_5a:184018,a_5a,184018,1.0059295892715454,22.98219871520996,9,0,0,0.0,0.0
gated_alive:a_5a:184284,a_5a,184284,11.230450630187988,-56.336421966552734,9,0,0,0.0,0.0
gated_alive:a_5a:185068,a_5a,185068,14.709200859069824,-31.6308650970459,9,0,0,0.0,0.0
gated_alive:a_5a:185338,a_5a,185338,28.344472885131836,-16.80279541015625,9,0,0,0.0,0.0
gated_alive:a_5a:186678,a_5a,186678,-4.794995307922363,-1.8710438013076782,9,0,0,0.0,0.0
gated_alive:a_5a:187096,a_5a,187096,39.197898864746094,-1.9628489017486572,9,0,0,0.0,0.0
gated_alive:a_5a:187403,a_5a,187403,5.168489933013916,65.67565155029297,9,0,0,0.0,0.0
gated_alive:a_5a:187532,a_5a,187532,51.47236251831055,-6.826873302459717,9,0,0,0.0,0.0
gated_alive:a_5a:188349,a_5a,188349,-28.827253341674805,28.441835403442383,9,0,0,0.0,0.0
gated_alive:a_5a:189278,a_5a,189278,52.59104919433594,-33.44297790527344,9,0,0,0.0,0.0
gated_alive:a_5a:189964,a_5a,189964,-38.63607406616211,35.82695770263672,9,0,0,0.0,0.0
gated_alive:a_5a:190551,a_5a,190551,-43.376365661621094,27.115713119506836,9,0,0,0.0,0.0
gated_alive:a_5a:191016,a_5a,191016,4.726049900054932,4.605248928070068,9,0,0,0.0,0.0
gated_alive:a_5a:191144,a_5a,191144,-18.054912567138672,-41.65385055541992,9,0,0,0.0,0.0
gated_alive:a_5a:191633,a_5a,191633,38.28820037841797,3.2273852825164795,9,0,0,0.0,0.0
gated_alive:a_5a:191759,a_5a,191759,-2.02310848236084,34.948123931884766,9,0,0,0.0,0.0
gated_alive:a_5a:194070,a_5a,194070,15.151676177978516,28.888452529907227,9,0,0,0.0,0.0
gated_alive:a_5a:194768,a_5a,194768,-33.367610931396484,28.952619552612305,9,0,0,0.0,0.0
gated_alive:a_5a:195082,a_5a,195082,1.1715871095657349,-22.35694122314453,9,0,0,0.0,0.0
gated_alive:a_5a:195188,a_5a,195188,-4.523425102233887,28.833528518676758,9,0,0,0.0,0.0
gated_alive:a_5a:196746,a_5a,196746,-17.192495346069336,-36.19926834106445,9,0,0,0.0,0.0
gated_alive:a_5a:198211,a_5a,198211,18.63681411743164,37.890846252441406,9,0,0,0.0,0.0
gated_alive:a_5a:198400,a_5a,198400,-46.57340621948242,-19.626747131347656,9,0,0,0.0,0.0
gated_alive:a_5a:199686,a_5a,199686,-47.58358383178711,-13.8052978515625,9,0,0,0.0,0.0
gated_alive:a_5a:199854,a_5a,199854,-17.69236183166504,-50.996551513671875,9,0,0,0.0,0.0
gated_alive:a_5a:199961,a_5a,199961,16.83163833618164,26.88677978515625,9,0,0,0.0,0.0
gated_alive:a_5a:200127,a_5a,200127,-35.36351013183594,38.12141036987305,9,0,0,0.0,0.0
gated_alive:a_5a:200545,a_5a,200545,-43.213340759277344,10.447686195373535,9,0,0,0.0,0.0
gated_alive:a_5a:200652,a_5a,200652,-28.198461532592773,1.5988807678222656,9,0,0,0.0,0.0
gated_alive:a_5a:201108,a_5a,201108,-37.4948616027832,17.28167152404785,9,0,0,0.0,0.0
gated_alive:a_5a:201791,a_5a,201791,30.063060760498047,18.135168075561523,9,0,0,0.0,0.0
gated_alive:a_5a:202268,a_5a,202268,-56.037506103515625,29.26287269592285,9,0,0,0.0,0.0
gated_alive:a_5a:202376,a_5a,202376,-46.32142639160156,-20.277416229248047,9,0,0,0.0,0.0
gated_alive:a_5a:202551,a_5a,202551,2.533082962036133,-46.63811492919922,9,0,0,0.0,0.0
gated_alive:a_5a:202788,a_5a,202788,42.90877914428711,19.71133804321289,9,0,0,0.0,0.0
gated_alive:a_5a:202880,a_5a,202880,-21.449542999267578,40.14321517944336,9,0,0,0.0,0.0
gated_alive:a_5a:203346,a_5a,203346,-54.00156784057617,-27.75154685974121,9,0,0,0.0,0.0
gated_alive:a_5a:203587,a_5a,203587,-47.062095642089844,25.755538940429688,9,0,0,0.0,0.0
gated_alive:a_5a:203806,a_5a,203806,-15.604715347290039,10.592202186584473,9,0,0,0.0,0.0
gated_alive:a_5a:203835,a_5a,203835,-48.072208404541016,-14.616421699523926,9,0,0,0.0,0.0
gated_alive:a_5a:205255,a_5a,205255,10.957761764526367,-33.87580108642578,9,0,0,0.0,0.0
gated_alive:a_5a:205619,a_5a,205619,3.3389458656311035,16.46250343322754,9,0,0,0.0,0.0
gated_alive:a_5a:206215,a_5a,206215,-32.853736877441406,43.06269454956055,9,0,0,0.0,0.0
gated_alive:a_5a:206740,a_5a,206740,4.900213241577148,-53.18296813964844,9,0,0,0.0,0.0
gated_alive:a_5a:206855,a_5a,206855,28.149097442626953,-5.989037036895752,9,0,0,0.0,0.0
gated_alive:a_5a:207147,a_5a,207147,8.705534934997559,-49.06945037841797,9,0,0,0.0,0.0
gated_alive:a_5a:207565,a_5a,207565,22.75149154663086,-11.52493953704834,9,0,0,0.0,0.0
gated_alive:a_5a:207695,a_5a,207695,27.85494613647461,-22.216428756713867,9,0,0,0.0,0.0
gated_alive:a_5a:208537,a_5a,208537,13.571473121643066,-55.11266326904297,9,0,0,0.0,0.0
gated_alive:a_5a:208634,a_5a,208634,34.769073486328125,-0.2423681765794754,9,0,0,0.0,0.0
gated_alive:a_5a:209409,a_5a,209409,-45.67942428588867,10.049052238464355,9,0,0,0.0,0.0
gated_alive:a_5a:209623,a_5a,209623,16.60775375366211,15.855228424072266,9,0,0,0.0,0.0
gated_alive:a_5a:210280,a_5a,210280,-13.612290382385254,-44.58207702636719,9,0,0,0.0,0.0
gated_alive:a_5a:210409,a_5a,210409,-37.27801513671875,30.483858108520508,9,0,0,0.0,0.0
gated_alive:a_5a:210421,a_5a,210421,2.5237066745758057,-21.346403121948242,9,0,0,0.0,0.0
gated_alive:a_5a:210654,a_5a,210654,-58.20854568481445,-6.332324981689453,9,0,0,0.0,0.0
gated_alive:a_5a:210704,a_5a,210704,14.165743827819824,-33.53889083862305,9,0,0,0.0,0.0
gated_alive:a_5a:211486,a_5a,211486,23.190338134765625,27.240137100219727,9,0,0,0.0,0.0
gated_alive:a_5a:211771,a_5a,211771,-40.75236892700195,35.12894058227539,9,0,0,0.0,0.0
gated_alive:a_5a:212258,a_5a,212258,15.871488571166992,44.08295440673828,9,0,0,0.0,0.0
gated_alive:a_5a:213440,a_5a,213440,19.910608291625977,1.2056779861450195,9,0,0,0.0,0.0
gated_alive:a_5a:213757,a_5a,213757,39.152198791503906,-37.99718475341797,9,0,0,0.0,0.0
gated_alive:a_5a:214738,a_5a,214738,-21.71078109741211,18.435192108154297,9,0,0,0.0,0.0
gated_alive:a_5a:215130,a_5a,215130,-49.23070526123047,-23.84477424621582,9,0,0,0.0,0.0
gated_alive:a_5a:217414,a_5a,217414,21.723251342773438,38.450828552246094,9,0,0,0.0,0.0
gated_alive:a_5a:217461,a_5a,217461,-30.430198669433594,52.876522064208984,9,0,0,0.0,0.0
gated_alive:a_5a:217575,a_5a,217575,-21.9327335357666,41.0213508605957,9,0,0,0.0,0.0
gated_alive:a_5a:218063,a_5a,218063,19.28227996826172,-50.655399322509766,9,0,0,0.0,0.0
gated_alive:a_5a:218433,a_5a,218433,-6.892719268798828,-30.406169891357422,9,0,0,0.0,0.0
gated_alive:a_5a:218923,a_5a,218923,-23.71337890625,-30.03215217590332,9,0,0,0.0,0.0
gated_alive:a_5a:218975,a_5a,218975,45.15810012817383,-10.599601745605469,9,0,0,0.0,0.0
gated_alive:a_5a:219103,a_5a,219103,-22.557409286499023,29.370620727539062,9,0,0,0.0,0.0
gated_alive:a_5a:219708,a_5a,219708,-40.05084228515625,36.527931213378906,9,0,0,0.0,0.0
gated_alive:a_5a:219820,a_5a,219820,12.759084701538086,-42.946388244628906,9,0,0,0.0,0.0
gated_alive:a_5a:220343,a_5a,220343,42.2071418762207,-5.056183815002441,9,0,0,0.0,0.0
gated_alive:a_5a:221226,a_5a,221226,-9.553641319274902,3.2770421504974365,9,0,0,0.0,0.0
gated_alive:a_5a:222675,a_5a,222675,19.307048797607422,-34.07040023803711,9,0,0,0.0,0.0
gated_alive:a_5a:224160,a_5a,224160,-18.483430862426758,-48.46830749511719,9,0,0,0.0,0.0
gated_alive:a_5a:224805,a_5a,224805,9.774091720581055,-25.86717414855957,9,0,0,0.0,0.0
gated_alive:a_5a:225313,a_5a,225313,-4.740321159362793,-6.093084812164307,9,0,0,0.0,0.0
gated_alive:a_5a:225537,a_5a,225537,0.5611801147460938,28.560815811157227,9,0,0,0.0,0.0
gated_alive:a_5a:225829,a_5a,225829,16.321044921875,15.356398582458496,9,0,0,0.0,0.0
gated_alive:a_5a:225991,a_5a,225991,-2.920034885406494,-57.1046142578125,9,0,0,0.0,0.0
gated_alive:a_5a:226850,a_5a,226850,-27.730667114257812,-10.824267387390137,9,0,0,0.0,0.0
gated_alive:a_5a:226931,a_5a,226931,-20.987934112548828,-57.720054626464844,9,0,0,0.0,0.0
gated_alive:a_5a:227465,a_5a,227465,-38.74814987182617,-17.93555450439453,9,0,0,0.0,0.0
gated_alive:a_5a:227961,a_5a,227961,-34.8370246887207,-43.11446762084961,9,0,0,0.0,0.0
gated_alive:a_5a:228030,a_5a,228030,-2.1246695518493652,-52.3936653137207,9,0,0,0.0,0.0
gated_alive:a_5a:228154,a_5a,228154,-25.904037475585938,-41.482479095458984,9,0,0,0.0,0.0
gated_alive:a_5a:229658,a_5a,229658,2.184385299682617,-1.217535376548767,9,0,0,0.0,0.0
gated_alive:a_5a:230620,a_5a,230620,-43.889892578125,13.071795463562012,9,0,0,0.0,0.0
gated_alive:a_5a:230740,a_5a,230740,25.35946273803711,-41.025611877441406,9,0,0,0.0,0.0
gated_alive:a_5a:232436,a_5a,232436,21.833717346191406,32.83778762817383,9,0,0,0.0,0.0
gated_alive:a_5a:232714,a_5a,232714,29.828529357910156,-3.2512922286987305,9,0,0,0.0,0.0
gated_alive:a_5a:232782,a_5a,232782,-19.71213150024414,-33.014949798583984,9,0,0,0.0,0.0
gated_alive:a_5a:232837,a_5a,232837,-9.262038230895996,48.44437026977539,9,0,0,0.0,0.0
gated_alive:a_5a:232854,a_5a,232854,23.681800842285156,42.49874496459961,9,0,0,0.0,0.0
gated_alive:a_5a:233390,a_5a,233390,32.07496643066406,41.855857849121094,9,0,0,0.0,0.0
gated_alive:a_5a:233457,a_5a,233457,-54.97629165649414,11.344667434692383,9,0,0,0.0,0.0
gated_alive:a_5a:234372,a_5a,234372,-13.158413887023926,-45.75849151611328,9,0,0,0.0,0.0
gated_alive:a_5a:234453,a_5a,234453,-25.054580688476562,51.038211822509766,9,0,0,0.0,0.0
gated_alive:a_5a:234736,a_5a,234736,28.62276840209961,-14.113081932067871,9,0,0,0.0,0.0
gated_alive:a_5a:235080,a_5a,235080,4.753220558166504,5.380433082580566,9,0,0,0.0,0.0
gated_alive:a_5a:236229,a_5a,236229,-29.158918380737305,35.44514846801758,9,0,0,0.0,0.0
gated_alive:a_5a:237632,a_5a,237632,-35.37505340576172,38.26694107055664,9,0,0,0.0,0.0
gated_alive:a_5a:237846,a_5a,237846,-54.28504180908203,-43.809715270996094,9,0,0,0.0,0.0
gated_alive:a_5a:238703,a_5a,238703,-39.365543365478516,-10.887007713317871,9,0,0,0.0,0.0
gated_alive:a_5a:240251,a_5a,240251,-47.36007308959961,-24.035308837890625,9,0,0,0.0,0.0
gated_alive:a_5a:240501,a_5a,240501,-46.72925567626953,-21.661396026611328,9,0,0,0.0,0.0
gated_alive:a_5a:240675,a_5a,240675,33.95273971557617,56.050880432128906,9,0,0,0.0,0.0
gated_alive:a_5a:241711,a_5a,241711,-61.22893142700195,-33.848365783691406,9,0,0,0.0,0.0
gated_alive:a_5a:242262,a_5a,242262,-17.752635955810547,-53.660884857177734,9,0,0,0.0,0.0
gated_alive:a_5a:242446,a_5a,242446,51.52775955200195,-4.7926106452941895,9,0,0,0.0,0.0
gated_alive:a_5a:242873,a_5a,242873,14.055294036865234,-29.125999450683594,9,0,0,0.0,0.0
gated_alive:a_5a:242896,a_5a,242896,-2.586925745010376,-52.998748779296875,9,0,0,0.0,0.0
gated_alive:a_5a:243155,a_5a,243155,17.62795066833496,-18.48358154296875,9,0,0,0.0,0.0
gated_alive:a_5a:243319,a_5a,243319,-41.71197509765625,-19.200517654418945,9,0,0,0.0,0.0
gated_alive:a_5a:243499,a_5a,243499,-40.44328308105469,-9.338521957397461,9,0,0,0.0,0.0
gated_alive:a_5a:244081,a_5a,244081,12.929494857788086,0.6609889268875122,9,0,0,0.0,0.0
gated_alive:a_5a:245921,a_5a,245921,32.60190963745117,-4.392384052276611,9,1,0,0.1111111111111111,0.0
gated_alive:a_5a:246364,a_5a,246364,6.576654434204102,8.158957481384277,9,0,0,0.0,0.0
gated_alive:a_5a:246407,a_5a,246407,42.50485610961914,-25.673776626586914,9,0,0,0.0,0.0
gated_alive:a_5a:247483,a_5a,247483,4.040709018707275,20.017127990722656,9,0,0,0.0,0.0
gated_alive:a_5a:247655,a_5a,247655,-12.686025619506836,-39.23756408691406,9,0,0,0.0,0.0
gated_alive:a_5a:247687,a_5a,247687,-0.04072866961359978,20.217845916748047,9,0,0,0.0,0.0
gated_alive:a_5a:248733,a_5a,248733,-19.095582962036133,38.960025787353516,9,0,0,0.0,0.0
gated_alive:a_5a:248928,a_5a,248928,2.383265495300293,29.993478775024414,9,0,0,0.0,0.0
gated_alive:a_5a:249079,a_5a,249079,-37.81205368041992,36.458370208740234,9,0,0,0.0,0.0
gated_alive:a_5a:249245,a_5a,249245,24.301239013671875,-12.22199821472168,9,0,0,0.0,0.0
gated_alive:a_5a:249597,a_5a,249597,6.84239387512207,-50.002464294433594,9,0,0,0.0,0.0
gated_alive:a_5a:250009,a_5a,250009,53.6257438659668,30.587350845336914,9,0,0,0.0,0.0
gated_alive:a_5a:250279,a_5a,250279,-19.021045684814453,-16.906280517578125,9,0,0,0.0,0.0
gated_alive:a_5a:250559,a_5a,250559,-9.108304023742676,6.596344470977783,9,0,0,0.0,0.0
gated_alive:a_5a:250638,a_5a,250638,25.881839752197266,47.10044479370117,9,0,0,0.0,0.0
gated_alive:a_5a:250890,a_5a,250890,3.6103086471557617,61.53310012817383,9,0,0,0.0,0.0
gated_alive:a_5a:250894,a_5a,250894,-45.01154327392578,42.17340087890625,9,0,0,0.0,0.0
gated_alive:a_5a:251287,a_5a,251287,-14.54755973815918,-11.666287422180176,9,0,0,0.0,0.0
gated_alive:a_5a:251318,a_5a,251318,-36.82027816772461,44.46261215209961,9,0,0,0.0,0.0
gated_alive:a_5a:251908,a_5a,251908,21.27397346496582,-42.41725540161133,9,0,0,0.0,0.0
gated_alive:a_5a:251981,a_5a,251981,-35.01952362060547,39.84049987792969,9,0,0,0.0,0.0
gated_alive:a_5a:252079,a_5a,252079,-34.776100158691406,38.03755187988281,9,0,0,0.0,0.0
gated_alive:a_5a:252352,a_5a,252352,-2.4155359268188477,-1.8035534620285034,9,0,0,0.0,0.0
gated_alive:a_5a:252398,a_5a,252398,-17.25201988220215,-11.533044815063477,9,0,0,0.0,0.0
gated_alive:a_5a:253180,a_5a,253180,10.7337007522583,61.0118522644043,9,0,0,0.0,0.0
gated_alive:a_5a:254275,a_5a,254275,-36.536102294921875,55.443660736083984,9,0,0,0.0,0.0
gated_alive:a_5a:254315,a_5a,254315,-22.510583877563477,-4.052515506744385,9,0,0,0.0,0.0
gated_alive:a_5a:254338,a_5a,254338,-33.29326629638672,51.58917236328125,9,0,0,0.0,0.0
gated_alive:a_5a:254351,a_5a,254351,-0.07975222915410995,-7.0771002769470215,9,0,0,0.0,0.0
gated_alive:a_5a:254570,a_5a,254570,-53.979652404785156,-8.344759941101074,9,0,0,0.0,0.0
gated_alive:a_5b:392,a_5b,392,-36.1998291015625,36.536293029785156,7,0,0,0.0,0.0
gated_alive:a_5b:570,a_5b,570,22.45254898071289,-8.897608757019043,7,0,0,0.0,0.0
gated_alive:a_5b:1225,a_5b,1225,-46.76411819458008,28.171913146972656,7,0,0,0.0,0.0
gated_alive:a_5b:2183,a_5b,2183,22.649890899658203,62.800201416015625,7,0,0,0.0,0.0
gated_alive:a_5b:2724,a_5b,2724,15.56750202178955,-34.49725341796875,7,0,0,0.0,0.0
gated_alive:a_5b:2801,a_5b,2801,28.897653579711914,32.80194854736328,7,0,0,0.0,0.0
gated_alive:a_5b:3229,a_5b,3229,10.673173904418945,-13.91633415222168,7,0,0,0.0,0.0
gated_alive:a_5b:4057,a_5b,4057,-28.109750747680664,24.65436363220215,7,0,0,0.0,0.0
gated_alive:a_5b:4128,a_5b,4128,68.45216369628906,-26.946971893310547,7,0,0,0.0,0.0
gated_alive:a_5b:4400,a_5b,4400,13.002547264099121,-22.504432678222656,7,0,0,0.0,0.0
gated_alive:a_5b:4662,a_5b,4662,0.929225504398346,22.053476333618164,7,0,0,0.0,0.0
gated_alive:a_5b:4781,a_5b,4781,9.616520881652832,27.89339256286621,7,0,0,0.0,0.0
gated_alive:a_5b:4838,a_5b,4838,69.22735595703125,-24.887683868408203,7,0,0,0.0,0.0
gated_alive:a_5b:5504,a_5b,5504,-16.474666595458984,-21.767032623291016,7,0,0,0.0,0.0
gated_alive:a_5b:6479,a_5b,6479,2.682603359222412,26.213314056396484,7,0,0,0.0,0.0
gated_alive:a_5b:7607,a_5b,7607,35.744136810302734,40.24695587158203,7,0,0,0.0,0.0
gated_alive:a_5b:7825,a_5b,7825,-12.604131698608398,-46.50619888305664,7,0,0,0.0,0.0
gated_alive:a_5b:8481,a_5b,8481,-12.896079063415527,22.790061950683594,7,0,0,0.0,0.0
gated_alive:a_5b:9124,a_5b,9124,41.671085357666016,-8.313364028930664,7,0,0,0.0,0.0
gated_alive:a_5b:9274,a_5b,9274,-20.21756935119629,-58.006385803222656,7,0,0,0.0,0.0
gated_alive:a_5b:10320,a_5b,10320,-33.44636154174805,25.561513900756836,7,0,0,0.0,0.0
gated_alive:a_5b:10329,a_5b,10329,-39.702972412109375,35.27252197265625,7,0,0,0.0,0.0
gated_alive:a_5b:11978,a_5b,11978,-36.218231201171875,11.96735668182373,7,0,0,0.0,0.0
gated_alive:a_5b:12048,a_5b,12048,8.966154098510742,-54.02029800415039,7,0,0,0.0,0.0
gated_alive:a_5b:12317,a_5b,12317,70.29644012451172,-23.536022186279297,7,0,0,0.0,0.0
gated_alive:a_5b:12655,a_5b,12655,74.66435241699219,-25.042823791503906,7,0,0,0.0,0.0
gated_alive:a_5b:13165,a_5b,13165,-52.692588806152344,14.378239631652832,7,0,0,0.0,0.0
gated_alive:a_5b:13457,a_5b,13457,26.333974838256836,-49.7816047668457,7,0,0,0.0,0.0
gated_alive:a_5b:13798,a_5b,13798,-36.07255935668945,-13.496048927307129,7,0,0,0.0,0.0
gated_alive:a_5b:14444,a_5b,14444,19.109567642211914,-42.32562255859375,7,0,0,0.0,0.0
gated_alive:a_5b:14875,a_5b,14875,19.041261672973633,-6.8542046546936035,7,0,0,0.0,0.0
gated_alive:a_5b:15014,a_5b,15014,-18.677671432495117,47.55414962768555,7,0,0,0.0,0.0
gated_alive:a_5b:15208,a_5b,15208,-6.804632186889648,-23.973087310791016,7,0,0,0.0,0.0
gated_alive:a_5b:15438,a_5b,15438,-27.859817504882812,-7.653481483459473,7,0,0,0.0,0.0
gated_alive:a_5b:15512,a_5b,15512,-9.166779518127441,56.537864685058594,7,0,0,0.0,0.0
gated_alive:a_5b:15869,a_5b,15869,46.7971076965332,-7.919599533081055,7,0,0,0.0,0.0
gated_alive:a_5b:16015,a_5b,16015,-27.348405838012695,-21.12579917907715,7,0,0,0.0,0.0
gated_alive:a_5b:16175,a_5b,16175,-17.905858993530273,-62.78455352783203,7,0,0,0.0,0.0
gated_alive:a_5b:16191,a_5b,16191,-44.29331588745117,-31.18056869506836,7,0,0,0.0,0.0
gated_alive:a_5b:16765,a_5b,16765,-39.156593322753906,21.38060760498047,7,0,0,0.0,0.0
gated_alive:a_5b:16840,a_5b,16840,13.137856483459473,4.1774187088012695,7,0,0,0.0,0.0
gated_alive:a_5b:17408,a_5b,17408,21.101022720336914,23.813064575195312,7,0,0,0.0,0.0
gated_alive:a_5b:17467,a_5b,17467,-48.82353591918945,18.926502227783203,7,0,0,0.0,0.0
gated_alive:a_5b:18214,a_5b,18214,-47.34127426147461,46.49767303466797,7,0,0,0.0,0.0
gated_alive:a_5b:18591,a_5b,18591,-55.135162353515625,-10.651265144348145,7,0,0,0.0,0.0
gated_alive:a_5b:18634,a_5b,18634,-3.139665126800537,-3.0873873233795166,7,0,0,0.0,0.0
gated_alive:a_5b:19014,a_5b,19014,-26.696943283081055,38.2562255859375,7,0,0,0.0,0.0
gated_alive:a_5b:19456,a_5b,19456,-59.22269821166992,-34.49717712402344,7,0,0,0.0,0.0
gated_alive:a_5b:19554,a_5b,19554,-28.297748565673828,39.645076751708984,7,0,0,0.0,0.0
gated_alive:a_5b:19675,a_5b,19675,-41.10458755493164,22.592296600341797,7,0,0,0.0,0.0
gated_alive:a_5b:19991,a_5b,19991,15.074610710144043,-0.1911940723657608,7,0,0,0.0,0.0
gated_alive:a_5b:20297,a_5b,20297,14.893243789672852,56.582969665527344,7,0,0,0.0,0.0
gated_alive:a_5b:20352,a_5b,20352,26.68267822265625,-13.829582214355469,7,0,0,0.0,0.0
gated_alive:a_5b:20738,a_5b,20738,33.50868606567383,21.21084213256836,7,0,0,0.0,0.0
gated_alive:a_5b:22291,a_5b,22291,73.00704193115234,-20.269044876098633,7,0,0,0.0,0.0
gated_alive:a_5b:22332,a_5b,22332,76.05497741699219,-24.854873657226562,7,0,0,0.0,0.0
gated_alive:a_5b:22596,a_5b,22596,-24.915851593017578,-56.11276626586914,7,0,0,0.0,0.0
gated_alive:a_5b:22749,a_5b,22749,-8.811338424682617,6.673299789428711,7,0,0,0.0,0.0
gated_alive:a_5b:23209,a_5b,23209,-8.307432174682617,-13.182188034057617,7,0,0,0.0,0.0
gated_alive:a_5b:23579,a_5b,23579,-3.442606210708618,-47.49936294555664,7,0,0,0.0,0.0
gated_alive:a_5b:23924,a_5b,23924,-5.160947322845459,-4.879667282104492,7,0,0,0.0,0.0
gated_alive:a_5b:24121,a_5b,24121,-31.80379867553711,38.98872756958008,7,0,0,0.0,0.0
gated_alive:a_5b:24458,a_5b,24458,-39.3342170715332,28.461042404174805,7,0,0,0.0,0.0
gated_alive:a_5b:25399,a_5b,25399,-3.5630698204040527,17.55340003967285,7,0,0,0.0,0.0
gated_alive:a_5b:25687,a_5b,25687,-11.265381813049316,-50.92555618286133,7,0,0,0.0,0.0
gated_alive:a_5b:26277,a_5b,26277,-52.28575897216797,-39.8292121887207,7,0,0,0.0,0.0
gated_alive:a_5b:27016,a_5b,27016,-10.290323257446289,32.949310302734375,7,0,0,0.0,0.0
gated_alive:a_5b:27643,a_5b,27643,-11.631441116333008,-57.620365142822266,7,0,0,0.0,0.0
gated_alive:a_5b:27806,a_5b,27806,29.083749771118164,-13.34575366973877,7,0,0,0.0,0.0
gated_alive:a_5b:28368,a_5b,28368,-8.187688827514648,-33.146331787109375,7,0,0,0.0,0.0
gated_alive:a_5b:28493,a_5b,28493,-24.060461044311523,38.95375061035156,7,0,0,0.0,0.0
gated_alive:a_5b:29754,a_5b,29754,-12.786433219909668,38.72556686401367,7,0,0,0.0,0.0
gated_alive:a_5b:29840,a_5b,29840,22.533910751342773,-39.160011291503906,7,0,0,0.0,0.0
gated_alive:a_5b:30170,a_5b,30170,1.1405054330825806,-3.675050735473633,7,0,0,0.0,0.0
gated_alive:a_5b:30343,a_5b,30343,-15.523804664611816,-24.894994735717773,7,0,0,0.0,0.0
gated_alive:a_5b:30609,a_5b,30609,-54.11954879760742,-33.356937408447266,7,0,0,0.0,0.0
gated_alive:a_5b:31162,a_5b,31162,2.0394158363342285,-54.029052734375,7,0,0,0.0,0.0
gated_alive:a_5b:31611,a_5b,31611,-23.990455627441406,29.875974655151367,7,0,0,0.0,0.0
gated_alive:a_5b:32115,a_5b,32115,-45.98401641845703,9.889697074890137,7,0,0,0.0,0.0
gated_alive:a_5b:32259,a_5b,32259,-4.960368633270264,4.868628978729248,7,0,0,0.0,0.0
gated_alive:a_5b:32755,a_5b,32755,-1.8539592027664185,1.9004580974578857,7,0,0,0.0,0.0
gated_alive:a_5b:32975,a_5b,32975,-8.811601638793945,31.720626831054688,7,0,0,0.0,0.0
gated_alive:a_5b:33111,a_5b,33111,-21.22593879699707,-63.954463958740234,7,0,0,0.0,0.0
gated_alive:a_5b:33139,a_5b,33139,32.338008880615234,15.749855041503906,7,0,0,0.0,0.0
gated_alive:a_5b:34280,a_5b,34280,-18.734628677368164,-23.53818702697754,7,0,0,0.0,0.0
gated_alive:a_5b:34892,a_5b,34892,-40.517337799072266,-14.279348373413086,7,0,0,0.0,0.0
gated_alive:a_5b:34944,a_5b,34944,-40.92890930175781,-17.626361846923828,7,0,0,0.0,0.0
gated_alive:a_5b:35190,a_5b,35190,32.70930862426758,-4.089010238647461,7,0,0,0.0,0.0
gated_alive:a_5b:35375,a_5b,35375,-0.8352338671684265,-0.8337662220001221,7,0,0,0.0,0.0
gated_alive:a_5b:35472,a_5b,35472,22.790895462036133,-43.10183334350586,7,0,0,0.0,0.0
gated_alive:a_5b:36065,a_5b,36065,13.256162643432617,18.5686092376709,7,0,0,0.0,0.0
gated_alive:a_5b:36082,a_5b,36082,32.35889434814453,51.070274353027344,7,0,0,0.0,0.0
gated_alive:a_5b:36523,a_5b,36523,-50.96044158935547,-46.031986236572266,7,0,0,0.0,0.0
gated_alive:a_5b:36547,a_5b,36547,-24.511058807373047,42.12307357788086,7,0,0,0.0,0.0
gated_alive:a_5b:36559,a_5b,36559,-33.89309310913086,55.024932861328125,7,0,0,0.0,0.0
gated_alive:a_5b:36635,a_5b,36635,-17.162195205688477,-65.97223663330078,7,0,0,0.0,0.0
gated_alive:a_5b:36882,a_5b,36882,24.706342697143555,-12.543207168579102,7,0,0,0.0,0.0
gated_alive:a_5b:36979,a_5b,36979,50.026126861572266,-34.509857177734375,7,1,0,0.14285714285714285,0.0
gated_alive:a_5b:37143,a_5b,37143,36.87398910522461,10.04932689666748,7,0,0,0.0,0.0
gated_alive:a_5b:37183,a_5b,37183,2.24350905418396,-20.09706687927246,7,0,0,0.0,0.0
gated_alive:a_5b:38126,a_5b,38126,-33.085697174072266,-8.937170028686523,7,0,0,0.0,0.0
gated_alive:a_5b:38185,a_5b,38185,-4.834436416625977,-4.249773025512695,7,0,0,0.0,0.0
gated_alive:a_5b:38649,a_5b,38649,-34.06632614135742,-4.410623073577881,7,0,0,0.0,0.0
gated_alive:a_5b:39095,a_5b,39095,46.19282913208008,-40.09967041015625,7,0,0,0.0,0.0
gated_alive:a_5b:40015,a_5b,40015,-50.294090270996094,32.549034118652344,7,0,0,0.0,0.0
gated_alive:a_5b:40216,a_5b,40216,-33.97498321533203,16.691862106323242,7,0,0,0.0,0.0
gated_alive:a_5b:41343,a_5b,41343,3.7913925647735596,13.395723342895508,7,0,0,0.0,0.0
gated_alive:a_5b:41782,a_5b,41782,-49.453208923339844,13.106996536254883,7,0,0,0.0,0.0
gated_alive:a_5b:41931,a_5b,41931,-29.6678524017334,41.86381149291992,7,0,0,0.0,0.0
gated_alive:a_5b:42462,a_5b,42462,-53.61929702758789,-28.801071166992188,7,0,0,0.0,0.0
gated_alive:a_5b:43128,a_5b,43128,-21.360885620117188,-42.179542541503906,7,0,0,0.0,0.0
gated_alive:a_5b:43161,a_5b,43161,12.542425155639648,-2.636789321899414,7,0,0,0.0,0.0
gated_alive:a_5b:43275,a_5b,43275,23.04374122619629,45.94394302368164,7,0,0,0.0,0.0
gated_alive:a_5b:43596,a_5b,43596,18.83214569091797,20.773399353027344,7,0,0,0.0,0.0
gated_alive:a_5b:44073,a_5b,44073,-30.017444610595703,37.88615417480469,7,0,0,0.0,0.0
gated_alive:a_5b:46525,a_5b,46525,-10.514204025268555,20.944292068481445,7,0,0,0.0,0.0
gated_alive:a_5b:47715,a_5b,47715,8.036075592041016,47.67424011230469,7,0,0,0.0,0.0
gated_alive:a_5b:48359,a_5b,48359,47.57524871826172,-39.92490768432617,7,2,1,0.2857142857142857,0.14285714285714285
gated_alive:a_5b:48678,a_5b,48678,-48.65019607543945,-23.612098693847656,7,0,0,0.0,0.0
gated_alive:a_5b:49716,a_5b,49716,-13.622786521911621,-63.830623626708984,7,0,0,0.0,0.0
gated_alive:a_5b:49747,a_5b,49747,34.7572135925293,13.862288475036621,7,0,0,0.0,0.0
gated_alive:a_5b:50125,a_5b,50125,-11.660844802856445,-15.015019416809082,7,0,0,0.0,0.0
gated_alive:a_5b:50363,a_5b,50363,-34.51900100708008,58.79661560058594,7,0,0,0.0,0.0
gated_alive:a_5b:50570,a_5b,50570,-49.510467529296875,33.678401947021484,7,0,0,0.0,0.0
gated_alive:a_5b:50768,a_5b,50768,2.2348525524139404,-3.277448892593384,7,0,0,0.0,0.0
gated_alive:a_5b:51131,a_5b,51131,14.245162963867188,2.558818817138672,7,0,0,0.0,0.0
gated_alive:a_5b:51708,a_5b,51708,36.983802795410156,45.240116119384766,7,0,0,0.0,0.0
gated_alive:a_5b:51787,a_5b,51787,-35.0394172668457,-16.02525520324707,7,0,0,0.0,0.0
gated_alive:a_5b:51821,a_5b,51821,-27.712495803833008,-10.493505477905273,7,0,0,0.0,0.0
gated_alive:a_5b:51878,a_5b,51878,-21.073522567749023,37.322078704833984,7,0,0,0.0,0.0
gated_alive:a_5b:52070,a_5b,52070,-34.77766418457031,-8.576156616210938,7,0,0,0.0,0.0
gated_alive:a_5b:52400,a_5b,52400,-4.770808219909668,-44.161964416503906,7,0,0,0.0,0.0
gated_alive:a_5b:52725,a_5b,52725,-7.655406475067139,-44.85799026489258,7,0,0,0.0,0.0
gated_alive:a_5b:53452,a_5b,53452,-21.972213745117188,-51.6483268737793,7,0,0,0.0,0.0
gated_alive:a_5b:53977,a_5b,53977,-12.628586769104004,28.024621963500977,7,0,0,0.0,0.0
gated_alive:a_5b:54835,a_5b,54835,32.49795913696289,-8.824822425842285,7,0,0,0.0,0.0
gated_alive:a_5b:56033,a_5b,56033,19.97171974182129,-46.24334716796875,7,0,0,0.0,0.0
gated_alive:a_5b:56698,a_5b,56698,30.019363403320312,-22.889236450195312,7,0,0,0.0,0.0
gated_alive:a_5b:56864,a_5b,56864,72.28815460205078,-30.865022659301758,7,0,0,0.0,0.0
gated_alive:a_5b:57141,a_5b,57141,-33.54592514038086,20.66441535949707,7,0,0,0.0,0.0
gated_alive:a_5b:57439,a_5b,57439,0.7334408760070801,-7.053816795349121,7,0,0,0.0,0.0
gated_alive:a_5b:57553,a_5b,57553,-10.127285957336426,-55.28553771972656,7,0,0,0.0,0.0
gated_alive:a_5b:57918,a_5b,57918,-56.32390594482422,16.21489715576172,7,0,0,0.0,0.0
gated_alive:a_5b:58429,a_5b,58429,53.01921844482422,-6.882668972015381,7,0,0,0.0,0.0
gated_alive:a_5b:58670,a_5b,58670,-15.561969757080078,8.577254295349121,7,0,0,0.0,0.0
gated_alive:a_5b:59043,a_5b,59043,8.750807762145996,-48.96001434326172,7,0,0,0.0,0.0
gated_alive:a_5b:59663,a_5b,59663,-4.067667484283447,31.73977279663086,7,0,0,0.0,0.0
gated_alive:a_5b:60072,a_5b,60072,2.277151346206665,23.59248161315918,7,0,0,0.0,0.0
gated_alive:a_5b:60176,a_5b,60176,13.080965995788574,27.151613235473633,7,0,0,0.0,0.0
gated_alive:a_5b:60450,a_5b,60450,-20.913494110107422,25.6278076171875,7,0,0,0.0,0.0
gated_alive:a_5b:60701,a_5b,60701,-2.5716824531555176,-6.413984775543213,7,0,0,0.0,0.0
gated_alive:a_5b:60923,a_5b,60923,-36.3203010559082,37.21376419067383,7,0,0,0.0,0.0
gated_alive:a_5b:61310,a_5b,61310,50.526458740234375,-36.28956985473633,7,1,0,0.14285714285714285,0.0
gated_alive:a_5b:61328,a_5b,61328,-5.0029168128967285,-50.65325927734375,7,0,0,0.0,0.0
gated_alive:a_5b:61507,a_5b,61507,-14.90050220489502,-40.42839431762695,7,0,0,0.0,0.0
gated_alive:a_5b:61690,a_5b,61690,-1.0885001420974731,-35.86270523071289,7,0,0,0.0,0.0
gated_alive:a_5b:62085,a_5b,62085,19.85824203491211,0.5239397883415222,7,0,0,0.0,0.0
gated_alive:a_5b:62790,a_5b,62790,-15.265647888183594,59.9283561706543,7,0,0,0.0,0.0
gated_alive:a_5b:63050,a_5b,63050,-15.761691093444824,-51.9239387512207,7,0,0,0.0,0.0
gated_alive:a_5b:63480,a_5b,63480,41.129913330078125,43.68547821044922,7,0,0,0.0,0.0
gated_alive:a_5b:63688,a_5b,63688,-50.386539459228516,-23.604511260986328,7,0,0,0.0,0.0
gated_alive:a_5b:63842,a_5b,63842,-24.92107582092285,39.37932205200195,7,0,0,0.0,0.0
gated_alive:a_5b:63990,a_5b,63990,2.6041643619537354,-19.79375457763672,7,0,0,0.0,0.0
gated_alive:a_5b:65252,a_5b,65252,70.4694595336914,-27.392932891845703,7,0,0,0.0,0.0
gated_alive:a_5b:65284,a_5b,65284,22.76320457458496,-11.283681869506836,7,0,0,0.0,0.0
gated_alive:a_5b:66407,a_5b,66407,-8.554638862609863,63.310340881347656,7,0,0,0.0,0.0
gated_alive:a_5b:67024,a_5b,67024,-0.9587066769599915,30.75680923461914,7,0,0,0.0,0.0
gated_alive:a_5b:67280,a_5b,67280,-15.81632137298584,50.688655853271484,7,0,0,0.0,0.0
gated_alive:a_5b:67342,a_5b,67342,-15.481922149658203,-16.58777618408203,7,0,0,0.0,0.0
gated_alive:a_5b:67491,a_5b,67491,16.465435028076172,-19.57171058654785,7,0,0,0.0,0.0
gated_alive:a_5b:67520,a_5b,67520,-3.8542730808258057,28.77849578857422,7,0,0,0.0,0.0
gated_alive:a_5b:69248,a_5b,69248,-38.70679473876953,-23.392969131469727,7,0,0,0.0,0.0
gated_alive:a_5b:69273,a_5b,69273,23.86492156982422,9.994893074035645,7,0,0,0.0,0.0
gated_alive:a_5b:69515,a_5b,69515,38.84087371826172,32.87986755371094,7,0,0,0.0,0.0
gated_alive:a_5b:69676,a_5b,69676,-48.54924392700195,11.8768949508667,7,0,0,0.0,0.0
gated_alive:a_5b:69762,a_5b,69762,21.534616470336914,28.664894104003906,7,0,0,0.0,0.0
gated_alive:a_5b:70826,a_5b,70826,-12.818154335021973,-0.21035833656787872,7,0,0,0.0,0.0
gated_alive:a_5b:71181,a_5b,71181,13.491150856018066,-26.37248420715332,7,1,0,0.14285714285714285,0.0
gated_alive:a_5b:71293,a_5b,71293,-21.27376937866211,40.53211975097656,7,0,0,0.0,0.0
gated_alive:a_5b:71438,a_5b,71438,22.960784912109375,24.34558868408203,7,0,0,0.0,0.0
gated_alive:a_5b:71739,a_5b,71739,-34.6831169128418,-12.5553560256958,7,0,0,0.0,0.0
gated_alive:a_5b:71907,a_5b,71907,-19.21040153503418,-53.42725372314453,7,0,0,0.0,0.0
gated_alive:a_5b:72273,a_5b,72273,9.636765480041504,-45.7001953125,7,0,0,0.0,0.0
gated_alive:a_5b:72642,a_5b,72642,-22.69969367980957,44.06498336791992,7,0,0,0.0,0.0
gated_alive:a_5b:73104,a_5b,73104,39.14167022705078,-36.94981002807617,7,0,0,0.0,0.0
gated_alive:a_5b:75081,a_5b,75081,-13.480693817138672,-53.27840042114258,7,0,0,0.0,0.0
gated_alive:a_5b:75895,a_5b,75895,33.42184829711914,-2.8549020290374756,7,0,0,0.0,0.0
gated_alive:a_5b:76084,a_5b,76084,-41.265811920166016,22.22731590270996,7,0,0,0.0,0.0
gated_alive:a_5b:76095,a_5b,76095,73.71673583984375,-29.40549659729004,7,0,0,0.0,0.0
gated_alive:a_5b:76274,a_5b,76274,-52.957340240478516,11.91318416595459,7,0,0,0.0,0.0
gated_alive:a_5b:76317,a_5b,76317,-16.643896102905273,2.1622023582458496,7,0,0,0.0,0.0
gated_alive:a_5b:76903,a_5b,76903,3.4998579025268555,-29.34966278076172,7,0,0,0.0,0.0
gated_alive:a_5b:77216,a_5b,77216,2.6388657093048096,25.327077865600586,7,0,0,0.0,0.0
gated_alive:a_5b:77360,a_5b,77360,27.769393920898438,-19.21250343322754,7,1,0,0.14285714285714285,0.0
gated_alive:a_5b:77850,a_5b,77850,3.793686866760254,8.383161544799805,7,0,0,0.0,0.0
gated_alive:a_5b:77897,a_5b,77897,-46.92802429199219,8.88770866394043,7,0,0,0.0,0.0
gated_alive:a_5b:78174,a_5b,78174,48.04081726074219,-39.28042984008789,7,6,1,0.8571428571428571,0.14285714285714285
gated_alive:a_5b:78342,a_5b,78342,-5.805720806121826,41.14811325073242,7,0,0,0.0,0.0
gated_alive:a_5b:79188,a_5b,79188,-5.21415376663208,-27.326805114746094,7,0,0,0.0,0.0
gated_alive:a_5b:79443,a_5b,79443,10.597283363342285,4.202728271484375,7,0,0,0.0,0.0
gated_alive:a_5b:80005,a_5b,80005,3.8450658321380615,-1.9517285823822021,7,0,0,0.0,0.0
gated_alive:a_5b:80433,a_5b,80433,-9.693636894226074,56.79891586303711,7,0,0,0.0,0.0
gated_alive:a_5b:81879,a_5b,81879,-22.049333572387695,39.18442153930664,7,0,0,0.0,0.0
gated_alive:a_5b:82432,a_5b,82432,-4.669613361358643,-43.378631591796875,7,0,0,0.0,0.0
gated_alive:a_5b:84284,a_5b,84284,-16.26582145690918,-11.573909759521484,7,0,0,0.0,0.0
gated_alive:a_5b:84553,a_5b,84553,-48.81605529785156,18.942890167236328,7,0,0,0.0,0.0
gated_alive:a_5b:84664,a_5b,84664,-51.620460510253906,-12.984764099121094,7,0,0,0.0,0.0
gated_alive:a_5b:84874,a_5b,84874,-4.806647777557373,-55.70625305175781,7,0,0,0.0,0.0
gated_alive:a_5b:84992,a_5b,84992,-1.830488920211792,18.111726760864258,7,0,0,0.0,0.0
gated_alive:a_5b:85299,a_5b,85299,-9.150260925292969,39.65141677856445,7,0,0,0.0,0.0
gated_alive:a_5b:85399,a_5b,85399,5.808923244476318,-46.45547866821289,7,0,0,0.0,0.0
gated_alive:a_5b:86674,a_5b,86674,51.449642181396484,-34.560890197753906,7,0,0,0.0,0.0
gated_alive:a_5b:86692,a_5b,86692,-1.3534154891967773,-7.052783489227295,7,0,0,0.0,0.0
gated_alive:a_5b:86938,a_5b,86938,14.01207447052002,-13.113986015319824,7,0,0,0.0,0.0
gated_alive:a_5b:87013,a_5b,87013,24.450042724609375,25.88157081604004,7,0,0,0.0,0.0
gated_alive:a_5b:87998,a_5b,87998,-5.840065956115723,-2.9976792335510254,7,0,0,0.0,0.0
gated_alive:a_5b:88415,a_5b,88415,41.18795394897461,43.81290817260742,7,0,0,0.0,0.0
gated_alive:a_5b:89398,a_5b,89398,-14.387874603271484,-44.406185150146484,7,0,0,0.0,0.0
gated_alive:a_5b:90256,a_5b,90256,-7.462283134460449,-49.03261947631836,7,0,0,0.0,0.0
gated_alive:a_5b:92408,a_5b,92408,-25.17316436767578,51.302772521972656,7,0,0,0.0,0.0
gated_alive:a_5b:92563,a_5b,92563,16.697084426879883,24.67005729675293,7,0,0,0.0,0.0
gated_alive:a_5b:92669,a_5b,92669,10.252038955688477,48.55966567993164,7,0,0,0.0,0.0
gated_alive:a_5b:94097,a_5b,94097,10.650629043579102,23.705839157104492,7,0,0,0.0,0.0
gated_alive:a_5b:94193,a_5b,94193,47.04867172241211,-7.673964023590088,7,1,0,0.14285714285714285,0.0
gated_alive:a_5b:94572,a_5b,94572,3.197366237640381,22.34909439086914,7,0,0,0.0,0.0
gated_alive:a_5b:94882,a_5b,94882,-58.952301025390625,-29.57281494140625,7,0,0,0.0,0.0
gated_alive:a_5b:96007,a_5b,96007,50.10007095336914,-37.001953125,7,0,0,0.0,0.0
gated_alive:a_5b:96192,a_5b,96192,-32.01488494873047,45.639705657958984,7,0,0,0.0,0.0
gated_alive:a_5b:96756,a_5b,96756,-31.39278221130371,43.751922607421875,7,0,0,0.0,0.0
gated_alive:a_5b:96772,a_5b,96772,-33.036136627197266,-8.554396629333496,7,0,0,0.0,0.0
gated_alive:a_5b:97977,a_5b,97977,-50.416011810302734,41.840145111083984,7,0,0,0.0,0.0
gated_alive:a_5b:98044,a_5b,98044,74.74349212646484,-25.195247650146484,7,0,0,0.0,0.0
gated_alive:a_5b:98682,a_5b,98682,-58.90312576293945,-10.964038848876953,7,0,0,0.0,0.0
gated_alive:a_5b:99190,a_5b,99190,35.159568786621094,4.083477020263672,7,0,0,0.0,0.0
gated_alive:a_5b:99573,a_5b,99573,20.730493545532227,36.6905632019043,7,0,0,0.0,0.0
gated_alive:a_5b:99692,a_5b,99692,-59.408485412597656,-31.78577423095703,7,0,0,0.0,0.0
gated_alive:a_5b:99868,a_5b,99868,14.732000350952148,-46.60830307006836,7,0,0,0.0,0.0
gated_alive:a_5b:100226,a_5b,100226,-52.49177551269531,25.637502670288086,7,0,0,0.0,0.0
gated_alive:a_5b:100881,a_5b,100881,-7.344204902648926,-18.952003479003906,7,0,0,0.0,0.0
gated_alive:a_5b:101279,a_5b,101279,38.90554428100586,13.119214057922363,7,0,0,0.0,0.0
gated_alive:a_5b:101474,a_5b,101474,22.470600128173828,41.00055694580078,7,0,0,0.0,0.0
gated_alive:a_5b:102625,a_5b,102625,10.915648460388184,26.500503540039062,7,0,0,0.0,0.0
gated_alive:a_5b:103407,a_5b,103407,34.335018157958984,-13.785639762878418,7,0,0,0.0,0.0
gated_alive:a_5b:103889,a_5b,103889,5.8463358879089355,-2.3093764781951904,7,0,0,0.0,0.0
gated_alive:a_5b:105067,a_5b,105067,6.780911445617676,-7.524540424346924,7,0,0,0.0,0.0
gated_alive:a_5b:105210,a_5b,105210,32.748409271240234,-4.009914875030518,7,0,0,0.0,0.0
gated_alive:a_5b:105642,a_5b,105642,-58.638553619384766,-33.75106430053711,7,0,0,0.0,0.0
gated_alive:a_5b:105675,a_5b,105675,-9.6482572555542,42.54435729980469,7,0,0,0.0,0.0
gated_alive:a_5b:106246,a_5b,106246,-31.086782455444336,25.08119010925293,7,0,0,0.0,0.0
gated_alive:a_5b:106251,a_5b,106251,-34.64556884765625,35.133602142333984,7,0,0,0.0,0.0
gated_alive:a_5b:107371,a_5b,107371,7.895017147064209,45.783241271972656,7,0,0,0.0,0.0
gated_alive:a_5b:107649,a_5b,107649,36.05063247680664,29.525341033935547,7,0,0,0.0,0.0
gated_alive:a_5b:108377,a_5b,108377,75.86257934570312,-24.86626625061035,7,0,0,0.0,0.0
gated_alive:a_5b:109121,a_5b,109121,-45.97319030761719,-16.77589225769043,7,0,0,0.0,0.0
gated_alive:a_5b:109488,a_5b,109488,-7.868398666381836,-44.49071502685547,7,0,0,0.0,0.0
gated_alive:a_5b:109769,a_5b,109769,-44.31717300415039,41.14592361450195,7,0,0,0.0,0.0
gated_alive:a_5b:109979,a_5b,109979,-23.838481903076172,30.845096588134766,7,0,0,0.0,0.0
gated_alive:a_5b:110060,a_5b,110060,-57.951416015625,-5.495811462402344,7,0,0,0.0,0.0
gated_alive:a_5b:110260,a_5b,110260,33.02558135986328,-12.955055236816406,7,0,0,0.0,0.0
gated_alive:a_5b:110803,a_5b,110803,69.74458312988281,-25.89923667907715,7,0,0,0.0,0.0
gated_alive:a_5b:111434,a_5b,111434,-58.241329193115234,-37.380821228027344,7,0,0,0.0,0.0
gated_alive:a_5b:111903,a_5b,111903,-19.590147018432617,-56.68723678588867,7,0,0,0.0,0.0
gated_alive:a_5b:112232,a_5b,112232,-41.56114959716797,24.609779357910156,7,0,0,0.0,0.0
gated_alive:a_5b:113296,a_5b,113296,-12.301484107971191,-58.774757385253906,7,0,0,0.0,0.0
gated_alive:a_5b:113975,a_5b,113975,-13.684663772583008,5.154744625091553,7,0,0,0.0,0.0
gated_alive:a_5b:114176,a_5b,114176,52.769596099853516,-36.05355453491211,7,0,0,0.0,0.0
gated_alive:a_5b:114532,a_5b,114532,-4.95237398147583,-48.16132736206055,7,0,0,0.0,0.0
gated_alive:a_5b:115545,a_5b,115545,37.80286407470703,21.822179794311523,7,0,0,0.0,0.0
gated_alive:a_5b:115737,a_5b,115737,-49.7887077331543,-29.15150260925293,7,0,0,0.0,0.0
gated_alive:a_5b:117579,a_5b,117579,73.40662384033203,-29.600879669189453,7,3,1,0.42857142857142855,0.14285714285714285
gated_alive:a_5b:117580,a_5b,117580,-38.833770751953125,27.380353927612305,7,0,0,0.0,0.0
gated_alive:a_5b:118150,a_5b,118150,19.21324920654297,24.685945510864258,7,0,0,0.0,0.0
gated_alive:a_5b:118235,a_5b,118235,27.552410125732422,-19.09919548034668,7,0,0,0.0,0.0
gated_alive:a_5b:118411,a_5b,118411,-19.340978622436523,36.76750564575195,7,0,0,0.0,0.0
gated_alive:a_5b:119266,a_5b,119266,36.680633544921875,29.163814544677734,7,0,0,0.0,0.0
gated_alive:a_5b:119744,a_5b,119744,-19.561689376831055,45.49453353881836,7,0,0,0.0,0.0
gated_alive:a_5b:119953,a_5b,119953,29.062652587890625,28.810989379882812,7,0,0,0.0,0.0
gated_alive:a_5b:120254,a_5b,120254,15.420982360839844,-31.902835845947266,7,0,0,0.0,0.0
gated_alive:a_5b:120350,a_5b,120350,20.756912231445312,35.036170959472656,7,0,0,0.0,0.0
gated_alive:a_5b:120467,a_5b,120467,-20.958446502685547,-42.40431213378906,7,0,0,0.0,0.0
gated_alive:a_5b:121619,a_5b,121619,42.13146209716797,-34.3090934753418,7,0,0,0.0,0.0
gated_alive:a_5b:121925,a_5b,121925,4.728967666625977,62.20896530151367,7,0,0,0.0,0.0
gated_alive:a_5b:122606,a_5b,122606,-43.529659271240234,-10.708657264709473,7,0,0,0.0,0.0
gated_alive:a_5b:123212,a_5b,123212,-37.050636291503906,37.57306671142578,7,0,0,0.0,0.0
gated_alive:a_5b:124102,a_5b,124102,50.508968353271484,-17.601613998413086,7,0,0,0.0,0.0
gated_alive:a_5b:125082,a_5b,125082,-24.72266960144043,-7.135889530181885,7,0,0,0.0,0.0
gated_alive:a_5b:125825,a_5b,125825,-38.952030181884766,41.18482971191406,7,0,0,0.0,0.0
gated_alive:a_5b:126295,a_5b,126295,16.082054138183594,-24.069515228271484,7,0,0,0.0,0.0
gated_alive:a_5b:126392,a_5b,126392,-40.24224853515625,41.87975311279297,7,0,0,0.0,0.0
gated_alive:a_5b:126403,a_5b,126403,-10.889385223388672,2.3257110118865967,7,0,0,0.0,0.0
gated_alive:a_5b:126427,a_5b,126427,-10.797856330871582,6.716482639312744,7,0,0,0.0,0.0
gated_alive:a_5b:126699,a_5b,126699,-50.74137496948242,-25.35118865966797,7,0,0,0.0,0.0
gated_alive:a_5b:126992,a_5b,126992,-27.619997024536133,23.76064109802246,7,0,0,0.0,0.0
gated_alive:a_5b:127085,a_5b,127085,19.558996200561523,16.893108367919922,7,0,0,0.0,0.0
gated_alive:a_5b:128235,a_5b,128235,22.12790298461914,-42.48247146606445,7,0,0,0.0,0.0
gated_alive:a_5b:128871,a_5b,128871,40.97869873046875,42.176509857177734,7,0,0,0.0,0.0
gated_alive:a_5b:130361,a_5b,130361,-34.53767395019531,27.154342651367188,7,0,0,0.0,0.0
gated_alive:a_5b:130364,a_5b,130364,-53.8344841003418,22.774686813354492,7,0,0,0.0,0.0
gated_alive:a_5b:131421,a_5b,131421,-57.991390228271484,-34.28288650512695,7,0,0,0.0,0.0
gated_alive:a_5b:131503,a_5b,131503,-9.237244606018066,-30.81332015991211,7,0,0,0.0,0.0
gated_alive:a_5b:131616,a_5b,131616,13.022599220275879,-28.887895584106445,7,0,0,0.0,0.0
gated_alive:a_5b:131646,a_5b,131646,4.609716415405273,-14.443733215332031,7,0,0,0.0,0.0
gated_alive:a_5b:132366,a_5b,132366,-31.57620620727539,46.26570510864258,7,0,0,0.0,0.0
gated_alive:a_5b:132786,a_5b,132786,-28.75884437561035,-28.638032913208008,7,0,0,0.0,0.0
gated_alive:a_5b:133546,a_5b,133546,-0.03906826302409172,-1.634129524230957,7,0,0,0.0,0.0
gated_alive:a_5b:134619,a_5b,134619,4.258903503417969,25.838733673095703,7,0,0,0.0,0.0
gated_alive:a_5b:134733,a_5b,134733,-25.708513259887695,-17.741500854492188,7,0,0,0.0,0.0
gated_alive:a_5b:134982,a_5b,134982,-4.985291481018066,15.774176597595215,7,0,0,0.0,0.0
gated_alive:a_5b:136437,a_5b,136437,-34.070068359375,41.814186096191406,7,0,0,0.0,0.0
gated_alive:a_5b:136880,a_5b,136880,-15.941314697265625,-12.368284225463867,7,0,0,0.0,0.0
gated_alive:a_5b:137211,a_5b,137211,19.98052406311035,-9.239816665649414,7,0,0,0.0,0.0
gated_alive:a_5b:137238,a_5b,137238,-27.47245216369629,13.561272621154785,7,0,0,0.0,0.0
gated_alive:a_5b:137501,a_5b,137501,43.78330612182617,4.258018493652344,7,0,0,0.0,0.0
gated_alive:a_5b:137927,a_5b,137927,-2.866117000579834,-3.8307688236236572,7,0,0,0.0,0.0
gated_alive:a_5b:137980,a_5b,137980,-11.618267059326172,-27.838159561157227,7,0,0,0.0,0.0
gated_alive:a_5b:138022,a_5b,138022,-28.9950008392334,28.100826263427734,7,0,0,0.0,0.0
gated_alive:a_5b:138191,a_5b,138191,-35.91001892089844,-12.219680786132812,7,0,0,0.0,0.0
gated_alive:a_5b:138450,a_5b,138450,-59.129486083984375,-9.236824035644531,7,0,0,0.0,0.0
gated_alive:a_5b:138712,a_5b,138712,-20.61224937438965,-0.1811567097902298,7,0,0,0.0,0.0
gated_alive:a_5b:139032,a_5b,139032,-46.77727127075195,28.101646423339844,7,0,0,0.0,0.0
gated_alive:a_5b:139650,a_5b,139650,13.830121994018555,-28.509380340576172,7,0,0,0.0,0.0
gated_alive:a_5b:139927,a_5b,139927,-35.947757720947266,40.6972770690918,7,0,0,0.0,0.0
gated_alive:a_5b:140000,a_5b,140000,33.54924774169922,53.3780403137207,7,0,0,0.0,0.0
gated_alive:a_5b:140290,a_5b,140290,-39.904850006103516,0.11172661185264587,7,0,0,0.0,0.0
gated_alive:a_5b:140473,a_5b,140473,-13.079426765441895,-41.955299377441406,7,0,0,0.0,0.0
gated_alive:a_5b:140832,a_5b,140832,-42.85909652709961,32.304893493652344,7,0,0,0.0,0.0
gated_alive:a_5b:141431,a_5b,141431,-34.10380172729492,-12.177811622619629,7,0,0,0.0,0.0
gated_alive:a_5b:141797,a_5b,141797,17.431730270385742,-2.3770852088928223,7,0,0,0.0,0.0
gated_alive:a_5b:142073,a_5b,142073,21.907852172851562,52.12313461303711,7,0,0,0.0,0.0
gated_alive:a_5b:142229,a_5b,142229,-36.99522018432617,54.936561584472656,7,0,0,0.0,0.0
gated_alive:a_5b:142507,a_5b,142507,-29.700672149658203,-55.22332000732422,7,0,0,0.0,0.0
gated_alive:a_5b:142637,a_5b,142637,11.277277946472168,-25.1265869140625,7,0,0,0.0,0.0
gated_alive:a_5b:142696,a_5b,142696,-43.29988098144531,-34.39338302612305,7,0,0,0.0,0.0
gated_alive:a_5b:142998,a_5b,142998,-8.335649490356445,-2.864764451980591,7,0,0,0.0,0.0
gated_alive:a_5b:143688,a_5b,143688,-10.778578758239746,45.79548263549805,7,0,0,0.0,0.0
gated_alive:a_5b:144218,a_5b,144218,-22.452163696289062,36.82121658325195,7,0,0,0.0,0.0
gated_alive:a_5b:144582,a_5b,144582,-11.418801307678223,-42.46995544433594,7,0,0,0.0,0.0
gated_alive:a_5b:144656,a_5b,144656,-46.77653884887695,-18.574506759643555,7,0,0,0.0,0.0
gated_alive:a_5b:145555,a_5b,145555,-5.587985038757324,17.352628707885742,7,0,0,0.0,0.0
gated_alive:a_5b:145762,a_5b,145762,-49.995967864990234,10.833940505981445,7,0,0,0.0,0.0
gated_alive:a_5b:145919,a_5b,145919,-26.452651977539062,-35.355682373046875,7,0,0,0.0,0.0
gated_alive:a_5b:145935,a_5b,145935,-19.676441192626953,-12.640220642089844,7,0,0,0.0,0.0
gated_alive:a_5b:145965,a_5b,145965,-36.12746810913086,38.9971809387207,7,0,0,0.0,0.0
gated_alive:a_5b:146270,a_5b,146270,-14.825797080993652,-16.683088302612305,7,0,0,0.0,0.0
gated_alive:a_5b:146362,a_5b,146362,-40.582740783691406,-12.366144180297852,7,0,0,0.0,0.0
gated_alive:a_5b:146379,a_5b,146379,-35.85614013671875,11.941795349121094,7,0,0,0.0,0.0
gated_alive:a_5b:146457,a_5b,146457,1.1302552223205566,-40.794307708740234,7,0,0,0.0,0.0
gated_alive:a_5b:146607,a_5b,146607,-4.671046257019043,-44.77238464355469,7,0,0,0.0,0.0
gated_alive:a_5b:147077,a_5b,147077,-39.34973907470703,32.35945129394531,7,0,0,0.0,0.0
gated_alive:a_5b:147560,a_5b,147560,46.974891662597656,-39.23059844970703,7,0,0,0.0,0.0
gated_alive:a_5b:148201,a_5b,148201,-7.942208290100098,20.530603408813477,7,0,0,0.0,0.0
gated_alive:a_5b:148349,a_5b,148349,-13.92375659942627,2.7890522480010986,7,0,0,0.0,0.0
gated_alive:a_5b:148908,a_5b,148908,-34.2979621887207,34.591461181640625,7,0,0,0.0,0.0
gated_alive:a_5b:149040,a_5b,149040,-16.344701766967773,28.809797286987305,7,0,0,0.0,0.0
gated_alive:a_5b:149677,a_5b,149677,68.66217803955078,-27.90801429748535,7,0,0,0.0,0.0
gated_alive:a_5b:149703,a_5b,149703,-7.133694171905518,-8.545548439025879,7,0,0,0.0,0.0
gated_alive:a_5b:149865,a_5b,149865,-29.42265510559082,41.931671142578125,7,0,0,0.0,0.0
gated_alive:a_5b:150262,a_5b,150262,-24.877138137817383,38.45602798461914,7,0,0,0.0,0.0
gated_alive:a_5b:151655,a_5b,151655,59.92040252685547,-20.64392852783203,7,0,0,0.0,0.0
gated_alive:a_5b:151670,a_5b,151670,34.821136474609375,-0.3494645059108734,7,0,0,0.0,0.0
gated_alive:a_5b:153213,a_5b,153213,3.20880126953125,-45.94621658325195,7,0,0,0.0,0.0
gated_alive:a_5b:153305,a_5b,153305,18.18338966369629,-40.376243591308594,7,0,0,0.0,0.0
gated_alive:a_5b:153977,a_5b,153977,-7.988110542297363,-33.56657409667969,7,0,0,0.0,0.0
gated_alive:a_5b:154467,a_5b,154467,22.878982543945312,-25.64883804321289,7,0,0,0.0,0.0
gated_alive:a_5b:154482,a_5b,154482,-32.52678298950195,-10.137687683105469,7,0,0,0.0,0.0
gated_alive:a_5b:154583,a_5b,154583,17.618322372436523,1.1973859071731567,7,0,0,0.0,0.0
gated_alive:a_5b:154835,a_5b,154835,12.611794471740723,-56.34385681152344,7,0,0,0.0,0.0
gated_alive:a_5b:154976,a_5b,154976,0.7817271947860718,-1.611681342124939,7,0,0,0.0,0.0
gated_alive:a_5b:155832,a_5b,155832,-34.10514450073242,-15.152470588684082,7,0,0,0.0,0.0
gated_alive:a_5b:155861,a_5b,155861,1.090765357017517,-6.7482781410217285,7,0,0,0.0,0.0
gated_alive:a_5b:156507,a_5b,156507,-24.965681076049805,29.064496994018555,7,0,0,0.0,0.0
gated_alive:a_5b:156571,a_5b,156571,2.301887035369873,7.326902389526367,7,0,0,0.0,0.0
gated_alive:a_5b:156748,a_5b,156748,-12.866591453552246,-29.59035873413086,7,0,0,0.0,0.0
gated_alive:a_5b:157243,a_5b,157243,-15.819607734680176,-52.62342071533203,7,0,0,0.0,0.0
gated_alive:a_5b:157557,a_5b,157557,-43.53459548950195,27.20648956298828,7,0,0,0.0,0.0
gated_alive:a_5b:158719,a_5b,158719,-33.06435775756836,21.144302368164062,7,0,0,0.0,0.0
gated_alive:a_5b:158745,a_5b,158745,69.0753173828125,-24.512554168701172,7,0,0,0.0,0.0
gated_alive:a_5b:159168,a_5b,159168,2.2097725868225098,-61.268470764160156,7,0,0,0.0,0.0
gated_alive:a_5b:159523,a_5b,159523,62.089744567871094,-9.969045639038086,7,0,0,0.0,0.0
gated_alive:a_5b:159977,a_5b,159977,0.07430828362703323,17.35597038269043,7,0,0,0.0,0.0
gated_alive:a_5b:159980,a_5b,159980,-47.50699234008789,25.818622589111328,7,0,0,0.0,0.0
gated_alive:a_5b:160488,a_5b,160488,-18.614070892333984,47.1627311706543,7,0,0,0.0,0.0
gated_alive:a_5b:160621,a_5b,160621,-19.067203521728516,-39.65107727050781,7,0,0,0.0,0.0
gated_alive:a_5b:160826,a_5b,160826,1.7449480295181274,23.37664222717285,7,0,0,0.0,0.0
gated_alive:a_5b:160837,a_5b,160837,24.48668670654297,4.571701526641846,7,0,0,0.0,0.0
gated_alive:a_5b:161123,a_5b,161123,59.27973556518555,-5.015398979187012,7,0,0,0.0,0.0
gated_alive:a_5b:161184,a_5b,161184,-2.3232791423797607,-3.428952932357788,7,0,0,0.0,0.0
gated_alive:a_5b:161263,a_5b,161263,48.358829498291016,-39.068809509277344,7,2,1,0.2857142857142857,0.14285714285714285
gated_alive:a_5b:161582,a_5b,161582,9.511164665222168,-34.229248046875,7,0,0,0.0,0.0
gated_alive:a_5b:162829,a_5b,162829,47.41537094116211,-39.70622253417969,7,0,0,0.0,0.0
gated_alive:a_5b:163235,a_5b,163235,-40.476844787597656,25.233793258666992,7,0,0,0.0,0.0
gated_alive:a_5b:163295,a_5b,163295,16.831764221191406,-19.85771369934082,7,0,0,0.0,0.0
gated_alive:a_5b:163880,a_5b,163880,1.3108161687850952,-2.752929210662842,7,0,0,0.0,0.0
gated_alive:a_5b:164827,a_5b,164827,52.826473236083984,-2.495171070098877,7,0,0,0.0,0.0
gated_alive:a_5b:165157,a_5b,165157,-12.666921615600586,-51.73489761352539,7,0,0,0.0,0.0
gated_alive:a_5b:165911,a_5b,165911,-16.129962921142578,-11.593539237976074,7,0,0,0.0,0.0
gated_alive:a_5b:166243,a_5b,166243,1.9562249183654785,-1.8265488147735596,7,0,0,0.0,0.0
gated_alive:a_5b:166894,a_5b,166894,28.038095474243164,57.52631759643555,7,0,0,0.0,0.0
gated_alive:a_5b:167158,a_5b,167158,24.90911102294922,49.01976776123047,7,0,0,0.0,0.0
gated_alive:a_5b:167203,a_5b,167203,27.75475311279297,52.226375579833984,7,0,0,0.0,0.0
gated_alive:a_5b:167251,a_5b,167251,-7.052303791046143,-1.3291375637054443,7,0,0,0.0,0.0
gated_alive:a_5b:168899,a_5b,168899,-23.883556365966797,35.37616729736328,7,0,0,0.0,0.0
gated_alive:a_5b:169150,a_5b,169150,57.49708557128906,-4.707184791564941,7,0,0,0.0,0.0
gated_alive:a_5b:169373,a_5b,169373,-7.360251426696777,44.87667465209961,7,0,0,0.0,0.0
gated_alive:a_5b:169674,a_5b,169674,-22.48569107055664,39.042232513427734,7,0,0,0.0,0.0
gated_alive:a_5b:169967,a_5b,169967,27.76104736328125,-22.2314453125,7,2,0,0.2857142857142857,0.0
gated_alive:a_5b:169976,a_5b,169976,-34.61003112792969,26.02081298828125,7,0,0,0.0,0.0
gated_alive:a_5b:170013,a_5b,170013,31.69890785217285,47.68980026245117,7,0,0,0.0,0.0
gated_alive:a_5b:170127,a_5b,170127,-49.02159118652344,-30.62772560119629,7,0,0,0.0,0.0
gated_alive:a_5b:170631,a_5b,170631,-59.66355514526367,-31.25929832458496,7,0,0,0.0,0.0
gated_alive:a_5b:171183,a_5b,171183,-33.113136291503906,30.645061492919922,7,0,0,0.0,0.0
gated_alive:a_5b:171563,a_5b,171563,10.054666519165039,18.88242530822754,7,0,0,0.0,0.0
gated_alive:a_5b:171674,a_5b,171674,33.12626266479492,5.963442325592041,7,0,0,0.0,0.0
gated_alive:a_5b:172254,a_5b,172254,-16.044357299804688,-9.781497955322266,7,0,0,0.0,0.0
gated_alive:a_5b:172495,a_5b,172495,35.28743362426758,-0.179331436753273,7,0,0,0.0,0.0
gated_alive:a_5b:174528,a_5b,174528,-4.46397066116333,13.595817565917969,7,0,0,0.0,0.0
gated_alive:a_5b:174621,a_5b,174621,29.890310287475586,15.999485969543457,7,0,0,0.0,0.0
gated_alive:a_5b:175286,a_5b,175286,-17.05870819091797,-63.02659606933594,7,0,0,0.0,0.0
gated_alive:a_5b:175379,a_5b,175379,71.33881378173828,-28.141162872314453,7,0,0,0.0,0.0
gated_alive:a_5b:176330,a_5b,176330,-14.467662811279297,58.07015609741211,7,0,0,0.0,0.0
gated_alive:a_5b:176790,a_5b,176790,-27.206140518188477,-41.40373992919922,7,0,0,0.0,0.0
gated_alive:a_5b:177061,a_5b,177061,-2.9611918926239014,25.971158981323242,7,0,0,0.0,0.0
gated_alive:a_5b:177266,a_5b,177266,68.52421569824219,-26.951766967773438,7,0,0,0.0,0.0
gated_alive:a_5b:177345,a_5b,177345,32.5197639465332,-8.869824409484863,7,0,0,0.0,0.0
gated_alive:a_5b:178467,a_5b,178467,-4.9880242347717285,-65.06204223632812,7,0,0,0.0,0.0
gated_alive:a_5b:178709,a_5b,178709,8.052279472351074,-34.600589752197266,7,0,0,0.0,0.0
gated_alive:a_5b:178953,a_5b,178953,-15.768340110778809,-34.030433654785156,7,0,0,0.0,0.0
gated_alive:a_5b:179393,a_5b,179393,-12.491332054138184,-42.81016540527344,7,0,0,0.0,0.0
gated_alive:a_5b:179770,a_5b,179770,-39.056392669677734,21.3424015045166,7,0,0,0.0,0.0
gated_alive:a_5b:180063,a_5b,180063,41.168243408203125,-36.25934982299805,7,0,0,0.0,0.0
gated_alive:a_5b:181361,a_5b,181361,-31.643678665161133,43.501163482666016,7,0,0,0.0,0.0
gated_alive:a_5b:181366,a_5b,181366,24.580184936523438,36.68598175048828,7,0,0,0.0,0.0
gated_alive:a_5b:181518,a_5b,181518,-1.9666615724563599,2.0509023666381836,7,0,0,0.0,0.0
gated_alive:a_5b:181575,a_5b,181575,-15.322905540466309,-38.750511169433594,7,0,0,0.0,0.0
gated_alive:a_5b:181946,a_5b,181946,34.141944885253906,-4.020571708679199,7,0,0,0.0,0.0
gated_alive:a_5b:182369,a_5b,182369,30.556772232055664,0.8632853627204895,7,0,0,0.0,0.0
gated_alive:a_5b:182499,a_5b,182499,30.06157875061035,-22.675647735595703,7,0,0,0.0,0.0
gated_alive:a_5b:182611,a_5b,182611,23.397705078125,-35.95125961303711,7,0,0,0.0,0.0
gated_alive:a_5b:182703,a_5b,182703,71.91165924072266,-26.83812713623047,7,0,0,0.0,0.0
gated_alive:a_5b:183306,a_5b,183306,-58.94830322265625,-33.9117546081543,7,0,0,0.0,0.0
gated_alive:a_5b:184378,a_5b,184378,-37.98637008666992,33.53608322143555,7,0,0,0.0,0.0
gated_alive:a_5b:185465,a_5b,185465,-43.522064208984375,-11.05250072479248,7,0,0,0.0,0.0
gated_alive:a_5b:185479,a_5b,185479,-6.934543132781982,-24.44532012939453,7,0,0,0.0,0.0
gated_alive:a_5b:185921,a_5b,185921,22.920692443847656,-50.96704864501953,7,0,0,0.0,0.0
gated_alive:a_5b:186098,a_5b,186098,34.61716079711914,46.332420349121094,7,0,0,0.0,0.0
gated_alive:a_5b:186444,a_5b,186444,-51.09564971923828,-42.1943359375,7,0,0,0.0,0.0
gated_alive:a_5b:186729,a_5b,186729,0.5713506937026978,-47.7450065612793,7,0,0,0.0,0.0
gated_alive:a_5b:186948,a_5b,186948,29.676881790161133,9.68372917175293,7,0,0,0.0,0.0
gated_alive:a_5b:186985,a_5b,186985,49.087188720703125,-38.965721130371094,7,3,0,0.42857142857142855,0.0
gated_alive:a_5b:187086,a_5b,187086,-16.342775344848633,-36.35492706298828,7,0,0,0.0,0.0
gated_alive:a_5b:188157,a_5b,188157,-12.07868480682373,-67.51177215576172,7,0,0,0.0,0.0
gated_alive:a_5b:188316,a_5b,188316,-19.47507667541504,15.201904296875,7,0,0,0.0,0.0
gated_alive:a_5b:188879,a_5b,188879,-6.035900592803955,38.91523742675781,7,0,0,0.0,0.0
gated_alive:a_5b:190620,a_5b,190620,-25.559324264526367,29.704580307006836,7,0,0,0.0,0.0
gated_alive:a_5b:191691,a_5b,191691,-42.100765228271484,25.85294532775879,7,0,0,0.0,0.0
gated_alive:a_5b:191993,a_5b,191993,19.477569580078125,38.70974349975586,7,0,0,0.0,0.0
gated_alive:a_5b:192257,a_5b,192257,-34.41682052612305,-14.165484428405762,7,0,0,0.0,0.0
gated_alive:a_5b:193079,a_5b,193079,-40.5926399230957,-21.06426239013672,7,0,0,0.0,0.0
gated_alive:a_5b:194004,a_5b,194004,-8.85628890991211,-49.500892639160156,7,0,0,0.0,0.0
gated_alive:a_5b:194382,a_5b,194382,-0.6023680567741394,15.223065376281738,7,0,0,0.0,0.0
gated_alive:a_5b:194870,a_5b,194870,4.680765628814697,62.19919204711914,7,0,0,0.0,0.0
gated_alive:a_5b:194895,a_5b,194895,-2.573340892791748,-26.75398063659668,7,0,0,0.0,0.0
gated_alive:a_5b:194897,a_5b,194897,-8.491896629333496,-64.31893920898438,7,0,0,0.0,0.0
gated_alive:a_5b:195244,a_5b,195244,-1.172380805015564,-0.3692705035209656,7,0,0,0.0,0.0
gated_alive:a_5b:196408,a_5b,196408,23.91257667541504,26.55988883972168,7,0,0,0.0,0.0
gated_alive:a_5b:196445,a_5b,196445,24.688743591308594,42.37765121459961,7,0,0,0.0,0.0
gated_alive:a_5b:196987,a_5b,196987,8.734546661376953,23.6663818359375,7,0,0,0.0,0.0
gated_alive:a_5b:197211,a_5b,197211,-36.8491325378418,27.17098045349121,7,0,0,0.0,0.0
gated_alive:a_5b:197476,a_5b,197476,-26.718585968017578,38.29735565185547,7,0,0,0.0,0.0
gated_alive:a_5b:197555,a_5b,197555,-17.961936950683594,34.314918518066406,7,0,0,0.0,0.0
gated_alive:a_5b:198253,a_5b,198253,3.667651414871216,62.22807312011719,7,0,0,0.0,0.0
gated_alive:a_5b:198337,a_5b,198337,-32.42182540893555,22.3498477935791,7,0,0,0.0,0.0
gated_alive:a_5b:198371,a_5b,198371,-36.002952575683594,25.432218551635742,7,0,0,0.0,0.0
gated_alive:a_5b:198463,a_5b,198463,-31.14915657043457,-20.64546775817871,7,0,0,0.0,0.0
gated_alive:a_5b:199110,a_5b,199110,-10.571803092956543,21.06114959716797,7,0,0,0.0,0.0
gated_alive:a_5b:199175,a_5b,199175,10.469527244567871,25.421327590942383,7,0,0,0.0,0.0
gated_alive:a_5b:199371,a_5b,199371,-52.64683532714844,-25.879901885986328,7,0,0,0.0,0.0
gated_alive:a_5b:201016,a_5b,201016,-8.30650520324707,13.669313430786133,7,0,0,0.0,0.0
gated_alive:a_5b:201379,a_5b,201379,-4.546675205230713,-3.6824941635131836,7,0,0,0.0,0.0
gated_alive:a_5b:201908,a_5b,201908,3.9535107612609863,13.360193252563477,7,0,0,0.0,0.0
gated_alive:a_5b:203101,a_5b,203101,-26.25303077697754,-15.360435485839844,7,0,0,0.0,0.0
gated_alive:a_5b:203148,a_5b,203148,-11.283241271972656,-27.96771812438965,7,0,0,0.0,0.0
gated_alive:a_5b:203262,a_5b,203262,1.342012882232666,-2.655874013900757,7,0,0,0.0,0.0
gated_alive:a_5b:204022,a_5b,204022,-48.932125091552734,27.142745971679688,7,0,0,0.0,0.0
gated_alive:a_5b:205650,a_5b,205650,15.728619575500488,-29.10825538635254,7,0,0,0.0,0.0
gated_alive:a_5b:205766,a_5b,205766,-37.754573822021484,-41.327545166015625,7,0,0,0.0,0.0
gated_alive:a_5b:205805,a_5b,205805,-9.177942276000977,3.3697731494903564,7,0,0,0.0,0.0
gated_alive:a_5b:206090,a_5b,206090,-58.155853271484375,-34.11328125,7,0,0,0.0,0.0
gated_alive:a_5b:206517,a_5b,206517,-15.366113662719727,-16.507497787475586,7,0,0,0.0,0.0
gated_alive:a_5b:206787,a_5b,206787,5.451298236846924,-44.98092269897461,7,0,0,0.0,0.0
gated_alive:a_5b:207103,a_5b,207103,28.405536651611328,50.89723587036133,7,0,0,0.0,0.0
gated_alive:a_5b:207134,a_5b,207134,-17.410951614379883,-62.33668899536133,7,0,0,0.0,0.0
gated_alive:a_5b:207515,a_5b,207515,8.712372779846191,-44.587867736816406,7,0,0,0.0,0.0
gated_alive:a_5b:207689,a_5b,207689,-30.61170768737793,28.877521514892578,7,0,0,0.0,0.0
gated_alive:a_5b:207802,a_5b,207802,49.48282241821289,35.5637321472168,7,0,0,0.0,0.0
gated_alive:a_5b:207864,a_5b,207864,-45.17148208618164,31.237865447998047,7,0,0,0.0,0.0
gated_alive:a_5b:207893,a_5b,207893,7.264863967895508,-57.154083251953125,7,0,0,0.0,0.0
gated_alive:a_5b:207918,a_5b,207918,-13.191795349121094,-23.669631958007812,7,0,0,0.0,0.0
gated_alive:a_5b:207940,a_5b,207940,-5.709523677825928,26.205636978149414,7,0,0,0.0,0.0
gated_alive:a_5b:208141,a_5b,208141,22.81120491027832,33.59615707397461,7,0,0,0.0,0.0
