cell_id,sample_id,event_index,kmeans_k6,kmeans_k10,kmeans_k14,ward_k6,ward_k10,ward_k14,leiden_r0.5,leiden_r1.0,leiden_r1.5
gated_alive:a_001:436,a_001,436,3,4,4,0,0,0,1,2,3
gated_alive:a_001:535,a_001,535,5,2,1,0,1,1,0,0,8
gated_alive:a_001:603,a_001,603,5,8,10,0,0,0,0,8,10
gated_alive:a_001:814,a_001,814,1,0,0,1,2,2,3,1,4
gated_alive:a_001:1146,a_001,1146,5,2,1,0,1,1,0,0,0
gated_alive:a_001:1468,a_001,1468,0,5,11,2,3,3,4,3,1
gated_alive:a_001:1477,a_001,1477,0,5,11,2,3,3,4,3,1
gated_alive:a_001:1602,a_001,1602,0,5,3,3,4,4,0,0,17
gated_alive:a_001:1774,a_001,1774,0,5,11,2,3,3,4,3,1
gated_alive:a_001:1817,a_001,1817,3,9,12,1,2,2,1,6,3
gated_alive:a_001:1862,a_001,1862,1,0,0,1,2,2,3,1,4
gated_alive:a_001:1872,a_001,1872,1,0,6,1,2,2,3,1,6
gated_alive:a_001:2045,a_001,2045,3,3,4,1,5,5,1,2,5
gated_alive:a_001:2064,a_001,2064,3,3,4,1,5,5,1,2,3
gated_alive:a_001:2525,a_001,2525,5,8,10,0,0,6,0,0,0
gated_alive:a_001:2623,a_001,2623,0,5,11,2,3,3,4,3,1
gated_alive:a_001:2843,a_001,2843,1,0,0,1,2,2,3,1,4
gated_alive:a_001:3053,a_001,3053,3,3,4,1,2,2,1,2,5
gated_alive:a_001:3073,a_001,3073,0,5,11,0,0,7,4,7,12
gated_alive:a_001:3415,a_001,3415,1,0,0,1,2,2,3,1,4
gated_alive:a_001:3586,a_001,3586,2,6,2,3,6,8,2,4,2
gated_alive:a_001:3682,a_001,3682,2,6,2,3,6,9,2,4,2
gated_alive:a_001:3690,a_001,3690,5,8,3,0,1,1,0,7,11
gated_alive:a_001:4779,a_001,4779,1,0,0,1,2,2,3,1,4
gated_alive:a_001:5224,a_001,5224,3,3,4,1,5,5,1,2,3
gated_alive:a_001:5333,a_001,5333,5,8,10,0,0,0,4,8,10
gated_alive:a_001:5560,a_001,5560,2,6,2,0,0,0,2,4,2
gated_alive:a_001:6251,a_001,6251,5,2,1,0,1,1,0,0,0
gated_alive:a_001:6490,a_001,6490,5,2,3,0,1,1,4,3,1
gated_alive:a_001:6502,a_001,6502,3,3,4,1,5,5,1,2,5
gated_alive:a_001:6652,a_001,6652,1,0,0,1,2,2,3,1,4
gated_alive:a_001:6792,a_001,6792,5,8,10,0,1,1,0,7,12
gated_alive:a_001:6930,a_001,6930,0,2,1,0,1,1,0,0,0
gated_alive:a_001:6941,a_001,6941,3,3,4,1,5,5,1,2,5
gated_alive:a_001:7033,a_001,7033,3,4,8,1,5,5,1,2,3
gated_alive:a_001:7189,a_001,7189,0,5,11,2,3,3,4,3,1
gated_alive:a_001:7302,a_001,7302,3,9,4,1,5,5,1,2,3
gated_alive:a_001:7383,a_001,7383,3,3,4,3,6,8,1,2,12
gated_alive:a_001:7422,a_001,7422,3,4,4,1,5,5,1,2,3
gated_alive:a_001:7472,a_001,7472,1,0,0,1,2,2,3,1,6
gated_alive:a_001:7541,a_001,7541,2,6,2,4,7,10,1,2,3
gated_alive:a_001:7706,a_001,7706,2,6,2,3,6,8,2,4,2
gated_alive:a_001:7765,a_001,7765,3,3,4,1,5,5,1,2,5
gated_alive:a_001:7771,a_001,7771,3,3,4,1,5,5,1,2,5
gated_alive:a_001:7908,a_001,7908,1,3,4,1,5,5,1,2,5
gated_alive:a_001:7963,a_001,7963,3,9,12,1,5,5,1,2,3
gated_alive:a_001:8487,a_001,8487,5,2,1,0,1,1,0,0,0
gated_alive:a_001:8703,a_001,8703,1,4,0,1,5,5,1,2,5
gated_alive:a_001:8713,a_001,8713,1,4,0,1,5,5,3,1,4
gated_alive:a_001:8850,a_001,8850,5,2,1,0,1,1,0,0,0
gated_alive:a_001:8917,a_001,8917,3,3,5,3,6,9,2,6,9
gated_alive:a_001:8982,a_001,8982,3,4,0,1,5,5,1,2,3
gated_alive:a_001:9385,a_001,9385,1,4,0,1,5,5,3,1,4
gated_alive:a_001:9532,a_001,9532,3,4,8,1,5,5,1,2,3
gated_alive:a_001:9679,a_001,9679,3,4,5,3,6,9,2,6,9
gated_alive:a_001:9763,a_001,9763,0,2,1,0,1,1,0,0,0
gated_alive:a_001:9787,a_001,9787,1,0,0,1,2,2,3,1,4
gated_alive:a_001:10019,a_001,10019,1,4,4,1,5,5,1,2,5
gated_alive:a_001:10091,a_001,10091,2,6,2,4,7,10,2,4,2
gated_alive:a_001:10179,a_001,10179,0,5,11,2,3,3,4,3,1
gated_alive:a_001:10352,a_001,10352,0,5,11,3,6,8,4,3,1
gated_alive:a_001:10467,a_001,10467,5,2,1,0,1,1,0,0,0
gated_alive:a_001:10485,a_001,10485,3,3,4,3,4,4,1,2,5
gated_alive:a_001:10640,a_001,10640,0,5,11,2,3,3,4,3,1
gated_alive:a_001:10780,a_001,10780,2,6,2,3,4,4,2,4,2
gated_alive:a_001:10840,a_001,10840,2,6,5,3,6,9,2,6,9
gated_alive:a_001:10877,a_001,10877,3,3,4,1,5,5,1,2,5
gated_alive:a_001:11449,a_001,11449,1,0,0,1,5,5,3,1,4
gated_alive:a_001:11455,a_001,11455,0,5,11,2,3,3,4,3,1
gated_alive:a_001:11507,a_001,11507,1,4,0,1,5,5,3,1,4
gated_alive:a_001:11518,a_001,11518,3,3,4,1,5,5,1,2,5
gated_alive:a_001:11547,a_001,11547,3,3,4,1,5,5,1,2,3
gated_alive:a_001:11605,a_001,11605,5,8,10,0,0,0,4,8,10
gated_alive:a_001:11832,a_001,11832,0,9,11,3,6,8,4,3,1
gated_alive:a_001:11862,a_001,11862,0,4,8,2,3,3,4,5,7
gated_alive:a_001:12194,a_001,12194,3,3,4,1,5,5,1,2,12
gated_alive:a_001:12437,a_001,12437,1,4,0,1,2,2,3,1,4
gated_alive:a_001:12453,a_001,12453,3,3,4,1,5,5,1,2,5
gated_alive:a_001:12490,a_001,12490,3,3,4,1,5,5,1,2,5
gated_alive:a_001:12602,a_001,12602,3,3,4,1,5,5,1,2,5
gated_alive:a_001:12633,a_001,12633,1,3,4,1,5,5,1,2,5
gated_alive:a_001:13161,a_001,13161,3,3,4,0,1,1,1,2,5
gated_alive:a_001:13221,a_001,13221,2,6,2,5,8,11,2,4,2
gated_alive:a_001:13224,a_001,13224,3,3,4,1,5,5,1,2,3
gated_alive:a_001:13526,a_001,13526,1,0,0,1,5,5,3,1,12
gated_alive:a_001:13631,a_001,13631,3,9,12,3,4,4,1,2,5
gated_alive:a_001:13657,a_001,13657,0,5,11,0,0,0,4,8,10
gated_alive:a_001:13690,a_001,13690,1,0,0,1,2,2,3,1,4
gated_alive:a_001:14003,a_001,14003,5,2,1,0,1,1,0,0,0
gated_alive:a_001:14331,a_001,14331,5,2,1,0,1,1,0,0,0
gated_alive:a_001:14379,a_001,14379,3,9,12,3,6,8,1,6,3
gated_alive:a_001:14504,a_001,14504,1,0,0,1,2,2,3,1,4
gated_alive:a_001:14728,a_001,14728,5,8,10,3,4,4,0,8,10
gated_alive:a_001:14738,a_001,14738,3,3,4,1,5,5,1,2,5
gated_alive:a_001:14848,a_001,14848,0,4,8,3,4,4,2,5,7
gated_alive:a_001:14933,a_001,14933,3,3,4,1,5,5,1,2,3
gated_alive:a_001:14941,a_001,14941,0,5,11,2,3,3,4,3,1
gated_alive:a_001:15448,a_001,15448,1,0,0,1,5,5,3,1,4
gated_alive:a_001:15516,a_001,15516,3,3,4,1,5,5,1,2,5
gated_alive:a_001:15936,a_001,15936,1,4,0,1,2,2,3,1,4
gated_alive:a_001:16151,a_001,16151,3,8,10,0,0,0,0,8,10
gated_alive:a_001:16377,a_001,16377,5,8,10,0,1,1,0,0,12
gated_alive:a_001:16431,a_001,16431,1,3,6,3,9,12,1,2,5
gated_alive:a_001:16486,a_001,16486,5,8,10,0,0,6,0,0,15
gated_alive:a_001:16603,a_001,16603,3,3,4,1,5,5,1,2,5
gated_alive:a_001:16657,a_001,16657,3,3,4,1,5,5,1,2,5
gated_alive:a_001:17588,a_001,17588,5,2,1,0,1,1,0,0,8
gated_alive:a_001:18362,a_001,18362,3,9,4,1,5,5,1,2,3
gated_alive:a_001:18584,a_001,18584,5,2,1,0,1,1,0,0,8
gated_alive:a_001:18600,a_001,18600,5,8,10,0,1,1,0,0,0
gated_alive:a_001:18885,a_001,18885,2,1,7,4,7,13,2,4,2
gated_alive:a_001:18912,a_001,18912,5,2,1,0,0,7,0,0,0
gated_alive:a_001:19148,a_001,19148,3,3,4,1,5,5,1,2,3
gated_alive:a_001:19176,a_001,19176,0,5,11,2,3,3,4,3,1
gated_alive:a_001:19425,a_001,19425,2,9,3,3,6,8,2,6,3
gated_alive:a_001:19581,a_001,19581,1,3,6,1,5,5,1,2,5
gated_alive:a_001:19624,a_001,19624,0,2,1,0,1,1,0,0,0
gated_alive:a_001:19809,a_001,19809,3,3,4,1,5,5,1,2,5
gated_alive:a_001:20031,a_001,20031,1,0,0,1,2,2,3,1,4
gated_alive:a_001:20115,a_001,20115,2,6,2,4,7,10,2,4,2
gated_alive:a_001:20618,a_001,20618,1,0,0,1,2,2,3,8,10
gated_alive:a_001:21032,a_001,21032,3,3,4,1,5,5,1,2,3
gated_alive:a_001:21422,a_001,21422,0,5,8,0,0,7,0,7,12
gated_alive:a_001:21575,a_001,21575,3,9,12,1,5,5,1,6,3
gated_alive:a_001:21617,a_001,21617,5,2,1,0,1,1,0,0,0
gated_alive:a_001:21809,a_001,21809,5,2,13,3,9,12,5,7,11
gated_alive:a_001:21922,a_001,21922,1,0,0,1,2,2,3,1,4
gated_alive:a_001:22334,a_001,22334,0,5,11,2,3,3,4,3,1
gated_alive:a_001:22648,a_001,22648,5,2,1,0,1,1,0,0,0
gated_alive:a_001:22656,a_001,22656,1,0,0,3,6,8,3,1,4
gated_alive:a_001:22667,a_001,22667,1,4,0,1,5,5,1,1,4
gated_alive:a_001:22705,a_001,22705,5,8,10,1,5,5,0,0,9
gated_alive:a_001:22968,a_001,22968,3,3,4,1,5,5,1,2,5
gated_alive:a_001:23064,a_001,23064,3,3,4,1,5,5,1,2,5
gated_alive:a_001:23066,a_001,23066,3,3,4,1,5,5,1,2,5
gated_alive:a_001:23099,a_001,23099,1,0,0,1,2,2,3,1,4
gated_alive:a_001:23368,a_001,23368,0,2,1,0,1,1,0,0,0
gated_alive:a_001:23567,a_001,23567,0,5,11,2,3,3,4,3,1
gated_alive:a_001:23619,a_001,23619,0,5,11,2,3,3,4,3,1
gated_alive:a_001:23698,a_001,23698,0,4,5,3,6,8,2,5,7
gated_alive:a_001:23860,a_001,23860,3,3,4,1,5,5,1,2,5
gated_alive:a_001:23903,a_001,23903,5,2,1,0,1,1,0,0,0
gated_alive:a_001:24068,a_001,24068,2,6,2,4,7,10,2,4,2
gated_alive:a_001:24197,a_001,24197,5,2,1,0,1,1,0,0,0
gated_alive:a_001:24387,a_001,24387,3,9,12,0,1,1,1,2,3
gated_alive:a_001:24554,a_001,24554,3,4,8,1,5,5,1,2,5
gated_alive:a_001:24625,a_001,24625,3,3,4,0,0,6,4,3,5
gated_alive:a_001:24728,a_001,24728,5,2,5,3,6,9,0,0,9
gated_alive:a_001:24757,a_001,24757,1,0,0,1,2,2,3,8,10
gated_alive:a_001:24818,a_001,24818,3,3,4,1,5,5,1,2,3
gated_alive:a_001:24911,a_001,24911,1,4,0,1,2,2,3,1,4
gated_alive:a_001:25103,a_001,25103,0,4,8,3,6,8,2,5,7
gated_alive:a_001:25330,a_001,25330,1,3,4,3,4,4,1,2,5
gated_alive:a_001:25465,a_001,25465,3,3,4,1,5,5,1,2,12
gated_alive:a_001:25516,a_001,25516,1,4,0,1,5,5,3,1,4
gated_alive:a_001:25586,a_001,25586,0,4,5,3,6,8,2,6,9
gated_alive:a_001:25811,a_001,25811,0,2,1,0,1,1,0,0,0
gated_alive:a_001:25928,a_001,25928,3,4,0,1,5,5,1,2,3
gated_alive:a_001:25966,a_001,25966,3,3,4,1,5,5,1,2,5
gated_alive:a_001:26056,a_001,26056,5,2,1,0,1,1,0,0,0
gated_alive:a_001:26336,a_001,26336,0,5,11,2,3,3,4,3,1
gated_alive:a_001:26342,a_001,26342,5,2,10,0,1,1,0,0,8
gated_alive:a_001:26346,a_001,26346,1,4,0,1,2,2,3,1,4
gated_alive:a_001:26681,a_001,26681,5,8,3,0,0,7,0,7,12
gated_alive:a_001:27043,a_001,27043,3,9,12,3,6,8,1,2,3
gated_alive:a_001:27074,a_001,27074,3,9,12,1,5,5,1,6,3
gated_alive:a_001:27227,a_001,27227,3,9,12,1,5,5,1,2,3
gated_alive:a_001:27409,a_001,27409,3,4,4,1,5,5,1,2,3
gated_alive:a_001:27511,a_001,27511,1,0,0,1,2,2,3,1,4
gated_alive:a_001:27583,a_001,27583,5,8,10,0,1,1,0,0,0
gated_alive:a_001:27801,a_001,27801,1,0,0,1,2,2,3,1,4
gated_alive:a_001:28099,a_001,28099,0,5,11,2,3,3,5,3,11
gated_alive:a_001:28475,a_001,28475,0,4,8,0,1,1,4,5,7
gated_alive:a_001:28482,a_001,28482,5,8,1,0,0,7,0,7,12
gated_alive:a_001:29024,a_001,29024,1,0,0,1,2,2,3,1,4
gated_alive:a_001:29675,a_001,29675,1,0,0,1,5,5,3,1,4
gated_alive:a_001:29795,a_001,29795,3,3,4,1,5,5,1,2,3
gated_alive:a_001:29867,a_001,29867,3,3,4,1,5,5,1,2,5
gated_alive:a_001:30023,a_001,30023,4,7,9,5,8,11,6,9,13
gated_alive:a_001:30042,a_001,30042,4,5,11,0,1,1,6,9,13
gated_alive:a_001:30190,a_001,30190,5,8,3,0,1,1,0,7,11
gated_alive:a_001:30337,a_001,30337,2,9,12,4,7,10,2,4,2
gated_alive:a_001:30348,a_001,30348,3,3,4,1,5,5,1,2,5
gated_alive:a_001:30473,a_001,30473,5,2,1,0,1,1,0,0,0
gated_alive:a_001:30713,a_001,30713,5,8,10,0,0,6,0,0,15
gated_alive:a_001:30803,a_001,30803,2,6,13,3,9,12,2,4,2
gated_alive:a_001:31236,a_001,31236,3,9,12,3,6,8,1,6,3
gated_alive:a_001:31248,a_001,31248,1,0,0,2,3,3,3,1,4
gated_alive:a_001:31741,a_001,31741,1,4,0,1,5,5,3,1,4
gated_alive:a_001:32706,a_001,32706,0,5,11,2,3,3,4,3,1
gated_alive:a_001:32938,a_001,32938,3,3,4,1,5,5,1,2,5
gated_alive:a_001:33318,a_001,33318,3,3,4,1,5,5,1,2,5
gated_alive:a_001:33486,a_001,33486,5,2,1,0,1,1,0,0,0
gated_alive:a_001:33547,a_001,33547,0,5,11,2,3,3,4,3,1
gated_alive:a_001:33644,a_001,33644,3,4,8,3,6,9,2,6,9
gated_alive:a_001:33718,a_001,33718,0,5,11,2,3,3,4,3,1
gated_alive:a_001:33962,a_001,33962,3,3,4,1,5,5,1,2,5
gated_alive:a_001:34126,a_001,34126,1,0,0,1,5,5,3,1,4
gated_alive:a_001:34268,a_001,34268,5,2,1,0,1,1,0,0,0
gated_alive:a_001:34300,a_001,34300,5,9,12,3,6,8,4,8,10
gated_alive:a_001:34330,a_001,34330,0,4,8,2,3,3,2,5,7
gated_alive:a_001:34488,a_001,34488,5,2,1,0,1,1,0,0,8
gated_alive:a_001:35060,a_001,35060,1,4,0,1,5,5,1,2,3
gated_alive:a_001:35433,a_001,35433,0,2,13,3,9,12,5,7,11
gated_alive:a_001:35458,a_001,35458,2,1,7,4,7,10,2,4,2
gated_alive:a_001:35558,a_001,35558,0,5,8,2,3,3,4,5,7
gated_alive:a_001:35604,a_001,35604,3,3,4,1,5,5,1,2,3
gated_alive:a_001:35650,a_001,35650,1,0,0,1,2,2,3,1,6
gated_alive:a_001:35663,a_001,35663,5,2,1,0,1,1,0,0,8
gated_alive:a_001:35686,a_001,35686,3,4,8,1,5,5,1,2,3
gated_alive:a_001:35755,a_001,35755,3,3,4,1,5,5,1,2,5
gated_alive:a_001:35795,a_001,35795,0,5,11,2,3,3,4,3,1
gated_alive:a_001:35805,a_001,35805,3,3,4,1,5,5,1,2,5
gated_alive:a_001:35912,a_001,35912,5,2,1,0,1,1,0,0,8
gated_alive:a_001:36024,a_001,36024,3,3,4,1,5,5,1,2,3
gated_alive:a_001:36044,a_001,36044,3,3,4,1,5,5,1,2,5
gated_alive:a_001:36223,a_001,36223,5,8,3,0,1,1,5,7,11
gated_alive:a_001:36295,a_001,36295,2,1,7,4,7,13,2,4,2
gated_alive:a_001:36488,a_001,36488,0,5,11,2,3,3,4,3,1
gated_alive:a_001:36589,a_001,36589,1,0,0,1,5,5,1,2,5
gated_alive:a_001:36675,a_001,36675,1,4,0,1,5,5,3,1,4
gated_alive:a_001:36697,a_001,36697,1,0,0,1,2,2,3,1,4
gated_alive:a_001:36861,a_001,36861,5,2,1,0,1,1,0,0,8
gated_alive:a_001:36864,a_001,36864,0,5,11,2,3,3,4,3,1
gated_alive:a_001:36872,a_001,36872,5,2,1,0,1,1,0,0,0
gated_alive:a_001:37394,a_001,37394,1,0,0,1,2,2,3,1,4
gated_alive:a_001:37521,a_001,37521,1,0,0,1,2,2,3,1,4
gated_alive:a_001:37602,a_001,37602,1,0,0,1,2,2,3,1,4
gated_alive:a_001:37795,a_001,37795,3,3,4,1,5,5,1,2,3
gated_alive:a_001:37873,a_001,37873,2,6,2,4,7,13,2,4,2
gated_alive:a_001:37913,a_001,37913,3,4,4,1,5,5,1,2,3
gated_alive:a_001:38008,a_001,38008,0,5,11,0,0,7,4,7,12
gated_alive:a_001:38109,a_001,38109,1,0,0,1,2,2,3,1,4
gated_alive:a_001:38214,a_001,38214,1,0,0,1,2,2,3,1,6
gated_alive:a_001:38349,a_001,38349,5,2,3,0,1,1,5,7,11
gated_alive:a_001:38453,a_001,38453,3,3,4,1,5,5,1,2,5
gated_alive:a_001:38464,a_001,38464,3,4,4,1,5,5,1,2,3
gated_alive:a_001:38592,a_001,38592,5,8,3,0,1,1,5,7,11
gated_alive:a_001:38605,a_001,38605,1,3,4,1,5,5,1,2,5
gated_alive:a_001:38636,a_001,38636,1,0,6,0,0,6,4,3,11
gated_alive:a_001:38880,a_001,38880,5,8,10,0,1,1,0,0,9
gated_alive:a_001:38960,a_001,38960,3,9,12,1,5,5,1,2,3
gated_alive:a_001:39597,a_001,39597,0,5,11,2,3,3,4,3,1
gated_alive:a_001:39957,a_001,39957,3,3,4,1,2,2,1,2,5
gated_alive:a_001:40194,a_001,40194,3,3,4,1,5,5,1,2,5
gated_alive:a_001:40290,a_001,40290,1,0,0,1,2,2,3,1,4
gated_alive:a_001:40435,a_001,40435,1,0,0,1,2,2,3,8,10
gated_alive:a_001:40544,a_001,40544,2,6,5,3,6,8,2,4,2
gated_alive:a_001:40608,a_001,40608,3,3,4,1,5,5,1,2,3
gated_alive:a_001:40645,a_001,40645,3,6,5,3,6,9,2,6,9
gated_alive:a_001:40758,a_001,40758,1,4,0,1,5,5,3,1,4
gated_alive:a_001:40784,a_001,40784,1,4,0,1,5,5,3,1,4
gated_alive:a_001:40951,a_001,40951,0,5,11,2,3,3,4,3,1
gated_alive:a_001:41057,a_001,41057,1,0,0,1,5,5,1,2,5
gated_alive:a_001:41069,a_001,41069,1,0,0,1,2,2,3,1,4
gated_alive:a_001:41087,a_001,41087,3,9,12,3,6,8,1,6,3
gated_alive:a_001:41175,a_001,41175,1,0,0,1,2,2,3,1,4
gated_alive:a_001:41402,a_001,41402,0,4,8,3,6,8,2,4,2
gated_alive:a_001:41428,a_001,41428,5,2,1,0,1,1,0,0,0
gated_alive:a_001:41642,a_001,41642,3,9,12,3,6,8,1,6,3
gated_alive:a_001:41823,a_001,41823,3,9,4,1,5,5,1,2,3
gated_alive:a_001:42002,a_001,42002,5,2,1,0,0,7,0,0,12
gated_alive:a_001:42321,a_001,42321,2,6,2,3,9,12,2,4,2
gated_alive:a_001:42644,a_001,42644,3,3,4,1,5,5,1,2,5
gated_alive:a_001:42757,a_001,42757,1,0,0,1,2,2,3,1,4
gated_alive:a_001:42866,a_001,42866,1,4,0,1,2,2,3,1,4
gated_alive:a_001:43084,a_001,43084,1,0,0,1,2,2,3,1,4
gated_alive:a_001:43688,a_001,43688,0,4,8,0,1,1,0,5,8
gated_alive:a_001:43812,a_001,43812,3,9,13,3,9,12,5,10,16
gated_alive:a_001:44525,a_001,44525,3,3,4,1,5,5,1,2,5
gated_alive:a_001:44581,a_001,44581,5,2,1,0,1,1,0,0,0
gated_alive:a_001:44645,a_001,44645,5,2,1,0,1,1,0,0,0
gated_alive:a_001:44753,a_001,44753,0,5,11,2,3,3,4,3,1
gated_alive:a_001:44755,a_001,44755,3,4,4,1,5,5,1,2,3
gated_alive:a_001:44875,a_001,44875,3,4,4,1,5,5,1,2,3
gated_alive:a_001:44922,a_001,44922,3,4,13,3,9,12,5,10,16
gated_alive:a_001:45369,a_001,45369,3,3,4,1,5,5,1,2,3
gated_alive:a_001:45397,a_001,45397,3,3,4,1,5,5,1,2,3
gated_alive:a_001:45504,a_001,45504,3,3,4,1,5,5,1,2,3
gated_alive:a_001:45528,a_001,45528,5,2,1,0,1,1,0,0,0
gated_alive:a_001:45583,a_001,45583,1,0,0,1,2,2,3,1,4
gated_alive:a_001:45666,a_001,45666,2,9,12,4,7,10,2,4,2
gated_alive:a_001:45681,a_001,45681,0,5,11,2,3,3,4,3,1
gated_alive:a_001:45831,a_001,45831,0,5,11,2,3,3,4,3,1
gated_alive:a_001:46234,a_001,46234,0,2,1,0,1,1,0,8,10
gated_alive:a_001:46321,a_001,46321,5,2,1,0,1,1,0,0,0
gated_alive:a_001:46335,a_001,46335,1,0,0,1,2,2,3,1,4
gated_alive:a_001:46602,a_001,46602,3,9,12,1,5,5,1,6,3
gated_alive:a_001:46665,a_001,46665,5,2,1,0,1,1,0,0,0
gated_alive:a_001:46945,a_001,46945,0,5,11,2,3,3,4,3,1
gated_alive:a_001:47090,a_001,47090,0,5,11,2,3,3,4,3,1
gated_alive:a_001:47526,a_001,47526,1,0,0,1,2,2,3,1,6
gated_alive:a_001:47699,a_001,47699,0,5,11,0,0,0,4,8,10
gated_alive:a_001:47795,a_001,47795,1,4,8,1,2,2,3,1,4
gated_alive:a_001:47934,a_001,47934,5,2,3,0,1,1,0,7,12
gated_alive:a_001:48236,a_001,48236,5,2,1,0,1,1,0,0,8
gated_alive:a_001:48510,a_001,48510,0,5,11,2,3,3,4,3,1
gated_alive:a_001:49049,a_001,49049,1,0,0,1,5,5,3,1,4
gated_alive:a_001:49115,a_001,49115,2,6,2,3,6,8,2,4,2
gated_alive:a_001:49280,a_001,49280,1,0,0,1,2,2,3,1,6
gated_alive:a_001:49409,a_001,49409,5,2,1,0,1,1,0,0,0
gated_alive:a_001:49646,a_001,49646,2,6,2,4,7,10,2,4,2
gated_alive:a_001:49800,a_001,49800,3,9,12,3,9,12,1,6,3
gated_alive:a_001:49883,a_001,49883,5,2,1,0,0,6,0,0,0
gated_alive:a_001:50278,a_001,50278,0,5,11,2,3,3,4,3,11
gated_alive:a_001:50491,a_001,50491,2,1,7,4,7,13,2,4,2
gated_alive:a_001:51096,a_001,51096,3,3,4,1,5,5,1,2,5
gated_alive:a_001:51479,a_001,51479,1,4,0,1,5,5,1,2,4
gated_alive:a_001:51583,a_001,51583,1,0,0,1,2,2,3,1,4
gated_alive:a_001:51600,a_001,51600,1,4,0,1,5,5,1,2,3
gated_alive:a_001:51693,a_001,51693,5,2,1,0,1,1,0,0,0
gated_alive:a_001:51710,a_001,51710,5,8,3,0,1,1,0,0,11
gated_alive:a_001:52017,a_001,52017,1,0,0,2,3,3,3,1,4
gated_alive:a_001:52160,a_001,52160,0,5,11,2,3,3,4,3,1
gated_alive:a_001:52164,a_001,52164,3,9,12,3,6,8,1,6,3
gated_alive:a_001:52165,a_001,52165,0,4,8,2,3,3,2,5,7
gated_alive:a_001:52202,a_001,52202,2,6,2,4,7,10,2,4,2
gated_alive:a_001:52700,a_001,52700,1,0,0,1,5,5,3,1,4
gated_alive:a_001:53331,a_001,53331,0,5,11,2,3,3,4,3,1
gated_alive:a_001:53561,a_001,53561,0,5,11,2,3,3,4,3,1
gated_alive:a_001:53628,a_001,53628,5,2,3,2,3,3,5,7,11
gated_alive:a_001:54164,a_001,54164,3,3,4,1,5,5,1,2,3
gated_alive:a_001:54221,a_001,54221,5,2,1,0,1,1,4,8,10
gated_alive:a_001:54263,a_001,54263,0,4,8,3,6,9,2,6,9
gated_alive:a_001:54385,a_001,54385,3,9,12,3,6,8,1,2,9
gated_alive:a_001:54430,a_001,54430,3,3,4,1,5,5,1,2,3
gated_alive:a_001:54464,a_001,54464,0,5,11,2,3,3,4,3,1
gated_alive:a_001:54472,a_001,54472,3,4,5,3,6,8,2,6,9
gated_alive:a_001:54533,a_001,54533,0,4,8,0,1,1,0,5,7
gated_alive:a_001:54613,a_001,54613,1,0,0,1,2,2,3,1,4
gated_alive:a_001:54700,a_001,54700,0,5,11,2,3,3,4,3,1
gated_alive:a_001:54772,a_001,54772,3,3,4,1,5,5,1,2,3
gated_alive:a_001:54860,a_001,54860,0,5,11,2,3,3,4,3,1
gated_alive:a_001:55103,a_001,55103,1,0,6,1,5,5,3,1,6
gated_alive:a_001:55215,a_001,55215,0,5,11,2,3,3,4,3,1
gated_alive:a_001:55503,a_001,55503,0,5,11,0,0,0,4,8,10
gated_alive:a_001:55626,a_001,55626,2,1,7,4,7,13,2,4,2
gated_alive:a_001:55730,a_001,55730,0,2,1,0,1,1,0,0,0
gated_alive:a_001:55911,a_001,55911,1,4,0,1,2,2,3,1,4
gated_alive:a_001:55930,a_001,55930,1,4,0,1,5,5,1,2,5
gated_alive:a_001:56073,a_001,56073,1,4,0,1,5,5,1,2,4
gated_alive:a_001:56221,a_001,56221,0,5,11,2,3,3,4,3,1
gated_alive:a_001:57067,a_001,57067,5,2,1,0,1,1,0,0,0
gated_alive:a_001:57100,a_001,57100,0,4,8,2,3,3,2,5,7
gated_alive:a_001:57103,a_001,57103,3,9,12,1,5,5,1,6,3
gated_alive:a_001:57134,a_001,57134,0,5,11,2,3,3,4,3,1
gated_alive:a_001:57349,a_001,57349,3,3,4,1,5,5,1,2,5
gated_alive:a_001:57358,a_001,57358,5,2,1,0,1,1,0,0,0
gated_alive:a_001:57395,a_001,57395,5,2,1,0,0,7,0,7,12
gated_alive:a_001:57763,a_001,57763,3,6,5,3,6,9,2,6,9
gated_alive:a_001:57777,a_001,57777,1,0,0,2,3,3,3,1,1
gated_alive:a_001:58717,a_001,58717,3,3,4,1,5,5,1,2,5
gated_alive:a_001:58799,a_001,58799,3,4,5,3,6,9,2,6,9
gated_alive:a_001:58810,a_001,58810,3,4,4,1,5,5,1,2,3
gated_alive:a_001:58845,a_001,58845,3,9,12,3,6,8,1,2,3
gated_alive:a_001:59039,a_001,59039,5,2,3,0,1,1,0,0,8
gated_alive:a_001:59191,a_001,59191,0,4,8,2,3,3,2,5,7
gated_alive:a_001:59207,a_001,59207,2,1,7,4,7,13,2,4,2
gated_alive:a_001:59232,a_001,59232,2,6,2,3,6,8,2,4,2
gated_alive:a_001:59518,a_001,59518,0,5,11,2,3,3,4,3,1
gated_alive:a_001:59716,a_001,59716,5,8,3,0,0,7,0,7,12
gated_alive:a_001:59987,a_001,59987,1,0,6,0,0,6,0,0,6
gated_alive:a_001:60211,a_001,60211,3,3,4,1,5,5,1,2,3
gated_alive:a_001:60456,a_001,60456,1,0,0,1,2,2,3,1,4
gated_alive:a_001:60550,a_001,60550,1,0,0,1,2,2,3,1,6
gated_alive:a_001:60760,a_001,60760,1,0,0,1,2,2,3,1,6
gated_alive:a_001:60785,a_001,60785,5,8,3,0,1,1,4,3,11
gated_alive:a_001:60869,a_001,60869,3,3,4,1,5,5,1,2,3
gated_alive:a_001:60985,a_001,60985,0,5,11,2,3,3,4,3,1
gated_alive:a_001:61387,a_001,61387,3,9,5,3,6,9,2,6,9
gated_alive:a_001:61393,a_001,61393,1,0,0,1,2,2,3,1,4
gated_alive:a_001:61523,a_001,61523,1,0,6,1,2,2,3,1,6
gated_alive:a_001:61618,a_001,61618,0,2,1,0,1,1,0,0,8
gated_alive:a_001:62013,a_001,62013,1,4,0,1,2,2,3,1,4
gated_alive:a_001:62061,a_001,62061,1,0,0,1,2,2,3,8,10
gated_alive:a_001:62167,a_001,62167,2,6,2,3,6,8,2,4,2
gated_alive:a_001:62216,a_001,62216,0,4,8,2,3,3,2,5,14
gated_alive:a_001:62242,a_001,62242,3,4,0,1,5,5,1,2,3
gated_alive:a_001:62290,a_001,62290,0,5,11,3,4,4,0,0,17
gated_alive:a_001:62690,a_001,62690,1,4,8,1,5,5,0,7,12
gated_alive:a_001:62693,a_001,62693,0,5,11,2,3,3,4,3,1
gated_alive:a_001:62896,a_001,62896,5,2,1,0,1,1,0,0,0
gated_alive:a_001:62981,a_001,62981,2,6,2,3,6,8,2,4,2
gated_alive:a_001:63016,a_001,63016,5,2,1,0,1,1,0,0,0
gated_alive:a_001:63139,a_001,63139,3,3,4,1,5,5,1,2,5
gated_alive:a_001:63264,a_001,63264,3,4,5,3,6,8,2,6,9
gated_alive:a_001:63329,a_001,63329,0,2,13,3,9,12,5,10,16
gated_alive:a_001:63454,a_001,63454,0,4,8,2,3,3,4,3,1
gated_alive:a_001:63729,a_001,63729,5,2,1,0,1,1,0,0,0
gated_alive:a_001:63884,a_001,63884,3,3,4,1,5,5,1,2,3
gated_alive:a_001:63922,a_001,63922,0,4,8,2,3,3,4,5,7
gated_alive:a_001:63936,a_001,63936,0,4,8,0,0,7,0,7,12
gated_alive:a_001:63969,a_001,63969,3,3,4,1,5,5,1,2,3
gated_alive:a_001:63970,a_001,63970,5,2,1,0,1,1,0,0,0
gated_alive:a_001:64264,a_001,64264,5,8,10,0,1,1,0,8,10
gated_alive:a_001:64267,a_001,64267,2,9,12,3,6,8,2,4,2
gated_alive:a_001:64331,a_001,64331,1,0,0,1,2,2,3,1,4
gated_alive:a_001:64472,a_001,64472,3,9,5,3,6,8,1,2,5
gated_alive:a_001:64582,a_001,64582,1,0,0,1,2,2,3,8,10
gated_alive:a_001:64586,a_001,64586,1,4,0,1,2,2,3,1,4
gated_alive:a_001:64727,a_001,64727,0,5,11,2,3,3,4,3,1
gated_alive:a_001:65133,a_001,65133,0,5,11,2,3,3,4,3,1
gated_alive:a_001:65150,a_001,65150,0,5,11,2,3,3,4,3,1
gated_alive:a_001:65162,a_001,65162,1,4,8,1,5,5,3,1,4
gated_alive:a_001:65284,a_001,65284,2,6,2,4,7,10,2,4,2
gated_alive:a_001:65584,a_001,65584,3,9,12,3,9,12,1,6,3
gated_alive:a_001:65923,a_001,65923,0,5,11,2,3,3,4,5,7
gated_alive:a_001:65942,a_001,65942,0,5,11,0,0,6,4,3,15
gated_alive:a_001:66140,a_001,66140,0,2,1,0,1,1,0,0,8
gated_alive:a_001:66195,a_001,66195,1,3,4,1,5,5,1,2,5
gated_alive:a_001:66315,a_001,66315,1,0,0,1,2,2,3,1,4
gated_alive:a_001:66351,a_001,66351,0,4,8,2,3,3,2,5,7
gated_alive:a_001:66405,a_001,66405,1,4,0,1,5,5,3,1,4
gated_alive:a_001:66741,a_001,66741,1,0,0,1,2,2,3,1,4
gated_alive:a_001:67344,a_001,67344,2,6,2,4,7,10,2,4,2
gated_alive:a_001:67355,a_001,67355,5,2,1,0,0,0,0,8,10
gated_alive:a_001:67751,a_001,67751,1,0,0,1,5,5,3,1,12
gated_alive:a_001:67860,a_001,67860,5,9,12,0,1,1,0,6,9
gated_alive:a_001:67940,a_001,67940,5,2,1,0,1,1,0,0,0
gated_alive:a_001:68173,a_001,68173,3,9,12,3,6,8,2,5,7
gated_alive:a_001:68203,a_001,68203,1,4,0,1,2,2,3,1,4
gated_alive:a_001:68221,a_001,68221,2,6,2,3,4,4,2,4,2
gated_alive:a_001:68266,a_001,68266,5,2,13,3,9,12,5,10,16
gated_alive:a_001:68327,a_001,68327,5,2,1,0,1,1,0,0,0
gated_alive:a_001:68727,a_001,68727,1,3,6,3,4,4,3,1,5
gated_alive:a_001:68948,a_001,68948,0,4,8,2,3,3,2,5,7
gated_alive:a_001:69183,a_001,69183,5,5,1,0,0,0,0,8,10
gated_alive:a_001:69499,a_001,69499,1,0,0,1,2,2,3,1,4
gated_alive:a_001:69707,a_001,69707,2,1,2,4,7,10,2,4,2
gated_alive:a_001:69784,a_001,69784,0,2,1,0,1,1,0,0,7
gated_alive:a_001:69953,a_001,69953,1,4,8,1,5,5,3,1,4
gated_alive:a_001:70072,a_001,70072,2,7,2,4,7,13,2,4,13
gated_alive:a_001:70143,a_001,70143,3,3,6,0,0,6,1,2,5
gated_alive:a_001:70259,a_001,70259,5,8,3,0,0,7,0,7,12
gated_alive:a_001:70260,a_001,70260,3,9,12,1,5,5,1,6,9
gated_alive:a_001:70290,a_001,70290,5,2,13,3,9,12,5,10,16
gated_alive:a_001:71090,a_001,71090,2,6,2,3,4,4,2,4,2
gated_alive:a_001:71428,a_001,71428,1,4,0,1,5,5,3,1,4
gated_alive:a_001:71906,a_001,71906,1,4,0,2,3,3,3,1,4
gated_alive:a_001:72681,a_001,72681,3,3,4,1,5,5,1,2,3
gated_alive:a_001:72852,a_001,72852,5,8,10,0,1,1,0,0,9
gated_alive:a_001:73121,a_001,73121,5,2,1,0,1,1,0,0,0
gated_alive:a_001:73210,a_001,73210,1,5,6,0,0,6,4,3,15
gated_alive:a_001:73279,a_001,73279,2,1,7,4,7,13,2,4,2
gated_alive:a_001:73326,a_001,73326,3,3,4,1,5,5,1,2,3
gated_alive:a_001:73430,a_001,73430,0,5,11,2,3,3,4,3,1
gated_alive:a_001:73570,a_001,73570,3,9,4,1,5,5,1,2,3
gated_alive:a_001:73599,a_001,73599,3,3,4,1,5,5,1,2,5
gated_alive:a_001:73853,a_001,73853,0,2,3,2,3,3,5,7,11
gated_alive:a_001:74053,a_001,74053,3,3,4,1,5,5,1,2,5
gated_alive:a_001:74155,a_001,74155,0,5,11,0,1,1,4,3,1
gated_alive:a_001:74406,a_001,74406,2,1,7,4,7,13,2,4,2
gated_alive:a_001:74527,a_001,74527,3,4,8,1,5,5,1,2,3
gated_alive:a_001:75226,a_001,75226,1,4,0,1,5,5,3,1,4
gated_alive:a_001:75248,a_001,75248,0,5,11,2,3,3,4,5,7
gated_alive:a_001:75541,a_001,75541,5,2,1,0,1,1,0,0,0
gated_alive:a_001:75853,a_001,75853,5,2,1,0,1,1,0,0,8
gated_alive:a_001:75941,a_001,75941,2,1,7,4,7,13,2,4,2
gated_alive:a_001:76089,a_001,76089,1,3,4,1,5,5,1,2,5
gated_alive:a_001:76269,a_001,76269,0,5,11,0,1,1,4,3,1
gated_alive:a_001:76282,a_001,76282,1,0,0,1,2,2,3,1,4
gated_alive:a_001:76303,a_001,76303,3,9,12,3,6,8,1,6,3
gated_alive:a_001:76782,a_001,76782,2,6,2,3,6,8,2,4,2
gated_alive:a_001:76818,a_001,76818,3,3,4,1,5,5,1,2,3
gated_alive:a_001:76836,a_001,76836,1,4,0,0,0,0,3,8,10
gated_alive:a_001:76916,a_001,76916,5,2,1,0,1,1,0,0,0
gated_alive:a_001:76924,a_001,76924,0,5,11,2,3,3,4,3,1
gated_alive:a_001:77004,a_001,77004,0,5,11,2,3,3,4,3,1
gated_alive:a_001:77011,a_001,77011,3,9,12,1,2,2,1,2,3
gated_alive:a_001:77015,a_001,77015,1,0,0,1,2,2,3,1,6
gated_alive:a_001:77112,a_001,77112,0,5,11,2,3,3,4,3,1
gated_alive:a_001:77910,a_001,77910,3,9,12,1,5,5,1,6,12
gated_alive:a_001:78294,a_001,78294,1,0,6,3,4,4,3,1,6
gated_alive:a_001:78320,a_001,78320,0,4,8,2,3,3,2,5,7
gated_alive:a_001:78621,a_001,78621,3,3,4,3,6,8,1,2,3
gated_alive:a_001:78695,a_001,78695,0,5,11,2,3,3,4,3,1
gated_alive:a_001:78713,a_001,78713,0,4,8,2,3,3,2,5,7
gated_alive:a_001:78898,a_001,78898,1,0,0,1,2,2,3,1,4
gated_alive:a_001:79007,a_001,79007,5,2,3,0,0,7,0,7,12
gated_alive:a_001:79138,a_001,79138,5,2,1,0,1,1,0,0,0
gated_alive:a_001:79227,a_001,79227,1,0,0,1,2,2,3,1,4
gated_alive:a_001:79471,a_001,79471,1,0,0,1,2,2,3,1,4
gated_alive:a_001:79503,a_001,79503,3,4,4,1,5,5,1,2,3
gated_alive:a_001:79511,a_001,79511,3,9,12,1,5,5,1,2,3
gated_alive:a_001:79662,a_001,79662,1,4,0,1,2,2,3,1,4
gated_alive:a_001:79717,a_001,79717,3,4,4,1,5,5,1,2,3
gated_alive:a_001:79841,a_001,79841,5,2,1,0,1,1,0,0,0
gated_alive:a_001:79911,a_001,79911,2,6,2,4,7,13,2,4,2
gated_alive:a_001:80053,a_001,80053,3,3,4,1,5,5,1,2,5
gated_alive:a_001:80108,a_001,80108,1,0,0,1,2,2,3,1,4
gated_alive:a_001:80550,a_001,80550,5,2,1,0,1,1,0,0,0
gated_alive:a_001:81242,a_001,81242,3,3,4,1,5,5,1,2,12
gated_alive:a_001:81367,a_001,81367,3,4,4,1,5,5,1,2,3
gated_alive:a_001:81462,a_001,81462,4,7,9,3,9,12,6,9,13
gated_alive:a_001:81553,a_001,81553,1,0,0,1,2,2,3,1,4
gated_alive:a_001:81665,a_001,81665,1,0,0,2,3,3,3,1,4
gated_alive:a_001:82062,a_001,82062,5,2,1,0,0,0,0,8,10
gated_alive:a_001:82157,a_001,82157,0,4,8,2,3,3,2,5,7
gated_alive:a_001:82173,a_001,82173,3,4,8,1,5,5,1,2,3
gated_alive:a_001:82210,a_001,82210,3,9,13,3,9,12,5,10,16
gated_alive:a_002:340,a_002,340,2,1,7,4,7,13,2,4,2
gated_alive:a_002:427,a_002,427,3,4,8,1,5,5,2,5,7
gated_alive:a_002:439,a_002,439,0,4,8,3,6,8,2,5,2
gated_alive:a_002:448,a_002,448,3,4,4,1,5,5,1,2,3
gated_alive:a_002:695,a_002,695,0,4,8,3,6,8,2,4,2
gated_alive:a_002:748,a_002,748,3,9,12,3,6,8,1,6,3
gated_alive:a_002:953,a_002,953,3,9,12,1,5,5,1,2,3
gated_alive:a_002:1073,a_002,1073,3,4,4,1,5,5,1,2,3
gated_alive:a_002:1076,a_002,1076,0,4,8,2,3,3,0,5,7
gated_alive:a_002:1118,a_002,1118,3,3,4,1,5,5,1,2,5
gated_alive:a_002:1370,a_002,1370,0,5,11,2,3,3,4,5,7
gated_alive:a_002:1514,a_002,1514,0,5,11,2,3,3,4,5,7
gated_alive:a_002:2095,a_002,2095,1,0,0,1,2,2,3,8,10
gated_alive:a_002:2114,a_002,2114,3,9,4,1,5,5,1,2,3
gated_alive:a_002:2158,a_002,2158,3,3,4,1,5,5,1,2,3
gated_alive:a_002:2192,a_002,2192,0,5,11,0,0,0,4,8,10
gated_alive:a_002:3423,a_002,3423,0,2,1,0,1,1,0,0,0
gated_alive:a_002:3605,a_002,3605,2,1,7,4,7,13,2,4,2
gated_alive:a_002:3610,a_002,3610,0,5,11,2,3,3,4,3,1
gated_alive:a_002:3640,a_002,3640,3,4,8,1,5,5,1,2,3
gated_alive:a_002:4095,a_002,4095,0,5,11,0,1,1,4,3,1
gated_alive:a_002:4358,a_002,4358,2,1,7,4,7,10,2,4,2
gated_alive:a_002:4520,a_002,4520,1,4,0,1,2,2,3,1,4
gated_alive:a_002:4717,a_002,4717,3,3,4,1,5,5,1,2,5
gated_alive:a_002:5030,a_002,5030,0,5,11,2,3,3,4,5,7
gated_alive:a_002:5216,a_002,5216,3,4,4,1,5,5,1,2,3
gated_alive:a_002:5289,a_002,5289,3,3,4,1,5,5,1,2,5
gated_alive:a_002:5387,a_002,5387,2,1,7,4,7,13,2,4,2
gated_alive:a_002:5458,a_002,5458,5,2,1,0,1,1,0,0,0
gated_alive:a_002:5562,a_002,5562,1,4,0,1,5,5,1,2,4
gated_alive:a_002:6126,a_002,6126,0,5,11,2,3,3,4,3,1
gated_alive:a_002:6885,a_002,6885,3,4,4,1,5,5,1,2,3
gated_alive:a_002:7573,a_002,7573,5,2,1,0,1,1,0,0,0
gated_alive:a_002:7905,a_002,7905,3,9,4,1,5,5,1,2,3
gated_alive:a_002:7987,a_002,7987,0,5,11,2,3,3,4,3,1
gated_alive:a_002:8171,a_002,8171,0,5,11,0,1,1,4,3,1
gated_alive:a_002:8208,a_002,8208,1,0,6,1,2,2,3,1,6
gated_alive:a_002:8233,a_002,8233,4,7,9,5,8,11,6,9,13
gated_alive:a_002:8819,a_002,8819,3,9,12,3,6,8,1,6,3
gated_alive:a_002:8925,a_002,8925,5,8,10,0,1,1,0,0,8
gated_alive:a_002:8938,a_002,8938,0,5,11,0,0,7,4,7,12
gated_alive:a_002:9101,a_002,9101,1,4,0,1,2,2,3,1,4
gated_alive:a_002:9504,a_002,9504,0,5,11,2,3,3,4,3,1
gated_alive:a_002:9609,a_002,9609,5,2,1,0,0,7,0,7,12
gated_alive:a_002:9856,a_002,9856,5,2,1,0,1,1,0,6,9
gated_alive:a_002:10063,a_002,10063,3,9,13,3,9,12,5,10,16
gated_alive:a_002:10442,a_002,10442,2,1,2,3,9,12,2,4,2
gated_alive:a_002:10698,a_002,10698,1,4,0,1,5,5,3,1,4
gated_alive:a_002:10749,a_002,10749,5,8,10,0,1,1,0,0,0
gated_alive:a_002:10827,a_002,10827,5,8,3,0,1,1,0,7,11
gated_alive:a_002:11074,a_002,11074,3,3,4,1,5,5,1,2,3
gated_alive:a_002:11307,a_002,11307,3,3,4,1,5,5,1,2,5
gated_alive:a_002:11375,a_002,11375,1,0,0,1,5,5,3,1,6
gated_alive:a_002:12512,a_002,12512,1,0,6,1,5,5,3,1,12
gated_alive:a_002:12526,a_002,12526,3,3,4,1,5,5,1,2,3
gated_alive:a_002:12584,a_002,12584,3,9,12,3,6,8,1,6,3
gated_alive:a_002:12783,a_002,12783,5,2,3,0,1,1,0,0,0
gated_alive:a_002:12851,a_002,12851,3,9,4,1,5,5,1,2,3
gated_alive:a_002:12894,a_002,12894,3,3,4,1,5,5,1,2,3
gated_alive:a_002:13239,a_002,13239,3,4,4,1,5,5,1,2,3
gated_alive:a_002:13600,a_002,13600,0,5,11,2,3,3,4,3,1
gated_alive:a_002:13635,a_002,13635,3,9,12,1,5,5,1,2,3
gated_alive:a_002:13719,a_002,13719,3,3,4,1,5,5,1,2,3
gated_alive:a_002:13723,a_002,13723,2,6,2,4,7,10,2,4,2
gated_alive:a_002:13765,a_002,13765,1,0,0,1,5,5,3,1,12
gated_alive:a_002:14228,a_002,14228,0,4,8,3,6,8,2,4,2
gated_alive:a_002:15057,a_002,15057,1,0,0,1,5,5,3,1,12
gated_alive:a_002:15336,a_002,15336,0,2,1,0,1,1,0,0,0
gated_alive:a_002:15634,a_002,15634,1,4,13,3,9,12,5,10,16
gated_alive:a_002:15756,a_002,15756,1,0,0,1,2,2,3,1,4
gated_alive:a_002:15812,a_002,15812,3,3,4,1,5,5,1,2,3
gated_alive:a_002:15868,a_002,15868,1,3,6,1,2,2,3,1,6
gated_alive:a_002:15938,a_002,15938,3,9,12,1,5,5,1,6,3
gated_alive:a_002:15953,a_002,15953,1,0,0,1,2,2,3,1,6
gated_alive:a_002:16238,a_002,16238,3,4,4,1,5,5,1,2,3
gated_alive:a_002:16245,a_002,16245,1,0,0,1,2,2,3,1,4
gated_alive:a_002:16305,a_002,16305,2,6,2,4,7,10,2,4,2
gated_alive:a_002:16346,a_002,16346,0,4,8,3,6,8,2,5,7
gated_alive:a_002:16603,a_002,16603,1,0,0,1,2,2,3,1,4
gated_alive:a_002:17179,a_002,17179,2,1,7,4,7,13,2,4,2
gated_alive:a_002:17225,a_002,17225,5,8,10,0,1,1,0,0,0
gated_alive:a_002:17789,a_002,17789,1,3,4,1,5,5,1,2,5
gated_alive:a_002:17793,a_002,17793,2,1,7,4,7,13,2,4,2
gated_alive:a_002:17872,a_002,17872,1,4,0,3,6,8,3,1,4
gated_alive:a_002:17880,a_002,17880,0,4,8,3,6,8,2,5,7
gated_alive:a_002:18066,a_002,18066,2,6,2,4,7,10,2,4,2
gated_alive:a_002:18158,a_002,18158,2,1,7,4,7,13,2,4,2
gated_alive:a_002:18414,a_002,18414,3,3,4,1,5,5,1,2,5
gated_alive:a_002:18449,a_002,18449,0,4,8,2,3,3,4,5,7
gated_alive:a_002:18702,a_002,18702,4,7,9,5,8,11,6,9,13
gated_alive:a_002:18843,a_002,18843,1,4,0,1,5,5,3,1,4
gated_alive:a_002:18907,a_002,18907,3,3,4,1,5,5,1,2,3
gated_alive:a_002:19799,a_002,19799,5,2,1,0,1,1,0,0,0
gated_alive:a_002:20210,a_002,20210,3,3,4,1,5,5,1,2,3
gated_alive:a_002:20415,a_002,20415,2,1,7,4,7,13,1,6,3
gated_alive:a_002:20909,a_002,20909,1,0,6,1,2,2,3,1,6
gated_alive:a_002:21800,a_002,21800,5,2,1,0,1,1,0,0,0
gated_alive:a_002:21801,a_002,21801,2,1,7,4,7,13,2,4,2
gated_alive:a_002:22300,a_002,22300,1,0,0,1,2,2,3,1,4
gated_alive:a_002:22387,a_002,22387,1,4,0,1,2,2,3,1,4
gated_alive:a_002:22406,a_002,22406,3,3,4,1,5,5,1,2,3
gated_alive:a_002:22788,a_002,22788,0,5,3,0,1,1,4,7,11
gated_alive:a_002:23079,a_002,23079,3,4,4,1,5,5,1,2,3
gated_alive:a_002:23585,a_002,23585,1,4,0,1,2,2,3,1,4
gated_alive:a_002:23633,a_002,23633,3,3,4,1,5,5,1,2,3
gated_alive:a_002:23663,a_002,23663,2,8,3,0,0,7,0,7,12
gated_alive:a_002:23691,a_002,23691,0,4,8,3,6,8,2,5,7
gated_alive:a_002:23908,a_002,23908,0,4,8,3,6,8,2,4,2
gated_alive:a_002:24170,a_002,24170,1,0,0,1,5,5,3,1,4
gated_alive:a_002:24218,a_002,24218,2,1,7,4,7,13,2,4,2
gated_alive:a_002:24253,a_002,24253,2,1,7,4,7,13,2,4,2
gated_alive:a_002:24895,a_002,24895,3,3,4,1,5,5,1,2,5
gated_alive:a_002:25139,a_002,25139,2,6,5,4,7,10,2,4,2
gated_alive:a_002:25627,a_002,25627,3,4,8,1,5,5,1,2,3
gated_alive:a_002:26135,a_002,26135,2,1,7,4,7,13,2,4,2
gated_alive:a_002:26483,a_002,26483,2,1,7,4,7,13,2,4,2
gated_alive:a_002:26698,a_002,26698,3,3,4,1,2,2,1,2,5
gated_alive:a_002:27056,a_002,27056,2,1,7,4,7,13,2,4,2
gated_alive:a_002:27954,a_002,27954,5,2,1,2,3,3,0,0,0
gated_alive:a_002:28421,a_002,28421,2,1,7,4,7,13,2,4,2
gated_alive:a_002:28469,a_002,28469,5,2,1,0,1,1,0,0,0
gated_alive:a_002:28658,a_002,28658,1,0,0,1,2,2,3,1,4
gated_alive:a_002:28801,a_002,28801,3,3,4,1,5,5,1,2,3
gated_alive:a_002:28836,a_002,28836,1,4,0,0,0,0,3,8,10
gated_alive:a_002:28857,a_002,28857,4,4,8,3,6,8,6,9,13
gated_alive:a_002:28971,a_002,28971,2,6,2,4,7,10,2,4,2
gated_alive:a_002:29275,a_002,29275,0,5,11,2,3,3,4,3,1
gated_alive:a_002:29512,a_002,29512,0,5,11,0,0,6,4,3,1
gated_alive:a_002:29807,a_002,29807,0,5,11,2,3,3,4,3,1
gated_alive:a_002:30024,a_002,30024,3,9,12,1,5,5,1,6,3
gated_alive:a_002:30028,a_002,30028,3,9,12,0,0,7,1,7,12
gated_alive:a_002:30034,a_002,30034,5,2,1,0,1,1,4,3,1
gated_alive:a_002:30054,a_002,30054,2,1,10,4,7,13,0,0,8
gated_alive:a_002:30371,a_002,30371,1,4,0,1,2,2,3,1,4
gated_alive:a_002:30390,a_002,30390,2,1,7,4,7,13,2,4,2
gated_alive:a_002:30486,a_002,30486,5,2,1,0,1,1,0,0,0
gated_alive:a_002:30515,a_002,30515,2,6,2,4,7,13,2,4,2
gated_alive:a_002:30592,a_002,30592,3,9,12,1,5,5,1,6,3
gated_alive:a_002:30695,a_002,30695,0,2,1,0,1,1,0,0,0
gated_alive:a_002:30731,a_002,30731,2,6,2,4,7,10,2,4,2
gated_alive:a_002:30779,a_002,30779,2,1,7,4,7,13,2,4,2
gated_alive:a_002:31151,a_002,31151,3,4,8,1,5,5,1,2,3
gated_alive:a_002:31290,a_002,31290,0,4,8,3,6,8,2,5,7
gated_alive:a_002:32184,a_002,32184,3,9,12,3,6,8,1,6,3
gated_alive:a_002:32350,a_002,32350,1,0,0,1,2,2,3,1,4
gated_alive:a_002:32362,a_002,32362,2,1,7,4,7,13,2,4,2
gated_alive:a_002:32573,a_002,32573,3,3,4,1,5,5,1,2,5
gated_alive:a_002:32755,a_002,32755,1,4,0,1,5,5,3,1,4
gated_alive:a_002:32781,a_002,32781,5,2,1,0,1,1,0,0,0
gated_alive:a_002:32885,a_002,32885,2,1,7,4,7,13,2,4,2
gated_alive:a_002:33075,a_002,33075,0,4,8,3,6,8,1,6,3
gated_alive:a_002:33302,a_002,33302,2,1,7,3,9,12,2,4,2
gated_alive:a_002:33911,a_002,33911,3,9,5,3,6,9,2,6,9
gated_alive:a_002:34051,a_002,34051,3,3,4,1,5,5,1,2,3
gated_alive:a_002:34569,a_002,34569,3,9,12,1,5,5,1,6,3
gated_alive:a_002:34735,a_002,34735,2,9,12,4,7,10,1,2,3
gated_alive:a_002:34855,a_002,34855,5,2,1,0,1,1,0,0,0
gated_alive:a_002:34971,a_002,34971,5,2,1,0,1,1,0,0,0
gated_alive:a_002:35048,a_002,35048,3,4,4,1,5,5,1,2,5
gated_alive:a_002:35352,a_002,35352,3,4,4,1,5,5,1,2,3
gated_alive:a_002:35618,a_002,35618,0,5,11,2,3,3,4,3,1
gated_alive:a_002:35705,a_002,35705,0,5,11,0,0,6,4,3,1
gated_alive:a_002:35713,a_002,35713,2,1,7,4,7,13,2,4,2
gated_alive:a_002:36352,a_002,36352,5,2,1,0,1,1,0,0,8
gated_alive:a_002:36601,a_002,36601,3,9,12,1,5,5,1,2,3
gated_alive:a_002:36819,a_002,36819,2,6,2,4,7,10,2,4,2
gated_alive:a_002:36859,a_002,36859,3,4,8,1,5,5,1,2,4
gated_alive:a_002:37392,a_002,37392,3,3,5,3,6,9,2,6,9
gated_alive:a_002:37531,a_002,37531,3,9,12,1,5,5,2,4,2
gated_alive:a_002:37634,a_002,37634,3,1,7,1,5,5,1,2,12
gated_alive:a_002:37682,a_002,37682,3,9,12,1,5,5,1,2,3
gated_alive:a_002:38097,a_002,38097,2,1,7,4,7,13,2,4,2
gated_alive:a_002:38640,a_002,38640,3,4,4,1,5,5,1,2,3
gated_alive:a_002:38714,a_002,38714,2,4,8,1,5,5,2,4,2
gated_alive:a_002:38785,a_002,38785,3,3,4,5,8,11,1,2,2
gated_alive:a_002:39003,a_002,39003,3,9,12,3,6,8,1,6,3
gated_alive:a_002:39118,a_002,39118,5,2,3,2,3,3,5,7,11
gated_alive:a_002:39178,a_002,39178,1,4,8,3,6,8,1,6,3
gated_alive:a_002:39410,a_002,39410,1,0,0,1,5,5,3,1,4
gated_alive:a_002:39627,a_002,39627,3,4,8,3,6,8,2,5,2
gated_alive:a_002:39705,a_002,39705,3,9,12,3,6,8,1,2,10
gated_alive:a_002:39805,a_002,39805,3,3,4,1,5,5,1,2,5
gated_alive:a_002:40093,a_002,40093,0,5,11,0,0,6,4,3,1
gated_alive:a_002:40525,a_002,40525,3,9,4,1,5,5,1,4,2
gated_alive:a_002:40956,a_002,40956,2,1,7,4,7,13,2,4,2
gated_alive:a_002:41604,a_002,41604,3,4,8,3,4,4,2,6,3
gated_alive:a_002:41928,a_002,41928,2,1,7,4,7,13,2,4,2
gated_alive:a_002:41962,a_002,41962,0,5,11,0,0,7,4,3,15
gated_alive:a_002:42356,a_002,42356,0,4,5,3,6,9,2,6,9
gated_alive:a_002:42448,a_002,42448,3,4,4,1,5,5,1,2,3
gated_alive:a_002:42733,a_002,42733,0,5,11,0,0,7,4,7,12
gated_alive:a_002:42935,a_002,42935,0,5,11,2,3,3,4,3,1
gated_alive:a_002:43088,a_002,43088,3,4,4,1,5,5,1,2,3
gated_alive:a_002:43118,a_002,43118,0,2,1,0,1,1,0,0,8
gated_alive:a_002:43175,a_002,43175,1,0,0,1,2,2,3,1,4
gated_alive:a_002:43207,a_002,43207,3,3,4,1,5,5,1,2,3
gated_alive:a_002:43248,a_002,43248,5,8,6,0,0,6,4,3,15
gated_alive:a_002:43360,a_002,43360,0,4,8,2,3,3,2,5,7
gated_alive:a_002:43862,a_002,43862,0,5,11,2,3,3,4,3,1
gated_alive:a_002:44069,a_002,44069,1,0,0,1,2,2,3,1,4
gated_alive:a_002:44511,a_002,44511,3,9,12,1,5,5,1,2,3
gated_alive:a_002:44575,a_002,44575,2,1,7,4,7,13,2,4,2
gated_alive:a_002:44653,a_002,44653,2,1,7,4,7,13,2,4,2
gated_alive:a_002:44709,a_002,44709,4,7,9,5,8,11,6,9,13
gated_alive:a_002:45062,a_002,45062,3,4,4,1,5,5,1,2,3
gated_alive:a_002:45126,a_002,45126,3,3,4,1,5,5,1,2,3
gated_alive:a_002:45252,a_002,45252,3,9,4,1,5,5,1,2,12
gated_alive:a_002:45267,a_002,45267,3,4,4,1,5,5,1,2,3
gated_alive:a_002:45415,a_002,45415,1,4,0,1,2,2,3,1,6
gated_alive:a_002:45490,a_002,45490,5,8,10,0,1,1,0,0,9
gated_alive:a_002:45536,a_002,45536,4,7,9,5,8,11,6,9,13
gated_alive:a_002:45791,a_002,45791,5,3,4,0,1,1,0,0,0
gated_alive:a_002:46260,a_002,46260,2,6,2,4,7,10,2,4,2
gated_alive:a_002:46484,a_002,46484,2,6,2,4,7,13,2,4,2
gated_alive:a_002:46904,a_002,46904,3,3,4,1,5,5,1,2,12
gated_alive:a_002:47077,a_002,47077,0,5,11,0,0,7,0,7,12
gated_alive:a_002:47085,a_002,47085,2,1,7,4,7,13,2,4,2
gated_alive:a_002:47921,a_002,47921,5,2,1,0,1,1,0,0,0
gated_alive:a_002:48234,a_002,48234,0,5,11,2,3,3,4,3,1
gated_alive:a_002:48341,a_002,48341,5,2,1,0,1,1,0,0,0
gated_alive:a_002:48615,a_002,48615,3,9,12,3,6,8,1,6,3
gated_alive:a_002:48630,a_002,48630,1,0,0,1,5,5,3,1,4
gated_alive:a_002:48950,a_002,48950,2,6,2,4,7,13,2,4,2
gated_alive:a_002:49006,a_002,49006,5,2,1,0,1,1,0,0,0
gated_alive:a_002:49095,a_002,49095,1,4,0,1,2,2,3,1,4
gated_alive:a_002:49253,a_002,49253,0,4,8,2,3,3,0,5,7
gated_alive:a_002:49531,a_002,49531,3,3,4,1,5,5,1,2,5
gated_alive:a_002:50060,a_002,50060,3,1,7,4,7,13,2,4,2
gated_alive:a_002:50670,a_002,50670,3,9,12,1,5,5,1,2,3
gated_alive:a_002:50856,a_002,50856,0,5,11,2,3,3,5,3,11
gated_alive:a_002:51604,a_002,51604,1,0,0,1,2,2,3,1,4
gated_alive:a_002:51684,a_002,51684,3,3,4,1,5,5,1,2,5
gated_alive:a_002:51774,a_002,51774,5,2,3,2,3,3,5,7,11
gated_alive:a_002:52205,a_002,52205,2,1,7,4,7,13,2,4,2
gated_alive:a_002:52210,a_002,52210,3,3,4,1,5,5,1,2,3
gated_alive:a_002:52316,a_002,52316,5,2,1,0,1,1,0,0,0
gated_alive:a_002:52340,a_002,52340,0,5,11,2,3,3,4,3,1
gated_alive:a_002:52491,a_002,52491,1,0,0,1,2,2,3,1,4
gated_alive:a_002:52612,a_002,52612,0,2,3,2,3,3,5,7,11
gated_alive:a_002:52689,a_002,52689,2,6,2,4,7,13,2,4,2
gated_alive:a_002:52815,a_002,52815,0,5,11,2,3,3,4,3,1
gated_alive:a_002:53161,a_002,53161,2,6,2,4,7,13,2,4,2
gated_alive:a_002:53416,a_002,53416,3,4,0,1,5,5,1,2,3
gated_alive:a_002:53558,a_002,53558,0,2,3,0,1,1,5,7,11
gated_alive:a_002:53579,a_002,53579,3,9,4,1,5,5,1,2,3
gated_alive:a_002:53958,a_002,53958,4,7,9,5,8,11,6,9,13
gated_alive:a_002:53965,a_002,53965,0,5,11,2,3,3,4,3,1
gated_alive:a_002:54017,a_002,54017,2,6,2,4,7,10,2,4,2
gated_alive:a_002:54058,a_002,54058,5,8,10,0,0,0,0,8,10
gated_alive:a_002:54258,a_002,54258,3,9,12,1,5,5,1,6,3
gated_alive:a_002:54369,a_002,54369,3,3,5,3,6,9,2,6,9
gated_alive:a_002:54412,a_002,54412,0,5,11,2,3,3,4,3,1
gated_alive:a_002:54457,a_002,54457,1,0,0,1,2,2,3,1,4
gated_alive:a_002:54865,a_002,54865,3,9,12,3,6,8,1,6,3
gated_alive:a_002:54869,a_002,54869,0,4,8,3,6,8,2,5,7
gated_alive:a_002:55682,a_002,55682,2,6,2,4,7,10,2,4,2
gated_alive:a_002:56232,a_002,56232,1,4,0,3,6,8,1,6,3
gated_alive:a_002:56983,a_002,56983,3,4,4,1,5,5,1,2,3
gated_alive:a_002:57219,a_002,57219,0,5,11,2,3,3,4,3,1
gated_alive:a_002:57690,a_002,57690,3,4,4,1,5,5,1,2,3
gated_alive:a_002:57901,a_002,57901,0,2,1,0,1,1,0,0,8
gated_alive:a_002:57906,a_002,57906,2,1,7,4,7,13,2,4,2
gated_alive:a_002:57912,a_002,57912,5,2,1,0,0,7,0,7,12
gated_alive:a_002:58122,a_002,58122,1,0,0,1,2,2,3,1,6
gated_alive:a_002:58150,a_002,58150,0,4,8,2,3,3,0,5,7
gated_alive:a_002:58152,a_002,58152,1,0,0,1,2,2,3,1,4
gated_alive:a_002:58191,a_002,58191,5,2,1,0,1,1,0,0,0
gated_alive:a_002:58387,a_002,58387,3,3,4,1,5,5,1,2,5
gated_alive:a_002:58400,a_002,58400,5,2,1,0,1,1,0,0,10
gated_alive:a_002:58509,a_002,58509,0,4,8,1,5,5,1,2,3
gated_alive:a_002:59061,a_002,59061,0,5,11,2,3,3,4,3,1
gated_alive:a_002:59419,a_002,59419,3,9,12,1,5,5,2,4,3
gated_alive:a_002:59637,a_002,59637,5,2,1,0,1,1,0,0,0
gated_alive:a_002:59894,a_002,59894,2,1,7,4,7,13,2,4,2
gated_alive:a_002:59952,a_002,59952,3,4,8,3,9,12,1,6,3
gated_alive:a_002:60635,a_002,60635,2,9,12,4,7,10,2,4,2
gated_alive:a_002:60662,a_002,60662,3,9,12,1,5,5,1,2,3
gated_alive:a_002:60736,a_002,60736,2,1,7,4,7,13,2,4,2
gated_alive:a_002:61127,a_002,61127,2,1,7,4,7,13,2,4,2
gated_alive:a_002:61145,a_002,61145,4,7,9,5,8,11,6,9,13
gated_alive:a_002:61496,a_002,61496,1,0,0,1,2,2,3,1,4
gated_alive:a_002:61715,a_002,61715,3,9,12,1,5,5,1,2,3
gated_alive:a_002:61884,a_002,61884,1,5,6,0,0,6,4,3,15
gated_alive:a_002:62200,a_002,62200,2,1,7,4,7,13,2,4,2
gated_alive:a_002:62259,a_002,62259,3,9,12,1,5,5,1,2,3
gated_alive:a_002:62610,a_002,62610,1,3,4,1,5,5,1,2,5
gated_alive:a_002:62613,a_002,62613,3,9,5,3,6,9,2,6,9
gated_alive:a_002:62796,a_002,62796,5,2,1,0,1,1,0,0,0
gated_alive:a_002:63280,a_002,63280,3,3,4,4,7,13,1,2,5
gated_alive:a_002:63417,a_002,63417,0,4,8,1,5,5,2,5,7
gated_alive:a_002:63563,a_002,63563,3,9,12,3,6,8,1,6,3
gated_alive:a_002:63951,a_002,63951,0,5,11,2,3,3,4,3,1
gated_alive:a_002:64211,a_002,64211,2,6,13,3,9,12,0,8,10
gated_alive:a_002:64394,a_002,64394,5,2,1,0,1,1,0,0,0
gated_alive:a_002:64953,a_002,64953,3,4,8,3,6,8,1,6,3
gated_alive:a_002:65031,a_002,65031,5,8,10,1,5,5,0,0,9
gated_alive:a_002:65292,a_002,65292,2,1,7,0,0,6,2,4,2
gated_alive:a_002:65441,a_002,65441,3,9,4,1,5,5,1,2,3
gated_alive:a_002:65564,a_002,65564,1,0,0,1,2,2,3,1,4
gated_alive:a_002:65733,a_002,65733,0,4,8,2,3,3,4,5,7
gated_alive:a_002:65920,a_002,65920,1,0,0,1,2,2,3,1,4
gated_alive:a_002:66036,a_002,66036,5,2,1,0,1,1,0,0,0
gated_alive:a_002:67098,a_002,67098,1,0,0,1,2,2,3,1,4
gated_alive:a_002:67366,a_002,67366,0,5,11,2,3,3,4,3,1
gated_alive:a_002:68050,a_002,68050,2,1,3,0,1,1,2,4,2
gated_alive:a_002:68481,a_002,68481,3,9,12,3,6,8,1,6,3
gated_alive:a_002:68852,a_002,68852,2,1,7,4,7,13,2,4,2
gated_alive:a_002:68898,a_002,68898,3,4,8,3,6,8,1,6,3
gated_alive:a_002:68905,a_002,68905,2,1,7,4,7,13,2,4,2
gated_alive:a_002:68918,a_002,68918,0,4,8,1,5,5,2,5,7
gated_alive:a_002:69069,a_002,69069,3,9,12,3,9,12,1,2,3
gated_alive:a_002:69089,a_002,69089,3,4,4,1,5,5,1,2,3
gated_alive:a_002:69095,a_002,69095,2,1,7,4,7,13,2,4,2
gated_alive:a_002:69147,a_002,69147,1,0,0,1,2,2,3,1,4
gated_alive:a_002:69243,a_002,69243,0,4,8,2,3,3,0,5,7
gated_alive:a_002:69869,a_002,69869,1,0,0,1,2,2,3,1,4
gated_alive:a_002:70297,a_002,70297,5,2,1,0,1,1,0,0,0
gated_alive:a_002:70415,a_002,70415,4,1,7,5,8,11,2,4,2
gated_alive:a_002:70510,a_002,70510,5,2,1,0,1,1,0,0,0
gated_alive:a_002:70893,a_002,70893,3,4,4,1,5,5,1,2,4
gated_alive:a_002:70933,a_002,70933,0,5,11,0,1,1,4,3,1
gated_alive:a_002:71051,a_002,71051,3,4,8,3,6,8,2,5,7
gated_alive:a_002:71108,a_002,71108,1,3,4,1,5,5,1,2,5
gated_alive:a_002:72089,a_002,72089,0,2,1,0,1,1,0,0,8
gated_alive:a_002:72246,a_002,72246,3,3,5,1,5,5,1,6,9
gated_alive:a_002:72453,a_002,72453,2,1,7,4,7,13,2,4,2
gated_alive:a_002:72744,a_002,72744,5,8,13,3,9,12,5,10,16
gated_alive:a_002:72948,a_002,72948,3,4,4,1,5,5,1,2,3
gated_alive:a_002:73297,a_002,73297,4,6,2,5,8,11,6,9,13
gated_alive:a_002:73362,a_002,73362,2,1,7,4,7,13,2,4,2
gated_alive:a_002:73365,a_002,73365,1,0,0,1,2,2,3,1,4
gated_alive:a_002:73626,a_002,73626,1,0,0,1,2,2,3,1,6
gated_alive:a_002:73733,a_002,73733,3,9,4,1,5,5,1,2,3
gated_alive:a_002:74147,a_002,74147,3,4,4,3,4,4,3,1,17
gated_alive:a_002:74571,a_002,74571,3,3,4,1,5,5,1,2,3
gated_alive:a_002:74922,a_002,74922,0,4,8,0,1,1,0,5,7
gated_alive:a_002:74976,a_002,74976,3,9,12,1,2,2,1,6,3
gated_alive:a_002:75005,a_002,75005,0,4,8,3,6,8,2,5,7
gated_alive:a_002:75131,a_002,75131,3,9,12,1,5,5,1,2,3
gated_alive:a_002:75151,a_002,75151,3,4,4,1,5,5,1,2,3
gated_alive:a_002:75155,a_002,75155,0,5,11,2,3,3,4,3,1
gated_alive:a_002:75429,a_002,75429,3,9,12,3,6,8,1,2,3
gated_alive:a_002:75491,a_002,75491,3,9,12,3,6,8,1,6,3
gated_alive:a_002:75819,a_002,75819,3,3,4,1,5,5,1,2,5
gated_alive:a_002:75884,a_002,75884,0,2,1,0,1,1,0,0,0
gated_alive:a_002:75935,a_002,75935,5,5,11,0,1,1,4,8,10
gated_alive:a_002:76061,a_002,76061,2,1,7,4,7,13,2,4,2
gated_alive:a_002:76536,a_002,76536,1,4,0,0,1,1,3,1,4
gated_alive:a_002:76929,a_002,76929,0,4,8,0,1,1,0,5,8
gated_alive:a_002:77767,a_002,77767,3,4,8,1,5,5,1,2,3
gated_alive:a_002:77977,a_002,77977,3,9,12,1,5,5,3,2,12
gated_alive:a_002:78309,a_002,78309,0,4,8,2,3,3,4,3,1
gated_alive:a_002:78510,a_002,78510,3,4,4,1,5,5,1,2,3
gated_alive:a_002:78897,a_002,78897,0,5,11,2,3,3,4,3,1
gated_alive:a_002:78936,a_002,78936,5,2,1,0,1,1,0,0,9
gated_alive:a_002:78945,a_002,78945,3,9,4,4,7,10,1,2,12
gated_alive:a_002:78989,a_002,78989,0,5,11,2,3,3,4,3,1
gated_alive:a_002:79183,a_002,79183,1,4,0,1,2,2,3,1,4
gated_alive:a_002:79377,a_002,79377,4,1,9,5,8,11,2,4,13
gated_alive:a_002:80247,a_002,80247,3,9,12,3,6,8,1,2,3
gated_alive:a_002:80607,a_002,80607,3,3,4,1,5,5,1,2,3
gated_alive:a_002:80731,a_002,80731,1,4,8,1,5,5,3,5,4
gated_alive:a_002:81028,a_002,81028,3,9,12,3,6,8,1,6,3
gated_alive:a_002:81136,a_002,81136,0,4,8,2,3,3,0,5,7
gated_alive:a_002:81261,a_002,81261,5,2,1,0,1,1,0,0,0
gated_alive:a_002:81383,a_002,81383,3,4,8,1,5,5,1,2,3
gated_alive:a_002:81458,a_002,81458,0,4,8,1,5,5,0,0,7
gated_alive:a_002:81956,a_002,81956,1,0,0,1,2,2,3,1,4
gated_alive:a_002:82000,a_002,82000,0,2,1,0,1,1,0,0,0
gated_alive:a_002:82006,a_002,82006,5,2,3,0,1,1,0,8,10
gated_alive:a_002:82074,a_002,82074,3,4,4,1,5,5,1,2,3
gated_alive:a_002:82301,a_002,82301,4,7,9,0,1,1,6,9,13
gated_alive:a_002:82344,a_002,82344,2,1,7,4,7,13,2,4,2
gated_alive:a_002:83019,a_002,83019,1,0,0,1,2,2,3,1,4
gated_alive:a_002:83432,a_002,83432,2,1,7,4,7,13,2,4,2
gated_alive:a_002:83728,a_002,83728,3,9,12,1,5,5,1,2,3
gated_alive:a_002:83927,a_002,83927,3,4,8,3,9,12,5,10,16
gated_alive:a_002:83984,a_002,83984,3,9,4,1,5,5,1,2,3
gated_alive:a_002:84153,a_002,84153,5,2,3,2,3,3,5,7,11
gated_alive:a_002:84624,a_002,84624,3,1,7,1,5,5,2,4,2
gated_alive:a_002:84857,a_002,84857,1,4,0,3,6,8,3,1,4
gated_alive:a_002:85490,a_002,85490,0,4,8,3,6,8,2,5,7
gated_alive:a_002:85568,a_002,85568,3,5,11,0,0,6,4,3,1
gated_alive:a_002:85606,a_002,85606,3,8,4,0,0,7,4,7,12
gated_alive:a_002:85658,a_002,85658,2,1,7,4,7,13,2,4,2
gated_alive:a_002:85731,a_002,85731,5,2,1,0,0,0,0,8,10
gated_alive:a_002:85832,a_002,85832,2,1,7,4,7,13,2,4,2
gated_alive:a_002:85845,a_002,85845,3,3,4,1,5,5,1,2,3
gated_alive:a_002:86379,a_002,86379,5,8,1,0,0,7,0,7,12
gated_alive:a_002:86397,a_002,86397,0,4,8,3,6,8,2,4,2
gated_alive:a_002:86451,a_002,86451,0,2,1,0,0,7,0,7,12
gated_alive:a_002:86487,a_002,86487,5,2,1,0,0,0,0,8,10
gated_alive:a_002:86619,a_002,86619,2,6,2,4,7,13,2,4,2
gated_alive:a_002:86921,a_002,86921,2,6,8,4,7,10,2,4,2
gated_alive:a_002:86944,a_002,86944,3,3,4,1,5,5,1,2,3
gated_alive:a_002:87157,a_002,87157,0,5,11,2,3,3,4,3,1
gated_alive:a_002:87417,a_002,87417,3,3,4,1,5,5,1,2,5
gated_alive:a_002:88112,a_002,88112,1,0,0,1,2,2,3,1,4
gated_alive:a_002:88261,a_002,88261,3,4,4,1,5,5,1,2,3
gated_alive:a_002:88665,a_002,88665,1,4,0,1,2,2,3,1,4
gated_alive:a_002:88909,a_002,88909,1,0,0,1,2,2,3,1,6
gated_alive:a_002:89098,a_002,89098,2,1,7,4,7,13,2,4,2
gated_alive:a_002:89321,a_002,89321,0,5,11,2,3,3,4,3,1
gated_alive:a_002:89469,a_002,89469,5,2,1,0,1,1,0,0,0
gated_alive:a_002:89823,a_002,89823,1,4,0,1,5,5,3,1,4
gated_alive:a_002:90092,a_002,90092,3,4,8,1,2,2,1,2,3
gated_alive:a_002:90362,a_002,90362,2,1,7,4,7,13,2,4,2
gated_alive:a_002:90446,a_002,90446,5,8,10,0,1,1,0,0,9
gated_alive:a_002:90545,a_002,90545,3,9,4,3,6,8,1,2,3
gated_alive:a_002:90950,a_002,90950,1,0,0,1,2,2,3,1,4
gated_alive:a_002:91113,a_002,91113,0,4,8,1,5,5,2,5,7
gated_alive:a_002:91185,a_002,91185,0,2,1,0,1,1,0,0,0
gated_alive:a_002:91231,a_002,91231,5,2,3,0,1,1,0,0,0
gated_alive:a_002:91235,a_002,91235,3,4,4,1,5,5,1,2,3
gated_alive:a_002:91560,a_002,91560,2,1,7,1,5,5,1,4,2
gated_alive:a_002:91635,a_002,91635,1,0,0,1,2,2,3,1,4
gated_alive:a_002:91681,a_002,91681,3,9,12,1,2,2,1,6,3
gated_alive:a_002:91766,a_002,91766,3,3,4,1,5,5,1,2,3
gated_alive:a_002:91931,a_002,91931,0,5,11,2,3,3,4,5,7
gated_alive:a_002:92262,a_002,92262,4,7,9,5,8,11,6,9,13
gated_alive:a_002:92404,a_002,92404,2,6,2,4,7,10,2,4,2
gated_alive:a_002:92588,a_002,92588,2,1,7,4,7,13,2,4,2
gated_alive:a_002:92876,a_002,92876,3,3,4,1,5,5,1,2,5
gated_alive:a_002:92993,a_002,92993,3,3,4,1,5,5,1,2,3
gated_alive:a_002:93047,a_002,93047,1,0,0,1,2,2,3,1,4
gated_alive:a_002:93132,a_002,93132,5,2,1,0,1,1,0,0,8
gated_alive:a_002:93264,a_002,93264,3,9,12,1,5,5,1,2,3
gated_alive:a_002:93607,a_002,93607,2,6,3,0,1,1,5,7,11
gated_alive:a_002:93811,a_002,93811,0,5,8,2,3,3,4,5,7
gated_alive:a_002:94038,a_002,94038,0,5,11,2,3,3,4,3,1
gated_alive:a_002:94125,a_002,94125,1,9,12,3,6,8,1,6,3
gated_alive:a_002:94315,a_002,94315,2,1,7,4,7,13,2,4,2
gated_alive:a_002:94586,a_002,94586,1,0,0,1,2,2,3,1,4
gated_alive:a_002:94826,a_002,94826,5,8,3,0,1,1,0,3,11
gated_alive:a_002:94993,a_002,94993,3,9,12,1,2,2,1,6,3
gated_alive:a_002:95057,a_002,95057,3,3,4,1,5,5,1,2,3
gated_alive:a_002:95106,a_002,95106,3,3,4,1,5,5,1,2,9
gated_alive:a_002:95167,a_002,95167,5,2,1,2,3,3,0,0,8
gated_alive:a_002:95999,a_002,95999,3,1,7,1,5,5,2,4,2
gated_alive:a_002:96138,a_002,96138,2,1,7,5,8,11,2,4,2
gated_alive:a_002:96403,a_002,96403,0,5,11,2,3,3,4,3,1
gated_alive:a_002:96466,a_002,96466,2,9,12,3,4,4,1,6,3
gated_alive:a_002:96758,a_002,96758,0,2,1,0,1,1,0,0,0
gated_alive:a_002:96777,a_002,96777,2,1,7,4,7,13,2,4,2
gated_alive:a_002:96799,a_002,96799,5,2,1,0,1,1,0,0,0
gated_alive:a_002:96918,a_002,96918,5,2,1,0,1,1,0,0,0
gated_alive:a_002:96943,a_002,96943,0,5,11,2,3,3,4,3,1
gated_alive:a_002:97084,a_002,97084,3,9,12,1,5,5,1,4,2
gated_alive:a_002:97543,a_002,97543,3,4,5,3,6,8,2,6,9
gated_alive:a_002:98541,a_002,98541,3,3,4,1,5,5,1,2,3
gated_alive:a_002:98718,a_002,98718,0,5,11,0,0,0,5,3,11
gated_alive:a_002:98799,a_002,98799,2,6,2,4,7,13,2,4,2
gated_alive:a_002:99021,a_002,99021,1,4,0,1,2,2,3,1,4
gated_alive:a_002:99181,a_002,99181,2,1,7,4,7,13,2,4,2
gated_alive:a_002:99224,a_002,99224,5,2,1,0,1,1,0,0,0
gated_alive:a_002:99248,a_002,99248,2,8,10,0,0,6,0,7,12
gated_alive:a_002:99278,a_002,99278,2,6,2,4,7,10,2,4,2
gated_alive:a_002:100061,a_002,100061,3,3,4,1,5,5,1,2,3
gated_alive:a_002:100116,a_002,100116,3,4,8,1,5,5,1,2,4
gated_alive:a_002:100568,a_002,100568,2,1,7,4,7,13,2,4,2
gated_alive:a_002:100678,a_002,100678,1,4,0,1,5,5,1,2,5
gated_alive:a_002:100754,a_002,100754,5,2,1,0,1,1,0,0,0
gated_alive:a_002:100815,a_002,100815,1,0,0,1,2,2,3,1,4
gated_alive:a_002:101021,a_002,101021,3,3,4,1,5,5,1,2,3
gated_alive:a_002:101182,a_002,101182,5,2,1,0,1,1,0,8,10
gated_alive:a_002:101290,a_002,101290,2,1,7,4,7,13,2,4,2
gated_alive:a_002:101655,a_002,101655,5,2,1,0,1,1,0,0,0
gated_alive:a_002:101876,a_002,101876,5,2,1,0,1,1,0,0,0
gated_alive:a_002:101895,a_002,101895,0,5,11,2,3,3,4,3,1
gated_alive:a_002:102039,a_002,102039,0,2,1,2,3,3,0,0,11
gated_alive:a_002:102069,a_002,102069,1,0,0,1,2,2,3,8,10
gated_alive:a_002:102410,a_002,102410,1,0,0,1,5,5,3,1,4
gated_alive:a_002:102517,a_002,102517,0,5,11,0,1,1,0,8,10
gated_alive:a_002:102523,a_002,102523,3,9,12,1,5,5,1,2,3
gated_alive:a_002:102601,a_002,102601,3,3,4,3,4,4,1,2,3
gated_alive:a_002:102835,a_002,102835,3,3,4,1,5,5,1,2,3
gated_alive:a_002:102972,a_002,102972,1,0,0,1,2,2,3,1,4
gated_alive:a_002:102979,a_002,102979,0,4,8,0,0,7,0,7,12
gated_alive:a_002:103615,a_002,103615,0,5,11,2,3,3,4,3,1
gated_alive:a_002:103635,a_002,103635,3,9,12,1,2,2,1,6,3
gated_alive:a_002:103714,a_002,103714,2,1,7,4,7,13,2,4,2
gated_alive:a_002:103831,a_002,103831,0,5,11,0,0,0,4,8,10
gated_alive:a_002:103975,a_002,103975,3,4,0,1,5,5,1,2,3
gated_alive:a_002:104441,a_002,104441,1,4,0,1,2,2,3,1,4
gated_alive:a_002:104678,a_002,104678,3,4,8,1,5,5,1,2,3
gated_alive:a_002:104864,a_002,104864,3,3,4,1,5,5,1,2,5
gated_alive:a_002:105253,a_002,105253,3,4,12,1,5,5,1,2,3
gated_alive:a_002:105279,a_002,105279,3,3,4,1,5,5,1,2,3
gated_alive:a_002:105840,a_002,105840,3,4,8,3,6,8,2,4,2
gated_alive:a_002:106302,a_002,106302,1,0,0,1,2,2,3,1,6
gated_alive:a_002:106366,a_002,106366,0,5,11,0,0,7,4,7,12
gated_alive:a_002:106590,a_002,106590,4,7,9,5,8,11,6,9,13
gated_alive:a_002:106729,a_002,106729,5,2,3,0,0,7,0,7,12
gated_alive:a_002:106898,a_002,106898,1,0,0,1,2,2,3,1,4
gated_alive:a_002:106975,a_002,106975,1,0,0,1,2,2,3,1,4
gated_alive:a_002:107227,a_002,107227,2,1,7,4,7,13,2,4,2
gated_alive:a_002:107455,a_002,107455,3,9,12,3,9,12,1,6,3
gated_alive:a_002:107571,a_002,107571,3,4,4,1,5,5,1,2,3
gated_alive:a_002:107588,a_002,107588,1,4,0,1,2,2,3,1,4
gated_alive:a_002:107672,a_002,107672,0,5,11,0,0,0,4,8,10
gated_alive:a_003:138,a_003,138,5,2,1,0,1,1,0,0,0
gated_alive:a_003:535,a_003,535,1,0,0,1,2,2,3,1,6
gated_alive:a_003:563,a_003,563,5,2,1,0,1,1,0,0,0
gated_alive:a_003:1408,a_003,1408,0,4,8,2,3,3,2,5,7
gated_alive:a_003:1677,a_003,1677,4,7,9,5,8,11,0,9,13
gated_alive:a_003:1711,a_003,1711,3,9,12,3,6,8,1,6,3
gated_alive:a_003:1715,a_003,1715,3,4,5,3,6,8,2,6,9
gated_alive:a_003:1889,a_003,1889,5,2,1,0,1,1,0,0,0
gated_alive:a_003:2008,a_003,2008,5,2,1,0,1,1,0,0,8
gated_alive:a_003:2021,a_003,2021,2,6,5,4,7,10,2,4,2
gated_alive:a_003:2115,a_003,2115,0,5,11,2,3,3,5,3,11
gated_alive:a_003:2617,a_003,2617,0,5,5,3,6,9,2,6,9
gated_alive:a_003:3413,a_003,3413,4,7,9,5,8,11,6,9,13
gated_alive:a_003:3446,a_003,3446,0,2,1,0,1,1,0,0,0
gated_alive:a_003:3493,a_003,3493,5,8,10,0,1,1,0,0,9
gated_alive:a_003:3950,a_003,3950,2,6,2,4,7,13,2,4,2
gated_alive:a_003:4058,a_003,4058,2,6,2,0,0,6,2,4,2
gated_alive:a_003:4354,a_003,4354,3,9,12,1,2,2,1,2,3
gated_alive:a_003:4442,a_003,4442,2,1,7,4,7,13,2,4,2
gated_alive:a_003:4526,a_003,4526,2,6,13,3,9,12,5,4,16
gated_alive:a_003:4605,a_003,4605,5,2,1,0,1,1,0,0,8
gated_alive:a_003:4953,a_003,4953,0,2,13,3,9,12,5,10,16
gated_alive:a_003:5078,a_003,5078,2,6,2,4,7,10,2,4,2
gated_alive:a_003:5190,a_003,5190,3,4,5,3,6,9,2,6,9
gated_alive:a_003:5761,a_003,5761,5,2,1,0,1,1,0,0,0
gated_alive:a_003:5971,a_003,5971,2,6,5,3,6,9,2,6,9
gated_alive:a_003:6001,a_003,6001,5,2,1,3,4,4,0,0,17
gated_alive:a_003:6542,a_003,6542,4,7,9,5,8,11,6,9,13
gated_alive:a_003:7563,a_003,7563,3,3,5,3,6,9,2,6,9
gated_alive:a_003:7859,a_003,7859,0,5,11,2,3,3,4,3,1
gated_alive:a_003:7957,a_003,7957,5,2,1,0,1,1,0,0,8
gated_alive:a_003:7972,a_003,7972,5,2,1,0,1,1,0,0,0
gated_alive:a_003:8204,a_003,8204,4,7,9,5,8,11,6,9,13
gated_alive:a_003:8468,a_003,8468,3,4,5,3,6,9,2,6,9
gated_alive:a_003:8506,a_003,8506,2,8,5,0,0,6,0,6,9
gated_alive:a_003:8521,a_003,8521,0,5,11,1,2,2,4,3,16
gated_alive:a_003:8533,a_003,8533,2,6,2,4,7,10,4,3,1
gated_alive:a_003:8583,a_003,8583,0,5,11,2,3,3,4,3,1
gated_alive:a_003:8760,a_003,8760,5,2,1,0,0,6,0,0,0
gated_alive:a_003:9585,a_003,9585,2,1,7,1,5,5,2,4,2
gated_alive:a_003:9601,a_003,9601,5,2,1,0,0,7,0,0,0
gated_alive:a_003:9723,a_003,9723,0,5,11,2,3,3,4,3,1
gated_alive:a_003:9804,a_003,9804,0,2,1,0,1,1,0,0,7
gated_alive:a_003:9966,a_003,9966,0,5,11,2,3,3,4,3,1
gated_alive:a_003:10484,a_003,10484,5,2,1,0,0,0,0,8,10
gated_alive:a_003:10525,a_003,10525,5,8,5,3,6,9,0,6,9
gated_alive:a_003:11089,a_003,11089,4,1,7,5,8,11,2,4,2
gated_alive:a_003:11292,a_003,11292,0,5,11,2,3,3,4,3,1
gated_alive:a_003:11481,a_003,11481,1,0,6,3,4,4,3,1,17
gated_alive:a_003:11607,a_003,11607,3,9,12,3,6,8,1,6,3
gated_alive:a_003:11659,a_003,11659,4,7,9,5,8,11,6,9,13
gated_alive:a_003:11773,a_003,11773,3,9,5,3,6,9,2,6,9
gated_alive:a_003:11892,a_003,11892,0,4,8,0,1,1,0,5,7
gated_alive:a_003:11925,a_003,11925,2,6,2,4,7,13,2,4,2
gated_alive:a_003:11953,a_003,11953,0,2,1,0,1,1,0,0,0
gated_alive:a_003:12111,a_003,12111,2,6,2,4,7,10,2,4,2
gated_alive:a_003:12295,a_003,12295,0,5,11,2,3,3,4,3,1
gated_alive:a_003:12468,a_003,12468,5,2,1,0,1,1,0,0,8
gated_alive:a_003:12667,a_003,12667,0,5,11,0,1,1,0,0,7
gated_alive:a_003:12762,a_003,12762,5,8,10,0,1,1,0,6,9
gated_alive:a_003:13182,a_003,13182,5,2,5,3,6,9,2,0,9
gated_alive:a_003:13312,a_003,13312,2,6,2,4,7,10,2,4,2
gated_alive:a_003:13352,a_003,13352,0,5,11,0,0,6,4,3,1
gated_alive:a_003:14229,a_003,14229,4,7,9,5,8,11,6,9,13
gated_alive:a_003:14746,a_003,14746,2,1,7,0,0,6,2,4,2
gated_alive:a_003:15048,a_003,15048,0,4,8,3,6,8,0,5,8
gated_alive:a_003:15084,a_003,15084,2,1,7,3,6,8,2,5,14
gated_alive:a_003:15095,a_003,15095,5,2,1,0,1,1,0,0,0
gated_alive:a_003:15124,a_003,15124,4,7,9,5,8,11,6,9,13
gated_alive:a_003:15189,a_003,15189,5,2,1,0,1,1,0,0,0
gated_alive:a_003:15207,a_003,15207,0,5,11,2,3,3,5,3,11
gated_alive:a_003:15579,a_003,15579,2,1,2,3,6,8,2,4,2
gated_alive:a_003:15751,a_003,15751,0,5,11,0,1,1,4,3,1
gated_alive:a_003:15776,a_003,15776,1,0,8,1,2,2,2,5,14
gated_alive:a_003:15822,a_003,15822,0,5,8,2,3,3,4,5,7
gated_alive:a_003:16040,a_003,16040,2,9,12,3,6,8,1,2,3
gated_alive:a_003:16215,a_003,16215,0,5,11,2,3,3,4,3,1
gated_alive:a_003:16260,a_003,16260,0,5,11,2,3,3,5,3,11
gated_alive:a_003:16813,a_003,16813,5,8,5,3,6,9,0,0,9
gated_alive:a_003:17295,a_003,17295,5,8,10,0,1,1,0,0,8
gated_alive:a_003:17395,a_003,17395,5,2,1,0,0,0,0,8,10
gated_alive:a_003:17512,a_003,17512,3,3,4,1,2,2,1,2,5
gated_alive:a_003:17549,a_003,17549,5,2,1,0,1,1,0,0,8
gated_alive:a_003:17616,a_003,17616,5,2,1,0,1,1,0,0,8
gated_alive:a_003:17781,a_003,17781,5,2,1,0,1,1,0,0,0
gated_alive:a_003:17839,a_003,17839,5,2,1,0,1,1,0,0,0
gated_alive:a_003:17845,a_003,17845,0,5,11,0,0,6,4,3,1
gated_alive:a_003:18179,a_003,18179,0,5,5,3,6,8,2,6,9
gated_alive:a_003:18306,a_003,18306,0,5,11,2,3,3,4,3,1
gated_alive:a_003:18353,a_003,18353,0,2,8,0,1,1,0,0,7
gated_alive:a_003:18710,a_003,18710,2,1,7,4,7,13,2,4,2
gated_alive:a_003:18732,a_003,18732,5,2,1,0,1,1,0,0,0
gated_alive:a_003:19045,a_003,19045,3,3,4,1,5,5,1,2,5
gated_alive:a_003:19138,a_003,19138,5,2,1,0,1,1,0,0,8
gated_alive:a_003:19183,a_003,19183,0,2,1,0,1,1,0,0,7
gated_alive:a_003:19311,a_003,19311,5,2,1,0,0,0,0,0,8
gated_alive:a_003:19432,a_003,19432,5,8,10,0,0,6,0,0,15
gated_alive:a_003:19570,a_003,19570,5,2,1,0,1,1,0,0,0
gated_alive:a_003:19748,a_003,19748,2,8,5,0,0,6,2,6,9
gated_alive:a_003:19888,a_003,19888,2,6,2,3,6,8,2,4,2
gated_alive:a_003:19991,a_003,19991,0,5,11,0,1,1,0,3,15
gated_alive:a_003:20060,a_003,20060,0,2,8,2,3,3,0,0,7
gated_alive:a_003:20405,a_003,20405,3,3,4,1,5,5,1,2,3
gated_alive:a_003:20406,a_003,20406,5,2,1,0,0,0,0,8,10
gated_alive:a_003:20548,a_003,20548,5,8,5,0,1,1,0,0,8
gated_alive:a_003:20997,a_003,20997,5,8,10,0,0,7,0,7,12
gated_alive:a_003:21341,a_003,21341,5,8,3,1,5,5,0,7,12
gated_alive:a_003:21374,a_003,21374,0,2,3,0,1,1,0,0,11
gated_alive:a_003:21429,a_003,21429,5,8,5,3,6,9,4,8,10
gated_alive:a_003:21472,a_003,21472,5,2,10,0,1,1,0,0,8
gated_alive:a_003:21620,a_003,21620,5,2,1,0,0,0,0,8,10
gated_alive:a_003:21864,a_003,21864,3,9,5,3,6,9,2,6,9
gated_alive:a_003:21972,a_003,21972,2,6,2,4,7,10,2,4,2
gated_alive:a_003:22204,a_003,22204,5,2,10,0,1,1,0,0,8
gated_alive:a_003:22335,a_003,22335,4,7,9,5,8,11,6,9,13
gated_alive:a_003:22455,a_003,22455,2,6,5,3,6,9,2,6,9
gated_alive:a_003:22707,a_003,22707,4,7,9,5,8,11,6,9,13
gated_alive:a_003:22770,a_003,22770,2,6,2,4,7,13,2,4,2
gated_alive:a_003:22785,a_003,22785,0,5,11,3,6,9,4,3,1
gated_alive:a_003:23244,a_003,23244,3,9,5,3,6,8,4,6,9
gated_alive:a_003:23344,a_003,23344,0,2,1,0,1,1,0,0,0
gated_alive:a_003:24159,a_003,24159,2,6,2,4,7,10,2,4,2
gated_alive:a_003:24378,a_003,24378,1,0,0,1,2,2,3,1,6
gated_alive:a_003:24689,a_003,24689,2,6,2,5,8,11,2,4,2
gated_alive:a_003:25045,a_003,25045,2,6,2,4,7,13,2,4,2
gated_alive:a_003:25120,a_003,25120,2,6,2,3,6,8,2,5,14
gated_alive:a_003:25362,a_003,25362,5,2,1,0,1,1,0,0,0
gated_alive:a_003:25528,a_003,25528,2,1,7,4,7,13,2,4,2
gated_alive:a_003:25632,a_003,25632,0,5,11,2,3,3,4,3,1
gated_alive:a_003:25802,a_003,25802,0,5,11,2,3,3,5,3,11
gated_alive:a_003:25893,a_003,25893,5,2,1,0,1,1,0,0,8
gated_alive:a_003:25988,a_003,25988,5,2,1,0,1,1,0,0,13
gated_alive:a_003:26299,a_003,26299,2,6,2,0,0,6,2,4,2
gated_alive:a_003:26308,a_003,26308,5,2,1,0,1,1,0,0,0
gated_alive:a_003:26349,a_003,26349,3,4,5,3,6,8,2,6,9
gated_alive:a_003:26488,a_003,26488,3,4,5,3,6,9,2,6,9
gated_alive:a_003:26489,a_003,26489,3,9,12,0,1,1,1,2,3
gated_alive:a_003:26590,a_003,26590,2,6,2,4,7,10,2,4,2
gated_alive:a_003:26621,a_003,26621,0,5,11,2,3,3,4,3,1
gated_alive:a_003:26856,a_003,26856,5,2,1,0,0,7,0,7,12
gated_alive:a_003:26902,a_003,26902,3,9,5,3,6,9,2,6,9
gated_alive:a_003:26919,a_003,26919,2,6,13,3,9,12,5,10,16
gated_alive:a_003:26943,a_003,26943,5,2,1,0,1,1,0,0,0
gated_alive:a_003:27384,a_003,27384,0,2,1,0,1,1,5,7,11
gated_alive:a_003:27469,a_003,27469,2,6,2,4,7,10,2,4,2
gated_alive:a_003:27486,a_003,27486,0,5,11,2,3,3,4,3,11
gated_alive:a_003:27689,a_003,27689,4,7,9,5,8,11,6,9,13
gated_alive:a_003:27952,a_003,27952,3,2,13,3,9,12,5,10,16
gated_alive:a_003:27984,a_003,27984,3,4,8,1,5,5,1,2,5
gated_alive:a_003:28250,a_003,28250,2,1,7,3,9,12,2,4,2
gated_alive:a_003:28327,a_003,28327,5,2,3,0,1,1,0,7,12
gated_alive:a_003:28434,a_003,28434,0,5,11,2,3,3,4,3,1
gated_alive:a_003:28561,a_003,28561,0,2,1,0,1,1,0,0,7
gated_alive:a_003:28598,a_003,28598,2,6,2,0,0,6,2,4,2
gated_alive:a_003:29008,a_003,29008,2,1,7,4,7,13,2,4,2
gated_alive:a_003:29248,a_003,29248,2,1,7,4,7,13,2,4,2
gated_alive:a_003:30496,a_003,30496,3,9,5,3,6,9,2,6,9
gated_alive:a_003:30514,a_003,30514,2,6,2,3,9,12,2,4,2
gated_alive:a_003:30645,a_003,30645,4,7,9,5,8,11,6,9,13
gated_alive:a_003:30800,a_003,30800,0,4,8,2,3,3,5,3,11
gated_alive:a_003:30895,a_003,30895,2,6,2,4,7,10,2,4,2
gated_alive:a_003:31039,a_003,31039,0,5,11,2,3,3,5,3,11
gated_alive:a_003:31123,a_003,31123,0,5,11,0,1,1,4,3,1
gated_alive:a_003:31616,a_003,31616,5,2,1,0,1,1,0,0,0
gated_alive:a_003:31690,a_003,31690,0,2,1,0,1,1,0,0,0
gated_alive:a_003:31739,a_003,31739,5,2,1,0,1,1,0,0,8
gated_alive:a_003:32249,a_003,32249,2,6,2,4,7,10,2,4,2
gated_alive:a_003:32317,a_003,32317,2,6,2,4,7,10,2,4,2
gated_alive:a_003:32361,a_003,32361,2,6,2,4,7,10,2,4,2
gated_alive:a_003:32797,a_003,32797,3,9,12,3,6,8,1,6,3
gated_alive:a_003:32844,a_003,32844,0,5,8,2,3,3,4,3,7
gated_alive:a_003:32934,a_003,32934,5,2,1,0,1,1,0,0,0
gated_alive:a_003:33122,a_003,33122,1,8,6,0,0,6,3,1,6
gated_alive:a_003:33274,a_003,33274,5,2,1,0,1,1,0,0,0
gated_alive:a_003:33321,a_003,33321,5,2,1,0,0,0,0,0,0
gated_alive:a_003:33451,a_003,33451,3,3,4,1,5,5,1,2,3
gated_alive:a_003:33478,a_003,33478,5,2,1,3,9,12,0,0,8
gated_alive:a_003:33513,a_003,33513,5,5,11,1,2,2,0,0,8
gated_alive:a_003:33516,a_003,33516,5,2,1,0,0,7,0,7,12
gated_alive:a_003:33680,a_003,33680,5,2,1,0,1,1,0,0,0
gated_alive:a_003:33719,a_003,33719,5,2,1,0,1,1,0,0,0
gated_alive:a_003:34082,a_003,34082,0,4,8,2,3,3,2,5,7
gated_alive:a_003:34390,a_003,34390,5,2,1,0,0,0,0,8,10
gated_alive:a_003:34461,a_003,34461,5,2,1,0,1,1,0,0,0
gated_alive:a_003:34475,a_003,34475,2,1,7,1,5,5,2,6,9
gated_alive:a_003:34896,a_003,34896,5,2,3,0,1,1,0,0,0
gated_alive:a_003:35136,a_003,35136,3,4,8,1,2,2,1,6,9
gated_alive:a_003:35323,a_003,35323,2,1,7,3,6,8,2,5,14
gated_alive:a_003:36320,a_003,36320,0,5,11,2,3,3,4,3,11
gated_alive:a_003:36345,a_003,36345,0,5,11,2,3,3,4,3,1
gated_alive:a_003:36448,a_003,36448,2,6,2,4,7,13,2,4,2
gated_alive:a_003:36635,a_003,36635,2,6,2,4,7,10,2,4,2
gated_alive:a_003:36957,a_003,36957,5,2,1,0,0,7,0,7,12
gated_alive:a_003:37180,a_003,37180,1,0,0,1,2,2,3,1,6
gated_alive:a_003:37186,a_003,37186,5,2,1,0,1,1,0,0,8
gated_alive:a_003:37216,a_003,37216,0,5,11,2,3,3,5,3,11
gated_alive:a_003:37694,a_003,37694,5,2,1,0,1,1,0,0,0
gated_alive:a_003:37826,a_003,37826,1,0,0,1,2,2,3,1,4
gated_alive:a_003:38416,a_003,38416,4,7,9,5,8,11,2,4,2
gated_alive:a_003:38620,a_003,38620,5,2,1,0,0,7,0,0,8
gated_alive:a_003:38744,a_003,38744,2,1,7,0,0,6,2,4,2
gated_alive:a_003:38803,a_003,38803,2,6,2,4,7,10,2,4,2
gated_alive:a_003:38956,a_003,38956,5,8,5,3,6,9,0,0,9
gated_alive:a_003:39049,a_003,39049,2,6,13,3,9,12,2,4,2
gated_alive:a_003:39373,a_003,39373,0,5,11,2,3,3,4,3,1
gated_alive:a_003:39927,a_003,39927,3,9,12,3,6,8,1,6,3
gated_alive:a_003:39939,a_003,39939,0,2,1,0,0,7,0,7,12
gated_alive:a_003:40155,a_003,40155,5,5,3,0,1,1,5,3,11
gated_alive:a_003:40325,a_003,40325,5,2,1,3,6,9,0,0,0
gated_alive:a_003:40332,a_003,40332,2,6,2,0,0,6,2,4,2
gated_alive:a_003:40632,a_003,40632,3,3,4,1,5,5,1,2,5
gated_alive:a_003:40907,a_003,40907,4,7,9,5,8,11,6,9,13
gated_alive:a_003:41088,a_003,41088,0,4,8,2,3,3,2,5,14
gated_alive:a_003:41093,a_003,41093,2,9,5,4,7,10,2,6,9
gated_alive:a_003:41167,a_003,41167,0,5,11,0,0,0,4,3,1
gated_alive:a_003:41391,a_003,41391,0,5,6,0,0,6,4,3,15
gated_alive:a_003:41877,a_003,41877,0,2,1,2,3,3,0,5,7
gated_alive:a_003:42503,a_003,42503,5,2,1,0,0,7,0,0,12
gated_alive:a_003:42514,a_003,42514,5,2,1,0,1,1,0,0,0
gated_alive:a_003:42885,a_003,42885,3,9,12,1,5,5,0,0,9
gated_alive:a_003:43045,a_003,43045,2,6,2,4,7,13,2,4,2
gated_alive:a_003:43395,a_003,43395,2,4,8,3,6,8,2,4,2
gated_alive:a_003:43413,a_003,43413,0,2,1,0,1,1,0,0,0
gated_alive:a_003:43490,a_003,43490,3,9,12,3,4,4,0,0,17
gated_alive:a_003:43846,a_003,43846,0,4,8,2,3,3,0,5,7
gated_alive:a_003:43905,a_003,43905,0,5,11,5,8,11,4,3,1
gated_alive:a_003:43955,a_003,43955,5,8,10,0,1,1,0,0,0
gated_alive:a_003:44045,a_003,44045,2,1,7,0,0,6,2,4,2
gated_alive:a_003:44100,a_003,44100,5,2,1,0,1,1,0,0,10
gated_alive:a_003:44323,a_003,44323,2,6,2,4,7,10,2,4,2
gated_alive:a_003:44562,a_003,44562,1,0,0,1,2,2,3,1,4
gated_alive:a_003:44947,a_003,44947,2,1,7,3,4,4,0,0,8
gated_alive:a_003:45023,a_003,45023,2,1,7,3,6,8,2,4,2
gated_alive:a_003:45049,a_003,45049,0,4,8,2,3,3,2,5,7
gated_alive:a_003:45553,a_003,45553,0,5,11,0,0,0,4,8,10
gated_alive:a_003:45627,a_003,45627,3,9,13,3,9,12,5,10,16
gated_alive:a_003:45685,a_003,45685,0,4,8,2,3,3,0,5,7
gated_alive:a_003:45739,a_003,45739,0,5,11,2,3,3,4,3,1
gated_alive:a_003:45769,a_003,45769,5,2,10,0,1,1,0,0,13
gated_alive:a_003:45778,a_003,45778,3,3,4,1,5,5,1,2,5
gated_alive:a_003:46209,a_003,46209,3,9,12,3,6,8,1,6,3
gated_alive:a_003:46327,a_003,46327,2,6,2,4,7,13,2,4,2
gated_alive:a_003:46500,a_003,46500,5,2,1,0,1,1,0,7,11
gated_alive:a_003:46909,a_003,46909,5,8,10,0,1,1,0,0,0
gated_alive:a_003:47352,a_003,47352,4,7,9,5,8,11,6,9,13
gated_alive:a_003:47414,a_003,47414,5,2,1,0,1,1,0,0,13
gated_alive:a_003:47809,a_003,47809,2,1,7,4,7,13,2,4,2
gated_alive:a_003:47901,a_003,47901,3,4,4,1,5,5,1,2,3
gated_alive:a_003:48370,a_003,48370,5,2,1,3,6,8,0,0,8
gated_alive:a_003:48638,a_003,48638,0,5,0,2,3,3,4,1,4
gated_alive:a_003:48662,a_003,48662,2,6,2,4,7,13,2,4,2
gated_alive:a_003:48747,a_003,48747,4,7,9,5,8,11,6,9,13
gated_alive:a_003:49060,a_003,49060,3,9,12,3,6,8,1,2,3
gated_alive:a_003:49433,a_003,49433,3,9,12,0,1,1,1,2,5
gated_alive:a_003:49664,a_003,49664,1,0,0,1,2,2,3,1,4
gated_alive:a_003:50061,a_003,50061,2,6,2,4,7,13,2,4,2
gated_alive:a_003:50066,a_003,50066,2,6,2,4,7,10,2,4,2
gated_alive:a_003:50793,a_003,50793,2,6,2,4,7,10,2,4,2
gated_alive:a_003:50849,a_003,50849,0,5,11,2,3,3,4,3,1
gated_alive:a_003:50902,a_003,50902,1,0,0,1,2,2,3,1,6
gated_alive:a_003:51704,a_003,51704,2,9,5,3,6,8,2,6,9
gated_alive:a_003:51786,a_003,51786,5,2,13,3,9,12,5,10,16
gated_alive:a_003:51892,a_003,51892,2,1,13,3,9,12,2,4,2
gated_alive:a_003:52182,a_003,52182,5,2,1,0,1,1,0,0,0
gated_alive:a_003:52246,a_003,52246,0,5,11,2,3,3,4,3,1
gated_alive:a_003:52305,a_003,52305,0,5,5,3,6,9,4,3,9
gated_alive:a_003:52475,a_003,52475,5,2,1,0,1,1,0,0,0
gated_alive:a_003:52761,a_003,52761,0,5,11,2,3,3,4,3,1
gated_alive:a_003:53024,a_003,53024,5,2,1,0,1,1,0,0,0
gated_alive:a_003:53166,a_003,53166,2,6,10,0,0,6,0,0,8
gated_alive:a_003:53248,a_003,53248,2,6,2,4,7,13,2,4,2
gated_alive:a_003:53304,a_003,53304,0,5,11,2,3,3,4,3,1
gated_alive:a_003:53738,a_003,53738,4,0,0,0,1,1,6,9,13
gated_alive:a_003:53846,a_003,53846,2,6,2,4,7,10,2,4,2
gated_alive:a_003:54759,a_003,54759,2,1,7,3,4,4,2,4,2
gated_alive:a_003:54812,a_003,54812,0,2,1,0,1,1,0,0,0
gated_alive:a_003:54985,a_003,54985,3,4,5,3,6,9,2,6,9
gated_alive:a_003:55028,a_003,55028,5,2,1,0,1,1,0,0,0
gated_alive:a_003:55151,a_003,55151,4,7,9,5,8,11,6,9,13
gated_alive:a_003:55220,a_003,55220,0,5,11,2,3,3,4,3,1
gated_alive:a_003:55564,a_003,55564,5,9,12,0,1,1,0,6,9
gated_alive:a_003:55732,a_003,55732,5,0,6,0,0,6,4,3,15
gated_alive:a_003:56179,a_003,56179,0,4,8,2,3,3,2,5,7
gated_alive:a_003:56481,a_003,56481,2,6,2,4,7,10,2,4,2
gated_alive:a_003:56910,a_003,56910,5,8,10,3,6,9,0,0,8
gated_alive:a_003:56993,a_003,56993,2,8,10,0,0,6,0,0,8
gated_alive:a_003:57232,a_003,57232,0,5,11,2,3,3,4,3,1
gated_alive:a_003:57398,a_003,57398,5,2,1,0,1,1,0,0,0
gated_alive:a_003:57518,a_003,57518,2,6,2,4,7,10,2,4,2
gated_alive:a_003:57756,a_003,57756,5,2,1,0,1,1,0,0,0
gated_alive:a_003:58173,a_003,58173,1,0,6,0,0,6,4,1,6
gated_alive:a_003:58188,a_003,58188,5,2,3,0,1,1,0,0,8
gated_alive:a_003:58256,a_003,58256,4,7,9,3,4,4,0,0,17
gated_alive:a_003:58443,a_003,58443,5,8,10,0,0,0,0,8,10
gated_alive:a_003:58462,a_003,58462,5,2,1,0,1,1,0,0,0
gated_alive:a_003:58697,a_003,58697,2,6,2,4,7,10,2,4,2
gated_alive:a_003:58709,a_003,58709,2,9,12,4,7,13,2,4,2
gated_alive:a_003:58834,a_003,58834,5,2,1,0,1,1,0,0,0
gated_alive:a_003:58936,a_003,58936,4,7,9,5,8,11,6,9,13
gated_alive:a_003:58975,a_003,58975,2,6,2,3,6,8,2,4,2
gated_alive:a_003:59319,a_003,59319,2,6,2,0,0,6,2,0,13
gated_alive:a_003:59465,a_003,59465,0,5,11,0,0,0,4,8,10
gated_alive:a_003:59472,a_003,59472,1,0,6,1,2,2,3,1,6
gated_alive:a_003:59834,a_003,59834,3,4,4,1,5,5,1,2,5
gated_alive:a_003:60269,a_003,60269,0,4,8,3,6,8,2,5,14
gated_alive:a_003:60379,a_003,60379,2,6,2,4,7,10,2,4,2
gated_alive:a_003:60520,a_003,60520,2,6,2,4,7,13,2,4,2
gated_alive:a_003:60947,a_003,60947,5,2,1,0,1,1,0,0,0
gated_alive:a_003:61318,a_003,61318,2,6,2,4,7,10,2,5,9
gated_alive:a_003:61476,a_003,61476,2,6,2,4,7,13,2,4,2
gated_alive:a_003:61851,a_003,61851,5,2,3,0,1,1,0,0,0
gated_alive:a_003:62111,a_003,62111,0,5,11,2,3,3,4,3,1
gated_alive:a_003:62460,a_003,62460,3,4,5,3,6,9,2,6,9
gated_alive:a_003:62635,a_003,62635,0,2,1,0,1,1,0,0,7
gated_alive:a_003:62683,a_003,62683,4,7,9,5,8,11,6,9,13
gated_alive:a_003:62759,a_003,62759,5,2,1,0,1,1,0,0,8
gated_alive:a_003:63022,a_003,63022,5,8,10,0,1,1,0,0,8
gated_alive:a_003:63381,a_003,63381,3,9,5,3,6,8,2,6,9
gated_alive:a_003:63511,a_003,63511,0,2,8,0,1,1,0,5,7
gated_alive:a_003:63677,a_003,63677,0,2,1,0,1,1,0,0,0
gated_alive:a_003:64010,a_003,64010,5,2,10,0,1,1,0,0,8
gated_alive:a_003:64071,a_003,64071,5,8,10,0,1,1,0,0,8
gated_alive:a_003:64237,a_003,64237,4,7,9,5,8,11,6,9,13
gated_alive:a_003:64306,a_003,64306,5,2,1,3,4,4,0,0,0
gated_alive:a_003:64612,a_003,64612,5,2,1,0,1,1,0,0,0
gated_alive:a_003:64649,a_003,64649,2,6,2,4,7,10,2,4,2
gated_alive:a_003:64704,a_003,64704,2,6,2,4,7,10,2,4,2
gated_alive:a_003:64793,a_003,64793,5,8,10,3,9,12,0,10,16
gated_alive:a_003:65451,a_003,65451,5,2,1,0,0,0,0,8,10
gated_alive:a_003:65481,a_003,65481,5,2,1,0,1,1,0,0,13
gated_alive:a_003:65649,a_003,65649,2,6,2,4,7,10,2,4,2
gated_alive:a_003:65720,a_003,65720,5,2,1,0,1,1,0,0,0
gated_alive:a_003:65770,a_003,65770,3,2,8,3,6,8,0,0,8
gated_alive:a_003:65816,a_003,65816,5,2,1,0,1,1,0,0,8
gated_alive:a_003:66359,a_003,66359,4,7,9,5,8,11,6,9,13
gated_alive:a_003:66458,a_003,66458,5,2,1,3,9,12,0,0,0
gated_alive:a_003:66580,a_003,66580,3,4,5,3,6,9,2,6,9
gated_alive:a_003:66740,a_003,66740,2,6,2,4,7,10,2,4,2
gated_alive:a_003:66828,a_003,66828,0,2,1,0,1,1,0,0,7
gated_alive:a_003:66968,a_003,66968,2,9,12,3,6,8,2,5,14
gated_alive:a_003:67203,a_003,67203,2,6,2,4,7,10,2,4,2
gated_alive:a_003:67220,a_003,67220,2,1,7,4,7,13,2,4,2
gated_alive:a_003:67330,a_003,67330,4,7,9,5,8,11,6,9,13
gated_alive:a_003:67375,a_003,67375,0,2,1,0,1,1,4,3,1
gated_alive:a_003:67692,a_003,67692,5,2,1,0,1,1,0,0,0
gated_alive:a_003:67865,a_003,67865,1,0,0,1,2,2,3,8,10
gated_alive:a_003:68000,a_003,68000,5,2,1,0,1,1,0,0,0
gated_alive:a_003:68145,a_003,68145,3,3,4,1,5,5,1,2,3
gated_alive:a_003:68146,a_003,68146,5,2,1,0,1,1,0,0,0
gated_alive:a_003:68437,a_003,68437,3,3,4,3,6,9,1,2,5
gated_alive:a_003:68466,a_003,68466,5,2,3,0,0,0,0,8,10
gated_alive:a_003:68479,a_003,68479,0,4,8,2,3,3,2,5,7
gated_alive:a_003:68705,a_003,68705,0,5,11,2,3,3,4,3,1
gated_alive:a_003:68911,a_003,68911,0,5,11,2,3,3,4,3,1
gated_alive:a_003:69063,a_003,69063,0,5,11,2,3,3,4,3,1
gated_alive:a_003:69140,a_003,69140,0,5,11,2,3,3,4,3,11
gated_alive:a_003:69322,a_003,69322,2,1,7,4,7,13,2,4,2
gated_alive:a_003:69452,a_003,69452,5,8,5,3,6,9,2,6,9
gated_alive:a_003:69541,a_003,69541,5,8,10,0,0,6,0,0,15
gated_alive:a_003:69604,a_003,69604,3,4,5,3,6,8,2,6,9
gated_alive:a_003:69696,a_003,69696,2,1,5,1,5,5,2,6,9
gated_alive:a_003:70137,a_003,70137,5,8,10,1,5,5,0,0,17
gated_alive:a_003:70294,a_003,70294,3,8,5,3,6,9,2,6,9
gated_alive:a_003:70350,a_003,70350,4,7,9,5,8,11,6,9,13
gated_alive:a_003:70610,a_003,70610,3,4,12,1,5,5,1,2,3
gated_alive:a_003:70643,a_003,70643,2,6,2,4,7,13,2,4,2
gated_alive:a_003:70768,a_003,70768,0,4,8,2,3,3,0,5,7
gated_alive:a_003:71179,a_003,71179,0,4,8,2,3,3,4,5,7
gated_alive:a_003:71757,a_003,71757,0,2,1,0,1,1,0,0,7
gated_alive:a_003:71942,a_003,71942,5,2,1,0,1,1,0,0,8
gated_alive:a_003:71976,a_003,71976,3,4,8,2,3,3,1,2,3
gated_alive:a_003:71993,a_003,71993,2,6,8,4,7,10,2,5,14
gated_alive:a_003:72338,a_003,72338,5,2,1,0,1,1,0,0,0
gated_alive:a_003:72755,a_003,72755,0,5,11,0,0,6,4,3,1
gated_alive:a_003:72775,a_003,72775,5,2,1,0,0,6,0,0,0
gated_alive:a_003:73063,a_003,73063,5,2,10,0,0,0,0,8,10
gated_alive:a_003:73262,a_003,73262,2,6,2,4,7,10,2,4,2
gated_alive:a_003:73293,a_003,73293,0,4,8,2,3,3,0,5,7
gated_alive:a_003:73481,a_003,73481,4,7,9,5,8,11,6,9,13
gated_alive:a_003:73690,a_003,73690,0,4,8,0,1,1,0,0,7
gated_alive:a_003:73691,a_003,73691,0,2,1,0,1,1,0,0,7
gated_alive:a_003:73780,a_003,73780,2,6,5,3,6,9,2,6,9
gated_alive:a_003:74253,a_003,74253,4,7,9,5,8,11,6,9,13
gated_alive:a_003:74293,a_003,74293,3,4,8,1,5,5,1,2,3
gated_alive:a_003:74329,a_003,74329,2,6,2,4,7,10,2,4,9
gated_alive:a_003:74504,a_003,74504,2,6,2,4,7,10,2,4,2
gated_alive:a_003:74972,a_003,74972,2,6,2,4,7,13,2,4,2
gated_alive:a_003:75273,a_003,75273,3,3,4,1,5,5,1,2,5
gated_alive:a_003:75474,a_003,75474,5,2,1,0,1,1,0,0,13
gated_alive:a_003:75506,a_003,75506,2,1,7,0,0,6,2,4,2
gated_alive:a_003:75896,a_003,75896,0,5,11,2,3,3,4,3,1
gated_alive:a_003:76492,a_003,76492,0,5,11,2,3,3,5,3,11
gated_alive:a_003:76752,a_003,76752,3,4,8,3,6,8,2,5,7
gated_alive:a_003:76761,a_003,76761,0,2,1,0,1,1,0,0,0
gated_alive:a_003:76792,a_003,76792,2,6,2,3,9,12,2,4,2
gated_alive:a_003:77011,a_003,77011,2,6,2,5,8,11,2,4,2
gated_alive:a_003:77369,a_003,77369,2,6,2,3,4,4,2,4,2
gated_alive:a_003:77397,a_003,77397,3,4,8,4,7,10,2,5,14
gated_alive:a_003:77488,a_003,77488,5,8,10,3,4,4,0,0,0
gated_alive:a_003:77751,a_003,77751,4,7,9,5,8,11,6,9,13
gated_alive:a_003:77865,a_003,77865,0,2,1,0,1,1,0,0,0
gated_alive:a_003:77999,a_003,77999,2,1,7,4,7,13,2,4,2
gated_alive:a_003:78054,a_003,78054,2,6,2,4,7,10,2,4,9
gated_alive:a_003:78177,a_003,78177,5,2,1,0,1,1,0,0,0
gated_alive:a_003:78544,a_003,78544,2,1,2,4,7,10,2,4,2
gated_alive:a_003:78611,a_003,78611,0,5,11,2,3,3,4,3,1
gated_alive:a_003:78619,a_003,78619,5,8,10,0,1,1,0,0,9
gated_alive:a_003:78687,a_003,78687,4,7,9,5,8,11,6,9,13
gated_alive:a_003:78799,a_003,78799,4,7,9,5,8,11,6,9,13
gated_alive:a_003:78921,a_003,78921,2,6,2,4,7,10,2,4,2
gated_alive:a_003:78951,a_003,78951,0,4,8,0,1,1,0,5,7
gated_alive:a_003:79112,a_003,79112,3,1,7,1,2,2,1,4,3
gated_alive:a_003:79114,a_003,79114,2,1,7,3,6,8,2,4,2
gated_alive:a_003:79381,a_003,79381,2,6,2,4,7,10,2,4,2
gated_alive:a_003:79412,a_003,79412,3,9,5,3,6,9,2,6,9
gated_alive:a_003:79475,a_003,79475,5,2,1,2,3,3,0,0,7
gated_alive:a_003:80101,a_003,80101,2,6,2,3,9,12,2,4,2
gated_alive:a_003:80154,a_003,80154,5,8,10,0,1,1,0,0,8
gated_alive:a_003:80245,a_003,80245,2,8,10,0,0,6,2,4,8
gated_alive:a_003:80338,a_003,80338,2,6,2,4,7,10,2,4,2
gated_alive:a_003:80881,a_003,80881,2,6,2,4,7,10,2,4,2
gated_alive:a_003:80961,a_003,80961,2,6,2,4,7,10,2,4,2
gated_alive:a_003:81050,a_003,81050,2,6,2,4,7,13,2,4,2
gated_alive:a_003:81343,a_003,81343,0,5,11,2,3,3,4,3,1
gated_alive:a_003:81376,a_003,81376,0,5,11,2,3,3,4,3,1
gated_alive:a_003:81800,a_003,81800,5,2,1,0,1,1,0,0,8
gated_alive:a_003:81822,a_003,81822,3,9,12,1,5,5,1,2,3
gated_alive:a_003:82065,a_003,82065,0,5,11,2,3,3,4,3,1
gated_alive:a_003:82186,a_003,82186,5,2,1,0,0,7,0,7,12
gated_alive:a_003:82257,a_003,82257,1,5,6,3,4,4,4,8,10
gated_alive:a_003:82352,a_003,82352,5,2,1,0,1,1,0,0,0
gated_alive:a_003:82568,a_003,82568,0,2,1,0,1,1,0,0,7
gated_alive:a_003:82720,a_003,82720,5,2,1,0,1,1,0,0,8
gated_alive:a_003:82773,a_003,82773,2,6,2,3,6,9,2,4,9
gated_alive:a_003:82833,a_003,82833,1,0,6,1,2,2,3,1,6
gated_alive:a_003:83192,a_003,83192,0,5,11,2,3,3,4,3,1
gated_alive:a_003:83370,a_003,83370,2,6,3,4,7,10,2,4,2
gated_alive:a_003:83633,a_003,83633,0,5,11,0,0,7,4,7,12
gated_alive:a_003:83702,a_003,83702,2,6,2,4,7,13,2,4,2
gated_alive:a_003:84134,a_003,84134,5,2,1,0,1,1,0,0,0
gated_alive:a_003:84259,a_003,84259,2,6,2,4,7,13,2,4,2
gated_alive:a_003:84503,a_003,84503,5,2,1,0,1,1,0,0,0
gated_alive:a_003:84676,a_003,84676,2,6,2,4,7,10,2,4,2
gated_alive:a_003:85361,a_003,85361,0,4,8,2,3,3,2,5,7
gated_alive:a_003:85529,a_003,85529,3,4,13,3,9,12,5,10,16
gated_alive:a_003:85912,a_003,85912,2,6,2,4,7,10,2,4,2
gated_alive:a_003:86108,a_003,86108,3,4,5,3,6,9,2,6,9
gated_alive:a_003:86123,a_003,86123,2,6,2,4,7,10,2,4,2
gated_alive:a_003:86703,a_003,86703,0,4,8,0,1,1,0,0,7
gated_alive:a_003:86847,a_003,86847,2,9,8,5,8,11,2,4,2
gated_alive:a_003:86994,a_003,86994,3,9,12,3,6,9,2,6,9
gated_alive:a_003:87431,a_003,87431,3,9,12,1,5,5,1,2,3
gated_alive:a_003:87432,a_003,87432,5,2,1,0,1,1,0,0,0
gated_alive:a_003:87489,a_003,87489,0,5,11,2,3,3,4,3,1
gated_alive:a_003:87647,a_003,87647,2,6,2,3,6,8,2,4,2
gated_alive:a_003:87807,a_003,87807,1,0,6,1,2,2,3,1,6
gated_alive:a_003:87923,a_003,87923,3,3,4,1,5,5,1,2,5
gated_alive:a_003:88228,a_003,88228,0,2,1,0,1,1,0,5,7
gated_alive:a_003:88332,a_003,88332,2,9,5,3,6,9,2,6,9
gated_alive:a_003:88531,a_003,88531,0,4,8,0,1,1,0,5,7
gated_alive:a_003:88608,a_003,88608,2,6,2,4,7,10,2,4,2
gated_alive:a_003:89010,a_003,89010,3,4,5,3,6,9,2,6,9
gated_alive:a_003:89318,a_003,89318,3,3,4,1,5,5,1,2,5
gated_alive:a_003:89326,a_003,89326,3,3,4,1,5,5,1,2,3
gated_alive:a_003:89453,a_003,89453,5,8,10,0,1,1,0,0,13
gated_alive:a_003:89606,a_003,89606,2,1,5,4,7,10,2,6,9
gated_alive:a_003:89770,a_003,89770,5,8,10,0,0,0,0,8,10
gated_alive:a_003:89947,a_003,89947,5,8,10,3,6,9,0,0,8
gated_alive:a_003:89965,a_003,89965,5,2,1,0,1,1,0,0,0
gated_alive:a_003:91196,a_003,91196,0,5,11,0,0,0,4,8,10
gated_alive:a_003:91225,a_003,91225,0,5,11,2,3,3,4,3,1
gated_alive:a_003:91505,a_003,91505,0,5,11,2,3,3,4,3,1
gated_alive:a_003:92331,a_003,92331,0,5,11,2,3,3,4,3,1
gated_alive:a_003:92677,a_003,92677,0,4,8,2,3,3,1,2,3
gated_alive:a_003:92791,a_003,92791,0,4,8,3,6,8,2,5,7
gated_alive:a_003:93184,a_003,93184,0,4,8,0,1,1,0,0,7
gated_alive:a_003:93485,a_003,93485,0,5,11,0,1,1,4,3,15
gated_alive:a_003:93607,a_003,93607,3,4,4,1,5,5,1,2,3
gated_alive:a_003:93717,a_003,93717,0,5,11,2,3,3,4,3,1
gated_alive:a_003:93811,a_003,93811,0,4,8,2,3,3,2,5,7
gated_alive:a_003:93958,a_003,93958,0,4,8,3,6,8,2,5,14
gated_alive:a_003:93982,a_003,93982,1,4,8,2,3,3,2,5,7
gated_alive:a_003:94028,a_003,94028,0,5,11,2,3,3,4,3,1
gated_alive:a_003:94046,a_003,94046,0,4,8,2,3,3,2,5,7
gated_alive:a_003:94596,a_003,94596,5,2,1,0,1,1,0,0,0
gated_alive:a_003:94865,a_003,94865,0,5,11,2,3,3,4,3,1
gated_alive:a_003:94979,a_003,94979,2,1,7,4,7,13,2,4,2
gated_alive:a_003:95023,a_003,95023,5,2,1,0,1,1,0,0,0
gated_alive:a_003:95395,a_003,95395,0,4,8,3,6,8,2,5,7
gated_alive:a_003:95512,a_003,95512,1,0,0,1,2,2,3,1,6
gated_alive:a_003:95822,a_003,95822,0,2,3,2,3,3,5,7,11
gated_alive:a_003:95906,a_003,95906,0,4,8,2,3,3,2,5,7
gated_alive:a_003:96223,a_003,96223,0,4,13,3,9,12,5,10,16
gated_alive:a_003:96401,a_003,96401,5,2,1,0,1,1,0,0,0
gated_alive:a_003:96461,a_003,96461,3,4,4,1,5,5,1,2,3
gated_alive:a_003:96583,a_003,96583,5,8,10,0,0,7,0,0,8
gated_alive:a_003:96628,a_003,96628,0,4,8,2,3,3,4,5,7
gated_alive:a_003:96652,a_003,96652,2,1,7,4,7,13,2,4,2
gated_alive:a_003:96710,a_003,96710,3,3,4,1,5,5,1,2,3
gated_alive:a_003:96925,a_003,96925,2,1,7,4,7,13,2,4,2
gated_alive:a_004:7,a_004,7,5,2,1,0,1,1,0,0,13
gated_alive:a_004:765,a_004,765,0,2,8,2,3,3,0,3,11
gated_alive:a_004:1092,a_004,1092,5,8,10,0,0,6,0,0,0
gated_alive:a_004:1137,a_004,1137,1,0,0,1,2,2,3,1,4
gated_alive:a_004:1526,a_004,1526,2,6,2,4,7,10,2,4,2
gated_alive:a_004:1903,a_004,1903,5,2,1,0,1,1,0,0,0
gated_alive:a_004:2167,a_004,2167,1,4,0,1,5,5,3,1,4
gated_alive:a_004:2198,a_004,2198,3,9,12,3,6,8,1,6,3
gated_alive:a_004:2511,a_004,2511,0,5,11,2,3,3,5,3,11
gated_alive:a_004:2793,a_004,2793,2,6,2,4,7,10,2,4,2
gated_alive:a_004:3262,a_004,3262,2,1,7,0,0,6,2,0,9
gated_alive:a_004:3444,a_004,3444,5,8,10,0,0,0,0,0,8
gated_alive:a_004:3854,a_004,3854,5,2,1,0,1,1,0,0,8
gated_alive:a_004:4472,a_004,4472,3,4,4,1,5,5,1,1,4
gated_alive:a_004:4606,a_004,4606,4,4,8,3,6,8,6,9,13
gated_alive:a_004:4971,a_004,4971,2,6,2,4,7,13,2,4,2
gated_alive:a_004:5426,a_004,5426,2,1,7,4,7,13,2,4,2
gated_alive:a_004:5958,a_004,5958,0,5,11,2,3,3,4,3,1
gated_alive:a_004:6024,a_004,6024,2,6,2,4,7,10,2,4,2
gated_alive:a_004:6180,a_004,6180,1,0,0,1,2,2,3,1,4
gated_alive:a_004:6372,a_004,6372,0,4,8,1,5,5,2,5,7
gated_alive:a_004:6578,a_004,6578,3,3,4,1,5,5,1,2,3
gated_alive:a_004:6899,a_004,6899,3,3,4,1,5,5,1,2,12
gated_alive:a_004:7079,a_004,7079,3,3,4,1,5,5,4,3,1
gated_alive:a_004:7244,a_004,7244,5,2,1,0,1,1,0,0,8
gated_alive:a_004:7696,a_004,7696,0,5,11,2,3,3,4,3,1
gated_alive:a_004:7751,a_004,7751,5,2,1,0,1,1,0,0,0
gated_alive:a_004:8837,a_004,8837,1,0,0,1,5,5,3,6,3
gated_alive:a_004:10690,a_004,10690,5,8,10,0,0,7,0,7,12
gated_alive:a_004:10723,a_004,10723,0,4,8,2,3,3,0,5,7
gated_alive:a_004:11210,a_004,11210,5,2,1,0,1,1,0,0,0
gated_alive:a_004:11460,a_004,11460,0,5,11,2,3,3,4,3,1
gated_alive:a_004:12411,a_004,12411,0,5,11,0,0,6,4,3,1
gated_alive:a_004:12412,a_004,12412,5,2,3,0,1,1,0,0,0
gated_alive:a_004:12569,a_004,12569,0,2,1,3,4,4,0,0,17
gated_alive:a_004:12827,a_004,12827,3,4,8,1,5,5,1,1,4
gated_alive:a_004:12919,a_004,12919,0,5,11,2,3,3,4,3,1
gated_alive:a_004:12920,a_004,12920,2,6,2,4,7,10,2,4,2
gated_alive:a_004:13191,a_004,13191,0,2,1,0,1,1,0,0,0
gated_alive:a_004:13364,a_004,13364,0,4,8,2,3,3,2,5,7
gated_alive:a_004:13580,a_004,13580,5,2,1,0,1,1,0,0,0
gated_alive:a_004:14051,a_004,14051,0,2,1,0,1,1,0,0,0
gated_alive:a_004:14213,a_004,14213,0,5,11,2,3,3,4,3,1
gated_alive:a_004:14875,a_004,14875,2,1,7,4,7,13,2,4,2
gated_alive:a_004:14918,a_004,14918,5,8,10,0,1,1,0,0,8
gated_alive:a_004:15191,a_004,15191,0,2,1,0,1,1,0,0,8
gated_alive:a_004:15577,a_004,15577,0,4,8,2,3,3,2,5,7
gated_alive:a_004:15905,a_004,15905,0,4,8,3,6,8,2,4,2
gated_alive:a_004:16011,a_004,16011,2,1,7,0,1,1,0,0,0
gated_alive:a_004:16234,a_004,16234,5,2,1,0,1,1,0,0,0
gated_alive:a_004:16449,a_004,16449,0,5,11,2,3,3,4,3,1
gated_alive:a_004:16770,a_004,16770,3,9,12,3,6,8,1,6,3
gated_alive:a_004:16808,a_004,16808,5,2,1,0,1,1,0,0,0
gated_alive:a_004:16810,a_004,16810,3,3,4,1,5,5,1,2,5
gated_alive:a_004:17001,a_004,17001,5,8,10,0,0,7,0,0,0
gated_alive:a_004:17439,a_004,17439,1,0,0,1,2,2,3,8,10
gated_alive:a_004:17501,a_004,17501,5,8,10,0,1,1,0,0,0
gated_alive:a_004:17518,a_004,17518,3,4,5,3,6,9,2,6,9
gated_alive:a_004:17585,a_004,17585,5,2,1,0,1,1,0,0,0
gated_alive:a_004:18562,a_004,18562,0,5,11,2,3,3,4,3,1
gated_alive:a_004:19442,a_004,19442,0,5,11,2,3,3,4,3,1
gated_alive:a_004:19817,a_004,19817,1,0,0,1,2,2,3,1,4
gated_alive:a_004:20068,a_004,20068,0,5,11,2,3,3,4,3,1
gated_alive:a_004:20133,a_004,20133,5,2,1,0,1,1,0,0,12
gated_alive:a_004:20778,a_004,20778,0,5,3,2,3,3,5,3,11
gated_alive:a_004:20860,a_004,20860,5,2,3,2,3,3,0,7,11
gated_alive:a_004:21586,a_004,21586,5,2,1,0,0,0,0,8,10
gated_alive:a_004:21616,a_004,21616,0,5,11,2,3,3,4,3,1
gated_alive:a_004:21945,a_004,21945,3,4,8,4,7,10,2,4,2
gated_alive:a_004:22321,a_004,22321,5,2,1,0,1,1,0,0,0
gated_alive:a_004:22391,a_004,22391,5,2,1,0,1,1,0,0,0
gated_alive:a_004:22730,a_004,22730,1,4,0,1,5,5,1,2,5
gated_alive:a_004:22958,a_004,22958,0,5,11,2,3,3,4,3,1
gated_alive:a_004:23403,a_004,23403,2,1,7,4,7,13,2,4,2
gated_alive:a_004:23588,a_004,23588,0,5,11,2,3,3,4,3,1
gated_alive:a_004:24079,a_004,24079,1,0,0,1,2,2,3,1,6
gated_alive:a_004:24118,a_004,24118,2,8,10,4,7,13,0,4,2
gated_alive:a_004:24303,a_004,24303,0,2,1,0,1,1,0,0,7
gated_alive:a_004:24341,a_004,24341,0,5,11,2,3,3,4,3,1
gated_alive:a_004:24484,a_004,24484,2,6,2,3,4,4,2,4,2
gated_alive:a_004:24501,a_004,24501,5,2,1,0,1,1,0,0,0
gated_alive:a_004:24635,a_004,24635,5,2,1,0,1,1,0,0,0
gated_alive:a_004:25216,a_004,25216,0,2,1,0,1,1,0,0,0
gated_alive:a_004:25501,a_004,25501,0,9,12,2,3,3,1,6,3
gated_alive:a_004:26076,a_004,26076,0,4,8,1,5,5,0,0,7
gated_alive:a_004:26996,a_004,26996,0,2,1,0,1,1,0,0,0
gated_alive:a_004:27025,a_004,27025,0,5,11,2,3,3,4,3,1
gated_alive:a_004:27147,a_004,27147,3,3,4,1,5,5,1,2,5
gated_alive:a_004:27301,a_004,27301,5,2,1,0,1,1,0,0,0
gated_alive:a_004:27916,a_004,27916,0,2,1,0,1,1,0,0,0
gated_alive:a_004:28033,a_004,28033,5,2,1,0,0,0,0,8,10
gated_alive:a_004:28358,a_004,28358,2,6,2,4,7,10,2,4,2
gated_alive:a_004:28379,a_004,28379,0,2,8,0,1,1,0,0,7
gated_alive:a_004:28408,a_004,28408,3,9,12,3,6,8,1,6,3
gated_alive:a_004:28573,a_004,28573,5,2,1,0,1,1,0,0,8
gated_alive:a_004:29251,a_004,29251,5,2,1,0,1,1,0,0,8
gated_alive:a_004:29503,a_004,29503,5,2,1,0,1,1,0,0,0
gated_alive:a_004:29604,a_004,29604,0,5,11,2,3,3,4,3,1
gated_alive:a_004:29686,a_004,29686,0,4,8,2,3,3,4,5,7
gated_alive:a_004:29716,a_004,29716,5,2,1,0,1,1,0,0,0
gated_alive:a_004:29717,a_004,29717,3,4,8,3,6,8,1,6,3
gated_alive:a_004:30055,a_004,30055,1,4,0,1,2,2,3,1,4
gated_alive:a_004:30379,a_004,30379,2,4,8,4,7,13,2,4,2
gated_alive:a_004:31413,a_004,31413,5,2,1,0,1,1,0,0,0
gated_alive:a_004:31609,a_004,31609,5,2,1,0,1,1,0,0,0
gated_alive:a_004:31718,a_004,31718,0,5,11,2,3,3,4,3,1
gated_alive:a_004:32016,a_004,32016,3,4,8,3,4,4,3,1,4
gated_alive:a_004:32035,a_004,32035,5,8,3,0,1,1,0,7,12
gated_alive:a_004:32197,a_004,32197,3,4,4,1,5,5,1,2,3
gated_alive:a_004:32323,a_004,32323,0,5,11,2,3,3,4,3,1
gated_alive:a_004:32671,a_004,32671,5,8,10,0,1,1,0,0,13
gated_alive:a_004:32745,a_004,32745,5,2,5,3,6,9,0,0,9
gated_alive:a_004:32861,a_004,32861,0,5,11,2,3,3,4,3,1
gated_alive:a_004:33462,a_004,33462,0,4,8,0,1,1,0,0,7
gated_alive:a_004:33489,a_004,33489,5,2,1,0,1,1,0,0,0
gated_alive:a_004:34475,a_004,34475,2,6,2,4,7,10,2,4,2
gated_alive:a_004:34655,a_004,34655,5,2,1,0,1,1,0,0,8
gated_alive:a_004:35600,a_004,35600,0,5,11,2,3,3,5,3,11
gated_alive:a_004:35626,a_004,35626,0,5,0,2,3,3,4,1,4
gated_alive:a_004:36213,a_004,36213,2,6,2,3,4,4,2,4,2
gated_alive:a_004:36944,a_004,36944,5,8,10,3,6,9,0,0,8
gated_alive:a_004:37971,a_004,37971,2,6,2,4,7,10,2,4,2
gated_alive:a_004:38129,a_004,38129,0,5,11,2,3,3,4,3,1
gated_alive:a_004:38624,a_004,38624,5,2,1,0,1,1,0,0,0
gated_alive:a_004:39486,a_004,39486,0,5,11,0,0,6,2,5,14
gated_alive:a_004:40233,a_004,40233,0,4,11,2,3,3,4,3,1
gated_alive:a_004:40340,a_004,40340,0,4,8,2,3,3,0,5,7
gated_alive:a_004:40582,a_004,40582,0,5,11,2,3,3,4,3,1
gated_alive:a_004:41039,a_004,41039,5,2,1,0,1,1,0,0,0
gated_alive:a_004:41156,a_004,41156,3,3,4,1,5,5,1,2,5
gated_alive:a_004:41203,a_004,41203,0,2,8,2,3,3,0,5,7
gated_alive:a_004:41487,a_004,41487,5,2,1,0,1,1,0,0,0
gated_alive:a_004:41499,a_004,41499,1,4,4,1,5,5,1,2,5
gated_alive:a_004:41628,a_004,41628,3,9,12,3,6,8,1,2,10
gated_alive:a_004:41666,a_004,41666,5,2,1,0,1,1,0,0,0
gated_alive:a_004:41672,a_004,41672,0,5,11,2,3,3,4,3,1
gated_alive:a_004:42075,a_004,42075,0,5,11,0,0,0,0,3,10
gated_alive:a_004:42205,a_004,42205,0,5,11,2,3,3,4,3,1
gated_alive:a_004:43260,a_004,43260,0,5,11,2,3,3,4,3,1
gated_alive:a_004:43418,a_004,43418,5,2,10,0,1,1,0,0,8
gated_alive:a_004:43477,a_004,43477,3,3,4,1,5,5,1,2,5
gated_alive:a_004:43495,a_004,43495,1,4,0,1,5,5,3,1,4
gated_alive:a_004:43580,a_004,43580,0,4,8,0,1,1,0,5,7
gated_alive:a_004:43820,a_004,43820,0,4,8,2,3,3,5,3,11
gated_alive:a_004:44028,a_004,44028,2,6,2,3,9,12,2,4,2
gated_alive:a_004:44332,a_004,44332,0,5,11,2,3,3,4,3,1
gated_alive:a_004:44408,a_004,44408,5,2,1,0,1,1,0,0,0
gated_alive:a_004:44440,a_004,44440,1,4,4,1,5,5,1,2,5
gated_alive:a_004:44543,a_004,44543,0,4,8,2,3,3,2,5,7
gated_alive:a_004:44644,a_004,44644,5,2,1,0,1,1,0,0,0
gated_alive:a_004:44770,a_004,44770,2,6,5,3,6,8,2,4,2
gated_alive:a_004:45705,a_004,45705,0,4,8,2,3,3,0,5,7
gated_alive:a_004:45849,a_004,45849,0,5,11,2,3,3,4,3,1
gated_alive:a_004:47755,a_004,47755,5,2,1,0,1,1,0,0,0
gated_alive:a_004:47779,a_004,47779,1,0,0,1,2,2,3,1,6
gated_alive:a_004:48752,a_004,48752,5,2,1,0,1,1,0,0,0
gated_alive:a_004:49166,a_004,49166,5,2,1,3,4,4,0,0,17
gated_alive:a_004:49190,a_004,49190,2,6,2,4,7,10,2,4,2
gated_alive:a_004:49343,a_004,49343,0,5,11,2,3,3,4,3,1
gated_alive:a_004:49625,a_004,49625,2,1,7,4,7,10,2,4,2
gated_alive:a_004:50175,a_004,50175,5,8,10,0,0,0,0,0,8
gated_alive:a_004:50278,a_004,50278,5,2,1,0,0,6,0,0,0
gated_alive:a_004:50732,a_004,50732,1,0,0,1,2,2,3,1,4
gated_alive:a_004:50974,a_004,50974,0,5,11,2,3,3,4,3,1
gated_alive:a_004:51101,a_004,51101,0,5,11,2,3,3,4,3,1
gated_alive:a_004:51562,a_004,51562,2,6,2,4,7,10,2,4,2
gated_alive:a_004:51801,a_004,51801,1,0,0,3,6,8,3,1,4
gated_alive:a_004:52196,a_004,52196,1,0,0,1,2,2,3,1,4
gated_alive:a_004:52363,a_004,52363,3,4,4,1,5,5,1,2,3
gated_alive:a_004:52601,a_004,52601,0,4,8,0,1,1,0,0,7
gated_alive:a_004:52784,a_004,52784,5,2,1,0,1,1,0,0,0
gated_alive:a_004:52830,a_004,52830,0,2,3,2,3,3,5,7,11
gated_alive:a_004:52951,a_004,52951,3,3,4,1,5,5,1,2,3
gated_alive:a_004:53019,a_004,53019,5,2,1,0,1,1,0,0,8
gated_alive:a_004:53128,a_004,53128,0,2,1,0,1,1,0,0,7
gated_alive:a_004:53742,a_004,53742,3,4,4,1,5,5,1,2,3
gated_alive:a_004:54854,a_004,54854,0,5,11,2,3,3,4,3,1
gated_alive:a_004:55206,a_004,55206,5,2,1,0,1,1,0,0,0
gated_alive:a_004:55313,a_004,55313,0,4,8,2,3,3,0,5,7
gated_alive:a_004:55688,a_004,55688,2,6,2,4,7,10,2,4,2
gated_alive:a_004:55766,a_004,55766,0,2,1,0,1,1,0,0,0
gated_alive:a_004:57284,a_004,57284,1,0,0,1,2,2,3,1,4
gated_alive:a_004:57354,a_004,57354,2,1,7,4,7,13,2,4,2
gated_alive:a_004:57768,a_004,57768,3,9,12,3,9,12,1,6,3
gated_alive:a_004:58007,a_004,58007,1,0,6,0,0,6,3,1,10
gated_alive:a_004:58320,a_004,58320,0,5,8,2,3,3,4,5,7
gated_alive:a_004:58413,a_004,58413,5,2,1,0,1,1,0,0,0
gated_alive:a_004:58422,a_004,58422,5,2,10,0,1,1,0,8,10
gated_alive:a_004:58434,a_004,58434,5,8,10,0,1,1,2,4,2
gated_alive:a_004:58457,a_004,58457,0,5,11,2,3,3,4,3,1
gated_alive:a_004:58492,a_004,58492,5,2,1,0,1,1,0,0,0
gated_alive:a_004:58689,a_004,58689,0,2,1,0,1,1,0,0,0
gated_alive:a_004:58882,a_004,58882,1,0,0,1,5,5,3,1,12
gated_alive:a_004:59423,a_004,59423,1,0,0,1,2,2,3,1,4
gated_alive:a_004:59829,a_004,59829,5,2,1,0,1,1,0,0,0
gated_alive:a_004:59895,a_004,59895,0,4,8,0,0,0,2,5,7
gated_alive:a_004:60033,a_004,60033,0,5,11,2,3,3,4,3,1
gated_alive:a_004:60181,a_004,60181,5,2,1,0,1,1,0,0,0
gated_alive:a_004:60339,a_004,60339,0,5,8,2,3,3,4,5,7
gated_alive:a_004:60426,a_004,60426,1,0,0,1,2,2,3,1,6
gated_alive:a_004:61209,a_004,61209,5,2,1,0,1,1,0,0,0
gated_alive:a_004:61349,a_004,61349,3,3,4,1,5,5,1,2,5
gated_alive:a_004:61451,a_004,61451,1,0,6,1,2,2,3,1,6
gated_alive:a_004:62133,a_004,62133,0,5,11,2,3,3,4,3,1
gated_alive:a_004:62207,a_004,62207,1,4,0,1,5,5,3,1,4
gated_alive:a_004:62811,a_004,62811,0,4,8,0,1,1,0,0,7
gated_alive:a_004:62836,a_004,62836,0,2,1,0,1,1,0,5,11
gated_alive:a_004:62888,a_004,62888,0,5,11,2,3,3,4,3,1
gated_alive:a_004:63058,a_004,63058,0,5,11,2,3,3,4,3,1
gated_alive:a_004:63173,a_004,63173,5,2,3,2,3,3,0,7,11
gated_alive:a_004:63256,a_004,63256,2,1,7,4,7,13,2,4,2
gated_alive:a_004:64357,a_004,64357,2,1,7,4,7,13,2,4,2
gated_alive:a_004:64381,a_004,64381,0,4,8,1,5,5,2,5,7
gated_alive:a_004:64922,a_004,64922,1,0,0,1,2,2,3,1,4
gated_alive:a_004:65079,a_004,65079,1,0,0,1,2,2,4,1,4
gated_alive:a_004:65189,a_004,65189,0,5,11,2,3,3,4,3,1
gated_alive:a_004:65205,a_004,65205,0,5,11,0,1,1,4,3,1
gated_alive:a_004:65229,a_004,65229,1,0,0,1,2,2,3,1,4
gated_alive:a_004:65451,a_004,65451,2,1,7,4,7,13,2,4,2
gated_alive:a_004:65589,a_004,65589,0,5,11,2,3,3,4,3,1
gated_alive:a_004:65728,a_004,65728,3,4,5,3,6,9,2,6,9
gated_alive:a_004:65737,a_004,65737,0,5,11,2,3,3,4,3,1
gated_alive:a_004:66008,a_004,66008,2,1,7,4,7,13,2,4,2
gated_alive:a_004:66192,a_004,66192,3,4,4,1,5,5,1,2,3
gated_alive:a_004:66456,a_004,66456,0,5,11,2,3,3,4,3,1
gated_alive:a_004:66779,a_004,66779,5,5,1,0,1,1,4,3,1
gated_alive:a_004:67698,a_004,67698,0,5,11,2,3,3,4,3,1
gated_alive:a_004:67856,a_004,67856,0,5,11,2,3,3,4,3,1
gated_alive:a_004:67910,a_004,67910,2,6,2,4,7,10,2,4,2
gated_alive:a_004:67974,a_004,67974,1,0,0,1,2,2,3,1,6
gated_alive:a_004:68346,a_004,68346,5,2,1,0,1,1,0,0,0
gated_alive:a_004:68416,a_004,68416,0,2,3,2,3,3,5,7,11
gated_alive:a_004:68456,a_004,68456,5,2,1,0,1,1,0,0,0
gated_alive:a_004:68558,a_004,68558,5,8,10,0,0,0,0,8,10
gated_alive:a_004:68585,a_004,68585,3,4,4,1,5,5,1,2,3
gated_alive:a_004:68641,a_004,68641,0,2,1,2,3,3,0,5,7
gated_alive:a_004:69299,a_004,69299,0,5,11,2,3,3,4,3,1
gated_alive:a_004:69308,a_004,69308,0,5,11,2,3,3,4,3,1
gated_alive:a_004:69348,a_004,69348,0,5,11,2,3,3,4,3,1
gated_alive:a_004:69488,a_004,69488,3,9,12,3,6,8,1,6,3
gated_alive:a_004:69574,a_004,69574,0,5,11,2,3,3,4,3,1
gated_alive:a_004:69652,a_004,69652,0,5,11,2,3,3,4,3,1
gated_alive:a_004:69742,a_004,69742,0,4,8,3,6,8,2,4,2
gated_alive:a_004:69839,a_004,69839,5,8,10,0,1,1,0,0,0
gated_alive:a_004:70205,a_004,70205,3,9,12,3,6,8,1,6,3
gated_alive:a_004:70227,a_004,70227,1,0,0,1,2,2,3,1,4
gated_alive:a_004:70327,a_004,70327,5,2,1,0,1,1,0,0,0
gated_alive:a_004:70630,a_004,70630,1,4,0,1,2,2,3,1,4
gated_alive:a_004:71184,a_004,71184,0,5,11,2,3,3,5,3,11
gated_alive:a_004:71309,a_004,71309,1,3,4,1,5,5,1,2,5
gated_alive:a_004:71316,a_004,71316,3,9,12,3,6,9,2,6,9
gated_alive:a_004:71394,a_004,71394,5,2,1,0,1,1,0,7,12
gated_alive:a_004:71532,a_004,71532,0,2,3,2,3,3,5,7,11
gated_alive:a_004:71888,a_004,71888,1,4,0,1,5,5,3,1,4
gated_alive:a_004:71961,a_004,71961,2,6,2,4,7,10,2,4,2
gated_alive:a_004:72083,a_004,72083,1,0,0,1,2,2,3,1,4
gated_alive:a_004:72270,a_004,72270,1,0,6,0,1,1,3,1,6
gated_alive:a_004:72360,a_004,72360,1,4,0,3,4,4,3,1,4
gated_alive:a_004:72547,a_004,72547,3,3,4,1,5,5,1,2,5
gated_alive:a_004:73338,a_004,73338,3,3,4,1,5,5,1,2,5
gated_alive:a_004:74089,a_004,74089,2,6,2,4,7,13,2,4,2
gated_alive:a_004:74176,a_004,74176,5,2,1,0,1,1,0,0,0
gated_alive:a_004:74396,a_004,74396,1,0,6,1,5,5,3,1,6
gated_alive:a_004:74558,a_004,74558,0,2,1,0,0,0,0,8,10
gated_alive:a_004:75019,a_004,75019,2,1,7,4,7,13,2,4,2
gated_alive:a_004:75231,a_004,75231,5,2,1,0,1,1,0,0,0
gated_alive:a_004:75279,a_004,75279,5,2,1,0,1,1,0,0,0
gated_alive:a_004:75305,a_004,75305,1,0,0,1,2,2,3,1,6
gated_alive:a_004:75948,a_004,75948,5,2,1,0,1,1,0,0,8
gated_alive:a_004:77005,a_004,77005,0,2,1,0,1,1,0,5,7
gated_alive:a_004:77704,a_004,77704,0,2,1,0,1,1,0,0,7
gated_alive:a_004:77990,a_004,77990,5,2,1,0,1,1,0,0,0
gated_alive:a_004:78878,a_004,78878,1,0,0,1,2,2,3,1,6
gated_alive:a_004:79406,a_004,79406,0,5,11,0,0,0,4,8,10
gated_alive:a_004:79705,a_004,79705,0,4,8,2,3,3,2,5,7
gated_alive:a_004:80147,a_004,80147,0,5,11,2,3,3,4,3,1
gated_alive:a_004:80251,a_004,80251,0,5,11,2,3,3,4,3,1
gated_alive:a_004:80346,a_004,80346,0,4,8,2,3,3,0,5,7
gated_alive:a_004:80524,a_004,80524,5,2,1,0,1,1,0,0,0
gated_alive:a_004:80640,a_004,80640,1,0,0,3,6,9,2,6,9
gated_alive:a_004:81454,a_004,81454,3,9,12,3,6,8,1,6,3
gated_alive:a_004:82605,a_004,82605,1,0,0,1,5,5,3,1,12
gated_alive:a_004:83046,a_004,83046,1,0,0,1,2,2,3,1,4
gated_alive:a_004:83060,a_004,83060,0,5,11,2,3,3,4,3,1
gated_alive:a_004:83274,a_004,83274,5,2,1,0,1,1,0,0,8
gated_alive:a_004:83386,a_004,83386,1,0,0,1,2,2,3,1,4
gated_alive:a_004:83458,a_004,83458,2,1,7,4,7,13,2,4,2
gated_alive:a_004:85208,a_004,85208,0,5,11,2,3,3,4,3,1
gated_alive:a_004:85462,a_004,85462,0,4,8,2,3,3,0,0,7
gated_alive:a_004:85759,a_004,85759,0,5,11,3,4,4,0,0,17
gated_alive:a_004:85887,a_004,85887,0,4,8,2,3,3,0,5,7
gated_alive:a_004:85898,a_004,85898,0,5,11,0,0,6,4,3,15
gated_alive:a_004:85953,a_004,85953,1,0,0,1,5,5,1,2,5
gated_alive:a_004:86018,a_004,86018,1,0,0,1,2,2,3,1,4
gated_alive:a_004:86484,a_004,86484,1,0,0,1,2,2,3,8,10
gated_alive:a_004:87099,a_004,87099,0,5,11,2,3,3,4,3,1
gated_alive:a_004:87215,a_004,87215,0,4,8,0,1,1,0,0,7
gated_alive:a_004:87385,a_004,87385,0,5,11,2,3,3,4,3,1
gated_alive:a_004:87398,a_004,87398,0,5,11,2,3,3,4,3,1
gated_alive:a_004:87640,a_004,87640,0,5,11,2,3,3,4,3,1
gated_alive:a_004:87706,a_004,87706,2,8,10,3,6,9,0,0,15
gated_alive:a_004:87766,a_004,87766,3,9,5,3,6,9,2,6,9
gated_alive:a_004:87783,a_004,87783,5,2,1,0,1,1,0,0,0
gated_alive:a_004:87862,a_004,87862,0,5,11,2,3,3,4,3,1
gated_alive:a_004:87976,a_004,87976,2,6,2,4,7,13,2,4,2
gated_alive:a_004:88034,a_004,88034,0,5,11,2,3,3,4,3,1
gated_alive:a_004:88319,a_004,88319,5,2,3,2,3,3,0,7,11
gated_alive:a_004:88436,a_004,88436,0,4,11,2,3,3,4,3,1
gated_alive:a_004:88657,a_004,88657,3,4,4,1,5,5,1,2,3
gated_alive:a_004:88878,a_004,88878,2,6,8,4,7,10,2,4,2
gated_alive:a_004:88984,a_004,88984,0,5,11,2,3,3,4,3,1
gated_alive:a_004:89278,a_004,89278,3,3,4,1,5,5,1,2,5
gated_alive:a_004:89863,a_004,89863,5,2,1,0,1,1,0,0,0
gated_alive:a_004:90788,a_004,90788,0,5,11,2,3,3,4,3,15
gated_alive:a_004:90961,a_004,90961,2,1,7,4,7,13,2,4,2
gated_alive:a_004:92294,a_004,92294,0,4,8,2,3,3,1,2,3
gated_alive:a_004:92481,a_004,92481,0,5,11,2,3,3,4,3,1
gated_alive:a_004:92655,a_004,92655,0,5,11,2,3,3,5,3,11
gated_alive:a_004:93354,a_004,93354,5,2,1,0,1,1,0,0,8
gated_alive:a_004:93912,a_004,93912,2,1,7,4,7,13,2,4,2
gated_alive:a_004:94000,a_004,94000,1,0,0,1,2,2,3,1,6
gated_alive:a_004:94117,a_004,94117,0,2,8,0,0,0,0,8,10
gated_alive:a_004:94262,a_004,94262,3,3,5,3,6,9,2,6,9
gated_alive:a_004:94398,a_004,94398,0,5,11,2,3,3,4,3,1
gated_alive:a_004:94436,a_004,94436,1,4,0,3,6,8,3,1,4
gated_alive:a_004:94909,a_004,94909,2,6,2,4,7,13,2,4,2
gated_alive:a_004:94969,a_004,94969,5,2,1,0,1,1,0,0,0
gated_alive:a_004:95386,a_004,95386,1,5,6,2,3,3,4,3,11
gated_alive:a_004:95661,a_004,95661,5,8,10,1,5,5,0,0,9
gated_alive:a_004:96702,a_004,96702,3,4,8,1,5,5,1,2,3
gated_alive:a_004:96795,a_004,96795,0,4,8,2,3,3,0,5,7
gated_alive:a_004:96985,a_004,96985,5,2,1,0,1,1,0,0,0
gated_alive:a_004:97097,a_004,97097,0,5,11,0,0,6,4,3,15
gated_alive:a_004:97302,a_004,97302,0,5,11,2,3,3,4,3,1
gated_alive:a_004:98080,a_004,98080,5,2,1,0,0,0,0,8,10
gated_alive:a_004:98194,a_004,98194,1,0,6,1,5,5,3,1,6
gated_alive:a_004:98297,a_004,98297,5,2,1,0,1,1,0,0,0
gated_alive:a_004:98441,a_004,98441,5,2,5,3,6,8,0,0,9
gated_alive:a_004:98486,a_004,98486,0,4,8,3,6,8,2,5,7
gated_alive:a_004:98769,a_004,98769,5,2,1,0,1,1,0,0,0
gated_alive:a_004:98978,a_004,98978,0,5,11,2,3,3,4,3,1
gated_alive:a_004:99042,a_004,99042,0,5,11,1,5,5,4,3,15
gated_alive:a_004:99202,a_004,99202,0,5,11,2,3,3,4,3,1
gated_alive:a_004:99541,a_004,99541,0,5,11,2,3,3,4,3,1
gated_alive:a_004:100609,a_004,100609,5,8,10,3,6,9,0,0,9
gated_alive:a_004:100797,a_004,100797,2,6,2,4,7,10,2,4,2
gated_alive:a_004:101469,a_004,101469,1,0,0,1,2,2,3,1,4
gated_alive:a_004:101537,a_004,101537,0,2,1,0,1,1,0,0,0
gated_alive:a_004:101989,a_004,101989,5,2,1,0,0,7,0,7,12
gated_alive:a_004:102061,a_004,102061,0,5,11,2,3,3,4,3,1
gated_alive:a_004:102138,a_004,102138,0,4,8,3,6,8,2,4,2
gated_alive:a_004:102564,a_004,102564,5,2,1,0,1,1,0,0,8
gated_alive:a_004:103104,a_004,103104,1,0,0,1,2,2,3,1,4
gated_alive:a_004:103268,a_004,103268,0,5,11,2,3,3,4,3,1
gated_alive:a_004:103687,a_004,103687,0,2,1,0,1,1,0,0,7
gated_alive:a_004:103801,a_004,103801,5,2,1,0,0,0,0,8,10
gated_alive:a_004:104044,a_004,104044,0,5,11,2,3,3,4,3,1
gated_alive:a_004:104451,a_004,104451,3,3,4,1,5,5,1,2,3
gated_alive:a_004:104931,a_004,104931,5,2,1,0,1,1,0,0,0
gated_alive:a_004:104941,a_004,104941,1,4,0,1,5,5,3,1,4
gated_alive:a_004:104986,a_004,104986,5,2,1,0,0,7,0,7,12
gated_alive:a_004:105328,a_004,105328,0,2,3,2,3,3,5,7,11
gated_alive:a_004:105749,a_004,105749,5,2,13,3,9,12,5,10,16
gated_alive:a_004:106310,a_004,106310,2,1,7,0,0,6,2,4,2
gated_alive:a_004:106575,a_004,106575,3,3,4,1,5,5,1,2,12
gated_alive:a_004:106821,a_004,106821,0,5,11,3,9,12,5,10,16
gated_alive:a_004:107058,a_004,107058,0,2,1,2,3,3,0,5,7
gated_alive:a_004:107302,a_004,107302,0,2,1,0,1,1,0,0,7
gated_alive:a_004:107668,a_004,107668,0,5,11,2,3,3,4,5,7
gated_alive:a_004:108062,a_004,108062,1,0,11,0,0,6,4,1,4
gated_alive:a_004:108137,a_004,108137,2,1,7,4,7,13,2,4,2
gated_alive:a_004:108493,a_004,108493,0,2,1,0,1,1,0,0,0
gated_alive:a_004:108847,a_004,108847,5,2,1,0,1,1,0,0,0
gated_alive:a_004:109087,a_004,109087,0,5,11,2,3,3,5,3,11
gated_alive:a_004:109191,a_004,109191,0,4,8,3,6,8,5,3,11
gated_alive:a_004:109193,a_004,109193,0,5,11,2,3,3,4,3,1
gated_alive:a_004:109262,a_004,109262,0,2,3,2,3,3,5,7,11
gated_alive:a_004:109447,a_004,109447,1,4,0,1,2,2,3,1,4
gated_alive:a_004:109625,a_004,109625,5,2,1,3,9,12,0,8,10
gated_alive:a_004:110090,a_004,110090,0,4,8,2,3,3,4,5,7
gated_alive:a_004:110258,a_004,110258,1,0,0,1,2,2,3,1,4
gated_alive:a_004:110342,a_004,110342,2,6,2,3,4,4,2,4,2
gated_alive:a_004:110457,a_004,110457,2,6,2,4,7,10,2,4,2
gated_alive:a_004:110685,a_004,110685,3,3,4,1,5,5,1,2,5
gated_alive:a_004:110730,a_004,110730,2,1,7,4,7,13,2,4,2
gated_alive:a_004:110896,a_004,110896,5,9,12,3,6,8,1,6,3
gated_alive:a_004:111109,a_004,111109,3,4,4,1,2,2,3,1,4
gated_alive:a_004:111211,a_004,111211,1,4,0,1,2,2,3,5,4
gated_alive:a_004:111339,a_004,111339,5,2,1,0,1,1,0,0,0
gated_alive:a_004:111466,a_004,111466,1,0,0,1,2,2,3,1,4
gated_alive:a_004:111615,a_004,111615,0,4,8,2,3,3,2,5,14
gated_alive:a_004:111922,a_004,111922,1,0,0,1,2,2,3,1,4
gated_alive:a_004:111980,a_004,111980,0,5,11,2,3,3,4,3,1
gated_alive:a_004:112019,a_004,112019,5,2,1,0,1,1,0,0,8
gated_alive:a_004:112575,a_004,112575,2,6,2,4,7,10,2,4,2
gated_alive:a_004:112719,a_004,112719,1,0,0,3,4,4,3,1,4
gated_alive:a_004:112822,a_004,112822,3,9,12,1,5,5,1,2,3
gated_alive:a_004:113511,a_004,113511,0,5,11,2,3,3,4,3,1
gated_alive:a_004:113734,a_004,113734,0,5,11,2,3,3,4,3,1
gated_alive:a_004:113795,a_004,113795,0,5,11,2,3,3,4,3,1
gated_alive:a_004:113885,a_004,113885,5,2,1,0,1,1,0,8,10
gated_alive:a_004:113947,a_004,113947,0,5,11,2,3,3,4,3,1
gated_alive:a_004:114137,a_004,114137,0,6,2,4,7,10,4,3,1
gated_alive:a_004:114241,a_004,114241,1,0,0,1,2,2,3,1,6
gated_alive:a_004:114812,a_004,114812,0,4,8,3,4,4,0,0,17
gated_alive:a_004:114949,a_004,114949,0,5,11,2,3,3,4,3,1
gated_alive:a_004:115028,a_004,115028,1,4,0,1,2,2,3,1,4
gated_alive:a_004:115059,a_004,115059,3,6,5,3,6,9,1,2,5
gated_alive:a_004:115234,a_004,115234,5,8,10,0,1,1,0,0,8
gated_alive:a_004:115312,a_004,115312,0,4,8,2,3,3,4,3,1
gated_alive:a_004:115774,a_004,115774,5,2,1,0,1,1,0,0,0
gated_alive:a_004:115936,a_004,115936,5,8,3,0,0,7,0,7,11
gated_alive:a_004:116174,a_004,116174,0,5,11,2,3,3,4,3,1
gated_alive:a_004:116633,a_004,116633,0,5,11,2,3,3,4,3,1
gated_alive:a_004:116714,a_004,116714,5,2,1,0,1,1,0,0,8
gated_alive:a_004:117788,a_004,117788,0,5,11,2,3,3,4,3,1
gated_alive:a_004:117980,a_004,117980,0,5,11,2,3,3,5,3,11
gated_alive:a_004:118429,a_004,118429,2,1,7,0,0,6,0,0,8
gated_alive:a_004:118905,a_004,118905,1,0,0,1,2,2,3,8,10
gated_alive:a_004:118913,a_004,118913,0,5,11,2,3,3,4,3,1
gated_alive:a_004:119102,a_004,119102,5,2,1,0,1,1,0,0,0
gated_alive:a_004:119222,a_004,119222,2,5,3,4,7,13,4,3,1
gated_alive:a_004:119242,a_004,119242,0,5,11,2,3,3,4,3,1
gated_alive:a_004:119843,a_004,119843,0,4,8,2,3,3,4,5,7
gated_alive:a_004:120053,a_004,120053,5,2,1,0,1,1,0,0,0
gated_alive:a_004:120124,a_004,120124,5,2,1,0,1,1,0,0,0
gated_alive:a_004:120438,a_004,120438,2,6,2,4,7,10,2,4,2
gated_alive:a_004:121143,a_004,121143,0,5,11,2,3,3,4,3,1
gated_alive:a_004:121160,a_004,121160,1,4,0,1,2,2,3,1,4
gated_alive:a_004:121331,a_004,121331,0,5,11,2,3,3,4,3,1
gated_alive:a_004:121723,a_004,121723,3,4,8,1,5,5,2,5,7
gated_alive:a_004:121742,a_004,121742,1,4,0,3,6,9,2,6,9
gated_alive:a_004:122635,a_004,122635,1,4,4,1,5,5,1,2,3
gated_alive:a_004:122658,a_004,122658,0,2,1,0,0,0,0,8,10
gated_alive:a_004:123093,a_004,123093,5,8,10,0,1,1,0,0,8
gated_alive:a_004:123218,a_004,123218,5,2,1,0,1,1,0,0,0
gated_alive:a_004:123322,a_004,123322,2,6,2,3,6,8,2,4,2
gated_alive:a_004:123996,a_004,123996,5,2,3,2,3,3,5,7,11
gated_alive:a_004:124023,a_004,124023,2,1,7,4,7,13,2,4,2
gated_alive:a_004:124210,a_004,124210,5,2,1,0,1,1,0,0,0
gated_alive:a_004:124355,a_004,124355,0,4,8,2,3,3,0,5,7
gated_alive:a_004:124412,a_004,124412,5,2,1,0,1,1,0,0,0
gated_alive:a_004:124803,a_004,124803,3,4,4,1,5,5,1,2,3
gated_alive:a_004:124836,a_004,124836,0,5,11,2,3,3,4,3,1
gated_alive:a_004:125232,a_004,125232,5,2,1,0,1,1,0,0,0
gated_alive:a_004:125788,a_004,125788,5,2,1,0,1,1,0,0,0
gated_alive:a_004:126096,a_004,126096,5,2,1,0,1,1,0,0,8
gated_alive:a_004:126141,a_004,126141,1,0,0,1,2,2,3,1,4
gated_alive:a_004:126178,a_004,126178,2,6,2,4,7,10,2,4,2
gated_alive:a_004:126813,a_004,126813,3,9,12,1,5,5,1,2,3
gated_alive:a_004:126902,a_004,126902,2,6,2,4,7,10,2,4,2
gated_alive:a_004:126944,a_004,126944,3,9,12,3,6,8,1,6,3
gated_alive:a_004:127100,a_004,127100,3,3,4,1,5,5,1,2,3
gated_alive:a_004:127242,a_004,127242,2,1,7,4,7,13,2,4,2
gated_alive:a_004:127707,a_004,127707,2,6,13,3,9,12,2,4,2
gated_alive:a_004:128001,a_004,128001,2,6,2,3,6,9,2,4,2
gated_alive:a_004:128057,a_004,128057,2,6,2,4,7,10,2,4,2
gated_alive:a_004:128282,a_004,128282,0,5,11,0,0,0,4,8,10
gated_alive:a_004:128486,a_004,128486,3,3,4,1,5,5,1,2,5
gated_alive:a_004:129231,a_004,129231,5,2,1,0,1,1,0,0,0
gated_alive:a_004:129387,a_004,129387,1,0,0,1,2,2,3,1,4
gated_alive:a_004:129608,a_004,129608,0,5,11,2,3,3,4,3,1
gated_alive:a_004:129725,a_004,129725,2,6,2,4,7,13,2,4,2
gated_alive:a_004:129931,a_004,129931,5,2,1,0,1,1,0,0,0
gated_alive:a_004:130017,a_004,130017,2,6,2,3,6,9,2,0,9
gated_alive:a_004:130296,a_004,130296,5,8,5,3,6,9,2,6,9
gated_alive:a_004:130334,a_004,130334,0,5,11,2,3,3,5,3,11
gated_alive:a_004:130399,a_004,130399,0,5,11,3,6,8,4,3,1
gated_alive:a_004:131267,a_004,131267,1,0,6,1,2,2,3,1,10
gated_alive:a_004:131455,a_004,131455,0,4,8,2,3,3,4,3,1
gated_alive:a_004:131686,a_004,131686,0,5,11,2,3,3,4,3,1
gated_alive:a_004:131779,a_004,131779,0,2,3,2,3,3,5,7,11
gated_alive:a_004:132086,a_004,132086,0,5,11,2,3,3,4,3,1
gated_alive:a_004:132522,a_004,132522,3,4,8,3,6,8,2,4,2
gated_alive:a_004:132541,a_004,132541,3,4,4,1,5,5,1,2,3
gated_alive:a_004:133008,a_004,133008,0,4,8,2,3,3,0,5,7
gated_alive:a_004:133409,a_004,133409,0,5,11,2,3,3,4,3,1
gated_alive:a_004:133626,a_004,133626,0,4,8,2,3,3,5,5,7
gated_alive:a_004:133688,a_004,133688,0,5,11,2,3,3,4,3,1
gated_alive:a_004:133709,a_004,133709,5,2,1,3,4,4,0,0,17
gated_alive:a_004:134241,a_004,134241,3,4,0,1,5,5,1,2,3
gated_alive:a_004:134704,a_004,134704,1,4,8,2,3,3,3,1,4
gated_alive:a_004:135178,a_004,135178,1,0,0,1,2,2,3,1,4
gated_alive:a_004:135336,a_004,135336,0,4,8,2,3,3,4,5,7
gated_alive:a_004:135557,a_004,135557,0,5,11,0,0,0,4,8,10
gated_alive:a_004:136021,a_004,136021,0,4,8,2,3,3,4,5,7
gated_alive:a_004:136166,a_004,136166,5,2,1,0,1,1,0,0,0
gated_alive:a_004:136248,a_004,136248,1,4,0,1,2,2,3,1,4
gated_alive:a_004:136740,a_004,136740,0,5,11,2,3,3,4,3,1
gated_alive:a_004:137524,a_004,137524,0,5,11,2,3,3,4,3,1
gated_alive:a_004:137587,a_004,137587,3,3,4,1,5,5,1,2,3
gated_alive:a_004:138662,a_004,138662,5,2,1,0,1,1,0,0,0
gated_alive:a_004:139218,a_004,139218,2,6,2,3,9,12,2,4,2
gated_alive:a_004:139287,a_004,139287,0,4,8,2,3,3,2,5,7
gated_alive:a_004:139382,a_004,139382,2,6,8,4,7,13,2,4,2
gated_alive:a_004:139768,a_004,139768,0,5,13,3,9,12,5,10,16
gated_alive:a_004:139915,a_004,139915,1,0,0,1,2,2,3,1,6
gated_alive:a_004:140207,a_004,140207,2,1,7,4,7,13,2,4,2
gated_alive:a_004:140266,a_004,140266,0,5,11,2,3,3,4,3,1
gated_alive:a_004:140312,a_004,140312,5,2,1,0,0,0,0,8,10
gated_alive:a_005:472,a_005,472,0,4,8,3,6,8,2,5,7
gated_alive:a_005:1095,a_005,1095,3,4,4,1,5,5,1,2,3
gated_alive:a_005:1812,a_005,1812,0,4,8,0,0,7,0,7,12
gated_alive:a_005:2228,a_005,2228,1,0,6,0,0,6,0,0,15
gated_alive:a_005:2350,a_005,2350,5,2,1,0,1,1,0,0,8
gated_alive:a_005:2523,a_005,2523,5,2,1,0,1,1,0,0,0
gated_alive:a_005:2542,a_005,2542,0,4,8,2,3,3,0,5,7
gated_alive:a_005:2762,a_005,2762,3,4,4,1,5,5,1,2,3
gated_alive:a_005:3087,a_005,3087,3,4,8,1,5,5,1,2,3
gated_alive:a_005:3273,a_005,3273,0,2,1,0,1,1,0,0,0
gated_alive:a_005:4533,a_005,4533,5,2,1,0,1,1,0,0,0
gated_alive:a_005:4680,a_005,4680,3,9,5,3,6,9,1,6,9
gated_alive:a_005:4741,a_005,4741,5,8,10,3,6,9,0,6,9
gated_alive:a_005:4995,a_005,4995,1,4,0,1,2,2,3,1,4
gated_alive:a_005:5478,a_005,5478,1,0,0,1,2,2,3,1,6
gated_alive:a_005:6031,a_005,6031,5,2,1,0,1,1,0,0,8
gated_alive:a_005:6092,a_005,6092,5,2,1,0,0,7,0,7,12
gated_alive:a_005:6510,a_005,6510,3,9,12,1,5,5,1,2,3
gated_alive:a_005:6637,a_005,6637,3,9,12,3,6,8,1,2,3
gated_alive:a_005:6675,a_005,6675,2,6,2,4,7,10,2,4,2
gated_alive:a_005:6848,a_005,6848,3,4,8,3,6,8,1,6,3
gated_alive:a_005:7225,a_005,7225,0,5,11,0,0,0,4,3,1
gated_alive:a_005:7762,a_005,7762,0,5,11,2,3,3,4,3,1
gated_alive:a_005:8544,a_005,8544,5,2,1,0,1,1,0,0,0
gated_alive:a_005:8602,a_005,8602,0,2,1,0,1,1,0,0,8
gated_alive:a_005:8857,a_005,8857,2,6,2,4,7,10,2,4,2
gated_alive:a_005:10294,a_005,10294,1,4,0,1,5,5,3,1,4
gated_alive:a_005:10500,a_005,10500,3,9,12,1,5,5,1,2,3
gated_alive:a_005:10585,a_005,10585,5,2,1,0,1,1,0,0,0
gated_alive:a_005:10976,a_005,10976,2,6,13,3,9,12,2,4,2
gated_alive:a_005:11714,a_005,11714,4,7,9,5,8,11,6,9,13
gated_alive:a_005:11879,a_005,11879,3,9,12,1,5,5,1,2,3
gated_alive:a_005:11957,a_005,11957,3,9,12,1,5,5,1,2,3
gated_alive:a_005:12110,a_005,12110,3,9,12,4,7,10,1,6,3
gated_alive:a_005:12511,a_005,12511,1,0,0,1,2,2,3,1,4
gated_alive:a_005:13153,a_005,13153,3,9,4,1,5,5,1,2,3
gated_alive:a_005:13196,a_005,13196,5,2,1,0,1,1,0,0,8
gated_alive:a_005:13555,a_005,13555,3,4,4,1,5,5,1,2,3
gated_alive:a_005:14583,a_005,14583,0,2,1,0,1,1,0,0,0
gated_alive:a_005:14923,a_005,14923,3,9,12,3,6,8,1,2,3
gated_alive:a_005:14939,a_005,14939,2,1,7,4,7,13,2,4,2
gated_alive:a_005:15417,a_005,15417,2,6,2,4,7,10,2,4,2
gated_alive:a_005:15468,a_005,15468,5,2,1,0,1,1,0,0,0
gated_alive:a_005:15819,a_005,15819,3,9,12,3,6,8,1,6,3
gated_alive:a_005:15963,a_005,15963,2,6,5,4,7,10,2,4,2
gated_alive:a_005:16270,a_005,16270,3,9,5,3,6,9,2,6,9
gated_alive:a_005:16390,a_005,16390,5,2,1,0,1,1,0,0,8
gated_alive:a_005:16655,a_005,16655,2,1,2,3,9,12,2,4,2
gated_alive:a_005:16763,a_005,16763,5,2,1,0,1,1,0,8,10
gated_alive:a_005:16941,a_005,16941,3,4,12,3,6,8,1,2,3
gated_alive:a_005:17429,a_005,17429,5,2,1,0,1,1,0,0,0
gated_alive:a_005:17673,a_005,17673,2,6,5,4,7,10,2,4,9
gated_alive:a_005:18649,a_005,18649,2,1,7,4,7,13,2,4,2
gated_alive:a_005:18814,a_005,18814,5,2,3,2,3,3,5,7,11
gated_alive:a_005:18855,a_005,18855,3,9,12,1,5,5,1,2,3
gated_alive:a_005:18860,a_005,18860,0,4,8,1,5,5,2,5,9
gated_alive:a_005:19047,a_005,19047,3,4,13,3,9,12,5,10,16
gated_alive:a_005:19166,a_005,19166,3,9,12,1,5,5,1,2,3
gated_alive:a_005:19679,a_005,19679,5,2,10,0,1,1,0,0,10
gated_alive:a_005:20393,a_005,20393,1,0,0,1,5,5,3,1,4
gated_alive:a_005:20440,a_005,20440,3,3,4,1,5,5,1,2,3
gated_alive:a_005:20636,a_005,20636,2,6,2,3,6,8,2,4,2
gated_alive:a_005:20676,a_005,20676,2,6,2,4,7,10,2,4,2
gated_alive:a_005:20812,a_005,20812,0,4,8,3,6,8,2,5,7
gated_alive:a_005:21034,a_005,21034,3,9,12,3,6,8,1,6,3
gated_alive:a_005:21328,a_005,21328,0,5,11,2,3,3,4,3,1
gated_alive:a_005:21330,a_005,21330,3,9,12,3,6,8,1,6,3
gated_alive:a_005:21514,a_005,21514,3,9,12,1,5,5,1,6,3
gated_alive:a_005:23228,a_005,23228,5,2,1,0,1,1,0,0,0
gated_alive:a_005:23420,a_005,23420,3,3,4,1,5,5,3,1,6
gated_alive:a_005:23709,a_005,23709,3,9,12,1,5,5,1,2,3
gated_alive:a_005:24072,a_005,24072,3,3,4,1,5,5,1,2,3
gated_alive:a_005:24504,a_005,24504,1,0,0,2,3,3,3,1,4
gated_alive:a_005:24631,a_005,24631,1,4,0,1,2,2,3,1,4
gated_alive:a_005:24696,a_005,24696,3,9,12,3,6,8,1,6,3
gated_alive:a_005:24822,a_005,24822,0,4,8,2,3,3,2,5,7
gated_alive:a_005:25187,a_005,25187,4,7,9,5,8,11,6,9,13
gated_alive:a_005:25229,a_005,25229,3,9,12,3,6,8,1,6,3
gated_alive:a_005:25508,a_005,25508,0,4,8,0,0,0,3,8,10
gated_alive:a_005:26300,a_005,26300,2,4,13,3,9,12,2,10,16
gated_alive:a_005:26665,a_005,26665,3,3,5,3,6,9,2,6,9
gated_alive:a_005:26802,a_005,26802,3,9,12,1,5,5,1,2,3
gated_alive:a_005:27127,a_005,27127,1,0,0,1,2,2,3,1,4
gated_alive:a_005:27266,a_005,27266,5,8,10,0,0,0,0,8,10
gated_alive:a_005:27351,a_005,27351,5,2,1,0,0,0,0,8,10
gated_alive:a_005:27765,a_005,27765,2,6,2,4,7,10,2,4,2
gated_alive:a_005:28049,a_005,28049,2,6,2,4,7,10,2,4,2
gated_alive:a_005:28330,a_005,28330,1,0,0,1,2,2,3,1,6
gated_alive:a_005:28361,a_005,28361,1,4,8,1,5,5,2,5,4
gated_alive:a_005:28994,a_005,28994,2,6,2,4,7,10,2,4,2
gated_alive:a_005:29145,a_005,29145,3,9,12,1,2,2,1,6,3
gated_alive:a_005:29235,a_005,29235,3,9,12,1,5,5,1,2,3
gated_alive:a_005:29267,a_005,29267,2,1,7,4,7,13,2,4,2
gated_alive:a_005:29379,a_005,29379,1,0,0,1,5,5,3,8,10
gated_alive:a_005:29417,a_005,29417,2,6,2,4,7,10,2,4,2
gated_alive:a_005:29667,a_005,29667,3,9,12,3,6,8,1,2,3
gated_alive:a_005:29868,a_005,29868,5,2,1,0,1,1,0,0,0
gated_alive:a_005:30269,a_005,30269,5,2,1,5,8,11,0,0,0
gated_alive:a_005:31001,a_005,31001,3,9,12,1,5,5,1,6,3
gated_alive:a_005:31211,a_005,31211,3,9,12,1,5,5,1,2,3
gated_alive:a_005:31241,a_005,31241,2,1,5,3,6,9,2,4,2
gated_alive:a_005:31277,a_005,31277,1,0,6,1,2,2,3,1,6
gated_alive:a_005:31589,a_005,31589,3,9,12,3,6,8,1,6,3
gated_alive:a_005:32629,a_005,32629,2,6,2,4,7,10,2,4,2
gated_alive:a_005:32801,a_005,32801,5,2,1,0,1,1,0,0,0
gated_alive:a_005:33083,a_005,33083,3,3,4,1,5,5,1,2,3
gated_alive:a_005:33325,a_005,33325,5,2,1,0,1,1,0,0,0
gated_alive:a_005:33701,a_005,33701,3,3,4,3,6,9,1,2,3
gated_alive:a_005:33710,a_005,33710,1,0,0,1,2,2,3,1,4
gated_alive:a_005:33830,a_005,33830,3,9,12,3,6,8,1,6,3
gated_alive:a_005:33970,a_005,33970,5,8,13,3,9,12,5,10,16
gated_alive:a_005:34333,a_005,34333,3,3,6,1,2,2,3,8,10
gated_alive:a_005:34555,a_005,34555,5,2,1,0,1,1,0,0,0
gated_alive:a_005:34784,a_005,34784,1,0,0,1,2,2,3,1,6
gated_alive:a_005:34838,a_005,34838,0,4,8,2,3,3,1,5,7
gated_alive:a_005:35184,a_005,35184,3,9,12,3,6,8,1,6,3
gated_alive:a_005:36338,a_005,36338,2,6,2,4,7,10,2,4,2
gated_alive:a_005:36347,a_005,36347,2,6,2,4,7,13,2,4,2
gated_alive:a_005:36598,a_005,36598,1,0,0,1,2,2,3,1,4
gated_alive:a_005:36605,a_005,36605,2,6,2,4,7,10,2,4,2
gated_alive:a_005:36859,a_005,36859,2,1,7,4,7,13,2,4,2
gated_alive:a_005:36936,a_005,36936,2,6,2,4,7,13,2,4,2
gated_alive:a_005:37105,a_005,37105,5,2,1,0,1,1,0,0,0
gated_alive:a_005:37606,a_005,37606,3,4,4,1,5,5,1,2,3
gated_alive:a_005:37826,a_005,37826,1,4,0,1,5,5,3,1,4
gated_alive:a_005:37929,a_005,37929,0,4,8,1,5,5,1,2,7
gated_alive:a_005:38251,a_005,38251,3,9,12,1,5,5,1,2,3
gated_alive:a_005:38335,a_005,38335,3,4,4,1,5,5,1,2,3
gated_alive:a_005:38551,a_005,38551,3,9,12,3,6,8,1,6,3
gated_alive:a_005:38980,a_005,38980,3,3,4,1,5,5,1,2,12
gated_alive:a_005:39407,a_005,39407,1,3,4,1,2,2,3,8,10
gated_alive:a_005:39554,a_005,39554,0,4,8,2,3,3,4,5,7
gated_alive:a_005:39614,a_005,39614,2,6,2,4,7,10,2,4,2
gated_alive:a_005:40033,a_005,40033,5,2,1,0,1,1,0,0,0
gated_alive:a_005:40146,a_005,40146,3,9,12,1,5,5,1,2,3
gated_alive:a_005:40185,a_005,40185,2,1,7,4,7,13,2,4,2
gated_alive:a_005:41038,a_005,41038,3,9,5,3,6,9,2,6,9
gated_alive:a_005:41225,a_005,41225,1,4,0,1,5,5,1,2,3
gated_alive:a_005:41462,a_005,41462,1,4,0,1,5,5,1,2,3
gated_alive:a_005:41515,a_005,41515,5,2,1,0,1,1,0,0,0
gated_alive:a_005:41749,a_005,41749,3,4,8,3,6,8,2,6,3
gated_alive:a_005:42204,a_005,42204,3,4,4,1,5,5,1,2,5
gated_alive:a_005:43090,a_005,43090,3,9,12,3,6,8,1,2,3
gated_alive:a_005:43225,a_005,43225,3,9,12,3,6,8,1,6,3
gated_alive:a_005:43542,a_005,43542,3,9,12,3,6,8,1,6,3
gated_alive:a_005:44054,a_005,44054,2,6,2,4,7,10,2,4,2
gated_alive:a_005:44103,a_005,44103,0,4,8,2,3,3,0,5,7
gated_alive:a_005:44381,a_005,44381,3,9,12,1,5,5,1,2,3
gated_alive:a_005:44518,a_005,44518,5,2,1,0,1,1,0,0,8
gated_alive:a_005:44940,a_005,44940,3,4,8,3,6,9,2,6,9
gated_alive:a_005:44991,a_005,44991,3,9,4,1,5,5,1,2,3
gated_alive:a_005:45118,a_005,45118,2,6,2,4,7,10,2,4,2
gated_alive:a_005:45199,a_005,45199,0,5,11,2,3,3,4,3,1
gated_alive:a_005:46225,a_005,46225,5,2,1,0,1,1,0,0,0
gated_alive:a_005:47076,a_005,47076,1,0,0,1,2,2,3,1,6
gated_alive:a_005:47527,a_005,47527,0,5,11,2,3,3,5,3,11
gated_alive:a_005:47777,a_005,47777,2,6,8,4,7,10,2,4,2
gated_alive:a_005:48004,a_005,48004,0,5,11,0,0,0,4,8,10
gated_alive:a_005:48757,a_005,48757,0,4,8,3,4,4,0,0,17
gated_alive:a_005:48846,a_005,48846,0,5,8,0,0,0,4,5,7
gated_alive:a_005:49058,a_005,49058,3,9,12,1,5,5,1,2,3
gated_alive:a_005:49171,a_005,49171,3,9,12,1,5,5,1,2,3
gated_alive:a_005:49471,a_005,49471,3,9,12,1,5,5,1,2,3
gated_alive:a_005:49702,a_005,49702,3,9,12,1,5,5,1,2,3
gated_alive:a_005:49839,a_005,49839,5,2,1,0,1,1,0,0,0
gated_alive:a_005:50007,a_005,50007,3,9,4,1,5,5,1,2,3
gated_alive:a_005:50213,a_005,50213,3,3,4,1,5,5,1,2,12
gated_alive:a_005:50236,a_005,50236,2,6,2,3,6,8,2,4,2
gated_alive:a_005:50502,a_005,50502,0,2,1,0,1,1,0,0,7
gated_alive:a_005:50548,a_005,50548,3,4,8,1,5,5,1,2,3
gated_alive:a_005:50620,a_005,50620,5,8,10,0,0,0,0,0,15
gated_alive:a_005:51016,a_005,51016,5,2,1,0,1,1,0,0,0
gated_alive:a_005:51463,a_005,51463,3,9,12,1,5,5,1,2,3
gated_alive:a_005:51639,a_005,51639,3,9,4,1,5,5,1,2,3
gated_alive:a_005:51771,a_005,51771,2,8,3,4,7,10,0,4,0
gated_alive:a_005:51794,a_005,51794,3,3,4,1,5,5,1,2,5
gated_alive:a_005:51806,a_005,51806,3,4,4,1,5,5,1,2,3
gated_alive:a_005:51894,a_005,51894,3,3,4,0,0,0,1,2,10
gated_alive:a_005:51915,a_005,51915,0,2,1,0,1,1,0,0,8
gated_alive:a_005:52702,a_005,52702,5,2,1,0,0,0,0,8,10
gated_alive:a_005:53246,a_005,53246,0,4,8,3,9,12,5,10,16
gated_alive:a_005:53531,a_005,53531,2,1,7,4,7,13,2,4,2
gated_alive:a_005:53998,a_005,53998,0,4,8,2,3,3,0,5,7
gated_alive:a_005:54105,a_005,54105,1,0,0,2,3,3,3,1,4
gated_alive:a_005:54332,a_005,54332,5,2,1,0,0,0,0,8,10
gated_alive:a_005:54379,a_005,54379,3,9,4,1,5,5,1,2,3
gated_alive:a_005:54654,a_005,54654,2,6,5,4,7,10,2,4,2
gated_alive:a_005:54796,a_005,54796,3,9,5,3,6,9,2,6,9
gated_alive:a_005:54870,a_005,54870,0,5,11,2,3,3,4,3,1
gated_alive:a_005:54969,a_005,54969,3,9,5,1,5,5,2,6,9
gated_alive:a_005:55946,a_005,55946,0,5,11,2,3,3,4,3,1
gated_alive:a_005:56104,a_005,56104,2,6,2,4,7,10,2,4,2
gated_alive:a_005:56286,a_005,56286,2,1,7,4,7,13,2,4,2
gated_alive:a_005:56322,a_005,56322,2,6,2,4,7,13,2,4,2
gated_alive:a_005:57585,a_005,57585,2,1,7,4,7,13,2,4,2
gated_alive:a_005:58044,a_005,58044,2,6,2,4,7,10,2,4,2
gated_alive:a_005:58177,a_005,58177,3,4,5,3,6,9,2,6,9
gated_alive:a_005:58649,a_005,58649,5,2,1,0,1,1,0,0,10
gated_alive:a_005:58936,a_005,58936,0,4,8,0,1,1,0,5,7
gated_alive:a_005:59191,a_005,59191,2,6,5,4,7,13,2,5,14
gated_alive:a_005:59289,a_005,59289,1,0,0,1,2,2,3,1,4
gated_alive:a_005:59759,a_005,59759,2,6,5,3,6,8,2,4,2
gated_alive:a_005:60139,a_005,60139,5,2,1,0,1,1,0,0,8
gated_alive:a_005:60415,a_005,60415,2,6,2,3,6,8,2,4,2
gated_alive:a_005:60437,a_005,60437,3,4,12,1,5,5,1,2,3
gated_alive:a_005:60964,a_005,60964,3,4,8,1,5,5,1,2,3
gated_alive:a_005:61450,a_005,61450,5,2,1,0,1,1,0,0,0
gated_alive:a_005:61482,a_005,61482,3,9,12,3,6,8,1,6,3
gated_alive:a_005:61802,a_005,61802,3,9,12,1,5,5,1,2,3
gated_alive:a_005:61895,a_005,61895,3,9,12,3,6,8,1,2,3
gated_alive:a_005:62212,a_005,62212,0,4,8,2,3,3,4,5,7
gated_alive:a_005:62278,a_005,62278,3,3,4,1,5,5,1,2,3
gated_alive:a_005:62523,a_005,62523,3,9,12,1,5,5,1,2,3
gated_alive:a_005:62827,a_005,62827,3,3,4,1,5,5,1,2,3
gated_alive:a_005:62889,a_005,62889,5,2,3,0,1,1,0,0,11
gated_alive:a_005:62989,a_005,62989,5,2,1,0,1,1,0,0,0
gated_alive:a_005:63352,a_005,63352,5,2,1,0,1,1,0,0,0
gated_alive:a_005:63413,a_005,63413,3,9,12,1,5,5,1,2,3
gated_alive:a_005:64582,a_005,64582,2,6,13,3,9,12,2,4,2
gated_alive:a_005:64675,a_005,64675,3,9,12,1,5,5,1,6,3
gated_alive:a_005:65477,a_005,65477,1,0,0,1,2,2,3,8,10
gated_alive:a_005:65572,a_005,65572,5,8,10,0,0,0,0,8,10
gated_alive:a_005:65788,a_005,65788,3,9,12,1,5,5,1,2,3
gated_alive:a_005:66261,a_005,66261,3,3,4,1,5,5,1,2,3
gated_alive:a_005:68145,a_005,68145,3,9,12,1,5,5,1,2,3
gated_alive:a_005:69014,a_005,69014,3,9,12,1,5,5,1,2,3
gated_alive:a_005:69170,a_005,69170,4,7,9,5,8,11,6,9,13
gated_alive:a_005:69239,a_005,69239,2,1,7,4,7,10,2,4,2
gated_alive:a_005:69363,a_005,69363,0,5,3,0,0,0,5,7,11
gated_alive:a_005:69432,a_005,69432,3,4,8,1,5,5,1,2,5
gated_alive:a_005:69623,a_005,69623,2,9,13,3,9,12,5,10,16
gated_alive:a_005:69910,a_005,69910,3,9,12,1,5,5,1,2,3
gated_alive:a_005:70259,a_005,70259,5,2,1,0,1,1,0,0,7
gated_alive:a_005:70271,a_005,70271,0,4,8,0,1,1,0,5,7
gated_alive:a_005:70496,a_005,70496,3,3,4,1,5,5,1,2,3
gated_alive:a_005:70510,a_005,70510,1,0,0,1,2,2,3,1,4
gated_alive:a_005:70830,a_005,70830,5,2,1,0,0,7,0,7,12
gated_alive:a_005:71081,a_005,71081,0,2,1,0,1,1,0,0,7
gated_alive:a_005:71830,a_005,71830,0,2,1,0,1,1,0,0,7
gated_alive:a_005:72126,a_005,72126,3,9,12,3,9,12,1,6,3
gated_alive:a_005:72174,a_005,72174,3,9,4,1,5,5,1,2,3
gated_alive:a_005:72302,a_005,72302,0,2,3,0,0,0,0,8,10
gated_alive:a_005:72555,a_005,72555,1,4,0,3,6,8,3,1,4
gated_alive:a_005:73152,a_005,73152,0,4,8,2,3,3,0,5,7
gated_alive:a_005:73442,a_005,73442,0,5,11,2,3,3,4,3,1
gated_alive:a_005:73550,a_005,73550,3,3,4,3,6,8,1,2,3
gated_alive:a_005:73843,a_005,73843,5,2,3,2,3,3,5,7,11
gated_alive:a_005:73931,a_005,73931,3,9,12,1,5,5,1,4,3
gated_alive:a_005:74152,a_005,74152,3,9,12,3,6,8,1,2,3
gated_alive:a_005:74997,a_005,74997,3,4,4,1,5,5,1,2,3
gated_alive:a_005:75094,a_005,75094,0,2,3,2,3,3,5,7,11
gated_alive:a_005:75420,a_005,75420,3,4,12,1,5,5,1,2,3
gated_alive:a_005:75858,a_005,75858,0,2,1,2,3,3,0,5,7
gated_alive:a_005:76093,a_005,76093,0,5,11,0,1,1,4,3,1
gated_alive:a_005:76254,a_005,76254,0,5,11,2,3,3,4,5,7
gated_alive:a_005:76320,a_005,76320,5,9,12,1,5,5,1,6,3
gated_alive:a_005:76339,a_005,76339,3,9,12,1,5,5,1,2,3
gated_alive:a_005:77029,a_005,77029,2,6,2,4,7,13,2,4,2
gated_alive:a_005:77297,a_005,77297,2,8,10,4,7,10,0,6,9
gated_alive:a_005:77599,a_005,77599,3,9,12,3,6,8,1,2,3
gated_alive:a_005:77604,a_005,77604,3,4,5,3,6,9,2,6,9
gated_alive:a_005:77621,a_005,77621,3,9,12,1,5,5,1,6,3
gated_alive:a_005:77824,a_005,77824,3,9,12,0,1,1,1,2,3
gated_alive:a_005:78391,a_005,78391,3,9,12,3,6,8,1,2,3
gated_alive:a_005:78720,a_005,78720,5,8,10,3,6,9,0,7,12
gated_alive:a_005:78958,a_005,78958,5,2,13,3,9,12,5,10,16
gated_alive:a_005:79155,a_005,79155,0,4,8,2,3,3,0,5,7
gated_alive:a_005:79198,a_005,79198,2,6,2,4,7,13,2,4,2
gated_alive:a_005:79759,a_005,79759,3,3,4,1,5,5,1,2,3
gated_alive:a_005:79971,a_005,79971,5,2,1,0,1,1,0,0,0
gated_alive:a_005:80634,a_005,80634,4,7,9,5,8,11,6,9,13
gated_alive:a_005:80929,a_005,80929,0,5,11,2,3,3,4,3,1
gated_alive:a_005:80964,a_005,80964,0,2,1,0,1,1,0,0,0
gated_alive:a_005:81033,a_005,81033,0,4,8,3,6,8,2,5,14
gated_alive:a_005:81234,a_005,81234,0,9,12,2,3,3,1,6,3
gated_alive:a_005:81426,a_005,81426,3,9,12,3,6,8,1,6,3
gated_alive:a_005:81630,a_005,81630,0,2,1,0,1,1,0,0,0
gated_alive:a_005:81915,a_005,81915,3,4,8,1,5,5,1,2,3
gated_alive:a_005:81971,a_005,81971,3,9,12,1,5,5,1,6,3
gated_alive:a_005:82081,a_005,82081,0,2,3,2,3,3,5,7,11
gated_alive:a_005:82605,a_005,82605,3,9,12,3,6,8,1,6,3
gated_alive:a_005:83032,a_005,83032,0,2,1,0,1,1,0,0,8
gated_alive:a_005:83638,a_005,83638,3,3,6,1,5,5,1,2,5
gated_alive:a_005:84413,a_005,84413,5,2,1,0,1,1,0,0,0
gated_alive:a_005:84459,a_005,84459,0,2,1,2,3,3,0,5,7
gated_alive:a_005:84496,a_005,84496,0,5,11,2,3,3,4,3,1
gated_alive:a_005:84571,a_005,84571,4,7,9,5,8,11,6,9,13
gated_alive:a_005:84623,a_005,84623,5,2,1,0,1,1,0,0,0
gated_alive:a_005:84866,a_005,84866,2,6,2,4,7,13,2,4,2
gated_alive:a_005:84907,a_005,84907,3,9,12,3,6,8,1,2,3
gated_alive:a_005:85046,a_005,85046,3,9,12,3,6,8,1,2,3
gated_alive:a_005:85715,a_005,85715,5,2,1,0,1,1,0,0,0
gated_alive:a_005:85886,a_005,85886,3,9,5,3,6,9,2,6,9
gated_alive:a_005:86601,a_005,86601,2,6,2,0,0,0,2,4,2
gated_alive:a_005:86625,a_005,86625,2,6,2,4,7,10,2,4,2
gated_alive:a_005:87648,a_005,87648,0,4,8,2,3,3,0,5,7
gated_alive:a_005:88177,a_005,88177,0,5,11,2,3,3,5,3,11
gated_alive:a_005:88599,a_005,88599,1,0,6,0,0,6,3,1,6
gated_alive:a_005:88770,a_005,88770,5,2,1,0,1,1,0,0,0
gated_alive:a_005:88845,a_005,88845,5,9,12,0,1,1,0,6,9
gated_alive:a_005:88858,a_005,88858,1,0,0,1,2,2,3,1,4
gated_alive:a_005:89125,a_005,89125,1,4,0,1,5,5,1,2,3
gated_alive:a_005:89337,a_005,89337,1,0,12,3,6,8,1,6,3
gated_alive:a_005:89633,a_005,89633,2,1,7,4,7,10,2,4,2
gated_alive:a_005:90647,a_005,90647,5,2,1,0,1,1,0,0,0
gated_alive:a_005:90824,a_005,90824,2,1,7,4,7,13,2,4,2
gated_alive:a_005:90882,a_005,90882,1,4,0,1,5,5,1,1,4
gated_alive:a_005:91066,a_005,91066,0,5,11,0,1,1,0,0,0
gated_alive:a_005:91632,a_005,91632,5,2,1,0,0,0,0,0,0
gated_alive:a_005:91637,a_005,91637,3,9,12,1,5,5,1,2,3
gated_alive:a_005:92119,a_005,92119,5,2,1,0,1,1,0,0,0
gated_alive:a_005:92539,a_005,92539,5,9,12,0,1,1,0,7,9
gated_alive:a_005:93007,a_005,93007,3,3,4,1,5,5,1,2,12
gated_alive:a_005:93337,a_005,93337,0,2,1,2,3,3,0,5,7
gated_alive:a_005:93667,a_005,93667,3,9,12,3,4,4,1,2,3
gated_alive:a_005:93860,a_005,93860,3,9,12,3,6,8,2,4,3
gated_alive:a_005:94279,a_005,94279,2,6,2,4,7,10,2,4,2
gated_alive:a_005:94490,a_005,94490,1,4,0,1,5,5,3,1,4
gated_alive:a_005:94787,a_005,94787,2,6,2,5,8,11,2,4,2
gated_alive:a_005:95095,a_005,95095,5,2,1,0,1,1,0,0,0
gated_alive:a_005:95426,a_005,95426,0,2,1,0,1,1,0,0,0
gated_alive:a_005:95812,a_005,95812,2,6,2,4,7,10,2,4,2
gated_alive:a_005:95847,a_005,95847,0,5,11,2,3,3,4,3,1
gated_alive:a_005:96289,a_005,96289,2,1,7,4,7,13,2,4,2
gated_alive:a_005:96340,a_005,96340,0,5,11,2,3,3,4,3,1
gated_alive:a_005:96558,a_005,96558,5,1,3,3,9,12,5,7,11
gated_alive:a_005:96583,a_005,96583,5,2,1,0,1,1,0,0,0
gated_alive:a_005:96674,a_005,96674,2,6,2,5,8,11,2,4,2
gated_alive:a_005:96829,a_005,96829,0,4,8,2,3,3,0,5,7
gated_alive:a_005:97435,a_005,97435,1,0,0,1,2,2,3,1,4
gated_alive:a_005:98247,a_005,98247,3,3,5,3,6,9,2,6,9
gated_alive:a_005:98428,a_005,98428,3,3,4,1,5,5,1,2,12
gated_alive:a_005:98862,a_005,98862,1,4,0,1,5,5,3,1,4
gated_alive:a_005:99569,a_005,99569,5,2,3,2,3,3,5,7,11
gated_alive:a_005:99722,a_005,99722,3,3,4,1,5,5,1,2,3
gated_alive:a_005:99890,a_005,99890,2,6,2,4,7,10,2,4,2
gated_alive:a_005:99931,a_005,99931,2,1,7,4,7,13,2,4,2
gated_alive:a_005:100542,a_005,100542,2,6,5,4,7,10,2,4,2
gated_alive:a_005:100761,a_005,100761,3,4,8,1,5,5,2,5,7
gated_alive:a_005:101128,a_005,101128,3,9,5,3,6,9,2,6,9
gated_alive:a_005:101195,a_005,101195,3,9,12,1,5,5,1,2,3
gated_alive:a_005:101204,a_005,101204,2,1,2,4,7,10,2,4,2
gated_alive:a_005:101467,a_005,101467,2,6,2,4,7,10,2,4,2
gated_alive:a_005:101992,a_005,101992,3,9,12,3,6,8,1,6,3
gated_alive:a_005:102276,a_005,102276,1,0,0,1,2,2,3,1,6
gated_alive:a_005:102643,a_005,102643,2,6,2,4,7,10,2,4,2
gated_alive:a_005:102741,a_005,102741,3,3,4,1,5,5,1,2,5
gated_alive:a_005:103045,a_005,103045,5,2,1,0,1,1,0,0,0
gated_alive:a_005:103457,a_005,103457,3,4,8,3,6,8,1,6,3
gated_alive:a_005:103656,a_005,103656,5,2,1,3,6,8,0,0,8
gated_alive:a_005:103752,a_005,103752,3,9,12,1,2,2,1,6,3
gated_alive:a_005:104768,a_005,104768,0,4,8,3,6,8,2,5,7
gated_alive:a_005:104875,a_005,104875,0,4,8,2,3,3,0,5,7
gated_alive:a_005:104954,a_005,104954,3,9,12,3,6,8,1,6,3
gated_alive:a_005:105005,a_005,105005,3,9,13,3,9,12,5,10,16
gated_alive:a_005:105011,a_005,105011,0,5,11,2,3,3,4,5,7
gated_alive:a_005:105301,a_005,105301,2,6,2,4,7,10,2,4,2
gated_alive:a_005:105302,a_005,105302,5,2,1,0,1,1,0,0,0
gated_alive:a_005:105472,a_005,105472,3,9,5,4,7,13,2,4,2
gated_alive:a_005:105599,a_005,105599,2,1,7,4,7,13,2,4,2
gated_alive:a_005:106487,a_005,106487,2,1,7,4,7,13,2,4,2
gated_alive:a_005:107209,a_005,107209,0,5,11,2,3,3,4,3,1
gated_alive:a_005:107303,a_005,107303,1,9,0,3,6,8,1,6,3
gated_alive:a_005:107484,a_005,107484,1,4,0,1,5,5,3,1,4
gated_alive:a_005:107501,a_005,107501,2,6,2,4,7,13,2,4,2
gated_alive:a_005:108257,a_005,108257,0,2,1,0,1,1,0,0,0
gated_alive:a_005:108347,a_005,108347,5,2,1,0,1,1,0,0,8
gated_alive:a_005:108392,a_005,108392,3,1,7,4,7,13,2,4,2
gated_alive:a_005:108601,a_005,108601,3,4,4,1,5,5,1,2,3
gated_alive:a_005:109289,a_005,109289,3,3,4,1,5,5,1,2,5
gated_alive:a_005:109866,a_005,109866,1,3,4,1,5,5,1,2,5
gated_alive:a_005:110069,a_005,110069,0,4,8,3,6,8,2,5,7
gated_alive:a_005:110593,a_005,110593,0,4,8,3,6,8,2,5,9
gated_alive:a_005:110891,a_005,110891,0,5,11,2,3,3,4,3,1
gated_alive:a_005:111211,a_005,111211,5,2,1,0,1,1,0,0,8
gated_alive:a_005:111342,a_005,111342,5,2,1,0,1,1,0,0,0
gated_alive:a_005:111474,a_005,111474,3,9,12,1,5,5,1,2,3
gated_alive:a_005:111621,a_005,111621,0,2,1,0,0,0,0,8,10
gated_alive:a_005:112079,a_005,112079,3,4,8,1,5,5,1,2,3
gated_alive:a_005:112330,a_005,112330,3,4,12,1,5,5,1,2,3
gated_alive:a_005:113107,a_005,113107,0,4,8,2,3,3,4,5,7
gated_alive:a_005:113183,a_005,113183,2,6,2,4,7,10,2,4,2
gated_alive:a_005:113666,a_005,113666,3,4,8,3,9,12,2,4,2
gated_alive:a_005:113730,a_005,113730,5,2,1,0,1,1,0,0,0
gated_alive:a_005:114168,a_005,114168,5,2,3,0,0,0,5,7,11
gated_alive:a_005:114303,a_005,114303,0,4,8,1,5,5,2,5,7
gated_alive:a_005:114509,a_005,114509,2,6,2,4,7,10,2,4,2
gated_alive:a_005:114894,a_005,114894,5,2,1,0,1,1,0,0,0
gated_alive:a_005:115333,a_005,115333,2,1,7,4,7,13,2,4,2
gated_alive:a_005:115458,a_005,115458,3,9,12,3,6,8,1,2,3
gated_alive:a_005:115738,a_005,115738,2,6,2,3,6,8,2,4,2
gated_alive:a_005:115910,a_005,115910,3,3,4,1,5,5,1,2,3
gated_alive:a_005:116227,a_005,116227,1,0,0,2,3,3,3,1,4
gated_alive:a_005:116299,a_005,116299,3,9,12,1,5,5,1,2,3
gated_alive:a_005:116625,a_005,116625,0,4,8,2,3,3,2,5,7
gated_alive:a_005:116816,a_005,116816,0,4,8,3,6,8,2,4,2
gated_alive:a_005:117457,a_005,117457,5,2,1,0,1,1,0,0,0
gated_alive:a_005:117837,a_005,117837,1,0,0,1,2,2,3,1,6
gated_alive:a_005:117908,a_005,117908,0,5,11,2,3,3,4,3,1
gated_alive:a_005:118063,a_005,118063,0,4,8,2,3,3,2,5,7
gated_alive:a_005:118661,a_005,118661,1,4,0,1,5,5,3,1,4
gated_alive:a_005:118678,a_005,118678,3,9,5,3,6,9,2,6,9
gated_alive:a_005:118821,a_005,118821,0,4,8,2,3,3,4,5,7
gated_alive:a_005:119456,a_005,119456,1,4,0,1,5,5,3,1,4
gated_alive:a_005:119697,a_005,119697,3,4,4,1,5,5,1,2,3
gated_alive:a_005:119717,a_005,119717,1,3,4,1,2,2,1,2,5
gated_alive:a_005:119887,a_005,119887,3,4,4,1,5,5,1,2,3
gated_alive:a_005:119988,a_005,119988,0,5,11,2,3,3,4,3,1
gated_alive:a_005:120037,a_005,120037,2,6,2,4,7,10,2,4,2
gated_alive:a_005:120076,a_005,120076,0,4,8,2,3,3,0,3,11
gated_alive:a_005:120098,a_005,120098,2,6,2,3,6,8,2,4,2
gated_alive:a_005:120195,a_005,120195,0,4,8,3,6,8,2,5,7
gated_alive:a_005:120828,a_005,120828,2,6,2,4,7,10,2,4,2
gated_alive:a_005:121604,a_005,121604,3,9,4,3,6,8,1,2,3
gated_alive:a_005:121683,a_005,121683,0,4,8,2,3,3,5,5,7
gated_alive:a_005:122200,a_005,122200,1,0,0,1,2,2,3,1,4
gated_alive:a_005:122266,a_005,122266,2,1,7,3,4,4,2,4,2
gated_alive:a_005:123099,a_005,123099,5,2,1,0,1,1,0,0,0
gated_alive:a_005:123349,a_005,123349,2,6,2,4,7,13,2,4,2
gated_alive:a_005:123490,a_005,123490,1,0,0,3,4,4,3,1,17
gated_alive:a_005:124236,a_005,124236,3,9,12,3,6,8,1,2,3
gated_alive:a_005:124662,a_005,124662,0,5,11,0,1,1,4,5,7
gated_alive:a_005:125205,a_005,125205,3,9,12,1,5,5,1,2,3
gated_alive:a_005:125615,a_005,125615,3,9,12,1,5,5,1,4,2
gated_alive:a_005:125976,a_005,125976,0,4,5,3,6,8,2,6,9
gated_alive:a_005:126508,a_005,126508,3,9,4,1,5,5,1,2,3
gated_alive:a_005:126516,a_005,126516,0,4,8,2,3,3,4,5,7
gated_alive:a_005:127940,a_005,127940,1,0,0,1,2,2,3,1,4
gated_alive:a_005:129019,a_005,129019,5,2,1,0,1,1,0,0,0
gated_alive:a_005:129207,a_005,129207,3,4,5,3,6,8,2,6,9
gated_alive:a_005:129654,a_005,129654,2,1,7,4,7,13,2,4,2
gated_alive:a_005:129834,a_005,129834,3,9,12,1,5,5,1,2,3
gated_alive:a_005:129952,a_005,129952,2,6,2,4,7,10,2,4,2
gated_alive:a_005:130551,a_005,130551,3,3,4,1,5,5,1,2,5
gated_alive:a_005:130723,a_005,130723,0,2,1,0,1,1,0,0,7
gated_alive:a_005:131114,a_005,131114,3,9,12,1,5,5,1,6,3
gated_alive:a_005:131511,a_005,131511,3,9,12,3,6,8,1,6,3
gated_alive:a_005:131679,a_005,131679,2,6,13,3,9,12,2,4,2
gated_alive:a_005:132174,a_005,132174,3,9,12,3,6,8,1,6,3
gated_alive:a_005:132207,a_005,132207,3,9,12,3,6,8,1,6,3
gated_alive:a_005:133010,a_005,133010,1,4,0,1,5,5,3,1,4
gated_alive:a_005:133147,a_005,133147,3,4,0,1,5,5,1,2,3
gated_alive:a_005:133152,a_005,133152,2,6,2,4,7,10,2,4,2
gated_alive:a_005:134488,a_005,134488,2,6,2,4,7,10,2,4,2
gated_alive:a_005:135005,a_005,135005,2,6,2,4,7,10,2,4,2
gated_alive:a_005:135560,a_005,135560,3,9,12,3,6,8,1,6,3
gated_alive:a_005:135620,a_005,135620,3,9,12,3,6,8,1,6,3
gated_alive:a_005:136124,a_005,136124,3,9,12,3,6,8,1,2,3
gated_alive:a_005:136226,a_005,136226,2,4,8,3,4,4,2,4,2
gated_alive:a_005:136254,a_005,136254,2,6,2,3,6,8,2,4,2
gated_alive:a_005:136350,a_005,136350,0,4,8,2,3,3,0,5,7
gated_alive:a_005:136898,a_005,136898,0,4,8,2,3,3,0,5,7
gated_alive:a_005:137041,a_005,137041,3,3,4,1,5,5,1,2,5
gated_alive:a_005:137247,a_005,137247,2,6,2,4,7,10,2,4,2
gated_alive:a_005:138665,a_005,138665,2,6,2,4,7,10,2,4,2
gated_alive:a_005:139409,a_005,139409,3,9,13,3,9,12,5,10,16
gated_alive:a_005:139804,a_005,139804,3,9,12,3,6,8,1,6,3
gated_alive:a_005:140043,a_005,140043,3,9,12,3,6,8,1,2,3
gated_alive:a_005:140221,a_005,140221,3,4,4,1,5,5,1,2,3
gated_alive:a_005:140941,a_005,140941,5,2,1,0,1,1,0,0,0
gated_alive:a_005:142099,a_005,142099,3,9,5,3,6,9,2,6,9
gated_alive:a_005:143371,a_005,143371,3,9,12,3,6,8,1,6,3
gated_alive:a_005:144041,a_005,144041,3,4,12,1,5,5,1,2,3
gated_alive:a_005:144135,a_005,144135,3,9,12,3,6,8,1,6,3
gated_alive:a_005:144202,a_005,144202,3,4,4,1,5,5,1,2,3
gated_alive:a_005:144272,a_005,144272,2,6,2,4,7,10,2,4,2
gated_alive:a_005:144294,a_005,144294,1,4,0,1,2,2,3,1,4
gated_alive:a_005:144629,a_005,144629,5,2,1,0,1,1,0,0,0
gated_alive:a_005:144697,a_005,144697,3,9,12,3,6,8,1,2,3
gated_alive:a_005:145015,a_005,145015,4,7,9,5,8,11,6,9,13
gated_alive:a_005:146255,a_005,146255,3,9,12,3,6,8,1,6,3
gated_alive:a_005:146320,a_005,146320,2,6,2,4,7,10,2,4,2
gated_alive:a_005:146596,a_005,146596,3,9,12,3,6,9,2,6,9
gated_alive:a_005:147134,a_005,147134,2,6,2,3,6,8,2,4,2
gated_alive:a_005:147276,a_005,147276,3,9,12,1,5,5,1,6,3
gated_alive:a_005:148126,a_005,148126,2,1,7,4,7,13,2,4,2
gated_alive:a_005:148209,a_005,148209,0,5,11,2,3,3,4,3,1
gated_alive:a_005:148226,a_005,148226,2,6,2,4,7,10,2,4,2
gated_alive:a_005:149287,a_005,149287,1,0,0,1,2,2,3,8,10
gated_alive:a_005:149300,a_005,149300,5,2,1,0,1,1,0,0,0
gated_alive:a_005:149326,a_005,149326,3,4,4,1,5,5,1,2,3
gated_alive:a_005:150072,a_005,150072,0,9,12,2,3,3,5,3,11
gated_alive:a_005:150219,a_005,150219,1,0,0,1,2,2,3,1,4
gated_alive:a_005:151213,a_005,151213,0,5,11,2,3,3,4,3,1
gated_alive:a_005:151690,a_005,151690,1,4,0,3,6,8,1,6,3
gated_alive:a_005:151773,a_005,151773,1,4,5,3,6,9,2,6,9
gated_alive:a_005:152110,a_005,152110,0,4,8,2,3,3,4,5,7
gated_alive:a_005:152926,a_005,152926,2,6,2,4,7,10,2,4,2
gated_alive:a_005:153266,a_005,153266,5,2,1,0,1,1,0,0,0
gated_alive:a_005:153576,a_005,153576,2,9,12,3,9,12,2,4,2
gated_alive:a_005:153601,a_005,153601,2,6,2,4,7,10,2,4,2
gated_alive:a_005:153677,a_005,153677,0,2,1,0,0,0,0,8,10
gated_alive:a_005:154050,a_005,154050,1,0,0,1,2,2,3,1,4
gated_alive:a_005:154381,a_005,154381,0,4,5,3,6,9,2,6,9
gated_alive:a_005:154459,a_005,154459,0,4,8,2,3,3,0,5,7
gated_alive:a_005:154551,a_005,154551,3,9,5,1,5,5,1,2,3
gated_alive:a_005:154750,a_005,154750,0,4,8,2,3,3,4,5,7
gated_alive:a_005:154828,a_005,154828,5,2,1,0,1,1,0,0,0
gated_alive:a_005:154950,a_005,154950,2,6,5,4,7,10,2,4,2
gated_alive:a_005:155036,a_005,155036,1,4,0,1,5,5,3,1,4
gated_alive:a_006:228,a_006,228,1,0,0,1,2,2,3,1,6
gated_alive:a_006:433,a_006,433,1,0,0,1,2,2,3,1,4
gated_alive:a_006:580,a_006,580,1,4,0,1,2,2,3,1,4
gated_alive:a_006:581,a_006,581,3,4,8,1,5,5,1,6,3
gated_alive:a_006:737,a_006,737,5,2,1,0,1,1,0,0,0
gated_alive:a_006:870,a_006,870,1,0,0,1,2,2,3,1,4
gated_alive:a_006:1412,a_006,1412,0,5,11,2,3,3,4,3,1
gated_alive:a_006:1462,a_006,1462,0,4,8,5,8,11,2,5,2
gated_alive:a_006:1575,a_006,1575,1,0,0,1,2,2,3,1,4
gated_alive:a_006:1680,a_006,1680,0,5,11,2,3,3,4,3,1
gated_alive:a_006:2004,a_006,2004,0,5,11,2,3,3,4,3,1
gated_alive:a_006:2287,a_006,2287,1,0,6,3,6,8,3,1,6
gated_alive:a_006:2310,a_006,2310,5,2,1,0,0,6,0,0,0
gated_alive:a_006:2333,a_006,2333,3,4,8,1,5,5,1,2,3
gated_alive:a_006:2566,a_006,2566,3,4,8,3,6,8,1,6,3
gated_alive:a_006:2801,a_006,2801,5,2,3,2,3,3,5,7,11
gated_alive:a_006:3058,a_006,3058,5,9,12,3,6,8,0,0,0
gated_alive:a_006:3214,a_006,3214,1,0,0,1,2,2,3,1,6
gated_alive:a_006:3940,a_006,3940,5,2,1,0,1,1,0,0,0
gated_alive:a_006:4032,a_006,4032,5,2,1,0,1,1,0,0,0
gated_alive:a_006:4066,a_006,4066,3,9,12,3,6,8,1,6,3
gated_alive:a_006:4102,a_006,4102,0,5,11,2,3,3,4,3,1
gated_alive:a_006:4444,a_006,4444,3,9,12,1,5,5,1,2,3
gated_alive:a_006:4554,a_006,4554,2,6,2,3,6,9,2,4,2
gated_alive:a_006:4677,a_006,4677,1,0,0,1,2,2,3,1,4
gated_alive:a_006:5075,a_006,5075,3,4,13,3,9,12,5,10,16
gated_alive:a_006:5297,a_006,5297,1,0,5,3,6,8,3,1,4
gated_alive:a_006:5459,a_006,5459,5,9,12,3,6,8,0,6,9
gated_alive:a_006:5488,a_006,5488,4,7,9,3,6,8,6,9,13
gated_alive:a_006:5511,a_006,5511,0,5,11,2,3,3,4,3,1
gated_alive:a_006:5563,a_006,5563,5,2,1,0,1,1,0,0,0
gated_alive:a_006:5624,a_006,5624,5,2,1,0,1,1,0,0,0
gated_alive:a_006:5645,a_006,5645,1,0,0,1,2,2,3,1,4
gated_alive:a_006:5774,a_006,5774,4,7,8,3,6,8,6,9,13
gated_alive:a_006:5824,a_006,5824,1,0,0,1,2,2,3,1,4
gated_alive:a_006:5866,a_006,5866,3,9,12,3,6,8,1,6,3
gated_alive:a_006:6158,a_006,6158,1,4,0,1,2,2,3,1,4
gated_alive:a_006:6213,a_006,6213,1,5,11,1,2,2,4,3,1
gated_alive:a_006:7043,a_006,7043,5,2,1,0,1,1,0,0,0
gated_alive:a_006:7185,a_006,7185,1,0,0,1,2,2,3,1,4
gated_alive:a_006:7280,a_006,7280,1,4,0,1,2,2,3,1,4
gated_alive:a_006:7426,a_006,7426,0,5,11,2,3,3,4,3,1
gated_alive:a_006:7515,a_006,7515,5,2,1,0,0,7,0,7,12
gated_alive:a_006:7713,a_006,7713,3,9,12,3,6,8,1,6,3
gated_alive:a_006:7787,a_006,7787,3,3,4,1,5,5,1,2,3
gated_alive:a_006:8016,a_006,8016,1,4,0,0,0,0,3,8,10
gated_alive:a_006:8036,a_006,8036,1,0,6,1,2,2,3,1,6
gated_alive:a_006:8452,a_006,8452,1,0,0,1,2,2,3,1,4
gated_alive:a_006:8477,a_006,8477,0,4,8,2,3,3,4,5,7
gated_alive:a_006:8663,a_006,8663,0,4,8,0,1,1,6,9,13
gated_alive:a_006:8721,a_006,8721,1,0,0,1,2,2,3,1,4
gated_alive:a_006:9040,a_006,9040,0,2,1,0,1,1,0,0,0
gated_alive:a_006:9240,a_006,9240,1,0,0,1,2,2,3,1,4
gated_alive:a_006:9291,a_006,9291,5,2,1,0,1,1,0,0,8
gated_alive:a_006:9687,a_006,9687,0,2,8,2,3,3,0,0,7
gated_alive:a_006:9693,a_006,9693,3,9,12,3,6,8,4,3,1
gated_alive:a_006:9932,a_006,9932,5,2,1,0,1,1,0,0,8
gated_alive:a_006:10076,a_006,10076,5,2,3,0,1,1,0,0,0
gated_alive:a_006:10241,a_006,10241,3,9,12,3,6,8,1,6,3
gated_alive:a_006:10427,a_006,10427,1,4,0,3,6,8,3,1,4
gated_alive:a_006:10512,a_006,10512,4,7,9,5,8,11,6,9,13
gated_alive:a_006:10520,a_006,10520,2,6,2,4,7,10,2,4,2
gated_alive:a_006:10635,a_006,10635,5,2,1,0,0,7,0,7,12
gated_alive:a_006:10797,a_006,10797,3,3,4,1,5,5,1,2,5
gated_alive:a_006:11176,a_006,11176,5,8,1,0,1,1,0,0,0
gated_alive:a_006:11275,a_006,11275,1,0,0,3,4,4,3,1,4
gated_alive:a_006:11287,a_006,11287,1,4,0,1,2,2,3,1,4
gated_alive:a_006:11318,a_006,11318,4,7,9,5,8,11,6,9,13
gated_alive:a_006:11336,a_006,11336,5,2,13,3,9,12,5,10,16
gated_alive:a_006:11396,a_006,11396,5,2,1,0,1,1,0,0,0
gated_alive:a_006:11559,a_006,11559,3,9,12,3,6,8,1,6,3
gated_alive:a_006:11969,a_006,11969,3,4,8,1,5,5,2,5,7
gated_alive:a_006:12088,a_006,12088,1,0,0,1,2,2,3,1,4
gated_alive:a_006:12305,a_006,12305,4,7,9,5,8,11,6,9,13
gated_alive:a_006:12434,a_006,12434,5,2,1,0,0,0,0,8,10
gated_alive:a_006:12494,a_006,12494,1,4,0,1,2,2,3,1,4
gated_alive:a_006:12529,a_006,12529,2,9,12,1,2,2,1,6,3
gated_alive:a_006:12936,a_006,12936,5,8,10,0,1,1,0,6,9
gated_alive:a_006:13193,a_006,13193,5,2,1,0,1,1,0,0,0
gated_alive:a_006:13279,a_006,13279,4,7,9,5,8,11,6,9,13
gated_alive:a_006:13290,a_006,13290,1,4,0,1,5,5,3,1,4
gated_alive:a_006:13376,a_006,13376,5,2,13,3,9,12,5,10,16
gated_alive:a_006:13606,a_006,13606,5,2,1,0,0,7,0,7,12
gated_alive:a_006:13823,a_006,13823,0,5,11,2,3,3,4,3,1
gated_alive:a_006:13898,a_006,13898,1,4,8,2,3,3,3,5,7
gated_alive:a_006:14087,a_006,14087,2,9,12,3,6,8,1,6,3
gated_alive:a_006:14171,a_006,14171,5,2,1,0,0,6,3,1,6
gated_alive:a_006:14376,a_006,14376,1,4,0,3,6,8,1,6,3
gated_alive:a_006:14459,a_006,14459,0,2,1,0,1,1,0,5,7
gated_alive:a_006:15120,a_006,15120,1,0,0,1,2,2,3,1,6
gated_alive:a_006:15239,a_006,15239,5,2,10,0,0,0,0,8,10
gated_alive:a_006:15272,a_006,15272,2,6,2,4,7,10,2,4,2
gated_alive:a_006:15390,a_006,15390,0,4,8,2,3,3,0,5,7
gated_alive:a_006:15446,a_006,15446,5,2,1,0,1,1,0,0,0
gated_alive:a_006:15502,a_006,15502,5,8,3,0,1,1,0,0,0
gated_alive:a_006:15520,a_006,15520,3,4,8,3,6,8,1,6,3
gated_alive:a_006:15548,a_006,15548,3,3,4,1,5,5,1,2,3
gated_alive:a_006:15569,a_006,15569,4,7,9,5,8,11,6,9,13
gated_alive:a_006:15708,a_006,15708,4,7,9,3,6,8,6,9,13
gated_alive:a_006:15787,a_006,15787,1,0,0,1,2,2,3,1,4
gated_alive:a_006:15886,a_006,15886,5,2,3,0,1,1,5,7,11
gated_alive:a_006:16059,a_006,16059,0,5,11,2,3,3,4,3,1
gated_alive:a_006:16258,a_006,16258,5,2,1,0,1,1,0,0,0
gated_alive:a_006:16354,a_006,16354,3,4,8,3,6,8,2,5,7
gated_alive:a_006:16548,a_006,16548,0,4,8,3,6,8,2,5,7
gated_alive:a_006:16682,a_006,16682,5,2,13,3,9,12,5,10,16
gated_alive:a_006:16853,a_006,16853,3,3,4,1,5,5,1,2,3
gated_alive:a_006:17049,a_006,17049,1,0,0,1,5,5,3,1,4
gated_alive:a_006:17270,a_006,17270,5,2,1,0,1,1,0,0,0
gated_alive:a_006:17351,a_006,17351,3,9,12,1,5,5,2,6,3
gated_alive:a_006:17632,a_006,17632,1,0,0,1,2,2,3,1,4
gated_alive:a_006:17768,a_006,17768,5,2,1,0,0,0,0,0,10
gated_alive:a_006:17938,a_006,17938,0,4,8,3,6,8,6,9,13
gated_alive:a_006:17947,a_006,17947,1,4,0,1,2,2,3,1,4
gated_alive:a_006:18122,a_006,18122,0,5,11,2,3,3,4,3,1
gated_alive:a_006:18285,a_006,18285,1,0,0,1,2,2,3,1,4
gated_alive:a_006:18450,a_006,18450,5,2,1,0,1,1,0,0,0
gated_alive:a_006:18815,a_006,18815,3,3,4,1,5,5,1,2,5
gated_alive:a_006:18966,a_006,18966,1,4,0,1,2,2,3,1,4
gated_alive:a_006:19147,a_006,19147,0,4,8,2,3,3,2,5,7
gated_alive:a_006:19384,a_006,19384,4,7,9,5,8,11,6,9,13
gated_alive:a_006:19527,a_006,19527,1,0,0,1,2,2,3,1,4
gated_alive:a_006:20359,a_006,20359,3,9,12,3,6,8,1,6,3
gated_alive:a_006:20899,a_006,20899,5,2,13,3,9,12,5,10,16
gated_alive:a_006:21015,a_006,21015,5,2,1,0,1,1,0,0,0
gated_alive:a_006:21073,a_006,21073,5,2,1,0,1,1,0,0,0
gated_alive:a_006:21123,a_006,21123,1,4,8,1,2,2,2,5,14
gated_alive:a_006:21160,a_006,21160,1,0,0,1,2,2,3,1,6
gated_alive:a_006:21163,a_006,21163,1,0,0,1,2,2,3,1,4
gated_alive:a_006:21195,a_006,21195,5,2,1,0,1,1,0,0,0
gated_alive:a_006:21608,a_006,21608,5,2,1,0,0,0,0,8,10
gated_alive:a_006:21677,a_006,21677,1,0,0,1,2,2,3,1,4
gated_alive:a_006:21828,a_006,21828,1,0,0,1,2,2,3,1,4
gated_alive:a_006:22181,a_006,22181,5,2,13,3,9,12,5,10,16
gated_alive:a_006:22210,a_006,22210,1,0,0,1,2,2,3,1,4
gated_alive:a_006:22322,a_006,22322,3,4,0,1,5,5,1,2,3
gated_alive:a_006:22372,a_006,22372,1,0,0,1,2,2,3,1,4
gated_alive:a_006:22445,a_006,22445,2,6,2,4,7,10,2,4,2
gated_alive:a_006:22537,a_006,22537,0,2,1,2,3,3,0,0,0
gated_alive:a_006:22850,a_006,22850,0,2,1,3,9,12,5,10,16
gated_alive:a_006:22854,a_006,22854,3,9,12,3,6,8,1,6,3
gated_alive:a_006:22997,a_006,22997,5,2,1,0,1,1,0,0,0
gated_alive:a_006:23129,a_006,23129,0,4,8,2,3,3,4,5,7
gated_alive:a_006:23738,a_006,23738,3,4,4,3,6,8,2,5,14
gated_alive:a_006:24034,a_006,24034,5,2,3,0,0,7,0,7,12
gated_alive:a_006:24090,a_006,24090,1,0,6,1,2,2,3,1,6
gated_alive:a_006:24396,a_006,24396,4,7,9,5,8,11,6,9,13
gated_alive:a_006:24447,a_006,24447,3,9,12,3,6,8,1,6,3
gated_alive:a_006:24595,a_006,24595,4,7,9,5,8,11,6,9,13
gated_alive:a_006:24624,a_006,24624,4,7,9,5,8,11,6,9,13
gated_alive:a_006:24947,a_006,24947,1,0,0,1,2,2,3,1,4
gated_alive:a_006:25006,a_006,25006,0,5,11,2,3,3,4,5,7
gated_alive:a_006:25015,a_006,25015,5,8,13,3,9,12,5,10,16
gated_alive:a_006:25322,a_006,25322,5,2,1,0,1,1,0,0,0
gated_alive:a_006:25589,a_006,25589,1,0,0,1,2,2,3,1,4
gated_alive:a_006:25614,a_006,25614,0,5,11,0,0,7,4,7,12
gated_alive:a_006:25850,a_006,25850,2,6,2,4,7,13,2,4,2
gated_alive:a_006:26092,a_006,26092,3,4,8,1,5,5,1,2,3
gated_alive:a_006:26100,a_006,26100,1,0,0,1,2,2,3,1,4
gated_alive:a_006:26154,a_006,26154,0,5,11,2,3,3,4,3,1
gated_alive:a_006:26219,a_006,26219,1,0,0,1,2,2,3,1,4
gated_alive:a_006:26238,a_006,26238,1,0,0,1,2,2,3,1,4
gated_alive:a_006:26503,a_006,26503,1,0,0,1,2,2,3,1,4
gated_alive:a_006:26607,a_006,26607,0,5,11,2,3,3,4,3,1
gated_alive:a_006:26737,a_006,26737,5,2,1,0,1,1,0,0,0
gated_alive:a_006:27491,a_006,27491,1,0,0,1,2,2,3,1,4
gated_alive:a_006:27768,a_006,27768,0,5,11,2,3,3,4,3,1
gated_alive:a_006:27808,a_006,27808,3,4,8,3,6,8,1,6,3
gated_alive:a_006:27870,a_006,27870,4,7,9,5,8,11,6,9,13
gated_alive:a_006:28138,a_006,28138,5,8,10,0,1,1,0,0,0
gated_alive:a_006:28203,a_006,28203,4,7,9,5,8,11,6,9,13
gated_alive:a_006:28377,a_006,28377,1,0,0,1,2,2,3,1,4
gated_alive:a_006:28418,a_006,28418,0,2,1,3,4,4,0,0,17
gated_alive:a_006:28544,a_006,28544,0,4,8,3,6,8,6,9,13
gated_alive:a_006:28735,a_006,28735,1,0,0,1,2,2,3,1,6
gated_alive:a_006:29499,a_006,29499,0,4,8,3,6,8,2,5,7
gated_alive:a_006:29603,a_006,29603,0,5,11,2,3,3,4,3,1
gated_alive:a_006:29902,a_006,29902,3,9,12,3,6,8,1,6,3
gated_alive:a_006:29974,a_006,29974,0,4,8,3,6,8,6,9,13
gated_alive:a_006:30031,a_006,30031,5,9,12,0,0,7,0,7,12
gated_alive:a_006:30286,a_006,30286,0,4,8,2,3,3,0,5,7
gated_alive:a_006:30756,a_006,30756,0,5,11,2,3,3,4,3,1
gated_alive:a_006:31067,a_006,31067,5,2,1,0,1,1,0,0,0
gated_alive:a_006:31393,a_006,31393,5,2,1,0,1,1,0,0,0
gated_alive:a_006:31559,a_006,31559,4,7,9,5,8,11,6,9,13
gated_alive:a_006:31598,a_006,31598,1,4,0,1,2,2,3,1,4
gated_alive:a_006:31920,a_006,31920,1,0,0,1,2,2,3,1,4
gated_alive:a_006:32073,a_006,32073,1,4,0,1,5,5,1,2,5
gated_alive:a_006:32275,a_006,32275,1,0,0,1,2,2,3,1,4
gated_alive:a_006:32842,a_006,32842,5,2,1,0,1,1,0,0,0
gated_alive:a_006:33137,a_006,33137,0,4,8,2,3,3,2,5,7
gated_alive:a_006:33636,a_006,33636,0,4,8,1,5,5,3,1,4
gated_alive:a_006:33835,a_006,33835,1,0,0,1,2,2,3,1,4
gated_alive:a_006:33891,a_006,33891,3,9,12,3,6,8,1,6,3
gated_alive:a_006:34063,a_006,34063,5,2,1,0,1,1,0,0,0
gated_alive:a_006:34744,a_006,34744,1,0,0,1,2,2,3,1,4
gated_alive:a_006:35085,a_006,35085,0,4,8,3,6,8,2,5,7
gated_alive:a_006:35527,a_006,35527,1,0,0,1,2,2,3,1,4
gated_alive:a_006:35677,a_006,35677,0,5,11,2,3,3,4,3,1
gated_alive:a_006:36036,a_006,36036,1,4,0,1,2,2,3,1,4
gated_alive:a_006:36079,a_006,36079,1,4,0,1,5,5,3,1,4
gated_alive:a_006:36098,a_006,36098,4,7,9,5,8,11,2,4,2
gated_alive:a_006:36166,a_006,36166,1,4,0,1,2,2,3,1,4
gated_alive:a_006:36444,a_006,36444,3,4,8,3,6,8,1,6,3
gated_alive:a_006:36708,a_006,36708,1,4,8,1,5,5,3,1,4
gated_alive:a_006:36720,a_006,36720,1,0,0,1,2,2,3,1,6
gated_alive:a_006:37022,a_006,37022,0,5,11,2,3,3,4,3,1
gated_alive:a_006:37095,a_006,37095,1,4,0,1,5,5,3,1,4
gated_alive:a_006:37369,a_006,37369,3,9,12,3,9,12,1,6,3
gated_alive:a_006:37815,a_006,37815,3,9,12,3,6,8,1,6,3
gated_alive:a_006:37896,a_006,37896,1,0,0,1,2,2,3,1,4
gated_alive:a_006:37931,a_006,37931,0,4,8,3,6,8,2,5,9
gated_alive:a_006:38020,a_006,38020,3,9,12,1,5,5,1,2,3
gated_alive:a_006:38105,a_006,38105,4,7,9,5,8,11,6,9,13
gated_alive:a_006:38238,a_006,38238,5,2,1,0,1,1,0,0,0
gated_alive:a_006:38305,a_006,38305,1,0,0,1,2,2,3,1,4
gated_alive:a_006:38328,a_006,38328,1,4,0,1,2,2,3,1,4
gated_alive:a_006:38636,a_006,38636,0,2,1,0,1,1,0,0,7
gated_alive:a_006:38855,a_006,38855,5,2,1,0,0,7,0,7,12
gated_alive:a_006:38861,a_006,38861,5,2,1,2,3,3,0,0,0
gated_alive:a_006:39183,a_006,39183,5,8,10,0,0,7,4,3,15
gated_alive:a_006:39268,a_006,39268,3,9,12,3,6,8,1,6,3
gated_alive:a_006:39708,a_006,39708,1,4,0,1,2,2,3,1,4
gated_alive:a_006:39769,a_006,39769,1,4,0,1,2,2,3,1,4
gated_alive:a_006:39871,a_006,39871,0,5,11,0,0,0,4,8,10
gated_alive:a_006:39946,a_006,39946,5,2,1,3,4,4,0,0,17
gated_alive:a_006:40047,a_006,40047,1,0,0,1,2,2,3,1,4
gated_alive:a_006:40092,a_006,40092,1,0,0,1,5,5,3,1,4
gated_alive:a_006:40229,a_006,40229,0,5,11,0,0,0,4,8,10
gated_alive:a_006:40237,a_006,40237,4,7,9,0,1,1,4,8,10
gated_alive:a_006:40295,a_006,40295,1,0,0,1,2,2,3,1,6
gated_alive:a_006:40430,a_006,40430,0,5,11,2,3,3,4,3,1
gated_alive:a_006:40541,a_006,40541,0,2,1,0,0,7,0,7,12
gated_alive:a_006:40593,a_006,40593,1,0,0,1,2,2,3,1,4
gated_alive:a_006:40600,a_006,40600,1,0,6,1,5,5,1,2,6
gated_alive:a_006:41046,a_006,41046,3,3,4,1,5,5,1,2,3
gated_alive:a_006:41145,a_006,41145,4,7,9,5,8,11,6,9,13
gated_alive:a_006:41322,a_006,41322,3,9,12,3,6,8,1,6,3
gated_alive:a_006:41347,a_006,41347,1,0,0,1,2,2,3,1,4
gated_alive:a_006:41379,a_006,41379,3,3,4,1,5,5,1,2,3
gated_alive:a_006:41446,a_006,41446,1,4,0,1,2,2,3,8,10
gated_alive:a_006:41671,a_006,41671,5,2,1,0,1,1,0,0,8
gated_alive:a_006:41712,a_006,41712,1,0,6,0,0,0,3,8,10
gated_alive:a_006:41867,a_006,41867,0,5,11,2,3,3,4,3,1
gated_alive:a_006:41934,a_006,41934,4,7,9,5,8,11,6,9,13
gated_alive:a_006:42404,a_006,42404,0,4,8,1,5,5,1,6,3
gated_alive:a_006:42676,a_006,42676,1,0,0,1,2,2,3,1,4
gated_alive:a_006:42856,a_006,42856,3,4,13,3,9,12,1,2,16
gated_alive:a_006:43365,a_006,43365,5,2,1,0,1,1,0,0,0
gated_alive:a_006:43431,a_006,43431,1,0,0,1,2,2,3,1,4
gated_alive:a_006:43434,a_006,43434,1,5,11,0,0,6,4,3,15
gated_alive:a_006:43439,a_006,43439,5,2,1,0,1,1,0,0,0
gated_alive:a_006:43478,a_006,43478,5,2,1,0,0,0,0,8,10
gated_alive:a_006:43503,a_006,43503,1,4,0,1,2,2,3,1,4
gated_alive:a_006:43614,a_006,43614,1,0,0,1,2,2,3,1,4
gated_alive:a_006:43943,a_006,43943,3,3,4,1,5,5,1,2,12
gated_alive:a_006:44676,a_006,44676,5,2,1,0,1,1,0,0,0
gated_alive:a_006:45287,a_006,45287,1,4,0,1,2,2,3,1,4
gated_alive:a_006:45340,a_006,45340,1,0,0,1,2,2,3,1,4
gated_alive:a_006:45365,a_006,45365,1,0,0,1,2,2,3,1,4
gated_alive:a_006:45489,a_006,45489,3,9,12,3,6,8,1,6,3
gated_alive:a_006:45675,a_006,45675,1,0,0,1,2,2,3,1,4
gated_alive:a_006:45710,a_006,45710,1,0,0,1,2,2,3,1,4
gated_alive:a_006:45823,a_006,45823,0,5,11,2,3,3,4,3,1
gated_alive:a_006:45970,a_006,45970,1,0,0,2,3,3,3,1,4
gated_alive:a_006:45974,a_006,45974,1,0,0,1,2,2,3,1,4
gated_alive:a_006:45998,a_006,45998,1,4,0,1,2,2,3,1,4
gated_alive:a_006:46375,a_006,46375,0,2,1,0,1,1,0,0,0
gated_alive:a_006:46505,a_006,46505,0,4,8,3,6,8,2,5,7
gated_alive:a_006:46857,a_006,46857,0,4,8,3,6,8,2,5,7
gated_alive:a_006:46887,a_006,46887,3,3,4,1,5,5,1,2,5
gated_alive:a_006:46955,a_006,46955,1,0,6,0,0,6,4,3,15
gated_alive:a_006:47011,a_006,47011,1,0,0,1,2,2,3,1,4
gated_alive:a_006:47369,a_006,47369,3,9,12,3,6,8,1,6,3
gated_alive:a_006:47488,a_006,47488,0,4,8,3,6,8,2,5,7
gated_alive:a_006:47957,a_006,47957,0,4,8,2,3,3,4,5,7
gated_alive:a_006:48029,a_006,48029,5,8,10,0,1,1,0,0,15
gated_alive:a_006:48260,a_006,48260,0,2,1,0,0,7,0,7,12
gated_alive:a_006:48705,a_006,48705,3,9,12,3,6,8,1,6,3
gated_alive:a_006:48789,a_006,48789,5,8,10,0,1,1,0,6,9
gated_alive:a_006:48854,a_006,48854,0,5,11,2,3,3,4,3,1
gated_alive:a_006:49203,a_006,49203,0,5,11,2,3,3,4,3,10
gated_alive:a_006:49327,a_006,49327,1,0,0,1,2,2,3,1,4
gated_alive:a_006:49341,a_006,49341,5,2,1,0,1,1,0,0,0
gated_alive:a_006:49387,a_006,49387,3,4,8,1,5,5,1,2,3
gated_alive:a_006:49472,a_006,49472,0,5,11,2,3,3,4,3,1
gated_alive:a_006:49596,a_006,49596,0,5,11,3,6,8,4,3,1
gated_alive:a_006:49623,a_006,49623,0,5,11,0,1,1,4,3,1
gated_alive:a_006:49651,a_006,49651,4,7,9,5,8,11,6,9,13
gated_alive:a_006:50346,a_006,50346,3,9,12,4,7,10,1,6,3
gated_alive:a_006:50578,a_006,50578,2,6,13,3,9,12,2,4,2
gated_alive:a_006:50634,a_006,50634,4,7,9,5,8,11,6,9,13
gated_alive:a_006:50657,a_006,50657,0,5,11,2,3,3,4,3,1
gated_alive:a_006:50664,a_006,50664,1,4,0,1,2,2,3,1,4
gated_alive:a_006:51705,a_006,51705,0,5,11,2,3,3,4,3,1
gated_alive:a_006:51909,a_006,51909,3,9,12,1,5,5,1,2,3
gated_alive:a_006:52082,a_006,52082,1,0,0,1,2,2,3,1,4
gated_alive:a_006:52196,a_006,52196,1,0,0,1,2,2,3,1,4
gated_alive:a_006:52278,a_006,52278,0,5,8,2,3,3,5,3,11
gated_alive:a_006:52484,a_006,52484,5,2,1,0,1,1,0,0,0
gated_alive:a_006:52490,a_006,52490,0,5,11,0,0,7,4,7,12
gated_alive:a_006:52521,a_006,52521,1,0,0,1,2,2,3,1,4
gated_alive:a_006:52944,a_006,52944,2,6,2,4,7,13,2,4,2
gated_alive:a_006:53068,a_006,53068,0,5,11,2,3,3,4,3,1
gated_alive:a_006:53519,a_006,53519,2,4,8,3,6,8,2,5,14
gated_alive:a_006:54203,a_006,54203,4,9,12,5,8,11,6,9,13
gated_alive:a_006:54526,a_006,54526,3,9,5,3,6,8,2,6,9
gated_alive:a_006:54684,a_006,54684,1,0,0,1,2,2,3,1,4
gated_alive:a_006:54736,a_006,54736,1,4,8,1,2,2,3,5,14
gated_alive:a_006:54849,a_006,54849,0,5,11,2,3,3,4,3,1
gated_alive:a_006:54909,a_006,54909,1,0,0,1,2,2,3,1,6
gated_alive:a_006:55178,a_006,55178,2,6,2,4,7,10,2,4,2
gated_alive:a_006:55557,a_006,55557,3,4,0,1,5,5,1,2,4
gated_alive:a_006:55966,a_006,55966,3,4,4,1,5,5,1,2,3
gated_alive:a_006:56021,a_006,56021,2,1,7,4,7,13,2,4,2
gated_alive:a_006:56491,a_006,56491,5,2,1,0,1,1,0,0,0
gated_alive:a_006:56494,a_006,56494,0,4,8,4,7,10,2,5,14
gated_alive:a_006:56568,a_006,56568,1,0,0,1,2,2,3,1,4
gated_alive:a_006:57150,a_006,57150,1,0,0,3,6,8,1,6,3
gated_alive:a_006:57782,a_006,57782,5,2,1,0,1,1,0,0,0
gated_alive:a_006:57806,a_006,57806,1,4,0,1,5,5,3,1,4
gated_alive:a_006:57972,a_006,57972,3,9,12,3,6,8,1,6,3
gated_alive:a_006:58150,a_006,58150,0,4,8,3,6,8,1,6,3
gated_alive:a_006:58305,a_006,58305,1,0,0,1,2,2,3,1,4
gated_alive:a_006:58629,a_006,58629,1,0,0,1,2,2,3,1,4
gated_alive:a_006:58755,a_006,58755,1,0,0,1,2,2,3,1,4
gated_alive:a_006:58774,a_006,58774,5,2,1,0,1,1,0,0,8
gated_alive:a_006:58930,a_006,58930,0,4,8,3,6,8,1,6,3
gated_alive:a_006:58988,a_006,58988,3,8,3,0,0,6,4,7,12
gated_alive:a_006:59207,a_006,59207,0,4,8,4,7,10,2,4,2
gated_alive:a_006:59419,a_006,59419,3,9,12,3,6,8,1,6,3
gated_alive:a_006:59474,a_006,59474,1,0,0,1,2,2,3,1,4
gated_alive:a_006:59755,a_006,59755,5,2,1,0,1,1,0,8,10
gated_alive:a_006:59884,a_006,59884,3,9,12,1,5,5,1,6,3
gated_alive:a_006:59935,a_006,59935,5,2,1,0,1,1,0,0,0
gated_alive:a_006:59971,a_006,59971,0,2,1,0,1,1,0,0,0
gated_alive:a_006:60018,a_006,60018,1,0,0,1,2,2,3,1,4
gated_alive:a_006:60020,a_006,60020,1,0,0,1,2,2,3,1,6
gated_alive:a_006:60024,a_006,60024,0,4,8,2,3,3,2,5,7
gated_alive:a_006:60176,a_006,60176,1,0,0,0,0,0,3,8,10
gated_alive:a_006:60448,a_006,60448,5,2,3,0,1,1,0,7,11
gated_alive:a_006:60559,a_006,60559,0,5,11,0,0,0,4,8,10
gated_alive:a_006:60740,a_006,60740,0,5,11,2,3,3,4,3,1
gated_alive:a_006:60785,a_006,60785,1,4,0,1,2,2,3,1,4
gated_alive:a_006:61160,a_006,61160,1,0,0,1,2,2,3,1,6
gated_alive:a_006:61443,a_006,61443,1,0,0,2,3,3,3,1,4
gated_alive:a_006:61905,a_006,61905,0,5,11,0,0,7,0,7,12
gated_alive:a_006:62046,a_006,62046,1,4,0,1,2,2,3,1,4
gated_alive:a_006:62084,a_006,62084,5,2,1,0,1,1,0,0,0
gated_alive:a_006:62233,a_006,62233,3,9,12,3,9,12,1,6,3
gated_alive:a_006:62258,a_006,62258,3,9,12,3,6,8,1,6,3
gated_alive:a_006:62302,a_006,62302,1,4,0,1,2,2,3,1,4
gated_alive:a_006:62480,a_006,62480,0,4,8,3,6,8,2,5,14
gated_alive:a_006:62649,a_006,62649,1,0,0,1,2,2,3,1,6
gated_alive:a_006:62663,a_006,62663,3,3,4,1,5,5,1,2,3
gated_alive:a_006:62781,a_006,62781,1,0,0,1,2,2,3,1,4
gated_alive:a_006:62957,a_006,62957,2,6,2,4,7,13,0,4,2
gated_alive:a_006:63436,a_006,63436,0,4,8,2,3,3,3,5,4
gated_alive:a_006:63521,a_006,63521,2,9,13,3,9,12,5,10,16
gated_alive:a_006:63587,a_006,63587,0,2,1,0,1,1,0,0,0
gated_alive:a_006:63734,a_006,63734,0,4,8,3,6,8,2,5,7
gated_alive:a_006:64020,a_006,64020,3,9,12,1,5,5,1,6,3
gated_alive:a_006:64126,a_006,64126,2,6,2,3,6,8,2,4,2
gated_alive:a_006:64299,a_006,64299,1,4,0,1,5,5,3,1,4
gated_alive:a_006:64582,a_006,64582,0,5,11,2,3,3,4,3,1
gated_alive:a_006:64596,a_006,64596,0,5,11,0,0,0,4,8,10
gated_alive:a_006:64934,a_006,64934,1,0,0,1,2,2,3,1,4
gated_alive:a_006:64948,a_006,64948,4,7,9,5,8,11,6,9,13
gated_alive:a_006:64958,a_006,64958,3,9,12,3,6,8,1,6,3
gated_alive:a_006:65447,a_006,65447,0,4,8,2,3,3,4,5,7
gated_alive:a_006:65513,a_006,65513,0,5,11,2,3,3,4,3,1
gated_alive:a_006:65527,a_006,65527,0,5,11,2,3,3,4,3,1
gated_alive:a_006:65989,a_006,65989,5,2,1,0,1,1,0,0,0
gated_alive:a_006:66442,a_006,66442,3,4,8,3,6,8,2,5,14
gated_alive:a_006:66448,a_006,66448,5,2,1,0,1,1,0,8,10
gated_alive:a_006:66768,a_006,66768,5,2,1,0,1,1,0,0,0
gated_alive:a_006:66788,a_006,66788,3,3,4,1,5,5,1,2,3
gated_alive:a_006:67203,a_006,67203,4,7,9,3,6,8,6,9,13
gated_alive:a_006:67239,a_006,67239,1,0,0,1,2,2,3,1,6
gated_alive:a_006:67512,a_006,67512,5,8,13,0,0,7,0,7,12
gated_alive:a_006:67689,a_006,67689,1,0,0,1,2,2,3,1,4
gated_alive:a_006:67691,a_006,67691,1,0,0,1,2,2,3,1,6
gated_alive:a_006:67719,a_006,67719,1,0,0,1,2,2,3,1,4
gated_alive:a_006:68068,a_006,68068,3,3,4,1,5,5,1,2,5
gated_alive:a_006:68474,a_006,68474,0,5,11,2,3,3,4,3,1
gated_alive:a_006:68634,a_006,68634,5,8,1,0,1,1,0,0,0
gated_alive:a_006:68718,a_006,68718,2,1,7,4,7,13,2,4,2
gated_alive:a_006:68927,a_006,68927,0,4,8,2,3,3,4,5,7
gated_alive:a_006:69129,a_006,69129,1,0,0,1,2,2,3,1,4
gated_alive:a_006:69131,a_006,69131,0,4,8,3,6,8,2,5,14
gated_alive:a_006:69642,a_006,69642,1,0,0,1,2,2,3,1,4
gated_alive:a_006:69767,a_006,69767,3,9,12,3,6,8,1,6,3
gated_alive:a_006:69836,a_006,69836,1,4,0,1,2,2,3,1,4
gated_alive:a_006:70093,a_006,70093,1,0,0,1,5,5,3,1,12
gated_alive:a_006:70098,a_006,70098,1,0,0,1,2,2,3,1,4
gated_alive:a_006:70301,a_006,70301,1,0,0,1,2,2,3,1,6
gated_alive:a_006:70689,a_006,70689,5,2,1,0,1,1,0,0,0
gated_alive:a_006:70734,a_006,70734,1,0,0,1,2,2,3,1,4
gated_alive:a_006:70890,a_006,70890,1,4,0,1,2,2,3,1,4
gated_alive:a_006:71050,a_006,71050,0,5,11,2,3,3,4,3,1
gated_alive:a_006:71355,a_006,71355,1,0,0,1,2,2,3,1,4
gated_alive:a_006:71504,a_006,71504,3,9,12,1,5,5,1,2,3
gated_alive:a_006:71531,a_006,71531,3,4,5,3,6,9,2,6,9
gated_alive:a_006:71989,a_006,71989,5,2,1,0,1,1,0,0,0
gated_alive:a_006:72458,a_006,72458,5,2,1,0,1,1,0,0,0
gated_alive:a_006:72593,a_006,72593,0,5,11,2,3,3,4,3,1
gated_alive:a_006:72621,a_006,72621,3,4,4,1,5,5,1,2,3
gated_alive:a_006:72844,a_006,72844,0,5,11,0,0,0,4,8,10
gated_alive:a_006:73529,a_006,73529,1,4,0,3,6,8,3,1,7
gated_alive:a_006:73630,a_006,73630,5,2,3,2,3,3,5,7,11
gated_alive:a_006:73708,a_006,73708,1,0,0,1,2,2,3,1,4
gated_alive:a_006:73869,a_006,73869,3,4,8,3,6,8,2,5,14
gated_alive:a_006:74031,a_006,74031,4,7,9,5,8,11,6,9,13
gated_alive:a_006:74145,a_006,74145,1,0,0,1,2,2,3,1,4
gated_alive:a_006:74277,a_006,74277,1,0,0,1,2,2,3,1,4
gated_alive:a_006:74781,a_006,74781,0,2,1,0,0,7,0,7,12
gated_alive:a_006:75033,a_006,75033,4,7,9,5,8,11,6,9,13
gated_alive:a_006:75261,a_006,75261,3,3,4,1,5,5,1,2,5
gated_alive:a_006:75393,a_006,75393,1,3,6,1,2,2,3,1,6
gated_alive:a_006:75598,a_006,75598,3,3,4,1,5,5,1,2,5
gated_alive:a_006:75868,a_006,75868,5,2,1,0,1,1,0,0,0
gated_alive:a_006:76059,a_006,76059,0,4,8,3,6,8,2,5,14
gated_alive:a_006:76307,a_006,76307,1,0,0,1,2,2,3,1,4
gated_alive:a_006:76555,a_006,76555,0,4,8,1,2,2,2,5,14
gated_alive:a_006:76789,a_006,76789,1,4,0,1,2,2,3,1,4
gated_alive:a_006:76847,a_006,76847,1,0,0,1,2,2,3,1,4
gated_alive:a_006:76924,a_006,76924,3,9,12,1,5,5,1,6,3
gated_alive:a_006:77313,a_006,77313,0,4,8,2,3,3,2,5,7
gated_alive:a_006:77315,a_006,77315,1,4,0,1,2,2,3,1,4
gated_alive:a_006:77318,a_006,77318,1,4,0,1,2,2,3,1,4
gated_alive:a_006:77539,a_006,77539,0,9,12,3,6,8,1,6,3
gated_alive:a_006:77580,a_006,77580,0,5,11,0,0,0,4,8,10
gated_alive:a_006:77841,a_006,77841,5,2,3,0,0,7,5,7,11
gated_alive:a_006:78186,a_006,78186,0,5,11,2,3,3,4,3,11
gated_alive:a_006:78262,a_006,78262,5,2,1,0,1,1,0,0,8
gated_alive:a_006:78390,a_006,78390,0,5,11,2,3,3,4,3,1
gated_alive:a_006:78548,a_006,78548,3,3,4,1,5,5,1,2,3
gated_alive:a_006:78726,a_006,78726,1,4,0,1,2,2,3,1,4
gated_alive:a_006:78752,a_006,78752,0,5,11,2,3,3,4,3,1
gated_alive:a_006:78864,a_006,78864,0,5,11,2,3,3,4,3,1
gated_alive:a_006:79050,a_006,79050,1,0,0,1,2,2,3,1,4
gated_alive:a_006:79461,a_006,79461,3,9,12,3,9,12,1,6,3
gated_alive:a_006:79559,a_006,79559,3,3,4,1,5,5,1,2,3
gated_alive:a_006:80077,a_006,80077,3,9,12,3,6,8,1,6,3
gated_alive:a_006:80135,a_006,80135,1,0,0,1,2,2,3,1,4
gated_alive:a_006:80295,a_006,80295,3,9,12,3,6,8,1,6,3
gated_alive:a_006:80690,a_006,80690,0,4,8,3,6,8,2,5,7
gated_alive:a_006:80759,a_006,80759,1,0,0,1,2,2,3,1,4
gated_alive:a_006:80846,a_006,80846,0,5,11,0,0,0,4,3,1
gated_alive:a_006:80890,a_006,80890,1,0,0,1,2,2,3,1,4
gated_alive:a_006:81165,a_006,81165,3,3,4,3,6,8,1,2,3
gated_alive:a_006:81584,a_006,81584,5,2,1,0,1,1,0,0,0
gated_alive:a_006:81637,a_006,81637,0,4,8,0,0,0,3,8,10
gated_alive:a_006:81649,a_006,81649,2,6,2,3,6,8,2,4,2
gated_alive:a_006:81788,a_006,81788,1,4,0,1,2,2,3,1,4
gated_alive:a_006:81808,a_006,81808,0,2,8,2,3,3,0,5,7
gated_alive:a_006:81958,a_006,81958,5,2,13,3,9,12,5,10,16
gated_alive:a_006:82246,a_006,82246,1,0,0,1,2,2,3,1,4
gated_alive:a_006:82778,a_006,82778,1,0,0,1,2,2,3,1,4
gated_alive:a_006:82846,a_006,82846,1,0,0,1,2,2,3,1,4
gated_alive:a_006:83189,a_006,83189,5,2,1,0,1,1,0,0,0
gated_alive:a_006:83528,a_006,83528,0,5,11,2,3,3,4,3,1
gated_alive:a_006:83547,a_006,83547,0,2,1,0,1,1,0,0,0
gated_alive:a_006:84077,a_006,84077,0,5,11,2,3,3,4,3,1
gated_alive:a_006:84096,a_006,84096,1,0,5,1,2,2,3,1,9
gated_alive:a_006:84161,a_006,84161,0,5,11,2,3,3,4,3,1
gated_alive:a_006:84359,a_006,84359,3,3,6,1,5,5,3,1,6
gated_alive:a_006:84457,a_006,84457,2,6,2,4,7,10,2,4,2
gated_alive:a_006:84710,a_006,84710,0,4,8,2,3,3,2,5,7
gated_alive:a_006:84724,a_006,84724,5,2,1,0,1,1,0,0,0
gated_alive:a_006:84800,a_006,84800,0,5,11,2,3,3,4,3,1
gated_alive:a_006:84852,a_006,84852,1,3,4,1,5,5,1,2,5
gated_alive:a_006:84876,a_006,84876,1,4,0,1,2,2,3,1,4
gated_alive:a_006:85069,a_006,85069,1,4,0,1,5,5,3,1,4
gated_alive:a_006:85166,a_006,85166,1,4,0,1,2,2,3,1,4
gated_alive:a_006:85337,a_006,85337,1,0,0,1,2,2,3,1,4
gated_alive:a_006:85526,a_006,85526,1,0,0,1,2,2,3,1,4
gated_alive:a_006:85602,a_006,85602,1,0,0,1,2,2,3,1,6
gated_alive:a_006:85603,a_006,85603,0,5,11,2,3,3,4,3,1
gated_alive:a_006:85769,a_006,85769,1,0,0,0,1,1,3,8,10
gated_alive:a_006:85897,a_006,85897,3,9,12,3,6,8,1,6,3
gated_alive:a_006:85967,a_006,85967,0,5,11,2,3,3,4,3,1
gated_alive:a_006:86308,a_006,86308,1,0,0,1,2,2,3,1,4
gated_alive:a_006:86523,a_006,86523,5,2,1,0,1,1,0,0,0
gated_alive:a_006:86615,a_006,86615,3,4,12,3,6,8,1,6,3
gated_alive:a_006:86645,a_006,86645,5,2,1,0,1,1,0,0,0
gated_alive:a_006:86750,a_006,86750,3,4,4,1,5,5,1,2,3
gated_alive:a_006:87021,a_006,87021,2,1,7,4,7,13,2,4,2
gated_alive:a_006:87188,a_006,87188,1,0,0,1,2,2,3,1,4
gated_alive:a_006:87201,a_006,87201,1,4,8,1,5,5,3,5,4
gated_alive:a_006:87869,a_006,87869,1,4,0,2,3,3,3,1,4
gated_alive:a_006:88399,a_006,88399,0,4,8,3,6,8,1,6,3
gated_alive:a_006:88479,a_006,88479,1,4,0,1,2,2,3,1,4
gated_alive:a_006:88494,a_006,88494,0,4,8,2,3,3,2,5,7
gated_alive:a_006:88960,a_006,88960,0,4,8,3,6,8,2,5,7
gated_alive:a_006:89155,a_006,89155,3,4,4,1,5,5,1,2,3
gated_alive:a_006:89173,a_006,89173,3,9,12,3,9,12,1,6,3
gated_alive:a_006:89580,a_006,89580,4,7,9,5,8,11,6,9,13
gated_alive:a_006:89855,a_006,89855,0,4,8,2,3,3,2,5,7
gated_alive:a_006:89952,a_006,89952,4,7,9,5,8,11,6,9,13
gated_alive:a_007:30,a_007,30,0,5,11,2,3,3,4,3,1
gated_alive:a_007:64,a_007,64,2,9,13,4,7,13,2,4,2
gated_alive:a_007:139,a_007,139,2,6,2,4,7,10,2,4,2
gated_alive:a_007:233,a_007,233,5,2,1,0,1,1,0,0,13
gated_alive:a_007:448,a_007,448,2,1,7,4,7,13,2,4,2
gated_alive:a_007:1238,a_007,1238,3,3,4,1,5,5,1,2,3
gated_alive:a_007:1265,a_007,1265,4,7,9,5,8,11,2,4,2
gated_alive:a_007:1704,a_007,1704,5,2,1,0,0,7,0,7,12
gated_alive:a_007:1794,a_007,1794,5,2,1,0,1,1,0,0,0
gated_alive:a_007:1850,a_007,1850,1,0,0,1,2,2,3,1,4
gated_alive:a_007:2172,a_007,2172,5,2,1,0,1,1,0,0,0
gated_alive:a_007:2591,a_007,2591,0,2,1,0,1,1,0,0,0
gated_alive:a_007:2597,a_007,2597,0,4,8,3,6,8,2,5,14
gated_alive:a_007:2620,a_007,2620,2,6,2,4,7,10,2,4,2
gated_alive:a_007:2684,a_007,2684,3,4,4,3,6,8,1,2,3
gated_alive:a_007:2794,a_007,2794,1,0,0,1,2,2,3,1,6
gated_alive:a_007:2803,a_007,2803,1,4,0,1,5,5,3,1,4
gated_alive:a_007:2886,a_007,2886,2,9,12,4,7,10,2,6,9
gated_alive:a_007:2985,a_007,2985,1,0,0,1,5,5,3,1,12
gated_alive:a_007:3061,a_007,3061,5,8,10,0,0,6,0,0,8
gated_alive:a_007:3232,a_007,3232,0,1,7,1,5,5,5,4,11
gated_alive:a_007:3597,a_007,3597,1,3,4,1,5,5,1,2,5
gated_alive:a_007:3992,a_007,3992,2,6,2,4,7,10,2,4,2
gated_alive:a_007:4029,a_007,4029,3,4,8,1,5,5,1,2,4
gated_alive:a_007:4234,a_007,4234,5,2,1,0,1,1,0,0,0
gated_alive:a_007:4256,a_007,4256,0,4,8,2,3,3,4,5,7
gated_alive:a_007:4259,a_007,4259,1,0,0,1,2,2,3,1,6
gated_alive:a_007:4824,a_007,4824,3,9,12,3,6,8,1,6,3
gated_alive:a_007:5065,a_007,5065,1,0,0,1,2,2,3,1,4
gated_alive:a_007:5683,a_007,5683,3,9,12,1,5,5,1,6,3
gated_alive:a_007:5781,a_007,5781,5,2,1,0,1,1,0,0,0
gated_alive:a_007:6072,a_007,6072,3,9,12,3,6,8,1,6,3
gated_alive:a_007:6203,a_007,6203,4,7,9,5,8,11,6,9,13
gated_alive:a_007:6266,a_007,6266,1,0,0,1,5,5,1,2,12
gated_alive:a_007:6273,a_007,6273,0,4,8,3,6,8,1,6,3
gated_alive:a_007:6675,a_007,6675,0,5,11,2,3,3,4,3,1
gated_alive:a_007:6683,a_007,6683,3,9,12,1,5,5,3,1,4
gated_alive:a_007:6723,a_007,6723,2,6,2,4,7,10,2,4,2
gated_alive:a_007:7082,a_007,7082,0,5,11,0,0,6,4,3,15
gated_alive:a_007:7160,a_007,7160,1,0,0,1,2,2,3,1,6
gated_alive:a_007:7491,a_007,7491,1,0,0,1,5,5,3,1,4
gated_alive:a_007:7504,a_007,7504,1,0,6,1,2,2,3,1,6
gated_alive:a_007:7540,a_007,7540,3,9,12,1,5,5,1,6,3
gated_alive:a_007:7718,a_007,7718,1,0,0,1,2,2,3,1,4
gated_alive:a_007:7897,a_007,7897,3,3,4,1,5,5,1,2,5
gated_alive:a_007:7958,a_007,7958,5,2,1,0,0,7,0,7,12
gated_alive:a_007:8465,a_007,8465,0,4,8,3,6,8,2,5,7
gated_alive:a_007:8921,a_007,8921,3,3,13,3,9,12,5,10,16
gated_alive:a_007:9145,a_007,9145,3,3,4,1,5,5,1,2,3
gated_alive:a_007:9161,a_007,9161,4,7,9,5,8,11,6,9,13
gated_alive:a_007:9495,a_007,9495,0,5,11,2,3,3,4,3,1
gated_alive:a_007:9537,a_007,9537,2,9,5,3,9,12,2,6,9
gated_alive:a_007:9573,a_007,9573,3,4,8,1,5,5,0,5,7
gated_alive:a_007:9635,a_007,9635,1,0,0,1,5,5,3,1,4
gated_alive:a_007:9690,a_007,9690,0,2,1,2,3,3,0,5,7
gated_alive:a_007:10362,a_007,10362,3,9,12,3,6,8,1,6,3
gated_alive:a_007:10505,a_007,10505,4,7,9,5,8,11,6,9,13
gated_alive:a_007:10948,a_007,10948,4,7,9,5,8,11,6,9,13
gated_alive:a_007:10962,a_007,10962,4,7,9,5,8,11,6,9,13
gated_alive:a_007:11413,a_007,11413,2,1,7,1,5,5,2,4,2
gated_alive:a_007:11792,a_007,11792,0,5,11,2,3,3,4,3,1
gated_alive:a_007:12001,a_007,12001,0,5,11,2,3,3,4,3,1
gated_alive:a_007:12292,a_007,12292,0,5,11,2,3,3,4,3,1
gated_alive:a_007:12398,a_007,12398,2,1,7,4,7,13,2,4,2
gated_alive:a_007:12418,a_007,12418,3,3,4,0,0,0,3,8,10
gated_alive:a_007:12520,a_007,12520,2,1,7,4,7,13,2,4,2
gated_alive:a_007:12544,a_007,12544,5,2,1,0,1,1,0,0,0
gated_alive:a_007:12568,a_007,12568,0,5,11,0,0,0,4,8,10
gated_alive:a_007:12605,a_007,12605,1,0,0,1,2,2,3,1,4
gated_alive:a_007:13160,a_007,13160,1,0,0,1,5,5,3,1,12
gated_alive:a_007:13165,a_007,13165,0,5,11,2,3,3,4,3,1
gated_alive:a_007:13369,a_007,13369,3,9,13,3,9,12,5,10,16
gated_alive:a_007:13440,a_007,13440,1,0,0,2,3,3,3,1,4
gated_alive:a_007:13509,a_007,13509,1,0,0,1,2,2,3,1,4
gated_alive:a_007:13534,a_007,13534,1,0,0,1,2,2,3,1,4
gated_alive:a_007:13560,a_007,13560,1,0,0,1,2,2,3,1,4
gated_alive:a_007:13661,a_007,13661,1,0,0,1,2,2,3,1,6
gated_alive:a_007:14250,a_007,14250,5,2,3,2,3,3,5,7,11
gated_alive:a_007:14742,a_007,14742,1,0,0,1,2,2,3,1,4
gated_alive:a_007:15083,a_007,15083,3,4,4,1,5,5,1,2,12
gated_alive:a_007:15360,a_007,15360,3,9,12,1,5,5,1,6,3
gated_alive:a_007:15490,a_007,15490,0,5,11,0,0,6,4,3,15
gated_alive:a_007:15599,a_007,15599,5,8,10,3,4,4,4,3,1
gated_alive:a_007:15767,a_007,15767,3,9,12,3,6,8,1,6,3
gated_alive:a_007:15796,a_007,15796,3,4,8,4,7,10,2,4,2
gated_alive:a_007:15997,a_007,15997,3,9,12,3,6,8,1,6,3
gated_alive:a_007:16109,a_007,16109,1,0,0,1,2,2,3,1,4
gated_alive:a_007:16885,a_007,16885,5,8,10,0,0,7,0,7,12
gated_alive:a_007:17526,a_007,17526,2,1,2,4,7,13,2,4,2
gated_alive:a_007:17752,a_007,17752,2,9,5,3,6,9,2,6,9
gated_alive:a_007:17759,a_007,17759,2,1,7,4,7,13,2,4,2
gated_alive:a_007:17879,a_007,17879,1,4,0,1,2,2,3,1,4
gated_alive:a_007:17888,a_007,17888,2,6,2,4,7,10,2,4,2
gated_alive:a_007:17990,a_007,17990,0,5,11,0,0,6,4,3,1
gated_alive:a_007:18743,a_007,18743,5,2,1,0,1,1,0,0,0
gated_alive:a_007:19309,a_007,19309,0,5,11,2,3,3,4,3,1
gated_alive:a_007:19455,a_007,19455,0,2,1,0,1,1,0,0,7
gated_alive:a_007:19520,a_007,19520,0,5,11,2,3,3,4,3,1
gated_alive:a_007:20138,a_007,20138,1,0,0,1,5,5,3,1,4
gated_alive:a_007:20290,a_007,20290,3,9,12,3,6,8,1,2,3
gated_alive:a_007:20641,a_007,20641,4,7,9,5,8,11,6,9,13
gated_alive:a_007:20828,a_007,20828,2,6,2,4,7,10,2,4,2
gated_alive:a_007:21400,a_007,21400,1,4,0,1,5,5,3,1,4
gated_alive:a_007:21508,a_007,21508,5,2,1,0,1,1,0,0,8
gated_alive:a_007:21593,a_007,21593,0,2,1,0,1,1,0,0,7
gated_alive:a_007:21615,a_007,21615,5,2,1,0,1,1,0,7,12
gated_alive:a_007:21798,a_007,21798,0,5,11,2,3,3,4,3,1
gated_alive:a_007:21800,a_007,21800,4,7,9,5,8,11,6,9,13
gated_alive:a_007:21964,a_007,21964,0,5,11,2,3,3,4,3,1
gated_alive:a_007:22270,a_007,22270,1,0,0,1,2,2,3,1,4
gated_alive:a_007:22288,a_007,22288,5,2,1,3,4,4,0,0,17
gated_alive:a_007:22817,a_007,22817,3,3,4,1,5,5,1,2,5
gated_alive:a_007:23119,a_007,23119,1,4,5,3,6,9,2,6,9
gated_alive:a_007:23176,a_007,23176,0,4,8,3,6,8,2,5,7
gated_alive:a_007:23362,a_007,23362,3,3,4,1,5,5,1,2,5
gated_alive:a_007:23380,a_007,23380,1,3,4,1,5,5,1,2,5
gated_alive:a_007:23660,a_007,23660,1,4,0,1,5,5,3,1,4
gated_alive:a_007:23671,a_007,23671,1,0,0,1,2,2,3,1,4
gated_alive:a_007:23839,a_007,23839,1,0,0,1,2,2,3,1,4
gated_alive:a_007:23938,a_007,23938,1,0,0,1,2,2,3,1,4
gated_alive:a_007:24600,a_007,24600,0,5,11,2,3,3,4,3,1
gated_alive:a_007:24840,a_007,24840,5,2,1,0,1,1,0,0,0
gated_alive:a_007:24869,a_007,24869,3,3,4,1,5,5,1,2,5
gated_alive:a_007:25534,a_007,25534,3,3,4,1,5,5,1,2,3
gated_alive:a_007:25663,a_007,25663,0,4,8,2,3,3,0,5,7
gated_alive:a_007:25709,a_007,25709,3,3,4,1,5,5,1,2,5
gated_alive:a_007:25759,a_007,25759,3,3,4,1,5,5,1,2,12
gated_alive:a_007:26014,a_007,26014,3,3,4,1,5,5,1,2,12
gated_alive:a_007:26182,a_007,26182,5,2,1,0,1,1,0,0,13
gated_alive:a_007:26700,a_007,26700,1,0,0,1,2,2,3,1,4
gated_alive:a_007:26738,a_007,26738,0,5,11,0,0,0,4,3,1
gated_alive:a_007:26859,a_007,26859,2,1,7,1,5,5,1,4,2
gated_alive:a_007:27193,a_007,27193,5,8,3,0,0,6,0,3,11
gated_alive:a_007:27280,a_007,27280,0,2,1,0,1,1,0,0,0
gated_alive:a_007:27407,a_007,27407,0,5,11,2,3,3,4,3,1
gated_alive:a_007:27549,a_007,27549,0,2,1,0,1,1,0,0,0
gated_alive:a_007:28217,a_007,28217,0,5,11,2,3,3,4,3,1
gated_alive:a_007:28923,a_007,28923,1,4,0,1,2,2,3,1,4
gated_alive:a_007:28927,a_007,28927,2,1,7,4,7,13,2,4,2
gated_alive:a_007:29461,a_007,29461,0,4,8,1,5,5,2,5,7
gated_alive:a_007:29682,a_007,29682,1,0,0,1,2,2,3,1,6
gated_alive:a_007:30026,a_007,30026,5,2,1,0,1,1,0,0,0
gated_alive:a_007:30038,a_007,30038,3,3,4,1,2,2,3,8,10
gated_alive:a_007:30400,a_007,30400,1,0,0,1,2,2,3,1,4
gated_alive:a_007:30717,a_007,30717,0,2,1,0,1,1,0,0,10
gated_alive:a_007:30899,a_007,30899,3,9,12,3,6,8,1,6,3
gated_alive:a_007:31724,a_007,31724,2,6,2,4,7,10,2,4,2
gated_alive:a_007:31738,a_007,31738,1,0,0,1,2,2,3,1,4
gated_alive:a_007:31816,a_007,31816,3,9,12,3,6,8,1,6,3
gated_alive:a_007:31840,a_007,31840,5,2,1,0,1,1,0,0,0
gated_alive:a_007:31879,a_007,31879,1,0,0,1,5,5,3,1,4
gated_alive:a_007:31952,a_007,31952,1,0,6,1,5,5,3,1,12
gated_alive:a_007:32406,a_007,32406,2,6,2,3,4,4,0,0,17
gated_alive:a_007:32600,a_007,32600,0,5,11,2,3,3,4,3,1
gated_alive:a_007:33182,a_007,33182,1,0,0,1,2,2,3,1,4
gated_alive:a_007:33222,a_007,33222,3,9,12,3,6,8,1,6,3
gated_alive:a_007:33289,a_007,33289,0,5,11,2,3,3,4,3,1
gated_alive:a_007:33482,a_007,33482,4,7,9,5,8,11,6,9,13
gated_alive:a_007:33695,a_007,33695,1,0,0,1,2,2,3,1,4
gated_alive:a_007:33934,a_007,33934,0,5,11,2,3,3,4,3,1
gated_alive:a_007:33938,a_007,33938,1,0,0,1,2,2,3,1,4
gated_alive:a_007:34054,a_007,34054,1,0,0,1,2,2,3,1,4
gated_alive:a_007:34216,a_007,34216,1,0,0,1,2,2,3,1,4
gated_alive:a_007:34269,a_007,34269,0,5,11,2,3,3,4,3,1
gated_alive:a_007:34581,a_007,34581,1,4,3,2,3,3,5,7,11
gated_alive:a_007:34761,a_007,34761,1,0,0,1,2,2,3,1,5
gated_alive:a_007:34899,a_007,34899,3,9,12,3,6,8,1,6,3
gated_alive:a_007:35096,a_007,35096,2,6,2,4,7,10,2,4,2
gated_alive:a_007:35403,a_007,35403,0,5,11,0,0,0,4,8,10
gated_alive:a_007:35449,a_007,35449,2,6,2,3,4,4,2,4,2
gated_alive:a_007:35487,a_007,35487,2,6,2,4,7,10,2,4,2
gated_alive:a_007:35641,a_007,35641,1,4,0,1,2,2,3,1,4
gated_alive:a_007:36201,a_007,36201,0,5,11,2,3,3,4,3,1
gated_alive:a_007:36399,a_007,36399,3,1,7,4,7,13,2,4,2
gated_alive:a_007:36417,a_007,36417,0,5,11,2,3,3,4,3,1
gated_alive:a_007:36671,a_007,36671,4,7,13,5,8,11,6,9,13
gated_alive:a_007:36675,a_007,36675,4,7,9,5,8,11,6,9,13
gated_alive:a_007:38141,a_007,38141,1,0,0,1,5,5,3,1,4
gated_alive:a_007:38245,a_007,38245,1,3,4,1,5,5,3,1,6
gated_alive:a_007:38256,a_007,38256,1,0,0,1,5,5,1,2,5
gated_alive:a_007:38318,a_007,38318,1,0,0,1,2,2,3,1,4
gated_alive:a_007:38620,a_007,38620,0,5,11,0,0,0,4,3,1
gated_alive:a_007:38773,a_007,38773,5,2,1,0,1,1,0,0,0
gated_alive:a_007:38892,a_007,38892,1,0,0,1,5,5,3,1,12
gated_alive:a_007:38976,a_007,38976,3,3,4,1,5,5,1,2,5
gated_alive:a_007:39296,a_007,39296,5,2,1,0,1,1,0,0,0
gated_alive:a_007:39310,a_007,39310,2,6,2,4,7,10,2,4,2
gated_alive:a_007:39401,a_007,39401,1,0,0,1,5,5,3,1,12
gated_alive:a_007:39752,a_007,39752,0,4,8,3,4,4,0,0,17
gated_alive:a_007:39947,a_007,39947,0,2,11,0,0,7,0,7,12
gated_alive:a_007:39948,a_007,39948,0,0,0,2,3,3,3,5,4
gated_alive:a_007:40310,a_007,40310,1,0,0,1,2,2,3,1,6
gated_alive:a_007:40312,a_007,40312,5,2,1,0,1,1,0,0,0
gated_alive:a_007:40439,a_007,40439,2,1,7,1,5,5,2,4,2
gated_alive:a_007:41407,a_007,41407,5,2,1,0,1,1,0,0,0
gated_alive:a_007:41814,a_007,41814,1,0,11,0,0,6,4,3,15
gated_alive:a_007:41886,a_007,41886,5,2,1,0,1,1,0,0,0
gated_alive:a_007:42840,a_007,42840,3,4,0,1,5,5,1,2,3
gated_alive:a_007:43020,a_007,43020,2,6,2,4,7,10,2,4,2
gated_alive:a_007:43487,a_007,43487,0,5,11,2,3,3,4,3,1
gated_alive:a_007:43731,a_007,43731,2,9,5,3,6,8,2,6,9
gated_alive:a_007:43763,a_007,43763,1,0,0,1,2,2,3,1,4
gated_alive:a_007:44037,a_007,44037,3,3,4,1,5,5,1,2,5
gated_alive:a_007:44082,a_007,44082,5,2,1,0,1,1,0,0,0
gated_alive:a_007:44228,a_007,44228,0,5,11,2,3,3,4,3,1
gated_alive:a_007:44555,a_007,44555,1,0,0,1,2,2,3,1,4
gated_alive:a_007:44633,a_007,44633,3,9,12,3,6,8,1,6,3
gated_alive:a_007:44973,a_007,44973,3,4,4,1,5,5,1,2,3
gated_alive:a_007:44982,a_007,44982,3,3,4,1,5,5,1,2,3
gated_alive:a_007:45611,a_007,45611,3,9,12,1,5,5,1,2,3
gated_alive:a_007:46121,a_007,46121,1,4,0,1,2,2,3,1,4
gated_alive:a_007:46369,a_007,46369,5,2,1,0,1,1,0,0,0
gated_alive:a_007:46667,a_007,46667,1,3,4,1,2,2,1,2,5
gated_alive:a_007:46911,a_007,46911,0,5,11,2,3,3,4,3,1
gated_alive:a_007:47498,a_007,47498,1,4,0,1,5,5,3,1,4
gated_alive:a_007:47508,a_007,47508,1,4,0,1,2,2,3,1,4
gated_alive:a_007:47666,a_007,47666,1,0,0,1,2,2,3,1,4
gated_alive:a_007:47682,a_007,47682,4,7,9,5,8,11,6,9,13
gated_alive:a_007:47834,a_007,47834,3,4,4,1,5,5,1,2,3
gated_alive:a_007:47849,a_007,47849,3,4,4,1,5,5,1,2,3
gated_alive:a_007:48269,a_007,48269,1,0,0,1,2,2,3,1,4
gated_alive:a_007:48411,a_007,48411,3,9,12,3,6,8,1,6,3
gated_alive:a_007:48440,a_007,48440,3,9,12,1,5,5,1,2,3
gated_alive:a_007:48502,a_007,48502,3,4,4,1,5,5,1,2,3
gated_alive:a_007:48533,a_007,48533,0,5,11,2,3,3,4,3,1
gated_alive:a_007:48635,a_007,48635,0,5,11,0,1,1,4,5,8
gated_alive:a_007:48732,a_007,48732,3,9,12,3,6,8,1,6,3
gated_alive:a_007:49323,a_007,49323,1,0,0,1,2,2,3,1,4
gated_alive:a_007:49453,a_007,49453,0,4,8,4,7,10,2,4,14
gated_alive:a_007:49472,a_007,49472,1,3,4,1,5,5,1,2,5
gated_alive:a_007:49591,a_007,49591,1,0,6,0,0,6,3,1,10
gated_alive:a_007:49901,a_007,49901,0,5,11,2,3,3,4,3,1
gated_alive:a_007:50023,a_007,50023,0,2,1,3,4,4,0,0,17
gated_alive:a_007:50237,a_007,50237,0,2,1,0,0,7,0,7,12
gated_alive:a_007:50405,a_007,50405,4,7,9,5,8,11,6,9,13
gated_alive:a_007:50505,a_007,50505,4,7,9,5,8,11,6,9,13
gated_alive:a_007:50558,a_007,50558,3,3,4,1,5,5,1,2,3
gated_alive:a_007:50578,a_007,50578,0,5,11,0,0,0,4,8,10
gated_alive:a_007:50586,a_007,50586,5,2,1,0,1,1,0,0,8
gated_alive:a_007:50768,a_007,50768,0,5,11,2,3,3,4,3,1
gated_alive:a_007:50808,a_007,50808,3,3,4,1,5,5,1,2,3
gated_alive:a_007:50996,a_007,50996,5,2,1,0,1,1,0,0,0
gated_alive:a_007:51004,a_007,51004,0,5,11,2,3,3,4,3,1
gated_alive:a_007:51239,a_007,51239,5,2,1,0,1,1,0,0,0
gated_alive:a_007:51744,a_007,51744,0,2,1,0,1,1,0,0,0
gated_alive:a_007:51872,a_007,51872,5,2,1,0,1,1,0,0,0
gated_alive:a_007:52016,a_007,52016,0,4,8,2,3,3,4,5,7
gated_alive:a_007:52098,a_007,52098,3,3,4,1,5,5,1,2,5
gated_alive:a_007:52132,a_007,52132,0,5,11,2,3,3,4,3,1
gated_alive:a_007:52146,a_007,52146,3,9,13,3,9,12,1,2,5
gated_alive:a_007:52187,a_007,52187,1,4,8,1,5,5,2,5,7
gated_alive:a_007:52264,a_007,52264,3,9,12,3,6,8,1,6,3
gated_alive:a_007:52523,a_007,52523,1,0,0,1,2,2,3,1,4
gated_alive:a_007:52688,a_007,52688,1,0,0,1,2,2,3,1,4
gated_alive:a_007:52829,a_007,52829,1,4,0,1,5,5,1,1,4
gated_alive:a_007:53101,a_007,53101,1,0,0,1,5,5,3,1,4
gated_alive:a_007:53595,a_007,53595,0,5,11,2,3,3,4,3,1
gated_alive:a_007:54001,a_007,54001,3,4,4,1,5,5,1,2,3
gated_alive:a_007:54572,a_007,54572,2,1,7,4,7,13,2,4,2
gated_alive:a_007:54806,a_007,54806,0,5,11,2,3,3,4,3,1
gated_alive:a_007:55078,a_007,55078,1,0,0,1,2,2,3,1,6
gated_alive:a_007:55214,a_007,55214,0,4,8,3,6,8,2,5,14
gated_alive:a_007:55418,a_007,55418,1,4,0,3,6,8,1,6,3
gated_alive:a_007:55704,a_007,55704,0,5,11,0,0,7,4,7,12
gated_alive:a_007:55781,a_007,55781,3,3,4,1,5,5,1,2,12
gated_alive:a_007:55902,a_007,55902,5,2,1,0,1,1,0,0,0
gated_alive:a_007:55951,a_007,55951,4,7,9,5,8,11,6,9,13
gated_alive:a_007:56139,a_007,56139,5,8,10,3,4,4,0,0,17
gated_alive:a_007:56171,a_007,56171,0,5,11,2,3,3,4,3,1
gated_alive:a_007:56427,a_007,56427,1,4,0,3,6,9,2,6,9
gated_alive:a_007:56468,a_007,56468,0,5,11,0,0,6,4,3,1
gated_alive:a_007:56869,a_007,56869,0,5,11,0,1,1,0,0,13
gated_alive:a_007:57101,a_007,57101,1,4,0,1,2,2,3,1,4
gated_alive:a_007:57162,a_007,57162,1,0,0,1,2,2,3,1,4
gated_alive:a_007:57232,a_007,57232,1,0,0,1,2,2,3,1,4
gated_alive:a_007:57463,a_007,57463,1,3,4,1,5,5,1,2,5
gated_alive:a_007:57478,a_007,57478,2,6,2,4,7,10,2,4,2
gated_alive:a_007:57489,a_007,57489,2,6,2,4,7,10,2,4,2
gated_alive:a_007:57490,a_007,57490,2,6,2,4,7,10,2,4,2
gated_alive:a_007:57625,a_007,57625,1,0,0,1,5,5,3,1,4
gated_alive:a_007:57699,a_007,57699,0,5,11,2,3,3,4,3,1
gated_alive:a_007:58862,a_007,58862,2,9,12,4,7,10,2,4,2
gated_alive:a_007:59426,a_007,59426,3,3,4,1,5,5,1,2,2
gated_alive:a_007:59740,a_007,59740,0,5,11,0,0,0,4,8,10
gated_alive:a_007:60335,a_007,60335,2,1,7,4,7,13,2,4,2
gated_alive:a_007:60424,a_007,60424,1,9,12,3,6,8,1,6,3
gated_alive:a_007:60611,a_007,60611,0,5,11,2,3,3,4,3,1
gated_alive:a_007:60616,a_007,60616,3,9,12,3,6,8,1,6,3
gated_alive:a_007:60820,a_007,60820,5,2,1,0,1,1,0,0,0
gated_alive:a_007:60983,a_007,60983,5,2,1,0,1,1,0,8,10
gated_alive:a_007:61028,a_007,61028,2,6,2,4,7,13,2,4,2
gated_alive:a_007:61531,a_007,61531,5,2,1,0,1,1,0,0,0
gated_alive:a_007:61536,a_007,61536,1,4,0,1,2,2,3,1,4
gated_alive:a_007:62144,a_007,62144,0,5,11,2,3,3,4,3,1
gated_alive:a_007:62154,a_007,62154,1,0,0,3,6,8,3,1,4
gated_alive:a_007:62329,a_007,62329,5,2,1,0,1,1,0,0,8
gated_alive:a_007:62416,a_007,62416,3,3,4,1,5,5,1,2,5
gated_alive:a_007:62900,a_007,62900,0,5,11,3,4,4,0,0,17
gated_alive:a_007:63043,a_007,63043,0,4,8,3,6,8,2,5,14
gated_alive:a_007:63078,a_007,63078,0,5,11,2,3,3,4,3,1
gated_alive:a_007:63154,a_007,63154,1,4,0,1,2,2,3,1,4
gated_alive:a_007:63159,a_007,63159,3,9,12,3,6,8,1,6,3
gated_alive:a_007:63293,a_007,63293,0,5,11,0,0,0,4,8,10
gated_alive:a_007:63322,a_007,63322,1,4,0,1,5,5,3,1,4
gated_alive:a_007:63699,a_007,63699,0,4,8,2,3,3,2,5,7
gated_alive:a_007:64236,a_007,64236,2,1,7,4,7,13,2,4,2
gated_alive:a_007:64583,a_007,64583,1,4,8,1,5,5,1,2,3
gated_alive:a_007:64794,a_007,64794,0,4,0,2,3,3,3,5,7
gated_alive:a_007:64963,a_007,64963,0,5,11,2,3,3,4,3,1
gated_alive:a_007:65179,a_007,65179,5,2,1,0,1,1,0,0,0
gated_alive:a_007:65696,a_007,65696,0,5,11,2,3,3,4,3,1
gated_alive:a_007:65910,a_007,65910,3,4,8,5,8,11,2,5,7
gated_alive:a_007:66146,a_007,66146,2,1,7,4,7,13,2,4,2
gated_alive:a_007:66186,a_007,66186,0,5,11,2,3,3,4,3,1
gated_alive:a_007:66426,a_007,66426,5,2,3,2,3,3,5,7,11
gated_alive:a_007:66492,a_007,66492,2,1,7,0,0,6,0,4,13
gated_alive:a_007:66848,a_007,66848,0,4,8,3,6,8,1,6,3
gated_alive:a_007:67216,a_007,67216,3,4,8,3,6,8,2,5,7
gated_alive:a_007:67461,a_007,67461,2,6,2,4,7,10,2,4,2
gated_alive:a_007:67766,a_007,67766,0,4,8,3,6,8,2,4,2
gated_alive:a_007:68065,a_007,68065,0,5,11,2,3,3,4,3,1
gated_alive:a_007:68390,a_007,68390,3,3,4,1,5,5,1,2,3
gated_alive:a_007:68439,a_007,68439,1,0,0,1,2,2,3,1,6
gated_alive:a_007:68457,a_007,68457,0,2,1,0,0,7,0,7,12
gated_alive:a_007:68522,a_007,68522,2,6,2,3,9,12,2,4,2
gated_alive:a_007:68529,a_007,68529,1,4,0,1,2,2,3,1,4
gated_alive:a_007:68543,a_007,68543,3,3,4,1,5,5,1,2,5
gated_alive:a_007:68955,a_007,68955,0,2,1,2,3,3,0,5,7
gated_alive:a_007:69137,a_007,69137,1,0,0,1,2,2,3,1,4
gated_alive:a_007:69220,a_007,69220,0,5,11,2,3,3,4,3,1
gated_alive:a_007:69269,a_007,69269,0,5,11,2,3,3,4,3,1
gated_alive:a_007:69292,a_007,69292,3,9,12,3,6,8,2,6,3
gated_alive:a_007:69377,a_007,69377,0,5,11,2,3,3,4,3,1
gated_alive:a_007:69467,a_007,69467,1,4,0,1,5,5,3,1,4
gated_alive:a_007:69809,a_007,69809,5,2,1,0,1,1,0,0,0
gated_alive:a_007:69810,a_007,69810,1,0,0,1,2,2,3,1,4
gated_alive:a_007:69904,a_007,69904,5,2,13,3,9,12,5,10,16
gated_alive:a_007:69908,a_007,69908,3,9,12,3,6,8,1,6,3
gated_alive:a_007:70299,a_007,70299,1,4,5,3,6,8,2,6,9
gated_alive:a_007:70581,a_007,70581,3,3,4,1,5,5,1,2,5
gated_alive:a_007:70666,a_007,70666,1,3,0,1,5,5,1,2,5
gated_alive:a_007:70771,a_007,70771,0,4,8,0,0,0,0,7,12
gated_alive:a_007:71437,a_007,71437,1,4,0,1,5,5,3,1,4
gated_alive:a_007:71497,a_007,71497,5,2,1,0,1,1,0,0,0
gated_alive:a_007:71593,a_007,71593,3,9,12,3,6,8,1,6,3
gated_alive:a_007:71648,a_007,71648,1,0,0,1,2,2,3,1,4
gated_alive:a_007:71720,a_007,71720,3,9,12,3,6,8,1,2,3
gated_alive:a_007:71795,a_007,71795,1,0,0,1,2,2,3,1,4
gated_alive:a_007:71827,a_007,71827,3,3,4,1,5,5,1,2,3
gated_alive:a_007:71845,a_007,71845,0,2,1,0,1,1,0,5,7
gated_alive:a_007:72034,a_007,72034,1,0,0,1,2,2,3,1,4
gated_alive:a_007:72083,a_007,72083,3,3,4,1,5,5,1,2,3
gated_alive:a_007:72444,a_007,72444,5,2,1,3,4,4,0,0,17
gated_alive:a_007:72671,a_007,72671,0,2,8,0,1,1,0,5,7
gated_alive:a_007:73060,a_007,73060,3,3,4,1,5,5,1,2,5
gated_alive:a_007:73106,a_007,73106,1,0,0,1,5,5,3,1,12
gated_alive:a_007:73539,a_007,73539,2,6,2,4,7,10,2,4,2
gated_alive:a_007:73544,a_007,73544,2,6,2,4,7,10,2,4,2
gated_alive:a_007:73569,a_007,73569,2,6,2,4,7,10,2,4,2
gated_alive:a_007:73635,a_007,73635,1,4,0,1,5,5,1,2,3
gated_alive:a_007:73691,a_007,73691,0,5,11,2,3,3,4,3,1
gated_alive:a_007:73745,a_007,73745,0,5,11,2,3,3,4,3,1
gated_alive:a_007:73805,a_007,73805,1,4,0,1,5,5,3,1,4
gated_alive:a_007:74080,a_007,74080,5,2,1,0,1,1,0,0,8
gated_alive:a_007:74548,a_007,74548,1,0,0,1,2,2,3,1,4
gated_alive:a_007:74957,a_007,74957,0,5,11,0,0,7,4,7,12
gated_alive:a_007:75886,a_007,75886,3,3,4,1,5,5,1,2,3
gated_alive:a_007:76064,a_007,76064,0,5,11,2,3,3,4,3,1
gated_alive:a_007:76299,a_007,76299,0,5,11,2,3,3,4,3,1
gated_alive:a_007:76306,a_007,76306,1,0,0,1,2,2,3,1,4
gated_alive:a_007:76495,a_007,76495,4,7,9,5,8,11,6,9,13
gated_alive:a_007:76551,a_007,76551,2,9,3,4,7,10,2,4,14
gated_alive:a_007:77036,a_007,77036,3,9,5,3,6,9,2,6,9
gated_alive:a_007:77159,a_007,77159,0,5,11,2,3,3,4,3,1
gated_alive:a_007:77160,a_007,77160,1,3,4,1,5,5,1,2,5
gated_alive:a_007:77211,a_007,77211,5,2,3,2,3,3,5,7,11
gated_alive:a_007:77367,a_007,77367,3,3,4,1,5,5,1,2,5
gated_alive:a_007:78168,a_007,78168,5,2,3,3,9,12,5,7,11
gated_alive:a_007:78572,a_007,78572,1,4,0,1,5,5,3,1,4
gated_alive:a_007:78804,a_007,78804,0,5,11,2,3,3,4,3,1
gated_alive:a_007:78822,a_007,78822,0,5,11,0,0,0,4,8,10
gated_alive:a_007:79141,a_007,79141,5,8,6,0,0,6,0,0,15
gated_alive:a_007:79215,a_007,79215,0,5,11,2,3,3,5,3,11
gated_alive:a_007:79325,a_007,79325,1,0,0,1,2,2,3,1,4
gated_alive:a_007:79516,a_007,79516,1,0,5,4,7,13,2,6,9
gated_alive:a_007:79583,a_007,79583,3,9,12,1,5,5,1,6,3
gated_alive:a_007:79593,a_007,79593,0,9,12,3,6,8,2,4,2
gated_alive:a_007:79749,a_007,79749,5,2,1,0,1,1,0,0,0
gated_alive:a_007:80198,a_007,80198,4,7,9,5,8,11,6,9,13
gated_alive:a_007:80508,a_007,80508,1,0,0,1,2,2,3,1,4
gated_alive:a_007:80830,a_007,80830,3,5,11,0,0,6,4,3,1
gated_alive:a_007:81406,a_007,81406,0,4,8,3,6,8,2,5,7
gated_alive:a_007:81476,a_007,81476,0,5,11,2,3,3,5,3,11
gated_alive:a_007:81625,a_007,81625,0,4,8,3,6,8,2,5,7
gated_alive:a_007:81853,a_007,81853,5,8,10,0,1,1,0,0,9
gated_alive:a_007:81865,a_007,81865,3,3,4,1,5,5,1,2,5
gated_alive:a_007:82072,a_007,82072,4,7,9,5,8,11,6,9,13
gated_alive:a_007:82090,a_007,82090,0,5,11,2,3,3,5,3,11
gated_alive:a_007:82326,a_007,82326,2,1,7,4,7,13,2,4,2
gated_alive:a_007:82539,a_007,82539,0,4,8,2,3,3,0,5,7
gated_alive:a_007:82587,a_007,82587,5,2,1,0,1,1,0,0,8
gated_alive:a_007:83104,a_007,83104,1,0,0,1,2,2,3,1,6
gated_alive:a_007:83380,a_007,83380,0,2,1,0,1,1,0,0,7
gated_alive:a_007:83559,a_007,83559,2,6,2,3,6,8,2,4,2
gated_alive:a_007:83561,a_007,83561,5,2,3,0,0,7,0,7,12
gated_alive:a_007:83810,a_007,83810,0,5,11,0,0,6,4,3,15
gated_alive:a_007:84146,a_007,84146,3,3,4,1,5,5,1,2,5
gated_alive:a_007:84306,a_007,84306,3,9,13,3,9,12,5,10,16
gated_alive:a_007:84420,a_007,84420,0,2,1,0,0,7,0,7,12
gated_alive:a_007:84458,a_007,84458,1,0,0,1,2,2,3,1,4
gated_alive:a_007:84688,a_007,84688,1,0,0,1,2,2,3,1,4
gated_alive:a_007:85149,a_007,85149,0,5,11,2,3,3,4,3,1
gated_alive:a_007:85248,a_007,85248,5,2,5,3,6,9,2,6,9
gated_alive:a_007:85433,a_007,85433,5,2,1,0,1,1,0,0,0
gated_alive:a_007:85651,a_007,85651,4,7,9,5,8,11,6,9,13
gated_alive:a_007:86061,a_007,86061,1,3,4,1,5,5,1,2,5
gated_alive:a_007:86171,a_007,86171,3,3,4,1,5,5,1,2,5
gated_alive:a_007:86233,a_007,86233,1,0,0,3,6,8,3,1,4
gated_alive:a_007:86354,a_007,86354,1,4,4,1,5,5,1,2,5
gated_alive:a_007:86535,a_007,86535,3,4,8,1,5,5,1,2,4
gated_alive:a_007:86627,a_007,86627,0,4,8,2,3,3,4,3,1
gated_alive:a_007:87262,a_007,87262,1,0,0,1,2,2,3,1,4
gated_alive:a_007:87612,a_007,87612,0,5,11,2,3,3,4,3,1
gated_alive:a_007:87654,a_007,87654,2,9,5,4,7,10,2,4,2
gated_alive:a_007:88109,a_007,88109,4,7,9,5,8,11,6,9,13
gated_alive:a_007:88176,a_007,88176,3,3,4,1,5,5,1,2,3
gated_alive:a_007:88354,a_007,88354,0,5,11,2,3,3,4,3,1
gated_alive:a_007:88534,a_007,88534,2,9,12,4,7,10,2,4,3
gated_alive:a_007:89311,a_007,89311,3,4,8,1,5,5,1,2,3
gated_alive:a_007:89489,a_007,89489,1,0,0,1,2,2,3,1,4
gated_alive:a_007:89571,a_007,89571,3,4,4,1,5,5,1,2,5
gated_alive:a_007:89772,a_007,89772,3,9,12,3,6,8,1,6,3
gated_alive:a_007:90037,a_007,90037,0,2,1,2,3,3,0,5,7
gated_alive:a_007:90110,a_007,90110,1,4,0,1,5,5,3,1,12
gated_alive:a_007:90549,a_007,90549,5,2,1,0,1,1,0,0,0
gated_alive:a_007:90695,a_007,90695,3,3,4,1,5,5,1,2,3
gated_alive:a_007:90832,a_007,90832,3,9,5,3,6,9,2,6,9
gated_alive:a_007:90875,a_007,90875,2,6,2,4,7,10,2,4,2
gated_alive:a_007:91060,a_007,91060,3,3,4,1,5,5,1,2,3
gated_alive:a_007:91302,a_007,91302,0,5,11,2,3,3,4,3,1
gated_alive:a_007:91604,a_007,91604,0,5,11,0,0,0,4,8,10
gated_alive:a_007:91685,a_007,91685,3,3,4,1,5,5,1,2,3
gated_alive:a_007:91714,a_007,91714,1,0,0,1,2,2,3,1,6
gated_alive:a_007:91755,a_007,91755,3,9,12,1,5,5,1,6,3
gated_alive:a_007:92295,a_007,92295,3,3,4,1,5,5,1,2,12
gated_alive:a_007:92390,a_007,92390,5,2,1,0,1,1,0,0,0
gated_alive:a_007:92481,a_007,92481,1,0,0,1,2,2,3,1,4
gated_alive:a_007:92706,a_007,92706,4,7,9,5,8,11,6,9,13
gated_alive:a_007:93118,a_007,93118,0,4,8,2,3,3,5,3,11
gated_alive:a_007:93230,a_007,93230,1,3,4,1,5,5,1,2,5
gated_alive:a_007:93335,a_007,93335,2,1,7,4,7,13,2,4,2
gated_alive:a_007:93885,a_007,93885,3,3,4,1,5,5,1,2,5
gated_alive:a_007:93886,a_007,93886,3,9,12,1,5,5,1,2,3
gated_alive:a_007:94111,a_007,94111,0,5,11,2,3,3,4,3,1
gated_alive:a_007:94146,a_007,94146,0,5,11,2,3,3,4,3,1
gated_alive:a_007:94147,a_007,94147,5,2,1,0,1,1,0,0,0
gated_alive:a_007:94239,a_007,94239,5,2,3,0,0,0,0,8,10
gated_alive:a_007:94464,a_007,94464,0,5,11,0,1,1,4,3,1
gated_alive:a_007:94608,a_007,94608,3,3,4,1,5,5,1,2,5
gated_alive:a_007:95218,a_007,95218,5,2,1,0,1,1,0,7,12
gated_alive:a_007:95702,a_007,95702,1,4,0,1,2,2,3,1,4
gated_alive:a_007:95733,a_007,95733,1,4,0,1,5,5,3,1,4
gated_alive:a_007:96077,a_007,96077,0,5,11,2,3,3,4,3,1
gated_alive:a_007:96238,a_007,96238,0,5,11,3,4,4,0,0,17
gated_alive:a_007:96563,a_007,96563,1,4,0,1,5,5,3,1,4
gated_alive:a_007:96657,a_007,96657,0,5,11,2,3,3,4,3,1
gated_alive:a_007:97388,a_007,97388,1,0,0,1,2,2,3,1,4
gated_alive:a_007:97473,a_007,97473,0,5,11,2,3,3,4,3,1
gated_alive:a_007:97611,a_007,97611,4,7,9,5,8,11,6,9,13
gated_alive:a_007:97619,a_007,97619,1,0,6,0,0,7,3,7,12
gated_alive:a_007:97753,a_007,97753,3,3,4,1,5,5,1,2,5
gated_alive:a_007:98234,a_007,98234,1,4,0,1,2,2,3,1,4
gated_alive:a_007:98599,a_007,98599,3,4,4,1,5,5,1,2,3
gated_alive:a_007:98722,a_007,98722,5,2,3,0,1,1,0,0,0
gated_alive:a_007:98725,a_007,98725,5,2,1,0,1,1,0,0,0
gated_alive:a_007:98993,a_007,98993,2,6,2,4,7,10,2,4,2
gated_alive:a_007:99104,a_007,99104,1,0,0,1,2,2,3,1,4
gated_alive:a_007:99144,a_007,99144,5,8,10,0,1,1,0,0,9
gated_alive:a_007:99328,a_007,99328,1,0,0,1,2,2,3,1,4
gated_alive:a_007:99334,a_007,99334,3,4,8,3,4,4,2,1,4
gated_alive:a_007:99369,a_007,99369,0,4,8,0,1,1,0,5,7
gated_alive:a_007:99561,a_007,99561,2,9,7,4,7,13,2,4,2
gated_alive:a_007:99966,a_007,99966,0,5,11,0,0,0,4,8,10
gated_alive:a_007:100323,a_007,100323,3,9,12,3,6,8,1,6,3
gated_alive:a_007:101498,a_007,101498,5,2,1,0,1,1,0,0,8
gated_alive:a_007:101523,a_007,101523,1,0,0,1,2,2,3,8,10
gated_alive:a_007:101548,a_007,101548,3,9,12,3,6,8,1,6,3
gated_alive:a_007:101642,a_007,101642,1,0,0,1,2,2,3,1,4
gated_alive:a_007:102019,a_007,102019,0,5,11,2,3,3,4,3,1
gated_alive:a_007:102606,a_007,102606,3,4,4,1,5,5,1,2,5
gated_alive:a_007:102722,a_007,102722,4,7,9,5,8,11,6,9,13
gated_alive:a_007:103002,a_007,103002,5,2,1,0,1,1,0,0,0
gated_alive:a_007:103226,a_007,103226,5,2,3,2,3,3,0,0,0
gated_alive:a_007:103486,a_007,103486,1,4,0,1,5,5,3,1,4
gated_alive:a_007:103667,a_007,103667,0,5,11,2,3,3,4,5,7
gated_alive:a_007:103693,a_007,103693,1,4,0,1,2,2,3,1,4
gated_alive:a_007:103760,a_007,103760,1,4,0,1,2,2,3,1,4
gated_alive:a_007:103955,a_007,103955,1,3,4,1,5,5,1,2,5
gated_alive:a_007:104345,a_007,104345,1,0,0,1,2,2,3,1,4
gated_alive:a_007:104616,a_007,104616,0,5,11,2,3,3,4,3,1
gated_alive:a_009:1072,a_009,1072,3,9,12,0,0,7,1,6,3
gated_alive:a_009:1077,a_009,1077,5,2,1,0,1,1,0,0,0
gated_alive:a_009:1906,a_009,1906,5,8,10,0,0,7,0,7,12
gated_alive:a_009:2036,a_009,2036,1,0,0,1,2,2,3,8,10
gated_alive:a_009:2567,a_009,2567,0,2,1,2,3,3,0,0,0
gated_alive:a_009:2711,a_009,2711,3,3,4,3,6,8,1,2,3
gated_alive:a_009:2936,a_009,2936,3,9,5,3,6,9,2,6,9
gated_alive:a_009:3214,a_009,3214,3,4,4,1,5,5,1,2,3
gated_alive:a_009:3289,a_009,3289,3,9,12,3,6,8,1,6,3
gated_alive:a_009:3341,a_009,3341,3,3,4,1,5,5,1,2,5
gated_alive:a_009:3490,a_009,3490,2,8,3,0,0,7,0,7,12
gated_alive:a_009:3535,a_009,3535,1,0,0,1,2,2,3,1,4
gated_alive:a_009:3771,a_009,3771,2,6,2,4,7,10,2,4,2
gated_alive:a_009:4054,a_009,4054,3,4,8,3,6,8,1,5,7
gated_alive:a_009:4351,a_009,4351,5,8,13,3,9,12,5,10,16
gated_alive:a_009:4905,a_009,4905,1,0,0,1,2,2,3,1,4
gated_alive:a_009:5174,a_009,5174,5,2,1,0,0,7,0,7,12
gated_alive:a_009:5907,a_009,5907,5,2,1,0,1,1,0,0,0
gated_alive:a_009:5977,a_009,5977,1,4,0,1,2,2,3,1,4
gated_alive:a_009:6189,a_009,6189,0,4,8,1,5,5,2,5,7
gated_alive:a_009:6487,a_009,6487,0,5,11,0,0,6,4,3,1
gated_alive:a_009:7066,a_009,7066,0,4,8,3,6,8,2,4,2
gated_alive:a_009:7399,a_009,7399,0,5,11,4,7,10,4,3,1
gated_alive:a_009:7895,a_009,7895,1,4,0,3,6,8,3,1,4
gated_alive:a_009:7946,a_009,7946,0,5,11,0,0,7,4,7,12
gated_alive:a_009:8143,a_009,8143,0,4,8,1,5,5,1,5,7
gated_alive:a_009:8297,a_009,8297,3,3,4,0,0,0,3,8,10
gated_alive:a_009:8583,a_009,8583,5,8,10,0,0,6,0,0,15
gated_alive:a_009:8826,a_009,8826,0,4,8,0,0,0,0,8,10
gated_alive:a_009:9185,a_009,9185,3,9,12,3,6,8,1,6,3
gated_alive:a_009:9503,a_009,9503,3,9,4,3,6,8,4,3,1
gated_alive:a_009:9774,a_009,9774,5,2,1,0,1,1,0,0,0
gated_alive:a_009:10039,a_009,10039,1,0,0,1,2,2,3,1,4
gated_alive:a_009:10602,a_009,10602,0,5,11,2,3,3,5,3,11
gated_alive:a_009:11395,a_009,11395,5,2,1,0,1,1,0,0,0
gated_alive:a_009:11792,a_009,11792,0,5,11,2,3,3,4,3,1
gated_alive:a_009:11912,a_009,11912,3,9,12,3,6,8,1,6,3
gated_alive:a_009:12661,a_009,12661,0,5,11,2,3,3,4,3,1
gated_alive:a_009:12765,a_009,12765,1,0,0,1,2,2,3,1,4
gated_alive:a_009:13279,a_009,13279,0,5,11,2,3,3,4,3,1
gated_alive:a_009:13557,a_009,13557,0,2,8,2,3,3,5,7,11
gated_alive:a_009:14982,a_009,14982,0,2,1,0,1,1,0,0,0
gated_alive:a_009:16415,a_009,16415,3,3,4,1,5,5,1,2,3
gated_alive:a_009:16766,a_009,16766,0,5,11,2,3,3,4,3,1
gated_alive:a_009:16967,a_009,16967,4,7,9,5,8,11,6,9,13
gated_alive:a_009:18078,a_009,18078,0,4,8,2,3,3,0,0,7
gated_alive:a_009:18342,a_009,18342,5,2,1,0,1,1,0,0,0
gated_alive:a_009:18410,a_009,18410,0,5,11,2,3,3,4,3,1
gated_alive:a_009:18969,a_009,18969,0,5,11,0,0,6,4,3,1
gated_alive:a_009:20533,a_009,20533,2,6,2,4,7,10,2,4,2
gated_alive:a_009:20632,a_009,20632,1,0,0,1,2,2,3,1,4
gated_alive:a_009:21811,a_009,21811,4,9,12,5,8,11,1,6,3
gated_alive:a_009:22260,a_009,22260,3,3,4,1,5,5,1,2,3
gated_alive:a_009:22509,a_009,22509,1,4,0,1,2,2,3,1,4
gated_alive:a_009:22558,a_009,22558,0,5,11,2,3,3,4,3,1
gated_alive:a_009:23585,a_009,23585,1,4,0,1,2,2,3,1,4
gated_alive:a_009:23758,a_009,23758,0,4,8,3,6,8,2,5,7
gated_alive:a_009:23787,a_009,23787,3,9,5,3,6,9,2,6,9
gated_alive:a_009:24136,a_009,24136,3,8,5,0,0,6,4,3,1
gated_alive:a_009:24687,a_009,24687,1,4,0,1,5,5,3,1,4
gated_alive:a_009:25287,a_009,25287,3,4,8,3,6,8,2,8,10
gated_alive:a_009:25423,a_009,25423,5,8,10,0,1,1,0,0,8
gated_alive:a_009:25868,a_009,25868,1,0,0,1,2,2,3,1,6
gated_alive:a_009:26782,a_009,26782,2,6,2,4,7,13,2,4,2
gated_alive:a_009:26941,a_009,26941,0,4,8,3,6,8,2,5,7
gated_alive:a_009:27137,a_009,27137,5,2,10,0,1,1,0,0,0
gated_alive:a_009:27797,a_009,27797,0,5,11,2,3,3,4,3,1
gated_alive:a_009:27841,a_009,27841,3,4,5,3,6,9,2,6,9
gated_alive:a_009:28480,a_009,28480,5,8,10,0,1,1,0,0,0
gated_alive:a_009:28714,a_009,28714,3,3,4,1,5,5,1,2,3
gated_alive:a_009:28992,a_009,28992,5,8,10,3,4,4,0,0,0
gated_alive:a_009:29239,a_009,29239,2,6,2,4,7,10,2,4,9
gated_alive:a_009:30516,a_009,30516,0,4,8,2,3,3,0,5,7
gated_alive:a_009:31318,a_009,31318,5,8,10,0,0,0,0,8,10
gated_alive:a_009:31331,a_009,31331,3,9,5,3,6,8,2,6,9
gated_alive:a_009:31410,a_009,31410,3,4,0,3,6,8,1,6,3
gated_alive:a_009:31753,a_009,31753,3,3,5,3,6,8,2,6,9
gated_alive:a_009:31799,a_009,31799,2,8,10,0,0,6,0,4,9
gated_alive:a_009:32341,a_009,32341,3,9,13,3,9,12,5,10,16
gated_alive:a_009:32873,a_009,32873,3,9,5,3,6,9,2,6,9
gated_alive:a_009:34119,a_009,34119,3,9,5,3,6,8,2,6,9
gated_alive:a_009:34517,a_009,34517,5,2,1,0,1,1,0,0,0
gated_alive:a_009:35043,a_009,35043,2,6,2,3,6,8,2,4,2
gated_alive:a_009:35401,a_009,35401,3,4,8,1,5,5,1,1,4
gated_alive:a_009:35617,a_009,35617,5,8,10,0,1,1,0,8,8
gated_alive:a_009:35646,a_009,35646,5,2,1,0,1,1,0,0,0
gated_alive:a_009:36126,a_009,36126,2,6,3,3,9,12,0,4,2
gated_alive:a_009:36379,a_009,36379,4,1,7,5,8,11,2,4,2
gated_alive:a_009:36725,a_009,36725,3,3,4,1,5,5,1,2,5
gated_alive:a_009:37055,a_009,37055,4,7,9,5,8,11,6,9,13
gated_alive:a_009:38044,a_009,38044,0,5,11,0,0,6,4,3,15
gated_alive:a_009:38046,a_009,38046,3,4,5,3,6,8,2,6,9
gated_alive:a_009:38096,a_009,38096,2,6,2,4,7,10,2,4,2
gated_alive:a_009:38386,a_009,38386,3,4,5,3,6,9,2,6,9
gated_alive:a_009:38715,a_009,38715,0,5,11,0,1,1,4,3,1
gated_alive:a_009:39074,a_009,39074,1,0,0,1,5,5,3,1,4
gated_alive:a_009:39435,a_009,39435,0,4,8,3,6,8,2,4,2
gated_alive:a_009:39996,a_009,39996,5,8,5,3,6,8,0,6,9
gated_alive:a_009:41943,a_009,41943,5,2,1,0,1,1,0,0,0
gated_alive:a_009:42312,a_009,42312,1,0,0,1,2,2,3,1,4
gated_alive:a_009:43115,a_009,43115,0,5,11,3,6,8,4,3,15
gated_alive:a_009:43249,a_009,43249,0,4,8,1,5,5,2,5,7
gated_alive:a_009:43512,a_009,43512,4,7,9,5,8,11,6,9,13
gated_alive:a_009:43781,a_009,43781,5,9,5,3,6,8,2,6,9
gated_alive:a_009:44181,a_009,44181,3,4,8,3,6,8,1,2,3
gated_alive:a_009:44351,a_009,44351,5,8,3,0,1,1,0,7,11
gated_alive:a_009:45020,a_009,45020,1,0,0,1,2,2,3,1,6
gated_alive:a_009:45657,a_009,45657,1,0,0,1,2,2,3,1,4
gated_alive:a_009:45840,a_009,45840,3,9,12,1,5,5,1,6,3
gated_alive:a_009:45947,a_009,45947,3,3,4,1,5,5,1,2,3
gated_alive:a_009:45991,a_009,45991,3,9,5,3,6,8,2,6,9
gated_alive:a_009:46004,a_009,46004,2,4,8,4,7,10,2,4,2
gated_alive:a_009:46279,a_009,46279,1,4,0,3,6,8,3,1,4
gated_alive:a_009:47059,a_009,47059,1,4,0,1,5,5,3,1,4
gated_alive:a_009:47162,a_009,47162,0,5,11,0,0,6,4,3,15
gated_alive:a_009:47170,a_009,47170,5,2,1,3,4,4,0,0,17
gated_alive:a_009:47195,a_009,47195,3,9,12,1,5,5,1,2,3
gated_alive:a_009:47356,a_009,47356,4,7,9,5,8,11,6,9,13
gated_alive:a_009:47983,a_009,47983,2,9,12,4,7,13,2,4,2
gated_alive:a_009:49300,a_009,49300,3,9,5,3,6,9,2,6,9
gated_alive:a_009:49603,a_009,49603,0,5,11,2,3,3,4,3,1
gated_alive:a_009:50595,a_009,50595,5,8,10,0,0,6,0,0,15
gated_alive:a_009:51500,a_009,51500,2,6,2,4,7,13,2,4,2
gated_alive:a_009:53038,a_009,53038,2,6,2,4,7,10,2,4,2
gated_alive:a_009:53056,a_009,53056,3,9,3,0,1,1,1,7,11
gated_alive:a_009:53377,a_009,53377,3,4,8,1,5,5,1,2,3
gated_alive:a_009:53881,a_009,53881,3,4,5,3,6,9,2,6,9
gated_alive:a_009:54308,a_009,54308,1,0,6,1,2,2,3,1,6
gated_alive:a_009:54350,a_009,54350,3,3,4,1,5,5,1,2,5
gated_alive:a_009:54400,a_009,54400,1,0,0,1,2,2,3,1,6
gated_alive:a_009:54735,a_009,54735,3,3,4,1,5,5,1,2,5
gated_alive:a_009:55545,a_009,55545,0,5,11,0,0,7,4,7,12
gated_alive:a_009:56219,a_009,56219,0,5,11,2,3,3,4,3,1
gated_alive:a_009:57612,a_009,57612,2,6,5,3,6,9,2,6,9
gated_alive:a_009:57815,a_009,57815,1,4,0,1,2,2,3,1,4
gated_alive:a_009:59001,a_009,59001,0,2,1,0,1,1,0,0,0
gated_alive:a_009:59746,a_009,59746,0,5,11,2,3,3,4,3,1
gated_alive:a_009:60720,a_009,60720,1,0,0,1,2,2,3,1,6
gated_alive:a_009:60866,a_009,60866,1,0,0,1,2,2,3,8,10
gated_alive:a_009:61441,a_009,61441,2,6,2,3,6,8,2,4,2
gated_alive:a_009:61748,a_009,61748,0,4,0,2,3,3,3,5,7
gated_alive:a_009:61768,a_009,61768,0,2,3,3,9,12,5,7,11
gated_alive:a_009:62158,a_009,62158,1,0,0,1,2,2,3,1,4
gated_alive:a_009:62335,a_009,62335,1,0,0,1,2,2,3,1,4
gated_alive:a_009:62562,a_009,62562,0,5,11,3,6,8,4,3,15
gated_alive:a_009:62601,a_009,62601,1,0,0,1,2,2,3,1,6
gated_alive:a_009:62631,a_009,62631,2,4,8,4,7,13,2,4,2
gated_alive:a_009:62972,a_009,62972,1,3,4,1,5,5,1,2,5
gated_alive:a_009:63044,a_009,63044,5,2,1,0,1,1,0,0,10
gated_alive:a_009:63300,a_009,63300,0,5,11,2,3,3,4,3,1
gated_alive:a_009:64078,a_009,64078,4,7,9,5,8,11,6,9,13
gated_alive:a_009:64895,a_009,64895,3,5,11,0,0,6,4,3,1
gated_alive:a_009:66078,a_009,66078,0,5,5,3,6,9,4,3,1
gated_alive:a_009:66511,a_009,66511,1,4,0,1,5,5,3,1,4
gated_alive:a_009:66737,a_009,66737,0,5,11,0,0,0,4,3,1
gated_alive:a_009:66892,a_009,66892,0,5,11,2,3,3,4,3,1
gated_alive:a_009:68449,a_009,68449,2,6,2,4,7,10,2,4,2
gated_alive:a_009:69075,a_009,69075,1,4,0,1,2,2,3,1,4
gated_alive:a_009:70456,a_009,70456,3,9,12,3,4,4,4,3,17
gated_alive:a_009:70679,a_009,70679,1,3,6,3,9,12,3,8,10
gated_alive:a_009:71612,a_009,71612,1,0,0,1,2,2,3,1,4
gated_alive:a_009:72364,a_009,72364,3,9,12,3,6,8,1,2,3
gated_alive:a_009:72825,a_009,72825,4,7,9,5,8,11,6,9,13
gated_alive:a_009:73525,a_009,73525,3,9,12,3,6,8,1,2,3
gated_alive:a_009:73995,a_009,73995,0,4,8,2,3,3,0,5,7
gated_alive:a_009:74119,a_009,74119,3,9,13,3,9,12,2,10,16
gated_alive:a_009:74399,a_009,74399,3,9,5,5,8,11,6,6,9
gated_alive:a_009:75117,a_009,75117,0,4,8,2,3,3,0,5,7
gated_alive:a_009:75356,a_009,75356,1,3,6,0,0,6,3,1,6
gated_alive:a_009:75451,a_009,75451,3,9,12,1,5,5,1,2,3
gated_alive:a_009:76192,a_009,76192,5,8,5,0,1,1,2,6,9
gated_alive:a_009:77314,a_009,77314,1,0,6,1,2,2,3,1,6
gated_alive:a_009:77407,a_009,77407,5,2,1,0,1,1,0,0,0
gated_alive:a_009:78425,a_009,78425,1,0,0,1,2,2,3,1,4
gated_alive:a_009:78466,a_009,78466,0,4,8,2,3,3,2,5,7
gated_alive:a_009:79129,a_009,79129,0,5,8,0,1,1,0,0,0
gated_alive:a_009:80074,a_009,80074,2,9,12,4,7,13,2,4,2
gated_alive:a_009:80252,a_009,80252,0,4,8,3,6,8,2,5,7
gated_alive:a_009:80464,a_009,80464,5,8,10,0,1,1,0,0,0
gated_alive:a_009:80744,a_009,80744,3,4,4,1,5,5,1,2,3
gated_alive:a_009:81250,a_009,81250,5,2,1,0,1,1,0,0,0
gated_alive:a_009:81465,a_009,81465,5,2,1,0,0,6,0,0,15
gated_alive:a_009:81683,a_009,81683,2,6,13,3,9,12,2,4,2
gated_alive:a_009:81839,a_009,81839,4,7,9,5,8,11,6,9,13
gated_alive:a_009:82535,a_009,82535,5,2,1,0,1,1,0,0,13
gated_alive:a_009:83407,a_009,83407,3,9,5,3,9,12,1,6,3
gated_alive:a_009:83706,a_009,83706,5,2,1,0,1,1,0,0,0
gated_alive:a_009:83822,a_009,83822,1,0,0,1,5,5,3,1,4
gated_alive:a_009:84696,a_009,84696,4,7,9,5,8,11,6,9,13
gated_alive:a_009:84715,a_009,84715,0,4,8,3,6,8,2,5,7
gated_alive:a_009:85050,a_009,85050,3,4,4,1,5,5,1,2,3
gated_alive:a_009:85284,a_009,85284,3,9,4,1,5,5,1,2,3
gated_alive:a_009:85746,a_009,85746,4,7,9,5,8,11,6,9,13
gated_alive:a_009:85778,a_009,85778,3,9,12,1,5,5,1,2,3
gated_alive:a_009:85822,a_009,85822,5,2,1,0,0,6,0,0,0
gated_alive:a_009:86570,a_009,86570,5,2,1,0,0,7,0,0,0
gated_alive:a_009:86599,a_009,86599,5,8,10,0,0,6,0,0,0
gated_alive:a_009:86687,a_009,86687,0,4,8,2,3,3,2,5,7
gated_alive:a_009:86807,a_009,86807,3,4,4,1,5,5,1,2,3
gated_alive:a_009:86892,a_009,86892,5,2,3,2,3,3,5,7,11
gated_alive:a_009:87163,a_009,87163,5,2,1,0,1,1,0,0,10
gated_alive:a_009:89813,a_009,89813,3,4,12,3,4,4,1,2,3
gated_alive:a_009:90832,a_009,90832,3,4,8,1,5,5,1,2,3
gated_alive:a_009:90896,a_009,90896,5,8,3,3,6,8,0,0,11
gated_alive:a_009:90904,a_009,90904,5,9,12,0,1,1,0,6,9
gated_alive:a_009:91174,a_009,91174,0,5,11,2,3,3,4,3,11
gated_alive:a_009:91754,a_009,91754,2,1,7,4,7,13,2,4,2
gated_alive:a_009:91771,a_009,91771,4,7,9,5,8,11,6,9,13
gated_alive:a_009:91784,a_009,91784,2,5,11,0,1,1,4,3,1
gated_alive:a_009:91951,a_009,91951,0,4,8,3,6,9,2,6,9
gated_alive:a_009:92116,a_009,92116,1,0,0,1,2,2,3,1,4
gated_alive:a_009:92255,a_009,92255,0,4,8,1,5,5,3,5,12
gated_alive:a_009:92865,a_009,92865,0,5,11,2,3,3,4,3,1
gated_alive:a_009:93683,a_009,93683,2,6,2,4,7,13,2,4,2
gated_alive:a_009:94400,a_009,94400,3,4,4,1,5,5,1,2,3
gated_alive:a_009:94521,a_009,94521,1,4,0,1,2,2,3,1,4
gated_alive:a_009:94718,a_009,94718,3,9,12,3,6,8,1,6,3
gated_alive:a_009:95442,a_009,95442,3,4,8,1,5,5,1,2,3
gated_alive:a_009:96154,a_009,96154,5,2,1,0,1,1,0,0,0
gated_alive:a_009:96437,a_009,96437,0,2,13,3,9,12,5,10,16
gated_alive:a_009:96676,a_009,96676,0,5,11,2,3,3,4,3,1
gated_alive:a_009:96687,a_009,96687,0,5,11,0,0,0,4,3,1
gated_alive:a_009:97378,a_009,97378,0,5,11,4,7,10,2,4,2
gated_alive:a_009:97526,a_009,97526,2,9,3,3,9,12,5,7,11
gated_alive:a_009:98005,a_009,98005,3,3,4,3,6,8,1,2,5
gated_alive:a_009:98387,a_009,98387,0,2,1,0,1,1,0,0,0
gated_alive:a_009:98511,a_009,98511,4,7,9,5,8,11,6,9,13
gated_alive:a_009:99021,a_009,99021,0,2,1,0,1,1,0,5,7
gated_alive:a_009:99199,a_009,99199,1,4,0,3,6,8,3,1,4
gated_alive:a_009:99686,a_009,99686,0,4,8,3,6,8,2,5,7
gated_alive:a_009:99938,a_009,99938,3,9,12,1,5,5,1,6,3
gated_alive:a_009:100330,a_009,100330,1,4,0,1,2,2,3,1,4
gated_alive:a_009:100353,a_009,100353,3,3,4,1,5,5,1,2,5
gated_alive:a_009:100500,a_009,100500,3,4,8,1,5,5,1,1,4
gated_alive:a_009:101184,a_009,101184,1,4,4,1,5,5,1,2,5
gated_alive:a_009:102221,a_009,102221,1,0,0,1,2,2,3,1,4
gated_alive:a_009:102258,a_009,102258,5,9,12,1,5,5,0,6,9
gated_alive:a_009:102798,a_009,102798,3,9,12,3,6,8,1,6,3
gated_alive:a_009:103129,a_009,103129,5,8,10,0,1,1,0,0,0
gated_alive:a_009:103580,a_009,103580,0,4,8,3,6,8,2,5,7
gated_alive:a_009:103865,a_009,103865,3,5,11,0,0,6,4,3,1
gated_alive:a_009:105088,a_009,105088,5,2,1,0,1,1,0,0,0
gated_alive:a_009:105224,a_009,105224,1,0,0,1,2,2,3,1,4
gated_alive:a_009:105574,a_009,105574,3,9,12,1,5,5,1,6,3
gated_alive:a_009:106012,a_009,106012,5,2,1,0,0,7,0,7,12
gated_alive:a_009:106923,a_009,106923,0,5,11,3,6,8,4,3,1
gated_alive:a_009:108618,a_009,108618,1,0,13,3,9,12,5,10,16
gated_alive:a_009:108638,a_009,108638,1,0,0,1,2,2,3,1,6
gated_alive:a_009:108786,a_009,108786,3,4,8,1,5,5,1,2,3
gated_alive:a_009:109765,a_009,109765,1,4,0,3,6,8,3,1,4
gated_alive:a_009:110082,a_009,110082,3,9,12,3,6,8,1,6,3
gated_alive:a_009:110545,a_009,110545,1,0,6,3,6,8,3,1,6
gated_alive:a_009:110661,a_009,110661,5,2,1,0,0,0,0,8,10
gated_alive:a_009:110715,a_009,110715,5,2,1,0,1,1,0,0,0
gated_alive:a_009:111711,a_009,111711,1,0,6,0,1,1,3,8,10
gated_alive:a_009:112309,a_009,112309,0,5,11,2,3,3,4,3,1
gated_alive:a_009:112772,a_009,112772,3,4,0,1,5,5,1,2,3
gated_alive:a_009:112823,a_009,112823,4,7,9,5,8,11,6,9,13
gated_alive:a_009:113110,a_009,113110,3,9,12,3,6,8,1,6,3
gated_alive:a_009:113402,a_009,113402,0,5,11,0,0,6,4,3,1
gated_alive:a_009:113863,a_009,113863,3,9,5,3,6,8,2,6,9
gated_alive:a_009:114143,a_009,114143,1,0,0,1,2,2,3,1,4
gated_alive:a_009:115058,a_009,115058,1,0,0,1,2,2,3,1,4
gated_alive:a_009:115094,a_009,115094,0,8,5,3,6,9,2,6,9
gated_alive:a_009:116334,a_009,116334,5,2,1,0,1,1,0,5,7
gated_alive:a_009:116505,a_009,116505,1,4,0,1,5,5,3,1,4
gated_alive:a_009:116892,a_009,116892,5,2,1,0,1,1,0,0,0
gated_alive:a_009:117060,a_009,117060,0,4,8,3,6,8,2,5,7
gated_alive:a_009:117093,a_009,117093,2,8,5,4,7,10,2,6,9
gated_alive:a_009:117979,a_009,117979,1,0,0,1,2,2,3,1,6
gated_alive:a_009:118169,a_009,118169,2,6,2,4,7,10,2,4,2
gated_alive:a_009:118508,a_009,118508,1,0,0,1,5,5,3,1,6
gated_alive:a_009:119436,a_009,119436,3,3,4,0,1,1,1,2,13
gated_alive:a_009:119864,a_009,119864,1,0,0,1,2,2,3,1,4
gated_alive:a_009:119975,a_009,119975,1,0,6,1,2,2,3,1,6
gated_alive:a_009:121448,a_009,121448,5,8,11,0,0,6,4,3,10
gated_alive:a_009:122287,a_009,122287,2,6,13,3,9,12,2,4,2
gated_alive:a_009:122703,a_009,122703,2,9,5,3,6,9,2,6,9
gated_alive:a_009:122857,a_009,122857,3,9,12,1,5,5,1,2,3
gated_alive:a_009:122935,a_009,122935,3,3,4,1,5,5,1,2,5
gated_alive:a_009:123137,a_009,123137,5,8,10,0,1,1,0,8,10
gated_alive:a_009:124667,a_009,124667,3,0,5,1,5,5,3,6,12
gated_alive:a_009:124722,a_009,124722,3,9,12,3,6,8,1,6,3
gated_alive:a_009:125225,a_009,125225,3,9,12,3,6,9,2,6,9
gated_alive:a_009:125619,a_009,125619,1,0,0,1,2,2,3,1,4
gated_alive:a_009:126080,a_009,126080,3,9,5,3,6,8,2,6,9
gated_alive:a_009:128215,a_009,128215,1,0,0,1,2,2,3,1,4
gated_alive:a_009:128621,a_009,128621,3,9,5,3,6,8,1,8,10
gated_alive:a_009:128781,a_009,128781,0,4,8,2,3,3,5,3,11
gated_alive:a_009:129561,a_009,129561,0,5,11,2,3,3,4,3,1
gated_alive:a_009:129660,a_009,129660,3,4,5,3,6,9,2,6,9
gated_alive:a_009:129826,a_009,129826,4,7,9,5,8,11,6,9,13
gated_alive:a_009:130246,a_009,130246,0,5,11,0,0,0,4,8,10
gated_alive:a_009:131097,a_009,131097,2,6,2,4,7,10,2,4,2
gated_alive:a_009:131291,a_009,131291,0,2,1,0,1,1,0,0,0
gated_alive:a_009:131359,a_009,131359,1,0,0,1,5,5,3,1,4
gated_alive:a_009:132720,a_009,132720,0,5,11,2,3,3,4,3,1
gated_alive:a_009:132995,a_009,132995,2,6,5,3,6,9,2,6,9
gated_alive:a_009:133891,a_009,133891,1,3,6,1,2,2,1,2,5
gated_alive:a_009:134034,a_009,134034,4,7,9,5,8,11,6,9,13
gated_alive:a_009:134187,a_009,134187,1,4,0,1,5,5,3,1,4
gated_alive:a_009:134263,a_009,134263,3,4,8,3,6,8,1,6,3
gated_alive:a_009:134374,a_009,134374,0,5,11,3,4,4,0,0,17
gated_alive:a_009:134806,a_009,134806,3,9,12,3,6,8,1,2,3
gated_alive:a_009:134840,a_009,134840,4,7,9,5,8,11,6,9,13
gated_alive:a_009:135213,a_009,135213,2,1,7,4,7,13,2,4,2
gated_alive:a_009:135330,a_009,135330,5,2,1,0,1,1,0,0,0
gated_alive:a_009:135387,a_009,135387,4,7,9,4,7,10,6,9,13
gated_alive:a_009:135447,a_009,135447,0,5,3,2,3,3,5,7,11
gated_alive:a_009:135835,a_009,135835,5,8,10,0,1,1,0,0,0
gated_alive:a_009:136743,a_009,136743,0,5,11,0,0,0,4,3,1
gated_alive:a_009:137043,a_009,137043,0,5,11,2,3,3,4,3,1
gated_alive:a_009:137197,a_009,137197,2,8,5,3,4,4,0,8,10
gated_alive:a_009:137347,a_009,137347,4,7,9,0,0,6,2,4,9
gated_alive:a_009:138084,a_009,138084,5,2,1,0,1,1,0,0,0
gated_alive:a_009:138653,a_009,138653,5,2,1,0,1,1,0,0,0
gated_alive:a_009:140023,a_009,140023,3,8,5,3,6,9,2,3,9
gated_alive:a_009:140048,a_009,140048,2,6,5,3,6,8,2,6,9
gated_alive:a_009:140238,a_009,140238,5,2,1,0,1,1,0,0,0
gated_alive:a_009:140451,a_009,140451,3,9,5,3,6,8,2,6,9
gated_alive:a_009:140726,a_009,140726,0,5,11,2,3,3,4,3,1
gated_alive:a_009:141606,a_009,141606,0,4,8,2,3,3,2,5,7
gated_alive:a_009:141749,a_009,141749,1,0,0,1,2,2,3,1,4
gated_alive:a_009:143114,a_009,143114,5,9,5,3,6,8,0,6,9
gated_alive:a_009:143416,a_009,143416,4,7,9,5,8,11,6,9,13
gated_alive:a_009:143998,a_009,143998,5,2,1,0,1,1,0,0,0
gated_alive:a_009:144117,a_009,144117,5,2,1,0,1,1,0,0,15
gated_alive:a_009:144242,a_009,144242,2,6,2,3,9,12,2,4,2
gated_alive:a_009:144917,a_009,144917,4,7,9,5,8,11,6,9,13
gated_alive:a_009:146434,a_009,146434,3,9,12,3,6,8,1,6,3
gated_alive:a_009:146956,a_009,146956,3,9,12,3,9,12,1,10,16
gated_alive:a_009:147091,a_009,147091,5,8,10,0,1,1,0,0,15
gated_alive:a_009:147255,a_009,147255,3,3,6,3,6,8,1,2,5
gated_alive:a_009:147661,a_009,147661,5,2,1,0,0,7,0,7,12
gated_alive:a_009:147867,a_009,147867,3,4,4,1,5,5,1,2,3
gated_alive:a_009:147945,a_009,147945,3,3,4,1,5,5,1,2,5
gated_alive:a_009:149127,a_009,149127,5,2,1,0,1,1,0,0,0
gated_alive:a_009:150099,a_009,150099,2,6,2,4,7,10,2,4,9
gated_alive:a_009:150490,a_009,150490,3,4,8,1,5,5,1,2,3
gated_alive:a_009:150933,a_009,150933,5,2,1,0,1,1,0,0,0
gated_alive:a_009:151149,a_009,151149,4,7,9,5,8,11,6,9,13
gated_alive:a_009:151436,a_009,151436,0,5,11,0,0,6,4,3,1
gated_alive:a_009:151600,a_009,151600,2,6,2,4,7,13,2,4,2
gated_alive:a_009:151619,a_009,151619,1,0,0,1,2,2,3,1,6
gated_alive:a_009:151738,a_009,151738,5,2,1,0,0,6,0,0,15
gated_alive:a_009:152175,a_009,152175,0,5,11,0,0,0,4,8,10
gated_alive:a_009:153189,a_009,153189,2,1,7,4,7,13,2,4,2
gated_alive:a_009:154077,a_009,154077,3,3,4,1,5,5,1,2,5
gated_alive:a_009:154310,a_009,154310,5,2,3,0,0,7,5,7,11
gated_alive:a_009:154439,a_009,154439,2,6,2,3,6,8,2,4,2
gated_alive:a_009:154566,a_009,154566,0,4,8,1,5,5,2,5,7
gated_alive:a_009:155200,a_009,155200,5,2,1,0,1,1,0,0,0
gated_alive:a_009:155345,a_009,155345,1,3,4,1,2,2,1,2,4
gated_alive:a_009:155541,a_009,155541,0,5,11,2,3,3,4,3,1
gated_alive:a_009:155914,a_009,155914,3,3,5,3,6,9,2,6,9
gated_alive:a_009:156546,a_009,156546,0,4,8,2,3,3,0,5,7
gated_alive:a_009:156628,a_009,156628,0,2,1,2,3,3,0,0,7
gated_alive:a_009:156839,a_009,156839,0,2,1,0,1,1,0,5,7
gated_alive:a_009:157698,a_009,157698,0,5,11,0,1,1,4,3,1
gated_alive:a_009:158256,a_009,158256,3,9,5,0,0,6,1,2,5
gated_alive:a_009:159211,a_009,159211,3,4,0,1,5,5,1,1,4
gated_alive:a_009:159381,a_009,159381,0,4,8,3,6,8,2,4,2
gated_alive:a_009:159382,a_009,159382,3,4,4,1,5,5,1,2,4
gated_alive:a_009:159574,a_009,159574,1,0,0,1,2,2,3,1,4
gated_alive:a_009:160773,a_009,160773,1,0,6,0,0,6,3,1,6
gated_alive:a_009:160899,a_009,160899,1,0,0,3,6,8,3,1,4
gated_alive:a_009:161236,a_009,161236,0,5,11,0,0,6,4,3,1
gated_alive:a_009:161648,a_009,161648,2,6,2,4,7,10,2,4,2
gated_alive:a_009:161906,a_009,161906,0,5,3,2,3,3,5,7,11
gated_alive:a_009:162425,a_009,162425,0,5,11,0,0,0,4,3,1
gated_alive:a_009:162932,a_009,162932,3,1,7,1,5,5,2,4,2
gated_alive:a_009:163812,a_009,163812,1,4,0,1,5,5,3,1,4
gated_alive:a_009:163913,a_009,163913,1,0,0,3,6,8,3,1,4
gated_alive:a_009:164235,a_009,164235,3,9,12,1,2,2,1,2,3
gated_alive:a_009:164417,a_009,164417,5,8,1,0,1,1,0,0,15
gated_alive:a_009:164567,a_009,164567,4,7,9,5,8,11,6,9,13
gated_alive:a_009:164639,a_009,164639,5,2,1,0,1,1,0,8,10
gated_alive:a_009:165555,a_009,165555,5,8,10,3,6,8,0,6,9
gated_alive:a_009:166277,a_009,166277,1,0,0,2,3,3,3,1,4
gated_alive:a_009:166338,a_009,166338,5,9,12,0,1,1,0,6,9
gated_alive:a_009:166450,a_009,166450,0,2,1,0,1,1,0,0,0
gated_alive:a_009:166576,a_009,166576,5,2,1,0,1,1,0,0,8
gated_alive:a_009:166849,a_009,166849,0,2,1,0,0,7,0,7,12
gated_alive:a_009:167484,a_009,167484,4,7,9,5,8,11,6,9,13
gated_alive:a_009:167661,a_009,167661,0,5,11,0,1,1,4,3,1
gated_alive:a_009:167801,a_009,167801,5,2,1,0,1,1,0,0,0
gated_alive:a_009:169261,a_009,169261,0,5,11,2,3,3,4,3,1
gated_alive:a_009:170233,a_009,170233,3,9,12,3,6,8,1,6,3
gated_alive:a_009:170753,a_009,170753,2,6,2,4,7,10,2,4,2
gated_alive:a_009:171325,a_009,171325,1,4,5,3,6,9,2,6,9
gated_alive:a_009:171614,a_009,171614,5,8,10,3,6,9,0,0,15
gated_alive:a_009:171686,a_009,171686,4,1,7,4,7,13,6,9,13
gated_alive:a_009:172035,a_009,172035,0,2,3,2,3,3,5,7,11
gated_alive:a_009:172103,a_009,172103,1,0,0,0,1,1,3,1,10
gated_alive:a_009:172433,a_009,172433,5,2,1,0,1,1,0,0,0
gated_alive:a_009:172683,a_009,172683,3,3,4,0,1,1,1,2,3
gated_alive:a_009:173151,a_009,173151,2,3,6,4,7,13,2,4,2
gated_alive:a_009:173201,a_009,173201,3,3,4,3,6,8,1,2,10
gated_alive:a_009:173319,a_009,173319,0,5,11,3,9,12,4,3,16
gated_alive:a_009:174006,a_009,174006,0,4,8,0,0,0,3,8,10
gated_alive:a_009:174715,a_009,174715,5,2,1,0,1,1,0,0,0
gated_alive:a_009:174736,a_009,174736,2,6,5,3,6,9,2,6,9
gated_alive:a_009:175097,a_009,175097,3,3,5,3,6,8,1,2,5
gated_alive:a_009:175726,a_009,175726,0,4,8,3,6,8,2,5,7
gated_alive:a_009:176014,a_009,176014,1,0,0,1,2,2,3,1,4
gated_alive:a_009:176221,a_009,176221,0,2,1,0,1,1,0,0,0
gated_alive:a_009:176450,a_009,176450,0,4,8,3,6,8,2,5,7
gated_alive:a_009:176873,a_009,176873,5,2,5,0,0,7,0,0,9
gated_alive:a_009:177029,a_009,177029,3,3,4,1,5,5,1,2,5
gated_alive:a_009:177464,a_009,177464,3,3,6,1,5,5,3,1,6
gated_alive:a_009:177610,a_009,177610,1,0,0,1,2,2,3,1,4
gated_alive:a_009:178160,a_009,178160,1,0,0,1,2,2,3,1,6
gated_alive:a_009:178316,a_009,178316,3,9,13,1,5,5,1,6,16
gated_alive:a_009:178413,a_009,178413,0,5,13,3,9,12,5,10,16
gated_alive:a_009:178975,a_009,178975,3,9,12,1,5,5,1,2,3
gated_alive:a_009:179099,a_009,179099,3,4,4,1,5,5,1,2,3
gated_alive:a_009:179443,a_009,179443,3,3,4,1,5,5,1,2,5
gated_alive:a_009:179981,a_009,179981,0,5,11,2,3,3,5,3,11
gated_alive:a_009:181479,a_009,181479,5,8,10,0,0,6,0,0,15
gated_alive:a_009:181671,a_009,181671,0,4,8,3,6,8,6,9,13
gated_alive:a_009:182103,a_009,182103,2,6,2,4,7,10,2,4,2
gated_alive:a_009:182107,a_009,182107,0,5,11,0,0,0,4,8,10
gated_alive:a_009:182502,a_009,182502,0,5,11,3,4,4,0,0,17
gated_alive:a_009:184023,a_009,184023,3,9,12,1,5,5,1,2,3
gated_alive:a_009:184087,a_009,184087,3,9,12,3,6,8,1,6,3
gated_alive:a_009:184134,a_009,184134,2,6,2,4,7,10,2,4,2
gated_alive:a_009:186034,a_009,186034,2,9,12,4,7,10,1,2,3
gated_alive:a_009:187447,a_009,187447,1,4,0,1,2,2,3,1,4
gated_alive:a_009:187754,a_009,187754,1,4,0,1,5,5,1,2,5
gated_alive:a_009:187759,a_009,187759,3,3,4,1,5,5,1,2,3
gated_alive:a_009:188181,a_009,188181,3,4,12,1,5,5,1,2,3
gated_alive:a_009:188518,a_009,188518,0,2,1,0,1,1,0,0,0
gated_alive:a_009:188790,a_009,188790,3,4,4,1,5,5,1,2,5
gated_alive:a_009:190452,a_009,190452,1,4,0,1,2,2,3,1,4
gated_alive:a_009:190716,a_009,190716,5,8,10,0,1,1,0,0,0
gated_alive:a_009:190752,a_009,190752,0,5,11,2,3,3,4,3,1
gated_alive:a_009:190878,a_009,190878,3,3,4,1,5,5,1,2,3
gated_alive:a_009:191216,a_009,191216,5,8,13,3,9,12,5,10,16
gated_alive:a_009:191289,a_009,191289,1,4,0,1,2,2,3,1,4
gated_alive:a_009:192041,a_009,192041,4,7,9,5,8,11,6,9,13
gated_alive:a_009:192948,a_009,192948,3,3,4,1,5,5,1,2,3
gated_alive:a_009:193341,a_009,193341,4,7,9,5,8,11,6,9,13
gated_alive:a_009:193346,a_009,193346,4,7,9,5,8,11,6,9,13
gated_alive:a_009:194107,a_009,194107,3,3,4,1,5,5,1,2,3
gated_alive:a_009:194190,a_009,194190,5,2,1,0,1,1,0,0,0
gated_alive:a_009:194697,a_009,194697,1,4,0,1,5,5,1,1,4
gated_alive:a_009:194983,a_009,194983,4,7,6,5,8,11,6,9,13
gated_alive:a_009:195066,a_009,195066,3,3,5,3,6,9,2,6,9
gated_alive:a_009:196433,a_009,196433,3,4,4,1,5,5,1,2,3
gated_alive:a_009:196888,a_009,196888,3,4,0,1,5,5,1,2,3
gated_alive:a_009:197141,a_009,197141,5,8,10,3,6,8,0,6,9
gated_alive:a_009:197243,a_009,197243,2,6,2,4,7,13,2,4,2
gated_alive:a_009:197385,a_009,197385,4,7,9,5,8,11,6,9,13
gated_alive:a_009:197406,a_009,197406,0,4,8,2,3,3,0,5,7
gated_alive:a_009:198109,a_009,198109,3,3,4,3,4,4,1,1,17
gated_alive:a_009:198707,a_009,198707,5,8,3,0,0,7,0,7,12
gated_alive:a_009:199080,a_009,199080,0,4,8,3,6,8,2,4,2
gated_alive:a_009:199469,a_009,199469,0,5,11,2,3,3,5,3,11
gated_alive:a_009:199584,a_009,199584,3,3,4,1,5,5,1,2,5
gated_alive:a_009:199878,a_009,199878,3,9,12,3,6,8,1,6,3
gated_alive:a_009:200659,a_009,200659,3,3,4,0,1,1,1,2,5
gated_alive:a_009:200843,a_009,200843,4,7,9,5,8,11,6,9,13
gated_alive:a_009:200906,a_009,200906,1,0,0,1,2,2,3,1,4
gated_alive:a_009:201199,a_009,201199,3,6,5,4,7,10,1,2,9
gated_alive:a_009:201244,a_009,201244,1,0,6,1,2,2,3,1,6
gated_alive:a_009:201302,a_009,201302,1,0,0,1,2,2,3,1,4
gated_alive:a_009:201456,a_009,201456,0,5,11,2,3,3,4,3,1
gated_alive:a_009:201488,a_009,201488,3,9,5,5,8,11,6,9,13
gated_alive:a_009:201765,a_009,201765,3,3,4,1,5,5,1,2,5
gated_alive:a_009:201785,a_009,201785,3,9,12,3,6,8,1,6,3
gated_alive:a_009:201903,a_009,201903,3,3,4,1,5,5,1,2,3
gated_alive:a_009:204160,a_009,204160,3,4,8,1,5,5,1,2,3
gated_alive:a_009:204210,a_009,204210,1,3,4,1,5,5,3,1,6
gated_alive:a_009:204212,a_009,204212,3,3,4,1,5,5,1,2,5
gated_alive:a_009:204756,a_009,204756,4,7,9,5,8,11,6,9,13
gated_alive:a_009:204808,a_009,204808,2,1,7,4,7,13,2,4,2
gated_alive:a_009:205622,a_009,205622,0,2,8,0,1,1,0,5,7
gated_alive:a_009:205832,a_009,205832,4,7,9,5,8,11,6,9,13
gated_alive:a_009:206268,a_009,206268,0,4,8,3,6,8,2,5,7
gated_alive:a_009:207519,a_009,207519,4,7,9,5,8,11,6,9,13
gated_alive:a_009:207854,a_009,207854,1,4,0,1,2,2,3,1,4
gated_alive:a_009:208374,a_009,208374,3,3,4,1,5,5,1,2,3
gated_alive:a_009:208769,a_009,208769,5,2,1,0,1,1,0,0,0
gated_alive:a_009:208848,a_009,208848,1,4,0,1,2,2,3,1,4
gated_alive:a_009:209181,a_009,209181,3,4,13,3,9,12,5,10,16
gated_alive:a_009:209725,a_009,209725,3,9,12,3,6,8,1,6,3
gated_alive:a_009:210317,a_009,210317,3,9,12,3,6,9,2,6,9
gated_alive:a_009:212220,a_009,212220,5,2,1,0,0,0,0,8,10
gated_alive:a_009:212671,a_009,212671,3,4,8,3,6,8,2,4,2
gated_alive:a_009:212908,a_009,212908,1,4,0,1,5,5,1,1,4
gated_alive:a_009:213084,a_009,213084,4,7,9,5,8,11,6,9,13
gated_alive:a_009:213963,a_009,213963,1,0,0,1,2,2,3,1,4
gated_alive:a_009:214160,a_009,214160,0,4,8,3,6,8,6,9,13
gated_alive:a_009:214445,a_009,214445,1,4,0,1,2,2,3,1,4
gated_alive:a_009:215165,a_009,215165,3,4,8,5,8,11,6,9,13
gated_alive:a_009:215210,a_009,215210,3,9,12,3,6,8,1,6,3
gated_alive:a_009:215230,a_009,215230,0,2,1,2,3,3,0,5,7
gated_alive:a_009:216062,a_009,216062,2,1,7,4,7,13,2,4,2
gated_alive:a_009:216369,a_009,216369,3,4,8,3,6,8,2,5,7
gated_alive:a_009:216416,a_009,216416,5,5,11,0,0,0,4,8,10
gated_alive:a_010:436,a_010,436,1,4,0,1,2,2,3,1,4
gated_alive:a_010:608,a_010,608,3,3,4,1,5,5,1,2,12
gated_alive:a_010:991,a_010,991,0,2,1,2,3,3,0,0,0
gated_alive:a_010:1552,a_010,1552,1,0,0,1,2,2,3,1,4
gated_alive:a_010:1574,a_010,1574,0,5,11,2,3,3,4,3,1
gated_alive:a_010:1582,a_010,1582,1,0,0,1,2,2,3,1,4
gated_alive:a_010:1637,a_010,1637,0,5,11,2,3,3,4,3,1
gated_alive:a_010:1835,a_010,1835,5,2,1,0,1,1,0,0,0
gated_alive:a_010:1866,a_010,1866,5,2,1,0,0,0,0,0,8
gated_alive:a_010:1987,a_010,1987,3,3,4,1,5,5,1,2,5
gated_alive:a_010:2106,a_010,2106,5,8,3,3,9,12,5,7,11
gated_alive:a_010:2126,a_010,2126,1,4,0,1,2,2,3,1,4
gated_alive:a_010:2418,a_010,2418,0,5,11,2,3,3,4,3,1
gated_alive:a_010:2857,a_010,2857,1,0,0,1,5,5,3,1,4
gated_alive:a_010:2894,a_010,2894,5,8,5,3,6,9,0,6,9
gated_alive:a_010:3124,a_010,3124,3,9,12,3,6,8,1,6,3
gated_alive:a_010:3205,a_010,3205,1,0,6,0,0,6,3,1,15
gated_alive:a_010:3464,a_010,3464,1,0,6,0,0,6,0,0,15
gated_alive:a_010:3857,a_010,3857,0,5,11,2,3,3,4,3,1
gated_alive:a_010:4473,a_010,4473,0,5,11,2,3,3,4,3,1
gated_alive:a_010:4867,a_010,4867,1,0,0,1,2,2,3,1,6
gated_alive:a_010:5874,a_010,5874,3,9,12,3,6,9,2,6,9
gated_alive:a_010:6078,a_010,6078,3,9,12,1,5,5,1,2,3
gated_alive:a_010:6341,a_010,6341,0,5,11,2,3,3,4,3,1
gated_alive:a_010:6421,a_010,6421,2,1,7,4,7,13,2,4,2
gated_alive:a_010:6499,a_010,6499,5,2,1,0,0,6,0,0,0
gated_alive:a_010:6889,a_010,6889,0,5,11,2,3,3,4,3,1
gated_alive:a_010:7218,a_010,7218,3,4,4,1,5,5,1,2,3
gated_alive:a_010:7223,a_010,7223,0,5,11,2,3,3,4,3,1
gated_alive:a_010:7350,a_010,7350,0,5,11,0,1,1,4,3,1
gated_alive:a_010:7440,a_010,7440,0,2,3,2,3,3,5,7,11
gated_alive:a_010:7464,a_010,7464,0,5,11,2,3,3,4,3,1
gated_alive:a_010:7476,a_010,7476,1,0,0,1,2,2,3,1,4
gated_alive:a_010:7692,a_010,7692,5,2,1,0,1,1,0,0,0
gated_alive:a_010:7741,a_010,7741,5,2,13,3,9,12,5,10,16
gated_alive:a_010:7915,a_010,7915,2,6,2,4,7,10,2,4,2
gated_alive:a_010:8034,a_010,8034,1,0,0,1,2,2,3,1,4
gated_alive:a_010:8496,a_010,8496,3,3,4,1,5,5,1,2,5
gated_alive:a_010:8498,a_010,8498,2,6,2,4,7,10,2,4,2
gated_alive:a_010:9337,a_010,9337,1,0,0,1,2,2,3,1,4
gated_alive:a_010:9389,a_010,9389,2,1,2,4,7,10,2,4,2
gated_alive:a_010:9513,a_010,9513,3,9,12,3,6,8,1,6,3
gated_alive:a_010:9518,a_010,9518,0,5,11,2,3,3,4,3,1
gated_alive:a_010:9670,a_010,9670,0,5,11,2,3,3,4,3,1
gated_alive:a_010:9894,a_010,9894,0,4,8,2,3,3,4,5,7
gated_alive:a_010:10186,a_010,10186,5,2,1,0,1,1,0,0,0
gated_alive:a_010:10208,a_010,10208,5,2,1,0,1,1,0,0,8
gated_alive:a_010:10222,a_010,10222,2,6,2,4,7,10,2,4,2
gated_alive:a_010:10488,a_010,10488,1,4,0,1,2,2,3,1,4
gated_alive:a_010:10554,a_010,10554,1,4,0,3,6,8,1,6,3
gated_alive:a_010:10899,a_010,10899,3,9,12,3,6,8,1,6,3
gated_alive:a_010:11306,a_010,11306,0,5,11,2,3,3,4,5,7
gated_alive:a_010:11581,a_010,11581,3,9,5,3,6,9,2,6,9
gated_alive:a_010:11653,a_010,11653,3,9,5,2,3,3,4,3,1
gated_alive:a_010:11901,a_010,11901,0,5,11,2,3,3,4,5,7
gated_alive:a_010:12027,a_010,12027,3,3,4,1,5,5,1,2,3
gated_alive:a_010:12079,a_010,12079,5,2,1,0,1,1,0,0,0
gated_alive:a_010:12664,a_010,12664,2,6,13,3,9,12,4,10,16
gated_alive:a_010:13031,a_010,13031,0,5,11,3,9,12,4,3,1
gated_alive:a_010:13201,a_010,13201,2,6,2,4,7,10,2,4,2
gated_alive:a_010:13509,a_010,13509,4,7,9,5,8,11,6,9,13
gated_alive:a_010:13568,a_010,13568,0,2,1,0,1,1,0,0,0
gated_alive:a_010:13684,a_010,13684,2,6,2,4,7,10,2,4,2
gated_alive:a_010:14515,a_010,14515,1,0,0,1,2,2,3,1,6
gated_alive:a_010:14707,a_010,14707,0,2,1,0,1,1,0,0,0
gated_alive:a_010:14937,a_010,14937,5,2,1,0,1,1,0,8,10
gated_alive:a_010:15096,a_010,15096,5,8,3,0,1,1,0,7,11
gated_alive:a_010:15204,a_010,15204,2,6,2,4,7,13,2,4,2
gated_alive:a_010:15236,a_010,15236,5,2,1,0,1,1,0,0,0
gated_alive:a_010:16419,a_010,16419,5,2,1,0,1,1,0,0,0
gated_alive:a_010:16648,a_010,16648,0,2,1,0,1,1,0,0,0
gated_alive:a_010:16777,a_010,16777,5,2,1,0,1,1,0,0,0
gated_alive:a_010:17867,a_010,17867,1,0,6,1,5,5,1,2,5
gated_alive:a_010:18158,a_010,18158,0,5,11,2,3,3,4,3,1
gated_alive:a_010:18358,a_010,18358,0,2,1,0,1,1,0,0,7
gated_alive:a_010:18994,a_010,18994,2,6,2,4,7,10,2,4,2
gated_alive:a_010:19205,a_010,19205,1,0,0,1,2,2,3,1,4
gated_alive:a_010:19265,a_010,19265,1,0,0,1,2,2,3,8,10
gated_alive:a_010:19310,a_010,19310,3,9,12,1,5,5,1,2,3
gated_alive:a_010:19373,a_010,19373,0,4,8,0,1,1,0,0,7
gated_alive:a_010:19588,a_010,19588,5,2,1,0,1,1,0,0,8
gated_alive:a_010:20298,a_010,20298,0,4,8,2,3,3,5,3,11
gated_alive:a_010:20364,a_010,20364,3,9,12,3,6,8,1,2,3
gated_alive:a_010:20545,a_010,20545,0,2,1,0,1,1,0,0,0
gated_alive:a_010:20676,a_010,20676,5,2,1,0,1,1,0,0,0
gated_alive:a_010:20855,a_010,20855,3,3,4,3,9,12,1,2,5
gated_alive:a_010:21208,a_010,21208,1,0,6,1,2,2,3,1,6
gated_alive:a_010:21411,a_010,21411,0,5,11,0,0,6,4,3,1
gated_alive:a_010:21541,a_010,21541,0,4,8,2,3,3,2,5,7
gated_alive:a_010:22023,a_010,22023,0,5,11,2,3,3,4,5,7
gated_alive:a_010:22106,a_010,22106,0,2,1,0,1,1,0,0,0
gated_alive:a_010:22313,a_010,22313,0,4,8,3,6,8,2,5,7
gated_alive:a_010:22331,a_010,22331,1,0,0,1,2,2,3,1,6
gated_alive:a_010:22739,a_010,22739,0,5,11,2,3,3,4,3,1
gated_alive:a_010:23041,a_010,23041,1,0,0,1,2,2,3,1,4
gated_alive:a_010:23097,a_010,23097,0,4,8,2,3,3,0,0,7
gated_alive:a_010:23226,a_010,23226,3,4,0,1,5,5,1,2,3
gated_alive:a_010:23230,a_010,23230,1,4,0,1,2,2,3,1,4
gated_alive:a_010:23262,a_010,23262,5,2,1,0,1,1,0,6,9
gated_alive:a_010:23539,a_010,23539,3,4,8,3,6,8,2,5,2
gated_alive:a_010:24277,a_010,24277,3,9,12,3,6,8,1,2,3
gated_alive:a_010:24700,a_010,24700,2,1,7,4,7,13,2,4,2
gated_alive:a_010:24963,a_010,24963,2,6,2,4,7,10,2,4,2
gated_alive:a_010:25478,a_010,25478,5,2,1,3,4,4,0,0,0
gated_alive:a_010:25664,a_010,25664,5,2,1,0,1,1,0,0,0
gated_alive:a_010:25771,a_010,25771,3,4,4,1,5,5,1,2,3
gated_alive:a_010:26004,a_010,26004,1,0,0,2,3,3,4,1,4
gated_alive:a_010:26025,a_010,26025,1,4,0,1,5,5,3,1,4
gated_alive:a_010:26693,a_010,26693,0,2,1,0,0,0,0,0,10
gated_alive:a_010:26986,a_010,26986,1,0,6,1,2,2,3,8,10
gated_alive:a_010:27167,a_010,27167,5,2,1,0,0,0,0,0,0
gated_alive:a_010:27380,a_010,27380,0,4,8,0,1,1,4,5,7
gated_alive:a_010:27585,a_010,27585,0,5,11,2,3,3,4,3,1
gated_alive:a_010:27612,a_010,27612,2,9,12,4,7,13,1,4,2
gated_alive:a_010:27738,a_010,27738,5,2,1,0,1,1,0,0,0
gated_alive:a_010:27845,a_010,27845,5,2,1,0,1,1,0,0,0
gated_alive:a_010:28160,a_010,28160,5,2,1,0,1,1,0,0,0
gated_alive:a_010:28711,a_010,28711,0,5,11,0,0,6,4,3,15
gated_alive:a_010:28827,a_010,28827,1,4,0,1,2,2,3,1,4
gated_alive:a_010:29490,a_010,29490,5,2,1,0,1,1,0,0,0
gated_alive:a_010:29521,a_010,29521,5,8,3,0,1,1,5,7,11
gated_alive:a_010:29536,a_010,29536,0,2,3,2,3,3,5,7,11
gated_alive:a_010:29662,a_010,29662,1,0,0,1,2,2,3,1,4
gated_alive:a_010:29924,a_010,29924,5,8,5,3,6,9,2,6,9
gated_alive:a_010:30039,a_010,30039,5,2,3,2,3,3,0,7,11
gated_alive:a_010:30325,a_010,30325,5,2,1,0,1,1,0,0,0
gated_alive:a_010:30633,a_010,30633,5,2,1,0,1,1,4,3,1
gated_alive:a_010:30642,a_010,30642,0,5,11,2,3,3,4,3,1
gated_alive:a_010:30952,a_010,30952,1,0,0,1,2,2,3,1,4
gated_alive:a_010:31026,a_010,31026,0,5,11,2,3,3,4,3,1
gated_alive:a_010:31462,a_010,31462,3,3,4,1,5,5,1,2,12
gated_alive:a_010:31783,a_010,31783,2,6,2,4,7,13,2,4,2
gated_alive:a_010:32074,a_010,32074,1,4,8,1,5,5,1,1,4
gated_alive:a_010:32218,a_010,32218,1,0,0,1,2,2,3,1,4
gated_alive:a_010:32300,a_010,32300,0,5,11,2,3,3,4,3,1
gated_alive:a_010:32375,a_010,32375,3,5,11,0,1,1,4,3,1
gated_alive:a_010:32713,a_010,32713,2,6,2,5,8,11,2,4,2
gated_alive:a_010:32744,a_010,32744,1,4,8,1,5,5,3,1,4
gated_alive:a_010:32784,a_010,32784,0,5,11,0,0,0,4,8,10
gated_alive:a_010:32792,a_010,32792,1,4,0,1,2,2,3,1,4
gated_alive:a_010:32908,a_010,32908,2,6,2,4,7,10,2,4,2
gated_alive:a_010:33225,a_010,33225,0,2,3,2,3,3,5,7,11
gated_alive:a_010:33919,a_010,33919,0,4,8,3,6,8,2,5,7
gated_alive:a_010:34149,a_010,34149,0,2,1,0,1,1,0,5,7
gated_alive:a_010:34792,a_010,34792,3,3,4,1,5,5,1,2,3
gated_alive:a_010:34850,a_010,34850,2,1,7,4,7,13,2,4,2
gated_alive:a_010:35303,a_010,35303,0,5,11,2,3,3,4,3,1
gated_alive:a_010:35463,a_010,35463,3,9,4,1,5,5,1,2,3
gated_alive:a_010:36261,a_010,36261,5,2,1,0,0,0,0,8,10
gated_alive:a_010:36374,a_010,36374,5,8,5,0,1,1,2,6,9
gated_alive:a_010:36987,a_010,36987,0,5,11,0,0,0,4,8,10
gated_alive:a_010:37194,a_010,37194,3,4,8,1,5,5,1,6,3
gated_alive:a_010:37200,a_010,37200,1,4,0,1,5,5,3,1,4
gated_alive:a_010:37226,a_010,37226,1,0,0,1,2,2,3,1,4
gated_alive:a_010:37241,a_010,37241,5,2,1,0,1,1,0,0,0
gated_alive:a_010:37322,a_010,37322,0,4,8,2,3,3,4,5,7
gated_alive:a_010:37377,a_010,37377,0,5,11,2,3,3,4,3,1
gated_alive:a_010:38397,a_010,38397,5,2,1,0,0,7,0,7,12
gated_alive:a_010:39195,a_010,39195,0,5,3,2,3,3,5,7,11
gated_alive:a_010:39352,a_010,39352,0,4,8,0,1,1,3,1,6
gated_alive:a_010:39447,a_010,39447,1,0,0,1,2,2,3,1,4
gated_alive:a_010:39470,a_010,39470,3,9,12,1,5,5,1,2,3
gated_alive:a_010:39984,a_010,39984,3,3,4,0,0,6,4,3,1
gated_alive:a_010:40284,a_010,40284,2,6,2,4,7,10,2,4,2
gated_alive:a_010:40374,a_010,40374,0,5,11,2,3,3,4,3,1
gated_alive:a_010:40386,a_010,40386,0,4,8,3,6,8,2,5,7
gated_alive:a_010:40469,a_010,40469,2,6,13,3,9,12,2,4,2
gated_alive:a_010:40766,a_010,40766,0,5,11,0,0,0,4,8,10
gated_alive:a_010:41401,a_010,41401,1,4,0,1,5,5,3,1,4
gated_alive:a_010:41540,a_010,41540,0,5,11,0,0,7,0,7,12
gated_alive:a_010:41597,a_010,41597,0,5,11,2,3,3,4,3,1
gated_alive:a_010:41914,a_010,41914,5,2,1,0,1,1,0,0,0
gated_alive:a_010:42064,a_010,42064,5,2,1,0,0,0,0,0,0
gated_alive:a_010:42205,a_010,42205,2,1,7,4,7,13,2,4,2
gated_alive:a_010:42586,a_010,42586,0,5,11,2,3,3,4,3,1
gated_alive:a_010:42720,a_010,42720,0,4,8,2,3,3,0,5,7
gated_alive:a_010:43228,a_010,43228,1,4,0,1,2,2,3,1,4
gated_alive:a_010:44086,a_010,44086,0,1,3,0,1,1,5,7,11
gated_alive:a_010:44350,a_010,44350,0,5,11,2,3,3,4,5,7
gated_alive:a_010:44565,a_010,44565,5,8,11,1,5,5,4,3,1
gated_alive:a_010:44591,a_010,44591,0,2,1,0,0,6,0,0,0
gated_alive:a_010:44798,a_010,44798,0,4,8,3,6,8,2,5,7
gated_alive:a_010:45085,a_010,45085,1,4,0,1,2,2,3,1,4
gated_alive:a_010:45502,a_010,45502,0,5,11,2,3,3,4,3,1
gated_alive:a_010:45704,a_010,45704,0,5,11,2,3,3,4,3,1
gated_alive:a_010:45734,a_010,45734,5,2,3,2,3,3,5,7,11
gated_alive:a_010:45767,a_010,45767,5,2,1,0,1,1,0,7,12
gated_alive:a_010:46072,a_010,46072,0,2,1,0,1,1,0,0,0
gated_alive:a_010:46128,a_010,46128,1,0,0,3,9,12,5,10,16
gated_alive:a_010:46512,a_010,46512,1,0,0,1,2,2,3,1,4
gated_alive:a_010:47082,a_010,47082,0,5,11,2,3,3,4,3,1
gated_alive:a_010:47351,a_010,47351,0,5,11,2,3,3,4,3,1
gated_alive:a_010:48006,a_010,48006,5,2,1,0,1,1,0,0,0
gated_alive:a_010:48199,a_010,48199,1,4,0,1,2,2,3,1,4
gated_alive:a_010:48366,a_010,48366,0,4,8,3,6,8,2,5,7
gated_alive:a_010:48422,a_010,48422,5,2,1,0,1,1,0,0,0
gated_alive:a_010:48640,a_010,48640,0,5,11,2,3,3,4,3,1
gated_alive:a_010:48688,a_010,48688,0,5,11,2,3,3,4,3,1
gated_alive:a_010:48893,a_010,48893,3,3,4,3,6,8,1,2,3
gated_alive:a_010:48977,a_010,48977,1,5,6,0,0,6,4,3,15
gated_alive:a_010:49730,a_010,49730,5,2,1,0,1,1,0,0,0
gated_alive:a_010:49741,a_010,49741,5,2,1,0,1,1,0,7,12
gated_alive:a_010:50219,a_010,50219,1,0,0,1,5,5,3,1,6
gated_alive:a_010:50315,a_010,50315,3,9,4,1,5,5,1,2,3
gated_alive:a_010:50469,a_010,50469,0,5,11,2,3,3,4,3,1
gated_alive:a_010:50483,a_010,50483,0,5,11,0,1,1,4,7,12
gated_alive:a_010:51034,a_010,51034,1,0,0,1,2,2,3,1,4
gated_alive:a_010:51162,a_010,51162,0,5,11,2,3,3,4,3,1
gated_alive:a_010:51435,a_010,51435,1,0,0,1,2,2,3,1,4
gated_alive:a_010:51703,a_010,51703,0,5,11,2,3,3,4,3,1
gated_alive:a_010:51943,a_010,51943,5,2,1,0,1,1,0,0,0
gated_alive:a_010:52096,a_010,52096,5,2,13,3,9,12,5,10,16
gated_alive:a_010:52382,a_010,52382,0,4,8,2,3,3,2,5,7
gated_alive:a_010:53058,a_010,53058,3,4,4,1,5,5,1,2,3
gated_alive:a_010:53349,a_010,53349,5,2,3,0,0,7,5,7,11
gated_alive:a_010:53546,a_010,53546,5,2,1,0,1,1,0,0,0
gated_alive:a_010:54405,a_010,54405,5,2,1,0,1,1,0,0,0
gated_alive:a_010:54547,a_010,54547,3,9,5,3,6,9,2,6,9
gated_alive:a_010:54624,a_010,54624,0,5,11,2,3,3,4,3,1
gated_alive:a_010:54720,a_010,54720,0,4,8,3,6,8,2,5,7
gated_alive:a_010:54953,a_010,54953,0,4,8,3,6,8,2,5,7
gated_alive:a_010:54985,a_010,54985,1,4,0,1,5,5,3,1,4
gated_alive:a_010:55342,a_010,55342,0,2,1,0,1,1,0,0,0
gated_alive:a_010:55999,a_010,55999,5,2,13,3,9,12,5,10,16
gated_alive:a_010:56234,a_010,56234,5,2,1,0,1,1,0,0,0
gated_alive:a_010:56267,a_010,56267,0,5,11,0,0,0,4,8,10
gated_alive:a_010:56299,a_010,56299,1,4,0,1,2,2,3,1,6
gated_alive:a_010:56464,a_010,56464,0,4,8,0,0,7,0,7,12
gated_alive:a_010:56639,a_010,56639,0,5,11,2,3,3,4,3,1
gated_alive:a_010:57520,a_010,57520,1,0,0,1,2,2,3,1,4
gated_alive:a_010:57608,a_010,57608,0,4,8,3,6,8,2,5,7
gated_alive:a_010:58390,a_010,58390,5,2,13,3,9,12,5,10,16
gated_alive:a_010:58440,a_010,58440,0,5,11,2,3,3,4,3,1
gated_alive:a_010:58752,a_010,58752,3,9,12,1,5,5,1,2,3
gated_alive:a_010:58884,a_010,58884,2,1,7,4,7,13,2,4,2
gated_alive:a_010:59020,a_010,59020,0,5,11,2,3,3,4,3,1
gated_alive:a_010:59362,a_010,59362,1,0,0,1,2,2,3,8,10
gated_alive:a_010:60462,a_010,60462,0,4,8,3,6,8,2,5,7
gated_alive:a_010:60827,a_010,60827,3,3,4,1,5,5,1,2,3
gated_alive:a_010:60876,a_010,60876,0,5,11,2,3,3,4,5,7
gated_alive:a_010:61259,a_010,61259,1,4,0,1,2,2,3,1,4
gated_alive:a_010:61433,a_010,61433,0,5,11,0,0,0,4,8,10
gated_alive:a_010:61470,a_010,61470,3,3,4,1,5,5,1,2,3
gated_alive:a_010:61725,a_010,61725,5,2,1,0,1,1,0,0,0
gated_alive:a_010:61839,a_010,61839,1,0,0,1,2,2,3,1,4
gated_alive:a_010:62370,a_010,62370,0,5,11,2,3,3,4,3,1
gated_alive:a_010:62609,a_010,62609,1,0,0,1,2,2,3,1,4
gated_alive:a_010:62814,a_010,62814,0,5,11,2,3,3,4,3,1
gated_alive:a_010:62965,a_010,62965,0,5,3,2,3,3,5,7,11
gated_alive:a_010:62996,a_010,62996,3,4,4,1,5,5,1,2,3
gated_alive:a_010:63093,a_010,63093,0,4,8,2,3,3,0,5,7
gated_alive:a_010:63351,a_010,63351,0,5,11,0,0,0,4,3,1
gated_alive:a_010:63716,a_010,63716,2,6,2,4,7,10,2,4,2
gated_alive:a_010:63910,a_010,63910,1,4,0,1,5,5,3,1,4
gated_alive:a_010:64004,a_010,64004,2,6,2,4,7,10,2,4,2
gated_alive:a_010:64206,a_010,64206,0,5,11,2,3,3,4,5,7
gated_alive:a_010:64351,a_010,64351,1,4,0,1,2,2,3,1,4
gated_alive:a_010:64454,a_010,64454,0,5,11,2,3,3,4,3,1
gated_alive:a_010:65177,a_010,65177,2,6,2,4,7,10,2,4,2
gated_alive:a_010:65361,a_010,65361,3,9,12,4,7,10,1,2,3
gated_alive:a_010:65585,a_010,65585,2,6,2,3,4,4,2,4,2
gated_alive:a_010:65882,a_010,65882,1,0,0,1,5,5,3,1,12
gated_alive:a_010:65932,a_010,65932,1,0,0,1,2,2,3,1,4
gated_alive:a_010:66042,a_010,66042,5,2,1,0,1,1,0,7,12
gated_alive:a_010:66086,a_010,66086,0,2,1,0,1,1,0,0,0
gated_alive:a_010:66520,a_010,66520,0,5,11,2,3,3,4,3,1
gated_alive:a_010:66688,a_010,66688,0,5,11,2,3,3,4,3,1
gated_alive:a_010:66740,a_010,66740,0,5,11,2,3,3,4,3,1
gated_alive:a_010:66778,a_010,66778,0,2,8,0,1,1,0,5,7
gated_alive:a_010:66785,a_010,66785,0,2,8,0,0,7,0,7,12
gated_alive:a_010:67245,a_010,67245,0,5,11,2,3,3,4,3,1
gated_alive:a_010:67300,a_010,67300,0,5,11,2,3,3,4,3,1
gated_alive:a_010:67465,a_010,67465,5,2,1,0,1,1,0,0,0
gated_alive:a_010:67627,a_010,67627,0,4,8,1,5,5,2,5,4
gated_alive:a_010:67684,a_010,67684,5,2,1,0,1,1,0,0,0
gated_alive:a_010:67798,a_010,67798,3,3,4,1,5,5,1,2,3
gated_alive:a_010:68147,a_010,68147,0,5,11,0,0,0,4,8,10
gated_alive:a_010:69013,a_010,69013,3,4,8,3,6,8,2,5,7
gated_alive:a_010:69387,a_010,69387,0,5,11,0,0,6,4,3,1
gated_alive:a_010:69875,a_010,69875,1,4,0,1,2,2,3,1,6
gated_alive:a_010:69891,a_010,69891,0,5,11,2,3,3,4,3,1
gated_alive:a_010:70224,a_010,70224,0,5,8,2,3,3,4,3,1
gated_alive:a_010:70445,a_010,70445,1,0,0,1,5,5,3,1,3
gated_alive:a_010:70481,a_010,70481,0,4,8,3,6,8,2,5,7
gated_alive:a_010:70486,a_010,70486,0,5,11,0,0,7,4,7,12
gated_alive:a_010:70502,a_010,70502,0,5,11,2,3,3,4,3,1
gated_alive:a_010:70830,a_010,70830,0,5,11,2,3,3,4,3,1
gated_alive:a_010:70831,a_010,70831,5,2,1,0,1,1,0,0,0
gated_alive:a_010:71065,a_010,71065,0,2,1,0,0,7,0,7,12
gated_alive:a_010:71165,a_010,71165,1,4,0,1,2,2,3,1,4
gated_alive:a_010:71224,a_010,71224,0,5,11,2,3,3,4,3,1
gated_alive:a_010:71355,a_010,71355,3,4,4,1,5,5,1,2,3
gated_alive:a_010:71397,a_010,71397,1,4,0,3,6,8,1,6,3
gated_alive:a_010:71556,a_010,71556,3,3,4,1,5,5,1,2,3
gated_alive:a_010:71822,a_010,71822,2,6,2,4,7,10,2,4,2
gated_alive:a_010:71884,a_010,71884,2,6,2,3,9,12,2,4,2
gated_alive:a_010:71988,a_010,71988,0,5,11,2,3,3,4,3,1
gated_alive:a_010:72634,a_010,72634,5,2,1,0,1,1,0,0,0
gated_alive:a_010:73012,a_010,73012,2,6,13,4,7,13,2,4,2
gated_alive:a_010:73090,a_010,73090,5,2,1,0,0,7,0,7,12
gated_alive:a_010:73810,a_010,73810,0,5,11,2,3,3,4,3,1
gated_alive:a_010:73928,a_010,73928,0,2,1,0,1,1,0,0,0
gated_alive:a_010:74172,a_010,74172,0,4,8,2,3,3,0,5,7
gated_alive:a_010:74365,a_010,74365,1,0,0,1,2,2,3,1,6
gated_alive:a_010:74542,a_010,74542,1,0,0,1,2,2,3,1,6
gated_alive:a_010:74581,a_010,74581,0,4,8,3,6,8,2,4,2
gated_alive:a_010:74935,a_010,74935,5,8,3,0,0,7,0,7,12
gated_alive:a_010:75106,a_010,75106,0,4,8,3,6,8,2,5,9
gated_alive:a_010:75851,a_010,75851,0,5,11,0,0,6,4,3,1
gated_alive:a_010:76235,a_010,76235,1,4,0,1,5,5,3,1,4
gated_alive:a_010:76330,a_010,76330,3,3,4,1,5,5,1,2,3
gated_alive:a_010:76883,a_010,76883,0,5,3,2,3,3,5,7,11
gated_alive:a_010:76994,a_010,76994,5,2,1,3,6,8,0,0,0
gated_alive:a_010:77108,a_010,77108,2,6,2,4,7,13,2,4,2
gated_alive:a_010:77307,a_010,77307,1,4,0,1,5,5,3,1,4
gated_alive:a_010:77610,a_010,77610,0,5,11,2,3,3,4,3,1
gated_alive:a_010:77698,a_010,77698,5,2,1,0,1,1,0,0,0
gated_alive:a_010:78536,a_010,78536,5,2,1,0,0,0,0,8,10
gated_alive:a_010:78578,a_010,78578,0,5,11,2,3,3,4,3,1
gated_alive:a_010:78744,a_010,78744,5,2,1,0,1,1,0,0,0
gated_alive:a_010:79003,a_010,79003,0,5,11,2,3,3,4,3,1
gated_alive:a_010:79109,a_010,79109,5,2,1,0,1,1,0,0,8
gated_alive:a_010:79596,a_010,79596,2,4,8,4,7,10,2,4,2
gated_alive:a_010:79653,a_010,79653,1,0,0,1,2,2,3,1,6
gated_alive:a_010:79766,a_010,79766,1,0,0,1,2,2,3,1,4
gated_alive:a_010:80294,a_010,80294,3,4,8,3,6,8,1,2,3
gated_alive:a_010:80306,a_010,80306,1,0,0,1,2,2,3,1,4
gated_alive:a_010:80366,a_010,80366,0,4,8,2,3,3,4,5,7
gated_alive:a_010:81380,a_010,81380,0,5,11,2,3,3,4,3,1
gated_alive:a_010:81383,a_010,81383,0,2,3,2,3,3,5,7,11
gated_alive:a_010:81407,a_010,81407,0,4,8,3,6,8,2,5,9
gated_alive:a_010:81699,a_010,81699,3,9,12,1,5,5,1,2,3
gated_alive:a_010:81837,a_010,81837,1,0,0,1,2,2,3,1,4
gated_alive:a_010:82118,a_010,82118,0,5,11,2,3,3,4,3,1
gated_alive:a_010:82535,a_010,82535,0,5,11,2,3,3,4,3,1
gated_alive:a_010:83155,a_010,83155,1,3,4,1,5,5,1,2,5
gated_alive:a_010:83205,a_010,83205,1,5,6,0,0,6,4,3,15
gated_alive:a_010:83241,a_010,83241,0,5,11,2,3,3,5,3,11
gated_alive:a_010:83382,a_010,83382,5,9,1,3,6,8,0,0,0
gated_alive:a_010:83403,a_010,83403,1,0,6,1,5,5,3,1,6
gated_alive:a_010:83790,a_010,83790,3,4,12,1,5,5,1,6,3
gated_alive:a_010:83827,a_010,83827,5,8,10,0,0,0,0,8,10
gated_alive:a_010:83918,a_010,83918,2,4,8,3,6,8,2,4,2
gated_alive:a_010:84076,a_010,84076,0,2,1,0,1,1,0,0,0
gated_alive:a_010:84093,a_010,84093,5,8,10,0,1,1,0,7,12
gated_alive:a_010:84516,a_010,84516,0,5,11,2,3,3,4,3,1
gated_alive:a_010:84882,a_010,84882,5,8,10,0,1,1,0,0,0
gated_alive:a_010:84959,a_010,84959,5,2,3,0,0,0,5,7,11
gated_alive:a_010:85020,a_010,85020,0,5,11,2,3,3,4,3,1
gated_alive:a_010:85953,a_010,85953,3,4,4,1,5,5,1,2,3
gated_alive:a_010:86021,a_010,86021,5,2,3,3,9,12,5,7,11
gated_alive:a_010:86066,a_010,86066,0,5,11,2,3,3,4,5,7
gated_alive:a_010:86357,a_010,86357,0,5,11,2,3,3,4,3,1
gated_alive:a_010:86516,a_010,86516,5,2,1,0,1,1,0,0,0
gated_alive:a_010:86971,a_010,86971,0,5,11,0,0,6,4,3,15
gated_alive:a_010:87576,a_010,87576,5,8,3,0,1,1,0,7,11
gated_alive:a_010:88190,a_010,88190,1,4,0,1,2,2,3,1,4
gated_alive:a_010:88301,a_010,88301,0,5,11,2,3,3,4,3,1
gated_alive:a_010:88712,a_010,88712,5,2,1,0,1,1,0,0,0
gated_alive:a_010:89249,a_010,89249,0,5,11,2,3,3,4,3,1
gated_alive:a_010:89279,a_010,89279,0,5,11,2,3,3,4,3,1
gated_alive:a_010:90184,a_010,90184,2,6,2,4,7,10,2,4,2
gated_alive:a_010:90274,a_010,90274,0,5,11,2,3,3,4,3,1
gated_alive:a_010:90408,a_010,90408,2,6,2,4,7,13,2,4,2
gated_alive:a_010:90994,a_010,90994,3,3,4,1,5,5,1,2,5
gated_alive:a_010:91044,a_010,91044,0,5,11,2,3,3,4,3,1
gated_alive:a_010:91497,a_010,91497,3,3,4,1,5,5,1,2,5
gated_alive:a_010:91515,a_010,91515,1,0,0,1,2,2,3,1,4
gated_alive:a_010:91591,a_010,91591,5,2,3,0,1,1,5,7,11
gated_alive:a_010:91610,a_010,91610,0,2,1,0,1,1,0,0,7
gated_alive:a_010:91807,a_010,91807,5,2,1,0,1,1,0,0,0
gated_alive:a_010:91850,a_010,91850,5,2,1,0,1,1,0,0,0
gated_alive:a_010:92342,a_010,92342,1,0,0,1,2,2,3,1,4
gated_alive:a_010:92383,a_010,92383,3,3,4,1,5,5,1,2,5
gated_alive:a_010:92459,a_010,92459,1,3,4,1,5,5,1,2,5
gated_alive:a_010:93154,a_010,93154,1,0,0,1,2,2,3,1,4
gated_alive:a_010:93187,a_010,93187,5,2,3,0,1,1,0,0,0
gated_alive:a_010:93395,a_010,93395,5,2,1,0,1,1,0,0,0
gated_alive:a_010:93673,a_010,93673,2,6,5,4,7,10,2,4,2
gated_alive:a_010:93778,a_010,93778,0,5,11,2,3,3,4,3,1
gated_alive:a_010:93973,a_010,93973,0,5,11,0,1,1,4,3,1
gated_alive:a_010:95032,a_010,95032,1,3,4,1,5,5,1,2,5
gated_alive:a_010:95096,a_010,95096,1,0,0,1,2,2,3,1,4
gated_alive:a_010:95125,a_010,95125,5,8,3,0,1,1,0,7,12
gated_alive:a_010:95590,a_010,95590,0,4,8,2,3,3,2,5,7
gated_alive:a_010:95838,a_010,95838,1,4,8,1,5,5,3,1,4
gated_alive:a_010:95935,a_010,95935,3,4,12,3,6,8,1,6,3
gated_alive:a_010:96144,a_010,96144,0,2,3,2,3,3,5,7,11
gated_alive:a_010:96285,a_010,96285,5,2,3,0,1,1,5,7,11
gated_alive:a_010:96636,a_010,96636,0,5,11,0,1,1,4,3,1
gated_alive:a_010:96648,a_010,96648,1,4,0,1,2,2,3,1,4
gated_alive:a_010:97426,a_010,97426,2,1,7,4,7,13,2,4,2
gated_alive:a_010:97652,a_010,97652,1,0,0,1,2,2,3,1,4
gated_alive:a_010:97804,a_010,97804,0,5,11,2,3,3,4,3,1
gated_alive:a_010:98034,a_010,98034,0,5,11,0,0,6,4,3,1
gated_alive:a_010:98328,a_010,98328,0,5,11,2,3,3,5,3,11
gated_alive:a_010:98541,a_010,98541,0,5,11,2,3,3,5,3,11
gated_alive:a_010:98864,a_010,98864,5,8,3,0,1,1,5,7,11
gated_alive:a_010:99136,a_010,99136,2,6,2,4,7,10,2,4,2
gated_alive:a_010:99177,a_010,99177,0,5,11,2,3,3,4,3,1
gated_alive:a_010:99212,a_010,99212,3,9,12,3,6,8,1,6,3
gated_alive:a_010:99267,a_010,99267,1,0,0,1,2,2,3,8,10
gated_alive:a_010:99894,a_010,99894,1,0,6,0,0,7,0,7,12
gated_alive:a_010:100243,a_010,100243,0,5,11,2,3,3,4,3,11
gated_alive:a_010:100265,a_010,100265,0,5,11,0,0,6,4,3,1
gated_alive:a_010:100679,a_010,100679,0,2,1,0,1,1,0,0,0
gated_alive:a_010:100736,a_010,100736,3,3,4,1,5,5,1,2,5
gated_alive:a_010:100862,a_010,100862,3,5,3,2,3,3,5,3,11
gated_alive:a_010:100892,a_010,100892,3,9,12,1,5,5,1,2,3
gated_alive:a_010:100972,a_010,100972,1,4,0,1,2,2,3,1,4
gated_alive:a_010:101117,a_010,101117,0,5,11,2,3,3,4,3,1
gated_alive:a_010:101468,a_010,101468,0,5,11,0,0,0,4,8,10
gated_alive:a_010:101541,a_010,101541,3,3,4,1,5,5,1,2,3
gated_alive:a_010:102374,a_010,102374,0,5,11,2,3,3,4,3,1
gated_alive:a_010:102379,a_010,102379,2,6,13,3,9,12,2,4,2
gated_alive:a_010:102380,a_010,102380,0,4,8,2,3,3,2,5,7
gated_alive:a_010:102785,a_010,102785,1,0,0,2,3,3,3,1,6
gated_alive:a_010:103230,a_010,103230,1,0,0,1,2,2,3,1,4
gated_alive:a_010:103234,a_010,103234,0,4,8,2,3,3,4,3,1
gated_alive:a_010:103378,a_010,103378,1,0,4,1,5,5,3,1,6
gated_alive:a_010:103439,a_010,103439,3,3,4,1,5,5,1,2,3
gated_alive:a_010:103807,a_010,103807,3,9,12,3,6,8,1,6,3
gated_alive:a_010:104028,a_010,104028,5,2,6,0,0,6,0,0,15
gated_alive:a_010:104422,a_010,104422,0,4,8,2,3,3,2,5,7
gated_alive:a_010:104654,a_010,104654,5,2,1,0,1,1,0,0,0
gated_alive:a_010:104909,a_010,104909,3,3,4,1,5,5,1,2,5
gated_alive:a_010:104912,a_010,104912,5,2,1,0,0,6,0,0,12
gated_alive:a_010:105050,a_010,105050,1,4,0,1,5,5,3,1,4
gated_alive:a_010:105413,a_010,105413,0,5,11,2,3,3,4,3,1
gated_alive:a_010:105701,a_010,105701,1,0,0,1,2,2,3,1,4
gated_alive:a_010:105850,a_010,105850,1,0,0,1,2,2,3,1,4
gated_alive:a_010:105901,a_010,105901,0,2,1,0,1,1,0,0,0
gated_alive:a_010:106094,a_010,106094,0,5,11,2,3,3,4,3,1
gated_alive:a_010:106102,a_010,106102,5,5,3,0,1,1,4,3,1
gated_alive:a_010:106283,a_010,106283,1,0,0,1,2,2,3,1,4
gated_alive:a_010:106330,a_010,106330,0,5,11,2,3,3,4,3,1
gated_alive:a_010:106656,a_010,106656,0,5,11,2,3,3,4,3,1
gated_alive:a_010:106706,a_010,106706,3,4,12,3,6,8,1,6,3
gated_alive:a_010:106790,a_010,106790,1,5,11,0,0,6,4,3,15
gated_alive:a_010:106950,a_010,106950,0,5,11,2,3,3,4,5,7
gated_alive:a_010:107264,a_010,107264,5,2,1,0,0,7,0,0,12
gated_alive:a_010:107865,a_010,107865,0,4,8,3,6,8,2,6,9
gated_alive:a_010:107899,a_010,107899,0,5,11,2,3,3,4,5,7
gated_alive:a_010:107928,a_010,107928,0,5,11,2,3,3,4,3,1
gated_alive:a_010:108434,a_010,108434,0,5,11,0,1,1,4,8,10
gated_alive:a_010:108607,a_010,108607,0,2,1,3,4,4,0,0,17
gated_alive:a_010:108915,a_010,108915,3,9,12,3,6,8,1,6,3
gated_alive:a_010:109171,a_010,109171,3,9,12,1,5,5,1,2,3
gated_alive:a_010:109505,a_010,109505,0,5,11,2,3,3,4,3,1
gated_alive:a_010:109744,a_010,109744,3,3,4,1,5,5,1,2,3
gated_alive:a_010:110193,a_010,110193,3,4,0,1,5,5,1,2,4
gated_alive:a_010:110473,a_010,110473,3,4,5,3,6,9,2,6,9
gated_alive:a_010:110718,a_010,110718,1,0,0,1,2,2,3,1,4
gated_alive:a_010:110770,a_010,110770,5,2,3,0,0,7,0,7,12
gated_alive:a_010:111255,a_010,111255,5,2,1,0,1,1,0,8,10
gated_alive:a_010:111842,a_010,111842,2,1,7,4,7,13,2,4,2
gated_alive:a_010:111908,a_010,111908,3,9,12,3,6,8,1,6,3
gated_alive:a_010:112108,a_010,112108,0,5,11,2,3,3,4,3,1
gated_alive:a_010:112699,a_010,112699,3,9,12,1,5,5,1,2,3
gated_alive:a_010:113210,a_010,113210,2,6,5,3,6,8,2,6,9
gated_alive:a_010:113380,a_010,113380,1,0,0,1,2,2,3,1,6
gated_alive:a_010:113468,a_010,113468,5,2,1,0,0,0,0,8,10
gated_alive:a_010:113716,a_010,113716,5,8,3,3,9,12,5,7,11
gated_alive:a_010:113757,a_010,113757,0,5,11,2,3,3,4,3,1
gated_alive:a_010:113787,a_010,113787,0,5,11,2,3,3,4,3,1
gated_alive:a_010:114092,a_010,114092,5,2,1,0,1,1,0,0,0
gated_alive:a_010:114359,a_010,114359,1,0,0,1,2,2,3,1,6
gated_alive:a_010:114602,a_010,114602,1,0,0,1,2,2,3,1,4
gated_alive:a_010:115112,a_010,115112,1,0,0,1,2,2,3,1,4
gated_alive:a_010:115309,a_010,115309,0,4,8,3,6,8,2,5,7
gated_alive:a_010:115356,a_010,115356,0,2,13,3,9,12,5,10,16
gated_alive:a_010:115676,a_010,115676,0,5,11,2,3,3,4,3,1
gated_alive:a_010:115917,a_010,115917,3,3,4,1,5,5,1,2,3
gated_alive:a_010:115980,a_010,115980,1,0,0,1,2,2,3,1,4
gated_alive:a_010:116112,a_010,116112,5,2,1,0,1,1,0,0,0
gated_alive:a_010:116179,a_010,116179,1,0,0,1,2,2,3,1,4
gated_alive:a_010:116189,a_010,116189,1,4,0,1,2,2,3,1,4
gated_alive:a_010:116261,a_010,116261,0,4,8,2,3,3,5,7,11
gated_alive:a_010:116499,a_010,116499,0,5,11,2,3,3,4,3,1
gated_alive:a_010:116818,a_010,116818,0,5,11,2,3,3,4,3,1
gated_alive:a_010:117060,a_010,117060,1,4,0,1,5,5,3,1,4
gated_alive:a_010:117577,a_010,117577,5,2,1,0,1,1,0,0,0
gated_alive:a_010:117641,a_010,117641,1,4,0,1,5,5,3,1,4
gated_alive:a_010:117849,a_010,117849,2,6,5,3,6,8,2,5,9
gated_alive:a_010:117889,a_010,117889,5,2,13,3,9,12,5,7,11
gated_alive:a_010:118485,a_010,118485,2,6,2,3,6,8,2,4,2
gated_alive:a_010:118924,a_010,118924,1,0,0,1,2,2,3,1,4
gated_alive:a_010:119135,a_010,119135,5,2,3,3,9,12,5,7,11
gated_alive:a_010:119347,a_010,119347,0,5,11,0,1,1,4,3,1
gated_alive:a_010:119366,a_010,119366,1,4,0,1,5,5,3,1,4
gated_alive:a_010:119644,a_010,119644,0,5,11,2,3,3,4,3,1
gated_alive:a_010:119744,a_010,119744,1,4,0,1,2,2,3,1,4
gated_alive:a_010:119862,a_010,119862,0,5,11,2,3,3,4,3,1
gated_alive:a_010:120000,a_010,120000,1,4,8,3,6,8,1,6,3
gated_alive:a_010:120109,a_010,120109,3,4,4,1,5,5,1,2,3
gated_alive:a_010:120346,a_010,120346,3,9,12,3,6,8,1,6,3
gated_alive:a_010:121026,a_010,121026,1,0,0,1,2,2,3,1,4
gated_alive:a_010:121274,a_010,121274,1,0,0,1,2,2,3,1,4
gated_alive:a_010:121513,a_010,121513,5,2,1,0,1,1,0,0,0
gated_alive:a_010:121721,a_010,121721,5,2,1,0,1,1,0,0,10
gated_alive:a_011:273,a_011,273,0,2,1,2,3,3,0,5,7
gated_alive:a_011:781,a_011,781,0,5,11,2,3,3,4,3,1
gated_alive:a_011:1078,a_011,1078,0,2,1,3,4,4,0,0,0
gated_alive:a_011:3504,a_011,3504,3,9,5,3,6,9,2,6,9
gated_alive:a_011:3704,a_011,3704,5,9,12,0,0,7,0,7,12
gated_alive:a_011:4159,a_011,4159,3,9,12,3,6,8,1,6,3
gated_alive:a_011:4364,a_011,4364,3,9,12,3,6,9,2,6,9
gated_alive:a_011:4472,a_011,4472,5,2,1,0,1,1,0,0,0
gated_alive:a_011:5082,a_011,5082,5,2,1,0,1,1,0,0,8
gated_alive:a_011:5456,a_011,5456,3,3,4,1,5,5,1,2,5
gated_alive:a_011:5574,a_011,5574,2,6,2,3,4,4,2,4,2
gated_alive:a_011:5798,a_011,5798,5,2,3,2,3,3,5,7,11
gated_alive:a_011:7019,a_011,7019,5,2,1,0,0,7,0,7,12
gated_alive:a_011:7751,a_011,7751,5,2,10,0,1,1,0,0,0
gated_alive:a_011:8169,a_011,8169,2,6,2,3,4,4,2,4,2
gated_alive:a_011:8648,a_011,8648,3,9,12,1,5,5,0,2,3
gated_alive:a_011:8784,a_011,8784,3,3,3,1,5,5,1,2,5
gated_alive:a_011:9168,a_011,9168,5,2,1,0,1,1,0,0,0
gated_alive:a_011:9376,a_011,9376,0,5,11,0,0,0,4,8,10
gated_alive:a_011:10647,a_011,10647,5,2,1,0,1,1,0,0,0
gated_alive:a_011:10983,a_011,10983,2,6,2,4,7,10,2,4,2
gated_alive:a_011:11710,a_011,11710,5,2,1,0,1,1,0,0,0
gated_alive:a_011:12072,a_011,12072,5,2,1,0,1,1,0,0,8
gated_alive:a_011:12154,a_011,12154,3,9,5,3,6,9,2,6,9
gated_alive:a_011:13264,a_011,13264,0,2,1,0,1,1,0,0,0
gated_alive:a_011:13402,a_011,13402,0,5,11,2,3,3,4,3,1
gated_alive:a_011:13474,a_011,13474,5,2,1,0,1,1,0,0,13
gated_alive:a_011:14072,a_011,14072,0,5,1,0,1,1,0,0,0
gated_alive:a_011:14570,a_011,14570,3,3,4,1,5,5,1,2,3
gated_alive:a_011:14587,a_011,14587,5,2,1,2,3,3,0,0,8
gated_alive:a_011:15810,a_011,15810,0,5,11,2,3,3,4,3,1
gated_alive:a_011:16093,a_011,16093,5,2,1,0,1,1,0,0,0
gated_alive:a_011:16228,a_011,16228,2,6,2,3,4,4,2,4,2
gated_alive:a_011:16234,a_011,16234,5,5,3,0,1,1,4,3,1
gated_alive:a_011:16430,a_011,16430,0,2,3,2,3,3,5,7,11
gated_alive:a_011:16808,a_011,16808,3,3,4,1,5,5,1,2,3
gated_alive:a_011:17161,a_011,17161,5,2,1,0,1,1,0,0,8
gated_alive:a_011:18084,a_011,18084,5,2,1,0,1,1,0,7,11
gated_alive:a_011:18207,a_011,18207,3,4,8,2,3,3,1,2,3
gated_alive:a_011:20349,a_011,20349,5,8,10,0,1,1,0,0,8
gated_alive:a_011:20548,a_011,20548,5,2,1,0,1,1,0,8,10
gated_alive:a_011:20610,a_011,20610,2,6,2,3,4,4,2,4,2
gated_alive:a_011:20874,a_011,20874,0,2,3,2,3,3,5,7,11
gated_alive:a_011:21756,a_011,21756,2,1,7,4,7,13,2,4,2
gated_alive:a_011:21934,a_011,21934,5,2,10,0,1,1,0,0,8
gated_alive:a_011:21976,a_011,21976,0,5,11,2,3,3,4,3,1
gated_alive:a_011:22130,a_011,22130,2,9,12,4,7,10,2,4,2
gated_alive:a_011:22295,a_011,22295,3,3,4,1,5,5,1,2,12
gated_alive:a_011:22709,a_011,22709,3,4,8,1,5,5,1,2,3
gated_alive:a_011:23033,a_011,23033,5,2,1,3,4,4,0,0,17
gated_alive:a_011:23295,a_011,23295,0,4,8,3,6,8,2,5,7
gated_alive:a_011:23352,a_011,23352,5,2,1,0,1,1,0,0,0
gated_alive:a_011:23504,a_011,23504,0,2,1,0,1,1,0,0,0
gated_alive:a_011:23757,a_011,23757,5,2,1,0,1,1,0,0,0
gated_alive:a_011:24068,a_011,24068,0,4,8,2,3,3,2,5,7
gated_alive:a_011:24208,a_011,24208,3,4,4,3,4,4,3,1,17
gated_alive:a_011:24420,a_011,24420,2,8,10,0,0,6,0,0,8
gated_alive:a_011:24515,a_011,24515,0,2,1,2,3,3,0,0,7
gated_alive:a_011:24522,a_011,24522,5,2,1,0,1,1,0,0,0
gated_alive:a_011:24841,a_011,24841,5,2,1,0,1,1,0,0,0
gated_alive:a_011:24865,a_011,24865,5,2,3,2,3,3,5,7,11
gated_alive:a_011:25171,a_011,25171,0,5,11,0,0,0,4,3,1
gated_alive:a_011:26315,a_011,26315,3,3,4,1,5,5,1,2,5
gated_alive:a_011:26493,a_011,26493,2,6,2,4,7,10,2,4,2
gated_alive:a_011:26707,a_011,26707,5,2,1,0,1,1,0,0,0
gated_alive:a_011:28416,a_011,28416,5,2,3,0,0,7,0,7,12
gated_alive:a_011:28778,a_011,28778,5,2,1,0,1,1,0,0,0
gated_alive:a_011:29917,a_011,29917,5,2,3,0,1,1,0,0,8
gated_alive:a_011:30273,a_011,30273,5,2,1,0,1,1,0,0,0
gated_alive:a_011:30616,a_011,30616,5,8,2,0,1,1,0,4,2
gated_alive:a_011:30981,a_011,30981,2,1,13,3,9,12,2,4,2
gated_alive:a_011:31260,a_011,31260,5,8,3,0,0,7,0,7,12
gated_alive:a_011:31696,a_011,31696,5,2,1,3,9,12,5,10,16
gated_alive:a_011:31886,a_011,31886,5,2,1,3,4,4,0,0,0
gated_alive:a_011:33308,a_011,33308,2,1,7,4,7,13,2,4,2
gated_alive:a_011:33322,a_011,33322,3,4,8,1,5,5,1,2,12
gated_alive:a_011:33980,a_011,33980,0,5,3,0,0,7,4,7,12
gated_alive:a_011:34279,a_011,34279,5,2,3,2,3,3,5,7,11
gated_alive:a_011:34350,a_011,34350,5,2,1,0,1,1,0,0,0
gated_alive:a_011:35077,a_011,35077,5,2,1,0,1,1,0,0,8
gated_alive:a_011:35485,a_011,35485,2,6,2,0,0,7,2,4,2
gated_alive:a_011:35721,a_011,35721,5,2,1,0,1,1,0,0,0
gated_alive:a_011:35764,a_011,35764,0,4,8,2,3,3,5,7,11
gated_alive:a_011:36040,a_011,36040,2,1,3,3,9,12,2,4,2
gated_alive:a_011:36061,a_011,36061,2,6,2,4,7,10,2,4,2
gated_alive:a_011:36110,a_011,36110,3,3,4,1,5,5,1,2,3
gated_alive:a_011:36812,a_011,36812,0,5,11,2,3,3,4,3,1
gated_alive:a_011:37774,a_011,37774,1,4,4,1,2,2,1,2,5
gated_alive:a_011:38474,a_011,38474,5,2,1,0,1,1,0,0,0
gated_alive:a_011:38783,a_011,38783,0,2,3,2,3,3,5,7,11
gated_alive:a_011:39680,a_011,39680,2,6,2,4,7,10,2,4,2
gated_alive:a_011:40232,a_011,40232,5,2,1,0,1,1,0,0,8
gated_alive:a_011:40874,a_011,40874,1,0,0,1,2,2,3,1,4
gated_alive:a_011:41461,a_011,41461,2,6,2,4,7,10,2,4,2
gated_alive:a_011:41659,a_011,41659,0,5,11,3,4,4,0,0,17
gated_alive:a_011:42008,a_011,42008,3,9,12,4,7,10,1,2,3
gated_alive:a_011:42054,a_011,42054,5,2,1,0,1,1,0,0,0
gated_alive:a_011:42397,a_011,42397,5,2,1,3,9,12,5,10,16
gated_alive:a_011:43263,a_011,43263,3,4,4,3,6,8,1,2,3
gated_alive:a_011:43840,a_011,43840,5,2,1,0,1,1,0,0,8
gated_alive:a_011:44317,a_011,44317,2,6,2,4,7,10,2,4,2
gated_alive:a_011:44677,a_011,44677,5,2,1,0,1,1,0,0,0
gated_alive:a_011:45168,a_011,45168,5,8,10,0,0,7,0,7,12
gated_alive:a_011:45474,a_011,45474,5,2,1,0,1,1,0,0,0
gated_alive:a_011:46031,a_011,46031,0,2,1,2,3,3,0,0,8
gated_alive:a_011:47458,a_011,47458,3,9,12,1,5,5,1,2,3
gated_alive:a_011:47908,a_011,47908,5,2,1,0,1,1,0,0,0
gated_alive:a_011:48048,a_011,48048,5,2,1,0,0,7,0,7,12
gated_alive:a_011:48281,a_011,48281,0,4,8,3,6,8,2,5,7
gated_alive:a_011:50489,a_011,50489,0,5,11,1,5,5,4,3,1
gated_alive:a_011:50731,a_011,50731,2,6,2,3,9,12,2,4,2
gated_alive:a_011:51530,a_011,51530,5,8,10,0,1,1,0,0,8
gated_alive:a_011:51730,a_011,51730,5,2,1,0,1,1,0,0,0
gated_alive:a_011:52307,a_011,52307,0,4,8,2,3,3,2,5,7
gated_alive:a_011:52596,a_011,52596,0,4,8,2,3,3,0,5,7
gated_alive:a_011:52951,a_011,52951,2,1,7,4,7,13,2,4,2
gated_alive:a_011:54593,a_011,54593,5,8,3,0,1,1,0,0,0
gated_alive:a_011:54988,a_011,54988,2,1,7,0,0,6,2,4,2
gated_alive:a_011:55332,a_011,55332,1,4,0,1,2,2,3,1,4
gated_alive:a_011:55904,a_011,55904,2,6,10,0,0,6,0,0,8
gated_alive:a_011:56045,a_011,56045,5,2,3,2,3,3,5,7,11
gated_alive:a_011:56562,a_011,56562,2,6,3,0,0,7,0,7,12
gated_alive:a_011:57428,a_011,57428,0,2,1,0,1,1,0,0,0
gated_alive:a_011:59348,a_011,59348,5,2,1,0,1,1,0,0,0
gated_alive:a_011:59687,a_011,59687,5,2,1,0,1,1,0,0,0
gated_alive:a_011:61083,a_011,61083,2,6,2,3,6,8,2,4,2
gated_alive:a_011:61654,a_011,61654,3,3,4,1,5,5,1,2,3
gated_alive:a_011:62370,a_011,62370,5,2,1,0,0,7,0,0,0
gated_alive:a_011:63003,a_011,63003,5,2,10,0,1,1,0,0,8
gated_alive:a_011:64142,a_011,64142,0,2,1,0,1,1,0,0,0
gated_alive:a_011:64308,a_011,64308,3,4,4,1,5,5,1,2,3
gated_alive:a_011:64716,a_011,64716,2,1,7,4,7,13,2,4,2
gated_alive:a_011:64813,a_011,64813,3,9,12,3,6,8,1,6,3
gated_alive:a_011:65028,a_011,65028,5,2,1,0,1,1,0,0,0
gated_alive:a_011:65173,a_011,65173,5,2,1,0,1,1,0,0,0
gated_alive:a_011:65356,a_011,65356,1,0,0,1,2,2,3,1,4
gated_alive:a_011:65757,a_011,65757,5,2,1,0,0,0,0,8,10
gated_alive:a_011:65773,a_011,65773,3,3,4,1,5,5,1,2,3
gated_alive:a_011:66390,a_011,66390,5,8,10,0,1,1,0,0,0
gated_alive:a_011:66623,a_011,66623,3,9,12,3,6,8,1,6,3
gated_alive:a_011:66756,a_011,66756,2,1,7,3,4,4,2,4,2
gated_alive:a_011:67179,a_011,67179,0,4,8,2,3,3,4,5,7
gated_alive:a_011:69689,a_011,69689,3,3,4,2,3,3,1,2,3
gated_alive:a_011:70482,a_011,70482,0,5,11,2,3,3,4,3,1
gated_alive:a_011:71256,a_011,71256,5,2,1,0,1,1,0,0,0
gated_alive:a_011:72399,a_011,72399,0,5,11,2,3,3,4,3,11
gated_alive:a_011:73296,a_011,73296,5,2,1,0,1,1,0,0,0
gated_alive:a_011:73337,a_011,73337,5,2,1,0,0,0,0,0,8
gated_alive:a_011:74104,a_011,74104,5,2,1,0,1,1,0,0,0
gated_alive:a_011:76768,a_011,76768,2,6,2,4,7,10,2,4,2
gated_alive:a_011:77222,a_011,77222,5,8,10,0,0,7,0,7,12
gated_alive:a_011:77473,a_011,77473,5,2,1,0,1,1,0,0,8
gated_alive:a_011:77868,a_011,77868,5,2,1,0,1,1,0,0,0
gated_alive:a_011:78019,a_011,78019,5,2,1,0,1,1,0,0,0
gated_alive:a_011:79230,a_011,79230,5,2,1,0,1,1,0,0,0
gated_alive:a_011:79257,a_011,79257,5,2,1,0,0,0,0,8,10
gated_alive:a_011:79407,a_011,79407,5,2,1,0,1,1,0,0,0
gated_alive:a_011:80075,a_011,80075,4,7,9,3,4,4,6,9,13
gated_alive:a_011:80130,a_011,80130,2,9,12,4,7,13,2,4,2
gated_alive:a_011:81508,a_011,81508,3,4,5,3,6,9,2,6,9
gated_alive:a_011:81713,a_011,81713,5,2,3,2,3,3,5,7,11
gated_alive:a_011:82301,a_011,82301,3,3,4,1,5,5,1,2,3
gated_alive:a_011:82511,a_011,82511,5,2,3,2,3,3,5,7,11
gated_alive:a_011:84584,a_011,84584,2,1,7,4,7,13,1,4,2
gated_alive:a_011:84633,a_011,84633,0,5,11,2,3,3,4,3,1
gated_alive:a_011:84651,a_011,84651,2,6,2,4,7,10,2,4,2
gated_alive:a_011:85065,a_011,85065,5,2,3,0,0,7,0,7,12
gated_alive:a_011:85146,a_011,85146,3,4,8,1,5,5,1,2,3
gated_alive:a_011:85468,a_011,85468,0,4,8,2,3,3,2,5,7
gated_alive:a_011:85481,a_011,85481,1,0,0,1,2,2,3,1,6
gated_alive:a_011:85570,a_011,85570,1,0,0,1,2,2,3,1,4
gated_alive:a_011:85744,a_011,85744,4,7,9,3,4,4,6,9,13
gated_alive:a_011:85926,a_011,85926,2,6,2,4,7,10,2,4,2
gated_alive:a_011:86791,a_011,86791,0,4,8,2,3,3,2,5,7
gated_alive:a_011:87232,a_011,87232,5,2,1,0,1,1,0,0,8
gated_alive:a_011:87686,a_011,87686,2,6,2,4,7,10,2,4,2
gated_alive:a_011:87902,a_011,87902,2,6,2,4,7,10,2,4,2
gated_alive:a_011:88252,a_011,88252,5,8,10,0,1,1,0,0,8
gated_alive:a_011:88507,a_011,88507,0,2,1,0,1,1,0,0,7
gated_alive:a_011:88579,a_011,88579,5,2,13,3,9,12,5,10,16
gated_alive:a_011:88581,a_011,88581,5,2,1,0,1,1,0,0,0
gated_alive:a_011:89252,a_011,89252,2,6,2,4,7,10,2,4,2
gated_alive:a_011:90201,a_011,90201,1,0,0,1,2,2,3,1,4
gated_alive:a_011:91644,a_011,91644,2,6,2,4,7,10,2,4,2
gated_alive:a_011:91825,a_011,91825,5,2,1,0,1,1,0,0,0
gated_alive:a_011:91942,a_011,91942,1,4,0,1,2,2,3,1,4
gated_alive:a_011:92040,a_011,92040,5,2,1,0,1,1,0,0,0
gated_alive:a_011:92801,a_011,92801,0,5,11,2,3,3,4,3,1
gated_alive:a_011:92918,a_011,92918,5,8,10,0,1,1,0,0,8
gated_alive:a_011:93765,a_011,93765,3,9,5,3,6,9,2,6,9
gated_alive:a_011:94468,a_011,94468,5,2,1,0,0,0,0,0,0
gated_alive:a_011:94873,a_011,94873,5,2,1,0,1,1,0,0,0
gated_alive:a_011:95716,a_011,95716,5,2,1,0,0,0,0,8,10
gated_alive:a_011:96241,a_011,96241,0,5,11,2,3,3,4,3,1
gated_alive:a_011:96425,a_011,96425,0,2,3,2,3,3,5,7,11
gated_alive:a_011:96540,a_011,96540,1,0,0,1,2,2,3,1,6
gated_alive:a_011:97259,a_011,97259,5,2,1,0,1,1,0,0,0
gated_alive:a_011:97834,a_011,97834,5,8,10,3,4,4,0,0,17
gated_alive:a_011:98065,a_011,98065,5,2,1,0,0,0,0,8,10
gated_alive:a_011:98488,a_011,98488,5,2,1,0,1,1,0,0,0
gated_alive:a_011:98588,a_011,98588,1,0,6,0,0,6,4,3,15
gated_alive:a_011:99201,a_011,99201,5,2,1,1,2,2,0,0,8
gated_alive:a_011:99271,a_011,99271,5,2,1,0,1,1,0,0,0
gated_alive:a_011:99475,a_011,99475,2,1,7,4,7,13,2,4,2
gated_alive:a_011:100017,a_011,100017,0,5,11,0,0,0,4,8,10
gated_alive:a_011:100086,a_011,100086,2,6,2,4,7,10,2,4,2
gated_alive:a_011:100087,a_011,100087,5,2,1,0,1,1,0,0,8
gated_alive:a_011:100178,a_011,100178,0,4,8,2,3,3,0,5,7
gated_alive:a_011:100376,a_011,100376,0,5,11,3,4,4,4,3,17
gated_alive:a_011:100702,a_011,100702,2,8,10,0,0,6,0,0,8
gated_alive:a_011:101300,a_011,101300,3,9,12,3,6,8,1,6,3
gated_alive:a_011:101406,a_011,101406,2,6,2,4,7,10,2,4,2
gated_alive:a_011:101773,a_011,101773,3,3,4,1,5,5,1,2,5
gated_alive:a_011:101785,a_011,101785,5,2,3,0,1,1,0,7,11
gated_alive:a_011:102008,a_011,102008,5,2,1,0,1,1,0,0,0
gated_alive:a_011:102525,a_011,102525,5,2,1,0,1,1,0,0,0
gated_alive:a_011:102761,a_011,102761,0,5,11,2,3,3,4,3,1
gated_alive:a_011:103106,a_011,103106,0,5,11,2,3,3,4,3,1
gated_alive:a_011:103644,a_011,103644,3,3,4,1,5,5,1,2,3
gated_alive:a_011:103972,a_011,103972,0,2,1,0,1,1,0,0,0
gated_alive:a_011:105103,a_011,105103,3,3,4,1,5,5,1,2,3
gated_alive:a_011:105742,a_011,105742,0,4,8,2,3,3,2,5,7
gated_alive:a_011:105901,a_011,105901,5,2,1,0,1,1,0,0,0
gated_alive:a_011:107316,a_011,107316,5,2,1,0,1,1,0,0,8
gated_alive:a_011:108146,a_011,108146,5,8,10,3,4,4,0,0,17
gated_alive:a_011:108270,a_011,108270,2,6,2,0,0,6,2,4,2
gated_alive:a_011:108344,a_011,108344,0,5,11,2,3,3,4,3,1
gated_alive:a_011:108445,a_011,108445,5,2,3,0,0,7,0,7,12
gated_alive:a_011:108624,a_011,108624,0,5,11,2,3,3,4,3,1
gated_alive:a_011:108809,a_011,108809,0,2,3,2,3,3,5,7,11
gated_alive:a_011:109245,a_011,109245,2,6,2,4,7,10,2,4,2
gated_alive:a_011:109664,a_011,109664,5,8,10,0,1,1,0,0,8
gated_alive:a_011:109883,a_011,109883,5,2,1,0,1,1,0,8,10
gated_alive:a_011:110266,a_011,110266,0,5,11,2,3,3,4,3,1
gated_alive:a_011:110462,a_011,110462,0,4,8,2,3,3,0,5,7
gated_alive:a_011:110481,a_011,110481,5,2,10,0,1,1,0,0,13
gated_alive:a_011:110796,a_011,110796,0,2,3,2,3,3,5,7,11
gated_alive:a_011:111267,a_011,111267,1,3,4,1,5,5,1,2,5
gated_alive:a_011:111271,a_011,111271,0,4,8,2,3,3,2,5,7
gated_alive:a_011:111846,a_011,111846,3,4,8,3,4,4,2,4,2
gated_alive:a_011:112129,a_011,112129,5,2,1,0,1,1,0,0,0
gated_alive:a_011:113054,a_011,113054,0,5,11,2,3,3,4,3,1
gated_alive:a_011:113292,a_011,113292,5,8,10,0,1,1,0,0,0
gated_alive:a_011:113670,a_011,113670,0,2,3,3,9,12,5,7,11
gated_alive:a_011:113728,a_011,113728,5,2,3,2,3,3,0,7,11
gated_alive:a_011:114002,a_011,114002,2,6,2,4,7,10,2,4,2
gated_alive:a_011:114338,a_011,114338,0,5,11,2,3,3,4,3,1
gated_alive:a_011:114868,a_011,114868,5,2,3,0,1,1,0,7,11
gated_alive:a_011:114975,a_011,114975,3,9,12,3,6,8,1,2,3
gated_alive:a_011:115143,a_011,115143,0,4,5,3,6,9,2,6,9
gated_alive:a_011:115625,a_011,115625,5,2,1,0,1,1,0,0,8
gated_alive:a_011:116935,a_011,116935,0,2,3,2,3,3,5,7,11
gated_alive:a_011:117966,a_011,117966,3,4,5,3,6,9,2,6,9
gated_alive:a_011:118030,a_011,118030,2,6,2,4,7,10,2,4,2
gated_alive:a_011:119691,a_011,119691,5,2,1,0,1,1,0,0,0
gated_alive:a_011:120274,a_011,120274,5,2,1,0,1,1,0,0,8
gated_alive:a_011:121434,a_011,121434,5,2,1,0,1,1,0,0,0
gated_alive:a_011:121593,a_011,121593,2,1,7,4,7,13,2,4,2
gated_alive:a_011:123229,a_011,123229,2,8,3,0,0,6,0,7,12
gated_alive:a_011:123313,a_011,123313,5,2,1,0,1,1,0,0,0
gated_alive:a_011:123439,a_011,123439,5,2,1,0,0,0,0,8,10
gated_alive:a_011:124138,a_011,124138,5,2,10,0,1,1,0,0,8
gated_alive:a_011:124523,a_011,124523,3,9,12,3,6,9,2,6,9
gated_alive:a_011:125369,a_011,125369,5,2,1,0,1,1,0,0,8
gated_alive:a_011:125987,a_011,125987,3,3,4,1,5,5,1,2,5
gated_alive:a_011:126069,a_011,126069,5,2,1,0,1,1,0,0,8
gated_alive:a_011:126636,a_011,126636,5,2,3,0,1,1,0,0,0
gated_alive:a_011:126883,a_011,126883,0,2,8,0,1,1,0,0,7
gated_alive:a_011:128258,a_011,128258,5,2,3,0,1,1,0,0,8
gated_alive:a_011:128282,a_011,128282,1,0,0,1,2,2,3,1,6
gated_alive:a_011:128424,a_011,128424,5,2,10,0,1,1,0,0,0
gated_alive:a_011:128774,a_011,128774,2,1,7,4,7,13,2,4,2
gated_alive:a_011:129561,a_011,129561,1,0,0,1,2,2,3,1,4
gated_alive:a_011:129818,a_011,129818,5,2,1,0,1,1,0,0,0
gated_alive:a_011:130000,a_011,130000,5,8,10,0,1,1,0,0,8
gated_alive:a_011:131935,a_011,131935,2,1,10,3,4,4,0,0,17
gated_alive:a_011:132270,a_011,132270,3,9,12,1,5,5,1,2,3
gated_alive:a_011:132770,a_011,132770,1,4,8,1,5,5,3,1,4
gated_alive:a_011:133160,a_011,133160,3,9,12,1,5,5,1,6,3
gated_alive:a_011:133826,a_011,133826,5,2,1,0,1,1,0,0,0
gated_alive:a_011:134584,a_011,134584,5,8,1,0,1,1,0,0,0
gated_alive:a_011:134791,a_011,134791,5,2,3,0,0,0,0,8,10
gated_alive:a_011:134956,a_011,134956,2,1,7,4,7,13,2,4,2
gated_alive:a_011:135224,a_011,135224,3,9,12,1,5,5,1,6,3
gated_alive:a_011:135983,a_011,135983,3,3,4,1,5,5,1,2,3
gated_alive:a_011:136460,a_011,136460,2,6,2,4,7,13,2,4,2
gated_alive:a_011:136525,a_011,136525,5,2,1,0,1,1,0,0,0
gated_alive:a_011:137762,a_011,137762,0,5,11,2,3,3,4,3,1
gated_alive:a_011:138143,a_011,138143,5,2,3,2,3,3,5,7,11
gated_alive:a_011:138586,a_011,138586,2,6,2,4,7,10,2,4,2
gated_alive:a_011:139026,a_011,139026,3,4,4,1,5,5,1,2,3
gated_alive:a_011:139620,a_011,139620,5,2,3,2,3,3,5,7,11
gated_alive:a_011:139870,a_011,139870,2,6,2,4,7,10,2,4,2
gated_alive:a_011:140326,a_011,140326,1,4,8,0,1,1,3,1,4
gated_alive:a_011:141560,a_011,141560,2,6,2,4,7,10,2,4,2
gated_alive:a_011:141852,a_011,141852,2,6,2,4,7,13,2,4,2
gated_alive:a_011:142244,a_011,142244,5,2,1,3,6,8,0,0,0
gated_alive:a_011:142794,a_011,142794,0,5,11,2,3,3,4,3,1
gated_alive:a_011:142849,a_011,142849,1,4,0,1,2,2,3,1,4
gated_alive:a_011:143477,a_011,143477,0,5,11,2,3,3,4,3,1
gated_alive:a_011:143685,a_011,143685,5,2,1,0,1,1,0,0,0
gated_alive:a_011:143953,a_011,143953,0,4,3,0,0,7,0,7,12
gated_alive:a_011:144817,a_011,144817,5,8,10,0,1,1,0,0,8
gated_alive:a_011:145045,a_011,145045,5,2,1,0,1,1,0,0,0
gated_alive:a_011:145222,a_011,145222,5,8,10,0,1,1,0,0,8
gated_alive:a_011:145698,a_011,145698,5,2,1,0,0,6,0,0,0
gated_alive:a_011:146252,a_011,146252,0,2,3,2,3,3,5,7,11
gated_alive:a_011:146783,a_011,146783,2,6,2,4,7,10,2,4,2
gated_alive:a_011:146958,a_011,146958,2,1,7,4,7,13,2,4,2
gated_alive:a_011:147047,a_011,147047,5,2,1,0,1,1,0,0,8
gated_alive:a_011:147119,a_011,147119,3,4,8,1,5,5,1,2,3
gated_alive:a_011:148060,a_011,148060,0,4,8,2,3,3,0,5,7
gated_alive:a_011:148608,a_011,148608,5,2,3,0,1,1,0,7,11
gated_alive:a_011:149693,a_011,149693,5,2,1,0,1,1,0,0,0
gated_alive:a_011:151234,a_011,151234,3,3,4,1,5,5,1,2,5
gated_alive:a_011:151491,a_011,151491,2,1,7,4,7,13,2,4,2
gated_alive:a_011:151804,a_011,151804,5,2,3,2,3,3,5,7,11
gated_alive:a_011:151885,a_011,151885,2,1,13,4,7,13,2,4,2
gated_alive:a_011:152408,a_011,152408,3,9,12,3,6,8,1,6,3
gated_alive:a_011:152563,a_011,152563,2,6,2,4,7,13,2,4,2
gated_alive:a_011:152582,a_011,152582,0,5,11,2,3,3,4,3,1
gated_alive:a_011:152624,a_011,152624,0,5,11,2,3,3,4,3,1
gated_alive:a_011:152995,a_011,152995,2,6,2,0,0,0,2,4,2
gated_alive:a_011:153752,a_011,153752,5,2,1,0,1,1,0,0,0
gated_alive:a_011:156028,a_011,156028,5,2,1,0,1,1,0,0,0
gated_alive:a_011:159210,a_011,159210,1,0,0,1,2,2,3,1,4
gated_alive:a_011:159755,a_011,159755,2,6,2,4,7,10,2,4,2
gated_alive:a_011:160364,a_011,160364,1,4,0,1,2,2,3,1,4
gated_alive:a_011:160453,a_011,160453,2,6,2,4,7,10,2,4,2
gated_alive:a_011:160480,a_011,160480,2,6,2,4,7,10,2,4,2
gated_alive:a_011:161116,a_011,161116,2,6,2,3,9,12,2,4,2
gated_alive:a_011:162455,a_011,162455,5,2,1,0,1,1,0,0,0
gated_alive:a_011:162745,a_011,162745,2,6,2,4,7,13,2,4,2
gated_alive:a_011:163561,a_011,163561,0,2,8,2,3,3,0,5,7
gated_alive:a_011:163785,a_011,163785,5,2,1,0,1,1,0,0,0
gated_alive:a_011:164262,a_011,164262,5,2,1,0,1,1,0,0,0
gated_alive:a_011:164713,a_011,164713,0,4,8,0,1,1,0,5,7
gated_alive:a_011:164756,a_011,164756,5,2,10,0,1,1,0,0,8
gated_alive:a_011:165016,a_011,165016,0,4,8,0,0,7,0,7,12
gated_alive:a_011:165035,a_011,165035,0,2,1,0,1,1,0,5,7
gated_alive:a_011:165903,a_011,165903,4,7,9,3,4,4,0,9,17
gated_alive:a_011:166507,a_011,166507,3,4,4,1,5,5,1,2,5
gated_alive:a_011:166570,a_011,166570,1,0,0,3,4,4,3,1,4
gated_alive:a_011:167961,a_011,167961,5,2,1,0,1,1,0,0,0
gated_alive:a_011:168555,a_011,168555,0,4,8,2,3,3,2,5,7
gated_alive:a_011:168799,a_011,168799,0,2,1,0,1,1,0,0,7
gated_alive:a_011:169355,a_011,169355,0,2,8,2,3,3,0,5,7
gated_alive:a_011:170554,a_011,170554,0,4,5,3,6,9,2,6,9
gated_alive:a_011:172843,a_011,172843,0,4,8,2,3,3,0,5,7
gated_alive:a_011:173798,a_011,173798,1,0,0,1,2,2,3,1,4
gated_alive:a_011:174071,a_011,174071,5,2,3,0,0,0,0,7,11
gated_alive:a_011:174408,a_011,174408,2,6,2,4,7,10,2,4,2
gated_alive:a_011:175255,a_011,175255,0,4,8,0,1,1,0,0,7
gated_alive:a_011:175952,a_011,175952,2,6,2,4,7,10,2,4,2
gated_alive:a_011:177380,a_011,177380,0,2,3,2,3,3,5,7,11
gated_alive:a_011:177516,a_011,177516,0,4,8,0,0,0,2,5,7
gated_alive:a_011:179684,a_011,179684,2,6,2,4,7,10,2,4,2
gated_alive:a_011:180185,a_011,180185,5,2,10,0,1,1,0,0,8
gated_alive:a_011:180388,a_011,180388,2,6,2,3,9,12,2,4,2
gated_alive:a_011:180507,a_011,180507,1,4,8,1,5,5,1,1,4
gated_alive:a_011:182206,a_011,182206,0,4,8,2,3,3,5,7,11
gated_alive:a_011:182316,a_011,182316,1,0,0,1,2,2,3,1,4
gated_alive:a_011:182771,a_011,182771,1,4,4,2,3,3,1,2,5
gated_alive:a_011:184664,a_011,184664,0,5,11,2,3,3,4,3,15
gated_alive:a_011:185223,a_011,185223,0,5,11,2,3,3,4,3,1
gated_alive:a_011:186079,a_011,186079,0,5,3,2,3,3,5,7,11
gated_alive:a_011:186538,a_011,186538,2,6,2,4,7,13,2,4,2
gated_alive:a_011:186842,a_011,186842,5,2,1,0,1,1,0,0,0
gated_alive:a_011:187106,a_011,187106,5,8,3,0,1,1,5,7,11
gated_alive:a_011:187744,a_011,187744,1,0,6,1,2,2,3,1,6
gated_alive:a_011:188721,a_011,188721,0,4,8,1,5,5,1,5,7
gated_alive:a_011:189008,a_011,189008,3,3,4,1,5,5,1,2,5
gated_alive:a_011:189825,a_011,189825,3,3,13,3,9,12,5,10,16
gated_alive:a_011:190190,a_011,190190,2,1,7,0,0,6,2,4,2
gated_alive:a_011:190838,a_011,190838,5,2,1,0,1,1,0,0,8
gated_alive:a_011:191278,a_011,191278,0,5,11,2,3,3,4,3,1
gated_alive:a_011:192045,a_011,192045,5,2,1,0,0,7,0,0,0
gated_alive:a_011:192335,a_011,192335,3,4,8,1,5,5,1,2,3
gated_alive:a_011:192554,a_011,192554,3,4,8,3,6,9,2,4,2
gated_alive:a_011:193231,a_011,193231,2,6,2,4,7,10,2,4,2
gated_alive:a_011:193267,a_011,193267,2,1,7,0,0,6,2,4,2
gated_alive:a_011:193723,a_011,193723,0,5,11,2,3,3,4,3,1
gated_alive:a_011:194999,a_011,194999,5,2,1,0,1,1,0,0,0
gated_alive:a_011:195183,a_011,195183,1,0,0,1,2,2,3,1,4
gated_alive:a_011:195606,a_011,195606,2,6,2,4,7,10,2,4,2
gated_alive:a_011:195671,a_011,195671,3,9,12,1,5,5,1,2,3
gated_alive:a_011:195759,a_011,195759,5,2,1,0,1,1,0,0,0
gated_alive:a_011:196608,a_011,196608,5,2,5,3,6,9,0,6,9
gated_alive:a_011:197076,a_011,197076,1,4,0,3,6,8,3,1,4
gated_alive:a_011:197614,a_011,197614,5,2,3,0,1,1,0,0,0
gated_alive:a_011:197824,a_011,197824,0,5,11,2,3,3,4,3,1
gated_alive:a_011:198682,a_011,198682,5,2,1,0,1,1,0,0,8
gated_alive:a_011:200054,a_011,200054,5,2,1,0,1,1,0,0,0
gated_alive:a_011:200638,a_011,200638,5,2,3,0,1,1,0,0,0
gated_alive:a_011:200987,a_011,200987,2,6,2,0,0,6,2,4,2
gated_alive:a_011:201427,a_011,201427,2,1,7,4,7,13,2,4,2
gated_alive:a_011:201551,a_011,201551,5,2,3,2,3,3,5,7,11
gated_alive:a_011:202817,a_011,202817,2,6,13,3,9,12,2,4,2
gated_alive:a_011:204058,a_011,204058,2,6,2,4,7,10,2,4,2
gated_alive:a_011:204186,a_011,204186,0,4,8,3,6,8,2,4,2
gated_alive:a_011:204668,a_011,204668,0,5,11,0,1,1,4,3,1
gated_alive:a_011:204681,a_011,204681,0,2,1,0,1,1,0,5,7
gated_alive:a_011:205019,a_011,205019,0,2,3,0,1,1,5,7,11
gated_alive:a_011:205409,a_011,205409,5,8,10,0,1,1,0,0,10
gated_alive:a_011:206764,a_011,206764,3,9,12,1,5,5,1,6,3
gated_alive:a_011:206951,a_011,206951,1,0,6,0,0,6,3,1,4
gated_alive:a_011:207192,a_011,207192,5,8,10,0,1,1,0,0,13
gated_alive:a_011:207430,a_011,207430,2,6,2,4,7,13,2,4,2
gated_alive:a_011:207857,a_011,207857,5,8,10,3,4,4,0,0,17
gated_alive:a_011:208274,a_011,208274,0,4,8,2,3,3,5,7,11
gated_alive:a_011:210388,a_011,210388,5,2,1,0,0,0,0,8,10
gated_alive:a_011:211003,a_011,211003,5,2,1,0,1,1,0,0,8
gated_alive:a_011:211249,a_011,211249,2,6,2,4,7,10,2,4,2
gated_alive:a_011:211954,a_011,211954,1,0,0,1,2,2,3,1,4
gated_alive:a_011:212309,a_011,212309,0,2,3,2,3,3,5,7,11
gated_alive:a_011:212568,a_011,212568,5,8,10,0,0,0,0,8,10
gated_alive:a_011:212681,a_011,212681,2,6,2,4,7,10,2,4,2
gated_alive:a_011:212746,a_011,212746,5,2,1,0,1,1,0,0,9
gated_alive:a_011:212876,a_011,212876,3,4,13,3,9,12,5,10,16
gated_alive:a_011:213069,a_011,213069,0,4,8,2,3,3,4,3,1
gated_alive:a_011:213095,a_011,213095,4,7,9,5,8,11,6,9,13
gated_alive:a_011:213556,a_011,213556,5,2,1,0,0,6,0,0,15
gated_alive:a_011:214181,a_011,214181,3,3,4,1,5,5,1,2,5
gated_alive:a_011:215115,a_011,215115,2,6,2,3,6,8,2,4,2
gated_alive:a_011:216138,a_011,216138,2,1,3,4,7,13,2,4,2
gated_alive:a_011:216299,a_011,216299,1,0,0,1,2,2,3,1,4
gated_alive:a_011:217476,a_011,217476,2,6,2,4,7,10,2,4,2
gated_alive:a_011:217735,a_011,217735,5,8,3,0,1,1,0,7,12
gated_alive:a_011:218483,a_011,218483,0,5,11,2,3,3,4,3,1
gated_alive:a_011:219644,a_011,219644,5,2,1,0,1,1,0,0,0
gated_alive:a_011:220150,a_011,220150,3,3,4,1,5,5,1,2,5
gated_alive:a_011:220443,a_011,220443,2,6,2,3,4,4,0,0,8
gated_alive:a_011:220636,a_011,220636,5,2,10,0,1,1,0,0,8
gated_alive:a_011:221029,a_011,221029,2,6,2,4,7,13,2,4,2
gated_alive:a_011:222244,a_011,222244,5,2,1,0,1,1,0,0,0
gated_alive:a_011:222484,a_011,222484,5,8,10,0,0,0,0,0,10
gated_alive:a_011:222718,a_011,222718,3,9,12,3,9,12,1,6,3
gated_alive:a_011:223035,a_011,223035,2,1,2,4,7,13,2,4,2
gated_alive:a_011:225964,a_011,225964,3,4,4,1,5,5,1,2,3
gated_alive:a_011:225968,a_011,225968,2,6,2,4,7,10,2,4,2
gated_alive:a_011:226264,a_011,226264,3,4,4,1,5,5,1,2,5
gated_alive:a_011:226304,a_011,226304,3,4,5,3,6,9,2,6,9
gated_alive:a_011:227127,a_011,227127,5,8,10,3,6,9,0,0,8
gated_alive:a_011:227732,a_011,227732,2,6,2,4,7,13,2,4,2
gated_alive:a_011:229995,a_011,229995,1,3,4,1,2,2,3,8,10
gated_alive:a_011:230227,a_011,230227,5,2,3,0,1,1,0,0,11
gated_alive:a_011:230448,a_011,230448,2,6,2,4,7,10,2,4,2
gated_alive:a_011:230924,a_011,230924,2,6,2,4,7,13,2,4,2
gated_alive:a_011:230935,a_011,230935,5,2,1,0,1,1,0,0,0
gated_alive:a_011:231110,a_011,231110,2,4,8,4,7,10,2,4,2
gated_alive:a_011:231148,a_011,231148,0,4,8,0,1,1,0,5,7
gated_alive:a_011:231233,a_011,231233,2,6,2,4,7,13,2,4,2
gated_alive:a_011:231302,a_011,231302,2,6,2,4,7,10,2,4,2
gated_alive:a_011:231468,a_011,231468,5,2,1,0,1,1,0,0,0
gated_alive:a_011:232146,a_011,232146,5,2,3,0,0,7,0,7,12
gated_alive:a_011:232384,a_011,232384,3,4,4,1,5,5,1,2,3
gated_alive:a_011:232765,a_011,232765,5,2,1,0,1,1,0,0,0
gated_alive:a_011:234568,a_011,234568,3,9,13,3,9,12,5,10,16
gated_alive:a_011:235218,a_011,235218,4,7,9,5,8,11,6,9,13
gated_alive:a_011:235991,a_011,235991,5,2,3,2,3,3,0,0,8
gated_alive:a_011:237662,a_011,237662,3,9,12,3,6,8,1,2,3
gated_alive:a_011:239080,a_011,239080,3,3,4,1,5,5,0,0,5
gated_alive:a_011:240178,a_011,240178,5,2,3,0,0,0,0,8,10
gated_alive:a_011:240965,a_011,240965,2,1,7,4,7,13,2,4,2
gated_alive:a_011:241115,a_011,241115,3,9,12,1,5,5,1,2,3
gated_alive:a_011:241825,a_011,241825,5,2,3,0,1,1,0,0,0
gated_alive:a_011:241947,a_011,241947,2,1,7,3,4,4,2,4,2
gated_alive:a_011:242297,a_011,242297,2,6,2,3,6,8,2,4,2
gated_alive:a_011:242480,a_011,242480,5,2,1,0,1,1,0,8,10
gated_alive:a_011:243114,a_011,243114,0,5,11,2,3,3,4,3,1
gated_alive:a_011:243367,a_011,243367,3,9,12,3,6,8,1,6,3
gated_alive:a_011:243824,a_011,243824,5,2,1,0,1,1,0,0,0
gated_alive:a_011:244896,a_011,244896,5,2,1,0,1,1,0,0,0
gated_alive:a_011:245151,a_011,245151,0,2,1,0,1,1,0,0,0
gated_alive:a_011:247473,a_011,247473,3,4,8,2,3,3,0,5,7
gated_alive:a_011:248098,a_011,248098,5,2,1,0,1,1,0,0,0
gated_alive:a_011:248794,a_011,248794,5,2,1,0,1,1,0,0,0
gated_alive:a_011:248838,a_011,248838,3,4,8,3,6,8,2,4,2
gated_alive:a_011:249484,a_011,249484,0,5,11,2,3,3,4,3,1
gated_alive:a_011:249494,a_011,249494,5,2,3,2,3,3,0,0,8
gated_alive:a_011:249951,a_011,249951,5,2,1,0,1,1,0,0,0
gated_alive:a_011:250616,a_011,250616,3,9,12,3,6,8,1,6,3
gated_alive:a_011:251299,a_011,251299,0,4,8,2,3,3,0,5,7
gated_alive:a_011:251554,a_011,251554,2,4,8,4,7,13,2,4,2
gated_alive:a_011:252075,a_011,252075,0,4,8,3,6,8,2,4,2
gated_alive:a_011:252767,a_011,252767,3,4,8,1,5,5,1,2,3
gated_alive:a_011:253379,a_011,253379,5,2,1,0,1,1,0,0,0
gated_alive:a_011:253500,a_011,253500,0,4,8,2,3,3,2,5,7
gated_alive:a_011:253724,a_011,253724,2,6,8,3,6,8,2,4,2
gated_alive:a_011:254319,a_011,254319,5,2,1,0,1,1,0,5,7
gated_alive:a_011:255595,a_011,255595,5,2,1,0,1,1,0,0,0
gated_alive:a_011:255776,a_011,255776,5,2,1,0,1,1,0,8,10
gated_alive:a_011:256048,a_011,256048,0,2,1,2,3,3,0,0,0
gated_alive:a_011:256263,a_011,256263,0,5,11,2,3,3,5,7,11
gated_alive:a_011:256358,a_011,256358,5,2,3,0,0,0,0,8,10
gated_alive:a_011:256625,a_011,256625,2,6,2,3,6,8,2,4,2
gated_alive:a_011:257554,a_011,257554,1,0,0,1,2,2,3,1,4
gated_alive:a_011:257746,a_011,257746,5,2,1,0,1,1,0,0,0
gated_alive:a_011:257970,a_011,257970,5,8,13,3,9,12,5,10,16
gated_alive:a_011:258369,a_011,258369,5,2,1,0,1,1,0,0,0
gated_alive:a_012:14,a_012,14,3,9,5,3,6,9,2,6,9
gated_alive:a_012:159,a_012,159,0,4,8,2,3,3,0,5,11
gated_alive:a_012:256,a_012,256,5,2,3,0,1,1,0,7,12
gated_alive:a_012:300,a_012,300,5,2,3,2,3,3,5,7,11
gated_alive:a_012:1192,a_012,1192,5,2,1,0,1,1,0,0,0
gated_alive:a_012:1732,a_012,1732,0,5,11,2,3,3,5,3,11
gated_alive:a_012:1870,a_012,1870,0,2,1,2,3,3,0,5,7
gated_alive:a_012:1928,a_012,1928,0,4,8,2,3,3,2,5,7
gated_alive:a_012:2181,a_012,2181,0,4,3,0,1,1,5,7,11
gated_alive:a_012:2585,a_012,2585,0,5,11,0,1,1,0,0,8
gated_alive:a_012:2956,a_012,2956,5,2,1,0,1,1,0,0,0
gated_alive:a_012:4437,a_012,4437,5,2,3,0,1,1,5,7,11
gated_alive:a_012:4872,a_012,4872,5,2,1,0,1,1,0,0,13
gated_alive:a_012:5382,a_012,5382,5,2,3,0,1,1,0,7,11
gated_alive:a_012:5553,a_012,5553,5,8,6,0,0,6,0,0,15
gated_alive:a_012:5688,a_012,5688,5,2,3,0,1,1,0,7,11
gated_alive:a_012:6112,a_012,6112,4,7,9,5,8,11,6,9,13
gated_alive:a_012:6123,a_012,6123,5,2,3,2,3,3,0,7,11
gated_alive:a_012:6311,a_012,6311,5,8,10,0,0,0,0,8,10
gated_alive:a_012:6634,a_012,6634,2,6,2,4,7,10,2,4,2
gated_alive:a_012:6908,a_012,6908,5,2,1,0,1,1,0,0,0
gated_alive:a_012:7293,a_012,7293,3,9,5,3,6,9,2,6,9
gated_alive:a_012:7684,a_012,7684,5,2,1,0,1,1,0,0,8
gated_alive:a_012:8156,a_012,8156,2,9,5,3,6,9,2,6,9
gated_alive:a_012:8261,a_012,8261,0,5,8,2,3,3,4,3,7
gated_alive:a_012:8798,a_012,8798,5,2,3,3,9,12,5,7,11
gated_alive:a_012:9090,a_012,9090,2,1,7,3,6,8,2,4,2
gated_alive:a_012:9223,a_012,9223,2,1,2,4,7,13,2,4,2
gated_alive:a_012:9259,a_012,9259,5,2,3,0,1,1,0,0,0
gated_alive:a_012:9624,a_012,9624,3,4,8,3,6,8,2,5,7
gated_alive:a_012:9792,a_012,9792,0,5,11,2,3,3,4,3,1
gated_alive:a_012:10151,a_012,10151,5,2,1,0,1,1,0,0,8
gated_alive:a_012:10784,a_012,10784,3,4,12,1,5,5,1,2,3
gated_alive:a_012:10881,a_012,10881,5,2,1,0,1,1,0,0,0
gated_alive:a_012:10886,a_012,10886,3,9,12,3,6,8,1,2,3
gated_alive:a_012:11310,a_012,11310,5,2,1,0,1,1,0,0,0
gated_alive:a_012:11997,a_012,11997,5,2,1,0,1,1,0,0,0
gated_alive:a_012:12033,a_012,12033,3,9,12,1,5,5,1,2,3
gated_alive:a_012:12238,a_012,12238,3,3,4,1,5,5,1,2,3
gated_alive:a_012:12567,a_012,12567,5,2,3,2,3,3,0,0,11
gated_alive:a_012:13538,a_012,13538,2,1,7,4,7,13,2,4,2
gated_alive:a_012:13548,a_012,13548,5,2,1,0,1,1,0,0,8
gated_alive:a_012:13791,a_012,13791,3,9,13,3,9,12,5,10,16
gated_alive:a_012:14598,a_012,14598,0,5,11,2,3,3,4,3,11
gated_alive:a_012:14712,a_012,14712,5,2,1,0,1,1,0,0,0
gated_alive:a_012:15002,a_012,15002,1,4,0,1,5,5,3,1,4
gated_alive:a_012:15648,a_012,15648,0,4,8,3,6,8,2,5,7
gated_alive:a_012:15750,a_012,15750,5,2,1,0,1,1,0,0,0
gated_alive:a_012:16657,a_012,16657,5,2,1,0,1,1,0,0,0
gated_alive:a_012:17268,a_012,17268,3,1,7,1,5,5,1,4,2
gated_alive:a_012:17342,a_012,17342,5,2,3,2,3,3,5,7,11
gated_alive:a_012:17540,a_012,17540,3,9,12,3,6,8,1,6,3
gated_alive:a_012:18197,a_012,18197,5,2,3,0,1,1,0,0,0
gated_alive:a_012:18252,a_012,18252,3,9,12,1,5,5,1,2,3
gated_alive:a_012:18509,a_012,18509,4,7,9,5,8,11,6,9,13
gated_alive:a_012:18535,a_012,18535,5,8,10,3,4,4,0,0,17
gated_alive:a_012:18597,a_012,18597,4,7,9,5,8,11,6,9,13
gated_alive:a_012:19221,a_012,19221,3,9,12,3,6,8,1,6,3
gated_alive:a_012:19239,a_012,19239,5,8,3,0,1,1,0,7,11
gated_alive:a_012:19542,a_012,19542,2,1,7,4,7,13,2,4,2
gated_alive:a_012:19959,a_012,19959,0,4,8,2,3,3,4,5,7
gated_alive:a_012:20237,a_012,20237,5,2,1,0,1,1,0,0,0
gated_alive:a_012:20335,a_012,20335,0,4,8,2,3,3,2,5,7
gated_alive:a_012:20417,a_012,20417,5,9,12,0,1,1,0,0,9
gated_alive:a_012:20982,a_012,20982,5,2,1,0,1,1,0,0,0
gated_alive:a_012:21025,a_012,21025,4,7,9,5,8,11,6,9,13
gated_alive:a_012:21053,a_012,21053,0,4,8,2,3,3,2,5,7
gated_alive:a_012:21314,a_012,21314,0,4,8,3,6,8,2,5,14
gated_alive:a_012:21477,a_012,21477,0,4,8,0,1,1,6,9,13
gated_alive:a_012:21872,a_012,21872,0,5,11,2,3,3,4,3,1
gated_alive:a_012:22582,a_012,22582,5,2,1,0,1,1,0,0,0
gated_alive:a_012:22738,a_012,22738,5,2,1,0,1,1,0,0,0
gated_alive:a_012:23595,a_012,23595,2,6,2,4,7,10,2,4,2
gated_alive:a_012:24170,a_012,24170,0,5,11,2,3,3,4,3,1
gated_alive:a_012:24354,a_012,24354,3,1,7,4,7,13,2,4,2
gated_alive:a_012:24825,a_012,24825,2,1,7,4,7,10,2,4,2
gated_alive:a_012:27024,a_012,27024,5,2,3,0,1,1,5,7,11
gated_alive:a_012:27144,a_012,27144,3,9,12,3,6,8,1,2,3
gated_alive:a_012:27177,a_012,27177,0,5,11,2,3,3,4,3,1
gated_alive:a_012:27589,a_012,27589,3,4,5,3,6,9,2,6,9
gated_alive:a_012:27874,a_012,27874,2,1,7,4,7,13,2,4,2
gated_alive:a_012:27934,a_012,27934,5,2,13,0,1,1,5,10,16
gated_alive:a_012:27936,a_012,27936,0,5,11,0,0,0,4,3,10
gated_alive:a_012:27945,a_012,27945,4,7,9,5,8,11,6,9,13
gated_alive:a_012:28210,a_012,28210,5,2,1,0,1,1,0,0,0
gated_alive:a_012:28587,a_012,28587,5,2,1,0,1,1,0,0,0
gated_alive:a_012:28724,a_012,28724,5,2,3,0,1,1,0,0,0
gated_alive:a_012:29207,a_012,29207,5,2,1,0,1,1,0,0,8
gated_alive:a_012:29305,a_012,29305,0,2,1,0,1,1,0,0,0
gated_alive:a_012:29664,a_012,29664,5,9,3,0,1,1,0,7,11
gated_alive:a_012:29734,a_012,29734,5,8,10,0,1,1,0,0,0
gated_alive:a_012:29739,a_012,29739,2,6,2,0,0,6,0,4,9
gated_alive:a_012:30378,a_012,30378,3,9,12,3,6,8,1,6,3
gated_alive:a_012:30439,a_012,30439,5,2,1,0,1,1,0,0,0
gated_alive:a_012:30770,a_012,30770,3,9,3,0,0,7,5,7,11
gated_alive:a_012:30823,a_012,30823,5,2,1,0,1,1,0,0,0
gated_alive:a_012:31380,a_012,31380,4,7,9,5,8,11,6,9,13
gated_alive:a_012:31482,a_012,31482,5,2,3,0,0,7,0,7,12
gated_alive:a_012:31890,a_012,31890,3,4,8,1,5,5,1,2,3
gated_alive:a_012:31912,a_012,31912,5,1,3,0,1,1,5,7,11
gated_alive:a_012:32052,a_012,32052,5,2,3,0,1,1,0,0,11
gated_alive:a_012:32113,a_012,32113,2,6,2,3,6,9,2,4,2
gated_alive:a_012:32238,a_012,32238,5,2,3,2,3,3,5,7,11
gated_alive:a_012:33513,a_012,33513,0,2,3,2,3,3,5,7,11
gated_alive:a_012:33761,a_012,33761,2,6,8,3,6,8,2,4,2
gated_alive:a_012:34255,a_012,34255,5,2,1,0,1,1,0,0,0
gated_alive:a_012:34478,a_012,34478,2,1,7,4,7,13,2,4,2
gated_alive:a_012:34656,a_012,34656,5,2,1,0,1,1,0,0,13
gated_alive:a_012:34689,a_012,34689,0,4,8,2,3,3,5,7,11
gated_alive:a_012:34761,a_012,34761,0,5,11,2,3,3,4,3,1
gated_alive:a_012:34903,a_012,34903,0,2,8,0,0,7,0,7,12
gated_alive:a_012:34974,a_012,34974,0,2,3,0,0,7,0,7,12
gated_alive:a_012:35322,a_012,35322,2,1,3,4,7,13,5,7,11
gated_alive:a_012:35581,a_012,35581,5,8,3,0,1,1,5,7,11
gated_alive:a_012:36439,a_012,36439,5,2,1,0,1,1,0,0,0
gated_alive:a_012:36485,a_012,36485,2,6,2,4,7,10,2,4,2
gated_alive:a_012:36631,a_012,36631,1,0,0,1,2,2,3,8,10
gated_alive:a_012:36711,a_012,36711,2,1,7,4,7,13,2,4,2
gated_alive:a_012:37940,a_012,37940,4,7,9,5,8,11,6,9,13
gated_alive:a_012:38184,a_012,38184,0,2,1,0,1,1,0,0,0
gated_alive:a_012:38387,a_012,38387,5,2,1,0,1,1,0,0,8
gated_alive:a_012:38455,a_012,38455,5,2,3,0,1,1,5,7,11
gated_alive:a_012:39259,a_012,39259,3,9,12,3,6,8,1,2,3
gated_alive:a_012:39566,a_012,39566,2,6,2,4,7,13,2,4,2
gated_alive:a_012:39593,a_012,39593,5,8,10,0,1,1,0,0,13
gated_alive:a_012:39999,a_012,39999,5,2,1,0,1,1,0,0,0
gated_alive:a_012:40187,a_012,40187,3,3,4,1,5,5,1,2,3
gated_alive:a_012:40538,a_012,40538,2,6,2,3,6,8,2,4,2
gated_alive:a_012:40622,a_012,40622,3,9,12,3,6,8,1,2,3
gated_alive:a_012:40713,a_012,40713,0,2,3,2,3,3,5,7,11
gated_alive:a_012:41455,a_012,41455,2,1,3,0,1,1,5,7,11
gated_alive:a_012:41650,a_012,41650,2,8,10,0,0,6,0,0,9
gated_alive:a_012:42263,a_012,42263,5,2,1,0,1,1,0,0,8
gated_alive:a_012:42358,a_012,42358,3,9,12,1,5,5,3,1,3
gated_alive:a_012:42508,a_012,42508,5,2,1,0,1,1,0,0,0
gated_alive:a_012:42762,a_012,42762,3,3,4,3,6,8,1,2,3
gated_alive:a_012:42895,a_012,42895,2,6,2,4,7,10,2,4,2
gated_alive:a_012:43150,a_012,43150,2,6,5,4,7,13,2,6,9
gated_alive:a_012:44425,a_012,44425,5,8,10,0,0,6,0,6,9
gated_alive:a_012:44499,a_012,44499,3,3,4,1,5,5,1,2,5
gated_alive:a_012:44524,a_012,44524,2,4,8,4,7,13,2,4,2
gated_alive:a_012:44992,a_012,44992,3,4,8,3,6,8,1,6,3
gated_alive:a_012:45197,a_012,45197,5,2,3,2,3,3,5,7,11
gated_alive:a_012:45504,a_012,45504,5,2,1,0,1,1,0,0,0
gated_alive:a_012:45909,a_012,45909,0,2,1,0,1,1,0,0,0
gated_alive:a_012:45982,a_012,45982,5,2,3,0,1,1,0,0,0
gated_alive:a_012:46106,a_012,46106,5,2,13,3,9,12,5,10,16
gated_alive:a_012:46232,a_012,46232,5,2,1,0,1,1,0,0,0
gated_alive:a_012:46790,a_012,46790,0,2,3,2,3,3,5,7,11
gated_alive:a_012:46916,a_012,46916,5,2,1,0,1,1,0,0,8
gated_alive:a_012:46978,a_012,46978,3,9,12,0,1,1,1,7,12
gated_alive:a_012:46981,a_012,46981,0,4,8,2,3,3,2,5,7
gated_alive:a_012:47257,a_012,47257,3,9,13,3,9,12,5,10,16
gated_alive:a_012:47263,a_012,47263,3,3,4,1,5,5,1,2,5
gated_alive:a_012:47272,a_012,47272,5,2,1,0,0,0,0,8,10
gated_alive:a_012:47552,a_012,47552,0,2,1,0,1,1,0,0,7
gated_alive:a_012:47726,a_012,47726,1,0,0,1,5,5,3,1,3
gated_alive:a_012:47733,a_012,47733,5,2,1,0,1,1,0,0,8
gated_alive:a_012:47855,a_012,47855,5,2,13,3,9,12,5,10,16
gated_alive:a_012:47889,a_012,47889,0,5,11,2,3,3,4,3,1
gated_alive:a_012:47937,a_012,47937,0,5,11,2,3,3,4,3,1
gated_alive:a_012:48147,a_012,48147,5,2,1,0,1,1,0,0,0
gated_alive:a_012:48248,a_012,48248,3,4,8,3,6,8,1,2,3
gated_alive:a_012:49608,a_012,49608,5,2,1,0,1,1,0,0,0
gated_alive:a_012:49905,a_012,49905,4,7,9,5,8,11,6,9,13
gated_alive:a_012:50385,a_012,50385,5,2,1,0,1,1,0,0,0
gated_alive:a_012:50957,a_012,50957,2,8,10,0,0,6,2,6,9
gated_alive:a_012:51180,a_012,51180,3,3,4,1,5,5,1,2,3
gated_alive:a_012:51758,a_012,51758,3,9,12,1,5,5,1,2,3
gated_alive:a_012:51978,a_012,51978,3,9,4,3,6,8,1,2,3
gated_alive:a_012:52287,a_012,52287,5,2,13,3,9,12,5,10,16
gated_alive:a_012:52806,a_012,52806,1,0,0,1,2,2,3,1,4
gated_alive:a_012:53379,a_012,53379,3,9,5,3,6,9,2,6,9
gated_alive:a_012:54222,a_012,54222,5,8,10,0,1,1,0,0,8
gated_alive:a_012:54535,a_012,54535,3,4,8,1,5,5,1,2,3
gated_alive:a_012:54972,a_012,54972,5,2,3,0,1,1,0,0,0
gated_alive:a_012:55641,a_012,55641,5,2,1,0,1,1,0,0,0
gated_alive:a_012:55652,a_012,55652,0,2,8,2,3,3,0,5,7
gated_alive:a_012:55898,a_012,55898,1,0,0,1,2,2,3,1,6
gated_alive:a_012:57298,a_012,57298,1,0,0,1,2,2,3,1,6
gated_alive:a_012:57460,a_012,57460,0,5,11,0,1,1,4,3,1
gated_alive:a_012:58131,a_012,58131,5,9,12,0,1,1,0,6,0
gated_alive:a_012:58145,a_012,58145,0,5,11,2,3,3,4,3,1
gated_alive:a_012:58152,a_012,58152,0,4,0,0,1,1,0,5,7
gated_alive:a_012:58809,a_012,58809,3,9,12,3,4,4,3,1,17
gated_alive:a_012:59180,a_012,59180,5,2,1,0,1,1,0,0,0
gated_alive:a_012:59707,a_012,59707,3,9,12,3,6,8,1,2,3
gated_alive:a_012:60112,a_012,60112,5,8,10,0,0,7,0,7,12
gated_alive:a_012:60466,a_012,60466,5,2,1,0,1,1,0,0,0
gated_alive:a_012:61662,a_012,61662,3,9,12,1,5,5,1,2,3
gated_alive:a_012:62601,a_012,62601,2,6,2,4,7,13,2,4,2
gated_alive:a_012:62806,a_012,62806,5,8,3,0,1,1,0,0,8
gated_alive:a_012:62932,a_012,62932,5,2,3,2,3,3,5,7,11
gated_alive:a_012:63780,a_012,63780,0,5,11,2,3,3,4,3,1
gated_alive:a_012:63785,a_012,63785,5,2,13,3,9,12,5,10,16
gated_alive:a_012:63834,a_012,63834,3,9,12,1,5,5,1,2,5
gated_alive:a_012:64355,a_012,64355,5,2,1,0,1,1,0,0,0
gated_alive:a_012:64466,a_012,64466,5,8,10,0,1,1,0,0,0
gated_alive:a_012:64651,a_012,64651,3,9,12,3,6,8,1,6,3
gated_alive:a_012:65363,a_012,65363,5,2,3,2,3,3,5,7,11
gated_alive:a_012:66102,a_012,66102,5,8,10,0,1,1,0,0,8
gated_alive:a_012:66163,a_012,66163,4,7,9,5,8,11,6,9,13
gated_alive:a_012:66588,a_012,66588,0,5,11,2,3,3,4,3,1
gated_alive:a_012:66703,a_012,66703,5,8,3,0,1,1,0,7,11
gated_alive:a_012:67010,a_012,67010,3,4,8,3,6,8,1,2,3
gated_alive:a_012:67800,a_012,67800,3,9,12,5,8,11,1,1,3
gated_alive:a_012:68380,a_012,68380,5,8,5,3,6,8,0,0,9
gated_alive:a_012:69057,a_012,69057,3,3,4,1,5,5,1,2,3
gated_alive:a_012:69866,a_012,69866,5,2,3,2,3,3,5,7,11
gated_alive:a_012:70141,a_012,70141,0,2,13,3,9,12,5,10,16
gated_alive:a_012:70566,a_012,70566,3,9,4,3,6,8,1,2,3
gated_alive:a_012:70588,a_012,70588,5,8,10,3,4,4,0,0,17
gated_alive:a_012:70788,a_012,70788,5,8,10,0,0,6,0,0,0
gated_alive:a_012:70832,a_012,70832,1,0,0,1,5,5,3,1,4
gated_alive:a_012:71396,a_012,71396,2,1,7,4,7,13,2,4,2
gated_alive:a_012:71428,a_012,71428,4,7,9,5,8,11,6,9,13
gated_alive:a_012:71703,a_012,71703,5,2,1,0,1,1,0,0,0
gated_alive:a_012:71890,a_012,71890,5,2,3,2,3,3,5,7,11
gated_alive:a_012:71897,a_012,71897,5,2,3,3,9,12,5,7,11
gated_alive:a_012:72291,a_012,72291,5,2,1,0,1,1,0,0,0
gated_alive:a_012:72458,a_012,72458,5,2,3,2,3,3,5,7,11
gated_alive:a_012:72654,a_012,72654,2,1,3,2,3,3,5,7,11
gated_alive:a_012:72719,a_012,72719,2,6,2,4,7,10,2,4,2
gated_alive:a_012:73482,a_012,73482,5,8,10,0,1,1,0,0,0
gated_alive:a_012:74309,a_012,74309,3,9,12,3,6,8,1,4,3
gated_alive:a_012:74864,a_012,74864,5,8,3,0,1,1,0,0,8
gated_alive:a_012:74960,a_012,74960,5,8,10,0,1,1,0,0,0
gated_alive:a_012:75450,a_012,75450,5,2,1,0,1,1,0,0,0
gated_alive:a_012:75998,a_012,75998,3,3,6,1,2,2,3,8,10
gated_alive:a_012:76362,a_012,76362,2,6,2,4,7,10,2,4,2
gated_alive:a_012:76431,a_012,76431,5,2,3,0,1,1,0,7,11
gated_alive:a_012:76920,a_012,76920,5,8,10,0,0,6,0,4,2
gated_alive:a_012:76953,a_012,76953,5,2,1,0,1,1,0,0,0
gated_alive:a_012:77136,a_012,77136,3,9,12,1,5,5,1,6,3
gated_alive:a_012:77788,a_012,77788,1,4,0,1,5,5,3,1,4
gated_alive:a_012:77999,a_012,77999,5,2,1,0,1,1,0,0,0
gated_alive:a_012:78981,a_012,78981,4,7,9,5,8,11,6,9,13
gated_alive:a_012:80277,a_012,80277,5,2,1,0,1,1,0,0,0
gated_alive:a_012:80432,a_012,80432,5,2,1,0,1,1,0,0,0
gated_alive:a_012:80578,a_012,80578,5,2,1,0,1,1,0,0,0
gated_alive:a_012:81101,a_012,81101,5,2,1,0,1,1,0,0,0
gated_alive:a_012:81942,a_012,81942,5,2,1,0,1,1,0,0,0
gated_alive:a_012:81986,a_012,81986,5,2,1,0,1,1,0,0,0
gated_alive:a_012:82129,a_012,82129,5,8,3,2,3,3,5,7,11
gated_alive:a_012:82163,a_012,82163,5,2,1,0,1,1,0,0,0
gated_alive:a_012:83293,a_012,83293,1,0,0,1,5,5,3,1,4
gated_alive:a_012:83498,a_012,83498,5,8,3,0,0,6,5,7,11
gated_alive:a_012:83893,a_012,83893,5,2,1,0,0,6,0,0,0
gated_alive:a_012:84098,a_012,84098,5,2,1,0,1,1,0,0,8
gated_alive:a_012:84407,a_012,84407,0,5,11,2,3,3,4,3,1
gated_alive:a_012:85713,a_012,85713,3,9,12,3,6,8,1,6,3
gated_alive:a_012:85829,a_012,85829,5,2,1,0,1,1,0,0,0
gated_alive:a_012:85867,a_012,85867,3,9,13,3,9,12,5,10,16
gated_alive:a_012:85892,a_012,85892,3,9,12,3,6,8,1,6,3
gated_alive:a_012:86063,a_012,86063,3,9,12,3,6,8,1,2,3
gated_alive:a_012:86203,a_012,86203,2,6,2,4,7,10,2,4,2
gated_alive:a_012:86316,a_012,86316,3,9,12,1,5,5,1,4,3
gated_alive:a_012:86935,a_012,86935,3,9,12,1,5,5,1,6,3
gated_alive:a_012:87274,a_012,87274,5,2,1,0,1,1,0,0,0
gated_alive:a_012:88451,a_012,88451,0,2,3,2,3,3,5,7,11
gated_alive:a_012:88803,a_012,88803,1,9,12,1,5,5,3,1,3
gated_alive:a_012:89742,a_012,89742,0,4,8,2,3,3,5,7,11
gated_alive:a_012:90323,a_012,90323,0,2,3,2,3,3,5,7,11
gated_alive:a_012:90730,a_012,90730,0,4,8,3,6,8,2,4,2
gated_alive:a_012:90942,a_012,90942,4,7,9,3,9,12,6,9,13
gated_alive:a_012:91386,a_012,91386,5,2,3,2,3,3,5,7,11
gated_alive:a_012:91898,a_012,91898,5,2,1,0,1,1,0,0,0
gated_alive:a_012:92824,a_012,92824,2,1,13,3,9,12,2,4,2
gated_alive:a_012:93038,a_012,93038,2,6,2,3,6,8,2,4,2
gated_alive:a_012:93070,a_012,93070,5,2,1,0,1,1,0,0,13
gated_alive:a_012:93790,a_012,93790,0,5,11,2,3,3,4,3,1
gated_alive:a_012:93991,a_012,93991,2,1,7,4,7,13,2,4,2
gated_alive:a_012:94073,a_012,94073,3,3,4,1,5,5,1,2,3
gated_alive:a_012:94170,a_012,94170,3,4,8,1,5,5,1,2,3
gated_alive:a_012:94256,a_012,94256,5,8,10,0,1,1,0,6,9
gated_alive:a_012:94344,a_012,94344,0,4,8,2,3,3,4,3,1
gated_alive:a_012:94369,a_012,94369,3,9,12,1,5,5,1,2,3
gated_alive:a_012:94470,a_012,94470,3,9,12,0,1,1,1,2,3
gated_alive:a_012:94659,a_012,94659,0,4,8,1,5,5,0,0,7
gated_alive:a_012:95287,a_012,95287,2,9,5,3,6,9,2,6,9
gated_alive:a_012:95563,a_012,95563,3,9,12,3,6,8,1,2,3
gated_alive:a_012:96121,a_012,96121,3,9,12,1,5,5,1,6,3
gated_alive:a_012:96452,a_012,96452,1,4,0,1,2,2,3,1,4
gated_alive:a_012:96855,a_012,96855,5,2,1,0,1,1,0,0,0
gated_alive:a_012:96879,a_012,96879,5,2,1,0,0,0,0,0,10
gated_alive:a_012:96984,a_012,96984,2,6,5,3,6,9,2,6,9
gated_alive:a_012:97178,a_012,97178,3,9,12,1,5,5,1,2,3
gated_alive:a_012:97285,a_012,97285,5,8,10,0,1,1,0,0,8
gated_alive:a_012:98036,a_012,98036,3,9,12,3,6,9,1,6,3
gated_alive:a_012:98432,a_012,98432,5,8,3,0,0,6,0,0,0
gated_alive:a_012:98695,a_012,98695,5,2,3,2,3,3,5,7,11
gated_alive:a_012:99065,a_012,99065,3,9,12,1,5,5,3,1,3
gated_alive:a_012:99490,a_012,99490,5,2,1,0,0,0,0,8,10
gated_alive:a_012:99798,a_012,99798,1,4,0,1,2,2,3,1,4
gated_alive:a_012:100530,a_012,100530,3,9,12,3,6,8,1,2,3
gated_alive:a_012:101038,a_012,101038,2,6,2,4,7,10,2,4,2
gated_alive:a_012:101139,a_012,101139,0,5,11,0,1,1,0,0,8
gated_alive:a_012:101626,a_012,101626,0,5,3,3,4,4,0,0,17
gated_alive:a_012:101705,a_012,101705,0,2,3,2,3,3,5,7,11
gated_alive:a_012:101939,a_012,101939,0,4,8,2,3,3,0,5,7
gated_alive:a_012:102185,a_012,102185,5,2,1,0,1,1,0,0,8
gated_alive:a_012:102628,a_012,102628,5,2,1,0,1,1,0,0,7
gated_alive:a_012:102726,a_012,102726,3,4,8,2,3,3,1,2,3
gated_alive:a_012:102887,a_012,102887,1,0,0,1,2,2,3,1,6
gated_alive:a_012:102939,a_012,102939,2,1,7,4,7,13,2,4,2
gated_alive:a_012:103581,a_012,103581,0,5,11,2,3,3,4,3,1
gated_alive:a_012:103597,a_012,103597,5,8,3,0,1,1,0,7,11
gated_alive:a_012:105278,a_012,105278,2,1,7,4,7,13,1,2,3
gated_alive:a_012:105570,a_012,105570,1,0,0,1,2,2,3,1,4
gated_alive:a_012:105940,a_012,105940,5,2,1,0,1,1,0,0,9
gated_alive:a_012:106371,a_012,106371,3,9,12,1,5,5,1,2,3
gated_alive:a_012:106861,a_012,106861,0,4,8,2,3,3,5,7,11
gated_alive:a_012:106959,a_012,106959,3,9,12,1,5,5,1,2,3
gated_alive:a_012:107190,a_012,107190,5,2,1,0,1,1,0,0,8
gated_alive:a_012:107926,a_012,107926,0,4,8,2,3,3,2,5,7
gated_alive:a_012:107995,a_012,107995,3,3,4,1,5,5,1,2,5
gated_alive:a_012:108429,a_012,108429,5,2,3,2,3,3,5,7,11
gated_alive:a_012:108435,a_012,108435,0,2,1,0,1,1,0,0,7
gated_alive:a_012:108560,a_012,108560,5,2,1,0,1,1,0,0,0
gated_alive:a_012:108815,a_012,108815,5,2,1,0,1,1,0,0,0
gated_alive:a_012:109028,a_012,109028,4,7,9,5,8,11,6,9,13
gated_alive:a_012:109268,a_012,109268,2,6,2,4,7,13,2,4,2
gated_alive:a_012:109905,a_012,109905,3,9,12,1,5,5,1,2,3
gated_alive:a_012:110415,a_012,110415,5,2,1,0,1,1,0,0,0
gated_alive:a_012:111118,a_012,111118,3,9,12,1,5,5,1,2,3
gated_alive:a_012:113134,a_012,113134,5,2,3,2,3,3,0,7,11
gated_alive:a_012:113503,a_012,113503,1,4,0,1,2,2,3,1,4
gated_alive:a_012:114329,a_012,114329,5,8,10,0,1,1,0,6,9
gated_alive:a_012:114824,a_012,114824,5,2,1,0,1,1,0,0,8
gated_alive:a_012:114923,a_012,114923,3,9,12,3,6,8,1,2,3
gated_alive:a_012:114943,a_012,114943,0,2,3,2,3,3,5,7,11
gated_alive:a_012:115811,a_012,115811,1,4,13,3,9,12,5,10,16
gated_alive:a_012:115979,a_012,115979,3,4,12,1,5,5,1,2,3
gated_alive:a_012:116236,a_012,116236,5,2,3,0,1,1,0,0,0
gated_alive:a_012:116496,a_012,116496,5,2,1,0,0,0,0,8,10
gated_alive:a_012:116573,a_012,116573,0,4,8,2,3,3,2,5,7
gated_alive:a_012:116790,a_012,116790,1,4,0,1,5,5,1,4,2
gated_alive:a_012:117428,a_012,117428,3,4,4,2,3,3,1,2,3
gated_alive:a_012:117493,a_012,117493,3,9,12,1,5,5,1,2,3
gated_alive:a_012:117715,a_012,117715,1,0,0,1,5,5,3,1,3
gated_alive:a_012:117741,a_012,117741,5,2,1,0,1,1,0,0,0
gated_alive:a_012:118005,a_012,118005,5,2,1,0,1,1,0,0,0
gated_alive:a_012:118496,a_012,118496,0,5,11,2,3,3,4,3,1
gated_alive:a_012:119460,a_012,119460,4,7,9,5,8,11,6,9,13
gated_alive:a_012:119548,a_012,119548,5,2,1,0,1,1,0,0,0
gated_alive:a_012:119609,a_012,119609,5,2,1,0,1,1,0,0,0
gated_alive:a_012:119725,a_012,119725,5,2,1,0,1,1,0,0,0
gated_alive:a_012:120280,a_012,120280,0,5,11,2,3,3,4,3,1
gated_alive:a_012:120392,a_012,120392,0,4,8,2,3,3,0,5,7
gated_alive:a_012:120646,a_012,120646,1,4,8,3,6,8,3,5,7
gated_alive:a_012:120883,a_012,120883,5,8,13,3,9,12,5,10,16
gated_alive:a_012:121062,a_012,121062,5,2,1,0,0,7,0,7,12
gated_alive:a_012:121560,a_012,121560,3,4,12,1,5,5,1,1,3
gated_alive:a_012:123657,a_012,123657,3,9,4,1,5,5,1,2,3
gated_alive:a_012:124086,a_012,124086,3,4,5,3,6,9,2,6,9
gated_alive:a_012:124752,a_012,124752,2,1,7,4,7,13,2,4,2
gated_alive:a_012:124770,a_012,124770,5,2,1,0,1,1,0,0,0
gated_alive:a_012:124937,a_012,124937,5,2,1,0,1,1,0,0,0
gated_alive:a_012:125271,a_012,125271,5,2,1,0,1,1,0,0,0
gated_alive:a_012:125532,a_012,125532,0,2,1,2,3,3,0,0,8
gated_alive:a_012:125739,a_012,125739,0,5,3,4,7,13,2,4,2
gated_alive:a_012:125979,a_012,125979,0,4,8,3,4,4,0,0,17
gated_alive:a_012:126735,a_012,126735,3,9,12,0,1,1,0,6,9
gated_alive:a_012:127443,a_012,127443,0,2,3,2,3,3,5,7,11
gated_alive:a_012:127483,a_012,127483,1,4,0,1,5,5,3,1,4
gated_alive:a_012:127937,a_012,127937,0,2,1,0,1,1,0,0,10
gated_alive:a_012:128896,a_012,128896,5,2,1,0,1,1,0,0,0
gated_alive:a_012:130144,a_012,130144,0,4,8,2,3,3,4,5,7
gated_alive:a_012:130173,a_012,130173,5,2,3,2,3,3,5,7,11
gated_alive:a_012:130338,a_012,130338,5,8,3,0,0,7,0,7,12
gated_alive:a_012:130776,a_012,130776,0,5,11,2,3,3,4,3,1
gated_alive:a_012:130916,a_012,130916,0,5,11,2,3,3,4,3,1
gated_alive:a_012:131251,a_012,131251,0,4,8,2,3,3,2,5,7
gated_alive:a_012:131354,a_012,131354,5,8,3,4,7,13,0,7,11
gated_alive:a_012:132752,a_012,132752,5,8,10,0,1,1,0,0,0
gated_alive:a_012:132979,a_012,132979,5,2,3,0,1,1,0,0,0
gated_alive:a_012:133089,a_012,133089,5,2,1,0,1,1,0,0,0
gated_alive:a_012:133358,a_012,133358,5,2,3,0,1,1,0,0,0
gated_alive:a_012:134016,a_012,134016,5,2,13,3,9,12,5,7,11
gated_alive:a_012:134346,a_012,134346,5,2,3,2,3,3,5,7,11
gated_alive:a_012:134397,a_012,134397,2,6,3,4,7,10,2,7,11
gated_alive:a_012:134877,a_012,134877,5,2,1,0,1,1,0,0,8
gated_alive:a_012:135192,a_012,135192,2,9,5,3,9,12,2,6,9
gated_alive:a_012:136510,a_012,136510,2,1,7,5,8,11,2,4,2
gated_alive:a_012:136989,a_012,136989,5,2,1,0,0,0,0,8,10
gated_alive:a_012:137927,a_012,137927,5,2,1,0,1,1,0,0,0
gated_alive:a_012:138552,a_012,138552,0,4,8,0,0,0,4,8,10
gated_alive:a_012:138959,a_012,138959,0,2,1,2,3,3,0,5,7
gated_alive:a_012:139564,a_012,139564,2,1,3,3,9,12,5,7,11
gated_alive:a_012:140063,a_012,140063,5,2,3,2,3,3,0,0,11
gated_alive:a_012:141418,a_012,141418,5,2,3,2,3,3,0,7,11
gated_alive:a_012:141524,a_012,141524,5,2,1,0,1,1,0,0,0
gated_alive:a_012:142030,a_012,142030,3,9,12,3,6,8,1,6,3
gated_alive:a_012:142649,a_012,142649,5,2,1,0,1,1,0,0,8
gated_alive:a_012:142743,a_012,142743,5,2,1,2,3,3,4,3,1
gated_alive:a_012:142847,a_012,142847,5,2,1,0,1,1,0,0,8
gated_alive:a_012:143099,a_012,143099,5,2,3,2,3,3,5,7,11
gated_alive:a_012:143107,a_012,143107,2,6,2,4,7,10,2,4,2
gated_alive:a_012:143125,a_012,143125,0,4,8,1,5,5,1,2,3
gated_alive:a_012:143790,a_012,143790,2,1,7,4,7,13,2,4,2
gated_alive:a_012:144072,a_012,144072,1,4,8,3,6,8,3,1,3
gated_alive:a_012:144106,a_012,144106,0,4,8,2,3,3,0,3,11
gated_alive:a_012:144378,a_012,144378,5,2,1,0,1,1,0,0,0
gated_alive:a_012:144416,a_012,144416,3,4,8,3,6,8,1,1,3
gated_alive:a_012:144708,a_012,144708,5,2,3,0,0,7,0,7,12
gated_alive:a_012:145041,a_012,145041,4,7,9,5,8,11,6,9,13
gated_alive:a_012:145088,a_012,145088,0,2,1,0,1,1,0,0,0
gated_alive:a_012:146403,a_012,146403,5,2,1,3,4,4,0,0,17
gated_alive:a_012:146657,a_012,146657,5,2,1,0,0,6,0,0,0
gated_alive:a_012:147596,a_012,147596,3,9,12,1,5,5,1,6,3
gated_alive:a_012:147757,a_012,147757,2,1,7,4,7,13,2,4,2
gated_alive:a_012:147934,a_012,147934,5,2,1,0,1,1,0,0,0
gated_alive:a_012:150613,a_012,150613,5,2,1,0,1,1,0,0,0
gated_alive:a_012:151095,a_012,151095,0,5,11,2,3,3,4,3,1
gated_alive:a_012:151690,a_012,151690,5,8,10,0,0,6,0,0,0
gated_alive:a_012:152093,a_012,152093,0,4,8,3,6,8,2,5,7
gated_alive:a_012:152260,a_012,152260,0,2,1,0,1,1,0,0,0
gated_alive:a_012:152492,a_012,152492,2,1,7,4,7,13,2,4,2
gated_alive:a_012:152700,a_012,152700,0,4,8,0,1,1,0,5,7
gated_alive:a_012:152812,a_012,152812,5,2,1,0,0,7,0,7,12
gated_alive:a_012:153382,a_012,153382,1,4,0,3,6,8,3,1,4
gated_alive:a_012:153553,a_012,153553,0,5,8,2,3,3,5,3,11
gated_alive:a_012:153655,a_012,153655,2,6,13,3,9,12,5,10,16
gated_alive:a_012:153680,a_012,153680,3,3,4,1,5,5,1,2,3
gated_alive:a_012:154857,a_012,154857,5,2,1,0,1,1,0,0,0
gated_alive:a_012:154908,a_012,154908,1,0,0,1,5,5,3,1,12
gated_alive:a_012:155073,a_012,155073,5,2,1,0,1,1,0,0,0
gated_alive:a_012:155312,a_012,155312,1,0,12,1,2,2,1,6,3
gated_alive:a_012:156139,a_012,156139,0,4,8,0,1,1,0,5,7
gated_alive:a_012:156571,a_012,156571,5,8,10,0,1,1,0,0,8
gated_alive:a_012:156712,a_012,156712,3,4,8,1,5,5,1,5,4
gated_alive:a_012:157511,a_012,157511,5,2,1,0,1,1,0,0,0
gated_alive:a_012:157869,a_012,157869,3,3,4,1,5,5,1,2,3
gated_alive:a_012:159511,a_012,159511,5,2,1,0,0,7,0,7,12
gated_alive:a_012:160378,a_012,160378,4,7,9,5,8,11,6,9,13
gated_alive:a_012:161055,a_012,161055,5,2,1,0,1,1,0,0,0
gated_alive:a_012:161282,a_012,161282,5,8,10,0,0,6,0,0,9
gated_alive:a_012:161526,a_012,161526,5,2,1,0,1,1,0,0,0
gated_alive:a_012:161528,a_012,161528,5,2,1,0,1,1,0,0,0
gated_alive:a_012:162107,a_012,162107,5,2,1,0,1,1,0,0,13
gated_alive:a_012:162233,a_012,162233,0,5,11,2,3,3,4,3,1
gated_alive:a_012:162443,a_012,162443,4,7,9,5,8,11,6,9,13
gated_alive:a_012:163269,a_012,163269,5,2,1,0,1,1,0,0,0
gated_alive:a_012:163294,a_012,163294,3,4,4,1,5,5,1,2,3
gated_alive:a_012:164343,a_012,164343,5,2,3,2,3,3,5,7,11
gated_alive:a_012:164446,a_012,164446,5,2,1,0,1,1,0,0,0
gated_alive:a_012:164605,a_012,164605,0,2,1,0,1,1,0,0,7
gated_alive:a_012:164704,a_012,164704,5,2,1,0,1,1,0,0,0
gated_alive:a_012:164954,a_012,164954,4,7,9,5,8,11,6,9,13
gated_alive:a_012:165022,a_012,165022,5,2,1,0,1,1,0,0,0
gated_alive:a_012:166013,a_012,166013,5,2,1,0,0,0,0,0,8
gated_alive:a_012:166448,a_012,166448,5,2,1,0,0,7,0,0,0
gated_alive:a_012:166935,a_012,166935,5,2,1,0,1,1,0,0,0
gated_alive:a_012:166936,a_012,166936,0,5,11,2,3,3,5,3,11
gated_alive:a_012:167274,a_012,167274,1,0,0,1,2,2,3,1,6
gated_alive:a_012:167915,a_012,167915,5,2,1,0,1,1,0,0,0
gated_alive:a_012:168076,a_012,168076,0,2,1,0,1,1,0,0,0
gated_alive:a_012:168563,a_012,168563,5,2,1,0,1,1,0,0,0
gated_alive:a_012:168681,a_012,168681,5,2,1,0,1,1,0,0,0
gated_alive:a_012:169514,a_012,169514,2,1,7,4,7,13,2,4,2
gated_alive:a_012:170114,a_012,170114,5,2,3,0,0,7,0,7,12
gated_alive:a_012:170408,a_012,170408,0,4,8,0,0,7,2,7,12
gated_alive:a_012:170999,a_012,170999,2,1,7,4,7,13,5,7,11
gated_alive:a_012:171108,a_012,171108,5,2,1,0,1,1,0,0,0
gated_alive:a_012:171307,a_012,171307,0,2,3,2,3,3,5,7,11
gated_alive:a_012:171567,a_012,171567,3,9,12,1,5,5,1,2,3
gated_alive:a_012:172034,a_012,172034,3,9,12,2,3,3,1,2,3
gated_alive:a_012:172287,a_012,172287,4,7,9,5,8,11,6,9,13
gated_alive:a_012:173053,a_012,173053,3,4,8,3,6,8,2,5,7
gated_alive:a_012:173430,a_012,173430,5,2,1,0,1,1,0,0,8
gated_alive:a_012:174900,a_012,174900,0,5,11,2,3,3,4,3,1
gated_alive:a_012:176487,a_012,176487,0,2,1,0,1,1,0,7,12
gated_alive:a_012:176689,a_012,176689,2,9,12,4,7,10,1,2,3
gated_alive:a_012:177095,a_012,177095,3,4,8,1,5,5,2,5,7
gated_alive:a_012:177229,a_012,177229,5,2,1,0,1,1,0,0,0
gated_alive:a_012:177956,a_012,177956,3,9,12,1,5,5,1,6,3
gated_alive:a_012:178263,a_012,178263,5,2,1,0,1,1,0,0,8
gated_alive:a_012:179312,a_012,179312,0,2,1,0,1,1,0,0,0
gated_alive:a_012:179434,a_012,179434,0,4,8,2,3,3,0,5,7
gated_alive:a_012:179580,a_012,179580,5,2,1,0,1,1,0,0,0
gated_alive:a_012:179603,a_012,179603,0,2,1,0,1,1,0,0,0
gated_alive:a_012:179681,a_012,179681,5,8,10,0,1,1,0,8,10
gated_alive:a_012:179805,a_012,179805,0,5,11,2,3,3,4,3,1
gated_alive:a_012:180091,a_012,180091,5,2,1,0,1,1,0,0,0
gated_alive:a_012:180630,a_012,180630,3,3,4,1,5,5,1,2,3
gated_alive:a_012:180767,a_012,180767,5,2,1,0,1,1,0,0,0
gated_alive:a_012:180919,a_012,180919,3,4,8,1,5,5,1,2,3
gated_alive:a_012:182458,a_012,182458,3,4,8,1,5,5,1,2,3
gated_alive:a_012:182793,a_012,182793,0,4,8,3,6,8,2,5,7
gated_alive:a_012:183482,a_012,183482,0,5,11,2,3,3,4,3,1
gated_alive:a_012:183486,a_012,183486,2,1,7,4,7,13,2,4,2
gated_alive:a_012:183565,a_012,183565,0,2,3,2,3,3,5,7,11
gated_alive:a_012:183873,a_012,183873,0,4,5,4,7,13,2,4,2
gated_alive:a_012:184012,a_012,184012,5,2,1,2,3,3,0,0,0
gated_alive:a_012:184015,a_012,184015,1,4,0,1,5,5,3,1,4
gated_alive:a_012:184254,a_012,184254,5,2,1,0,1,1,0,0,0
gated_alive:a_012:184816,a_012,184816,0,2,8,2,3,3,5,7,11
gated_alive:a_012:185277,a_012,185277,1,4,0,2,3,3,3,1,4
gated_alive:a_012:185656,a_012,185656,0,2,1,0,1,1,0,0,0
gated_alive:a_012:186204,a_012,186204,5,8,10,0,1,1,0,8,10
gated_alive:a_1a:73,a_1a,73,1,0,6,1,2,2,3,1,6
gated_alive:a_1a:120,a_1a,120,1,0,13,3,9,12,5,10,16
gated_alive:a_1a:199,a_1a,199,4,7,9,5,8,11,6,9,13
gated_alive:a_1a:353,a_1a,353,0,4,8,0,1,1,0,5,7
gated_alive:a_1a:449,a_1a,449,5,2,1,0,1,1,0,0,0
gated_alive:a_1a:812,a_1a,812,5,2,1,0,1,1,0,0,0
gated_alive:a_1a:1251,a_1a,1251,3,3,4,1,5,5,1,2,5
gated_alive:a_1a:1306,a_1a,1306,2,1,7,1,5,5,2,4,2
gated_alive:a_1a:1387,a_1a,1387,1,0,0,1,2,2,3,1,6
gated_alive:a_1a:1455,a_1a,1455,3,3,4,1,5,5,1,2,5
gated_alive:a_1a:1513,a_1a,1513,3,3,4,1,5,5,1,2,5
gated_alive:a_1a:1760,a_1a,1760,4,7,9,5,8,11,6,9,13
gated_alive:a_1a:2116,a_1a,2116,5,2,1,0,1,1,0,0,10
gated_alive:a_1a:2147,a_1a,2147,1,0,6,1,2,2,3,1,6
gated_alive:a_1a:2769,a_1a,2769,5,8,10,0,0,6,0,8,12
gated_alive:a_1a:2805,a_1a,2805,3,3,4,3,4,4,3,1,17
gated_alive:a_1a:3092,a_1a,3092,5,8,10,0,0,6,0,0,8
gated_alive:a_1a:4846,a_1a,4846,1,3,6,1,5,5,3,1,6
gated_alive:a_1a:5050,a_1a,5050,2,6,2,4,7,10,2,4,2
gated_alive:a_1a:5162,a_1a,5162,1,0,6,1,2,2,3,8,10
gated_alive:a_1a:5716,a_1a,5716,1,5,6,0,0,6,4,3,15
gated_alive:a_1a:5942,a_1a,5942,3,3,4,1,5,5,1,2,5
gated_alive:a_1a:6046,a_1a,6046,1,0,6,1,2,2,3,8,10
gated_alive:a_1a:6055,a_1a,6055,3,3,4,1,5,5,1,2,5
gated_alive:a_1a:6301,a_1a,6301,1,0,6,1,2,2,3,1,6
gated_alive:a_1a:6732,a_1a,6732,1,0,6,1,2,2,3,1,6
gated_alive:a_1a:7042,a_1a,7042,1,0,6,1,2,2,3,1,6
gated_alive:a_1a:7228,a_1a,7228,5,2,1,0,1,1,0,0,0
gated_alive:a_1a:7293,a_1a,7293,5,8,10,0,0,0,4,8,10
gated_alive:a_1a:7296,a_1a,7296,5,2,1,0,1,1,0,0,0
gated_alive:a_1a:7381,a_1a,7381,3,3,4,1,5,5,1,2,5
gated_alive:a_1a:7696,a_1a,7696,1,0,6,1,2,2,3,1,6
gated_alive:a_1a:8226,a_1a,8226,1,0,6,1,2,2,3,1,6
gated_alive:a_1a:8541,a_1a,8541,0,5,11,2,3,3,4,3,1
gated_alive:a_1a:9234,a_1a,9234,1,3,6,1,2,2,1,2,5
gated_alive:a_1a:9384,a_1a,9384,2,6,2,3,9,12,2,4,2
gated_alive:a_1a:9435,a_1a,9435,1,0,6,1,2,2,3,1,6
gated_alive:a_1a:9868,a_1a,9868,3,3,6,1,5,5,1,2,5
gated_alive:a_1a:9983,a_1a,9983,0,5,3,3,4,4,0,0,17
gated_alive:a_1a:10262,a_1a,10262,4,7,9,5,8,11,6,9,13
gated_alive:a_1a:10292,a_1a,10292,2,6,2,4,7,10,2,4,2
gated_alive:a_1a:10421,a_1a,10421,5,8,10,3,4,4,0,0,17
gated_alive:a_1a:10807,a_1a,10807,3,3,4,1,5,5,1,2,5
gated_alive:a_1a:10903,a_1a,10903,1,0,6,1,5,5,3,1,6
gated_alive:a_1a:11027,a_1a,11027,5,8,13,3,9,12,5,10,16
gated_alive:a_1a:11553,a_1a,11553,1,0,6,3,4,4,3,1,6
gated_alive:a_1a:11698,a_1a,11698,5,8,3,0,1,1,0,0,11
gated_alive:a_1a:11715,a_1a,11715,5,8,10,0,0,6,0,6,9
gated_alive:a_1a:11838,a_1a,11838,3,1,7,1,5,5,2,4,2
gated_alive:a_1a:12175,a_1a,12175,1,0,6,3,4,4,3,1,17
gated_alive:a_1a:12277,a_1a,12277,5,2,1,0,1,1,0,0,0
gated_alive:a_1a:12453,a_1a,12453,5,8,3,0,1,1,5,7,11
gated_alive:a_1a:12496,a_1a,12496,2,6,2,0,0,6,2,4,2
gated_alive:a_1a:13163,a_1a,13163,0,5,11,2,3,3,4,3,1
gated_alive:a_1a:13416,a_1a,13416,1,0,6,1,2,2,3,1,6
gated_alive:a_1a:13485,a_1a,13485,3,3,4,1,5,5,1,2,5
gated_alive:a_1a:13551,a_1a,13551,1,0,6,1,2,2,3,1,6
gated_alive:a_1a:13775,a_1a,13775,3,3,4,1,5,5,1,2,5
gated_alive:a_1a:13809,a_1a,13809,5,8,10,0,0,6,0,0,15
gated_alive:a_1a:13823,a_1a,13823,3,3,6,0,0,0,1,2,5
gated_alive:a_1a:13847,a_1a,13847,3,3,4,1,5,5,1,2,12
gated_alive:a_1a:14026,a_1a,14026,1,0,6,1,2,2,3,1,6
gated_alive:a_1a:14182,a_1a,14182,5,8,10,0,0,6,0,0,15
gated_alive:a_1a:14258,a_1a,14258,1,8,6,0,0,6,4,3,15
gated_alive:a_1a:14689,a_1a,14689,1,0,6,1,2,2,3,1,6
gated_alive:a_1a:14691,a_1a,14691,0,5,11,0,0,6,4,3,1
gated_alive:a_1a:14738,a_1a,14738,1,3,6,1,2,2,1,2,5
gated_alive:a_1a:14842,a_1a,14842,2,6,2,4,7,10,2,4,2
gated_alive:a_1a:16046,a_1a,16046,0,5,11,2,3,3,4,3,1
gated_alive:a_1a:16050,a_1a,16050,5,8,10,0,1,1,0,0,8
gated_alive:a_1a:16119,a_1a,16119,3,3,4,1,5,5,1,2,5
gated_alive:a_1a:17048,a_1a,17048,1,3,6,1,2,2,3,1,6
gated_alive:a_1a:17142,a_1a,17142,5,2,1,0,1,1,0,0,0
gated_alive:a_1a:17715,a_1a,17715,5,2,10,0,1,1,0,0,8
gated_alive:a_1a:17747,a_1a,17747,1,0,6,1,2,2,3,1,6
gated_alive:a_1a:18048,a_1a,18048,1,3,4,1,2,2,1,2,5
gated_alive:a_1a:18359,a_1a,18359,5,8,10,0,1,1,0,0,8
gated_alive:a_1a:18382,a_1a,18382,1,0,6,1,5,5,3,1,6
gated_alive:a_1a:18817,a_1a,18817,1,0,6,1,2,2,3,1,6
gated_alive:a_1a:19068,a_1a,19068,1,0,6,1,2,2,3,1,6
gated_alive:a_1a:19140,a_1a,19140,5,2,1,0,0,6,0,0,0
gated_alive:a_1a:19509,a_1a,19509,1,0,6,1,2,2,3,1,6
gated_alive:a_1a:20142,a_1a,20142,1,0,6,1,2,2,3,1,6
gated_alive:a_1a:20448,a_1a,20448,1,0,6,1,2,2,3,1,6
gated_alive:a_1a:20736,a_1a,20736,2,6,2,3,6,9,2,4,2
gated_alive:a_1a:20924,a_1a,20924,3,3,4,1,5,5,1,2,5
gated_alive:a_1a:21245,a_1a,21245,0,5,11,0,0,0,4,8,10
gated_alive:a_1a:21821,a_1a,21821,1,0,6,1,2,2,3,1,6
gated_alive:a_1a:22401,a_1a,22401,3,3,4,1,5,5,1,2,5
gated_alive:a_1a:22576,a_1a,22576,1,0,13,3,9,12,5,10,16
gated_alive:a_1a:22677,a_1a,22677,5,8,10,0,0,6,0,0,15
gated_alive:a_1a:22817,a_1a,22817,3,3,5,3,6,9,1,6,5
gated_alive:a_1a:23271,a_1a,23271,5,8,10,0,0,6,0,0,8
gated_alive:a_1a:23326,a_1a,23326,0,5,3,2,3,3,5,3,11
gated_alive:a_1a:23654,a_1a,23654,2,6,2,4,7,10,2,4,2
gated_alive:a_1a:23877,a_1a,23877,3,3,4,1,5,5,1,2,5
gated_alive:a_1a:24189,a_1a,24189,3,3,6,1,2,2,1,2,5
gated_alive:a_1a:24777,a_1a,24777,1,3,6,1,2,2,3,8,10
gated_alive:a_1a:25054,a_1a,25054,3,3,4,1,5,5,1,2,5
gated_alive:a_1a:25088,a_1a,25088,3,3,4,1,5,5,1,2,5
gated_alive:a_1a:25089,a_1a,25089,1,0,6,1,2,2,3,1,6
gated_alive:a_1a:25334,a_1a,25334,2,6,2,4,7,10,2,4,2
gated_alive:a_1a:25354,a_1a,25354,4,7,9,5,8,11,6,9,13
gated_alive:a_1a:25436,a_1a,25436,5,2,1,1,5,5,0,0,0
gated_alive:a_1a:25506,a_1a,25506,5,8,13,3,9,12,5,10,16
gated_alive:a_1a:25978,a_1a,25978,5,8,10,3,4,4,0,0,8
gated_alive:a_1a:26211,a_1a,26211,1,3,13,3,9,12,5,10,16
gated_alive:a_1a:26345,a_1a,26345,1,8,6,0,1,1,4,3,15
gated_alive:a_1a:26737,a_1a,26737,2,1,7,4,7,10,2,4,2
gated_alive:a_1a:27239,a_1a,27239,1,0,6,1,2,2,3,1,6
gated_alive:a_1a:27312,a_1a,27312,3,3,6,1,5,5,1,2,5
gated_alive:a_1a:27510,a_1a,27510,3,3,13,3,9,12,1,10,16
gated_alive:a_1a:28468,a_1a,28468,1,3,6,1,2,2,3,1,6
gated_alive:a_1a:29122,a_1a,29122,1,3,6,1,5,5,1,2,5
gated_alive:a_1a:30193,a_1a,30193,1,0,0,1,2,2,3,1,4
gated_alive:a_1a:30272,a_1a,30272,2,6,2,4,7,10,2,4,2
gated_alive:a_1a:30420,a_1a,30420,1,0,6,0,0,6,3,1,6
gated_alive:a_1a:30485,a_1a,30485,0,5,11,0,1,1,4,3,15
gated_alive:a_1a:30629,a_1a,30629,1,0,6,1,2,2,3,1,6
gated_alive:a_1a:30961,a_1a,30961,5,8,11,0,0,0,4,3,15
gated_alive:a_1a:31037,a_1a,31037,0,5,11,0,0,0,4,8,10
gated_alive:a_1a:32465,a_1a,32465,1,0,6,1,2,2,3,1,6
gated_alive:a_1a:32747,a_1a,32747,1,0,6,1,2,2,3,1,6
gated_alive:a_1a:32882,a_1a,32882,1,0,6,1,2,2,3,1,6
gated_alive:a_1a:33072,a_1a,33072,1,3,6,1,2,2,3,8,10
gated_alive:a_1a:33921,a_1a,33921,1,3,6,0,0,6,3,1,6
gated_alive:a_1a:34101,a_1a,34101,5,8,10,0,1,1,4,3,1
gated_alive:a_1a:34167,a_1a,34167,5,8,10,0,0,6,0,8,15
gated_alive:a_1a:34378,a_1a,34378,5,8,10,0,0,6,0,8,10
gated_alive:a_1a:34962,a_1a,34962,3,3,4,1,2,2,1,2,5
gated_alive:a_1a:35112,a_1a,35112,1,0,6,1,2,2,3,1,6
gated_alive:a_1a:35140,a_1a,35140,5,8,10,0,0,6,0,0,8
gated_alive:a_1a:35709,a_1a,35709,1,0,6,0,0,0,3,8,10
gated_alive:a_1a:35727,a_1a,35727,5,8,10,0,0,6,0,0,0
gated_alive:a_1a:36321,a_1a,36321,3,3,6,3,6,9,1,2,5
gated_alive:a_1a:37093,a_1a,37093,1,0,6,1,2,2,3,8,6
gated_alive:a_1a:37330,a_1a,37330,3,3,4,1,5,5,1,2,5
gated_alive:a_1a:37586,a_1a,37586,1,0,6,1,2,2,3,1,6
gated_alive:a_1a:38398,a_1a,38398,3,3,4,1,5,5,1,2,5
gated_alive:a_1a:38425,a_1a,38425,5,8,10,0,1,1,0,0,8
gated_alive:a_1a:38559,a_1a,38559,0,5,11,0,0,6,4,3,15
gated_alive:a_1a:38674,a_1a,38674,5,8,10,0,0,0,0,8,10
gated_alive:a_1a:38707,a_1a,38707,2,8,6,1,5,5,2,1,6
gated_alive:a_1a:38991,a_1a,38991,1,0,6,1,2,2,3,1,6
gated_alive:a_1a:39130,a_1a,39130,1,0,0,1,5,5,3,1,6
gated_alive:a_1a:39166,a_1a,39166,1,0,0,1,5,5,3,1,6
gated_alive:a_1a:39439,a_1a,39439,1,0,6,1,2,2,3,1,6
gated_alive:a_1a:39699,a_1a,39699,0,2,1,0,1,1,0,5,10
gated_alive:a_1a:39752,a_1a,39752,3,3,4,1,5,5,1,2,5
gated_alive:a_1a:39910,a_1a,39910,5,8,10,0,1,1,4,3,11
gated_alive:a_1a:40126,a_1a,40126,5,8,10,3,4,4,0,0,17
gated_alive:a_1a:40230,a_1a,40230,0,9,12,2,3,3,4,3,1
gated_alive:a_1a:40364,a_1a,40364,2,9,5,3,6,8,2,6,9
gated_alive:a_1a:40662,a_1a,40662,5,8,10,0,0,0,0,0,0
gated_alive:a_1a:40904,a_1a,40904,1,0,0,1,2,2,3,1,6
gated_alive:a_1a:40990,a_1a,40990,3,3,6,3,4,4,3,1,17
gated_alive:a_1a:41076,a_1a,41076,1,0,6,1,2,2,3,1,6
gated_alive:a_1a:41852,a_1a,41852,1,3,6,1,2,2,3,1,6
gated_alive:a_1a:42106,a_1a,42106,5,8,10,0,1,1,0,0,8
gated_alive:a_1a:42450,a_1a,42450,1,3,4,3,4,4,1,2,5
gated_alive:a_1a:42812,a_1a,42812,5,8,10,0,0,0,0,8,10
gated_alive:a_1a:42927,a_1a,42927,3,3,4,1,5,5,1,2,5
gated_alive:a_1a:43856,a_1a,43856,1,0,6,1,2,2,3,1,6
gated_alive:a_1a:43931,a_1a,43931,1,0,6,1,2,2,3,1,6
gated_alive:a_1a:44203,a_1a,44203,5,2,1,1,5,5,0,0,0
gated_alive:a_1a:44517,a_1a,44517,1,0,6,1,2,2,3,1,6
gated_alive:a_1a:44742,a_1a,44742,0,4,8,2,3,3,4,3,1
gated_alive:a_1a:44770,a_1a,44770,2,6,2,4,7,10,2,4,2
gated_alive:a_1a:44814,a_1a,44814,3,3,4,3,9,12,1,2,5
gated_alive:a_1a:44856,a_1a,44856,1,0,6,1,2,2,3,1,6
gated_alive:a_1a:44886,a_1a,44886,1,0,6,1,2,2,3,1,6
gated_alive:a_1a:45040,a_1a,45040,3,3,6,1,5,5,1,2,5
gated_alive:a_1a:45245,a_1a,45245,1,0,0,1,5,5,3,1,6
gated_alive:a_1a:46172,a_1a,46172,1,0,6,1,2,2,3,1,6
gated_alive:a_1a:46431,a_1a,46431,2,6,2,4,7,10,2,4,2
gated_alive:a_1a:46815,a_1a,46815,1,0,6,1,2,2,3,1,6
gated_alive:a_1a:47366,a_1a,47366,5,8,10,0,0,0,0,0,8
gated_alive:a_1a:47562,a_1a,47562,5,8,3,0,0,7,4,7,12
gated_alive:a_1a:47619,a_1a,47619,3,9,6,0,0,6,1,2,15
gated_alive:a_1a:47797,a_1a,47797,1,0,6,1,2,2,3,1,6
gated_alive:a_1a:47843,a_1a,47843,1,0,0,1,5,5,3,1,6
gated_alive:a_1a:47863,a_1a,47863,2,6,2,4,7,10,2,4,2
gated_alive:a_1a:48137,a_1a,48137,5,8,10,0,1,1,0,8,8
gated_alive:a_1a:48181,a_1a,48181,1,0,6,3,4,4,3,1,12
gated_alive:a_1a:48652,a_1a,48652,5,8,6,0,0,6,4,3,15
gated_alive:a_1a:49223,a_1a,49223,1,0,6,1,2,2,3,1,6
gated_alive:a_1a:49330,a_1a,49330,2,6,5,3,6,9,2,6,9
gated_alive:a_1a:49451,a_1a,49451,0,5,11,2,3,3,4,3,15
gated_alive:a_1a:49573,a_1a,49573,3,3,5,3,6,9,2,6,9
gated_alive:a_1a:49632,a_1a,49632,1,0,6,1,2,2,3,1,6
gated_alive:a_1a:49781,a_1a,49781,5,8,10,0,0,0,4,8,10
gated_alive:a_1a:49793,a_1a,49793,2,6,2,4,7,10,2,4,2
gated_alive:a_1a:49868,a_1a,49868,3,9,12,3,6,8,1,6,3
gated_alive:a_1a:50866,a_1a,50866,1,0,6,1,2,2,3,1,6
gated_alive:a_1a:50869,a_1a,50869,1,0,6,1,2,2,3,8,10
gated_alive:a_1a:50925,a_1a,50925,1,4,0,1,5,5,3,1,4
gated_alive:a_1a:50943,a_1a,50943,1,3,4,2,3,3,1,2,5
gated_alive:a_1a:51089,a_1a,51089,3,3,4,1,5,5,1,2,5
gated_alive:a_1a:51219,a_1a,51219,5,8,1,0,0,6,0,0,15
gated_alive:a_1a:51315,a_1a,51315,1,0,6,1,2,2,3,1,6
gated_alive:a_1a:51357,a_1a,51357,2,6,2,0,0,6,2,4,2
gated_alive:a_1a:51936,a_1a,51936,3,3,12,1,5,5,1,2,5
gated_alive:a_1a:52162,a_1a,52162,1,0,6,3,4,4,3,1,6
gated_alive:a_1a:52508,a_1a,52508,0,5,11,0,0,0,4,8,10
gated_alive:a_1a:52817,a_1a,52817,1,0,6,1,2,2,3,1,6
gated_alive:a_1a:53518,a_1a,53518,5,8,10,0,0,7,0,0,9
gated_alive:a_1a:53911,a_1a,53911,1,0,6,1,2,2,3,1,6
gated_alive:a_1a:54083,a_1a,54083,1,3,6,0,1,1,3,1,6
gated_alive:a_1a:54477,a_1a,54477,1,0,6,1,2,2,3,1,6
gated_alive:a_1a:54660,a_1a,54660,2,6,2,4,7,10,2,4,2
gated_alive:a_1a:54845,a_1a,54845,3,3,4,1,5,5,1,2,3
gated_alive:a_1a:54883,a_1a,54883,1,0,6,1,2,2,3,1,6
gated_alive:a_1a:55620,a_1a,55620,2,6,2,4,7,10,2,4,2
gated_alive:a_1a:56816,a_1a,56816,2,1,2,4,7,10,2,4,2
gated_alive:a_1a:57156,a_1a,57156,3,3,4,1,5,5,1,2,5
gated_alive:a_1a:57157,a_1a,57157,5,8,1,0,0,6,0,0,0
gated_alive:a_1a:57615,a_1a,57615,3,3,6,3,6,9,1,2,5
gated_alive:a_1a:57951,a_1a,57951,0,5,11,2,3,3,4,3,1
gated_alive:a_1a:58455,a_1a,58455,5,8,10,0,0,6,0,0,8
gated_alive:a_1a:58933,a_1a,58933,4,7,9,5,8,11,6,9,13
gated_alive:a_1a:59627,a_1a,59627,5,8,10,0,1,1,0,0,0
gated_alive:a_1a:59788,a_1a,59788,5,8,10,0,1,1,0,0,0
gated_alive:a_1a:60330,a_1a,60330,5,8,10,0,0,0,0,8,10
gated_alive:a_1a:60704,a_1a,60704,5,2,1,0,1,1,0,0,0
gated_alive:a_1a:60851,a_1a,60851,1,0,6,1,2,2,3,1,6
gated_alive:a_1a:61145,a_1a,61145,2,1,7,4,7,13,2,4,2
gated_alive:a_1a:61332,a_1a,61332,3,3,4,1,5,5,1,2,5
gated_alive:a_1a:61539,a_1a,61539,2,6,2,4,7,10,2,4,2
gated_alive:a_1a:62030,a_1a,62030,0,5,11,2,3,3,4,3,1
gated_alive:a_1a:62578,a_1a,62578,3,9,12,3,6,8,1,6,3
gated_alive:a_1a:62652,a_1a,62652,3,3,6,1,5,5,1,2,5
gated_alive:a_1a:62711,a_1a,62711,3,6,5,3,6,8,2,5,14
gated_alive:a_1a:62967,a_1a,62967,3,4,8,3,6,8,2,5,14
gated_alive:a_1a:63135,a_1a,63135,1,3,6,1,2,2,3,8,10
gated_alive:a_1a:63309,a_1a,63309,1,0,6,3,6,8,3,1,6
gated_alive:a_1a:63342,a_1a,63342,1,0,6,1,2,2,3,1,6
gated_alive:a_1a:63359,a_1a,63359,5,8,10,0,1,1,0,0,0
gated_alive:a_1a:63366,a_1a,63366,5,8,10,1,2,2,0,0,8
gated_alive:a_1a:63513,a_1a,63513,1,0,6,1,2,2,3,1,6
gated_alive:a_1a:63746,a_1a,63746,5,2,1,1,5,5,0,0,0
gated_alive:a_1a:64108,a_1a,64108,2,8,10,0,0,6,0,8,8
gated_alive:a_1a:64632,a_1a,64632,1,0,6,1,2,2,3,8,10
gated_alive:a_1a:65404,a_1a,65404,3,3,4,1,5,5,1,2,5
gated_alive:a_1a:66013,a_1a,66013,1,0,6,1,2,2,3,1,6
gated_alive:a_1a:66398,a_1a,66398,2,6,2,4,7,10,2,4,2
gated_alive:a_1a:66465,a_1a,66465,1,0,0,1,2,2,3,1,6
gated_alive:a_1a:66469,a_1a,66469,0,4,8,2,3,3,4,3,1
gated_alive:a_1a:66736,a_1a,66736,1,0,6,1,2,2,3,1,6
gated_alive:a_1a:66977,a_1a,66977,5,8,10,0,1,1,0,0,0
gated_alive:a_1a:67071,a_1a,67071,3,3,6,1,5,5,1,2,5
gated_alive:a_1a:67111,a_1a,67111,2,6,2,3,9,12,2,4,2
gated_alive:a_1a:67459,a_1a,67459,1,3,6,1,5,5,1,2,5
gated_alive:a_1a:68487,a_1a,68487,3,3,4,1,5,5,1,2,5
gated_alive:a_1a:68635,a_1a,68635,0,5,11,0,0,0,4,8,10
gated_alive:a_1a:68645,a_1a,68645,5,2,1,0,1,1,0,0,0
gated_alive:a_1a:69125,a_1a,69125,1,0,6,1,5,5,3,1,12
gated_alive:a_1a:69520,a_1a,69520,1,0,6,3,6,8,4,3,15
gated_alive:a_1a:69624,a_1a,69624,1,0,6,1,5,5,3,1,6
gated_alive:a_1a:69670,a_1a,69670,1,0,6,1,2,2,3,1,6
gated_alive:a_1a:69824,a_1a,69824,1,0,6,1,2,2,3,1,6
gated_alive:a_1a:70236,a_1a,70236,3,3,6,3,9,12,1,2,5
gated_alive:a_1a:70256,a_1a,70256,1,0,6,1,2,2,3,8,10
gated_alive:a_1a:70275,a_1a,70275,5,8,6,0,0,6,5,3,11
gated_alive:a_1a:70810,a_1a,70810,1,0,0,1,2,2,3,1,6
gated_alive:a_1a:71079,a_1a,71079,1,0,6,3,4,4,3,1,17
gated_alive:a_1a:71576,a_1a,71576,1,0,0,3,6,8,3,1,4
gated_alive:a_1a:72144,a_1a,72144,1,0,0,1,5,5,3,1,4
gated_alive:a_1a:72439,a_1a,72439,2,9,8,3,6,8,2,5,14
gated_alive:a_1a:73103,a_1a,73103,5,8,10,0,0,6,0,0,15
gated_alive:a_1a:73607,a_1a,73607,5,8,10,0,0,6,0,0,0
gated_alive:a_1a:73727,a_1a,73727,5,8,10,0,0,6,0,0,15
gated_alive:a_1a:73756,a_1a,73756,5,8,1,0,1,1,0,0,0
gated_alive:a_1a:74142,a_1a,74142,5,8,10,0,1,1,0,0,8
gated_alive:a_1a:75098,a_1a,75098,2,1,7,3,4,4,2,4,2
gated_alive:a_1a:75229,a_1a,75229,3,3,6,1,5,5,1,2,5
gated_alive:a_1a:75440,a_1a,75440,1,0,6,1,2,2,3,1,6
gated_alive:a_1a:75491,a_1a,75491,1,0,6,1,2,2,3,1,6
gated_alive:a_1a:75495,a_1a,75495,1,8,6,0,0,6,4,3,15
gated_alive:a_1a:75636,a_1a,75636,5,8,10,0,1,1,0,0,0
gated_alive:a_1a:75721,a_1a,75721,5,8,6,0,0,6,4,3,11
gated_alive:a_1a:75877,a_1a,75877,1,0,6,1,2,2,3,1,6
gated_alive:a_1a:76136,a_1a,76136,0,5,11,2,3,3,4,3,1
gated_alive:a_1a:76264,a_1a,76264,1,3,6,1,5,5,1,2,5
gated_alive:a_1a:76306,a_1a,76306,5,8,10,0,1,1,4,3,15
gated_alive:a_1a:76501,a_1a,76501,4,7,9,5,8,11,6,9,13
gated_alive:a_1a:77058,a_1a,77058,5,8,3,0,1,1,0,7,11
gated_alive:a_1a:77311,a_1a,77311,5,8,3,0,1,1,0,7,11
gated_alive:a_1a:77611,a_1a,77611,5,2,3,2,3,3,5,7,11
gated_alive:a_1a:77779,a_1a,77779,1,3,6,3,4,4,3,1,5
gated_alive:a_1a:78514,a_1a,78514,2,6,2,4,7,10,2,4,2
gated_alive:a_1a:78631,a_1a,78631,1,3,4,1,5,5,1,2,5
gated_alive:a_1a:78778,a_1a,78778,1,0,0,1,2,2,3,1,6
gated_alive:a_1a:79326,a_1a,79326,1,0,6,1,2,2,3,1,6
gated_alive:a_1a:79338,a_1a,79338,1,0,6,1,2,2,3,8,10
gated_alive:a_1a:79484,a_1a,79484,5,8,1,0,1,1,0,0,0
gated_alive:a_1a:79523,a_1a,79523,1,0,6,1,2,2,3,1,6
gated_alive:a_1a:79572,a_1a,79572,1,0,6,1,2,2,3,1,6
gated_alive:a_1a:79733,a_1a,79733,1,0,6,1,2,2,3,1,6
gated_alive:a_1a:79928,a_1a,79928,1,0,6,1,2,2,3,1,6
gated_alive:a_1a:80294,a_1a,80294,0,5,11,2,3,3,4,3,1
gated_alive:a_1a:81549,a_1a,81549,5,2,1,0,1,1,0,0,0
gated_alive:a_1a:81603,a_1a,81603,1,3,6,1,5,5,1,2,5
gated_alive:a_1a:82442,a_1a,82442,5,8,1,0,1,1,0,0,0
gated_alive:a_1a:82736,a_1a,82736,1,0,0,1,2,2,3,1,6
gated_alive:a_1a:82777,a_1a,82777,5,8,11,2,3,3,4,3,1
gated_alive:a_1a:82793,a_1a,82793,1,0,6,1,2,2,3,1,6
gated_alive:a_1a:82823,a_1a,82823,1,0,6,3,6,8,3,1,6
gated_alive:a_1a:83033,a_1a,83033,5,2,1,0,1,1,0,0,0
gated_alive:a_1a:83430,a_1a,83430,3,3,4,1,5,5,1,2,5
gated_alive:a_1a:83435,a_1a,83435,1,0,6,1,2,2,3,1,6
gated_alive:a_1a:83696,a_1a,83696,3,9,12,3,6,8,1,6,3
gated_alive:a_1a:84074,a_1a,84074,1,0,6,1,2,2,3,1,6
gated_alive:a_1a:85184,a_1a,85184,5,8,10,3,6,8,0,8,10
gated_alive:a_1a:85267,a_1a,85267,0,5,11,0,1,1,4,3,1
gated_alive:a_1a:85325,a_1a,85325,5,8,10,0,1,1,0,0,15
gated_alive:a_1a:85347,a_1a,85347,1,0,6,0,0,6,4,3,15
gated_alive:a_1a:85552,a_1a,85552,5,2,1,0,1,1,0,0,8
gated_alive:a_1a:85641,a_1a,85641,1,0,0,1,2,2,3,8,10
gated_alive:a_1a:86135,a_1a,86135,3,3,4,1,5,5,1,2,5
gated_alive:a_1a:86512,a_1a,86512,0,5,3,2,3,3,5,3,11
gated_alive:a_1a:86621,a_1a,86621,5,8,10,0,1,1,0,0,8
gated_alive:a_1a:86847,a_1a,86847,3,3,6,1,2,2,1,2,5
gated_alive:a_1a:87513,a_1a,87513,5,8,10,3,4,4,0,0,8
gated_alive:a_1a:87580,a_1a,87580,5,8,10,0,0,6,0,0,15
gated_alive:a_1a:87637,a_1a,87637,5,8,10,0,0,6,0,0,8
gated_alive:a_1a:87880,a_1a,87880,1,0,6,1,2,2,3,1,6
gated_alive:a_1a:87976,a_1a,87976,2,6,2,4,7,10,2,4,2
gated_alive:a_1a:88250,a_1a,88250,1,0,6,1,2,2,3,1,6
gated_alive:a_1a:88389,a_1a,88389,5,8,10,0,1,1,0,0,8
gated_alive:a_1a:88658,a_1a,88658,1,0,6,1,2,2,3,1,6
gated_alive:a_1a:88775,a_1a,88775,3,9,5,3,6,9,2,6,9
gated_alive:a_1a:88851,a_1a,88851,1,0,6,1,2,2,3,1,6
gated_alive:a_1a:89122,a_1a,89122,1,0,0,1,2,2,3,1,6
gated_alive:a_1a:89123,a_1a,89123,1,0,6,1,2,2,3,1,6
gated_alive:a_1a:89468,a_1a,89468,5,2,1,0,1,1,0,0,0
gated_alive:a_1a:89493,a_1a,89493,5,2,1,0,1,1,0,0,0
gated_alive:a_1a:89733,a_1a,89733,1,0,6,1,2,2,3,1,6
gated_alive:a_1a:90092,a_1a,90092,5,8,10,0,1,1,0,0,8
gated_alive:a_1a:90136,a_1a,90136,5,2,1,0,1,1,0,8,10
gated_alive:a_1a:90188,a_1a,90188,2,1,7,3,4,4,2,4,2
gated_alive:a_1a:90256,a_1a,90256,3,3,4,3,4,4,3,1,17
gated_alive:a_1a:90309,a_1a,90309,1,3,6,3,4,4,3,1,17
gated_alive:a_1a:90501,a_1a,90501,1,0,6,1,2,2,3,1,6
gated_alive:a_1a:90622,a_1a,90622,1,0,6,1,2,2,3,1,6
gated_alive:a_1a:90653,a_1a,90653,2,6,2,3,9,12,2,4,2
gated_alive:a_1a:91116,a_1a,91116,0,5,11,2,3,3,4,3,1
gated_alive:a_1a:92254,a_1a,92254,3,9,5,3,6,9,2,6,9
gated_alive:a_1a:92680,a_1a,92680,0,5,11,0,0,6,4,3,1
gated_alive:a_1a:93244,a_1a,93244,1,0,6,1,2,2,3,1,6
gated_alive:a_1a:93539,a_1a,93539,1,0,0,1,2,2,3,8,10
gated_alive:a_1a:93667,a_1a,93667,2,6,2,4,7,10,2,4,2
gated_alive:a_1a:93746,a_1a,93746,1,3,6,3,4,4,3,1,17
gated_alive:a_1a:94074,a_1a,94074,1,0,6,1,2,2,3,1,6
gated_alive:a_1a:94458,a_1a,94458,3,3,6,1,5,5,1,2,5
gated_alive:a_1a:94842,a_1a,94842,1,0,6,1,5,5,3,1,6
gated_alive:a_1a:94846,a_1a,94846,1,0,6,1,2,2,3,1,6
gated_alive:a_1a:95149,a_1a,95149,1,4,0,0,0,0,3,8,10
gated_alive:a_1a:95619,a_1a,95619,2,6,2,4,7,10,2,4,2
gated_alive:a_1a:95666,a_1a,95666,1,0,6,1,2,2,3,1,6
gated_alive:a_1a:95814,a_1a,95814,0,5,11,2,3,3,4,3,1
gated_alive:a_1a:95859,a_1a,95859,3,9,5,3,6,9,2,6,9
gated_alive:a_1a:95891,a_1a,95891,1,3,6,1,5,5,3,1,6
gated_alive:a_1a:96910,a_1a,96910,1,0,0,1,5,5,3,1,6
gated_alive:a_1a:97016,a_1a,97016,1,0,6,3,4,4,3,1,6
gated_alive:a_1a:97470,a_1a,97470,1,3,6,1,5,5,1,2,5
gated_alive:a_1a:97785,a_1a,97785,1,3,6,3,4,4,3,1,17
gated_alive:a_1a:97903,a_1a,97903,1,4,0,1,5,5,3,1,4
gated_alive:a_1a:98710,a_1a,98710,1,0,6,1,2,2,3,1,6
gated_alive:a_1a:99077,a_1a,99077,1,0,6,1,2,2,3,1,6
gated_alive:a_1a:99580,a_1a,99580,1,0,6,0,0,6,3,1,6
gated_alive:a_1a:99771,a_1a,99771,3,3,4,1,2,2,1,2,5
gated_alive:a_1a:100129,a_1a,100129,1,0,6,1,2,2,3,8,10
gated_alive:a_1a:100283,a_1a,100283,0,5,11,2,3,3,4,3,1
gated_alive:a_1a:100566,a_1a,100566,5,8,10,0,0,0,0,8,10
gated_alive:a_1a:100850,a_1a,100850,0,5,11,2,3,3,4,3,1
gated_alive:a_1a:100943,a_1a,100943,0,5,11,0,0,0,4,8,10
gated_alive:a_1a:101384,a_1a,101384,2,6,2,4,7,10,2,4,2
gated_alive:a_1a:101580,a_1a,101580,4,7,2,5,8,11,2,4,2
gated_alive:a_1a:101592,a_1a,101592,1,0,6,1,2,2,3,1,6
gated_alive:a_1a:101931,a_1a,101931,1,0,0,1,2,2,3,1,6
gated_alive:a_1a:102322,a_1a,102322,1,0,6,1,2,2,3,1,6
gated_alive:a_1a:102404,a_1a,102404,1,0,6,1,2,2,3,1,6
gated_alive:a_1a:102638,a_1a,102638,5,8,10,0,1,1,0,8,10
gated_alive:a_1a:102867,a_1a,102867,2,6,2,4,7,10,2,4,2
gated_alive:a_1a:102880,a_1a,102880,4,7,9,5,8,11,6,9,13
gated_alive:a_1a:103694,a_1a,103694,5,8,10,0,0,0,0,0,10
gated_alive:a_1a:103862,a_1a,103862,3,3,4,3,6,8,3,8,10
gated_alive:a_1a:104376,a_1a,104376,5,2,1,0,1,1,0,0,0
gated_alive:a_1a:104582,a_1a,104582,5,2,1,0,0,0,0,8,10
gated_alive:a_1a:104643,a_1a,104643,1,0,6,1,2,2,3,1,6
gated_alive:a_1a:105237,a_1a,105237,0,5,11,2,3,3,4,3,1
gated_alive:a_1a:105666,a_1a,105666,3,3,6,1,5,5,1,2,5
gated_alive:a_1a:105717,a_1a,105717,3,3,4,1,5,5,1,2,5
gated_alive:a_1a:105838,a_1a,105838,5,2,1,0,1,1,0,0,0
gated_alive:a_1a:106198,a_1a,106198,3,9,12,3,9,12,1,6,3
gated_alive:a_1a:106490,a_1a,106490,3,3,4,1,5,5,1,2,5
gated_alive:a_1a:106502,a_1a,106502,5,8,10,0,0,6,0,0,8
gated_alive:a_1a:107283,a_1a,107283,5,8,11,3,4,4,0,0,17
gated_alive:a_1a:107601,a_1a,107601,1,0,6,1,2,2,3,1,6
gated_alive:a_1a:108409,a_1a,108409,5,8,10,0,1,1,0,0,0
gated_alive:a_1a:108924,a_1a,108924,0,5,11,0,0,0,4,8,10
gated_alive:a_1a:109003,a_1a,109003,0,5,11,2,3,3,4,3,1
gated_alive:a_1a:109022,a_1a,109022,5,8,10,0,1,1,0,0,15
gated_alive:a_1a:109345,a_1a,109345,1,0,6,1,2,2,3,1,6
gated_alive:a_1a:109365,a_1a,109365,5,2,1,0,1,1,0,0,0
gated_alive:a_1a:109491,a_1a,109491,3,3,4,1,5,5,1,2,5
gated_alive:a_1a:109615,a_1a,109615,5,8,10,0,0,0,0,8,10
gated_alive:a_1a:109876,a_1a,109876,5,8,10,0,0,6,0,0,8
gated_alive:a_1a:110157,a_1a,110157,3,3,4,3,4,4,1,2,5
gated_alive:a_1a:110189,a_1a,110189,2,9,5,3,6,8,2,6,9
gated_alive:a_1a:110264,a_1a,110264,5,8,10,0,0,6,0,0,8
gated_alive:a_1a:110556,a_1a,110556,1,0,6,1,2,2,3,1,6
gated_alive:a_1a:111442,a_1a,111442,2,6,2,4,7,10,2,4,2
gated_alive:a_1a:111565,a_1a,111565,0,5,11,2,3,3,4,3,1
gated_alive:a_1a:111593,a_1a,111593,5,8,10,0,0,6,0,0,8
gated_alive:a_1a:112295,a_1a,112295,3,3,4,1,5,5,1,2,5
gated_alive:a_1a:112626,a_1a,112626,1,0,6,3,4,4,3,1,17
gated_alive:a_1a:113084,a_1a,113084,5,8,10,0,0,7,0,7,12
gated_alive:a_1a:113623,a_1a,113623,5,8,10,0,0,0,0,8,10
gated_alive:a_1a:113887,a_1a,113887,1,3,6,3,6,8,3,1,6
gated_alive:a_1a:114441,a_1a,114441,3,9,12,1,5,5,1,6,3
gated_alive:a_1a:114464,a_1a,114464,1,0,6,1,2,2,3,1,6
gated_alive:a_1a:115556,a_1a,115556,1,0,6,1,2,2,3,1,6
gated_alive:a_1a:115650,a_1a,115650,1,3,6,1,2,2,3,1,6
gated_alive:a_1a:115652,a_1a,115652,1,4,0,1,2,2,3,1,4
gated_alive:a_1a:116085,a_1a,116085,3,3,4,1,5,5,1,2,5
gated_alive:a_1a:116527,a_1a,116527,5,2,1,0,0,0,0,0,0
gated_alive:a_1a:116655,a_1a,116655,5,8,10,0,1,1,0,0,8
gated_alive:a_1a:117427,a_1a,117427,1,0,6,1,2,2,3,1,6
gated_alive:a_1a:117683,a_1a,117683,0,5,11,2,3,3,4,3,1
gated_alive:a_1a:118166,a_1a,118166,5,8,10,0,1,1,0,0,8
gated_alive:a_1a:118230,a_1a,118230,1,0,6,1,2,2,3,1,6
gated_alive:a_1a:118835,a_1a,118835,3,3,4,1,5,5,1,2,5
gated_alive:a_1a:118845,a_1a,118845,5,8,10,0,1,1,0,0,8
gated_alive:a_1a:118909,a_1a,118909,5,2,1,0,1,1,0,0,0
gated_alive:a_1a:119373,a_1a,119373,3,3,4,1,5,5,1,2,5
gated_alive:a_1a:119424,a_1a,119424,1,0,6,1,2,2,3,1,6
gated_alive:a_1a:119585,a_1a,119585,3,3,4,1,5,5,1,2,5
gated_alive:a_1a:120107,a_1a,120107,3,3,5,1,5,5,1,2,16
gated_alive:a_1a:120535,a_1a,120535,5,2,1,0,1,1,0,0,0
gated_alive:a_1a:120829,a_1a,120829,3,3,4,1,5,5,1,2,5
gated_alive:a_1a:120849,a_1a,120849,0,5,11,2,3,3,4,3,11
gated_alive:a_1a:120997,a_1a,120997,1,0,6,1,5,5,3,1,6
gated_alive:a_1a:121100,a_1a,121100,1,0,6,1,2,2,3,1,6
gated_alive:a_1a:121619,a_1a,121619,0,5,11,2,3,3,4,3,1
gated_alive:a_1a:122009,a_1a,122009,1,0,0,1,5,5,3,1,3
gated_alive:a_1a:122230,a_1a,122230,3,3,4,1,2,2,1,2,5
gated_alive:a_1a:122241,a_1a,122241,1,0,6,0,0,6,4,1,6
gated_alive:a_1a:122262,a_1a,122262,0,5,11,0,0,0,4,8,10
gated_alive:a_1a:122384,a_1a,122384,5,2,1,0,1,1,0,0,0
gated_alive:a_1a:122854,a_1a,122854,1,0,6,1,2,2,3,1,6
gated_alive:a_1a:123387,a_1a,123387,1,0,6,1,2,2,3,1,6
gated_alive:a_1a:123437,a_1a,123437,0,5,11,2,3,3,4,3,1
gated_alive:a_1a:123600,a_1a,123600,1,0,6,1,2,2,3,1,6
gated_alive:a_1a:123884,a_1a,123884,2,6,2,4,7,10,2,4,2
gated_alive:a_1a:124031,a_1a,124031,5,8,10,0,1,1,0,0,8
gated_alive:a_1a:124260,a_1a,124260,1,0,6,3,4,4,3,1,17
gated_alive:a_1a:124331,a_1a,124331,2,6,2,4,7,10,2,4,2
gated_alive:a_1a:124365,a_1a,124365,1,0,6,1,5,5,3,1,12
gated_alive:a_1a:125874,a_1a,125874,5,2,1,0,1,1,0,0,8
gated_alive:a_1a:126003,a_1a,126003,0,5,11,2,3,3,4,3,1
gated_alive:a_1a:126272,a_1a,126272,0,5,11,2,3,3,4,3,1
gated_alive:a_1a:126335,a_1a,126335,5,2,1,0,1,1,0,0,0
gated_alive:a_1a:126707,a_1a,126707,1,0,6,1,2,2,3,1,6
gated_alive:a_1a:126877,a_1a,126877,5,8,10,0,0,6,0,0,8
gated_alive:a_1a:126921,a_1a,126921,5,8,10,0,0,6,4,3,15
gated_alive:a_1a:126937,a_1a,126937,1,3,6,1,2,2,3,1,6
gated_alive:a_1a:127005,a_1a,127005,1,0,6,1,2,2,3,1,6
gated_alive:a_1a:127053,a_1a,127053,2,1,7,1,5,5,2,4,2
gated_alive:a_1a:127345,a_1a,127345,3,3,5,3,6,9,2,6,9
gated_alive:a_1a:127773,a_1a,127773,4,7,9,3,4,4,6,9,13
gated_alive:a_1a:128209,a_1a,128209,0,5,11,2,3,3,4,3,1
gated_alive:a_1a:128224,a_1a,128224,3,3,4,3,4,4,1,2,5
gated_alive:a_1a:128291,a_1a,128291,5,8,10,0,1,1,0,0,15
gated_alive:a_1a:128714,a_1a,128714,1,3,6,3,4,4,3,1,17
gated_alive:a_1a:129662,a_1a,129662,5,2,10,0,1,1,0,0,8
gated_alive:a_1a:129749,a_1a,129749,2,6,2,4,7,10,2,4,2
gated_alive:a_1a:130074,a_1a,130074,0,5,11,2,3,3,4,3,1
gated_alive:a_1a:130249,a_1a,130249,3,3,4,0,0,6,1,2,5
gated_alive:a_1a:130580,a_1a,130580,3,3,4,1,2,2,1,2,5
gated_alive:a_1a:130929,a_1a,130929,3,3,4,1,5,5,1,2,12
gated_alive:a_1a:131162,a_1a,131162,3,3,4,1,5,5,1,2,5
gated_alive:a_1a:132024,a_1a,132024,5,2,10,0,1,1,0,0,8
gated_alive:a_1a:132091,a_1a,132091,1,0,6,1,2,2,3,1,6
gated_alive:a_1a:132324,a_1a,132324,3,3,4,3,4,4,3,1,17
gated_alive:a_1a:132557,a_1a,132557,1,0,6,1,2,2,3,1,6
gated_alive:a_1a:132852,a_1a,132852,3,3,4,1,5,5,1,2,5
gated_alive:a_1a:133476,a_1a,133476,0,5,11,2,3,3,4,3,1
gated_alive:a_1a:133576,a_1a,133576,3,9,12,3,6,8,1,6,3
gated_alive:a_1a:133783,a_1a,133783,1,8,6,0,0,6,4,3,15
gated_alive:a_1a:133841,a_1a,133841,5,2,1,0,1,1,0,0,0
gated_alive:a_1a:134611,a_1a,134611,1,0,6,1,2,2,3,1,6
gated_alive:a_1a:134902,a_1a,134902,3,3,4,1,5,5,1,2,5
gated_alive:a_1a:135068,a_1a,135068,5,8,3,0,1,1,5,7,11
gated_alive:a_1a:135123,a_1a,135123,5,8,6,0,0,7,4,7,12
gated_alive:a_1a:135717,a_1a,135717,1,0,6,1,2,2,3,1,6
gated_alive:a_1a:135799,a_1a,135799,4,7,9,5,8,11,6,9,13
gated_alive:a_1a:135801,a_1a,135801,1,0,6,1,2,2,3,1,6
gated_alive:a_1a:136244,a_1a,136244,0,5,11,2,3,3,4,3,1
gated_alive:a_1a:136424,a_1a,136424,5,8,10,0,1,1,0,0,0
gated_alive:a_2a:717,a_2a,717,5,2,1,0,1,1,0,0,8
gated_alive:a_2a:1528,a_2a,1528,2,9,5,4,7,10,1,6,3
gated_alive:a_2a:1964,a_2a,1964,2,6,2,4,7,10,2,4,2
gated_alive:a_2a:2494,a_2a,2494,5,2,3,2,3,3,5,7,11
gated_alive:a_2a:2894,a_2a,2894,3,3,4,1,5,5,1,2,5
gated_alive:a_2a:3265,a_2a,3265,3,3,4,1,5,5,1,2,3
gated_alive:a_2a:4522,a_2a,4522,1,0,6,3,4,4,3,1,17
gated_alive:a_2a:5401,a_2a,5401,5,2,1,0,1,1,0,0,0
gated_alive:a_2a:5899,a_2a,5899,1,4,8,3,6,8,2,5,14
gated_alive:a_2a:6127,a_2a,6127,5,8,10,0,1,1,0,0,8
gated_alive:a_2a:6590,a_2a,6590,0,5,11,0,0,0,4,8,10
gated_alive:a_2a:7132,a_2a,7132,1,0,6,1,2,2,3,1,6
gated_alive:a_2a:7337,a_2a,7337,0,2,8,0,1,1,0,5,0
gated_alive:a_2a:7715,a_2a,7715,5,8,13,3,9,12,5,10,16
gated_alive:a_2a:7743,a_2a,7743,2,1,7,4,7,10,2,4,2
gated_alive:a_2a:7809,a_2a,7809,5,2,1,0,1,1,0,0,0
gated_alive:a_2a:8330,a_2a,8330,1,0,6,1,2,2,3,1,6
gated_alive:a_2a:8818,a_2a,8818,1,0,6,1,2,2,3,1,6
gated_alive:a_2a:8895,a_2a,8895,2,8,10,0,0,6,0,8,8
gated_alive:a_2a:9611,a_2a,9611,5,2,1,0,0,7,0,7,12
gated_alive:a_2a:10152,a_2a,10152,0,5,11,2,3,3,4,3,1
gated_alive:a_2a:10700,a_2a,10700,1,0,6,1,2,2,3,1,6
gated_alive:a_2a:11341,a_2a,11341,5,8,10,0,0,6,0,0,8
gated_alive:a_2a:11640,a_2a,11640,1,0,0,1,2,2,3,1,4
gated_alive:a_2a:12063,a_2a,12063,5,2,1,0,1,1,0,0,0
gated_alive:a_2a:12631,a_2a,12631,5,2,1,0,1,1,0,0,0
gated_alive:a_2a:12819,a_2a,12819,2,8,13,3,9,12,5,10,16
gated_alive:a_2a:13174,a_2a,13174,5,2,1,0,1,1,0,0,0
gated_alive:a_2a:13319,a_2a,13319,3,3,4,1,2,2,1,2,5
gated_alive:a_2a:13513,a_2a,13513,5,2,1,0,0,0,0,0,8
gated_alive:a_2a:13781,a_2a,13781,3,3,4,1,5,5,1,2,5
gated_alive:a_2a:14467,a_2a,14467,1,0,6,1,2,2,3,1,6
gated_alive:a_2a:14906,a_2a,14906,5,2,1,0,1,1,0,0,8
gated_alive:a_2a:14931,a_2a,14931,3,3,4,1,5,5,1,2,5
gated_alive:a_2a:15161,a_2a,15161,1,0,0,1,2,2,3,1,4
gated_alive:a_2a:15770,a_2a,15770,0,5,11,2,3,3,4,3,1
gated_alive:a_2a:15825,a_2a,15825,0,5,11,0,0,0,4,8,10
gated_alive:a_2a:16122,a_2a,16122,0,5,11,2,3,3,4,3,1
gated_alive:a_2a:17217,a_2a,17217,3,3,4,1,5,5,1,2,5
gated_alive:a_2a:18056,a_2a,18056,2,6,8,3,6,8,2,5,14
gated_alive:a_2a:18628,a_2a,18628,5,2,1,0,1,1,0,0,0
gated_alive:a_2a:18703,a_2a,18703,5,8,10,0,1,1,0,0,15
gated_alive:a_2a:18836,a_2a,18836,0,5,11,2,3,3,4,3,1
gated_alive:a_2a:18876,a_2a,18876,0,2,1,0,1,1,0,0,7
gated_alive:a_2a:18939,a_2a,18939,5,2,1,0,1,1,0,0,0
gated_alive:a_2a:19085,a_2a,19085,0,4,8,2,3,3,5,3,11
gated_alive:a_2a:19176,a_2a,19176,1,0,0,1,2,2,3,1,6
gated_alive:a_2a:19559,a_2a,19559,3,3,6,1,2,2,1,2,5
gated_alive:a_2a:20360,a_2a,20360,5,2,1,0,1,1,0,0,8
gated_alive:a_2a:20366,a_2a,20366,2,6,2,4,7,13,0,4,9
gated_alive:a_2a:20915,a_2a,20915,5,8,10,0,1,1,0,0,8
gated_alive:a_2a:21021,a_2a,21021,5,2,1,0,1,1,0,0,0
gated_alive:a_2a:21315,a_2a,21315,0,2,1,2,3,3,5,3,11
gated_alive:a_2a:21815,a_2a,21815,5,2,1,0,1,1,0,0,0
gated_alive:a_2a:21902,a_2a,21902,3,3,4,1,5,5,1,2,5
gated_alive:a_2a:21967,a_2a,21967,0,5,6,0,0,7,4,3,15
gated_alive:a_2a:22428,a_2a,22428,5,8,10,0,0,0,0,8,10
gated_alive:a_2a:22685,a_2a,22685,0,4,8,3,6,8,2,5,14
gated_alive:a_2a:23004,a_2a,23004,2,4,8,3,6,8,2,5,14
gated_alive:a_2a:25119,a_2a,25119,1,0,0,1,2,2,3,1,6
gated_alive:a_2a:25294,a_2a,25294,5,2,1,0,1,1,0,0,0
gated_alive:a_2a:25371,a_2a,25371,1,0,8,3,6,8,2,5,14
gated_alive:a_2a:25977,a_2a,25977,0,2,1,0,1,1,0,0,0
gated_alive:a_2a:26176,a_2a,26176,3,3,4,1,5,5,1,2,5
gated_alive:a_2a:26278,a_2a,26278,1,0,6,1,2,2,3,1,6
gated_alive:a_2a:27250,a_2a,27250,1,4,8,3,4,4,3,1,17
gated_alive:a_2a:27507,a_2a,27507,5,8,10,0,1,1,0,0,8
gated_alive:a_2a:28406,a_2a,28406,3,3,4,1,5,5,1,2,5
gated_alive:a_2a:28430,a_2a,28430,3,3,4,1,5,5,1,2,5
gated_alive:a_2a:29372,a_2a,29372,5,2,1,0,1,1,0,0,0
gated_alive:a_2a:29877,a_2a,29877,0,2,8,0,1,1,0,5,14
gated_alive:a_2a:29895,a_2a,29895,5,2,1,0,1,1,0,0,0
gated_alive:a_2a:30406,a_2a,30406,5,8,10,0,0,6,0,0,8
gated_alive:a_2a:30554,a_2a,30554,5,8,10,0,1,1,0,0,8
gated_alive:a_2a:30799,a_2a,30799,3,3,4,1,5,5,1,2,5
gated_alive:a_2a:30966,a_2a,30966,1,0,6,1,2,2,3,1,6
gated_alive:a_2a:31026,a_2a,31026,1,0,0,1,2,2,3,1,6
gated_alive:a_2a:31736,a_2a,31736,5,8,10,3,6,9,0,6,9
gated_alive:a_2a:32053,a_2a,32053,0,5,11,2,3,3,4,3,1
gated_alive:a_2a:33174,a_2a,33174,1,0,0,1,2,2,3,8,10
gated_alive:a_2a:33242,a_2a,33242,5,2,1,0,1,1,0,0,0
gated_alive:a_2a:33894,a_2a,33894,5,2,10,0,1,1,0,0,8
gated_alive:a_2a:33932,a_2a,33932,5,2,10,0,1,1,0,0,8
gated_alive:a_2a:34961,a_2a,34961,1,0,6,1,2,2,3,1,6
gated_alive:a_2a:34966,a_2a,34966,0,5,11,2,3,3,4,3,1
gated_alive:a_2a:35740,a_2a,35740,3,3,5,4,7,13,1,2,6
gated_alive:a_2a:37477,a_2a,37477,5,2,1,0,1,1,0,0,0
gated_alive:a_2a:38080,a_2a,38080,5,2,1,0,1,1,0,0,0
gated_alive:a_2a:39057,a_2a,39057,5,8,10,3,4,4,0,0,8
gated_alive:a_2a:39253,a_2a,39253,3,9,12,3,6,9,1,6,3
gated_alive:a_2a:39815,a_2a,39815,5,2,1,0,0,7,0,7,12
gated_alive:a_2a:40635,a_2a,40635,1,4,0,1,5,5,3,1,4
gated_alive:a_2a:41010,a_2a,41010,0,4,8,2,3,3,0,5,7
gated_alive:a_2a:41519,a_2a,41519,0,2,8,0,1,1,0,5,7
gated_alive:a_2a:42043,a_2a,42043,0,5,11,2,3,3,4,3,1
gated_alive:a_2a:42058,a_2a,42058,0,2,1,2,3,3,0,5,7
gated_alive:a_2a:42170,a_2a,42170,5,8,10,0,0,6,0,0,0
gated_alive:a_2a:42280,a_2a,42280,3,4,8,3,6,8,1,6,3
gated_alive:a_2a:42767,a_2a,42767,1,4,8,3,6,8,2,5,14
gated_alive:a_2a:42882,a_2a,42882,1,3,6,0,0,6,4,3,15
gated_alive:a_2a:43602,a_2a,43602,1,0,0,1,2,2,3,8,10
gated_alive:a_2a:43686,a_2a,43686,1,0,0,1,2,2,3,1,4
gated_alive:a_2a:43687,a_2a,43687,3,3,4,0,0,6,1,2,5
gated_alive:a_2a:44164,a_2a,44164,1,0,6,1,2,2,3,1,6
gated_alive:a_2a:44588,a_2a,44588,0,5,11,0,0,0,4,8,10
gated_alive:a_2a:44614,a_2a,44614,5,8,10,1,5,5,0,0,0
gated_alive:a_2a:45272,a_2a,45272,5,2,1,0,1,1,0,0,15
gated_alive:a_2a:47267,a_2a,47267,5,8,10,0,1,1,0,0,8
gated_alive:a_2a:47877,a_2a,47877,5,8,10,0,0,6,0,0,15
gated_alive:a_2a:47961,a_2a,47961,3,3,4,1,5,5,1,2,5
gated_alive:a_2a:48368,a_2a,48368,1,0,6,3,4,4,3,1,17
gated_alive:a_2a:48484,a_2a,48484,5,2,13,3,9,12,5,10,16
gated_alive:a_2a:48610,a_2a,48610,0,5,11,2,3,3,4,3,1
gated_alive:a_2a:48727,a_2a,48727,5,8,10,0,0,7,0,7,12
gated_alive:a_2a:48846,a_2a,48846,5,2,10,0,0,0,0,0,8
gated_alive:a_2a:49087,a_2a,49087,1,0,6,1,2,2,3,1,6
gated_alive:a_2a:49685,a_2a,49685,5,8,10,0,1,1,0,0,8
gated_alive:a_2a:50256,a_2a,50256,2,6,2,4,7,10,2,4,2
gated_alive:a_2a:50462,a_2a,50462,0,4,8,3,6,8,2,5,14
gated_alive:a_2a:50578,a_2a,50578,3,3,4,1,5,5,1,2,5
gated_alive:a_2a:52604,a_2a,52604,0,4,8,3,9,12,5,10,16
gated_alive:a_2a:52803,a_2a,52803,5,2,13,0,0,7,0,7,12
gated_alive:a_2a:53240,a_2a,53240,5,8,10,0,1,1,0,0,15
gated_alive:a_2a:53547,a_2a,53547,0,5,11,0,1,1,4,5,7
gated_alive:a_2a:53612,a_2a,53612,5,2,1,0,1,1,0,0,0
gated_alive:a_2a:54140,a_2a,54140,1,0,0,1,2,2,3,1,4
gated_alive:a_2a:54152,a_2a,54152,5,2,1,0,1,1,0,0,0
gated_alive:a_2a:54539,a_2a,54539,0,4,8,1,5,5,2,5,7
gated_alive:a_2a:55082,a_2a,55082,3,3,4,1,5,5,1,2,5
gated_alive:a_2a:55552,a_2a,55552,2,6,2,4,7,10,2,4,2
gated_alive:a_2a:56039,a_2a,56039,0,5,11,2,3,3,4,3,1
gated_alive:a_2a:56068,a_2a,56068,2,3,6,0,0,0,3,1,17
gated_alive:a_2a:56154,a_2a,56154,5,2,1,0,1,1,0,0,0
gated_alive:a_2a:56962,a_2a,56962,5,2,1,0,1,1,0,0,8
gated_alive:a_2a:59140,a_2a,59140,5,2,1,0,1,1,0,0,0
gated_alive:a_2a:59340,a_2a,59340,2,6,2,4,7,10,2,4,2
gated_alive:a_2a:59470,a_2a,59470,1,0,0,1,2,2,3,1,6
gated_alive:a_2a:59689,a_2a,59689,5,8,10,0,1,1,0,0,8
gated_alive:a_2a:59798,a_2a,59798,1,4,0,1,5,5,1,1,4
gated_alive:a_2a:60054,a_2a,60054,1,0,6,1,2,2,3,1,6
gated_alive:a_2a:60942,a_2a,60942,1,0,6,1,2,2,3,1,6
gated_alive:a_2a:61093,a_2a,61093,3,3,4,1,5,5,1,2,5
gated_alive:a_2a:61572,a_2a,61572,3,3,4,1,5,5,1,2,5
gated_alive:a_2a:61574,a_2a,61574,1,3,4,3,4,4,3,1,6
gated_alive:a_2a:61891,a_2a,61891,2,6,13,3,9,12,2,4,2
gated_alive:a_2a:62146,a_2a,62146,1,0,0,1,2,2,3,1,6
gated_alive:a_2a:62245,a_2a,62245,0,5,11,2,3,3,4,3,1
gated_alive:a_2a:62770,a_2a,62770,5,2,1,0,1,1,0,0,8
gated_alive:a_2a:62918,a_2a,62918,5,2,1,0,1,1,0,0,0
gated_alive:a_2a:63129,a_2a,63129,3,3,4,1,5,5,1,2,5
gated_alive:a_2a:64112,a_2a,64112,1,4,0,1,5,5,1,2,3
gated_alive:a_2a:64584,a_2a,64584,2,6,2,4,7,10,2,4,2
gated_alive:a_2a:64690,a_2a,64690,5,2,10,0,0,0,0,8,10
gated_alive:a_2a:64964,a_2a,64964,3,3,5,3,6,9,2,6,9
gated_alive:a_2a:65025,a_2a,65025,0,4,8,0,1,1,0,0,7
gated_alive:a_2a:65752,a_2a,65752,0,2,1,0,1,1,0,0,0
gated_alive:a_2a:66095,a_2a,66095,5,8,10,0,0,6,0,0,8
gated_alive:a_2a:66668,a_2a,66668,3,9,12,5,8,11,1,2,3
gated_alive:a_2a:66892,a_2a,66892,0,5,11,2,3,3,4,3,1
gated_alive:a_2a:66963,a_2a,66963,1,0,0,1,2,2,3,1,6
gated_alive:a_2a:67847,a_2a,67847,5,2,1,0,1,1,0,0,0
gated_alive:a_2a:67865,a_2a,67865,5,2,1,0,1,1,0,0,0
gated_alive:a_2a:68060,a_2a,68060,1,4,0,1,5,5,3,1,4
gated_alive:a_2a:68282,a_2a,68282,5,8,6,0,0,6,0,0,15
gated_alive:a_2a:68434,a_2a,68434,3,3,4,1,5,5,1,2,5
gated_alive:a_2a:68526,a_2a,68526,3,3,4,1,5,5,1,2,5
gated_alive:a_2a:69066,a_2a,69066,1,0,0,1,2,2,3,1,6
gated_alive:a_2a:69524,a_2a,69524,5,2,1,0,1,1,0,0,0
gated_alive:a_2a:70425,a_2a,70425,1,0,6,1,2,2,3,1,6
gated_alive:a_2a:70823,a_2a,70823,5,8,13,3,9,12,5,10,16
gated_alive:a_2a:70891,a_2a,70891,2,6,13,3,9,12,2,4,2
gated_alive:a_2a:71097,a_2a,71097,3,3,4,1,5,5,1,2,5
gated_alive:a_2a:71570,a_2a,71570,3,3,4,1,5,5,1,2,5
gated_alive:a_2a:71633,a_2a,71633,5,2,1,0,1,1,0,0,0
gated_alive:a_2a:72031,a_2a,72031,5,8,10,0,0,6,0,0,8
gated_alive:a_2a:72095,a_2a,72095,0,2,1,0,1,1,0,5,7
gated_alive:a_2a:72101,a_2a,72101,5,2,1,0,1,1,0,0,0
gated_alive:a_2a:72873,a_2a,72873,0,2,1,0,1,1,0,0,0
gated_alive:a_2a:73083,a_2a,73083,1,0,5,0,0,0,3,8,10
gated_alive:a_2a:73419,a_2a,73419,5,8,10,0,0,6,0,0,15
gated_alive:a_2a:73689,a_2a,73689,0,2,8,0,1,1,0,0,7
gated_alive:a_2a:74053,a_2a,74053,1,3,6,0,0,6,3,1,6
gated_alive:a_2a:74130,a_2a,74130,5,2,1,0,1,1,0,0,0
gated_alive:a_2a:74260,a_2a,74260,5,2,3,2,3,3,0,0,7
gated_alive:a_2a:74289,a_2a,74289,1,0,6,3,9,12,3,1,6
gated_alive:a_2a:74500,a_2a,74500,5,2,1,0,1,1,0,0,8
gated_alive:a_2a:74542,a_2a,74542,3,3,4,1,2,2,3,8,10
gated_alive:a_2a:75708,a_2a,75708,3,5,11,3,6,8,4,8,10
gated_alive:a_2a:77571,a_2a,77571,2,1,7,4,7,10,2,4,2
gated_alive:a_2a:77615,a_2a,77615,5,2,1,0,1,1,0,0,0
gated_alive:a_2a:77834,a_2a,77834,3,4,0,1,5,5,1,2,3
gated_alive:a_2a:78062,a_2a,78062,5,5,11,0,1,1,0,0,8
gated_alive:a_2a:78100,a_2a,78100,0,5,11,2,3,3,5,3,11
gated_alive:a_2a:78154,a_2a,78154,5,2,1,0,1,1,0,0,8
gated_alive:a_2a:78961,a_2a,78961,0,2,1,0,1,1,0,5,7
gated_alive:a_2a:79587,a_2a,79587,5,8,13,3,9,12,5,10,16
gated_alive:a_2a:79696,a_2a,79696,3,3,4,1,5,5,1,2,5
gated_alive:a_2a:79878,a_2a,79878,0,4,8,2,3,3,0,5,17
gated_alive:a_2a:80090,a_2a,80090,0,4,8,3,6,8,2,5,7
gated_alive:a_2a:80226,a_2a,80226,3,4,8,3,6,8,2,5,14
gated_alive:a_2a:80319,a_2a,80319,1,0,0,1,2,2,3,1,4
gated_alive:a_2a:81367,a_2a,81367,1,4,0,1,5,5,1,2,5
gated_alive:a_2a:81940,a_2a,81940,5,2,1,0,1,1,0,0,8
gated_alive:a_2a:82338,a_2a,82338,1,0,0,1,2,2,3,1,4
gated_alive:a_2a:82598,a_2a,82598,5,2,1,0,1,1,0,0,0
gated_alive:a_2a:82920,a_2a,82920,0,5,11,0,0,0,4,8,10
gated_alive:a_2a:83028,a_2a,83028,2,6,2,4,7,10,2,4,2
gated_alive:a_2a:83369,a_2a,83369,5,2,1,0,1,1,0,0,0
gated_alive:a_2a:83509,a_2a,83509,1,3,6,1,2,2,3,8,10
gated_alive:a_2a:83755,a_2a,83755,5,8,13,3,9,12,5,10,16
gated_alive:a_2a:84247,a_2a,84247,5,2,1,0,1,1,0,0,0
gated_alive:a_2a:84848,a_2a,84848,5,8,10,0,1,1,0,0,8
gated_alive:a_2a:86238,a_2a,86238,5,8,10,0,0,7,0,7,12
gated_alive:a_2a:86889,a_2a,86889,5,8,10,0,0,7,0,7,12
gated_alive:a_2a:87211,a_2a,87211,5,2,1,0,1,1,0,0,0
gated_alive:a_2a:88417,a_2a,88417,0,4,8,0,1,1,0,5,7
gated_alive:a_2a:89156,a_2a,89156,3,3,4,1,5,5,1,2,5
gated_alive:a_2a:89357,a_2a,89357,5,8,10,0,0,6,0,0,15
gated_alive:a_2a:89899,a_2a,89899,2,6,2,4,7,10,2,4,2
gated_alive:a_2a:90232,a_2a,90232,5,8,10,0,1,1,0,0,8
gated_alive:a_2a:91208,a_2a,91208,5,2,1,0,1,1,0,0,0
gated_alive:a_2a:91635,a_2a,91635,0,5,11,2,3,3,4,3,1
gated_alive:a_2a:92312,a_2a,92312,5,2,1,0,1,1,0,0,8
gated_alive:a_2a:93596,a_2a,93596,1,0,6,1,5,5,3,1,6
gated_alive:a_2a:93618,a_2a,93618,3,3,4,1,5,5,1,2,12
gated_alive:a_2a:93726,a_2a,93726,5,2,1,0,1,1,0,0,8
gated_alive:a_2a:93860,a_2a,93860,0,4,8,2,3,3,2,5,7
gated_alive:a_2a:94036,a_2a,94036,0,4,8,2,3,3,2,5,14
gated_alive:a_2a:94392,a_2a,94392,5,2,1,0,1,1,0,0,0
gated_alive:a_2a:95526,a_2a,95526,0,5,11,0,0,0,4,8,10
gated_alive:a_2a:96648,a_2a,96648,0,2,1,2,3,3,0,3,11
gated_alive:a_2a:97015,a_2a,97015,5,2,1,0,1,1,0,0,0
gated_alive:a_2a:97443,a_2a,97443,5,8,10,0,0,7,0,7,12
gated_alive:a_2a:97683,a_2a,97683,2,1,7,4,7,10,2,4,2
gated_alive:a_2a:98625,a_2a,98625,5,2,1,0,1,1,0,0,0
gated_alive:a_2a:99237,a_2a,99237,5,8,10,0,0,6,0,0,8
gated_alive:a_2a:99256,a_2a,99256,5,8,10,0,0,6,0,0,15
gated_alive:a_2a:99543,a_2a,99543,5,2,1,0,0,7,0,7,12
gated_alive:a_2a:100013,a_2a,100013,5,2,1,0,1,1,0,0,0
gated_alive:a_2a:100047,a_2a,100047,5,2,1,0,1,1,0,8,10
gated_alive:a_2a:100459,a_2a,100459,3,4,8,3,6,8,2,5,7
gated_alive:a_2a:101210,a_2a,101210,3,8,13,0,0,7,4,7,12
gated_alive:a_2a:101996,a_2a,101996,5,8,13,3,9,12,5,10,16
gated_alive:a_2a:102984,a_2a,102984,5,8,10,0,1,1,0,0,0
gated_alive:a_2a:103194,a_2a,103194,5,2,1,0,1,1,0,0,0
gated_alive:a_2a:103416,a_2a,103416,1,3,6,1,5,5,1,2,5
gated_alive:a_2a:104438,a_2a,104438,1,0,0,1,2,2,3,1,6
gated_alive:a_2a:104674,a_2a,104674,1,5,6,0,0,6,4,3,15
gated_alive:a_2a:105940,a_2a,105940,3,8,10,3,4,4,4,2,5
gated_alive:a_2a:106828,a_2a,106828,0,5,11,0,0,0,4,3,1
gated_alive:a_2a:106985,a_2a,106985,1,0,6,1,2,2,3,8,10
gated_alive:a_2a:107187,a_2a,107187,0,5,11,2,3,3,4,3,1
gated_alive:a_2a:107365,a_2a,107365,5,8,10,0,1,1,0,0,0
gated_alive:a_2a:107670,a_2a,107670,5,8,10,0,1,1,0,0,15
gated_alive:a_2a:107770,a_2a,107770,5,2,1,0,1,1,0,0,8
gated_alive:a_2a:107785,a_2a,107785,0,5,11,2,3,3,4,3,1
gated_alive:a_2a:108425,a_2a,108425,5,2,1,0,1,1,0,0,0
gated_alive:a_2a:109158,a_2a,109158,0,2,1,2,3,3,0,5,7
gated_alive:a_2a:109289,a_2a,109289,1,0,6,1,5,5,3,1,12
gated_alive:a_2a:109552,a_2a,109552,2,6,2,4,7,10,2,4,2
gated_alive:a_2a:109958,a_2a,109958,3,3,4,1,5,5,1,2,5
gated_alive:a_2a:111555,a_2a,111555,1,0,0,1,5,5,3,1,4
gated_alive:a_2a:112136,a_2a,112136,0,5,11,2,3,3,4,3,1
gated_alive:a_2a:112233,a_2a,112233,5,2,1,0,1,1,0,0,0
gated_alive:a_2a:112457,a_2a,112457,0,5,11,0,0,6,4,3,1
gated_alive:a_2a:112618,a_2a,112618,5,8,10,0,0,6,2,5,14
gated_alive:a_2a:113542,a_2a,113542,5,8,10,0,0,6,0,0,8
gated_alive:a_2a:113767,a_2a,113767,5,2,1,3,9,12,0,0,8
gated_alive:a_2a:114256,a_2a,114256,1,0,6,1,2,2,3,1,6
gated_alive:a_2a:114697,a_2a,114697,0,2,1,0,1,1,0,0,8
gated_alive:a_2a:115017,a_2a,115017,2,6,2,4,7,10,2,4,2
gated_alive:a_2a:115238,a_2a,115238,0,5,11,0,0,6,4,3,15
gated_alive:a_2a:115378,a_2a,115378,3,3,6,1,2,2,1,2,5
gated_alive:a_2a:115608,a_2a,115608,0,4,8,3,6,8,2,5,14
gated_alive:a_2a:116100,a_2a,116100,5,8,6,0,0,6,0,0,15
gated_alive:a_2a:116660,a_2a,116660,3,8,10,0,1,1,0,0,8
gated_alive:a_2a:118390,a_2a,118390,5,2,1,0,1,1,0,0,0
gated_alive:a_2a:118428,a_2a,118428,1,3,4,1,5,5,1,2,5
gated_alive:a_2a:119737,a_2a,119737,5,2,1,0,1,1,0,0,0
gated_alive:a_2a:120113,a_2a,120113,3,8,5,3,6,9,2,6,9
gated_alive:a_2a:120330,a_2a,120330,5,2,1,0,1,1,0,0,0
gated_alive:a_2a:120940,a_2a,120940,0,5,11,2,3,3,4,3,1
gated_alive:a_2a:120963,a_2a,120963,0,5,11,2,3,3,4,3,1
gated_alive:a_2a:121225,a_2a,121225,1,0,0,1,5,5,3,1,5
gated_alive:a_2a:121542,a_2a,121542,0,2,1,0,0,7,0,7,12
gated_alive:a_2a:121610,a_2a,121610,5,8,10,0,1,1,0,0,8
gated_alive:a_2a:121909,a_2a,121909,2,6,2,4,7,10,2,4,2
gated_alive:a_2a:122039,a_2a,122039,0,5,11,2,3,3,4,3,1
gated_alive:a_2a:122438,a_2a,122438,3,3,4,1,5,5,1,2,5
gated_alive:a_2a:122633,a_2a,122633,1,0,6,1,2,2,3,1,6
gated_alive:a_2a:122984,a_2a,122984,5,2,10,0,0,7,0,7,12
gated_alive:a_2a:124208,a_2a,124208,1,0,6,1,2,2,3,1,6
gated_alive:a_2a:125242,a_2a,125242,3,3,4,1,5,5,1,2,5
gated_alive:a_2a:126099,a_2a,126099,5,8,10,0,0,6,0,0,8
gated_alive:a_2a:126145,a_2a,126145,3,3,4,1,5,5,1,2,3
gated_alive:a_2a:127674,a_2a,127674,0,5,11,2,3,3,4,3,1
gated_alive:a_2a:128342,a_2a,128342,0,4,8,2,3,3,0,5,7
gated_alive:a_2a:128413,a_2a,128413,3,4,8,1,5,5,2,5,14
gated_alive:a_2a:128906,a_2a,128906,3,3,4,1,5,5,1,2,5
gated_alive:a_2a:130948,a_2a,130948,2,6,2,4,7,10,2,4,2
gated_alive:a_2a:130976,a_2a,130976,3,8,10,0,0,0,4,8,10
gated_alive:a_2a:131456,a_2a,131456,5,2,1,0,1,1,0,0,0
gated_alive:a_2a:131938,a_2a,131938,1,0,0,0,0,6,3,1,4
gated_alive:a_2a:132074,a_2a,132074,0,5,11,2,3,3,4,3,1
gated_alive:a_2a:132079,a_2a,132079,1,0,0,1,2,2,3,1,4
gated_alive:a_2a:133550,a_2a,133550,3,3,4,1,5,5,1,2,3
gated_alive:a_2a:133910,a_2a,133910,5,2,1,0,0,0,0,8,10
gated_alive:a_2a:135004,a_2a,135004,0,5,11,0,0,0,4,8,10
gated_alive:a_2a:135394,a_2a,135394,2,8,13,3,9,12,5,10,16
gated_alive:a_2a:136077,a_2a,136077,0,5,11,2,3,3,4,3,11
gated_alive:a_2a:136554,a_2a,136554,3,3,4,1,5,5,1,2,5
gated_alive:a_2a:136763,a_2a,136763,5,2,1,0,1,1,0,0,8
gated_alive:a_2a:137209,a_2a,137209,2,1,7,4,7,13,2,4,2
gated_alive:a_2a:137228,a_2a,137228,0,5,11,0,0,0,4,8,10
gated_alive:a_2a:137399,a_2a,137399,0,2,1,0,1,1,0,5,7
gated_alive:a_2a:138794,a_2a,138794,0,5,11,2,3,3,4,5,7
gated_alive:a_2a:138891,a_2a,138891,5,8,13,3,9,12,5,10,16
gated_alive:a_2a:140210,a_2a,140210,3,3,4,1,5,5,1,2,5
gated_alive:a_2a:141075,a_2a,141075,3,3,4,1,5,5,1,2,5
gated_alive:a_2a:141335,a_2a,141335,0,5,11,2,3,3,4,3,1
gated_alive:a_2a:141480,a_2a,141480,1,0,0,1,2,2,3,1,6
gated_alive:a_2a:141765,a_2a,141765,5,8,10,0,1,1,0,0,0
gated_alive:a_2a:141867,a_2a,141867,5,2,1,0,1,1,0,0,0
gated_alive:a_2a:142777,a_2a,142777,5,2,1,0,1,1,0,0,0
gated_alive:a_2a:143376,a_2a,143376,3,3,6,3,9,12,1,2,5
gated_alive:a_2a:145242,a_2a,145242,1,0,6,1,2,2,3,1,6
gated_alive:a_2a:145785,a_2a,145785,3,3,4,1,5,5,1,2,5
gated_alive:a_2a:146388,a_2a,146388,5,2,1,0,1,1,0,0,0
gated_alive:a_2a:146453,a_2a,146453,0,5,11,2,3,3,4,3,1
gated_alive:a_2a:146541,a_2a,146541,5,8,10,0,0,6,0,0,12
gated_alive:a_2a:146591,a_2a,146591,5,2,1,0,1,1,0,0,8
gated_alive:a_2a:146705,a_2a,146705,2,6,2,4,7,10,2,4,2
gated_alive:a_2a:149149,a_2a,149149,5,2,1,0,1,1,0,0,8
gated_alive:a_2a:149155,a_2a,149155,1,0,6,1,5,5,3,1,6
gated_alive:a_2a:149453,a_2a,149453,0,5,11,0,0,7,4,7,12
gated_alive:a_2a:151191,a_2a,151191,0,5,11,2,3,3,4,3,1
gated_alive:a_2a:151241,a_2a,151241,0,2,8,0,1,1,2,5,7
gated_alive:a_2a:151291,a_2a,151291,1,4,0,1,5,5,1,1,4
gated_alive:a_2a:151557,a_2a,151557,2,8,10,0,0,6,0,7,12
gated_alive:a_2a:151602,a_2a,151602,3,3,4,1,5,5,1,2,5
gated_alive:a_2a:152015,a_2a,152015,3,3,5,3,6,9,2,6,9
gated_alive:a_2a:152082,a_2a,152082,5,2,1,0,1,1,0,0,8
gated_alive:a_2a:152929,a_2a,152929,5,8,10,0,0,0,0,8,10
gated_alive:a_2a:153754,a_2a,153754,1,0,6,1,2,2,3,1,6
gated_alive:a_2a:154251,a_2a,154251,1,0,6,1,2,2,3,1,6
gated_alive:a_2a:154525,a_2a,154525,1,3,6,1,5,5,1,2,5
gated_alive:a_2a:155939,a_2a,155939,5,2,1,0,1,1,0,0,8
gated_alive:a_2a:156006,a_2a,156006,1,0,0,1,2,2,3,1,6
gated_alive:a_2a:156851,a_2a,156851,3,3,5,3,6,9,2,6,9
gated_alive:a_2a:157783,a_2a,157783,3,3,5,3,6,9,2,6,9
gated_alive:a_2a:157900,a_2a,157900,0,5,11,0,1,1,4,5,7
gated_alive:a_2a:161070,a_2a,161070,3,4,8,3,6,8,2,5,14
gated_alive:a_2a:161252,a_2a,161252,5,0,6,1,2,2,3,1,15
gated_alive:a_2a:161800,a_2a,161800,5,2,1,0,1,1,0,0,0
gated_alive:a_2a:162467,a_2a,162467,3,3,4,1,5,5,1,2,5
gated_alive:a_2a:162688,a_2a,162688,0,4,8,2,3,3,0,5,7
gated_alive:a_2a:163368,a_2a,163368,3,3,4,1,5,5,1,2,5
gated_alive:a_2a:163532,a_2a,163532,0,5,11,2,3,3,4,3,1
gated_alive:a_2a:163812,a_2a,163812,5,2,1,0,1,1,0,0,0
gated_alive:a_2a:164322,a_2a,164322,3,3,4,1,5,5,1,2,5
gated_alive:a_2a:165271,a_2a,165271,0,5,8,0,1,1,4,5,7
gated_alive:a_2a:165656,a_2a,165656,3,3,4,1,5,5,1,2,5
gated_alive:a_2a:165901,a_2a,165901,1,0,0,1,2,2,3,1,6
gated_alive:a_2a:167380,a_2a,167380,1,0,6,3,4,4,3,1,17
gated_alive:a_2a:167830,a_2a,167830,0,4,8,0,1,1,0,5,7
gated_alive:a_2a:168318,a_2a,168318,1,5,6,0,0,6,4,3,15
gated_alive:a_2a:169479,a_2a,169479,1,0,6,1,2,2,3,1,6
gated_alive:a_2a:170694,a_2a,170694,3,3,4,1,5,5,1,2,5
gated_alive:a_2a:170920,a_2a,170920,3,2,8,2,3,3,2,5,14
gated_alive:a_2a:171258,a_2a,171258,1,0,0,1,2,2,3,1,4
gated_alive:a_2a:171607,a_2a,171607,2,6,2,4,7,10,2,4,2
gated_alive:a_2a:171734,a_2a,171734,5,8,10,0,0,6,0,0,0
gated_alive:a_2a:171798,a_2a,171798,1,0,0,1,2,2,3,1,4
gated_alive:a_2a:171954,a_2a,171954,1,3,4,1,5,5,1,2,5
gated_alive:a_2a:172975,a_2a,172975,5,2,1,0,1,1,0,0,0
gated_alive:a_2a:173042,a_2a,173042,5,2,1,0,1,1,0,0,0
gated_alive:a_2a:173072,a_2a,173072,5,8,10,0,1,1,0,8,10
gated_alive:a_2a:173096,a_2a,173096,5,8,10,0,1,1,0,0,0
gated_alive:a_2a:173562,a_2a,173562,0,5,11,0,0,0,4,8,10
gated_alive:a_2a:173927,a_2a,173927,3,3,4,1,5,5,1,2,5
gated_alive:a_2a:174563,a_2a,174563,0,4,8,1,5,5,0,5,7
gated_alive:a_2a:174613,a_2a,174613,0,5,11,2,3,3,4,3,1
gated_alive:a_2a:174669,a_2a,174669,3,3,5,3,6,8,2,6,9
gated_alive:a_2a:174684,a_2a,174684,0,4,8,2,3,3,0,5,7
gated_alive:a_2a:174744,a_2a,174744,5,8,10,3,4,4,0,0,10
gated_alive:a_2a:175533,a_2a,175533,3,3,6,0,1,1,1,2,5
gated_alive:a_2a:175542,a_2a,175542,3,3,4,1,5,5,1,2,5
gated_alive:a_2a:176404,a_2a,176404,0,2,1,0,0,0,0,8,10
gated_alive:a_2a:176921,a_2a,176921,0,5,11,2,3,3,4,3,1
gated_alive:a_2a:177271,a_2a,177271,3,3,6,3,4,4,3,1,17
gated_alive:a_2a:177508,a_2a,177508,5,3,4,1,2,2,0,0,8
gated_alive:a_2a:178629,a_2a,178629,5,2,1,0,0,0,0,8,10
gated_alive:a_2a:178730,a_2a,178730,1,0,6,3,4,4,3,1,17
gated_alive:a_2a:179097,a_2a,179097,0,5,11,2,3,3,4,3,1
gated_alive:a_2a:179619,a_2a,179619,3,3,6,0,0,7,3,1,6
gated_alive:a_2a:180028,a_2a,180028,3,3,4,1,5,5,1,2,5
gated_alive:a_2a:180240,a_2a,180240,5,8,10,0,0,0,0,8,10
gated_alive:a_2a:180656,a_2a,180656,3,3,4,1,2,2,1,2,5
gated_alive:a_2a:181050,a_2a,181050,1,4,0,1,5,5,1,2,4
gated_alive:a_2a:181888,a_2a,181888,0,5,11,2,3,3,4,3,1
gated_alive:a_2a:182020,a_2a,182020,3,3,4,1,5,5,1,2,5
gated_alive:a_2a:182728,a_2a,182728,5,8,10,0,1,1,0,0,15
gated_alive:a_2a:184603,a_2a,184603,5,2,1,0,1,1,0,0,0
gated_alive:a_2a:184605,a_2a,184605,3,3,4,1,5,5,1,2,5
gated_alive:a_2a:185096,a_2a,185096,3,3,4,1,5,5,1,2,5
gated_alive:a_2a:187128,a_2a,187128,5,8,6,0,0,7,0,7,12
gated_alive:a_2a:188550,a_2a,188550,0,5,11,2,3,3,4,3,1
gated_alive:a_2a:189519,a_2a,189519,5,2,1,0,1,1,0,0,0
gated_alive:a_2a:190013,a_2a,190013,5,2,1,0,1,1,0,0,0
gated_alive:a_2a:191595,a_2a,191595,5,8,10,0,1,1,0,0,15
gated_alive:a_2a:191763,a_2a,191763,1,0,6,0,0,6,3,1,6
gated_alive:a_2a:192688,a_2a,192688,3,8,6,2,3,3,4,3,15
gated_alive:a_2a:192920,a_2a,192920,3,8,10,0,1,1,0,5,7
gated_alive:a_2a:193056,a_2a,193056,5,2,1,0,1,1,0,0,0
gated_alive:a_2a:193136,a_2a,193136,0,4,8,2,3,3,0,5,7
gated_alive:a_2a:193326,a_2a,193326,0,4,8,2,3,3,2,5,7
gated_alive:a_2a:194767,a_2a,194767,0,5,11,2,3,3,4,3,1
gated_alive:a_2a:195260,a_2a,195260,0,5,11,2,3,3,4,3,1
gated_alive:a_2a:195262,a_2a,195262,3,3,4,1,5,5,1,2,5
gated_alive:a_2a:195451,a_2a,195451,0,5,11,2,3,3,4,3,1
gated_alive:a_2a:197330,a_2a,197330,0,5,11,0,0,0,4,8,10
gated_alive:a_2a:197908,a_2a,197908,1,0,0,1,2,2,3,1,6
gated_alive:a_2a:198267,a_2a,198267,2,6,2,4,7,10,2,4,2
gated_alive:a_2a:198374,a_2a,198374,5,2,1,0,1,1,0,0,0
gated_alive:a_2a:198438,a_2a,198438,5,2,1,0,1,1,0,0,0
gated_alive:a_2a:199087,a_2a,199087,3,4,4,1,5,5,1,2,3
gated_alive:a_2a:199356,a_2a,199356,5,8,10,0,1,1,0,0,15
gated_alive:a_2a:200134,a_2a,200134,1,0,6,1,2,2,3,1,6
gated_alive:a_2a:201833,a_2a,201833,3,3,4,1,5,5,1,2,5
gated_alive:a_2a:202177,a_2a,202177,5,2,1,0,0,0,0,8,10
gated_alive:a_2a:202854,a_2a,202854,1,0,6,1,5,5,3,1,6
gated_alive:a_2a:202992,a_2a,202992,5,8,13,3,9,12,5,10,16
gated_alive:a_2a:204049,a_2a,204049,0,5,11,2,3,3,4,3,1
gated_alive:a_2a:204227,a_2a,204227,5,2,1,0,1,1,0,0,0
gated_alive:a_2a:204341,a_2a,204341,5,8,10,0,0,6,0,0,0
gated_alive:a_2a:205255,a_2a,205255,3,3,4,1,5,5,1,2,5
gated_alive:a_2a:205816,a_2a,205816,3,3,4,1,5,5,1,2,5
gated_alive:a_2a:205820,a_2a,205820,1,0,6,1,2,2,3,1,6
gated_alive:a_2a:206364,a_2a,206364,1,0,6,1,2,2,3,1,6
gated_alive:a_2a:207010,a_2a,207010,5,2,1,0,1,1,0,0,0
gated_alive:a_2a:208303,a_2a,208303,5,8,13,3,9,12,5,10,16
gated_alive:a_2a:209017,a_2a,209017,0,5,11,2,3,3,4,3,1
gated_alive:a_2a:210000,a_2a,210000,1,0,0,1,2,2,3,1,4
gated_alive:a_2a:210913,a_2a,210913,1,0,6,1,2,2,3,1,6
gated_alive:a_2a:211114,a_2a,211114,5,8,10,0,1,1,0,0,0
gated_alive:a_2a:212039,a_2a,212039,3,3,4,1,5,5,1,2,5
gated_alive:a_2a:212256,a_2a,212256,1,0,6,1,2,2,3,1,6
gated_alive:a_2a:212575,a_2a,212575,0,4,8,0,0,7,0,5,7
gated_alive:a_2a:212729,a_2a,212729,1,0,0,1,2,2,3,1,6
gated_alive:a_2a:213186,a_2a,213186,3,3,4,1,5,5,1,2,5
gated_alive:a_2a:213701,a_2a,213701,5,2,1,0,0,7,0,7,12
gated_alive:a_2a:214294,a_2a,214294,1,4,8,2,3,3,3,5,7
gated_alive:a_2a:215131,a_2a,215131,0,5,11,2,3,3,4,3,11
gated_alive:a_2a:215644,a_2a,215644,5,2,1,0,1,1,0,0,0
gated_alive:a_2a:215680,a_2a,215680,0,4,8,2,3,3,0,5,7
gated_alive:a_2a:216296,a_2a,216296,5,2,1,0,1,1,0,0,8
gated_alive:a_2a:217277,a_2a,217277,3,3,4,1,5,5,1,2,3
gated_alive:a_2a:218201,a_2a,218201,3,9,13,4,7,10,2,5,14
gated_alive:a_2a:218588,a_2a,218588,3,3,4,1,5,5,1,2,5
gated_alive:a_2a:218953,a_2a,218953,0,4,8,2,3,3,2,5,7
gated_alive:a_2a:219080,a_2a,219080,0,2,1,0,0,7,0,7,12
gated_alive:a_2a:219956,a_2a,219956,5,2,1,0,1,1,0,0,0
gated_alive:a_2a:219970,a_2a,219970,0,4,8,0,1,1,0,5,7
gated_alive:a_2a:220319,a_2a,220319,5,8,10,0,0,7,0,7,12
gated_alive:a_2a:221265,a_2a,221265,3,4,4,1,5,5,1,2,5
gated_alive:a_2a:221598,a_2a,221598,0,5,11,2,3,3,4,3,1
gated_alive:a_2a:221862,a_2a,221862,2,4,8,3,6,8,2,5,14
gated_alive:a_2a:221942,a_2a,221942,5,2,1,0,0,7,0,7,12
gated_alive:a_2a:222012,a_2a,222012,5,2,1,0,1,1,0,0,0
gated_alive:a_2a:222388,a_2a,222388,5,2,1,0,0,0,0,8,10
gated_alive:a_2a:222926,a_2a,222926,3,3,4,1,5,5,1,2,5
gated_alive:a_2a:223243,a_2a,223243,5,2,1,0,0,7,0,7,12
gated_alive:a_2a:223313,a_2a,223313,1,0,0,1,2,2,3,1,4
gated_alive:a_2a:224146,a_2a,224146,0,4,13,3,9,12,5,10,16
gated_alive:a_2a:225047,a_2a,225047,5,2,10,0,1,1,0,0,8
gated_alive:a_2a:225215,a_2a,225215,0,5,11,2,3,3,4,3,1
gated_alive:a_2a:225371,a_2a,225371,1,4,8,3,6,8,2,5,14
gated_alive:a_2a:225546,a_2a,225546,1,0,0,1,2,2,3,1,4
gated_alive:a_2a:226882,a_2a,226882,2,6,2,3,6,8,2,4,2
gated_alive:a_2a:227315,a_2a,227315,4,7,9,5,8,11,6,9,13
gated_alive:a_2a:227510,a_2a,227510,0,5,11,2,3,3,4,3,1
gated_alive:a_2a:228118,a_2a,228118,1,0,0,1,2,2,3,1,6
gated_alive:a_2a:228493,a_2a,228493,1,3,4,1,5,5,1,2,5
gated_alive:a_2a:228798,a_2a,228798,2,1,7,4,7,13,2,4,2
gated_alive:a_2a:229272,a_2a,229272,1,4,8,3,6,8,2,5,14
gated_alive:a_2a:230002,a_2a,230002,0,5,11,2,3,3,4,3,1
gated_alive:a_2a:230715,a_2a,230715,5,8,10,0,1,1,0,0,8
gated_alive:a_2a:231033,a_2a,231033,4,7,9,3,9,12,2,4,13
gated_alive:a_2a:231082,a_2a,231082,0,4,8,2,3,3,0,5,7
gated_alive:a_2a:232065,a_2a,232065,0,5,11,2,3,3,4,3,1
gated_alive:a_2a:232323,a_2a,232323,3,3,4,1,5,5,1,2,5
gated_alive:a_2a:232689,a_2a,232689,5,2,1,0,1,1,0,0,8
gated_alive:a_2a:233029,a_2a,233029,1,0,6,3,4,4,3,1,17
gated_alive:a_2a:233448,a_2a,233448,0,5,11,2,3,3,4,3,1
gated_alive:a_2a:234290,a_2a,234290,3,9,12,3,6,8,1,6,3
gated_alive:a_2a:234313,a_2a,234313,3,3,4,1,5,5,1,2,5
gated_alive:a_2a:234741,a_2a,234741,0,2,3,2,3,3,5,3,11
gated_alive:a_2a:234847,a_2a,234847,1,0,0,1,2,2,3,1,4
gated_alive:a_2a:236736,a_2a,236736,3,3,4,1,5,5,1,2,5
gated_alive:a_2a:236896,a_2a,236896,0,2,1,0,1,1,0,0,8
gated_alive:a_2b:10,a_2b,10,1,0,0,1,2,2,3,1,6
gated_alive:a_2b:463,a_2b,463,2,4,13,3,9,12,2,10,16
gated_alive:a_2b:620,a_2b,620,5,8,10,0,0,6,0,0,0
gated_alive:a_2b:850,a_2b,850,0,4,8,1,5,5,2,5,7
gated_alive:a_2b:1395,a_2b,1395,0,5,11,2,3,3,4,3,1
gated_alive:a_2b:1423,a_2b,1423,0,5,11,2,3,3,4,3,1
gated_alive:a_2b:1453,a_2b,1453,0,5,11,2,3,3,4,3,1
gated_alive:a_2b:1894,a_2b,1894,0,2,1,0,1,1,0,0,0
gated_alive:a_2b:2011,a_2b,2011,0,5,11,2,3,3,4,3,1
gated_alive:a_2b:2219,a_2b,2219,5,2,1,0,1,1,0,0,0
gated_alive:a_2b:2392,a_2b,2392,5,2,1,3,6,8,0,0,0
gated_alive:a_2b:2480,a_2b,2480,3,3,4,1,5,5,1,2,5
gated_alive:a_2b:2485,a_2b,2485,1,3,4,1,5,5,1,2,5
gated_alive:a_2b:2594,a_2b,2594,3,9,12,1,5,5,1,2,5
gated_alive:a_2b:2621,a_2b,2621,3,3,6,0,0,6,3,1,6
gated_alive:a_2b:3102,a_2b,3102,1,0,0,1,2,2,3,1,6
gated_alive:a_2b:3295,a_2b,3295,0,5,11,2,3,3,4,3,1
gated_alive:a_2b:3316,a_2b,3316,0,5,11,2,3,3,4,3,1
gated_alive:a_2b:3424,a_2b,3424,1,0,6,1,2,2,3,1,6
gated_alive:a_2b:3887,a_2b,3887,0,5,11,2,3,3,4,3,1
gated_alive:a_2b:3950,a_2b,3950,0,5,11,2,3,3,4,3,1
gated_alive:a_2b:4210,a_2b,4210,0,5,11,0,0,6,4,3,1
gated_alive:a_2b:4247,a_2b,4247,5,2,1,0,1,1,0,0,0
gated_alive:a_2b:4382,a_2b,4382,1,8,6,1,2,2,3,8,10
gated_alive:a_2b:4514,a_2b,4514,0,4,8,2,3,3,0,5,7
gated_alive:a_2b:4854,a_2b,4854,0,5,11,2,3,3,4,3,1
gated_alive:a_2b:4894,a_2b,4894,0,5,11,2,3,3,4,3,1
gated_alive:a_2b:4957,a_2b,4957,1,3,4,1,5,5,1,2,5
gated_alive:a_2b:5150,a_2b,5150,1,0,0,1,2,2,3,1,6
gated_alive:a_2b:5275,a_2b,5275,1,0,6,1,2,2,3,1,6
gated_alive:a_2b:5687,a_2b,5687,3,3,4,1,5,5,1,2,5
gated_alive:a_2b:5701,a_2b,5701,0,4,8,0,1,1,0,5,7
gated_alive:a_2b:5903,a_2b,5903,1,0,0,1,2,2,3,1,6
gated_alive:a_2b:6230,a_2b,6230,0,5,11,2,3,3,4,3,1
gated_alive:a_2b:6471,a_2b,6471,1,4,8,0,1,1,6,9,13
gated_alive:a_2b:7286,a_2b,7286,0,5,11,2,3,3,4,3,1
gated_alive:a_2b:7449,a_2b,7449,1,0,0,1,2,2,3,1,6
gated_alive:a_2b:7469,a_2b,7469,1,0,6,1,2,2,3,1,6
gated_alive:a_2b:7510,a_2b,7510,1,0,0,1,2,2,3,1,6
gated_alive:a_2b:7649,a_2b,7649,0,5,11,0,0,7,4,7,12
gated_alive:a_2b:7714,a_2b,7714,1,0,0,1,5,5,1,2,5
gated_alive:a_2b:8014,a_2b,8014,1,0,0,2,3,3,3,1,4
gated_alive:a_2b:8905,a_2b,8905,0,5,11,2,3,3,4,3,1
gated_alive:a_2b:9096,a_2b,9096,1,0,6,1,2,2,3,1,6
gated_alive:a_2b:9400,a_2b,9400,3,3,4,1,5,5,1,2,5
gated_alive:a_2b:9958,a_2b,9958,0,4,8,0,1,1,2,5,7
gated_alive:a_2b:10061,a_2b,10061,0,5,11,0,0,6,4,3,1
gated_alive:a_2b:10119,a_2b,10119,1,0,6,1,2,2,3,1,6
gated_alive:a_2b:10124,a_2b,10124,1,0,6,1,2,2,3,1,6
gated_alive:a_2b:10515,a_2b,10515,3,3,4,1,5,5,1,2,5
gated_alive:a_2b:10609,a_2b,10609,1,0,6,1,2,2,3,1,6
gated_alive:a_2b:10747,a_2b,10747,3,3,4,1,5,5,1,2,5
gated_alive:a_2b:10752,a_2b,10752,3,3,4,1,5,5,1,2,5
gated_alive:a_2b:10792,a_2b,10792,5,2,3,0,1,1,5,3,11
gated_alive:a_2b:10932,a_2b,10932,0,5,11,3,4,4,4,3,1
gated_alive:a_2b:10981,a_2b,10981,5,2,1,0,1,1,0,0,8
gated_alive:a_2b:10989,a_2b,10989,5,2,3,0,1,1,0,0,8
gated_alive:a_2b:11742,a_2b,11742,0,5,11,2,3,3,4,3,1
gated_alive:a_2b:11988,a_2b,11988,0,5,11,2,3,3,4,3,1
gated_alive:a_2b:12099,a_2b,12099,5,8,10,0,0,6,0,0,8
gated_alive:a_2b:12230,a_2b,12230,5,2,1,0,1,1,0,0,0
gated_alive:a_2b:12445,a_2b,12445,0,5,11,2,3,3,4,3,1
gated_alive:a_2b:12635,a_2b,12635,1,0,0,1,2,2,3,1,6
gated_alive:a_2b:12677,a_2b,12677,0,5,11,2,3,3,4,3,1
gated_alive:a_2b:13095,a_2b,13095,0,5,11,0,0,0,4,8,10
gated_alive:a_2b:13606,a_2b,13606,0,2,1,2,3,3,0,5,7
gated_alive:a_2b:13770,a_2b,13770,1,0,6,0,0,6,0,1,6
gated_alive:a_2b:14158,a_2b,14158,0,4,8,2,3,3,0,5,7
gated_alive:a_2b:14434,a_2b,14434,0,4,8,2,3,3,5,3,11
gated_alive:a_2b:15537,a_2b,15537,1,4,13,3,9,12,5,10,16
gated_alive:a_2b:15636,a_2b,15636,0,5,11,2,3,3,4,3,1
gated_alive:a_2b:15683,a_2b,15683,1,0,0,1,2,2,3,1,6
gated_alive:a_2b:15890,a_2b,15890,1,0,0,1,2,2,3,1,4
gated_alive:a_2b:15991,a_2b,15991,0,5,8,2,3,3,4,5,7
gated_alive:a_2b:16161,a_2b,16161,1,0,6,3,9,12,5,10,16
gated_alive:a_2b:16164,a_2b,16164,0,4,8,2,3,3,0,5,7
gated_alive:a_2b:16266,a_2b,16266,1,0,0,1,5,5,3,1,6
gated_alive:a_2b:16478,a_2b,16478,5,2,1,0,1,1,0,0,0
gated_alive:a_2b:16507,a_2b,16507,0,4,8,1,5,5,2,5,7
gated_alive:a_2b:16536,a_2b,16536,3,3,4,1,5,5,1,2,12
gated_alive:a_2b:16652,a_2b,16652,3,3,4,0,0,6,1,2,5
gated_alive:a_2b:16727,a_2b,16727,0,4,8,2,3,3,2,5,7
gated_alive:a_2b:16750,a_2b,16750,3,4,4,1,5,5,1,2,3
gated_alive:a_2b:16859,a_2b,16859,0,4,8,2,3,3,5,3,11
gated_alive:a_2b:16968,a_2b,16968,3,3,4,1,5,5,1,2,5
gated_alive:a_2b:17060,a_2b,17060,0,5,11,2,3,3,4,3,1
gated_alive:a_2b:17143,a_2b,17143,0,2,1,0,1,1,0,5,7
gated_alive:a_2b:17481,a_2b,17481,5,2,1,0,1,1,0,0,0
gated_alive:a_2b:17698,a_2b,17698,3,3,3,0,0,7,5,7,12
gated_alive:a_2b:17804,a_2b,17804,1,0,0,1,2,2,3,1,6
gated_alive:a_2b:17866,a_2b,17866,5,5,1,0,1,1,0,0,0
gated_alive:a_2b:18013,a_2b,18013,5,2,1,0,1,1,0,0,0
gated_alive:a_2b:18099,a_2b,18099,1,0,0,1,5,5,3,1,4
gated_alive:a_2b:18427,a_2b,18427,0,4,8,3,6,8,1,5,7
gated_alive:a_2b:18891,a_2b,18891,1,4,0,1,5,5,1,2,5
gated_alive:a_2b:18902,a_2b,18902,5,2,1,0,0,7,0,7,12
gated_alive:a_2b:19015,a_2b,19015,0,5,11,2,3,3,4,3,1
gated_alive:a_2b:19168,a_2b,19168,0,4,8,2,3,3,5,3,11
gated_alive:a_2b:19194,a_2b,19194,0,5,11,2,3,3,4,3,1
gated_alive:a_2b:19616,a_2b,19616,3,3,4,1,5,5,1,2,5
gated_alive:a_2b:20010,a_2b,20010,1,0,6,1,2,2,3,1,6
gated_alive:a_2b:20069,a_2b,20069,3,3,4,1,5,5,1,2,5
gated_alive:a_2b:20238,a_2b,20238,0,5,13,3,9,12,5,10,16
gated_alive:a_2b:20359,a_2b,20359,0,2,1,0,1,1,0,0,0
gated_alive:a_2b:20484,a_2b,20484,1,0,0,1,2,2,3,1,6
gated_alive:a_2b:20752,a_2b,20752,0,4,8,2,3,3,2,5,14
gated_alive:a_2b:20946,a_2b,20946,5,2,1,0,0,6,0,0,15
gated_alive:a_2b:21023,a_2b,21023,1,0,0,1,2,2,3,1,6
gated_alive:a_2b:21057,a_2b,21057,1,0,6,1,2,2,3,1,6
gated_alive:a_2b:21148,a_2b,21148,5,4,8,0,1,1,0,5,14
gated_alive:a_2b:21154,a_2b,21154,0,5,11,2,3,3,4,3,1
gated_alive:a_2b:21223,a_2b,21223,0,5,11,0,0,0,4,3,1
gated_alive:a_2b:21555,a_2b,21555,5,2,10,0,1,1,0,0,0
gated_alive:a_2b:21910,a_2b,21910,5,2,1,0,1,1,0,0,0
gated_alive:a_2b:22308,a_2b,22308,0,5,11,2,3,3,4,3,1
gated_alive:a_2b:22462,a_2b,22462,5,8,10,0,1,1,0,0,0
gated_alive:a_2b:22648,a_2b,22648,0,5,11,2,3,3,4,3,1
gated_alive:a_2b:22689,a_2b,22689,5,2,1,0,1,1,0,0,0
gated_alive:a_2b:22802,a_2b,22802,0,5,11,3,9,12,4,3,16
gated_alive:a_2b:22873,a_2b,22873,5,2,1,0,1,1,0,0,0
gated_alive:a_2b:23068,a_2b,23068,1,0,6,1,2,2,3,1,10
gated_alive:a_2b:23334,a_2b,23334,1,0,0,1,2,2,3,1,6
gated_alive:a_2b:23618,a_2b,23618,5,8,10,0,0,7,0,0,8
gated_alive:a_2b:24173,a_2b,24173,0,4,8,0,1,1,4,3,1
gated_alive:a_2b:24275,a_2b,24275,0,5,11,2,3,3,4,3,1
gated_alive:a_2b:24761,a_2b,24761,0,4,8,1,5,5,3,5,4
gated_alive:a_2b:24971,a_2b,24971,1,0,0,1,2,2,3,1,6
gated_alive:a_2b:24996,a_2b,24996,1,0,6,1,2,2,3,1,6
gated_alive:a_2b:25080,a_2b,25080,5,8,10,0,0,0,0,8,10
gated_alive:a_2b:25122,a_2b,25122,1,0,0,1,2,2,3,1,6
gated_alive:a_2b:25210,a_2b,25210,5,8,10,3,4,4,0,0,8
gated_alive:a_2b:25486,a_2b,25486,0,5,11,2,3,3,4,3,1
gated_alive:a_2b:25561,a_2b,25561,0,5,11,2,3,3,4,3,1
gated_alive:a_2b:26128,a_2b,26128,1,0,0,3,4,4,3,1,17
gated_alive:a_2b:26195,a_2b,26195,3,3,4,1,5,5,1,2,5
gated_alive:a_2b:26216,a_2b,26216,0,5,11,2,3,3,4,3,1
gated_alive:a_2b:26495,a_2b,26495,0,5,11,2,3,3,4,3,1
gated_alive:a_2b:26568,a_2b,26568,5,2,1,0,1,1,0,0,0
gated_alive:a_2b:26807,a_2b,26807,0,5,11,2,3,3,4,3,1
gated_alive:a_2b:27347,a_2b,27347,0,2,1,0,1,1,0,5,7
gated_alive:a_2b:27944,a_2b,27944,0,4,8,2,3,3,0,5,7
gated_alive:a_2b:27945,a_2b,27945,0,5,11,2,3,3,4,3,1
gated_alive:a_2b:28245,a_2b,28245,2,4,8,3,6,8,2,5,14
gated_alive:a_2b:28358,a_2b,28358,0,5,11,2,3,3,4,3,1
gated_alive:a_2b:28572,a_2b,28572,5,2,1,0,1,1,0,0,0
gated_alive:a_2b:28852,a_2b,28852,2,6,2,4,7,10,2,8,10
gated_alive:a_2b:28936,a_2b,28936,3,3,4,1,5,5,1,2,5
gated_alive:a_2b:29549,a_2b,29549,1,0,6,2,3,3,3,1,6
gated_alive:a_2b:29653,a_2b,29653,1,0,6,1,5,5,3,1,6
gated_alive:a_2b:29837,a_2b,29837,2,6,5,4,7,10,2,6,9
gated_alive:a_2b:29945,a_2b,29945,0,5,11,0,0,7,4,7,12
gated_alive:a_2b:30160,a_2b,30160,5,2,1,0,1,1,0,0,0
gated_alive:a_2b:30253,a_2b,30253,3,3,4,1,5,5,1,2,5
gated_alive:a_2b:30693,a_2b,30693,1,0,6,1,2,2,3,1,6
gated_alive:a_2b:30735,a_2b,30735,1,0,0,1,2,2,3,1,4
gated_alive:a_2b:30798,a_2b,30798,1,4,0,2,3,3,3,5,7
gated_alive:a_2b:31106,a_2b,31106,0,5,11,2,3,3,4,3,1
gated_alive:a_2b:31204,a_2b,31204,0,5,11,2,3,3,4,3,1
gated_alive:a_2b:31217,a_2b,31217,5,2,1,0,1,1,0,0,0
gated_alive:a_2b:31256,a_2b,31256,0,5,11,2,3,3,5,3,11
gated_alive:a_2b:31335,a_2b,31335,0,5,11,2,3,3,4,3,1
gated_alive:a_2b:31392,a_2b,31392,0,5,11,2,3,3,4,3,1
gated_alive:a_2b:31436,a_2b,31436,3,3,4,1,5,5,1,2,5
gated_alive:a_2b:31662,a_2b,31662,1,0,6,1,2,2,3,1,6
gated_alive:a_2b:31829,a_2b,31829,0,2,3,2,3,3,5,7,11
gated_alive:a_2b:31991,a_2b,31991,0,5,11,0,0,0,4,8,10
gated_alive:a_2b:32289,a_2b,32289,2,6,2,4,7,10,2,4,2
gated_alive:a_2b:32525,a_2b,32525,3,3,10,1,5,5,1,2,5
gated_alive:a_2b:32637,a_2b,32637,3,3,4,1,5,5,1,2,5
gated_alive:a_2b:33045,a_2b,33045,3,3,4,1,5,5,1,2,5
gated_alive:a_2b:33939,a_2b,33939,0,5,11,0,1,1,0,0,8
gated_alive:a_2b:33951,a_2b,33951,1,0,13,3,9,12,5,10,16
gated_alive:a_2b:34049,a_2b,34049,0,5,11,2,3,3,4,3,1
gated_alive:a_2b:34336,a_2b,34336,0,2,8,0,1,1,0,5,7
gated_alive:a_2b:34941,a_2b,34941,3,4,8,3,6,8,2,5,14
gated_alive:a_2b:35086,a_2b,35086,1,0,6,0,0,6,3,1,6
gated_alive:a_2b:36034,a_2b,36034,0,5,11,2,3,3,4,3,1
gated_alive:a_2b:36311,a_2b,36311,1,0,6,1,2,2,3,1,6
gated_alive:a_2b:36659,a_2b,36659,5,8,6,0,0,7,4,7,12
gated_alive:a_2b:36994,a_2b,36994,0,5,11,2,3,3,4,3,1
gated_alive:a_2b:37084,a_2b,37084,0,5,11,2,3,3,4,3,1
gated_alive:a_2b:37152,a_2b,37152,1,0,0,1,2,2,3,1,6
gated_alive:a_2b:37173,a_2b,37173,5,2,1,0,1,1,0,0,13
gated_alive:a_2b:37618,a_2b,37618,3,3,4,1,5,5,1,2,5
gated_alive:a_2b:38080,a_2b,38080,0,5,11,0,0,6,4,3,1
gated_alive:a_2b:38401,a_2b,38401,0,5,11,2,3,3,4,3,1
gated_alive:a_2b:38563,a_2b,38563,2,6,2,4,7,10,2,4,2
gated_alive:a_2b:38612,a_2b,38612,0,5,11,2,3,3,4,3,1
gated_alive:a_2b:38784,a_2b,38784,3,3,4,1,5,5,1,2,5
gated_alive:a_2b:38882,a_2b,38882,1,0,6,1,2,2,3,1,6
gated_alive:a_2b:38948,a_2b,38948,1,0,6,1,2,2,3,1,6
gated_alive:a_2b:39073,a_2b,39073,3,3,4,1,5,5,1,2,5
gated_alive:a_2b:39127,a_2b,39127,5,8,10,0,0,7,0,0,0
gated_alive:a_2b:39178,a_2b,39178,5,8,13,3,9,12,5,10,16
gated_alive:a_2b:39685,a_2b,39685,0,5,11,2,3,3,4,3,1
gated_alive:a_2b:39695,a_2b,39695,3,3,4,1,5,5,1,2,5
gated_alive:a_2b:40064,a_2b,40064,1,0,0,2,3,3,3,1,4
gated_alive:a_2b:40338,a_2b,40338,0,4,8,3,6,8,2,5,14
gated_alive:a_2b:40424,a_2b,40424,1,0,6,3,4,4,3,1,17
gated_alive:a_2b:40563,a_2b,40563,1,0,6,1,2,2,3,1,6
gated_alive:a_2b:40906,a_2b,40906,3,3,4,1,5,5,1,2,5
gated_alive:a_2b:41162,a_2b,41162,3,9,12,3,6,8,1,6,3
gated_alive:a_2b:41228,a_2b,41228,0,5,11,2,3,3,4,3,1
gated_alive:a_2b:41242,a_2b,41242,5,8,6,0,1,1,4,3,15
gated_alive:a_2b:41342,a_2b,41342,1,0,6,1,5,5,3,1,6
gated_alive:a_2b:41521,a_2b,41521,0,5,11,2,3,3,4,8,10
gated_alive:a_2b:41622,a_2b,41622,5,2,1,0,1,1,0,0,0
gated_alive:a_2b:41889,a_2b,41889,0,2,1,0,1,1,0,0,0
gated_alive:a_2b:42058,a_2b,42058,0,5,11,2,3,3,4,3,1
gated_alive:a_2b:42189,a_2b,42189,1,3,6,1,2,2,1,2,5
gated_alive:a_2b:42241,a_2b,42241,3,3,6,0,0,6,1,2,5
gated_alive:a_2b:42603,a_2b,42603,1,0,6,1,2,2,3,1,6
gated_alive:a_2b:42818,a_2b,42818,0,4,8,0,1,1,0,5,7
gated_alive:a_2b:43090,a_2b,43090,0,5,11,0,1,1,4,3,1
gated_alive:a_2b:43297,a_2b,43297,3,3,4,1,5,5,1,2,5
gated_alive:a_2b:43302,a_2b,43302,0,2,1,0,1,1,0,5,7
gated_alive:a_2b:43626,a_2b,43626,0,2,1,0,1,1,0,5,7
gated_alive:a_2b:44571,a_2b,44571,0,5,11,2,3,3,4,3,1
gated_alive:a_2b:44688,a_2b,44688,3,3,4,1,5,5,1,2,5
gated_alive:a_2b:44744,a_2b,44744,1,0,6,1,2,2,3,1,6
gated_alive:a_2b:44822,a_2b,44822,3,3,4,1,5,5,1,2,5
gated_alive:a_2b:44884,a_2b,44884,5,2,1,0,1,1,0,0,0
gated_alive:a_2b:45142,a_2b,45142,3,3,4,1,5,5,1,2,5
gated_alive:a_2b:45149,a_2b,45149,4,7,9,3,4,4,0,9,13
gated_alive:a_2b:45245,a_2b,45245,1,0,6,1,2,2,3,1,6
gated_alive:a_2b:45289,a_2b,45289,0,4,13,3,9,12,5,10,16
gated_alive:a_2b:45312,a_2b,45312,1,0,6,1,2,2,3,1,6
gated_alive:a_2b:45621,a_2b,45621,1,0,0,1,2,2,3,1,6
gated_alive:a_2b:45825,a_2b,45825,5,2,1,0,1,1,0,0,0
gated_alive:a_2b:45875,a_2b,45875,5,2,1,0,1,1,0,0,0
gated_alive:a_2b:46014,a_2b,46014,5,2,1,0,1,1,0,0,0
gated_alive:a_2b:46290,a_2b,46290,1,0,6,1,2,2,3,1,6
gated_alive:a_2b:46483,a_2b,46483,1,0,6,1,2,2,3,1,6
gated_alive:a_2b:46510,a_2b,46510,5,2,3,2,3,3,0,0,12
gated_alive:a_2b:46675,a_2b,46675,5,2,1,0,1,1,0,0,0
gated_alive:a_2b:46702,a_2b,46702,3,3,4,1,5,5,1,2,5
gated_alive:a_2b:46864,a_2b,46864,0,2,1,0,1,1,0,0,0
gated_alive:a_2b:47122,a_2b,47122,1,0,0,1,2,2,3,1,6
gated_alive:a_2b:47356,a_2b,47356,3,3,5,3,6,9,2,6,9
gated_alive:a_2b:47420,a_2b,47420,5,2,1,0,1,1,0,0,0
gated_alive:a_2b:47626,a_2b,47626,1,0,6,1,2,2,3,1,6
gated_alive:a_2b:47698,a_2b,47698,0,2,1,0,1,1,0,0,0
gated_alive:a_2b:47851,a_2b,47851,1,4,8,3,6,8,2,5,14
gated_alive:a_2b:48099,a_2b,48099,3,3,6,1,2,2,1,2,6
gated_alive:a_2b:48194,a_2b,48194,3,3,4,1,5,5,1,2,5
gated_alive:a_2b:48379,a_2b,48379,3,3,4,1,5,5,1,2,3
gated_alive:a_2b:48402,a_2b,48402,3,4,4,1,5,5,1,2,5
gated_alive:a_2b:48652,a_2b,48652,5,2,1,0,1,1,0,0,8
gated_alive:a_2b:48777,a_2b,48777,1,3,6,1,2,2,3,1,6
gated_alive:a_2b:48804,a_2b,48804,1,0,0,1,2,2,3,1,6
gated_alive:a_2b:48812,a_2b,48812,1,0,0,1,2,2,3,1,6
gated_alive:a_2b:48889,a_2b,48889,1,0,0,1,2,2,3,1,4
gated_alive:a_2b:49102,a_2b,49102,0,4,8,0,1,1,0,5,7
gated_alive:a_2b:49176,a_2b,49176,0,4,8,3,6,8,2,5,7
gated_alive:a_2b:49400,a_2b,49400,1,0,0,1,2,2,3,1,4
gated_alive:a_2b:49450,a_2b,49450,1,0,6,1,2,2,3,1,6
gated_alive:a_2b:49488,a_2b,49488,5,8,10,1,5,5,0,0,0
gated_alive:a_2b:49526,a_2b,49526,5,8,10,0,1,1,0,0,8
gated_alive:a_2b:50266,a_2b,50266,1,0,6,1,5,5,3,1,6
gated_alive:a_2b:50801,a_2b,50801,5,8,10,0,1,1,0,0,8
gated_alive:a_2b:50863,a_2b,50863,0,4,8,3,6,8,2,5,14
gated_alive:a_2b:50925,a_2b,50925,3,3,4,1,2,2,1,2,5
gated_alive:a_2b:51209,a_2b,51209,2,6,2,4,7,10,2,4,2
gated_alive:a_2b:51276,a_2b,51276,0,5,11,2,3,3,4,3,1
gated_alive:a_2b:51332,a_2b,51332,1,0,6,1,2,2,3,1,6
gated_alive:a_2b:51426,a_2b,51426,0,5,11,2,3,3,4,3,1
gated_alive:a_2b:51445,a_2b,51445,1,0,6,1,2,2,3,1,6
gated_alive:a_2b:51697,a_2b,51697,0,2,8,0,1,1,0,0,11
gated_alive:a_2b:51774,a_2b,51774,0,5,11,2,3,3,4,3,1
gated_alive:a_2b:51937,a_2b,51937,0,5,11,2,3,3,4,3,1
gated_alive:a_2b:52018,a_2b,52018,3,3,4,1,5,5,1,2,5
gated_alive:a_2b:52213,a_2b,52213,1,0,0,1,2,2,3,1,4
gated_alive:a_2b:52379,a_2b,52379,0,4,8,2,3,3,2,5,7
gated_alive:a_2b:52541,a_2b,52541,0,5,11,2,3,3,5,3,11
gated_alive:a_2b:52932,a_2b,52932,0,4,8,1,5,5,3,5,4
gated_alive:a_2b:53155,a_2b,53155,0,5,11,2,3,3,4,3,1
gated_alive:a_2b:53186,a_2b,53186,3,4,4,1,5,5,1,2,5
gated_alive:a_2b:53336,a_2b,53336,1,4,0,1,2,2,3,1,4
gated_alive:a_2b:53370,a_2b,53370,0,4,8,2,3,3,2,5,7
gated_alive:a_2b:53479,a_2b,53479,1,4,8,1,5,5,2,5,7
gated_alive:a_2b:53566,a_2b,53566,0,5,11,2,3,3,4,3,1
gated_alive:a_2b:53641,a_2b,53641,0,5,11,2,3,3,4,3,1
gated_alive:a_2b:53811,a_2b,53811,5,2,1,0,1,1,0,0,0
gated_alive:a_2b:53863,a_2b,53863,1,0,6,0,0,6,3,1,15
gated_alive:a_2b:54085,a_2b,54085,5,8,6,0,0,6,3,1,6
gated_alive:a_2b:54126,a_2b,54126,0,5,11,0,0,6,4,3,1
gated_alive:a_2b:54130,a_2b,54130,5,2,1,0,1,1,0,0,0
gated_alive:a_2b:54234,a_2b,54234,3,3,6,1,2,2,3,1,6
gated_alive:a_2b:54450,a_2b,54450,1,0,6,1,2,2,3,1,6
gated_alive:a_2b:54487,a_2b,54487,0,5,11,2,3,3,5,3,11
gated_alive:a_2b:54524,a_2b,54524,1,3,6,1,2,2,1,2,5
gated_alive:a_2b:54673,a_2b,54673,5,2,1,0,1,1,0,0,0
gated_alive:a_2b:54898,a_2b,54898,3,3,4,1,5,5,1,2,5
gated_alive:a_2b:54926,a_2b,54926,3,3,4,3,6,8,1,2,5
gated_alive:a_2b:54948,a_2b,54948,3,3,4,1,5,5,1,2,5
gated_alive:a_2b:55015,a_2b,55015,0,5,11,2,3,3,4,3,1
gated_alive:a_2b:55101,a_2b,55101,0,5,8,2,3,3,2,5,14
gated_alive:a_2b:55280,a_2b,55280,1,0,6,1,2,2,3,1,6
gated_alive:a_2b:55332,a_2b,55332,3,4,0,1,5,5,1,2,5
gated_alive:a_2b:55598,a_2b,55598,0,5,11,2,3,3,4,3,1
gated_alive:a_2b:55904,a_2b,55904,1,0,0,1,2,2,3,1,4
gated_alive:a_2b:55984,a_2b,55984,0,2,1,0,1,1,0,5,7
gated_alive:a_2b:56097,a_2b,56097,5,5,11,0,0,0,4,8,10
gated_alive:a_2b:56199,a_2b,56199,1,0,0,1,2,2,3,1,4
gated_alive:a_2b:56337,a_2b,56337,0,5,11,2,3,3,4,3,1
gated_alive:a_2b:56710,a_2b,56710,0,5,11,2,3,3,4,3,1
gated_alive:a_2b:57164,a_2b,57164,1,0,0,1,2,2,3,1,4
gated_alive:a_2b:57170,a_2b,57170,3,4,0,1,2,2,1,2,5
gated_alive:a_2b:57283,a_2b,57283,0,4,8,2,3,3,2,5,7
gated_alive:a_2b:57342,a_2b,57342,0,5,11,2,3,3,4,3,1
gated_alive:a_2b:57473,a_2b,57473,2,6,2,4,7,10,2,4,2
gated_alive:a_2b:57502,a_2b,57502,0,5,11,2,3,3,4,3,1
gated_alive:a_2b:57776,a_2b,57776,3,3,4,1,5,5,1,2,3
gated_alive:a_2b:57942,a_2b,57942,5,8,3,2,3,3,0,0,0
gated_alive:a_2b:58007,a_2b,58007,1,0,0,1,2,2,3,1,6
gated_alive:a_2b:58652,a_2b,58652,5,2,1,0,1,1,0,0,0
gated_alive:a_2b:58663,a_2b,58663,1,4,0,1,5,5,3,1,4
gated_alive:a_2b:58666,a_2b,58666,0,5,11,2,3,3,4,3,1
gated_alive:a_2b:59143,a_2b,59143,1,0,0,1,2,2,3,1,4
gated_alive:a_2b:59574,a_2b,59574,0,4,8,0,1,1,2,5,14
gated_alive:a_2b:59625,a_2b,59625,3,3,4,1,5,5,1,2,5
gated_alive:a_2b:59695,a_2b,59695,1,0,0,1,2,2,3,1,6
gated_alive:a_2b:60187,a_2b,60187,4,1,13,3,9,12,2,4,2
gated_alive:a_2b:60226,a_2b,60226,1,0,0,1,2,2,3,1,4
gated_alive:a_2b:60520,a_2b,60520,1,0,6,1,2,2,3,1,6
gated_alive:a_2b:60598,a_2b,60598,0,5,11,2,3,3,4,3,1
gated_alive:a_2b:60687,a_2b,60687,0,4,8,2,3,3,0,5,7
gated_alive:a_2b:60706,a_2b,60706,5,2,10,0,0,0,0,8,10
gated_alive:a_2b:60779,a_2b,60779,5,2,1,0,1,1,0,0,8
gated_alive:a_2b:60790,a_2b,60790,0,5,11,0,1,1,4,3,1
gated_alive:a_2b:60881,a_2b,60881,3,9,12,3,6,8,1,6,3
gated_alive:a_2b:61307,a_2b,61307,1,0,6,1,2,2,3,1,6
gated_alive:a_2b:61717,a_2b,61717,1,0,0,1,2,2,3,1,4
gated_alive:a_2b:61757,a_2b,61757,1,0,13,3,9,12,5,10,16
gated_alive:a_2b:61824,a_2b,61824,0,5,11,2,3,3,4,3,1
gated_alive:a_2b:62478,a_2b,62478,1,0,0,1,2,2,3,1,4
gated_alive:a_2b:62817,a_2b,62817,3,3,4,1,5,5,1,2,5
gated_alive:a_2b:63010,a_2b,63010,1,0,0,1,2,2,3,1,4
gated_alive:a_2b:63429,a_2b,63429,3,4,4,1,5,5,1,2,3
gated_alive:a_2b:63621,a_2b,63621,1,0,0,3,9,12,5,10,16
gated_alive:a_2b:63641,a_2b,63641,1,0,0,1,2,2,3,1,6
gated_alive:a_2b:63765,a_2b,63765,3,3,4,1,5,5,1,2,5
gated_alive:a_2b:63813,a_2b,63813,5,8,10,0,1,1,0,0,0
gated_alive:a_2b:64261,a_2b,64261,5,2,1,0,1,1,0,0,0
gated_alive:a_2b:64393,a_2b,64393,5,2,1,0,1,1,0,0,0
gated_alive:a_2b:64466,a_2b,64466,0,5,11,2,3,3,4,3,1
gated_alive:a_2b:64553,a_2b,64553,3,3,4,1,5,5,1,2,3
gated_alive:a_2b:64583,a_2b,64583,3,3,4,1,5,5,1,2,5
gated_alive:a_2b:64730,a_2b,64730,0,5,11,3,9,12,4,3,16
gated_alive:a_2b:64908,a_2b,64908,5,8,10,0,1,1,0,0,8
gated_alive:a_2b:65126,a_2b,65126,2,1,7,4,7,10,2,4,2
gated_alive:a_2b:65883,a_2b,65883,5,2,1,0,1,1,0,0,0
gated_alive:a_2b:65920,a_2b,65920,5,2,1,0,1,1,0,0,0
gated_alive:a_2b:66488,a_2b,66488,0,5,11,3,4,4,4,3,17
gated_alive:a_2b:66623,a_2b,66623,3,4,8,1,5,5,2,5,14
gated_alive:a_2b:66637,a_2b,66637,0,5,11,2,3,3,4,3,1
gated_alive:a_2b:66669,a_2b,66669,5,2,1,0,1,1,0,0,0
gated_alive:a_2b:66776,a_2b,66776,3,3,4,1,5,5,1,2,3
gated_alive:a_2b:66856,a_2b,66856,5,2,1,0,1,1,0,0,0
gated_alive:a_2b:66870,a_2b,66870,3,3,4,1,5,5,1,2,5
gated_alive:a_2b:67457,a_2b,67457,3,3,4,1,5,5,1,2,3
gated_alive:a_2b:67555,a_2b,67555,0,4,8,2,3,3,2,5,14
gated_alive:a_2b:67661,a_2b,67661,5,2,1,0,1,1,0,0,0
gated_alive:a_2b:67769,a_2b,67769,3,3,6,0,0,6,1,2,5
gated_alive:a_2b:67882,a_2b,67882,1,0,0,1,2,2,3,1,4
gated_alive:a_2b:68021,a_2b,68021,3,3,4,1,5,5,1,2,5
gated_alive:a_2b:68109,a_2b,68109,3,4,8,3,6,8,2,5,14
gated_alive:a_2b:68252,a_2b,68252,0,4,8,2,3,3,3,5,7
gated_alive:a_2b:68335,a_2b,68335,2,6,5,3,6,9,2,6,9
gated_alive:a_2b:68451,a_2b,68451,1,0,6,1,2,2,3,1,6
gated_alive:a_2b:68462,a_2b,68462,0,4,8,2,3,3,4,3,1
gated_alive:a_2b:68476,a_2b,68476,0,5,11,2,3,3,4,3,1
gated_alive:a_2b:68769,a_2b,68769,5,2,1,0,1,1,0,0,0
gated_alive:a_2b:68811,a_2b,68811,3,3,4,1,5,5,1,2,3
gated_alive:a_2b:69090,a_2b,69090,0,2,1,0,1,1,0,0,0
gated_alive:a_2b:69232,a_2b,69232,3,3,4,1,2,2,1,2,5
gated_alive:a_2b:69515,a_2b,69515,3,3,4,1,5,5,1,2,5
gated_alive:a_2b:69530,a_2b,69530,1,0,0,1,2,2,3,1,6
gated_alive:a_2b:69992,a_2b,69992,3,3,4,1,5,5,1,2,5
gated_alive:a_2b:70208,a_2b,70208,2,6,2,4,7,10,2,4,2
gated_alive:a_2b:70474,a_2b,70474,5,2,1,0,1,1,4,8,10
gated_alive:a_2b:70499,a_2b,70499,1,0,6,1,2,2,3,1,6
gated_alive:a_2b:70649,a_2b,70649,0,5,11,2,3,3,4,3,1
gated_alive:a_2b:70837,a_2b,70837,1,4,0,2,3,3,3,1,4
gated_alive:a_2b:71259,a_2b,71259,1,4,0,1,5,5,3,1,4
gated_alive:a_2b:71269,a_2b,71269,5,2,1,0,1,1,0,0,0
gated_alive:a_2b:71329,a_2b,71329,0,4,8,2,3,3,0,5,7
gated_alive:a_2b:71608,a_2b,71608,5,2,1,0,1,1,0,0,8
gated_alive:a_2b:71694,a_2b,71694,5,2,1,0,1,1,0,0,0
gated_alive:a_2b:71741,a_2b,71741,3,3,4,1,5,5,1,2,5
gated_alive:a_2b:71794,a_2b,71794,0,4,8,2,3,3,0,5,7
gated_alive:a_2b:71864,a_2b,71864,0,5,11,2,3,3,4,3,1
gated_alive:a_2b:71944,a_2b,71944,0,5,11,2,3,3,4,3,1
gated_alive:a_2b:72060,a_2b,72060,5,2,10,0,1,1,0,0,8
gated_alive:a_2b:72063,a_2b,72063,3,3,4,1,5,5,1,2,5
gated_alive:a_2b:72276,a_2b,72276,2,6,2,4,7,10,2,4,2
gated_alive:a_2b:72301,a_2b,72301,0,5,11,2,3,3,5,3,11
gated_alive:a_2b:72399,a_2b,72399,5,2,1,0,1,1,0,0,0
gated_alive:a_2b:72809,a_2b,72809,1,0,0,1,2,2,3,1,6
gated_alive:a_2b:72871,a_2b,72871,3,3,4,1,5,5,1,2,5
gated_alive:a_2b:73102,a_2b,73102,3,3,4,1,5,5,1,2,5
gated_alive:a_2b:73445,a_2b,73445,5,2,1,0,1,1,0,0,0
gated_alive:a_2b:73470,a_2b,73470,1,0,0,1,2,2,3,8,10
gated_alive:a_2b:73608,a_2b,73608,0,4,8,3,6,8,2,5,7
gated_alive:a_2b:73764,a_2b,73764,5,8,10,0,1,1,0,0,8
gated_alive:a_2b:73847,a_2b,73847,1,4,8,3,6,8,2,5,14
gated_alive:a_2b:73883,a_2b,73883,1,0,6,1,2,2,3,1,6
gated_alive:a_2b:74077,a_2b,74077,4,7,9,3,4,4,6,9,17
gated_alive:a_2b:74158,a_2b,74158,3,3,6,1,5,5,1,2,6
gated_alive:a_2b:74173,a_2b,74173,1,0,0,1,2,2,3,1,4
gated_alive:a_2b:74265,a_2b,74265,2,1,7,4,7,13,2,4,2
gated_alive:a_2b:74305,a_2b,74305,5,2,1,0,0,6,0,0,0
gated_alive:a_2b:74347,a_2b,74347,0,5,11,2,3,3,4,3,1
gated_alive:a_2b:74540,a_2b,74540,1,0,0,1,2,2,3,1,6
gated_alive:a_2b:74825,a_2b,74825,3,4,8,2,3,3,1,2,5
gated_alive:a_2b:74890,a_2b,74890,0,4,8,2,3,3,3,5,7
gated_alive:a_2b:75221,a_2b,75221,2,6,2,4,7,10,2,4,2
gated_alive:a_2b:75453,a_2b,75453,3,3,4,1,5,5,1,2,5
gated_alive:a_2b:75460,a_2b,75460,3,3,4,0,1,1,1,2,5
gated_alive:a_2b:75514,a_2b,75514,3,3,4,1,5,5,1,2,5
gated_alive:a_2b:75567,a_2b,75567,5,2,1,0,1,1,0,0,0
gated_alive:a_2b:75733,a_2b,75733,1,0,0,1,5,5,3,1,4
gated_alive:a_2b:75823,a_2b,75823,0,4,8,2,3,3,0,5,7
gated_alive:a_2b:76488,a_2b,76488,0,5,11,2,3,3,4,3,1
gated_alive:a_2b:76668,a_2b,76668,2,6,2,4,7,10,2,4,2
gated_alive:a_2b:76855,a_2b,76855,1,0,6,1,2,2,3,1,6
gated_alive:a_2b:77047,a_2b,77047,0,5,11,3,6,8,4,3,1
gated_alive:a_2b:77118,a_2b,77118,0,5,11,2,3,3,4,5,7
gated_alive:a_2b:77263,a_2b,77263,1,0,6,1,2,2,3,1,6
gated_alive:a_2b:77926,a_2b,77926,1,4,0,1,2,2,3,8,10
gated_alive:a_2b:77946,a_2b,77946,1,3,6,1,5,5,3,2,6
gated_alive:a_2b:78023,a_2b,78023,0,5,11,0,1,1,4,3,13
gated_alive:a_2b:79061,a_2b,79061,5,2,1,0,1,1,0,0,0
gated_alive:a_2b:79171,a_2b,79171,5,8,10,0,1,1,0,0,8
gated_alive:a_2b:79325,a_2b,79325,1,0,0,3,6,8,3,1,6
gated_alive:a_2b:79367,a_2b,79367,1,0,6,1,2,2,3,1,6
gated_alive:a_2b:79617,a_2b,79617,0,4,8,3,6,8,2,5,14
gated_alive:a_2b:79649,a_2b,79649,3,3,13,3,9,12,1,10,16
gated_alive:a_2b:79739,a_2b,79739,1,0,6,1,5,5,3,1,12
gated_alive:a_2b:79740,a_2b,79740,0,5,11,2,3,3,4,3,1
gated_alive:a_2b:79807,a_2b,79807,0,5,11,2,3,3,4,3,1
gated_alive:a_2b:80018,a_2b,80018,5,2,1,0,0,6,0,0,0
gated_alive:a_2b:80112,a_2b,80112,1,0,0,1,5,5,3,1,12
gated_alive:a_2b:80174,a_2b,80174,1,0,6,0,0,6,4,3,15
gated_alive:a_2b:80298,a_2b,80298,1,0,0,3,6,8,3,1,4
gated_alive:a_2b:80384,a_2b,80384,1,0,0,1,2,2,3,1,6
gated_alive:a_2b:80832,a_2b,80832,1,0,6,1,2,2,3,1,6
gated_alive:a_2b:81075,a_2b,81075,5,4,8,0,1,1,0,5,14
gated_alive:a_2b:81396,a_2b,81396,0,5,11,0,0,0,4,8,10
gated_alive:a_2b:81990,a_2b,81990,1,0,6,1,2,2,3,1,6
gated_alive:a_2b:82121,a_2b,82121,1,0,0,1,2,2,3,1,4
gated_alive:a_2b:82206,a_2b,82206,5,2,1,0,1,1,0,0,0
gated_alive:a_2b:82308,a_2b,82308,3,3,4,1,5,5,1,2,5
gated_alive:a_2b:82420,a_2b,82420,1,0,6,1,2,2,3,1,6
gated_alive:a_2b:82426,a_2b,82426,0,4,8,2,3,3,2,5,14
gated_alive:a_2b:83231,a_2b,83231,0,5,11,2,3,3,4,3,1
gated_alive:a_2b:83408,a_2b,83408,0,2,1,0,1,1,0,5,7
gated_alive:a_2b:83681,a_2b,83681,0,5,11,0,0,7,4,7,12
gated_alive:a_2b:83992,a_2b,83992,5,8,10,0,1,1,0,0,8
gated_alive:a_2b:84071,a_2b,84071,4,7,9,5,8,11,6,9,13
gated_alive:a_2b:85279,a_2b,85279,3,3,4,1,5,5,1,2,5
gated_alive:a_2b:85886,a_2b,85886,0,5,11,2,3,3,4,3,1
gated_alive:a_2b:86041,a_2b,86041,3,3,4,1,5,5,1,2,5
gated_alive:a_2b:86191,a_2b,86191,3,3,4,1,5,5,1,2,5
gated_alive:a_2b:86324,a_2b,86324,3,3,4,1,5,5,1,2,5
gated_alive:a_2b:86613,a_2b,86613,5,2,1,0,1,1,0,0,8
gated_alive:a_2b:86759,a_2b,86759,3,4,4,1,5,5,1,2,3
gated_alive:a_2b:86861,a_2b,86861,3,3,4,1,5,5,1,2,5
gated_alive:a_2b:86943,a_2b,86943,3,3,4,1,5,5,1,2,5
gated_alive:a_2b:87016,a_2b,87016,0,4,8,1,2,2,2,5,14
gated_alive:a_2b:87055,a_2b,87055,3,3,4,1,5,5,1,2,5
gated_alive:a_2b:87778,a_2b,87778,1,0,6,1,2,2,3,1,6
gated_alive:a_2b:87857,a_2b,87857,5,8,10,3,4,4,0,0,17
gated_alive:a_2b:88046,a_2b,88046,1,0,0,1,2,2,3,1,6
gated_alive:a_2b:88129,a_2b,88129,0,5,11,0,0,0,4,8,10
gated_alive:a_2b:88230,a_2b,88230,1,4,8,3,6,8,3,5,7
gated_alive:a_2b:88294,a_2b,88294,0,5,11,2,3,3,4,3,1
gated_alive:a_2b:88337,a_2b,88337,3,3,4,1,5,5,1,2,5
gated_alive:a_2b:88559,a_2b,88559,5,2,1,0,1,1,0,0,0
gated_alive:a_2b:88748,a_2b,88748,3,3,4,1,5,5,1,2,3
gated_alive:a_2b:88814,a_2b,88814,0,5,11,0,0,7,4,7,12
gated_alive:a_2b:89290,a_2b,89290,1,0,0,1,2,2,3,1,4
gated_alive:a_2b:89291,a_2b,89291,5,8,3,0,1,1,0,0,8
gated_alive:a_2b:89740,a_2b,89740,1,0,0,1,2,2,3,1,4
gated_alive:a_2b:89818,a_2b,89818,1,0,6,1,2,2,3,1,6
gated_alive:a_2b:89891,a_2b,89891,0,5,11,0,0,0,4,3,1
gated_alive:a_2b:89978,a_2b,89978,5,2,1,0,1,1,0,5,14
gated_alive:a_2b:89980,a_2b,89980,0,4,8,2,3,3,2,5,7
gated_alive:a_2b:90157,a_2b,90157,0,5,11,2,3,3,4,3,1
gated_alive:a_2b:90171,a_2b,90171,0,5,11,2,3,3,4,3,1
gated_alive:a_2b:90206,a_2b,90206,5,2,1,0,1,1,0,0,0
gated_alive:a_2b:90364,a_2b,90364,0,5,11,2,3,3,4,3,1
gated_alive:a_2b:90651,a_2b,90651,1,4,8,0,0,0,3,8,10
gated_alive:a_2b:90702,a_2b,90702,1,0,6,0,0,6,3,1,15
gated_alive:a_2b:91202,a_2b,91202,0,5,11,2,3,3,4,3,1
gated_alive:a_2b:91400,a_2b,91400,1,0,0,1,2,2,3,1,4
gated_alive:a_2b:91721,a_2b,91721,0,2,8,0,1,1,0,5,7
gated_alive:a_2b:91981,a_2b,91981,3,3,4,1,5,5,1,2,5
gated_alive:a_2b:91996,a_2b,91996,0,4,8,2,3,3,2,5,7
gated_alive:a_2b:92099,a_2b,92099,2,6,10,0,0,6,0,0,0
gated_alive:a_3a:319,a_3a,319,1,0,0,1,2,2,3,1,4
gated_alive:a_3a:322,a_3a,322,1,0,0,1,2,2,3,1,4
gated_alive:a_3a:330,a_3a,330,1,0,6,1,2,2,3,1,6
gated_alive:a_3a:874,a_3a,874,5,2,1,0,1,1,0,0,0
gated_alive:a_3a:970,a_3a,970,0,4,8,0,1,1,0,5,7
gated_alive:a_3a:1176,a_3a,1176,3,3,4,1,5,5,1,2,3
gated_alive:a_3a:2228,a_3a,2228,3,3,4,1,2,2,1,2,5
gated_alive:a_3a:2472,a_3a,2472,5,2,1,0,1,1,0,0,0
gated_alive:a_3a:2741,a_3a,2741,0,5,11,2,3,3,4,3,1
gated_alive:a_3a:2779,a_3a,2779,5,2,1,0,0,7,0,0,0
gated_alive:a_3a:2859,a_3a,2859,3,4,4,1,5,5,1,2,3
gated_alive:a_3a:3036,a_3a,3036,1,0,13,3,9,12,5,10,16
gated_alive:a_3a:4187,a_3a,4187,1,0,0,1,2,2,3,1,4
gated_alive:a_3a:5111,a_3a,5111,3,3,4,1,5,5,1,2,3
gated_alive:a_3a:5166,a_3a,5166,5,2,1,0,1,1,0,0,8
gated_alive:a_3a:5262,a_3a,5262,0,5,11,2,3,3,4,3,1
gated_alive:a_3a:5497,a_3a,5497,5,2,1,0,0,0,0,8,10
gated_alive:a_3a:5543,a_3a,5543,5,2,1,0,1,1,0,0,13
gated_alive:a_3a:5923,a_3a,5923,3,3,4,1,5,5,1,2,5
gated_alive:a_3a:6082,a_3a,6082,5,8,10,0,1,1,0,0,0
gated_alive:a_3a:6930,a_3a,6930,3,3,4,1,5,5,1,2,5
gated_alive:a_3a:8073,a_3a,8073,0,2,1,0,1,1,0,5,7
gated_alive:a_3a:8119,a_3a,8119,5,2,1,0,1,1,0,0,0
gated_alive:a_3a:8156,a_3a,8156,3,4,5,3,6,9,2,6,9
gated_alive:a_3a:8430,a_3a,8430,0,4,8,3,6,8,2,5,7
gated_alive:a_3a:8724,a_3a,8724,2,6,2,3,6,8,2,4,2
gated_alive:a_3a:10770,a_3a,10770,5,8,10,0,0,6,0,0,8
gated_alive:a_3a:10964,a_3a,10964,0,5,11,0,0,0,4,8,10
gated_alive:a_3a:11058,a_3a,11058,5,8,10,0,1,1,0,0,8
gated_alive:a_3a:11162,a_3a,11162,1,0,6,1,2,2,3,1,6
gated_alive:a_3a:11407,a_3a,11407,5,8,10,0,1,1,0,0,8
gated_alive:a_3a:12081,a_3a,12081,2,8,13,3,9,12,5,10,16
gated_alive:a_3a:12893,a_3a,12893,5,2,1,3,9,12,5,10,16
gated_alive:a_3a:13062,a_3a,13062,1,3,4,1,5,5,1,2,5
gated_alive:a_3a:13519,a_3a,13519,3,3,4,1,5,5,1,2,5
gated_alive:a_3a:14528,a_3a,14528,5,2,1,0,1,1,0,0,0
gated_alive:a_3a:16086,a_3a,16086,0,5,3,2,3,3,5,3,11
gated_alive:a_3a:16561,a_3a,16561,5,8,6,3,4,4,0,0,17
gated_alive:a_3a:16717,a_3a,16717,1,0,6,0,0,6,3,1,6
gated_alive:a_3a:16739,a_3a,16739,3,4,8,3,6,8,2,5,14
gated_alive:a_3a:18152,a_3a,18152,2,6,2,4,7,13,0,4,2
gated_alive:a_3a:19503,a_3a,19503,5,2,1,0,1,1,0,0,0
gated_alive:a_3a:22198,a_3a,22198,3,3,4,3,4,4,1,2,5
gated_alive:a_3a:22262,a_3a,22262,3,6,5,3,6,9,2,6,9
gated_alive:a_3a:22575,a_3a,22575,1,0,6,1,2,2,3,1,6
gated_alive:a_3a:22595,a_3a,22595,3,3,5,1,5,5,1,2,5
gated_alive:a_3a:23068,a_3a,23068,5,2,1,0,0,6,0,0,15
gated_alive:a_3a:23249,a_3a,23249,3,3,4,3,4,4,3,1,17
gated_alive:a_3a:23779,a_3a,23779,1,0,0,1,2,2,3,1,4
gated_alive:a_3a:23940,a_3a,23940,5,8,10,0,0,0,0,8,10
gated_alive:a_3a:24584,a_3a,24584,2,4,8,4,7,10,2,5,14
gated_alive:a_3a:24704,a_3a,24704,0,2,8,2,3,3,0,5,7
gated_alive:a_3a:25695,a_3a,25695,2,6,2,4,7,13,2,4,2
gated_alive:a_3a:25814,a_3a,25814,5,8,10,0,1,1,0,0,8
gated_alive:a_3a:26533,a_3a,26533,0,4,8,2,3,3,2,5,7
gated_alive:a_3a:27132,a_3a,27132,5,2,1,0,1,1,0,0,0
gated_alive:a_3a:27288,a_3a,27288,1,0,0,1,2,2,3,1,4
gated_alive:a_3a:27672,a_3a,27672,5,8,10,0,0,6,0,8,10
gated_alive:a_3a:28480,a_3a,28480,3,3,4,1,5,5,1,2,5
gated_alive:a_3a:29025,a_3a,29025,5,8,10,0,1,1,0,0,8
gated_alive:a_3a:29127,a_3a,29127,3,9,12,3,6,8,1,6,3
gated_alive:a_3a:29301,a_3a,29301,2,8,10,4,7,13,0,4,2
gated_alive:a_3a:29400,a_3a,29400,2,6,2,4,7,10,2,4,2
gated_alive:a_3a:29428,a_3a,29428,3,3,4,1,5,5,1,2,5
gated_alive:a_3a:30599,a_3a,30599,0,4,8,3,6,8,2,5,7
gated_alive:a_3a:31045,a_3a,31045,5,2,1,0,1,1,0,0,8
gated_alive:a_3a:31104,a_3a,31104,0,2,1,3,4,4,0,0,17
gated_alive:a_3a:31116,a_3a,31116,2,6,2,4,7,10,2,4,2
gated_alive:a_3a:31184,a_3a,31184,1,0,6,1,2,2,3,1,6
gated_alive:a_3a:31514,a_3a,31514,5,8,10,0,1,1,0,0,0
gated_alive:a_3a:31548,a_3a,31548,5,8,10,0,0,7,0,7,12
gated_alive:a_3a:32170,a_3a,32170,5,8,10,0,0,6,0,0,15
gated_alive:a_3a:32389,a_3a,32389,4,7,13,3,9,12,6,9,13
gated_alive:a_3a:32522,a_3a,32522,2,6,2,4,7,10,2,4,2
gated_alive:a_3a:32705,a_3a,32705,1,4,8,1,5,5,1,2,4
gated_alive:a_3a:34225,a_3a,34225,1,0,6,1,2,2,3,1,6
gated_alive:a_3a:34236,a_3a,34236,4,7,9,5,8,11,0,9,13
gated_alive:a_3a:34308,a_3a,34308,2,6,2,4,7,10,2,4,2
gated_alive:a_3a:34398,a_3a,34398,5,8,10,0,0,0,0,8,10
gated_alive:a_3a:34693,a_3a,34693,1,0,6,1,2,2,3,1,6
gated_alive:a_3a:34783,a_3a,34783,5,2,1,0,1,1,0,0,8
gated_alive:a_3a:34865,a_3a,34865,5,2,1,0,0,6,0,0,0
gated_alive:a_3a:34939,a_3a,34939,0,4,8,2,3,3,0,5,7
gated_alive:a_3a:35372,a_3a,35372,1,4,8,1,5,5,3,5,4
gated_alive:a_3a:35556,a_3a,35556,0,2,1,0,1,1,0,0,0
gated_alive:a_3a:35741,a_3a,35741,0,2,8,0,1,1,0,5,7
gated_alive:a_3a:36029,a_3a,36029,1,4,0,1,2,2,3,1,4
gated_alive:a_3a:36139,a_3a,36139,3,9,5,3,6,9,2,6,9
gated_alive:a_3a:36217,a_3a,36217,4,7,9,3,4,4,6,9,13
gated_alive:a_3a:36317,a_3a,36317,3,4,8,1,5,5,1,2,3
gated_alive:a_3a:36424,a_3a,36424,3,3,4,1,5,5,1,2,5
gated_alive:a_3a:36537,a_3a,36537,1,3,4,1,5,5,1,2,5
gated_alive:a_3a:37550,a_3a,37550,5,2,1,0,1,1,0,0,0
gated_alive:a_3a:37628,a_3a,37628,1,0,6,1,2,2,3,1,6
gated_alive:a_3a:37738,a_3a,37738,5,2,1,0,1,1,0,0,0
gated_alive:a_3a:38465,a_3a,38465,0,5,11,2,3,3,4,3,1
gated_alive:a_3a:39029,a_3a,39029,3,3,4,1,5,5,1,2,5
gated_alive:a_3a:39036,a_3a,39036,3,3,4,1,5,5,1,2,5
gated_alive:a_3a:39448,a_3a,39448,3,3,4,1,5,5,1,2,5
gated_alive:a_3a:40252,a_3a,40252,5,8,10,0,1,1,0,0,0
gated_alive:a_3a:40928,a_3a,40928,5,8,10,0,0,6,0,0,8
gated_alive:a_3a:40932,a_3a,40932,5,2,1,0,1,1,0,0,8
gated_alive:a_3a:41353,a_3a,41353,3,3,4,1,5,5,1,2,3
gated_alive:a_3a:41373,a_3a,41373,3,4,8,3,6,8,2,5,7
gated_alive:a_3a:41473,a_3a,41473,5,8,10,0,1,1,0,0,0
gated_alive:a_3a:41723,a_3a,41723,1,3,6,1,2,2,3,1,6
gated_alive:a_3a:42130,a_3a,42130,1,0,0,1,2,2,3,1,6
gated_alive:a_3a:42336,a_3a,42336,0,5,11,2,3,3,4,3,1
gated_alive:a_3a:42375,a_3a,42375,0,5,11,0,1,1,4,3,1
gated_alive:a_3a:45636,a_3a,45636,1,0,0,1,5,5,3,1,6
gated_alive:a_3a:45660,a_3a,45660,1,0,6,1,2,2,3,1,6
gated_alive:a_3a:45677,a_3a,45677,1,0,0,1,2,2,3,8,10
gated_alive:a_3a:45880,a_3a,45880,1,0,6,1,2,2,3,1,6
gated_alive:a_3a:45973,a_3a,45973,2,6,2,4,7,10,2,4,2
gated_alive:a_3a:46080,a_3a,46080,5,2,1,0,1,1,0,0,0
gated_alive:a_3a:46515,a_3a,46515,1,0,6,1,2,2,3,1,6
gated_alive:a_3a:46902,a_3a,46902,3,3,5,3,6,9,1,6,9
gated_alive:a_3a:47607,a_3a,47607,3,3,4,1,5,5,1,2,5
gated_alive:a_3a:47741,a_3a,47741,3,3,4,0,1,1,1,2,5
gated_alive:a_3a:47801,a_3a,47801,0,5,11,0,1,1,4,3,1
gated_alive:a_3a:48461,a_3a,48461,1,0,6,1,2,2,3,1,6
gated_alive:a_3a:48935,a_3a,48935,0,2,1,2,3,3,0,5,7
gated_alive:a_3a:49080,a_3a,49080,0,5,11,2,3,3,5,3,11
gated_alive:a_3a:49621,a_3a,49621,1,4,0,1,2,2,3,8,10
gated_alive:a_3a:50006,a_3a,50006,3,3,4,1,5,5,1,2,5
gated_alive:a_3a:50208,a_3a,50208,3,3,4,1,5,5,1,2,5
gated_alive:a_3a:50346,a_3a,50346,5,2,1,0,1,1,0,0,0
gated_alive:a_3a:50663,a_3a,50663,3,3,4,1,5,5,1,2,3
gated_alive:a_3a:51422,a_3a,51422,5,2,1,0,1,1,0,0,0
gated_alive:a_3a:51624,a_3a,51624,3,9,12,2,3,3,0,5,7
gated_alive:a_3a:51980,a_3a,51980,4,8,10,3,9,12,0,0,8
gated_alive:a_3a:52448,a_3a,52448,0,5,11,2,3,3,4,3,1
gated_alive:a_3a:52618,a_3a,52618,1,0,6,1,2,2,3,1,6
gated_alive:a_3a:52869,a_3a,52869,3,3,4,1,5,5,1,2,5
gated_alive:a_3a:53171,a_3a,53171,1,3,4,1,5,5,1,2,5
gated_alive:a_3a:55374,a_3a,55374,3,9,5,3,6,9,2,6,9
gated_alive:a_3a:55550,a_3a,55550,0,4,8,3,6,8,2,5,7
gated_alive:a_3a:55592,a_3a,55592,5,8,3,3,6,9,0,0,11
gated_alive:a_3a:55841,a_3a,55841,1,4,0,1,2,2,1,1,4
gated_alive:a_3a:56063,a_3a,56063,5,2,1,0,1,1,0,0,8
gated_alive:a_3a:56195,a_3a,56195,1,0,6,1,2,2,3,1,6
gated_alive:a_3a:56746,a_3a,56746,5,2,1,0,0,0,0,0,8
gated_alive:a_3a:57105,a_3a,57105,3,3,4,1,5,5,1,2,5
gated_alive:a_3a:57511,a_3a,57511,2,6,2,4,7,10,2,4,2
gated_alive:a_3a:58661,a_3a,58661,3,4,4,1,5,5,1,2,3
gated_alive:a_3a:59044,a_3a,59044,1,3,4,1,5,5,1,2,5
gated_alive:a_3a:59211,a_3a,59211,3,9,12,3,6,8,1,6,3
gated_alive:a_3a:59340,a_3a,59340,3,3,4,1,5,5,1,2,3
gated_alive:a_3a:59391,a_3a,59391,5,2,1,1,5,5,0,0,7
gated_alive:a_3a:59601,a_3a,59601,5,2,1,0,1,1,0,0,0
gated_alive:a_3a:59843,a_3a,59843,3,4,8,1,5,5,1,2,3
gated_alive:a_3a:60677,a_3a,60677,5,8,10,0,1,1,0,0,8
gated_alive:a_3a:60713,a_3a,60713,3,9,5,3,6,9,1,6,9
gated_alive:a_3a:60780,a_3a,60780,3,3,5,1,2,2,1,2,5
gated_alive:a_3a:61465,a_3a,61465,3,3,5,1,5,5,1,2,5
gated_alive:a_3a:62067,a_3a,62067,2,4,5,3,6,8,2,5,7
gated_alive:a_3a:62256,a_3a,62256,2,9,12,1,5,5,1,6,3
gated_alive:a_3a:62647,a_3a,62647,2,6,2,4,7,10,2,4,2
gated_alive:a_3a:62673,a_3a,62673,5,8,10,0,1,1,0,0,0
gated_alive:a_3a:63025,a_3a,63025,0,5,11,0,1,1,4,8,10
gated_alive:a_3a:63031,a_3a,63031,3,4,8,3,6,8,2,5,14
gated_alive:a_3a:63215,a_3a,63215,1,0,0,1,2,2,3,1,6
gated_alive:a_3a:63328,a_3a,63328,0,5,11,2,3,3,4,3,1
gated_alive:a_3a:63502,a_3a,63502,5,8,10,0,1,1,0,0,8
gated_alive:a_3a:63648,a_3a,63648,2,6,2,4,7,10,2,4,2
gated_alive:a_3a:63859,a_3a,63859,5,2,10,0,1,1,0,0,8
gated_alive:a_3a:64114,a_3a,64114,0,5,11,0,0,0,4,8,10
gated_alive:a_3a:64453,a_3a,64453,5,2,1,0,1,1,0,0,0
gated_alive:a_3a:64554,a_3a,64554,1,0,6,1,2,2,3,1,6
gated_alive:a_3a:64617,a_3a,64617,2,6,2,3,4,4,2,4,2
gated_alive:a_3a:64648,a_3a,64648,1,0,6,3,4,4,3,1,4
gated_alive:a_3a:65389,a_3a,65389,5,2,1,0,1,1,0,0,8
gated_alive:a_3a:65753,a_3a,65753,0,5,11,2,3,3,4,3,1
gated_alive:a_3a:65950,a_3a,65950,3,4,8,3,6,8,1,5,3
gated_alive:a_3a:66048,a_3a,66048,5,8,10,1,2,2,0,0,15
gated_alive:a_3a:66473,a_3a,66473,3,4,5,3,6,9,2,6,9
gated_alive:a_3a:66484,a_3a,66484,3,6,5,3,6,9,2,6,9
gated_alive:a_3a:66525,a_3a,66525,1,4,0,0,0,0,3,8,10
gated_alive:a_3a:66755,a_3a,66755,3,4,8,3,6,8,2,5,14
gated_alive:a_3a:67152,a_3a,67152,1,4,8,2,3,3,2,5,14
gated_alive:a_3a:67309,a_3a,67309,5,2,1,0,0,0,0,8,10
gated_alive:a_3a:67798,a_3a,67798,5,2,1,0,1,1,0,0,0
gated_alive:a_3a:67834,a_3a,67834,0,5,11,2,3,3,4,3,1
gated_alive:a_3a:68078,a_3a,68078,3,3,5,1,5,5,1,2,5
gated_alive:a_3a:68318,a_3a,68318,1,0,6,1,2,2,3,1,4
gated_alive:a_3a:68563,a_3a,68563,2,1,7,4,7,13,2,4,2
gated_alive:a_3a:68865,a_3a,68865,5,2,1,0,1,1,0,0,8
gated_alive:a_3a:69189,a_3a,69189,5,8,10,0,1,1,0,0,0
gated_alive:a_3a:70458,a_3a,70458,2,1,7,4,7,13,2,4,2
gated_alive:a_3a:70948,a_3a,70948,5,8,10,0,0,6,0,0,8
gated_alive:a_3a:71172,a_3a,71172,1,0,6,1,2,2,3,1,10
gated_alive:a_3a:71602,a_3a,71602,1,0,0,1,2,2,3,1,4
gated_alive:a_3a:71726,a_3a,71726,5,2,1,0,0,0,0,0,8
gated_alive:a_3a:71760,a_3a,71760,3,4,8,3,6,8,2,5,7
gated_alive:a_3a:71955,a_3a,71955,3,4,8,2,3,3,0,5,7
gated_alive:a_3a:72497,a_3a,72497,3,3,4,1,5,5,1,2,5
gated_alive:a_3a:72548,a_3a,72548,0,5,11,2,3,3,5,3,11
gated_alive:a_3a:72551,a_3a,72551,3,3,4,1,5,5,1,2,5
gated_alive:a_3a:73057,a_3a,73057,3,8,5,3,6,9,2,6,9
gated_alive:a_3a:73107,a_3a,73107,3,3,4,1,5,5,1,2,3
gated_alive:a_3a:73152,a_3a,73152,0,5,11,2,3,3,4,3,1
gated_alive:a_3a:73225,a_3a,73225,3,3,4,1,5,5,1,2,5
gated_alive:a_3a:73609,a_3a,73609,3,3,4,1,5,5,1,2,5
gated_alive:a_3a:73897,a_3a,73897,0,2,1,0,0,7,0,7,12
gated_alive:a_3a:74349,a_3a,74349,1,0,6,1,2,2,3,1,6
gated_alive:a_3a:74535,a_3a,74535,5,8,10,0,0,7,0,7,12
gated_alive:a_3a:74594,a_3a,74594,5,8,10,0,0,6,0,0,8
gated_alive:a_3a:75063,a_3a,75063,5,8,10,0,0,6,0,0,8
gated_alive:a_3a:75855,a_3a,75855,0,4,8,2,3,3,4,3,1
gated_alive:a_3a:76865,a_3a,76865,1,0,6,1,2,2,3,1,6
gated_alive:a_3a:76866,a_3a,76866,0,4,8,2,3,3,4,5,7
gated_alive:a_3a:77748,a_3a,77748,0,5,11,2,3,3,4,3,1
gated_alive:a_3a:78874,a_3a,78874,3,4,8,1,2,2,1,2,3
gated_alive:a_3a:79393,a_3a,79393,2,1,2,4,7,13,2,4,2
gated_alive:a_3a:80095,a_3a,80095,2,6,2,4,7,10,2,4,2
gated_alive:a_3a:81015,a_3a,81015,1,0,0,1,2,2,3,1,6
gated_alive:a_3a:81278,a_3a,81278,1,3,4,3,4,4,3,1,17
gated_alive:a_3a:81539,a_3a,81539,3,3,6,1,5,5,1,2,5
gated_alive:a_3a:82042,a_3a,82042,1,0,6,0,0,6,3,1,6
gated_alive:a_3a:82544,a_3a,82544,3,3,4,1,5,5,1,2,5
gated_alive:a_3a:83129,a_3a,83129,5,2,1,0,1,1,0,0,0
gated_alive:a_3a:83175,a_3a,83175,5,8,10,0,0,0,0,0,8
gated_alive:a_3a:83268,a_3a,83268,0,5,11,0,0,0,4,8,10
gated_alive:a_3a:83718,a_3a,83718,4,8,3,0,1,1,0,0,13
gated_alive:a_3a:84087,a_3a,84087,2,6,2,4,7,10,2,4,2
gated_alive:a_3a:84283,a_3a,84283,3,3,4,1,5,5,1,2,5
gated_alive:a_3a:84418,a_3a,84418,5,2,1,0,1,1,0,0,8
gated_alive:a_3a:84577,a_3a,84577,1,0,6,1,2,2,3,1,6
gated_alive:a_3a:85064,a_3a,85064,1,0,6,0,0,6,3,1,6
gated_alive:a_3a:85082,a_3a,85082,0,5,8,2,3,3,4,3,1
gated_alive:a_3a:85218,a_3a,85218,5,8,10,0,1,1,0,0,13
gated_alive:a_3a:85267,a_3a,85267,3,3,4,1,5,5,1,2,5
gated_alive:a_3a:85399,a_3a,85399,3,3,4,1,5,5,1,2,5
gated_alive:a_3a:85824,a_3a,85824,5,2,10,0,0,0,0,8,10
gated_alive:a_3a:86302,a_3a,86302,2,6,2,4,7,10,2,4,2
gated_alive:a_3a:86821,a_3a,86821,5,2,1,2,3,3,0,0,7
gated_alive:a_3a:86863,a_3a,86863,3,3,4,1,5,5,1,2,5
gated_alive:a_3a:86925,a_3a,86925,1,0,0,1,2,2,3,1,4
gated_alive:a_3a:87284,a_3a,87284,3,3,4,1,5,5,1,2,5
gated_alive:a_3a:87718,a_3a,87718,3,3,4,1,5,5,1,2,5
gated_alive:a_3a:87832,a_3a,87832,5,2,3,0,1,1,0,0,0
gated_alive:a_3a:88863,a_3a,88863,3,3,4,1,5,5,1,2,5
gated_alive:a_3a:89070,a_3a,89070,5,8,10,0,1,1,0,0,8
gated_alive:a_3a:89085,a_3a,89085,0,5,11,2,3,3,4,3,1
gated_alive:a_3a:89284,a_3a,89284,5,8,10,0,0,6,0,0,8
gated_alive:a_3a:89912,a_3a,89912,5,8,13,3,9,12,5,10,16
gated_alive:a_3a:90630,a_3a,90630,5,8,10,0,1,1,0,0,8
gated_alive:a_3a:91064,a_3a,91064,0,5,11,3,4,4,0,0,17
gated_alive:a_3a:91475,a_3a,91475,5,2,10,0,1,1,0,0,8
gated_alive:a_3a:91865,a_3a,91865,3,4,8,3,6,8,2,5,14
gated_alive:a_3a:92039,a_3a,92039,3,4,8,3,6,8,2,5,14
gated_alive:a_3a:92248,a_3a,92248,5,2,1,0,1,1,0,7,12
gated_alive:a_3a:92377,a_3a,92377,1,0,0,1,2,2,3,1,6
gated_alive:a_3a:93180,a_3a,93180,0,5,11,2,3,3,4,5,7
gated_alive:a_3a:93467,a_3a,93467,3,4,8,3,6,8,2,5,7
gated_alive:a_3a:93797,a_3a,93797,0,4,8,2,3,3,0,5,7
gated_alive:a_3a:93848,a_3a,93848,1,0,0,1,2,2,3,1,6
gated_alive:a_3a:94053,a_3a,94053,3,3,4,1,5,5,1,2,5
gated_alive:a_3a:94690,a_3a,94690,0,5,11,0,1,1,4,3,1
gated_alive:a_3a:94857,a_3a,94857,2,6,5,3,6,9,2,6,9
gated_alive:a_3a:94990,a_3a,94990,0,5,11,2,3,3,4,3,1
gated_alive:a_3a:95071,a_3a,95071,2,1,7,4,7,10,2,4,2
gated_alive:a_3a:95154,a_3a,95154,0,4,8,2,3,3,4,5,7
gated_alive:a_3a:95511,a_3a,95511,0,4,8,1,2,2,2,5,14
gated_alive:a_3a:96420,a_3a,96420,3,3,4,1,2,2,1,2,5
gated_alive:a_3a:96881,a_3a,96881,3,3,4,1,5,5,1,2,5
gated_alive:a_3a:97004,a_3a,97004,5,2,1,0,1,1,0,0,13
gated_alive:a_3a:97214,a_3a,97214,2,6,2,4,7,10,2,4,2
gated_alive:a_3a:97281,a_3a,97281,0,4,8,3,9,12,2,5,7
gated_alive:a_3a:97782,a_3a,97782,2,8,5,3,6,9,2,6,9
gated_alive:a_3a:97799,a_3a,97799,5,2,1,0,1,1,0,0,0
gated_alive:a_3a:98321,a_3a,98321,1,3,6,1,5,5,3,1,6
gated_alive:a_3a:98507,a_3a,98507,3,3,4,1,5,5,1,2,5
gated_alive:a_3a:99044,a_3a,99044,2,6,5,3,6,9,2,6,9
gated_alive:a_3a:99187,a_3a,99187,1,3,4,1,5,5,1,2,5
gated_alive:a_3a:99444,a_3a,99444,3,3,6,0,0,6,1,2,5
gated_alive:a_3a:99667,a_3a,99667,5,8,5,3,6,9,2,6,9
gated_alive:a_3a:99774,a_3a,99774,1,2,1,1,2,2,3,1,6
gated_alive:a_3a:99949,a_3a,99949,5,8,10,0,0,0,0,0,8
gated_alive:a_3a:100340,a_3a,100340,0,4,8,2,3,3,0,5,7
gated_alive:a_3a:100624,a_3a,100624,3,3,6,1,5,5,1,2,5
gated_alive:a_3a:100826,a_3a,100826,5,8,10,0,1,1,0,0,8
gated_alive:a_3a:101468,a_3a,101468,3,3,4,1,5,5,1,2,5
gated_alive:a_3a:101503,a_3a,101503,3,3,5,1,5,5,1,6,9
gated_alive:a_3a:101915,a_3a,101915,5,8,10,0,0,0,0,8,10
gated_alive:a_3a:102046,a_3a,102046,5,8,10,0,0,6,0,0,8
gated_alive:a_3a:103229,a_3a,103229,1,0,0,1,2,2,3,1,4
gated_alive:a_3a:103303,a_3a,103303,3,3,13,3,9,12,5,10,16
gated_alive:a_3a:103634,a_3a,103634,1,4,0,3,6,9,3,1,4
gated_alive:a_3a:103720,a_3a,103720,0,5,11,2,3,3,4,3,1
gated_alive:a_3a:103758,a_3a,103758,1,0,0,1,2,2,3,1,4
gated_alive:a_3a:104341,a_3a,104341,5,8,10,0,1,1,0,0,8
gated_alive:a_3a:104414,a_3a,104414,3,4,8,3,6,8,2,5,7
gated_alive:a_3a:104727,a_3a,104727,5,8,10,0,0,0,0,8,10
gated_alive:a_3a:104743,a_3a,104743,3,3,5,3,6,9,2,6,9
gated_alive:a_3a:105301,a_3a,105301,5,8,10,0,0,6,0,0,8
gated_alive:a_3a:105526,a_3a,105526,3,4,8,1,5,5,2,5,7
gated_alive:a_3a:105834,a_3a,105834,5,2,1,3,4,4,0,0,0
gated_alive:a_3a:106304,a_3a,106304,2,1,7,4,7,13,2,4,2
gated_alive:a_3a:106644,a_3a,106644,1,0,6,1,2,2,3,1,6
gated_alive:a_3a:106775,a_3a,106775,0,4,8,3,6,8,2,4,2
gated_alive:a_3a:107485,a_3a,107485,5,8,10,0,0,6,0,0,8
gated_alive:a_3a:107633,a_3a,107633,5,2,1,0,1,1,0,0,0
gated_alive:a_3a:107670,a_3a,107670,3,3,6,3,6,8,1,2,6
gated_alive:a_3a:107820,a_3a,107820,3,4,8,2,3,3,2,5,14
gated_alive:a_3a:107951,a_3a,107951,5,8,10,0,1,1,0,0,8
gated_alive:a_3a:108072,a_3a,108072,5,8,10,0,1,1,0,0,8
gated_alive:a_3a:108239,a_3a,108239,0,4,8,3,6,8,2,5,14
gated_alive:a_3a:109000,a_3a,109000,0,4,8,2,3,3,2,5,14
gated_alive:a_3a:109279,a_3a,109279,5,8,10,0,1,1,0,0,0
gated_alive:a_3a:109404,a_3a,109404,1,4,0,1,5,5,3,1,4
gated_alive:a_3a:109481,a_3a,109481,1,0,6,1,2,2,3,1,6
gated_alive:a_3a:109747,a_3a,109747,1,3,6,1,2,2,3,8,10
gated_alive:a_3a:110069,a_3a,110069,3,3,4,3,6,8,3,2,7
gated_alive:a_3a:110187,a_3a,110187,2,6,2,4,7,10,2,4,2
gated_alive:a_3a:110601,a_3a,110601,1,0,0,1,5,5,1,2,3
gated_alive:a_3a:110665,a_3a,110665,2,6,2,4,7,13,2,4,2
gated_alive:a_3a:111269,a_3a,111269,3,3,4,1,5,5,1,2,5
gated_alive:a_3a:112103,a_3a,112103,5,2,1,0,1,1,0,0,0
gated_alive:a_3a:112244,a_3a,112244,1,0,0,3,6,8,3,1,4
gated_alive:a_3a:112734,a_3a,112734,2,6,2,4,7,10,2,4,2
gated_alive:a_3a:112754,a_3a,112754,1,0,6,0,0,6,5,3,11
gated_alive:a_3a:112891,a_3a,112891,5,8,10,3,4,4,0,0,0
gated_alive:a_3a:113258,a_3a,113258,5,2,1,0,0,7,0,7,12
gated_alive:a_3a:113506,a_3a,113506,3,3,4,1,5,5,1,2,5
gated_alive:a_3a:113899,a_3a,113899,3,9,12,3,6,8,1,6,3
gated_alive:a_3a:114055,a_3a,114055,1,4,8,3,6,8,2,5,14
gated_alive:a_3a:115532,a_3a,115532,3,3,4,2,3,3,3,1,4
gated_alive:a_3a:115663,a_3a,115663,2,1,7,4,7,13,2,4,2
gated_alive:a_3a:116013,a_3a,116013,3,3,4,1,5,5,1,2,5
gated_alive:a_3a:117678,a_3a,117678,2,6,2,3,4,4,2,4,2
gated_alive:a_3a:118580,a_3a,118580,0,4,8,2,3,3,0,5,7
gated_alive:a_3a:118958,a_3a,118958,2,6,8,3,4,4,2,5,14
gated_alive:a_3a:119189,a_3a,119189,5,2,1,0,1,1,0,0,13
gated_alive:a_3a:119375,a_3a,119375,3,3,4,1,5,5,1,2,5
gated_alive:a_3a:119519,a_3a,119519,3,3,4,3,4,4,1,2,5
gated_alive:a_3a:120219,a_3a,120219,5,8,10,0,1,1,0,0,0
gated_alive:a_3a:120270,a_3a,120270,5,2,1,0,1,1,0,0,8
gated_alive:a_3a:120690,a_3a,120690,2,6,2,4,7,10,2,4,2
gated_alive:a_3a:120970,a_3a,120970,5,8,13,3,9,12,5,7,11
gated_alive:a_3a:122021,a_3a,122021,5,2,1,0,1,1,0,0,0
gated_alive:a_3a:122818,a_3a,122818,1,0,0,3,6,9,3,1,4
gated_alive:a_3a:123127,a_3a,123127,3,3,4,1,5,5,1,2,3
gated_alive:a_3a:123134,a_3a,123134,2,6,2,0,0,7,0,7,12
gated_alive:a_3a:123531,a_3a,123531,5,8,10,3,4,4,0,0,17
gated_alive:a_3a:123585,a_3a,123585,5,8,10,0,0,6,0,0,8
gated_alive:a_3a:123856,a_3a,123856,1,0,6,1,5,5,3,1,6
gated_alive:a_3a:124040,a_3a,124040,1,0,6,1,2,2,3,1,6
gated_alive:a_3a:124601,a_3a,124601,1,0,0,1,2,2,3,1,6
gated_alive:a_3a:125538,a_3a,125538,1,0,0,1,2,2,3,1,4
gated_alive:a_3a:125575,a_3a,125575,0,2,1,3,4,4,0,0,17
gated_alive:a_3a:125576,a_3a,125576,3,3,4,1,5,5,1,2,5
gated_alive:a_3a:125750,a_3a,125750,5,2,1,0,1,1,0,0,0
gated_alive:a_3a:125781,a_3a,125781,5,8,10,0,0,6,0,0,8
gated_alive:a_3a:125877,a_3a,125877,0,5,11,2,3,3,4,3,1
gated_alive:a_3a:126117,a_3a,126117,5,2,1,0,1,1,0,0,0
gated_alive:a_3a:127028,a_3a,127028,1,0,6,1,5,5,3,1,12
gated_alive:a_3a:127111,a_3a,127111,5,8,3,2,3,3,5,7,11
gated_alive:a_3a:127481,a_3a,127481,2,6,5,0,0,6,2,6,9
gated_alive:a_3a:128111,a_3a,128111,5,2,1,0,1,1,0,0,0
gated_alive:a_3a:128614,a_3a,128614,0,5,11,2,3,3,4,3,1
gated_alive:a_3a:128744,a_3a,128744,3,3,4,0,0,6,1,2,5
gated_alive:a_3a:129002,a_3a,129002,5,2,1,0,0,7,0,7,12
gated_alive:a_3a:129338,a_3a,129338,1,0,6,1,2,2,3,1,6
gated_alive:a_3a:129701,a_3a,129701,3,9,12,3,6,8,1,2,5
gated_alive:a_3a:130028,a_3a,130028,1,0,0,1,5,5,3,1,6
gated_alive:a_3a:130138,a_3a,130138,1,4,0,1,2,2,3,1,4
gated_alive:a_3a:130193,a_3a,130193,5,2,1,0,1,1,0,0,0
gated_alive:a_3a:130462,a_3a,130462,5,2,1,3,9,12,5,10,16
gated_alive:a_3a:131525,a_3a,131525,3,3,4,1,5,5,1,2,5
gated_alive:a_3a:131596,a_3a,131596,3,3,4,1,5,5,1,2,5
gated_alive:a_3a:132365,a_3a,132365,3,3,4,1,5,5,1,2,5
gated_alive:a_3a:132588,a_3a,132588,5,2,1,0,0,7,0,7,12
gated_alive:a_3a:133218,a_3a,133218,0,5,11,2,3,3,4,3,1
gated_alive:a_3a:133544,a_3a,133544,0,5,11,0,0,0,4,8,10
gated_alive:a_3a:133973,a_3a,133973,0,5,3,2,3,3,5,3,11
gated_alive:a_3a:134068,a_3a,134068,2,6,5,3,6,8,2,5,14
gated_alive:a_3a:134414,a_3a,134414,1,0,0,0,1,1,3,1,13
gated_alive:a_3a:135810,a_3a,135810,5,2,1,3,4,4,0,0,17
gated_alive:a_3a:136188,a_3a,136188,5,8,10,0,0,0,0,8,10
gated_alive:a_3a:136282,a_3a,136282,0,4,8,0,1,1,0,5,7
gated_alive:a_3a:136561,a_3a,136561,3,3,4,1,5,5,1,2,5
gated_alive:a_3a:136708,a_3a,136708,3,3,4,1,5,5,1,2,5
gated_alive:a_3a:136849,a_3a,136849,5,8,10,0,0,6,0,8,10
gated_alive:a_3a:136879,a_3a,136879,1,0,6,1,2,2,3,1,6
gated_alive:a_3a:136996,a_3a,136996,1,0,6,1,2,2,3,1,6
gated_alive:a_3a:137161,a_3a,137161,5,2,1,0,1,1,0,0,0
gated_alive:a_3a:137517,a_3a,137517,0,5,11,0,0,0,4,8,10
gated_alive:a_3a:137979,a_3a,137979,3,3,4,1,5,5,1,2,5
gated_alive:a_3a:138095,a_3a,138095,0,2,1,0,1,1,0,5,7
gated_alive:a_3a:138535,a_3a,138535,3,3,4,1,5,5,1,2,5
gated_alive:a_3a:138611,a_3a,138611,3,3,4,1,5,5,1,2,5
gated_alive:a_3a:139269,a_3a,139269,0,4,8,2,3,3,2,5,7
gated_alive:a_3a:139276,a_3a,139276,1,0,0,1,2,2,3,1,4
gated_alive:a_3a:139279,a_3a,139279,2,1,7,4,7,13,2,4,2
gated_alive:a_3a:139532,a_3a,139532,3,4,5,3,6,9,2,6,9
gated_alive:a_3a:140400,a_3a,140400,1,0,6,1,2,2,3,1,6
gated_alive:a_3a:140561,a_3a,140561,2,6,2,4,7,10,2,4,2
gated_alive:a_3a:140712,a_3a,140712,1,0,0,1,2,2,3,1,6
gated_alive:a_3a:140933,a_3a,140933,3,4,8,4,7,13,2,5,7
gated_alive:a_3a:141114,a_3a,141114,3,9,12,3,6,8,1,6,3
gated_alive:a_3a:141701,a_3a,141701,5,2,1,0,1,1,0,0,0
gated_alive:a_3a:141878,a_3a,141878,0,2,3,2,3,3,5,7,11
gated_alive:a_3a:142067,a_3a,142067,1,4,0,1,5,5,1,2,4
gated_alive:a_3a:142594,a_3a,142594,5,5,11,0,1,1,4,0,1
gated_alive:a_3a:143814,a_3a,143814,5,2,1,0,0,0,0,8,10
gated_alive:a_3a:143965,a_3a,143965,3,3,4,1,5,5,1,2,5
gated_alive:a_3a:144420,a_3a,144420,2,6,2,3,6,9,2,6,9
gated_alive:a_3a:144448,a_3a,144448,5,2,1,0,1,1,0,0,0
gated_alive:a_3a:144753,a_3a,144753,3,3,4,1,5,5,1,2,5
gated_alive:a_3a:144898,a_3a,144898,5,2,1,0,1,1,0,0,8
gated_alive:a_3a:145522,a_3a,145522,5,8,10,0,0,6,4,3,15
gated_alive:a_3a:145722,a_3a,145722,4,7,9,3,4,4,6,9,13
gated_alive:a_3a:145752,a_3a,145752,5,2,1,0,1,1,0,0,0
gated_alive:a_3a:146725,a_3a,146725,5,2,1,0,1,1,0,0,0
gated_alive:a_3a:147249,a_3a,147249,0,5,11,0,0,0,4,3,1
gated_alive:a_3a:147329,a_3a,147329,3,3,5,3,6,9,2,6,9
gated_alive:a_3a:147545,a_3a,147545,1,4,8,1,5,5,1,1,4
gated_alive:a_3a:148120,a_3a,148120,0,2,1,0,1,1,0,0,7
gated_alive:a_3a:148628,a_3a,148628,0,4,8,3,6,8,2,5,7
gated_alive:a_3a:148939,a_3a,148939,2,6,2,4,7,10,2,4,14
gated_alive:a_3a:149732,a_3a,149732,1,0,6,1,2,2,3,1,6
gated_alive:a_3a:149943,a_3a,149943,5,2,1,0,1,1,0,0,0
gated_alive:a_3a:150010,a_3a,150010,3,3,4,1,5,5,1,2,3
gated_alive:a_3a:150200,a_3a,150200,1,0,0,1,2,2,3,1,6
gated_alive:a_3a:150679,a_3a,150679,1,3,4,1,2,2,3,1,5
gated_alive:a_3a:150723,a_3a,150723,0,4,8,2,3,3,0,5,7
gated_alive:a_3a:150759,a_3a,150759,3,3,4,1,5,5,1,2,5
gated_alive:a_3a:152148,a_3a,152148,3,4,8,3,6,8,2,5,14
gated_alive:a_3a:152480,a_3a,152480,0,5,11,2,3,3,4,3,1
gated_alive:a_3a:152785,a_3a,152785,1,4,8,2,3,3,2,5,7
gated_alive:a_3a:153622,a_3a,153622,0,4,8,3,6,8,2,4,2
gated_alive:a_3a:154292,a_3a,154292,3,6,5,3,6,9,2,6,9
gated_alive:a_3a:154726,a_3a,154726,1,3,6,3,6,9,3,1,6
gated_alive:a_3a:154969,a_3a,154969,2,1,7,1,2,2,2,4,2
gated_alive:a_3a:155089,a_3a,155089,2,1,7,4,7,13,2,4,2
gated_alive:a_3a:155282,a_3a,155282,0,4,8,3,6,8,2,5,7
gated_alive:a_3a:155379,a_3a,155379,1,0,6,1,2,2,3,1,6
gated_alive:a_3a:155770,a_3a,155770,1,0,6,1,2,2,3,1,6
gated_alive:a_3a:155892,a_3a,155892,3,3,4,1,5,5,1,2,5
gated_alive:a_3a:156236,a_3a,156236,0,5,11,2,3,3,4,3,1
gated_alive:a_3a:156931,a_3a,156931,0,5,11,2,3,3,4,3,15
gated_alive:a_3a:157702,a_3a,157702,3,3,4,1,5,5,1,2,5
gated_alive:a_3a:157818,a_3a,157818,1,0,0,1,2,2,3,1,4
gated_alive:a_3a:157922,a_3a,157922,1,0,6,1,2,2,3,1,6
gated_alive:a_3a:158634,a_3a,158634,5,2,1,0,1,1,0,0,0
gated_alive:a_3a:159537,a_3a,159537,3,3,4,3,4,4,3,1,17
gated_alive:a_3a:160529,a_3a,160529,1,0,0,1,2,2,3,1,6
gated_alive:a_3a:160880,a_3a,160880,5,8,10,0,1,1,0,0,0
gated_alive:a_3a:162706,a_3a,162706,0,4,8,0,0,0,2,5,7
gated_alive:a_3a:162848,a_3a,162848,5,2,1,0,1,1,0,0,8
gated_alive:a_3a:162974,a_3a,162974,3,4,4,1,5,5,1,2,3
gated_alive:a_3a:163023,a_3a,163023,3,3,4,1,2,2,1,2,5
gated_alive:a_3a:163268,a_3a,163268,5,2,1,0,0,0,0,0,17
gated_alive:a_3a:163690,a_3a,163690,3,3,4,1,2,2,1,2,5
gated_alive:a_3a:163727,a_3a,163727,5,2,1,0,1,1,0,0,0
gated_alive:a_3a:164134,a_3a,164134,0,4,8,3,6,8,2,5,7
gated_alive:a_3a:164444,a_3a,164444,5,2,1,0,1,1,0,0,0
gated_alive:a_3a:164484,a_3a,164484,0,5,11,2,3,3,4,3,1
gated_alive:a_3a:164765,a_3a,164765,5,8,10,0,1,1,0,0,0
gated_alive:a_3a:165048,a_3a,165048,1,0,6,1,2,2,3,1,6
gated_alive:a_3a:165095,a_3a,165095,1,0,6,1,2,2,3,1,6
gated_alive:a_3a:166439,a_3a,166439,0,2,1,2,3,3,0,5,7
gated_alive:a_3a:166597,a_3a,166597,5,2,1,0,1,1,0,0,0
gated_alive:a_3a:167583,a_3a,167583,5,8,1,0,1,1,0,0,0
gated_alive:a_3a:167800,a_3a,167800,1,0,0,1,2,2,3,1,4
gated_alive:a_3a:168084,a_3a,168084,5,2,1,0,1,1,0,7,12
gated_alive:a_3a:168248,a_3a,168248,0,4,8,2,3,3,4,5,7
gated_alive:a_3a:168416,a_3a,168416,3,3,4,1,5,5,1,2,5
gated_alive:a_3a:168445,a_3a,168445,2,8,10,0,0,0,0,8,8
gated_alive:a_3a:168747,a_3a,168747,1,0,0,1,2,2,3,1,4
gated_alive:a_3a:168868,a_3a,168868,1,3,6,0,0,6,3,1,6
gated_alive:a_3a:169425,a_3a,169425,2,1,7,4,7,13,2,4,2
gated_alive:a_3a:169903,a_3a,169903,3,3,4,1,5,5,1,2,5
gated_alive:a_3a:170337,a_3a,170337,1,4,0,1,2,2,3,1,4
gated_alive:a_3a:170671,a_3a,170671,3,3,4,1,5,5,1,2,5
gated_alive:a_3a:170853,a_3a,170853,2,6,2,4,7,13,2,4,2
gated_alive:a_3a:171227,a_3a,171227,3,3,4,1,5,5,1,2,5
gated_alive:a_3a:172295,a_3a,172295,1,0,6,1,2,2,3,1,6
gated_alive:a_3a:173158,a_3a,173158,1,0,6,1,2,2,3,1,6
gated_alive:a_3a:173276,a_3a,173276,3,3,4,1,5,5,1,2,5
gated_alive:a_3a:173353,a_3a,173353,2,6,2,5,8,11,2,4,2
gated_alive:a_3a:173536,a_3a,173536,3,3,4,1,5,5,1,2,5
gated_alive:a_3a:174053,a_3a,174053,1,4,8,3,6,8,2,5,14
gated_alive:a_3a:174389,a_3a,174389,0,4,8,2,3,3,2,5,7
gated_alive:a_3a:174702,a_3a,174702,2,6,2,4,7,10,2,4,2
gated_alive:a_3a:174720,a_3a,174720,5,2,1,0,1,1,0,8,10
gated_alive:a_3a:175818,a_3a,175818,0,4,8,3,6,8,2,5,7
gated_alive:a_3a:175949,a_3a,175949,3,4,8,3,6,8,2,5,7
gated_alive:a_3a:176223,a_3a,176223,3,3,6,1,5,5,1,2,5
gated_alive:a_3a:176435,a_3a,176435,3,3,4,1,5,5,1,2,5
gated_alive:a_3a:176700,a_3a,176700,5,8,10,0,1,1,0,0,8
gated_alive:a_3a:176877,a_3a,176877,2,6,2,4,7,10,2,4,2
gated_alive:a_3a:177931,a_3a,177931,5,2,1,0,0,0,0,8,10
gated_alive:a_3a:177932,a_3a,177932,3,3,4,1,5,5,1,2,5
gated_alive:a_3a:178328,a_3a,178328,1,4,8,3,6,8,2,5,14
gated_alive:a_3a:179323,a_3a,179323,1,0,0,1,2,2,3,1,6
gated_alive:a_3a:179389,a_3a,179389,1,0,6,1,2,2,3,1,6
gated_alive:a_3a:179664,a_3a,179664,0,2,1,0,1,1,0,0,7
gated_alive:a_3a:179762,a_3a,179762,1,0,0,1,2,2,3,1,6
gated_alive:a_3b:127,a_3b,127,3,3,4,1,5,5,1,2,5
gated_alive:a_3b:593,a_3b,593,1,0,0,1,2,2,3,1,4
gated_alive:a_3b:1772,a_3b,1772,5,2,1,0,1,1,0,0,0
gated_alive:a_3b:2223,a_3b,2223,3,3,5,3,6,9,2,6,9
gated_alive:a_3b:2541,a_3b,2541,0,5,11,2,3,3,4,3,1
gated_alive:a_3b:2756,a_3b,2756,5,8,10,0,0,0,0,0,0
gated_alive:a_3b:3205,a_3b,3205,0,5,11,2,3,3,4,3,1
gated_alive:a_3b:3220,a_3b,3220,5,3,10,0,0,6,1,2,5
gated_alive:a_3b:4378,a_3b,4378,1,0,6,1,2,2,3,1,6
gated_alive:a_3b:4532,a_3b,4532,1,0,0,1,2,2,3,8,10
gated_alive:a_3b:5233,a_3b,5233,5,2,1,0,1,1,0,0,0
gated_alive:a_3b:6005,a_3b,6005,3,3,4,1,5,5,1,2,5
gated_alive:a_3b:7971,a_3b,7971,5,2,1,0,1,1,0,0,8
gated_alive:a_3b:8385,a_3b,8385,2,6,2,4,7,10,2,4,2
gated_alive:a_3b:9692,a_3b,9692,3,4,4,0,1,1,1,2,3
gated_alive:a_3b:11973,a_3b,11973,3,4,4,1,5,5,1,2,5
gated_alive:a_3b:12023,a_3b,12023,5,8,10,0,0,6,0,0,15
gated_alive:a_3b:12602,a_3b,12602,5,2,1,0,1,1,0,0,0
gated_alive:a_3b:12636,a_3b,12636,5,2,3,2,3,3,0,0,11
gated_alive:a_3b:13190,a_3b,13190,5,2,1,0,1,1,0,8,10
gated_alive:a_3b:13505,a_3b,13505,1,3,4,1,5,5,1,2,5
gated_alive:a_3b:13930,a_3b,13930,2,8,10,0,0,6,0,8,10
gated_alive:a_3b:14091,a_3b,14091,3,3,13,3,9,12,5,10,16
gated_alive:a_3b:14192,a_3b,14192,0,5,11,0,0,7,4,7,12
gated_alive:a_3b:14820,a_3b,14820,1,0,6,1,2,2,3,1,6
gated_alive:a_3b:15156,a_3b,15156,0,2,1,0,1,1,0,0,0
gated_alive:a_3b:15356,a_3b,15356,5,8,10,3,4,4,0,0,17
gated_alive:a_3b:15358,a_3b,15358,3,3,4,1,5,5,1,2,5
gated_alive:a_3b:15600,a_3b,15600,2,6,2,3,4,4,2,4,2
gated_alive:a_3b:15908,a_3b,15908,2,6,2,3,6,9,2,4,9
gated_alive:a_3b:18038,a_3b,18038,2,6,2,4,7,10,2,4,2
gated_alive:a_3b:18076,a_3b,18076,3,3,6,1,2,2,1,2,5
gated_alive:a_3b:18374,a_3b,18374,0,5,11,2,3,3,4,3,1
gated_alive:a_3b:18408,a_3b,18408,1,0,6,1,2,2,3,1,6
gated_alive:a_3b:18489,a_3b,18489,5,8,3,2,3,3,5,3,11
gated_alive:a_3b:18692,a_3b,18692,2,1,7,4,7,10,0,4,2
gated_alive:a_3b:19195,a_3b,19195,0,5,11,2,3,3,4,3,1
gated_alive:a_3b:19311,a_3b,19311,5,2,1,0,1,1,0,0,0
gated_alive:a_3b:19518,a_3b,19518,1,0,6,1,2,2,3,1,6
gated_alive:a_3b:21018,a_3b,21018,1,0,6,1,2,2,3,1,6
gated_alive:a_3b:21133,a_3b,21133,5,2,3,2,3,3,0,7,11
gated_alive:a_3b:21874,a_3b,21874,5,2,1,0,0,0,0,8,10
gated_alive:a_3b:21891,a_3b,21891,5,8,10,0,1,1,0,0,8
gated_alive:a_3b:22835,a_3b,22835,0,4,8,0,0,0,4,8,10
gated_alive:a_3b:22951,a_3b,22951,5,2,1,0,1,1,0,0,8
gated_alive:a_3b:23026,a_3b,23026,1,0,6,1,2,2,3,1,6
gated_alive:a_3b:23898,a_3b,23898,2,6,2,1,5,5,2,4,2
gated_alive:a_3b:24780,a_3b,24780,2,6,2,4,7,10,2,4,2
gated_alive:a_3b:24781,a_3b,24781,0,4,8,2,3,3,2,5,7
gated_alive:a_3b:25389,a_3b,25389,1,0,0,1,2,2,3,1,6
gated_alive:a_3b:25483,a_3b,25483,5,8,10,0,0,0,0,8,10
gated_alive:a_3b:25705,a_3b,25705,3,4,8,3,6,8,2,5,14
gated_alive:a_3b:26267,a_3b,26267,1,8,6,1,2,2,4,3,15
gated_alive:a_3b:27046,a_3b,27046,0,2,8,0,1,1,0,5,14
gated_alive:a_3b:27064,a_3b,27064,0,4,8,2,3,3,0,5,7
gated_alive:a_3b:27932,a_3b,27932,5,8,6,1,5,5,0,7,12
gated_alive:a_3b:28005,a_3b,28005,1,0,6,1,2,2,3,1,6
gated_alive:a_3b:29058,a_3b,29058,1,0,6,1,2,2,3,1,6
gated_alive:a_3b:29476,a_3b,29476,0,5,11,2,3,3,4,3,1
gated_alive:a_3b:29986,a_3b,29986,5,8,10,0,0,7,0,7,12
gated_alive:a_3b:30195,a_3b,30195,5,8,10,0,1,1,0,0,8
gated_alive:a_3b:30587,a_3b,30587,3,3,4,1,5,5,1,2,5
gated_alive:a_3b:31856,a_3b,31856,0,4,8,2,3,3,2,5,7
gated_alive:a_3b:31900,a_3b,31900,0,5,11,2,3,3,4,3,1
gated_alive:a_3b:32070,a_3b,32070,5,2,1,0,1,1,0,0,0
gated_alive:a_3b:32442,a_3b,32442,1,0,0,1,2,2,3,1,4
gated_alive:a_3b:32520,a_3b,32520,1,0,6,1,2,2,3,1,6
gated_alive:a_3b:32851,a_3b,32851,3,3,6,0,0,6,1,2,5
gated_alive:a_3b:33410,a_3b,33410,2,6,5,3,6,9,2,6,9
gated_alive:a_3b:33816,a_3b,33816,1,3,6,1,2,2,3,1,6
gated_alive:a_3b:33832,a_3b,33832,3,3,6,1,5,5,1,2,5
gated_alive:a_3b:35178,a_3b,35178,5,8,10,0,0,6,0,8,8
gated_alive:a_3b:35470,a_3b,35470,5,8,3,0,0,7,0,7,12
gated_alive:a_3b:35786,a_3b,35786,5,8,10,3,6,9,0,6,9
gated_alive:a_3b:35829,a_3b,35829,0,2,1,0,1,1,0,0,0
gated_alive:a_3b:35897,a_3b,35897,2,6,2,4,7,10,2,4,2
gated_alive:a_3b:36112,a_3b,36112,2,8,10,4,7,10,0,0,9
gated_alive:a_3b:36380,a_3b,36380,3,4,8,3,6,8,1,2,7
gated_alive:a_3b:36549,a_3b,36549,2,6,2,4,7,10,2,4,2
gated_alive:a_3b:36727,a_3b,36727,1,0,6,1,2,2,3,1,4
gated_alive:a_3b:37791,a_3b,37791,1,0,6,1,2,2,3,1,6
gated_alive:a_3b:37797,a_3b,37797,5,2,3,0,0,6,5,3,11
gated_alive:a_3b:38112,a_3b,38112,2,1,7,4,7,13,2,4,2
gated_alive:a_3b:38161,a_3b,38161,0,5,3,2,3,3,5,3,11
gated_alive:a_3b:38276,a_3b,38276,0,5,11,2,3,3,4,3,1
gated_alive:a_3b:38934,a_3b,38934,0,4,8,2,3,3,2,5,14
gated_alive:a_3b:39454,a_3b,39454,5,8,10,3,4,4,0,0,8
gated_alive:a_3b:40253,a_3b,40253,1,0,0,1,5,5,3,1,4
gated_alive:a_3b:40278,a_3b,40278,1,4,0,0,1,1,3,1,4
gated_alive:a_3b:40545,a_3b,40545,1,0,6,0,0,6,4,3,15
gated_alive:a_3b:40580,a_3b,40580,3,3,4,1,5,5,1,2,5
gated_alive:a_3b:41748,a_3b,41748,2,6,2,4,7,13,2,4,2
gated_alive:a_3b:42015,a_3b,42015,1,0,6,1,2,2,3,1,6
gated_alive:a_3b:42119,a_3b,42119,5,2,1,0,1,1,0,0,0
gated_alive:a_3b:42542,a_3b,42542,1,3,4,1,5,5,1,2,5
gated_alive:a_3b:42741,a_3b,42741,1,0,6,1,5,5,3,1,12
gated_alive:a_3b:43466,a_3b,43466,5,2,1,0,0,7,0,7,12
gated_alive:a_3b:44102,a_3b,44102,5,8,10,0,0,6,0,0,15
gated_alive:a_3b:44454,a_3b,44454,0,5,11,2,3,3,4,3,1
gated_alive:a_3b:44850,a_3b,44850,5,2,1,0,1,1,0,0,0
gated_alive:a_3b:45214,a_3b,45214,5,2,1,0,1,1,0,0,8
gated_alive:a_3b:45215,a_3b,45215,1,0,0,1,2,2,3,1,4
gated_alive:a_3b:45785,a_3b,45785,1,3,4,1,5,5,1,2,5
gated_alive:a_3b:45875,a_3b,45875,0,4,8,1,2,2,2,5,14
gated_alive:a_3b:46224,a_3b,46224,0,4,8,0,1,1,0,5,7
gated_alive:a_3b:48566,a_3b,48566,1,0,6,1,2,2,3,1,6
gated_alive:a_3b:48584,a_3b,48584,2,8,10,0,0,6,0,0,8
gated_alive:a_3b:49258,a_3b,49258,2,6,2,4,7,13,2,4,2
gated_alive:a_3b:49827,a_3b,49827,5,8,10,0,1,1,0,0,8
gated_alive:a_3b:50112,a_3b,50112,1,3,6,1,5,5,3,1,6
gated_alive:a_3b:50276,a_3b,50276,5,2,1,0,1,1,0,0,7
gated_alive:a_3b:50711,a_3b,50711,0,5,11,0,1,1,4,5,7
gated_alive:a_3b:51202,a_3b,51202,1,0,0,2,3,3,3,1,4
gated_alive:a_3b:51410,a_3b,51410,0,4,8,3,6,8,2,5,7
gated_alive:a_3b:51919,a_3b,51919,5,2,1,0,1,1,0,0,8
gated_alive:a_3b:51951,a_3b,51951,5,2,1,0,1,1,0,0,0
gated_alive:a_3b:52044,a_3b,52044,2,6,2,4,7,10,2,4,2
gated_alive:a_3b:52565,a_3b,52565,2,6,2,4,7,13,2,4,2
gated_alive:a_3b:53535,a_3b,53535,2,6,2,4,7,10,2,4,2
gated_alive:a_3b:53763,a_3b,53763,3,4,8,3,6,8,2,5,7
gated_alive:a_3b:54327,a_3b,54327,5,8,10,0,0,6,0,0,8
gated_alive:a_3b:55047,a_3b,55047,3,3,4,1,5,5,1,2,5
gated_alive:a_3b:55148,a_3b,55148,3,4,8,3,6,8,2,5,14
gated_alive:a_3b:55644,a_3b,55644,1,0,6,1,2,2,3,1,6
gated_alive:a_3b:55742,a_3b,55742,1,0,6,1,5,5,3,1,6
gated_alive:a_3b:56369,a_3b,56369,1,0,6,3,6,8,3,1,6
gated_alive:a_3b:56400,a_3b,56400,2,1,13,3,9,12,5,7,11
gated_alive:a_3b:56952,a_3b,56952,0,5,11,2,3,3,4,3,1
gated_alive:a_3b:57097,a_3b,57097,1,0,0,1,2,2,3,1,6
gated_alive:a_3b:57574,a_3b,57574,0,5,11,0,0,7,4,7,12
gated_alive:a_3b:57591,a_3b,57591,5,2,1,0,1,1,0,0,0
gated_alive:a_3b:57717,a_3b,57717,1,0,0,3,6,9,2,6,9
gated_alive:a_3b:57893,a_3b,57893,5,8,3,0,1,1,5,3,11
gated_alive:a_3b:58056,a_3b,58056,3,3,4,1,5,5,1,2,5
gated_alive:a_3b:58115,a_3b,58115,1,3,6,1,5,5,4,3,5
gated_alive:a_3b:58331,a_3b,58331,5,2,1,0,1,1,0,0,0
gated_alive:a_3b:58680,a_3b,58680,3,3,4,0,1,1,1,2,5
gated_alive:a_3b:58799,a_3b,58799,0,4,8,2,3,3,0,5,7
gated_alive:a_3b:60162,a_3b,60162,5,8,10,0,0,7,0,7,12
gated_alive:a_3b:60820,a_3b,60820,5,8,10,0,1,1,0,0,0
gated_alive:a_3b:60869,a_3b,60869,1,4,8,1,5,5,3,1,4
gated_alive:a_3b:61496,a_3b,61496,5,2,1,0,1,1,0,0,0
gated_alive:a_3b:61529,a_3b,61529,3,3,4,1,5,5,1,2,5
gated_alive:a_3b:62876,a_3b,62876,5,2,1,0,1,1,0,0,8
gated_alive:a_3b:63704,a_3b,63704,3,4,13,3,9,12,2,5,14
gated_alive:a_3b:64791,a_3b,64791,1,0,6,1,2,2,3,1,6
gated_alive:a_3b:64894,a_3b,64894,5,2,3,2,3,3,0,0,0
gated_alive:a_3b:65040,a_3b,65040,2,6,2,4,7,13,2,4,2
gated_alive:a_3b:65428,a_3b,65428,3,3,4,1,5,5,1,2,5
gated_alive:a_3b:65541,a_3b,65541,1,0,6,0,0,6,3,1,6
gated_alive:a_3b:67164,a_3b,67164,5,4,8,1,5,5,2,5,14
gated_alive:a_3b:67172,a_3b,67172,2,6,2,4,7,10,2,4,2
gated_alive:a_3b:67659,a_3b,67659,1,0,0,1,2,2,3,1,6
gated_alive:a_3b:67714,a_3b,67714,0,2,8,0,1,1,0,5,7
gated_alive:a_3b:67726,a_3b,67726,1,3,4,1,2,2,1,2,5
gated_alive:a_3b:67751,a_3b,67751,1,0,0,1,2,2,3,1,6
gated_alive:a_3b:68382,a_3b,68382,3,3,4,1,5,5,1,2,5
gated_alive:a_3b:68414,a_3b,68414,3,3,4,1,5,5,1,2,5
gated_alive:a_3b:70037,a_3b,70037,2,8,10,0,0,6,0,0,17
gated_alive:a_3b:70453,a_3b,70453,5,2,1,0,1,1,0,0,8
gated_alive:a_3b:72362,a_3b,72362,5,8,3,0,1,1,0,0,0
gated_alive:a_3b:72498,a_3b,72498,5,2,1,0,1,1,0,0,0
gated_alive:a_3b:72741,a_3b,72741,3,3,4,1,5,5,1,2,5
gated_alive:a_3b:72865,a_3b,72865,1,0,6,1,2,2,3,1,6
gated_alive:a_3b:72922,a_3b,72922,1,0,6,1,5,5,3,1,4
gated_alive:a_3b:73562,a_3b,73562,3,4,8,3,6,8,2,5,14
gated_alive:a_3b:73882,a_3b,73882,3,3,6,0,0,6,1,2,5
gated_alive:a_3b:73934,a_3b,73934,1,0,0,1,2,2,3,1,4
gated_alive:a_3b:73996,a_3b,73996,5,2,3,2,3,3,0,0,11
gated_alive:a_3b:74907,a_3b,74907,1,0,6,1,2,2,3,1,6
gated_alive:a_3b:76360,a_3b,76360,2,1,7,3,4,4,2,4,2
gated_alive:a_3b:76992,a_3b,76992,5,8,10,0,0,6,0,0,0
gated_alive:a_3b:77243,a_3b,77243,0,5,11,2,3,3,4,3,1
gated_alive:a_3b:77731,a_3b,77731,5,2,1,0,1,1,0,0,0
gated_alive:a_3b:78290,a_3b,78290,3,3,4,0,0,6,1,2,5
gated_alive:a_3b:78445,a_3b,78445,2,8,13,4,7,10,0,8,10
gated_alive:a_3b:78988,a_3b,78988,1,0,6,1,2,2,3,1,6
gated_alive:a_3b:79209,a_3b,79209,3,3,4,1,5,5,1,2,5
gated_alive:a_3b:79828,a_3b,79828,5,2,1,0,1,1,0,5,14
gated_alive:a_3b:80359,a_3b,80359,2,1,7,4,7,10,2,4,2
gated_alive:a_3b:81390,a_3b,81390,5,2,3,0,1,1,0,0,0
gated_alive:a_3b:81995,a_3b,81995,0,5,11,2,3,3,4,3,1
gated_alive:a_3b:82608,a_3b,82608,3,8,6,3,4,4,3,1,17
gated_alive:a_3b:82962,a_3b,82962,5,2,1,0,1,1,0,0,0
gated_alive:a_3b:83878,a_3b,83878,3,6,5,3,6,9,2,6,9
gated_alive:a_3b:84283,a_3b,84283,3,9,12,1,2,2,1,2,3
gated_alive:a_3b:84297,a_3b,84297,5,2,1,0,1,1,0,0,8
gated_alive:a_3b:84974,a_3b,84974,3,3,4,1,5,5,1,2,5
gated_alive:a_3b:85127,a_3b,85127,0,5,11,2,3,3,4,3,1
gated_alive:a_3b:85159,a_3b,85159,1,0,6,1,2,2,3,1,6
gated_alive:a_3b:85597,a_3b,85597,3,3,4,1,5,5,1,2,3
gated_alive:a_3b:85797,a_3b,85797,1,0,6,1,5,5,3,1,6
gated_alive:a_3b:86304,a_3b,86304,5,2,1,0,1,1,0,0,0
gated_alive:a_3b:87326,a_3b,87326,0,5,11,2,3,3,4,3,1
gated_alive:a_3b:87506,a_3b,87506,0,5,11,2,3,3,4,3,1
gated_alive:a_3b:87813,a_3b,87813,3,3,4,1,5,5,1,2,5
gated_alive:a_3b:87843,a_3b,87843,3,4,8,3,6,8,2,5,14
gated_alive:a_3b:88531,a_3b,88531,3,3,4,1,5,5,1,2,5
gated_alive:a_3b:88692,a_3b,88692,2,6,2,4,7,10,2,4,2
gated_alive:a_3b:88779,a_3b,88779,3,3,6,0,0,7,3,1,12
gated_alive:a_3b:89556,a_3b,89556,5,8,10,3,4,4,0,0,17
gated_alive:a_3b:91753,a_3b,91753,3,3,4,1,5,5,1,2,5
gated_alive:a_3b:91996,a_3b,91996,5,8,10,0,0,6,0,0,15
gated_alive:a_3b:92599,a_3b,92599,2,6,2,4,7,10,2,4,2
gated_alive:a_3b:92780,a_3b,92780,5,8,10,0,0,7,0,7,12
gated_alive:a_3b:93485,a_3b,93485,3,4,8,3,6,8,3,1,4
gated_alive:a_3b:94134,a_3b,94134,1,0,0,1,2,2,3,1,4
gated_alive:a_3b:94297,a_3b,94297,0,2,1,2,3,3,0,5,7
gated_alive:a_3b:94345,a_3b,94345,3,3,4,1,5,5,1,2,5
gated_alive:a_3b:94667,a_3b,94667,3,4,8,3,6,8,2,5,14
gated_alive:a_3b:95972,a_3b,95972,3,3,4,1,5,5,1,2,5
gated_alive:a_3b:97281,a_3b,97281,1,0,6,1,2,2,3,1,6
gated_alive:a_3b:98378,a_3b,98378,3,3,4,1,5,5,1,2,5
gated_alive:a_3b:98559,a_3b,98559,1,0,0,1,5,5,3,1,12
gated_alive:a_3b:98725,a_3b,98725,1,0,6,1,2,2,3,1,6
gated_alive:a_3b:99523,a_3b,99523,1,8,6,1,2,2,4,3,15
gated_alive:a_3b:100387,a_3b,100387,5,8,10,0,0,0,0,8,10
gated_alive:a_3b:101160,a_3b,101160,3,3,4,1,5,5,1,2,5
gated_alive:a_3b:101226,a_3b,101226,3,3,4,1,5,5,1,2,5
gated_alive:a_3b:101610,a_3b,101610,1,4,8,3,6,8,2,5,14
gated_alive:a_3b:102978,a_3b,102978,5,8,10,0,0,6,4,3,15
gated_alive:a_3b:103589,a_3b,103589,2,6,2,4,7,10,2,4,2
gated_alive:a_3b:103650,a_3b,103650,5,2,1,0,1,1,0,5,7
gated_alive:a_3b:103851,a_3b,103851,3,3,4,1,5,5,1,2,5
gated_alive:a_3b:104115,a_3b,104115,1,0,6,1,2,2,3,1,6
gated_alive:a_3b:104159,a_3b,104159,1,0,6,1,2,2,3,1,6
gated_alive:a_3b:104308,a_3b,104308,2,1,7,4,7,13,2,4,2
gated_alive:a_3b:104692,a_3b,104692,1,0,6,1,2,2,3,1,6
gated_alive:a_3b:105045,a_3b,105045,3,3,5,1,5,5,2,6,9
gated_alive:a_3b:105290,a_3b,105290,0,2,1,2,3,3,0,5,7
gated_alive:a_3b:106438,a_3b,106438,3,3,6,1,2,2,1,2,5
gated_alive:a_3b:106601,a_3b,106601,5,2,1,0,1,1,0,0,0
gated_alive:a_3b:106766,a_3b,106766,5,2,1,0,1,1,0,0,0
gated_alive:a_3b:106830,a_3b,106830,5,8,10,0,1,1,0,0,8
gated_alive:a_3b:106999,a_3b,106999,1,0,6,1,2,2,3,1,6
gated_alive:a_3b:107424,a_3b,107424,1,0,0,1,2,2,3,1,4
gated_alive:a_3b:108095,a_3b,108095,1,0,6,0,0,6,3,1,15
gated_alive:a_3b:108267,a_3b,108267,1,0,6,1,2,2,3,1,6
gated_alive:a_3b:108368,a_3b,108368,5,8,10,0,0,7,0,7,12
gated_alive:a_3b:108497,a_3b,108497,0,5,11,0,0,0,4,8,10
gated_alive:a_3b:109178,a_3b,109178,4,7,9,3,4,4,6,9,13
gated_alive:a_3b:110712,a_3b,110712,5,2,1,0,1,1,0,0,0
gated_alive:a_3b:111230,a_3b,111230,2,8,13,3,9,12,5,10,16
gated_alive:a_3b:111673,a_3b,111673,3,3,4,1,5,5,1,2,5
gated_alive:a_3b:112098,a_3b,112098,1,0,6,1,2,2,3,1,6
gated_alive:a_3b:112359,a_3b,112359,3,3,4,1,5,5,1,2,5
gated_alive:a_3b:112750,a_3b,112750,1,0,6,0,0,6,2,5,14
gated_alive:a_3b:113740,a_3b,113740,2,6,8,3,6,8,2,5,14
gated_alive:a_3b:113871,a_3b,113871,2,6,2,4,7,10,2,4,2
gated_alive:a_3b:115207,a_3b,115207,3,3,4,1,5,5,1,2,5
gated_alive:a_3b:115319,a_3b,115319,2,6,2,4,7,10,2,4,2
gated_alive:a_3b:115632,a_3b,115632,1,3,6,0,1,1,3,1,6
gated_alive:a_3b:115651,a_3b,115651,2,6,2,4,7,10,2,4,2
gated_alive:a_3b:116387,a_3b,116387,1,0,6,1,2,2,3,1,6
gated_alive:a_3b:116439,a_3b,116439,3,3,4,1,5,5,1,2,5
gated_alive:a_3b:116541,a_3b,116541,2,6,2,3,4,4,2,4,2
gated_alive:a_3b:117156,a_3b,117156,3,3,4,1,5,5,1,2,5
gated_alive:a_3b:117333,a_3b,117333,0,5,11,2,3,3,4,3,1
gated_alive:a_3b:117538,a_3b,117538,1,0,0,1,2,2,3,1,6
gated_alive:a_3b:117715,a_3b,117715,0,5,11,2,3,3,4,3,1
gated_alive:a_3b:118152,a_3b,118152,5,8,10,0,1,1,0,0,0
gated_alive:a_3b:118535,a_3b,118535,1,3,4,1,5,5,1,2,5
gated_alive:a_3b:118887,a_3b,118887,0,2,1,0,0,7,0,7,12
gated_alive:a_3b:118954,a_3b,118954,3,3,4,1,5,5,1,2,5
gated_alive:a_3b:119417,a_3b,119417,3,3,6,1,5,5,1,2,5
gated_alive:a_3b:119728,a_3b,119728,5,2,1,3,4,4,0,0,17
gated_alive:a_3b:119986,a_3b,119986,1,3,6,1,2,2,3,1,6
gated_alive:a_3b:121303,a_3b,121303,1,0,0,1,2,2,3,1,6
gated_alive:a_3b:122937,a_3b,122937,0,5,11,2,3,3,4,3,1
gated_alive:a_3b:122944,a_3b,122944,5,8,10,0,0,6,0,0,8
gated_alive:a_3b:122945,a_3b,122945,0,5,11,0,1,1,4,3,1
gated_alive:a_3b:123418,a_3b,123418,0,2,8,0,1,1,0,5,7
gated_alive:a_3b:123500,a_3b,123500,5,8,10,0,0,0,0,0,8
gated_alive:a_3b:123625,a_3b,123625,5,2,1,0,0,6,0,0,0
gated_alive:a_3b:123849,a_3b,123849,5,8,10,0,0,7,0,7,12
gated_alive:a_3b:124068,a_3b,124068,3,3,4,0,0,6,1,2,5
gated_alive:a_3b:124157,a_3b,124157,5,2,1,0,0,0,0,8,10
gated_alive:a_3b:125222,a_3b,125222,5,2,1,0,1,1,0,0,8
gated_alive:a_3b:126276,a_3b,126276,5,2,1,0,0,0,0,8,10
gated_alive:a_3b:127021,a_3b,127021,5,2,1,0,1,1,0,0,8
gated_alive:a_3b:127077,a_3b,127077,3,6,5,3,6,9,2,6,9
gated_alive:a_3b:127325,a_3b,127325,1,0,6,1,2,2,3,1,6
gated_alive:a_3b:127514,a_3b,127514,0,5,11,2,3,3,4,3,1
gated_alive:a_3b:128314,a_3b,128314,5,8,10,0,0,6,0,0,8
gated_alive:a_3b:128764,a_3b,128764,2,1,7,4,7,13,2,4,2
gated_alive:a_3b:129056,a_3b,129056,1,3,6,1,2,2,3,1,6
gated_alive:a_3b:129160,a_3b,129160,5,8,10,0,1,1,0,0,0
gated_alive:a_3b:129393,a_3b,129393,3,3,4,1,5,5,1,2,5
gated_alive:a_3b:129779,a_3b,129779,5,8,10,3,4,4,0,0,8
gated_alive:a_3b:129945,a_3b,129945,5,8,10,1,5,5,0,0,15
gated_alive:a_3b:130240,a_3b,130240,5,8,10,0,1,1,0,0,13
gated_alive:a_3b:130277,a_3b,130277,5,2,1,0,1,1,0,0,0
gated_alive:a_3b:130586,a_3b,130586,5,2,8,0,1,1,0,0,7
gated_alive:a_3b:131018,a_3b,131018,1,0,6,1,2,2,3,1,6
gated_alive:a_3b:131206,a_3b,131206,0,5,11,2,3,3,4,3,1
gated_alive:a_3b:131699,a_3b,131699,2,6,5,3,6,9,2,6,9
gated_alive:a_3b:131736,a_3b,131736,5,8,10,0,1,1,0,0,8
gated_alive:a_3b:132640,a_3b,132640,2,6,2,3,4,4,2,4,2
gated_alive:a_3b:132732,a_3b,132732,2,6,2,4,7,10,2,4,2
gated_alive:a_3b:133890,a_3b,133890,1,0,6,1,2,2,3,1,6
gated_alive:a_3b:134249,a_3b,134249,0,2,1,0,1,1,0,5,7
gated_alive:a_3b:134838,a_3b,134838,0,5,11,2,3,3,4,3,1
gated_alive:a_3b:135245,a_3b,135245,1,0,6,1,5,5,3,1,6
gated_alive:a_3b:135346,a_3b,135346,0,2,1,0,1,1,0,0,7
gated_alive:a_3b:135517,a_3b,135517,1,0,0,1,2,2,3,1,6
gated_alive:a_3b:135657,a_3b,135657,1,3,6,1,2,2,3,1,6
gated_alive:a_3b:135687,a_3b,135687,0,5,11,0,1,1,4,3,1
gated_alive:a_3b:136242,a_3b,136242,5,2,1,0,1,1,0,0,0
gated_alive:a_3b:136362,a_3b,136362,2,6,2,4,7,13,2,4,2
gated_alive:a_3b:137079,a_3b,137079,3,3,4,1,5,5,1,2,5
gated_alive:a_3b:137503,a_3b,137503,3,3,4,1,5,5,1,2,5
gated_alive:a_3b:137733,a_3b,137733,1,0,0,1,5,5,3,1,4
gated_alive:a_3b:138066,a_3b,138066,1,0,6,1,2,2,3,1,6
gated_alive:a_3b:138215,a_3b,138215,2,1,7,3,6,8,2,4,2
gated_alive:a_3b:138219,a_3b,138219,3,3,4,1,5,5,1,2,5
gated_alive:a_3b:139087,a_3b,139087,5,8,10,0,1,1,0,0,8
gated_alive:a_3b:139380,a_3b,139380,2,6,2,4,7,10,2,4,2
gated_alive:a_3b:139403,a_3b,139403,0,4,8,3,9,12,5,10,16
gated_alive:a_3b:139405,a_3b,139405,1,0,0,1,2,2,3,1,6
gated_alive:a_3b:139444,a_3b,139444,3,3,4,1,5,5,1,2,5
gated_alive:a_3b:139781,a_3b,139781,1,0,6,1,2,2,3,1,6
gated_alive:a_3b:139843,a_3b,139843,1,4,0,1,5,5,3,2,4
gated_alive:a_3b:140240,a_3b,140240,3,4,4,1,5,5,3,1,5
gated_alive:a_3b:140349,a_3b,140349,5,2,3,2,3,3,0,0,0
gated_alive:a_3b:140574,a_3b,140574,3,3,4,1,5,5,1,2,3
gated_alive:a_3b:141080,a_3b,141080,5,8,10,0,1,1,0,8,10
gated_alive:a_3b:141151,a_3b,141151,0,5,11,2,3,3,4,3,1
gated_alive:a_3b:142307,a_3b,142307,2,6,2,4,7,10,2,4,2
gated_alive:a_3b:142351,a_3b,142351,1,0,6,1,2,2,3,1,6
gated_alive:a_3b:142438,a_3b,142438,1,4,8,1,5,5,3,5,4
gated_alive:a_3b:142458,a_3b,142458,0,5,11,2,3,3,4,3,1
gated_alive:a_3b:142783,a_3b,142783,1,0,0,1,2,2,3,1,6
gated_alive:a_3b:143141,a_3b,143141,3,3,4,1,5,5,1,2,3
gated_alive:a_3b:143256,a_3b,143256,5,2,1,0,1,1,0,0,8
gated_alive:a_3b:143611,a_3b,143611,1,0,6,1,2,2,3,1,6
gated_alive:a_3b:143919,a_3b,143919,1,0,0,1,2,2,3,1,4
gated_alive:a_3b:144116,a_3b,144116,1,0,0,3,9,12,5,10,16
gated_alive:a_3b:144562,a_3b,144562,1,0,0,1,2,2,3,1,6
gated_alive:a_3b:145326,a_3b,145326,2,8,5,3,4,4,0,0,17
gated_alive:a_3b:145876,a_3b,145876,2,8,10,0,0,0,4,8,10
gated_alive:a_3b:147249,a_3b,147249,0,4,8,3,6,8,2,5,14
gated_alive:a_3b:147527,a_3b,147527,1,0,0,1,5,5,3,1,6
gated_alive:a_3b:147593,a_3b,147593,3,3,13,3,9,12,4,2,5
gated_alive:a_3b:147793,a_3b,147793,3,3,4,1,5,5,1,2,5
gated_alive:a_3b:147872,a_3b,147872,1,0,6,1,2,2,3,1,6
gated_alive:a_3b:147882,a_3b,147882,0,2,1,0,1,1,0,0,0
gated_alive:a_3b:148271,a_3b,148271,0,5,11,2,3,3,4,3,1
gated_alive:a_3b:150092,a_3b,150092,0,4,1,3,6,8,0,0,7
gated_alive:a_3b:150127,a_3b,150127,3,3,4,1,5,5,1,2,5
gated_alive:a_3b:150317,a_3b,150317,5,2,1,0,1,1,0,5,7
gated_alive:a_3b:151005,a_3b,151005,5,2,1,2,3,3,0,0,14
gated_alive:a_3b:151760,a_3b,151760,5,2,1,0,1,1,0,0,0
gated_alive:a_3b:151922,a_3b,151922,1,0,0,1,5,5,3,1,6
gated_alive:a_3b:152289,a_3b,152289,3,4,8,3,6,8,2,5,14
gated_alive:a_3b:153165,a_3b,153165,5,8,10,0,0,0,0,8,10
gated_alive:a_3b:153894,a_3b,153894,0,4,8,3,6,8,2,5,14
gated_alive:a_3b:154073,a_3b,154073,3,3,4,3,6,8,1,2,5
gated_alive:a_3b:154099,a_3b,154099,0,4,8,3,6,8,2,5,14
gated_alive:a_3b:155359,a_3b,155359,3,3,4,1,2,2,1,2,5
gated_alive:a_3b:155548,a_3b,155548,2,6,2,4,7,10,2,4,2
gated_alive:a_3b:155598,a_3b,155598,1,0,6,1,2,2,3,1,6
gated_alive:a_3b:155990,a_3b,155990,3,4,8,3,6,8,2,5,14
gated_alive:a_3b:156119,a_3b,156119,5,2,1,0,1,1,0,0,0
gated_alive:a_3b:156552,a_3b,156552,1,0,0,1,5,5,3,1,4
gated_alive:a_3b:157008,a_3b,157008,5,2,1,0,0,0,0,5,7
gated_alive:a_3b:157034,a_3b,157034,3,3,4,1,5,5,1,2,5
gated_alive:a_3b:157440,a_3b,157440,2,1,7,0,0,6,0,0,8
gated_alive:a_3b:157611,a_3b,157611,2,6,2,4,7,13,2,4,2
gated_alive:a_3b:157728,a_3b,157728,3,3,4,3,4,4,3,1,17
gated_alive:a_3b:158935,a_3b,158935,3,3,6,1,5,5,1,2,5
gated_alive:a_3b:159018,a_3b,159018,5,2,1,0,1,1,0,0,8
gated_alive:a_3b:159895,a_3b,159895,0,4,8,2,3,3,2,5,7
gated_alive:a_3b:160051,a_3b,160051,1,0,0,1,2,2,3,1,6
gated_alive:a_3b:160204,a_3b,160204,3,3,5,3,6,9,1,6,9
gated_alive:a_3b:160206,a_3b,160206,1,0,6,1,2,2,3,1,6
gated_alive:a_3b:160225,a_3b,160225,2,6,2,4,7,13,2,4,2
gated_alive:a_3b:160295,a_3b,160295,5,2,1,0,1,1,0,0,8
gated_alive:a_3b:160321,a_3b,160321,3,4,8,3,6,8,2,5,14
gated_alive:a_3b:160734,a_3b,160734,0,5,11,2,3,3,4,3,1
gated_alive:a_3b:162202,a_3b,162202,2,6,2,4,7,10,2,5,14
gated_alive:a_3b:162372,a_3b,162372,5,8,10,0,0,7,0,7,12
gated_alive:a_3b:162415,a_3b,162415,3,3,4,1,5,5,1,2,5
gated_alive:a_3b:162624,a_3b,162624,3,3,4,1,5,5,1,2,5
gated_alive:a_3b:162675,a_3b,162675,0,5,11,2,3,3,4,3,1
gated_alive:a_3b:163239,a_3b,163239,3,3,4,1,2,2,1,2,5
gated_alive:a_3b:163688,a_3b,163688,3,3,4,1,5,5,1,2,5
gated_alive:a_3b:164317,a_3b,164317,1,3,4,1,5,5,1,2,5
gated_alive:a_3b:164899,a_3b,164899,1,0,6,1,2,2,3,1,6
gated_alive:a_3b:165215,a_3b,165215,0,2,1,2,3,3,0,0,11
gated_alive:a_3b:165459,a_3b,165459,2,6,2,4,7,10,2,4,2
gated_alive:a_3b:165759,a_3b,165759,3,3,4,1,5,5,1,2,5
gated_alive:a_3b:166674,a_3b,166674,1,3,4,1,2,2,1,2,5
gated_alive:a_3b:166783,a_3b,166783,0,5,11,2,3,3,4,3,1
gated_alive:a_3b:166921,a_3b,166921,1,0,0,1,2,2,3,1,6
gated_alive:a_3b:166944,a_3b,166944,1,0,6,1,2,2,3,1,6
gated_alive:a_3b:167602,a_3b,167602,3,3,4,1,5,5,1,2,5
gated_alive:a_3b:168332,a_3b,168332,3,3,4,1,5,5,1,2,5
gated_alive:a_3b:168600,a_3b,168600,5,2,1,0,1,1,0,0,0
gated_alive:a_3b:169489,a_3b,169489,3,3,5,3,6,9,2,6,9
gated_alive:a_3b:169577,a_3b,169577,5,2,1,0,0,7,0,7,12
gated_alive:a_3b:170542,a_3b,170542,1,0,6,1,2,2,3,1,6
gated_alive:a_3b:171091,a_3b,171091,3,4,8,2,3,3,0,5,14
gated_alive:a_3b:171263,a_3b,171263,3,3,4,1,5,5,1,2,5
gated_alive:a_3b:171387,a_3b,171387,3,3,4,1,5,5,1,2,5
gated_alive:a_3b:172214,a_3b,172214,5,2,8,3,6,8,2,5,14
gated_alive:a_3b:172220,a_3b,172220,2,6,2,4,7,10,2,4,2
gated_alive:a_3b:172335,a_3b,172335,3,3,4,1,5,5,1,2,3
gated_alive:a_3b:172823,a_3b,172823,0,4,8,3,6,8,2,5,14
gated_alive:a_3b:172845,a_3b,172845,3,9,12,3,6,8,1,6,3
gated_alive:a_3b:173399,a_3b,173399,0,4,8,2,3,3,2,5,7
gated_alive:a_3b:174567,a_3b,174567,1,0,6,1,2,2,3,1,6
gated_alive:a_3b:174949,a_3b,174949,5,2,8,3,6,8,0,5,14
gated_alive:a_3b:175038,a_3b,175038,1,0,6,0,0,6,4,3,15
gated_alive:a_3b:175473,a_3b,175473,1,0,0,1,2,2,3,1,6
gated_alive:a_3b:176473,a_3b,176473,0,2,1,0,1,1,0,5,7
gated_alive:a_3b:176772,a_3b,176772,5,2,1,0,1,1,0,0,0
gated_alive:a_3b:177210,a_3b,177210,0,4,8,2,3,3,2,5,7
gated_alive:a_3b:177833,a_3b,177833,3,3,4,1,5,5,1,2,5
gated_alive:a_3b:178156,a_3b,178156,3,3,4,3,6,8,2,5,14
gated_alive:a_3b:178907,a_3b,178907,0,5,11,2,3,3,4,3,1
gated_alive:a_3b:179711,a_3b,179711,0,4,8,1,5,5,2,5,7
gated_alive:a_3b:179903,a_3b,179903,3,3,4,1,5,5,1,2,5
gated_alive:a_3b:180197,a_3b,180197,1,0,6,1,2,2,3,1,6
gated_alive:a_3b:180251,a_3b,180251,5,2,1,0,1,1,0,0,0
gated_alive:a_3b:181836,a_3b,181836,3,4,5,3,6,8,2,6,9
gated_alive:a_3b:181851,a_3b,181851,5,8,10,0,0,7,0,7,12
gated_alive:a_3b:181902,a_3b,181902,2,6,2,3,6,9,2,4,2
gated_alive:a_3b:182647,a_3b,182647,5,2,1,0,1,1,0,0,8
gated_alive:a_3b:183235,a_3b,183235,5,2,1,0,0,0,0,8,10
gated_alive:a_3b:184527,a_3b,184527,3,3,4,1,5,5,1,2,5
gated_alive:a_3b:184655,a_3b,184655,3,3,4,1,5,5,1,2,5
gated_alive:a_3b:185457,a_3b,185457,0,4,8,4,7,10,2,4,2
gated_alive:a_3b:185702,a_3b,185702,1,0,0,1,2,2,3,1,4
gated_alive:a_3b:185925,a_3b,185925,0,5,11,2,3,3,4,3,1
gated_alive:a_3b:186143,a_3b,186143,3,3,4,1,5,5,1,2,5
gated_alive:a_3b:186325,a_3b,186325,2,6,5,3,4,4,0,0,17
gated_alive:a_3b:187535,a_3b,187535,3,3,4,1,5,5,1,2,5
gated_alive:a_3b:188128,a_3b,188128,5,2,1,0,1,1,0,0,0
gated_alive:a_3b:188339,a_3b,188339,0,4,8,0,0,0,3,8,10
gated_alive:a_3b:188755,a_3b,188755,2,1,7,4,7,13,2,4,2
gated_alive:a_3b:189504,a_3b,189504,5,2,1,0,1,1,0,0,0
gated_alive:a_3b:189864,a_3b,189864,2,1,7,1,5,5,2,4,2
gated_alive:a_3b:189938,a_3b,189938,3,3,5,1,5,5,5,10,16
gated_alive:a_3b:190575,a_3b,190575,0,4,8,3,6,8,5,3,11
gated_alive:a_3b:191019,a_3b,191019,3,3,4,3,9,12,1,2,5
gated_alive:a_3b:191269,a_3b,191269,5,2,10,0,0,7,0,0,8
gated_alive:a_3b:191652,a_3b,191652,2,6,2,4,7,10,2,4,2
gated_alive:a_3b:191818,a_3b,191818,3,3,4,1,5,5,1,2,5
gated_alive:a_3b:192261,a_3b,192261,5,8,10,0,0,6,0,0,15
gated_alive:a_3b:192458,a_3b,192458,3,9,12,3,6,8,1,6,3
gated_alive:a_3b:193047,a_3b,193047,0,4,8,0,1,1,0,5,7
gated_alive:a_3b:193196,a_3b,193196,0,2,3,2,3,3,5,7,11
gated_alive:a_3b:193397,a_3b,193397,5,2,1,0,1,1,0,0,0
gated_alive:a_3b:194579,a_3b,194579,3,3,4,1,5,5,1,2,5
gated_alive:a_3b:195856,a_3b,195856,0,5,11,2,3,3,4,3,1
gated_alive:a_3b:197398,a_3b,197398,1,3,6,1,2,2,3,1,6
gated_alive:a_3b:197531,a_3b,197531,1,3,6,1,2,2,3,1,6
gated_alive:a_3b:197756,a_3b,197756,3,3,4,1,5,5,1,2,5
gated_alive:a_3b:198445,a_3b,198445,2,6,2,4,7,10,2,4,2
gated_alive:a_3b:198492,a_3b,198492,1,3,5,3,6,9,2,6,9
gated_alive:a_3b:198591,a_3b,198591,1,0,0,1,2,2,3,1,6
gated_alive:a_3b:198638,a_3b,198638,5,2,1,0,1,1,0,0,8
gated_alive:a_3b:199627,a_3b,199627,0,5,11,2,3,3,4,3,1
gated_alive:a_3b:200207,a_3b,200207,0,2,3,2,3,3,5,7,11
gated_alive:a_3b:200577,a_3b,200577,3,3,4,1,5,5,1,2,5
gated_alive:a_3b:200766,a_3b,200766,1,0,6,1,5,5,3,1,6
gated_alive:a_3b:200938,a_3b,200938,1,0,6,1,2,2,3,1,6
gated_alive:a_3b:201907,a_3b,201907,2,6,2,3,6,8,2,4,2
gated_alive:a_3b:201943,a_3b,201943,5,2,1,0,1,1,0,0,0
gated_alive:a_3b:202086,a_3b,202086,3,3,4,1,5,5,1,2,5
gated_alive:a_3b:202549,a_3b,202549,5,2,1,2,3,3,0,0,0
gated_alive:a_3b:202576,a_3b,202576,1,4,8,2,3,3,0,5,7
gated_alive:a_3b:203255,a_3b,203255,0,5,11,2,3,3,4,3,11
gated_alive:a_3b:204585,a_3b,204585,1,0,6,1,2,2,3,1,6
gated_alive:a_3b:204940,a_3b,204940,5,2,1,0,1,1,0,0,8
gated_alive:a_3b:205089,a_3b,205089,1,0,0,1,2,2,3,1,6
gated_alive:a_3b:205107,a_3b,205107,1,0,0,1,2,2,3,1,4
gated_alive:a_3b:205345,a_3b,205345,1,0,0,3,6,8,3,1,4
gated_alive:a_3b:205699,a_3b,205699,5,2,1,0,1,1,0,8,10
gated_alive:a_3b:206032,a_3b,206032,1,0,0,1,2,2,3,1,6
gated_alive:a_3b:207066,a_3b,207066,0,4,8,0,0,7,0,7,12
gated_alive:a_3b:207421,a_3b,207421,0,4,8,0,1,1,0,5,7
gated_alive:a_3b:207786,a_3b,207786,0,5,11,2,3,3,4,3,1
gated_alive:a_3b:207814,a_3b,207814,5,8,10,0,1,1,0,0,0
gated_alive:a_3b:207849,a_3b,207849,5,2,1,0,0,0,0,8,10
gated_alive:a_3b:208699,a_3b,208699,0,5,11,2,3,3,4,3,1
gated_alive:a_3b:208718,a_3b,208718,3,4,8,3,6,8,2,4,2
gated_alive:a_3b:210167,a_3b,210167,1,0,0,1,2,2,3,8,10
gated_alive:a_3b:210344,a_3b,210344,1,4,0,1,5,5,3,1,4
gated_alive:a_3b:210397,a_3b,210397,0,5,11,2,3,3,4,3,1
gated_alive:a_3b:211237,a_3b,211237,3,3,4,1,5,5,1,2,5
gated_alive:a_3b:211256,a_3b,211256,1,0,6,1,2,2,3,1,6
gated_alive:a_3b:212207,a_3b,212207,1,0,6,1,2,2,3,1,6
gated_alive:a_3b:213502,a_3b,213502,1,0,6,1,2,2,3,1,6
gated_alive:a_3b:213670,a_3b,213670,3,3,4,1,2,2,1,2,5
gated_alive:a_3b:213738,a_3b,213738,3,3,4,0,0,6,4,3,5
gated_alive:a_3b:213848,a_3b,213848,0,4,8,3,6,8,2,5,7
gated_alive:a_3b:214081,a_3b,214081,0,2,1,0,1,1,0,0,0
gated_alive:a_3b:214242,a_3b,214242,3,3,4,1,5,5,1,2,5
gated_alive:a_3b:216532,a_3b,216532,1,0,0,1,2,2,3,1,6
gated_alive:a_4a:168,a_4a,168,3,9,12,3,6,8,1,6,3
gated_alive:a_4a:974,a_4a,974,0,4,8,3,6,8,2,5,14
gated_alive:a_4a:1465,a_4a,1465,3,3,4,1,5,5,1,2,5
gated_alive:a_4a:2690,a_4a,2690,1,0,0,3,6,8,3,1,4
gated_alive:a_4a:2828,a_4a,2828,0,4,8,1,5,5,2,5,7
gated_alive:a_4a:4382,a_4a,4382,5,8,10,0,0,6,0,8,10
gated_alive:a_4a:5068,a_4a,5068,5,8,10,0,0,6,0,0,15
gated_alive:a_4a:5851,a_4a,5851,3,3,6,1,5,5,1,2,5
gated_alive:a_4a:7327,a_4a,7327,2,9,5,3,6,9,2,6,9
gated_alive:a_4a:7388,a_4a,7388,1,0,6,0,0,6,3,1,6
gated_alive:a_4a:8136,a_4a,8136,3,3,5,3,6,9,2,6,9
gated_alive:a_4a:8773,a_4a,8773,1,0,0,1,2,2,3,1,6
gated_alive:a_4a:11330,a_4a,11330,0,4,8,0,1,1,2,5,14
gated_alive:a_4a:11697,a_4a,11697,0,4,8,0,1,1,6,9,13
gated_alive:a_4a:15227,a_4a,15227,0,5,11,2,3,3,4,3,1
gated_alive:a_4a:16005,a_4a,16005,3,8,5,3,6,9,2,6,9
gated_alive:a_4a:17313,a_4a,17313,3,9,12,3,6,8,1,6,3
gated_alive:a_4a:17406,a_4a,17406,0,5,11,2,3,3,4,3,1
gated_alive:a_4a:17533,a_4a,17533,5,2,1,0,1,1,0,0,0
gated_alive:a_4a:18505,a_4a,18505,2,8,5,3,6,8,2,6,9
gated_alive:a_4a:19253,a_4a,19253,5,2,1,0,1,1,0,0,0
gated_alive:a_4a:19559,a_4a,19559,5,8,10,0,1,1,0,0,0
gated_alive:a_4a:20022,a_4a,20022,3,3,4,1,5,5,1,2,5
gated_alive:a_4a:20688,a_4a,20688,4,7,9,5,8,11,6,9,13
gated_alive:a_4a:21699,a_4a,21699,3,3,4,1,5,5,1,2,5
gated_alive:a_4a:21885,a_4a,21885,2,6,2,4,7,10,2,4,2
gated_alive:a_4a:22234,a_4a,22234,5,8,10,3,6,9,2,6,9
gated_alive:a_4a:22499,a_4a,22499,1,0,6,1,2,2,3,1,6
gated_alive:a_4a:22514,a_4a,22514,3,4,8,0,1,1,0,5,7
gated_alive:a_4a:23062,a_4a,23062,0,5,11,2,3,3,4,3,1
gated_alive:a_4a:23170,a_4a,23170,2,6,2,4,7,10,2,4,2
gated_alive:a_4a:23653,a_4a,23653,1,0,6,1,2,2,3,1,6
gated_alive:a_4a:23729,a_4a,23729,1,0,0,1,2,2,3,1,4
gated_alive:a_4a:23891,a_4a,23891,1,0,0,1,2,2,3,1,4
gated_alive:a_4a:23973,a_4a,23973,0,5,11,0,0,0,4,8,10
gated_alive:a_4a:24574,a_4a,24574,5,8,13,3,9,12,5,10,16
gated_alive:a_4a:24647,a_4a,24647,0,5,11,2,3,3,4,3,1
gated_alive:a_4a:25836,a_4a,25836,3,2,8,2,3,3,0,5,7
gated_alive:a_4a:27369,a_4a,27369,0,5,11,0,1,1,4,3,1
gated_alive:a_4a:27750,a_4a,27750,5,8,3,0,0,7,4,7,12
gated_alive:a_4a:28028,a_4a,28028,2,9,2,4,7,10,2,6,9
gated_alive:a_4a:28417,a_4a,28417,4,7,9,5,8,11,6,9,13
gated_alive:a_4a:28567,a_4a,28567,4,7,9,5,8,11,6,9,13
gated_alive:a_4a:28835,a_4a,28835,2,6,2,4,7,10,2,4,2
gated_alive:a_4a:30299,a_4a,30299,5,2,1,0,0,7,0,7,12
gated_alive:a_4a:30852,a_4a,30852,3,3,4,1,5,5,1,2,3
gated_alive:a_4a:30908,a_4a,30908,0,5,11,2,3,3,4,3,1
gated_alive:a_4a:32105,a_4a,32105,0,5,11,2,3,3,4,3,1
gated_alive:a_4a:32557,a_4a,32557,3,9,12,3,6,8,1,2,3
gated_alive:a_4a:32619,a_4a,32619,5,8,3,0,1,1,0,0,0
gated_alive:a_4a:33855,a_4a,33855,5,2,1,3,6,8,2,5,14
gated_alive:a_4a:34478,a_4a,34478,5,8,10,0,1,1,0,8,10
gated_alive:a_4a:36106,a_4a,36106,5,8,10,0,1,1,4,3,15
gated_alive:a_4a:37186,a_4a,37186,1,0,6,3,6,8,3,1,4
gated_alive:a_4a:38017,a_4a,38017,1,0,0,1,2,2,3,1,6
gated_alive:a_4a:38632,a_4a,38632,0,4,8,2,3,3,0,5,7
gated_alive:a_4a:38657,a_4a,38657,4,7,9,5,8,11,6,9,13
gated_alive:a_4a:39072,a_4a,39072,3,4,4,3,6,8,1,5,7
gated_alive:a_4a:39269,a_4a,39269,2,6,2,4,7,10,2,4,2
gated_alive:a_4a:41759,a_4a,41759,1,5,6,0,0,6,4,3,15
gated_alive:a_4a:41889,a_4a,41889,0,5,11,2,3,3,4,3,1
gated_alive:a_4a:41979,a_4a,41979,5,8,10,0,0,6,4,3,15
gated_alive:a_4a:42038,a_4a,42038,1,0,3,0,0,6,5,3,11
gated_alive:a_4a:42807,a_4a,42807,3,3,4,1,5,5,1,2,5
gated_alive:a_4a:42961,a_4a,42961,1,0,6,1,2,2,3,1,6
gated_alive:a_4a:43099,a_4a,43099,5,8,10,3,4,4,0,0,8
gated_alive:a_4a:43750,a_4a,43750,5,8,10,0,0,6,0,0,8
gated_alive:a_4a:44637,a_4a,44637,2,6,5,4,7,10,2,4,9
gated_alive:a_4a:45690,a_4a,45690,0,2,1,0,1,1,0,5,7
gated_alive:a_4a:46183,a_4a,46183,5,8,10,0,0,0,0,8,10
gated_alive:a_4a:47089,a_4a,47089,0,5,11,2,3,3,4,3,1
gated_alive:a_4a:47939,a_4a,47939,5,8,10,0,0,0,0,8,10
gated_alive:a_4a:48206,a_4a,48206,1,0,6,1,2,2,3,8,10
gated_alive:a_4a:49157,a_4a,49157,0,4,8,3,6,8,2,5,14
gated_alive:a_4a:50375,a_4a,50375,5,8,3,0,1,1,4,3,11
gated_alive:a_4a:50819,a_4a,50819,3,3,4,1,5,5,1,2,5
gated_alive:a_4a:51058,a_4a,51058,5,8,6,0,0,6,4,3,15
gated_alive:a_4a:52036,a_4a,52036,3,4,8,3,6,8,2,5,14
gated_alive:a_4a:52540,a_4a,52540,2,8,10,0,0,6,0,0,9
gated_alive:a_4a:52878,a_4a,52878,1,3,6,1,5,5,3,1,6
gated_alive:a_4a:55128,a_4a,55128,1,3,6,1,2,2,3,1,6
gated_alive:a_4a:55584,a_4a,55584,5,5,11,0,1,1,4,3,1
gated_alive:a_4a:55685,a_4a,55685,4,7,9,5,8,11,6,9,13
gated_alive:a_4a:56173,a_4a,56173,1,0,0,1,2,2,3,1,4
gated_alive:a_4a:57431,a_4a,57431,1,0,6,0,0,6,3,1,6
gated_alive:a_4a:58856,a_4a,58856,3,4,5,3,6,9,2,6,9
gated_alive:a_4a:60858,a_4a,60858,3,9,12,3,4,4,2,5,14
gated_alive:a_4a:61162,a_4a,61162,5,8,10,0,1,1,0,0,8
gated_alive:a_4a:62712,a_4a,62712,3,4,4,1,5,5,1,2,3
gated_alive:a_4a:64156,a_4a,64156,0,5,11,2,3,3,4,3,1
gated_alive:a_4a:64290,a_4a,64290,1,0,6,1,2,2,3,1,6
gated_alive:a_4a:64836,a_4a,64836,3,3,4,1,5,5,1,2,5
gated_alive:a_4a:64865,a_4a,64865,5,2,1,0,1,1,0,0,0
gated_alive:a_4a:65147,a_4a,65147,1,0,6,1,2,2,3,1,6
gated_alive:a_4a:65408,a_4a,65408,5,8,10,0,0,6,0,8,8
gated_alive:a_4a:66794,a_4a,66794,2,8,10,0,0,6,1,2,5
gated_alive:a_4a:67092,a_4a,67092,2,6,2,3,9,12,2,4,2
gated_alive:a_4a:67928,a_4a,67928,5,8,10,0,0,6,0,0,8
gated_alive:a_4a:68220,a_4a,68220,4,7,9,5,8,11,6,9,13
gated_alive:a_4a:69095,a_4a,69095,5,8,10,0,0,6,0,0,15
gated_alive:a_4a:69184,a_4a,69184,3,9,5,4,7,10,2,5,14
gated_alive:a_4a:69992,a_4a,69992,5,2,10,0,1,1,0,0,8
gated_alive:a_4a:70622,a_4a,70622,1,3,6,1,2,2,3,1,6
gated_alive:a_4a:72150,a_4a,72150,2,6,5,4,7,10,2,4,9
gated_alive:a_4a:72182,a_4a,72182,2,6,2,4,7,10,2,4,2
gated_alive:a_4a:72346,a_4a,72346,5,2,1,0,1,1,0,0,7
gated_alive:a_4a:73491,a_4a,73491,0,5,11,2,3,3,4,3,1
gated_alive:a_4a:73656,a_4a,73656,1,0,0,1,2,2,3,1,4
gated_alive:a_4a:73883,a_4a,73883,2,6,5,3,6,9,2,6,9
gated_alive:a_4a:74351,a_4a,74351,5,8,10,0,0,6,0,0,8
gated_alive:a_4a:74369,a_4a,74369,5,8,10,0,0,6,0,8,10
gated_alive:a_4a:75655,a_4a,75655,0,5,11,2,3,3,4,3,1
gated_alive:a_4a:76346,a_4a,76346,4,7,9,5,8,11,6,9,13
gated_alive:a_4a:76357,a_4a,76357,5,8,3,2,3,3,5,0,11
gated_alive:a_4a:76723,a_4a,76723,0,9,3,3,6,8,5,3,11
gated_alive:a_4a:78587,a_4a,78587,3,9,12,1,5,5,1,2,5
gated_alive:a_4a:78871,a_4a,78871,5,2,10,0,0,7,0,7,12
gated_alive:a_4a:78944,a_4a,78944,4,7,9,5,8,11,6,9,13
gated_alive:a_4a:80045,a_4a,80045,2,6,2,4,7,10,2,4,2
gated_alive:a_4a:81195,a_4a,81195,3,9,12,3,6,8,1,6,3
gated_alive:a_4a:81403,a_4a,81403,5,8,10,0,1,1,0,0,8
gated_alive:a_4a:81946,a_4a,81946,3,4,8,1,5,5,0,5,7
gated_alive:a_4a:82060,a_4a,82060,0,2,1,0,1,1,0,0,0
gated_alive:a_4a:83510,a_4a,83510,0,5,8,2,3,3,4,3,1
gated_alive:a_4a:83678,a_4a,83678,1,0,6,1,2,2,3,1,6
gated_alive:a_4a:83999,a_4a,83999,4,7,9,5,8,11,6,9,13
gated_alive:a_4a:84049,a_4a,84049,3,3,5,3,6,9,2,6,9
gated_alive:a_4a:84631,a_4a,84631,5,5,11,0,0,0,4,8,10
gated_alive:a_4a:84694,a_4a,84694,1,0,0,1,2,2,3,1,4
gated_alive:a_4a:84792,a_4a,84792,5,8,10,0,0,6,0,0,15
gated_alive:a_4a:85578,a_4a,85578,5,2,1,0,0,6,0,0,14
gated_alive:a_4a:85723,a_4a,85723,5,2,1,0,1,1,0,0,8
gated_alive:a_4a:86597,a_4a,86597,3,3,5,1,5,5,1,2,5
gated_alive:a_4a:88219,a_4a,88219,0,5,11,2,3,3,4,3,1
gated_alive:a_4a:89383,a_4a,89383,1,0,6,1,2,2,3,1,6
gated_alive:a_4a:89683,a_4a,89683,0,5,11,2,3,3,4,3,1
gated_alive:a_4a:90424,a_4a,90424,5,5,11,0,0,6,4,3,1
gated_alive:a_4a:90657,a_4a,90657,3,3,4,1,5,5,1,2,5
gated_alive:a_4a:90700,a_4a,90700,0,4,8,2,3,3,0,5,7
gated_alive:a_4a:91379,a_4a,91379,1,0,6,1,2,2,3,1,6
gated_alive:a_4a:91509,a_4a,91509,5,8,10,3,6,9,0,0,9
gated_alive:a_4a:91743,a_4a,91743,3,3,6,0,0,6,1,2,5
gated_alive:a_4a:93403,a_4a,93403,2,6,5,3,6,9,2,6,9
gated_alive:a_4a:94175,a_4a,94175,5,2,1,0,1,1,0,0,0
gated_alive:a_4a:94447,a_4a,94447,3,9,12,1,5,5,1,2,3
gated_alive:a_4a:94985,a_4a,94985,3,3,4,1,5,5,1,2,5
gated_alive:a_4a:95028,a_4a,95028,1,0,0,1,2,2,3,1,4
gated_alive:a_4a:95144,a_4a,95144,0,5,11,2,3,3,4,3,1
gated_alive:a_4a:95679,a_4a,95679,1,4,8,3,4,4,3,1,4
gated_alive:a_4a:96169,a_4a,96169,3,3,4,3,4,4,3,1,17
gated_alive:a_4a:96535,a_4a,96535,5,2,1,0,1,1,0,0,0
gated_alive:a_4a:99016,a_4a,99016,1,0,0,1,2,2,3,1,6
gated_alive:a_4a:99640,a_4a,99640,3,3,4,1,5,5,1,1,4
gated_alive:a_4a:99652,a_4a,99652,1,8,6,1,2,2,3,8,10
gated_alive:a_4a:99785,a_4a,99785,2,1,7,4,7,13,2,4,2
gated_alive:a_4a:100126,a_4a,100126,3,3,4,1,5,5,1,2,5
gated_alive:a_4a:100592,a_4a,100592,1,0,0,1,2,2,3,1,6
gated_alive:a_4a:102156,a_4a,102156,0,5,11,2,3,3,4,3,1
gated_alive:a_4a:103113,a_4a,103113,5,8,10,0,1,1,0,0,8
gated_alive:a_4a:103305,a_4a,103305,5,2,1,0,1,1,0,0,0
gated_alive:a_4a:104997,a_4a,104997,1,0,0,1,2,2,3,1,4
gated_alive:a_4a:105227,a_4a,105227,2,6,2,4,7,10,2,4,2
gated_alive:a_4a:107265,a_4a,107265,5,8,3,0,1,1,5,3,11
gated_alive:a_4a:107273,a_4a,107273,1,0,6,3,4,4,3,1,17
gated_alive:a_4a:108711,a_4a,108711,2,6,2,4,7,10,2,4,2
gated_alive:a_4a:109984,a_4a,109984,5,2,10,0,1,1,0,0,0
gated_alive:a_4a:110701,a_4a,110701,2,6,5,4,7,10,2,4,2
gated_alive:a_4a:112254,a_4a,112254,0,5,3,2,3,3,5,3,11
gated_alive:a_4a:113976,a_4a,113976,0,5,11,2,3,3,4,3,1
gated_alive:a_4a:114431,a_4a,114431,5,8,6,0,0,6,4,3,15
gated_alive:a_4a:114730,a_4a,114730,5,2,1,0,1,1,0,0,0
gated_alive:a_4a:114775,a_4a,114775,2,6,2,4,7,10,2,4,2
gated_alive:a_4a:115410,a_4a,115410,2,6,13,3,9,12,2,4,2
gated_alive:a_4a:117291,a_4a,117291,1,3,6,1,2,2,3,1,6
gated_alive:a_4a:117340,a_4a,117340,5,2,1,0,1,1,0,0,0
gated_alive:a_4a:118294,a_4a,118294,5,5,11,0,1,1,4,3,11
gated_alive:a_4a:118496,a_4a,118496,5,8,10,0,0,6,0,0,8
gated_alive:a_4a:119436,a_4a,119436,1,0,6,1,2,2,3,1,6
gated_alive:a_4a:119942,a_4a,119942,2,1,7,4,7,10,2,4,8
gated_alive:a_4a:120288,a_4a,120288,3,8,5,3,6,9,2,6,9
gated_alive:a_4a:120635,a_4a,120635,2,8,10,0,0,0,0,8,10
gated_alive:a_4a:121622,a_4a,121622,0,5,11,2,3,3,4,3,1
gated_alive:a_4a:121831,a_4a,121831,5,8,11,0,1,1,4,3,1
gated_alive:a_4a:122424,a_4a,122424,3,3,5,3,6,9,2,6,9
gated_alive:a_4a:123308,a_4a,123308,2,6,2,4,7,10,2,4,2
gated_alive:a_4a:124026,a_4a,124026,2,6,2,3,4,4,2,5,14
gated_alive:a_4a:124831,a_4a,124831,3,3,2,4,7,10,2,5,14
gated_alive:a_4a:125832,a_4a,125832,1,3,4,1,2,2,3,2,6
gated_alive:a_4a:126066,a_4a,126066,3,3,4,1,5,5,1,2,3
gated_alive:a_4a:126962,a_4a,126962,5,2,1,3,4,4,0,0,0
gated_alive:a_4a:127785,a_4a,127785,5,8,10,0,0,6,0,0,8
gated_alive:a_4a:128146,a_4a,128146,3,3,4,1,5,5,1,2,5
gated_alive:a_4a:128512,a_4a,128512,5,2,1,0,1,1,0,0,0
gated_alive:a_4a:129500,a_4a,129500,3,4,8,3,6,8,2,5,14
gated_alive:a_4a:129952,a_4a,129952,4,7,9,5,8,11,6,9,13
gated_alive:a_4a:130248,a_4a,130248,3,3,4,1,5,5,1,2,5
gated_alive:a_4a:131327,a_4a,131327,3,9,12,3,6,8,1,6,3
gated_alive:a_4a:132944,a_4a,132944,5,8,10,0,1,1,0,0,8
gated_alive:a_4a:133154,a_4a,133154,0,4,8,0,1,1,0,5,7
gated_alive:a_4a:134134,a_4a,134134,5,8,3,0,1,1,5,3,11
gated_alive:a_4a:134824,a_4a,134824,0,5,11,0,0,0,4,8,10
gated_alive:a_4a:136303,a_4a,136303,3,9,12,1,5,5,1,2,3
gated_alive:a_4a:137352,a_4a,137352,0,5,11,2,3,3,4,3,1
gated_alive:a_4a:137937,a_4a,137937,2,8,5,3,4,4,4,6,9
gated_alive:a_4a:138645,a_4a,138645,3,3,4,1,5,5,1,2,5
gated_alive:a_4a:139638,a_4a,139638,2,1,7,4,7,10,2,4,2
gated_alive:a_4a:139701,a_4a,139701,5,2,1,0,1,1,0,0,0
gated_alive:a_4a:140085,a_4a,140085,1,3,4,1,5,5,1,2,5
gated_alive:a_4a:140551,a_4a,140551,2,6,5,3,6,9,2,4,9
gated_alive:a_4a:140864,a_4a,140864,3,3,5,3,6,9,1,2,5
gated_alive:a_4a:141172,a_4a,141172,5,8,10,0,1,1,0,0,0
gated_alive:a_4a:142069,a_4a,142069,1,0,0,1,5,5,3,1,6
gated_alive:a_4a:142527,a_4a,142527,2,6,5,3,6,9,2,6,9
gated_alive:a_4a:144157,a_4a,144157,1,0,0,1,2,2,3,1,6
gated_alive:a_4a:144779,a_4a,144779,4,7,9,5,8,11,6,9,13
gated_alive:a_4a:145631,a_4a,145631,2,1,2,4,7,10,2,4,2
gated_alive:a_4a:146704,a_4a,146704,5,2,1,0,1,1,0,0,0
gated_alive:a_4a:146846,a_4a,146846,2,6,5,3,6,9,2,6,9
gated_alive:a_4a:146854,a_4a,146854,5,8,10,0,0,6,4,3,10
gated_alive:a_4a:146970,a_4a,146970,1,3,6,1,2,2,3,1,6
gated_alive:a_4a:147292,a_4a,147292,5,8,10,0,1,1,0,0,8
gated_alive:a_4a:147683,a_4a,147683,5,8,5,3,6,9,2,6,9
gated_alive:a_4a:147782,a_4a,147782,2,1,2,4,7,10,2,4,2
gated_alive:a_4a:149158,a_4a,149158,5,2,1,0,1,1,0,0,0
gated_alive:a_4a:149747,a_4a,149747,5,8,10,0,0,6,0,0,9
gated_alive:a_4a:150366,a_4a,150366,3,3,6,1,5,5,1,2,5
gated_alive:a_4a:152053,a_4a,152053,1,0,6,0,0,7,3,1,6
gated_alive:a_4a:152481,a_4a,152481,2,6,2,4,7,10,2,4,2
gated_alive:a_4a:152542,a_4a,152542,0,4,8,0,1,1,0,5,7
gated_alive:a_4a:152643,a_4a,152643,0,5,11,2,3,3,4,3,1
gated_alive:a_4a:154397,a_4a,154397,4,7,9,5,8,11,6,9,13
gated_alive:a_4a:155134,a_4a,155134,5,8,10,0,1,1,0,0,0
gated_alive:a_4a:156021,a_4a,156021,2,6,5,3,6,9,2,6,9
gated_alive:a_4a:158018,a_4a,158018,2,6,2,3,9,12,2,4,2
gated_alive:a_4a:158749,a_4a,158749,2,6,2,4,7,10,2,4,2
gated_alive:a_4a:159183,a_4a,159183,0,4,8,0,1,1,0,0,0
gated_alive:a_4a:159617,a_4a,159617,3,3,4,0,0,7,3,1,12
gated_alive:a_4a:159817,a_4a,159817,3,9,12,0,0,7,4,7,12
gated_alive:a_4a:160708,a_4a,160708,0,2,8,3,6,8,2,5,14
gated_alive:a_4a:161806,a_4a,161806,0,4,8,0,1,1,0,5,7
gated_alive:a_4a:161869,a_4a,161869,5,8,3,0,1,1,5,3,11
gated_alive:a_4a:162231,a_4a,162231,3,3,4,1,5,5,1,2,5
gated_alive:a_4a:162977,a_4a,162977,3,9,12,3,6,8,1,6,3
gated_alive:a_4a:163024,a_4a,163024,4,7,9,5,8,11,6,9,13
gated_alive:a_4a:163306,a_4a,163306,1,3,6,0,1,1,3,2,5
gated_alive:a_4a:163874,a_4a,163874,0,4,8,0,1,1,0,0,7
gated_alive:a_4a:163886,a_4a,163886,5,2,1,0,1,1,0,0,0
gated_alive:a_4a:163966,a_4a,163966,5,2,1,0,1,1,0,0,10
gated_alive:a_4a:164339,a_4a,164339,2,6,5,3,6,8,2,4,9
gated_alive:a_4a:165259,a_4a,165259,5,2,1,0,1,1,0,0,0
gated_alive:a_4a:165650,a_4a,165650,5,8,10,0,1,1,0,0,0
gated_alive:a_4a:166221,a_4a,166221,2,6,2,4,7,10,2,4,2
gated_alive:a_4a:166292,a_4a,166292,4,7,3,0,1,1,5,3,11
gated_alive:a_4a:166447,a_4a,166447,1,0,6,2,3,3,5,3,11
gated_alive:a_4a:167112,a_4a,167112,2,8,5,3,6,9,2,6,9
gated_alive:a_4a:169402,a_4a,169402,3,3,6,1,5,5,1,2,5
gated_alive:a_4a:169635,a_4a,169635,0,5,11,2,3,3,4,3,1
gated_alive:a_4a:169762,a_4a,169762,1,3,6,1,5,5,1,2,5
gated_alive:a_4a:170058,a_4a,170058,4,7,9,5,8,11,6,9,13
gated_alive:a_4a:170490,a_4a,170490,2,6,2,4,7,10,2,4,2
gated_alive:a_4a:172820,a_4a,172820,2,9,12,3,6,8,2,6,9
gated_alive:a_4a:172919,a_4a,172919,4,7,9,0,1,1,0,0,13
gated_alive:a_4a:173204,a_4a,173204,5,8,10,0,0,6,0,0,0
gated_alive:a_4a:173614,a_4a,173614,2,6,8,3,6,8,2,4,2
gated_alive:a_4a:173937,a_4a,173937,1,0,6,0,0,6,3,1,6
gated_alive:a_4a:174196,a_4a,174196,0,5,11,2,3,3,4,3,1
gated_alive:a_4a:174274,a_4a,174274,3,3,6,0,0,6,1,2,5
gated_alive:a_4a:175835,a_4a,175835,2,6,2,4,7,10,2,4,2
gated_alive:a_4a:176711,a_4a,176711,5,2,3,3,6,8,2,5,14
gated_alive:a_4a:176739,a_4a,176739,5,8,10,0,1,1,0,0,8
gated_alive:a_4a:176918,a_4a,176918,3,4,8,2,3,3,1,5,14
gated_alive:a_4a:177346,a_4a,177346,3,3,4,1,5,5,1,2,5
gated_alive:a_4a:177592,a_4a,177592,3,4,5,3,6,9,2,6,9
gated_alive:a_4a:177873,a_4a,177873,5,2,1,0,0,7,0,7,12
gated_alive:a_4a:178056,a_4a,178056,3,4,8,0,1,1,2,5,14
gated_alive:a_4a:178782,a_4a,178782,0,5,11,2,3,3,4,3,1
gated_alive:a_4a:179541,a_4a,179541,5,8,3,0,0,0,4,8,10
gated_alive:a_4a:180174,a_4a,180174,3,3,4,1,5,5,1,2,5
gated_alive:a_4a:180846,a_4a,180846,5,8,10,0,0,6,0,0,15
gated_alive:a_4a:180922,a_4a,180922,2,6,2,4,7,10,2,4,2
gated_alive:a_4a:181245,a_4a,181245,3,4,8,3,6,8,2,5,14
gated_alive:a_4a:181335,a_4a,181335,5,8,10,0,1,1,4,3,15
gated_alive:a_4a:181722,a_4a,181722,3,4,5,3,6,9,2,6,9
gated_alive:a_4a:182499,a_4a,182499,5,2,1,0,1,1,0,0,0
gated_alive:a_4a:182993,a_4a,182993,4,7,9,5,8,11,6,9,13
gated_alive:a_4a:183116,a_4a,183116,0,5,11,2,3,3,4,3,1
gated_alive:a_4a:183458,a_4a,183458,5,8,3,0,1,1,0,7,11
gated_alive:a_4a:183803,a_4a,183803,2,6,2,3,9,12,2,4,2
gated_alive:a_4a:187097,a_4a,187097,1,0,0,1,2,2,3,1,6
gated_alive:a_4a:187347,a_4a,187347,2,6,2,4,7,10,2,4,2
gated_alive:a_4a:188743,a_4a,188743,0,5,11,2,3,3,4,3,1
gated_alive:a_4a:189849,a_4a,189849,2,6,2,4,7,10,2,4,2
gated_alive:a_4a:191413,a_4a,191413,0,5,6,0,0,6,4,3,15
gated_alive:a_4a:191822,a_4a,191822,2,4,13,3,9,12,2,5,14
gated_alive:a_4a:193503,a_4a,193503,2,6,2,4,7,10,2,4,2
gated_alive:a_4a:194954,a_4a,194954,3,3,4,1,5,5,1,2,3
gated_alive:a_4a:195476,a_4a,195476,0,5,11,2,3,3,4,3,1
gated_alive:a_4a:195889,a_4a,195889,2,6,13,3,9,12,5,10,16
gated_alive:a_4a:197644,a_4a,197644,5,8,10,0,1,1,0,0,8
gated_alive:a_4a:198394,a_4a,198394,1,0,0,1,2,2,3,1,6
gated_alive:a_4a:198544,a_4a,198544,3,8,10,0,0,7,1,7,12
gated_alive:a_4a:199299,a_4a,199299,3,4,5,4,7,10,2,5,9
gated_alive:a_4a:199471,a_4a,199471,2,1,7,4,7,10,2,4,2
gated_alive:a_4a:199645,a_4a,199645,0,5,11,2,3,3,4,3,1
gated_alive:a_4a:200433,a_4a,200433,0,5,11,0,0,0,4,8,10
gated_alive:a_4a:200661,a_4a,200661,4,7,9,5,8,11,6,9,13
gated_alive:a_4a:200713,a_4a,200713,3,3,4,1,5,5,1,2,5
gated_alive:a_4a:202570,a_4a,202570,5,8,3,0,0,6,5,3,11
gated_alive:a_4a:202577,a_4a,202577,5,2,1,0,0,0,0,8,10
gated_alive:a_4a:202746,a_4a,202746,0,5,11,2,3,3,4,3,1
gated_alive:a_4a:204063,a_4a,204063,2,1,7,4,7,10,2,4,2
gated_alive:a_4a:204223,a_4a,204223,3,8,5,3,6,9,2,6,9
gated_alive:a_4a:204412,a_4a,204412,0,4,8,1,5,5,2,5,7
gated_alive:a_4a:204448,a_4a,204448,2,6,2,4,7,10,2,4,2
gated_alive:a_4a:205107,a_4a,205107,0,5,11,0,0,0,4,8,10
gated_alive:a_4a:207814,a_4a,207814,5,2,1,0,1,1,0,0,0
gated_alive:a_4a:208174,a_4a,208174,0,4,8,3,6,8,2,5,14
gated_alive:a_4a:208239,a_4a,208239,3,3,4,1,5,5,1,2,5
gated_alive:a_4a:209217,a_4a,209217,1,0,0,1,2,2,3,1,4
gated_alive:a_4a:209528,a_4a,209528,5,8,4,0,1,1,0,0,9
gated_alive:a_4a:209667,a_4a,209667,5,8,10,1,5,5,0,0,8
gated_alive:a_4a:209673,a_4a,209673,0,5,11,0,1,1,4,5,7
gated_alive:a_4a:209776,a_4a,209776,1,0,0,1,2,2,3,1,4
gated_alive:a_4a:209785,a_4a,209785,0,5,11,2,3,3,4,3,1
gated_alive:a_4a:210130,a_4a,210130,1,0,6,1,2,2,3,1,6
gated_alive:a_4a:210749,a_4a,210749,0,5,11,2,3,3,5,3,11
gated_alive:a_4a:212265,a_4a,212265,0,5,11,2,3,3,5,3,11
gated_alive:a_4a:212583,a_4a,212583,0,5,11,0,1,1,4,3,1
gated_alive:a_4a:213317,a_4a,213317,3,9,12,3,6,8,1,6,3
gated_alive:a_4a:213727,a_4a,213727,2,6,2,4,7,10,2,4,2
gated_alive:a_4a:214247,a_4a,214247,1,8,6,0,0,6,4,3,15
gated_alive:a_4a:214664,a_4a,214664,1,4,0,3,6,8,3,1,4
gated_alive:a_4a:214685,a_4a,214685,3,4,4,3,6,8,1,2,3
gated_alive:a_4a:214806,a_4a,214806,5,8,10,0,1,1,0,0,8
gated_alive:a_4a:215356,a_4a,215356,2,8,3,0,0,6,2,4,2
gated_alive:a_4a:215650,a_4a,215650,3,4,8,3,6,8,2,5,14
gated_alive:a_4a:216222,a_4a,216222,3,3,4,1,5,5,1,2,3
gated_alive:a_4a:216390,a_4a,216390,3,3,6,3,4,4,3,1,17
gated_alive:a_4a:216958,a_4a,216958,1,0,6,1,2,2,3,1,6
gated_alive:a_4a:218017,a_4a,218017,0,4,8,3,6,8,2,5,7
gated_alive:a_4a:218023,a_4a,218023,4,7,9,5,8,11,6,9,13
gated_alive:a_4a:218176,a_4a,218176,2,6,5,3,6,8,2,4,9
gated_alive:a_4a:219097,a_4a,219097,2,6,2,4,7,10,2,4,2
gated_alive:a_4a:219141,a_4a,219141,0,5,11,2,3,3,4,3,1
gated_alive:a_4a:221566,a_4a,221566,1,4,8,3,6,8,2,5,14
gated_alive:a_4a:224615,a_4a,224615,3,8,5,3,6,8,5,6,11
gated_alive:a_4a:225184,a_4a,225184,5,8,3,0,0,7,0,7,12
gated_alive:a_4a:225424,a_4a,225424,0,5,11,2,3,3,4,3,1
gated_alive:a_4a:228610,a_4a,228610,1,3,6,1,2,2,3,1,6
gated_alive:a_4a:229423,a_4a,229423,4,7,9,0,0,6,2,5,14
gated_alive:a_4a:229805,a_4a,229805,5,8,10,0,0,6,0,0,15
gated_alive:a_4a:231176,a_4a,231176,1,0,6,1,5,5,3,1,6
gated_alive:a_4a:232237,a_4a,232237,5,8,10,0,0,6,0,0,8
gated_alive:a_4a:233184,a_4a,233184,0,4,8,2,3,3,2,5,7
gated_alive:a_4a:233202,a_4a,233202,0,5,11,3,6,8,4,3,1
gated_alive:a_4a:234757,a_4a,234757,5,8,10,0,0,6,0,0,0
gated_alive:a_4a:234922,a_4a,234922,3,3,4,1,5,5,1,2,5
gated_alive:a_4a:235072,a_4a,235072,0,4,8,3,6,8,2,5,7
gated_alive:a_4a:235075,a_4a,235075,2,8,10,0,1,1,0,0,8
gated_alive:a_4a:235233,a_4a,235233,5,8,1,0,0,6,0,0,0
gated_alive:a_4a:235539,a_4a,235539,3,4,8,3,6,8,2,5,14
gated_alive:a_4a:237983,a_4a,237983,2,9,5,4,7,10,2,6,9
gated_alive:a_4a:238268,a_4a,238268,4,7,9,5,8,11,6,9,13
gated_alive:a_4a:238402,a_4a,238402,2,1,7,3,6,8,2,5,14
gated_alive:a_4a:239268,a_4a,239268,5,8,10,1,5,5,4,3,15
gated_alive:a_4a:239376,a_4a,239376,5,8,10,0,1,1,0,0,8
gated_alive:a_4a:241171,a_4a,241171,4,7,9,5,8,11,6,9,13
gated_alive:a_4a:241226,a_4a,241226,1,0,6,0,0,6,0,0,15
gated_alive:a_4a:241825,a_4a,241825,5,8,10,0,1,1,0,0,8
gated_alive:a_4a:242790,a_4a,242790,5,8,10,0,1,1,0,0,0
gated_alive:a_4a:243658,a_4a,243658,0,9,12,3,6,8,1,6,3
gated_alive:a_4a:244975,a_4a,244975,3,3,4,1,5,5,1,2,5
gated_alive:a_4a:245887,a_4a,245887,1,0,6,1,2,2,3,1,6
gated_alive:a_4a:245947,a_4a,245947,2,6,2,4,7,10,2,4,2
gated_alive:a_4a:246310,a_4a,246310,0,5,3,2,3,3,5,3,11
gated_alive:a_4a:246426,a_4a,246426,1,4,8,3,6,8,3,5,7
gated_alive:a_4a:246625,a_4a,246625,3,3,4,1,5,5,1,2,5
gated_alive:a_4a:247670,a_4a,247670,5,8,13,0,1,1,0,0,8
gated_alive:a_4a:248176,a_4a,248176,3,9,12,1,5,5,1,2,5
gated_alive:a_4a:248828,a_4a,248828,1,0,6,1,2,2,3,1,6
gated_alive:a_4a:248858,a_4a,248858,3,9,12,3,6,8,2,5,14
gated_alive:a_4a:249276,a_4a,249276,2,8,10,0,0,6,0,0,8
gated_alive:a_4a:250932,a_4a,250932,2,1,7,4,7,10,2,4,2
gated_alive:a_4a:251067,a_4a,251067,4,7,9,4,7,10,6,9,13
gated_alive:a_4a:251264,a_4a,251264,5,8,3,0,0,7,0,7,12
gated_alive:a_4a:251752,a_4a,251752,3,3,4,1,5,5,1,2,5
gated_alive:a_4a:251908,a_4a,251908,5,8,10,1,5,5,0,0,15
gated_alive:a_4a:253518,a_4a,253518,0,5,11,2,3,3,4,3,1
gated_alive:a_4a:253590,a_4a,253590,1,0,6,1,2,2,3,1,6
gated_alive:a_4a:253994,a_4a,253994,1,0,6,0,0,6,4,3,15
gated_alive:a_4a:255736,a_4a,255736,4,7,9,5,8,11,6,9,13
gated_alive:a_4a:257105,a_4a,257105,1,0,6,1,2,2,3,1,6
gated_alive:a_4a:257655,a_4a,257655,5,8,10,0,0,0,0,8,10
gated_alive:a_4a:257753,a_4a,257753,5,8,10,0,0,6,0,0,8
gated_alive:a_4a:258441,a_4a,258441,5,2,1,0,1,1,0,0,0
gated_alive:a_4a:259557,a_4a,259557,4,7,9,4,7,10,2,4,2
gated_alive:a_4a:260334,a_4a,260334,3,9,4,1,5,5,1,2,3
gated_alive:a_4a:260510,a_4a,260510,1,0,6,1,2,2,3,1,6
gated_alive:a_4a:260700,a_4a,260700,3,3,4,1,5,5,1,2,5
gated_alive:a_4a:261429,a_4a,261429,4,7,9,5,8,11,6,9,13
gated_alive:a_4a:261776,a_4a,261776,5,2,3,0,1,1,0,0,0
gated_alive:a_4a:262508,a_4a,262508,0,5,11,2,3,3,4,3,1
gated_alive:a_4a:262866,a_4a,262866,5,8,10,0,1,1,0,0,8
gated_alive:a_4a:263238,a_4a,263238,0,2,1,2,3,3,4,3,1
gated_alive:a_4a:263518,a_4a,263518,3,3,4,1,5,5,1,2,5
gated_alive:a_4a:263783,a_4a,263783,3,3,12,1,5,5,1,2,5
gated_alive:a_4a:264058,a_4a,264058,1,0,6,1,2,2,3,1,6
gated_alive:a_4a:264089,a_4a,264089,1,0,6,0,0,6,4,3,15
gated_alive:a_4a:264578,a_4a,264578,5,8,10,0,0,6,4,3,15
gated_alive:a_4a:264952,a_4a,264952,3,9,5,3,6,8,2,6,9
gated_alive:a_4a:265014,a_4a,265014,3,8,5,0,1,1,0,6,9
gated_alive:a_4a:266178,a_4a,266178,2,6,2,4,7,10,2,4,2
gated_alive:a_4a:267037,a_4a,267037,2,6,2,4,7,10,2,4,2
gated_alive:a_4a:267677,a_4a,267677,5,2,3,0,1,1,0,8,10
gated_alive:a_4a:268254,a_4a,268254,5,8,10,0,0,0,0,8,10
gated_alive:a_4a:268608,a_4a,268608,5,8,10,0,1,1,4,8,10
gated_alive:a_4a:268896,a_4a,268896,3,3,3,0,0,7,3,1,12
gated_alive:a_4a:269199,a_4a,269199,2,6,2,0,0,7,0,7,12
gated_alive:a_4a:269237,a_4a,269237,0,5,11,2,3,3,4,3,1
gated_alive:a_4a:269675,a_4a,269675,1,0,6,1,2,2,3,1,6
gated_alive:a_4a:269937,a_4a,269937,3,9,12,3,6,8,1,2,3
gated_alive:a_4a:270137,a_4a,270137,1,0,0,1,2,2,3,1,4
gated_alive:a_4a:271365,a_4a,271365,5,8,10,3,4,4,4,3,17
gated_alive:a_4a:271418,a_4a,271418,0,5,11,2,3,3,4,3,1
gated_alive:a_4a:272005,a_4a,272005,2,6,5,4,7,10,2,4,9
gated_alive:a_4a:272028,a_4a,272028,1,0,6,1,2,2,3,1,6
gated_alive:a_4a:272088,a_4a,272088,0,5,11,0,0,7,4,7,12
gated_alive:a_4a:273820,a_4a,273820,5,8,5,3,6,9,0,5,14
gated_alive:a_4a:274364,a_4a,274364,1,0,0,1,2,2,3,1,6
gated_alive:a_4a:274787,a_4a,274787,5,8,10,0,0,0,0,8,10
gated_alive:a_4a:275341,a_4a,275341,5,8,6,0,0,6,0,0,15
gated_alive:a_4a:276269,a_4a,276269,3,3,4,1,5,5,1,2,5
gated_alive:a_4a:276992,a_4a,276992,0,5,11,3,6,8,4,3,1
gated_alive:a_4a:277973,a_4a,277973,5,2,1,0,1,1,0,0,0
gated_alive:a_4a:281015,a_4a,281015,3,9,12,1,5,5,1,2,5
gated_alive:a_4a:281143,a_4a,281143,0,5,11,2,3,3,4,3,1
gated_alive:a_4a:281172,a_4a,281172,2,6,2,4,7,10,2,4,2
gated_alive:a_4a:282238,a_4a,282238,5,2,8,0,0,6,2,5,14
gated_alive:a_4a:283269,a_4a,283269,2,6,2,3,6,8,2,4,2
gated_alive:a_4a:283312,a_4a,283312,2,6,2,4,7,10,2,4,2
gated_alive:a_4a:284205,a_4a,284205,3,9,8,0,0,7,0,7,12
gated_alive:a_4a:284451,a_4a,284451,3,4,8,3,6,8,2,5,14
gated_alive:a_4a:285498,a_4a,285498,2,6,2,4,7,10,2,4,2
gated_alive:a_4a:286443,a_4a,286443,4,7,9,5,8,11,6,9,13
gated_alive:a_4a:286547,a_4a,286547,1,0,0,1,2,2,3,1,6
gated_alive:a_4a:286877,a_4a,286877,4,9,12,5,8,11,1,6,3
gated_alive:a_4a:287897,a_4a,287897,0,5,11,2,3,3,4,3,1
gated_alive:a_4a:288005,a_4a,288005,2,1,7,0,0,6,2,4,2
gated_alive:a_4a:288148,a_4a,288148,1,0,6,1,2,2,3,1,6
gated_alive:a_4a:288254,a_4a,288254,1,0,6,1,2,2,3,1,6
gated_alive:a_4a:291187,a_4a,291187,1,0,0,1,2,2,3,1,4
gated_alive:a_4a:291278,a_4a,291278,3,3,4,1,5,5,1,2,5
gated_alive:a_4a:291335,a_4a,291335,1,0,6,1,2,2,3,1,6
gated_alive:a_4a:291902,a_4a,291902,1,0,6,1,2,2,3,1,6
gated_alive:a_4a:292080,a_4a,292080,4,7,9,3,4,4,2,4,2
gated_alive:a_4a:292761,a_4a,292761,2,6,2,4,7,13,2,4,2
gated_alive:a_4a:293329,a_4a,293329,0,4,8,2,3,3,2,5,7
gated_alive:a_4a:294084,a_4a,294084,3,3,4,3,6,8,1,2,5
gated_alive:a_4a:294175,a_4a,294175,0,4,8,1,2,2,3,8,10
gated_alive:a_4a:294665,a_4a,294665,0,5,11,2,3,3,4,3,1
gated_alive:a_4a:295350,a_4a,295350,2,1,7,4,7,10,2,4,9
gated_alive:a_4a:295849,a_4a,295849,5,2,1,0,1,1,0,0,0
gated_alive:a_4a:296096,a_4a,296096,0,4,8,2,3,3,0,5,7
gated_alive:a_4a:296397,a_4a,296397,3,9,12,3,9,12,2,5,14
gated_alive:a_4a:296416,a_4a,296416,0,2,1,0,1,1,0,5,7
gated_alive:a_4a:297151,a_4a,297151,3,4,8,1,5,5,3,5,4
gated_alive:a_4a:297182,a_4a,297182,1,0,6,1,5,5,3,1,12
gated_alive:a_4a:297200,a_4a,297200,2,6,2,4,7,10,1,6,3
gated_alive:a_4a:297340,a_4a,297340,2,6,5,3,6,9,4,3,1
gated_alive:a_4a:298276,a_4a,298276,3,3,4,1,5,5,1,2,5
gated_alive:a_4a:298340,a_4a,298340,3,4,5,3,6,9,2,6,9
gated_alive:a_4a:299533,a_4a,299533,1,0,0,2,3,3,3,1,4
gated_alive:a_4a:300378,a_4a,300378,5,2,1,0,0,7,0,7,12
gated_alive:a_4a:300686,a_4a,300686,5,8,10,0,0,6,0,0,8
gated_alive:a_4a:301046,a_4a,301046,0,4,8,2,3,3,0,5,7
gated_alive:a_4a:301671,a_4a,301671,3,3,4,3,4,4,3,1,17
gated_alive:a_4a:302478,a_4a,302478,1,0,6,1,2,2,3,1,6
gated_alive:a_4a:302490,a_4a,302490,1,0,0,1,2,2,3,1,4
gated_alive:a_4a:302572,a_4a,302572,0,5,11,3,9,12,5,10,16
gated_alive:a_4a:302617,a_4a,302617,5,2,1,0,1,1,0,0,0
gated_alive:a_4a:303255,a_4a,303255,3,4,5,3,6,8,2,6,9
gated_alive:a_4a:303750,a_4a,303750,0,5,11,2,3,3,4,3,10
gated_alive:a_4a:303764,a_4a,303764,0,4,8,0,0,7,0,7,12
gated_alive:a_4a:304258,a_4a,304258,0,5,3,2,3,3,5,3,11
gated_alive:a_4a:304363,a_4a,304363,0,5,11,2,3,3,4,3,1
gated_alive:a_4a:304605,a_4a,304605,0,5,11,2,3,3,4,3,1
gated_alive:a_4a:304662,a_4a,304662,0,5,11,2,3,3,4,3,1
gated_alive:a_4a:305453,a_4a,305453,1,4,8,3,6,8,2,5,14
gated_alive:a_4a:306842,a_4a,306842,1,4,8,3,6,8,2,5,14
gated_alive:a_4a:307470,a_4a,307470,5,2,1,0,0,7,0,7,12
gated_alive:a_4a:307602,a_4a,307602,5,9,12,3,6,8,0,6,9
gated_alive:a_4a:307916,a_4a,307916,3,9,12,3,6,8,1,2,3
gated_alive:a_4a:307921,a_4a,307921,1,0,0,1,2,2,3,1,4
gated_alive:a_4a:308047,a_4a,308047,0,4,8,2,3,3,4,5,7
gated_alive:a_4a:308425,a_4a,308425,3,9,12,3,6,8,1,4,3
gated_alive:a_4a:309284,a_4a,309284,1,4,8,2,3,3,2,5,7
gated_alive:a_4a:309326,a_4a,309326,1,0,0,1,2,2,3,1,6
gated_alive:a_4a:309574,a_4a,309574,5,8,10,3,6,9,0,0,15
gated_alive:a_4a:311200,a_4a,311200,1,0,0,1,2,2,3,1,4
gated_alive:a_4a:311578,a_4a,311578,0,5,11,2,3,3,4,3,1
gated_alive:a_4b:204,a_4b,204,3,3,4,1,5,5,1,2,5
gated_alive:a_4b:865,a_4b,865,5,2,1,0,1,1,0,0,8
gated_alive:a_4b:1082,a_4b,1082,3,9,5,3,6,9,2,6,9
gated_alive:a_4b:1178,a_4b,1178,5,2,1,0,1,1,0,0,8
gated_alive:a_4b:1378,a_4b,1378,5,8,10,0,1,1,0,0,0
gated_alive:a_4b:1866,a_4b,1866,1,8,6,0,0,6,4,3,15
gated_alive:a_4b:1918,a_4b,1918,1,0,6,3,4,4,3,1,17
gated_alive:a_4b:2096,a_4b,2096,1,0,6,1,2,2,3,1,6
gated_alive:a_4b:2206,a_4b,2206,3,9,12,4,7,10,1,2,5
gated_alive:a_4b:2403,a_4b,2403,3,3,4,1,5,5,1,2,5
gated_alive:a_4b:2454,a_4b,2454,1,0,6,0,0,6,3,1,6
gated_alive:a_4b:2714,a_4b,2714,5,8,10,3,4,4,0,0,0
gated_alive:a_4b:2717,a_4b,2717,2,6,2,4,7,10,2,4,2
gated_alive:a_4b:3582,a_4b,3582,3,3,4,1,5,5,1,2,3
gated_alive:a_4b:3897,a_4b,3897,3,3,4,1,5,5,1,2,5
gated_alive:a_4b:4282,a_4b,4282,2,9,12,3,6,8,1,6,3
gated_alive:a_4b:4851,a_4b,4851,5,8,3,2,3,3,5,3,11
gated_alive:a_4b:5041,a_4b,5041,0,4,8,3,6,8,2,5,7
gated_alive:a_4b:5124,a_4b,5124,5,5,11,0,1,1,4,3,10
gated_alive:a_4b:5328,a_4b,5328,5,8,10,5,8,11,0,0,0
gated_alive:a_4b:5365,a_4b,5365,5,8,10,0,0,6,0,0,15
gated_alive:a_4b:5547,a_4b,5547,5,8,10,0,1,1,0,0,0
gated_alive:a_4b:5810,a_4b,5810,5,2,1,0,1,1,0,0,0
gated_alive:a_4b:6974,a_4b,6974,5,8,10,0,1,1,0,0,0
gated_alive:a_4b:7734,a_4b,7734,5,8,5,3,6,9,2,5,9
gated_alive:a_4b:9321,a_4b,9321,2,8,5,3,6,9,2,6,9
gated_alive:a_4b:9762,a_4b,9762,5,2,1,0,1,1,0,0,0
gated_alive:a_4b:9877,a_4b,9877,0,5,11,0,1,1,0,0,8
gated_alive:a_4b:10337,a_4b,10337,3,9,12,3,6,8,1,2,9
gated_alive:a_4b:10536,a_4b,10536,3,3,4,0,1,1,1,2,3
gated_alive:a_4b:11189,a_4b,11189,5,8,10,0,1,1,0,0,0
gated_alive:a_4b:11241,a_4b,11241,1,0,6,0,0,6,3,1,6
gated_alive:a_4b:11504,a_4b,11504,5,5,11,2,3,3,4,3,1
gated_alive:a_4b:12087,a_4b,12087,3,3,4,1,5,5,1,2,5
gated_alive:a_4b:13284,a_4b,13284,5,8,10,0,0,6,0,0,0
gated_alive:a_4b:14143,a_4b,14143,2,6,5,3,6,9,2,6,9
gated_alive:a_4b:14744,a_4b,14744,5,8,10,0,0,0,0,8,10
gated_alive:a_4b:14853,a_4b,14853,5,8,10,0,1,1,0,0,15
gated_alive:a_4b:15095,a_4b,15095,0,4,8,2,3,3,3,1,4
gated_alive:a_4b:15263,a_4b,15263,1,0,6,1,2,2,3,1,6
gated_alive:a_4b:15442,a_4b,15442,1,0,6,1,2,2,3,1,6
gated_alive:a_4b:15584,a_4b,15584,5,8,8,0,0,6,2,5,14
gated_alive:a_4b:15667,a_4b,15667,1,0,6,1,2,2,3,1,6
gated_alive:a_4b:15774,a_4b,15774,0,5,11,0,0,0,4,8,10
gated_alive:a_4b:16063,a_4b,16063,0,2,1,0,1,1,0,0,0
gated_alive:a_4b:17501,a_4b,17501,4,7,9,5,8,11,6,9,13
gated_alive:a_4b:17919,a_4b,17919,0,4,8,2,3,3,3,5,7
gated_alive:a_4b:18056,a_4b,18056,3,8,13,3,9,12,5,10,16
gated_alive:a_4b:18110,a_4b,18110,5,2,10,0,1,1,0,0,0
gated_alive:a_4b:18111,a_4b,18111,3,3,6,1,5,5,1,2,5
gated_alive:a_4b:18293,a_4b,18293,5,8,10,0,0,6,4,3,15
gated_alive:a_4b:19242,a_4b,19242,5,2,6,0,0,6,0,0,15
gated_alive:a_4b:19305,a_4b,19305,1,3,6,0,0,6,3,1,6
gated_alive:a_4b:20775,a_4b,20775,0,4,8,3,6,8,2,5,14
gated_alive:a_4b:20911,a_4b,20911,5,2,1,0,1,1,0,0,0
gated_alive:a_4b:22884,a_4b,22884,1,0,6,1,2,2,3,1,6
gated_alive:a_4b:23825,a_4b,23825,0,5,11,0,1,1,4,3,1
gated_alive:a_4b:24085,a_4b,24085,5,8,10,0,0,0,0,8,10
gated_alive:a_4b:24226,a_4b,24226,3,3,4,1,5,5,1,2,5
gated_alive:a_4b:24352,a_4b,24352,5,8,10,0,0,6,0,0,9
gated_alive:a_4b:24426,a_4b,24426,5,8,10,0,1,1,0,0,8
gated_alive:a_4b:24546,a_4b,24546,0,4,8,0,0,0,3,8,10
gated_alive:a_4b:25483,a_4b,25483,3,3,6,0,1,1,1,2,5
gated_alive:a_4b:25571,a_4b,25571,0,2,1,0,1,1,0,0,7
gated_alive:a_4b:25903,a_4b,25903,3,3,6,0,0,7,3,1,12
gated_alive:a_4b:26004,a_4b,26004,3,9,12,3,6,8,1,2,3
gated_alive:a_4b:26116,a_4b,26116,5,8,10,0,1,1,0,0,8
gated_alive:a_4b:26350,a_4b,26350,5,8,10,0,0,6,0,0,8
gated_alive:a_4b:27689,a_4b,27689,0,2,1,2,3,3,0,5,7
gated_alive:a_4b:27891,a_4b,27891,5,8,10,0,0,0,4,8,10
gated_alive:a_4b:28054,a_4b,28054,0,4,8,1,5,5,2,5,7
gated_alive:a_4b:28379,a_4b,28379,5,2,3,0,0,7,0,7,12
gated_alive:a_4b:28540,a_4b,28540,5,8,10,0,0,6,0,0,8
gated_alive:a_4b:29029,a_4b,29029,3,8,10,0,0,7,1,2,5
gated_alive:a_4b:30688,a_4b,30688,3,2,4,0,1,1,0,2,7
gated_alive:a_4b:30743,a_4b,30743,2,6,5,3,6,9,2,6,9
gated_alive:a_4b:31198,a_4b,31198,5,8,10,0,0,7,0,7,12
gated_alive:a_4b:32051,a_4b,32051,5,8,10,0,0,6,0,0,15
gated_alive:a_4b:32341,a_4b,32341,5,8,10,0,1,1,0,0,8
gated_alive:a_4b:32512,a_4b,32512,1,3,6,1,5,5,1,2,5
gated_alive:a_4b:33284,a_4b,33284,5,8,3,0,1,1,4,3,11
gated_alive:a_4b:33552,a_4b,33552,2,1,7,4,7,10,2,4,2
gated_alive:a_4b:34827,a_4b,34827,5,8,6,0,0,6,3,1,6
gated_alive:a_4b:35215,a_4b,35215,0,5,11,0,0,0,4,8,10
gated_alive:a_4b:35348,a_4b,35348,3,4,5,3,6,9,2,6,9
gated_alive:a_4b:35416,a_4b,35416,5,2,1,0,1,1,0,0,13
gated_alive:a_4b:35569,a_4b,35569,1,0,0,1,5,5,3,1,4
gated_alive:a_4b:36296,a_4b,36296,5,2,1,0,1,1,0,0,8
gated_alive:a_4b:36331,a_4b,36331,5,2,1,0,1,1,0,0,0
gated_alive:a_4b:36879,a_4b,36879,5,8,10,0,1,1,0,0,8
gated_alive:a_4b:36921,a_4b,36921,1,0,13,3,9,12,5,10,16
gated_alive:a_4b:37085,a_4b,37085,5,8,10,0,0,7,4,7,12
gated_alive:a_4b:37708,a_4b,37708,5,2,10,0,1,1,0,0,8
gated_alive:a_4b:37952,a_4b,37952,3,3,6,1,5,5,1,2,5
gated_alive:a_4b:38029,a_4b,38029,5,2,1,0,1,1,0,0,0
gated_alive:a_4b:38560,a_4b,38560,1,4,8,1,2,2,3,5,7
gated_alive:a_4b:39609,a_4b,39609,5,2,1,0,1,1,0,0,0
gated_alive:a_4b:39833,a_4b,39833,5,2,1,0,1,1,0,0,0
gated_alive:a_4b:40707,a_4b,40707,5,8,10,0,1,1,0,3,8
gated_alive:a_4b:41412,a_4b,41412,5,8,10,0,1,1,0,0,11
gated_alive:a_4b:41618,a_4b,41618,0,5,6,1,2,2,4,3,15
gated_alive:a_4b:42266,a_4b,42266,1,8,6,0,0,6,2,5,14
gated_alive:a_4b:42527,a_4b,42527,2,8,5,3,6,9,0,6,15
gated_alive:a_4b:42707,a_4b,42707,5,8,10,0,0,0,0,8,10
gated_alive:a_4b:42765,a_4b,42765,4,7,9,5,8,11,2,4,13
gated_alive:a_4b:43565,a_4b,43565,0,5,11,0,0,0,4,8,10
gated_alive:a_4b:43641,a_4b,43641,5,2,1,0,1,1,0,0,0
gated_alive:a_4b:44103,a_4b,44103,3,9,13,3,9,12,5,10,16
gated_alive:a_4b:44350,a_4b,44350,3,3,5,3,6,9,2,6,9
gated_alive:a_4b:44475,a_4b,44475,0,5,11,2,3,3,4,5,7
gated_alive:a_4b:44571,a_4b,44571,3,3,4,1,5,5,1,2,5
gated_alive:a_4b:44671,a_4b,44671,5,8,5,3,6,9,2,6,9
gated_alive:a_4b:45080,a_4b,45080,0,2,13,3,9,12,5,10,16
gated_alive:a_4b:45251,a_4b,45251,5,8,10,0,0,7,0,7,12
gated_alive:a_4b:45522,a_4b,45522,1,0,6,0,0,6,3,1,6
gated_alive:a_4b:46055,a_4b,46055,5,8,5,0,1,1,0,6,9
gated_alive:a_4b:46100,a_4b,46100,5,2,1,0,1,1,0,0,8
gated_alive:a_4b:46636,a_4b,46636,5,2,1,0,0,7,0,7,12
gated_alive:a_4b:47124,a_4b,47124,2,1,7,0,0,6,0,4,9
gated_alive:a_4b:47232,a_4b,47232,5,2,1,0,1,1,0,0,0
gated_alive:a_4b:48537,a_4b,48537,5,2,1,0,0,7,0,7,12
gated_alive:a_4b:50641,a_4b,50641,0,5,11,2,3,3,4,3,1
gated_alive:a_4b:51120,a_4b,51120,0,2,8,2,3,3,0,5,7
gated_alive:a_4b:51432,a_4b,51432,0,5,8,2,3,3,0,5,7
gated_alive:a_4b:51576,a_4b,51576,0,5,11,2,3,3,4,3,1
gated_alive:a_4b:51759,a_4b,51759,1,0,6,1,2,2,3,1,6
gated_alive:a_4b:52097,a_4b,52097,5,2,1,0,0,6,0,0,0
gated_alive:a_4b:52173,a_4b,52173,5,8,10,0,0,6,0,0,8
gated_alive:a_4b:52514,a_4b,52514,5,2,1,0,1,1,0,0,0
gated_alive:a_4b:55395,a_4b,55395,0,4,8,3,6,8,0,5,7
gated_alive:a_4b:55435,a_4b,55435,5,8,10,0,0,6,0,0,0
gated_alive:a_4b:56064,a_4b,56064,2,6,2,3,9,12,0,0,8
gated_alive:a_4b:56193,a_4b,56193,2,6,2,0,0,6,2,4,9
gated_alive:a_4b:56986,a_4b,56986,0,5,11,2,3,3,4,3,1
gated_alive:a_4b:57071,a_4b,57071,1,0,6,1,5,5,3,1,6
gated_alive:a_4b:57575,a_4b,57575,3,3,5,3,6,9,2,6,9
gated_alive:a_4b:58779,a_4b,58779,5,2,1,0,0,0,0,0,0
gated_alive:a_4b:60261,a_4b,60261,5,8,10,0,0,6,0,4,9
gated_alive:a_4b:60455,a_4b,60455,1,4,0,1,5,5,3,1,5
gated_alive:a_4b:61064,a_4b,61064,5,8,10,0,0,0,0,8,10
gated_alive:a_4b:61380,a_4b,61380,1,3,6,0,0,6,1,2,5
gated_alive:a_4b:61389,a_4b,61389,0,4,8,2,3,3,2,5,7
gated_alive:a_4b:61532,a_4b,61532,5,8,10,0,0,6,0,0,8
gated_alive:a_4b:61663,a_4b,61663,3,3,4,1,5,5,1,2,5
gated_alive:a_4b:61944,a_4b,61944,1,3,4,1,5,5,1,2,5
gated_alive:a_4b:62598,a_4b,62598,5,8,10,0,1,1,4,3,1
gated_alive:a_4b:63255,a_4b,63255,1,3,6,0,0,6,3,1,6
gated_alive:a_4b:63694,a_4b,63694,5,8,5,3,6,9,2,6,9
gated_alive:a_4b:63802,a_4b,63802,5,8,10,0,1,1,4,3,1
gated_alive:a_4b:63844,a_4b,63844,5,8,10,1,5,5,0,7,12
gated_alive:a_4b:64066,a_4b,64066,5,8,11,0,1,1,4,3,15
gated_alive:a_4b:65061,a_4b,65061,5,8,10,0,1,1,0,0,8
gated_alive:a_4b:65312,a_4b,65312,2,6,5,4,7,10,2,5,14
gated_alive:a_4b:66673,a_4b,66673,5,8,10,0,0,0,0,0,8
gated_alive:a_4b:67449,a_4b,67449,5,8,10,0,1,1,0,0,0
gated_alive:a_4b:67702,a_4b,67702,1,4,0,1,2,2,3,5,7
gated_alive:a_4b:67804,a_4b,67804,5,8,10,0,0,0,0,8,10
gated_alive:a_4b:68666,a_4b,68666,1,0,0,1,2,2,3,1,4
gated_alive:a_4b:69019,a_4b,69019,5,8,10,0,0,6,0,0,15
gated_alive:a_4b:69616,a_4b,69616,0,4,8,2,3,3,2,5,7
gated_alive:a_4b:69867,a_4b,69867,3,9,12,3,6,8,1,6,3
gated_alive:a_4b:70573,a_4b,70573,5,8,6,3,4,4,4,3,17
gated_alive:a_4b:71836,a_4b,71836,5,8,5,3,6,9,2,6,9
gated_alive:a_4b:71870,a_4b,71870,3,3,6,3,6,8,1,2,5
gated_alive:a_4b:71970,a_4b,71970,3,3,6,1,5,5,3,1,6
gated_alive:a_4b:72103,a_4b,72103,1,3,6,1,2,2,3,1,6
gated_alive:a_4b:72140,a_4b,72140,5,8,5,3,6,9,4,3,15
gated_alive:a_4b:72668,a_4b,72668,5,8,6,0,0,7,0,7,12
gated_alive:a_4b:74131,a_4b,74131,4,7,9,5,8,11,6,9,13
gated_alive:a_4b:74625,a_4b,74625,0,5,11,2,3,3,4,3,1
gated_alive:a_4b:75198,a_4b,75198,5,8,10,0,0,0,0,8,10
gated_alive:a_4b:75323,a_4b,75323,3,9,12,3,6,8,1,6,3
gated_alive:a_4b:75583,a_4b,75583,5,8,3,0,1,1,0,7,11
gated_alive:a_4b:76648,a_4b,76648,1,0,6,1,2,2,3,1,6
gated_alive:a_4b:77123,a_4b,77123,3,3,4,0,1,1,1,2,5
gated_alive:a_4b:77335,a_4b,77335,0,5,11,2,3,3,4,3,1
gated_alive:a_4b:77398,a_4b,77398,0,5,11,2,3,3,4,3,1
gated_alive:a_4b:77400,a_4b,77400,3,8,5,3,6,9,2,6,9
gated_alive:a_4b:77531,a_4b,77531,5,8,10,0,1,1,0,0,8
gated_alive:a_4b:78608,a_4b,78608,2,6,2,3,6,8,2,4,14
gated_alive:a_4b:78803,a_4b,78803,5,8,10,0,0,6,0,0,8
gated_alive:a_4b:79032,a_4b,79032,5,2,1,0,1,1,0,0,0
gated_alive:a_4b:79096,a_4b,79096,0,4,8,2,3,3,0,5,7
gated_alive:a_4b:79558,a_4b,79558,1,0,6,1,2,2,3,1,6
gated_alive:a_4b:80371,a_4b,80371,3,9,12,1,5,5,1,6,3
gated_alive:a_4b:80385,a_4b,80385,3,9,12,3,6,8,1,6,3
gated_alive:a_4b:80872,a_4b,80872,5,2,1,0,1,1,0,0,10
gated_alive:a_4b:81629,a_4b,81629,1,4,8,3,6,8,2,5,14
gated_alive:a_4b:81770,a_4b,81770,5,2,1,0,1,1,0,0,0
gated_alive:a_4b:82040,a_4b,82040,1,0,0,1,2,2,3,1,6
gated_alive:a_4b:82601,a_4b,82601,3,3,4,0,1,1,1,2,5
gated_alive:a_4b:83021,a_4b,83021,1,0,6,1,2,2,3,1,6
gated_alive:a_4b:83054,a_4b,83054,1,3,6,1,2,2,1,2,5
gated_alive:a_4b:83282,a_4b,83282,2,6,2,5,8,11,2,4,2
gated_alive:a_4b:83435,a_4b,83435,1,0,6,0,0,6,3,1,6
gated_alive:a_4b:83480,a_4b,83480,5,8,10,3,4,4,0,0,17
gated_alive:a_4b:83811,a_4b,83811,4,8,13,3,9,12,5,10,16
gated_alive:a_4b:83987,a_4b,83987,1,0,6,1,5,5,3,1,6
gated_alive:a_4b:84031,a_4b,84031,2,6,2,4,7,10,2,4,2
gated_alive:a_4b:85116,a_4b,85116,1,0,6,1,2,2,3,1,6
gated_alive:a_4b:85255,a_4b,85255,5,8,11,2,3,3,4,3,1
gated_alive:a_4b:85765,a_4b,85765,1,0,0,3,9,12,5,10,16
gated_alive:a_4b:86449,a_4b,86449,3,8,5,3,6,9,2,6,9
gated_alive:a_4b:88055,a_4b,88055,5,8,10,0,1,1,0,0,0
gated_alive:a_4b:89368,a_4b,89368,5,8,10,5,8,11,0,0,8
gated_alive:a_4b:89753,a_4b,89753,5,8,10,0,1,1,0,0,8
gated_alive:a_4b:90780,a_4b,90780,5,8,10,0,0,6,0,0,8
gated_alive:a_4b:91238,a_4b,91238,0,4,8,2,3,3,0,5,7
gated_alive:a_4b:91615,a_4b,91615,2,8,10,0,0,6,0,4,8
gated_alive:a_4b:92179,a_4b,92179,5,2,1,0,0,6,0,0,0
gated_alive:a_4b:92343,a_4b,92343,0,5,11,2,3,3,4,3,1
gated_alive:a_4b:93174,a_4b,93174,2,9,12,3,4,4,2,4,2
gated_alive:a_4b:93946,a_4b,93946,5,2,1,0,0,6,0,0,0
gated_alive:a_4b:95003,a_4b,95003,0,5,11,2,3,3,4,3,1
gated_alive:a_4b:95471,a_4b,95471,5,8,10,0,0,6,0,8,10
gated_alive:a_4b:95541,a_4b,95541,1,3,6,1,5,5,4,3,15
gated_alive:a_4b:95772,a_4b,95772,3,3,4,1,5,5,1,2,5
gated_alive:a_4b:96790,a_4b,96790,5,2,1,0,1,1,0,0,8
gated_alive:a_4b:96870,a_4b,96870,3,3,5,3,6,9,2,6,9
gated_alive:a_4b:96961,a_4b,96961,0,2,1,0,1,1,0,0,0
gated_alive:a_4b:97991,a_4b,97991,0,5,11,2,3,3,4,3,1
gated_alive:a_4b:98281,a_4b,98281,5,2,1,0,1,1,0,0,0
gated_alive:a_4b:98375,a_4b,98375,3,4,4,1,5,5,1,2,5
gated_alive:a_4b:98732,a_4b,98732,3,3,4,1,2,2,1,2,5
gated_alive:a_4b:98875,a_4b,98875,5,8,10,0,1,1,0,0,0
gated_alive:a_4b:98991,a_4b,98991,5,2,1,0,1,1,0,0,0
gated_alive:a_4b:99136,a_4b,99136,5,8,10,0,0,0,0,8,10
gated_alive:a_4b:99574,a_4b,99574,1,3,6,3,4,4,3,1,17
gated_alive:a_4b:100941,a_4b,100941,5,2,3,0,1,1,0,0,0
gated_alive:a_4b:101424,a_4b,101424,5,8,10,0,1,1,0,0,8
gated_alive:a_4b:101529,a_4b,101529,2,6,2,4,7,10,2,4,2
gated_alive:a_4b:101530,a_4b,101530,1,0,0,1,2,2,3,1,4
gated_alive:a_4b:101680,a_4b,101680,1,8,6,0,0,6,4,3,15
gated_alive:a_4b:102261,a_4b,102261,3,4,8,2,3,3,0,5,7
gated_alive:a_4b:102431,a_4b,102431,1,4,8,3,6,8,2,5,14
gated_alive:a_4b:103059,a_4b,103059,1,3,6,0,0,6,3,1,6
gated_alive:a_4b:103111,a_4b,103111,5,8,10,0,0,6,0,0,8
gated_alive:a_4b:103819,a_4b,103819,5,2,1,0,1,1,0,0,0
gated_alive:a_4b:104846,a_4b,104846,3,9,12,3,6,8,1,6,3
gated_alive:a_4b:105685,a_4b,105685,2,1,13,3,9,12,5,10,16
gated_alive:a_4b:105850,a_4b,105850,5,8,13,3,9,12,5,10,16
gated_alive:a_4b:107001,a_4b,107001,1,3,6,0,0,6,3,1,6
gated_alive:a_4b:107424,a_4b,107424,1,0,0,1,2,2,3,1,7
gated_alive:a_4b:107479,a_4b,107479,5,8,6,1,2,2,0,0,15
gated_alive:a_4b:107509,a_4b,107509,5,8,10,0,1,1,4,3,1
gated_alive:a_4b:107922,a_4b,107922,5,2,1,0,1,1,0,0,0
gated_alive:a_4b:108202,a_4b,108202,3,4,8,3,6,8,2,5,7
gated_alive:a_4b:109031,a_4b,109031,5,2,1,0,1,1,0,0,8
gated_alive:a_4b:109670,a_4b,109670,5,8,3,0,0,7,5,7,12
gated_alive:a_4b:110097,a_4b,110097,0,4,8,2,3,3,2,5,14
gated_alive:a_4b:110228,a_4b,110228,5,8,10,0,1,1,4,3,1
gated_alive:a_4b:111668,a_4b,111668,3,3,4,1,5,5,1,2,5
gated_alive:a_4b:112163,a_4b,112163,0,2,1,0,1,1,0,0,0
gated_alive:a_4b:112638,a_4b,112638,5,8,13,3,9,12,5,10,16
gated_alive:a_4b:113894,a_4b,113894,0,5,11,0,1,1,4,3,15
gated_alive:a_4b:115305,a_4b,115305,3,9,12,0,0,0,1,6,10
gated_alive:a_4b:115333,a_4b,115333,0,4,8,2,3,3,0,5,7
gated_alive:a_4b:115338,a_4b,115338,3,3,4,1,5,5,1,2,5
gated_alive:a_4b:116410,a_4b,116410,0,2,8,3,6,8,2,5,14
gated_alive:a_4b:116568,a_4b,116568,5,2,1,0,1,1,0,0,8
gated_alive:a_4b:116770,a_4b,116770,0,5,8,3,6,8,2,5,14
gated_alive:a_4b:117100,a_4b,117100,5,8,5,3,6,9,2,6,9
gated_alive:a_4b:117478,a_4b,117478,1,0,6,1,2,2,3,1,6
gated_alive:a_4b:117919,a_4b,117919,3,3,4,1,5,5,1,2,5
gated_alive:a_4b:118430,a_4b,118430,1,0,0,1,5,5,3,1,4
gated_alive:a_4b:119355,a_4b,119355,3,3,4,1,5,5,1,2,5
gated_alive:a_4b:119848,a_4b,119848,3,3,4,1,5,5,1,2,5
gated_alive:a_4b:120158,a_4b,120158,5,8,10,0,1,1,0,0,8
gated_alive:a_4b:120216,a_4b,120216,4,7,9,5,8,11,6,9,13
gated_alive:a_4b:120452,a_4b,120452,3,3,4,1,5,5,1,2,5
gated_alive:a_4b:120522,a_4b,120522,1,5,6,0,0,6,4,3,15
gated_alive:a_4b:121353,a_4b,121353,1,0,6,1,2,2,3,1,6
gated_alive:a_4b:122741,a_4b,122741,5,8,10,0,0,0,0,8,10
gated_alive:a_4b:123282,a_4b,123282,5,2,1,0,1,1,0,0,0
gated_alive:a_4b:123307,a_4b,123307,5,2,1,0,1,1,0,0,0
gated_alive:a_4b:124606,a_4b,124606,1,4,0,1,5,5,3,1,4
gated_alive:a_4b:124751,a_4b,124751,2,6,2,4,7,10,2,4,2
gated_alive:a_4b:124869,a_4b,124869,5,8,10,0,1,1,0,0,5
gated_alive:a_4b:125082,a_4b,125082,3,9,12,3,6,8,1,2,3
gated_alive:a_4b:125491,a_4b,125491,5,2,1,0,1,1,0,0,0
gated_alive:a_4b:125538,a_4b,125538,1,0,0,1,2,2,3,1,4
gated_alive:a_4b:125745,a_4b,125745,5,8,5,3,6,9,0,0,9
gated_alive:a_4b:126288,a_4b,126288,5,8,10,0,0,0,4,3,1
gated_alive:a_4b:126304,a_4b,126304,3,3,5,3,6,8,2,6,9
gated_alive:a_4b:127189,a_4b,127189,5,8,11,2,3,3,4,3,1
gated_alive:a_4b:127478,a_4b,127478,1,0,6,1,2,2,3,1,4
gated_alive:a_4b:127514,a_4b,127514,5,8,10,0,0,6,0,0,8
gated_alive:a_4b:128235,a_4b,128235,5,8,10,0,1,1,0,0,15
gated_alive:a_4b:128487,a_4b,128487,5,2,1,0,1,1,0,0,0
gated_alive:a_4b:128794,a_4b,128794,5,2,1,0,1,1,0,0,0
gated_alive:a_4b:129983,a_4b,129983,1,4,8,2,3,3,2,5,14
gated_alive:a_4b:130091,a_4b,130091,0,5,11,0,0,6,4,3,15
gated_alive:a_4b:130753,a_4b,130753,0,4,8,2,3,3,2,5,7
gated_alive:a_4b:131498,a_4b,131498,5,8,13,3,9,12,5,10,16
gated_alive:a_4b:132235,a_4b,132235,5,8,10,0,1,1,0,0,8
gated_alive:a_4b:132299,a_4b,132299,5,8,5,0,1,1,0,0,8
gated_alive:a_4b:132425,a_4b,132425,3,9,12,1,5,5,1,2,5
gated_alive:a_4b:132659,a_4b,132659,5,2,1,0,1,1,0,0,0
gated_alive:a_4b:133107,a_4b,133107,5,2,1,0,1,1,0,0,8
gated_alive:a_4b:133963,a_4b,133963,0,2,1,2,3,3,0,0,0
gated_alive:a_4b:134054,a_4b,134054,3,3,13,3,9,12,5,10,16
gated_alive:a_4b:134514,a_4b,134514,2,6,2,4,7,10,2,4,2
gated_alive:a_4b:135064,a_4b,135064,5,4,8,3,6,8,2,5,14
gated_alive:a_4b:135082,a_4b,135082,5,8,10,0,1,1,0,0,0
gated_alive:a_4b:135694,a_4b,135694,5,2,10,0,1,1,0,0,8
gated_alive:a_4b:136438,a_4b,136438,5,2,1,2,3,3,0,0,7
gated_alive:a_4b:137490,a_4b,137490,0,4,8,2,3,3,0,5,7
gated_alive:a_4b:138528,a_4b,138528,1,8,6,0,0,6,4,3,15
gated_alive:a_4b:139148,a_4b,139148,5,2,1,0,1,1,0,0,0
gated_alive:a_4b:139164,a_4b,139164,0,5,11,2,3,3,4,3,1
gated_alive:a_4b:140376,a_4b,140376,5,8,3,2,3,3,0,0,11
gated_alive:a_4b:141768,a_4b,141768,3,4,8,3,6,8,2,5,14
gated_alive:a_4b:142767,a_4b,142767,5,2,1,0,1,1,0,0,0
gated_alive:a_4b:143039,a_4b,143039,1,0,6,1,2,2,3,1,6
gated_alive:a_4b:143835,a_4b,143835,5,8,10,0,0,0,0,8,10
gated_alive:a_4b:144155,a_4b,144155,3,8,13,3,9,12,5,10,16
gated_alive:a_4b:145516,a_4b,145516,3,8,10,0,1,1,0,0,8
gated_alive:a_4b:145527,a_4b,145527,0,5,11,0,1,1,4,3,1
gated_alive:a_4b:145679,a_4b,145679,2,8,10,4,7,10,2,4,9
gated_alive:a_4b:146298,a_4b,146298,5,2,1,0,1,1,0,0,0
gated_alive:a_4b:146598,a_4b,146598,2,6,2,0,0,6,2,4,2
gated_alive:a_4b:146962,a_4b,146962,5,8,10,0,0,6,0,7,12
gated_alive:a_4b:146972,a_4b,146972,5,2,1,0,0,6,0,0,0
gated_alive:a_4b:147048,a_4b,147048,3,3,13,3,9,12,5,10,16
gated_alive:a_4b:147192,a_4b,147192,5,8,10,0,1,1,0,0,8
gated_alive:a_4b:147899,a_4b,147899,0,4,8,2,3,3,0,5,7
gated_alive:a_4b:148151,a_4b,148151,1,0,6,1,2,2,3,1,6
gated_alive:a_4b:149516,a_4b,149516,5,8,10,0,0,0,4,8,10
gated_alive:a_4b:149646,a_4b,149646,3,4,8,3,6,8,2,5,14
gated_alive:a_4b:149774,a_4b,149774,1,0,6,1,5,5,3,1,6
gated_alive:a_4b:149899,a_4b,149899,0,4,8,2,3,3,2,5,7
gated_alive:a_4b:150658,a_4b,150658,5,8,3,3,9,12,5,7,11
gated_alive:a_4b:151382,a_4b,151382,5,2,1,0,1,1,0,0,8
gated_alive:a_4b:151998,a_4b,151998,0,4,8,3,6,8,2,5,14
gated_alive:a_4b:152034,a_4b,152034,4,7,9,5,8,11,6,9,13
gated_alive:a_4b:152041,a_4b,152041,5,2,1,0,1,1,0,0,13
gated_alive:a_4b:152377,a_4b,152377,1,0,6,1,2,2,3,1,6
gated_alive:a_4b:153226,a_4b,153226,0,4,8,0,1,1,0,5,7
gated_alive:a_4b:153473,a_4b,153473,1,0,0,1,2,2,3,1,6
gated_alive:a_4b:154050,a_4b,154050,2,6,2,4,7,10,2,4,2
gated_alive:a_4b:154490,a_4b,154490,1,0,0,1,2,2,3,1,6
gated_alive:a_4b:154641,a_4b,154641,5,8,5,3,6,9,2,6,9
gated_alive:a_4b:154967,a_4b,154967,3,3,4,0,0,0,1,2,10
gated_alive:a_4b:155148,a_4b,155148,0,2,8,0,1,1,0,5,7
gated_alive:a_4b:155258,a_4b,155258,0,4,5,3,6,8,2,6,9
gated_alive:a_4b:155339,a_4b,155339,5,2,1,0,1,1,0,0,0
gated_alive:a_4b:155838,a_4b,155838,5,2,1,0,1,1,0,0,8
gated_alive:a_4b:156723,a_4b,156723,5,5,11,0,0,0,4,8,10
gated_alive:a_4b:157141,a_4b,157141,0,4,8,3,6,8,3,5,7
gated_alive:a_4b:159432,a_4b,159432,3,3,4,1,5,5,1,2,5
gated_alive:a_4b:159887,a_4b,159887,1,0,6,1,2,2,3,1,6
gated_alive:a_4b:160438,a_4b,160438,2,8,10,0,0,6,0,0,8
gated_alive:a_4b:160697,a_4b,160697,4,7,9,5,8,11,6,9,13
gated_alive:a_4b:161265,a_4b,161265,1,0,6,1,2,2,3,1,6
gated_alive:a_4b:162749,a_4b,162749,5,2,1,0,1,1,0,0,8
gated_alive:a_4b:163493,a_4b,163493,5,2,1,0,1,1,0,0,0
gated_alive:a_4b:163604,a_4b,163604,1,4,8,2,3,3,3,5,7
gated_alive:a_4b:165425,a_4b,165425,0,5,11,0,0,0,4,8,10
gated_alive:a_4b:165477,a_4b,165477,3,4,8,3,6,8,2,5,14
gated_alive:a_4b:166007,a_4b,166007,5,8,10,3,4,4,0,0,17
gated_alive:a_4b:167278,a_4b,167278,3,3,6,0,0,6,1,2,5
gated_alive:a_4b:167855,a_4b,167855,5,2,1,0,1,1,0,0,0
gated_alive:a_4b:167938,a_4b,167938,3,3,4,1,5,5,1,2,5
gated_alive:a_4b:168055,a_4b,168055,5,8,10,0,1,1,0,0,0
gated_alive:a_4b:168262,a_4b,168262,5,8,10,0,1,1,0,0,8
gated_alive:a_4b:168459,a_4b,168459,5,8,10,3,4,4,0,0,8
gated_alive:a_4b:168665,a_4b,168665,0,5,11,2,3,3,4,3,1
gated_alive:a_4b:169137,a_4b,169137,0,4,8,2,3,3,0,5,7
gated_alive:a_4b:169723,a_4b,169723,5,8,10,0,1,1,4,3,15
gated_alive:a_4b:169762,a_4b,169762,3,3,4,1,5,5,1,2,5
gated_alive:a_4b:170740,a_4b,170740,5,2,1,0,1,1,0,0,8
gated_alive:a_4b:170976,a_4b,170976,5,8,10,0,0,6,0,8,10
gated_alive:a_4b:172151,a_4b,172151,1,4,8,2,3,3,3,5,14
gated_alive:a_4b:172155,a_4b,172155,0,5,11,2,3,3,4,3,1
gated_alive:a_4b:174042,a_4b,174042,2,6,2,4,7,10,2,4,2
gated_alive:a_4b:174450,a_4b,174450,0,5,11,0,0,0,4,3,10
gated_alive:a_4b:175273,a_4b,175273,1,0,0,1,2,2,3,1,4
gated_alive:a_4b:175752,a_4b,175752,3,9,12,1,5,5,1,2,3
gated_alive:a_4b:176480,a_4b,176480,1,0,6,1,2,2,3,1,6
gated_alive:a_4b:176544,a_4b,176544,5,8,5,3,6,9,4,3,1
gated_alive:a_4b:176643,a_4b,176643,4,7,9,5,8,11,6,9,13
gated_alive:a_4b:176797,a_4b,176797,5,8,13,3,9,12,5,10,16
gated_alive:a_4b:177606,a_4b,177606,4,7,9,5,8,11,6,9,13
gated_alive:a_4b:178201,a_4b,178201,5,2,1,0,1,1,0,0,0
gated_alive:a_4b:178518,a_4b,178518,1,0,6,1,2,2,3,1,6
gated_alive:a_4b:178629,a_4b,178629,1,0,6,1,2,2,3,1,6
gated_alive:a_4b:178630,a_4b,178630,1,0,0,1,2,2,3,1,4
gated_alive:a_4b:179538,a_4b,179538,2,6,2,4,7,13,2,4,2
gated_alive:a_4b:179544,a_4b,179544,3,3,5,1,5,5,1,2,5
gated_alive:a_4b:180293,a_4b,180293,3,3,4,1,5,5,1,2,5
gated_alive:a_4b:180506,a_4b,180506,0,5,11,2,3,3,4,3,1
gated_alive:a_4b:181109,a_4b,181109,0,4,8,2,3,3,0,5,7
gated_alive:a_4b:181822,a_4b,181822,4,7,9,5,8,11,6,9,13
gated_alive:a_4b:182045,a_4b,182045,3,4,8,1,5,5,1,1,4
gated_alive:a_4b:182402,a_4b,182402,5,2,1,0,1,1,0,0,0
gated_alive:a_4b:184087,a_4b,184087,3,9,12,3,6,8,1,6,3
gated_alive:a_4b:184227,a_4b,184227,0,5,11,0,1,1,4,3,11
gated_alive:a_4b:184426,a_4b,184426,3,1,7,3,6,8,1,6,3
gated_alive:a_4b:184932,a_4b,184932,1,3,6,1,2,2,3,8,10
gated_alive:a_4b:185487,a_4b,185487,5,8,10,3,4,4,0,0,17
gated_alive:a_4b:185720,a_4b,185720,1,0,6,1,2,2,3,1,6
gated_alive:a_4b:185938,a_4b,185938,5,8,6,0,0,6,0,0,15
gated_alive:a_4b:186125,a_4b,186125,3,3,4,1,5,5,1,2,5
gated_alive:a_4b:186472,a_4b,186472,5,8,10,0,0,0,4,3,10
gated_alive:a_4b:186805,a_4b,186805,1,0,6,0,0,6,3,1,6
gated_alive:a_4b:187855,a_4b,187855,0,2,1,0,1,1,0,5,7
gated_alive:a_4b:189497,a_4b,189497,1,0,6,1,5,5,3,1,6
gated_alive:a_4b:190244,a_4b,190244,3,3,4,1,5,5,1,2,5
gated_alive:a_4b:190300,a_4b,190300,5,8,10,0,0,6,0,0,8
gated_alive:a_4b:190397,a_4b,190397,0,5,11,2,3,3,4,3,1
gated_alive:a_4b:190407,a_4b,190407,1,3,6,0,0,6,3,1,6
gated_alive:a_4b:191805,a_4b,191805,0,5,11,2,3,3,5,3,11
gated_alive:a_4b:191985,a_4b,191985,0,5,11,0,0,0,4,8,10
gated_alive:a_4b:193003,a_4b,193003,5,2,1,0,1,1,0,0,0
gated_alive:a_4b:193560,a_4b,193560,0,2,1,0,0,0,0,8,10
gated_alive:a_4b:194126,a_4b,194126,5,2,1,0,1,1,0,0,8
gated_alive:a_4b:194451,a_4b,194451,1,0,6,1,2,2,3,1,6
gated_alive:a_4b:195004,a_4b,195004,0,5,3,2,3,3,5,3,11
gated_alive:a_4b:195334,a_4b,195334,5,8,10,0,0,6,4,3,15
gated_alive:a_4b:195383,a_4b,195383,1,0,6,1,2,2,3,1,6
gated_alive:a_4b:195594,a_4b,195594,3,9,12,3,6,8,1,6,3
gated_alive:a_4b:196019,a_4b,196019,1,4,0,1,2,2,3,1,4
gated_alive:a_4b:196418,a_4b,196418,3,3,4,0,1,1,0,0,8
gated_alive:a_4b:196799,a_4b,196799,2,6,2,4,7,10,2,4,2
gated_alive:a_4b:201100,a_4b,201100,5,8,10,0,1,1,0,0,8
gated_alive:a_4b:201378,a_4b,201378,1,8,6,0,0,6,3,1,6
gated_alive:a_4b:201612,a_4b,201612,3,9,12,1,5,5,1,2,5
gated_alive:a_4b:202034,a_4b,202034,5,8,10,0,1,1,0,0,8
gated_alive:a_4b:202058,a_4b,202058,5,2,1,0,1,1,0,0,0
gated_alive:a_4b:203005,a_4b,203005,5,8,10,0,0,0,4,8,10
gated_alive:a_4b:203198,a_4b,203198,1,0,6,1,2,2,3,1,6
gated_alive:a_4b:203543,a_4b,203543,5,2,3,2,3,3,5,3,11
gated_alive:a_4b:203800,a_4b,203800,5,2,1,0,0,6,0,0,0
gated_alive:a_4b:204010,a_4b,204010,5,8,10,0,1,1,0,0,8
gated_alive:a_4b:205067,a_4b,205067,5,8,6,0,1,1,0,0,15
gated_alive:a_4b:205187,a_4b,205187,0,2,1,0,0,0,0,8,10
gated_alive:a_4b:205257,a_4b,205257,4,7,9,5,8,11,6,9,13
gated_alive:a_4b:206145,a_4b,206145,0,2,1,0,1,1,0,0,7
gated_alive:a_4b:206760,a_4b,206760,1,0,6,1,2,2,3,1,6
gated_alive:a_4b:207065,a_4b,207065,3,9,5,1,5,5,1,2,9
gated_alive:a_4b:207166,a_4b,207166,5,8,10,0,0,0,4,8,10
gated_alive:a_4b:207171,a_4b,207171,0,2,1,0,1,1,0,0,0
gated_alive:a_4b:207192,a_4b,207192,4,7,9,5,8,11,6,9,13
gated_alive:a_4b:207227,a_4b,207227,1,0,6,0,0,6,3,1,6
gated_alive:a_4b:208931,a_4b,208931,5,8,10,0,0,6,0,0,8
gated_alive:a_4b:209342,a_4b,209342,0,5,11,2,3,3,4,3,1
gated_alive:a_4b:210641,a_4b,210641,2,6,2,4,7,10,2,4,2
gated_alive:a_4b:211367,a_4b,211367,2,1,7,0,0,6,0,0,8
gated_alive:a_4b:211371,a_4b,211371,2,6,13,3,9,12,2,4,2
gated_alive:a_4b:212432,a_4b,212432,5,8,10,0,0,7,0,7,12
gated_alive:a_4b:212448,a_4b,212448,5,2,1,0,1,1,0,0,8
gated_alive:a_4b:212873,a_4b,212873,3,4,8,3,6,8,2,5,14
gated_alive:a_4b:213548,a_4b,213548,2,6,2,4,7,10,2,4,2
gated_alive:a_4b:213883,a_4b,213883,3,9,12,1,5,5,1,2,3
gated_alive:a_4b:214063,a_4b,214063,1,0,6,0,0,6,4,3,15
gated_alive:a_4b:214868,a_4b,214868,5,8,13,0,0,7,5,10,16
gated_alive:a_4b:215341,a_4b,215341,5,2,1,0,1,1,0,5,7
gated_alive:a_4b:215696,a_4b,215696,2,6,2,3,6,8,2,4,2
gated_alive:a_4b:215951,a_4b,215951,5,2,1,0,1,1,0,0,8
gated_alive:a_4b:216011,a_4b,216011,5,8,10,0,0,0,0,8,10
gated_alive:a_4b:216097,a_4b,216097,5,8,10,3,6,8,1,6,3
gated_alive:a_4b:216232,a_4b,216232,5,8,10,0,0,0,0,8,10
gated_alive:a_4b:216938,a_4b,216938,3,3,6,0,0,6,1,2,5
gated_alive:a_4b:218273,a_4b,218273,0,5,11,2,3,3,4,3,1
gated_alive:a_4b:218467,a_4b,218467,1,0,6,1,2,2,3,1,6
gated_alive:a_4b:220025,a_4b,220025,0,5,6,0,0,6,4,3,15
gated_alive:a_4b:221288,a_4b,221288,2,6,2,4,7,10,2,4,2
gated_alive:a_4b:221804,a_4b,221804,2,6,2,4,7,10,2,4,2
gated_alive:a_4b:222119,a_4b,222119,0,5,11,2,3,3,4,3,1
gated_alive:a_4b:222783,a_4b,222783,5,2,3,2,3,3,0,3,11
gated_alive:a_4b:222869,a_4b,222869,0,5,11,2,3,3,4,3,1
gated_alive:a_4b:224019,a_4b,224019,5,8,10,0,1,1,0,0,8
gated_alive:a_4b:224024,a_4b,224024,5,8,10,0,1,1,0,0,9
gated_alive:a_4b:224212,a_4b,224212,1,0,0,1,5,5,3,1,12
gated_alive:a_4b:224357,a_4b,224357,5,8,6,0,0,6,0,0,6
gated_alive:a_4b:225856,a_4b,225856,1,4,8,3,6,8,2,5,14
gated_alive:a_4b:225878,a_4b,225878,3,9,13,3,9,12,5,10,16
gated_alive:a_4b:226296,a_4b,226296,2,6,2,4,7,10,2,4,2
gated_alive:a_4b:226354,a_4b,226354,0,5,11,0,1,1,4,3,1
gated_alive:a_4b:226584,a_4b,226584,1,0,6,1,2,2,3,1,6
gated_alive:a_4b:227230,a_4b,227230,2,8,10,0,0,6,0,0,8
gated_alive:a_4b:227402,a_4b,227402,5,8,10,0,1,1,0,6,8
gated_alive:a_4b:227871,a_4b,227871,3,9,5,3,6,9,2,6,9
gated_alive:a_4b:228374,a_4b,228374,5,8,10,0,1,1,0,0,8
gated_alive:a_4b:230039,a_4b,230039,5,2,1,0,1,1,0,0,8
gated_alive:a_4b:230313,a_4b,230313,1,0,6,1,5,5,3,1,6
gated_alive:a_4b:231475,a_4b,231475,1,0,6,1,2,2,3,1,6
gated_alive:a_4b:231536,a_4b,231536,3,4,5,3,6,9,2,6,9
gated_alive:a_4b:232184,a_4b,232184,5,2,1,0,1,1,0,5,7
gated_alive:a_4b:232829,a_4b,232829,1,0,0,1,2,2,3,1,6
gated_alive:a_4b:234553,a_4b,234553,5,8,10,0,0,6,0,0,8
gated_alive:a_4b:234562,a_4b,234562,2,6,2,4,7,10,2,4,2
gated_alive:a_4b:234913,a_4b,234913,5,2,1,0,1,1,0,8,10
gated_alive:a_4b:235923,a_4b,235923,0,5,11,0,0,0,4,8,10
gated_alive:a_4b:236270,a_4b,236270,0,5,11,2,3,3,4,3,15
gated_alive:a_4b:236304,a_4b,236304,0,5,11,2,3,3,4,3,1
gated_alive:a_4b:236453,a_4b,236453,3,4,8,3,6,8,2,5,14
gated_alive:a_4b:236717,a_4b,236717,1,0,6,1,2,2,3,1,6
gated_alive:a_4b:236900,a_4b,236900,3,3,4,1,5,5,1,2,5
gated_alive:a_4b:236994,a_4b,236994,3,9,12,3,6,8,1,2,3
gated_alive:a_5a:79,a_5a,79,1,0,0,1,2,2,3,1,6
gated_alive:a_5a:309,a_5a,309,5,4,8,3,6,8,2,5,14
gated_alive:a_5a:551,a_5a,551,2,1,7,4,7,13,2,4,2
gated_alive:a_5a:1371,a_5a,1371,1,4,0,1,2,2,3,1,4
gated_alive:a_5a:3189,a_5a,3189,4,7,9,5,8,11,6,9,13
gated_alive:a_5a:3313,a_5a,3313,5,2,1,0,1,1,0,0,0
gated_alive:a_5a:3999,a_5a,3999,2,8,5,0,1,1,4,8,10
gated_alive:a_5a:4780,a_5a,4780,5,8,10,0,0,0,0,8,10
gated_alive:a_5a:5241,a_5a,5241,1,0,0,1,5,5,3,1,12
gated_alive:a_5a:5249,a_5a,5249,4,7,9,5,8,11,6,9,13
gated_alive:a_5a:5921,a_5a,5921,0,5,11,2,3,3,4,3,1
gated_alive:a_5a:6431,a_5a,6431,0,5,11,2,3,3,4,3,1
gated_alive:a_5a:6596,a_5a,6596,1,0,0,1,2,2,3,1,4
gated_alive:a_5a:6757,a_5a,6757,2,6,2,4,7,10,2,4,2
gated_alive:a_5a:6908,a_5a,6908,2,1,7,4,7,13,2,4,2
gated_alive:a_5a:7470,a_5a,7470,0,4,8,2,3,3,2,5,7
gated_alive:a_5a:7485,a_5a,7485,1,0,0,1,2,2,3,1,4
gated_alive:a_5a:7689,a_5a,7689,1,5,6,0,0,6,4,3,15
gated_alive:a_5a:7787,a_5a,7787,5,2,1,0,1,1,0,0,0
gated_alive:a_5a:8144,a_5a,8144,5,8,10,0,1,1,0,0,8
gated_alive:a_5a:8222,a_5a,8222,3,3,4,1,5,5,1,2,5
gated_alive:a_5a:8275,a_5a,8275,0,5,11,2,3,3,4,3,1
gated_alive:a_5a:9376,a_5a,9376,0,5,11,2,3,3,0,3,7
gated_alive:a_5a:9506,a_5a,9506,2,1,7,4,7,13,2,4,2
gated_alive:a_5a:9870,a_5a,9870,5,2,1,0,0,0,0,8,10
gated_alive:a_5a:10109,a_5a,10109,5,2,1,0,1,1,0,0,0
gated_alive:a_5a:11461,a_5a,11461,0,4,8,3,6,8,2,5,14
gated_alive:a_5a:13098,a_5a,13098,3,3,5,3,6,9,2,6,9
gated_alive:a_5a:13507,a_5a,13507,3,9,8,3,6,9,2,5,14
gated_alive:a_5a:13926,a_5a,13926,3,4,8,3,6,8,2,5,14
gated_alive:a_5a:14265,a_5a,14265,0,5,13,3,9,12,5,10,16
gated_alive:a_5a:14303,a_5a,14303,1,4,8,3,6,8,2,5,14
gated_alive:a_5a:14545,a_5a,14545,0,5,11,0,0,6,4,3,15
gated_alive:a_5a:14649,a_5a,14649,5,2,1,0,1,1,0,0,0
gated_alive:a_5a:15629,a_5a,15629,1,0,0,1,2,2,3,1,4
gated_alive:a_5a:16055,a_5a,16055,2,6,2,3,6,8,2,5,14
gated_alive:a_5a:16673,a_5a,16673,2,1,7,1,5,5,2,4,2
gated_alive:a_5a:17293,a_5a,17293,2,1,7,4,7,13,2,4,2
gated_alive:a_5a:17330,a_5a,17330,1,0,0,1,2,2,3,1,4
gated_alive:a_5a:17384,a_5a,17384,3,3,4,1,5,5,1,2,5
gated_alive:a_5a:18331,a_5a,18331,3,8,5,3,6,9,2,6,9
gated_alive:a_5a:18954,a_5a,18954,1,3,4,1,2,2,3,1,4
gated_alive:a_5a:19337,a_5a,19337,0,5,11,2,3,3,4,3,1
gated_alive:a_5a:19381,a_5a,19381,3,9,12,0,1,1,1,6,3
gated_alive:a_5a:19467,a_5a,19467,2,9,13,3,9,12,5,10,16
gated_alive:a_5a:19680,a_5a,19680,2,1,7,4,7,13,2,4,2
gated_alive:a_5a:20190,a_5a,20190,2,6,2,4,7,10,2,4,2
gated_alive:a_5a:21292,a_5a,21292,1,0,6,1,2,2,3,1,6
gated_alive:a_5a:21974,a_5a,21974,0,5,11,2,3,3,5,3,11
gated_alive:a_5a:22369,a_5a,22369,3,9,12,3,6,8,1,6,3
gated_alive:a_5a:22581,a_5a,22581,5,8,10,0,0,7,0,7,12
gated_alive:a_5a:23385,a_5a,23385,0,5,11,0,0,0,4,3,1
gated_alive:a_5a:23611,a_5a,23611,3,3,4,1,5,5,1,2,5
gated_alive:a_5a:24465,a_5a,24465,1,0,0,1,2,2,3,1,4
gated_alive:a_5a:24658,a_5a,24658,5,2,1,0,1,1,0,0,0
gated_alive:a_5a:25185,a_5a,25185,0,4,8,3,6,8,2,5,14
gated_alive:a_5a:26039,a_5a,26039,1,0,6,1,2,2,3,1,6
gated_alive:a_5a:26330,a_5a,26330,0,5,11,0,1,1,0,0,0
gated_alive:a_5a:26904,a_5a,26904,0,5,11,0,0,6,4,3,15
gated_alive:a_5a:27901,a_5a,27901,2,6,13,3,9,12,2,4,2
gated_alive:a_5a:28023,a_5a,28023,5,2,3,2,3,3,0,0,0
gated_alive:a_5a:28285,a_5a,28285,5,2,1,0,1,1,0,0,0
gated_alive:a_5a:28408,a_5a,28408,5,8,10,0,0,7,0,7,12
gated_alive:a_5a:29212,a_5a,29212,0,5,11,2,3,3,4,3,1
gated_alive:a_5a:29358,a_5a,29358,2,1,5,4,7,13,2,4,2
gated_alive:a_5a:29500,a_5a,29500,1,0,6,0,0,6,4,3,15
gated_alive:a_5a:29705,a_5a,29705,3,4,8,2,3,3,1,2,3
gated_alive:a_5a:29757,a_5a,29757,1,0,0,1,2,2,3,1,4
gated_alive:a_5a:30291,a_5a,30291,3,3,4,1,5,5,1,2,5
gated_alive:a_5a:30332,a_5a,30332,4,7,9,5,8,11,6,9,13
gated_alive:a_5a:30347,a_5a,30347,0,4,8,3,6,8,2,5,14
gated_alive:a_5a:30616,a_5a,30616,3,3,5,3,6,9,2,6,9
gated_alive:a_5a:30873,a_5a,30873,2,9,5,3,6,8,2,6,9
gated_alive:a_5a:31684,a_5a,31684,3,3,4,1,5,5,1,2,5
gated_alive:a_5a:31859,a_5a,31859,5,6,10,0,1,1,2,5,14
gated_alive:a_5a:31995,a_5a,31995,0,5,11,2,3,3,4,3,1
gated_alive:a_5a:32898,a_5a,32898,2,6,2,4,7,10,2,4,2
gated_alive:a_5a:35084,a_5a,35084,2,1,7,4,7,13,2,4,2
gated_alive:a_5a:35220,a_5a,35220,0,5,11,2,3,3,4,3,1
gated_alive:a_5a:36055,a_5a,36055,5,2,3,2,3,3,0,7,11
gated_alive:a_5a:37751,a_5a,37751,5,8,10,0,0,0,0,8,10
gated_alive:a_5a:38646,a_5a,38646,0,5,11,2,3,3,4,3,1
gated_alive:a_5a:38761,a_5a,38761,3,9,12,3,6,8,1,6,3
gated_alive:a_5a:39359,a_5a,39359,1,4,0,1,5,5,3,1,4
gated_alive:a_5a:40065,a_5a,40065,4,7,9,5,8,11,6,9,13
gated_alive:a_5a:40136,a_5a,40136,3,9,12,3,6,8,1,6,3
gated_alive:a_5a:40466,a_5a,40466,2,6,2,4,7,10,2,4,2
gated_alive:a_5a:41095,a_5a,41095,0,5,11,0,0,0,4,8,10
gated_alive:a_5a:41708,a_5a,41708,3,3,5,3,6,9,2,6,9
gated_alive:a_5a:41942,a_5a,41942,0,5,11,2,3,3,4,3,1
gated_alive:a_5a:42311,a_5a,42311,0,4,8,2,3,3,4,3,1
gated_alive:a_5a:43212,a_5a,43212,2,6,5,3,6,9,2,6,9
gated_alive:a_5a:44325,a_5a,44325,3,4,8,3,6,8,2,5,14
gated_alive:a_5a:45716,a_5a,45716,0,5,11,2,3,3,4,3,1
gated_alive:a_5a:46851,a_5a,46851,5,8,10,0,1,1,0,0,8
gated_alive:a_5a:47469,a_5a,47469,2,1,5,1,5,5,2,4,9
gated_alive:a_5a:48346,a_5a,48346,5,8,10,0,0,7,0,0,8
gated_alive:a_5a:48750,a_5a,48750,1,0,6,1,2,2,3,1,6
gated_alive:a_5a:48858,a_5a,48858,1,0,6,1,2,2,3,1,6
gated_alive:a_5a:49274,a_5a,49274,4,7,9,5,8,11,6,9,13
gated_alive:a_5a:49463,a_5a,49463,3,9,5,3,6,9,2,6,9
gated_alive:a_5a:49966,a_5a,49966,0,2,1,0,1,1,0,5,7
gated_alive:a_5a:50007,a_5a,50007,1,0,6,1,2,2,3,1,6
gated_alive:a_5a:50301,a_5a,50301,0,5,11,0,0,0,4,3,1
gated_alive:a_5a:50624,a_5a,50624,5,2,1,0,1,1,0,0,0
gated_alive:a_5a:51136,a_5a,51136,2,6,5,4,7,10,2,6,9
gated_alive:a_5a:51147,a_5a,51147,0,5,11,2,3,3,4,3,1
gated_alive:a_5a:52445,a_5a,52445,5,2,1,0,1,1,0,0,0
gated_alive:a_5a:52479,a_5a,52479,5,2,1,0,1,1,0,0,0
gated_alive:a_5a:53332,a_5a,53332,3,3,4,1,5,5,1,2,5
gated_alive:a_5a:53494,a_5a,53494,5,2,3,2,3,3,4,3,1
gated_alive:a_5a:53872,a_5a,53872,5,8,10,0,1,1,0,0,0
gated_alive:a_5a:54277,a_5a,54277,4,7,9,5,8,11,6,9,13
gated_alive:a_5a:55050,a_5a,55050,3,5,11,0,0,6,4,3,15
gated_alive:a_5a:57370,a_5a,57370,3,9,12,3,6,8,1,2,3
gated_alive:a_5a:58231,a_5a,58231,3,3,4,1,5,5,1,2,5
gated_alive:a_5a:59481,a_5a,59481,3,9,12,1,5,5,1,6,3
gated_alive:a_5a:59940,a_5a,59940,3,9,12,4,7,10,1,6,3
gated_alive:a_5a:61579,a_5a,61579,2,6,2,4,7,10,2,4,2
gated_alive:a_5a:63061,a_5a,63061,3,9,12,3,6,8,1,6,3
gated_alive:a_5a:63138,a_5a,63138,5,2,1,0,1,1,0,0,8
gated_alive:a_5a:63799,a_5a,63799,1,0,6,1,5,5,3,1,6
gated_alive:a_5a:64291,a_5a,64291,3,3,4,1,5,5,1,2,5
gated_alive:a_5a:64639,a_5a,64639,0,5,11,2,3,3,4,3,1
gated_alive:a_5a:64982,a_5a,64982,1,0,0,1,2,2,3,1,6
gated_alive:a_5a:66163,a_5a,66163,0,5,11,0,0,7,4,7,12
gated_alive:a_5a:66848,a_5a,66848,1,0,6,1,2,2,3,1,6
gated_alive:a_5a:68208,a_5a,68208,3,4,4,1,2,2,1,2,5
gated_alive:a_5a:68880,a_5a,68880,5,8,5,3,6,9,2,6,9
gated_alive:a_5a:68975,a_5a,68975,3,3,4,1,5,5,1,2,5
gated_alive:a_5a:69521,a_5a,69521,0,4,8,2,3,3,2,5,14
gated_alive:a_5a:70930,a_5a,70930,1,0,0,1,2,2,3,1,4
gated_alive:a_5a:70998,a_5a,70998,2,1,7,3,6,8,2,4,2
gated_alive:a_5a:71224,a_5a,71224,5,2,1,0,1,1,0,0,8
gated_alive:a_5a:71458,a_5a,71458,0,5,11,0,0,0,4,8,10
gated_alive:a_5a:71461,a_5a,71461,1,0,6,1,2,2,3,1,6
gated_alive:a_5a:72073,a_5a,72073,5,2,1,0,1,1,0,0,0
gated_alive:a_5a:72562,a_5a,72562,2,1,7,4,7,13,2,4,2
gated_alive:a_5a:72693,a_5a,72693,2,6,2,4,7,10,2,4,2
gated_alive:a_5a:73569,a_5a,73569,3,3,4,1,5,5,1,2,5
gated_alive:a_5a:73827,a_5a,73827,1,4,8,3,6,8,2,5,14
gated_alive:a_5a:74712,a_5a,74712,5,2,1,0,1,1,0,0,8
gated_alive:a_5a:74795,a_5a,74795,0,5,11,0,0,0,4,3,1
gated_alive:a_5a:75369,a_5a,75369,4,7,9,5,8,11,6,9,13
gated_alive:a_5a:75444,a_5a,75444,3,9,12,3,6,8,1,6,3
gated_alive:a_5a:75451,a_5a,75451,1,0,6,1,2,2,3,1,6
gated_alive:a_5a:75556,a_5a,75556,0,5,11,2,3,3,4,5,7
gated_alive:a_5a:75649,a_5a,75649,5,8,10,0,1,1,0,0,0
gated_alive:a_5a:76836,a_5a,76836,0,5,11,2,3,3,4,3,1
gated_alive:a_5a:76924,a_5a,76924,0,4,8,2,3,3,0,5,7
gated_alive:a_5a:76949,a_5a,76949,0,5,11,2,3,3,5,3,11
gated_alive:a_5a:77046,a_5a,77046,3,9,12,3,6,8,1,6,3
gated_alive:a_5a:77109,a_5a,77109,1,4,8,3,6,8,2,5,14
gated_alive:a_5a:79704,a_5a,79704,5,2,1,0,1,1,0,0,8
gated_alive:a_5a:80001,a_5a,80001,0,5,11,2,3,3,5,3,11
gated_alive:a_5a:80192,a_5a,80192,1,0,0,3,4,4,3,1,17
gated_alive:a_5a:81103,a_5a,81103,5,8,10,0,0,7,0,7,12
gated_alive:a_5a:81336,a_5a,81336,2,6,5,3,6,9,2,6,9
gated_alive:a_5a:81893,a_5a,81893,1,0,6,1,2,2,3,8,10
gated_alive:a_5a:82434,a_5a,82434,3,3,5,1,5,5,1,6,9
gated_alive:a_5a:82527,a_5a,82527,2,4,8,3,6,8,2,5,14
gated_alive:a_5a:82589,a_5a,82589,3,9,12,3,6,8,1,6,3
gated_alive:a_5a:83488,a_5a,83488,2,6,5,3,6,9,2,6,9
gated_alive:a_5a:83601,a_5a,83601,4,9,12,5,8,11,6,9,13
gated_alive:a_5a:83669,a_5a,83669,3,3,4,1,5,5,1,2,5
gated_alive:a_5a:84173,a_5a,84173,2,1,7,3,9,12,2,4,2
gated_alive:a_5a:84343,a_5a,84343,5,2,1,0,1,1,0,0,0
gated_alive:a_5a:84760,a_5a,84760,3,4,4,1,5,5,1,2,12
gated_alive:a_5a:85303,a_5a,85303,1,0,6,3,4,4,3,1,17
gated_alive:a_5a:85455,a_5a,85455,0,4,8,2,3,3,0,5,7
gated_alive:a_5a:85500,a_5a,85500,2,9,5,3,6,9,2,6,9
gated_alive:a_5a:86144,a_5a,86144,3,4,4,3,4,4,1,1,17
gated_alive:a_5a:86979,a_5a,86979,3,9,12,3,6,8,1,6,3
gated_alive:a_5a:88337,a_5a,88337,0,2,8,3,6,8,2,5,14
gated_alive:a_5a:88396,a_5a,88396,1,0,6,1,2,2,3,8,10
gated_alive:a_5a:88434,a_5a,88434,5,8,10,0,1,1,0,0,9
gated_alive:a_5a:88461,a_5a,88461,2,6,5,3,6,9,2,6,9
gated_alive:a_5a:88722,a_5a,88722,1,0,0,1,2,2,3,1,4
gated_alive:a_5a:88755,a_5a,88755,3,9,12,1,5,5,1,6,3
gated_alive:a_5a:89214,a_5a,89214,5,8,10,0,0,6,0,0,8
gated_alive:a_5a:89339,a_5a,89339,3,3,4,1,5,5,1,2,5
gated_alive:a_5a:89661,a_5a,89661,5,8,10,0,0,6,0,0,8
gated_alive:a_5a:89790,a_5a,89790,0,5,11,0,0,0,4,8,10
gated_alive:a_5a:89994,a_5a,89994,0,2,1,0,1,1,0,0,8
gated_alive:a_5a:90115,a_5a,90115,0,5,11,2,3,3,4,5,7
gated_alive:a_5a:90434,a_5a,90434,4,7,9,5,8,11,6,9,13
gated_alive:a_5a:91530,a_5a,91530,3,3,4,1,5,5,1,2,5
gated_alive:a_5a:91578,a_5a,91578,5,5,3,2,3,3,5,3,11
gated_alive:a_5a:92036,a_5a,92036,2,1,7,4,7,13,2,4,2
gated_alive:a_5a:92931,a_5a,92931,2,6,5,0,0,0,2,4,2
gated_alive:a_5a:93169,a_5a,93169,3,3,4,1,5,5,1,2,5
gated_alive:a_5a:93650,a_5a,93650,0,8,5,3,6,9,4,6,9
gated_alive:a_5a:94511,a_5a,94511,2,1,7,4,7,13,2,4,2
gated_alive:a_5a:94839,a_5a,94839,3,9,12,3,6,8,1,6,3
gated_alive:a_5a:95463,a_5a,95463,3,3,4,1,5,5,1,2,5
gated_alive:a_5a:95558,a_5a,95558,5,2,1,0,1,1,0,8,10
gated_alive:a_5a:96439,a_5a,96439,3,9,12,3,6,8,1,6,3
gated_alive:a_5a:97265,a_5a,97265,2,6,5,4,7,10,2,5,9
gated_alive:a_5a:97437,a_5a,97437,5,8,10,3,9,12,0,0,8
gated_alive:a_5a:99985,a_5a,99985,2,8,10,3,4,4,0,6,9
gated_alive:a_5a:100086,a_5a,100086,2,1,7,4,7,10,2,5,14
gated_alive:a_5a:100125,a_5a,100125,5,8,10,0,1,1,0,0,8
gated_alive:a_5a:100129,a_5a,100129,2,6,5,3,6,9,2,4,2
gated_alive:a_5a:100321,a_5a,100321,5,8,10,0,1,1,0,0,0
gated_alive:a_5a:100456,a_5a,100456,1,0,6,1,2,2,3,1,6
gated_alive:a_5a:101306,a_5a,101306,0,5,11,2,3,3,4,3,1
gated_alive:a_5a:101447,a_5a,101447,3,3,4,1,5,5,1,2,5
gated_alive:a_5a:102263,a_5a,102263,2,6,5,3,6,9,2,6,9
gated_alive:a_5a:103441,a_5a,103441,3,9,12,3,6,8,1,6,3
gated_alive:a_5a:104006,a_5a,104006,4,7,9,5,8,11,6,9,13
gated_alive:a_5a:104092,a_5a,104092,1,0,0,1,2,2,3,1,6
gated_alive:a_5a:106621,a_5a,106621,4,7,9,5,8,11,6,9,13
gated_alive:a_5a:106964,a_5a,106964,0,5,11,0,0,0,4,3,1
gated_alive:a_5a:107402,a_5a,107402,5,8,10,0,1,1,0,0,8
gated_alive:a_5a:107452,a_5a,107452,5,8,10,3,4,4,2,5,14
gated_alive:a_5a:107744,a_5a,107744,3,3,4,1,5,5,1,2,5
gated_alive:a_5a:108516,a_5a,108516,3,5,11,3,6,8,4,3,1
gated_alive:a_5a:108627,a_5a,108627,0,2,1,0,1,1,0,0,0
gated_alive:a_5a:109439,a_5a,109439,5,8,5,3,6,9,2,6,9
gated_alive:a_5a:109462,a_5a,109462,2,6,2,4,7,10,2,4,2
gated_alive:a_5a:109766,a_5a,109766,1,4,0,1,5,5,3,1,4
gated_alive:a_5a:109876,a_5a,109876,5,2,1,0,0,6,0,0,0
gated_alive:a_5a:110481,a_5a,110481,3,3,6,1,5,5,1,2,5
gated_alive:a_5a:110551,a_5a,110551,0,4,8,3,6,8,2,5,7
gated_alive:a_5a:110930,a_5a,110930,4,7,9,5,8,11,6,9,13
gated_alive:a_5a:110971,a_5a,110971,0,5,11,0,1,1,4,3,1
gated_alive:a_5a:111014,a_5a,111014,1,0,0,1,2,2,3,1,4
gated_alive:a_5a:111015,a_5a,111015,3,9,5,3,6,9,2,6,9
gated_alive:a_5a:112776,a_5a,112776,5,8,10,0,0,0,0,0,10
gated_alive:a_5a:112907,a_5a,112907,1,3,6,0,0,6,3,1,15
gated_alive:a_5a:113439,a_5a,113439,5,2,1,0,1,1,0,0,0
gated_alive:a_5a:113734,a_5a,113734,2,6,2,4,7,10,2,4,2
gated_alive:a_5a:114839,a_5a,114839,1,0,0,1,2,2,3,1,6
gated_alive:a_5a:114962,a_5a,114962,3,3,4,1,5,5,1,2,5
gated_alive:a_5a:116591,a_5a,116591,1,0,6,1,5,5,3,1,6
gated_alive:a_5a:116829,a_5a,116829,5,2,1,0,1,1,0,0,0
gated_alive:a_5a:117563,a_5a,117563,0,5,11,0,0,6,4,3,15
gated_alive:a_5a:118717,a_5a,118717,1,0,6,1,5,5,3,1,6
gated_alive:a_5a:119274,a_5a,119274,5,2,10,0,0,0,0,0,8
gated_alive:a_5a:119632,a_5a,119632,0,2,1,2,3,3,0,5,7
gated_alive:a_5a:119925,a_5a,119925,0,5,11,2,3,3,4,3,1
gated_alive:a_5a:120290,a_5a,120290,3,8,6,3,6,8,1,2,5
gated_alive:a_5a:122353,a_5a,122353,0,5,11,0,1,1,0,0,0
gated_alive:a_5a:122900,a_5a,122900,3,3,4,1,5,5,1,2,5
gated_alive:a_5a:123012,a_5a,123012,3,4,8,3,6,8,2,5,14
gated_alive:a_5a:123688,a_5a,123688,2,1,7,4,7,13,2,4,2
gated_alive:a_5a:125618,a_5a,125618,1,0,6,1,2,2,3,1,6
gated_alive:a_5a:126186,a_5a,126186,3,4,8,2,3,3,1,2,3
gated_alive:a_5a:127054,a_5a,127054,3,3,4,1,5,5,1,2,5
gated_alive:a_5a:127521,a_5a,127521,2,1,7,0,0,6,2,4,2
gated_alive:a_5a:127537,a_5a,127537,1,0,0,1,2,2,3,1,4
gated_alive:a_5a:127616,a_5a,127616,1,0,4,1,2,2,3,1,4
gated_alive:a_5a:128068,a_5a,128068,5,8,10,0,1,1,0,0,8
gated_alive:a_5a:129042,a_5a,129042,3,3,4,3,6,8,1,2,3
gated_alive:a_5a:129200,a_5a,129200,3,9,12,3,4,4,1,6,3
gated_alive:a_5a:129301,a_5a,129301,3,3,4,1,5,5,1,2,5
gated_alive:a_5a:129944,a_5a,129944,5,2,1,0,1,1,0,0,0
gated_alive:a_5a:130065,a_5a,130065,1,4,0,1,5,5,1,2,3
gated_alive:a_5a:130901,a_5a,130901,5,2,1,0,1,1,0,0,8
gated_alive:a_5a:131062,a_5a,131062,0,4,8,2,3,3,1,2,5
gated_alive:a_5a:132220,a_5a,132220,0,5,11,2,3,3,4,3,1
gated_alive:a_5a:132283,a_5a,132283,3,9,12,3,6,8,1,6,3
gated_alive:a_5a:133374,a_5a,133374,1,0,6,1,2,2,3,1,6
gated_alive:a_5a:133479,a_5a,133479,4,7,9,5,8,11,6,9,13
gated_alive:a_5a:133984,a_5a,133984,0,5,11,2,3,3,4,3,1
gated_alive:a_5a:134088,a_5a,134088,5,8,10,0,0,6,0,0,8
gated_alive:a_5a:134110,a_5a,134110,1,3,6,1,2,2,3,1,17
gated_alive:a_5a:134228,a_5a,134228,1,0,6,1,2,2,3,1,6
gated_alive:a_5a:134966,a_5a,134966,5,8,10,0,1,1,0,0,13
gated_alive:a_5a:135796,a_5a,135796,5,8,10,0,0,6,0,0,8
gated_alive:a_5a:136543,a_5a,136543,3,9,12,3,9,12,1,6,3
gated_alive:a_5a:136596,a_5a,136596,3,4,4,1,5,5,1,2,3
gated_alive:a_5a:137467,a_5a,137467,0,5,11,2,3,3,4,3,1
gated_alive:a_5a:137652,a_5a,137652,0,5,11,0,1,1,4,3,1
gated_alive:a_5a:137970,a_5a,137970,0,5,11,2,3,3,4,3,1
gated_alive:a_5a:138942,a_5a,138942,3,9,12,3,6,8,1,2,3
gated_alive:a_5a:139050,a_5a,139050,5,2,1,0,1,1,0,0,8
gated_alive:a_5a:139287,a_5a,139287,5,2,3,0,0,7,0,7,12
gated_alive:a_5a:140111,a_5a,140111,5,2,1,0,1,1,0,0,0
gated_alive:a_5a:141271,a_5a,141271,1,0,6,1,2,2,3,1,6
gated_alive:a_5a:141332,a_5a,141332,3,9,5,3,6,9,2,6,9
gated_alive:a_5a:141997,a_5a,141997,0,5,11,0,0,0,4,8,10
gated_alive:a_5a:142699,a_5a,142699,5,2,1,0,1,1,0,0,8
gated_alive:a_5a:143202,a_5a,143202,5,8,10,0,1,1,0,0,8
gated_alive:a_5a:143688,a_5a,143688,1,0,6,3,4,4,3,1,17
gated_alive:a_5a:143825,a_5a,143825,1,0,0,1,2,2,3,1,4
gated_alive:a_5a:144516,a_5a,144516,0,4,8,3,6,8,2,5,14
gated_alive:a_5a:144525,a_5a,144525,1,4,0,2,3,3,3,1,4
gated_alive:a_5a:145251,a_5a,145251,3,4,8,1,2,2,2,4,2
gated_alive:a_5a:145494,a_5a,145494,5,8,10,0,1,1,0,0,0
gated_alive:a_5a:145692,a_5a,145692,3,9,12,3,6,8,1,6,3
gated_alive:a_5a:145693,a_5a,145693,1,0,6,1,2,2,3,1,6
gated_alive:a_5a:145813,a_5a,145813,0,5,11,0,0,0,4,3,10
gated_alive:a_5a:146082,a_5a,146082,2,1,7,4,7,13,2,4,2
gated_alive:a_5a:146238,a_5a,146238,2,6,2,0,0,6,2,4,2
gated_alive:a_5a:146367,a_5a,146367,0,5,11,2,3,3,4,3,11
gated_alive:a_5a:147177,a_5a,147177,1,0,6,1,2,2,3,1,6
gated_alive:a_5a:147764,a_5a,147764,3,9,12,1,5,5,1,2,3
gated_alive:a_5a:147871,a_5a,147871,1,0,0,1,2,2,3,1,6
gated_alive:a_5a:148098,a_5a,148098,5,2,1,0,1,1,0,0,0
gated_alive:a_5a:148464,a_5a,148464,0,5,11,2,3,3,4,3,1
gated_alive:a_5a:148771,a_5a,148771,2,8,10,0,0,0,4,8,10
gated_alive:a_5a:149095,a_5a,149095,1,4,8,3,6,8,2,5,14
gated_alive:a_5a:149375,a_5a,149375,0,2,1,0,1,1,0,0,0
gated_alive:a_5a:150005,a_5a,150005,5,2,1,0,1,1,0,0,0
gated_alive:a_5a:150083,a_5a,150083,5,2,1,0,1,1,0,0,0
gated_alive:a_5a:150086,a_5a,150086,0,5,11,2,3,3,5,3,11
gated_alive:a_5a:150813,a_5a,150813,3,9,12,3,6,8,1,6,3
gated_alive:a_5a:150889,a_5a,150889,5,8,10,3,4,4,0,0,0
gated_alive:a_5a:150897,a_5a,150897,5,8,10,0,1,1,0,0,8
gated_alive:a_5a:152231,a_5a,152231,0,5,11,2,3,3,4,3,1
gated_alive:a_5a:153528,a_5a,153528,0,5,11,2,3,3,4,3,1
gated_alive:a_5a:155260,a_5a,155260,0,5,11,0,0,6,4,3,1
gated_alive:a_5a:155536,a_5a,155536,1,0,6,1,2,2,3,1,6
gated_alive:a_5a:155989,a_5a,155989,1,0,0,1,2,2,3,1,6
gated_alive:a_5a:156157,a_5a,156157,1,4,8,1,5,5,3,5,4
gated_alive:a_5a:156362,a_5a,156362,0,5,11,0,0,6,4,3,15
gated_alive:a_5a:156710,a_5a,156710,2,1,7,1,5,5,2,4,2
gated_alive:a_5a:157230,a_5a,157230,1,0,6,1,5,5,3,1,6
gated_alive:a_5a:159009,a_5a,159009,0,5,11,0,0,7,4,7,12
gated_alive:a_5a:160151,a_5a,160151,1,0,0,1,2,2,3,1,6
gated_alive:a_5a:160866,a_5a,160866,0,5,11,2,3,3,4,3,1
gated_alive:a_5a:161010,a_5a,161010,3,4,8,1,2,2,1,2,3
gated_alive:a_5a:161047,a_5a,161047,0,4,8,2,3,3,2,5,14
gated_alive:a_5a:161624,a_5a,161624,0,5,11,2,3,3,4,3,1
gated_alive:a_5a:161783,a_5a,161783,0,4,8,1,5,5,2,6,9
gated_alive:a_5a:163033,a_5a,163033,1,4,0,1,5,5,1,2,4
gated_alive:a_5a:163091,a_5a,163091,2,1,7,3,6,8,2,4,2
gated_alive:a_5a:163663,a_5a,163663,0,5,11,2,3,3,4,3,1
gated_alive:a_5a:163971,a_5a,163971,5,2,1,0,0,7,0,7,12
gated_alive:a_5a:164128,a_5a,164128,3,3,4,1,5,5,1,2,5
gated_alive:a_5a:164202,a_5a,164202,0,2,8,0,1,1,0,5,7
gated_alive:a_5a:164974,a_5a,164974,3,4,4,1,5,5,1,2,3
gated_alive:a_5a:165295,a_5a,165295,2,8,10,0,0,0,0,6,9
gated_alive:a_5a:165340,a_5a,165340,0,4,8,2,3,3,2,5,14
gated_alive:a_5a:165675,a_5a,165675,3,3,4,1,5,5,1,2,5
gated_alive:a_5a:167076,a_5a,167076,3,3,4,1,5,5,1,2,5
gated_alive:a_5a:168905,a_5a,168905,1,0,0,1,2,2,3,1,4
gated_alive:a_5a:169320,a_5a,169320,1,0,0,1,2,2,3,1,4
gated_alive:a_5a:169839,a_5a,169839,1,0,0,1,5,5,3,1,4
gated_alive:a_5a:170304,a_5a,170304,3,9,5,3,6,9,2,6,9
gated_alive:a_5a:170860,a_5a,170860,5,2,1,0,1,1,0,0,0
gated_alive:a_5a:170972,a_5a,170972,2,1,7,3,4,4,2,4,2
gated_alive:a_5a:172501,a_5a,172501,3,3,4,1,5,5,1,2,5
gated_alive:a_5a:172825,a_5a,172825,1,4,5,3,6,8,2,6,9
gated_alive:a_5a:172830,a_5a,172830,3,9,5,3,6,8,1,2,3
gated_alive:a_5a:175465,a_5a,175465,4,7,9,5,8,11,6,9,13
gated_alive:a_5a:180177,a_5a,180177,1,0,0,1,2,2,3,1,6
gated_alive:a_5a:180755,a_5a,180755,1,0,0,1,2,2,3,1,4
gated_alive:a_5a:181864,a_5a,181864,1,0,6,1,5,5,3,1,6
gated_alive:a_5a:183815,a_5a,183815,5,2,1,0,1,1,0,0,0
gated_alive:a_5a:184018,a_5a,184018,0,2,1,0,1,1,0,0,7
gated_alive:a_5a:184284,a_5a,184284,3,3,4,1,5,5,1,2,5
gated_alive:a_5a:185068,a_5a,185068,3,9,12,3,6,8,1,6,3
gated_alive:a_5a:185338,a_5a,185338,2,9,5,3,6,8,2,6,9
gated_alive:a_5a:186678,a_5a,186678,3,4,8,3,6,8,2,5,14
gated_alive:a_5a:187096,a_5a,187096,2,6,2,4,7,10,2,4,9
gated_alive:a_5a:187403,a_5a,187403,5,8,10,0,0,0,0,8,10
gated_alive:a_5a:187532,a_5a,187532,2,6,2,4,7,10,2,4,2
gated_alive:a_5a:188349,a_5a,188349,0,5,11,2,3,3,4,3,1
gated_alive:a_5a:189278,a_5a,189278,2,1,7,4,7,13,2,4,2
gated_alive:a_5a:189964,a_5a,189964,0,5,11,2,3,3,4,3,1
gated_alive:a_5a:190551,a_5a,190551,0,5,11,2,3,3,4,3,1
gated_alive:a_5a:191016,a_5a,191016,5,2,1,3,6,8,2,5,14
gated_alive:a_5a:191144,a_5a,191144,1,3,6,1,2,2,3,2,5
gated_alive:a_5a:191633,a_5a,191633,2,1,7,0,0,6,2,4,9
gated_alive:a_5a:191759,a_5a,191759,0,2,1,0,1,1,5,7,11
gated_alive:a_5a:194070,a_5a,194070,5,2,1,0,1,1,0,0,8
gated_alive:a_5a:194768,a_5a,194768,0,5,11,2,3,3,4,3,1
gated_alive:a_5a:195082,a_5a,195082,3,4,8,1,5,5,1,2,5
gated_alive:a_5a:195188,a_5a,195188,5,2,1,0,1,1,0,0,8
gated_alive:a_5a:196746,a_5a,196746,3,3,4,1,5,5,3,1,6
gated_alive:a_5a:198211,a_5a,198211,5,2,1,0,1,1,0,0,0
gated_alive:a_5a:198400,a_5a,198400,1,0,6,1,2,2,3,1,6
gated_alive:a_5a:199686,a_5a,199686,1,0,6,1,2,2,3,1,6
gated_alive:a_5a:199854,a_5a,199854,1,3,6,1,2,2,1,2,5
gated_alive:a_5a:199961,a_5a,199961,5,2,1,0,1,1,0,0,0
gated_alive:a_5a:200127,a_5a,200127,0,5,11,2,3,3,4,3,1
gated_alive:a_5a:200545,a_5a,200545,3,3,4,0,1,1,4,2,5
gated_alive:a_5a:200652,a_5a,200652,3,3,4,3,4,4,3,1,17
gated_alive:a_5a:201108,a_5a,201108,0,5,11,1,5,5,4,3,1
gated_alive:a_5a:201791,a_5a,201791,5,8,10,3,6,9,0,0,9
gated_alive:a_5a:202268,a_5a,202268,0,5,11,2,3,3,4,3,1
gated_alive:a_5a:202376,a_5a,202376,1,0,0,1,2,2,3,1,6
gated_alive:a_5a:202551,a_5a,202551,3,4,4,1,5,5,1,2,3
gated_alive:a_5a:202788,a_5a,202788,2,1,7,1,5,5,2,4,2
gated_alive:a_5a:202880,a_5a,202880,0,5,11,2,3,3,5,3,11
gated_alive:a_5a:203346,a_5a,203346,1,0,6,1,2,2,3,1,6
gated_alive:a_5a:203587,a_5a,203587,0,5,11,2,3,3,4,3,1
gated_alive:a_5a:203806,a_5a,203806,0,4,8,2,3,3,0,5,7
gated_alive:a_5a:203835,a_5a,203835,1,0,0,1,2,2,3,1,6
gated_alive:a_5a:205255,a_5a,205255,3,4,8,3,6,8,1,6,3
gated_alive:a_5a:205619,a_5a,205619,5,2,1,0,1,1,0,0,0
gated_alive:a_5a:206215,a_5a,206215,0,5,11,2,3,3,4,3,1
gated_alive:a_5a:206740,a_5a,206740,3,3,4,1,5,5,1,2,3
gated_alive:a_5a:206855,a_5a,206855,2,8,5,0,0,6,2,6,9
gated_alive:a_5a:207147,a_5a,207147,3,3,4,3,6,8,1,2,5
gated_alive:a_5a:207565,a_5a,207565,3,4,5,3,6,9,2,6,9
gated_alive:a_5a:207695,a_5a,207695,3,9,5,3,6,8,2,6,9
gated_alive:a_5a:208537,a_5a,208537,3,9,12,1,5,5,1,2,5
gated_alive:a_5a:208634,a_5a,208634,2,6,2,4,7,10,2,4,9
gated_alive:a_5a:209409,a_5a,209409,3,3,5,0,0,6,4,3,1
gated_alive:a_5a:209623,a_5a,209623,5,8,10,0,0,6,0,0,8
gated_alive:a_5a:210280,a_5a,210280,3,3,4,1,5,5,1,2,5
gated_alive:a_5a:210409,a_5a,210409,0,5,11,2,3,3,4,3,1
gated_alive:a_5a:210421,a_5a,210421,3,9,12,3,6,8,1,2,3
gated_alive:a_5a:210654,a_5a,210654,1,0,0,1,2,2,3,8,10
gated_alive:a_5a:210704,a_5a,210704,3,9,12,1,5,5,1,6,3
gated_alive:a_5a:211486,a_5a,211486,5,8,10,0,1,1,0,0,8
gated_alive:a_5a:211771,a_5a,211771,0,5,11,2,3,3,4,3,1
gated_alive:a_5a:212258,a_5a,212258,5,2,1,0,1,1,0,0,0
gated_alive:a_5a:213440,a_5a,213440,2,8,13,3,9,12,5,10,16
gated_alive:a_5a:213757,a_5a,213757,2,1,7,1,5,5,1,4,2
gated_alive:a_5a:214738,a_5a,214738,0,4,8,2,3,3,4,5,7
gated_alive:a_5a:215130,a_5a,215130,1,0,6,1,2,2,3,1,6
gated_alive:a_5a:217414,a_5a,217414,5,2,1,0,1,1,0,0,0
gated_alive:a_5a:217461,a_5a,217461,5,8,10,0,0,0,0,8,10
gated_alive:a_5a:217575,a_5a,217575,0,5,11,2,3,3,5,3,11
gated_alive:a_5a:218063,a_5a,218063,3,9,12,3,6,8,1,2,3
gated_alive:a_5a:218433,a_5a,218433,1,4,0,1,5,5,1,2,3
gated_alive:a_5a:218923,a_5a,218923,1,0,0,1,5,5,3,1,4
gated_alive:a_5a:218975,a_5a,218975,2,6,2,4,7,10,2,4,2
gated_alive:a_5a:219103,a_5a,219103,5,8,10,0,1,1,0,0,8
gated_alive:a_5a:219708,a_5a,219708,0,5,11,2,3,3,4,3,1
gated_alive:a_5a:219820,a_5a,219820,3,9,12,3,6,8,1,2,3
gated_alive:a_5a:220343,a_5a,220343,2,6,2,4,7,10,2,4,2
gated_alive:a_5a:221226,a_5a,221226,0,4,8,2,3,3,2,5,7
gated_alive:a_5a:222675,a_5a,222675,3,9,12,3,6,8,2,5,14
gated_alive:a_5a:224160,a_5a,224160,3,3,4,1,5,5,1,2,5
gated_alive:a_5a:224805,a_5a,224805,3,9,12,1,5,5,1,6,3
gated_alive:a_5a:225313,a_5a,225313,3,3,4,3,6,8,1,2,5
gated_alive:a_5a:225537,a_5a,225537,5,2,1,0,1,1,0,0,0
gated_alive:a_5a:225829,a_5a,225829,5,8,10,0,0,6,0,0,15
gated_alive:a_5a:225991,a_5a,225991,3,3,4,1,5,5,1,2,5
gated_alive:a_5a:226850,a_5a,226850,1,4,0,1,2,2,3,1,4
gated_alive:a_5a:226931,a_5a,226931,3,3,6,1,5,5,1,2,5
gated_alive:a_5a:227465,a_5a,227465,1,0,0,1,2,2,3,1,4
gated_alive:a_5a:227961,a_5a,227961,1,3,4,1,2,2,3,1,6
gated_alive:a_5a:228030,a_5a,228030,3,3,4,1,5,5,1,2,5
gated_alive:a_5a:228154,a_5a,228154,1,4,0,1,2,2,1,2,4
gated_alive:a_5a:229658,a_5a,229658,3,4,8,3,6,8,2,5,14
gated_alive:a_5a:230620,a_5a,230620,3,3,4,2,3,3,4,3,1
gated_alive:a_5a:230740,a_5a,230740,3,9,12,3,6,8,1,6,3
gated_alive:a_5a:232436,a_5a,232436,5,2,1,0,1,1,0,0,0
gated_alive:a_5a:232714,a_5a,232714,2,8,5,3,6,9,2,6,9
gated_alive:a_5a:232782,a_5a,232782,1,0,0,1,5,5,3,1,4
gated_alive:a_5a:232837,a_5a,232837,0,5,11,0,1,1,4,3,1
gated_alive:a_5a:232854,a_5a,232854,5,2,1,0,1,1,0,0,0
gated_alive:a_5a:233390,a_5a,233390,5,8,10,3,4,4,0,0,8
gated_alive:a_5a:233457,a_5a,233457,1,0,6,0,1,1,4,3,15
gated_alive:a_5a:234372,a_5a,234372,3,3,4,1,5,5,1,2,5
gated_alive:a_5a:234453,a_5a,234453,0,5,11,2,3,3,4,3,1
gated_alive:a_5a:234736,a_5a,234736,2,8,5,3,6,9,2,6,9
gated_alive:a_5a:235080,a_5a,235080,5,2,1,2,3,3,0,0,14
gated_alive:a_5a:236229,a_5a,236229,0,5,11,2,3,3,4,3,1
gated_alive:a_5a:237632,a_5a,237632,0,5,11,2,3,3,4,3,1
gated_alive:a_5a:237846,a_5a,237846,1,0,6,1,2,2,3,1,6
gated_alive:a_5a:238703,a_5a,238703,1,0,0,1,2,2,3,1,4
gated_alive:a_5a:240251,a_5a,240251,1,0,6,1,2,2,3,1,6
gated_alive:a_5a:240501,a_5a,240501,1,0,6,1,2,2,3,1,6
gated_alive:a_5a:240675,a_5a,240675,5,2,1,0,1,1,0,0,8
gated_alive:a_5a:241711,a_5a,241711,1,0,6,1,2,2,3,1,6
gated_alive:a_5a:242262,a_5a,242262,3,3,4,1,5,5,1,2,5
gated_alive:a_5a:242446,a_5a,242446,2,6,2,4,7,10,2,4,2
gated_alive:a_5a:242873,a_5a,242873,3,4,0,3,6,8,1,6,3
gated_alive:a_5a:242896,a_5a,242896,3,3,4,1,5,5,1,2,5
gated_alive:a_5a:243155,a_5a,243155,3,3,5,3,6,9,2,6,9
gated_alive:a_5a:243319,a_5a,243319,1,0,0,1,2,2,3,1,6
gated_alive:a_5a:243499,a_5a,243499,1,0,0,2,3,3,3,1,4
gated_alive:a_5a:244081,a_5a,244081,0,5,13,3,9,12,5,10,16
gated_alive:a_5a:245921,a_5a,245921,2,6,5,3,6,9,2,6,9
gated_alive:a_5a:246364,a_5a,246364,0,4,8,3,6,8,0,5,14
gated_alive:a_5a:246407,a_5a,246407,2,1,2,4,7,13,2,4,2
gated_alive:a_5a:247483,a_5a,247483,0,2,1,0,1,1,0,5,7
gated_alive:a_5a:247655,a_5a,247655,3,3,4,1,5,5,1,2,5
gated_alive:a_5a:247687,a_5a,247687,0,2,8,0,1,1,0,5,7
gated_alive:a_5a:248733,a_5a,248733,0,5,3,2,3,3,5,3,11
gated_alive:a_5a:248928,a_5a,248928,0,2,1,0,1,1,0,0,0
gated_alive:a_5a:249079,a_5a,249079,0,5,11,2,3,3,4,3,1
gated_alive:a_5a:249245,a_5a,249245,3,9,5,3,6,9,2,6,9
gated_alive:a_5a:249597,a_5a,249597,3,9,12,1,5,5,1,2,3
gated_alive:a_5a:250009,a_5a,250009,0,4,3,2,3,3,5,7,11
gated_alive:a_5a:250279,a_5a,250279,1,4,0,1,2,2,3,1,4
gated_alive:a_5a:250559,a_5a,250559,1,4,8,2,3,3,3,5,4
gated_alive:a_5a:250638,a_5a,250638,5,2,1,0,1,1,0,0,8
gated_alive:a_5a:250890,a_5a,250890,5,2,1,0,1,1,0,8,10
gated_alive:a_5a:250894,a_5a,250894,0,5,11,2,3,3,4,3,1
gated_alive:a_5a:251287,a_5a,251287,1,4,8,1,5,5,3,5,4
gated_alive:a_5a:251318,a_5a,251318,0,5,11,2,3,3,4,3,1
gated_alive:a_5a:251908,a_5a,251908,3,9,12,3,6,8,1,6,3
gated_alive:a_5a:251981,a_5a,251981,0,5,11,0,0,0,4,3,1
gated_alive:a_5a:252079,a_5a,252079,0,5,11,2,3,3,4,3,1
gated_alive:a_5a:252352,a_5a,252352,3,4,8,3,6,8,2,5,14
gated_alive:a_5a:252398,a_5a,252398,1,4,0,1,5,5,3,1,4
gated_alive:a_5a:253180,a_5a,253180,5,8,10,0,0,0,0,8,10
gated_alive:a_5a:254275,a_5a,254275,0,5,11,0,0,0,4,8,10
gated_alive:a_5a:254315,a_5a,254315,1,0,0,3,9,12,5,10,16
gated_alive:a_5a:254338,a_5a,254338,0,5,11,0,0,0,4,8,10
gated_alive:a_5a:254351,a_5a,254351,1,0,0,3,4,4,2,5,14
gated_alive:a_5a:254570,a_5a,254570,1,0,0,1,2,2,3,1,10
gated_alive:a_5b:392,a_5b,392,0,5,11,2,3,3,4,3,1
gated_alive:a_5b:570,a_5b,570,3,6,5,3,6,9,2,6,9
gated_alive:a_5b:1225,a_5b,1225,0,5,11,2,3,3,4,3,1
gated_alive:a_5b:2183,a_5b,2183,5,2,1,0,1,1,0,0,0
gated_alive:a_5b:2724,a_5b,2724,3,9,12,3,6,8,1,6,3
gated_alive:a_5b:2801,a_5b,2801,5,2,1,0,1,1,0,0,0
gated_alive:a_5b:3229,a_5b,3229,0,4,8,3,6,8,2,5,7
gated_alive:a_5b:4057,a_5b,4057,0,5,11,2,3,3,4,3,1
gated_alive:a_5b:4128,a_5b,4128,4,7,9,5,8,11,6,9,13
gated_alive:a_5b:4400,a_5b,4400,2,1,7,3,6,9,1,2,3
gated_alive:a_5b:4662,a_5b,4662,0,4,8,3,6,8,0,0,7
gated_alive:a_5b:4781,a_5b,4781,5,2,1,0,1,1,0,0,0
gated_alive:a_5b:4838,a_5b,4838,4,7,9,5,8,11,6,9,13
gated_alive:a_5b:5504,a_5b,5504,1,4,0,1,2,2,3,1,4
gated_alive:a_5b:6479,a_5b,6479,0,2,1,0,1,1,0,5,7
gated_alive:a_5b:7607,a_5b,7607,5,2,1,0,1,1,0,0,0
gated_alive:a_5b:7825,a_5b,7825,3,3,4,1,5,5,1,2,5
gated_alive:a_5b:8481,a_5b,8481,0,5,8,2,3,3,4,5,7
gated_alive:a_5b:9124,a_5b,9124,2,6,2,4,7,10,2,4,2
gated_alive:a_5b:9274,a_5b,9274,3,3,4,1,5,5,1,2,5
gated_alive:a_5b:10320,a_5b,10320,0,5,11,2,3,3,4,3,1
gated_alive:a_5b:10329,a_5b,10329,0,5,11,2,3,3,4,3,1
gated_alive:a_5b:11978,a_5b,11978,0,5,11,2,3,3,5,3,11
gated_alive:a_5b:12048,a_5b,12048,3,3,4,1,5,5,1,2,5
gated_alive:a_5b:12317,a_5b,12317,4,7,9,5,8,11,6,9,13
gated_alive:a_5b:12655,a_5b,12655,4,7,9,5,8,11,6,9,13
gated_alive:a_5b:13165,a_5b,13165,0,5,11,0,0,6,4,3,15
gated_alive:a_5b:13457,a_5b,13457,2,9,12,3,6,8,1,6,3
gated_alive:a_5b:13798,a_5b,13798,1,0,0,3,9,12,3,1,16
gated_alive:a_5b:14444,a_5b,14444,3,9,12,3,6,8,1,6,3
gated_alive:a_5b:14875,a_5b,14875,3,4,5,3,6,9,2,6,9
gated_alive:a_5b:15014,a_5b,15014,2,8,3,0,0,6,5,7,11
gated_alive:a_5b:15208,a_5b,15208,3,4,5,0,1,1,3,1,7
gated_alive:a_5b:15438,a_5b,15438,1,0,0,1,2,2,3,1,4
gated_alive:a_5b:15512,a_5b,15512,0,2,8,0,0,7,0,7,12
gated_alive:a_5b:15869,a_5b,15869,2,6,5,4,7,10,2,4,2
gated_alive:a_5b:16015,a_5b,16015,1,4,0,1,5,5,3,1,4
gated_alive:a_5b:16175,a_5b,16175,1,3,4,1,5,5,1,2,5
gated_alive:a_5b:16191,a_5b,16191,1,0,6,1,2,2,3,1,6
gated_alive:a_5b:16765,a_5b,16765,0,5,11,2,3,3,4,3,1
gated_alive:a_5b:16840,a_5b,16840,0,2,13,3,9,12,5,10,16
gated_alive:a_5b:17408,a_5b,17408,5,8,1,0,1,1,0,0,0
gated_alive:a_5b:17467,a_5b,17467,0,5,11,0,0,6,4,3,1
gated_alive:a_5b:18214,a_5b,18214,0,5,11,2,3,3,4,3,1
gated_alive:a_5b:18591,a_5b,18591,1,0,6,1,2,2,3,1,6
gated_alive:a_5b:18634,a_5b,18634,3,4,8,3,6,8,2,5,14
gated_alive:a_5b:19014,a_5b,19014,0,5,11,2,3,3,4,3,1
gated_alive:a_5b:19456,a_5b,19456,1,0,6,1,2,2,3,1,6
gated_alive:a_5b:19554,a_5b,19554,0,5,11,2,3,3,4,3,1
gated_alive:a_5b:19675,a_5b,19675,0,5,11,2,3,3,4,3,1
gated_alive:a_5b:19991,a_5b,19991,2,8,13,3,9,12,5,10,16
gated_alive:a_5b:20297,a_5b,20297,5,8,10,0,1,1,0,8,10
gated_alive:a_5b:20352,a_5b,20352,3,9,5,3,6,9,2,6,9
gated_alive:a_5b:20738,a_5b,20738,5,9,12,1,5,5,0,0,9
gated_alive:a_5b:22291,a_5b,22291,4,7,9,5,8,11,6,9,13
gated_alive:a_5b:22332,a_5b,22332,4,7,9,5,8,11,6,9,13
gated_alive:a_5b:22596,a_5b,22596,3,3,4,1,5,5,1,2,5
gated_alive:a_5b:22749,a_5b,22749,0,4,8,0,1,1,2,5,7
gated_alive:a_5b:23209,a_5b,23209,1,0,0,3,6,9,3,6,9
gated_alive:a_5b:23579,a_5b,23579,3,4,4,2,3,3,1,2,3
gated_alive:a_5b:23924,a_5b,23924,3,4,5,3,6,9,2,5,14
gated_alive:a_5b:24121,a_5b,24121,0,5,11,2,3,3,4,3,1
gated_alive:a_5b:24458,a_5b,24458,0,4,8,2,3,3,4,3,1
gated_alive:a_5b:25399,a_5b,25399,0,4,8,2,3,3,0,5,7
gated_alive:a_5b:25687,a_5b,25687,3,3,4,1,5,5,1,2,5
gated_alive:a_5b:26277,a_5b,26277,1,0,6,1,2,2,3,1,6
gated_alive:a_5b:27016,a_5b,27016,5,5,11,2,3,3,4,0,13
gated_alive:a_5b:27643,a_5b,27643,3,3,4,1,5,5,1,2,5
gated_alive:a_5b:27806,a_5b,27806,2,6,5,3,6,9,2,6,9
gated_alive:a_5b:28368,a_5b,28368,3,3,4,3,6,8,1,2,3
gated_alive:a_5b:28493,a_5b,28493,0,5,11,2,3,3,4,3,11
gated_alive:a_5b:29754,a_5b,29754,0,2,3,3,4,4,0,0,17
gated_alive:a_5b:29840,a_5b,29840,3,9,12,3,6,8,1,6,3
gated_alive:a_5b:30170,a_5b,30170,1,4,8,3,6,8,2,5,14
gated_alive:a_5b:30343,a_5b,30343,1,4,0,1,2,2,1,1,4
gated_alive:a_5b:30609,a_5b,30609,1,0,6,1,2,2,3,1,6
gated_alive:a_5b:31162,a_5b,31162,3,9,4,1,5,5,1,2,3
gated_alive:a_5b:31611,a_5b,31611,0,5,11,0,1,1,4,3,1
gated_alive:a_5b:32115,a_5b,32115,5,8,10,0,0,6,4,3,15
gated_alive:a_5b:32259,a_5b,32259,0,4,8,2,3,3,2,5,14
gated_alive:a_5b:32755,a_5b,32755,5,2,8,3,6,8,2,5,14
gated_alive:a_5b:32975,a_5b,32975,0,2,1,0,1,1,0,0,13
gated_alive:a_5b:33111,a_5b,33111,1,3,6,1,5,5,1,2,5
gated_alive:a_5b:33139,a_5b,33139,5,8,10,0,1,1,0,0,9
gated_alive:a_5b:34280,a_5b,34280,1,4,8,1,5,5,3,1,4
gated_alive:a_5b:34892,a_5b,34892,1,0,0,1,2,2,3,1,6
gated_alive:a_5b:34944,a_5b,34944,1,0,0,1,2,2,3,1,6
gated_alive:a_5b:35190,a_5b,35190,2,6,5,3,6,9,2,6,9
gated_alive:a_5b:35375,a_5b,35375,0,4,8,3,6,8,2,5,14
gated_alive:a_5b:35472,a_5b,35472,3,9,12,3,6,8,1,6,3
gated_alive:a_5b:36065,a_5b,36065,5,8,6,1,2,2,0,0,15
gated_alive:a_5b:36082,a_5b,36082,5,2,1,0,1,1,0,0,8
gated_alive:a_5b:36523,a_5b,36523,1,0,6,1,2,2,3,1,6
gated_alive:a_5b:36547,a_5b,36547,0,5,11,2,3,3,5,3,11
gated_alive:a_5b:36559,a_5b,36559,0,5,11,0,0,0,4,8,10
gated_alive:a_5b:36635,a_5b,36635,3,3,4,1,5,5,1,2,5
gated_alive:a_5b:36882,a_5b,36882,3,9,5,3,6,9,2,6,9
gated_alive:a_5b:36979,a_5b,36979,2,1,7,4,7,13,2,4,2
gated_alive:a_5b:37143,a_5b,37143,2,1,7,0,0,6,0,4,9
gated_alive:a_5b:37183,a_5b,37183,3,4,8,1,5,5,2,5,7
gated_alive:a_5b:38126,a_5b,38126,1,0,0,1,2,2,3,1,4
gated_alive:a_5b:38185,a_5b,38185,3,4,8,3,6,8,2,5,14
gated_alive:a_5b:38649,a_5b,38649,1,4,0,1,5,5,3,1,12
gated_alive:a_5b:39095,a_5b,39095,2,1,7,4,7,13,2,4,2
gated_alive:a_5b:40015,a_5b,40015,0,5,11,2,3,3,4,3,1
gated_alive:a_5b:40216,a_5b,40216,0,5,5,3,6,8,2,3,7
gated_alive:a_5b:41343,a_5b,41343,0,4,8,0,1,1,0,5,7
gated_alive:a_5b:41782,a_5b,41782,0,5,11,0,0,6,4,3,15
gated_alive:a_5b:41931,a_5b,41931,0,5,11,0,1,1,4,3,1
gated_alive:a_5b:42462,a_5b,42462,1,0,6,1,2,2,3,1,6
gated_alive:a_5b:43128,a_5b,43128,3,3,4,1,5,5,1,2,3
gated_alive:a_5b:43161,a_5b,43161,3,3,13,3,9,12,5,10,16
gated_alive:a_5b:43275,a_5b,43275,5,2,1,0,1,1,0,0,8
gated_alive:a_5b:43596,a_5b,43596,5,8,10,0,0,6,0,0,0
gated_alive:a_5b:44073,a_5b,44073,0,5,11,0,1,1,4,3,1
gated_alive:a_5b:46525,a_5b,46525,0,4,11,2,3,3,0,5,7
gated_alive:a_5b:47715,a_5b,47715,5,2,1,0,1,1,0,0,0
gated_alive:a_5b:48359,a_5b,48359,2,1,7,4,7,13,2,4,2
gated_alive:a_5b:48678,a_5b,48678,1,0,0,1,5,5,3,1,6
gated_alive:a_5b:49716,a_5b,49716,3,3,4,1,5,5,1,2,5
gated_alive:a_5b:49747,a_5b,49747,5,8,10,0,0,6,0,6,9
gated_alive:a_5b:50125,a_5b,50125,0,4,8,1,5,5,3,1,4
gated_alive:a_5b:50363,a_5b,50363,0,5,11,0,0,0,4,8,10
gated_alive:a_5b:50570,a_5b,50570,0,5,11,2,3,3,4,3,1
gated_alive:a_5b:50768,a_5b,50768,3,4,8,3,6,8,2,5,14
gated_alive:a_5b:51131,a_5b,51131,0,5,13,3,9,12,5,10,16
gated_alive:a_5b:51708,a_5b,51708,5,8,10,1,5,5,0,0,8
gated_alive:a_5b:51787,a_5b,51787,1,0,0,1,2,2,3,1,6
gated_alive:a_5b:51821,a_5b,51821,1,0,0,1,5,5,3,1,4
gated_alive:a_5b:51878,a_5b,51878,0,5,11,2,3,3,5,3,11
gated_alive:a_5b:52070,a_5b,52070,1,0,0,1,2,2,3,1,4
gated_alive:a_5b:52400,a_5b,52400,3,3,4,1,5,5,1,2,3
gated_alive:a_5b:52725,a_5b,52725,3,3,4,1,2,2,1,2,5
gated_alive:a_5b:53452,a_5b,53452,3,3,4,1,5,5,1,2,5
gated_alive:a_5b:53977,a_5b,53977,0,5,11,0,1,1,0,0,0
gated_alive:a_5b:54835,a_5b,54835,2,6,5,3,6,9,2,6,9
gated_alive:a_5b:56033,a_5b,56033,3,9,12,3,6,8,1,6,3
gated_alive:a_5b:56698,a_5b,56698,2,1,7,3,6,8,2,6,9
gated_alive:a_5b:56864,a_5b,56864,4,1,7,4,7,10,2,4,2
gated_alive:a_5b:57141,a_5b,57141,0,5,11,2,3,3,4,3,1
gated_alive:a_5b:57439,a_5b,57439,3,4,8,3,4,4,2,5,14
gated_alive:a_5b:57553,a_5b,57553,3,3,4,1,5,5,1,2,5
gated_alive:a_5b:57918,a_5b,57918,1,5,6,0,0,6,4,3,15
gated_alive:a_5b:58429,a_5b,58429,2,6,2,4,7,10,2,4,2
gated_alive:a_5b:58670,a_5b,58670,0,4,8,2,3,3,3,5,7
gated_alive:a_5b:59043,a_5b,59043,3,9,12,3,6,8,1,2,3
gated_alive:a_5b:59663,a_5b,59663,5,2,1,0,1,1,0,0,0
gated_alive:a_5b:60072,a_5b,60072,5,2,1,0,1,1,0,0,0
gated_alive:a_5b:60176,a_5b,60176,5,2,1,0,1,1,0,0,0
gated_alive:a_5b:60450,a_5b,60450,0,5,11,2,3,3,4,5,7
gated_alive:a_5b:60701,a_5b,60701,3,4,8,3,6,8,2,5,14
gated_alive:a_5b:60923,a_5b,60923,0,5,11,2,3,3,4,3,1
gated_alive:a_5b:61310,a_5b,61310,2,1,7,4,7,13,2,4,2
gated_alive:a_5b:61328,a_5b,61328,3,3,4,1,5,5,1,2,5
gated_alive:a_5b:61507,a_5b,61507,3,3,4,3,6,8,1,2,5
gated_alive:a_5b:61690,a_5b,61690,1,4,0,1,5,5,3,1,4
gated_alive:a_5b:62085,a_5b,62085,2,6,13,3,9,12,2,4,2
gated_alive:a_5b:62790,a_5b,62790,0,5,11,0,0,7,4,7,12
gated_alive:a_5b:63050,a_5b,63050,3,3,4,1,5,5,1,2,5
gated_alive:a_5b:63480,a_5b,63480,2,1,10,3,6,8,0,0,8
gated_alive:a_5b:63688,a_5b,63688,1,0,6,1,2,2,3,1,6
gated_alive:a_5b:63842,a_5b,63842,0,5,11,2,3,3,4,3,11
gated_alive:a_5b:63990,a_5b,63990,3,4,8,1,5,5,2,5,7
gated_alive:a_5b:65252,a_5b,65252,4,7,9,5,8,11,6,9,13
gated_alive:a_5b:65284,a_5b,65284,3,3,5,3,6,9,2,6,9
gated_alive:a_5b:66407,a_5b,66407,5,2,1,0,0,7,0,0,12
gated_alive:a_5b:67024,a_5b,67024,5,2,1,0,1,1,0,0,0
gated_alive:a_5b:67280,a_5b,67280,5,5,3,0,0,7,4,7,12
gated_alive:a_5b:67342,a_5b,67342,1,4,0,1,5,5,3,1,4
gated_alive:a_5b:67491,a_5b,67491,3,3,5,1,5,5,2,6,9
gated_alive:a_5b:67520,a_5b,67520,0,2,1,0,1,1,0,0,8
gated_alive:a_5b:69248,a_5b,69248,1,0,0,1,2,2,3,1,6
gated_alive:a_5b:69273,a_5b,69273,5,8,10,0,0,6,0,0,8
gated_alive:a_5b:69515,a_5b,69515,5,8,10,0,0,7,0,7,12
gated_alive:a_5b:69676,a_5b,69676,0,5,11,0,0,0,4,3,15
gated_alive:a_5b:69762,a_5b,69762,5,2,1,0,1,1,0,0,8
gated_alive:a_5b:70826,a_5b,70826,0,4,8,1,5,5,2,5,7
gated_alive:a_5b:71181,a_5b,71181,3,9,5,3,6,8,2,6,9
gated_alive:a_5b:71293,a_5b,71293,0,5,11,2,3,3,5,3,11
gated_alive:a_5b:71438,a_5b,71438,5,8,10,0,1,1,0,0,0
gated_alive:a_5b:71739,a_5b,71739,1,0,0,1,2,2,3,1,4
gated_alive:a_5b:71907,a_5b,71907,3,3,4,1,5,5,1,2,5
gated_alive:a_5b:72273,a_5b,72273,3,9,12,1,5,5,1,2,3
gated_alive:a_5b:72642,a_5b,72642,0,5,11,2,3,3,5,3,11
gated_alive:a_5b:73104,a_5b,73104,2,1,7,1,5,5,2,4,2
gated_alive:a_5b:75081,a_5b,75081,3,3,4,1,5,5,1,2,5
gated_alive:a_5b:75895,a_5b,75895,2,6,5,3,6,9,2,4,9
gated_alive:a_5b:76084,a_5b,76084,0,5,11,2,3,3,4,3,1
gated_alive:a_5b:76095,a_5b,76095,4,7,9,5,8,11,6,9,13
gated_alive:a_5b:76274,a_5b,76274,5,8,6,0,0,6,4,3,15
gated_alive:a_5b:76317,a_5b,76317,0,4,8,0,0,0,2,5,10
gated_alive:a_5b:76903,a_5b,76903,3,4,12,1,5,5,1,2,3
gated_alive:a_5b:77216,a_5b,77216,5,2,1,0,1,1,0,0,0
gated_alive:a_5b:77360,a_5b,77360,2,9,5,3,6,9,2,6,9
gated_alive:a_5b:77850,a_5b,77850,5,8,10,0,0,6,0,10,14
gated_alive:a_5b:77897,a_5b,77897,0,5,11,0,0,6,4,3,15
gated_alive:a_5b:78174,a_5b,78174,2,1,7,4,7,13,2,4,2
gated_alive:a_5b:78342,a_5b,78342,5,8,10,3,4,4,0,0,17
gated_alive:a_5b:79188,a_5b,79188,3,4,8,1,5,5,1,2,3
gated_alive:a_5b:79443,a_5b,79443,0,5,11,2,3,3,5,10,16
gated_alive:a_5b:80005,a_5b,80005,3,4,8,3,6,8,2,5,14
gated_alive:a_5b:80433,a_5b,80433,0,2,1,0,0,7,0,7,12
gated_alive:a_5b:81879,a_5b,81879,0,5,11,2,3,3,5,3,11
gated_alive:a_5b:82432,a_5b,82432,3,3,4,1,5,5,1,2,3
gated_alive:a_5b:84284,a_5b,84284,1,4,0,1,5,5,3,1,4
gated_alive:a_5b:84553,a_5b,84553,0,5,11,0,0,6,4,3,1
gated_alive:a_5b:84664,a_5b,84664,1,0,6,1,2,2,3,1,6
gated_alive:a_5b:84874,a_5b,84874,3,3,6,4,7,10,1,2,5
gated_alive:a_5b:84992,a_5b,84992,0,2,1,2,3,3,0,5,7
gated_alive:a_5b:85299,a_5b,85299,0,2,1,3,4,4,0,0,17
gated_alive:a_5b:85399,a_5b,85399,3,3,4,3,6,8,1,2,3
gated_alive:a_5b:86674,a_5b,86674,2,1,7,4,7,10,2,4,2
gated_alive:a_5b:86692,a_5b,86692,1,4,8,1,2,2,2,5,14
gated_alive:a_5b:86938,a_5b,86938,3,4,5,3,6,8,2,6,9
gated_alive:a_5b:87013,a_5b,87013,5,8,10,0,1,1,0,0,8
gated_alive:a_5b:87998,a_5b,87998,0,4,8,2,3,3,2,5,14
gated_alive:a_5b:88415,a_5b,88415,2,6,2,3,6,8,0,0,8
gated_alive:a_5b:89398,a_5b,89398,3,3,4,1,5,5,1,2,5
gated_alive:a_5b:90256,a_5b,90256,3,3,4,1,5,5,1,2,5
gated_alive:a_5b:92408,a_5b,92408,5,8,10,0,0,0,4,3,1
gated_alive:a_5b:92563,a_5b,92563,5,2,1,0,1,1,0,0,0
gated_alive:a_5b:92669,a_5b,92669,5,8,10,0,1,1,0,0,0
gated_alive:a_5b:94097,a_5b,94097,5,2,1,0,1,1,0,0,0
gated_alive:a_5b:94193,a_5b,94193,2,6,2,4,7,10,2,4,2
gated_alive:a_5b:94572,a_5b,94572,0,2,1,0,1,1,0,0,0
gated_alive:a_5b:94882,a_5b,94882,1,0,6,1,2,2,3,1,6
gated_alive:a_5b:96007,a_5b,96007,2,1,7,4,7,13,2,4,2
gated_alive:a_5b:96192,a_5b,96192,0,5,11,2,3,3,4,3,1
gated_alive:a_5b:96756,a_5b,96756,0,5,11,2,3,3,4,3,1
gated_alive:a_5b:96772,a_5b,96772,1,0,6,1,2,2,3,1,4
gated_alive:a_5b:97977,a_5b,97977,0,5,11,2,3,3,4,3,1
gated_alive:a_5b:98044,a_5b,98044,4,7,9,5,8,11,6,9,13
gated_alive:a_5b:98682,a_5b,98682,1,0,6,1,2,2,3,8,10
gated_alive:a_5b:99190,a_5b,99190,2,6,5,3,6,9,2,4,2
gated_alive:a_5b:99573,a_5b,99573,5,2,1,0,1,1,0,0,0
gated_alive:a_5b:99692,a_5b,99692,1,0,6,1,2,2,3,1,6
gated_alive:a_5b:99868,a_5b,99868,3,9,12,3,6,8,1,6,3
gated_alive:a_5b:100226,a_5b,100226,0,5,11,2,3,3,4,3,1
gated_alive:a_5b:100881,a_5b,100881,3,4,8,1,5,5,1,5,3
gated_alive:a_5b:101279,a_5b,101279,5,8,10,0,0,0,0,8,10
gated_alive:a_5b:101474,a_5b,101474,5,8,10,0,1,1,0,0,8
gated_alive:a_5b:102625,a_5b,102625,5,2,1,0,1,1,0,0,0
gated_alive:a_5b:103407,a_5b,103407,2,6,2,4,7,10,2,4,2
gated_alive:a_5b:103889,a_5b,103889,2,9,12,4,7,10,1,6,3
gated_alive:a_5b:105067,a_5b,105067,3,4,8,4,7,10,2,5,14
gated_alive:a_5b:105210,a_5b,105210,2,6,5,3,6,9,2,6,9
gated_alive:a_5b:105642,a_5b,105642,1,0,6,1,2,2,3,1,6
gated_alive:a_5b:105675,a_5b,105675,5,2,1,0,0,0,0,0,17
gated_alive:a_5b:106246,a_5b,106246,0,5,11,2,3,3,4,3,1
gated_alive:a_5b:106251,a_5b,106251,0,5,11,2,3,3,4,3,1
gated_alive:a_5b:107371,a_5b,107371,5,2,1,0,1,1,0,0,0
gated_alive:a_5b:107649,a_5b,107649,5,8,10,0,0,7,0,7,12
gated_alive:a_5b:108377,a_5b,108377,4,7,9,5,8,11,6,9,13
gated_alive:a_5b:109121,a_5b,109121,1,0,0,1,2,2,3,1,6
gated_alive:a_5b:109488,a_5b,109488,3,3,4,3,4,4,1,2,5
gated_alive:a_5b:109769,a_5b,109769,0,5,11,2,3,3,4,3,1
gated_alive:a_5b:109979,a_5b,109979,0,5,11,2,3,3,4,3,1
gated_alive:a_5b:110060,a_5b,110060,1,0,0,1,2,2,3,8,10
gated_alive:a_5b:110260,a_5b,110260,2,6,5,3,6,8,2,4,9
gated_alive:a_5b:110803,a_5b,110803,4,7,9,5,8,11,6,9,13
gated_alive:a_5b:111434,a_5b,111434,1,0,6,1,2,2,3,1,6
gated_alive:a_5b:111903,a_5b,111903,3,3,4,1,5,5,1,2,5
gated_alive:a_5b:112232,a_5b,112232,0,5,11,2,3,3,4,3,1
gated_alive:a_5b:113296,a_5b,113296,3,3,4,1,5,5,1,2,5
gated_alive:a_5b:113975,a_5b,113975,0,4,8,2,3,3,2,5,7
gated_alive:a_5b:114176,a_5b,114176,2,1,7,4,7,13,2,4,2
gated_alive:a_5b:114532,a_5b,114532,3,3,4,1,5,5,1,2,3
gated_alive:a_5b:115545,a_5b,115545,5,8,10,0,0,7,0,7,12
gated_alive:a_5b:115737,a_5b,115737,1,0,6,1,2,2,3,1,6
gated_alive:a_5b:117579,a_5b,117579,4,7,9,5,8,11,6,9,13
gated_alive:a_5b:117580,a_5b,117580,0,5,11,2,3,3,4,3,1
gated_alive:a_5b:118150,a_5b,118150,5,8,10,0,1,1,0,0,0
gated_alive:a_5b:118235,a_5b,118235,3,9,12,3,6,9,2,6,9
gated_alive:a_5b:118411,a_5b,118411,0,5,11,2,3,3,5,3,11
gated_alive:a_5b:119266,a_5b,119266,5,8,10,0,0,7,0,7,12
gated_alive:a_5b:119744,a_5b,119744,0,5,3,3,6,8,5,3,11
gated_alive:a_5b:119953,a_5b,119953,5,8,10,0,1,1,0,0,13
gated_alive:a_5b:120254,a_5b,120254,3,9,12,3,6,8,1,6,3
gated_alive:a_5b:120350,a_5b,120350,5,8,10,0,1,1,0,0,0
gated_alive:a_5b:120467,a_5b,120467,3,9,4,1,5,5,1,2,3
gated_alive:a_5b:121619,a_5b,121619,2,1,7,4,7,13,2,4,2
gated_alive:a_5b:121925,a_5b,121925,5,2,1,0,1,1,0,0,0
gated_alive:a_5b:122606,a_5b,122606,1,0,0,2,3,3,3,1,6
gated_alive:a_5b:123212,a_5b,123212,0,5,11,2,3,3,4,3,1
gated_alive:a_5b:124102,a_5b,124102,2,6,2,4,7,13,2,4,2
gated_alive:a_5b:125082,a_5b,125082,1,4,0,1,5,5,3,1,4
gated_alive:a_5b:125825,a_5b,125825,0,5,11,2,3,3,4,3,1
gated_alive:a_5b:126295,a_5b,126295,3,9,12,3,6,8,2,6,3
gated_alive:a_5b:126392,a_5b,126392,0,5,11,2,3,3,4,3,1
gated_alive:a_5b:126403,a_5b,126403,0,4,8,2,3,3,2,5,7
gated_alive:a_5b:126427,a_5b,126427,0,4,8,2,3,3,2,5,7
gated_alive:a_5b:126699,a_5b,126699,1,0,6,1,2,2,3,1,6
gated_alive:a_5b:126992,a_5b,126992,0,5,11,2,3,3,4,3,1
gated_alive:a_5b:127085,a_5b,127085,5,8,10,0,0,6,0,0,15
gated_alive:a_5b:128235,a_5b,128235,3,9,12,3,6,8,1,6,3
gated_alive:a_5b:128871,a_5b,128871,5,8,10,0,0,6,0,0,8
gated_alive:a_5b:130361,a_5b,130361,0,5,11,2,3,3,4,3,1
gated_alive:a_5b:130364,a_5b,130364,0,5,11,2,3,3,4,3,1
gated_alive:a_5b:131421,a_5b,131421,1,0,0,1,2,2,3,1,6
gated_alive:a_5b:131503,a_5b,131503,3,3,4,1,5,5,1,2,3
gated_alive:a_5b:131616,a_5b,131616,3,4,12,3,6,8,1,6,3
gated_alive:a_5b:131646,a_5b,131646,0,4,8,3,6,8,2,5,7
gated_alive:a_5b:132366,a_5b,132366,0,5,11,2,3,3,4,3,1
gated_alive:a_5b:132786,a_5b,132786,1,0,0,1,2,2,3,1,4
gated_alive:a_5b:133546,a_5b,133546,3,4,8,3,6,8,2,5,14
gated_alive:a_5b:134619,a_5b,134619,5,2,1,0,1,1,0,0,0
gated_alive:a_5b:134733,a_5b,134733,1,0,0,1,5,5,3,1,4
gated_alive:a_5b:134982,a_5b,134982,0,4,8,2,3,3,0,5,7
gated_alive:a_5b:136437,a_5b,136437,0,5,11,2,3,3,4,3,1
gated_alive:a_5b:136880,a_5b,136880,1,4,8,1,5,5,3,1,4
gated_alive:a_5b:137211,a_5b,137211,3,4,5,3,6,9,2,6,9
gated_alive:a_5b:137238,a_5b,137238,0,5,13,3,9,12,5,10,16
gated_alive:a_5b:137501,a_5b,137501,2,1,7,3,9,12,2,4,8
gated_alive:a_5b:137927,a_5b,137927,3,4,8,3,6,8,2,5,14
gated_alive:a_5b:137980,a_5b,137980,1,0,0,1,5,5,1,1,4
gated_alive:a_5b:138022,a_5b,138022,0,5,11,2,3,3,4,3,1
gated_alive:a_5b:138191,a_5b,138191,1,0,0,1,2,2,3,1,4
gated_alive:a_5b:138450,a_5b,138450,1,0,6,1,2,2,3,8,10
gated_alive:a_5b:138712,a_5b,138712,3,4,8,3,6,8,0,0,8
gated_alive:a_5b:139032,a_5b,139032,0,5,11,2,3,3,4,3,1
gated_alive:a_5b:139650,a_5b,139650,1,4,0,3,6,8,3,1,4
gated_alive:a_5b:139927,a_5b,139927,0,5,11,2,3,3,4,3,1
gated_alive:a_5b:140000,a_5b,140000,5,2,1,0,1,1,0,0,8
gated_alive:a_5b:140290,a_5b,140290,1,3,6,1,5,5,3,1,12
gated_alive:a_5b:140473,a_5b,140473,3,3,4,1,5,5,1,2,5
gated_alive:a_5b:140832,a_5b,140832,0,5,11,2,3,3,4,3,1
gated_alive:a_5b:141431,a_5b,141431,1,0,0,1,2,2,3,1,4
gated_alive:a_5b:141797,a_5b,141797,3,9,13,3,9,12,5,10,16
gated_alive:a_5b:142073,a_5b,142073,5,2,1,0,1,1,0,0,8
gated_alive:a_5b:142229,a_5b,142229,0,5,11,0,0,0,4,8,10
gated_alive:a_5b:142507,a_5b,142507,3,3,6,1,5,5,3,1,6
gated_alive:a_5b:142637,a_5b,142637,3,9,12,2,3,3,1,6,3
gated_alive:a_5b:142696,a_5b,142696,1,0,0,1,2,2,3,1,6
gated_alive:a_5b:142998,a_5b,142998,1,4,8,2,3,3,2,5,14
gated_alive:a_5b:143688,a_5b,143688,5,2,1,0,1,1,0,0,0
gated_alive:a_5b:144218,a_5b,144218,0,5,11,2,3,3,5,3,11
gated_alive:a_5b:144582,a_5b,144582,3,3,4,1,5,5,1,2,5
gated_alive:a_5b:144656,a_5b,144656,1,0,6,1,2,2,3,1,6
gated_alive:a_5b:145555,a_5b,145555,0,4,8,2,3,3,0,5,7
gated_alive:a_5b:145762,a_5b,145762,0,5,11,0,0,6,4,3,15
gated_alive:a_5b:145919,a_5b,145919,1,0,0,1,2,2,3,1,4
gated_alive:a_5b:145935,a_5b,145935,1,4,0,1,2,2,3,1,4
gated_alive:a_5b:145965,a_5b,145965,0,5,11,2,3,3,4,3,1
gated_alive:a_5b:146270,a_5b,146270,1,4,0,1,5,5,3,1,4
gated_alive:a_5b:146362,a_5b,146362,1,0,6,1,2,2,3,1,6
gated_alive:a_5b:146379,a_5b,146379,1,5,11,2,3,3,5,3,11
gated_alive:a_5b:146457,a_5b,146457,3,9,4,3,6,8,1,2,3
gated_alive:a_5b:146607,a_5b,146607,3,3,4,0,1,1,1,2,3
gated_alive:a_5b:147077,a_5b,147077,0,5,11,2,3,3,4,3,1
gated_alive:a_5b:147560,a_5b,147560,2,1,7,4,7,13,2,4,2
gated_alive:a_5b:148201,a_5b,148201,0,2,1,0,1,1,0,5,7
gated_alive:a_5b:148349,a_5b,148349,0,4,8,2,3,3,2,5,7
gated_alive:a_5b:148908,a_5b,148908,0,5,11,2,3,3,4,3,1
gated_alive:a_5b:149040,a_5b,149040,0,5,11,0,1,1,4,5,7
gated_alive:a_5b:149677,a_5b,149677,4,7,9,5,8,11,6,9,13
gated_alive:a_5b:149703,a_5b,149703,3,4,8,3,6,8,2,6,9
gated_alive:a_5b:149865,a_5b,149865,0,5,11,0,1,1,4,3,1
gated_alive:a_5b:150262,a_5b,150262,0,5,11,2,3,3,4,3,11
gated_alive:a_5b:151655,a_5b,151655,4,7,5,5,8,11,2,6,13
gated_alive:a_5b:151670,a_5b,151670,2,8,10,4,7,10,2,4,9
gated_alive:a_5b:153213,a_5b,153213,3,4,8,1,5,5,1,2,3
gated_alive:a_5b:153305,a_5b,153305,3,9,12,1,5,5,1,6,3
gated_alive:a_5b:153977,a_5b,153977,3,3,4,1,5,5,1,2,5
gated_alive:a_5b:154467,a_5b,154467,3,3,13,3,9,12,5,10,16
gated_alive:a_5b:154482,a_5b,154482,1,0,0,1,2,2,3,1,4
gated_alive:a_5b:154583,a_5b,154583,2,8,13,3,9,12,5,10,16
gated_alive:a_5b:154835,a_5b,154835,3,3,4,1,5,5,1,2,5
gated_alive:a_5b:154976,a_5b,154976,0,5,8,3,6,8,2,5,14
gated_alive:a_5b:155832,a_5b,155832,1,0,0,1,2,2,3,1,4
gated_alive:a_5b:155861,a_5b,155861,3,4,8,3,4,4,2,5,14
gated_alive:a_5b:156507,a_5b,156507,0,5,11,2,3,3,4,3,1
gated_alive:a_5b:156571,a_5b,156571,5,2,1,0,1,1,0,0,0
gated_alive:a_5b:156748,a_5b,156748,1,0,0,1,5,5,3,1,4
gated_alive:a_5b:157243,a_5b,157243,3,3,4,1,5,5,1,2,5
gated_alive:a_5b:157557,a_5b,157557,0,5,11,2,3,3,4,3,1
gated_alive:a_5b:158719,a_5b,158719,0,5,11,2,3,3,4,3,1
gated_alive:a_5b:158745,a_5b,158745,4,7,9,5,8,11,6,9,13
gated_alive:a_5b:159168,a_5b,159168,3,9,4,1,5,5,1,2,3
gated_alive:a_5b:159523,a_5b,159523,2,6,2,4,7,10,2,4,2
gated_alive:a_5b:159977,a_5b,159977,0,2,8,0,1,1,0,5,7
gated_alive:a_5b:159980,a_5b,159980,0,5,11,2,3,3,4,3,1
gated_alive:a_5b:160488,a_5b,160488,0,9,12,0,1,1,5,3,11
gated_alive:a_5b:160621,a_5b,160621,3,3,4,1,2,2,1,2,5
gated_alive:a_5b:160826,a_5b,160826,0,2,1,0,1,1,0,0,0
gated_alive:a_5b:160837,a_5b,160837,5,8,10,0,1,1,0,0,8
gated_alive:a_5b:161123,a_5b,161123,2,6,2,4,7,10,2,4,2
gated_alive:a_5b:161184,a_5b,161184,3,4,8,3,6,8,2,5,14
gated_alive:a_5b:161263,a_5b,161263,2,1,7,4,7,13,2,4,2
gated_alive:a_5b:161582,a_5b,161582,3,4,0,3,6,8,1,2,3
gated_alive:a_5b:162829,a_5b,162829,2,1,7,4,7,13,2,4,2
gated_alive:a_5b:163235,a_5b,163235,0,5,11,2,3,3,4,3,1
gated_alive:a_5b:163295,a_5b,163295,3,3,5,1,5,5,2,6,9
gated_alive:a_5b:163880,a_5b,163880,0,4,8,3,6,8,2,5,14
gated_alive:a_5b:164827,a_5b,164827,2,6,2,4,7,10,2,4,2
gated_alive:a_5b:165157,a_5b,165157,3,3,4,1,5,5,1,2,5
gated_alive:a_5b:165911,a_5b,165911,1,4,0,1,5,5,3,1,4
gated_alive:a_5b:166243,a_5b,166243,3,4,8,3,6,8,2,5,14
gated_alive:a_5b:166894,a_5b,166894,5,2,1,0,1,1,0,0,8
gated_alive:a_5b:167158,a_5b,167158,5,2,1,0,1,1,0,0,8
gated_alive:a_5b:167203,a_5b,167203,5,2,10,0,1,1,0,0,8
gated_alive:a_5b:167251,a_5b,167251,0,4,8,2,3,3,2,5,7
gated_alive:a_5b:168899,a_5b,168899,0,4,8,2,3,3,4,3,1
gated_alive:a_5b:169150,a_5b,169150,2,6,2,4,7,10,2,4,2
gated_alive:a_5b:169373,a_5b,169373,5,8,10,0,1,1,0,0,0
gated_alive:a_5b:169674,a_5b,169674,0,5,11,2,3,3,5,3,11
gated_alive:a_5b:169967,a_5b,169967,5,9,5,3,6,8,2,6,9
gated_alive:a_5b:169976,a_5b,169976,0,5,11,2,3,3,4,3,1
gated_alive:a_5b:170013,a_5b,170013,5,8,10,0,1,1,0,0,8
gated_alive:a_5b:170127,a_5b,170127,1,0,6,1,2,2,3,1,6
gated_alive:a_5b:170631,a_5b,170631,1,0,6,1,2,2,3,1,6
gated_alive:a_5b:171183,a_5b,171183,0,5,11,2,3,3,4,3,1
gated_alive:a_5b:171563,a_5b,171563,5,2,1,0,0,6,0,0,0
gated_alive:a_5b:171674,a_5b,171674,2,1,7,0,0,6,2,6,9
gated_alive:a_5b:172254,a_5b,172254,1,4,0,1,5,5,3,1,4
gated_alive:a_5b:172495,a_5b,172495,2,9,12,4,7,10,2,4,9
gated_alive:a_5b:174528,a_5b,174528,1,4,8,2,3,3,1,2,3
gated_alive:a_5b:174621,a_5b,174621,5,8,10,0,1,1,0,0,0
gated_alive:a_5b:175286,a_5b,175286,3,3,4,1,5,5,1,2,5
gated_alive:a_5b:175379,a_5b,175379,4,7,9,5,8,11,6,9,13
gated_alive:a_5b:176330,a_5b,176330,0,5,11,0,0,7,4,7,12
gated_alive:a_5b:176790,a_5b,176790,3,9,0,3,6,8,1,2,4
gated_alive:a_5b:177061,a_5b,177061,5,2,1,0,1,1,0,5,7
gated_alive:a_5b:177266,a_5b,177266,4,7,9,5,8,11,6,9,13
gated_alive:a_5b:177345,a_5b,177345,2,6,2,3,6,9,2,4,2
gated_alive:a_5b:178467,a_5b,178467,3,3,4,1,5,5,1,2,5
gated_alive:a_5b:178709,a_5b,178709,3,9,12,1,5,5,1,2,3
gated_alive:a_5b:178953,a_5b,178953,3,4,4,1,5,5,1,2,5
gated_alive:a_5b:179393,a_5b,179393,3,3,4,1,5,5,1,2,5
gated_alive:a_5b:179770,a_5b,179770,0,5,11,2,3,3,4,3,1
gated_alive:a_5b:180063,a_5b,180063,2,1,5,3,6,8,2,4,2
gated_alive:a_5b:181361,a_5b,181361,0,5,11,2,3,3,4,3,1
gated_alive:a_5b:181366,a_5b,181366,5,8,10,0,1,1,0,0,0
gated_alive:a_5b:181518,a_5b,181518,0,4,8,3,6,8,2,5,14
gated_alive:a_5b:181575,a_5b,181575,3,3,4,1,2,2,1,2,5
gated_alive:a_5b:181946,a_5b,181946,3,9,12,4,7,10,1,6,3
gated_alive:a_5b:182369,a_5b,182369,5,8,10,0,0,6,0,0,8
gated_alive:a_5b:182499,a_5b,182499,2,9,5,3,6,8,2,6,9
gated_alive:a_5b:182611,a_5b,182611,3,9,12,3,6,8,1,6,3
gated_alive:a_5b:182703,a_5b,182703,4,7,9,5,8,11,6,9,13
gated_alive:a_5b:183306,a_5b,183306,1,0,6,1,2,2,3,1,6
gated_alive:a_5b:184378,a_5b,184378,0,5,11,2,3,3,4,3,1
gated_alive:a_5b:185465,a_5b,185465,1,0,0,1,2,2,3,1,4
gated_alive:a_5b:185479,a_5b,185479,3,4,4,1,5,5,1,2,3
gated_alive:a_5b:185921,a_5b,185921,3,9,12,3,6,8,1,6,3
gated_alive:a_5b:186098,a_5b,186098,5,8,10,0,1,1,0,0,8
gated_alive:a_5b:186444,a_5b,186444,1,0,6,1,2,2,3,1,6
gated_alive:a_5b:186729,a_5b,186729,3,3,4,1,5,5,1,2,3
gated_alive:a_5b:186948,a_5b,186948,5,8,10,0,1,1,0,6,9
gated_alive:a_5b:186985,a_5b,186985,2,1,7,4,7,13,2,4,2
gated_alive:a_5b:187086,a_5b,187086,3,4,8,1,2,2,1,2,5
gated_alive:a_5b:188157,a_5b,188157,3,3,4,1,5,5,1,2,5
gated_alive:a_5b:188316,a_5b,188316,0,4,8,0,0,0,2,5,7
gated_alive:a_5b:188879,a_5b,188879,5,2,1,3,4,4,0,0,0
gated_alive:a_5b:190620,a_5b,190620,0,5,11,2,3,3,4,3,1
gated_alive:a_5b:191691,a_5b,191691,0,5,11,2,3,3,4,3,1
gated_alive:a_5b:191993,a_5b,191993,5,8,10,0,0,6,0,0,8
gated_alive:a_5b:192257,a_5b,192257,1,0,0,1,2,2,3,1,4
gated_alive:a_5b:193079,a_5b,193079,1,0,0,1,2,2,3,1,6
gated_alive:a_5b:194004,a_5b,194004,1,3,4,1,2,2,1,2,5
gated_alive:a_5b:194382,a_5b,194382,0,4,8,0,1,1,0,5,7
gated_alive:a_5b:194870,a_5b,194870,5,2,1,0,1,1,0,8,10
gated_alive:a_5b:194895,a_5b,194895,3,3,4,1,5,5,1,2,5
gated_alive:a_5b:194897,a_5b,194897,3,3,4,1,5,5,1,2,5
gated_alive:a_5b:195244,a_5b,195244,3,4,8,3,6,8,2,5,14
gated_alive:a_5b:196408,a_5b,196408,5,8,10,0,1,1,0,0,8
gated_alive:a_5b:196445,a_5b,196445,5,2,1,0,1,1,0,0,0
gated_alive:a_5b:196987,a_5b,196987,5,2,1,0,1,1,0,0,0
gated_alive:a_5b:197211,a_5b,197211,0,5,11,2,3,3,4,3,1
gated_alive:a_5b:197476,a_5b,197476,0,5,11,2,3,3,4,3,1
gated_alive:a_5b:197555,a_5b,197555,0,4,8,2,3,3,5,5,7
gated_alive:a_5b:198253,a_5b,198253,5,8,10,0,0,0,0,8,10
gated_alive:a_5b:198337,a_5b,198337,0,5,11,2,3,3,4,3,1
gated_alive:a_5b:198371,a_5b,198371,0,5,11,2,3,3,4,3,1
gated_alive:a_5b:198463,a_5b,198463,1,0,0,1,2,2,3,1,4
gated_alive:a_5b:199110,a_5b,199110,0,5,11,2,3,3,4,5,7
gated_alive:a_5b:199175,a_5b,199175,5,2,1,0,1,1,0,0,0
gated_alive:a_5b:199371,a_5b,199371,1,0,6,1,2,2,3,1,6
gated_alive:a_5b:201016,a_5b,201016,0,4,8,0,1,1,0,5,7
gated_alive:a_5b:201379,a_5b,201379,0,4,8,3,6,8,2,5,14
gated_alive:a_5b:201908,a_5b,201908,5,2,8,0,1,1,0,5,7
gated_alive:a_5b:203101,a_5b,203101,1,0,0,1,2,2,3,1,4
gated_alive:a_5b:203148,a_5b,203148,1,4,0,1,5,5,1,1,4
gated_alive:a_5b:203262,a_5b,203262,3,4,8,3,6,8,2,5,14
gated_alive:a_5b:204022,a_5b,204022,0,5,11,2,3,3,4,3,1
gated_alive:a_5b:205650,a_5b,205650,3,9,12,3,6,8,1,6,3
gated_alive:a_5b:205766,a_5b,205766,1,0,6,1,2,2,3,1,6
gated_alive:a_5b:205805,a_5b,205805,0,4,8,2,3,3,2,5,7
gated_alive:a_5b:206090,a_5b,206090,1,0,0,1,2,2,3,1,6
gated_alive:a_5b:206517,a_5b,206517,1,4,0,1,5,5,3,1,4
gated_alive:a_5b:206787,a_5b,206787,3,4,8,1,5,5,1,2,3
gated_alive:a_5b:207103,a_5b,207103,5,2,1,0,1,1,0,0,8
gated_alive:a_5b:207134,a_5b,207134,3,3,4,1,5,5,1,2,5
gated_alive:a_5b:207515,a_5b,207515,3,9,12,1,5,5,1,2,3
gated_alive:a_5b:207689,a_5b,207689,0,5,11,2,3,3,4,3,1
gated_alive:a_5b:207802,a_5b,207802,5,8,3,0,0,7,0,7,12
gated_alive:a_5b:207864,a_5b,207864,0,5,11,2,3,3,4,3,1
gated_alive:a_5b:207893,a_5b,207893,3,3,4,4,7,10,1,2,3
gated_alive:a_5b:207918,a_5b,207918,3,4,0,1,5,5,1,2,4
gated_alive:a_5b:207940,a_5b,207940,5,2,8,0,1,1,0,0,8
gated_alive:a_5b:208141,a_5b,208141,5,8,10,0,1,1,0,0,0
