method,direction,donor_id,marker,value
SVM,positive,a_001,CD3,5.656434934849734
SVM,positive,a_001,CD27,0.8939995167623904
SVM,positive,a_001,CD19,-0.00214316531863602
SVM,positive,a_001,CD4,1.5054847059682164
SVM,positive,a_001,CD8,4.865443781766948
SVM,positive,a_001,CD57,3.5421457721922223
SVM,positive,a_001,2DL1-S1,-0.02583006082316067
SVM,positive,a_001,TRAIL,-0.11635171266795946
SVM,positive,a_001,2DL2-L3-S2,-0.12059397040181952
SVM,positive,a_001,CD16,1.311011573883411
SVM,positive,a_001,CD10,-0.0861868486299481
SVM,positive,a_001,3DL1-S1,-0.0794224611173317
SVM,positive,a_001,CD117,-0.10995768900395604
SVM,positive,a_001,2DS4,-0.07433878542854944
SVM,positive,a_001,ILT2-CD85j,1.3392988292331
SVM,positive,a_001,NKp46,-0.033787863625323634
SVM,positive,a_001,NKG2D,2.7157996774333153
SVM,positive,a_001,NKG2C,-0.15748728354132915
SVM,positive,a_001,2B4,0.721641490587971
SVM,positive,a_001,CD33,0.6680068232627513
SVM,positive,a_001,CD11b,-0.07628911204429394
SVM,positive,a_001,NKp30,0.8844201815422112
SVM,positive,a_001,CD122,-0.1803327123416048
SVM,positive,a_001,3DL1,0.25842129962242033
SVM,positive,a_001,NKp44,-0.08283802059906314
SVM,positive,a_001,CD127,-0.015598120579638936
SVM,positive,a_001,2DL1,-0.1320533753734925
SVM,positive,a_001,CD94,1.67349884811332
SVM,positive,a_001,CD34,-0.14145188925653696
SVM,positive,a_001,CCR7,-0.00439360218319658
SVM,positive,a_001,2DL3,-0.070169394310979
SVM,positive,a_001,NKG2A,-0.017249742010427907
SVM,positive,a_001,HLA-DR,3.9341890229802514
SVM,positive,a_001,2DL4,0.38039787231841116
SVM,positive,a_001,CD56,-0.17593793070620026
SVM,positive,a_001,2DL5,-0.05606185410433402
SVM,positive,a_001,CD25,-0.17927952225141358
SVM,positive,a_002,CD3,3.2757200922705314
SVM,positive,a_002,CD27,0.5058766364234579
SVM,positive,a_002,CD19,-0.006705343394879319
SVM,positive,a_002,CD4,0.7551244789060293
SVM,positive,a_002,CD8,3.487462606143288
SVM,positive,a_002,CD57,4.580862841942528
SVM,positive,a_002,2DL1-S1,0.44360233569635976
SVM,positive,a_002,TRAIL,-0.10088106240186129
SVM,positive,a_002,2DL2-L3-S2,1.0572517058482949
SVM,positive,a_002,CD16,4.191450703367963
SVM,positive,a_002,CD10,0.43449758603628924
SVM,positive,a_002,3DL1-S1,-0.0750425167030493
SVM,positive,a_002,CD117,0.7524757876019122
SVM,positive,a_002,2DS4,0.15330621522786061
SVM,positive,a_002,ILT2-CD85j,0.9964722551043765
SVM,positive,a_002,NKp46,1.3228251686864239
SVM,positive,a_002,NKG2D,2.2786723801222513
SVM,positive,a_002,NKG2C,3.7492484918355857
SVM,positive,a_002,2B4,1.5707885740926761
SVM,positive,a_002,CD33,1.2487709707630998
SVM,positive,a_002,CD11b,0.7227479875754366
SVM,positive,a_002,NKp30,0.7647823768196357
SVM,positive,a_002,CD122,0.589138509932935
SVM,positive,a_002,3DL1,-0.10029986784216634
SVM,positive,a_002,NKp44,-0.11558332430140685
SVM,positive,a_002,CD127,-0.01701211825953372
SVM,positive,a_002,2DL1,-0.04864896006778957
SVM,positive,a_002,CD94,3.232577586693587
SVM,positive,a_002,CD34,1.2292643158672638
SVM,positive,a_002,CCR7,0.047748843222357944
SVM,positive,a_002,2DL3,2.797292826900451
SVM,positive,a_002,NKG2A,-0.08257143911315978
SVM,positive,a_002,HLA-DR,1.87255663331994
SVM,positive,a_002,2DL4,0.687067020428261
SVM,positive,a_002,CD56,3.6341609458597652
SVM,positive,a_002,2DL5,0.2962764231495137
SVM,positive,a_002,CD25,-0.012819111918397347
SVM,positive,a_003,CD3,2.1417418057738
SVM,positive,a_003,CD27,0.3577842627688116
SVM,positive,a_003,CD19,-0.10680653659110188
SVM,positive,a_003,CD4,0.09192275361615312
SVM,positive,a_003,CD8,3.4516106996523233
SVM,positive,a_003,CD57,3.6572350516580645
SVM,positive,a_003,2DL1-S1,0.9516019116695604
SVM,positive,a_003,TRAIL,-0.11313365947186065
SVM,positive,a_003,2DL2-L3-S2,-0.06292687724245011
SVM,positive,a_003,CD16,3.4383406849732556
SVM,positive,a_003,CD10,0.01837775223610056
SVM,positive,a_003,3DL1-S1,-0.1259641694019308
SVM,positive,a_003,CD117,-0.04464558627261082
SVM,positive,a_003,2DS4,3.7746982450279285
SVM,positive,a_003,ILT2-CD85j,1.2924755983949832
SVM,positive,a_003,NKp46,0.43025912729679244
SVM,positive,a_003,NKG2D,2.8006631600664598
SVM,positive,a_003,NKG2C,1.2754530025242319
SVM,positive,a_003,2B4,0.993869013489838
SVM,positive,a_003,CD33,3.110524075574446
SVM,positive,a_003,CD11b,0.8441114206686386
SVM,positive,a_003,NKp30,0.040629928645093606
SVM,positive,a_003,CD122,1.673744221496634
SVM,positive,a_003,3DL1,0.5539694675229143
SVM,positive,a_003,NKp44,-0.07788352913214343
SVM,positive,a_003,CD127,0.43315654328461783
SVM,positive,a_003,2DL1,-0.01873441866579
SVM,positive,a_003,CD94,4.457368960777675
SVM,positive,a_003,CD34,0.8120164116557189
SVM,positive,a_003,CCR7,-0.09498951542076096
SVM,positive,a_003,2DL3,-0.0850849749560052
SVM,positive,a_003,NKG2A,3.4372561775731563
SVM,positive,a_003,HLA-DR,2.638478801674678
SVM,positive,a_003,2DL4,0.26933095394171186
SVM,positive,a_003,CD56,3.570575750301959
SVM,positive,a_003,2DL5,-0.0749020361198008
SVM,positive,a_003,CD25,0.2631685259397865
SVM,positive,a_004,CD3,2.639145423980726
SVM,positive,a_004,CD27,-0.13526682172744459
SVM,positive,a_004,CD19,-0.014900234327619798
SVM,positive,a_004,CD4,-0.08915727776525272
SVM,positive,a_004,CD8,1.4450812999536524
SVM,positive,a_004,CD57,2.592868905563343
SVM,positive,a_004,2DL1-S1,-0.031560507014814
SVM,positive,a_004,TRAIL,-0.06562386148908075
SVM,positive,a_004,2DL2-L3-S2,0.9099844258101544
SVM,positive,a_004,CD16,4.813384609887338
SVM,positive,a_004,CD10,0.1908845348294658
SVM,positive,a_004,3DL1-S1,-0.10075136670989025
SVM,positive,a_004,CD117,-0.1333063305654263
SVM,positive,a_004,2DS4,-0.06975613597005204
SVM,positive,a_004,ILT2-CD85j,2.8998543512067694
SVM,positive,a_004,NKp46,1.5620145002482668
SVM,positive,a_004,NKG2D,1.2159667351104233
SVM,positive,a_004,NKG2C,2.653963255538863
SVM,positive,a_004,2B4,0.47294205044502546
SVM,positive,a_004,CD33,1.5776747501850934
SVM,positive,a_004,CD11b,0.9682520800708788
SVM,positive,a_004,NKp30,1.6639535528736973
SVM,positive,a_004,CD122,-0.027253412959297844
SVM,positive,a_004,3DL1,-0.18778236681502206
SVM,positive,a_004,NKp44,-0.13774305662402703
SVM,positive,a_004,CD127,0.3733371220856595
SVM,positive,a_004,2DL1,0.10827756408000203
SVM,positive,a_004,CD94,2.4065562640535196
SVM,positive,a_004,CD34,0.6696140621658506
SVM,positive,a_004,CCR7,-0.1651010780146065
SVM,positive,a_004,2DL3,2.987185743242024
SVM,positive,a_004,NKG2A,-0.15914147222986047
SVM,positive,a_004,HLA-DR,1.1259473880951048
SVM,positive,a_004,2DL4,0.575751597657454
SVM,positive,a_004,CD56,3.51457383266228
SVM,positive,a_004,2DL5,1.1903835147441673
SVM,positive,a_004,CD25,-0.06273131904307964
SVM,positive,a_005,CD3,3.274965392614321
SVM,positive,a_005,CD27,-0.05491081901364739
SVM,positive,a_005,CD19,0.7837051429009088
SVM,positive,a_005,CD4,0.5661583725451267
SVM,positive,a_005,CD8,4.17281504427543
SVM,positive,a_005,CD57,3.574052119578078
SVM,positive,a_005,2DL1-S1,0.22167419122313886
SVM,positive,a_005,TRAIL,-0.13650399200315694
SVM,positive,a_005,2DL2-L3-S2,0.004139550501207028
SVM,positive,a_005,CD16,3.945768111756549
SVM,positive,a_005,CD10,1.044157693394534
SVM,positive,a_005,3DL1-S1,-0.05955444997356125
SVM,positive,a_005,CD117,0.3694297007930205
SVM,positive,a_005,2DS4,1.2053048450006818
SVM,positive,a_005,ILT2-CD85j,1.067626087937859
SVM,positive,a_005,NKp46,-0.056240606701602774
SVM,positive,a_005,NKG2D,1.9344262456989907
SVM,positive,a_005,NKG2C,3.7366588882295484
SVM,positive,a_005,2B4,1.987516224817645
SVM,positive,a_005,CD33,-0.018074489473209727
SVM,positive,a_005,CD11b,1.2439485146122071
SVM,positive,a_005,NKp30,-0.07749914310010282
SVM,positive,a_005,CD122,0.5948899052492187
SVM,positive,a_005,3DL1,-0.12628700382178848
SVM,positive,a_005,NKp44,-0.005088090549282768
SVM,positive,a_005,CD127,0.33431540994812126
SVM,positive,a_005,2DL1,-0.0616576873855519
SVM,positive,a_005,CD94,3.526860782458
SVM,positive,a_005,CD34,1.4385992615793044
SVM,positive,a_005,CCR7,-0.0287066459288109
SVM,positive,a_005,2DL3,0.5300700381127985
SVM,positive,a_005,NKG2A,1.440654733859009
SVM,positive,a_005,HLA-DR,0.6090411423580064
SVM,positive,a_005,2DL4,1.1485732326499107
SVM,positive,a_005,CD56,3.551607061752619
SVM,positive,a_005,2DL5,-0.08837441719127781
SVM,positive,a_005,CD25,-0.06041930653536381
SVM,positive,a_006,CD3,3.8392520114681505
SVM,positive,a_006,CD27,-0.0455995230750741
SVM,positive,a_006,CD19,1.5423926051505914
SVM,positive,a_006,CD4,-0.030592092265474113
SVM,positive,a_006,CD8,3.1682699447022244
SVM,positive,a_006,CD57,4.2585244074275295
SVM,positive,a_006,2DL1-S1,0.04982685448465456
SVM,positive,a_006,TRAIL,-0.12831783774211897
SVM,positive,a_006,2DL2-L3-S2,-0.031248258159722354
SVM,positive,a_006,CD16,2.880104285413695
SVM,positive,a_006,CD10,-0.11915472689750833
SVM,positive,a_006,3DL1-S1,1.4483666339093515
SVM,positive,a_006,CD117,0.6195476289484809
SVM,positive,a_006,2DS4,1.3593432943168124
SVM,positive,a_006,ILT2-CD85j,1.7486059427535146
SVM,positive,a_006,NKp46,-0.15487058682593177
SVM,positive,a_006,NKG2D,1.7993202049557089
SVM,positive,a_006,NKG2C,-0.007957379734496414
SVM,positive,a_006,2B4,1.8254631519516114
SVM,positive,a_006,CD33,0.42826959802432096
SVM,positive,a_006,CD11b,0.2109257900102157
SVM,positive,a_006,NKp30,-0.007488313368234902
SVM,positive,a_006,CD122,1.5435124988449798
SVM,positive,a_006,3DL1,2.8577446773961603
SVM,positive,a_006,NKp44,-0.10610663509574059
SVM,positive,a_006,CD127,-0.03672772994046561
SVM,positive,a_006,2DL1,-0.024160348723906527
SVM,positive,a_006,CD94,0.12374069757166528
SVM,positive,a_006,CD34,-0.13658322970701894
SVM,positive,a_006,CCR7,-0.07142631485075622
SVM,positive,a_006,2DL3,-0.03501071901758123
SVM,positive,a_006,NKG2A,1.8156716074680717
SVM,positive,a_006,HLA-DR,5.854037286189441
SVM,positive,a_006,2DL4,2.3475289426576933
SVM,positive,a_006,CD56,0.5347205946539562
SVM,positive,a_006,2DL5,-0.14386980463462315
SVM,positive,a_006,CD25,0.17068679412441579
SVM,positive,a_007,CD3,4.165304265872643
SVM,positive,a_007,CD27,0.21714882369597227
SVM,positive,a_007,CD19,0.27766317447187366
SVM,positive,a_007,CD4,1.9743044548997566
SVM,positive,a_007,CD8,2.8733142830292504
SVM,positive,a_007,CD57,4.515957432072996
SVM,positive,a_007,2DL1-S1,1.1144324032558448
SVM,positive,a_007,TRAIL,-0.14891272222338603
SVM,positive,a_007,2DL2-L3-S2,0.8731917291480458
SVM,positive,a_007,CD16,3.5121764818418417
SVM,positive,a_007,CD10,0.1373423519095423
SVM,positive,a_007,3DL1-S1,-0.03896756071107112
SVM,positive,a_007,CD117,-0.08864505821362616
SVM,positive,a_007,2DS4,2.615907910723356
SVM,positive,a_007,ILT2-CD85j,1.2825237312214244
SVM,positive,a_007,NKp46,-0.02577002018675759
SVM,positive,a_007,NKG2D,0.531926052147556
SVM,positive,a_007,NKG2C,3.4987727487303384
SVM,positive,a_007,2B4,1.4110198704423325
SVM,positive,a_007,CD33,0.761777655401948
SVM,positive,a_007,CD11b,1.4575201425421156
SVM,positive,a_007,NKp30,1.7172342639964118
SVM,positive,a_007,CD122,0.43294895813596945
SVM,positive,a_007,3DL1,-0.08381382206767841
SVM,positive,a_007,NKp44,-0.13418205393369192
SVM,positive,a_007,CD127,0.2852160822992482
SVM,positive,a_007,2DL1,-0.09791777708047833
SVM,positive,a_007,CD94,2.895021809711778
SVM,positive,a_007,CD34,1.4076624586717241
SVM,positive,a_007,CCR7,-0.04842569079772771
SVM,positive,a_007,2DL3,-0.06121611744770094
SVM,positive,a_007,NKG2A,-0.02341326091257101
SVM,positive,a_007,HLA-DR,3.3911174857346587
SVM,positive,a_007,2DL4,0.07049421673592927
SVM,positive,a_007,CD56,1.9277059232618734
SVM,positive,a_007,2DL5,-0.008718101511473892
SVM,positive,a_007,CD25,-0.07417735641985745
SVM,positive,a_009,CD3,4.561712081148228
SVM,positive,a_009,CD27,1.0367487632772172
SVM,positive,a_009,CD19,0.14940093886786876
SVM,positive,a_009,CD4,1.8423477689136587
SVM,positive,a_009,CD8,4.147553598526755
SVM,positive,a_009,CD57,3.485405040058993
SVM,positive,a_009,2DL1-S1,0.6412969994890153
SVM,positive,a_009,TRAIL,-0.09166991577678292
SVM,positive,a_009,2DL2-L3-S2,0.35670426127623744
SVM,positive,a_009,CD16,4.098388665252776
SVM,positive,a_009,CD10,0.6157515778010598
SVM,positive,a_009,3DL1-S1,0.14228147299431493
SVM,positive,a_009,CD117,-0.05746029189911706
SVM,positive,a_009,2DS4,-0.017175062492880866
SVM,positive,a_009,ILT2-CD85j,3.6467068497307547
SVM,positive,a_009,NKp46,-0.028771892028574313
SVM,positive,a_009,NKG2D,2.1893499501844427
SVM,positive,a_009,NKG2C,0.6101857366434731
SVM,positive,a_009,2B4,1.3762778382164083
SVM,positive,a_009,CD33,3.011013633805981
SVM,positive,a_009,CD11b,0.6126294358830967
SVM,positive,a_009,NKp30,-0.0016599012366904262
SVM,positive,a_009,CD122,1.2127160560229702
SVM,positive,a_009,3DL1,-0.049871695957375416
SVM,positive,a_009,NKp44,-0.06702646134547545
SVM,positive,a_009,CD127,-0.0907345645312987
SVM,positive,a_009,2DL1,-0.12091594089159613
SVM,positive,a_009,CD94,1.674562809632596
SVM,positive,a_009,CD34,1.0143792930486302
SVM,positive,a_009,CCR7,-0.09054583332924879
SVM,positive,a_009,2DL3,-0.03650186948475203
SVM,positive,a_009,NKG2A,1.9680124917175075
SVM,positive,a_009,HLA-DR,5.964854912073243
SVM,positive,a_009,2DL4,2.3078949807859623
SVM,positive,a_009,CD56,1.4918226290473033
SVM,positive,a_009,2DL5,-0.09525331142550213
SVM,positive,a_009,CD25,0.012712934895803918
SVM,positive,a_010,CD3,4.309374667397487
SVM,positive,a_010,CD27,-0.006361629372593927
SVM,positive,a_010,CD19,-0.00042881088879833176
SVM,positive,a_010,CD4,0.4452775490394882
SVM,positive,a_010,CD8,2.6127307233837445
SVM,positive,a_010,CD57,1.7533250592202374
SVM,positive,a_010,2DL1-S1,-0.09679480520306614
SVM,positive,a_010,TRAIL,0.10576568030604497
SVM,positive,a_010,2DL2-L3-S2,0.5324004437242278
SVM,positive,a_010,CD16,4.664948478326983
SVM,positive,a_010,CD10,0.645871630995176
SVM,positive,a_010,3DL1-S1,-0.1307039894573075
SVM,positive,a_010,CD117,-0.1247832179137303
SVM,positive,a_010,2DS4,-0.048293019991193106
SVM,positive,a_010,ILT2-CD85j,3.218089628309676
SVM,positive,a_010,NKp46,0.24665995531827836
SVM,positive,a_010,NKG2D,-0.12298950166434314
SVM,positive,a_010,NKG2C,-0.05555074167497335
SVM,positive,a_010,2B4,1.806875950591571
SVM,positive,a_010,CD33,0.0678021452611958
SVM,positive,a_010,CD11b,0.20863263593486167
SVM,positive,a_010,NKp30,-0.056495512166130746
SVM,positive,a_010,CD122,-0.06595319732575397
SVM,positive,a_010,3DL1,-0.06822297575294883
SVM,positive,a_010,NKp44,-0.03926275633832772
SVM,positive,a_010,CD127,-0.024933372817889498
SVM,positive,a_010,2DL1,-0.09743797351274576
SVM,positive,a_010,CD94,1.8208610224280959
SVM,positive,a_010,CD34,0.8664236241308887
SVM,positive,a_010,CCR7,0.37490838974627705
SVM,positive,a_010,2DL3,-0.07792047318151533
SVM,positive,a_010,NKG2A,0.5647352381918807
SVM,positive,a_010,HLA-DR,4.822752011952181
SVM,positive,a_010,2DL4,1.0405879014734936
SVM,positive,a_010,CD56,0.7117844178044547
SVM,positive,a_010,2DL5,-0.09082475594194891
SVM,positive,a_010,CD25,-0.061097814916653614
SVM,positive,a_011,CD3,2.60924893778522
SVM,positive,a_011,CD27,0.8125670656426903
SVM,positive,a_011,CD19,0.691826581760593
SVM,positive,a_011,CD4,-0.06963586588133537
SVM,positive,a_011,CD8,2.944384168270943
SVM,positive,a_011,CD57,2.0115637339545693
SVM,positive,a_011,2DL1-S1,0.4512052888694124
SVM,positive,a_011,TRAIL,-0.05508098916535822
SVM,positive,a_011,2DL2-L3-S2,-0.12993036686907433
SVM,positive,a_011,CD16,3.0209556630400574
SVM,positive,a_011,CD10,0.04479760190777582
SVM,positive,a_011,3DL1-S1,-0.08472445117691237
SVM,positive,a_011,CD117,0.010186309788473905
SVM,positive,a_011,2DS4,1.0977733651290547
SVM,positive,a_011,ILT2-CD85j,1.3343059787634803
SVM,positive,a_011,NKp46,-0.07326292030904658
SVM,positive,a_011,NKG2D,0.9269666537285812
SVM,positive,a_011,NKG2C,-0.03313825958670801
SVM,positive,a_011,2B4,0.5050684768980249
SVM,positive,a_011,CD33,4.648017765199367
SVM,positive,a_011,CD11b,0.9133471249745055
SVM,positive,a_011,NKp30,-0.038113339455490884
SVM,positive,a_011,CD122,0.08691781828045277
SVM,positive,a_011,3DL1,-0.04555218953086534
SVM,positive,a_011,NKp44,-0.10169431716096825
SVM,positive,a_011,CD127,0.07731269832519674
SVM,positive,a_011,2DL1,-0.12253217235866687
SVM,positive,a_011,CD94,1.3785271290219618
SVM,positive,a_011,CD34,1.6619617587351152
SVM,positive,a_011,CCR7,0.2100813502210256
SVM,positive,a_011,2DL3,0.2185219507169773
SVM,positive,a_011,NKG2A,-0.003031342490697242
SVM,positive,a_011,HLA-DR,4.105668843045875
SVM,positive,a_011,2DL4,1.7912744171557198
SVM,positive,a_011,CD56,0.3758251589507363
SVM,positive,a_011,2DL5,0.41966532471841006
SVM,positive,a_011,CD25,-0.037508010215046836
SVM,positive,a_012,CD3,3.277034937472368
SVM,positive,a_012,CD27,0.6108239092933668
SVM,positive,a_012,CD19,-0.011838815225981965
SVM,positive,a_012,CD4,0.6320939480356645
SVM,positive,a_012,CD8,4.700286018963313
SVM,positive,a_012,CD57,2.8507508129584553
SVM,positive,a_012,2DL1-S1,0.003911910659527203
SVM,positive,a_012,TRAIL,-0.056685418341654734
SVM,positive,a_012,2DL2-L3-S2,0.22720203563786553
SVM,positive,a_012,CD16,3.452213663986329
SVM,positive,a_012,CD10,1.383715836850881
SVM,positive,a_012,3DL1-S1,-0.052178937475063095
SVM,positive,a_012,CD117,-0.11135362188087539
SVM,positive,a_012,2DS4,-0.08553934368006033
SVM,positive,a_012,ILT2-CD85j,2.159572387910453
SVM,positive,a_012,NKp46,-0.09089741784242018
SVM,positive,a_012,NKG2D,1.6229628847450452
SVM,positive,a_012,NKG2C,1.5379288137287122
SVM,positive,a_012,2B4,1.4845335188151918
SVM,positive,a_012,CD33,3.1081915514658527
SVM,positive,a_012,CD11b,1.7192710332420675
SVM,positive,a_012,NKp30,-0.08144055028671193
SVM,positive,a_012,CD122,0.7211184482851434
SVM,positive,a_012,3DL1,-0.08116184861804793
SVM,positive,a_012,NKp44,-0.07326083973251965
SVM,positive,a_012,CD127,0.3298872581468984
SVM,positive,a_012,2DL1,-0.08612355110429679
SVM,positive,a_012,CD94,2.4468620016281535
SVM,positive,a_012,CD34,0.3525581697152148
SVM,positive,a_012,CCR7,-0.13229434708964352
SVM,positive,a_012,2DL3,0.21321109170296226
SVM,positive,a_012,NKG2A,0.01432970447418352
SVM,positive,a_012,HLA-DR,3.019458106068031
SVM,positive,a_012,2DL4,0.8909352237849383
SVM,positive,a_012,CD56,0.5790085034251068
SVM,positive,a_012,2DL5,-0.030957909417238857
SVM,positive,a_012,CD25,-0.05314267155879505
SVM,positive,a_1a,CD3,4.957961581850745
SVM,positive,a_1a,CD27,2.3321026084675296
SVM,positive,a_1a,CD19,-0.016853912960970517
SVM,positive,a_1a,CD4,1.651315793314117
SVM,positive,a_1a,CD8,3.671602908661359
SVM,positive,a_1a,CD57,3.935673572690752
SVM,positive,a_1a,2DL1-S1,-0.08347626446097453
SVM,positive,a_1a,TRAIL,-0.015441987135885462
SVM,positive,a_1a,2DL2-L3-S2,-0.06595648630641585
SVM,positive,a_1a,CD16,2.093255994056961
SVM,positive,a_1a,CD10,1.1501789924156909
SVM,positive,a_1a,3DL1-S1,-0.07238009148239667
SVM,positive,a_1a,CD117,-0.053665379947010414
SVM,positive,a_1a,2DS4,1.9277965694068817
SVM,positive,a_1a,ILT2-CD85j,0.6493355658178516
SVM,positive,a_1a,NKp46,-0.006466274349829625
SVM,positive,a_1a,NKG2D,1.1463244088922802
SVM,positive,a_1a,NKG2C,1.9754646693085167
SVM,positive,a_1a,2B4,3.073955287110857
SVM,positive,a_1a,CD33,3.715174399080085
SVM,positive,a_1a,CD11b,1.2840667380069786
SVM,positive,a_1a,NKp30,1.7444312000188726
SVM,positive,a_1a,CD122,1.8497221318537815
SVM,positive,a_1a,3DL1,-0.07369484112814359
SVM,positive,a_1a,NKp44,-0.11815508548108061
SVM,positive,a_1a,CD127,1.4968885594337864
SVM,positive,a_1a,2DL1,-0.03918232214379993
SVM,positive,a_1a,CD94,3.5897708434183215
SVM,positive,a_1a,CD34,0.3214267793614398
SVM,positive,a_1a,CCR7,2.4075992125024253
SVM,positive,a_1a,2DL3,0.05760247586778953
SVM,positive,a_1a,NKG2A,3.042020850708826
SVM,positive,a_1a,HLA-DR,2.789624667524299
SVM,positive,a_1a,2DL4,1.3263136896330718
SVM,positive,a_1a,CD56,4.024814795349781
SVM,positive,a_1a,2DL5,-0.0393126724627728
SVM,positive,a_1a,CD25,-0.02109102997586955
SVM,positive,a_2a,CD3,4.34306934914303
SVM,positive,a_2a,CD27,2.6120676015251245
SVM,positive,a_2a,CD19,1.3215592001074032
SVM,positive,a_2a,CD4,-0.12158391350177153
SVM,positive,a_2a,CD8,4.439494324353454
SVM,positive,a_2a,CD57,1.0970059181379361
SVM,positive,a_2a,2DL1-S1,-0.09516459890315054
SVM,positive,a_2a,TRAIL,-0.16308158773106
SVM,positive,a_2a,2DL2-L3-S2,0.9936959516249257
SVM,positive,a_2a,CD16,3.394191335261694
SVM,positive,a_2a,CD10,0.9432099418450741
SVM,positive,a_2a,3DL1-S1,-0.19677299980264526
SVM,positive,a_2a,CD117,0.09800673895877891
SVM,positive,a_2a,2DS4,3.706447715234498
SVM,positive,a_2a,ILT2-CD85j,2.4933471612501936
SVM,positive,a_2a,NKp46,1.830701443189934
SVM,positive,a_2a,NKG2D,2.6423165334377314
SVM,positive,a_2a,NKG2C,3.619907450958156
SVM,positive,a_2a,2B4,2.2612835101240187
SVM,positive,a_2a,CD33,2.3035858655793895
SVM,positive,a_2a,CD11b,0.45204678527521736
SVM,positive,a_2a,NKp30,-0.12146008832710802
SVM,positive,a_2a,CD122,-0.027698244375937254
SVM,positive,a_2a,3DL1,1.0228179621083782
SVM,positive,a_2a,NKp44,-0.15024051897266275
SVM,positive,a_2a,CD127,2.0041947606855985
SVM,positive,a_2a,2DL1,-0.11410422473107694
SVM,positive,a_2a,CD94,2.705616123651816
SVM,positive,a_2a,CD34,0.32737701665424146
SVM,positive,a_2a,CCR7,-0.16747742549676325
SVM,positive,a_2a,2DL3,2.0902321661534544
SVM,positive,a_2a,NKG2A,-0.13512242194295823
SVM,positive,a_2a,HLA-DR,3.202789768042539
SVM,positive,a_2a,2DL4,-0.1538592837606079
SVM,positive,a_2a,CD56,3.6367548792127713
SVM,positive,a_2a,2DL5,-0.17252341469986315
SVM,positive,a_2a,CD25,-0.18078181233921403
SVM,positive,a_2b,CD3,5.687756114357386
SVM,positive,a_2b,CD27,2.994696882471445
SVM,positive,a_2b,CD19,-0.012230564458695595
SVM,positive,a_2b,CD4,1.949262019244766
SVM,positive,a_2b,CD8,4.667457227044613
SVM,positive,a_2b,CD57,0.4066889707809316
SVM,positive,a_2b,2DL1-S1,0.14025189511680494
SVM,positive,a_2b,TRAIL,-0.0916359586835977
SVM,positive,a_2b,2DL2-L3-S2,-0.029133743201879257
SVM,positive,a_2b,CD16,-0.033485734704955195
SVM,positive,a_2b,CD10,-0.06517031647589598
SVM,positive,a_2b,3DL1-S1,-0.07583352517759111
SVM,positive,a_2b,CD117,-0.15501385788068078
SVM,positive,a_2b,2DS4,-0.04739100340133578
SVM,positive,a_2b,ILT2-CD85j,-0.06912792224134241
SVM,positive,a_2b,NKp46,-0.08824095858075855
SVM,positive,a_2b,NKG2D,2.167139945765135
SVM,positive,a_2b,NKG2C,2.3588250423068935
SVM,positive,a_2b,2B4,2.2271231720190867
SVM,positive,a_2b,CD33,-0.0018920181206788275
SVM,positive,a_2b,CD11b,1.914092506761671
SVM,positive,a_2b,NKp30,0.1532845830726256
SVM,positive,a_2b,CD122,2.388707991245232
SVM,positive,a_2b,3DL1,-0.14099803913228026
SVM,positive,a_2b,NKp44,-0.08727621973675134
SVM,positive,a_2b,CD127,3.0821776863808688
SVM,positive,a_2b,2DL1,0.029958070234722484
SVM,positive,a_2b,CD94,-0.02410306596858488
SVM,positive,a_2b,CD34,-0.09032970918022372
SVM,positive,a_2b,CCR7,1.4534801151807002
SVM,positive,a_2b,2DL3,-0.07287414423625538
SVM,positive,a_2b,NKG2A,-0.09199778831177381
SVM,positive,a_2b,HLA-DR,2.235505653678836
SVM,positive,a_2b,2DL4,-0.03455874820453463
SVM,positive,a_2b,CD56,0.7290898047050487
SVM,positive,a_2b,2DL5,-0.05650074306357269
SVM,positive,a_2b,CD25,-0.09516120489709252
SVM,positive,a_3a,CD3,5.0934958956019445
SVM,positive,a_3a,CD27,-0.05270733898863764
SVM,positive,a_3a,CD19,0.2836739059855806
SVM,positive,a_3a,CD4,1.2057370090794435
SVM,positive,a_3a,CD8,2.390941984490013
SVM,positive,a_3a,CD57,3.6876089951867477
SVM,positive,a_3a,2DL1-S1,1.3773280434682726
SVM,positive,a_3a,TRAIL,-0.015806070449896337
SVM,positive,a_3a,2DL2-L3-S2,-0.027895697880132162
SVM,positive,a_3a,CD16,4.253982198312472
SVM,positive,a_3a,CD10,0.8392961420639506
SVM,positive,a_3a,3DL1-S1,-0.04310211086017093
SVM,positive,a_3a,CD117,1.3785375220116824
SVM,positive,a_3a,2DS4,-0.15581977080713832
SVM,positive,a_3a,ILT2-CD85j,-0.08605582314265887
SVM,positive,a_3a,NKp46,0.2712423260626317
SVM,positive,a_3a,NKG2D,0.27087627002732484
SVM,positive,a_3a,NKG2C,2.5457174968293996
SVM,positive,a_3a,2B4,0.4807135367932671
SVM,positive,a_3a,CD33,2.1197143560964355
SVM,positive,a_3a,CD11b,0.5737918755970063
SVM,positive,a_3a,NKp30,2.5041462312276237
SVM,positive,a_3a,CD122,1.8670580353190023
SVM,positive,a_3a,3DL1,-0.05155897139006141
SVM,positive,a_3a,NKp44,-0.1310934427583136
SVM,positive,a_3a,CD127,0.01375812548410976
SVM,positive,a_3a,2DL1,2.9915272840151643
SVM,positive,a_3a,CD94,-0.15803619223292734
SVM,positive,a_3a,CD34,-0.1415035020771729
SVM,positive,a_3a,CCR7,-0.12538802117076747
SVM,positive,a_3a,2DL3,-0.07633819057944105
SVM,positive,a_3a,NKG2A,-0.10824848072815704
SVM,positive,a_3a,HLA-DR,-0.0702939111430344
SVM,positive,a_3a,2DL4,0.28407654629778245
SVM,positive,a_3a,CD56,3.7474900188273286
SVM,positive,a_3a,2DL5,1.8312373921576302
SVM,positive,a_3a,CD25,-0.11164999159806507
SVM,positive,a_3b,CD3,3.9057325069853603
SVM,positive,a_3b,CD27,2.1202637828918403
SVM,positive,a_3b,CD19,0.09925913446852125
SVM,positive,a_3b,CD4,1.0552858195526733
SVM,positive,a_3b,CD8,5.2646603856991065
SVM,positive,a_3b,CD57,3.799719600707051
SVM,positive,a_3b,2DL1-S1,2.2429551228360873
SVM,positive,a_3b,TRAIL,-0.17671678093489385
SVM,positive,a_3b,2DL2-L3-S2,2.1667492516855207
SVM,positive,a_3b,CD16,4.273691009529643
SVM,positive,a_3b,CD10,3.4194632725657663
SVM,positive,a_3b,3DL1-S1,-0.07062425421743038
SVM,positive,a_3b,CD117,-0.051893859003760076
SVM,positive,a_3b,2DS4,0.6425741708895479
SVM,positive,a_3b,ILT2-CD85j,2.266241073124911
SVM,positive,a_3b,NKp46,0.0668486241369994
SVM,positive,a_3b,NKG2D,0.4995529135959681
SVM,positive,a_3b,NKG2C,2.6525321664949706
SVM,positive,a_3b,2B4,4.115996895136363
SVM,positive,a_3b,CD33,5.419743647106117
SVM,positive,a_3b,CD11b,0.1821175683608553
SVM,positive,a_3b,NKp30,2.092218338699024
SVM,positive,a_3b,CD122,2.132080110168202
SVM,positive,a_3b,3DL1,0.22061738443806492
SVM,positive,a_3b,NKp44,-0.04440204768802001
SVM,positive,a_3b,CD127,0.21573710885226105
SVM,positive,a_3b,2DL1,1.1677150892237276
SVM,positive,a_3b,CD94,2.763325846886956
SVM,positive,a_3b,CD34,-0.05102777637071453
SVM,positive,a_3b,CCR7,0.036847850356140355
SVM,positive,a_3b,2DL3,4.0525356905674075
SVM,positive,a_3b,NKG2A,1.1096691752312446
SVM,positive,a_3b,HLA-DR,5.719596900812926
SVM,positive,a_3b,2DL4,1.520690759098587
SVM,positive,a_3b,CD56,1.6054874231831486
SVM,positive,a_3b,2DL5,1.9330511026162815
SVM,positive,a_3b,CD25,0.9557109644814014
SVM,positive,a_4a,CD3,4.817640317575503
SVM,positive,a_4a,CD27,1.129805162314693
SVM,positive,a_4a,CD19,0.4954242003223126
SVM,positive,a_4a,CD4,0.24457943222214554
SVM,positive,a_4a,CD8,4.962531555971717
SVM,positive,a_4a,CD57,4.483522239074558
SVM,positive,a_4a,2DL1-S1,0.4791362581799713
SVM,positive,a_4a,TRAIL,-0.1350487089312386
SVM,positive,a_4a,2DL2-L3-S2,-0.06464934919670846
SVM,positive,a_4a,CD16,2.646557669939941
SVM,positive,a_4a,CD10,-0.02840638181907713
SVM,positive,a_4a,3DL1-S1,-0.08574653800480177
SVM,positive,a_4a,CD117,-0.036922859453461625
SVM,positive,a_4a,2DS4,0.9650063766924646
SVM,positive,a_4a,ILT2-CD85j,1.462279988873783
SVM,positive,a_4a,NKp46,-0.019940813061542467
SVM,positive,a_4a,NKG2D,2.4927540735197464
SVM,positive,a_4a,NKG2C,3.424740633998735
SVM,positive,a_4a,2B4,2.192607436025129
SVM,positive,a_4a,CD33,2.744976800380723
SVM,positive,a_4a,CD11b,0.3545704331765932
SVM,positive,a_4a,NKp30,1.3674757553740151
SVM,positive,a_4a,CD122,1.492073202591342
SVM,positive,a_4a,3DL1,1.2615885788908068
SVM,positive,a_4a,NKp44,-0.16980307059766828
SVM,positive,a_4a,CD127,-0.015975683852886825
SVM,positive,a_4a,2DL1,-0.03490851778883488
SVM,positive,a_4a,CD94,3.6097923511986925
SVM,positive,a_4a,CD34,0.3854097482497275
SVM,positive,a_4a,CCR7,0.9281976021053537
SVM,positive,a_4a,2DL3,-0.022928002250939758
SVM,positive,a_4a,NKG2A,1.0278558938067903
SVM,positive,a_4a,HLA-DR,3.744579370455057
SVM,positive,a_4a,2DL4,2.0613686287724198
SVM,positive,a_4a,CD56,3.0338166997247957
SVM,positive,a_4a,2DL5,-0.02618992134012358
SVM,positive,a_4a,CD25,-0.0908034814252121
SVM,positive,a_4b,CD3,4.425433786059866
SVM,positive,a_4b,CD27,0.06268543622357237
SVM,positive,a_4b,CD19,0.9192330655310795
SVM,positive,a_4b,CD4,0.36210421601135867
SVM,positive,a_4b,CD8,4.001276618352412
SVM,positive,a_4b,CD57,3.808527354842334
SVM,positive,a_4b,2DL1-S1,-0.0027928308599006963
SVM,positive,a_4b,TRAIL,-0.04588572226788287
SVM,positive,a_4b,2DL2-L3-S2,-0.0937853739465101
SVM,positive,a_4b,CD16,4.543148302364676
SVM,positive,a_4b,CD10,1.660143221107645
SVM,positive,a_4b,3DL1-S1,-0.03584105685075912
SVM,positive,a_4b,CD117,0.6419465287548011
SVM,positive,a_4b,2DS4,2.9676156431848706
SVM,positive,a_4b,ILT2-CD85j,0.8574486531297284
SVM,positive,a_4b,NKp46,0.37559971683219057
SVM,positive,a_4b,NKG2D,0.5063941455279117
SVM,positive,a_4b,NKG2C,2.862056005124796
SVM,positive,a_4b,2B4,2.564712845520645
SVM,positive,a_4b,CD33,3.263128974525821
SVM,positive,a_4b,CD11b,-0.01946020083473587
SVM,positive,a_4b,NKp30,0.3016059111136338
SVM,positive,a_4b,CD122,0.9533868333170687
SVM,positive,a_4b,3DL1,-0.1076209028677552
SVM,positive,a_4b,NKp44,-0.02768266373502615
SVM,positive,a_4b,CD127,0.04665796762294712
SVM,positive,a_4b,2DL1,-0.09991535540241632
SVM,positive,a_4b,CD94,4.8957795740458
SVM,positive,a_4b,CD34,0.4413014819717587
SVM,positive,a_4b,CCR7,-0.09487485840524927
SVM,positive,a_4b,2DL3,-0.030658928390221066
SVM,positive,a_4b,NKG2A,4.279897047037488
SVM,positive,a_4b,HLA-DR,3.082159949695356
SVM,positive,a_4b,2DL4,1.3154317216659628
SVM,positive,a_4b,CD56,3.38997065502139
SVM,positive,a_4b,2DL5,1.534602871502504
SVM,positive,a_4b,CD25,0.9770716393479357
SVM,positive,a_5a,CD3,5.1441071783760135
SVM,positive,a_5a,CD27,-0.076866227849865
SVM,positive,a_5a,CD19,1.9402906966925277
SVM,positive,a_5a,CD4,2.028781781342038
SVM,positive,a_5a,CD8,3.3742687011566153
SVM,positive,a_5a,CD57,3.9832048305766796
SVM,positive,a_5a,2DL1-S1,0.13360515770574302
SVM,positive,a_5a,TRAIL,-0.09297240287502034
SVM,positive,a_5a,2DL2-L3-S2,0.29664416506668767
SVM,positive,a_5a,CD16,3.775568871382655
SVM,positive,a_5a,CD10,0.5393098865496053
SVM,positive,a_5a,3DL1-S1,0.03218081934369014
SVM,positive,a_5a,CD117,-0.09777953079393639
SVM,positive,a_5a,2DS4,0.0533005194686817
SVM,positive,a_5a,ILT2-CD85j,2.3395433509788486
SVM,positive,a_5a,NKp46,0.5473269675199988
SVM,positive,a_5a,NKG2D,2.2445320333146515
SVM,positive,a_5a,NKG2C,4.326124842472665
SVM,positive,a_5a,2B4,3.2648797073821516
SVM,positive,a_5a,CD33,1.1807659376722381
SVM,positive,a_5a,CD11b,0.6319122168427005
SVM,positive,a_5a,NKp30,1.37746238303259
SVM,positive,a_5a,CD122,0.7853448690176708
SVM,positive,a_5a,3DL1,-0.13440210592341173
SVM,positive,a_5a,NKp44,-0.0421540128560904
SVM,positive,a_5a,CD127,0.11171151291806503
SVM,positive,a_5a,2DL1,-0.020608551808343967
SVM,positive,a_5a,CD94,4.15300494885519
SVM,positive,a_5a,CD34,-0.04951721491413368
SVM,positive,a_5a,CCR7,-0.10916540374265785
SVM,positive,a_5a,2DL3,1.538822087825857
SVM,positive,a_5a,NKG2A,1.0912220402928487
SVM,positive,a_5a,HLA-DR,2.8755061519672767
SVM,positive,a_5a,2DL4,1.073027145673876
SVM,positive,a_5a,CD56,4.272028930222572
SVM,positive,a_5a,2DL5,0.040752719829755216
SVM,positive,a_5a,CD25,-0.06613797388988976
SVM,positive,a_5b,CD3,5.094393540528389
SVM,positive,a_5b,CD27,-0.04995214544562263
SVM,positive,a_5b,CD19,0.2640056189138109
SVM,positive,a_5b,CD4,-0.03319254148276683
SVM,positive,a_5b,CD8,3.1823792179255443
SVM,positive,a_5b,CD57,4.379404744763535
SVM,positive,a_5b,2DL1-S1,0.299281437403692
SVM,positive,a_5b,TRAIL,-0.07087327287306255
SVM,positive,a_5b,2DL2-L3-S2,1.7215747181463505
SVM,positive,a_5b,CD16,3.119089897391359
SVM,positive,a_5b,CD10,-0.04953240738433341
SVM,positive,a_5b,3DL1-S1,-0.04804492339482147
SVM,positive,a_5b,CD117,0.04246717842631342
SVM,positive,a_5b,2DS4,3.468114080496466
SVM,positive,a_5b,ILT2-CD85j,1.8732621448651026
SVM,positive,a_5b,NKp46,0.2782932059791844
SVM,positive,a_5b,NKG2D,0.822791700334986
SVM,positive,a_5b,NKG2C,4.412387146751234
SVM,positive,a_5b,2B4,2.5217948855299106
SVM,positive,a_5b,CD33,2.5606863299276914
SVM,positive,a_5b,CD11b,0.130772035877225
SVM,positive,a_5b,NKp30,2.1522970763152194
SVM,positive,a_5b,CD122,1.324542042854509
SVM,positive,a_5b,3DL1,0.948110828078552
SVM,positive,a_5b,NKp44,-0.08136462129639688
SVM,positive,a_5b,CD127,-0.11836054676963653
SVM,positive,a_5b,2DL1,0.0515637989081679
SVM,positive,a_5b,CD94,3.757021373941752
SVM,positive,a_5b,CD34,0.07241527326955464
SVM,positive,a_5b,CCR7,0.3691759977755285
SVM,positive,a_5b,2DL3,2.7901866153462214
SVM,positive,a_5b,NKG2A,-0.05910094768277164
SVM,positive,a_5b,HLA-DR,3.2408349762704476
SVM,positive,a_5b,2DL4,1.4291758667826038
SVM,positive,a_5b,CD56,1.9982395031028106
SVM,positive,a_5b,2DL5,-0.12210016305466292
SVM,positive,a_5b,CD25,-0.030964516405372934
SVM,negative,a_001,CD3,3.825473840364479
SVM,negative,a_001,CD27,1.1344154795779349
SVM,negative,a_001,CD19,-0.00214316531863602
SVM,negative,a_001,CD4,0.935434244957597
SVM,negative,a_001,CD8,4.422771055325183
SVM,negative,a_001,CD57,3.077074427574967
SVM,negative,a_001,2DL1-S1,-0.0199192464239403
SVM,negative,a_001,TRAIL,-0.044368043955347464
SVM,negative,a_001,2DL2-L3-S2,0.08835276990515206
SVM,negative,a_001,CD16,2.4735128625282625
SVM,negative,a_001,CD10,0.7042794724864262
SVM,negative,a_001,3DL1-S1,-0.13993521695897737
SVM,negative,a_001,CD117,0.06057705947250704
SVM,negative,a_001,2DS4,-0.07433878542854944
SVM,negative,a_001,ILT2-CD85j,1.9111278387560693
SVM,negative,a_001,NKp46,-0.033787863625323634
SVM,negative,a_001,NKG2D,2.0256515542290185
SVM,negative,a_001,NKG2C,-0.07537312613758844
SVM,negative,a_001,2B4,1.7840733821770562
SVM,negative,a_001,CD33,1.5678696323002557
SVM,negative,a_001,CD11b,1.1661251309345528
SVM,negative,a_001,NKp30,0.8844201815422112
SVM,negative,a_001,CD122,0.22385786709477365
SVM,negative,a_001,3DL1,-0.0041182733145048115
SVM,negative,a_001,NKp44,-0.09794839210760517
SVM,negative,a_001,CD127,-0.015598120579638936
SVM,negative,a_001,2DL1,-0.0685753682299145
SVM,negative,a_001,CD94,2.0304608691654
SVM,negative,a_001,CD34,0.3826308705855115
SVM,negative,a_001,CCR7,-0.00439360218319658
SVM,negative,a_001,2DL3,0.08515726368366223
SVM,negative,a_001,NKG2A,-0.004971684895681477
SVM,negative,a_001,HLA-DR,5.173378701389235
SVM,negative,a_001,2DL4,0.38039787231841116
SVM,negative,a_001,CD56,0.6964842875795976
SVM,negative,a_001,2DL5,-0.09160892826351598
SVM,negative,a_001,CD25,-0.045247640589964964
SVM,negative,a_002,CD3,3.2757200922705314
SVM,negative,a_002,CD27,0.4594335084920203
SVM,negative,a_002,CD19,-0.03995815454958344
SVM,negative,a_002,CD4,0.9744468763881768
SVM,negative,a_002,CD8,3.110606756223302
SVM,negative,a_002,CD57,4.463732292778942
SVM,negative,a_002,2DL1-S1,0.23973606913544393
SVM,negative,a_002,TRAIL,-0.13554059951656597
SVM,negative,a_002,2DL2-L3-S2,1.1835145102876976
SVM,negative,a_002,CD16,4.289353915541786
SVM,negative,a_002,CD10,0.6046316323862053
SVM,negative,a_002,3DL1-S1,-0.05608377798034266
SVM,negative,a_002,CD117,-0.07346068063378143
SVM,negative,a_002,2DS4,-0.04438339789299931
SVM,negative,a_002,ILT2-CD85j,0.9964722551043765
SVM,negative,a_002,NKp46,0.4759962866676671
SVM,negative,a_002,NKG2D,2.0608801132262315
SVM,negative,a_002,NKG2C,3.5823585797461335
SVM,negative,a_002,2B4,2.051262004448656
SVM,negative,a_002,CD33,1.2487709707630998
SVM,negative,a_002,CD11b,0.27472222957154635
SVM,negative,a_002,NKp30,0.9748524669558172
SVM,negative,a_002,CD122,0.6763399353336925
SVM,negative,a_002,3DL1,-0.07428364846760872
SVM,negative,a_002,NKp44,-0.12381656456187208
SVM,negative,a_002,CD127,0.0034645268303846897
SVM,negative,a_002,2DL1,-0.017872815461775077
SVM,negative,a_002,CD94,3.232577586693587
SVM,negative,a_002,CD34,1.2268320163884965
SVM,negative,a_002,CCR7,0.11655670810762145
SVM,negative,a_002,2DL3,2.85711639455045
SVM,negative,a_002,NKG2A,-0.06264409814717367
SVM,negative,a_002,HLA-DR,2.4058762955584005
SVM,negative,a_002,2DL4,0.687067020428261
SVM,negative,a_002,CD56,3.6341609458597652
SVM,negative,a_002,2DL5,0.4721998791292319
SVM,negative,a_002,CD25,-0.0690244689932268
SVM,negative,a_003,CD3,2.854419978977872
SVM,negative,a_003,CD27,0.3577842627688116
SVM,negative,a_003,CD19,-0.06893953783244063
SVM,negative,a_003,CD4,0.09192275361615312
SVM,negative,a_003,CD8,3.296747147404692
SVM,negative,a_003,CD57,3.6572350516580645
SVM,negative,a_003,2DL1-S1,0.9516019116695604
SVM,negative,a_003,TRAIL,-0.1157233043934198
SVM,negative,a_003,2DL2-L3-S2,-0.05644377440111771
SVM,negative,a_003,CD16,4.014823338895079
SVM,negative,a_003,CD10,0.9981777236021586
SVM,negative,a_003,3DL1-S1,-0.12033751885628369
SVM,negative,a_003,CD117,0.03228832900608296
SVM,negative,a_003,2DS4,3.6588121831595704
SVM,negative,a_003,ILT2-CD85j,1.3503657082935319
SVM,negative,a_003,NKp46,0.43025912729679244
SVM,negative,a_003,NKG2D,2.151232709404608
SVM,negative,a_003,NKG2C,1.2754530025242319
SVM,negative,a_003,2B4,1.4692662433974453
SVM,negative,a_003,CD33,3.110524075574446
SVM,negative,a_003,CD11b,1.2669014882819092
SVM,negative,a_003,NKp30,0.040629928645093606
SVM,negative,a_003,CD122,1.673744221496634
SVM,negative,a_003,3DL1,-0.03447554796589831
SVM,negative,a_003,NKp44,-0.05606653167623032
SVM,negative,a_003,CD127,-0.012663021513627425
SVM,negative,a_003,2DL1,-0.01873441866579
SVM,negative,a_003,CD94,4.228232430356856
SVM,negative,a_003,CD34,0.9652892967600973
SVM,negative,a_003,CCR7,-0.09498951542076096
SVM,negative,a_003,2DL3,1.2124493617714465
SVM,negative,a_003,NKG2A,2.786461723093144
SVM,negative,a_003,HLA-DR,2.638478801674678
SVM,negative,a_003,2DL4,0.2209796172408036
SVM,negative,a_003,CD56,3.570575750301959
SVM,negative,a_003,2DL5,0.26734582638900795
SVM,negative,a_003,CD25,0.2631685259397865
SVM,negative,a_004,CD3,3.0972537470770036
SVM,negative,a_004,CD27,-0.0486564464896217
SVM,negative,a_004,CD19,-0.014900234327619798
SVM,negative,a_004,CD4,0.24042250650032443
SVM,negative,a_004,CD8,3.689646731464414
SVM,negative,a_004,CD57,1.1120553925210603
SVM,negative,a_004,2DL1-S1,-0.05242785758220748
SVM,negative,a_004,TRAIL,-0.0710944982158949
SVM,negative,a_004,2DL2-L3-S2,0.2166227764046731
SVM,negative,a_004,CD16,4.47066728903955
SVM,negative,a_004,CD10,0.1908845348294658
SVM,negative,a_004,3DL1-S1,-0.10075136670989025
SVM,negative,a_004,CD117,-0.09688043079497426
SVM,negative,a_004,2DS4,-0.05059434266667751
SVM,negative,a_004,ILT2-CD85j,1.5525695640946358
SVM,negative,a_004,NKp46,-0.03346704720011872
SVM,negative,a_004,NKG2D,1.2159667351104233
SVM,negative,a_004,NKG2C,1.9535429227515397
SVM,negative,a_004,2B4,1.0690076286201233
SVM,negative,a_004,CD33,2.0025476806480436
SVM,negative,a_004,CD11b,0.530957313486905
SVM,negative,a_004,NKp30,0.14570861157744908
SVM,negative,a_004,CD122,-0.027253412959297844
SVM,negative,a_004,3DL1,-0.07938480247354744
SVM,negative,a_004,NKp44,-0.10915830544101152
SVM,negative,a_004,CD127,1.0135029189256204
SVM,negative,a_004,2DL1,-0.06672827669444123
SVM,negative,a_004,CD94,2.292303275358585
SVM,negative,a_004,CD34,0.6696140621658506
SVM,negative,a_004,CCR7,-0.05184157263153077
SVM,negative,a_004,2DL3,-0.06098325370350689
SVM,negative,a_004,NKG2A,-0.01359510265624914
SVM,negative,a_004,HLA-DR,4.611045458772737
SVM,negative,a_004,2DL4,1.1100010289284787
SVM,negative,a_004,CD56,2.3734420430028806
SVM,negative,a_004,2DL5,0.08479594033458458
SVM,negative,a_004,CD25,-0.0563644773841932
SVM,negative,a_005,CD3,3.330624780469749
SVM,negative,a_005,CD27,-0.02640172771760414
SVM,negative,a_005,CD19,-0.03605933997975667
SVM,negative,a_005,CD4,0.41967140905365863
SVM,negative,a_005,CD8,4.3955821408351
SVM,negative,a_005,CD57,3.2333849130269114
SVM,negative,a_005,2DL1-S1,0.2752179496710615
SVM,negative,a_005,TRAIL,-0.1287296733492055
SVM,negative,a_005,2DL2-L3-S2,0.2907771161784322
SVM,negative,a_005,CD16,4.669343338948014
SVM,negative,a_005,CD10,0.26324059256025184
SVM,negative,a_005,3DL1-S1,-0.05955444997356125
SVM,negative,a_005,CD117,0.3694297007930205
SVM,negative,a_005,2DS4,0.1859038272401783
SVM,negative,a_005,ILT2-CD85j,0.6497827451027164
SVM,negative,a_005,NKp46,0.29810513525607923
SVM,negative,a_005,NKG2D,1.9344262456989907
SVM,negative,a_005,NKG2C,3.7366588882295484
SVM,negative,a_005,2B4,2.2397723009224455
SVM,negative,a_005,CD33,0.3306802004896993
SVM,negative,a_005,CD11b,0.9996046672733347
SVM,negative,a_005,NKp30,1.0195731904763448
SVM,negative,a_005,CD122,1.0901543234822368
SVM,negative,a_005,3DL1,-0.08088552300784703
SVM,negative,a_005,NKp44,-0.04726859636019779
SVM,negative,a_005,CD127,0.33431540994812126
SVM,negative,a_005,2DL1,-0.03145429955569836
SVM,negative,a_005,CD94,3.526860782458
SVM,negative,a_005,CD34,1.3697693734555203
SVM,negative,a_005,CCR7,0.046771340080710974
SVM,negative,a_005,2DL3,0.7828232476153698
SVM,negative,a_005,NKG2A,1.1130125801232915
SVM,negative,a_005,HLA-DR,1.5153879778094712
SVM,negative,a_005,2DL4,0.4464127721623226
SVM,negative,a_005,CD56,3.958465165246979
SVM,negative,a_005,2DL5,-0.017709754020738003
SVM,negative,a_005,CD25,-0.01916312856858479
SVM,negative,a_006,CD3,4.5592009871236865
SVM,negative,a_006,CD27,-0.0455995230750741
SVM,negative,a_006,CD19,-0.0072228206017506385
SVM,negative,a_006,CD4,1.4853460666366054
SVM,negative,a_006,CD8,2.264007846621262
SVM,negative,a_006,CD57,4.2585244074275295
SVM,negative,a_006,2DL1-S1,0.2931560071933096
SVM,negative,a_006,TRAIL,-0.13201320677032197
SVM,negative,a_006,2DL2-L3-S2,-0.09288407494166201
SVM,negative,a_006,CD16,2.032048568273587
SVM,negative,a_006,CD10,-0.03935928299243735
SVM,negative,a_006,3DL1-S1,-0.07344112348512404
SVM,negative,a_006,CD117,-0.03343908144943007
SVM,negative,a_006,2DS4,2.072347746896691
SVM,negative,a_006,ILT2-CD85j,1.217282451555354
SVM,negative,a_006,NKp46,-0.022147364792737007
SVM,negative,a_006,NKG2D,1.1279115104590882
SVM,negative,a_006,NKG2C,-0.04833603413345648
SVM,negative,a_006,2B4,1.8254631519516114
SVM,negative,a_006,CD33,0.6562050596903434
SVM,negative,a_006,CD11b,-0.05808070030320036
SVM,negative,a_006,NKp30,1.9719922169532365
SVM,negative,a_006,CD122,0.7225317997074098
SVM,negative,a_006,3DL1,-0.025485316733031022
SVM,negative,a_006,NKp44,-0.010733297761225597
SVM,negative,a_006,CD127,-0.03672772994046561
SVM,negative,a_006,2DL1,-0.024160348723906527
SVM,negative,a_006,CD94,1.3791281393656951
SVM,negative,a_006,CD34,-0.09877655873195572
SVM,negative,a_006,CCR7,0.003524622473995469
SVM,negative,a_006,2DL3,-0.03667283825133512
SVM,negative,a_006,NKG2A,1.544896241458652
SVM,negative,a_006,HLA-DR,2.305256714256408
SVM,negative,a_006,2DL4,0.7634600038567506
SVM,negative,a_006,CD56,0.9470859871140664
SVM,negative,a_006,2DL5,-0.015656423194265266
SVM,negative,a_006,CD25,0.0524508036160787
SVM,negative,a_007,CD3,4.165304265872643
SVM,negative,a_007,CD27,0.21947613598863222
SVM,negative,a_007,CD19,0.27766317447187366
SVM,negative,a_007,CD4,1.6602847359932362
SVM,negative,a_007,CD8,3.3104533719172884
SVM,negative,a_007,CD57,4.515957432072996
SVM,negative,a_007,2DL1-S1,1.1144324032558448
SVM,negative,a_007,TRAIL,-0.13636879343591105
SVM,negative,a_007,2DL2-L3-S2,0.8731917291480458
SVM,negative,a_007,CD16,3.5121764818418417
SVM,negative,a_007,CD10,0.031115875043339108
SVM,negative,a_007,3DL1-S1,-0.04013563703288274
SVM,negative,a_007,CD117,-0.03318102922533152
SVM,negative,a_007,2DS4,2.615907910723356
SVM,negative,a_007,ILT2-CD85j,1.2825237312214244
SVM,negative,a_007,NKp46,0.39294289473175326
SVM,negative,a_007,NKG2D,0.5837626161403928
SVM,negative,a_007,NKG2C,1.7634190470292497
SVM,negative,a_007,2B4,1.4110198704423325
SVM,negative,a_007,CD33,0.761777655401948
SVM,negative,a_007,CD11b,1.0109170218047032
SVM,negative,a_007,NKp30,1.7172342639964118
SVM,negative,a_007,CD122,0.43294895813596945
SVM,negative,a_007,3DL1,-0.11584112701696865
SVM,negative,a_007,NKp44,-0.12189577573638977
SVM,negative,a_007,CD127,0.2852160822992482
SVM,negative,a_007,2DL1,-0.09791777708047833
SVM,negative,a_007,CD94,2.702314686042568
SVM,negative,a_007,CD34,0.05716877959994936
SVM,negative,a_007,CCR7,-0.047261925112937545
SVM,negative,a_007,2DL3,-0.06121611744770094
SVM,negative,a_007,NKG2A,0.6603722262940537
SVM,negative,a_007,HLA-DR,1.8147275389372932
SVM,negative,a_007,2DL4,0.7032666617806634
SVM,negative,a_007,CD56,2.0616474311612465
SVM,negative,a_007,2DL5,-0.031651039991628514
SVM,negative,a_007,CD25,-0.03285529754216483
SVM,negative,a_009,CD3,4.561712081148228
SVM,negative,a_009,CD27,1.0367487632772172
SVM,negative,a_009,CD19,-0.007545353401809277
SVM,negative,a_009,CD4,1.8423477689136587
SVM,negative,a_009,CD8,4.147553598526755
SVM,negative,a_009,CD57,3.5524715488980787
SVM,negative,a_009,2DL1-S1,0.5140158867737664
SVM,negative,a_009,TRAIL,-0.09166991577678292
SVM,negative,a_009,2DL2-L3-S2,-0.01427192665958126
SVM,negative,a_009,CD16,1.9035006290676297
SVM,negative,a_009,CD10,-0.06769436524344653
SVM,negative,a_009,3DL1-S1,-0.05771441204776415
SVM,negative,a_009,CD117,-0.05746029189911706
SVM,negative,a_009,2DS4,-0.035060488149517816
SVM,negative,a_009,ILT2-CD85j,1.636708720602102
SVM,negative,a_009,NKp46,-0.05262263906819445
SVM,negative,a_009,NKG2D,1.288710219386253
SVM,negative,a_009,NKG2C,0.970957155623764
SVM,negative,a_009,2B4,0.9752911191924198
SVM,negative,a_009,CD33,1.5264888319077123
SVM,negative,a_009,CD11b,0.6891010662916448
SVM,negative,a_009,NKp30,0.06482326267269577
SVM,negative,a_009,CD122,0.3618378530064274
SVM,negative,a_009,3DL1,-0.049871695957375416
SVM,negative,a_009,NKp44,-0.08714938687142647
SVM,negative,a_009,CD127,-0.034946593850267896
SVM,negative,a_009,2DL1,-0.09904610644995997
SVM,negative,a_009,CD94,1.896475858250716
SVM,negative,a_009,CD34,-0.00014005284710636899
SVM,negative,a_009,CCR7,-0.09054583332924879
SVM,negative,a_009,2DL3,-0.04006055978254391
SVM,negative,a_009,NKG2A,1.6414827035316677
SVM,negative,a_009,HLA-DR,5.159592793899286
SVM,negative,a_009,2DL4,1.7584006528974416
SVM,negative,a_009,CD56,1.4918226290473033
SVM,negative,a_009,2DL5,-0.1002295898868586
SVM,negative,a_009,CD25,0.012712934895803918
SVM,negative,a_010,CD3,4.309374667397487
SVM,negative,a_010,CD27,0.7268542890407551
SVM,negative,a_010,CD19,0.7147187773386775
SVM,negative,a_010,CD4,0.5471719923674971
SVM,negative,a_010,CD8,2.6127307233837445
SVM,negative,a_010,CD57,-0.002369153891005765
SVM,negative,a_010,2DL1-S1,-0.09641428395106588
SVM,negative,a_010,TRAIL,-0.04932870112773602
SVM,negative,a_010,2DL2-L3-S2,-0.01061907345945021
SVM,negative,a_010,CD16,4.664948478326983
SVM,negative,a_010,CD10,0.890442573581093
SVM,negative,a_010,3DL1-S1,-0.09947043797915424
SVM,negative,a_010,CD117,-0.009505774719736073
SVM,negative,a_010,2DS4,-0.048293019991193106
SVM,negative,a_010,ILT2-CD85j,1.806731110860642
SVM,negative,a_010,NKp46,0.24665995531827836
SVM,negative,a_010,NKG2D,-0.091675726637438
SVM,negative,a_010,NKG2C,-0.10670731246280958
SVM,negative,a_010,2B4,2.083989981179624
SVM,negative,a_010,CD33,0.13896723537062317
SVM,negative,a_010,CD11b,0.10708223927461058
SVM,negative,a_010,NKp30,-0.020747155128782124
SVM,negative,a_010,CD122,-0.08837459530920407
SVM,negative,a_010,3DL1,-0.06822297575294883
SVM,negative,a_010,NKp44,-0.09281072001113864
SVM,negative,a_010,CD127,0.3511879709593234
SVM,negative,a_010,2DL1,-0.09743797351274576
SVM,negative,a_010,CD94,-0.048789150677825174
SVM,negative,a_010,CD34,0.22538862011156094
SVM,negative,a_010,CCR7,-0.0415892443924148
SVM,negative,a_010,2DL3,-0.07646986611037943
SVM,negative,a_010,NKG2A,0.2845492414298583
SVM,negative,a_010,HLA-DR,4.822752011952181
SVM,negative,a_010,2DL4,1.824722997339635
SVM,negative,a_010,CD56,0.5392411602855937
SVM,negative,a_010,2DL5,-0.09853937881934127
SVM,negative,a_010,CD25,-0.08232330837290718
SVM,negative,a_011,CD3,3.0006740730714463
SVM,negative,a_011,CD27,0.21371372248485335
SVM,negative,a_011,CD19,-0.024123949834588394
SVM,negative,a_011,CD4,-0.020349473455120178
SVM,negative,a_011,CD8,3.186195382797034
SVM,negative,a_011,CD57,2.8588225413155586
SVM,negative,a_011,2DL1-S1,0.26279808059020504
SVM,negative,a_011,TRAIL,-0.07092665764994996
SVM,negative,a_011,2DL2-L3-S2,-0.12993036686907433
SVM,negative,a_011,CD16,3.0209556630400574
SVM,negative,a_011,CD10,-0.0382716620578117
SVM,negative,a_011,3DL1-S1,-0.09156840031493751
SVM,negative,a_011,CD117,0.010186309788473905
SVM,negative,a_011,2DS4,-0.03614677962606718
SVM,negative,a_011,ILT2-CD85j,1.8447205991865472
SVM,negative,a_011,NKp46,-0.07326292030904658
SVM,negative,a_011,NKG2D,0.5048782451878283
SVM,negative,a_011,NKG2C,-0.06166195292735994
SVM,negative,a_011,2B4,0.5050684768980249
SVM,negative,a_011,CD33,4.379048350578064
SVM,negative,a_011,CD11b,0.823920347761538
SVM,negative,a_011,NKp30,-0.038113339455490884
SVM,negative,a_011,CD122,-0.0036853621177807255
SVM,negative,a_011,3DL1,-0.04555218953086534
SVM,negative,a_011,NKp44,-0.09289183178099486
SVM,negative,a_011,CD127,-0.010442071635020157
SVM,negative,a_011,2DL1,-0.12253217235866687
SVM,negative,a_011,CD94,1.3785271290219618
SVM,negative,a_011,CD34,1.3296434078171808
SVM,negative,a_011,CCR7,-0.08262138423461843
SVM,negative,a_011,2DL3,0.2185219507169773
SVM,negative,a_011,NKG2A,-0.003031342490697242
SVM,negative,a_011,HLA-DR,3.7405071963324517
SVM,negative,a_011,2DL4,1.7912744171557198
SVM,negative,a_011,CD56,0.6047773949466506
SVM,negative,a_011,2DL5,0.41966532471841006
SVM,negative,a_011,CD25,-0.039571575421785694
SVM,negative,a_012,CD3,3.357084494039981
SVM,negative,a_012,CD27,0.6108239092933668
SVM,negative,a_012,CD19,-0.012210222912336154
SVM,negative,a_012,CD4,0.8449071975125124
SVM,negative,a_012,CD8,4.050050187629452
SVM,negative,a_012,CD57,3.323943041458932
SVM,negative,a_012,2DL1-S1,0.15134243128739028
SVM,negative,a_012,TRAIL,-0.11083528319825035
SVM,negative,a_012,2DL2-L3-S2,0.22720203563786553
SVM,negative,a_012,CD16,2.7782613939372673
SVM,negative,a_012,CD10,0.2743715360917928
SVM,negative,a_012,3DL1-S1,-0.052178937475063095
SVM,negative,a_012,CD117,-0.13450137884509422
SVM,negative,a_012,2DS4,-0.08772597226395108
SVM,negative,a_012,ILT2-CD85j,2.159572387910453
SVM,negative,a_012,NKp46,-0.09089741784242018
SVM,negative,a_012,NKG2D,1.3777620341823789
SVM,negative,a_012,NKG2C,2.541167692397824
SVM,negative,a_012,2B4,1.925319228677734
SVM,negative,a_012,CD33,2.777498315242414
SVM,negative,a_012,CD11b,1.0064705327340533
SVM,negative,a_012,NKp30,0.14459646691282563
SVM,negative,a_012,CD122,0.6870326393048855
SVM,negative,a_012,3DL1,-0.07776008044887728
SVM,negative,a_012,NKp44,-0.10796839177043349
SVM,negative,a_012,CD127,-0.018638743093753345
SVM,negative,a_012,2DL1,-0.08612355110429679
SVM,negative,a_012,CD94,2.4468620016281535
SVM,negative,a_012,CD34,0.1903260582674611
SVM,negative,a_012,CCR7,-0.12882322687087586
SVM,negative,a_012,2DL3,0.514327120262363
SVM,negative,a_012,NKG2A,0.01432970447418352
SVM,negative,a_012,HLA-DR,2.6869583489578246
SVM,negative,a_012,2DL4,0.9838835743820218
SVM,negative,a_012,CD56,0.5790085034251068
SVM,negative,a_012,2DL5,-0.030957909417238857
SVM,negative,a_012,CD25,-0.01358081078182516
SVM,negative,a_1a,CD3,5.321266624621268
SVM,negative,a_1a,CD27,2.6529513100241076
SVM,negative,a_1a,CD19,-0.016853912960970517
SVM,negative,a_1a,CD4,1.651315793314117
SVM,negative,a_1a,CD8,3.9796065447468827
SVM,negative,a_1a,CD57,3.494306541523939
SVM,negative,a_1a,2DL1-S1,-0.004120313638690553
SVM,negative,a_1a,TRAIL,-0.06359134308837797
SVM,negative,a_1a,2DL2-L3-S2,-0.05350205932234815
SVM,negative,a_1a,CD16,2.093255994056961
SVM,negative,a_1a,CD10,0.49685311601444493
SVM,negative,a_1a,3DL1-S1,-0.020130658961971654
SVM,negative,a_1a,CD117,-0.050293233632231024
SVM,negative,a_1a,2DS4,2.0728805760484663
SVM,negative,a_1a,ILT2-CD85j,0.22254686105530322
SVM,negative,a_1a,NKp46,-0.020693747421389984
SVM,negative,a_1a,NKG2D,2.1720664694404404
SVM,negative,a_1a,NKG2C,1.4512374405217565
SVM,negative,a_1a,2B4,2.987501995052351
SVM,negative,a_1a,CD33,3.452678052672476
SVM,negative,a_1a,CD11b,1.2840667380069786
SVM,negative,a_1a,NKp30,1.66811953108335
SVM,negative,a_1a,CD122,1.8497221318537815
SVM,negative,a_1a,3DL1,-0.06534330216825658
SVM,negative,a_1a,NKp44,-0.12060792358237506
SVM,negative,a_1a,CD127,1.4968885594337864
SVM,negative,a_1a,2DL1,-0.06796422413692374
SVM,negative,a_1a,CD94,3.618631645502671
SVM,negative,a_1a,CD34,-0.006680746599028816
SVM,negative,a_1a,CCR7,2.3559323873650184
SVM,negative,a_1a,2DL3,0.5125404648742565
SVM,negative,a_1a,NKG2A,2.9553897804006763
SVM,negative,a_1a,HLA-DR,3.350520829169367
SVM,negative,a_1a,2DL4,0.9450090515959623
SVM,negative,a_1a,CD56,3.444776984955427
SVM,negative,a_1a,2DL5,-0.0393126724627728
SVM,negative,a_1a,CD25,-0.02109102997586955
SVM,negative,a_2a,CD3,4.7913684983581
SVM,negative,a_2a,CD27,2.2391567950934843
SVM,negative,a_2a,CD19,-0.056710894130844854
SVM,negative,a_2a,CD4,1.376825554087453
SVM,negative,a_2a,CD8,3.925279372821267
SVM,negative,a_2a,CD57,0.2243528356315838
SVM,negative,a_2a,2DL1-S1,-0.047113296562209646
SVM,negative,a_2a,TRAIL,-0.07256586790367812
SVM,negative,a_2a,2DL2-L3-S2,-0.09770088292245549
SVM,negative,a_2a,CD16,1.3896447206389084
SVM,negative,a_2a,CD10,-0.05183679280241314
SVM,negative,a_2a,3DL1-S1,-0.0964098165005121
SVM,negative,a_2a,CD117,-0.06646579983526163
SVM,negative,a_2a,2DS4,2.7738687448524093
SVM,negative,a_2a,ILT2-CD85j,0.943421581541804
SVM,negative,a_2a,NKp46,-0.06264691192378971
SVM,negative,a_2a,NKG2D,1.9302982917672822
SVM,negative,a_2a,NKG2C,1.8656570716005278
SVM,negative,a_2a,2B4,2.4799967530080833
SVM,negative,a_2a,CD33,2.3035858655793895
SVM,negative,a_2a,CD11b,1.0737790721968015
SVM,negative,a_2a,NKp30,-0.014547660410407405
SVM,negative,a_2a,CD122,-0.018743941815916314
SVM,negative,a_2a,3DL1,-0.01668057721827855
SVM,negative,a_2a,NKp44,-0.13293998502956478
SVM,negative,a_2a,CD127,0.5950121933305084
SVM,negative,a_2a,2DL1,-0.11410422473107694
SVM,negative,a_2a,CD94,2.307247163597786
SVM,negative,a_2a,CD34,-0.01812903070799279
SVM,negative,a_2a,CCR7,-0.08960598206722077
SVM,negative,a_2a,2DL3,-0.0879600182760193
SVM,negative,a_2a,NKG2A,-0.08879539702741823
SVM,negative,a_2a,HLA-DR,3.202789768042539
SVM,negative,a_2a,2DL4,0.582185006663714
SVM,negative,a_2a,CD56,0.9372347252169402
SVM,negative,a_2a,2DL5,-0.08845543680991708
SVM,negative,a_2a,CD25,-0.025530309562244332
SVM,negative,a_2b,CD3,5.687756114357386
SVM,negative,a_2b,CD27,1.6615243291930823
SVM,negative,a_2b,CD19,0.3435281700200754
SVM,negative,a_2b,CD4,0.8352007273011637
SVM,negative,a_2b,CD8,4.615466279680918
SVM,negative,a_2b,CD57,2.453897239384452
SVM,negative,a_2b,2DL1-S1,-0.0324868484156192
SVM,negative,a_2b,TRAIL,-0.07367797709435205
SVM,negative,a_2b,2DL2-L3-S2,-0.029133743201879257
SVM,negative,a_2b,CD16,1.029463730181672
SVM,negative,a_2b,CD10,-0.022324188919823247
SVM,negative,a_2b,3DL1-S1,-0.06080759678083039
SVM,negative,a_2b,CD117,-0.15501385788068078
SVM,negative,a_2b,2DS4,-0.019083168657386653
SVM,negative,a_2b,ILT2-CD85j,-0.06553866706803993
SVM,negative,a_2b,NKp46,-0.06830813110728738
SVM,negative,a_2b,NKG2D,1.6153047692747111
SVM,negative,a_2b,NKG2C,0.8924510786633866
SVM,negative,a_2b,2B4,2.421694694579021
SVM,negative,a_2b,CD33,-0.0018920181206788275
SVM,negative,a_2b,CD11b,1.2528864862341682
SVM,negative,a_2b,NKp30,-0.030731406274037573
SVM,negative,a_2b,CD122,-0.0855120314544251
SVM,negative,a_2b,3DL1,-0.11118409582246978
SVM,negative,a_2b,NKp44,-0.02822607555347587
SVM,negative,a_2b,CD127,2.890926658568673
SVM,negative,a_2b,2DL1,-0.05105371827619046
SVM,negative,a_2b,CD94,0.8497368347968537
SVM,negative,a_2b,CD34,-0.09032970918022372
SVM,negative,a_2b,CCR7,-0.060206969842015096
SVM,negative,a_2b,2DL3,-0.02754489840329586
SVM,negative,a_2b,NKG2A,-0.07406547008864739
SVM,negative,a_2b,HLA-DR,3.4131766933721552
SVM,negative,a_2b,2DL4,1.3614860038385068
SVM,negative,a_2b,CD56,0.8966707538351406
SVM,negative,a_2b,2DL5,-0.05650074306357269
SVM,negative,a_2b,CD25,-0.043905509515137144
SVM,negative,a_3a,CD3,5.3455961285493325
SVM,negative,a_3a,CD27,1.236407410184029
SVM,negative,a_3a,CD19,-0.02928386200315451
SVM,negative,a_3a,CD4,0.16232056553205748
SVM,negative,a_3a,CD8,2.005925734068494
SVM,negative,a_3a,CD57,1.945642200777946
SVM,negative,a_3a,2DL1-S1,-0.022333489396158136
SVM,negative,a_3a,TRAIL,-0.09784111750548598
SVM,negative,a_3a,2DL2-L3-S2,-0.058579410102288995
SVM,negative,a_3a,CD16,0.14131978091971242
SVM,negative,a_3a,CD10,-0.04411401620202851
SVM,negative,a_3a,3DL1-S1,-0.07930477302622027
SVM,negative,a_3a,CD117,-0.12111877850112615
SVM,negative,a_3a,2DS4,-0.10026493649822447
SVM,negative,a_3a,ILT2-CD85j,-0.06823765200429206
SVM,negative,a_3a,NKp46,-0.08104531163500443
SVM,negative,a_3a,NKG2D,1.4723829740809657
SVM,negative,a_3a,NKG2C,-0.01791956781862272
SVM,negative,a_3a,2B4,1.3520681856667842
SVM,negative,a_3a,CD33,2.426453404095621
SVM,negative,a_3a,CD11b,0.5737918755970063
SVM,negative,a_3a,NKp30,0.0038927806944454584
SVM,negative,a_3a,CD122,-0.06851194296747237
SVM,negative,a_3a,3DL1,-0.02250444321775992
SVM,negative,a_3a,NKp44,-0.04089810551342338
SVM,negative,a_3a,CD127,0.6086750932463831
SVM,negative,a_3a,2DL1,-0.06783921155771014
SVM,negative,a_3a,CD94,2.711641870132682
SVM,negative,a_3a,CD34,-0.014806307768701586
SVM,negative,a_3a,CCR7,-0.061984334212815385
SVM,negative,a_3a,2DL3,-0.07633819057944105
SVM,negative,a_3a,NKG2A,-0.04160771478978977
SVM,negative,a_3a,HLA-DR,2.71059827052913
SVM,negative,a_3a,2DL4,0.555590513616393
SVM,negative,a_3a,CD56,0.39520105502056363
SVM,negative,a_3a,2DL5,-0.0693858921054853
SVM,negative,a_3a,CD25,-0.06565017388380914
SVM,negative,a_3b,CD3,3.9057325069853603
SVM,negative,a_3b,CD27,1.7189378375446471
SVM,negative,a_3b,CD19,0.09925913446852125
SVM,negative,a_3b,CD4,0.3274234755242474
SVM,negative,a_3b,CD8,4.665105179401416
SVM,negative,a_3b,CD57,2.4537322633544782
SVM,negative,a_3b,2DL1-S1,0.1969363012357784
SVM,negative,a_3b,TRAIL,-0.12810838242199724
SVM,negative,a_3b,2DL2-L3-S2,0.09931673833402044
SVM,negative,a_3b,CD16,3.4097625358676558
SVM,negative,a_3b,CD10,-0.009953615368230233
SVM,negative,a_3b,3DL1-S1,-0.10745758963172519
SVM,negative,a_3b,CD117,-0.07950743923431
SVM,negative,a_3b,2DS4,-0.03703656696395198
SVM,negative,a_3b,ILT2-CD85j,2.266241073124911
SVM,negative,a_3b,NKp46,-0.00819629715954069
SVM,negative,a_3b,NKG2D,2.0346544566643083
SVM,negative,a_3b,NKG2C,1.3971393684990074
SVM,negative,a_3b,2B4,2.1646298424474115
SVM,negative,a_3b,CD33,2.7836817272127217
SVM,negative,a_3b,CD11b,1.5159815817993665
SVM,negative,a_3b,NKp30,-0.0644008385066013
SVM,negative,a_3b,CD122,-0.0026014144062206095
SVM,negative,a_3b,3DL1,-0.04248196789707403
SVM,negative,a_3b,NKp44,-0.06693011800428846
SVM,negative,a_3b,CD127,1.957246791055443
SVM,negative,a_3b,2DL1,-0.04325762636813543
SVM,negative,a_3b,CD94,2.6387430736178823
SVM,negative,a_3b,CD34,-0.0931625164599959
SVM,negative,a_3b,CCR7,0.036847850356140355
SVM,negative,a_3b,2DL3,0.19726333286627146
SVM,negative,a_3b,NKG2A,-0.018642184664055938
SVM,negative,a_3b,HLA-DR,4.971818644739441
SVM,negative,a_3b,2DL4,1.8849793802199508
SVM,negative,a_3b,CD56,0.5296596982142574
SVM,negative,a_3b,2DL5,-0.09054566118193884
SVM,negative,a_3b,CD25,-0.04519565889536086
SVM,negative,a_4a,CD3,4.758038173331052
SVM,negative,a_4a,CD27,1.129805162314693
SVM,negative,a_4a,CD19,0.3619326436699539
SVM,negative,a_4a,CD4,0.24457943222214554
SVM,negative,a_4a,CD8,4.595146847334709
SVM,negative,a_4a,CD57,4.483522239074558
SVM,negative,a_4a,2DL1-S1,1.5182907617232795
SVM,negative,a_4a,TRAIL,-0.10203755033622312
SVM,negative,a_4a,2DL2-L3-S2,-0.06464934919670846
SVM,negative,a_4a,CD16,2.646557669939941
SVM,negative,a_4a,CD10,-0.02840638181907713
SVM,negative,a_4a,3DL1-S1,-0.08574653800480177
SVM,negative,a_4a,CD117,-0.06310185678456412
SVM,negative,a_4a,2DS4,2.395368199745769
SVM,negative,a_4a,ILT2-CD85j,1.9264315877154223
SVM,negative,a_4a,NKp46,-0.019940813061542467
SVM,negative,a_4a,NKG2D,2.485434024742324
SVM,negative,a_4a,NKG2C,2.8866170617721325
SVM,negative,a_4a,2B4,2.8609162498265603
SVM,negative,a_4a,CD33,2.816762911121087
SVM,negative,a_4a,CD11b,0.3545704331765932
SVM,negative,a_4a,NKp30,1.6242461260943943
SVM,negative,a_4a,CD122,1.3734681188076565
SVM,negative,a_4a,3DL1,-0.03550027848547561
SVM,negative,a_4a,NKp44,-0.029530253446968274
SVM,negative,a_4a,CD127,0.0048832486952264074
SVM,negative,a_4a,2DL1,-0.03490851778883488
SVM,negative,a_4a,CD94,3.6097923511986925
SVM,negative,a_4a,CD34,0.3854097482497275
SVM,negative,a_4a,CCR7,-0.09430075954002144
SVM,negative,a_4a,2DL3,-0.05591177242951392
SVM,negative,a_4a,NKG2A,1.6809676887570069
SVM,negative,a_4a,HLA-DR,3.521512967931803
SVM,negative,a_4a,2DL4,1.988683720880811
SVM,negative,a_4a,CD56,3.0338166997247957
SVM,negative,a_4a,2DL5,-0.02618992134012358
SVM,negative,a_4a,CD25,-0.0908034814252121
SVM,negative,a_4b,CD3,4.794305737759446
SVM,negative,a_4b,CD27,0.602103177068226
SVM,negative,a_4b,CD19,0.8581487078993866
SVM,negative,a_4b,CD4,0.49889025240666907
SVM,negative,a_4b,CD8,3.2572011936217518
SVM,negative,a_4b,CD57,3.2974245583678212
SVM,negative,a_4b,2DL1-S1,-0.0027928308599006963
SVM,negative,a_4b,TRAIL,-0.1448996884487332
SVM,negative,a_4b,2DL2-L3-S2,-0.09181127491825608
SVM,negative,a_4b,CD16,2.4666489730698586
SVM,negative,a_4b,CD10,1.147284421165054
SVM,negative,a_4b,3DL1-S1,-0.02399684395964552
SVM,negative,a_4b,CD117,0.0063456310637942095
SVM,negative,a_4b,2DS4,2.9676156431848706
SVM,negative,a_4b,ILT2-CD85j,0.6503265476769804
SVM,negative,a_4b,NKp46,0.0068933700958133046
SVM,negative,a_4b,NKG2D,2.1685307477035263
SVM,negative,a_4b,NKG2C,1.8846433773330147
SVM,negative,a_4b,2B4,2.5169283437624936
SVM,negative,a_4b,CD33,3.263128974525821
SVM,negative,a_4b,CD11b,0.3848639577817391
SVM,negative,a_4b,NKp30,1.051937564715492
SVM,negative,a_4b,CD122,0.9533868333170687
SVM,negative,a_4b,3DL1,-0.08170519013428507
SVM,negative,a_4b,NKp44,-0.05347407921355929
SVM,negative,a_4b,CD127,0.9249598696392344
SVM,negative,a_4b,2DL1,-0.09991535540241632
SVM,negative,a_4b,CD94,3.445966697409316
SVM,negative,a_4b,CD34,0.4721802672770321
SVM,negative,a_4b,CCR7,-0.057470610302713145
SVM,negative,a_4b,2DL3,-0.030658928390221066
SVM,negative,a_4b,NKG2A,0.4680438776758439
SVM,negative,a_4b,HLA-DR,3.6294066110659915
SVM,negative,a_4b,2DL4,1.3533809861882324
SVM,negative,a_4b,CD56,3.1891521215421217
SVM,negative,a_4b,2DL5,0.8015163340688697
SVM,negative,a_4b,CD25,-0.024157284449321956
SVM,negative,a_5a,CD3,5.083621363260866
SVM,negative,a_5a,CD27,-0.0015251830826387104
SVM,negative,a_5a,CD19,1.9402906966925277
SVM,negative,a_5a,CD4,0.46955666584459255
SVM,negative,a_5a,CD8,4.038486952312556
SVM,negative,a_5a,CD57,3.4519473882056646
SVM,negative,a_5a,2DL1-S1,-0.007973662461822413
SVM,negative,a_5a,TRAIL,-0.09297240287502034
SVM,negative,a_5a,2DL2-L3-S2,0.29664416506668767
SVM,negative,a_5a,CD16,3.775568871382655
SVM,negative,a_5a,CD10,-0.012637126857505097
SVM,negative,a_5a,3DL1-S1,-0.006179953144713788
SVM,negative,a_5a,CD117,-0.09777953079393639
SVM,negative,a_5a,2DS4,-0.0009125008844102755
SVM,negative,a_5a,ILT2-CD85j,2.3471143310459617
SVM,negative,a_5a,NKp46,1.8703457949810571
SVM,negative,a_5a,NKG2D,2.3713882143441567
SVM,negative,a_5a,NKG2C,4.139612402603545
SVM,negative,a_5a,2B4,3.125594125063658
SVM,negative,a_5a,CD33,0.949436704551027
SVM,negative,a_5a,CD11b,-0.0395545477817192
SVM,negative,a_5a,NKp30,1.37746238303259
SVM,negative,a_5a,CD122,1.3421826038863838
SVM,negative,a_5a,3DL1,-0.13440210592341173
SVM,negative,a_5a,NKp44,-0.032207987960863854
SVM,negative,a_5a,CD127,0.11171151291806503
SVM,negative,a_5a,2DL1,-0.008698291168807465
SVM,negative,a_5a,CD94,4.014632391579504
SVM,negative,a_5a,CD34,-0.04951721491413368
SVM,negative,a_5a,CCR7,-0.11124219638313299
SVM,negative,a_5a,2DL3,2.1809735704473874
SVM,negative,a_5a,NKG2A,1.2972929271943405
SVM,negative,a_5a,HLA-DR,3.481821688437061
SVM,negative,a_5a,2DL4,1.4366274771370238
SVM,negative,a_5a,CD56,3.9389007170619474
SVM,negative,a_5a,2DL5,0.040752719829755216
SVM,negative,a_5a,CD25,-0.071869499657443
SVM,negative,a_5b,CD3,3.292490726462034
SVM,negative,a_5b,CD27,-0.09624869628856446
SVM,negative,a_5b,CD19,0.8451131801752765
SVM,negative,a_5b,CD4,-0.009393053958016937
SVM,negative,a_5b,CD8,3.1823792179255443
SVM,negative,a_5b,CD57,4.379404744763535
SVM,negative,a_5b,2DL1-S1,0.27986075987624676
SVM,negative,a_5b,TRAIL,-0.04545988599811433
SVM,negative,a_5b,2DL2-L3-S2,2.132354075869857
SVM,negative,a_5b,CD16,3.119089897391359
SVM,negative,a_5b,CD10,0.37298935128792293
SVM,negative,a_5b,3DL1-S1,-0.11337201409747012
SVM,negative,a_5b,CD117,-0.022413356021159403
SVM,negative,a_5b,2DS4,2.672551671604328
SVM,negative,a_5b,ILT2-CD85j,1.8421567744741536
SVM,negative,a_5b,NKp46,0.2782932059791844
SVM,negative,a_5b,NKG2D,0.822791700334986
SVM,negative,a_5b,NKG2C,4.412387146751234
SVM,negative,a_5b,2B4,2.5217948855299106
SVM,negative,a_5b,CD33,2.487533816502647
SVM,negative,a_5b,CD11b,-0.03874389029494414
SVM,negative,a_5b,NKp30,1.9252841487419745
SVM,negative,a_5b,CD122,0.2942245332865218
SVM,negative,a_5b,3DL1,0.948110828078552
SVM,negative,a_5b,NKp44,-0.08136462129639688
SVM,negative,a_5b,CD127,-0.10073750156520707
SVM,negative,a_5b,2DL1,0.9144420639521589
SVM,negative,a_5b,CD94,3.9131498860698057
SVM,negative,a_5b,CD34,0.07241527326955464
SVM,negative,a_5b,CCR7,0.1882034026830828
SVM,negative,a_5b,2DL3,2.7997996267399485
SVM,negative,a_5b,NKG2A,-0.10502753919911502
SVM,negative,a_5b,HLA-DR,3.2408349762704476
SVM,negative,a_5b,2DL4,1.4291758667826038
SVM,negative,a_5b,CD56,3.281881439236985
SVM,negative,a_5b,2DL5,-0.07191124611497433
SVM,negative,a_5b,CD25,-0.0522281753301987
CellCNN,positive,a_001,CD3,4.5095474502465525
CellCNN,positive,a_001,CD27,0.523402464044352
CellCNN,positive,a_001,CD19,-0.03178947961197267
CellCNN,positive,a_001,CD4,2.2244727527334405
CellCNN,positive,a_001,CD8,2.3969607741747088
CellCNN,positive,a_001,CD57,-0.0411340695449065
CellCNN,positive,a_001,2DL1-S1,-0.0852992385925764
CellCNN,positive,a_001,TRAIL,-0.13071125864500244
CellCNN,positive,a_001,2DL2-L3-S2,-0.029945931233841146
CellCNN,positive,a_001,CD16,-0.0015975502043533844
CellCNN,positive,a_001,CD10,-0.04735854933573866
CellCNN,positive,a_001,3DL1-S1,-0.10007854695468187
CellCNN,positive,a_001,CD117,-0.10422209137197416
CellCNN,positive,a_001,2DS4,-0.07188262049572376
CellCNN,positive,a_001,ILT2-CD85j,-0.081372867108791
CellCNN,positive,a_001,NKp46,-0.09187595311946925
CellCNN,positive,a_001,NKG2D,-0.06200828500012365
CellCNN,positive,a_001,NKG2C,-0.09090769292427803
CellCNN,positive,a_001,2B4,0.721498944661373
CellCNN,positive,a_001,CD33,0.039707069525298025
CellCNN,positive,a_001,CD11b,0.7628718563470255
CellCNN,positive,a_001,NKp30,-0.08369666901753298
CellCNN,positive,a_001,CD122,0.7996926257193503
CellCNN,positive,a_001,3DL1,-0.10174338000526648
CellCNN,positive,a_001,NKp44,-0.1075606578140043
CellCNN,positive,a_001,CD127,0.515127782276056
CellCNN,positive,a_001,2DL1,-0.06488497861621934
CellCNN,positive,a_001,CD94,-0.028900233031140237
CellCNN,positive,a_001,CD34,-0.02825906250827783
CellCNN,positive,a_001,CCR7,0.14986498955765937
CellCNN,positive,a_001,2DL3,-0.01453842713725202
CellCNN,positive,a_001,NKG2A,-0.08938263843612536
CellCNN,positive,a_001,HLA-DR,1.7776644422434515
CellCNN,positive,a_001,2DL4,-0.08802100197634082
CellCNN,positive,a_001,CD56,-0.005140680902204296
CellCNN,positive,a_001,2DL5,-0.11521482520179697
CellCNN,positive,a_001,CD25,-0.09662670218643248
CellCNN,positive,a_002,CD3,2.7558886146874007
CellCNN,positive,a_002,CD27,0.10446417386739845
CellCNN,positive,a_002,CD19,-0.04446661325440967
CellCNN,positive,a_002,CD4,0.9744468763881768
CellCNN,positive,a_002,CD8,2.4491835083438405
CellCNN,positive,a_002,CD57,3.8697425828909804
CellCNN,positive,a_002,2DL1-S1,0.8140822581353528
CellCNN,positive,a_002,TRAIL,-0.08614277971637756
CellCNN,positive,a_002,2DL2-L3-S2,1.1835145102876976
CellCNN,positive,a_002,CD16,4.289353915541786
CellCNN,positive,a_002,CD10,0.49426563012030644
CellCNN,positive,a_002,3DL1-S1,-0.0951161630104229
CellCNN,positive,a_002,CD117,-0.07072853424808358
CellCNN,positive,a_002,2DS4,-0.09612911081395781
CellCNN,positive,a_002,ILT2-CD85j,0.9964722551043765
CellCNN,positive,a_002,NKp46,0.8939796004053414
CellCNN,positive,a_002,NKG2D,1.5545436531604118
CellCNN,positive,a_002,NKG2C,3.2689181607610163
CellCNN,positive,a_002,2B4,1.703281613890267
CellCNN,positive,a_002,CD33,-0.03522015682647604
CellCNN,positive,a_002,CD11b,-0.00261187219188272
CellCNN,positive,a_002,NKp30,0.9748524669558172
CellCNN,positive,a_002,CD122,0.9331282908595132
CellCNN,positive,a_002,3DL1,-0.07923586613108818
CellCNN,positive,a_002,NKp44,-0.11558332430140685
CellCNN,positive,a_002,CD127,0.03704656772211653
CellCNN,positive,a_002,2DL1,-0.017872815461775077
CellCNN,positive,a_002,CD94,3.1193996699769855
CellCNN,positive,a_002,CD34,0.6070175546427994
CellCNN,positive,a_002,CCR7,-0.011390912066431245
CellCNN,positive,a_002,2DL3,2.797292826900451
CellCNN,positive,a_002,NKG2A,-0.06518079654752214
CellCNN,positive,a_002,HLA-DR,2.027426178987612
CellCNN,positive,a_002,2DL4,0.09583616926466802
CellCNN,positive,a_002,CD56,3.593813430912785
CellCNN,positive,a_002,2DL5,-0.04027522258537478
CellCNN,positive,a_002,CD25,-0.06811079828094463
CellCNN,positive,a_003,CD3,2.1417418057738
CellCNN,positive,a_003,CD27,-0.010333141083035253
CellCNN,positive,a_003,CD19,-0.10680653659110188
CellCNN,positive,a_003,CD4,-0.050156410922949396
CellCNN,positive,a_003,CD8,1.3381362645091077
CellCNN,positive,a_003,CD57,3.584882467954976
CellCNN,positive,a_003,2DL1-S1,0.0657899309551909
CellCNN,positive,a_003,TRAIL,-0.09188128903912061
CellCNN,positive,a_003,2DL2-L3-S2,1.741365071276315
CellCNN,positive,a_003,CD16,4.460820569399104
CellCNN,positive,a_003,CD10,1.6570145721878617
CellCNN,positive,a_003,3DL1-S1,-0.05731341762832075
CellCNN,positive,a_003,CD117,-0.04464558627261082
CellCNN,positive,a_003,2DS4,0.9998364788642338
CellCNN,positive,a_003,ILT2-CD85j,1.412862471601487
CellCNN,positive,a_003,NKp46,0.46116189232909416
CellCNN,positive,a_003,NKG2D,1.7610378301314393
CellCNN,positive,a_003,NKG2C,1.6685358803869406
CellCNN,positive,a_003,2B4,1.21257513296644
CellCNN,positive,a_003,CD33,1.5803158524758558
CellCNN,positive,a_003,CD11b,0.5320086860406704
CellCNN,positive,a_003,NKp30,2.364943987080463
CellCNN,positive,a_003,CD122,1.7191777091982454
CellCNN,positive,a_003,3DL1,-0.03447554796589831
CellCNN,positive,a_003,NKp44,-0.05606653167623032
CellCNN,positive,a_003,CD127,0.35807157612086193
CellCNN,positive,a_003,2DL1,-0.026959771275271306
CellCNN,positive,a_003,CD94,3.5554536726294392
CellCNN,positive,a_003,CD34,1.2528801386507493
CellCNN,positive,a_003,CCR7,-0.11852516317905465
CellCNN,positive,a_003,2DL3,1.5601210403538643
CellCNN,positive,a_003,NKG2A,2.0485095047199313
CellCNN,positive,a_003,HLA-DR,1.8763435509938795
CellCNN,positive,a_003,2DL4,-0.05699401151842062
CellCNN,positive,a_003,CD56,3.570575750301959
CellCNN,positive,a_003,2DL5,-0.020351530879432464
CellCNN,positive,a_003,CD25,0.2631685259397865
CellCNN,positive,a_004,CD3,2.639145423980726
CellCNN,positive,a_004,CD27,-0.0741628825190687
CellCNN,positive,a_004,CD19,-0.04546132396413156
CellCNN,positive,a_004,CD4,-0.0020733857572971357
CellCNN,positive,a_004,CD8,0.14536648666014806
CellCNN,positive,a_004,CD57,-0.05162570532243568
CellCNN,positive,a_004,2DL1-S1,-0.08787565823921305
CellCNN,positive,a_004,TRAIL,-0.10250442166872853
CellCNN,positive,a_004,2DL2-L3-S2,-0.08792563427386371
CellCNN,positive,a_004,CD16,-0.00912128481469153
CellCNN,positive,a_004,CD10,-0.06197368544103236
CellCNN,positive,a_004,3DL1-S1,-0.09533164554567844
CellCNN,positive,a_004,CD117,-0.11427993675978022
CellCNN,positive,a_004,2DS4,-0.06975613597005204
CellCNN,positive,a_004,ILT2-CD85j,0.25210639512892397
CellCNN,positive,a_004,NKp46,-0.06191734796740803
CellCNN,positive,a_004,NKG2D,-0.07358401485672997
CellCNN,positive,a_004,NKG2C,-0.08340721458165797
CellCNN,positive,a_004,2B4,-0.029972780016870114
CellCNN,positive,a_004,CD33,1.5776747501850934
CellCNN,positive,a_004,CD11b,-0.03966878581453794
CellCNN,positive,a_004,NKp30,-0.04728355530725582
CellCNN,positive,a_004,CD122,-0.0774491656573072
CellCNN,positive,a_004,3DL1,-0.12445957769916965
CellCNN,positive,a_004,NKp44,-0.09947195634013885
CellCNN,positive,a_004,CD127,-0.024797922906133658
CellCNN,positive,a_004,2DL1,-0.0756804944795495
CellCNN,positive,a_004,CD94,-0.052548492102981015
CellCNN,positive,a_004,CD34,-0.06533674773286821
CellCNN,positive,a_004,CCR7,-0.09118769857271836
CellCNN,positive,a_004,2DL3,-0.0951957916663833
CellCNN,positive,a_004,NKG2A,-0.09979201698310419
CellCNN,positive,a_004,HLA-DR,1.619908423311618
CellCNN,positive,a_004,2DL4,-0.048233437070599156
CellCNN,positive,a_004,CD56,-0.04376794008654877
CellCNN,positive,a_004,2DL5,-0.0721964586996293
CellCNN,positive,a_004,CD25,-0.09175247837950638
CellCNN,positive,a_005,CD3,0.6378050424603633
CellCNN,positive,a_005,CD27,-0.02640172771760414
CellCNN,positive,a_005,CD19,-0.08508004562305788
CellCNN,positive,a_005,CD4,-0.03526164271756066
CellCNN,positive,a_005,CD8,2.9121734069020926
CellCNN,positive,a_005,CD57,3.511245267441527
CellCNN,positive,a_005,2DL1-S1,0.10011060848050238
CellCNN,positive,a_005,TRAIL,-0.08998639389990068
CellCNN,positive,a_005,2DL2-L3-S2,1.9061017839483332
CellCNN,positive,a_005,CD16,4.917746173948519
CellCNN,positive,a_005,CD10,1.044157693394534
CellCNN,positive,a_005,3DL1-S1,-0.055117471419894065
CellCNN,positive,a_005,CD117,0.2326265527457781
CellCNN,positive,a_005,2DS4,0.049961369672588074
CellCNN,positive,a_005,ILT2-CD85j,1.018104021772014
CellCNN,positive,a_005,NKp46,0.29810513525607923
CellCNN,positive,a_005,NKG2D,1.9255827262689347
CellCNN,positive,a_005,NKG2C,4.0106943308247995
CellCNN,positive,a_005,2B4,1.975895433555782
CellCNN,positive,a_005,CD33,0.2635070753866351
CellCNN,positive,a_005,CD11b,-0.04696687586719037
CellCNN,positive,a_005,NKp30,1.32097696722842
CellCNN,positive,a_005,CD122,1.1475827169704442
CellCNN,positive,a_005,3DL1,-0.08088552300784703
CellCNN,positive,a_005,NKp44,-0.03726416221556848
CellCNN,positive,a_005,CD127,0.23376065689367134
CellCNN,positive,a_005,2DL1,-0.07204893362944845
CellCNN,positive,a_005,CD94,3.526860782458
CellCNN,positive,a_005,CD34,1.414634226164364
CellCNN,positive,a_005,CCR7,-0.0791922591678099
CellCNN,positive,a_005,2DL3,1.8136045558321114
CellCNN,positive,a_005,NKG2A,1.1130125801232915
CellCNN,positive,a_005,HLA-DR,0.6090411423580064
CellCNN,positive,a_005,2DL4,0.24782456777265943
CellCNN,positive,a_005,CD56,4.030069455168703
CellCNN,positive,a_005,2DL5,0.031578153116613994
CellCNN,positive,a_005,CD25,-0.05512945758018869
CellCNN,positive,a_006,CD3,4.442780447392901
CellCNN,positive,a_006,CD27,-0.03073549024353894
CellCNN,positive,a_006,CD19,-0.07679284472320998
CellCNN,positive,a_006,CD4,1.506987536669009
CellCNN,positive,a_006,CD8,-0.015619097369157781
CellCNN,positive,a_006,CD57,-0.043459975694255824
CellCNN,positive,a_006,2DL1-S1,-0.07422447524938318
CellCNN,positive,a_006,TRAIL,-0.10119899056282024
CellCNN,positive,a_006,2DL2-L3-S2,-0.07667832390758723
CellCNN,positive,a_006,CD16,-0.057641333174330234
CellCNN,positive,a_006,CD10,-0.08055729516654293
CellCNN,positive,a_006,3DL1-S1,-0.07814956313599804
CellCNN,positive,a_006,CD117,-0.11247968237343946
CellCNN,positive,a_006,2DS4,-0.07158344210338129
CellCNN,positive,a_006,ILT2-CD85j,-0.057899187579107905
CellCNN,positive,a_006,NKp46,-0.09043420414140714
CellCNN,positive,a_006,NKG2D,-0.047876072894953894
CellCNN,positive,a_006,NKG2C,-0.08939944531647442
CellCNN,positive,a_006,2B4,-0.03204345080620681
CellCNN,positive,a_006,CD33,0.0965526197138098
CellCNN,positive,a_006,CD11b,-0.0873805589074178
CellCNN,positive,a_006,NKp30,-0.06768714578580333
CellCNN,positive,a_006,CD122,-0.03704312493622175
CellCNN,positive,a_006,3DL1,-0.08983648065324652
CellCNN,positive,a_006,NKp44,-0.07599635459798931
CellCNN,positive,a_006,CD127,-0.04951444669243227
CellCNN,positive,a_006,2DL1,-0.08828687782947543
CellCNN,positive,a_006,CD94,-0.07268569682806558
CellCNN,positive,a_006,CD34,-0.0746441090975739
CellCNN,positive,a_006,CCR7,-0.03492817235784286
CellCNN,positive,a_006,2DL3,-0.06853361200802702
CellCNN,positive,a_006,NKG2A,-0.0719380227572833
CellCNN,positive,a_006,HLA-DR,1.4347221195503603
CellCNN,positive,a_006,2DL4,-0.06695251491292839
CellCNN,positive,a_006,CD56,-0.056172026664811414
CellCNN,positive,a_006,2DL5,-0.09314071831606342
CellCNN,positive,a_006,CD25,-0.09278679646290307
CellCNN,positive,a_007,CD3,3.4552550192725704
CellCNN,positive,a_007,CD27,0.20611957616096888
CellCNN,positive,a_007,CD19,-0.01670645841910102
CellCNN,positive,a_007,CD4,0.5423711533137484
CellCNN,positive,a_007,CD8,1.8657100667955342
CellCNN,positive,a_007,CD57,4.494042541598669
CellCNN,positive,a_007,2DL1-S1,0.21633320974895417
CellCNN,positive,a_007,TRAIL,-0.09704857715422467
CellCNN,positive,a_007,2DL2-L3-S2,0.9293724620005795
CellCNN,positive,a_007,CD16,4.252824364133543
CellCNN,positive,a_007,CD10,0.4628565282599526
CellCNN,positive,a_007,3DL1-S1,-0.009739671887662421
CellCNN,positive,a_007,CD117,0.06596457493575435
CellCNN,positive,a_007,2DS4,0.057238837492598504
CellCNN,positive,a_007,ILT2-CD85j,1.043392493047135
CellCNN,positive,a_007,NKp46,0.4681025621055488
CellCNN,positive,a_007,NKG2D,0.5012829980194461
CellCNN,positive,a_007,NKG2C,2.52781224759997
CellCNN,positive,a_007,2B4,1.3163633627620648
CellCNN,positive,a_007,CD33,0.8254577047593341
CellCNN,positive,a_007,CD11b,0.43193786144186036
CellCNN,positive,a_007,NKp30,1.230323127224827
CellCNN,positive,a_007,CD122,-0.0033000528519142778
CellCNN,positive,a_007,3DL1,-0.028674895682279555
CellCNN,positive,a_007,NKp44,-0.05522856627752364
CellCNN,positive,a_007,CD127,-0.02967666174269201
CellCNN,positive,a_007,2DL1,-0.05092872893155102
CellCNN,positive,a_007,CD94,2.8757692535885577
CellCNN,positive,a_007,CD34,0.1873158096364287
CellCNN,positive,a_007,CCR7,-0.04842569079772771
CellCNN,positive,a_007,2DL3,-0.06121611744770094
CellCNN,positive,a_007,NKG2A,-0.015823611393348296
CellCNN,positive,a_007,HLA-DR,1.454841985849061
CellCNN,positive,a_007,2DL4,1.1657618189563497
CellCNN,positive,a_007,CD56,2.9461049919005746
CellCNN,positive,a_007,2DL5,0.11499255532425588
CellCNN,positive,a_007,CD25,-0.1201077484343006
CellCNN,positive,a_009,CD3,4.090537487498603
CellCNN,positive,a_009,CD27,0.26841460763073194
CellCNN,positive,a_009,CD19,-0.13581343407434443
CellCNN,positive,a_009,CD4,1.0846672705554934
CellCNN,positive,a_009,CD8,2.829018501433949
CellCNN,positive,a_009,CD57,2.2861159527496664
CellCNN,positive,a_009,2DL1-S1,0.5069754719473253
CellCNN,positive,a_009,TRAIL,-0.1083509949894059
CellCNN,positive,a_009,2DL2-L3-S2,0.35670426127623744
CellCNN,positive,a_009,CD16,2.9926878575986273
CellCNN,positive,a_009,CD10,-0.05070626176696468
CellCNN,positive,a_009,3DL1-S1,1.989643462404134
CellCNN,positive,a_009,CD117,-0.07230528678714132
CellCNN,positive,a_009,2DS4,-0.08169005935456196
CellCNN,positive,a_009,ILT2-CD85j,1.7077199067824373
CellCNN,positive,a_009,NKp46,0.29792505523849583
CellCNN,positive,a_009,NKG2D,2.618878690656388
CellCNN,positive,a_009,NKG2C,0.6101857366434731
CellCNN,positive,a_009,2B4,1.9060797016076385
CellCNN,positive,a_009,CD33,1.7579464668132445
CellCNN,positive,a_009,CD11b,0.22214215316716582
CellCNN,positive,a_009,NKp30,0.3402326534573763
CellCNN,positive,a_009,CD122,1.2127160560229702
CellCNN,positive,a_009,3DL1,3.3762426584039056
CellCNN,positive,a_009,NKp44,1.0896484215114564
CellCNN,positive,a_009,CD127,-0.062313764474516614
CellCNN,positive,a_009,2DL1,-0.05696529294948048
CellCNN,positive,a_009,CD94,2.669725787069189
CellCNN,positive,a_009,CD34,0.5222462385450176
CellCNN,positive,a_009,CCR7,-0.05232254356396542
CellCNN,positive,a_009,2DL3,-0.0497780035077772
CellCNN,positive,a_009,NKG2A,2.7946398159265544
CellCNN,positive,a_009,HLA-DR,3.1149699238403343
CellCNN,positive,a_009,2DL4,0.8135597936983489
CellCNN,positive,a_009,CD56,2.565808878931073
CellCNN,positive,a_009,2DL5,-0.09525331142550213
CellCNN,positive,a_009,CD25,-0.0626101424275231
CellCNN,positive,a_010,CD3,4.517675662908462
CellCNN,positive,a_010,CD27,0.45810769508420035
CellCNN,positive,a_010,CD19,-0.021519643569225
CellCNN,positive,a_010,CD4,1.7683888272681347
CellCNN,positive,a_010,CD8,0.21446081078958223
CellCNN,positive,a_010,CD57,-0.04289876094931696
CellCNN,positive,a_010,2DL1-S1,-0.08358647615518908
CellCNN,positive,a_010,TRAIL,-0.07759432552658752
CellCNN,positive,a_010,2DL2-L3-S2,-0.09944804212808349
CellCNN,positive,a_010,CD16,-0.047666724006575685
CellCNN,positive,a_010,CD10,-0.07877252778941723
CellCNN,positive,a_010,3DL1-S1,-0.10265865307235472
CellCNN,positive,a_010,CD117,-0.11847899609191559
CellCNN,positive,a_010,2DS4,-0.07663257473028155
CellCNN,positive,a_010,ILT2-CD85j,-0.016873773384729587
CellCNN,positive,a_010,NKp46,-0.10589645893596017
CellCNN,positive,a_010,NKG2D,-0.10788713559341893
CellCNN,positive,a_010,NKG2C,-0.06605292508798412
CellCNN,positive,a_010,2B4,-0.045762886877343006
CellCNN,positive,a_010,CD33,-0.04403808212946048
CellCNN,positive,a_010,CD11b,-0.04155073730525516
CellCNN,positive,a_010,NKp30,-0.08085738630795232
CellCNN,positive,a_010,CD122,-0.09745128554310842
CellCNN,positive,a_010,3DL1,-0.1002014192599024
CellCNN,positive,a_010,NKp44,-0.08083111503260972
CellCNN,positive,a_010,CD127,-0.022684249864775654
CellCNN,positive,a_010,2DL1,-0.11555981841382004
CellCNN,positive,a_010,CD94,-0.06584303093103655
CellCNN,positive,a_010,CD34,-0.07167618137228243
CellCNN,positive,a_010,CCR7,0.3959782941498111
CellCNN,positive,a_010,2DL3,-0.09574224633989716
CellCNN,positive,a_010,NKG2A,-0.04812491272343202
CellCNN,positive,a_010,HLA-DR,2.161444844023701
CellCNN,positive,a_010,2DL4,-0.0007138185528203116
CellCNN,positive,a_010,CD56,-0.09199772302314747
CellCNN,positive,a_010,2DL5,-0.10759898807814855
CellCNN,positive,a_010,CD25,-0.07778514584480761
CellCNN,positive,a_011,CD3,2.495587289109272
CellCNN,positive,a_011,CD27,-0.06525842736619178
CellCNN,positive,a_011,CD19,-0.043569624878036395
CellCNN,positive,a_011,CD4,1.646432232121725
CellCNN,positive,a_011,CD8,1.6976120157768728
CellCNN,positive,a_011,CD57,-0.04936378044602771
CellCNN,positive,a_011,2DL1-S1,-0.04881358630088034
CellCNN,positive,a_011,TRAIL,-0.09565099849243988
CellCNN,positive,a_011,2DL2-L3-S2,-0.028078776346081132
CellCNN,positive,a_011,CD16,1.824886428704679
CellCNN,positive,a_011,CD10,-0.00981439391436026
CellCNN,positive,a_011,3DL1-S1,-0.08553571511885082
CellCNN,positive,a_011,CD117,-0.09277916418110073
CellCNN,positive,a_011,2DS4,-0.0914347721721701
CellCNN,positive,a_011,ILT2-CD85j,1.3506734933672715
CellCNN,positive,a_011,NKp46,-0.027616527861390724
CellCNN,positive,a_011,NKG2D,-0.05321081059280147
CellCNN,positive,a_011,NKG2C,-0.029067252573736782
CellCNN,positive,a_011,2B4,0.340929557153241
CellCNN,positive,a_011,CD33,2.886003411937507
CellCNN,positive,a_011,CD11b,-0.046054043735909544
CellCNN,positive,a_011,NKp30,-0.05214922327308836
CellCNN,positive,a_011,CD122,-0.024513690679177687
CellCNN,positive,a_011,3DL1,-0.08632463045676356
CellCNN,positive,a_011,NKp44,-0.04447983836509799
CellCNN,positive,a_011,CD127,-0.026704290453331826
CellCNN,positive,a_011,2DL1,-0.09038755758887805
CellCNN,positive,a_011,CD94,-0.0482748706754513
CellCNN,positive,a_011,CD34,-0.007303735497950982
CellCNN,positive,a_011,CCR7,-0.020359350878802352
CellCNN,positive,a_011,2DL3,-0.060949217160731796
CellCNN,positive,a_011,NKG2A,-0.03637235411138008
CellCNN,positive,a_011,HLA-DR,2.0110387827391323
CellCNN,positive,a_011,2DL4,-0.011749412241774117
CellCNN,positive,a_011,CD56,-0.009351629059196025
CellCNN,positive,a_011,2DL5,-0.03669341482986517
CellCNN,positive,a_011,CD25,-0.10971975348653605
CellCNN,positive,a_012,CD3,2.509121937832955
CellCNN,positive,a_012,CD27,-0.03872251124678191
CellCNN,positive,a_012,CD19,-0.05406592009648389
CellCNN,positive,a_012,CD4,-0.037247463643518636
CellCNN,positive,a_012,CD8,3.4224557064795995
CellCNN,positive,a_012,CD57,0.9323799001106313
CellCNN,positive,a_012,2DL1-S1,0.1232965189901587
CellCNN,positive,a_012,TRAIL,-0.11083528319825035
CellCNN,positive,a_012,2DL2-L3-S2,0.7452664632238143
CellCNN,positive,a_012,CD16,2.8523894064390793
CellCNN,positive,a_012,CD10,1.383715836850881
CellCNN,positive,a_012,3DL1-S1,0.050252938179934856
CellCNN,positive,a_012,CD117,-0.08527128441134635
CellCNN,positive,a_012,2DS4,-0.05092157968604135
CellCNN,positive,a_012,ILT2-CD85j,2.1105613953725855
CellCNN,positive,a_012,NKp46,0.5229666643749618
CellCNN,positive,a_012,NKG2D,-0.03561774159413326
CellCNN,positive,a_012,NKG2C,1.0131575762474263
CellCNN,positive,a_012,2B4,2.123718461177393
CellCNN,positive,a_012,CD33,3.3227387650586198
CellCNN,positive,a_012,CD11b,1.140831671206909
CellCNN,positive,a_012,NKp30,0.19962644130766355
CellCNN,positive,a_012,CD122,0.7211184482851434
CellCNN,positive,a_012,3DL1,-0.07748912385653808
CellCNN,positive,a_012,NKp44,-0.04863031395401622
CellCNN,positive,a_012,CD127,1.7081205401866668
CellCNN,positive,a_012,2DL1,-0.0134313046766096
CellCNN,positive,a_012,CD94,3.3607524929449726
CellCNN,positive,a_012,CD34,2.190731717355695
CellCNN,positive,a_012,CCR7,-0.07275124352831466
CellCNN,positive,a_012,2DL3,2.534278230758237
CellCNN,positive,a_012,NKG2A,0.566390268273598
CellCNN,positive,a_012,HLA-DR,3.019458106068031
CellCNN,positive,a_012,2DL4,0.8909352237849383
CellCNN,positive,a_012,CD56,3.0977935212824197
CellCNN,positive,a_012,2DL5,0.4380843384553591
CellCNN,positive,a_012,CD25,-0.10200394147972035
CellCNN,positive,a_1a,CD3,2.1952455943456353
CellCNN,positive,a_1a,CD27,1.2984710823384187
CellCNN,positive,a_1a,CD19,-0.0060693822695674455
CellCNN,positive,a_1a,CD4,1.298934473893047
CellCNN,positive,a_1a,CD8,2.3768644023900514
CellCNN,positive,a_1a,CD57,4.9495035121279605
CellCNN,positive,a_1a,2DL1-S1,2.1320586073291508
CellCNN,positive,a_1a,TRAIL,-0.07142862162402737
CellCNN,positive,a_1a,2DL2-L3-S2,1.8888105825549586
CellCNN,positive,a_1a,CD16,4.676919790855787
CellCNN,positive,a_1a,CD10,2.1809200569304377
CellCNN,positive,a_1a,3DL1-S1,-0.09691562886005414
CellCNN,positive,a_1a,CD117,-0.12465977246928105
CellCNN,positive,a_1a,2DS4,0.04717645496719859
CellCNN,positive,a_1a,ILT2-CD85j,-0.04603696127553978
CellCNN,positive,a_1a,NKp46,2.750066110888107
CellCNN,positive,a_1a,NKG2D,1.5352472882697619
CellCNN,positive,a_1a,NKG2C,2.307496401661807
CellCNN,positive,a_1a,2B4,2.8244475477037607
CellCNN,positive,a_1a,CD33,1.9628767771412878
CellCNN,positive,a_1a,CD11b,-0.05102221653611737
CellCNN,positive,a_1a,NKp30,2.614239162818067
CellCNN,positive,a_1a,CD122,2.2157937384618447
CellCNN,positive,a_1a,3DL1,-0.10850507238279498
CellCNN,positive,a_1a,NKp44,-0.04128193635324047
CellCNN,positive,a_1a,CD127,2.128181740417722
CellCNN,positive,a_1a,2DL1,-0.07032889600317382
CellCNN,positive,a_1a,CD94,4.182518112555013
CellCNN,positive,a_1a,CD34,0.3814897496304786
CellCNN,positive,a_1a,CCR7,2.2775497946256844
CellCNN,positive,a_1a,2DL3,1.7553126631573612
CellCNN,positive,a_1a,NKG2A,3.8764712671138066
CellCNN,positive,a_1a,HLA-DR,2.4631512827994566
CellCNN,positive,a_1a,2DL4,-0.08350459113103093
CellCNN,positive,a_1a,CD56,4.4338854601138635
CellCNN,positive,a_1a,2DL5,-0.06400932202667534
CellCNN,positive,a_1a,CD25,-0.07757757342283368
CellCNN,positive,a_2a,CD3,4.34306934914303
CellCNN,positive,a_2a,CD27,2.334053024334007
CellCNN,positive,a_2a,CD19,-0.019844484193668976
CellCNN,positive,a_2a,CD4,-0.02347915510620618
CellCNN,positive,a_2a,CD8,2.8409569396752983
CellCNN,positive,a_2a,CD57,-0.07815637896300669
CellCNN,positive,a_2a,2DL1-S1,-0.09516459890315054
CellCNN,positive,a_2a,TRAIL,-0.12158202016443781
CellCNN,positive,a_2a,2DL2-L3-S2,-0.05856504618726936
CellCNN,positive,a_2a,CD16,-0.023584556107796577
CellCNN,positive,a_2a,CD10,-0.057480577612955254
CellCNN,positive,a_2a,3DL1-S1,-0.11585687605040813
CellCNN,positive,a_2a,CD117,-0.047523790081034814
CellCNN,positive,a_2a,2DS4,-0.037304251254375476
CellCNN,positive,a_2a,ILT2-CD85j,0.30802749327226225
CellCNN,positive,a_2a,NKp46,-0.029358383456428334
CellCNN,positive,a_2a,NKG2D,-0.0028958261518131816
CellCNN,positive,a_2a,NKG2C,0.25723871506095386
CellCNN,positive,a_2a,2B4,1.4485637595553877
CellCNN,positive,a_2a,CD33,1.3162074416060767
CellCNN,positive,a_2a,CD11b,0.45204678527521736
CellCNN,positive,a_2a,NKp30,-0.059722284195958576
CellCNN,positive,a_2a,CD122,-0.027698244375937254
CellCNN,positive,a_2a,3DL1,-0.09303980414483001
CellCNN,positive,a_2a,NKp44,-0.10336566008230719
CellCNN,positive,a_2a,CD127,0.7627943404446711
CellCNN,positive,a_2a,2DL1,-0.11410422473107694
CellCNN,positive,a_2a,CD94,-0.037766919260289994
CellCNN,positive,a_2a,CD34,-0.03965832151073835
CellCNN,positive,a_2a,CCR7,-0.053418315285555656
CellCNN,positive,a_2a,2DL3,-0.042545684296747426
CellCNN,positive,a_2a,NKG2A,-0.09865950574466721
CellCNN,positive,a_2a,HLA-DR,2.2945097996751316
CellCNN,positive,a_2a,2DL4,-0.010145479736390895
CellCNN,positive,a_2a,CD56,0.41049314598703857
CellCNN,positive,a_2a,2DL5,-0.06126811436700974
CellCNN,positive,a_2a,CD25,-0.07117182430220449
CellCNN,positive,a_2b,CD3,4.316229206633365
CellCNN,positive,a_2b,CD27,1.1605427279810152
CellCNN,positive,a_2b,CD19,-0.017634534274281424
CellCNN,positive,a_2b,CD4,0.8479907660733057
CellCNN,positive,a_2b,CD8,1.730794822488694
CellCNN,positive,a_2b,CD57,-0.026028489502618483
CellCNN,positive,a_2b,2DL1-S1,-0.052809924788328924
CellCNN,positive,a_2b,TRAIL,-0.06100303544083541
CellCNN,positive,a_2b,2DL2-L3-S2,-0.06906876881335205
CellCNN,positive,a_2b,CD16,-0.06495543179863397
CellCNN,positive,a_2b,CD10,-0.05141370479708217
CellCNN,positive,a_2b,3DL1-S1,-0.0720991927997004
CellCNN,positive,a_2b,CD117,-0.08696174767133645
CellCNN,positive,a_2b,2DS4,-0.04845479735323545
CellCNN,positive,a_2b,ILT2-CD85j,-0.03618905934647087
CellCNN,positive,a_2b,NKp46,-0.06360595838175051
CellCNN,positive,a_2b,NKG2D,-0.05513146320802536
CellCNN,positive,a_2b,NKG2C,-0.04834403267033624
CellCNN,positive,a_2b,2B4,-0.03130320464786022
CellCNN,positive,a_2b,CD33,-0.05935850044716456
CellCNN,positive,a_2b,CD11b,-0.022210485487384635
CellCNN,positive,a_2b,NKp30,-0.056578688608287644
CellCNN,positive,a_2b,CD122,-0.055683484477901994
CellCNN,positive,a_2b,3DL1,-0.07226663287945129
CellCNN,positive,a_2b,NKp44,-0.062474140362815844
CellCNN,positive,a_2b,CD127,1.5570035879652455
CellCNN,positive,a_2b,2DL1,-0.06006456964462012
CellCNN,positive,a_2b,CD94,-0.06265660844406286
CellCNN,positive,a_2b,CD34,-0.07940277025954359
CellCNN,positive,a_2b,CCR7,-0.012107285849233866
CellCNN,positive,a_2b,2DL3,-0.06482825301306937
CellCNN,positive,a_2b,NKG2A,-0.057964297693252224
CellCNN,positive,a_2b,HLA-DR,0.5889604087559255
CellCNN,positive,a_2b,2DL4,-0.10972422075920675
CellCNN,positive,a_2b,CD56,-0.04804672435625527
CellCNN,positive,a_2b,2DL5,-0.06965953705511592
CellCNN,positive,a_2b,CD25,-0.06584163325259565
CellCNN,positive,a_3a,CD3,5.058643401385024
CellCNN,positive,a_3a,CD27,1.236407410184029
CellCNN,positive,a_3a,CD19,-0.05293888985606083
CellCNN,positive,a_3a,CD4,1.1279982430126614
CellCNN,positive,a_3a,CD8,0.4477958944873672
CellCNN,positive,a_3a,CD57,-0.06196213240806508
CellCNN,positive,a_3a,2DL1-S1,-0.09829503965076689
CellCNN,positive,a_3a,TRAIL,-0.09700571471593224
CellCNN,positive,a_3a,2DL2-L3-S2,-0.08979233680511427
CellCNN,positive,a_3a,CD16,-0.09502103505290137
CellCNN,positive,a_3a,CD10,-0.09870434240598674
CellCNN,positive,a_3a,3DL1-S1,-0.08704065745301195
CellCNN,positive,a_3a,CD117,-0.11714838852750979
CellCNN,positive,a_3a,2DS4,-0.08098341873887184
CellCNN,positive,a_3a,ILT2-CD85j,-0.07497603007501484
CellCNN,positive,a_3a,NKp46,-0.10930241529587449
CellCNN,positive,a_3a,NKG2D,-0.05085965318172818
CellCNN,positive,a_3a,NKG2C,-0.07536254062907456
CellCNN,positive,a_3a,2B4,-0.0721008514562307
CellCNN,positive,a_3a,CD33,2.5072017157122097
CellCNN,positive,a_3a,CD11b,-0.038115173945909686
CellCNN,positive,a_3a,NKp30,-0.09956699579295838
CellCNN,positive,a_3a,CD122,-0.07430316279295451
CellCNN,positive,a_3a,3DL1,-0.11038377714770166
CellCNN,positive,a_3a,NKp44,-0.06103212793752853
CellCNN,positive,a_3a,CD127,1.0035542058421476
CellCNN,positive,a_3a,2DL1,-0.06839731772818239
CellCNN,positive,a_3a,CD94,-0.05752402311771211
CellCNN,positive,a_3a,CD34,-0.09407007638383051
CellCNN,positive,a_3a,CCR7,0.11213210463540349
CellCNN,positive,a_3a,2DL3,-0.08317679597757777
CellCNN,positive,a_3a,NKG2A,-0.06925690774861198
CellCNN,positive,a_3a,HLA-DR,1.7972100169049108
CellCNN,positive,a_3a,2DL4,-0.056978658455908666
CellCNN,positive,a_3a,CD56,-0.0711183809990792
CellCNN,positive,a_3a,2DL5,-0.07187820923203447
CellCNN,positive,a_3a,CD25,-0.08683952521648405
CellCNN,positive,a_3b,CD3,4.530981841464957
CellCNN,positive,a_3b,CD27,1.7988979883115364
CellCNN,positive,a_3b,CD19,-0.007980285072208552
CellCNN,positive,a_3b,CD4,1.0552858195526733
CellCNN,positive,a_3b,CD8,2.4361391996419304
CellCNN,positive,a_3b,CD57,0.0738730802617017
CellCNN,positive,a_3b,2DL1-S1,-0.07271075988758743
CellCNN,positive,a_3b,TRAIL,-0.0911362828229332
CellCNN,positive,a_3b,2DL2-L3-S2,-0.07532757451269914
CellCNN,positive,a_3b,CD16,-0.05874214872638361
CellCNN,positive,a_3b,CD10,-0.05198497885915309
CellCNN,positive,a_3b,3DL1-S1,-0.07138367514867665
CellCNN,positive,a_3b,CD117,-0.09098884852034538
CellCNN,positive,a_3b,2DS4,-0.0617916498494029
CellCNN,positive,a_3b,ILT2-CD85j,1.0041563132477682
CellCNN,positive,a_3b,NKp46,-0.07715737911515475
CellCNN,positive,a_3b,NKG2D,-0.06899619433933334
CellCNN,positive,a_3b,NKG2C,-0.06490600456799892
CellCNN,positive,a_3b,2B4,-0.00133300859119327
CellCNN,positive,a_3b,CD33,2.787492430918127
CellCNN,positive,a_3b,CD11b,0.1821175683608553
CellCNN,positive,a_3b,NKp30,-0.04197282306038571
CellCNN,positive,a_3b,CD122,-0.060827759494627556
CellCNN,positive,a_3b,3DL1,-0.08161511805628648
CellCNN,positive,a_3b,NKp44,-0.07079323397582699
CellCNN,positive,a_3b,CD127,0.2547744354186374
CellCNN,positive,a_3b,2DL1,-0.05339411455813984
CellCNN,positive,a_3b,CD94,-0.06485409093553492
CellCNN,positive,a_3b,CD34,-0.07781892878704727
CellCNN,positive,a_3b,CCR7,-0.007657722791987899
CellCNN,positive,a_3b,2DL3,-0.041509818246763995
CellCNN,positive,a_3b,NKG2A,-0.02326040619288352
CellCNN,positive,a_3b,HLA-DR,3.0310979585095357
CellCNN,positive,a_3b,2DL4,0.5912865782228849
CellCNN,positive,a_3b,CD56,0.12136177474124031
CellCNN,positive,a_3b,2DL5,-0.06928210176864669
CellCNN,positive,a_3b,CD25,-0.05073800807784389
CellCNN,positive,a_4a,CD3,4.591010767118066
CellCNN,positive,a_4a,CD27,1.2940813568705345
CellCNN,positive,a_4a,CD19,0.14667695350204127
CellCNN,positive,a_4a,CD4,1.108250767910049
CellCNN,positive,a_4a,CD8,4.5015811866365505
CellCNN,positive,a_4a,CD57,4.483522239074558
CellCNN,positive,a_4a,2DL1-S1,1.5258279281386293
CellCNN,positive,a_4a,TRAIL,-0.07719083090345462
CellCNN,positive,a_4a,2DL2-L3-S2,0.0027561655763200387
CellCNN,positive,a_4a,CD16,2.9795281844161727
CellCNN,positive,a_4a,CD10,-0.021324381834774687
CellCNN,positive,a_4a,3DL1-S1,0.2599835480523604
CellCNN,positive,a_4a,CD117,-0.041423510428450355
CellCNN,positive,a_4a,2DS4,2.684459148840905
CellCNN,positive,a_4a,ILT2-CD85j,1.9683121377625006
CellCNN,positive,a_4a,NKp46,0.576826404492831
CellCNN,positive,a_4a,NKG2D,1.990028769182306
CellCNN,positive,a_4a,NKG2C,3.573947449707446
CellCNN,positive,a_4a,2B4,2.6902875464548552
CellCNN,positive,a_4a,CD33,3.168620967872165
CellCNN,positive,a_4a,CD11b,1.3671178812359586
CellCNN,positive,a_4a,NKp30,1.9106101113695984
CellCNN,positive,a_4a,CD122,1.836715132013451
CellCNN,positive,a_4a,3DL1,1.8141218955468688
CellCNN,positive,a_4a,NKp44,0.12111017516291113
CellCNN,positive,a_4a,CD127,0.14234052632643246
CellCNN,positive,a_4a,2DL1,0.06760273020222979
CellCNN,positive,a_4a,CD94,3.750730537105257
CellCNN,positive,a_4a,CD34,1.1107286194904271
CellCNN,positive,a_4a,CCR7,-0.021237730343083287
CellCNN,positive,a_4a,2DL3,-0.059389142812344385
CellCNN,positive,a_4a,NKG2A,2.0171197685818822
CellCNN,positive,a_4a,HLA-DR,3.607261387664101
CellCNN,positive,a_4a,2DL4,1.5687939310554597
CellCNN,positive,a_4a,CD56,3.366764505738289
CellCNN,positive,a_4a,2DL5,0.10223273796186386
CellCNN,positive,a_4a,CD25,-0.06891211928612578
CellCNN,positive,a_4b,CD3,2.9655549146503897
CellCNN,positive,a_4b,CD27,1.46728533257658
CellCNN,positive,a_4b,CD19,1.498985729136376
CellCNN,positive,a_4b,CD4,1.1593431950373212
CellCNN,positive,a_4b,CD8,3.081460427620596
CellCNN,positive,a_4b,CD57,3.91070776253341
CellCNN,positive,a_4b,2DL1-S1,1.92388631074684
CellCNN,positive,a_4b,TRAIL,-0.03511347981922914
CellCNN,positive,a_4b,2DL2-L3-S2,-0.01184979288646799
CellCNN,positive,a_4b,CD16,5.139480193070547
CellCNN,positive,a_4b,CD10,1.7007593642235463
CellCNN,positive,a_4b,3DL1-S1,0.05060128963422415
CellCNN,positive,a_4b,CD117,1.2472486245288505
CellCNN,positive,a_4b,2DS4,1.9489600312751216
CellCNN,positive,a_4b,ILT2-CD85j,0.8574486531297284
CellCNN,positive,a_4b,NKp46,1.0498689789978521
CellCNN,positive,a_4b,NKG2D,2.0868257509219483
CellCNN,positive,a_4b,NKG2C,3.748689133108569
CellCNN,positive,a_4b,2B4,2.737412885735353
CellCNN,positive,a_4b,CD33,3.38928287220472
CellCNN,positive,a_4b,CD11b,0.07758910795279271
CellCNN,positive,a_4b,NKp30,1.355597240249533
CellCNN,positive,a_4b,CD122,1.2182361520431275
CellCNN,positive,a_4b,3DL1,-0.06480169534284207
CellCNN,positive,a_4b,NKp44,1.2682109719118146
CellCNN,positive,a_4b,CD127,1.6998805779433581
CellCNN,positive,a_4b,2DL1,0.007794817578528389
CellCNN,positive,a_4b,CD94,4.717409697346992
CellCNN,positive,a_4b,CD34,0.6210677606756799
CellCNN,positive,a_4b,CCR7,-0.020372730836734358
CellCNN,positive,a_4b,2DL3,-0.030658928390221066
CellCNN,positive,a_4b,NKG2A,4.279897047037488
CellCNN,positive,a_4b,HLA-DR,3.3510415288117863
CellCNN,positive,a_4b,2DL4,1.6068055104924852
CellCNN,positive,a_4b,CD56,4.66852601363985
CellCNN,positive,a_4b,2DL5,1.6523215655890804
CellCNN,positive,a_4b,CD25,-0.062178717680784264
CellCNN,positive,a_5a,CD3,4.547010852215543
CellCNN,positive,a_5a,CD27,0.6021580998016498
CellCNN,positive,a_5a,CD19,1.345390315690181
CellCNN,positive,a_5a,CD4,1.2888500472906586
CellCNN,positive,a_5a,CD8,3.6015686607002566
CellCNN,positive,a_5a,CD57,3.9832048305766796
CellCNN,positive,a_5a,2DL1-S1,0.13360515770574302
CellCNN,positive,a_5a,TRAIL,-0.11890053960575095
CellCNN,positive,a_5a,2DL2-L3-S2,0.9276124686667016
CellCNN,positive,a_5a,CD16,3.7552069409968283
CellCNN,positive,a_5a,CD10,-0.012637126857505097
CellCNN,positive,a_5a,3DL1-S1,-0.010996935894550815
CellCNN,positive,a_5a,CD117,-0.0994255394670565
CellCNN,positive,a_5a,2DS4,-0.05091572218403534
CellCNN,positive,a_5a,ILT2-CD85j,1.7571365845678437
CellCNN,positive,a_5a,NKp46,1.8703457949810571
CellCNN,positive,a_5a,NKG2D,2.0956742139826208
CellCNN,positive,a_5a,NKG2C,3.966059617250598
CellCNN,positive,a_5a,2B4,2.502226293994622
CellCNN,positive,a_5a,CD33,1.939404466804333
CellCNN,positive,a_5a,CD11b,0.6273086444319816
CellCNN,positive,a_5a,NKp30,1.3301968597516691
CellCNN,positive,a_5a,CD122,1.3421826038863838
CellCNN,positive,a_5a,3DL1,-0.1059600694266842
CellCNN,positive,a_5a,NKp44,-0.055342683739362734
CellCNN,positive,a_5a,CD127,0.11171151291806503
CellCNN,positive,a_5a,2DL1,-0.04887785283276175
CellCNN,positive,a_5a,CD94,3.999600845435913
CellCNN,positive,a_5a,CD34,0.4159875762643726
CellCNN,positive,a_5a,CCR7,-0.08886188578089045
CellCNN,positive,a_5a,2DL3,2.253551646687176
CellCNN,positive,a_5a,NKG2A,0.9414003078537153
CellCNN,positive,a_5a,HLA-DR,2.7742264579146125
CellCNN,positive,a_5a,2DL4,1.0365094993052784
CellCNN,positive,a_5a,CD56,3.9389969307277033
CellCNN,positive,a_5a,2DL5,0.040752719829755216
CellCNN,positive,a_5a,CD25,-0.06613797388988976
CellCNN,positive,a_5b,CD3,3.983887369383772
CellCNN,positive,a_5b,CD27,0.15892415390401088
CellCNN,positive,a_5b,CD19,0.26568653779478457
CellCNN,positive,a_5b,CD4,0.2441021552780651
CellCNN,positive,a_5b,CD8,3.1823792179255443
CellCNN,positive,a_5b,CD57,4.297577042450416
CellCNN,positive,a_5b,2DL1-S1,0.299281437403692
CellCNN,positive,a_5b,TRAIL,-0.07087327287306255
CellCNN,positive,a_5b,2DL2-L3-S2,1.5133259455592927
CellCNN,positive,a_5b,CD16,2.928218601649515
CellCNN,positive,a_5b,CD10,-0.000980247027650215
CellCNN,positive,a_5b,3DL1-S1,-0.09670830086411204
CellCNN,positive,a_5b,CD117,-0.057983458180933145
CellCNN,positive,a_5b,2DS4,2.162060034591123
CellCNN,positive,a_5b,ILT2-CD85j,1.8421567744741536
CellCNN,positive,a_5b,NKp46,0.2782932059791844
CellCNN,positive,a_5b,NKG2D,1.736188152565366
CellCNN,positive,a_5b,NKG2C,3.915739010731957
CellCNN,positive,a_5b,2B4,2.5217948855299106
CellCNN,positive,a_5b,CD33,2.353439963772331
CellCNN,positive,a_5b,CD11b,0.3250492885925977
CellCNN,positive,a_5b,NKp30,1.1616989470927983
CellCNN,positive,a_5b,CD122,1.2281486941641555
CellCNN,positive,a_5b,3DL1,-0.00993943910472931
CellCNN,positive,a_5b,NKp44,-0.08136462129639688
CellCNN,positive,a_5b,CD127,-0.034822325241138714
CellCNN,positive,a_5b,2DL1,-0.021065682771268343
CellCNN,positive,a_5b,CD94,3.4719958417256116
CellCNN,positive,a_5b,CD34,0.07241527326955464
CellCNN,positive,a_5b,CCR7,0.0858956498463571
CellCNN,positive,a_5b,2DL3,2.557015659559553
CellCNN,positive,a_5b,NKG2A,-0.04161241352798397
CellCNN,positive,a_5b,HLA-DR,2.6361435673386393
CellCNN,positive,a_5b,2DL4,1.2715857901466405
CellCNN,positive,a_5b,CD56,3.352698849627013
CellCNN,positive,a_5b,2DL5,-0.0790228863726765
CellCNN,positive,a_5b,CD25,-0.04013051515879431
CellCNN,negative,a_001,CD3,3.5999081715565873
CellCNN,negative,a_001,CD27,0.11597293251890331
CellCNN,negative,a_001,CD19,-0.012246101480973109
CellCNN,negative,a_001,CD4,1.0448563481455975
CellCNN,negative,a_001,CD8,0.6094695082803753
CellCNN,negative,a_001,CD57,-0.08010068362518907
CellCNN,negative,a_001,2DL1-S1,-0.09081760903855483
CellCNN,negative,a_001,TRAIL,-0.09078802413343766
CellCNN,negative,a_001,2DL2-L3-S2,-0.08288443029276478
CellCNN,negative,a_001,CD16,-0.0375768080713196
CellCNN,negative,a_001,CD10,-0.07198516712003852
CellCNN,negative,a_001,3DL1-S1,-0.102196366638665
CellCNN,negative,a_001,CD117,-0.08192345267244058
CellCNN,negative,a_001,2DS4,-0.08228040727782641
CellCNN,negative,a_001,ILT2-CD85j,-0.034782828303564925
CellCNN,negative,a_001,NKp46,-0.08757034070879997
CellCNN,negative,a_001,NKG2D,-0.053539586290449546
CellCNN,negative,a_001,NKG2C,-0.10807345723007766
CellCNN,negative,a_001,2B4,-0.06251293872508938
CellCNN,negative,a_001,CD33,0.2293406916752104
CellCNN,negative,a_001,CD11b,-0.05898808043131115
CellCNN,negative,a_001,NKp30,-0.0644286697603617
CellCNN,negative,a_001,CD122,-0.07951631015141625
CellCNN,negative,a_001,3DL1,-0.09112689238874352
CellCNN,negative,a_001,NKp44,-0.09468580779342149
CellCNN,negative,a_001,CD127,-0.017182138010298303
CellCNN,negative,a_001,2DL1,-0.09591775633417086
CellCNN,negative,a_001,CD94,-0.07843868887575395
CellCNN,negative,a_001,CD34,-0.0650012187597047
CellCNN,negative,a_001,CCR7,1.4366718530290903
CellCNN,negative,a_001,2DL3,-0.08163061724935823
CellCNN,negative,a_001,NKG2A,-0.03378584120209335
CellCNN,negative,a_001,HLA-DR,2.032785413458348
CellCNN,negative,a_001,2DL4,-0.007799552278571369
CellCNN,negative,a_001,CD56,-0.03732500008556428
CellCNN,negative,a_001,2DL5,-0.1072344886368638
CellCNN,negative,a_001,CD25,-0.07342226180728888
CellCNN,negative,a_002,CD3,2.6248861196752182
CellCNN,negative,a_002,CD27,-0.053914351867661005
CellCNN,negative,a_002,CD19,0.23520221156571663
CellCNN,negative,a_002,CD4,0.5394520213518601
CellCNN,negative,a_002,CD8,0.4028851542745292
CellCNN,negative,a_002,CD57,-0.06120953750539419
CellCNN,negative,a_002,2DL1-S1,-0.04656128068346113
CellCNN,negative,a_002,TRAIL,-0.0789057234007568
CellCNN,negative,a_002,2DL2-L3-S2,-0.061362350924902526
CellCNN,negative,a_002,CD16,-0.013297790275239424
CellCNN,negative,a_002,CD10,-0.041605323733182584
CellCNN,negative,a_002,3DL1-S1,-0.09225321222789344
CellCNN,negative,a_002,CD117,-0.05769473356371193
CellCNN,negative,a_002,2DS4,-0.07955892968148674
CellCNN,negative,a_002,ILT2-CD85j,0.33544206745048105
CellCNN,negative,a_002,NKp46,-0.027275890456571302
CellCNN,negative,a_002,NKG2D,-0.06052152037689935
CellCNN,negative,a_002,NKG2C,-0.04919486337211992
CellCNN,negative,a_002,2B4,0.3392132280303145
CellCNN,negative,a_002,CD33,-0.02319114341632137
CellCNN,negative,a_002,CD11b,-0.06958346331762681
CellCNN,negative,a_002,NKp30,-0.0476047548344644
CellCNN,negative,a_002,CD122,-0.0468082009594867
CellCNN,negative,a_002,3DL1,-0.10837302651901565
CellCNN,negative,a_002,NKp44,-0.06330559561820126
CellCNN,negative,a_002,CD127,-0.046263494803493024
CellCNN,negative,a_002,2DL1,-0.03502937277240714
CellCNN,negative,a_002,CD94,-0.03415995735494154
CellCNN,negative,a_002,CD34,-0.0824385085298235
CellCNN,negative,a_002,CCR7,0.48459938492295296
CellCNN,negative,a_002,2DL3,-0.052656804787777456
CellCNN,negative,a_002,NKG2A,-0.07714318778152403
CellCNN,negative,a_002,HLA-DR,2.043627924625979
CellCNN,negative,a_002,2DL4,-0.0477228792246324
CellCNN,negative,a_002,CD56,0.2489786774625178
CellCNN,negative,a_002,2DL5,-0.09581426387959384
CellCNN,negative,a_002,CD25,-0.10824377571115741
CellCNN,negative,a_003,CD3,0.9682708806950755
CellCNN,negative,a_003,CD27,-0.09368247780928086
CellCNN,negative,a_003,CD19,-0.0025909787856768724
CellCNN,negative,a_003,CD4,-0.008189827292500564
CellCNN,negative,a_003,CD8,1.3499509983671871
CellCNN,negative,a_003,CD57,-0.03163810332081086
CellCNN,negative,a_003,2DL1-S1,-0.05647261878908024
CellCNN,negative,a_003,TRAIL,-0.07952652387878348
CellCNN,negative,a_003,2DL2-L3-S2,-0.06745910069454057
CellCNN,negative,a_003,CD16,0.9866909305408161
CellCNN,negative,a_003,CD10,-0.041573629555650506
CellCNN,negative,a_003,3DL1-S1,-0.06664833990995521
CellCNN,negative,a_003,CD117,-0.04880010786603623
CellCNN,negative,a_003,2DS4,-0.007066391459149759
CellCNN,negative,a_003,ILT2-CD85j,0.407933686085965
CellCNN,negative,a_003,NKp46,-0.008243475622256741
CellCNN,negative,a_003,NKG2D,0.15304862772244626
CellCNN,negative,a_003,NKG2C,-0.053152385314565134
CellCNN,negative,a_003,2B4,1.0167510188705562
CellCNN,negative,a_003,CD33,2.2035150496413065
CellCNN,negative,a_003,CD11b,-0.0010608486704034926
CellCNN,negative,a_003,NKp30,0.23191707465427952
CellCNN,negative,a_003,CD122,0.55691702769801
CellCNN,negative,a_003,3DL1,-0.024989940863153596
CellCNN,negative,a_003,NKp44,-0.08593610907329527
CellCNN,negative,a_003,CD127,-0.01546150383701759
CellCNN,negative,a_003,2DL1,-0.0066501000615853114
CellCNN,negative,a_003,CD94,0.25442509181135536
CellCNN,negative,a_003,CD34,-0.010803701665773522
CellCNN,negative,a_003,CCR7,-0.05335993826862383
CellCNN,negative,a_003,2DL3,-0.06571659106704977
CellCNN,negative,a_003,NKG2A,0.5233975289218469
CellCNN,negative,a_003,HLA-DR,2.7222050789905436
CellCNN,negative,a_003,2DL4,0.45298301758463655
CellCNN,negative,a_003,CD56,1.252324643007163
CellCNN,negative,a_003,2DL5,-0.06174267675617708
CellCNN,negative,a_003,CD25,-0.07197852054741752
CellCNN,negative,a_004,CD3,0.1212670337994691
CellCNN,negative,a_004,CD27,-0.07065526659246377
CellCNN,negative,a_004,CD19,0.8313856826141552
CellCNN,negative,a_004,CD4,-0.004389606475353502
CellCNN,negative,a_004,CD8,0.28684880731210605
CellCNN,negative,a_004,CD57,-0.06693518496584261
CellCNN,negative,a_004,2DL1-S1,-0.0839643006374515
CellCNN,negative,a_004,TRAIL,-0.11097321750428069
CellCNN,negative,a_004,2DL2-L3-S2,-0.08324118437971224
CellCNN,negative,a_004,CD16,-0.03894197992768382
CellCNN,negative,a_004,CD10,-0.0825519849337551
CellCNN,negative,a_004,3DL1-S1,-0.0949896400279257
CellCNN,negative,a_004,CD117,-0.08847555209964451
CellCNN,negative,a_004,2DS4,-0.09935796594012873
CellCNN,negative,a_004,ILT2-CD85j,0.4659420024208938
CellCNN,negative,a_004,NKp46,-0.07508620892423518
CellCNN,negative,a_004,NKG2D,-0.0698038643705308
CellCNN,negative,a_004,NKG2C,-0.08340721458165797
CellCNN,negative,a_004,2B4,-0.029190677189389475
CellCNN,negative,a_004,CD33,0.9878830042080382
CellCNN,negative,a_004,CD11b,-0.08287280561082763
CellCNN,negative,a_004,NKp30,-0.06135587812822298
CellCNN,negative,a_004,CD122,-0.06862661487965044
CellCNN,negative,a_004,3DL1,-0.09220168871811486
CellCNN,negative,a_004,NKp44,-0.08884679389532087
CellCNN,negative,a_004,CD127,-0.04594893488851059
CellCNN,negative,a_004,2DL1,-0.07466144743640815
CellCNN,negative,a_004,CD94,-0.06341959304333658
CellCNN,negative,a_004,CD34,-0.10345851593128605
CellCNN,negative,a_004,CCR7,-0.04396405331003073
CellCNN,negative,a_004,2DL3,-0.07281892406270482
CellCNN,negative,a_004,NKG2A,-0.06074033202803147
CellCNN,negative,a_004,HLA-DR,3.8065496090367765
CellCNN,negative,a_004,2DL4,0.13092489877568686
CellCNN,negative,a_004,CD56,0.07282017839357771
CellCNN,negative,a_004,2DL5,-0.0785371087427709
CellCNN,negative,a_004,CD25,-0.08139196671788014
CellCNN,negative,a_005,CD3,0.6790658668202869
CellCNN,negative,a_005,CD27,-0.08530788554912914
CellCNN,negative,a_005,CD19,-0.004865466978286557
CellCNN,negative,a_005,CD4,-0.026431171079008647
CellCNN,negative,a_005,CD8,0.5715938512589598
CellCNN,negative,a_005,CD57,-0.08909916176343563
CellCNN,negative,a_005,2DL1-S1,-0.1285113971477341
CellCNN,negative,a_005,TRAIL,-0.0847523353851064
CellCNN,negative,a_005,2DL2-L3-S2,-0.08123525399578806
CellCNN,negative,a_005,CD16,0.1195555351140879
CellCNN,negative,a_005,CD10,-0.06489649382277939
CellCNN,negative,a_005,3DL1-S1,-0.0895097134996263
CellCNN,negative,a_005,CD117,-0.11050059243591089
CellCNN,negative,a_005,2DS4,-0.0818387465249614
CellCNN,negative,a_005,ILT2-CD85j,1.6450913697491747
CellCNN,negative,a_005,NKp46,-0.06610114127505584
CellCNN,negative,a_005,NKG2D,-0.06694411161576759
CellCNN,negative,a_005,NKG2C,-0.09199356829157576
CellCNN,negative,a_005,2B4,-0.018944191277843716
CellCNN,negative,a_005,CD33,0.3069245468500889
CellCNN,negative,a_005,CD11b,-0.06666341618301695
CellCNN,negative,a_005,NKp30,-0.10453508540786294
CellCNN,negative,a_005,CD122,-0.1022165386868568
CellCNN,negative,a_005,3DL1,-0.09759763368976437
CellCNN,negative,a_005,NKp44,-0.11815651790297296
CellCNN,negative,a_005,CD127,-0.05764457028752273
CellCNN,negative,a_005,2DL1,-0.07676472273533143
CellCNN,negative,a_005,CD94,-0.09631000734093732
CellCNN,negative,a_005,CD34,-0.04341043435015957
CellCNN,negative,a_005,CCR7,-0.07687884461890487
CellCNN,negative,a_005,2DL3,-0.08853985785270495
CellCNN,negative,a_005,NKG2A,-0.01859561915626309
CellCNN,negative,a_005,HLA-DR,4.565852282179291
CellCNN,negative,a_005,2DL4,0.9465786471675782
CellCNN,negative,a_005,CD56,-0.06217281631053304
CellCNN,negative,a_005,2DL5,-0.10081122738239488
CellCNN,negative,a_005,CD25,-0.04911397330227875
CellCNN,negative,a_006,CD3,4.255259577920789
CellCNN,negative,a_006,CD27,0.24428465609278924
CellCNN,negative,a_006,CD19,-0.02780070703114764
CellCNN,negative,a_006,CD4,1.5005099873332877
CellCNN,negative,a_006,CD8,-0.06029850538273142
CellCNN,negative,a_006,CD57,-0.0808386185707993
CellCNN,negative,a_006,2DL1-S1,-0.08669512255522083
CellCNN,negative,a_006,TRAIL,-0.08890303511140153
CellCNN,negative,a_006,2DL2-L3-S2,-0.08916972733860265
CellCNN,negative,a_006,CD16,-0.08521047626559458
CellCNN,negative,a_006,CD10,-0.09444750783606916
CellCNN,negative,a_006,3DL1-S1,-0.08827650534408858
CellCNN,negative,a_006,CD117,-0.09770530829010077
CellCNN,negative,a_006,2DS4,-0.08034207418839767
CellCNN,negative,a_006,ILT2-CD85j,-0.02921066304611206
CellCNN,negative,a_006,NKp46,-0.10524994543654212
CellCNN,negative,a_006,NKG2D,-0.09223803000029758
CellCNN,negative,a_006,NKG2C,-0.09436693597354406
CellCNN,negative,a_006,2B4,-0.059591964114176735
CellCNN,negative,a_006,CD33,0.09530965010511544
CellCNN,negative,a_006,CD11b,-0.08308908107586167
CellCNN,negative,a_006,NKp30,-0.0970962803177382
CellCNN,negative,a_006,CD122,-0.0910315867450166
CellCNN,negative,a_006,3DL1,-0.08552896872382867
CellCNN,negative,a_006,NKp44,-0.10624775752850807
CellCNN,negative,a_006,CD127,-0.05455979082348224
CellCNN,negative,a_006,2DL1,-0.09490398708956822
CellCNN,negative,a_006,CD94,-0.08786803445514496
CellCNN,negative,a_006,CD34,-0.06462784705283847
CellCNN,negative,a_006,CCR7,1.3199103617468917
CellCNN,negative,a_006,2DL3,-0.06008473326290649
CellCNN,negative,a_006,NKG2A,-0.05204787202234238
CellCNN,negative,a_006,HLA-DR,1.8442430359759971
CellCNN,negative,a_006,2DL4,-0.013690763678612303
CellCNN,negative,a_006,CD56,-0.04018569138534754
CellCNN,negative,a_006,2DL5,-0.08837251132929178
CellCNN,negative,a_006,CD25,-0.08978679209748919
CellCNN,negative,a_007,CD3,1.1066672459557063
CellCNN,negative,a_007,CD27,-0.056369446475957
CellCNN,negative,a_007,CD19,1.7936898805954513
CellCNN,negative,a_007,CD4,0.039550459121423485
CellCNN,negative,a_007,CD8,0.23760902126752212
CellCNN,negative,a_007,CD57,-0.05949418322729358
CellCNN,negative,a_007,2DL1-S1,-0.06360172310073667
CellCNN,negative,a_007,TRAIL,-0.09753287177728541
CellCNN,negative,a_007,2DL2-L3-S2,-0.06442036024185548
CellCNN,negative,a_007,CD16,-0.040842058398279195
CellCNN,negative,a_007,CD10,-0.06537092949894903
CellCNN,negative,a_007,3DL1-S1,-0.08411558507430521
CellCNN,negative,a_007,CD117,-0.07708456813863677
CellCNN,negative,a_007,2DS4,-0.07126069586249738
CellCNN,negative,a_007,ILT2-CD85j,0.8050532306278757
CellCNN,negative,a_007,NKp46,-0.0806344886330233
CellCNN,negative,a_007,NKG2D,-0.08884515527867845
CellCNN,negative,a_007,NKG2C,-0.06639911830353028
CellCNN,negative,a_007,2B4,-0.02663234045145168
CellCNN,negative,a_007,CD33,0.3188504044534142
CellCNN,negative,a_007,CD11b,-0.059370275451944426
CellCNN,negative,a_007,NKp30,-0.08360894009064859
CellCNN,negative,a_007,CD122,-0.07754892424435472
CellCNN,negative,a_007,3DL1,-0.07039826494737488
CellCNN,negative,a_007,NKp44,-0.09616813821473769
CellCNN,negative,a_007,CD127,-0.07286201709904684
CellCNN,negative,a_007,2DL1,-0.08578069095473999
CellCNN,negative,a_007,CD94,-0.09746331618675551
CellCNN,negative,a_007,CD34,-0.07047762826506282
CellCNN,negative,a_007,CCR7,0.9224971353462539
CellCNN,negative,a_007,2DL3,-0.08150886280864844
CellCNN,negative,a_007,NKG2A,0.15229761703296932
CellCNN,negative,a_007,HLA-DR,5.432324747603386
CellCNN,negative,a_007,2DL4,1.2079509016415018
CellCNN,negative,a_007,CD56,0.1102283449658846
CellCNN,negative,a_007,2DL5,-0.07278927188535346
CellCNN,negative,a_007,CD25,-0.09630958017015438
CellCNN,negative,a_009,CD3,1.4532493526740557
CellCNN,negative,a_009,CD27,-0.06278156810430875
CellCNN,negative,a_009,CD19,1.726679499677739
CellCNN,negative,a_009,CD4,0.19205375906029976
CellCNN,negative,a_009,CD8,0.631304638932095
CellCNN,negative,a_009,CD57,-0.0454406833373297
CellCNN,negative,a_009,2DL1-S1,-0.08986362226556308
CellCNN,negative,a_009,TRAIL,-0.07748996770771896
CellCNN,negative,a_009,2DL2-L3-S2,-0.06133228928403987
CellCNN,negative,a_009,CD16,-0.0701931478445961
CellCNN,negative,a_009,CD10,-0.051035866105819935
CellCNN,negative,a_009,3DL1-S1,-0.09075355381999765
CellCNN,negative,a_009,CD117,-0.09668274276071037
CellCNN,negative,a_009,2DS4,-0.06609057857099028
CellCNN,negative,a_009,ILT2-CD85j,1.451972489548199
CellCNN,negative,a_009,NKp46,-0.08452807203388948
CellCNN,negative,a_009,NKG2D,-0.026089188143972382
CellCNN,negative,a_009,NKG2C,-0.06919757646081058
CellCNN,negative,a_009,2B4,0.38412498946809986
CellCNN,negative,a_009,CD33,1.1256422849231191
CellCNN,negative,a_009,CD11b,-0.06850047215885254
CellCNN,negative,a_009,NKp30,-0.049369319906864204
CellCNN,negative,a_009,CD122,-0.030796499503685074
CellCNN,negative,a_009,3DL1,-0.05911582880102318
CellCNN,negative,a_009,NKp44,-0.1134133994733921
CellCNN,negative,a_009,CD127,-0.0768080764508503
CellCNN,negative,a_009,2DL1,-0.05118760010640138
CellCNN,negative,a_009,CD94,-0.05468892827222214
CellCNN,negative,a_009,CD34,-0.058062521744722186
CellCNN,negative,a_009,CCR7,-0.015326755192028446
CellCNN,negative,a_009,2DL3,-0.06121356519191246
CellCNN,negative,a_009,NKG2A,0.7569097176420985
CellCNN,negative,a_009,HLA-DR,5.59627782798224
CellCNN,negative,a_009,2DL4,1.532987418162751
CellCNN,negative,a_009,CD56,0.6706471530228655
CellCNN,negative,a_009,2DL5,-0.07107994378896253
CellCNN,negative,a_009,CD25,-0.06237808991942767
CellCNN,negative,a_010,CD3,1.3209478858826034
CellCNN,negative,a_010,CD27,-0.017868371155072525
CellCNN,negative,a_010,CD19,1.419655556131604
CellCNN,negative,a_010,CD4,0.4032788386300912
CellCNN,negative,a_010,CD8,-0.028191229641835302
CellCNN,negative,a_010,CD57,-0.07657445200603724
CellCNN,negative,a_010,2DL1-S1,-0.07536357481163665
CellCNN,negative,a_010,TRAIL,-0.10570948951437911
CellCNN,negative,a_010,2DL2-L3-S2,-0.07717564122309199
CellCNN,negative,a_010,CD16,-0.06034005170187299
CellCNN,negative,a_010,CD10,-0.07956966029745252
CellCNN,negative,a_010,3DL1-S1,-0.09206964711092919
CellCNN,negative,a_010,CD117,-0.08370534090093841
CellCNN,negative,a_010,2DS4,-0.09982416838744781
CellCNN,negative,a_010,ILT2-CD85j,0.8890815626291255
CellCNN,negative,a_010,NKp46,-0.0677896034754374
CellCNN,negative,a_010,NKG2D,-0.0956723820894316
CellCNN,negative,a_010,NKG2C,-0.08724813967853727
CellCNN,negative,a_010,2B4,-0.03976118358225526
CellCNN,negative,a_010,CD33,-0.052211883756974074
CellCNN,negative,a_010,CD11b,-0.09653516543377459
CellCNN,negative,a_010,NKp30,-0.08185224940967771
CellCNN,negative,a_010,CD122,-0.0582952415458796
CellCNN,negative,a_010,3DL1,-0.09694771221034769
CellCNN,negative,a_010,NKp44,-0.0932588479411922
CellCNN,negative,a_010,CD127,-0.05903203383321494
CellCNN,negative,a_010,2DL1,-0.07623022112594877
CellCNN,negative,a_010,CD94,-0.07838701561654098
CellCNN,negative,a_010,CD34,-0.07900654018872158
CellCNN,negative,a_010,CCR7,1.304727739284694
CellCNN,negative,a_010,2DL3,-0.05293325914777172
CellCNN,negative,a_010,NKG2A,0.10269694373051302
CellCNN,negative,a_010,HLA-DR,5.122014373526013
CellCNN,negative,a_010,2DL4,1.2974299811524905
CellCNN,negative,a_010,CD56,0.055879124335909774
CellCNN,negative,a_010,2DL5,-0.0821509070716684
CellCNN,negative,a_010,CD25,-0.08261228981832028
CellCNN,negative,a_011,CD3,2.6284239127270403
CellCNN,negative,a_011,CD27,-0.05794946912732528
CellCNN,negative,a_011,CD19,-0.06887407455518568
CellCNN,negative,a_011,CD4,0.4526931487555498
CellCNN,negative,a_011,CD8,0.9901639965033919
CellCNN,negative,a_011,CD57,-0.049835117348355724
CellCNN,negative,a_011,2DL1-S1,-0.06976734416107562
CellCNN,negative,a_011,TRAIL,-0.09890208638915224
CellCNN,negative,a_011,2DL2-L3-S2,-0.06995524208490267
CellCNN,negative,a_011,CD16,1.7139772931168449
CellCNN,negative,a_011,CD10,-0.05162670534750594
CellCNN,negative,a_011,3DL1-S1,-0.08329287304897377
CellCNN,negative,a_011,CD117,-0.10310879893960997
CellCNN,negative,a_011,2DS4,0.09620820967496935
CellCNN,negative,a_011,ILT2-CD85j,2.5389803095536863
CellCNN,negative,a_011,NKp46,-0.021456970344362947
CellCNN,negative,a_011,NKG2D,-0.04116085703379321
CellCNN,negative,a_011,NKG2C,-0.07963137601583047
CellCNN,negative,a_011,2B4,2.084099168374
CellCNN,negative,a_011,CD33,4.816039047888754
CellCNN,negative,a_011,CD11b,1.097850089657643
CellCNN,negative,a_011,NKp30,-0.05222010394965232
CellCNN,negative,a_011,CD122,-0.04891121836489634
CellCNN,negative,a_011,3DL1,-0.06832321164085534
CellCNN,negative,a_011,NKp44,-0.08884571929530324
CellCNN,negative,a_011,CD127,-0.001666378203710079
CellCNN,negative,a_011,2DL1,-0.05560461257767066
CellCNN,negative,a_011,CD94,-0.017558107620041247
CellCNN,negative,a_011,CD34,2.389847269126473
CellCNN,negative,a_011,CCR7,-0.039477813076920824
CellCNN,negative,a_011,2DL3,-0.10651933967107508
CellCNN,negative,a_011,NKG2A,-0.03860621117845199
CellCNN,negative,a_011,HLA-DR,4.413585401876844
CellCNN,negative,a_011,2DL4,1.3557680043977034
CellCNN,negative,a_011,CD56,0.8051456857435951
CellCNN,negative,a_011,2DL5,0.30743993753240056
CellCNN,negative,a_011,CD25,-0.09031029175556071
CellCNN,negative,a_012,CD3,1.1270525739098791
CellCNN,negative,a_012,CD27,-0.06846718357153764
CellCNN,negative,a_012,CD19,0.35066391243015765
CellCNN,negative,a_012,CD4,0.2026312823569185
CellCNN,negative,a_012,CD8,1.2200170155538197
CellCNN,negative,a_012,CD57,-0.07120125400202679
CellCNN,negative,a_012,2DL1-S1,-0.06472496037120072
CellCNN,negative,a_012,TRAIL,-0.08626734923538262
CellCNN,negative,a_012,2DL2-L3-S2,-0.0821012332790887
CellCNN,negative,a_012,CD16,2.3051194337287764
CellCNN,negative,a_012,CD10,0.06160977878952845
CellCNN,negative,a_012,3DL1-S1,-0.059769674688229
CellCNN,negative,a_012,CD117,-0.09305484874865626
CellCNN,negative,a_012,2DS4,-0.07708707599981945
CellCNN,negative,a_012,ILT2-CD85j,2.1619967728684215
CellCNN,negative,a_012,NKp46,-0.04541449623991552
CellCNN,negative,a_012,NKG2D,-0.06808332466015063
CellCNN,negative,a_012,NKG2C,-0.07073849310247514
CellCNN,negative,a_012,2B4,1.099314396268472
CellCNN,negative,a_012,CD33,2.265859797867354
CellCNN,negative,a_012,CD11b,0.22348490740293808
CellCNN,negative,a_012,NKp30,-0.04077427581905888
CellCNN,negative,a_012,CD122,-0.046727158741840816
CellCNN,negative,a_012,3DL1,-0.05972108232611348
CellCNN,negative,a_012,NKp44,-0.09266291068783394
CellCNN,negative,a_012,CD127,-0.054774142539308054
CellCNN,negative,a_012,2DL1,-0.07444567654613762
CellCNN,negative,a_012,CD94,-0.06286530825621423
CellCNN,negative,a_012,CD34,-0.01617366937304799
CellCNN,negative,a_012,CCR7,-0.07085008530273812
CellCNN,negative,a_012,2DL3,-0.06493893822893436
CellCNN,negative,a_012,NKG2A,-0.06930893688967923
CellCNN,negative,a_012,HLA-DR,4.051542909454623
CellCNN,negative,a_012,2DL4,0.8409424024369445
CellCNN,negative,a_012,CD56,-0.01692472212028293
CellCNN,negative,a_012,2DL5,-0.05602067832634941
CellCNN,negative,a_012,CD25,-0.08117508490650766
CellCNN,negative,a_1a,CD3,5.258203152497125
CellCNN,negative,a_1a,CD27,2.000680652761052
CellCNN,negative,a_1a,CD19,-0.02387580521099125
CellCNN,negative,a_1a,CD4,2.415424008104662
CellCNN,negative,a_1a,CD8,1.7699962665273923
CellCNN,negative,a_1a,CD57,-0.06344916299872878
CellCNN,negative,a_1a,2DL1-S1,-0.06632367004299433
CellCNN,negative,a_1a,TRAIL,-0.09154874171292092
CellCNN,negative,a_1a,2DL2-L3-S2,-0.06043455535746619
CellCNN,negative,a_1a,CD16,-0.026628875670023533
CellCNN,negative,a_1a,CD10,-0.09425062848125444
CellCNN,negative,a_1a,3DL1-S1,-0.07027943318886933
CellCNN,negative,a_1a,CD117,-0.08182488125081122
CellCNN,negative,a_1a,2DS4,-0.07106777941570534
CellCNN,negative,a_1a,ILT2-CD85j,-0.03366401898869043
CellCNN,negative,a_1a,NKp46,-0.059522219280259844
CellCNN,negative,a_1a,NKG2D,-0.0717091117204804
CellCNN,negative,a_1a,NKG2C,-0.06158447694948366
CellCNN,negative,a_1a,2B4,0.3755839834912652
CellCNN,negative,a_1a,CD33,2.583010710646612
CellCNN,negative,a_1a,CD11b,-0.05424503159953084
CellCNN,negative,a_1a,NKp30,-0.08180774864530667
CellCNN,negative,a_1a,CD122,-0.050377151968423045
CellCNN,negative,a_1a,3DL1,-0.07363067208993014
CellCNN,negative,a_1a,NKp44,-0.05953037662051178
CellCNN,negative,a_1a,CD127,3.081777557172125
CellCNN,negative,a_1a,2DL1,-0.00769230140820691
CellCNN,negative,a_1a,CD94,-0.06321184038869822
CellCNN,negative,a_1a,CD34,-0.05862268623225586
CellCNN,negative,a_1a,CCR7,2.121599203065394
CellCNN,negative,a_1a,2DL3,-0.10238759029650198
CellCNN,negative,a_1a,NKG2A,-0.011230167131552192
CellCNN,negative,a_1a,HLA-DR,2.329792240157827
CellCNN,negative,a_1a,2DL4,-0.0277933784913145
CellCNN,negative,a_1a,CD56,-0.015938256900988178
CellCNN,negative,a_1a,2DL5,-0.05413354986142207
CellCNN,negative,a_1a,CD25,-0.09650137215565435
CellCNN,negative,a_2a,CD3,2.38216918339712
CellCNN,negative,a_2a,CD27,0.3195858984560348
CellCNN,negative,a_2a,CD19,1.245689389522766
CellCNN,negative,a_2a,CD4,0.7630990484754888
CellCNN,negative,a_2a,CD8,1.1079111204147867
CellCNN,negative,a_2a,CD57,-0.08198831702273501
CellCNN,negative,a_2a,2DL1-S1,-0.09398200672482096
CellCNN,negative,a_2a,TRAIL,-0.102222361416163
CellCNN,negative,a_2a,2DL2-L3-S2,-0.08729273284529931
CellCNN,negative,a_2a,CD16,-0.07780785203263686
CellCNN,negative,a_2a,CD10,-0.08963488740975702
CellCNN,negative,a_2a,3DL1-S1,-0.09222742973030632
CellCNN,negative,a_2a,CD117,-0.08949107828847744
CellCNN,negative,a_2a,2DS4,-0.07067738427247831
CellCNN,negative,a_2a,ILT2-CD85j,2.185006266045317
CellCNN,negative,a_2a,NKp46,-0.0720609960846838
CellCNN,negative,a_2a,NKG2D,-0.09212809175972372
CellCNN,negative,a_2a,NKG2C,-0.06794239369392177
CellCNN,negative,a_2a,2B4,1.0017261628433367
CellCNN,negative,a_2a,CD33,1.8369646642578417
CellCNN,negative,a_2a,CD11b,-0.07374502889201436
CellCNN,negative,a_2a,NKp30,-0.08280040800455228
CellCNN,negative,a_2a,CD122,-0.0826904861312448
CellCNN,negative,a_2a,3DL1,-0.08064693531425414
CellCNN,negative,a_2a,NKp44,-0.10241199550339165
CellCNN,negative,a_2a,CD127,-0.02413978217852267
CellCNN,negative,a_2a,2DL1,-0.07396043055119399
CellCNN,negative,a_2a,CD94,-0.1030580235353423
CellCNN,negative,a_2a,CD34,-0.04611128684954905
CellCNN,negative,a_2a,CCR7,-0.05160735366273248
CellCNN,negative,a_2a,2DL3,-0.05010795364713886
CellCNN,negative,a_2a,NKG2A,0.07243850580317047
CellCNN,negative,a_2a,HLA-DR,4.828390424766432
CellCNN,negative,a_2a,2DL4,1.225405913408002
CellCNN,negative,a_2a,CD56,0.1199951806372698
CellCNN,negative,a_2a,2DL5,-0.06691875301737944
CellCNN,negative,a_2a,CD25,-0.05359852817882105
CellCNN,negative,a_2b,CD3,4.615715234145463
CellCNN,negative,a_2b,CD27,1.3341482395653503
CellCNN,negative,a_2b,CD19,0.32266250219854387
CellCNN,negative,a_2b,CD4,2.026717030025903
CellCNN,negative,a_2b,CD8,0.7171750731479376
CellCNN,negative,a_2b,CD57,-0.07291506135602954
CellCNN,negative,a_2b,2DL1-S1,-0.08666167299321134
CellCNN,negative,a_2b,TRAIL,-0.09569880299406873
CellCNN,negative,a_2b,2DL2-L3-S2,-0.09252159822054187
CellCNN,negative,a_2b,CD16,-0.08419427051601686
CellCNN,negative,a_2b,CD10,-0.0891907021966236
CellCNN,negative,a_2b,3DL1-S1,-0.09157911993631476
CellCNN,negative,a_2b,CD117,-0.10970902965331925
CellCNN,negative,a_2b,2DS4,-0.08919595035763858
CellCNN,negative,a_2b,ILT2-CD85j,-0.008550727477493584
CellCNN,negative,a_2b,NKp46,-0.08848876238708095
CellCNN,negative,a_2b,NKG2D,-0.07089574099786385
CellCNN,negative,a_2b,NKG2C,-0.0832565924020194
CellCNN,negative,a_2b,2B4,-0.016373023492482434
CellCNN,negative,a_2b,CD33,0.3179862114683525
CellCNN,negative,a_2b,CD11b,-0.08114876677861847
CellCNN,negative,a_2b,NKp30,-0.08293255053584421
CellCNN,negative,a_2b,CD122,-0.08357226837735077
CellCNN,negative,a_2b,3DL1,-0.09592260965008269
CellCNN,negative,a_2b,NKp44,-0.08522669536520036
CellCNN,negative,a_2b,CD127,1.7140859814346863
CellCNN,negative,a_2b,2DL1,-0.06031525362499762
CellCNN,negative,a_2b,CD94,-0.0715395900496172
CellCNN,negative,a_2b,CD34,-0.07937963910703384
CellCNN,negative,a_2b,CCR7,0.4717219098115326
CellCNN,negative,a_2b,2DL3,-0.08403508757171743
CellCNN,negative,a_2b,NKG2A,-0.07369557227894165
CellCNN,negative,a_2b,HLA-DR,1.6374691244336537
CellCNN,negative,a_2b,2DL4,-0.026454203201765912
CellCNN,negative,a_2b,CD56,-0.06599619191908343
CellCNN,negative,a_2b,2DL5,-0.08793413676859277
CellCNN,negative,a_2b,CD25,-0.08667805040491199
CellCNN,negative,a_3a,CD3,4.914085808323142
CellCNN,negative,a_3a,CD27,1.4042312352717101
CellCNN,negative,a_3a,CD19,-0.03261927340869708
CellCNN,negative,a_3a,CD4,1.8933123571577497
CellCNN,negative,a_3a,CD8,1.1720941098522335
CellCNN,negative,a_3a,CD57,-0.05325790304441098
CellCNN,negative,a_3a,2DL1-S1,-0.05083042508977922
CellCNN,negative,a_3a,TRAIL,-0.07884062909253221
CellCNN,negative,a_3a,2DL2-L3-S2,-0.08811985413307732
CellCNN,negative,a_3a,CD16,-0.05001737275348819
CellCNN,negative,a_3a,CD10,-0.048029167208232894
CellCNN,negative,a_3a,3DL1-S1,-0.07690832133740387
CellCNN,negative,a_3a,CD117,-0.06473931883915891
CellCNN,negative,a_3a,2DS4,-0.058151028234749665
CellCNN,negative,a_3a,ILT2-CD85j,0.6608728366334136
CellCNN,negative,a_3a,NKp46,-0.05347081159123455
CellCNN,negative,a_3a,NKG2D,-0.00013940110757501526
CellCNN,negative,a_3a,NKG2C,-0.051612579988607445
CellCNN,negative,a_3a,2B4,1.934415986121179
CellCNN,negative,a_3a,CD33,2.5813762821076294
CellCNN,negative,a_3a,CD11b,0.5878787372188699
CellCNN,negative,a_3a,NKp30,-0.03390219435137322
CellCNN,negative,a_3a,CD122,-0.06903102775365069
CellCNN,negative,a_3a,3DL1,-0.06391498210560748
CellCNN,negative,a_3a,NKp44,-0.048814446562874154
CellCNN,negative,a_3a,CD127,2.5245920640041954
CellCNN,negative,a_3a,2DL1,-0.007642999385480444
CellCNN,negative,a_3a,CD94,-0.029704964453227407
CellCNN,negative,a_3a,CD34,-0.02645501949974105
CellCNN,negative,a_3a,CCR7,0.7333431793028587
CellCNN,negative,a_3a,2DL3,-0.06542936009835772
CellCNN,negative,a_3a,NKG2A,0.1319771978424783
CellCNN,negative,a_3a,HLA-DR,2.3850052425466086
CellCNN,negative,a_3a,2DL4,0.19158051690548786
CellCNN,negative,a_3a,CD56,0.04155378940805477
CellCNN,negative,a_3a,2DL5,-0.024980410075216605
CellCNN,negative,a_3a,CD25,-0.10010699074039857
CellCNN,negative,a_3b,CD3,4.476096624861181
CellCNN,negative,a_3b,CD27,1.591352771749263
CellCNN,negative,a_3b,CD19,-0.024963694694396195
CellCNN,negative,a_3b,CD4,1.935061602793904
CellCNN,negative,a_3b,CD8,1.605787708075906
CellCNN,negative,a_3b,CD57,-0.06300068832759466
CellCNN,negative,a_3b,2DL1-S1,-0.06688551439546463
CellCNN,negative,a_3b,TRAIL,-0.08697103469604384
CellCNN,negative,a_3b,2DL2-L3-S2,-0.0927607125537659
CellCNN,negative,a_3b,CD16,-0.04151017258907654
CellCNN,negative,a_3b,CD10,-0.09843031904698685
CellCNN,negative,a_3b,3DL1-S1,-0.10998745420633753
CellCNN,negative,a_3b,CD117,-0.09563450390115204
CellCNN,negative,a_3b,2DS4,-0.0999981495293572
CellCNN,negative,a_3b,ILT2-CD85j,-0.005481516313891377
CellCNN,negative,a_3b,NKp46,-0.05514024154684003
CellCNN,negative,a_3b,NKG2D,-0.03886563945244751
CellCNN,negative,a_3b,NKG2C,-0.0707229632321544
CellCNN,negative,a_3b,2B4,0.4655527809561105
CellCNN,negative,a_3b,CD33,2.4452456989315317
CellCNN,negative,a_3b,CD11b,-0.04049095553806141
CellCNN,negative,a_3b,NKp30,-0.046573650134233986
CellCNN,negative,a_3b,CD122,-0.04314331895377757
CellCNN,negative,a_3b,3DL1,-0.09443502273844974
CellCNN,negative,a_3b,NKp44,-0.08792415583663314
CellCNN,negative,a_3b,CD127,2.6615993860943
CellCNN,negative,a_3b,2DL1,-0.03302410465547432
CellCNN,negative,a_3b,CD94,-0.05030171656163906
CellCNN,negative,a_3b,CD34,-0.0663713144204159
CellCNN,negative,a_3b,CCR7,0.8792642685093736
CellCNN,negative,a_3b,2DL3,-0.07039089224629676
CellCNN,negative,a_3b,NKG2A,-0.012370629992789815
CellCNN,negative,a_3b,HLA-DR,2.3769627855478768
CellCNN,negative,a_3b,2DL4,-0.053160617004411395
CellCNN,negative,a_3b,CD56,0.025019520851208253
CellCNN,negative,a_3b,2DL5,-0.07295760718440578
CellCNN,negative,a_3b,CD25,-0.06802322742248332
CellCNN,negative,a_4a,CD3,4.629966420388929
CellCNN,negative,a_4a,CD27,1.0522936971578267
CellCNN,negative,a_4a,CD19,0.11119062386087719
CellCNN,negative,a_4a,CD4,1.5368900788785957
CellCNN,negative,a_4a,CD8,2.4309091494146107
CellCNN,negative,a_4a,CD57,-0.022542044210781556
CellCNN,negative,a_4a,2DL1-S1,-0.039654092906377905
CellCNN,negative,a_4a,TRAIL,-0.07618120161958429
CellCNN,negative,a_4a,2DL2-L3-S2,-0.06012546500634916
CellCNN,negative,a_4a,CD16,1.51641119751606
CellCNN,negative,a_4a,CD10,-0.02946678125623094
CellCNN,negative,a_4a,3DL1-S1,-0.07613753678176914
CellCNN,negative,a_4a,CD117,-0.09274252203153391
CellCNN,negative,a_4a,2DS4,-0.05117134337350294
CellCNN,negative,a_4a,ILT2-CD85j,0.9580227365880836
CellCNN,negative,a_4a,NKp46,-0.045791169444861606
CellCNN,negative,a_4a,NKG2D,0.014246741787261919
CellCNN,negative,a_4a,NKG2C,-0.04245857033668204
CellCNN,negative,a_4a,2B4,1.3275926848788395
CellCNN,negative,a_4a,CD33,2.3734235109237143
CellCNN,negative,a_4a,CD11b,-0.0057215993108060284
CellCNN,negative,a_4a,NKp30,-0.010612269972603635
CellCNN,negative,a_4a,CD122,-0.05989971969777526
CellCNN,negative,a_4a,3DL1,-0.06092712103490482
CellCNN,negative,a_4a,NKp44,-0.0800315137258135
CellCNN,negative,a_4a,CD127,1.5230307455879324
CellCNN,negative,a_4a,2DL1,-0.04083858932121559
CellCNN,negative,a_4a,CD94,-0.031038179167518665
CellCNN,negative,a_4a,CD34,-0.0456914687659291
CellCNN,negative,a_4a,CCR7,1.3387593839440544
CellCNN,negative,a_4a,2DL3,-0.04731894173355604
CellCNN,negative,a_4a,NKG2A,0.31117448127562797
CellCNN,negative,a_4a,HLA-DR,3.2099715446929706
CellCNN,negative,a_4a,2DL4,0.7507814286843038
CellCNN,negative,a_4a,CD56,0.24592523039252037
CellCNN,negative,a_4a,2DL5,-0.04333662978723318
CellCNN,negative,a_4a,CD25,-0.06586340728384772
CellCNN,negative,a_4b,CD3,4.715268255131722
CellCNN,negative,a_4b,CD27,1.8202146969746913
CellCNN,negative,a_4b,CD19,0.5125872127046485
CellCNN,negative,a_4b,CD4,2.5933754801068787
CellCNN,negative,a_4b,CD8,1.5410685758849834
CellCNN,negative,a_4b,CD57,-0.051060766277623
CellCNN,negative,a_4b,2DL1-S1,-0.09022350358497819
CellCNN,negative,a_4b,TRAIL,-0.06993366436238922
CellCNN,negative,a_4b,2DL2-L3-S2,-0.09522684193228728
CellCNN,negative,a_4b,CD16,-0.014036614703263364
CellCNN,negative,a_4b,CD10,-0.07855706833947357
CellCNN,negative,a_4b,3DL1-S1,-0.07316105491078417
CellCNN,negative,a_4b,CD117,-0.06863620651039652
CellCNN,negative,a_4b,2DS4,-0.025690495173696228
CellCNN,negative,a_4b,ILT2-CD85j,0.8880213639019277
CellCNN,negative,a_4b,NKp46,-0.04585492714908708
CellCNN,negative,a_4b,NKG2D,-0.10275910495636972
CellCNN,negative,a_4b,NKG2C,-0.05491112253962277
CellCNN,negative,a_4b,2B4,1.4696023858850649
CellCNN,negative,a_4b,CD33,3.088313686591925
CellCNN,negative,a_4b,CD11b,0.24979924638945752
CellCNN,negative,a_4b,NKp30,-0.025809900312192612
CellCNN,negative,a_4b,CD122,-0.05211730664512508
CellCNN,negative,a_4b,3DL1,-0.05322442884674332
CellCNN,negative,a_4b,NKp44,-0.09749285289965351
CellCNN,negative,a_4b,CD127,2.728686854738598
CellCNN,negative,a_4b,2DL1,-0.07709330405109015
CellCNN,negative,a_4b,CD94,-0.02998265207035029
CellCNN,negative,a_4b,CD34,-0.004291032869819564
CellCNN,negative,a_4b,CCR7,1.0137855485350429
CellCNN,negative,a_4b,2DL3,-0.09456293495380633
CellCNN,negative,a_4b,NKG2A,-0.00427309017359661
CellCNN,negative,a_4b,HLA-DR,4.331783117989
CellCNN,negative,a_4b,2DL4,0.9342961333019348
CellCNN,negative,a_4b,CD56,0.09234965270844332
CellCNN,negative,a_4b,2DL5,-0.017732003921209875
CellCNN,negative,a_4b,CD25,-0.08283246069037102
CellCNN,negative,a_5a,CD3,4.017296193029452
CellCNN,negative,a_5a,CD27,0.01066534565013473
CellCNN,negative,a_5a,CD19,-0.046823707992471715
CellCNN,negative,a_5a,CD4,1.3804609358913247
CellCNN,negative,a_5a,CD8,1.3298559935203453
CellCNN,negative,a_5a,CD57,-0.08622425452058108
CellCNN,negative,a_5a,2DL1-S1,-0.10887826774080692
CellCNN,negative,a_5a,TRAIL,-0.10957948949551949
CellCNN,negative,a_5a,2DL2-L3-S2,-0.066252580855363
CellCNN,negative,a_5a,CD16,-0.05228991294561081
CellCNN,negative,a_5a,CD10,-0.07314820279162187
CellCNN,negative,a_5a,3DL1-S1,-0.11348961960086787
CellCNN,negative,a_5a,CD117,-0.10879129564453603
CellCNN,negative,a_5a,2DS4,-0.044802663222571475
CellCNN,negative,a_5a,ILT2-CD85j,0.79627870352335
CellCNN,negative,a_5a,NKp46,-0.05964359128856267
CellCNN,negative,a_5a,NKG2D,-0.02240550061136903
CellCNN,negative,a_5a,NKG2C,-0.08204732373828909
CellCNN,negative,a_5a,2B4,0.7270220334282094
CellCNN,negative,a_5a,CD33,2.3218704666315864
CellCNN,negative,a_5a,CD11b,0.2590020691490828
CellCNN,negative,a_5a,NKp30,-0.05869097101778138
CellCNN,negative,a_5a,CD122,-0.0783162973090907
CellCNN,negative,a_5a,3DL1,-0.07165850037699711
CellCNN,negative,a_5a,NKp44,-0.06716496867749228
CellCNN,negative,a_5a,CD127,1.9819160201788486
CellCNN,negative,a_5a,2DL1,-0.034628205656017624
CellCNN,negative,a_5a,CD94,-0.07161261529568022
CellCNN,negative,a_5a,CD34,-0.05018174676871985
CellCNN,negative,a_5a,CCR7,-0.010458871776866111
CellCNN,negative,a_5a,2DL3,-0.05808326493625768
CellCNN,negative,a_5a,NKG2A,-0.02676872388498544
CellCNN,negative,a_5a,HLA-DR,3.177321246909499
CellCNN,negative,a_5a,2DL4,0.4398526991998805
CellCNN,negative,a_5a,CD56,0.42137540716635313
CellCNN,negative,a_5a,2DL5,-0.05447273650535734
CellCNN,negative,a_5a,CD25,-0.044476685418433394
CellCNN,negative,a_5b,CD3,4.259854098533396
CellCNN,negative,a_5b,CD27,1.5557221747226495
CellCNN,negative,a_5b,CD19,-0.023941382868999172
CellCNN,negative,a_5b,CD4,1.8846508527861359
CellCNN,negative,a_5b,CD8,1.261439151087459
CellCNN,negative,a_5b,CD57,-0.03448364640299497
CellCNN,negative,a_5b,2DL1-S1,-0.0767895404522057
CellCNN,negative,a_5b,TRAIL,-0.1002069822236746
CellCNN,negative,a_5b,2DL2-L3-S2,-0.0720387914091112
CellCNN,negative,a_5b,CD16,-0.08298194768767615
CellCNN,negative,a_5b,CD10,-0.08200108906324913
CellCNN,negative,a_5b,3DL1-S1,-0.09298780366016335
CellCNN,negative,a_5b,CD117,-0.07092856021094492
CellCNN,negative,a_5b,2DS4,-0.081232443972774
CellCNN,negative,a_5b,ILT2-CD85j,-0.04311163874958937
CellCNN,negative,a_5b,NKp46,-0.08099111823676712
CellCNN,negative,a_5b,NKG2D,-0.0882242152864086
CellCNN,negative,a_5b,NKG2C,-0.06474013966252513
CellCNN,negative,a_5b,2B4,0.29663012460257193
CellCNN,negative,a_5b,CD33,1.4682944177189157
CellCNN,negative,a_5b,CD11b,-0.10598505829873904
CellCNN,negative,a_5b,NKp30,-0.08439913650363919
CellCNN,negative,a_5b,CD122,-0.06855538805318687
CellCNN,negative,a_5b,3DL1,-0.09627349010866176
CellCNN,negative,a_5b,NKp44,-0.0830512376040837
CellCNN,negative,a_5b,CD127,1.8747556732021105
CellCNN,negative,a_5b,2DL1,-0.03610953910877843
CellCNN,negative,a_5b,CD94,-0.05920062296011274
CellCNN,negative,a_5b,CD34,-0.06727597581494539
CellCNN,negative,a_5b,CCR7,0.023349316647744225
CellCNN,negative,a_5b,2DL3,-0.06038024140466273
CellCNN,negative,a_5b,NKG2A,-0.04083158267737378
CellCNN,negative,a_5b,HLA-DR,2.367727712396546
CellCNN,negative,a_5b,2DL4,-0.03357934480972711
CellCNN,negative,a_5b,CD56,-0.022900168228886235
CellCNN,negative,a_5b,2DL5,-0.06626420208400757
CellCNN,negative,a_5b,CD25,-0.08211196169484285
Citrus,positive,a_001,CD3,4.354658278270079
Citrus,positive,a_001,CD27,0.8939995167623904
Citrus,positive,a_001,CD19,-0.01823064430520021
Citrus,positive,a_001,CD4,0.6406681560935847
Citrus,positive,a_001,CD8,4.017074297118039
Citrus,positive,a_001,CD57,0.9613914998709672
Citrus,positive,a_001,2DL1-S1,-0.03215472005330064
Citrus,positive,a_001,TRAIL,-0.08427995200349819
Citrus,positive,a_001,2DL2-L3-S2,-0.06584320341049481
Citrus,positive,a_001,CD16,0.1438124395514604
Citrus,positive,a_001,CD10,-0.05512203020870404
Citrus,positive,a_001,3DL1-S1,-0.10030080487823584
Citrus,positive,a_001,CD117,-0.07882162660174945
Citrus,positive,a_001,2DS4,-0.09409129108753754
Citrus,positive,a_001,ILT2-CD85j,0.21300595908333822
Citrus,positive,a_001,NKp46,-0.05227557974141518
Citrus,positive,a_001,NKG2D,0.9638459635848773
Citrus,positive,a_001,NKG2C,-0.062007963752838895
Citrus,positive,a_001,2B4,1.2474022938767162
Citrus,positive,a_001,CD33,1.1725166379507854
Citrus,positive,a_001,CD11b,0.7923171852271066
Citrus,positive,a_001,NKp30,-0.023676546583180344
Citrus,positive,a_001,CD122,-0.0007273169524478655
Citrus,positive,a_001,3DL1,-0.07653185228302883
Citrus,positive,a_001,NKp44,-0.08632963646341413
Citrus,positive,a_001,CD127,0.17831586510292408
Citrus,positive,a_001,2DL1,-0.08121266091737406
Citrus,positive,a_001,CD94,-0.006194726618190657
Citrus,positive,a_001,CD34,-0.050609772431904246
Citrus,positive,a_001,CCR7,0.38177917098814584
Citrus,positive,a_001,2DL3,-0.065902839552795
Citrus,positive,a_001,NKG2A,-0.02396831941973313
Citrus,positive,a_001,HLA-DR,2.2100248958986284
Citrus,positive,a_001,2DL4,-0.028568670074481693
Citrus,positive,a_001,CD56,-0.012350693762120259
Citrus,positive,a_001,2DL5,-0.07587891459305311
Citrus,positive,a_001,CD25,-0.08179013482860838
Citrus,positive,a_002,CD3,4.1265862995751075
Citrus,positive,a_002,CD27,0.4821668016997198
Citrus,positive,a_002,CD19,-0.03119166728906466
Citrus,positive,a_002,CD4,0.5018117120057549
Citrus,positive,a_002,CD8,4.3637128969912204
Citrus,positive,a_002,CD57,2.362160393536799
Citrus,positive,a_002,2DL1-S1,-0.007668501975499361
Citrus,positive,a_002,TRAIL,-0.0870697059023439
Citrus,positive,a_002,2DL2-L3-S2,-0.04314810968765626
Citrus,positive,a_002,CD16,-0.01613899144640729
Citrus,positive,a_002,CD10,-0.0688812042333499
Citrus,positive,a_002,3DL1-S1,-0.08567144392212653
Citrus,positive,a_002,CD117,-0.0761533992528826
Citrus,positive,a_002,2DS4,-0.07652213539040835
Citrus,positive,a_002,ILT2-CD85j,-0.011455091650749346
Citrus,positive,a_002,NKp46,-0.06151850636598207
Citrus,positive,a_002,NKG2D,0.9176736559904082
Citrus,positive,a_002,NKG2C,-0.04089535110235821
Citrus,positive,a_002,2B4,0.9442077512451885
Citrus,positive,a_002,CD33,-0.014118944401188731
Citrus,positive,a_002,CD11b,1.1233778578992029
Citrus,positive,a_002,NKp30,-0.015267220097816149
Citrus,positive,a_002,CD122,0.45593265624329016
Citrus,positive,a_002,3DL1,-0.0920967891605998
Citrus,positive,a_002,NKp44,-0.09783388633592036
Citrus,positive,a_002,CD127,-0.04438843250553189
Citrus,positive,a_002,2DL1,-0.0669931099677457
Citrus,positive,a_002,CD94,0.7035019064590037
Citrus,positive,a_002,CD34,-0.040119699663076526
Citrus,positive,a_002,CCR7,-0.0410606241498235
Citrus,positive,a_002,2DL3,-0.04769279821711041
Citrus,positive,a_002,NKG2A,-0.05849920051352997
Citrus,positive,a_002,HLA-DR,1.90419199088161
Citrus,positive,a_002,2DL4,-0.025987915443221453
Citrus,positive,a_002,CD56,-0.029683915413008924
Citrus,positive,a_002,2DL5,-0.09329696012120593
Citrus,positive,a_002,CD25,-0.0873563267955515
Citrus,positive,a_003,CD3,2.9644329164243497
Citrus,positive,a_003,CD27,-0.02861562827952497
Citrus,positive,a_003,CD19,-0.046817066375382965
Citrus,positive,a_003,CD4,-0.010851629931322312
Citrus,positive,a_003,CD8,3.1235124643837806
Citrus,positive,a_003,CD57,1.5856736158416522
Citrus,positive,a_003,2DL1-S1,-0.05970646353600123
Citrus,positive,a_003,TRAIL,-0.0850168787113669
Citrus,positive,a_003,2DL2-L3-S2,-0.044041133907584754
Citrus,positive,a_003,CD16,1.72641644266025
Citrus,positive,a_003,CD10,-0.04774561930648022
Citrus,positive,a_003,3DL1-S1,-0.05833861359932064
Citrus,positive,a_003,CD117,-0.08316817717180491
Citrus,positive,a_003,2DS4,0.24547187376109353
Citrus,positive,a_003,ILT2-CD85j,1.2135228121196415
Citrus,positive,a_003,NKp46,0.35389183394942875
Citrus,positive,a_003,NKG2D,1.5517053054710104
Citrus,positive,a_003,NKG2C,-0.04988529869431499
Citrus,positive,a_003,2B4,1.0167510188705562
Citrus,positive,a_003,CD33,2.3129399844273446
Citrus,positive,a_003,CD11b,0.5621976523978525
Citrus,positive,a_003,NKp30,0.6147646875699767
Citrus,positive,a_003,CD122,1.2857114618093086
Citrus,positive,a_003,3DL1,-0.024225690563945412
Citrus,positive,a_003,NKp44,-0.07580702367775755
Citrus,positive,a_003,CD127,-0.012663021513627425
Citrus,positive,a_003,2DL1,-0.021387581128330984
Citrus,positive,a_003,CD94,2.825254062230827
Citrus,positive,a_003,CD34,0.4349816466713821
Citrus,positive,a_003,CCR7,-0.06366120133182647
Citrus,positive,a_003,2DL3,-0.02725877240622008
Citrus,positive,a_003,NKG2A,2.1329451150172405
Citrus,positive,a_003,HLA-DR,2.083046919414464
Citrus,positive,a_003,2DL4,0.15318059220892025
Citrus,positive,a_003,CD56,1.9766259750747155
Citrus,positive,a_003,2DL5,-0.0507898866664039
Citrus,positive,a_003,CD25,-0.05795893037270527
Citrus,positive,a_004,CD3,2.9937263107275016
Citrus,positive,a_004,CD27,-0.001163833977550156
Citrus,positive,a_004,CD19,-0.020752224902502614
Citrus,positive,a_004,CD4,0.031630733913976666
Citrus,positive,a_004,CD8,2.864837654099602
Citrus,positive,a_004,CD57,0.4202246282174561
Citrus,positive,a_004,2DL1-S1,-0.053082698529293856
Citrus,positive,a_004,TRAIL,-0.08820582732089356
Citrus,positive,a_004,2DL2-L3-S2,-0.05615288205169767
Citrus,positive,a_004,CD16,-0.03090351044016634
Citrus,positive,a_004,CD10,-0.05791026143323362
Citrus,positive,a_004,3DL1-S1,-0.08792296239921084
Citrus,positive,a_004,CD117,-0.07862449339689066
Citrus,positive,a_004,2DS4,-0.09175438959844018
Citrus,positive,a_004,ILT2-CD85j,-0.006842176128683196
Citrus,positive,a_004,NKp46,-0.06545897975920688
Citrus,positive,a_004,NKG2D,0.7280474760594999
Citrus,positive,a_004,NKG2C,-0.06792722951535729
Citrus,positive,a_004,2B4,0.49126337131505055
Citrus,positive,a_004,CD33,1.6583491551224563
Citrus,positive,a_004,CD11b,0.20486366126056546
Citrus,positive,a_004,NKp30,-0.047935957496579265
Citrus,positive,a_004,CD122,-0.015097575029076915
Citrus,positive,a_004,3DL1,-0.08327006401060769
Citrus,positive,a_004,NKp44,-0.08544334380603484
Citrus,positive,a_004,CD127,0.09181782763223087
Citrus,positive,a_004,2DL1,-0.07812817674682651
Citrus,positive,a_004,CD94,-0.017324326078660354
Citrus,positive,a_004,CD34,-0.06498005613599207
Citrus,positive,a_004,CCR7,-0.04558757284591817
Citrus,positive,a_004,2DL3,-0.07543911152610723
Citrus,positive,a_004,NKG2A,-0.06578598770362644
Citrus,positive,a_004,HLA-DR,1.7071138179624405
Citrus,positive,a_004,2DL4,-0.010092842589340676
Citrus,positive,a_004,CD56,-0.0013919918027899012
Citrus,positive,a_004,2DL5,-0.0751686121471694
Citrus,positive,a_004,CD25,-0.08524656091077255
Citrus,positive,a_005,CD3,3.4287151723782574
Citrus,positive,a_005,CD27,-0.029516249478743282
Citrus,positive,a_005,CD19,-0.0439943746670738
Citrus,positive,a_005,CD4,0.1997184895005255
Citrus,positive,a_005,CD8,4.10373667252116
Citrus,positive,a_005,CD57,2.849659075004796
Citrus,positive,a_005,2DL1-S1,-0.022049888807101754
Citrus,positive,a_005,TRAIL,-0.09003699576982274
Citrus,positive,a_005,2DL2-L3-S2,-0.07709871793674519
Citrus,positive,a_005,CD16,0.5480515003760732
Citrus,positive,a_005,CD10,-0.06620233707826231
Citrus,positive,a_005,3DL1-S1,-0.08852745508192018
Citrus,positive,a_005,CD117,-0.06937604528572991
Citrus,positive,a_005,2DS4,-0.07851263903085484
Citrus,positive,a_005,ILT2-CD85j,0.3556877499978548
Citrus,positive,a_005,NKp46,-0.08890882960902144
Citrus,positive,a_005,NKG2D,1.0625942420734753
Citrus,positive,a_005,NKG2C,-0.04801564063310197
Citrus,positive,a_005,2B4,0.29170642844055983
Citrus,positive,a_005,CD33,0.2729483713420061
Citrus,positive,a_005,CD11b,0.7157900062075341
Citrus,positive,a_005,NKp30,-0.025728310763262853
Citrus,positive,a_005,CD122,-0.04808628295580255
Citrus,positive,a_005,3DL1,-0.08744722218654052
Citrus,positive,a_005,NKp44,-0.10497814913682196
Citrus,positive,a_005,CD127,-0.052911313654538904
Citrus,positive,a_005,2DL1,-0.07677930077253836
Citrus,positive,a_005,CD94,0.6585661573629693
Citrus,positive,a_005,CD34,-0.03994477206734303
Citrus,positive,a_005,CCR7,-0.08168208702417024
Citrus,positive,a_005,2DL3,-0.08780429490852977
Citrus,positive,a_005,NKG2A,-0.05519409581861486
Citrus,positive,a_005,HLA-DR,0.8566735405408921
Citrus,positive,a_005,2DL4,-0.0668698852594926
Citrus,positive,a_005,CD56,-0.03747434533207747
Citrus,positive,a_005,2DL5,-0.10160437390939388
Citrus,positive,a_005,CD25,-0.07814565903816312
Citrus,positive,a_006,CD3,4.308907488919953
Citrus,positive,a_006,CD27,0.14705375616057798
Citrus,positive,a_006,CD19,-0.061359060983528724
Citrus,positive,a_006,CD4,0.37442064985087353
Citrus,positive,a_006,CD8,1.3900691041358508
Citrus,positive,a_006,CD57,3.244607844172134
Citrus,positive,a_006,2DL1-S1,0.09967454278957377
Citrus,positive,a_006,TRAIL,-0.08112721320005392
Citrus,positive,a_006,2DL2-L3-S2,-0.07587591320271336
Citrus,positive,a_006,CD16,-0.04600471950912638
Citrus,positive,a_006,CD10,-0.0840993169369469
Citrus,positive,a_006,3DL1-S1,-0.07779773200673268
Citrus,positive,a_006,CD117,-0.10503062162373
Citrus,positive,a_006,2DS4,-0.07683810602019761
Citrus,positive,a_006,ILT2-CD85j,0.35794016025858816
Citrus,positive,a_006,NKp46,-0.07977805583869468
Citrus,positive,a_006,NKG2D,0.8793429452253755
Citrus,positive,a_006,NKG2C,-0.07722935770080072
Citrus,positive,a_006,2B4,1.2606362763600962
Citrus,positive,a_006,CD33,0.6332469451352246
Citrus,positive,a_006,CD11b,-0.02892230732585942
Citrus,positive,a_006,NKp30,0.11808802182241127
Citrus,positive,a_006,CD122,-9.916424735029465e-05
Citrus,positive,a_006,3DL1,-0.08295220606453489
Citrus,positive,a_006,NKp44,-0.07940486174619858
Citrus,positive,a_006,CD127,-0.06707828429075467
Citrus,positive,a_006,2DL1,-0.08251854149295056
Citrus,positive,a_006,CD94,-0.025479310535000462
Citrus,positive,a_006,CD34,-0.06790435833654113
Citrus,positive,a_006,CCR7,-0.05270463073982165
Citrus,positive,a_006,2DL3,-0.08724249871967721
Citrus,positive,a_006,NKG2A,-0.07142645753777371
Citrus,positive,a_006,HLA-DR,1.3910868687350881
Citrus,positive,a_006,2DL4,-0.055953954201998245
Citrus,positive,a_006,CD56,-0.015271105867668252
Citrus,positive,a_006,2DL5,-0.08853379599275951
Citrus,positive,a_006,CD25,-0.10130554154027105
Citrus,positive,a_007,CD3,4.023563719589868
Citrus,positive,a_007,CD27,0.598416876467305
Citrus,positive,a_007,CD19,-0.03974165762871366
Citrus,positive,a_007,CD4,0.35735564723775326
Citrus,positive,a_007,CD8,3.500023549751507
Citrus,positive,a_007,CD57,1.0677024431426707
Citrus,positive,a_007,2DL1-S1,-0.021682263723550886
Citrus,positive,a_007,TRAIL,-0.09722493122836075
Citrus,positive,a_007,2DL2-L3-S2,-0.05081506693038754
Citrus,positive,a_007,CD16,-0.003019421057506782
Citrus,positive,a_007,CD10,-0.05876821056289183
Citrus,positive,a_007,3DL1-S1,-0.07363372153787495
Citrus,positive,a_007,CD117,-0.0761731961130075
Citrus,positive,a_007,2DS4,-0.07765139780203499
Citrus,positive,a_007,ILT2-CD85j,-0.007555426299655083
Citrus,positive,a_007,NKp46,-0.0568591421418466
Citrus,positive,a_007,NKG2D,0.4720441786287656
Citrus,positive,a_007,NKG2C,-0.060987210052879576
Citrus,positive,a_007,2B4,0.4548261505659279
Citrus,positive,a_007,CD33,0.2502454004859153
Citrus,positive,a_007,CD11b,0.38756367585764945
Citrus,positive,a_007,NKp30,-0.03923977559119513
Citrus,positive,a_007,CD122,-0.01408969335106443
Citrus,positive,a_007,3DL1,-0.07202005265664924
Citrus,positive,a_007,NKp44,-0.08931118368249336
Citrus,positive,a_007,CD127,-0.003980924477635181
Citrus,positive,a_007,2DL1,-0.07407935562321005
Citrus,positive,a_007,CD94,-0.026124655721243888
Citrus,positive,a_007,CD34,-0.04749539072247189
Citrus,positive,a_007,CCR7,-0.004578461520898721
Citrus,positive,a_007,2DL3,-0.08236255602991771
Citrus,positive,a_007,NKG2A,-0.02681265462318516
Citrus,positive,a_007,HLA-DR,1.2879312338992261
Citrus,positive,a_007,2DL4,-0.02022506989036004
Citrus,positive,a_007,CD56,-0.00880326284995115
Citrus,positive,a_007,2DL5,-0.09976121772734847
Citrus,positive,a_007,CD25,-0.09049373193334403
Citrus,positive,a_009,CD3,4.155911947353936
Citrus,positive,a_009,CD27,0.2811033831897385
Citrus,positive,a_009,CD19,-0.0332677954970375
Citrus,positive,a_009,CD4,0.4473053099167224
Citrus,positive,a_009,CD8,3.706574546913402
Citrus,positive,a_009,CD57,1.7772398858247025
Citrus,positive,a_009,2DL1-S1,-0.010748425292516926
Citrus,positive,a_009,TRAIL,-0.09316782800757432
Citrus,positive,a_009,2DL2-L3-S2,-0.054683131449859326
Citrus,positive,a_009,CD16,-0.029949103758423735
Citrus,positive,a_009,CD10,-0.06769436524344653
Citrus,positive,a_009,3DL1-S1,-0.07104047196477822
Citrus,positive,a_009,CD117,-0.06870614851492321
Citrus,positive,a_009,2DS4,-0.08940846319773861
Citrus,positive,a_009,ILT2-CD85j,0.4933139164066166
Citrus,positive,a_009,NKp46,-0.05444313901450989
Citrus,positive,a_009,NKG2D,1.307621818609956
Citrus,positive,a_009,NKG2C,-0.05568204427879463
Citrus,positive,a_009,2B4,0.709621598780232
Citrus,positive,a_009,CD33,0.9595369503948405
Citrus,positive,a_009,CD11b,0.4061900635502471
Citrus,positive,a_009,NKp30,-0.007053114110341712
Citrus,positive,a_009,CD122,0.2027627308809811
Citrus,positive,a_009,3DL1,-0.0609935521086818
Citrus,positive,a_009,NKp44,-0.08714938687142647
Citrus,positive,a_009,CD127,-0.014626759279190174
Citrus,positive,a_009,2DL1,-0.049397198760934014
Citrus,positive,a_009,CD94,0.8231497345698293
Citrus,positive,a_009,CD34,-0.011222411565871261
Citrus,positive,a_009,CCR7,-0.018208609145234665
Citrus,positive,a_009,2DL3,-0.0682031497077805
Citrus,positive,a_009,NKG2A,0.6157199915390342
Citrus,positive,a_009,HLA-DR,2.480665256320426
Citrus,positive,a_009,2DL4,0.07526519634949999
Citrus,positive,a_009,CD56,0.3777885875275877
Citrus,positive,a_009,2DL5,-0.07887223448566504
Citrus,positive,a_009,CD25,-0.06787983987014778
Citrus,positive,a_010,CD3,4.218151956936723
Citrus,positive,a_010,CD27,-0.006529564205726742
Citrus,positive,a_010,CD19,-0.014145704214378003
Citrus,positive,a_010,CD4,0.4933355065177143
Citrus,positive,a_010,CD8,2.904306209217374
Citrus,positive,a_010,CD57,1.0196659134445736
Citrus,positive,a_010,2DL1-S1,-0.04876239618226414
Citrus,positive,a_010,TRAIL,-0.0840083183047023
Citrus,positive,a_010,2DL2-L3-S2,-0.05684725830544011
Citrus,positive,a_010,CD16,-0.04100001552692126
Citrus,positive,a_010,CD10,-0.05858229002414585
Citrus,positive,a_010,3DL1-S1,-0.07816411584332822
Citrus,positive,a_010,CD117,-0.07790360265323408
Citrus,positive,a_010,2DS4,-0.09709318356390066
Citrus,positive,a_010,ILT2-CD85j,0.6651348118560731
Citrus,positive,a_010,NKp46,-0.06311311156452906
Citrus,positive,a_010,NKG2D,0.3807582219685694
Citrus,positive,a_010,NKG2C,-0.07811688633526999
Citrus,positive,a_010,2B4,1.0675726600183946
Citrus,positive,a_010,CD33,-0.06359368082241737
Citrus,positive,a_010,CD11b,0.23822217900741402
Citrus,positive,a_010,NKp30,-0.026186265848735943
Citrus,positive,a_010,CD122,-0.017159476684899373
Citrus,positive,a_010,3DL1,-0.08378699884837508
Citrus,positive,a_010,NKp44,-0.09460243694395033
Citrus,positive,a_010,CD127,-0.019318164333847507
Citrus,positive,a_010,2DL1,-0.08230697841144062
Citrus,positive,a_010,CD94,-0.023005896897703156
Citrus,positive,a_010,CD34,-0.05483709776095828
Citrus,positive,a_010,CCR7,-0.038453712656569224
Citrus,positive,a_010,2DL3,-0.09124709765094814
Citrus,positive,a_010,NKG2A,-0.02160008965201993
Citrus,positive,a_010,HLA-DR,2.05371611731601
Citrus,positive,a_010,2DL4,-0.019373245109405468
Citrus,positive,a_010,CD56,0.06219720109155763
Citrus,positive,a_010,2DL5,-0.07615426696337725
Citrus,positive,a_010,CD25,-0.07803007462318859
Citrus,positive,a_011,CD3,2.982518744824196
Citrus,positive,a_011,CD27,-0.0020322061125767656
Citrus,positive,a_011,CD19,-0.04011189475535096
Citrus,positive,a_011,CD4,0.20951213415649603
Citrus,positive,a_011,CD8,3.0841394261862183
Citrus,positive,a_011,CD57,1.1178690078067985
Citrus,positive,a_011,2DL1-S1,-0.03678154638251335
Citrus,positive,a_011,TRAIL,-0.07744138080638657
Citrus,positive,a_011,2DL2-L3-S2,-0.06189558035242404
Citrus,positive,a_011,CD16,2.075929335902175
Citrus,positive,a_011,CD10,-0.0040672618515780225
Citrus,positive,a_011,3DL1-S1,-0.08329287304897377
Citrus,positive,a_011,CD117,-0.0645427898704626
Citrus,positive,a_011,2DS4,-0.07192966992478772
Citrus,positive,a_011,ILT2-CD85j,1.3343059787634803
Citrus,positive,a_011,NKp46,-0.017870515089861806
Citrus,positive,a_011,NKG2D,0.17957149784773052
Citrus,positive,a_011,NKG2C,-0.08136300540167854
Citrus,positive,a_011,2B4,0.9639576110863455
Citrus,positive,a_011,CD33,2.9357765555642374
Citrus,positive,a_011,CD11b,0.7053625865275511
Citrus,positive,a_011,NKp30,-0.0011157639803553937
Citrus,positive,a_011,CD122,0.28269155350302155
Citrus,positive,a_011,3DL1,-0.07182253920210865
Citrus,positive,a_011,NKp44,-0.07572111780040794
Citrus,positive,a_011,CD127,0.3930481488153824
Citrus,positive,a_011,2DL1,-0.07095103419329976
Citrus,positive,a_011,CD94,0.2134026496167506
Citrus,positive,a_011,CD34,0.43720632423013167
Citrus,positive,a_011,CCR7,-0.05755929238553598
Citrus,positive,a_011,2DL3,-0.05605256441911042
Citrus,positive,a_011,NKG2A,0.1286140451813037
Citrus,positive,a_011,HLA-DR,2.6848669065235486
Citrus,positive,a_011,2DL4,0.3300875860202267
Citrus,positive,a_011,CD56,0.7606639559854661
Citrus,positive,a_011,2DL5,-0.029948195195076414
Citrus,positive,a_011,CD25,-0.07915110603533941
Citrus,positive,a_012,CD3,3.03630877920604
Citrus,positive,a_012,CD27,-0.038556126912669755
Citrus,positive,a_012,CD19,-0.05541415333886337
Citrus,positive,a_012,CD4,0.7968696755707471
Citrus,positive,a_012,CD8,3.9318225879989863
Citrus,positive,a_012,CD57,2.6420374095636094
Citrus,positive,a_012,2DL1-S1,0.16603416147008487
Citrus,positive,a_012,TRAIL,-0.08554369082556197
Citrus,positive,a_012,2DL2-L3-S2,-0.04218197535274667
Citrus,positive,a_012,CD16,2.0603152270847227
Citrus,positive,a_012,CD10,-0.019861220859786366
Citrus,positive,a_012,3DL1-S1,-0.07085131602858039
Citrus,positive,a_012,CD117,-0.08001054047174601
Citrus,positive,a_012,2DS4,-0.07927777953604064
Citrus,positive,a_012,ILT2-CD85j,1.339157490270284
Citrus,positive,a_012,NKp46,-0.07568804858420372
Citrus,positive,a_012,NKG2D,0.37578810945569174
Citrus,positive,a_012,NKG2C,-0.07531219842664294
Citrus,positive,a_012,2B4,0.8729645647842406
Citrus,positive,a_012,CD33,2.289625479117649
Citrus,positive,a_012,CD11b,0.9830012036774873
Citrus,positive,a_012,NKp30,-0.03678852434504039
Citrus,positive,a_012,CD122,0.014670970751059038
Citrus,positive,a_012,3DL1,-0.07359476226262947
Citrus,positive,a_012,NKp44,-0.0839259372460349
Citrus,positive,a_012,CD127,0.23159760491349954
Citrus,positive,a_012,2DL1,-0.06725193206980935
Citrus,positive,a_012,CD94,1.3514830829205
Citrus,positive,a_012,CD34,-0.02325900735226063
Citrus,positive,a_012,CCR7,-0.06940252346393685
Citrus,positive,a_012,2DL3,-0.04962165398624522
Citrus,positive,a_012,NKG2A,-0.052847375758339116
Citrus,positive,a_012,HLA-DR,1.6905667015237753
Citrus,positive,a_012,2DL4,-0.03250557226837304
Citrus,positive,a_012,CD56,0.3140531460372231
Citrus,positive,a_012,2DL5,-0.06290069111914354
Citrus,positive,a_012,CD25,-0.07527288739371495
Citrus,positive,a_1a,CD3,5.175668649328032
Citrus,positive,a_1a,CD27,2.28730699578544
Citrus,positive,a_1a,CD19,0.2604645355316342
Citrus,positive,a_1a,CD4,1.554538869551823
Citrus,positive,a_1a,CD8,3.9457178528660153
Citrus,positive,a_1a,CD57,0.6527073484445138
Citrus,positive,a_1a,2DL1-S1,-0.04322473449799121
Citrus,positive,a_1a,TRAIL,-0.0903381979855944
Citrus,positive,a_1a,2DL2-L3-S2,-0.06595648630641585
Citrus,positive,a_1a,CD16,0.08055157975345274
Citrus,positive,a_1a,CD10,-0.07002001667847518
Citrus,positive,a_1a,3DL1-S1,-0.09016482323741189
Citrus,positive,a_1a,CD117,-0.08441328984345972
Citrus,positive,a_1a,2DS4,-0.06910697952936311
Citrus,positive,a_1a,ILT2-CD85j,0.12387690984026703
Citrus,positive,a_1a,NKp46,-0.08032567624721694
Citrus,positive,a_1a,NKG2D,1.1463244088922802
Citrus,positive,a_1a,NKG2C,-0.03727265296045568
Citrus,positive,a_1a,2B4,1.4455901030251095
Citrus,positive,a_1a,CD33,2.8592059803684045
Citrus,positive,a_1a,CD11b,1.3602006773915107
Citrus,positive,a_1a,NKp30,-0.03309130197441466
Citrus,positive,a_1a,CD122,-0.021549298944335913
Citrus,positive,a_1a,3DL1,-0.0801661219668325
Citrus,positive,a_1a,NKp44,-0.07842503375006073
Citrus,positive,a_1a,CD127,2.8882365312091887
Citrus,positive,a_1a,2DL1,-0.06951853810204627
Citrus,positive,a_1a,CD94,-0.0319118425003756
Citrus,positive,a_1a,CD34,-0.04454580005159683
Citrus,positive,a_1a,CCR7,2.2453804156354953
Citrus,positive,a_1a,2DL3,-0.04889399236272502
Citrus,positive,a_1a,NKG2A,0.8030756300129258
Citrus,positive,a_1a,HLA-DR,2.543057200638453
Citrus,positive,a_1a,2DL4,-0.009645591865343112
Citrus,positive,a_1a,CD56,-0.0024823170739336434
Citrus,positive,a_1a,2DL5,-0.0700894287455448
Citrus,positive,a_1a,CD25,-0.08293531264742765
Citrus,positive,a_2a,CD3,4.680084237907175
Citrus,positive,a_2a,CD27,1.816162788886817
Citrus,positive,a_2a,CD19,-0.01981317406880298
Citrus,positive,a_2a,CD4,0.39240944051301624
Citrus,positive,a_2a,CD8,4.265399575854892
Citrus,positive,a_2a,CD57,0.04262827804935498
Citrus,positive,a_2a,2DL1-S1,-0.05256655120419843
Citrus,positive,a_2a,TRAIL,-0.09177949063844584
Citrus,positive,a_2a,2DL2-L3-S2,-0.08240901506495461
Citrus,positive,a_2a,CD16,-0.07080058268561783
Citrus,positive,a_2a,CD10,-0.07689527076622962
Citrus,positive,a_2a,3DL1-S1,-0.10549426622413713
Citrus,positive,a_2a,CD117,-0.09672837116904211
Citrus,positive,a_2a,2DS4,-0.06770528362574288
Citrus,positive,a_2a,ILT2-CD85j,0.1484949672622982
Citrus,positive,a_2a,NKp46,-0.08282375847772763
Citrus,positive,a_2a,NKG2D,0.6520490108365153
Citrus,positive,a_2a,NKG2C,-0.05882938431973413
Citrus,positive,a_2a,2B4,0.8304760406149496
Citrus,positive,a_2a,CD33,1.89829782976485
Citrus,positive,a_2a,CD11b,1.2019652750376684
Citrus,positive,a_2a,NKp30,-0.051653610764553166
Citrus,positive,a_2a,CD122,-0.05982059328743892
Citrus,positive,a_2a,3DL1,-0.08217756759352007
Citrus,positive,a_2a,NKp44,-0.0896600526286688
Citrus,positive,a_2a,CD127,2.310330570511042
Citrus,positive,a_2a,2DL1,-0.07396043055119399
Citrus,positive,a_2a,CD94,-0.06659007458152667
Citrus,positive,a_2a,CD34,-0.04708004425333398
Citrus,positive,a_2a,CCR7,0.2522777520248433
Citrus,positive,a_2a,2DL3,-0.07826348858441783
Citrus,positive,a_2a,NKG2A,-0.024560956343949808
Citrus,positive,a_2a,HLA-DR,2.5829088081472475
Citrus,positive,a_2a,2DL4,-0.012456413838566544
Citrus,positive,a_2a,CD56,-0.02133361249453665
Citrus,positive,a_2a,2DL5,-0.06996756200447467
Citrus,positive,a_2a,CD25,-0.07533684057221056
Citrus,positive,a_2b,CD3,4.296064692277126
Citrus,positive,a_2b,CD27,1.6615243291930823
Citrus,positive,a_2b,CD19,-0.012230564458695595
Citrus,positive,a_2b,CD4,0.14496969071712837
Citrus,positive,a_2b,CD8,4.320791921429233
Citrus,positive,a_2b,CD57,0.05114237171092925
Citrus,positive,a_2b,2DL1-S1,-0.0710118207853436
Citrus,positive,a_2b,TRAIL,-0.10195658766312725
Citrus,positive,a_2b,2DL2-L3-S2,-0.07869659449570991
Citrus,positive,a_2b,CD16,-0.08774919420327923
Citrus,positive,a_2b,CD10,-0.09395944472902631
Citrus,positive,a_2b,3DL1-S1,-0.08063835037316384
Citrus,positive,a_2b,CD117,-0.0954597189736388
Citrus,positive,a_2b,2DS4,-0.07097514909330654
Citrus,positive,a_2b,ILT2-CD85j,-0.026751882662615876
Citrus,positive,a_2b,NKp46,-0.08236794388516691
Citrus,positive,a_2b,NKG2D,0.10221239992197112
Citrus,positive,a_2b,NKG2C,-0.05499479434068296
Citrus,positive,a_2b,2B4,0.2905841028293075
Citrus,positive,a_2b,CD33,-0.012860325133038211
Citrus,positive,a_2b,CD11b,1.2292737209497813
Citrus,positive,a_2b,NKp30,-0.06777219719562684
Citrus,positive,a_2b,CD122,-0.06637010115889505
Citrus,positive,a_2b,3DL1,-0.10136236272500658
Citrus,positive,a_2b,NKp44,-0.08989557234663825
Citrus,positive,a_2b,CD127,2.184453690010936
Citrus,positive,a_2b,2DL1,-0.07091767993679687
Citrus,positive,a_2b,CD94,-0.06716137071454431
Citrus,positive,a_2b,CD34,-0.07193513345066656
Citrus,positive,a_2b,CCR7,-0.004307771189485451
Citrus,positive,a_2b,2DL3,-0.0731487972469833
Citrus,positive,a_2b,NKG2A,-0.06673855348549793
Citrus,positive,a_2b,HLA-DR,1.5159313145185775
Citrus,positive,a_2b,2DL4,-0.0664050953882877
Citrus,positive,a_2b,CD56,-0.011492681825805106
Citrus,positive,a_2b,2DL5,-0.07699498012629218
Citrus,positive,a_2b,CD25,-0.08388440200938381
Citrus,positive,a_3a,CD3,4.8198947937979275
Citrus,positive,a_3a,CD27,1.9189670249268644
Citrus,positive,a_3a,CD19,-0.03261505564364263
Citrus,positive,a_3a,CD4,-0.023634012688691433
Citrus,positive,a_3a,CD8,4.466456596098901
Citrus,positive,a_3a,CD57,0.028028468961668926
Citrus,positive,a_3a,2DL1-S1,-0.05414738765577321
Citrus,positive,a_3a,TRAIL,-0.08583774890332682
Citrus,positive,a_3a,2DL2-L3-S2,-0.08260813762990556
Citrus,positive,a_3a,CD16,-0.046943337124545306
Citrus,positive,a_3a,CD10,-0.0785533485718097
Citrus,positive,a_3a,3DL1-S1,-0.07392774336009324
Citrus,positive,a_3a,CD117,-0.07748993799465015
Citrus,positive,a_3a,2DS4,-0.08593689295829693
Citrus,positive,a_3a,ILT2-CD85j,-0.04234473244769675
Citrus,positive,a_3a,NKp46,-0.0693793810750587
Citrus,positive,a_3a,NKG2D,0.9569410500267969
Citrus,positive,a_3a,NKG2C,-0.04829565144716691
Citrus,positive,a_3a,2B4,0.9002545837097556
Citrus,positive,a_3a,CD33,2.3308552134475042
Citrus,positive,a_3a,CD11b,1.0227557103479987
Citrus,positive,a_3a,NKp30,-0.023385357186919135
Citrus,positive,a_3a,CD122,-0.02331463171547601
Citrus,positive,a_3a,3DL1,-0.07533709020297405
Citrus,positive,a_3a,NKp44,-0.06605748680856378
Citrus,positive,a_3a,CD127,2.4908321263637117
Citrus,positive,a_3a,2DL1,-0.06311536014011912
Citrus,positive,a_3a,CD94,-0.03057985817462319
Citrus,positive,a_3a,CD34,-0.05729441111952344
Citrus,positive,a_3a,CCR7,0.09555512183450651
Citrus,positive,a_3a,2DL3,-0.0629450920988114
Citrus,positive,a_3a,NKG2A,-0.014840643722189236
Citrus,positive,a_3a,HLA-DR,2.0433650271589623
Citrus,positive,a_3a,2DL4,-0.05662979518159458
Citrus,positive,a_3a,CD56,-0.0261657241852482
Citrus,positive,a_3a,2DL5,-0.0686690546760411
Citrus,positive,a_3a,CD25,-0.09264223918082277
Citrus,positive,a_3b,CD3,4.530981841464957
Citrus,positive,a_3b,CD27,1.8961940494380902
Citrus,positive,a_3b,CD19,-0.037811704011856496
Citrus,positive,a_3b,CD4,-0.0017812782791917804
Citrus,positive,a_3b,CD8,4.1468752731717435
Citrus,positive,a_3b,CD57,0.04917416090278793
Citrus,positive,a_3b,2DL1-S1,-0.06594544769942463
Citrus,positive,a_3b,TRAIL,-0.08361563412144629
Citrus,positive,a_3b,2DL2-L3-S2,-0.07794725561966384
Citrus,positive,a_3b,CD16,-0.016334625354714825
Citrus,positive,a_3b,CD10,-0.07037844188596556
Citrus,positive,a_3b,3DL1-S1,-0.09265514181429113
Citrus,positive,a_3b,CD117,-0.08046259839429203
Citrus,positive,a_3b,2DS4,-0.07787774120165379
Citrus,positive,a_3b,ILT2-CD85j,0.25655496748142825
Citrus,positive,a_3b,NKp46,-0.07138987610615356
Citrus,positive,a_3b,NKG2D,0.9217420655496107
Citrus,positive,a_3b,NKG2C,-0.06269883880330557
Citrus,positive,a_3b,2B4,0.4627689451224045
Citrus,positive,a_3b,CD33,2.6406590376102597
Citrus,positive,a_3b,CD11b,1.0510484330883096
Citrus,positive,a_3b,NKp30,-0.026655402242991816
Citrus,positive,a_3b,CD122,-0.03214733587438029
Citrus,positive,a_3b,3DL1,-0.08473615126801338
Citrus,positive,a_3b,NKp44,-0.08444752386968687
Citrus,positive,a_3b,CD127,2.67297202603905
Citrus,positive,a_3b,2DL1,-0.06186807780054806
Citrus,positive,a_3b,CD94,-0.032173149216682816
Citrus,positive,a_3b,CD34,-0.07082959697177331
Citrus,positive,a_3b,CCR7,0.6228558188602907
Citrus,positive,a_3b,2DL3,-0.07481363988062022
Citrus,positive,a_3b,NKG2A,-0.026703354993963972
Citrus,positive,a_3b,HLA-DR,2.1746615420468083
Citrus,positive,a_3b,2DL4,-0.027130523814635436
Citrus,positive,a_3b,CD56,0.12136177474124031
Citrus,positive,a_3b,2DL5,-0.06381897013105518
Citrus,positive,a_3b,CD25,-0.09439207246640528
Citrus,positive,a_4a,CD3,4.888852772938364
Citrus,positive,a_4a,CD27,1.5392886375547867
Citrus,positive,a_4a,CD19,0.2753759791754129
Citrus,positive,a_4a,CD4,0.6974612325989481
Citrus,positive,a_4a,CD8,3.7067648766559955
Citrus,positive,a_4a,CD57,1.264302672095004
Citrus,positive,a_4a,2DL1-S1,-0.0305072548430616
Citrus,positive,a_4a,TRAIL,-0.0843704793539512
Citrus,positive,a_4a,2DL2-L3-S2,-0.05984568959075769
Citrus,positive,a_4a,CD16,1.8170542993486942
Citrus,positive,a_4a,CD10,-0.049218215017850585
Citrus,positive,a_4a,3DL1-S1,-0.07125177781583612
Citrus,positive,a_4a,CD117,-0.08145424371332442
Citrus,positive,a_4a,2DS4,0.10549161072596071
Citrus,positive,a_4a,ILT2-CD85j,1.3282327833330234
Citrus,positive,a_4a,NKp46,-0.04351213407812046
Citrus,positive,a_4a,NKG2D,1.4213319905705681
Citrus,positive,a_4a,NKG2C,-0.011774247034343014
Citrus,positive,a_4a,2B4,1.7393728247275948
Citrus,positive,a_4a,CD33,2.744976800380723
Citrus,positive,a_4a,CD11b,0.7247026307437012
Citrus,positive,a_4a,NKp30,-0.0014838831641527026
Citrus,positive,a_4a,CD122,0.34351334178741416
Citrus,positive,a_4a,3DL1,-0.05912711606992121
Citrus,positive,a_4a,NKp44,-0.06729504188847875
Citrus,positive,a_4a,CD127,1.6257679944050847
Citrus,positive,a_4a,2DL1,-0.061261849758377535
Citrus,positive,a_4a,CD94,1.2974311450234282
Citrus,positive,a_4a,CD34,-0.029944423912196788
Citrus,positive,a_4a,CCR7,0.0014175952320857619
Citrus,positive,a_4a,2DL3,-0.06934165866382841
Citrus,positive,a_4a,NKG2A,0.8395898443566763
Citrus,positive,a_4a,HLA-DR,3.231150679455987
Citrus,positive,a_4a,2DL4,0.43671866229345585
Citrus,positive,a_4a,CD56,1.1278052659514715
Citrus,positive,a_4a,2DL5,-0.056073137405446956
Citrus,positive,a_4a,CD25,-0.06871783917943618
Citrus,positive,a_4b,CD3,4.937705278199219
Citrus,positive,a_4b,CD27,1.9287984779094423
Citrus,positive,a_4b,CD19,0.5348049460187055
Citrus,positive,a_4b,CD4,1.019431140423413
Citrus,positive,a_4b,CD8,3.091360314407829
Citrus,positive,a_4b,CD57,0.8220617412652877
Citrus,positive,a_4b,2DL1-S1,-0.028755659458615725
Citrus,positive,a_4b,TRAIL,-0.08695379668963543
Citrus,positive,a_4b,2DL2-L3-S2,-0.0747753378324403
Citrus,positive,a_4b,CD16,0.7206949110846881
Citrus,positive,a_4b,CD10,-0.049720978801523034
Citrus,positive,a_4b,3DL1-S1,-0.08035389732826577
Citrus,positive,a_4b,CD117,-0.05301416619359144
Citrus,positive,a_4b,2DS4,-0.052061110155803204
Citrus,positive,a_4b,ILT2-CD85j,0.9967283496240236
Citrus,positive,a_4b,NKp46,-0.06558376830672125
Citrus,positive,a_4b,NKG2D,1.331684644351197
Citrus,positive,a_4b,NKG2C,0.03725943884667857
Citrus,positive,a_4b,2B4,1.9168686817584646
Citrus,positive,a_4b,CD33,3.197705944764103
Citrus,positive,a_4b,CD11b,1.068493522047749
Citrus,positive,a_4b,NKp30,0.021524010088270012
Citrus,positive,a_4b,CD122,-0.004085336064885156
Citrus,positive,a_4b,3DL1,-0.07464899498071885
Citrus,positive,a_4b,NKp44,-0.09085591377486639
Citrus,positive,a_4b,CD127,1.8625363658495724
Citrus,positive,a_4b,2DL1,-0.04127360476235295
Citrus,positive,a_4b,CD94,1.1284884020633041
Citrus,positive,a_4b,CD34,-0.033120816919835254
Citrus,positive,a_4b,CCR7,0.7505899203412334
Citrus,positive,a_4b,2DL3,-0.06803016722092023
Citrus,positive,a_4b,NKG2A,0.8777656054899807
Citrus,positive,a_4b,HLA-DR,3.269227567869939
Citrus,positive,a_4b,2DL4,0.626547673181102
Citrus,positive,a_4b,CD56,0.7164739051091633
Citrus,positive,a_4b,2DL5,-0.011675170808222165
Citrus,positive,a_4b,CD25,-0.07345782136850917
Citrus,positive,a_5a,CD3,4.716117538723676
Citrus,positive,a_5a,CD27,1.0674404587621127
Citrus,positive,a_5a,CD19,0.16706759689770628
Citrus,positive,a_5a,CD4,0.2457737159325383
Citrus,positive,a_5a,CD8,3.530847879359143
Citrus,positive,a_5a,CD57,2.068525955543438
Citrus,positive,a_5a,2DL1-S1,-0.023552537935125437
Citrus,positive,a_5a,TRAIL,-0.08492824491501846
Citrus,positive,a_5a,2DL2-L3-S2,-0.05134605938671511
Citrus,positive,a_5a,CD16,-0.008894928224331003
Citrus,positive,a_5a,CD10,-0.05632834877222286
Citrus,positive,a_5a,3DL1-S1,-0.09324747123343544
Citrus,positive,a_5a,CD117,-0.0894431751456901
Citrus,positive,a_5a,2DS4,-0.06854598665700465
Citrus,positive,a_5a,ILT2-CD85j,0.8598135932354027
Citrus,positive,a_5a,NKp46,-0.06852572100822923
Citrus,positive,a_5a,NKG2D,1.5233648275067813
Citrus,positive,a_5a,NKG2C,-0.03987185617407451
Citrus,positive,a_5a,2B4,1.5692978817133247
Citrus,positive,a_5a,CD33,2.0368223496175175
Citrus,positive,a_5a,CD11b,0.6572383526675258
Citrus,positive,a_5a,NKp30,0.49637431701338264
Citrus,positive,a_5a,CD122,0.4114303143263702
Citrus,positive,a_5a,3DL1,-0.07419570585617782
Citrus,positive,a_5a,NKp44,-0.06507968913395044
Citrus,positive,a_5a,CD127,0.9564680535273383
Citrus,positive,a_5a,2DL1,-0.05727407758362112
Citrus,positive,a_5a,CD94,0.5239084611059791
Citrus,positive,a_5a,CD34,-0.04862040447831068
Citrus,positive,a_5a,CCR7,-0.02982719518896607
Citrus,positive,a_5a,2DL3,-0.038667793429644395
Citrus,positive,a_5a,NKG2A,0.12821297480978255
Citrus,positive,a_5a,HLA-DR,2.549490194645228
Citrus,positive,a_5a,2DL4,0.21671960521968972
Citrus,positive,a_5a,CD56,0.8435872611154783
Citrus,positive,a_5a,2DL5,-0.07552018716121413
Citrus,positive,a_5a,CD25,-0.08079375174120193
Citrus,positive,a_5b,CD3,4.6130095926035075
Citrus,positive,a_5b,CD27,0.5100538209144969
Citrus,positive,a_5b,CD19,-0.04690615794464068
Citrus,positive,a_5b,CD4,-0.015118356796938761
Citrus,positive,a_5b,CD8,3.419452895689641
Citrus,positive,a_5b,CD57,1.9256897837903764
Citrus,positive,a_5b,2DL1-S1,-0.025361814101470613
Citrus,positive,a_5b,TRAIL,-0.08358223520654313
Citrus,positive,a_5b,2DL2-L3-S2,-0.07078681871553492
Citrus,positive,a_5b,CD16,-0.02992959198274536
Citrus,positive,a_5b,CD10,-0.06030673968938861
Citrus,positive,a_5b,3DL1-S1,-0.08116423091338242
Citrus,positive,a_5b,CD117,-0.09135943089473962
Citrus,positive,a_5b,2DS4,-0.052216568255333544
Citrus,positive,a_5b,ILT2-CD85j,0.7869275969099491
Citrus,positive,a_5b,NKp46,-0.08303999918088223
Citrus,positive,a_5b,NKG2D,1.2540125902686072
Citrus,positive,a_5b,NKG2C,-0.028552654878299638
Citrus,positive,a_5b,2B4,1.500071456522646
Citrus,positive,a_5b,CD33,1.4711535083665706
Citrus,positive,a_5b,CD11b,0.6161955621388275
Citrus,positive,a_5b,NKp30,0.19421477912794435
Citrus,positive,a_5b,CD122,0.010277123141994202
Citrus,positive,a_5b,3DL1,-0.05824808494971315
Citrus,positive,a_5b,NKp44,-0.08136462129639688
Citrus,positive,a_5b,CD127,1.228896688370063
Citrus,positive,a_5b,2DL1,-0.05797827533061771
Citrus,positive,a_5b,CD94,1.0258522817955082
Citrus,positive,a_5b,CD34,-0.05337446706806844
Citrus,positive,a_5b,CCR7,-0.019916070126434034
Citrus,positive,a_5b,2DL3,-0.0803622864036257
Citrus,positive,a_5b,NKG2A,-0.0018036221619783684
Citrus,positive,a_5b,HLA-DR,2.048240780721016
Citrus,positive,a_5b,2DL4,-0.030289196639483273
Citrus,positive,a_5b,CD56,0.5324784365161103
Citrus,positive,a_5b,2DL5,-0.05921051786516921
Citrus,positive,a_5b,CD25,-0.08586329067779844
Citrus,negative,a_001,CD3,3.9917840768177832
Citrus,negative,a_001,CD27,0.17647569412918368
Citrus,negative,a_001,CD19,-0.04865164208244503
Citrus,negative,a_001,CD4,1.0950816521866695
Citrus,negative,a_001,CD8,1.0692270008632783
Citrus,negative,a_001,CD57,-0.07219075153283033
Citrus,negative,a_001,2DL1-S1,-0.0852992385925764
Citrus,negative,a_001,TRAIL,-0.09031247035549464
Citrus,negative,a_001,2DL2-L3-S2,-0.07718190488843088
Citrus,negative,a_001,CD16,-0.040926801991660364
Citrus,negative,a_001,CD10,-0.0721393512561009
Citrus,negative,a_001,3DL1-S1,-0.0910307794689757
Citrus,negative,a_001,CD117,-0.07722901302226322
Citrus,negative,a_001,2DS4,-0.07188262049572376
Citrus,negative,a_001,ILT2-CD85j,-0.02534887511227658
Citrus,negative,a_001,NKp46,-0.06880449608632884
Citrus,negative,a_001,NKG2D,-0.05002030163738321
Citrus,negative,a_001,NKG2C,-0.08269077125817223
Citrus,negative,a_001,2B4,0.2302047235811209
Citrus,negative,a_001,CD33,1.1064225298048167
Citrus,negative,a_001,CD11b,-0.03180512090358494
Citrus,negative,a_001,NKp30,-0.06732653118600741
Citrus,negative,a_001,CD122,-0.06834117624675373
Citrus,negative,a_001,3DL1,-0.08460810294112661
Citrus,negative,a_001,NKp44,-0.09087029656652401
Citrus,negative,a_001,CD127,-0.017566844313555333
Citrus,negative,a_001,2DL1,-0.0888978164988044
Citrus,negative,a_001,CD94,-0.07625263881212506
Citrus,negative,a_001,CD34,-0.01108619883952991
Citrus,negative,a_001,CCR7,0.6764428075822935
Citrus,negative,a_001,2DL3,-0.07449516013536873
Citrus,negative,a_001,NKG2A,-0.024991534789642417
Citrus,negative,a_001,HLA-DR,2.0071805593357137
Citrus,negative,a_001,2DL4,-0.029113834753548694
Citrus,negative,a_001,CD56,-0.025335837802732332
Citrus,negative,a_001,2DL5,-0.08969507249818627
Citrus,negative,a_001,CD25,-0.08795125455124758
Citrus,negative,a_002,CD3,3.5244567515272878
Citrus,negative,a_002,CD27,-0.03380182995811585
Citrus,negative,a_002,CD19,-0.06825201307071595
Citrus,negative,a_002,CD4,0.5639208269471846
Citrus,negative,a_002,CD8,0.37401345206255604
Citrus,negative,a_002,CD57,-0.06786315920212536
Citrus,negative,a_002,2DL1-S1,-0.06724326132558069
Citrus,negative,a_002,TRAIL,-0.09475082473290918
Citrus,negative,a_002,2DL2-L3-S2,-0.0711327094604689
Citrus,negative,a_002,CD16,-0.031188313179161105
Citrus,negative,a_002,CD10,-0.08421786773199794
Citrus,negative,a_002,3DL1-S1,-0.08208392878796246
Citrus,negative,a_002,CD117,-0.08924467383505118
Citrus,negative,a_002,2DS4,-0.08347056823218982
Citrus,negative,a_002,ILT2-CD85j,-0.009671970905574836
Citrus,negative,a_002,NKp46,-0.07282787082780381
Citrus,negative,a_002,NKG2D,-0.057414465974029744
Citrus,negative,a_002,NKG2C,-0.06644256957415207
Citrus,negative,a_002,2B4,0.5185786312196157
Citrus,negative,a_002,CD33,0.5501470819731875
Citrus,negative,a_002,CD11b,-0.05043900855015689
Citrus,negative,a_002,NKp30,-0.07212394778196157
Citrus,negative,a_002,CD122,-0.04578358078902157
Citrus,negative,a_002,3DL1,-0.10133351928395973
Citrus,negative,a_002,NKp44,-0.08141474957208987
Citrus,negative,a_002,CD127,-0.04664244558497134
Citrus,negative,a_002,2DL1,-0.08457285971245916
Citrus,negative,a_002,CD94,-0.06899934588077034
Citrus,negative,a_002,CD34,-0.024284242354056542
Citrus,negative,a_002,CCR7,-0.03180062004899698
Citrus,negative,a_002,2DL3,-0.06645929940994189
Citrus,negative,a_002,NKG2A,-0.04784264317990703
Citrus,negative,a_002,HLA-DR,1.8499006927544297
Citrus,negative,a_002,2DL4,-0.03302416124902377
Citrus,negative,a_002,CD56,0.009380684304021539
Citrus,negative,a_002,2DL5,-0.07963711561573508
Citrus,negative,a_002,CD25,-0.07601874296608345
Citrus,negative,a_003,CD3,1.9076527052011432
Citrus,negative,a_003,CD27,-0.06760461536000091
Citrus,negative,a_003,CD19,-0.06881751866071735
Citrus,negative,a_003,CD4,0.12542864965560346
Citrus,negative,a_003,CD8,0.9627531309705651
Citrus,negative,a_003,CD57,-0.07511051269749736
Citrus,negative,a_003,2DL1-S1,-0.09137915512852303
Citrus,negative,a_003,TRAIL,-0.08780304208294797
Citrus,negative,a_003,2DL2-L3-S2,-0.08756297797929997
Citrus,negative,a_003,CD16,0.0503641627166026
Citrus,negative,a_003,CD10,-0.07134966793144028
Citrus,negative,a_003,3DL1-S1,-0.09117209936116848
Citrus,negative,a_003,CD117,-0.08681853415303989
Citrus,negative,a_003,2DS4,-0.01817822921547014
Citrus,negative,a_003,ILT2-CD85j,1.6562231003372123
Citrus,negative,a_003,NKp46,-0.058416658027925186
Citrus,negative,a_003,NKG2D,-0.04894381288608459
Citrus,negative,a_003,NKG2C,-0.07589203155233357
Citrus,negative,a_003,2B4,1.3863997316234524
Citrus,negative,a_003,CD33,4.017984306626669
Citrus,negative,a_003,CD11b,0.3654980479392863
Citrus,negative,a_003,NKp30,-0.059629079528833395
Citrus,negative,a_003,CD122,-0.05296787071606335
Citrus,negative,a_003,3DL1,-0.07780059627793637
Citrus,negative,a_003,NKp44,-0.0767182725905502
Citrus,negative,a_003,CD127,-0.03208073818642625
Citrus,negative,a_003,2DL1,-0.06314481169203082
Citrus,negative,a_003,CD94,-0.042479615636390196
Citrus,negative,a_003,CD34,1.0442631818661416
Citrus,negative,a_003,CCR7,-0.04683411249380207
Citrus,negative,a_003,2DL3,-0.06016550648583011
Citrus,negative,a_003,NKG2A,0.5878494264279175
Citrus,negative,a_003,HLA-DR,3.7817440264026323
Citrus,negative,a_003,2DL4,0.9799452030909231
Citrus,negative,a_003,CD56,0.22223093326943294
Citrus,negative,a_003,2DL5,-0.046587100229303666
Citrus,negative,a_003,CD25,-0.07543360185974687
Citrus,negative,a_004,CD3,2.1482374685202164
Citrus,negative,a_004,CD27,-0.058322077607785246
Citrus,negative,a_004,CD19,-0.059436599693603626
Citrus,negative,a_004,CD4,0.4539546146337162
Citrus,negative,a_004,CD8,0.4020101663236104
Citrus,negative,a_004,CD57,-0.08133672926039043
Citrus,negative,a_004,2DL1-S1,-0.08278716753561874
Citrus,negative,a_004,TRAIL,-0.10257334346069691
Citrus,negative,a_004,2DL2-L3-S2,-0.08936490539872147
Citrus,negative,a_004,CD16,-0.03090351044016634
Citrus,negative,a_004,CD10,-0.08025132676096525
Citrus,negative,a_004,3DL1-S1,-0.09463750025158936
Citrus,negative,a_004,CD117,-0.08881963201265478
Citrus,negative,a_004,2DS4,-0.07422103956887295
Citrus,negative,a_004,ILT2-CD85j,1.2474891416122926
Citrus,negative,a_004,NKp46,-0.07283178243490257
Citrus,negative,a_004,NKG2D,-0.07322482193041889
Citrus,negative,a_004,NKG2C,-0.08888063483799302
Citrus,negative,a_004,2B4,0.8078761875510034
Citrus,negative,a_004,CD33,2.7125853900404655
Citrus,negative,a_004,CD11b,-0.00826395433559519
Citrus,negative,a_004,NKp30,-0.0662520158516955
Citrus,negative,a_004,CD122,-0.06671841025473971
Citrus,negative,a_004,3DL1,-0.0886021089886246
Citrus,negative,a_004,NKp44,-0.09478104557651691
Citrus,negative,a_004,CD127,-0.03209783293706653
Citrus,negative,a_004,2DL1,-0.07767316530582749
Citrus,negative,a_004,CD94,-0.06410437516747929
Citrus,negative,a_004,CD34,0.23162987563924206
Citrus,negative,a_004,CCR7,-0.05146190290147111
Citrus,negative,a_004,2DL3,-0.06950247175662211
Citrus,negative,a_004,NKG2A,-0.04300652209331421
Citrus,negative,a_004,HLA-DR,3.8065496090367765
Citrus,negative,a_004,2DL4,0.5860457379460146
Citrus,negative,a_004,CD56,0.050709065540335975
Citrus,negative,a_004,2DL5,-0.06206957767527683
Citrus,negative,a_004,CD25,-0.0860220807529784
Citrus,negative,a_005,CD3,1.7935067228682318
Citrus,negative,a_005,CD27,-0.06728299327466936
Citrus,negative,a_005,CD19,-0.06893925240867263
Citrus,negative,a_005,CD4,0.3750913314497451
Citrus,negative,a_005,CD8,0.6652981222334513
Citrus,negative,a_005,CD57,-0.05402201983696357
Citrus,negative,a_005,2DL1-S1,-0.07964863639894638
Citrus,negative,a_005,TRAIL,-0.09679601546371275
Citrus,negative,a_005,2DL2-L3-S2,-0.07630329836290117
Citrus,negative,a_005,CD16,0.9098688627232706
Citrus,negative,a_005,CD10,-0.05308371633438347
Citrus,negative,a_005,3DL1-S1,-0.09305115733301468
Citrus,negative,a_005,CD117,-0.08235970468328581
Citrus,negative,a_005,2DS4,-0.06038335305338518
Citrus,negative,a_005,ILT2-CD85j,1.2503859157412476
Citrus,negative,a_005,NKp46,-0.04609163820054932
Citrus,negative,a_005,NKG2D,-0.040365658715751575
Citrus,negative,a_005,NKG2C,-0.08320062685435266
Citrus,negative,a_005,2B4,0.8816774837170589
Citrus,negative,a_005,CD33,1.5758879790791085
Citrus,negative,a_005,CD11b,-0.04365400737981172
Citrus,negative,a_005,NKp30,-0.038498570686465484
Citrus,negative,a_005,CD122,-0.05303152250433398
Citrus,negative,a_005,3DL1,-0.09276984638030387
Citrus,negative,a_005,NKp44,-0.0894002705211838
Citrus,negative,a_005,CD127,-0.017752792239332155
Citrus,negative,a_005,2DL1,-0.07293022616200533
Citrus,negative,a_005,CD94,-0.04902919837850658
Citrus,negative,a_005,CD34,0.31972642922580674
Citrus,negative,a_005,CCR7,-0.08042353480048349
Citrus,negative,a_005,2DL3,-0.09459421850086092
Citrus,negative,a_005,NKG2A,0.31050094386268584
Citrus,negative,a_005,HLA-DR,2.6363460419543925
Citrus,negative,a_005,2DL4,0.3108533483327332
Citrus,negative,a_005,CD56,0.2419838789254826
Citrus,negative,a_005,2DL5,-0.060634650967475806
Citrus,negative,a_005,CD25,-0.04722375517856733
Citrus,negative,a_006,CD3,2.2893424516178627
Citrus,negative,a_006,CD27,-0.03124065036031412
Citrus,negative,a_006,CD19,-0.04463354621148945
Citrus,negative,a_006,CD4,0.41773878595886793
Citrus,negative,a_006,CD8,-0.02253820664655047
Citrus,negative,a_006,CD57,-0.0663297423156606
Citrus,negative,a_006,2DL1-S1,-0.08422315972644154
Citrus,negative,a_006,TRAIL,-0.07876097649827066
Citrus,negative,a_006,2DL2-L3-S2,-0.0817334971769691
Citrus,negative,a_006,CD16,-0.03934499788071298
Citrus,negative,a_006,CD10,-0.07427995126358469
Citrus,negative,a_006,3DL1-S1,-0.07411564459206037
Citrus,negative,a_006,CD117,-0.09811109926714681
Citrus,negative,a_006,2DS4,-0.05874817627339336
Citrus,negative,a_006,ILT2-CD85j,0.9175674072685956
Citrus,negative,a_006,NKp46,-0.08248377328537047
Citrus,negative,a_006,NKG2D,-0.06287799089197987
Citrus,negative,a_006,NKG2C,-0.08047869315342869
Citrus,negative,a_006,2B4,0.9508047626408593
Citrus,negative,a_006,CD33,1.4658186120878096
Citrus,negative,a_006,CD11b,-0.022622570414008836
Citrus,negative,a_006,NKp30,-0.0627807055374092
Citrus,negative,a_006,CD122,-0.06443917412743416
Citrus,negative,a_006,3DL1,-0.06909057973548156
Citrus,negative,a_006,NKp44,-0.07111918957654159
Citrus,negative,a_006,CD127,-0.061133998864257744
Citrus,negative,a_006,2DL1,-0.08223777334810595
Citrus,negative,a_006,CD94,-0.0661460624224073
Citrus,negative,a_006,CD34,0.009992609767806505
Citrus,negative,a_006,CCR7,-0.02773259921852491
Citrus,negative,a_006,2DL3,-0.06034816104574725
Citrus,negative,a_006,NKG2A,0.21455355935413092
Citrus,negative,a_006,HLA-DR,4.95679947993735
Citrus,negative,a_006,2DL4,0.9508570911729528
Citrus,negative,a_006,CD56,0.31570279888270925
Citrus,negative,a_006,2DL5,-0.054796276282070816
Citrus,negative,a_006,CD25,-0.08199870098971158
Citrus,negative,a_007,CD3,4.203445396998949
Citrus,negative,a_007,CD27,0.2042128031533972
Citrus,negative,a_007,CD19,-0.05896056115259501
Citrus,negative,a_007,CD4,1.5291137920330948
Citrus,negative,a_007,CD8,0.09054973335551912
Citrus,negative,a_007,CD57,-0.05791111235241355
Citrus,negative,a_007,2DL1-S1,-0.07626492929828259
Citrus,negative,a_007,TRAIL,-0.09534268774978528
Citrus,negative,a_007,2DL2-L3-S2,-0.07753382412285174
Citrus,negative,a_007,CD16,-0.030688695846041114
Citrus,negative,a_007,CD10,-0.07480430213191892
Citrus,negative,a_007,3DL1-S1,-0.10555911231113492
Citrus,negative,a_007,CD117,-0.07806700636656497
Citrus,negative,a_007,2DS4,-0.08841337151516962
Citrus,negative,a_007,ILT2-CD85j,-0.021884513900200988
Citrus,negative,a_007,NKp46,-0.0806344886330233
Citrus,negative,a_007,NKG2D,-0.07677300719875023
Citrus,negative,a_007,NKG2C,-0.07475883177946564
Citrus,negative,a_007,2B4,-0.012558712739050237
Citrus,negative,a_007,CD33,0.6426643377974358
Citrus,negative,a_007,CD11b,-0.062310070200414625
Citrus,negative,a_007,NKp30,-0.07608971746691338
Citrus,negative,a_007,CD122,-0.06572600614178309
Citrus,negative,a_007,3DL1,-0.08776223908175902
Citrus,negative,a_007,NKp44,-0.09606356248859707
Citrus,negative,a_007,CD127,-0.029537060308820067
Citrus,negative,a_007,2DL1,-0.08076356516136754
Citrus,negative,a_007,CD94,-0.08563182113240825
Citrus,negative,a_007,CD34,-0.040950713216348855
Citrus,negative,a_007,CCR7,0.0820996174814361
Citrus,negative,a_007,2DL3,-0.08394446263962928
Citrus,negative,a_007,NKG2A,-0.04159306472564848
Citrus,negative,a_007,HLA-DR,1.3710279454576637
Citrus,negative,a_007,2DL4,-0.02021173309688455
Citrus,negative,a_007,CD56,-0.030958007717793588
Citrus,negative,a_007,2DL5,-0.07530835291645127
Citrus,negative,a_007,CD25,-0.09467046879313261
Citrus,negative,a_009,CD3,3.960879498651762
Citrus,negative,a_009,CD27,0.16104485688253425
Citrus,negative,a_009,CD19,-0.06414184307705165
Citrus,negative,a_009,CD4,1.345888243111199
Citrus,negative,a_009,CD8,1.3099439747444144
Citrus,negative,a_009,CD57,-0.0495210934004604
Citrus,negative,a_009,2DL1-S1,-0.08110944988625451
Citrus,negative,a_009,TRAIL,-0.09220627070583526
Citrus,negative,a_009,2DL2-L3-S2,-0.07318536809118824
Citrus,negative,a_009,CD16,-0.07096868635170975
Citrus,negative,a_009,CD10,-0.0774863070571271
Citrus,negative,a_009,3DL1-S1,-0.09999039205706393
Citrus,negative,a_009,CD117,-0.08200489691088489
Citrus,negative,a_009,2DS4,-0.08543942421514317
Citrus,negative,a_009,ILT2-CD85j,0.9547452694542566
Citrus,negative,a_009,NKp46,-0.05526819651175111
Citrus,negative,a_009,NKG2D,-0.01495105801733602
Citrus,negative,a_009,NKG2C,-0.07537524204956518
Citrus,negative,a_009,2B4,0.5023131352989352
Citrus,negative,a_009,CD33,1.842923195995122
Citrus,negative,a_009,CD11b,-0.00898962057259692
Citrus,negative,a_009,NKp30,-0.06494468391731621
Citrus,negative,a_009,CD122,-0.04254327844676075
Citrus,negative,a_009,3DL1,-0.0683210827652116
Citrus,negative,a_009,NKp44,-0.0875128103520358
Citrus,negative,a_009,CD127,-0.016835387485434474
Citrus,negative,a_009,2DL1,-0.07305842784686481
Citrus,negative,a_009,CD94,-0.060383674332569914
Citrus,negative,a_009,CD34,-0.002176528754463752
Citrus,negative,a_009,CCR7,0.026760832076615348
Citrus,negative,a_009,2DL3,-0.051121096828050674
Citrus,negative,a_009,NKG2A,0.3304484558067947
Citrus,negative,a_009,HLA-DR,3.1149699238403343
Citrus,negative,a_009,2DL4,0.4745129314822806
Citrus,negative,a_009,CD56,0.06791170851644049
Citrus,negative,a_009,2DL5,-0.07671921157924844
Citrus,negative,a_009,CD25,-0.08685499979213951
Citrus,negative,a_010,CD3,3.686339291808784
Citrus,negative,a_010,CD27,-0.03179709621600113
Citrus,negative,a_010,CD19,-0.06549515373308211
Citrus,negative,a_010,CD4,1.0548089064551909
Citrus,negative,a_010,CD8,-0.02304405163744674
Citrus,negative,a_010,CD57,-0.0808334142170031
Citrus,negative,a_010,2DL1-S1,-0.0811007880336743
Citrus,negative,a_010,TRAIL,-0.0942137599275872
Citrus,negative,a_010,2DL2-L3-S2,-0.08035685608211761
Citrus,negative,a_010,CD16,-0.04497737612805494
Citrus,negative,a_010,CD10,-0.0857535455735241
Citrus,negative,a_010,3DL1-S1,-0.09580232625608044
Citrus,negative,a_010,CD117,-0.09065062899136163
Citrus,negative,a_010,2DS4,-0.08172737240580152
Citrus,negative,a_010,ILT2-CD85j,0.4668062643665328
Citrus,negative,a_010,NKp46,-0.07861041658127127
Citrus,negative,a_010,NKG2D,-0.07433704977086242
Citrus,negative,a_010,NKG2C,-0.08201975998031866
Citrus,negative,a_010,2B4,0.698725622600068
Citrus,negative,a_010,CD33,0.36911457034612943
Citrus,negative,a_010,CD11b,-0.04884947913913932
Citrus,negative,a_010,NKp30,-0.0649487820312204
Citrus,negative,a_010,CD122,-0.07476886498945871
Citrus,negative,a_010,3DL1,-0.09147134156020523
Citrus,negative,a_010,NKp44,-0.09447749218593253
Citrus,negative,a_010,CD127,-0.02005733472045558
Citrus,negative,a_010,2DL1,-0.09742730133337066
Citrus,negative,a_010,CD94,-0.07500446494731812
Citrus,negative,a_010,CD34,0.1993630031534339
Citrus,negative,a_010,CCR7,-0.009588210892105679
Citrus,negative,a_010,2DL3,-0.07578128882217391
Citrus,negative,a_010,NKG2A,-0.02370235709242389
Citrus,negative,a_010,HLA-DR,2.2729063241203686
Citrus,negative,a_010,2DL4,0.16360150576117682
Citrus,negative,a_010,CD56,-0.016581599512866693
Citrus,negative,a_010,2DL5,-0.0800281508778091
Citrus,negative,a_010,CD25,-0.08232330837290718
Citrus,negative,a_011,CD3,2.4390055648543107
Citrus,negative,a_011,CD27,-0.048908000583321454
Citrus,negative,a_011,CD19,-0.04814419632413292
Citrus,negative,a_011,CD4,0.38475122005231976
Citrus,negative,a_011,CD8,1.2005447221533658
Citrus,negative,a_011,CD57,-0.07672073892148047
Citrus,negative,a_011,2DL1-S1,-0.07825663716082867
Citrus,negative,a_011,TRAIL,-0.09400547660933327
Citrus,negative,a_011,2DL2-L3-S2,-0.06453800167255022
Citrus,negative,a_011,CD16,1.7643820367680874
Citrus,negative,a_011,CD10,-0.04793331706466346
Citrus,negative,a_011,3DL1-S1,-0.08362720462904129
Citrus,negative,a_011,CD117,-0.08445241783067271
Citrus,negative,a_011,2DS4,-0.06587678928703854
Citrus,negative,a_011,ILT2-CD85j,1.710336936253477
Citrus,negative,a_011,NKp46,-0.053219441043340796
Citrus,negative,a_011,NKG2D,-0.06694134619847218
Citrus,negative,a_011,NKG2C,-0.08056624851628191
Citrus,negative,a_011,2B4,1.1859917097371628
Citrus,negative,a_011,CD33,3.7668791999792637
Citrus,negative,a_011,CD11b,0.2545234560089701
Citrus,negative,a_011,NKp30,-0.051952764337098147
Citrus,negative,a_011,CD122,-0.061993186370831566
Citrus,negative,a_011,3DL1,-0.08418663838354562
Citrus,negative,a_011,NKp44,-0.08707220577569148
Citrus,negative,a_011,CD127,-0.011725726987524802
Citrus,negative,a_011,2DL1,-0.08284952057303671
Citrus,negative,a_011,CD94,-0.05861367757076065
Citrus,negative,a_011,CD34,0.6161694859318425
Citrus,negative,a_011,CCR7,-0.05999776595722929
Citrus,negative,a_011,2DL3,-0.08302083087361445
Citrus,negative,a_011,NKG2A,-0.007451516722351231
Citrus,negative,a_011,HLA-DR,3.9458602465008075
Citrus,negative,a_011,2DL4,0.8314811187065934
Citrus,negative,a_011,CD56,0.21524988449783952
Citrus,negative,a_011,2DL5,-0.03410442029827626
Citrus,negative,a_011,CD25,-0.08595496386838859
Citrus,negative,a_012,CD3,2.4729291403660976
Citrus,negative,a_012,CD27,-0.05856962788475487
Citrus,negative,a_012,CD19,-0.06246712666540603
Citrus,negative,a_012,CD4,0.8669853921133601
Citrus,negative,a_012,CD8,1.4873681080510806
Citrus,negative,a_012,CD57,-0.04901927421236136
Citrus,negative,a_012,2DL1-S1,-0.07796667537794857
Citrus,negative,a_012,TRAIL,-0.09543251425507687
Citrus,negative,a_012,2DL2-L3-S2,-0.047500510945083854
Citrus,negative,a_012,CD16,2.2428361177726406
Citrus,negative,a_012,CD10,-0.032373849752580584
Citrus,negative,a_012,3DL1-S1,-0.07675639666600931
Citrus,negative,a_012,CD117,-0.0795578720676796
Citrus,negative,a_012,2DS4,-0.017664041428205175
Citrus,negative,a_012,ILT2-CD85j,2.885727096431799
Citrus,negative,a_012,NKp46,-0.04225663514658842
Citrus,negative,a_012,NKG2D,-0.07393756914159438
Citrus,negative,a_012,NKG2C,-0.07413745953546061
Citrus,negative,a_012,2B4,2.0713397521125585
Citrus,negative,a_012,CD33,4.237720230136435
Citrus,negative,a_012,CD11b,0.7470697832261688
Citrus,negative,a_012,NKp30,-0.04565968198979309
Citrus,negative,a_012,CD122,-0.07106924794030683
Citrus,negative,a_012,3DL1,-0.08546938529711337
Citrus,negative,a_012,NKp44,-0.09550228516839587
Citrus,negative,a_012,CD127,-0.014078485809205704
Citrus,negative,a_012,2DL1,-0.09733189191435165
Citrus,negative,a_012,CD94,-0.0442979522189441
Citrus,negative,a_012,CD34,1.9413274527112574
Citrus,negative,a_012,CCR7,-0.06617639438085762
Citrus,negative,a_012,2DL3,-0.038394783328692186
Citrus,negative,a_012,NKG2A,-0.011414569847077652
Citrus,negative,a_012,HLA-DR,4.479212324672511
Citrus,negative,a_012,2DL4,1.4337125884357804
Citrus,negative,a_012,CD56,0.2762629648213625
Citrus,negative,a_012,2DL5,-0.028928706187606002
Citrus,negative,a_012,CD25,-0.0747103952826859
Citrus,negative,a_1a,CD3,5.022911316576038
Citrus,negative,a_1a,CD27,1.7388218018022388
Citrus,negative,a_1a,CD19,-0.041237062454282505
Citrus,negative,a_1a,CD4,2.4253647627292256
Citrus,negative,a_1a,CD8,1.9411546064703267
Citrus,negative,a_1a,CD57,-0.07912102245233146
Citrus,negative,a_1a,2DL1-S1,-0.08332296428188322
Citrus,negative,a_1a,TRAIL,-0.09565950684341451
Citrus,negative,a_1a,2DL2-L3-S2,-0.08705052633342739
Citrus,negative,a_1a,CD16,-0.025220655846218087
Citrus,negative,a_1a,CD10,-0.07547181286451098
Citrus,negative,a_1a,3DL1-S1,-0.09224838691704285
Citrus,negative,a_1a,CD117,-0.09315231472048059
Citrus,negative,a_1a,2DS4,-0.07894103640346552
Citrus,negative,a_1a,ILT2-CD85j,0.30541750066644996
Citrus,negative,a_1a,NKp46,-0.05964060444933203
Citrus,negative,a_1a,NKG2D,-0.07393203508162528
Citrus,negative,a_1a,NKG2C,-0.07001606266588253
Citrus,negative,a_1a,2B4,1.0779029668475888
Citrus,negative,a_1a,CD33,3.088945475818244
Citrus,negative,a_1a,CD11b,0.049091160309697984
Citrus,negative,a_1a,NKp30,-0.08817792766771894
Citrus,negative,a_1a,CD122,-0.07465946812083468
Citrus,negative,a_1a,3DL1,-0.08365433112949176
Citrus,negative,a_1a,NKp44,-0.0859600650502317
Citrus,negative,a_1a,CD127,1.9021000466042046
Citrus,negative,a_1a,2DL1,-0.07720747059550101
Citrus,negative,a_1a,CD94,-0.07747827263855861
Citrus,negative,a_1a,CD34,-0.03156641983023566
Citrus,negative,a_1a,CCR7,1.960762427491347
Citrus,negative,a_1a,2DL3,-0.05560234514676909
Citrus,negative,a_1a,NKG2A,-3.930917008698916e-05
Citrus,negative,a_1a,HLA-DR,3.0591130736416674
Citrus,negative,a_1a,2DL4,0.28528751894387955
Citrus,negative,a_1a,CD56,-0.011457762508616747
Citrus,negative,a_1a,2DL5,-0.07118910756974155
Citrus,negative,a_1a,CD25,-0.07437834885272944
Citrus,negative,a_2a,CD3,3.843154932456781
Citrus,negative,a_2a,CD27,0.8340798007241974
Citrus,negative,a_2a,CD19,-0.04686166132636031
Citrus,negative,a_2a,CD4,1.4725104007209298
Citrus,negative,a_2a,CD8,1.4094774911438666
Citrus,negative,a_2a,CD57,-0.07825152681647579
Citrus,negative,a_2a,2DL1-S1,-0.09109750419557867
Citrus,negative,a_2a,TRAIL,-0.09629722780743602
Citrus,negative,a_2a,2DL2-L3-S2,-0.09144692241087486
Citrus,negative,a_2a,CD16,-0.06853593708703423
Citrus,negative,a_2a,CD10,-0.08504081874941999
Citrus,negative,a_2a,3DL1-S1,-0.09057607185313486
Citrus,negative,a_2a,CD117,-0.0907983468049601
Citrus,negative,a_2a,2DS4,-0.0566961418621637
Citrus,negative,a_2a,ILT2-CD85j,1.9901523278618793
Citrus,negative,a_2a,NKp46,-0.05613229130404613
Citrus,negative,a_2a,NKG2D,-0.06550252888331821
Citrus,negative,a_2a,NKG2C,-0.06227761290223521
Citrus,negative,a_2a,2B4,2.006517466496392
Citrus,negative,a_2a,CD33,3.1138746499155645
Citrus,negative,a_2a,CD11b,0.22621631879535795
Citrus,negative,a_2a,NKp30,-0.06513513502540764
Citrus,negative,a_2a,CD122,-0.08012141907284596
Citrus,negative,a_2a,3DL1,-0.08728859417918719
Citrus,negative,a_2a,NKp44,-0.09099908196590267
Citrus,negative,a_2a,CD127,0.028769580325185347
Citrus,negative,a_2a,2DL1,-0.08467963437574667
Citrus,negative,a_2a,CD94,-0.0919728361573687
Citrus,negative,a_2a,CD34,-0.022086986644718715
Citrus,negative,a_2a,CCR7,-0.05636529862340695
Citrus,negative,a_2a,2DL3,-0.0589058437688552
Citrus,negative,a_2a,NKG2A,-0.028335719151069753
Citrus,negative,a_2a,HLA-DR,3.8799436226491344
Citrus,negative,a_2a,2DL4,0.8524669503038446
Citrus,negative,a_2a,CD56,0.027493771018578046
Citrus,negative,a_2a,2DL5,-0.059803773150329094
Citrus,negative,a_2a,CD25,-0.07140316980824954
Citrus,negative,a_2b,CD3,4.174289877540967
Citrus,negative,a_2b,CD27,0.8819091888736155
Citrus,negative,a_2b,CD19,-0.04969888384241273
Citrus,negative,a_2b,CD4,1.8905494208270313
Citrus,negative,a_2b,CD8,0.6396753390120009
Citrus,negative,a_2b,CD57,-0.07305202551904595
Citrus,negative,a_2b,2DL1-S1,-0.07736423327489791
Citrus,negative,a_2b,TRAIL,-0.08671742616822375
Citrus,negative,a_2b,2DL2-L3-S2,-0.0947421257660565
Citrus,negative,a_2b,CD16,-0.08242713291186848
Citrus,negative,a_2b,CD10,-0.08396811974522439
Citrus,negative,a_2b,3DL1-S1,-0.0975223124087427
Citrus,negative,a_2b,CD117,-0.09135323998287587
Citrus,negative,a_2b,2DS4,-0.07451913211980299
Citrus,negative,a_2b,ILT2-CD85j,-0.001162859721664118
Citrus,negative,a_2b,NKp46,-0.08300760846604757
Citrus,negative,a_2b,NKG2D,-0.07267562046657361
Citrus,negative,a_2b,NKG2C,-0.0742468725361876
Citrus,negative,a_2b,2B4,0.5665139838479192
Citrus,negative,a_2b,CD33,1.3036914686549375
Citrus,negative,a_2b,CD11b,-0.04762242843597526
Citrus,negative,a_2b,NKp30,-0.07026529412949811
Citrus,negative,a_2b,CD122,-0.0785449107561552
Citrus,negative,a_2b,3DL1,-0.09592260965008269
Citrus,negative,a_2b,NKp44,-0.08786956633739937
Citrus,negative,a_2b,CD127,1.0897456995944959
Citrus,negative,a_2b,2DL1,-0.08091691531466329
Citrus,negative,a_2b,CD94,-0.07587846289870896
Citrus,negative,a_2b,CD34,-0.07103142892397626
Citrus,negative,a_2b,CCR7,-0.031372723169083946
Citrus,negative,a_2b,2DL3,-0.08337648206044906
Citrus,negative,a_2b,NKG2A,-0.06042728494930282
Citrus,negative,a_2b,HLA-DR,2.055214324289192
Citrus,negative,a_2b,2DL4,-0.025840812892769877
Citrus,negative,a_2b,CD56,-0.02851492261817889
Citrus,negative,a_2b,2DL5,-0.07866861927028375
Citrus,negative,a_2b,CD25,-0.0889757867128258
Citrus,negative,a_3a,CD3,4.270323997640178
Citrus,negative,a_3a,CD27,0.48760205422933384
Citrus,negative,a_3a,CD19,-0.05685315559331233
Citrus,negative,a_3a,CD4,1.2910325456180265
Citrus,negative,a_3a,CD8,0.705739429703609
Citrus,negative,a_3a,CD57,-0.06585493200906838
Citrus,negative,a_3a,2DL1-S1,-0.07762040742138317
Citrus,negative,a_3a,TRAIL,-0.08901810520209859
Citrus,negative,a_3a,2DL2-L3-S2,-0.08459662841306867
Citrus,negative,a_3a,CD16,-0.06710041335913768
Citrus,negative,a_3a,CD10,-0.08442367765955996
Citrus,negative,a_3a,3DL1-S1,-0.09150864684009506
Citrus,negative,a_3a,CD117,-0.08405701017275675
Citrus,negative,a_3a,2DS4,-0.06048523394044457
Citrus,negative,a_3a,ILT2-CD85j,0.8777551263664364
Citrus,negative,a_3a,NKp46,-0.07641390595421979
Citrus,negative,a_3a,NKG2D,-0.05201312783106631
Citrus,negative,a_3a,NKG2C,-0.06894125037493097
Citrus,negative,a_3a,2B4,1.3655069231388763
Citrus,negative,a_3a,CD33,2.923183618116649
Citrus,negative,a_3a,CD11b,-0.0002984712787360431
Citrus,negative,a_3a,NKp30,-0.048001602039241795
Citrus,negative,a_3a,CD122,-0.07732640217292584
Citrus,negative,a_3a,3DL1,-0.08172176446521177
Citrus,negative,a_3a,NKp44,-0.07555250791628158
Citrus,negative,a_3a,CD127,0.5844387111708151
Citrus,negative,a_3a,2DL1,-0.06839731772818239
Citrus,negative,a_3a,CD94,-0.05137088773207812
Citrus,negative,a_3a,CD34,-0.04553250465308704
Citrus,negative,a_3a,CCR7,-0.014058812262959648
Citrus,negative,a_3a,2DL3,-0.06818337120893496
Citrus,negative,a_3a,NKG2A,0.03429555299194919
Citrus,negative,a_3a,HLA-DR,3.0520102190165157
Citrus,negative,a_3a,2DL4,0.26810106410271145
Citrus,negative,a_3a,CD56,-0.0001328409645524693
Citrus,negative,a_3a,2DL5,-0.055670915463620387
Citrus,negative,a_3a,CD25,-0.08241625626668074
Citrus,negative,a_3b,CD3,4.040842971589706
Citrus,negative,a_3b,CD27,0.9543433318232959
Citrus,negative,a_3b,CD19,-0.044962296501995166
Citrus,negative,a_3b,CD4,1.4065824731811565
Citrus,negative,a_3b,CD8,1.457309510522372
Citrus,negative,a_3b,CD57,-0.07129882936619068
Citrus,negative,a_3b,2DL1-S1,-0.08382157323034342
Citrus,negative,a_3b,TRAIL,-0.08447578290299942
Citrus,negative,a_3b,2DL2-L3-S2,-0.08767395281109891
Citrus,negative,a_3b,CD16,-0.044542587568618806
Citrus,negative,a_3b,CD10,-0.08597830814096126
Citrus,negative,a_3b,3DL1-S1,-0.09455449692512315
Citrus,negative,a_3b,CD117,-0.09122717136458737
Citrus,negative,a_3b,2DS4,-0.07610146726991932
Citrus,negative,a_3b,ILT2-CD85j,0.7210705939824088
Citrus,negative,a_3b,NKp46,-0.0714332232788523
Citrus,negative,a_3b,NKG2D,-0.06363241696543423
Citrus,negative,a_3b,NKG2C,-0.07037384583329138
Citrus,negative,a_3b,2B4,0.9670042546571721
Citrus,negative,a_3b,CD33,2.847773694555565
Citrus,negative,a_3b,CD11b,-0.010119120935294839
Citrus,negative,a_3b,NKp30,-0.05307434181174405
Citrus,negative,a_3b,CD122,-0.05920446073215391
Citrus,negative,a_3b,3DL1,-0.09277121140894821
Citrus,negative,a_3b,NKp44,-0.08684015465089472
Citrus,negative,a_3b,CD127,0.9098212207057867
Citrus,negative,a_3b,2DL1,-0.07010183179142011
Citrus,negative,a_3b,CD94,-0.06574756027706782
Citrus,negative,a_3b,CD34,-0.05712492856025666
Citrus,negative,a_3b,CCR7,-0.007785002481454833
Citrus,negative,a_3b,2DL3,-0.07214054025378032
Citrus,negative,a_3b,NKG2A,-0.012370629992789815
Citrus,negative,a_3b,HLA-DR,2.928158127212355
Citrus,negative,a_3b,2DL4,0.1168157842026218
Citrus,negative,a_3b,CD56,0.16971723986254839
Citrus,negative,a_3b,2DL5,-0.06046206626749374
Citrus,negative,a_3b,CD25,-0.08426651716804463
Citrus,negative,a_4a,CD3,3.768293837480336
Citrus,negative,a_4a,CD27,1.1657700550866625
Citrus,negative,a_4a,CD19,-0.009893337178728973
Citrus,negative,a_4a,CD4,1.1196515687252375
Citrus,negative,a_4a,CD8,1.7060530383263044
Citrus,negative,a_4a,CD57,-0.04556440176771168
Citrus,negative,a_4a,2DL1-S1,-0.07429432398993807
Citrus,negative,a_4a,TRAIL,-0.08843617644592053
Citrus,negative,a_4a,2DL2-L3-S2,-0.07540862111078181
Citrus,negative,a_4a,CD16,1.3965858203499315
Citrus,negative,a_4a,CD10,-0.07597025756983221
Citrus,negative,a_4a,3DL1-S1,-0.095374948007798
Citrus,negative,a_4a,CD117,-0.09257525088218009
Citrus,negative,a_4a,2DS4,-0.03245343378660371
Citrus,negative,a_4a,ILT2-CD85j,0.7217039863815129
Citrus,negative,a_4a,NKp46,-0.057099292700090766
Citrus,negative,a_4a,NKG2D,-0.03663167909125557
Citrus,negative,a_4a,NKG2C,-0.053315857786546676
Citrus,negative,a_4a,2B4,0.8145637238776708
Citrus,negative,a_4a,CD33,2.641828502668628
Citrus,negative,a_4a,CD11b,-0.012675515134597174
Citrus,negative,a_4a,NKp30,-0.04348149945312908
Citrus,negative,a_4a,CD122,-0.05482149288506692
Citrus,negative,a_4a,3DL1,-0.07101072087378812
Citrus,negative,a_4a,NKp44,-0.08668305625890095
Citrus,negative,a_4a,CD127,0.9198395549740342
Citrus,negative,a_4a,2DL1,-0.07852635348420649
Citrus,negative,a_4a,CD94,-0.04463383202903907
Citrus,negative,a_4a,CD34,-0.053737320324114705
Citrus,negative,a_4a,CCR7,-0.011593416650059172
Citrus,negative,a_4a,2DL3,-0.08034518741827408
Citrus,negative,a_4a,NKG2A,0.2743153467301952
Citrus,negative,a_4a,HLA-DR,3.2893001455299276
Citrus,negative,a_4a,2DL4,0.506948074321604
Citrus,negative,a_4a,CD56,0.49313401881332314
Citrus,negative,a_4a,2DL5,-0.050871159870785124
Citrus,negative,a_4a,CD25,-0.07092128885926023
Citrus,negative,a_4b,CD3,4.380911914805288
Citrus,negative,a_4b,CD27,1.7180923251926143
Citrus,negative,a_4b,CD19,-0.018801299689310748
Citrus,negative,a_4b,CD4,2.0036145334342073
Citrus,negative,a_4b,CD8,1.5410685758849834
Citrus,negative,a_4b,CD57,-0.0758238434292723
Citrus,negative,a_4b,2DL1-S1,-0.09022350358497819
Citrus,negative,a_4b,TRAIL,-0.0960472940044901
Citrus,negative,a_4b,2DL2-L3-S2,-0.09294955388545453
Citrus,negative,a_4b,CD16,0.3651649701043284
Citrus,negative,a_4b,CD10,-0.08990412084779596
Citrus,negative,a_4b,3DL1-S1,-0.08966943243156397
Citrus,negative,a_4b,CD117,-0.08403113781677207
Citrus,negative,a_4b,2DS4,-0.05631168590551504
Citrus,negative,a_4b,ILT2-CD85j,0.6229758258912655
Citrus,negative,a_4b,NKp46,-0.07571815797816943
Citrus,negative,a_4b,NKG2D,-0.05908044967960929
Citrus,negative,a_4b,NKG2C,-0.0493242868146541
Citrus,negative,a_4b,2B4,1.2705170179871255
Citrus,negative,a_4b,CD33,3.046208350835542
Citrus,negative,a_4b,CD11b,0.022331119212479766
Citrus,negative,a_4b,NKp30,-0.03456296867279072
Citrus,negative,a_4b,CD122,-0.07428070021496401
Citrus,negative,a_4b,3DL1,-0.07135997712103243
Citrus,negative,a_4b,NKp44,-0.08708503172067211
Citrus,negative,a_4b,CD127,1.5199148853537336
Citrus,negative,a_4b,2DL1,-0.08071314907233401
Citrus,negative,a_4b,CD94,-0.03871751416346533
Citrus,negative,a_4b,CD34,-0.03734713672096652
Citrus,negative,a_4b,CCR7,-0.008482712848898526
Citrus,negative,a_4b,2DL3,-0.07620795792468846
Citrus,negative,a_4b,NKG2A,-0.01156674088978065
Citrus,negative,a_4b,HLA-DR,3.125974697885977
Citrus,negative,a_4b,2DL4,0.4642774307612383
Citrus,negative,a_4b,CD56,0.22116140942361368
Citrus,negative,a_4b,2DL5,-0.035086179829023414
Citrus,negative,a_4b,CD25,-0.08283246069037102
Citrus,negative,a_5a,CD3,3.7368780338950107
Citrus,negative,a_5a,CD27,0.4063552912708437
Citrus,negative,a_5a,CD19,-0.041723997868263175
Citrus,negative,a_5a,CD4,0.9721574302176388
Citrus,negative,a_5a,CD8,1.274877932729474
Citrus,negative,a_5a,CD57,-0.057390669293034845
Citrus,negative,a_5a,2DL1-S1,-0.07744718676053246
Citrus,negative,a_5a,TRAIL,-0.09787215986783619
Citrus,negative,a_5a,2DL2-L3-S2,-0.07609160147750939
Citrus,negative,a_5a,CD16,-0.06240237325814589
Citrus,negative,a_5a,CD10,-0.08179481006674014
Citrus,negative,a_5a,3DL1-S1,-0.09373162049644493
Citrus,negative,a_5a,CD117,-0.09537719678795781
Citrus,negative,a_5a,2DS4,-0.05933981155205936
Citrus,negative,a_5a,ILT2-CD85j,0.8849561093827933
Citrus,negative,a_5a,NKp46,-0.07737944650498667
Citrus,negative,a_5a,NKG2D,-0.033811111057687
Citrus,negative,a_5a,NKG2C,-0.06984621152405288
Citrus,negative,a_5a,2B4,1.0481623688522346
Citrus,negative,a_5a,CD33,2.5253104938718427
Citrus,negative,a_5a,CD11b,-0.0014396470655036193
Citrus,negative,a_5a,NKp30,-0.047327169880393795
Citrus,negative,a_5a,CD122,-0.07174068649489473
Citrus,negative,a_5a,3DL1,-0.08919592661030917
Citrus,negative,a_5a,NKp44,-0.08417426659732606
Citrus,negative,a_5a,CD127,0.3609109586810518
Citrus,negative,a_5a,2DL1,-0.082250610471525
Citrus,negative,a_5a,CD94,-0.05183945950672433
Citrus,negative,a_5a,CD34,-0.05428187262172976
Citrus,negative,a_5a,CCR7,-0.04982629489577956
Citrus,negative,a_5a,2DL3,-0.05715183784202895
Citrus,negative,a_5a,NKG2A,-0.015380589722174477
Citrus,negative,a_5a,HLA-DR,3.6638650936500583
Citrus,negative,a_5a,2DL4,0.645318638668127
Citrus,negative,a_5a,CD56,0.3217092832073226
Citrus,negative,a_5a,2DL5,-0.04576169900870661
Citrus,negative,a_5a,CD25,-0.06851349500465036
Citrus,negative,a_5b,CD3,3.985920523506707
Citrus,negative,a_5b,CD27,0.4363094272607234
Citrus,negative,a_5b,CD19,-0.020994654212467115
Citrus,negative,a_5b,CD4,0.7366411014722013
Citrus,negative,a_5b,CD8,1.3090957724796213
Citrus,negative,a_5b,CD57,-0.052156854208355134
Citrus,negative,a_5b,2DL1-S1,-0.07888885417298043
Citrus,negative,a_5b,TRAIL,-0.10009719318195401
Citrus,negative,a_5b,2DL2-L3-S2,-0.08639950061327381
Citrus,negative,a_5b,CD16,-0.06622223120741182
Citrus,negative,a_5b,CD10,-0.07459048908797154
Citrus,negative,a_5b,3DL1-S1,-0.09298780366016335
Citrus,negative,a_5b,CD117,-0.08149366643906782
Citrus,negative,a_5b,2DS4,-0.05696970249658074
Citrus,negative,a_5b,ILT2-CD85j,0.48240667561602923
Citrus,negative,a_5b,NKp46,-0.08826834153238534
Citrus,negative,a_5b,NKG2D,-0.03638606602611084
Citrus,negative,a_5b,NKG2C,-0.06424930332650593
Citrus,negative,a_5b,2B4,0.6872037339367781
Citrus,negative,a_5b,CD33,2.0376744113552485
Citrus,negative,a_5b,CD11b,-0.04939148964147455
Citrus,negative,a_5b,NKp30,-0.07582386125938623
Citrus,negative,a_5b,CD122,-0.07143389509654925
Citrus,negative,a_5b,3DL1,-0.08368766450729677
Citrus,negative,a_5b,NKp44,-0.0876776816417558
Citrus,negative,a_5b,CD127,0.5250419494289843
Citrus,negative,a_5b,2DL1,-0.06171355578088422
Citrus,negative,a_5b,CD94,-0.05039445111462647
Citrus,negative,a_5b,CD34,-0.06431034941195735
Citrus,negative,a_5b,CCR7,-0.03874493854981054
Citrus,negative,a_5b,2DL3,-0.07596550292466081
Citrus,negative,a_5b,NKG2A,-0.014850361188689072
Citrus,negative,a_5b,HLA-DR,3.2403415740013704
Citrus,negative,a_5b,2DL4,0.6832104575913334
Citrus,negative,a_5b,CD56,0.12266754108675913
Citrus,negative,a_5b,2DL5,-0.08066058803188261
Citrus,negative,a_5b,CD25,-0.08211196169484285
Kartenreferenz,all,a_001,CD3,3.975901906534285
Kartenreferenz,all,a_001,CD27,0.357582347452266
Kartenreferenz,all,a_001,CD19,-0.02629579336282327
Kartenreferenz,all,a_001,CD4,0.6487764571533727
Kartenreferenz,all,a_001,CD8,1.8429206163505674
Kartenreferenz,all,a_001,CD57,-0.042146545810725286
Kartenreferenz,all,a_001,2DL1-S1,-0.07083966550916013
Kartenreferenz,all,a_001,TRAIL,-0.08828794588974585
Kartenreferenz,all,a_001,2DL2-L3-S2,-0.07066000812016268
Kartenreferenz,all,a_001,CD16,-0.015559581479996233
Kartenreferenz,all,a_001,CD10,-0.06262415272945428
Kartenreferenz,all,a_001,3DL1-S1,-0.09276749520625518
Kartenreferenz,all,a_001,CD117,-0.0782593552832482
Kartenreferenz,all,a_001,2DS4,-0.08190507564646043
Kartenreferenz,all,a_001,ILT2-CD85j,0.31539204523916
Kartenreferenz,all,a_001,NKp46,-0.06221925956781628
Kartenreferenz,all,a_001,NKG2D,-0.008510060589157452
Kartenreferenz,all,a_001,NKG2C,-0.07589360829856018
Kartenreferenz,all,a_001,2B4,0.5541536609252464
Kartenreferenz,all,a_001,CD33,1.2414305721040368
Kartenreferenz,all,a_001,CD11b,-0.0029981991705903955
Kartenreferenz,all,a_001,NKp30,-0.05802712984797339
Kartenreferenz,all,a_001,CD122,-0.05006397583348261
Kartenreferenz,all,a_001,3DL1,-0.08276685049612334
Kartenreferenz,all,a_001,NKp44,-0.0918939775004082
Kartenreferenz,all,a_001,CD127,-0.014397638274874978
Kartenreferenz,all,a_001,2DL1,-0.08791775711645666
Kartenreferenz,all,a_001,CD94,-0.054596987096933676
Kartenreferenz,all,a_001,CD34,-0.02136705200690424
Kartenreferenz,all,a_001,CCR7,0.6665316134703165
Kartenreferenz,all,a_001,2DL3,-0.06942598688609708
Kartenreferenz,all,a_001,NKG2A,-0.0024216835811965423
Kartenreferenz,all,a_001,HLA-DR,2.4911875946762034
Kartenreferenz,all,a_001,2DL4,0.11241464199497825
Kartenreferenz,all,a_001,CD56,-0.0015367967012876109
Kartenreferenz,all,a_001,2DL5,-0.08216159732761207
Kartenreferenz,all,a_001,CD25,-0.07888861416203244
Kartenreferenz,all,a_002,CD3,3.5984982369168645
Kartenreferenz,all,a_002,CD27,-0.0034169847677526614
Kartenreferenz,all,a_002,CD19,-0.04007951493631959
Kartenreferenz,all,a_002,CD4,0.40904953544838596
Kartenreferenz,all,a_002,CD8,1.6824222284429373
Kartenreferenz,all,a_002,CD57,0.16229601929566023
Kartenreferenz,all,a_002,2DL1-S1,-0.046865102022275215
Kartenreferenz,all,a_002,TRAIL,-0.09015990795789837
Kartenreferenz,all,a_002,2DL2-L3-S2,-0.04971301056336176
Kartenreferenz,all,a_002,CD16,0.055896377542073945
Kartenreferenz,all,a_002,CD10,-0.06235675500241508
Kartenreferenz,all,a_002,3DL1-S1,-0.08583699650040519
Kartenreferenz,all,a_002,CD117,-0.07766907980012323
Kartenreferenz,all,a_002,2DS4,-0.0805960195668647
Kartenreferenz,all,a_002,ILT2-CD85j,0.2044341683061263
Kartenreferenz,all,a_002,NKp46,-0.05108335133159241
Kartenreferenz,all,a_002,NKG2D,0.030915445570605476
Kartenreferenz,all,a_002,NKG2C,-0.050499623058474774
Kartenreferenz,all,a_002,2B4,0.8604198620816412
Kartenreferenz,all,a_002,CD33,0.1110247506320721
Kartenreferenz,all,a_002,CD11b,0.011169405598565638
Kartenreferenz,all,a_002,NKp30,-0.048955852396018275
Kartenreferenz,all,a_002,CD122,-0.011620603804793822
Kartenreferenz,all,a_002,3DL1,-0.09280025380165147
Kartenreferenz,all,a_002,NKp44,-0.08379080611485756
Kartenreferenz,all,a_002,CD127,-0.04645297019423218
Kartenreferenz,all,a_002,2DL1,-0.0748118445260292
Kartenreferenz,all,a_002,CD94,-0.012248671903202425
Kartenreferenz,all,a_002,CD34,-0.028798911926802964
Kartenreferenz,all,a_002,CCR7,-0.0265378900334636
Kartenreferenz,all,a_002,2DL3,-0.047929425030442924
Kartenreferenz,all,a_002,NKG2A,-0.024530903069635745
Kartenreferenz,all,a_002,HLA-DR,2.1834162939164874
Kartenreferenz,all,a_002,2DL4,-0.0030220519382553337
Kartenreferenz,all,a_002,CD56,0.19826904277059976
Kartenreferenz,all,a_002,2DL5,-0.07973134889886338
Kartenreferenz,all,a_002,CD25,-0.0789990652611175
Kartenreferenz,all,a_003,CD3,2.105536533538998
Kartenreferenz,all,a_003,CD27,-0.054520171659565825
Kartenreferenz,all,a_003,CD19,-0.030064721140980428
Kartenreferenz,all,a_003,CD4,-0.009988018054277324
Kartenreferenz,all,a_003,CD8,1.6843316853864496
Kartenreferenz,all,a_003,CD57,-0.014260856663998796
Kartenreferenz,all,a_003,2DL1-S1,-0.07923867660296735
Kartenreferenz,all,a_003,TRAIL,-0.0837025993742426
Kartenreferenz,all,a_003,2DL2-L3-S2,-0.06879045206638157
Kartenreferenz,all,a_003,CD16,0.7370287580905611
Kartenreferenz,all,a_003,CD10,-0.051599962141097626
Kartenreferenz,all,a_003,3DL1-S1,-0.08022783777632045
Kartenreferenz,all,a_003,CD117,-0.08681880730431946
Kartenreferenz,all,a_003,2DS4,-0.006830074633407568
Kartenreferenz,all,a_003,ILT2-CD85j,1.5805912545277165
Kartenreferenz,all,a_003,NKp46,-0.026611923741878193
Kartenreferenz,all,a_003,NKG2D,0.3076257179501515
Kartenreferenz,all,a_003,NKG2C,-0.06281828991720197
Kartenreferenz,all,a_003,2B4,1.2130528783979602
Kartenreferenz,all,a_003,CD33,2.837775815449345
Kartenreferenz,all,a_003,CD11b,0.3324481468062889
Kartenreferenz,all,a_003,NKp30,-0.007957177986644784
Kartenreferenz,all,a_003,CD122,-0.0006109491319791508
Kartenreferenz,all,a_003,3DL1,-0.055850311656145346
Kartenreferenz,all,a_003,NKp44,-0.08138762697901994
Kartenreferenz,all,a_003,CD127,-0.03704575315274121
Kartenreferenz,all,a_003,2DL1,-0.04928293420385813
Kartenreferenz,all,a_003,CD94,0.4121101922399598
Kartenreferenz,all,a_003,CD34,0.6713861775079284
Kartenreferenz,all,a_003,CCR7,-0.05395745712191936
Kartenreferenz,all,a_003,2DL3,-0.04650457727746467
Kartenreferenz,all,a_003,NKG2A,1.1202209598592487
Kartenreferenz,all,a_003,HLA-DR,3.8549473222301804
Kartenreferenz,all,a_003,2DL4,0.9334312933551635
Kartenreferenz,all,a_003,CD56,0.802425819084983
Kartenreferenz,all,a_003,2DL5,-0.0428998177903913
Kartenreferenz,all,a_003,CD25,-0.06838381488351417
Kartenreferenz,all,a_004,CD3,2.024669606526552
Kartenreferenz,all,a_004,CD27,-0.040583589795170974
Kartenreferenz,all,a_004,CD19,-0.014293134410367603
Kartenreferenz,all,a_004,CD4,0.30521912493311343
Kartenreferenz,all,a_004,CD8,0.6526206534514278
Kartenreferenz,all,a_004,CD57,-0.07280928473070464
Kartenreferenz,all,a_004,2DL1-S1,-0.08472585744057418
Kartenreferenz,all,a_004,TRAIL,-0.10181511770597873
Kartenreferenz,all,a_004,2DL2-L3-S2,-0.07927901535455512
Kartenreferenz,all,a_004,CD16,-0.02354347505207338
Kartenreferenz,all,a_004,CD10,-0.06967827299045408
Kartenreferenz,all,a_004,3DL1-S1,-0.09452585385111686
Kartenreferenz,all,a_004,CD117,-0.08486573939008776
Kartenreferenz,all,a_004,2DS4,-0.0787721162369405
Kartenreferenz,all,a_004,ILT2-CD85j,1.2701117791143286
Kartenreferenz,all,a_004,NKp46,-0.06965329264283068
Kartenreferenz,all,a_004,NKG2D,-0.05597250666500034
Kartenreferenz,all,a_004,NKG2C,-0.083075642291811
Kartenreferenz,all,a_004,2B4,0.6645356317953608
Kartenreferenz,all,a_004,CD33,2.1318231111275834
Kartenreferenz,all,a_004,CD11b,-0.012828417539837694
Kartenreferenz,all,a_004,NKp30,-0.06261247434157513
Kartenreferenz,all,a_004,CD122,-0.06127497092455522
Kartenreferenz,all,a_004,3DL1,-0.08648261477045655
Kartenreferenz,all,a_004,NKp44,-0.09322628825818792
Kartenreferenz,all,a_004,CD127,-0.02596546714951915
Kartenreferenz,all,a_004,2DL1,-0.07765670744948139
Kartenreferenz,all,a_004,CD94,-0.055118518859572155
Kartenreferenz,all,a_004,CD34,-0.02123470157056839
Kartenreferenz,all,a_004,CCR7,-0.044280619436292606
Kartenreferenz,all,a_004,2DL3,-0.07052504485030332
Kartenreferenz,all,a_004,NKG2A,-0.027616758614340195
Kartenreferenz,all,a_004,HLA-DR,4.231812411661883
Kartenreferenz,all,a_004,2DL4,0.8330216261693142
Kartenreferenz,all,a_004,CD56,0.21006213370468443
Kartenreferenz,all,a_004,2DL5,-0.0640394116188528
Kartenreferenz,all,a_004,CD25,-0.0872317182605795
Kartenreferenz,all,a_005,CD3,2.9123894715362715
Kartenreferenz,all,a_005,CD27,-0.0453431699822002
Kartenreferenz,all,a_005,CD19,-0.05537340998821716
Kartenreferenz,all,a_005,CD4,0.26496774226602393
Kartenreferenz,all,a_005,CD8,2.0041920547079695
Kartenreferenz,all,a_005,CD57,0.9010361278995769
Kartenreferenz,all,a_005,2DL1-S1,-0.06002015036477473
Kartenreferenz,all,a_005,TRAIL,-0.09054340198100114
Kartenreferenz,all,a_005,2DL2-L3-S2,-0.06798116335212726
Kartenreferenz,all,a_005,CD16,0.8938496661692186
Kartenreferenz,all,a_005,CD10,-0.05235600591983214
Kartenreferenz,all,a_005,3DL1-S1,-0.0891893454969909
Kartenreferenz,all,a_005,CD117,-0.0735351913437548
Kartenreferenz,all,a_005,2DS4,-0.07139188104841043
Kartenreferenz,all,a_005,ILT2-CD85j,0.8005206304428263
Kartenreferenz,all,a_005,NKp46,-0.0627733675953887
Kartenreferenz,all,a_005,NKG2D,0.32969208293886554
Kartenreferenz,all,a_005,NKG2C,-0.061535253153843075
Kartenreferenz,all,a_005,2B4,0.7394086553187826
Kartenreferenz,all,a_005,CD33,0.8048827057593102
Kartenreferenz,all,a_005,CD11b,0.1693285209242652
Kartenreferenz,all,a_005,NKp30,-0.03129884072832584
Kartenreferenz,all,a_005,CD122,-0.044946267804312205
Kartenreferenz,all,a_005,3DL1,-0.08982463689649184
Kartenreferenz,all,a_005,NKp44,-0.10003268921931097
Kartenreferenz,all,a_005,CD127,-0.03800408622098217
Kartenreferenz,all,a_005,2DL1,-0.07652404839928742
Kartenreferenz,all,a_005,CD94,0.26540616600466843
Kartenreferenz,all,a_005,CD34,-0.007110442230189381
Kartenreferenz,all,a_005,CCR7,-0.07872984483648274
Kartenreferenz,all,a_005,2DL3,-0.07958657594816265
Kartenreferenz,all,a_005,NKG2A,-0.0073765204895252234
Kartenreferenz,all,a_005,HLA-DR,1.527576832659634
Kartenreferenz,all,a_005,2DL4,-0.019019356313537114
Kartenreferenz,all,a_005,CD56,-0.011695412648365267
Kartenreferenz,all,a_005,2DL5,-0.08282816577046995
Kartenreferenz,all,a_005,CD25,-0.05921125830269154
Kartenreferenz,all,a_006,CD3,3.795046731133006
Kartenreferenz,all,a_006,CD27,-0.00748786721310094
Kartenreferenz,all,a_006,CD19,-0.04639282738360101
Kartenreferenz,all,a_006,CD4,0.8040071303359702
Kartenreferenz,all,a_006,CD8,-0.011490661708884117
Kartenreferenz,all,a_006,CD57,-0.03682042692305929
Kartenreferenz,all,a_006,2DL1-S1,-0.07016344848040001
Kartenreferenz,all,a_006,TRAIL,-0.08807410925805956
Kartenreferenz,all,a_006,2DL2-L3-S2,-0.0817475437348911
Kartenreferenz,all,a_006,CD16,-0.05315688266748522
Kartenreferenz,all,a_006,CD10,-0.07849248148091394
Kartenreferenz,all,a_006,3DL1-S1,-0.0784525719978916
Kartenreferenz,all,a_006,CD117,-0.09597334334548756
Kartenreferenz,all,a_006,2DS4,-0.07088714659978287
Kartenreferenz,all,a_006,ILT2-CD85j,0.08558599071555423
Kartenreferenz,all,a_006,NKp46,-0.0879338421442887
Kartenreferenz,all,a_006,NKG2D,-0.0459491559825597
Kartenreferenz,all,a_006,NKG2C,-0.08069106434410495
Kartenreferenz,all,a_006,2B4,0.48050076433573147
Kartenreferenz,all,a_006,CD33,0.6581576370410946
Kartenreferenz,all,a_006,CD11b,-0.04745909574027964
Kartenreferenz,all,a_006,NKp30,-0.06031622316192682
Kartenreferenz,all,a_006,CD122,-0.048862099181741225
Kartenreferenz,all,a_006,3DL1,-0.07937443379969208
Kartenreferenz,all,a_006,NKp44,-0.09026009680802732
Kartenreferenz,all,a_006,CD127,-0.05832154165791586
Kartenreferenz,all,a_006,2DL1,-0.08215854023621394
Kartenreferenz,all,a_006,CD94,-0.06588731635870758
Kartenreferenz,all,a_006,CD34,-0.05143537871254479
Kartenreferenz,all,a_006,CCR7,-0.0007211778792968024
Kartenreferenz,all,a_006,2DL3,-0.07122741350953948
Kartenreferenz,all,a_006,NKG2A,-0.03358458348082578
Kartenreferenz,all,a_006,HLA-DR,2.059522124237952
Kartenreferenz,all,a_006,2DL4,-0.0051032242580978885
Kartenreferenz,all,a_006,CD56,-0.0014658804717658119
Kartenreferenz,all,a_006,2DL5,-0.07465448119395882
Kartenreferenz,all,a_006,CD25,-0.08648647456153266
Kartenreferenz,all,a_007,CD3,3.662081666768965
Kartenreferenz,all,a_007,CD27,0.21831247984230223
Kartenreferenz,all,a_007,CD19,-0.04082980024012121
Kartenreferenz,all,a_007,CD4,0.5173778347402784
Kartenreferenz,all,a_007,CD8,0.6466810096587929
Kartenreferenz,all,a_007,CD57,-0.02261351483467139
Kartenreferenz,all,a_007,2DL1-S1,-0.061729522859966066
Kartenreferenz,all,a_007,TRAIL,-0.09391141537015536
Kartenreferenz,all,a_007,2DL2-L3-S2,-0.07292528581564954
Kartenreferenz,all,a_007,CD16,-0.012218522612509124
Kartenreferenz,all,a_007,CD10,-0.0656331825061017
Kartenreferenz,all,a_007,3DL1-S1,-0.08759451769221607
Kartenreferenz,all,a_007,CD117,-0.07645138313914412
Kartenreferenz,all,a_007,2DS4,-0.07950820111967963
Kartenreferenz,all,a_007,ILT2-CD85j,0.2056300917892494
Kartenreferenz,all,a_007,NKp46,-0.0692015506456106
Kartenreferenz,all,a_007,NKG2D,-0.03905736760473314
Kartenreferenz,all,a_007,NKG2C,-0.07160596158486446
Kartenreferenz,all,a_007,2B4,0.27105463031387117
Kartenreferenz,all,a_007,CD33,0.40237669527974107
Kartenreferenz,all,a_007,CD11b,-0.03547997028222091
Kartenreferenz,all,a_007,NKp30,-0.05944268880776793
Kartenreferenz,all,a_007,CD122,-0.04699925167693527
Kartenreferenz,all,a_007,3DL1,-0.07961607568793042
Kartenreferenz,all,a_007,NKp44,-0.09531678712964127
Kartenreferenz,all,a_007,CD127,-0.035361182884605824
Kartenreferenz,all,a_007,2DL1,-0.08083162874620871
Kartenreferenz,all,a_007,CD94,-0.05455201138520974
Kartenreferenz,all,a_007,CD34,-0.03863971522272497
Kartenreferenz,all,a_007,CCR7,0.055846969957637604
Kartenreferenz,all,a_007,2DL3,-0.07459512759576817
Kartenreferenz,all,a_007,NKG2A,-0.0026033655188587254
Kartenreferenz,all,a_007,HLA-DR,1.8970592922755545
Kartenreferenz,all,a_007,2DL4,0.23539911446549777
Kartenreferenz,all,a_007,CD56,0.01118591342521098
Kartenreferenz,all,a_007,2DL5,-0.0789217512489811
Kartenreferenz,all,a_007,CD25,-0.08981314100309724
Kartenreferenz,all,a_009,CD3,3.9607227681947075
Kartenreferenz,all,a_009,CD27,0.17466050293968644
Kartenreferenz,all,a_009,CD19,-0.028195442534114913
Kartenreferenz,all,a_009,CD4,0.8391464538896938
Kartenreferenz,all,a_009,CD8,2.0756663998286937
Kartenreferenz,all,a_009,CD57,0.03186279574167453
Kartenreferenz,all,a_009,2DL1-S1,-0.06178886861984648
Kartenreferenz,all,a_009,TRAIL,-0.09199658735839292
Kartenreferenz,all,a_009,2DL2-L3-S2,-0.0659143388501634
Kartenreferenz,all,a_009,CD16,-0.03188670945822022
Kartenreferenz,all,a_009,CD10,-0.0686529498998974
Kartenreferenz,all,a_009,3DL1-S1,-0.08775409179594656
Kartenreferenz,all,a_009,CD117,-0.07596919962389823
Kartenreferenz,all,a_009,2DS4,-0.0845797185280381
Kartenreferenz,all,a_009,ILT2-CD85j,0.9083812004115935
Kartenreferenz,all,a_009,NKp46,-0.05192704668366507
Kartenreferenz,all,a_009,NKG2D,0.46602429363157943
Kartenreferenz,all,a_009,NKG2C,-0.06310939968330738
Kartenreferenz,all,a_009,2B4,0.6655645881671945
Kartenreferenz,all,a_009,CD33,1.2827385101914959
Kartenreferenz,all,a_009,CD11b,0.06280710053763558
Kartenreferenz,all,a_009,NKp30,-0.038755456451537114
Kartenreferenz,all,a_009,CD122,-0.012349205247735895
Kartenreferenz,all,a_009,3DL1,-0.06349554579288041
Kartenreferenz,all,a_009,NKp44,-0.08597575680020952
Kartenreferenz,all,a_009,CD127,-0.020170401733174068
Kartenreferenz,all,a_009,2DL1,-0.06718892244536963
Kartenreferenz,all,a_009,CD94,-0.01160082195866348
Kartenreferenz,all,a_009,CD34,-0.012233322246791713
Kartenreferenz,all,a_009,CCR7,0.022600743033030085
Kartenreferenz,all,a_009,2DL3,-0.06454185252115326
Kartenreferenz,all,a_009,NKG2A,0.618210223392416
Kartenreferenz,all,a_009,HLA-DR,3.095453873077912
Kartenreferenz,all,a_009,2DL4,0.5728928443141243
Kartenreferenz,all,a_009,CD56,0.3331491372823945
Kartenreferenz,all,a_009,2DL5,-0.07697099830766285
Kartenreferenz,all,a_009,CD25,-0.06954138521888478
Kartenreferenz,all,a_010,CD3,3.0826346938061597
Kartenreferenz,all,a_010,CD27,-0.02797834522754701
Kartenreferenz,all,a_010,CD19,-0.006875484262719464
Kartenreferenz,all,a_010,CD4,0.45045370333530244
Kartenreferenz,all,a_010,CD8,0.08526164533668865
Kartenreferenz,all,a_010,CD57,-0.05863618722662057
Kartenreferenz,all,a_010,2DL1-S1,-0.07590616462155189
Kartenreferenz,all,a_010,TRAIL,-0.09302105969475882
Kartenreferenz,all,a_010,2DL2-L3-S2,-0.07348225875256467
Kartenreferenz,all,a_010,CD16,-0.033734445445149565
Kartenreferenz,all,a_010,CD10,-0.07484242558996883
Kartenreferenz,all,a_010,3DL1-S1,-0.09353466078510497
Kartenreferenz,all,a_010,CD117,-0.08377268123608639
Kartenreferenz,all,a_010,2DS4,-0.08609108462724123
Kartenreferenz,all,a_010,ILT2-CD85j,1.2207549499398032
Kartenreferenz,all,a_010,NKp46,-0.06791147311642741
Kartenreferenz,all,a_010,NKG2D,-0.05874972562662914
Kartenreferenz,all,a_010,NKG2C,-0.08117114399175422
Kartenreferenz,all,a_010,2B4,0.7197747735961495
Kartenreferenz,all,a_010,CD33,-0.018801526890504256
Kartenreferenz,all,a_010,CD11b,-0.04754909043317358
Kartenreferenz,all,a_010,NKp30,-0.06096177933603819
Kartenreferenz,all,a_010,CD122,-0.06220022910885909
Kartenreferenz,all,a_010,3DL1,-0.09173701622658374
Kartenreferenz,all,a_010,NKp44,-0.09374612664484022
Kartenreferenz,all,a_010,CD127,-0.0333027285258435
Kartenreferenz,all,a_010,2DL1,-0.08696992834332437
Kartenreferenz,all,a_010,CD94,-0.06410917505296516
Kartenreferenz,all,a_010,CD34,-0.01963131316286843
Kartenreferenz,all,a_010,CCR7,0.12112211719364777
Kartenreferenz,all,a_010,2DL3,-0.07498445264962372
Kartenreferenz,all,a_010,NKG2A,0.17973465241092357
Kartenreferenz,all,a_010,HLA-DR,4.5758870758165795
Kartenreferenz,all,a_010,2DL4,0.8365223444649927
Kartenreferenz,all,a_010,CD56,0.16868645926195386
Kartenreferenz,all,a_010,2DL5,-0.0803575059255185
Kartenreferenz,all,a_010,CD25,-0.0762812143746364
Kartenreferenz,all,a_011,CD3,2.5311106863950643
Kartenreferenz,all,a_011,CD27,-0.03463905339287711
Kartenreferenz,all,a_011,CD19,-0.04090597470426039
Kartenreferenz,all,a_011,CD4,0.28217320491316056
Kartenreferenz,all,a_011,CD8,1.6834865856673504
Kartenreferenz,all,a_011,CD57,-0.030119604754110664
Kartenreferenz,all,a_011,2DL1-S1,-0.0648946161687988
Kartenreferenz,all,a_011,TRAIL,-0.08346042299033174
Kartenreferenz,all,a_011,2DL2-L3-S2,-0.0606995036074966
Kartenreferenz,all,a_011,CD16,2.0154605259619345
Kartenreferenz,all,a_011,CD10,-0.02491741768328018
Kartenreferenz,all,a_011,3DL1-S1,-0.08334061141879745
Kartenreferenz,all,a_011,CD117,-0.07455791238450582
Kartenreferenz,all,a_011,2DS4,-0.06353503955783549
Kartenreferenz,all,a_011,ILT2-CD85j,1.8652721676845816
Kartenreferenz,all,a_011,NKp46,-0.03459189697559052
Kartenreferenz,all,a_011,NKG2D,-0.03322441233605433
Kartenreferenz,all,a_011,NKG2C,-0.07939135618316626
Kartenreferenz,all,a_011,2B4,1.2202145822812307
Kartenreferenz,all,a_011,CD33,3.6938588913501604
Kartenreferenz,all,a_011,CD11b,0.4459446913311448
Kartenreferenz,all,a_011,NKp30,-0.02807656107831795
Kartenreferenz,all,a_011,CD122,-0.03302472257153401
Kartenreferenz,all,a_011,3DL1,-0.0824416567714216
Kartenreferenz,all,a_011,NKp44,-0.08284532282192306
Kartenreferenz,all,a_011,CD127,-0.0030810531891530624
Kartenreferenz,all,a_011,2DL1,-0.07661275134587961
Kartenreferenz,all,a_011,CD94,-0.026644413524982508
Kartenreferenz,all,a_011,CD34,0.7498097765920617
Kartenreferenz,all,a_011,CCR7,-0.054315007655553
Kartenreferenz,all,a_011,2DL3,-0.0703555924106003
Kartenreferenz,all,a_011,NKG2A,0.16798589631514052
Kartenreferenz,all,a_011,HLA-DR,3.802226385165774
Kartenreferenz,all,a_011,2DL4,0.8941822262729571
Kartenreferenz,all,a_011,CD56,0.5361914719426397
Kartenreferenz,all,a_011,2DL5,-0.020220655002053826
Kartenreferenz,all,a_011,CD25,-0.07931200313384318
Kartenreferenz,all,a_012,CD3,2.662744097443503
Kartenreferenz,all,a_012,CD27,-0.05205988678242601
Kartenreferenz,all,a_012,CD19,-0.04339834004047417
Kartenreferenz,all,a_012,CD4,0.8266794990328241
Kartenreferenz,all,a_012,CD8,1.9917071145011631
Kartenreferenz,all,a_012,CD57,0.006703545244025198
Kartenreferenz,all,a_012,2DL1-S1,-0.05303487332091129
Kartenreferenz,all,a_012,TRAIL,-0.08764023722781764
Kartenreferenz,all,a_012,2DL2-L3-S2,-0.04294734605766723
Kartenreferenz,all,a_012,CD16,2.2579563178194775
Kartenreferenz,all,a_012,CD10,-0.010447973278863182
Kartenreferenz,all,a_012,3DL1-S1,-0.07506066584171424
Kartenreferenz,all,a_012,CD117,-0.0786866465913329
Kartenreferenz,all,a_012,2DS4,-0.05852922568004579
Kartenreferenz,all,a_012,ILT2-CD85j,2.2647783727264286
Kartenreferenz,all,a_012,NKp46,-0.0479210191029762
Kartenreferenz,all,a_012,NKG2D,-0.029574742289884222
Kartenreferenz,all,a_012,NKG2C,-0.07049244279137974
Kartenreferenz,all,a_012,2B4,1.5762896678028584
Kartenreferenz,all,a_012,CD33,3.3538411028658968
Kartenreferenz,all,a_012,CD11b,0.7017014325463422
Kartenreferenz,all,a_012,NKp30,-0.04080392232767262
Kartenreferenz,all,a_012,CD122,-0.049333048687176015
Kartenreferenz,all,a_012,3DL1,-0.07807024146549515
Kartenreferenz,all,a_012,NKp44,-0.08876333100411864
Kartenreferenz,all,a_012,CD127,0.034760997428443845
Kartenreferenz,all,a_012,2DL1,-0.08303611035533483
Kartenreferenz,all,a_012,CD94,-0.0059515878501060476
Kartenreferenz,all,a_012,CD34,0.787488207247627
Kartenreferenz,all,a_012,CCR7,-0.06321679127134187
Kartenreferenz,all,a_012,2DL3,-0.03895419410926251
Kartenreferenz,all,a_012,NKG2A,-0.01851541784140324
Kartenreferenz,all,a_012,HLA-DR,3.8850023871360024
Kartenreferenz,all,a_012,2DL4,0.7048684585894893
Kartenreferenz,all,a_012,CD56,0.3168490190858123
Kartenreferenz,all,a_012,2DL5,-0.04318624732683162
Kartenreferenz,all,a_012,CD25,-0.0752706080157324
Kartenreferenz,all,a_1a,CD3,5.222468389224639
Kartenreferenz,all,a_1a,CD27,2.1648452578161823
Kartenreferenz,all,a_1a,CD19,-0.012902074538889323
Kartenreferenz,all,a_1a,CD4,2.286511148471817
Kartenreferenz,all,a_1a,CD8,2.4931174631741215
Kartenreferenz,all,a_1a,CD57,-0.04662196725905935
Kartenreferenz,all,a_1a,2DL1-S1,-0.07110445626623452
Kartenreferenz,all,a_1a,TRAIL,-0.09257777287323674
Kartenreferenz,all,a_1a,2DL2-L3-S2,-0.07785203819388725
Kartenreferenz,all,a_1a,CD16,-0.0038037777703871494
Kartenreferenz,all,a_1a,CD10,-0.0732534277809471
Kartenreferenz,all,a_1a,3DL1-S1,-0.0923817045536217
Kartenreferenz,all,a_1a,CD117,-0.087567446450012
Kartenreferenz,all,a_1a,2DS4,-0.07345458137945073
Kartenreferenz,all,a_1a,ILT2-CD85j,0.021589605341477476
Kartenreferenz,all,a_1a,NKp46,-0.06296267619708268
Kartenreferenz,all,a_1a,NKG2D,-0.030059647288611352
Kartenreferenz,all,a_1a,NKG2C,-0.05167713202901128
Kartenreferenz,all,a_1a,2B4,1.126847588902137
Kartenreferenz,all,a_1a,CD33,2.8745316156066965
Kartenreferenz,all,a_1a,CD11b,0.3058871258900451
Kartenreferenz,all,a_1a,NKp30,-0.0661684915495977
Kartenreferenz,all,a_1a,CD122,-0.05448349697674222
Kartenreferenz,all,a_1a,3DL1,-0.08339292137086443
Kartenreferenz,all,a_1a,NKp44,-0.08299474832364262
Kartenreferenz,all,a_1a,CD127,2.580436172207751
Kartenreferenz,all,a_1a,2DL1,-0.07042405716129051
Kartenreferenz,all,a_1a,CD94,-0.056694031356270456
Kartenreferenz,all,a_1a,CD34,-0.04410240881166396
Kartenreferenz,all,a_1a,CCR7,2.12673750478738
Kartenreferenz,all,a_1a,2DL3,-0.05967988280438356
Kartenreferenz,all,a_1a,NKG2A,0.33639149105754756
Kartenreferenz,all,a_1a,HLA-DR,2.6182101813386676
Kartenreferenz,all,a_1a,2DL4,0.11035267833671691
Kartenreferenz,all,a_1a,CD56,-0.009853610275696437
Kartenreferenz,all,a_1a,2DL5,-0.07001619923379662
Kartenreferenz,all,a_1a,CD25,-0.07816523296719066
Kartenreferenz,all,a_2a,CD3,4.0664498581981
Kartenreferenz,all,a_2a,CD27,1.1634908348125674
Kartenreferenz,all,a_2a,CD19,-0.025708275077317752
Kartenreferenz,all,a_2a,CD4,1.222147072001792
Kartenreferenz,all,a_2a,CD8,2.0093369913854806
Kartenreferenz,all,a_2a,CD57,-0.05947300130968139
Kartenreferenz,all,a_2a,2DL1-S1,-0.08183164212741341
Kartenreferenz,all,a_2a,TRAIL,-0.09337460211921825
Kartenreferenz,all,a_2a,2DL2-L3-S2,-0.08817274663131947
Kartenreferenz,all,a_2a,CD16,-0.06516559017877108
Kartenreferenz,all,a_2a,CD10,-0.08207989369178953
Kartenreferenz,all,a_2a,3DL1-S1,-0.09549848904581715
Kartenreferenz,all,a_2a,CD117,-0.08994433826752332
Kartenreferenz,all,a_2a,2DS4,-0.06004606290623246
Kartenreferenz,all,a_2a,ILT2-CD85j,1.6804161947126617
Kartenreferenz,all,a_2a,NKp46,-0.059964167461074636
Kartenreferenz,all,a_2a,NKG2D,-0.04924582457409997
Kartenreferenz,all,a_2a,NKG2C,-0.055834897997611904
Kartenreferenz,all,a_2a,2B4,1.7503122442589527
Kartenreferenz,all,a_2a,CD33,2.505018980497753
Kartenreferenz,all,a_2a,CD11b,0.41744633327694636
Kartenreferenz,all,a_2a,NKp30,-0.059854887463721834
Kartenreferenz,all,a_2a,CD122,-0.06880565316660109
Kartenreferenz,all,a_2a,3DL1,-0.08241595691620918
Kartenreferenz,all,a_2a,NKp44,-0.09061268186632274
Kartenreferenz,all,a_2a,CD127,0.9245940933704426
Kartenreferenz,all,a_2a,2DL1,-0.07779478820426176
Kartenreferenz,all,a_2a,CD94,-0.08099583487675968
Kartenreferenz,all,a_2a,CD34,-0.029966686532998464
Kartenreferenz,all,a_2a,CCR7,-0.028006334057203774
Kartenreferenz,all,a_2a,2DL3,-0.06741960850673846
Kartenreferenz,all,a_2a,NKG2A,-0.020508956317766502
Kartenreferenz,all,a_2a,HLA-DR,3.8001294045442577
Kartenreferenz,all,a_2a,2DL4,0.8427006286487758
Kartenreferenz,all,a_2a,CD56,0.04765696629829319
Kartenreferenz,all,a_2a,2DL5,-0.06262041935941226
Kartenreferenz,all,a_2a,CD25,-0.06546567993575533
Kartenreferenz,all,a_2b,CD3,3.908061533182587
Kartenreferenz,all,a_2b,CD27,0.891908723138203
Kartenreferenz,all,a_2b,CD19,-0.008791246997140586
Kartenreferenz,all,a_2b,CD4,0.751276950060959
Kartenreferenz,all,a_2b,CD8,1.0492120191514964
Kartenreferenz,all,a_2b,CD57,-0.0627511141459559
Kartenreferenz,all,a_2b,2DL1-S1,-0.07737151601471826
Kartenreferenz,all,a_2b,TRAIL,-0.09590894942397801
Kartenreferenz,all,a_2b,2DL2-L3-S2,-0.08665911617971
Kartenreferenz,all,a_2b,CD16,-0.08541909183667377
Kartenreferenz,all,a_2b,CD10,-0.08604119074674582
Kartenreferenz,all,a_2b,3DL1-S1,-0.09137490922698153
Kartenreferenz,all,a_2b,CD117,-0.09115414570388444
Kartenreferenz,all,a_2b,2DS4,-0.07633191417538171
Kartenreferenz,all,a_2b,ILT2-CD85j,0.6187971114228301
Kartenreferenz,all,a_2b,NKp46,-0.08037423436464246
Kartenreferenz,all,a_2b,NKG2D,-0.05741008032910077
Kartenreferenz,all,a_2b,NKG2C,-0.06856451589586485
Kartenreferenz,all,a_2b,2B4,0.6423609557550789
Kartenreferenz,all,a_2b,CD33,0.7530276797772624
Kartenreferenz,all,a_2b,CD11b,-0.03230903387368356
Kartenreferenz,all,a_2b,NKp30,-0.07075689118509865
Kartenreferenz,all,a_2b,CD122,-0.079404493794167
Kartenreferenz,all,a_2b,3DL1,-0.09719580784143986
Kartenreferenz,all,a_2b,NKp44,-0.08997733462996016
Kartenreferenz,all,a_2b,CD127,0.7705439255760572
Kartenreferenz,all,a_2b,2DL1,-0.08080256180791737
Kartenreferenz,all,a_2b,CD94,-0.07149084482143882
Kartenreferenz,all,a_2b,CD34,-0.06732073558070573
Kartenreferenz,all,a_2b,CCR7,-0.021633356148350887
Kartenreferenz,all,a_2b,2DL3,-0.07295706597210297
Kartenreferenz,all,a_2b,NKG2A,-0.04981896367624335
Kartenreferenz,all,a_2b,HLA-DR,2.6879564698443694
Kartenreferenz,all,a_2b,2DL4,0.0032371495114430207
Kartenreferenz,all,a_2b,CD56,-0.004913024845668975
Kartenreferenz,all,a_2b,2DL5,-0.0692088249582161
Kartenreferenz,all,a_2b,CD25,-0.08462580156942098
Kartenreferenz,all,a_3a,CD3,4.415152890614374
Kartenreferenz,all,a_3a,CD27,1.1596812104688845
Kartenreferenz,all,a_3a,CD19,-0.03933981624999521
Kartenreferenz,all,a_3a,CD4,0.3555309777298993
Kartenreferenz,all,a_3a,CD8,1.508661123946171
Kartenreferenz,all,a_3a,CD57,-0.04865678472270958
Kartenreferenz,all,a_3a,2DL1-S1,-0.0660956434711458
Kartenreferenz,all,a_3a,TRAIL,-0.09082043585971403
Kartenreferenz,all,a_3a,2DL2-L3-S2,-0.08738382449547343
Kartenreferenz,all,a_3a,CD16,-0.06125384199803526
Kartenreferenz,all,a_3a,CD10,-0.07859910868707619
Kartenreferenz,all,a_3a,3DL1-S1,-0.08200928024719017
Kartenreferenz,all,a_3a,CD117,-0.0798056095831482
Kartenreferenz,all,a_3a,2DS4,-0.07359919939333762
Kartenreferenz,all,a_3a,ILT2-CD85j,0.49933150616253785
Kartenreferenz,all,a_3a,NKp46,-0.06942749714301358
Kartenreferenz,all,a_3a,NKG2D,-0.015799983127248104
Kartenreferenz,all,a_3a,NKG2C,-0.06357069663024606
Kartenreferenz,all,a_3a,2B4,1.2535281834415701
Kartenreferenz,all,a_3a,CD33,2.6984316961250308
Kartenreferenz,all,a_3a,CD11b,0.3633393865140278
Kartenreferenz,all,a_3a,NKp30,-0.036657722073992
Kartenreferenz,all,a_3a,CD122,-0.05841529832973334
Kartenreferenz,all,a_3a,3DL1,-0.08150856392430272
Kartenreferenz,all,a_3a,NKp44,-0.07149908800950387
Kartenreferenz,all,a_3a,CD127,1.2885173915040036
Kartenreferenz,all,a_3a,2DL1,-0.06384926946868756
Kartenreferenz,all,a_3a,CD94,-0.046059027818989864
Kartenreferenz,all,a_3a,CD34,-0.03708299505245277
Kartenreferenz,all,a_3a,CCR7,-0.009030741981708489
Kartenreferenz,all,a_3a,2DL3,-0.06360782907825227
Kartenreferenz,all,a_3a,NKG2A,0.20138494662661371
Kartenreferenz,all,a_3a,HLA-DR,2.7970762573108265
Kartenreferenz,all,a_3a,2DL4,0.27016685431802223
Kartenreferenz,all,a_3a,CD56,0.036746087615056114
Kartenreferenz,all,a_3a,2DL5,-0.053871623256069257
Kartenreferenz,all,a_3a,CD25,-0.0828906105180926
Kartenreferenz,all,a_3b,CD3,4.291417943651785
Kartenreferenz,all,a_3b,CD27,1.3450953239316934
Kartenreferenz,all,a_3b,CD19,-0.03219929827674703
Kartenreferenz,all,a_3b,CD4,0.9304163977324521
Kartenreferenz,all,a_3b,CD8,2.0019869128097567
Kartenreferenz,all,a_3b,CD57,-0.052659051593584076
Kartenreferenz,all,a_3b,2DL1-S1,-0.0767631114388268
Kartenreferenz,all,a_3b,TRAIL,-0.0873693473951432
Kartenreferenz,all,a_3b,2DL2-L3-S2,-0.08309399334708333
Kartenreferenz,all,a_3b,CD16,-0.027868736973489048
Kartenreferenz,all,a_3b,CD10,-0.07262725365695746
Kartenreferenz,all,a_3b,3DL1-S1,-0.09448837485982314
Kartenreferenz,all,a_3b,CD117,-0.08313639969439304
Kartenreferenz,all,a_3b,2DS4,-0.07616072711103741
Kartenreferenz,all,a_3b,ILT2-CD85j,0.9226937716433814
Kartenreferenz,all,a_3b,NKp46,-0.06266515973893566
Kartenreferenz,all,a_3b,NKG2D,-0.026719210211820527
Kartenreferenz,all,a_3b,NKG2C,-0.06615632467560001
Kartenreferenz,all,a_3b,2B4,0.9816644979731359
Kartenreferenz,all,a_3b,CD33,2.7889152459813005
Kartenreferenz,all,a_3b,CD11b,0.3446426052339778
Kartenreferenz,all,a_3b,NKp30,-0.04190960530905165
Kartenreferenz,all,a_3b,CD122,-0.047834023619282795
Kartenreferenz,all,a_3b,3DL1,-0.09207214123938498
Kartenreferenz,all,a_3b,NKp44,-0.08421686767961689
Kartenreferenz,all,a_3b,CD127,1.9445097545356351
Kartenreferenz,all,a_3b,2DL1,-0.06223287583715752
Kartenreferenz,all,a_3b,CD94,-0.049667233043903566
Kartenreferenz,all,a_3b,CD34,-0.04996888980271882
Kartenreferenz,all,a_3b,CCR7,0.18895848203401713
Kartenreferenz,all,a_3b,2DL3,-0.07055984702289195
Kartenreferenz,all,a_3b,NKG2A,-0.0035277433488826657
Kartenreferenz,all,a_3b,HLA-DR,2.967888884536459
Kartenreferenz,all,a_3b,2DL4,0.3357258516620798
Kartenreferenz,all,a_3b,CD56,0.30564024824293556
Kartenreferenz,all,a_3b,2DL5,-0.05914318514655474
Kartenreferenz,all,a_3b,CD25,-0.08260621869064162
Kartenreferenz,all,a_4a,CD3,4.41969864453484
Kartenreferenz,all,a_4a,CD27,1.4537591491513076
Kartenreferenz,all,a_4a,CD19,0.4660919007626087
Kartenreferenz,all,a_4a,CD4,0.9727243240229253
Kartenreferenz,all,a_4a,CD8,2.464763210938367
Kartenreferenz,all,a_4a,CD57,0.0446999986226698
Kartenreferenz,all,a_4a,2DL1-S1,-0.060818025429230496
Kartenreferenz,all,a_4a,TRAIL,-0.08293628816090198
Kartenreferenz,all,a_4a,2DL2-L3-S2,-0.0676269040308543
Kartenreferenz,all,a_4a,CD16,1.7061945293381073
Kartenreferenz,all,a_4a,CD10,-0.04909017017318978
Kartenreferenz,all,a_4a,3DL1-S1,-0.07511575440020099
Kartenreferenz,all,a_4a,CD117,-0.08146379939546886
Kartenreferenz,all,a_4a,2DS4,-0.02262870564337014
Kartenreferenz,all,a_4a,ILT2-CD85j,1.4713588719813275
Kartenreferenz,all,a_4a,NKp46,-0.045650598318651966
Kartenreferenz,all,a_4a,NKG2D,0.28293121532496224
Kartenreferenz,all,a_4a,NKG2C,-0.035527834536017724
Kartenreferenz,all,a_4a,2B4,1.6358084633563061
Kartenreferenz,all,a_4a,CD33,2.7917047991797483
Kartenreferenz,all,a_4a,CD11b,0.28997664724963756
Kartenreferenz,all,a_4a,NKp30,-0.025401290952052024
Kartenreferenz,all,a_4a,CD122,-0.024177048570333426
Kartenreferenz,all,a_4a,3DL1,-0.05996823094335248
Kartenreferenz,all,a_4a,NKp44,-0.08101413343435379
Kartenreferenz,all,a_4a,CD127,1.200382962595823
Kartenreferenz,all,a_4a,2DL1,-0.061138097783948075
Kartenreferenz,all,a_4a,CD94,0.2256364150550062
Kartenreferenz,all,a_4a,CD34,-0.030869326244650802
Kartenreferenz,all,a_4a,CCR7,0.04062535970976454
Kartenreferenz,all,a_4a,2DL3,-0.06905981098104594
Kartenreferenz,all,a_4a,NKG2A,0.8356778964008698
Kartenreferenz,all,a_4a,HLA-DR,3.6639799121967407
Kartenreferenz,all,a_4a,2DL4,1.2818561471163483
Kartenreferenz,all,a_4a,CD56,0.8981144878043712
Kartenreferenz,all,a_4a,2DL5,-0.03970827877549605
Kartenreferenz,all,a_4a,CD25,-0.06855149602305184
Kartenreferenz,all,a_4b,CD3,4.427727534869293
Kartenreferenz,all,a_4b,CD27,1.7538156969134517
Kartenreferenz,all,a_4b,CD19,0.5564928258907367
Kartenreferenz,all,a_4b,CD4,1.6301620880202399
Kartenreferenz,all,a_4b,CD8,2.0126330108320043
Kartenreferenz,all,a_4b,CD57,-0.027788052860834682
Kartenreferenz,all,a_4b,2DL1-S1,-0.06998440663824274
Kartenreferenz,all,a_4b,TRAIL,-0.0906891062925516
Kartenreferenz,all,a_4b,2DL2-L3-S2,-0.08555288340170804
Kartenreferenz,all,a_4b,CD16,0.6143704430657655
Kartenreferenz,all,a_4b,CD10,-0.06748560606292998
Kartenreferenz,all,a_4b,3DL1-S1,-0.08715026788973089
Kartenreferenz,all,a_4b,CD117,-0.07404615763946472
Kartenreferenz,all,a_4b,2DS4,-0.0416050418313649
Kartenreferenz,all,a_4b,ILT2-CD85j,1.6591538359933025
Kartenreferenz,all,a_4b,NKp46,-0.06575554492008992
Kartenreferenz,all,a_4b,NKG2D,0.024350502205609137
Kartenreferenz,all,a_4b,NKG2C,-0.035575901723781694
Kartenreferenz,all,a_4b,2B4,1.911211658722006
Kartenreferenz,all,a_4b,CD33,3.412153183072782
Kartenreferenz,all,a_4b,CD11b,0.50904269798756
Kartenreferenz,all,a_4b,NKp30,-0.025508608949384618
Kartenreferenz,all,a_4b,CD122,-0.049605333849497044
Kartenreferenz,all,a_4b,3DL1,-0.07130004208896268
Kartenreferenz,all,a_4b,NKp44,-0.08500129707547865
Kartenreferenz,all,a_4b,CD127,1.329621631028393
Kartenreferenz,all,a_4b,2DL1,-0.07346827713426282
Kartenreferenz,all,a_4b,CD94,-0.008386179857686128
Kartenreferenz,all,a_4b,CD34,-0.0054108292324255
Kartenreferenz,all,a_4b,CCR7,0.1800610071906339
Kartenreferenz,all,a_4b,2DL3,-0.06274907008524278
Kartenreferenz,all,a_4b,NKG2A,0.6041490860308009
Kartenreferenz,all,a_4b,HLA-DR,4.5138274955638105
Kartenreferenz,all,a_4b,2DL4,1.4666300544079114
Kartenreferenz,all,a_4b,CD56,0.7294785941960953
Kartenreferenz,all,a_4b,2DL5,-0.0056918563221114785
Kartenreferenz,all,a_4b,CD25,-0.06528592687520268
Kartenreferenz,all,a_5a,CD3,4.271801654163275
Kartenreferenz,all,a_5a,CD27,0.6255642671120932
Kartenreferenz,all,a_5a,CD19,0.17238619350078194
Kartenreferenz,all,a_5a,CD4,0.45746061971767676
Kartenreferenz,all,a_5a,CD8,2.016495816909242
Kartenreferenz,all,a_5a,CD57,-0.0030797510065129377
Kartenreferenz,all,a_5a,2DL1-S1,-0.059731131077415185
Kartenreferenz,all,a_5a,TRAIL,-0.09105679401183933
Kartenreferenz,all,a_5a,2DL2-L3-S2,-0.06665582851739998
Kartenreferenz,all,a_5a,CD16,-0.029712886596203893
Kartenreferenz,all,a_5a,CD10,-0.06913280681746534
Kartenreferenz,all,a_5a,3DL1-S1,-0.09458241556593486
Kartenreferenz,all,a_5a,CD117,-0.09410186577408622
Kartenreferenz,all,a_5a,2DS4,-0.06470335135455119
Kartenreferenz,all,a_5a,ILT2-CD85j,1.0433267424604526
Kartenreferenz,all,a_5a,NKp46,-0.06995608132867787
Kartenreferenz,all,a_5a,NKG2D,0.3549092872209975
Kartenreferenz,all,a_5a,NKG2C,-0.0522599674647575
Kartenreferenz,all,a_5a,2B4,1.2688576890945025
Kartenreferenz,all,a_5a,CD33,2.2000903129032707
Kartenreferenz,all,a_5a,CD11b,0.17840940383743942
Kartenreferenz,all,a_5a,NKp30,-0.028038569462666675
Kartenreferenz,all,a_5a,CD122,-0.042021518786687556
Kartenreferenz,all,a_5a,3DL1,-0.08031735951863045
Kartenreferenz,all,a_5a,NKp44,-0.07687756037938517
Kartenreferenz,all,a_5a,CD127,0.5637662301297011
Kartenreferenz,all,a_5a,2DL1,-0.06770675843323445
Kartenreferenz,all,a_5a,CD94,-0.01592859183014621
Kartenreferenz,all,a_5a,CD34,-0.0497014547433252
Kartenreferenz,all,a_5a,CCR7,-0.037039466224983546
Kartenreferenz,all,a_5a,2DL3,-0.04967555500611382
Kartenreferenz,all,a_5a,NKG2A,0.2353169952804336
Kartenreferenz,all,a_5a,HLA-DR,3.53592581918784
Kartenreferenz,all,a_5a,2DL4,0.8462734534335383
Kartenreferenz,all,a_5a,CD56,0.5858298264948933
Kartenreferenz,all,a_5a,2DL5,-0.0596667679527947
Kartenreferenz,all,a_5a,CD25,-0.0701725988653532
Kartenreferenz,all,a_5b,CD3,4.090929087124689
Kartenreferenz,all,a_5b,CD27,0.4580830959948054
Kartenreferenz,all,a_5b,CD19,-0.003343267631121727
Kartenreferenz,all,a_5b,CD4,0.1155616051980933
Kartenreferenz,all,a_5b,CD8,1.9149168791308098
Kartenreferenz,all,a_5b,CD57,-0.004744532076491961
Kartenreferenz,all,a_5b,2DL1-S1,-0.0648943121056259
Kartenreferenz,all,a_5b,TRAIL,-0.09422798160015093
Kartenreferenz,all,a_5b,2DL2-L3-S2,-0.078794167851805
Kartenreferenz,all,a_5b,CD16,-0.05371433368007753
Kartenreferenz,all,a_5b,CD10,-0.06732422602788303
Kartenreferenz,all,a_5b,3DL1-S1,-0.09319363300145994
Kartenreferenz,all,a_5b,CD117,-0.08829702436526005
Kartenreferenz,all,a_5b,2DS4,-0.0522569280651584
Kartenreferenz,all,a_5b,ILT2-CD85j,0.9585005350111309
Kartenreferenz,all,a_5b,NKp46,-0.08459302201482496
Kartenreferenz,all,a_5b,NKG2D,0.2096124916138071
Kartenreferenz,all,a_5b,NKG2C,-0.056716729396452795
Kartenreferenz,all,a_5b,2B4,1.2243212785516797
Kartenreferenz,all,a_5b,CD33,1.9879546828257628
Kartenreferenz,all,a_5b,CD11b,0.05668893100657825
Kartenreferenz,all,a_5b,NKp30,-0.04405700720126515
Kartenreferenz,all,a_5b,CD122,-0.04994294023825853
Kartenreferenz,all,a_5b,3DL1,-0.07308426425565484
Kartenreferenz,all,a_5b,NKp44,-0.08699313980210178
Kartenreferenz,all,a_5b,CD127,0.4289602034540628
Kartenreferenz,all,a_5b,2DL1,-0.05874127996432722
Kartenreferenz,all,a_5b,CD94,-0.0221757439456001
Kartenreferenz,all,a_5b,CD34,-0.05824402073668616
Kartenreferenz,all,a_5b,CCR7,-0.026657847940010318
Kartenreferenz,all,a_5b,2DL3,-0.07090457297975616
Kartenreferenz,all,a_5b,NKG2A,0.1546524628530353
Kartenreferenz,all,a_5b,HLA-DR,3.2342038094689123
Kartenreferenz,all,a_5b,2DL4,0.8103142141078293
Kartenreferenz,all,a_5b,CD56,0.5393339511194616
Kartenreferenz,all,a_5b,2DL5,-0.061512555295230545
Kartenreferenz,all,a_5b,CD25,-0.0804291964733102
