method,split_id,subset_id,coefficient,response_threshold,selected_cells,reference_cells,candidate_seed,training_donors,CD3,CD27,CD19,CD4,CD8,CD57,2DL1-S1,TRAIL,2DL2-L3-S2,CD16,CD10,3DL1-S1,CD117,2DS4,ILT2-CD85j,NKp46,NKG2D,NKG2C,2B4,CD33,CD11b,NKp30,CD122,3DL1,NKp44,CD127,2DL1,CD94,CD34,CCR7,2DL3,NKG2A,HLA-DR,2DL4,CD56,2DL5,CD25,group_id,map_cell_id,component_1,component_2
CellCNN,0,0,-0.7870976328849792,3.687589645385742,13485.0,180000.0,3003116092.0,a_001;a_003;a_011;a_012;a_2b;a_3b;a_4b;a_5a;a_5b,1.0344771041264842,0.24417162196591075,2.5342330370899155,0.261424937909556,0.6390492948429515,0.034674997810506814,-0.030122594317758558,-0.08461806749533657,-0.06027125779932043,0.21300507601238028,0.1317399356638672,-0.08411108350301098,-0.06064465180273942,-0.022763237159324726,1.694843299272576,0.021119691643293068,0.006211619025773621,-0.04474638389878133,0.47226648210633043,1.2906431943425918,0.0530803835625519,0.01324096938760896,-0.03302213585226892,-0.05887963988565828,-0.08426422414629253,0.015014834607770094,-0.07430048536639706,-0.02687206897247165,0.02298559878726127,0.2428540861471582,0.035946012911930045,0.5114042769764844,5.181277808407097,1.7107313458715308,0.42589951102684875,0.04231247502253032,-0.022657080435615692,6,gated_alive:a_009:137043,-32.85966491699219,36.117313385009766
CellCNN,0,1,0.7081660628318787,4.915562629699707,984.0,180000.0,3003116092.0,a_001;a_003;a_011;a_012;a_2b;a_3b;a_4b;a_5a;a_5b,3.533632157116795,0.71174696648642,0.6540694831234826,1.0407893688933085,3.723599452996481,3.3510060056354174,1.0238742497196536,0.08579356139654654,1.2409086653306889,2.495278464637818,0.4061223890252355,0.020078825080240566,0.09604325682904176,1.0151648534790694,1.8562336889320628,0.5028113764102767,1.871020434432326,3.9227978794937726,2.4561003682078657,2.155264985574432,1.0862109168868974,1.0403947826525246,0.8149370670295267,0.2568462579205871,0.09336766770146032,0.6268204253949996,0.5209047672215832,3.689964370109232,1.064212045372971,0.40568702599516177,2.1268481374893344,0.5890658831285691,3.0729465553559137,1.0819584982109813,3.3612941313322966,0.39000605174474706,0.1277835534502976,1,gated_alive:a_002:26483,51.76649856567383,-34.071170806884766
CellCNN,0,2,-0.8355383276939392,3.313272714614868,3761.0,180000.0,3003116092.0,a_001;a_003;a_011;a_012;a_2b;a_3b;a_4b;a_5a;a_5b,1.1004458283492937,0.1066318632540478,0.12745208007277425,1.2600041170217375,0.8101143446457874,0.036153134660166335,-0.03830622213211397,-0.06791835345240554,0.2696399951287437,3.4803224978835248,1.3921748547928556,-0.036440030558576024,0.3090013750083248,0.06753317648834166,3.2427883545251635,0.40902028406366814,0.06739591640022183,-0.013199113630674669,1.3637675008219123,3.489294927105049,0.4319581980907365,0.09132553867212072,0.05249436814039695,-0.015527781241110209,-0.07597612246153157,0.3972174583918705,-0.024177224825795932,0.05116259335563357,0.4804215705938267,-0.038902523899308206,0.020413655810442532,0.31284489154215356,4.312767072953927,0.9062691656550949,0.35704462553600863,0.09700899351159623,-0.04722996307355767,9,gated_alive:a_004:71532,52.52120590209961,30.5699405670166
CellCNN,0,3,0.9787687063217163,5.7470903396606445,636.0,180000.0,3003116092.0,a_001;a_003;a_011;a_012;a_2b;a_3b;a_4b;a_5a;a_5b,4.357291268240426,0.7880120870622304,0.7965154055467186,1.386362407536981,3.648226423955994,4.338419054926273,1.5534867275383253,0.2035600239904503,1.3403107573229924,2.17907165164866,0.3672097750949313,0.18111035655830685,0.0768150189901891,1.6190814640628428,2.0055911775031157,0.35524877349781725,2.070184539409747,3.440494741357822,2.640041753579423,2.145872984763159,1.1240946031292702,1.6108878708339103,0.7249510935244133,0.4796320672061678,0.195936241246301,0.6091271921479873,0.24557208228622396,3.424690419643017,0.937407973861346,0.5193409602122627,2.1059214639979746,0.8788010167378881,3.341623009495882,1.1373513027302242,2.917316498835615,0.32128131717594294,0.0896844612459446,1,gated_alive:a_012:183486,45.83573913574219,-37.61137771606445
CellCNN,1,0,1.4091005325317383,7.821967601776123,2020.0,200000.0,976421280.0,a_001;a_005;a_009;a_010;a_011;a_012;a_2b;a_3a;a_4a;a_5b,2.862435057920595,0.7535626519631622,0.6373641395725295,0.8397492420039829,3.2589659479501747,3.5085187445477612,0.9378381815298096,0.09187024073356015,1.177405323600483,3.1697333687333455,0.7423431827278553,0.3245457598180317,0.23129979155306896,1.531577205236782,1.5341556851361722,0.9895536235687531,1.783070062138924,3.868108843606297,2.219907189578946,1.9585124356451729,0.9552162483614053,1.4781142447981988,1.1354239074745571,0.8237924998681223,0.2669335545877474,0.8978363852079158,0.6916554714551888,3.6988623089424455,0.9530012577947627,0.3565319078989698,1.488581822678269,1.066216592585872,2.5555931391422395,0.9606697810023948,3.508012954813041,0.47335390122618337,0.1891580020124424,1,gated_alive:a_002:26483,51.76649856567383,-34.071170806884766
CellCNN,1,1,-1.2407121658325195,17.055856704711914,235.0,200000.0,976421280.0,a_001;a_005;a_009;a_010;a_011;a_012;a_2b;a_3a;a_4a;a_5b,3.0402523376939303,0.7779193632958575,1.2800612633983466,1.0327759959140514,1.5696504174563242,0.7842114475757587,1.2800186823412003,0.9535302207557524,0.93981232813422,2.121286726846023,1.2446293227572707,1.833313674724443,1.7205121475162897,1.8784574422806977,2.486092817640685,2.090439756108111,1.6936889892301592,1.1316542093436472,2.53428846158439,3.4457230269472965,0.9902375179263664,1.2277152225989452,1.3739441502817034,2.398572700357738,2.8471427123399176,2.7598751949795344,3.0345744983709237,2.6934114756419305,2.346556671257032,1.890095942399088,1.754117584834866,1.7458144090314238,4.5297750716830825,1.6061574687943496,1.9882250856261383,1.0128669271945019,0.24198133626140336,2,gated_alive:a_012:90942,74.68387603759766,-13.796236991882324
CellCNN,1,2,0.7404954433441162,6.7455267906188965,2366.0,200000.0,976421280.0,a_001;a_005;a_009;a_010;a_011;a_012;a_2b;a_3a;a_4a;a_5b,3.03027459518587,0.886705258165546,0.6915280714745312,0.893657282476103,3.249197647967926,3.3151686291309757,0.9360234989502528,0.12010217593723628,1.2151442835630626,3.198507154902463,0.8061219661129079,0.3720419466801522,0.29976143116147635,1.5716817785534463,1.5546956439637662,1.2280027978825843,1.8836494011992715,3.784062692752251,2.31437544587666,2.0780853113779845,1.0076127011441955,1.566350364963826,1.347495398990154,0.8844646800427249,0.3035422686333134,1.0276595839649443,0.727995124862935,3.7087912291249703,1.031340842139396,0.42202479880352495,1.4048661420650652,1.3914932085868077,2.711162065930832,0.9902040318893303,3.503532360803548,0.5361924110214036,0.22481706107873717,1,gated_alive:a_002:26483,51.76649856567383,-34.071170806884766
CellCNN,1,3,1.394927978515625,8.478934288024902,2191.0,200000.0,976421280.0,a_001;a_005;a_009;a_010;a_011;a_012;a_2b;a_3a;a_4a;a_5b,2.8272151103891354,0.7541701040117623,0.6226947372450122,0.8309824148392305,3.225240863936245,3.3826298847159415,0.9090419553536628,0.09673601147005269,1.170168960942711,3.155072922374619,0.7326897015902946,0.3224617695286168,0.23812665447671985,1.3930196256819285,1.5313663106194286,1.050137313679715,1.775386180515662,3.8606253570750773,2.213560981640237,1.953087572128745,0.9321804147505984,1.4792268288341988,1.15607422557584,0.8299698343330854,0.27911283183401997,0.9030715971273631,0.6864217864203882,3.6828447383378315,0.9572748662612867,0.3651609672397379,1.436054284257267,1.0965745447904591,2.536032554978501,0.9395891532159452,3.4999910085674037,0.47920276934400785,0.20623576421935969,1,gated_alive:a_002:26483,51.76649856567383,-34.071170806884766
CellCNN,1,4,-1.0420498847961426,13.089471817016602,352.0,200000.0,976421280.0,a_001;a_005;a_009;a_010;a_011;a_012;a_2b;a_3a;a_4a;a_5b,3.4396355691344733,1.1188602599041504,0.9151093004217149,1.5539771113003966,1.4670747575814445,0.6636661509584304,0.7528049448005318,0.5742044214986725,0.45906026139339867,1.7506885024876366,0.7491052496347534,1.0902165930718555,1.0711516098966636,0.9147374556893986,1.5082846038671547,1.2729389387714036,1.119384912837218,0.525232685137036,1.524311252465602,2.3635808077597176,0.5554534030492174,0.7527006297744017,1.1363175760425293,1.5680141595370183,2.4027581063920396,2.966705095689659,3.1343827886580997,2.0475316562978234,1.5369052709598194,1.692899940894594,1.0590940020543216,1.2234739604698048,3.2202482504759575,0.8700203007591137,1.3443156715306528,0.2819162644926068,0.08231068688473897,2,gated_alive:a_3b:82608,-29.940277099609375,3.776097297668457
CellCNN,2,0,-0.5008331537246704,3.3333277702331543,11349.0,200000.0,3387233321.0,a_001;a_006;a_009;a_011;a_012;a_2a;a_2b;a_4a;a_4b;a_5b,1.1896613191242023,0.32065035614112436,3.1057960703741103,0.35608856726930893,0.7385286157715046,0.02494646950742768,-0.0021377599262407095,-0.07128502013568042,-0.04107589350592139,0.1210452076217075,0.03594978267722887,-0.07985280654202083,-0.024079706505616597,-0.023367356044672934,1.5946220208921775,0.022938028437901874,0.009580502995451812,-0.010563584569718525,0.5373101412192444,0.5979289844299918,0.046255998976774494,0.010225398306757243,-0.04134692667757379,-0.05732910470966909,-0.06992013936078084,0.01168764415305866,-0.06574053074659808,-0.027594908178550426,0.001418756223953386,0.8052675294463966,0.04517330795203192,0.7168961215007361,5.72765949242011,1.857764560073825,0.4900991046590709,-0.0053825762500804486,0.045067252573602244,6,gated_alive:a_004:131686,-37.90755844116211,35.35211181640625
CellCNN,2,1,-1.5485179424285889,13.98712158203125,146.0,200000.0,3387233321.0,a_001;a_006;a_009;a_011;a_012;a_2a;a_2b;a_4a;a_4b;a_5b,2.4468422530710137,0.6580890393799987,1.0956773350154023,0.8296000339642601,1.5354386471173638,0.9359307617239322,0.9453989027972232,0.8217525592756343,0.7909866376135702,2.014315579572536,0.8232067744056247,2.519599178402879,2.1158440315813682,2.060306199900455,2.144523790273624,1.9478700019113004,1.343525243894363,1.0051803635927683,1.8743667762012106,2.709849112195103,0.8370472820960495,0.8598938887019495,0.9603585760979849,2.372616292923938,2.911155234499235,2.525396830394341,3.0762556951560005,2.28252118288887,1.9407839901850572,1.5655965508952137,1.2508140904988378,1.2841875933697575,3.6374495553701145,1.1685646244512922,1.426758246639048,0.46881405948597477,0.08508904488623295,2,gated_alive:a_012:90942,74.68387603759766,-13.796236991882324
CellCNN,2,2,1.5919640064239502,10.046615600585938,1502.0,200000.0,3387233321.0,a_001;a_006;a_009;a_011;a_012;a_2a;a_2b;a_4a;a_4b;a_5b,3.712818334756491,0.9358652785319503,0.8385138655904204,1.058227926144065,3.599686956947924,3.887006608110179,1.2306511173578008,0.0878765232656792,1.0086067421850873,2.948741338606713,0.7309930549955085,0.3510507921332265,0.14691845007345233,1.7413761483135815,1.824191074369453,0.7521001079662571,1.7634284574864463,3.79228515830263,2.4236306951718576,2.4380868637430377,1.1169385946920862,1.4596934115125888,1.1126886848027941,0.9167395045392496,0.2521479613910421,0.9507294334697546,0.8597178689067202,3.7720814963353777,1.0707917099285882,0.4032409232547001,1.5507946664758454,1.489305173318849,3.218531293901782,1.1602707112344188,3.5486792606771607,0.5115415453398313,0.17334268287376037,1,gated_alive:a_002:26483,51.76649856567383,-34.071170806884766
CellCNN,3,0,1.0719891786575317,6.498873233795166,1955.0,200000.0,1360487008.0,a_001;a_002;a_003;a_005;a_010;a_012;a_1a;a_2b;a_3a;a_4a,3.348168923463875,0.949045041928147,0.7230184899521773,1.21106055692635,3.5285943270430784,3.983163606190144,1.3533146029210363,0.12785475125868,1.5556798483924512,3.668583017920651,1.071256762805655,0.3688225019412116,0.4632592338239378,0.9034573506997733,1.6328950854614401,1.054098041023216,1.79843335367414,3.362739439687246,2.251770498270072,1.7647002630341557,1.1690648060442772,1.604891362648262,1.2623459803597297,0.7588202613958484,0.227064185078789,0.7922244394147891,0.5089463843585076,3.5034340736091787,1.0201553316488106,0.43407415591451715,1.646999522404316,1.2915493300479963,2.7080839171335893,1.022494728605447,3.4568426765792983,0.47086037536003733,0.22276309017365759,1,gated_alive:a_002:26483,51.76649856567383,-34.071170806884766
CellCNN,3,1,-0.6875157952308655,4.02574348449707,1788.0,200000.0,1360487008.0,a_001;a_002;a_003;a_005;a_010;a_012;a_1a;a_2b;a_3a;a_4a,3.6133385685515567,1.296021870829392,2.1330901696255546,2.009576043761122,1.3144379615258683,0.2050268072757178,0.013778035718279237,-0.05641088125674417,0.07129702105930948,0.4921962940404942,0.16520843785891431,-0.020960525263407723,-0.001219907043253929,0.37857708709147103,3.0059000570465075,0.31137606030549536,0.16130834530231286,0.2703148511508225,2.7620510501091196,4.103345412652111,1.0445043070739113,0.2908210545299075,0.3083498610130785,0.22311973549776118,0.1691166070509205,1.248974254254086,0.2792292785703361,0.47326104783337186,1.624010547577383,1.698018144227892,0.6285181036158968,2.017692668287453,6.210126717118609,2.6683605396317973,0.9956278087998803,1.17267713998774,0.9683490305918533,5,gated_alive:a_4a:176739,22.146780014038086,18.73000144958496
CellCNN,3,2,-0.7279831171035767,7.0770487785339355,304.0,200000.0,1360487008.0,a_001;a_002;a_003;a_005;a_010;a_012;a_1a;a_2b;a_3a;a_4a,4.698308762167519,2.09162283569075,1.1773485521759874,2.5782553747650176,1.5005399073599714,0.19866445469386618,0.12688709669198847,0.1259175868537185,0.06535582272006554,0.3734094175800381,0.2889667766495749,0.3205927269179818,0.36688386697412506,0.6458430267069305,1.3866575788415503,0.43947636552356445,0.4269508820924736,0.3719128498985236,1.601467827582287,2.975708177680836,0.6896000460374604,0.2964406247201743,0.5988615895426177,1.0333197508766476,2.4980208714749956,3.7702148560630646,2.0063298868864017,1.5496693550843414,1.7193554975950207,2.46217196220287,0.8466062008985893,1.451969582327078,3.7437087987981563,1.114153637845639,0.5982327653475391,0.4539489128054763,0.1883880073985079,2,gated_alive:a_3b:82608,-29.940277099609375,3.776097297668457
CellCNN,4,0,-1.4538708925247192,13.462308883666992,95.0,180000.0,876933580.0,a_002;a_006;a_007;a_009;a_1a;a_2b;a_3a;a_4a;a_5a,4.386382641290363,1.8415377386355478,1.3505694538305857,2.3450288412210187,2.002692346696399,0.4830757402925213,1.0109766978231307,1.3822936616568384,0.6809334683673163,1.008935693749778,1.4392030729814187,1.4447997439701699,1.9063303237976996,2.1840646783772266,3.1967175508800305,1.6165154739782386,1.7577696531618896,1.9743803580536654,3.646255989843293,4.557720057587875,2.157831220760157,0.9501907657831907,0.9740595246254663,1.6356377731543035,2.0671527525900224,3.230819799241267,2.362927294924463,2.3766252626704762,3.3369754058750054,2.6444715274399835,2.194805932368495,2.4506728618944944,5.47580550532592,2.466401698754022,1.6295750323266378,1.6535217102016568,1.1701934690795546,2,gated_alive:a_012:90942,74.68387603759766,-13.796236991882324
CellCNN,4,1,-1.6893115043640137,6.225761890411377,1578.0,180000.0,876933580.0,a_002;a_006;a_007;a_009;a_1a;a_2b;a_3a;a_4a;a_5a,1.3940688180472718,0.37915394657088924,0.22250357435661963,0.350550605535348,1.572622844111145,1.5874477689089037,1.0692083973861877,0.09540507399171234,0.426276212992679,2.3998514171690486,0.4346514421084963,1.0781456309866955,0.2288162749317696,0.5818404306788967,0.42749940321454993,1.3748675256034082,1.3392869677217345,0.2465848145460519,1.7986315522007692,0.9696631220664241,0.3303486896780595,1.6344552780414123,1.918435983436723,1.7434137859434207,0.4853888964440685,0.5859946234701743,2.8428449445532182,1.5028618247827839,0.45288057200882464,0.4888513676338929,0.5875275865334512,0.9528583819029279,1.6467605507100433,0.3137719364923717,2.6855528505984694,0.32104723672395813,0.08373794627942448,3,gated_alive:a_003:25045,41.64901351928711,-25.155593872070312
CellCNN,4,2,1.5198402404785156,5.863014221191406,2172.0,180000.0,876933580.0,a_002;a_006;a_007;a_009;a_1a;a_2b;a_3a;a_4a;a_5a,2.2809118441932807,0.6652076396656657,0.6175047470576754,0.8530060762222893,2.3518702147641783,4.154999234088927,1.4689153272739226,0.11467817438195627,1.229890724273852,3.967027320946643,0.974783274311277,0.05516902513984326,0.3634174871939805,0.9353487694661387,1.5071182094769657,0.8438737555331732,1.3474044925440967,2.8864074354432065,2.052668939449262,1.4244302446162254,0.6112197845578817,1.4664196506576412,1.122221338197918,0.19076624327101335,0.08884034851582787,0.603991641740585,0.5249643704470583,3.5182660789268425,0.8868931549482272,0.31427259256315077,2.142747849988427,1.6359876007367378,2.605826708215271,0.9077226879452447,3.5776681276865845,0.41455792224779253,0.08705264341130856,1,gated_alive:a_002:26483,51.76649856567383,-34.071170806884766
CellCNN,4,3,1.377243995666504,5.376983642578125,2275.0,180000.0,876933580.0,a_002;a_006;a_007;a_009;a_1a;a_2b;a_3a;a_4a;a_5a,2.3992454223934394,0.6731323341386403,0.6032412938662878,0.8367512269313491,2.557611860721065,3.9747972500803725,1.3393060981529985,0.10627274623823353,1.2422088761677599,3.849291231403291,0.9034927673555456,0.11353212442998724,0.31994351981162955,0.9218517732582724,1.4923549518148558,0.8540474075144352,1.3776884828762659,3.199072148574444,2.1000170299767484,1.46003327045756,0.6857999575278558,1.4231389162086006,1.0605377389338178,0.29202350449908887,0.10969498480502567,0.6100954583077356,0.5902589779978606,3.5196474678847163,0.839356656928731,0.32059484288030227,2.062316950650837,1.3950619965966837,2.63987233833177,0.9171649342598547,3.57060660693467,0.42990113650842643,0.09159272631324351,1,gated_alive:a_002:26483,51.76649856567383,-34.071170806884766
CellCNN,4,4,1.2530425786972046,6.736312389373779,1085.0,180000.0,876933580.0,a_002;a_006;a_007;a_009;a_1a;a_2b;a_3a;a_4a;a_5a,3.219147287886257,0.8770599461929907,0.7208694188758017,0.9056413872924955,3.3878308518508593,3.468847465813954,1.1379581444382545,0.07689308570151368,1.3582166316648243,3.5238876542377966,0.8788407113109847,0.8543268353175072,0.3187814468067528,1.893628416440293,1.6910319946332908,0.9514183887278378,1.5948092519610473,3.678379813901445,2.3727671964630517,1.9383733331660358,1.0429359131819924,1.3067065479330964,1.19667968630795,1.6070066681266375,0.7189777175352755,0.8461199659297949,0.4806388144087892,3.6970029589114923,0.8816495161635527,0.39515706215782465,1.6953766831149795,1.0727393753044705,2.998659982906079,1.055818124629894,3.465597673741165,0.5210179611790522,0.12971717420100232,1,gated_alive:a_005:69170,72.32720947265625,-30.12445831298828
CellCNN,5,0,0.6842905879020691,2.5207417011260986,1461.0,180000.0,3424658861.0,a_001;a_002;a_004;a_006;a_007;a_010;a_1a;a_3a;a_4a,2.1771543056473104,0.6704357453047178,0.5746782832196974,0.8312680674143619,2.5134881078045685,4.019706707879165,1.3541025645879068,0.12047654151537755,1.376594813231621,3.928696405107406,0.9517084926948564,0.5518146082347147,0.3982161730757163,0.593409078913984,1.1526812361260281,1.024777212451295,1.3878529888081061,3.4154139866416253,1.9051924638517,0.8911511434045534,0.6354590292563951,1.4205056914355616,1.36035135727423,1.0139109111530114,0.4277729572363485,0.5262588992011679,0.6262022953338529,3.2679950979988943,0.6558323345501818,0.33151900139016766,2.0644369927856476,0.8912380606044199,2.2397969861634865,0.8052859955179951,3.5295266484051897,0.3689107825506912,0.0777316368332744,1,gated_alive:a_002:26483,51.76649856567383,-34.071170806884766
CellCNN,5,1,1.058971643447876,6.365942001342773,1454.0,180000.0,3424658861.0,a_001;a_002;a_004;a_006;a_007;a_010;a_1a;a_3a;a_4a,1.8717474276670523,0.6246847795944487,0.5774599446141476,0.8235154846599416,2.167585392473932,4.352464583266028,1.5064603977770334,0.11592326727160125,1.2794168274021476,4.034776121060645,0.9746471451822571,0.22627195510345924,0.4252912956229898,0.39043531469366466,1.2110945587402135,0.7628198118888277,1.2679152762973667,3.2126855239646184,1.8417407248233317,0.8571433945346552,0.5402478777968296,1.4304252087151283,1.1579067719352032,0.5505493039665097,0.21184526212688756,0.4356649130234885,0.644157777859447,3.2795001769943117,0.7091097858391908,0.32059326575574953,2.1610129680204953,1.0460267582487288,2.228996963889778,0.8486217027064893,3.591637968678832,0.3382057171898948,0.07426881143613734,1,gated_alive:a_002:26483,51.76649856567383,-34.071170806884766
CellCNN,5,2,-0.7661307454109192,7.839405059814453,1575.0,180000.0,3424658861.0,a_001;a_002;a_004;a_006;a_007;a_010;a_1a;a_3a;a_4a,5.750641557905409,2.578156607914605,0.11742231520995985,3.4272856657733284,1.3535902985215227,0.09073686965545344,-0.05978781688442391,0.3214761873774484,-0.02661325507861976,0.21613460755503702,-0.05464818187623418,-0.09024208183183209,-0.08066574902387358,-0.05923446314867645,0.09119887649240564,-0.04200427658508517,0.06146611159118904,0.035155362655290415,0.35538323722522897,1.8268360141509523,0.03944865050943687,0.0026505617316099003,0.15213599694733154,-0.07625907562451348,0.000800915375215164,3.29747064335183,0.2578661146534132,-0.00348248571740456,0.014268139024948934,2.4123446046022905,0.04478476001231078,0.04945622114902584,1.1676026495317846,0.006089725923051851,0.05340945021113536,0.0011473781019051945,0.03439219435535571,4,gated_alive:a_2b:31662,-50.22883605957031,-27.788963317871094
CellCNN,6,0,-1.219934344291687,5.557640075683594,1562.0,200000.0,2760325411.0,a_002;a_004;a_006;a_007;a_009;a_010;a_012;a_3b;a_4b;a_5b,1.0122241830498666,0.2705011932917287,0.19555682964891952,0.23795270008117658,1.5133874816186803,1.032078155508047,0.44901166097063927,-0.001313491617742313,0.23342699981387363,2.3705253068970675,0.2480718963476351,1.508639679286162,0.11173330708110983,0.688386866003674,0.3847111643532051,2.0661359995841835,1.6091441738273677,0.1694511377496574,1.6572828279921001,0.9771360034309405,0.28058332969533983,2.0528990935011637,2.0648111754388587,2.321539043925967,0.34336209975355325,0.3354774044882189,1.4755276850392174,2.276867561230254,0.39907312762059965,0.08551644014352462,0.19011543710234627,1.8918756915675945,1.73560549709596,0.33352109635761235,3.064639299251759,0.32189605799038185,0.07037661833879394,2,gated_alive:a_009:197385,66.39232635498047,-23.039487838745117
CellCNN,6,1,-1.1128380298614502,5.759427070617676,2335.0,200000.0,2760325411.0,a_002;a_004;a_006;a_007;a_009;a_010;a_012;a_3b;a_4b;a_5b,1.597587873807528,0.42230235807658184,0.3840605119143862,0.5172408121087232,2.3084612906390474,2.06854042538597,1.3268808063966013,0.06680557137323487,0.9340625293993265,3.9432860907449543,0.7994323716202539,0.5757537439001669,0.24706142109212872,0.39666685251760203,0.7557032142075305,1.94904424038422,1.2848444683626914,0.2962300698746647,1.8614226544692307,1.2611452481988867,0.5291730468573517,1.888670647843707,1.8473951876245933,1.0409404917047549,0.2013041559503038,0.4985975062260973,3.190376395891307,1.5465885063712221,0.3599384996991797,0.16111403291758197,0.8632130948696576,0.8767017130627248,2.028464432163529,0.49744619346551444,3.3609503783134054,0.43073914980884653,0.08561895833620972,3,gated_alive:a_011:136460,41.10719299316406,-27.82394790649414
CellCNN,6,2,1.5652592182159424,8.383149147033691,2108.0,200000.0,2760325411.0,a_002;a_004;a_006;a_007;a_009;a_010;a_012;a_3b;a_4b;a_5b,2.3519934894864205,0.6092203132273933,0.565589868975951,0.787440008365093,2.354370039678325,4.040403696745272,1.3632857030266432,0.11860866123092914,1.3073433020343894,3.5544375090606786,0.8287197772971354,0.0877755258927789,0.29844736551585793,0.8288425870067748,1.42120859303884,0.8596094448133319,1.4062393165117397,3.5025082556371783,2.0914145796935837,1.3177446559783135,0.6234758801762597,1.354153158201688,1.120044421665154,0.24542004566492098,0.0908226976008609,0.6438141389265147,0.6523535950083434,3.334678305076184,0.8539117308165057,0.292401744032569,2.374094414079727,0.7282273501079624,2.322678724681142,0.8396072222391354,3.555525936892758,0.4875706418798512,0.12459289200107665,1,gated_alive:a_002:26483,51.76649856567383,-34.071170806884766
CellCNN,6,3,1.7333722114562988,9.248740196228027,514.0,200000.0,2760325411.0,a_002;a_004;a_006;a_007;a_009;a_010;a_012;a_3b;a_4b;a_5b,3.641437490824936,0.9678190727821793,0.6403780669119838,0.9566496417881262,3.5957365574728306,3.2419333022653127,1.1852981141616195,0.05170701179553298,1.643309838075104,2.5226518239133813,0.6343203455439392,1.645372534109708,0.23870123529843879,1.6320208164145091,1.5135502366622466,0.524473096549231,1.7001059408483534,3.0419576583595056,2.0899928618912815,1.7838402154048223,1.1357121464539526,1.0839995108792833,1.357244305384374,2.7209350288630887,1.1568574096721231,0.9958236853025649,0.9227648242912391,3.203702573672187,0.9205834562029573,0.39619749619936706,2.5681975087602096,0.9123075222594261,2.6434538652558706,0.8623832652215295,2.9682920722812702,0.44899329917522596,0.16113563729776817,1,gated_alive:a_005:69170,72.32720947265625,-30.12445831298828
CellCNN,6,4,-1.3696353435516357,6.645968914031982,1750.0,200000.0,2760325411.0,a_002;a_004;a_006;a_007;a_009;a_010;a_012;a_3b;a_4b;a_5b,1.3133987728018048,0.3731011012436689,0.2956958080033572,0.42930445450029114,2.311223558111449,2.1706037240517824,1.45509743911278,0.06434461845324092,1.0672742011276548,4.005028174998405,0.7181803793446576,0.6115911737611833,0.1958729617044446,0.30723665167330183,0.5952298878911783,2.0636841255215863,1.3196085514019193,0.23696214353745537,1.860631581885025,1.1295291935970808,0.454884459718037,1.9868231261856855,1.904241700960947,1.113237547192394,0.2109159920500923,0.4021882619287353,3.07999133720535,1.4834709147827068,0.26699353712165197,0.09903370078100124,0.9002003706564927,0.7620163909568302,1.7113636963440721,0.35400271446291093,3.422881095677614,0.4191470345738593,0.08132162915308852,3,gated_alive:a_003:3950,41.77519607543945,-27.761356353759766
CellCNN,7,0,0.9900535345077515,9.261360168457031,371.0,180000.0,2904492193.0,a_001;a_003;a_005;a_006;a_2b;a_3a;a_3b;a_4b;a_5b,4.601139224282494,1.600586023588346,1.4325995069407658,1.7582451057327897,3.623168383265602,4.266858962226428,1.7710743367501265,0.24943684754300752,1.6329415125541409,3.74789035483436,1.273988524204587,0.07540167796499575,0.5296447072796288,2.203186502374455,2.4915608974484944,1.1767282023604813,2.305820397972418,2.8654394964110157,2.778075644651031,3.0462094835429943,1.3210026911708384,1.706755798149382,1.4836396888950263,0.10063570249767116,0.11283283637217786,1.331231593438192,0.3645035191734053,3.920347546300075,1.5234544629386735,1.0293500682311145,1.4946068453061523,2.8431999624262483,4.482202284665643,1.928944144419939,3.6988206849034344,0.7569828014011242,0.5294535896631656,1,gated_alive:a_4a:140551,34.6898193359375,-0.23900042474269867
CellCNN,7,1,-0.9280884861946106,11.82023811340332,141.0,180000.0,2904492193.0,a_001;a_003;a_005;a_006;a_2b;a_3a;a_3b;a_4b;a_5b,3.2617392454111407,0.9412066725987598,0.901420105109982,1.0103992405161757,1.3021266561113827,0.34990084526465104,0.6977342668696181,1.0696163336677866,0.9049344693561554,0.9898734770299114,0.9541592700770191,1.9138576893485977,2.2395836055470326,2.2282666333733085,2.967771939129126,1.7810301479110693,1.5326548188694435,1.1045264559599788,2.3626474967616087,3.8590652818745332,1.0198375051477857,0.7618434964976413,0.8207777156065225,2.1908544533281646,3.5374681124767515,3.344732410967984,3.0453783187566072,2.7558689842410122,2.9397806403696114,2.460074144554265,2.133314561310178,1.8552112241782552,4.981726256668145,1.6477266625230405,0.9690919725301986,0.550810713517473,0.1354740578243641,2,gated_alive:a_012:90942,74.68387603759766,-13.796236991882324
CellCNN,7,2,-1.463072657585144,6.1654462814331055,1053.0,180000.0,2904492193.0,a_001;a_003;a_005;a_006;a_2b;a_3a;a_3b;a_4b;a_5b,1.419391262867161,0.42890964647792507,0.2329770913158828,0.36187276647399436,2.435612907171504,1.62080598232138,1.5109024247319764,0.10248107644541078,0.874914901631779,3.721725428099748,0.8077781488440121,1.2938479034905526,0.09582126769883972,0.9409218453377496,0.6209637140417116,1.8880755447986883,1.4694604968480989,0.1676963050197456,2.0259878391120054,1.733320268046585,0.7009395003590588,2.1282401711416097,2.1440841158538446,2.335105826521989,0.8164837426634503,0.6753548124683426,2.740616302809909,1.5791855248892726,0.3438862166539938,0.09533657779504637,1.2508158894937307,0.8367912287550009,1.6782327085161397,0.34408123843814753,3.335831027698207,0.43437674073130955,0.06014705018111299,3,gated_alive:a_012:9223,42.3596305847168,-28.546354293823242
CellCNN,7,3,0.3497503697872162,5.3239665031433105,1431.0,180000.0,2904492193.0,a_001;a_003;a_005;a_006;a_2b;a_3a;a_3b;a_4b;a_5b,4.615518187282699,1.4049704075359124,1.172067458595634,1.5093614878032062,3.461173698078134,3.5271812561654716,1.2595907597445197,0.41878212595216613,1.0193852711790927,3.4999442307674213,1.0977458596227276,0.08214147490983573,0.4086178704243529,1.6274483094789047,2.5987612442160644,1.0255477487472109,2.186517289260293,1.612969708687099,2.4785787474878513,3.3981104267215723,1.3025402715406071,1.4493798165333833,1.2387730050413068,0.26091360072816117,0.10614244213271551,1.238400207254894,0.23737836594317188,3.366418093700316,1.763627464133367,0.9724215586300159,0.7871531806537703,2.8863365563500873,4.764303653988438,1.8691843311087044,3.072361869306013,0.49826427579893284,0.47550219160433943,1,gated_alive:a_012:41650,28.498714447021484,21.990890502929688
CellCNN,7,4,0.9116219878196716,5.609726428985596,1239.0,180000.0,2904492193.0,a_001;a_003;a_005;a_006;a_2b;a_3a;a_3b;a_4b;a_5b,2.684159972174924,0.8016218089361775,0.6914108748352273,0.8700600336992638,2.754762200374815,3.6909522766138774,1.0527098386721014,0.11150120064440312,1.55752545457021,3.4696037514759412,0.8891207466872663,0.03499956032653485,0.23060145511074195,1.3047256139104935,1.502182942579499,1.1472008931985174,1.9387357107353917,3.883819912148743,2.172905584235235,1.6648556559477783,0.6617865897698884,1.4328697309334835,1.0634427271879001,0.1272276440107379,0.10326285148383585,0.7577436388832868,0.32245772258615624,3.713189866156276,0.997297537209331,0.3987504759355887,1.5801915952088819,1.0259648018301997,2.481024828062395,1.0280592104219193,3.6840535767911615,0.583647225083414,0.2240666566295696,1,gated_alive:a_002:26483,51.76649856567383,-34.071170806884766
CellCNN,8,0,-0.9115395545959473,4.983469009399414,1387.0,180000.0,4245398444.0,a_002;a_004;a_005;a_007;a_011;a_012;a_1a;a_3b;a_4b,1.7168738825683396,0.8674109325110075,0.6047259930227652,0.6679207034331073,2.785783794762267,2.9538739379094077,1.5079909332402766,0.12805885460106708,1.8014917395522325,4.593397065135633,1.4396975893926813,-0.005450193830766623,0.43283877538811943,0.07293263202280545,0.8002936819628351,2.3919602761239154,1.2111456024841825,0.23156649403926388,2.023739202182388,2.154239995415381,0.6495938837692943,2.2548079767980207,2.401195365257048,0.22401672214283153,0.19678139609378012,1.1259925872802254,1.6757900939778891,1.7656909014206956,0.33823142309448023,0.5700117959858307,1.2226832525412314,1.3182965252779189,1.8952531851390386,0.4496381416399903,3.775531488843669,1.1989355603135072,0.2199713313600744,3,gated_alive:a_011:21756,48.50841522216797,-23.757545471191406
CellCNN,8,1,0.09071186184883118,1.2308599948883057,3687.0,180000.0,4245398444.0,a_002;a_004;a_005;a_007;a_011;a_012;a_1a;a_3b;a_4b,4.848416355310464,0.7737960906398004,0.2859150445766237,2.6628977078674168,1.7116447755594357,0.12693301899843498,-0.07880638057611798,-0.07442854080475454,-0.08310725905509687,0.42272266185022966,0.03300319075989229,-0.09847532049711095,-0.10059141537455758,-0.03730709773372085,0.2930821254286144,-0.07842433043122923,0.06675577440857584,0.04762564466470005,0.4457537231354212,1.2312067269873657,0.862779937395719,-0.07477444735824135,0.8089054766695457,-0.06905522290956456,-0.09326863372295674,1.2779171567872112,-0.05556696408638875,0.08145077907028549,0.24323401313302506,0.7622632741341615,0.023099375237322535,0.1268718621314853,1.6618198494994225,-0.03046365456835183,0.08949654240593855,0.052482202141600216,0.14730969980737524,4,gated_alive:a_5a:88722,-30.381498336791992,-25.85715675354004
CellCNN,8,2,-0.7839014530181885,4.924800395965576,962.0,180000.0,4245398444.0,a_002;a_004;a_005;a_007;a_011;a_012;a_1a;a_3b;a_4b,1.9116012900842345,1.0322829851894708,0.6506663660189123,0.838221679997871,2.967700489167426,2.8382816646763955,1.6903152225501332,0.1429995657580862,1.7987056503427195,4.589456062357323,1.40555595166724,-0.002769308418875101,0.3383195269808896,0.14881715209872168,0.7855297401764652,2.539122341606832,1.3991538951282005,0.2939721395518831,2.2588552552974335,2.3779400522199126,0.7146756921637331,2.392558331147762,2.4245253503705007,0.18425005644698664,0.3959521384629118,1.2142705390614161,1.973360490742582,1.5834816847855866,0.3967266013124438,0.6872690645843529,1.1585860277894326,1.132838525881351,1.9867294483377986,0.4631450416305075,3.797975445731607,0.9606328320027493,0.12442622118493496,3,gated_alive:a_006:87021,42.78447723388672,-27.98780632019043
CellCNN,8,3,1.0116031169891357,7.539319038391113,1757.0,180000.0,4245398444.0,a_002;a_004;a_005;a_007;a_011;a_012;a_1a;a_3b;a_4b,1.8994484441177133,0.4421935924183593,0.43362111225180905,0.7812219214704867,2.167155222803974,3.8582935744443856,1.2959720947619768,0.2024477523077303,1.5000830663144287,3.843096460213362,0.8570347848163362,-0.008500794379148467,0.29119904353995973,0.6528142913604843,1.372017678330868,0.8088550192137184,1.5334471427723813,3.201963581660032,1.891801295915696,1.0643561285844476,0.5653570337695264,1.2575052892175365,0.9514231523782312,0.03194785915818812,-0.0010649560399164802,0.4002780373251359,0.5677416958529041,3.2433865372519293,0.8862201865098169,0.15203714713771754,2.237046046146933,0.7475500469646178,2.0042566201891714,0.764209939956964,3.478444254290849,0.33557898520212776,0.15742299693363482,1,gated_alive:a_002:26483,51.76649856567383,-34.071170806884766
CellCNN,9,0,-0.736107587814331,6.314587593078613,3373.0,200000.0,1679823027.0,a_001;a_004;a_005;a_006;a_009;a_012;a_1a;a_2a;a_4a;a_5a,4.429766503008889,1.5050745850837415,1.020240361754092,2.3099038365774587,1.7157362865806427,0.16023214451008302,0.12994960734638275,0.040704738192698146,0.0623121427077,0.3935529600734452,0.14116809473585618,-0.04176560839887744,0.2151469230188088,0.5645762287139584,3.134957887123205,0.3738006399566271,0.25444308468212623,0.4259899295767586,3.169807722975091,4.876624264854583,1.867924921508121,0.30778157218507335,0.19306859668620793,0.026338433697526427,0.13474745130991905,1.6375058873919701,0.07736075463653046,0.2615886897850569,1.747752721852926,1.3490186649769556,0.45952228020936003,1.3496189494355861,5.750005066611277,2.3895413541914814,1.0660730840828037,1.5211030979248843,0.5133984783494292,5,gated_alive:a_2a:90232,34.57478332519531,45.90665817260742
CellCNN,9,1,-0.7209049463272095,10.161567687988281,420.0,200000.0,1679823027.0,a_001;a_004;a_005;a_006;a_009;a_012;a_1a;a_2a;a_4a;a_5a,2.2021634826852408,0.798200067120654,0.352390314453251,0.9448375466540927,1.804599523685673,1.4830192424528787,1.158472597010855,0.20204016572623956,0.4165224521304481,2.77985909590359,0.48288778665259346,2.3358391104509963,0.2979178980561084,1.1654360721450454,0.7199334075878141,1.4307582691029113,1.1876764692192192,0.13483336058251597,1.5482063734061307,1.2565058474168402,0.4111890969260241,1.572140160242201,2.02461161243818,3.1066807023726315,1.2108624983889362,1.0945747712967984,2.8622263346133487,1.283668012065824,0.48857766643583694,0.7001254981825782,0.43698675044108226,0.6978656223201272,2.0588818429403806,0.44526132477996205,2.62986792547717,0.28748600295941634,0.07708544166459996,2,gated_alive:a_003:55151,72.77595520019531,-20.16276741027832
CellCNN,9,2,1.658632516860962,6.97072172164917,1633.0,200000.0,1679823027.0,a_001;a_004;a_005;a_006;a_009;a_012;a_1a;a_2a;a_4a;a_5a,2.9838152375713114,0.7468504559318585,0.6205761364065767,0.9142484310178458,3.5008573963009426,3.419557221338426,1.0728247671544515,0.1583425259397574,1.1693054326826053,3.6405051387392358,1.030063554861304,0.31436217606129285,0.3833406350470824,1.3505321740514475,1.8653389195606487,0.8512764336163712,1.839514500948246,3.6654237815260484,2.451607360924889,2.230786637259494,1.0488391806502075,1.3017277576080486,1.1263665119747401,0.8821063549445306,0.3153239954704208,0.792245570444747,0.5676012406496252,3.7923266345273476,1.1873048230103431,0.36632852053517617,1.7247029801261975,1.4209944809761597,2.8494097429564134,1.1179358264229626,3.6088942330885527,0.5224697789865524,0.1858094472714022,1,gated_alive:a_002:26483,51.76649856567383,-34.071170806884766
CellCNN,10,0,0.32002490758895874,2.8799662590026855,1579.0,180000.0,3605303606.0,a_004;a_006;a_012;a_1a;a_3a;a_3b;a_4a;a_5a;a_5b,3.457603940428405,0.5794927763432599,0.7499345349195433,0.6200599826222785,3.7058291494272155,3.2986045655526777,0.973476065752863,0.05069638756938637,1.1382586255471931,2.7556903644800665,0.612120283598082,0.13921732268144404,0.12947416565907918,1.6131126363642654,2.035949787411864,0.7555031670889697,1.800967574752848,3.7876204985845363,2.4752201510828042,2.4177979436771446,1.1621584923991286,1.0693436509819116,0.9442087171523174,0.4035452165964701,0.07363320286614915,0.6283358315038449,0.39227187054550583,3.709317487534171,1.136794081052777,0.2875564802205298,1.8915480031867298,0.9287938744348693,3.243614663119871,1.1347571083652717,3.409487092541988,0.5503128063190771,0.11712865268618898,1,gated_alive:a_002:26483,51.76649856567383,-34.071170806884766
CellCNN,10,1,0.10163873434066772,2.8904902935028076,627.0,180000.0,3605303606.0,a_004;a_006;a_012;a_1a;a_3a;a_3b;a_4a;a_5a;a_5b,4.297847419909157,0.9019255443879788,0.8411846589173585,1.0033241986916095,3.6170728903366296,4.025992473984728,1.4957230649733946,0.030126565972042673,0.7660896634640587,2.8161264593715587,0.6045366889237169,1.8649639811552083,0.21728080587858553,2.2200588652818793,2.093561105468003,0.8907073849282618,1.9041754769319534,2.746753186735817,2.5849030351762377,2.373022921147208,1.13692469924519,1.1701757245826307,1.392481425461885,3.412892611703072,1.1658548365275232,1.009035787254199,0.21658404694750913,3.473386980876584,0.9387657195912671,0.2894456817640773,1.0188778539166297,1.7921951372867613,3.3399487599267057,0.9600851620796318,3.1380476600476026,0.5647010420899514,0.19568990793861182,1,gated_alive:a_005:69170,72.32720947265625,-30.12445831298828
CellCNN,10,2,-0.44383955001831055,5.728260040283203,138.0,180000.0,3605303606.0,a_004;a_006;a_012;a_1a;a_3a;a_3b;a_4a;a_5a;a_5b,3.4757203325372785,1.0205012979357084,1.106435330538248,1.4262639972097848,1.389497106349892,0.17805974882144981,0.3538246563474641,1.2924892058380055,0.40373874112349545,0.8369552750904721,0.6967986281387561,1.7261867651486418,2.433727171865926,1.8718605823308716,2.79097123508868,1.61018752838161,1.3031133149296679,1.0058789624937177,2.163611298683437,4.18436912673971,1.0357029182411244,0.5332165562810943,0.6994703516019913,1.768882556587282,3.045554493277239,3.1308235202079127,3.1310144443017687,2.862250840075422,2.924274513028913,2.36161687943504,1.9695439746373913,2.2933330610461966,5.371140266674153,1.837776322575772,1.0271897698023722,0.5341550434308558,0.3384815601368799,2,gated_alive:a_012:90942,74.68387603759766,-13.796236991882324
CellCNN,10,3,-0.2959657907485962,4.418461799621582,1727.0,180000.0,3605303606.0,a_004;a_006;a_012;a_1a;a_3a;a_3b;a_4a;a_5a;a_5b,1.2791637506518618,0.5197642009204322,0.22641868299889092,0.47594474834341216,2.623635312910044,2.029656717917743,0.9997555283603008,0.2960125483667231,1.7991593082074926,4.172255287119515,0.9699885888679513,0.26533850703096434,0.19733529533663202,0.17735792704236863,0.4700131865488204,2.176632490259494,1.3595080939572004,0.15868956465355577,1.851226760487646,1.5603033139373212,0.5575463201075584,2.2617487942280086,2.235388145845283,0.4500309087447086,0.3431174959210766,0.7042862486169094,1.2810191893517002,2.1534469734240873,0.3904872507717192,0.3121534696679436,2.1175554863942025,1.5403024709421036,1.4763952292861704,0.2936820378329811,3.5769512392545457,0.32232958628778785,0.01132079705002906,3,gated_alive:a_011:33308,51.137081146240234,-24.63969612121582
CellCNN,10,4,0.4464738070964813,4.4709153175354,725.0,180000.0,3605303606.0,a_004;a_006;a_012;a_1a;a_3a;a_3b;a_4a;a_5a;a_5b,4.68708735685924,0.7819824027734937,1.0284416520552195,0.7932427413528785,3.6174667622630707,4.051132534134106,1.2940893682003711,0.05528785768358422,1.0022861486104928,2.8214098121461877,0.6136321796842145,1.8925706431583715,0.10973645793996623,2.278647847133016,2.056137556529379,0.6750150549185968,1.966520167634148,2.434594871342134,2.6111347324362604,2.5481486776843667,1.2180587126772273,1.5465510895340864,1.3878035283285235,3.398633523504089,1.2268838774624324,0.8370791940770016,0.29073948679556105,3.5105701779226113,1.0649998492925379,0.31579182324535615,1.1451665415390042,2.1238508628815382,3.6160708935096344,1.2346509537518282,3.1072539742624965,0.48764877516258476,0.10097305497026135,1,gated_alive:a_005:69170,72.32720947265625,-30.12445831298828
CellCNN,11,0,0.9597561359405518,7.030074596405029,1386.0,200000.0,1429445434.0,a_001;a_004;a_005;a_009;a_2a;a_3a;a_3b;a_4b;a_5a;a_5b,3.7256850413729476,0.839932955372279,0.7306719707398028,0.9625286213840507,2.8112800548990053,4.131797044658199,1.4803532165733722,0.2518595579056093,1.2841239063610606,3.508338345552012,1.0379147222467606,0.12620996507218674,0.2903985995118534,2.350652190491263,1.7203118007537381,0.8679159820789718,2.010528765214623,2.69415229093443,2.3417348023031974,1.9187680737439743,0.5863646370463589,1.6710949971902809,1.2843365456527525,0.3188763823225227,0.09069571569204145,0.9288929928896751,0.16173233842504248,3.7018435604085482,1.1092585758823277,0.4583311740604322,1.9477998044104605,2.079214948745035,2.784943674295915,1.0255919890342473,3.5996089843672117,0.5423612608859595,0.2950414713198227,1,gated_alive:a_003:94979,51.761375427246094,-34.02936935424805
CellCNN,11,1,-0.5498948097229004,10.450403213500977,117.0,200000.0,1429445434.0,a_001;a_004;a_005;a_009;a_2a;a_3a;a_3b;a_4b;a_5a;a_5b,3.8317451687195363,1.1497598658096937,0.7073405953880367,1.248399569430094,1.7291211703629035,0.5625068600703444,0.7309168031693906,1.0164578851933281,0.8808653918353634,1.0531703675559794,1.3239025321399045,2.59522466470575,2.674736391685298,2.472650018528613,3.058033618956613,2.0775469144623187,1.8919045704886572,1.5090556519631393,2.574836063875347,4.215749126198327,1.4016973823866146,0.8056526375838962,0.8871909896445134,2.029926289476924,3.2246540357064233,3.3698297440368905,3.1402777083313618,2.7964513149653745,2.7581297399110007,2.484576068372808,1.8965501684822843,1.881039926260869,4.969312162162402,1.7397465692588294,1.0024359359079573,0.640103779025734,0.15056298155850995,2,gated_alive:a_012:90942,74.68387603759766,-13.796236991882324
CellCNN,11,2,0.7976464033126831,5.353536128997803,1575.0,200000.0,1429445434.0,a_001;a_004;a_005;a_009;a_2a;a_3a;a_3b;a_4b;a_5a;a_5b,2.4247169339894836,0.6352098820877949,0.5318576841841688,0.6131675634967414,2.66359468338623,3.447305333523453,0.9381817041507863,0.1136481182124904,1.407099277224754,3.4604960598003225,0.895621597463716,0.012268333842128788,0.18796838834783847,1.5574874622524728,1.574566128855305,1.0175518164716455,1.851379820475399,3.856596480751085,2.2406703567936543,1.585556984345728,0.6051939823447416,1.4149662752727246,1.0610772043644148,0.09617231945742831,0.05641254429409783,0.6378666808733916,0.4473193767518156,3.7126261441196715,0.9542711254978545,0.31068354561233835,2.0286002858420686,0.9036998133500576,2.3489180798897342,0.9079576407216438,3.7111817398175804,0.48515107015210635,0.1811580610522293,1,gated_alive:a_002:26483,51.76649856567383,-34.071170806884766
CellCNN,11,3,-1.0761635303497314,4.998868465423584,1089.0,200000.0,1429445434.0,a_001;a_004;a_005;a_009;a_2a;a_3a;a_3b;a_4b;a_5a;a_5b,1.8575486495967526,0.7241143101687072,0.3002550165547959,0.5040285257562922,2.8012559796848975,1.329298577395728,1.1570121990559543,0.06099335386726643,1.9598963299864105,3.938214031275391,0.8263860844380535,0.3729159824121719,0.1605706534306897,0.23848011907937605,0.9090314824649576,2.50196740674584,1.6382049479422607,0.24749685606598099,2.233084746666383,2.0309351276192826,0.7984040298988133,2.248552001292644,2.2708393220637504,0.9512698193225254,0.22793100237820932,0.820324616011984,2.0369572211616043,1.4584287621565513,0.4549359941723959,0.18306664463530398,1.8890396309518789,0.6744107714036388,2.0350415735432614,0.4313056291204228,3.6504226625376166,0.8061254396959814,0.1500131394327135,3,gated_alive:a_009:197243,42.700233459472656,-26.8309383392334
CellCNN,11,4,-0.5187228322029114,3.893357753753662,834.0,200000.0,1429445434.0,a_001;a_004;a_005;a_009;a_2a;a_3a;a_3b;a_4b;a_5a;a_5b,1.5169803901326064,0.5422496473759162,0.30503656272647306,0.4017508510521375,2.812648001931802,1.5389907125660556,1.7419980856019341,0.030042627602191674,1.6316214408471452,4.0279822642605065,0.6937782552646694,0.04559220256819124,0.1807292925072256,0.19150073443784782,0.7795865252452083,2.3903529992175225,1.503948105511432,0.27489912342916667,2.2186147050822616,2.0113844591991614,0.741679171744312,2.2414243252930057,2.165390514876002,0.5010084994534062,0.16858802499408426,0.5886542928702495,2.6585773093451697,1.4051219531021146,0.32682034001187077,0.06953073973864193,1.7122258113345141,0.7015919763233616,1.9151626424228816,0.352472689936064,3.6004952877230623,0.4608446088665873,0.0738016507260019,3,gated_alive:a_001:74406,45.563961029052734,-28.51959228515625
CellCNN,12,0,-1.0943931341171265,3.4178168773651123,20316.0,200000.0,2437428656.0,a_002;a_007;a_009;a_010;a_011;a_012;a_2a;a_3b;a_4b;a_5a,4.791861052141987,1.2297596623802807,0.14118822704592726,2.336840162291519,1.2630082041946578,0.1340660446499523,-0.040996040527644925,-0.07503315612586278,-0.06174908110498603,0.1079189445055142,-0.06464906804544156,-0.09416817127638216,-0.06278833767779479,-0.0540688953233938,0.12543944633981913,-0.053841519258586795,0.13487436328356284,0.010999683775344032,0.14319188200640307,1.042636547469494,0.15954398256053975,-0.0002471582872652653,0.04234985445683126,-0.06400995648723548,-0.07982987470839212,1.600028515987486,-0.02145076180201348,-0.019392585198654697,-0.0007154762317857302,1.4017727166273413,-0.033790326573019454,0.033113331477430834,1.20250520664794,0.013669849952849825,0.00443224070962887,-0.04275510315589842,-0.02098059667245962,4,gated_alive:a_006:15120,-41.88876724243164,-27.505176544189453
CellCNN,12,1,-0.9606925845146179,5.44406795501709,8273.0,200000.0,2437428656.0,a_002;a_007;a_009;a_010;a_011;a_012;a_2a;a_3b;a_4b;a_5a,4.183546968508102,1.536185645869892,0.2232241148832456,0.5328542320077619,4.057282623159409,0.5194105951997567,0.02410869181014359,-0.06433328031141568,0.0053814888183135665,0.12760081743435933,-0.02945388757945761,-0.07486732650604887,-0.05228626806826127,-0.03821411187523447,0.17800457625206245,-0.015777165951980764,1.2867839974436222,0.1277846351967481,0.20595845496202533,1.0185182641101977,1.2118703464822749,0.05619548703652062,0.08430783224483028,-0.059104294311098385,-0.027433398276061435,2.118163553024428,0.14401324748174196,0.04169972096486215,-0.0027951513858612783,1.5079249515005748,0.007673677059958362,0.1207659056952641,1.4010898043135422,0.06995933328963838,0.030391477349941444,-0.04550677480247178,-0.07909398706097018,10,gated_alive:a_001:12453,-19.153114318847656,-47.773780822753906
CellCNN,12,2,-0.9111066460609436,7.2970147132873535,280.0,200000.0,2437428656.0,a_002;a_007;a_009;a_010;a_011;a_012;a_2a;a_3b;a_4b;a_5a,3.915771806878703,1.4324510668433503,0.5246188202956026,0.6968712204429072,3.480779426878767,0.4648826478261201,0.03760597483945146,-0.05063044192814102,-0.01941528881559082,0.2101753154231119,0.02469542040260941,-0.059616838146342034,-0.02377476493597247,-0.01970270134873512,0.4017012457949542,0.009948439270322395,0.6823983620519617,0.13154188986580787,0.4106100037394624,1.2964437781596123,0.9719252604818653,0.20095895786861157,0.14773760976479805,0.011429334507556631,1.967246246076476,2.648183629542057,0.2867004160552564,0.24855284103957404,0.11735273633551385,0.834929786266626,-0.003109009469699231,0.21483620702918935,1.6915338106902449,0.1728786422039905,0.13958944199839607,-0.0537246508132999,-0.06161870385112707,11,gated_alive:a_4a:301671,-28.38164520263672,1.1203457117080688
CellCNN,12,3,-0.697555661201477,5.344526290893555,2854.0,200000.0,2437428656.0,a_002;a_007;a_009;a_010;a_011;a_012;a_2a;a_3b;a_4b;a_5a,5.139117980152681,1.964697490424304,1.4373700687483086,2.5492162297715737,3.4500937952464885,0.4891313964287943,0.1012825576404257,-0.04989829488742362,0.03484364226729035,0.5863475189954712,0.044040615936995584,-0.03504338903891554,0.16429195415866912,0.3201926296557319,3.113796182759315,0.33861292921735886,0.9593055681267765,0.26042462559063545,2.50828347938253,4.261319401303271,2.1195959192732015,0.2148706091405029,0.2178360213918128,0.0677263941414928,0.007096117160971128,2.7484883431853224,0.21907374109758174,0.4181219919369176,1.1199156208282988,1.8188237344690046,0.3606717162366838,1.2375791987447506,5.694646355340332,2.2986043564921093,1.0011721655108348,0.23299222627269653,0.17907797502698214,5,gated_alive:a_009:144117,14.953741073608398,21.147109985351562
CellCNN,12,4,1.6883163452148438,15.20864200592041,910.0,200000.0,2437428656.0,a_002;a_007;a_009;a_010;a_011;a_012;a_2a;a_3b;a_4b;a_5a,3.391104211266713,1.0653045775967902,0.6088694392415633,1.0329931305230156,3.134906432540207,3.3286297603249344,1.2152627682961283,0.03350910317417551,1.3392998270858028,2.8460382469009304,0.7353638509699082,1.3534917016507568,0.18441973988294275,2.1904323937887566,1.2744973794162493,0.8468582966363001,1.5012384570940591,2.9401818275153584,2.1436511946879175,1.7472063091870111,0.9201677623822544,1.3544027260363942,1.3901591436956,2.4405025679123034,0.8602127026698576,0.9459216538128753,0.9525188362400833,3.195907853762005,0.7614815748722041,0.30499717994125103,1.9850657534857208,1.0472571661426548,2.422857352092371,0.8973544908443928,2.9618009110385612,0.41382301104792163,0.1516298392751436,1,gated_alive:a_005:69170,72.32720947265625,-30.12445831298828
CellCNN,13,0,-1.6310734748840332,8.114545822143555,1247.0,200000.0,2569737028.0,a_001;a_003;a_005;a_007;a_010;a_011;a_012;a_2a;a_2b;a_4a,1.8296246178725561,0.40700466736598173,0.9267290515184308,0.6959111255390734,2.0033137659496307,1.0857860068321266,0.5429139784047369,0.035562363372292814,0.6288873867020955,3.6967522597793954,1.1885607966885445,0.1805961221688133,0.24285041131959315,1.5702382762834588,1.630412370351415,1.8258944134224757,1.225452586190656,0.24323865201430955,1.924026976539675,2.3709993721951252,0.6498938719018109,1.6753893352009153,1.9730145218660764,0.5493175471582229,0.2444006421029862,0.8429300606341038,3.032255979818714,1.6909196446154708,0.9810435007353938,0.3292228714655842,0.7990932806467392,1.0928045276780416,3.182300933202898,1.0961533546503277,3.2720844928243733,0.698549152352336,0.18871052074974434,3,gated_alive:a_003:26299,55.63618850708008,2.9769082069396973
CellCNN,13,1,1.3791368007659912,6.849374771118164,1657.0,200000.0,2569737028.0,a_001;a_003;a_005;a_007;a_010;a_011;a_012;a_2a;a_2b;a_4a,2.8363323824775657,0.7746724235661209,0.6380494434830022,1.0170446553174237,3.3896217006202463,3.555294623464828,1.100476476595351,0.13171963910222792,1.478700886006854,3.444481436520091,0.7976211817629598,0.6794287481517944,0.3136480004813954,0.908585830986198,1.603821794391953,0.890952822659681,1.5749601008797047,3.3105304701875964,2.000576492237194,2.0210787371091414,1.0247458742332758,1.3964425103607339,1.2116179830953506,1.3405255421736308,0.4667875435696542,0.8078829988267425,0.7031386474533969,3.5443392797138857,0.9790316815584995,0.44763259374449527,1.656684971812774,1.4033092664399869,2.60632959458852,0.984801350899427,3.2995856417358196,0.40727812448944634,0.17264413630404224,1,gated_alive:a_002:26483,51.76649856567383,-34.071170806884766
CellCNN,13,2,1.435288429260254,6.984531402587891,1658.0,200000.0,2569737028.0,a_001;a_003;a_005;a_007;a_010;a_011;a_012;a_2a;a_2b;a_4a,2.9601353074916994,0.7959407773428567,0.6326638882881731,1.019153935446375,3.4673912330947374,3.55615596581979,1.054261956520231,0.09839016301398826,1.2871948685863004,3.2435649631045935,0.7227229728066693,0.33391325439178393,0.26131925977169973,0.9692923936491589,1.6126638786020986,0.8103737968705924,1.6327089382410251,3.5892890400817197,2.0466630755184787,2.001824740946387,1.0622194526837554,1.298554023141257,1.1109252334966278,0.8144648105212356,0.2711593532753834,0.8350025635178676,0.730171882997378,3.6829369658440245,1.044166591651969,0.41778548497954016,1.3602342877612632,1.4727690371820104,2.551235943302809,0.9773542617155547,3.3807241299194684,0.419136111659295,0.1816984989760008,1,gated_alive:a_002:26483,51.76649856567383,-34.071170806884766
CellCNN,13,3,-1.6227446794509888,9.624505996704102,1021.0,200000.0,2569737028.0,a_001;a_003;a_005;a_007;a_010;a_011;a_012;a_2a;a_2b;a_4a,2.4734858524664984,0.717204807079371,0.9635807399179284,1.0915487774645891,2.2838916616402813,1.043022005869381,0.8001958163023901,0.4357616618344568,0.9434970301251512,3.4611284635078476,1.164169992753576,0.5989978346179374,0.7349698626686199,2.1792532018461457,2.06946639944724,2.1959454844878845,1.62617467529944,0.7913982605132155,2.5108106394916825,3.237106496950951,1.250799798303215,1.7760000797551585,2.0601676519240466,1.085176259207247,0.7390664997782088,1.6524389063662153,2.6747482475784974,2.15454503301032,1.7368028396567459,0.6861079026717236,1.399464001379086,1.4739614264929761,3.688940055816353,1.3836750896928862,3.2993529313193757,1.3029221728943854,0.351634201114731,3,gated_alive:a_003:44045,56.88218307495117,5.186797618865967
CellCNN,13,4,1.3542728424072266,6.646140098571777,1713.0,200000.0,2569737028.0,a_001;a_003;a_005;a_007;a_010;a_011;a_012;a_2a;a_2b;a_4a,2.944907538546424,0.9028077431994896,0.7175684121660585,1.091014038432237,3.323863657343626,3.842192700886403,1.295302491211473,0.19435265387092643,1.2874111995001483,3.519412625165417,0.8561456762856533,0.2052777210411651,0.34961308351663795,0.903621317001441,1.639652335532771,0.9106785632486502,1.6331630279031413,3.2845310841744655,2.0277239401340115,2.010067326267802,1.0147868012221095,1.5495390531139102,1.1346818017514404,0.5780073283388352,0.2089772343104274,0.8516102930601855,0.6916272408953124,3.710260895102068,1.067957220583208,0.5204726751218814,1.2787361509825768,1.8921148019052056,2.7051499153828575,1.0182359592945558,3.416337130911772,0.42907159131371525,0.21186734579869465,1,gated_alive:a_002:26483,51.76649856567383,-34.071170806884766
CellCNN,14,0,0.7885576486587524,4.097164630889893,686.0,180000.0,915442770.0,a_001;a_003;a_006;a_007;a_009;a_011;a_1a;a_4b;a_5b,3.8226137958662503,0.976210485660602,0.673495843044818,0.7105000979274613,3.4264361654308493,2.8743497662237063,0.7299784966929457,0.039747929463716074,1.2165200336452626,1.4759989667375153,0.25908585212467666,0.5350569820085573,0.07200426619265564,2.418890830770857,1.3227952958610123,0.5706914078041031,1.893323898683343,3.4641328870071746,2.2251698062850203,1.5544261720700803,0.9945699340235693,0.9924344058561277,0.9507121485006932,0.9384525202933574,0.42108124007485587,0.8138330769168522,0.22882065885404496,3.237751185902837,0.6975894494096914,0.2860103831380407,1.6537188117033612,0.47673131507516203,2.5206749269875575,0.8358568358353853,2.695341643611914,0.3740581225967999,0.08019778428092848,1,gated_alive:a_2a:228798,48.1062126159668,-40.21966552734375
CellCNN,14,1,0.02305065095424652,0.9235573410987854,10295.0,180000.0,915442770.0,a_001;a_003;a_006;a_007;a_009;a_011;a_1a;a_4b;a_5b,4.976715059761517,1.7601781137641217,0.7821473693271379,2.306468053604693,0.9873157903517384,0.2733348096556241,0.050802760841261035,-0.06162964579163251,-0.006104331034483714,-0.006983778041340089,0.05835309780572924,-0.09070625358030895,-0.07125388206241491,0.051346493163518095,0.2798618881944574,-0.05854417353967779,0.043205307846994175,0.2305831012655767,0.18990460301625106,1.333361863995729,0.1719634271470885,-0.07157976055627535,0.13745998606838808,-0.06161033729144406,-0.0823097627278901,0.9380617572544421,0.007147128791289431,0.08110159167328601,-0.0025881746410227383,1.7735643316917644,0.01568275584654668,0.23125694433379873,2.5280694830851735,0.5999970083740003,0.3222073365357143,0.009126756510856752,-0.05503136427333537,4,gated_alive:a_006:15120,-41.88876724243164,-27.505176544189453
CellCNN,14,2,0.34506848454475403,3.7132370471954346,1035.0,180000.0,915442770.0,a_001;a_003;a_006;a_007;a_009;a_011;a_1a;a_4b;a_5b,2.7061194767776393,0.808826181203015,0.6601774048316489,0.656090193206685,2.6858846364384807,3.518219265668509,1.1815290698285579,0.10235518352869517,1.1795874893748548,2.8324266599251096,0.6546102170303243,0.1357618532309773,0.20064783076034995,1.5746757979151582,1.4271689575171416,1.0996687593625505,1.8011984262498464,3.803604208731997,2.2314649428668374,1.6985514193438083,0.6935209932753924,1.547531927475292,1.1418112423405467,0.43215208014404144,0.23376964592599958,0.7300452216261781,0.5844716697847661,3.61904203708909,0.8724526822256545,0.27340273249125024,1.4561766498602347,1.1455681817047407,2.5012797249373104,1.0039511102767986,3.5954755036484287,0.5238844411379595,0.13799106753307533,1,gated_alive:a_002:26483,51.76649856567383,-34.071170806884766
CellCNN,14,3,-0.7311265468597412,8.474926948547363,780.0,180000.0,915442770.0,a_001;a_003;a_006;a_007;a_009;a_011;a_1a;a_4b;a_5b,1.2325897039238136,0.3684082209355741,0.26721133257028085,0.48228974560759247,2.592673008840304,1.8560694740118029,0.9779725784268708,0.08251354946069814,0.8843517259194273,4.390212189062283,1.1521534877827482,2.3687963215330354,0.23824815204731212,0.7929286689077111,0.6790289221594904,2.166309685852283,1.5153226918911036,0.27667972062171875,1.7741099217166312,1.734955123134811,0.5189931029840059,2.1822529196249656,2.2717961098312234,3.6447609638377356,0.9270122828051591,0.39942053205397826,2.1598512683923428,1.9460365592119977,0.32725262516163267,0.34730281641470634,0.7118969034841053,1.1970362973032305,1.8818640148336552,0.3882853990141974,3.5918819778670485,0.38717680165479973,0.19513424688648695,2,gated_alive:a_003:15124,70.17417907714844,-20.947250366210938
CellCNN,14,4,0.49614840745925903,3.5731570720672607,999.0,180000.0,915442770.0,a_001;a_003;a_006;a_007;a_009;a_011;a_1a;a_4b;a_5b,2.761434905486575,0.7982538639916601,0.6612451260828186,0.7026088844045639,2.7153970107199736,3.694409590952953,1.2416114191186975,0.09883126360190189,1.2365632622494704,2.786182724597882,0.6756212797362121,0.23317355566466466,0.1485673837130569,1.8290599119387805,1.4182280936798193,0.9429938971180992,1.8189594743847222,3.7451694966242597,2.2567546768272453,1.6943993862670332,0.7209470471213651,1.518499929919136,1.1028839535246306,0.5844472507889151,0.29185127136582006,0.7010967668468222,0.5866343379278399,3.5406847973769016,0.8475675650344284,0.274133541924775,1.7316442990807657,1.1295601062073082,2.566900225044848,1.0035168473878913,3.5271496043733515,0.5363771571405791,0.14499413732146085,1,gated_alive:a_002:26483,51.76649856567383,-34.071170806884766
CellCNN,15,0,-1.460798740386963,12.002785682678223,1213.0,180000.0,802017519.0,a_001;a_004;a_006;a_007;a_010;a_2b;a_3b;a_4a;a_5a,1.5476441147641185,0.44111761103114705,0.34029945074406176,0.504311463240962,1.9419813071890561,1.342009588524317,1.3721696334897355,0.23476199094005126,0.9273315053494122,3.767049996807923,1.0227624054373663,0.7341704354451207,0.42169375098618483,1.1106302834788502,0.8139699564430258,1.995974965002117,1.275331263617756,0.3367647501055162,2.182942779682713,1.6280443833294702,0.6625770922208083,1.9214374805268541,1.9225016152367198,1.3013395622304589,0.4350968629626551,0.8407646467637997,2.904944454930644,1.350135698159412,0.5842739602721264,0.18126213793009974,0.8152305351192972,0.5992058755213772,1.935272207092655,0.5377046475999356,3.352662108945664,0.8872968450945072,0.24858480850850775,3,gated_alive:a_003:74972,41.51313400268555,-26.00633430480957
CellCNN,15,1,0.8065329194068909,9.214829444885254,1506.0,180000.0,802017519.0,a_001;a_004;a_006;a_007;a_010;a_2b;a_3b;a_4a;a_5a,2.8782573340760855,1.0504143020376675,0.9536305040460701,1.1618645268432377,3.268776876017529,3.835065647475341,1.3985200595278553,0.15056893190026135,1.2587781231558188,3.7268664816269297,1.0192453470471026,0.10078702542332309,0.4075306355065765,1.022317030432386,1.5916487976266622,1.0537420697023052,1.6786872189513091,2.6454680856242456,2.188168735226219,2.1745468224135487,0.9665865972171233,1.7154000779000045,1.303173323101784,0.3228181405752807,0.16947494786194292,0.8535595711978161,0.4547769251285775,3.808927751838874,1.056553586042054,0.662512892744721,1.5719068416976834,2.5436829020952403,3.352623562709766,1.1985921504438692,3.586677451613687,0.47352455244401925,0.15448410266763335,1,gated_alive:a_001:36295,50.08754348754883,-32.313472747802734
CellCNN,15,2,1.0258419513702393,9.92810344696045,1417.0,180000.0,802017519.0,a_001;a_004;a_006;a_007;a_010;a_2b;a_3b;a_4a;a_5a,3.732281073582084,1.1068104088448394,0.8670422577310843,1.1217213915611068,3.273641645428892,3.4262525332219447,1.0769446987029874,0.05357357507915237,1.1220873568949965,3.347189271612971,0.856372782167886,2.128287255949023,0.34483771442764966,1.5400066173246745,1.4655304059685241,1.055269910320638,1.693130448244919,1.6519706642774044,2.174954875745011,2.201761565655575,0.9493072599624616,1.6107009152938325,1.6432358553045183,3.5627276440469475,1.3403844228349753,0.8811330979375872,0.4000598558800509,2.908001022746927,0.7897800144965963,0.5842462767909814,0.9864809602756562,1.8691809095861949,3.2716398418755466,1.0958621832191187,2.989777120096437,0.3224745642806005,0.12453735806823266,1,gated_alive:a_003:15124,70.17417907714844,-20.947250366210938
CellCNN,16,0,0.33477234840393066,3.639556407928467,2455.0,180000.0,984129568.0,a_001;a_009;a_011;a_1a;a_3a;a_3b;a_4a;a_4b;a_5b,2.40480989899051,0.1232186037176035,0.07280190029657989,0.38083316169133336,0.6543395119864164,0.12744423006846173,-0.05736710199572444,-0.08790422747227401,-0.07534412149455026,0.23373357261045122,0.140002248111201,-0.07069841639069688,0.0775105763770592,-0.03271433790276302,0.3795286490732902,-0.04842312437543831,0.007008502425635641,-0.05837616660933486,0.4282097665074079,1.2745674874303865,0.02701084556438829,0.02619733978653836,-0.03981498404230084,-0.07976457112843217,-0.09452672139826243,0.07611950149100012,-0.04902591800130809,0.049061008891761265,1.3097866399240998,0.15201004350293204,-0.018001737707183562,0.13268754052194695,2.6472447575575693,0.4209101242515094,0.13729244585997447,-0.029986763152047517,-0.040986924937744494,7,gated_alive:a_002:49253,-5.514472007751465,15.956648826599121
CellCNN,16,1,-0.2505725920200348,6.026672840118408,174.0,180000.0,984129568.0,a_001;a_009;a_011;a_1a;a_3a;a_3b;a_4a;a_4b;a_5b,3.735108379890136,1.556093467937397,1.0950690834192913,1.8135247556144778,1.9411723564202288,0.7669519533593229,1.1309163701996854,0.9776786019388003,1.1337848381064404,1.8564673477205738,1.474926156362508,2.9427251988358196,2.593810711120223,2.508752711770264,2.8836428526382165,2.2546298538024225,1.8299942882370268,1.3976104220712622,2.631589648233534,4.277865237409206,1.2261925429191398,1.0373462326386436,1.1061999729871963,2.6801597085385316,3.4432144659603465,3.2316149074541425,2.8566959595599415,2.628056877672715,2.5306988367569985,2.4429849167622026,1.89025177798721,2.012109517408856,4.872955870268674,1.769995271324932,1.4956863488702254,0.9241817068742139,0.3981552574423613,2,gated_alive:a_012:90942,74.68387603759766,-13.796236991882324
CellCNN,16,2,-0.660555362701416,6.008918762207031,667.0,180000.0,984129568.0,a_001;a_009;a_011;a_1a;a_3a;a_3b;a_4a;a_4b;a_5b,2.762379654748449,1.0257527691397132,0.4799935726563738,0.9824002767302866,2.908142338984407,1.839615435196042,1.6925014858232703,0.22290365589072933,1.4396976327223039,3.7738331484812906,0.8821342179226408,1.3963760461366024,0.375352411276897,0.2998327532615771,1.2008030437341193,2.3573789764981092,1.9000369832582906,0.1945131605781993,2.501002613171611,2.629960119863379,0.752079401980907,2.247308087593759,2.476678441789677,2.236518660732866,0.9963474034550258,1.2063450101466562,2.1032978096052535,1.7916961991876739,0.5327336644365297,0.9628970269301841,1.3616287344187006,1.149040857642078,2.5677191570332774,0.6352386441072119,3.6157367008401713,0.956959646208787,0.33442559202749356,3,gated_alive:a_012:9223,42.3596305847168,-28.546354293823242
CellCNN,16,3,-1.1544947624206543,4.96751594543457,582.0,180000.0,984129568.0,a_001;a_009;a_011;a_1a;a_3a;a_3b;a_4a;a_4b;a_5b,2.2159547389923397,0.8323170190040563,0.2938151971252613,0.7619611127257044,2.801849621408891,2.3585896280550562,2.095978774463588,0.10091595529494415,1.4590427927103589,4.2023979109880765,0.9426098259170659,-0.032368620548280685,0.09806794131765662,0.09327865275134303,0.9127982767368127,2.418303235574814,1.7509431839573335,0.20035705861547096,2.447077154610054,2.6634283213929395,0.836980078354277,2.3947641033074367,2.5868756373403308,0.4063560573220744,0.22596952076933324,0.892847318854343,2.844813555739084,1.6873817027472855,0.4132623348008646,0.568578678255317,1.5035659384160043,0.8242888967354568,2.2104270868187395,0.5105553548063719,3.7732003626141206,0.8695089202734267,0.36342626819495094,3,gated_alive:a_3a:155089,42.668861389160156,-27.989412307739258
CellCNN,16,4,0.9893779754638672,6.910950660705566,1666.0,180000.0,984129568.0,a_001;a_009;a_011;a_1a;a_3a;a_3b;a_4a;a_4b;a_5b,3.5056500699083766,1.1643748423502744,1.1027919381664906,0.855586967587656,3.307333067641873,3.9668296199545736,1.4013430008149452,0.15081092739220744,1.0607908042238596,3.413880191624338,1.0639992596838797,0.49145741275705623,0.3249760137155654,2.4237796780305483,1.8058096232292542,1.317544759180322,1.8568920129713058,3.2675631297069563,2.6421912510483554,2.3747963843206357,1.0335438945322992,1.818520501460869,1.431335352351629,0.9720765722180361,0.30888189412024025,0.9488738178719961,0.5584945619774878,3.7767195917267937,1.151716806271923,0.36877981872433174,1.2742840708017495,2.112891900715543,3.4157075577556397,1.291964510862832,3.7263543909546413,0.6818372953852433,0.22406778774840327,1,gated_alive:a_012:41650,28.498714447021484,21.990890502929688
CellCNN,17,0,-0.6195909380912781,2.2799417972564697,643.0,180000.0,2889465706.0,a_001;a_003;a_005;a_006;a_1a;a_2b;a_3a;a_4b;a_5a,1.6996633321247783,0.4185205635976884,0.5951811891436323,0.5999417576741433,1.6895179299369358,1.3570844161084854,0.5367870911072127,0.4367182193115581,0.8342712272553928,2.5144326253410307,0.5574541608476179,2.3284088372905387,0.5360908104328751,1.0726911129016599,0.9705639261906078,1.2260889194043596,1.2248216720422314,0.285987466642288,1.9569613258855876,1.7664887488500423,0.39780404846094153,1.8552151845833633,2.076941248883213,3.5572774169468375,1.9519302727973948,1.0253725794119894,1.942300925949546,2.1189865944313224,0.9999777505961939,0.9302856173862114,1.331518888098103,1.7566862286433857,2.5658475053219654,0.6172502846628609,2.770668047911185,0.47326610828244703,0.2040431441104711,2,gated_alive:a_003:55151,72.77595520019531,-20.16276741027832
CellCNN,17,1,-0.3273072838783264,2.4979381561279297,818.0,180000.0,2889465706.0,a_001;a_003;a_005;a_006;a_1a;a_2b;a_3a;a_4b;a_5a,1.44892793515672,0.2655554674962278,0.2561289835943269,0.4000452309631913,1.2403862691989047,1.3982971692681945,0.6007705130515429,0.03151534838708115,0.17189094652109296,1.9260477725537606,0.594039406000101,2.755401702208358,0.5228071377998681,1.323676862431473,0.7042102835685734,1.0598072553769922,1.3075380684055182,0.35597733693127775,1.4519964602417517,1.5243099571322127,0.27398513929450646,1.4422178788399944,1.6309783565045435,3.377004685906624,1.2471389664229375,0.6699466853134501,1.5655063620385228,1.9436739178133609,0.6371166731785024,0.6462075879615459,0.728263246717537,1.525236336034603,1.7756504416737942,0.41460712482608525,2.274053194790095,0.27663839783687155,0.01796517978718861,2,gated_alive:a_003:55151,72.77595520019531,-20.16276741027832
CellCNN,17,2,-0.5001715421676636,1.6797195672988892,2423.0,180000.0,2889465706.0,a_001;a_003;a_005;a_006;a_1a;a_2b;a_3a;a_4b;a_5a,4.049560380727514,1.0421805377646014,0.44898951097653494,1.6351739285870788,1.13108475485915,0.23561036663738283,0.00023008338115926844,-0.02682478655718066,-0.032793284407386186,0.2998440341246441,0.13186038493863855,0.04040517334998559,0.040778168517338474,1.0671865976552697,3.0085968576222055,0.1654063661658119,0.163883386573217,0.1966047430970278,3.2547815163851204,5.092510275482006,2.0670504665037397,0.3371881024992179,0.3966361771664508,0.4920737167399488,-4.4974164154210936e-05,0.5576617869776501,0.1533631386103326,0.3159009734760467,1.9622751345525715,1.0075155477477886,0.7800528893962206,1.8010424558776483,5.82074369644893,2.2122870068630074,0.9940343712337832,1.188324063473582,0.1986913671122389,5,gated_alive:a_003:64071,26.914091110229492,44.578487396240234
CellCNN,17,3,0.793928861618042,2.6109986305236816,1312.0,180000.0,2889465706.0,a_001;a_003;a_005;a_006;a_1a;a_2b;a_3a;a_4b;a_5a,2.478006674499439,0.7660093870612976,0.6215204371808452,0.7069363009342806,3.2762736693221974,2.6529658665766007,0.6778302155785574,0.08988904603268942,1.42803022164924,3.3413365907947923,0.8739023491417778,0.07149986086826574,0.11077436210584671,1.2378631673630025,1.713575277403501,1.1800417008181485,1.9623127835723764,3.7352729389250916,2.3079779683803947,1.9565819022448012,0.9039807843825944,1.1242193216760537,1.2052069841307989,0.41102938231402153,0.14881635013341843,0.645076336332062,0.3320765286557589,3.7225949269997685,0.9738982507744323,0.20317244639595516,2.040485963255178,0.9794250706137041,2.6327407728676473,0.985026679269983,3.5685802475210684,0.5564219340043698,0.31485476937539314,1,gated_alive:a_002:26483,51.76649856567383,-34.071170806884766
CellCNN,17,4,0.16033726930618286,2.8230206966400146,1437.0,180000.0,2889465706.0,a_001;a_003;a_005;a_006;a_1a;a_2b;a_3a;a_4b;a_5a,2.19708735684131,0.8450005235659133,0.659321468324335,0.6323281532885661,2.899402248792554,2.6424704766182163,0.7186878529206668,0.08104014619849506,1.5132666015741933,3.57328776227506,0.8513119394406042,-0.009886809629916357,0.1557308550742017,0.7085595828239036,1.4053797333335365,1.3196231353348775,2.018123002631801,3.619410908139371,2.287564944271737,1.8442439462204716,0.8368061474419446,1.2783968562435906,1.22536522798087,0.14207112257546362,0.09581370124021103,0.7221086915420312,0.4274491172641392,3.640827142564151,0.9274183174720665,0.400393045343432,2.0147189735178137,0.9881082128771027,2.595465465809668,0.9975209583947541,3.7918782104694633,0.461714058045817,0.23898859694675043,1,gated_alive:a_002:26483,51.76649856567383,-34.071170806884766
CellCNN,18,0,1.2433314323425293,6.544891357421875,2338.0,200000.0,2634873774.0,a_001;a_002;a_009;a_011;a_2a;a_2b;a_3b;a_4b;a_5a;a_5b,2.6404277054739844,0.8145391641536995,0.6829419845215159,0.9080783649136147,2.439575213695963,4.0777059291057025,1.3651355980120985,0.10982496260849316,1.2966351150722268,3.806024989940169,1.0182435810159205,0.17269261927755117,0.27811674020996824,1.1567134871472315,1.4313215463289366,0.9727090613506312,1.6308483334373969,3.3431106480882145,2.221386839307953,1.4253067253607499,0.585295195682748,1.6308999280666356,1.2075809485346767,0.4447722905653582,0.13013783366300896,0.7541349388793839,0.6063708984295969,3.4109128269329476,0.7938025424066862,0.45454260908275657,2.3523044895909884,1.0954697777428908,2.685953017930983,1.0171647014970018,3.5866710289476647,0.3792789283823117,0.14811395221241871,1,gated_alive:a_002:26483,51.76649856567383,-34.071170806884766
CellCNN,18,1,-0.9029635190963745,7.727821350097656,1395.0,200000.0,2634873774.0,a_001;a_002;a_009;a_011;a_2a;a_2b;a_3b;a_4b;a_5a;a_5b,3.440057479592097,1.4884591359770618,0.3113932953319042,0.4651368732528997,3.650924077128664,1.439428707762992,1.019856456241935,-0.0497754701555291,0.2641934446220816,1.192720131458372,0.1368143696991679,-0.028947983423895624,0.008996985918290639,-0.016036599995146963,0.3165105351886343,0.39389520013931467,0.9092318992657039,0.11221246730107123,0.768399258717973,1.2340958805657976,1.3882242884778995,0.5091066958707353,0.7378410742514767,0.037943034161609934,-0.004706113665663232,2.207293578816534,2.3224119592194303,0.48984776487527876,0.046514080085467854,0.487641817943183,0.2057577121316636,0.21186414930986586,1.2750239077998984,0.13461775274117305,1.0391543392718088,0.09105040077447614,-0.03688552690255556,12,gated_alive:a_2b:44688,-13.729449272155762,-57.02388000488281
CellCNN,18,2,1.219038486480713,7.718180179595947,2198.0,200000.0,2634873774.0,a_001;a_002;a_009;a_011;a_2a;a_2b;a_3b;a_4b;a_5a;a_5b,2.8131459492480424,0.8678709655936766,0.7374704539446424,0.9433158741803502,2.441234373975862,4.151137816268899,1.4152942045061176,0.13415498134212922,1.3381932621127772,3.7673268954882277,1.0792088778472946,0.19847250782397236,0.29291484407404544,1.2816982402337793,1.479869797781204,0.941214200867843,1.6801029174253306,3.2021829927720646,2.2541114696811246,1.5507134772476396,0.6289796493571195,1.688294064640684,1.209411847493546,0.5026337440479266,0.19147521407887044,0.7525784912564703,0.3866222801209752,3.4193853429019505,0.8287167354676018,0.52865405557862,2.350719840817565,1.2950011261746674,2.9252548981552224,1.1117361913756734,3.5621307825665833,0.43284839545716114,0.16238601561666055,1,gated_alive:a_002:26483,51.76649856567383,-34.071170806884766
CellCNN,18,3,-1.260451316833496,7.902727127075195,745.0,200000.0,2634873774.0,a_001;a_002;a_009;a_011;a_2a;a_2b;a_3b;a_4b;a_5a;a_5b,1.5581122443631554,0.46170307710629477,0.17546368368335644,0.28954432565495447,1.558578999211872,0.3472483132717406,0.037995506517414075,0.045712762868310004,0.04773454654614947,1.9415743201869484,0.15630321481578432,0.3564287877706467,0.7940717426080341,0.27741020844160147,0.5967034340865798,3.0367351960409557,1.575561414316809,0.45066591584702426,2.1324077387495066,2.1872577302889185,0.42469758229926324,2.0454320418167136,2.4241592945849786,1.245383300336434,0.09291845002799957,1.4146279935511736,0.30513237669673365,2.834177793387399,0.5611254605293725,0.04848558737911228,0.039267726352462944,2.238300892947892,2.163957511811461,0.6080081321992881,4.226209117638279,1.3589948727493408,0.5682070709136784,3,gated_alive:a_002:16305,58.68344497680664,-8.295531272888184
CellCNN,19,0,-0.25391826033592224,2.72070050239563,8123.0,180000.0,4045023004.0,a_001;a_002;a_007;a_009;a_010;a_012;a_1a;a_3a;a_5b,5.694391631209085,2.584064277633176,0.6582020218803798,3.1438677118846465,1.8136111331868099,0.18760833365348448,-0.0021701450368080384,-0.061318918690204186,-0.04565361274270121,0.3043508883891421,0.03214320768949034,-0.07617710770151062,-0.04348354158336236,-0.01853320748342891,0.3276972781849212,-0.01177517142971629,0.2812679004516555,0.16500731154719003,0.5326590357045601,2.0701826604996145,0.3301377257733963,0.10756550802703521,0.2203423259062552,-0.017311784953041805,0.05556192971405035,3.13145228939976,0.21282049443118195,0.06324758193332447,0.0765628423130213,2.561715204543043,0.08718159806891297,0.3070636059139977,2.1088333880017327,0.34843307238841725,0.17556084473481776,0.018957026323245252,0.06274377065909574,4,gated_alive:a_5a:26039,-54.32599639892578,-24.287446975708008
CellCNN,19,1,0.2285788655281067,3.267963171005249,861.0,180000.0,4045023004.0,a_001;a_002;a_007;a_009;a_010;a_012;a_1a;a_3a;a_5b,2.7605153274785,0.5777395119414364,0.47904592633173215,0.6780893394609485,2.9964741075715797,3.6392017627437383,1.1180145449331462,0.4720373482968816,1.3122434627575585,3.8519070329096325,1.2297426481815505,0.16569575922389657,0.45024569374277945,3.092201753227626,1.2390579833877198,1.309737719850167,1.4396840284715604,1.5627831459472434,2.4462851091189597,2.206135208267826,0.7432005607773153,1.8381759214570446,1.5783380935328652,0.38647689870417384,0.07340551583571578,0.6818674170369127,0.6545884011835532,2.8634292140269637,1.0206283614459652,0.39836930436784496,1.6671933747621508,1.5841532112736743,2.4361587274823937,0.6897370196786023,3.2612535632734643,0.46961171074637753,0.10472118535866183,1,gated_alive:a_003:45023,41.277618408203125,-35.570068359375
CellCNN,19,2,-1.0693167448043823,6.405723571777344,214.0,180000.0,4045023004.0,a_001;a_002;a_007;a_009;a_010;a_012;a_1a;a_3a;a_5b,4.966922497916444,2.1141467134470435,1.7043464223943459,2.5495933354179434,2.092576485754711,0.7011151616292935,0.583750580328682,0.4138741346585312,0.4802105583187419,1.1386387972566452,0.8908950608353148,1.2265101138504535,1.5397278676881176,1.2315770459914075,2.559107773593479,1.419216825361864,1.240043778282538,0.9371551863955786,2.5605124927361964,3.9488000184576086,1.3504086167514313,0.8263886705395618,1.1473856846049588,1.488214491363332,2.488230895738457,3.5248571691912747,1.8897386048950373,2.1289741257145764,1.9048208365995856,2.9128751253152143,1.3836099104107158,2.5248083255697633,5.295705546929597,1.9889154025553681,1.4221834265662328,0.6633754743080342,0.8923661070478706,2,gated_alive:a_011:165903,74.93962097167969,-13.124994277954102
CellCNN,19,3,0.10318616032600403,2.8264620304107666,976.0,180000.0,4045023004.0,a_001;a_002;a_007;a_009;a_010;a_012;a_1a;a_3a;a_5b,2.8327210313018143,0.6421720077665429,0.4904895895262121,0.5322585873145782,2.5086044637033917,3.6442525456395294,1.2061932480213668,0.11483817252886437,1.8031172573992975,3.2916202802951404,0.7677501586965756,0.08246971053446688,0.20026624159854986,2.6225806552609088,1.3183950824964161,0.9229975262242227,1.6393834765430122,2.753790966444792,2.331670095790063,1.7573560375116242,0.7377652489092232,1.3203767672572422,1.1577882395250931,0.19987158730685625,0.13097743446955154,0.8054923254772415,0.5441240817484063,3.228668808663091,0.9633497922518696,0.28871539859677736,2.4544420503982227,1.181732189557508,2.3228816453316896,0.7791287367379931,3.3782863076012886,0.5315727977154132,0.0900597917521945,1,gated_alive:a_5b:78174,48.04081726074219,-39.28042984008789
CellCNN,19,4,0.6050568222999573,8.45616626739502,970.0,180000.0,4045023004.0,a_001;a_002;a_007;a_009;a_010;a_012;a_1a;a_3a;a_5b,2.7210110182186815,0.5915163718525814,0.4760790384133927,0.728322054656437,3.0087211501859032,3.700688221887625,1.253413626847827,0.0042588224925266425,1.7807500657246491,3.197960958383574,0.8691119830517732,1.1954162862689832,0.15047232031062505,1.8284285433338079,1.2947601966853082,0.7522637098891866,1.434353501147581,2.6039377967687805,2.0255839002501106,1.4136948565094367,0.8221022224245765,1.3580228946826987,1.2369708935511252,1.8390525602198808,0.8331348155416337,0.713638712373951,0.6737184502524336,2.95700370973869,0.7716360122814295,0.23300631160015384,2.4751597861452126,0.7948709123671299,2.1852889823396064,0.6541898670227065,3.045266736119256,0.2426804378402501,0.019523197662408738,1,gated_alive:a_002:30779,52.15543746948242,-32.70753860473633
CellCNN,20,0,1.227618932723999,14.229012489318848,733.0,200000.0,3032938738.0,a_001;a_004;a_005;a_006;a_007;a_1a;a_2a;a_3b;a_4a;a_4b,4.314897443302545,1.4328215478800808,1.319587604329657,1.4919425683728713,3.832762918292734,3.737853236949404,1.2944324957802422,0.23170375199758989,1.181124594130383,3.839072962264857,1.3494535739536224,1.2485551058249942,0.4057088934382324,2.35377186487542,2.30136730981067,1.2501569865529532,1.983379474049577,3.21907883504149,2.7667708340670156,2.9524444865671433,1.4856501016924653,1.708399628688477,1.7139849399982603,2.351746223435236,0.8326983131776169,1.211530877309972,0.5287733445285329,4.022879872150912,1.3417204354011731,0.6141612027267676,0.33522938933037827,2.7789948133394087,4.210957950602399,1.7181136138629363,3.814539843445992,0.7055233012265297,0.4599600534269184,1,gated_alive:a_005:69170,72.32720947265625,-30.12445831298828
CellCNN,20,1,-0.9717329740524292,4.611176490783691,2799.0,200000.0,3032938738.0,a_001;a_004;a_005;a_006;a_007;a_1a;a_2a;a_3b;a_4a;a_4b,4.951574427298179,2.0266089357480275,0.6298147571364285,2.6776330472057817,1.7293865641134973,0.23740176960202397,0.11702978682208044,-0.06704926060387534,-0.00019217839394343567,0.5182913509765833,0.0013469349367307044,0.019040288971422046,-0.0209172553344903,0.14303874770547498,0.4258689853296733,0.096842363542463,0.3254249667940058,0.12154265618354027,0.5395425676225312,2.1319453498790213,0.30924325121530094,0.13162169287830605,0.23005929666054278,0.10204194742897506,0.03855354566497832,3.1722499822306243,1.8842165038775618,0.26091831658518105,0.13111768184824515,1.6492639594053298,0.13198009367896668,0.20533040205483669,1.8847652591865283,0.2067163826054504,0.3632347088004852,0.04204647985515287,-0.008329330500791005,4,gated_alive:a_3b:85159,-58.6934700012207,-31.99386215209961
CellCNN,20,2,-1.294662594795227,8.862126350402832,320.0,200000.0,3032938738.0,a_001;a_004;a_005;a_006;a_007;a_1a;a_2a;a_3b;a_4a;a_4b,3.101735740203003,0.9801394193847954,0.8592220352169534,1.2426372067791818,1.8367219544732507,0.9653237909085874,1.1240022709098412,0.538095412421535,0.9487622470714996,2.25068921204911,1.0732669646413342,1.9024370751300013,1.6065703949047019,2.431360504823533,1.9927196839933459,2.039680005961782,1.4302648399054305,0.8425264754238014,2.6224515616899224,3.0735711585432,1.1581730011617766,1.7004904016932414,1.7742985784920164,2.167453312408907,1.7272551339479834,2.0460559218183336,3.2868899105873424,1.9646545532275923,1.6549394653780838,1.361768690104236,1.3753444036481597,1.4219968899953528,3.7952727658790537,1.3531730435364806,2.3999611394559905,1.012708226729592,0.350851724785025,2,gated_alive:a_003:64237,71.97814178466797,-18.566823959350586
CellCNN,20,3,-0.3461225926876068,6.970081806182861,185.0,200000.0,3032938738.0,a_001;a_004;a_005;a_006;a_007;a_1a;a_2a;a_3b;a_4a;a_4b,3.634872264686871,1.3317578339571687,1.1217880768443433,1.5818501396060645,1.9533986050937626,0.7641939329184794,1.0993360112245019,0.8769610485489908,1.2680085128349428,1.7189168458747854,1.2454227605608066,1.9746741093116233,1.966092670205477,2.6027367276592632,2.624668571724229,2.2263815564191525,1.7181484505282463,1.3340214204571739,2.9895675365636882,3.7620439546925293,1.5643829882598004,1.314965259913053,1.2435962690015299,1.553655782494241,2.1257090922463937,2.95851344005834,3.1952755392302534,2.375649209803826,2.4744529545357503,2.0412722490325166,1.8062291458349775,1.8222366744816,4.504173259255854,1.8018620409411252,1.9518531327450497,1.4163344947847765,0.5130460606132811,2,gated_alive:a_012:90942,74.68387603759766,-13.796236991882324
CellCNN,20,4,-0.018256425857543945,0.6791830062866211,2775.0,200000.0,3032938738.0,a_001;a_004;a_005;a_006;a_007;a_1a;a_2a;a_3b;a_4a;a_4b,5.488730090829703,2.9973846134546775,1.8680079167911818,2.0463558705728384,4.12926064088303,1.009694886399582,0.32624982255072726,-0.006594992245936573,0.015550118507064883,0.5222930858133983,0.05235624439816404,0.03459270168045682,-0.05186965864090887,0.16708091527898614,1.1072659090616026,0.09900695338377231,1.2189912458485346,0.12790989437673833,1.2185367136340806,2.709294574428056,1.6178198647128783,0.36556405663969,0.36256409567605646,-0.021142811261941806,0.042913515960639304,3.8001235809707428,0.3383267082409968,0.21304764984474991,0.22697389094858023,2.308794002928142,0.2935598752781306,0.6146663733855439,3.2894472542543567,0.7671190316774038,0.3121877640898487,0.042646718432949565,0.3360024707048842,13,gated_alive:a_2a:115378,-25.697233200073242,-59.339229583740234
CellCNN,21,0,0.7629492282867432,6.726431846618652,889.0,180000.0,1066207624.0,a_002;a_003;a_004;a_007;a_1a;a_2b;a_3b;a_4a;a_4b,4.517415658050165,1.634882009927934,1.1210497048311499,1.5466517066632945,3.647460924381866,3.798425831678452,1.4373671059494966,0.11136050405977577,0.9899037283150158,3.449507167400987,0.9988263471814709,0.8524714629014744,0.2994847794529443,2.732080073256666,1.9903142885916527,1.1680935888436192,1.8515279832809008,3.3751739903936673,2.689867017463298,2.837409461298444,1.27271115523213,1.6951452449825253,1.5379746156204879,1.5536743223046308,0.5484113727590177,1.3440529153923504,0.5126352401810588,3.9598968802658994,1.0486208367565044,0.5804520262836694,0.289475005036034,2.645035591589785,3.853110193112536,1.4254947437991727,3.554164668239357,0.7417010508389427,0.27844550085654857,1,gated_alive:a_012:41650,28.498714447021484,21.990890502929688
CellCNN,21,1,-1.2055543661117554,10.578679084777832,85.0,180000.0,1066207624.0,a_002;a_003;a_004;a_007;a_1a;a_2b;a_3b;a_4a;a_4b,3.603012436453034,0.9010384402703494,0.5316065988886882,1.3250394373365184,1.5400477841277334,0.3529159460216761,0.2826094813343576,0.6413600757389384,0.5555312087170451,1.1126557876082028,0.9852491635144415,1.7255782069028902,2.09803244313773,2.349331629846026,2.8336539178210147,1.9662732876070281,1.7347943278358262,1.033750551917097,2.5310509673593677,4.196357879458981,1.234187659714371,0.41967885691453427,0.6090026642853285,1.6556651774793862,3.1387926633414978,3.4223236772067405,3.307678629194989,3.108838409667506,3.4066144382252412,3.1647160299122334,2.5493973352453287,2.634748175039011,5.422033018224379,2.0113306823460495,0.8143556982532199,0.5075442056598951,0.11733216567184118,2,gated_alive:a_3a:145722,74.2334213256836,-13.381081581115723
CellCNN,21,2,1.1942498683929443,9.445280075073242,1255.0,180000.0,1066207624.0,a_002;a_003;a_004;a_007;a_1a;a_2b;a_3b;a_4a;a_4b,3.947067995686307,1.6068604599772367,1.1410719184057214,1.5880245728977915,2.8035686440966687,4.27332343418166,1.7856326567226501,0.15023180402505057,1.1448859132010494,3.8801302087181564,1.1851786153695725,0.4708715434079137,0.4153874583542347,2.348651882100109,2.0726469968826384,1.1442375519443944,1.566287750104281,2.5878209734089346,2.566462248591595,2.57789197594291,0.94656122536584,1.9059074013444517,1.3901090624244778,0.9665806904596562,0.31696333708639585,1.2258473668313785,0.4686499054854888,3.669292673769136,0.9763534497686724,0.47580881584621226,0.46368607394352035,2.5409372619739585,3.843359625220774,1.5092560167011593,3.6047766430427752,0.6865000601901731,0.28350643001736114,1,gated_alive:a_4a:140551,34.6898193359375,-0.23900042474269867
CellCNN,21,3,-1.4621989727020264,7.070156574249268,202.0,180000.0,1066207624.0,a_002;a_003;a_004;a_007;a_1a;a_2b;a_3b;a_4a;a_4b,3.221293869234695,1.002538362380214,1.1231820750776977,1.3552738996885376,1.312327935725755,0.25603367513250835,0.27731706370198456,0.24839369030577121,0.3008011835633021,0.5879224303580756,0.47925889602701505,0.5747331900454108,0.8521232788605468,0.8810206032150637,1.735330828308764,0.6869349373679718,0.6861720808659505,0.30090262659177824,1.4518476037566763,2.955080769614934,0.6280434592431042,0.29818467638400004,0.5106211832521649,1.5758106178940634,3.3425481953648943,3.496408392075855,2.761484980094477,2.2949699979266245,2.4120978116620293,2.4526865631802983,1.508167958831055,1.6505086588346092,4.5140147775337836,1.2894547055267942,0.4805667078146125,0.27291444740598364,0.07096498425575065,2,gated_alive:a_3b:82608,-29.940277099609375,3.776097297668457
CellCNN,22,0,-0.055459052324295044,1.5976074934005737,849.0,180000.0,3929520158.0,a_002;a_003;a_006;a_007;a_011;a_012;a_1a;a_3a;a_5b,3.2405390155733262,1.036469767266625,0.41361296222900623,1.4605030989650367,2.349316796194378,0.3795562011002041,0.25107063744696734,-0.04160872271388124,0.00993348784160332,2.0509469750429448,0.4283146787886903,0.33014576403289664,0.03134890817122499,1.4088027435879718,1.3920292520467237,1.7474389860469182,1.5742554030649916,0.5627820060437039,2.785110307364857,3.3604113176581314,0.8661616041803377,2.440505586362357,2.253901791733742,0.3777949295618323,0.16962657670265038,1.6881833207567696,0.7539725864400157,2.1334549284930087,1.0832252072079054,1.9540456532666188,0.5251357293055052,2.229302367781609,3.690318341404689,1.2739312254435144,2.5365517880765593,1.4159522658199302,0.09250131429569879,8,gated_alive:a_5a:31859,5.191888332366943,7.653874397277832
CellCNN,22,1,-0.7673970460891724,3.7812745571136475,297.0,180000.0,3929520158.0,a_002;a_003;a_006;a_007;a_011;a_012;a_1a;a_3a;a_5b,3.6298445014781646,1.3813448671082205,1.316164132303273,1.8398433098944236,2.2290739897475498,0.9434559099048514,0.7264060221682225,0.702204444145861,0.6265376979067313,2.478139293678763,1.2441621304517894,1.4259408377032563,1.5333526924633505,1.7157453354118826,2.560360158859479,1.9469643695160797,1.7399886275143033,0.98032862918043,2.55013126159547,4.038328547965146,1.503551449843052,1.6486339693079994,1.8639140046240452,2.2221439609420486,2.8535137717997787,2.897340994574026,2.724831673654536,3.31697128103538,2.7568027841504223,2.063160453277079,1.565266137296312,2.8185196610501584,5.003523255237425,1.966540919892766,2.3429714143226237,0.7288756647743108,0.3419591808344335,2,gated_alive:a_3a:64617,73.95465087890625,-13.1719970703125
CellCNN,22,2,0.712443470954895,2.633406400680542,1679.0,180000.0,3929520158.0,a_002;a_003;a_006;a_007;a_011;a_012;a_1a;a_3a;a_5b,1.6120312640710406,0.3628290331514394,0.39522392078300167,0.5337963674687035,2.208319769393906,3.858194139860497,1.2193615193154757,0.2515852264146185,1.189656974547569,3.7622006720729604,0.7798580184062237,0.01687603560988054,0.40314864900251474,0.4361815937138362,1.2956123909956825,0.8813638486821952,1.2773318918977803,3.0180386674279505,1.9211357235908508,1.089416204080946,0.3351511644592098,0.994663914703784,0.999117057404448,0.05524771779476885,0.05914349300199351,0.40501724488917795,0.5286276947592342,2.8243848837793104,0.49937275251555796,0.0842898515098994,2.086712776061309,0.3008074214000851,1.762944448582868,0.4480259512674408,3.396487204119299,0.3910368548152976,0.006889374695935727,1,gated_alive:a_002:26483,51.76649856567383,-34.071170806884766
CellCNN,22,3,-0.1990572214126587,1.7536087036132812,2465.0,180000.0,3929520158.0,a_002;a_003;a_006;a_007;a_011;a_012;a_1a;a_3a;a_5b,5.025848712051253,1.7094290759814361,0.4327805580531313,2.726361130925701,1.9825106564132093,0.20914571823529937,0.04276742104869338,-0.0474321457566394,-0.02280592392616703,0.7326283643479148,0.07977529121614198,0.008599932389673881,-0.01911314017074792,0.5589809081868383,2.589896044201389,0.2972925389791332,0.2295144571142731,0.2832147614785369,3.014736678644365,4.838555149085117,1.6459267361877339,0.4826400359240584,0.14453528347603212,0.03995292884906665,-0.004451293151325175,1.9776068839011802,0.2543175630244515,0.1691188746698035,1.4174782073654306,1.7698294137300628,0.4122463660846481,1.332201482915923,5.356138463461163,1.99795595452078,0.8743034931633393,1.5435923289423799,0.09930875290337345,5,gated_alive:a_4b:28540,18.03554916381836,17.643207550048828
CellCNN,23,0,0.8725448846817017,8.216543197631836,1368.0,180000.0,4075414013.0,a_001;a_003;a_005;a_006;a_1a;a_2b;a_3b;a_4a;a_4b,4.524837349130287,1.3385126430937668,1.4444885378359165,1.4734475885211689,4.174546345280026,3.8230990533300333,1.244437367968671,0.3369750204480321,0.7110893025211433,3.0985727032955617,0.9100852371256867,0.1841830008294695,0.3237674390263359,1.797678493623086,2.4639872234215625,0.8589566268089122,2.045900331723486,2.5323018334762226,2.6128640606705296,3.2687732945820107,1.776974083173425,1.477533218464375,1.1825352484202138,0.36230951863050337,0.0836110801342994,1.075455087389004,0.21733239665551954,3.3808827716668275,1.3922498956077127,0.5527087114199313,0.2555499484193174,2.626495874353152,4.56853315314356,1.814230049473209,3.054404371332279,0.5651928357700328,0.35254383401916767,1,gated_alive:a_012:41650,28.498714447021484,21.990890502929688
CellCNN,23,1,-1.3797659873962402,16.849794387817383,275.0,180000.0,4075414013.0,a_001;a_003;a_005;a_006;a_1a;a_2b;a_3b;a_4a;a_4b,2.4573467187532647,0.9236056364120239,1.0597815700980242,1.0166445932116106,2.088932652796873,1.0638191706682978,1.107644648009234,0.6216189170965333,1.1127459471418777,2.796392912542109,1.1203948339411396,2.2397715832208367,1.3438862378107892,1.9812438661892984,1.6058130344232036,1.7559947817433965,1.5461472331495447,0.5673154315724969,1.8956577550442042,2.3669870685510843,0.8295375731062483,1.6443785049258308,1.7086629479765807,3.2311915375114504,2.865102526315234,2.267719731805211,3.058717585444789,2.387953397094018,1.811186575858261,1.687372665721923,2.0899483365637503,1.5281312213431706,3.4386115556091745,0.9773181044251066,2.211920320050452,0.4987108320000764,0.16061046975715065,2,gated_alive:a_003:70350,76.21143341064453,-24.182458877563477
CellCNN,23,2,-0.8934793472290039,4.193820953369141,5395.0,180000.0,4075414013.0,a_001;a_003;a_005;a_006;a_1a;a_2b;a_3b;a_4a;a_4b,5.680833056883971,2.5366007988083505,0.2511115467719892,3.4026842465608675,1.340266620864245,0.14233721821301387,-0.022365842239844884,-0.0761151709081481,-0.02230710135421771,0.27435921613993286,-0.034249196427963674,-0.08414276439875219,0.01863422819318138,-0.045956660023372835,0.16035875808955904,-0.016550760820382957,0.15909040643294065,0.2609238118679076,0.325307203200755,2.128412420913263,0.1720849861654954,-0.012630887033827918,0.04326149674383128,0.028356552433439097,0.05555646439240446,3.4819460660814863,0.5992548333674297,0.05037009706195614,-0.011648248870331303,2.1435209274234377,0.03261258325006368,0.161989562229285,1.298052442654043,0.09074743554445273,0.15530010103756095,-0.029631088583991556,0.06772403796962859,4,gated_alive:a_2b:31662,-50.22883605957031,-27.788963317871094
CellCNN,23,3,0.7635484933853149,8.088032722473145,1026.0,180000.0,4075414013.0,a_001;a_003;a_005;a_006;a_1a;a_2b;a_3b;a_4a;a_4b,3.902852357387884,1.4403720870982815,1.2336052407667841,1.391054649754301,3.5687999739765495,3.923630427275049,1.3612239550675227,0.31338999244244,1.2089299539430358,3.8960923934727543,1.3372304570314486,0.12804539059050876,0.5280713206800011,2.238215873234966,2.1732817656053305,1.3109895616101934,1.7711558680977766,2.757773883033954,2.557614539414971,2.9018137145695118,1.2917072474529883,1.8561848715984999,1.5362164616356373,0.3470048245894006,0.15410919143290933,1.2716977467987403,0.37709486229571226,3.864808143055716,1.257893224452406,0.5170194305660631,0.16815432530751118,3.0138115870981528,4.004414960828173,1.6280173880317463,3.7482768062658276,0.859575409916471,0.3742242647282541,1,gated_alive:a_4a:140551,34.6898193359375,-0.23900042474269867
CellCNN,23,4,1.1572074890136719,7.2772216796875,1103.0,180000.0,4075414013.0,a_001;a_003;a_005;a_006;a_1a;a_2b;a_3b;a_4a;a_4b,3.8772634476655883,1.2465153372237712,1.1139024742318797,1.3077177493466634,3.822255975617888,3.8523252783170103,1.1377431263891533,0.16391762941689436,1.0760373890591022,3.3512123147150668,0.9834602238723424,0.38078980820304625,0.2677888226344978,1.9741396644949138,2.1424707483919465,1.0677527173732366,1.9285651310837273,3.470179302487877,2.507266215828069,2.680364196332288,1.4154625257459432,1.5646338194544946,1.3156266782748582,0.8261762266615127,0.24528074895628285,0.9999428993548232,0.4326913874917944,3.9642252547485737,1.3446125476692927,0.44127570871384303,0.40797409410235663,2.37154556073178,3.707216589368007,1.5651061542581046,3.625003325228359,0.6443600400763877,0.3174528147896075,1,gated_alive:a_012:41650,28.498714447021484,21.990890502929688
CellCNN,24,0,-1.4601399898529053,11.973231315612793,147.0,180000.0,3145778632.0,a_001;a_007;a_009;a_010;a_011;a_012;a_1a;a_2b;a_4b,3.2582288209957126,1.440921142391645,1.7355324085865196,1.7344625252908805,1.8083613001690784,0.6658798653675365,0.7237216920566548,0.7731998443209921,0.607374373075812,1.347870056506335,0.8598981007148011,1.350693387517921,1.5133770523896934,1.2505012476974369,2.072507297936162,1.115897712321496,1.0468351025970615,0.6613445661052884,1.6474404642041647,2.9115676960977566,0.8386442207756649,0.49942974217844255,0.8476343196278222,1.8850472473791249,3.4399518697034743,3.418262435262706,3.051678485534832,2.5817362155866665,2.4539551689625294,2.6885041450815543,1.6085852193361034,1.9462235900114107,4.612605116349094,1.5176621888428419,0.9113643820790358,0.4184260840945858,0.21064084069011416,2,gated_alive:a_3b:82608,-29.940277099609375,3.776097297668457
CellCNN,24,1,1.230747103691101,4.9593658447265625,1725.0,180000.0,3145778632.0,a_001;a_007;a_009;a_010;a_011;a_012;a_1a;a_2b;a_4b,4.380285884858905,0.8837692748236577,0.8162615324589222,1.3717879139069482,4.5099602461606265,4.0944921151366405,1.5838258533824936,0.517603362325724,0.179731399810846,1.3945521320871912,0.4792153111603482,0.03229848675533582,0.19447393876094662,0.18008036474393943,1.7822280095324623,0.2151748695921961,1.8207327554298673,0.4418928739548816,1.7920475154189373,2.213285029607435,1.7934826403659214,1.4514115838847879,0.4612545338476016,0.05847417960368899,0.012229917713523627,0.5290191403586626,0.031247700224512433,1.478652353859844,0.6075719510414089,0.2569147693428744,0.08685508896566782,0.5782189836585894,3.119248699517313,0.9128225398767214,0.8315586438923366,0.2023140881582462,0.023836355051692185,14,gated_alive:a_006:69767,21.448049545288086,-43.28612518310547
CellCNN,24,2,1.779126763343811,12.812200546264648,1539.0,180000.0,3145778632.0,a_001;a_007;a_009;a_010;a_011;a_012;a_1a;a_2b;a_4b,3.0070112961581903,0.9606179655698244,0.6995512232570721,1.1612706796608028,3.36148302435156,3.0196873680880576,0.9987577854456287,0.1360763802429945,1.2379458474254434,3.600854003719339,1.0449870106215307,0.8217866121984818,0.3907958711916125,1.2868804467059054,1.5829213467324175,1.2892171738235385,1.4437055290928016,2.8413605173086642,2.1195708345102435,2.4079289604269625,1.0604654338173074,1.5748112891116355,1.566331116280496,1.5601569432510516,0.5291089204786494,1.081533332245713,0.8644766265055079,3.2533819172979177,1.0046316934029926,0.5663128713598635,1.476960563834446,1.6682458017512722,2.895474156203905,1.0771555940608801,3.3236711884911103,0.5148390816654391,0.17569475203164464,1,gated_alive:a_012:41650,28.498714447021484,21.990890502929688
CellCNN,24,3,-0.7543076276779175,4.227413177490234,542.0,180000.0,3145778632.0,a_001;a_007;a_009;a_010;a_011;a_012;a_1a;a_2b;a_4b,4.710258413574442,1.0919467945908783,0.9511295996165604,1.2190401249148923,3.201646886649112,3.5109783911680617,1.3814972031927484,0.042993424818827425,0.43322772773831697,1.0062444590258057,0.15049895467109645,1.7407975744130004,0.10048355390947068,0.039802969727734776,0.9207178629945313,0.30968868751276585,1.5054500846194818,0.24247119412401177,1.6061848118734576,1.6483884812376721,0.8365595344652944,1.113957370950787,1.4142876336595473,2.947688101119162,0.95550798016647,1.6771668473686474,0.6974805904635248,3.673455165657885,0.9662283098117218,1.3193447673993197,0.8592218539524631,3.550066538723409,2.718294125960365,0.706823140634284,2.4155630202357385,0.2264846130991428,0.11888208688029288,2,gated_alive:a_5b:182703,71.91165924072266,-26.83812713623047
CellCNN,24,4,-2.04490327835083,9.04159164428711,778.0,180000.0,3145778632.0,a_001;a_007;a_009;a_010;a_011;a_012;a_1a;a_2b;a_4b,1.4690275493840768,0.47464686814081497,0.3020662673950278,0.5903073149421858,1.8893818059444767,0.9624067170690305,0.8079154210572597,0.018810061140780175,0.7024586321039746,3.8158214011114056,0.7822083450389977,0.3923315600603987,0.1893290238962796,0.27151584173471877,0.6582754909872829,2.360324797945954,1.5451083539724153,0.16761398850704495,2.1802149862891205,1.5543086658785785,0.44731802231324524,1.916203835515463,2.4595840982314687,0.9560960007867816,0.20657527023259908,0.5991563634038439,1.5630403950063458,1.1983320957045538,0.3500747296504723,0.5856356654869983,0.43907297967616193,0.6035062427858309,1.807943290769937,0.4297635507866247,3.6221541675636044,1.3661600109103895,0.2628724139070337,3,gated_alive:a_011:211249,43.344093322753906,-20.76679039001465
CellCNN,25,0,-1.555025577545166,14.629998207092285,1475.0,200000.0,2865783338.0,a_001;a_002;a_004;a_006;a_009;a_010;a_012;a_2a;a_4a;a_5a,0.98414995710474,0.21499880941839736,0.17693155667681437,0.26332116047462045,2.010576408217677,0.9924420210820528,0.6753587831291509,0.03197722950683459,1.150002316891342,4.018266109630655,0.7726680871314404,0.9594741551943421,0.17159685798050536,1.395040563461347,0.4771018334055098,2.054176344066795,1.3693376603969214,0.21559790748696364,1.9414911560385915,0.8747925413566566,0.3760648634933923,1.8704785988945514,1.9824457450690915,1.5639935534281293,0.35513549338179734,0.3404313477722857,1.9232297317187057,1.1270963951557311,0.1395582894760705,0.007370357610328691,0.9213483182257594,0.3544516969825017,1.331750135628321,0.20613336606519456,3.3778516998362997,0.9444241885453762,0.11463194193515801,3,gated_alive:a_003:25045,41.64901351928711,-25.155593872070312
CellCNN,25,1,1.6793298721313477,7.172415256500244,2446.0,200000.0,2865783338.0,a_001;a_002;a_004;a_006;a_009;a_010;a_012;a_2a;a_4a;a_5a,2.563541475454142,0.6335363984484634,0.6271485196282681,0.8575062905581562,2.9887099672947115,3.7395450020510133,1.2090457573002846,0.08309217099924587,1.1912027326358385,3.683406665646307,0.9378269261483313,0.38095684883779585,0.3100698071153365,0.6075857437409407,1.497687010239638,0.9176723114498498,1.4881834330258061,3.4721340869986683,2.080728226680463,1.6414795439887309,0.8079927560447314,1.3855979870339632,1.2452281475729643,0.9517500436569317,0.29539205210774166,0.6237830927575598,0.777656908709594,3.419847743662237,0.8791869116257606,0.3759603193815065,2.1677207211771647,0.9229334848259554,2.705895663773009,0.9419295354143359,3.403939859020048,0.3698987637208008,0.10180408498586771,1,gated_alive:a_002:26483,51.76649856567383,-34.071170806884766
CellCNN,25,2,1.732703685760498,7.362643241882324,2508.0,200000.0,2865783338.0,a_001;a_002;a_004;a_006;a_009;a_010;a_012;a_2a;a_4a;a_5a,2.461261828869757,0.6330681271558635,0.6060867164658766,0.8298593901190993,2.874305719715873,3.7046543076227256,1.1887578715965945,0.08950578541879893,1.1950749130243503,3.753948566228288,0.9318028748465501,0.3459676091141856,0.3117802997471547,0.5270876555594824,1.4646368001709211,0.9898678828752618,1.472060445504057,3.48459075266225,2.0700910853074777,1.5613442219846445,0.77459512304457,1.368117232705065,1.2422063280798212,0.8156211204351969,0.2787216349153774,0.6510213270892178,0.7425063343415854,3.3946823840351863,0.8687656138005385,0.35028190625513944,2.2129922996166416,0.8270762572680116,2.63794519595571,0.9179377967634573,3.393773693220491,0.381272804494032,0.07365644327127552,1,gated_alive:a_002:26483,51.76649856567383,-34.071170806884766
CellCNN,26,0,-0.49326562881469727,6.018661022186279,2788.0,200000.0,561054202.0,a_002;a_009;a_011;a_012;a_1a;a_2b;a_3a;a_4b;a_5a;a_5b,1.1977777422794087,0.33903433382814685,0.2098422549462761,0.43737672567657676,2.323782728642533,2.7404789890013914,1.1507036283743282,0.005086257443476036,1.0948145615123224,3.87388305146666,1.0567573566160269,0.09020671333963316,0.07663527138724754,0.011182642278920473,0.5037506645815417,1.9686022495722397,1.3054386852188433,0.24734367487952197,1.7674427729791382,1.2823177681141373,0.36090571597867127,1.9531363495499452,2.109597766480457,0.404780404141569,0.028918895097024347,0.3347940849498667,0.9157814792647442,2.384784583324026,0.3371159691672556,0.4526833132130322,0.3048008239832779,1.9488331076490182,1.4019176054222942,0.2550320614208584,3.2832948011828442,0.23149668822476646,0.04464056772461058,3,gated_alive:a_005:147134,50.19719696044922,-10.00837516784668
CellCNN,26,1,0.2741578221321106,0.9312173128128052,12904.0,200000.0,561054202.0,a_002;a_009;a_011;a_012;a_1a;a_2b;a_3a;a_4b;a_5a;a_5b,2.632232867863279,0.4894133296864489,0.8755249604109834,0.6375841889245029,1.4758505899817147,0.3749030906682928,-0.09113793410415975,-0.032362825395131224,-0.08875111896400764,0.6047447802631404,0.4051830841529825,-0.04326772150136866,-0.08976359784438165,0.0699637922574528,1.1578786317156757,-0.05072238956883905,0.0016987188102504556,-0.0778009560597945,0.6526197365087767,2.041146530215264,0.3733495880491275,-0.03992691315207293,-0.06951960845405625,-0.09162583063996939,-0.060094020906395706,0.1195530743569551,-0.030264735387338565,-0.0549484231024003,0.0009974731715126828,-0.029018351394910852,0.0831091191216957,0.22478232834207953,3.574853526850516,0.7998042799215502,0.17588187374954606,-0.08392265318962305,-0.031252027011957006,7,gated_alive:a_007:64794,-11.046820640563965,17.606746673583984
CellCNN,26,2,0.8275157809257507,7.179596900939941,1371.0,200000.0,561054202.0,a_002;a_009;a_011;a_012;a_1a;a_2b;a_3a;a_4b;a_5a;a_5b,3.0940265623041863,0.7093306961996066,0.7099593763100022,0.7756829602374579,3.2232495888398196,3.597866426283758,1.184617797957014,0.04714930343452327,1.4378089301569104,3.2870489196432233,0.762315128542727,0.14754839702470285,0.16057702917305472,1.4700549574685717,1.776898554925996,0.8519789277298606,1.9839109273020783,3.8436268938828957,2.4549234747386692,1.9984743164344143,0.850024331709155,1.2375892084010915,0.9324658566384992,0.3725280736635536,0.10284232224562266,0.7144063447024284,0.8043859837677411,3.6987190078876035,1.023668983589398,0.21677034174225485,2.480639959956223,0.7177177485874129,3.0361432410174753,1.187808516422928,3.6719259675737383,0.5260303354627744,0.15829234068164966,1,gated_alive:a_002:26483,51.76649856567383,-34.071170806884766
CellCNN,26,3,-0.5062425136566162,10.343347549438477,122.0,200000.0,561054202.0,a_002;a_009;a_011;a_012;a_1a;a_2b;a_3a;a_4b;a_5a;a_5b,3.5201948751451173,1.2989560888286253,1.46968826204233,1.2821420908229975,1.7247853830426199,0.45975808746211966,0.9358897181690602,1.0453976637237232,0.8942942119300838,1.1001840295502916,1.4764326471514755,2.2038044808585138,2.4825125587035397,2.0544680766933063,2.5728171754277267,1.9524498021222467,1.4189846426034805,1.189247969263157,1.9374280175743777,3.594266495010892,1.201678051514032,0.707003556772328,0.7309328311344334,2.383091422370406,4.00675359124043,3.6292158448305285,3.143404185741407,3.14800054543331,2.955490680808415,2.6446361775647422,1.9274512123179117,2.0250577738882636,4.831520226158079,1.503294963099551,0.8372117692841309,0.4564562591495203,0.13170433843500728,2,gated_alive:a_012:90942,74.68387603759766,-13.796236991882324
CellCNN,27,0,-0.823993444442749,3.7106897830963135,1219.0,200000.0,411898996.0,a_002;a_003;a_004;a_005;a_007;a_009;a_1a;a_3b;a_4a;a_5a,1.96021479997958,0.6193821321555415,0.5908785796211612,0.9033323348228565,3.0664200298024005,1.6827180234413466,1.3909711718211977,-0.038892109834335414,2.0088454327776026,4.338617242943004,1.098580937736968,0.3229213229276536,0.24705278225939484,0.22691207282645234,1.2533105683185037,2.5052814448807754,1.7108662832160484,0.25546018114225433,2.19578308847632,2.399258247476569,0.9389881586248611,2.3060219076012665,2.416762552785644,0.8825341237482762,0.17302684849277467,0.810497977290019,2.245463001140929,1.9453297696533591,0.5888576724197553,0.5263398626061789,1.7919891912845296,1.418156399366039,2.8554431565521914,0.8374554319579385,3.7746553843698853,0.8574358769769717,0.149460317552045,3,gated_alive:a_3a:155089,42.668861389160156,-27.989412307739258
CellCNN,27,1,0.7527066469192505,4.671737194061279,1919.0,200000.0,411898996.0,a_002;a_003;a_004;a_005;a_007;a_009;a_1a;a_3b;a_4a;a_5a,2.123078348868152,0.6155521223353626,0.5946384436685852,0.7097975980762652,2.330080125678141,3.9416050973352323,1.2999988871481203,0.15009441443944924,1.3735038201506211,3.708381644629877,1.01020211179178,0.3425248683070028,0.30647124971866935,1.33016962584794,1.4547823424793096,0.8152144121607257,1.6635661531703712,3.4710235477914355,2.223784607695464,1.3510263022649893,0.6039879273118078,1.364239637793584,1.0685974773589313,0.6613082987555091,0.26874483176742814,0.5555446754458357,0.36062729316350595,3.5107475000415667,0.8181035731373895,0.20768799480166436,1.9992358710363984,0.9481994101267317,2.2051769048579457,0.8919948944696454,3.6140580135550486,0.4411357112353957,0.183799354239441,1,gated_alive:a_002:26483,51.76649856567383,-34.071170806884766
CellCNN,27,2,-0.4557218551635742,4.1635894775390625,1090.0,200000.0,411898996.0,a_002;a_003;a_004;a_005;a_007;a_009;a_1a;a_3b;a_4a;a_5a,4.491594072315978,2.071885930351302,1.5781695801406002,2.3794403043864487,3.0982490941159075,1.0196964752884399,0.2485000303579567,0.03860492141214584,0.44609516781152425,1.5028883724535897,0.4205544503938137,0.24314060096460482,0.27074564139895985,0.8680720421547815,2.7972419191884526,1.7846502050452486,1.7516052204170884,0.5353510883610823,3.0168460028224686,4.594757466281362,1.85004938985612,1.210901646953719,1.3376437411753772,0.6216230325157102,0.7959836346789908,2.816933801732402,1.2214877301007894,2.521148132327079,2.0431101265493696,2.042953178936022,0.8558433854340047,2.9564479411733466,5.608785903289777,2.3554796400185194,2.646354046978223,1.4513111422993479,0.31953452971412527,8,gated_alive:a_003:80245,37.77744674682617,6.139837265014648
CellCNN,27,3,0.3572216033935547,2.316807746887207,2505.0,200000.0,411898996.0,a_002;a_003;a_004;a_005;a_007;a_009;a_1a;a_3b;a_4a;a_5a,4.092642442841351,0.5300006380649526,0.3136450352026449,1.0677314790872556,1.7027091580404512,2.523854922399354,0.7980972125345946,0.006414013271428403,0.03522020993664981,0.970266709489443,0.12403807842059389,-0.06232561849036304,-0.032378397703754246,2.085272979999677,0.585768650203218,0.022325388873353814,0.47890242356653634,0.2989786899075941,0.6145887545676416,1.2245984683572833,0.21472035811229453,1.9110855453886313,0.4997770255956317,0.04312117463785239,-0.057561212078784764,0.20679276254060147,0.036729179683759924,0.4562419602643474,0.0636624831894618,0.07369681808317302,0.09622183434949329,0.23231904213271426,1.9145745344390184,0.3783308447234076,0.8247418737943454,0.03014596781038185,-0.03176881275058421,15,gated_alive:a_007:101548,18.769132614135742,-33.01578903198242
CellCNN,27,4,0.2811111509799957,1.5657156705856323,2687.0,200000.0,411898996.0,a_002;a_003;a_004;a_005;a_007;a_009;a_1a;a_3b;a_4a;a_5a,4.288751890191897,0.3951155629869472,0.35196431403259526,1.8571073807925842,2.2809153108035667,4.057233322500571,1.5295774674600202,-0.030584851892469015,0.2002178933991725,0.5147462488877622,0.001743860977511991,-0.05194742013970339,0.12164649615469962,0.13174167751551516,0.8720704650981094,0.004351770259193814,0.49855934019382425,0.026418266514173054,0.9496024749182495,0.615328647810961,0.4068007845677481,1.1862961109515515,0.3516688641203102,-0.05575363512026296,-0.08494209484919488,0.17767641846115187,-0.044160639462661105,0.23084079562591284,0.01439939716239653,0.06578371774953747,0.018259922740926825,0.09475516203218813,1.2446654346185086,0.23256151690330434,0.6789652513666237,0.028599471808319385,0.02397833637353517,15,gated_alive:a_007:33222,21.88019371032715,-34.74247741699219
CellCNN,28,0,-1.718223214149475,18.35529136657715,375.0,180000.0,1143810328.0,a_001;a_002;a_005;a_009;a_010;a_011;a_1a;a_2b;a_4a,3.2543107556517548,1.192879106989596,1.6449608552660793,1.7083505526153215,1.8991035496853292,1.0637594539038837,1.0375730524072424,0.8927610408775508,1.0099440087526455,2.3445885777066,1.3095821747121712,1.6298161562600484,1.480289458680898,1.660106713039102,2.6030773592096135,1.7349293757757793,1.3625717256170076,1.1190005891985881,2.80014207053526,3.698503387150665,1.5157380723543465,1.157124539599366,1.3369791881275983,2.024111046395575,2.301836275873085,2.6368865492797147,2.2249909525870035,2.386789990765974,2.4821216636896133,2.021003048856432,1.7551663348308455,1.9410027343916396,4.795233114028971,1.8836316199571204,2.1415803538666416,1.3447709678346291,0.6014356095530092,2,gated_alive:a_012:90942,74.68387603759766,-13.796236991882324
CellCNN,28,1,1.350913405418396,6.831781387329102,1919.0,180000.0,1143810328.0,a_001;a_002;a_005;a_009;a_010;a_011;a_1a;a_2b;a_4a,2.2287493342509563,0.705515119114139,0.5699340741091403,0.8601528459183934,2.596164871094167,3.6286357334282817,1.0496389002830195,0.08873979996800062,1.2663434711008912,3.879298293194879,0.9652207610300192,0.3449744670655417,0.32504809826436,0.8978330282540842,1.2616357859881382,1.152480270149099,1.5897766269742801,3.720251163633743,2.0109541070597916,1.4260174039302191,0.7295861189358912,1.5181421303914504,1.25671881761208,0.7816379896167931,0.22857422413644593,0.6915962229372693,0.7355493477620212,3.5878396582687317,0.8633057647505331,0.31472272044994537,1.6646096236676398,0.9932372521879268,2.3816256048331312,0.9399303168924321,3.6468586782910757,0.40777926989558,0.19292298909307615,1,gated_alive:a_002:26483,51.76649856567383,-34.071170806884766
CellCNN,28,2,1.3022534847259521,5.338291168212891,1946.0,180000.0,1143810328.0,a_001;a_002;a_005;a_009;a_010;a_011;a_1a;a_2b;a_4a,2.163129939383553,0.6940125866040091,0.5530136230926027,0.8363871841809413,2.538424684366594,3.689287183979667,1.070225447764071,0.08865934545829152,1.2921403848803252,3.9015140304115663,0.9788205014097082,0.3348804538395135,0.3452435221606888,0.873153237246758,1.220951604159605,1.1111041097906098,1.5516247524730402,3.6763934337467967,1.9819469378666137,1.358561978884835,0.7002560012882885,1.5056265566260785,1.2068787656085185,0.7694499812112223,0.22280824993536832,0.6666011387705095,0.7593635200328811,3.5376711401318843,0.8189559170534336,0.2977438004245965,1.6917431351607835,0.9376279266853482,2.338109021736352,0.9230882297270598,3.6344198980016915,0.3927151629891355,0.17236950998703562,1,gated_alive:a_002:26483,51.76649856567383,-34.071170806884766
CellCNN,28,3,1.2276442050933838,5.353414058685303,2108.0,180000.0,1143810328.0,a_001;a_002;a_005;a_009;a_010;a_011;a_1a;a_2b;a_4a,2.2006750329465765,0.6985454889059248,0.5639651407922467,0.8458266672066842,2.559018035960578,3.623339023093487,1.0666499102520992,0.08138658594313591,1.2678062851589122,3.874325001563321,0.9712237903194807,0.32682288132656506,0.3354102833368907,0.8922686514362977,1.2455620750708676,1.1489328814431896,1.5668759311963636,3.6472499855781644,1.989234982945548,1.407481197061476,0.7085426634831187,1.5135888298220719,1.260105100874652,0.7321292914192914,0.21369962332155532,0.6807597060783518,0.7473758348206123,3.544482009566656,0.8446142357741189,0.3034274367291835,1.6584271924275906,0.99438500352321,2.3781245347361817,0.9469287734798688,3.6187088363916584,0.4058397446636538,0.1836116350414344,1,gated_alive:a_002:26483,51.76649856567383,-34.071170806884766
CellCNN,28,4,1.2003262042999268,5.4799933433532715,2116.0,180000.0,1143810328.0,a_001;a_002;a_005;a_009;a_010;a_011;a_1a;a_2b;a_4a,2.177671043759105,0.6749819149266986,0.5468299109249334,0.8457707132801723,2.554823674147658,3.675761293210657,1.0737145015255234,0.10484151317361366,1.2587501097272242,3.8909043005878563,0.9740407990351628,0.3287760854792397,0.3385867087529823,0.8704639329372823,1.220583425965914,1.1190550909933992,1.5420811702262984,3.6317641413955473,1.9726713773431528,1.3344286311288693,0.7141714585355203,1.5284232260615433,1.2364782276496227,0.7511486307163938,0.21593999259701444,0.66253194554398,0.7690383130891336,3.5184211547791056,0.8156748723672922,0.3028715691300386,1.7166187625322198,0.9967402157767976,2.2967122022300432,0.9028174431848983,3.621715327433226,0.39696074953025945,0.17675591699335225,1,gated_alive:a_002:26483,51.76649856567383,-34.071170806884766
CellCNN,29,0,-0.8089205622673035,5.429832935333252,1465.0,200000.0,1897707215.0,a_001;a_003;a_005;a_006;a_007;a_010;a_011;a_1a;a_4a;a_5a,5.656650628622481,2.6191427709924935,0.8725270419824176,3.437261995438283,1.8764201414814934,0.3333232103443288,0.08578737867993513,0.029206934652319844,0.06343135681982134,0.6219797179002052,0.1267965713350691,0.08960651404872666,0.15806709869623994,0.1496932525584258,0.5607257506867641,0.14181731602050576,0.2802283570105242,0.31920179410773225,0.8012632514608375,2.702689474202699,0.5001128267207425,0.1778167416339517,0.39048315698375097,0.22152777999299206,1.1268810822497843,3.918281684353083,0.7033298508491989,0.4058186708640886,0.3767282971251351,2.4884616008283467,0.2383107725382463,0.5317158616456654,2.160602521940306,0.35114668750306655,0.3256930295632653,0.12427992486950597,0.21847164701199978,4,gated_alive:a_2a:48368,-49.71990966796875,-26.472000122070312
CellCNN,29,1,-1.694950819015503,13.380606651306152,1702.0,200000.0,1897707215.0,a_001;a_003;a_005;a_006;a_007;a_010;a_011;a_1a;a_4a;a_5a,2.0074723082324466,0.5490588982375778,0.5245962265459493,0.9336270826153004,2.2548943520117315,1.3502328267788426,0.8395473982653174,0.18945539392858618,0.839974606164736,4.008863139987427,1.1899433641103996,1.1141413918573362,0.5051920153882736,1.6503462997338085,1.5684012812074088,1.9966589523751297,1.552308333006271,0.2981894584767987,2.2494472246097246,2.8260389925956755,0.8467668656488194,1.9189547223958803,2.138967955410705,1.862583090131073,0.6290016308734038,1.0801201759324985,2.72012295173897,1.81398662394899,1.2126259661038397,0.7018718759897588,1.0551509272301185,1.0572639806761754,3.0481357846401593,0.9738208624486703,3.415039016821829,0.9711318189599311,0.28929717450373404,3,gated_alive:a_003:74972,41.51313400268555,-26.00633430480957
CellCNN,29,2,2.9641363620758057,9.85905933380127,1719.0,200000.0,1897707215.0,a_001;a_003;a_005;a_006;a_007;a_010;a_011;a_1a;a_4a;a_5a,2.405191475180883,0.7346795347206069,0.5211391708014531,0.7338608583882462,3.071941213481022,2.983518282109205,0.8319614584409112,0.08660829379728584,1.3110451486589194,3.4668192193774634,0.8032933130010815,0.4599701920681187,0.3017346876845446,1.229928978808338,1.3323642357018624,1.1815538581798244,1.8171374694977351,3.8858475581357617,2.1495603666808227,1.5789308145796281,0.8600783415079489,1.3937703289685244,1.2212184923679994,0.9950875943371067,0.39795666918594125,0.6967874491077617,0.41215118319702204,3.762388065817087,0.8449290776906706,0.26078155079679316,1.2263689603813612,1.0653058338833459,2.281210874140577,0.8561655922818315,3.649131791478694,0.48102827260510816,0.17047004039583386,1,gated_alive:a_002:26483,51.76649856567383,-34.071170806884766
Citrus,0,138664,-403.839446326451,,,,,,3.05606068365578,0.548488445577813,0.384416223031352,0.967256004631457,2.67661602683699,1.49702153367627,0.906333673952118,-0.0232498441910969,0.516214774462071,3.98865447817815,0.84372423542417,0.123123316431726,0.210727146390754,0.660726843313104,2.94005194967861,2.35806470393943,1.60973371747333,0.324532020141116,2.76613667320932,4.63426297866594,1.72899183205141,1.88799763358573,1.86227130520962,0.426144836622039,0.0204154619577367,0.712312184520257,2.43841215900231,1.51504808547556,1.778621200592,0.210464002301064,0.639712386925566,1.20515172094171,5.39136418704795,1.9070425038348,3.36671093804002,0.751894438317983,0.230875392751635,3,gated_alive:a_003:26299,55.63618850708008,2.9769082069396973
Citrus,0,139592,65.1452443750374,,,,,,2.7579696946488,0.611042844811921,1.13404497930849,1.06978037314808,2.92479408963708,2.52595224942906,0.546504533783057,0.119279869395036,1.40079716559382,3.38203463780511,0.929887217435559,-0.00209312923484646,0.172642141949232,0.820198189869485,2.63282897225045,1.11338135647875,1.81848597945079,3.72174434492336,2.74522348926029,3.65128182854907,1.22450639413164,1.0774450543065,1.08894823828019,0.256512132160744,0.202395147437838,0.614828503364482,0.846107370399404,3.48511092019654,1.7262337206527,0.394375603918755,1.9606939663605,1.04500496688396,5.1381801676402,2.02679997700973,3.54075367300138,0.661971286811392,0.177066754253787,2,gated_alive:a_012:76920,37.39033126831055,10.225042343139648
Citrus,0,139652,-152.913633988145,,,,,,2.17835979791542,0.473786663499815,0.230371466110435,0.142252832664765,1.03349579061933,0.350330248709329,0.0104681238704058,-0.045654831320964,0.11539731511065,0.974556155201193,0.0368488576137743,-0.00726172289296796,0.0233035494427362,0.239100807887774,0.571573956707895,0.442529023660537,0.524147290884739,0.0915709592532873,1.00789151800348,1.82814786660553,0.208415210556008,1.15595815395952,1.35821215885129,0.312006545241894,-0.031756176697242,0.136940758900577,0.0674640073405164,0.635052598989728,0.149713112708204,0.125049893957592,0.0762876173227723,0.406262240735591,2.11630857199545,0.206623044337592,1.27644425047146,0.197394244592856,0.014720519176939,6,gated_alive:a_009:141606,6.004587173461914,-14.600286483764648
Citrus,0,139715,-44.0747275007269,,,,,,0.905545431333689,0.323806989755673,0.150622497268246,0.197299955030156,2.1483612280636,0.45819478998392,0.683699136617826,0.0348848802802047,0.898112477768212,4.25880918375314,0.805406385246175,0.0404762169547555,0.198827424091075,0.118375820726075,0.523550191445754,1.96908430733669,1.43869315088226,0.358410103489925,1.69170611824862,1.48180955061775,0.484602688289139,1.80082421596141,1.98476912890937,0.437200554938261,0.0978051211425307,0.306138357584821,2.04078998005764,1.39260978462068,0.191060623535659,-0.0036478945873313,1.06323456290416,0.573233991471995,1.26380940492751,0.22953224436281,3.30936066973876,0.288437434701997,0.0128842387230621,3,gated_alive:a_009:197243,42.700233459472656,-26.8309383392334
Citrus,0,139848,-67.9846933151294,,,,,,0.880678487168277,0.570260476214186,0.140561759472519,0.204114817523726,1.21243445028917,0.108851986115496,-0.0459627407437654,0.0121580075121205,0.0378915814405996,1.12582945084079,0.11588552962036,-0.0701503601811419,0.232417170362141,0.0307838018827119,0.251188596808408,2.87344783771849,1.61903750149836,0.766096331649635,1.47645362563509,1.92639451610919,0.29328535278998,1.51214582546854,2.10975278874815,0.299241787164769,0.214540652670108,1.14355544651995,0.415353859736631,4.2292595582125,1.01761712128488,0.204415620261809,0.207583265032518,3.73019257099119,2.10713773052431,0.796770862656231,4.88435160232287,0.91354044560312,0.371907776133024,3,gated_alive:a_011:87686,55.49613571166992,-6.413405895233154
Citrus,0,139889,-55.2488824760578,,,,,,0.933952345042246,0.181688371026223,0.0547717557259552,0.0907614051127345,0.777940659363985,0.135343624066713,-0.00375097418402876,-0.0653778566231374,0.0209541142995679,0.737954270596615,0.075803808671762,-0.0175815893296889,-0.0170651471226522,0.108700450812444,0.210475345411112,0.171771038029417,0.332807876247556,0.0278643905671167,0.651940203857964,1.11381304191906,0.10360538107474,0.377852207153639,0.727630327299256,0.087890978296002,-0.0618133770152094,0.130956464333656,0.0281614691466281,0.33514869348194,0.0373086785003601,0.0310065041178976,0.00591068490226934,0.272831642460794,1.04440410455653,0.0537085982113842,0.62651529164553,0.0277412115198173,-0.0148735332340714,13,gated_alive:a_006:16548,9.316597938537598,-13.414752006530762
Citrus,1,137836,810.135147457847,,,,,,4.64918389480113,0.686603339742275,0.599518805994428,1.21193641053584,4.94069855494195,3.9344439810947,1.57700908503173,-0.0225609691659014,0.22948490105176,1.36741029518034,0.14188753911805,-0.0330120044293281,0.0634450444246198,-0.00158321317694045,1.76065086623936,0.117219223951416,1.87225037796266,0.302526870507763,1.57064691287741,2.04831706641508,2.21408866328292,1.00658206642548,0.346558061527988,0.0894721095972812,-0.0331116423196942,1.76810611275005,0.0795118428354944,1.78757663748339,0.19287235309151,0.121564714871861,0.0312182839470476,0.162669780752487,2.33811559863667,0.468714417018365,0.351101812687423,0.105672029898242,-0.0169720597366552,1,gated_alive:a_5a:82589,20.977489471435547,-43.59345245361328
Citrus,2,133606,-2885.86187769871,,,,,,1.70020292610281,-0.0207771850107677,-0.00946178257004048,1.61951972165778,0.0149924825533545,-0.000448146993795474,-0.0934166326411703,-0.0779409197272931,-0.0374719834556706,0.0864525162237091,-0.0709746158626726,-0.0717160536951245,-0.0890167860100211,0.142556523963898,0.975924641438466,-0.0627113756315814,0.0150623352754244,-0.0391598906265889,0.316106691284653,2.96513908551967,0.581144682635354,-0.053302949759883,-0.0971068183820754,-0.0694701301012342,-0.0777668960133077,-0.0332130347261827,-0.0837522702792415,0.0124205165265128,0.271975725913363,0.0515096754804498,0.0177444793757734,0.0807861208202742,3.64929116454949,0.868937027864575,0.0562178559161175,0.155114334662007,-0.0456656992011676,8,gated_alive:a_007:64794,-11.046820640563965,17.606746673583984
Citrus,2,137185,-407.207846174512,,,,,,1.72384537464626,0.41061730986675,2.57320267001789,0.587701266809923,0.956615633722216,-0.0148819608929445,0.0600406845435833,-0.0424387526515479,0.0456285415463318,0.132748561262605,0.00920376300378844,-0.0350949220270198,-0.0972556582416737,-0.00192589304820381,2.40370115705162,0.00411347777860991,0.00234428213809979,0.0522441917935206,1.06127291272067,2.78424994115735,1.89033700309949,0.0642603166766677,0.0489819053272348,0.0936997522478746,-0.0558200713280218,0.129879567871744,-0.0744180960024258,0.0151198014839637,0.190921589992045,0.619382655130148,0.364164324172544,0.454534328497524,5.46129018142663,1.51109966463037,0.74145194960937,-0.0104889622955918,0.0536636813944519,10,gated_alive:a_4a:195476,-31.110393524169922,40.591392517089844
Citrus,2,138137,-1499.82482978675,,,,,,3.49340325121716,0.276923052014622,0.121868519731202,1.6452626759083,0.760669400204707,0.00971182491369048,-0.0301942378150445,-0.047696458848421,-0.0494452461031597,0.181092770317686,0.556745816969356,-0.0794271199971769,0.190753240957647,0.306398851357159,2.95235844620372,0.170959826599361,0.0558241419646673,0.149569046289752,3.35183248242723,4.93838803347345,1.68985567761015,0.254184020405274,0.0443802896736844,-0.0791008143420166,-0.0603969693710296,0.243890358945548,0.0219556435154984,0.0820346839798413,2.3941517989486,0.0480562097405498,0.31366960156706,0.269484022893142,5.04408991634319,1.26827461468793,0.498899678004698,1.55078843789992,0.0422474985554474,4,gated_alive:a_012:48147,12.750858306884766,40.12979507446289
Citrus,2,138828,2748.23928395169,,,,,,5.0856454803934,1.43260385028009,0.703693304800432,2.09208797053432,4.65369076849371,3.91980491493498,1.42391383496902,0.0184923802772663,0.24332131006209,0.800888569536387,0.302236635524301,-0.0199973126144607,0.145030959236865,0.168155787711451,0.801988305088653,0.171630843973984,1.88183408741435,0.397321852134824,1.7722825670934,1.86179022475771,1.41903618333936,0.944436140377371,0.576503150429369,0.0831160085975839,-0.0461554973292938,2.50705415489228,0.301464787244549,1.37328686227858,0.195156665861185,0.656137643916605,0.102805789485228,0.348680541291345,2.24367504674372,0.12649565703575,0.509845793809636,0.0478741714012651,0.0435910277608686,1,gated_alive:a_002:98541,7.333748817443848,-53.81821823120117
Citrus,2,138841,450.908054546745,,,,,,4.5479451965064,1.42079280108304,0.422534294259332,0.511565649907288,4.91374248970922,2.29955539742226,0.375897255694117,-0.0236027159249617,0.0141303369662482,0.703974343051147,0.0300700868154353,-0.0285701936659491,0.0879619683420076,0.133083985999201,0.948477969388171,0.15523903384021,2.21358789840123,0.495528677027725,1.40323388834343,1.92434521216799,1.89581486060995,0.247535807792045,0.570151455805443,0.0369532358329823,-0.0222224521841552,2.7266201425943,0.189585754455766,1.98790175717654,0.15449816042079,0.232744534773671,0.077556490302007,0.381529735091411,2.08292221514091,0.171565177567022,0.208061848406687,0.047471194339354,-0.0243516628227497,1,gated_alive:a_005:10500,8.984505653381348,-52.21149826049805
Citrus,2,139309,-60.5297405960709,,,,,,0.862051111929556,0.341987513144758,0.0219777621271987,0.0464833647099215,0.93066624434818,0.112787863491172,0.0370729821279281,-0.0941287842553009,0.0418796501505032,0.18521494546608,-0.00775988995667047,-0.0790392049855901,-0.0797087514024134,0.0959146904815218,0.0636496118815689,0.522725604120139,0.861793662929839,0.14701095993706,1.44190261138283,1.35883925535509,0.17098299298834,0.808689353859097,1.62880139435103,0.053581912337996,0.0242935694654854,0.096634366754539,0.00776029854708709,0.622846356896079,0.0871318842801755,-0.00443535629669284,0.373593322093914,0.411408647781881,1.24393663963472,0.0898567535372847,1.54229914563034,0.12715877272934,-0.018055850875122,6,gated_alive:a_006:46505,8.831811904907227,-13.013651847839355
Citrus,2,139776,178.833371352801,,,,,,2.82968268042362,0.363746832308244,0.295718338391853,0.347792724830991,2.90808257797453,2.64966085151104,0.524485945405826,-0.0118600407652496,0.894824766019757,1.29449818358458,0.245406915155761,0.047205906005261,0.0400645253776309,0.250264947853782,0.995222530400174,0.223734557156976,1.38236638816636,2.58726797275929,1.51046237289785,1.48050002884822,0.719405193975273,0.952894497996257,0.699470594503887,0.23314910928503,0.0286553963846431,0.35755485222083,0.196911803639923,2.62868274228504,0.481023194055836,0.120015436333127,1.34523521188619,0.316039107266833,1.45140612834769,0.311401483767943,2.03955439304786,0.213169599259006,0.0722859738524561,2,gated_alive:a_012:177095,2.4189836978912354,-20.60906219482422
Citrus,2,139855,28.2351169091986,,,,,,3.27263983007647,0.48818660388416,0.362732771731887,0.433591911773088,3.2523304701783,2.97694055763768,0.688263428550496,-0.0062889450633774,0.887111575902722,1.17179337429628,0.218975309373772,0.0276598490309988,0.0170325951299241,1.04086664616214,1.19583227275137,0.242783289741082,1.55403616102196,2.89087620470076,1.70088966896021,1.54957915500253,0.855516204913272,1.01995552529944,0.752449287228353,0.185028703568502,0.0405117664371657,0.436386569031187,0.222018457988881,2.82699320177749,0.561493167668699,0.148208689445233,1.31909109249318,0.303138906126989,1.63586873423943,0.402476643295114,2.16588827809934,0.23958107073393,0.0529995027906863,2,gated_alive:a_012:177095,2.4189836978912354,-20.60906219482422
Citrus,2,139879,31.2590108518416,,,,,,4.32574542149309,0.98854884707634,1.3087487651259,1.50089534392737,3.66217384224559,3.57601559227269,1.00934354801138,0.0850342331327821,0.749507810755771,2.86328536074011,0.666260078132837,0.0826883688109717,0.220663467236625,1.15716918411471,2.89001024503941,0.904240117035088,1.6890165217886,1.7255719839711,2.77087611897346,4.00912670151157,1.57552274322927,1.28332973765449,1.18455871832002,0.402699472705077,0.108631005739815,1.16317296565617,0.476903373043096,3.34521118351752,1.57880729593283,0.636110506845557,1.15746338127374,2.37964541949635,5.41097575954607,2.16953898428654,2.88926176171866,0.588486213331224,0.222738288933271,2,gated_alive:a_5b:49747,34.7572135925293,13.862288475036621
Citrus,2,139883,16.2371823461419,,,,,,1.78748640537616,0.615703599577374,0.375036603316961,0.628281898090436,2.57459740647474,2.5503688902186,0.680044216508404,0.0278867619606894,1.30062042479386,3.81781018938532,0.82751744519409,0.0207325810525696,0.222821611249293,1.02076020610514,1.20178476292968,1.31848695240561,1.66686711400993,3.75712212493054,2.14981137095223,1.5606839559722,0.54651484743638,1.29829318212151,1.15323810990191,0.167323054760977,0.0668968708475449,0.749418123476466,0.58692717389741,3.51889157526922,0.78145139075211,0.255501356216212,1.76658888471558,0.605006939868522,1.93779498503351,0.702965200389565,3.81585722959051,0.545423364387598,0.168597685307044,2,gated_alive:a_002:26483,51.76649856567383,-34.071170806884766
Citrus,3,137436,-1328.63795373971,,,,,,4.13885097441155,0.522178028509248,0.13796910177792,0.399720312131231,2.52799764630666,0.414906646589395,0.00386180122633121,-0.060111772898041,-0.0122201290647469,0.302624604422376,0.0473822118685237,-0.0753917544234314,0.121096317265315,0.950968781289854,3.1156839230187,0.192834516514683,0.256039544454338,0.101897251747058,3.15645298168634,5.03432908359935,1.86089264042541,0.0663476830841952,0.223336344742458,0.0946405196051836,0.00691372512521021,2.12390230729847,0.0103298414810001,0.201263281740538,1.86286232973664,0.427922297316005,0.367538106241911,0.372123998805202,5.36712215845299,1.8176377525412,0.600940616202932,0.222353728841932,0.0173651535819202,4,gated_alive:a_5b:4781,9.616520881652832,27.89339256286621
Citrus,3,137807,-500.948322627982,,,,,,1.1853994270875,0.440517190573999,2.6640306504973,0.287463928385418,0.934550354533755,0.375520239665279,-0.0195608683296628,-0.0351520869070362,0.0773261987839364,0.67338216062709,0.519197239243225,0.0144994125524149,0.0460473540518825,0.126086266117659,1.29129695918367,0.275962942327073,0.777225550443351,0.0709244626903727,1.46357615054919,1.51185834366381,0.252661167511356,0.76500715779903,1.23695288927764,0.190219583632283,-0.0258626030869716,0.114652752258439,-0.00489705289556293,2.15014220085371,0.231534885256525,0.586401844489174,0.355812470179732,2.56571030354308,5.61516339916619,1.88469119112512,1.91608275607536,0.0576132232284266,0.134203388644195,14,gated_alive:a_5b:125825,-38.952030181884766,41.18482971191406
Citrus,3,137828,914.59645451592,,,,,,3.88167274425659,0.63954627065973,0.201254189145254,0.19665196864396,3.82760791187561,0.343815708195028,0.221921104509144,-0.0884473933653768,-0.0375541191784462,0.642998187796742,-0.0416432581311259,-0.0704126234850657,-0.0678200639578619,-0.00713488625699908,0.147310407267815,-0.0246207552913975,1.66329760094923,0.214615206476624,0.298925103731825,1.96657450729093,0.562186905217927,0.0243368012908814,0.405742024828995,-0.0142645000933662,-0.089159804351151,0.307007223147759,0.0230476344843175,0.169885965824805,0.00350496404932729,0.302650417739702,-0.0160518258616072,-0.0135453998328073,1.45282539473756,0.0113529165743582,-0.00113648475624439,-0.0898637561342899,-0.0480029804300258,7,gated_alive:a_006:41379,1.4869991540908813,-44.89700698852539
Citrus,3,138487,549.109239495827,,,,,,2.68067231691209,0.209857813926471,0.142930489823656,0.176817952924298,1.3028560641966,0.238737343210988,-0.0343885077974844,-0.0714171305870872,-0.0307912106620221,2.3983545435324,0.0812410494781401,-0.0536332294766766,0.0076666523408806,0.0583806334001637,2.86997361171751,0.171226965738638,0.0486141588644555,0.0336845665367445,0.901674791773066,3.69114060303177,0.975572078166568,0.0724762226233704,0.0552818410399294,-0.0444291741498017,-0.0312100579672651,0.235630547200348,-0.00467532579502784,0.0607595677368342,0.267347579666368,0.00442660398320682,0.0601662097226254,0.617389625206982,4.94148784189796,1.13587020046332,0.877128773386912,0.0940127389369244,0.162739179239271,8,gated_alive:a_007:90037,-6.0195231437683105,20.57468605041504
Citrus,3,138914,-769.749583900955,,,,,,0.83181097066562,0.29382514234625,0.156184895359839,0.108268048779397,1.19093723128111,0.220216926572077,0.0407560801393686,-0.0767749662414678,0.00369435904335522,0.397095158594348,0.067692799126528,0.0223163015122028,0.00367373096725999,0.211530765594345,0.203184826809951,0.322078764731267,0.928705851727035,0.254621581968721,1.62669545910899,1.20138326062204,0.150370237721419,1.19906420765694,2.03032775712955,0.460079732825708,-0.00141339433669429,0.182561503510998,0.208502906414374,1.44047779924408,0.181512684431533,0.308437903504666,0.140626646466056,1.16100813513109,0.979451906590359,0.164573770875497,2.45678453269226,0.307084385836285,0.0172431491630448,6,gated_alive:a_010:48366,9.425275802612305,-12.908926010131836
Citrus,3,138949,1005.03844047196,,,,,,3.2397111716504,0.449948739619127,0.182311466458306,0.715406434062646,1.36145142920245,1.69118185581404,0.00832749166678508,-0.0436213217044848,0.0123793251821114,0.777168860674198,0.064664627276334,-0.0719430015035891,0.00498642099895439,0.20174032041755,2.39735252375739,0.173172182079353,0.261084906628849,0.276166116322066,1.76686973556268,4.17190086542512,0.593284536741769,0.0934116691391225,-0.00550389443085897,-0.0306965242260851,-0.0281818344672376,0.338112287721695,0.0190246458149878,0.554015715367924,0.52381733970933,0.0588971426629387,0.0116548988185379,0.80353534211832,5.08666843643851,1.61988408537955,0.538771453709521,0.391420753401557,0.138559566720498,8,gated_alive:a_009:174715,2.7565505504608154,31.77058219909668
Citrus,3,139847,-71.632984679278,,,,,,1.26090429524441,0.544526274999899,0.280771087314392,0.327757208735452,2.65367020799958,0.9489103393803,0.781655853263101,0.068822291343702,0.848363288357023,4.39618847350739,1.20533092203892,0.140582225151255,0.282721324761021,0.732361367563343,0.488733564834681,2.55602925258093,1.77170869355867,0.351466494325476,2.21166680075443,2.03442285008219,0.56698387830817,2.15533804214831,2.4262307631365,0.690473961259124,0.144914311652035,0.488908712796956,1.56063593335025,2.04446297275921,0.395860015639798,0.262408385175609,1.04169811583366,1.35213036369965,1.62060986955154,0.317977212413503,3.49750322370742,0.440442248545022,0.0953492341017246,3,gated_alive:a_009:197243,42.700233459472656,-26.8309383392334
Citrus,3,139993,8.39780983777863,,,,,,3.86859768738737,1.0563765549564,0.298384270448117,0.730989429635825,3.34637187930694,1.40386221304749,0.288320578572036,-0.0399367766451673,0.0927505615015265,0.575448248399744,0.0691027774113821,-0.0183778971780978,0.00511508706814698,0.246899902790326,0.48207509418845,0.0616708967856265,1.03317992286014,0.243471690212239,0.779024960370197,1.33331054339456,0.888581020984283,0.513669308819139,0.468599094673802,0.0811096260775866,-0.0204812380249134,1.24620510525609,0.12413262758046,0.86315822982656,0.17456787983785,0.547728601468676,0.105509918050061,0.588866631818047,1.58449532215174,0.187104878663146,0.549022241330174,0.0405020372266979,-0.00517097027540557,7,gated_alive:a_001:81367,0.21647870540618896,-43.44649887084961
Citrus,4,139911,60.6995207563526,,,,,,4.08269705627372,0.778146289950604,0.479238854145702,0.987367620179646,3.86071274219907,3.80049010351036,1.07083269244261,0.0676181380047775,0.967674769946969,2.29073535998858,0.426055501869326,0.22099263204714,0.153455919803035,1.2058501715277,1.44433287712879,0.549830049261263,1.5982415521654,3.34926236209849,2.01208982838034,1.51316983484236,1.11610786288287,1.20838700775876,1.08131923686074,0.565303669310159,0.166931878894925,0.851151967377337,0.626788762678547,3.31510280845465,0.690269195422352,0.334841194282737,1.47907934778347,0.750165725696823,2.02609444134288,0.553628294749018,2.66682763628105,0.326310585267154,0.082488659408096,2,gated_alive:a_012:71396,46.579307556152344,-37.156471252441406
Citrus,5,138089,148.728416815133,,,,,,3.00724896871255,0.632511311163432,0.431769772069666,1.42955686910196,1.87695064254455,3.83705436670793,1.20157402817024,0.113405493241703,0.857316161009691,4.39160860176204,1.03360872954623,0.0425627912124451,0.319661912754439,0.420468506922753,2.86872111210903,1.44126810780421,1.18346705523786,0.176151627189281,2.42750868178972,4.22599348526033,1.19811413161724,1.53113274477467,1.4139185165532,0.260502056117033,0.108528428909582,0.695309676193898,0.588452929593747,3.60274413661063,1.7470554889968,0.24491544912637,0.5767135423773,3.43148309846882,5.318549115702,1.7653723360521,3.4248237839687,0.565006133842035,0.402413492724508,3,gated_alive:a_011:193231,49.95326614379883,4.140368461608887
Citrus,6,139050,-159.198231939429,,,,,,0.897765825683905,0.454399024176042,0.00335488856203714,0.154476182108066,1.2690298408963,0.0826830625104509,-0.0227252764586367,-0.00168044682771791,0.204602255006113,3.14849454763072,0.33968277475981,-0.0350807076066725,0.0405500725461521,0.0526488719946371,0.218438131264977,2.34586981481536,1.25245506015256,0.0760788928756241,1.68201746946929,1.54283459705158,0.20034253543415,1.79114578439096,1.93163798768154,0.134683103432996,0.0318759332533983,0.405316799860165,0.0898652903702518,2.87756293933234,0.370267290379202,0.0110677472644243,0.0216163646336076,2.61436331774587,1.80027311547569,0.36447626794665,1.66210219624583,0.128883081376965,0.0396184389927325,3,gated_alive:a_003:19888,52.5462532043457,-10.552961349487305
Citrus,6,139548,-5.18199395491977,,,,,,4.55822688098532,1.14139551931309,0.313504885261047,2.28103000122748,1.92120759435354,0.415512087422128,0.200813492148847,-0.00180592452284355,0.608157879985202,4.0646356162449,0.973658928146485,0.0807059584434814,0.188353648462602,0.131215844558961,0.620157056277461,2.0693282937098,1.24629273314151,0.342176470750346,1.5759461817281,1.70064636521877,0.556103273099065,1.61616548851698,1.89440948809112,0.451574531109744,0.0396652398192687,1.78931083586088,0.32274862021796,1.11458942354004,0.260616129367732,0.886653507758211,0.461881139880183,0.599079208012997,1.7156251680653,0.236626875016174,2.82704362711224,0.245556258432195,0.107310158878796,3,gated_alive:a_005:45118,44.099525451660156,-15.103266716003418
Citrus,6,139952,1.16890754991865,,,,,,4.29228877691138,0.858961527632136,0.433445431082828,1.30039340928776,3.87951858239292,3.4269323983228,0.908106998904355,0.0130105986336584,0.518807477842642,1.1089900575551,0.17887392411832,0.0043832173702386,0.0836898415662125,0.329347170311397,1.23932435265549,0.156642763926666,1.26694294491627,0.691081370196523,1.37151502049656,1.53075440541038,1.15637991672529,0.87394489764645,0.679700295032118,0.160098062623963,-0.0121900737339392,0.920466330290077,0.286026260733994,1.33600871234434,0.274220939753471,0.377128026598342,0.685086573037504,0.299866823884343,1.90143669449245,0.340556619534559,1.39795318546897,0.102618097541882,0.0220509248139435,1,gated_alive:a_5a:219820,12.759084701538086,-42.946388244628906
Citrus,7,139117,186.553436325172,,,,,,4.78706194857718,0.946267426126046,0.626470060188569,0.964010829816867,4.84090501642123,4.40252956932368,1.39508402103319,0.053973878045911,0.175116654376155,0.836909231854773,0.154004624861716,-0.0293652136338958,0.107100478858063,0.495262576567747,1.31143586646838,0.153981284405683,2.10303273390518,0.483301517710668,2.17312056803255,1.94772101232219,1.83966701707389,1.62227333138524,0.674081069478078,0.0741675516585012,-0.00838631211844282,0.527923629806496,0.0529014281942635,1.60016747175774,0.212371484812739,0.166044500628808,0.035787013918493,0.258068017687861,2.54816226991042,0.383838747329139,0.650456253826254,0.108178816115993,-0.0368681005943116,1,gated_alive:a_5a:82589,20.977489471435547,-43.59345245361328
Citrus,8,137048,1163.75006069909,,,,,,2.97081860535687,0.121703298143872,-0.0439246391730472,0.368381528302832,0.621264653772847,-0.0233817758755095,-0.0475381497147619,-0.0840910127829457,-0.0702429030233251,1.69874915796504,-0.00913511679059757,-0.0646313289746109,0.0258375447814437,0.127602538087773,3.05024457984224,0.747958832893188,-0.0269918121426327,0.0993334180370617,1.58117702818724,4.50272925272465,0.663695148196761,0.000120263452354362,-0.0557073750214607,-0.0374783465932756,-0.0779329582118507,0.0144969711327429,-0.0469353884141902,0.137317045378407,0.376967041960699,-0.0294235467589926,0.0479947966681427,0.311912256649962,5.59892515412907,2.2135571446474,0.93425071072461,0.109385907483626,-0.0250488144550863,8,gated_alive:a_010:7692,1.208249568939209,25.477033615112305
Citrus,8,137053,-671.594492613737,,,,,,0.578959027784663,0.239631459952371,3.10255700004685,0.277603444286153,1.27849061980877,0.00447954544321459,0.281220321741965,-0.0488842436066692,-0.0263609089846661,0.177546971531701,-0.0477420279074888,-0.0832535204779862,0.00326001651714742,-0.0148711308676634,1.76151108363027,0.0403035000263215,0.180744956624705,0.115245384033103,1.3601564419955,2.44242807333373,0.0773773219761536,0.211302515804504,0.0260522192164623,-0.0613450674176805,-0.0744894174637069,0.0564972849480191,-0.0704867128697109,0.0936613623078092,0.0823547682550904,0.444815004214857,0.0521054928483486,1.41150906475137,5.98043876325932,2.39774578820263,1.33109281339844,0.00384223545195205,0.186330995878667,10,gated_alive:a_3b:208699,-32.494239807128906,41.38200759887695
Citrus,8,137289,1781.03126023261,,,,,,2.85251686814463,0.450445205290093,0.100991920063026,0.129415886061342,0.80019991246406,0.0099647495623153,-0.0415354358758964,0.0242988320355571,-0.063865839811764,0.424471550211711,0.126995580138322,-0.0794062123358985,-0.0425705469654296,1.82979131521239,2.1564178099351,0.0531319892117503,-0.0392088946745413,0.0527945130716521,1.92293122624961,3.75630519552292,0.685790167143661,0.0824556897525525,-0.064853316276771,-0.060607146505344,-0.0948618664990914,0.180983641825506,-0.0225411745028959,0.0281702018751656,0.560839631084379,0.0973254546074063,0.0135047091009804,0.066387496180758,4.44878003974624,1.44941037700743,0.610599364112819,0.123162915090432,0.0857516391338586,8,gated_alive:a_2b:47698,2.9130890369415283,16.639446258544922
Citrus,8,138213,39.9684434817667,,,,,,4.67244114077404,1.39287295144516,0.763920221919544,2.13022711871793,4.26283951661187,2.92035746827787,0.445676053731715,0.107032124202174,0.523565841592318,1.97158314398753,0.489612469630666,0.06784323738835,0.177041208995283,1.02112445081683,3.29512904697057,0.815307603583104,1.7172830881604,0.41764410106478,3.09003172595086,4.95297391097349,1.93165682007667,0.548070560023547,0.754755464868689,0.490007997652307,0.0514729830787532,1.85187151863351,0.17639263507174,1.80035247232753,1.85028159435128,0.501158645649333,0.782924401465922,0.529186535789617,5.41804716342853,2.24515041614623,2.57983066984064,0.784877688544503,0.264545994375743,5,gated_alive:a_4a:5068,21.60114288330078,16.277437210083008
Citrus,8,138245,127.313747175771,,,,,,3.49039064154026,0.25934330730295,0.137084279511664,0.239424806808668,3.91036737353364,1.94491072468243,0.296722591803199,-0.036534636802702,1.14961425436515,1.5999439380921,0.10828809254672,-0.000474055874319778,0.0206598022803863,0.504576874973346,0.694282185996954,0.0499066268867617,0.709096685120545,0.0848390017995559,1.00137971135571,0.658536416046803,0.894770407157879,0.0869121504734253,0.346135478788889,0.00905384305302933,0.0214187760959439,0.322645516688033,0.0991932003701053,1.26704167565167,0.188367177721791,0.0452243780305627,2.44876167483189,0.14121232595821,0.728102234169008,0.0502664080100184,0.174546412427063,-0.0519404889169946,-0.047538822350107,15,gated_alive:a_005:119887,35.74203872680664,-36.82273483276367
Citrus,8,138352,-354.089819133335,,,,,,4.58788146188843,0.205323984749507,0.274102545062782,2.63765981784031,0.349701179943345,-0.0146100753414404,-0.0711337190686644,-0.0718040759452721,0.0965667243169152,0.160016631865369,-0.0508617240376603,-0.0870510767754331,-0.0958990550335736,-0.0478267471315529,0.034119969939223,-0.0155395424220684,-0.0119007013144512,-0.0381200291690753,0.0282547263916974,1.70833703027835,-0.0186649344135042,-0.0294918750548564,0.034763877374844,0.0410838857374668,-0.0654941828446472,2.30412712148327,0.0123656915411881,-0.0185976419766472,0.00333950616256606,0.305733850125011,-0.0584864930213709,0.100347464887626,1.56559432194057,0.027530146300175,0.124730759655189,-0.0708167448252284,-0.0359387734504773,9,gated_alive:a_2a:54140,-33.9091796875,-11.723652839660645
Citrus,8,138802,-562.625425708992,,,,,,2.73358936217896,0.588471147896433,0.68238386064016,1.01320515797449,2.861711881371,1.31125089563218,0.765791274126758,0.0820526887168168,1.05958085228331,4.3560377511204,0.923262118552692,-0.00876554882174031,0.269339198885357,0.557881066438809,2.41651107183324,1.89779529821222,1.64806200388426,0.502479122968055,2.63681849215607,4.35238975044269,1.13384386666091,1.80828144501457,2.01180842334786,0.429086955789636,0.125896206546616,0.612434339268654,2.54546713948519,1.57019675112666,1.65312591843461,0.301578178831622,1.22038430049552,0.917834703048967,4.7884372302075,1.55850542192052,3.59608116884247,0.925009210172287,0.206136852185363,3,gated_alive:a_012:24825,45.459815979003906,-24.743005752563477
Citrus,8,138875,769.055659346558,,,,,,4.80442420611112,1.4020078354826,0.414273867816078,1.9573273242402,4.54070229676729,1.21803494244503,0.565532564538612,-0.0900033691002053,0.216035529708746,1.00951989410964,0.129798120135866,0.0442619145179241,-0.046057021436958,0.129254454016616,1.51727343091215,0.144017184572324,2.12548107377879,1.8570481843224,1.65297523050423,2.21350048212367,1.55114311431836,0.381375170710732,0.484175712828003,0.344447860869364,0.0119211332409506,2.42420147927395,0.252019572961605,2.47615090947858,0.850106679816369,0.847941961965221,0.193295946732927,0.272792171935071,1.95056250755805,0.335799075984288,0.745694847746825,0.0104623343977899,0.0997160381359496,16,gated_alive:a_009:154077,-13.752541542053223,-66.86801147460938
Citrus,8,139588,-101.933449174242,,,,,,1.14518107822371,0.683772455204207,0.376776324842698,0.589091732463802,2.51294996921518,3.72680810240552,1.11547388225262,0.121365877179322,0.919370470015562,4.54538518204929,1.1942108647233,0.0407531382775375,0.304154730066234,0.22241818314773,0.861644514500929,2.22624206468944,1.48900741936868,0.48618014529143,1.90192988496683,2.00044146087489,0.449030942163246,2.20259290260773,2.16142143135646,0.312579954365192,0.0513413015345358,0.573584855751962,0.897514695598274,3.65331339813078,0.760532552112248,0.380520344986613,0.615597041397462,3.46424938612876,1.88889211668038,0.544321397983557,3.82520918916519,0.57121111148311,0.154295424413781,3,gated_alive:a_002:28971,48.04811096191406,-13.425395965576172
Citrus,8,139775,-52.6043162540641,,,,,,3.64622452455455,0.401815598361081,0.148788485733673,1.45773638279365,1.26703383672223,0.127425100235282,-0.0306626539870015,-0.0638192791916656,0.00136145046004178,0.490712729914554,0.0552516792917407,-0.0242550633563197,0.0457480274438494,0.720873111125259,3.14165940191004,0.38900964307982,0.222622374889315,0.203127259839045,3.03593417455587,5.27205698335186,1.52829638491964,0.22979229343506,0.0548028391559746,0.0153958920542928,-0.000757220544210332,0.387546952977238,0.0664730226980894,0.291625875892812,2.25012016601211,0.270344932641108,0.433487480237252,0.996749971705962,5.68952105593108,2.28089623023917,1.05183792445744,0.806607940916208,0.162988945963673,4,gated_alive:a_005:37105,14.294620513916016,40.6600341796875
Citrus,8,139816,17.0234406642731,,,,,,4.22480152863192,0.347832049390668,0.20836749625677,2.56616038964288,1.23218632245986,3.1216298522572,0.551075980467397,-0.0480600701356312,0.0707744455820557,0.490507990170065,0.0340799828829031,-0.0638940156004149,-0.0235852622051141,-0.0346218538079888,0.389554525825071,-0.0180493724364364,0.204170036948392,0.0355501299152572,0.515767968311385,1.11218122993362,0.0800098059239787,0.47982267634871,0.323366776011253,-0.0259317032221692,-0.0674202698942968,1.0071252875263,-0.0126887832151326,0.163723599677655,0.0526836809866231,0.153778716344404,0.0284517536420958,0.123326295659195,1.19096127135108,0.0928040140946284,0.182474288025276,-0.0365928593652886,0.0137535706866209,12,gated_alive:a_006:57150,22.671524047851562,-33.41565704345703
Citrus,8,139862,-648.744549662055,,,,,,1.78891625111981,0.611454663421306,0.156052996850493,0.341519684489539,2.30213732224892,0.358553389227351,0.123030116778578,0.0510333498174908,0.401093385189138,3.61257014477857,0.724331257339832,0.00501718214391881,0.19024482136156,0.0774305475501461,0.409698247394355,2.80033807920313,1.73451825791173,0.49824588199803,1.81792424751608,1.7786334863083,0.49295553874658,2.11238990892667,2.35260654101966,0.376622035341437,0.120325455852137,0.773828243635328,0.427324828685576,3.8086448721053,0.861367605964138,0.277931862938714,0.25893270139567,3.5566274620057,2.04265421669305,0.475064523868139,3.78261487559244,0.561518884434949,0.180730522529956,3,gated_alive:a_3a:84087,53.13185501098633,-8.891097068786621
Citrus,9,137297,-789.498429776568,,,,,,4.09976523808881,0.929138038495388,2.89915627232556,2.16705932456336,2.24275224822234,0.132057197569001,-0.0358845470795329,-0.0278998072606069,0.00845037915925133,0.28769608482225,-0.0548534288003195,-0.0476060405973135,0.0583360122523542,0.14082890541875,1.85448628825779,0.0985732941953792,0.108084607255256,-0.0518692070441315,0.545486428527744,0.487576519086154,0.142531143648496,0.168182492029317,0.0309931314101078,0.0118029104722208,-0.0330653319816791,0.381709962094729,-0.0116017578767781,0.0064516275749113,0.218685983180861,1.18055905329326,0.386513068899592,1.49884009399908,6.25322935252902,2.48698110986187,0.785845287524267,0.0422861298717234,0.209303745633529,10,gated_alive:a_002:40093,-53.2821159362793,18.119049072265625
Citrus,9,137566,318.00097557609,,,,,,3.82922207364838,0.582704137765949,0.0555787764280937,0.318356072285794,3.93593099981275,0.830792746584049,0.0968452038858439,-0.0515791289589269,0.0075891991564256,1.61251595707593,-0.0341863685750166,-0.0755109977456907,-0.0558035265657183,-0.0363327390321916,0.0488328900987406,-0.065104306721513,0.516213858878295,0.00652328306761423,0.21257624209728,0.716953399471157,0.451055632576279,-0.0405539187442685,0.630112632778475,-0.0175047887714901,-0.058792801352211,2.18225228519423,-0.0917737369025382,0.078732139876605,0.0401445059881661,0.23434628544541,0.0224582660867141,0.0435521908784186,1.19609119947283,-0.0265156737743901,-0.0328231539168324,-0.104628299244867,-0.0687960578590418,7,gated_alive:a_001:78898,-17.215299606323242,-27.295475006103516
Citrus,9,137716,20.9007599842297,,,,,,4.33183522467476,0.748315133557387,0.797831666222321,0.568440967545791,4.78758238603313,4.13169364560888,1.6572818643639,0.0816186369269877,0.324626647960075,0.744540741700676,0.18457189754808,-0.0206237995638171,0.116439271892469,-0.0186687457506534,1.16651774155964,0.0461857667524061,1.86057052075718,0.309247320070254,1.34995018471931,1.35407962611738,2.03773538512932,1.05139665615394,0.511580672086258,-0.0317017392704719,-0.00634617718015203,0.182345961104186,0.0361426203285705,1.05867019055806,0.348880693497542,0.0118033462773965,-0.0186041347394071,0.119943438167177,2.48949862635373,0.279812627613596,0.225224267733598,-0.0114700527504082,-0.0222951692362029,1,gated_alive:a_005:82605,20.564075469970703,-42.30070495605469
Citrus,9,139065,307.478053070947,,,,,,4.3643440670481,1.138324981855,0.279570784713263,0.637567460153152,4.67424552726453,0.909501601258217,0.225021392129045,-0.0513672755928569,0.119673289762179,0.413555288852987,0.0645529067276375,-0.0696433718674521,-0.00488651410684527,0.0914254666245636,0.746000168352919,0.0585584986656721,1.92962084151747,0.362375570315069,1.46930952305599,0.552069185631798,1.95613716522209,0.130064613532368,0.817697233689885,0.031192843208048,-0.0515947591218269,0.892507553801751,0.0892088719628952,1.59920770409794,0.289110680264683,0.20760071872503,-0.00362506989392412,0.0495369046810615,1.75712693971323,0.24755838390857,0.221599371929838,-0.0325360195073153,-0.0382547187117654,1,gated_alive:a_004:52951,6.725785255432129,-48.62394332885742
Citrus,9,139310,514.801957703881,,,,,,4.22739559423481,0.690524944021824,0.534472286853029,0.462887951273025,4.64257049465673,4.14364589958306,1.22335713656293,0.00834678348957804,0.339061661026227,1.01374644447278,0.330446115835086,-0.00866148040479992,0.0913529438240807,0.056426099759138,1.50004874917432,0.135142699165602,1.66912275860229,0.283411522768938,1.46740228819604,1.52132900672173,1.48903747253045,1.28909432048542,0.66015560492086,0.0852040934186646,-0.0381930197729994,0.163268604565665,0.0337882199488411,1.46615996351687,0.197389524691823,0.200238451738502,0.0227489264751088,0.277678316665841,2.23678740803937,0.457310565841593,0.429824726343607,0.00738778316929924,0.0241461338823352,1,gated_alive:a_001:41642,19.230182647705078,-42.181461334228516
Citrus,9,139672,44.8022596781778,,,,,,4.80263528119311,1.36475949175345,0.521887190704542,2.27175290050249,4.52140934960522,3.62122496270754,0.888408175148665,0.0571756068098321,0.156543528079314,0.850956717771326,0.267616500684965,-0.0362210947373875,0.0698131000238754,-0.00103392188249807,1.02341491684117,0.0955794330318341,1.40012343743484,0.287698970880606,1.16560748084717,1.63160817847267,1.54569670998091,0.902534687807049,0.50735228289857,-0.00309761773973321,-0.00219005672471465,1.94669173064061,0.123016084456301,0.692541404525722,0.127199922276746,1.03381840813966,0.0762753146613561,0.237574267283415,1.91861502497342,0.20853563159557,0.192106908167711,0.0324415589013454,0.0321051137261563,1,gated_alive:a_010:81699,-3.7398340702056885,-55.104400634765625
Citrus,9,139836,55.1589572467839,,,,,,3.09182506467826,0.72048132679642,1.18376669409772,1.03401585574939,3.16970929491908,2.73474543593722,0.765471391609871,0.0930280513884984,1.19025824941365,3.25530406773865,0.806962852954417,0.0519294940708245,0.278023626504517,0.547460159197066,2.5931432874446,1.03137504434736,1.3905494811293,3.05225733427538,2.39457764382304,3.40492101810267,1.15657972858522,1.08062887277891,0.994716760440603,0.167609810434997,0.0664061976858359,0.690355929148686,0.62809903252749,3.01898483666041,1.47076197191233,0.447790288761775,2.00180856949027,0.895939384925691,5.13945602841688,1.84108567071009,2.9453506815011,0.537852659302501,0.21486726703934,2,gated_alive:a_012:76920,37.39033126831055,10.225042343139648
Citrus,9,139930,171.240690369695,,,,,,4.28581454147727,1.099996786651,1.13359064922337,1.31790517866814,3.80351543623461,3.77770269622955,1.17101043382566,0.0925301272218055,0.788198084294936,2.43842702667816,0.586884013549154,0.251510886327644,0.208273032393069,1.47137400386042,2.4521073616701,0.735145219061692,1.73534784969971,2.57233911585302,2.62896195378866,3.28112929273255,1.46986794963642,1.37856232537812,1.12212002101817,0.608210504875437,0.177726872461231,1.11456178387739,0.507713445421893,3.48968674458344,1.44286116434758,0.627150798943304,1.19695999172034,1.99013194358443,4.66896827936959,1.67265648834465,2.94146817088128,0.537288519377473,0.206611742113825,2,gated_alive:a_012:41650,28.498714447021484,21.990890502929688
Citrus,10,136384,-280.060065932275,,,,,,3.19589858446714,0.225302954608557,0.0310499387059279,1.18778232058447,0.717745302563011,0.07377191424125,-0.058872906775214,-0.0247471590347506,0.00979893256067506,0.468574900459055,0.0185843403714646,-0.0326073209233598,-0.044840162272447,0.280598835182469,2.97842474099581,0.202274125382146,0.180849361248376,0.18330514846221,3.03299992154562,4.90840980929836,1.35122415232621,0.167953487429591,1.99681812075261,-0.0192735989483053,-0.0439177211805244,0.376076091323287,0.00568922160338186,0.131566029901177,1.4829593852443,0.240414689760997,0.231901022406347,0.8707634584957,5.39137470382757,2.11372261359822,0.845856330767568,0.534405170710998,0.0583292905096278,4,gated_alive:a_012:49608,4.116343975067139,46.640159606933594
Citrus,10,137108,24.4671042174828,,,,,,4.68671746295744,0.421913239443243,0.29195572105152,0.824712764689245,4.50663721351388,3.56618769637942,0.334561732480122,0.12532024052798,0.135240368790373,0.286384012730923,0.0319221109706102,-0.00075902810285811,0.0251823376023882,0.000416941678108707,0.934382677509833,0.00246166470576946,2.21521554034998,0.162429759625584,2.26402112600321,1.88538058315694,1.45365903350696,0.162391550901511,1.18799101945781,0.113833497447758,-0.0287945321791657,0.704403929343776,-0.0132107216881627,1.51388954454424,0.0978658128309004,0.0535252858735896,0.0249919568934699,0.15573673484809,1.9576780615513,0.298992170176069,0.569471999979257,-0.0415134618190019,-0.0341144586534861,1,gated_alive:a_012:40622,15.022929191589355,-44.775665283203125
Citrus,10,138132,508.277758422512,,,,,,4.36480531290025,0.924223541278137,0.40098046569191,0.657358773675084,3.83488677460052,2.83105286182783,0.503302963494522,-0.052331240413686,0.151217516782745,0.37484613196546,0.0491187680776346,-0.0370364150041507,0.0392558607998637,0.363269838408369,2.96414531206958,0.0291039069033686,1.24784609898776,0.386187983058913,2.51046535760698,4.54029857156313,1.22429167353562,0.510875936062124,0.149488255025673,0.0645732307472793,-0.0205430082574123,0.556952152181984,-0.0494265820746366,0.50429868136162,1.31318570673578,0.671819820967442,0.136001891074136,0.633439911963949,5.3924562787093,2.06181169309886,0.682977054652876,0.414896742490263,0.257778466005296,5,gated_alive:a_009:102258,34.973819732666016,17.56549835205078
Citrus,10,138436,526.400597319891,,,,,,4.70700382302458,1.22546356024231,0.449061699128503,1.66773243418239,4.73600627050943,3.74565748932962,1.05342020304807,0.0396786879522887,0.252777987093414,1.55107150275519,0.41039484052767,-0.0152548358786585,0.328665632290621,0.425831419950605,3.1632529464292,0.311101185088308,1.90955417802039,0.708781445984257,2.86686999051293,4.71718431255175,2.16055676792193,0.88367258982969,0.631211510827141,0.0460262282119648,0.0389281794087026,0.599541623458591,0.148763274647132,1.16236463369215,1.4149164916911,0.270916612507816,0.302354919412719,1.0279116837077,5.72744458759765,2.22451662689669,1.23231575579745,0.587876435752679,0.155386181140316,5,gated_alive:a_001:67860,35.66904067993164,17.563127517700195
Citrus,10,139889,27.6120681712537,,,,,,3.34248936868329,0.531866723320655,0.378702316425436,0.563208731905112,3.62905396059089,2.95176725979941,0.753534055489166,-0.00287020343018513,0.802015685512152,1.29384728881861,0.196568189579754,0.12629446404968,0.0376440376679589,0.998278197975342,1.30409526101571,0.292660566856016,1.43743875640218,3.09926907901319,1.67805071578061,1.64269171380582,0.90722207743615,0.849605891535191,0.759424816415923,0.486983066406892,0.12735315736329,0.579095198073272,0.416943819089174,3.09606622903508,0.55932434183181,0.168094485849015,1.21550172975838,0.436010540402374,1.71339359213534,0.457719594294292,2.1694647635751,0.222639981627641,0.0356209460738414,2,gated_alive:a_012:177095,2.4189836978912354,-20.60906219482422
Citrus,10,139900,78.2162332058061,,,,,,3.89815118562026,1.06858168466427,2.79181679951744,1.08272683875399,3.16197183576242,3.17668282989196,0.732137278345334,-0.0120674993005488,0.16742275577687,0.927040421907194,0.316894309187136,-0.0203651943342217,0.0511124996318862,0.282082554217857,1.91962423836522,0.196849084631669,1.00154386536471,0.25852949091569,1.5978435677949,2.26916735307032,0.935033660065636,0.794647881956362,0.45608539799131,0.0563488728550735,-0.0189634338512544,0.623908184517267,0.060385266524383,0.690304027821063,0.262281583886519,0.654608236682269,0.21307144174894,0.900841807343224,5.64779781977664,2.11754027160667,1.03077109145809,0.130788165755757,0.171758494135013,11,gated_alive:a_005:81234,-27.78421401977539,17.851144790649414
Citrus,10,139977,10.3680033037506,,,,,,3.46629280499213,0.955533676494479,0.504738025245749,1.04727517470613,3.10831232069044,2.50769554084202,0.682927166650644,0.0640167298325752,0.89472582748867,3.46583065314505,0.793320843992727,0.0507467078654934,0.216511403975202,1.04878908924818,1.13654560724526,1.38172523946052,1.5754610728357,1.80600424946967,1.96530076851034,1.93656995456561,0.805600429630484,1.49540703520183,1.52844078556077,0.300860132440927,0.0935075403191556,1.32730933757657,0.509702016766025,3.05066740433799,0.65919532796764,0.478399773757188,0.899276965093437,1.64169333601406,2.20839207023781,0.5729235598095,3.23664287106024,0.448042650605288,0.138634663422447,2,gated_alive:a_005:136254,51.08213424682617,-11.045564651489258
Citrus,11,137182,-30.9774262359518,,,,,,4.3143339439853,2.28166687098855,0.048217664448943,2.09384476640335,4.15698432396994,0.507667677333133,0.0297444595487491,-0.0563889806072413,-0.0276851766675374,0.0342225470528905,-0.0546093813583543,-0.0808214178770388,-0.0234602258686719,0.2654959499595,0.180855348942337,-0.0868388318233646,1.74754514603358,0.0252074559341412,0.0923612881382553,1.01556566149885,0.377809450322821,0.000975037655793094,-0.00508289103488935,-0.0338109249625713,-0.0793175006483901,2.71345846019647,0.0477296656243814,0.0298950141914702,-0.0342033945276016,0.293398805131097,-0.0391939200213218,0.104316165046907,1.18491092958073,-0.0111100553500255,-0.0319107653593623,0.0062188506173264,-0.0138479705196461,7,gated_alive:a_001:33962,-9.764656066894531,-35.87565994262695
Citrus,11,137879,-129.749971826891,,,,,,1.54706921674847,0.46975225076296,0.186478511481566,0.267673084914354,2.52085624767096,0.217303641603566,0.139289093516872,0.0220272646381762,0.157177097651274,3.41481681335552,0.458937760618591,-0.0228549170904927,0.0703591515596868,0.0456308538892966,0.882662098910651,1.38757417222114,1.61139175981002,0.28437200482983,2.43820171349337,1.9127991323256,0.770569442564266,1.41580564674841,1.59167913710724,0.249130755451571,-0.0252697615719439,0.338846602773779,0.18805845026955,1.54005515809197,0.137520490399292,0.205144995703575,0.0507847276881086,0.399907491277098,2.63881202751404,0.336037086967523,2.87459881944734,0.202188072484809,0.0748849469160932,3,gated_alive:a_004:71961,43.243873596191406,-15.765093803405762
Citrus,11,138250,-39.622592492245,,,,,,4.90705008696429,2.30319662807981,-0.000827001380067576,2.8538771040391,0.46444638511891,-0.012133985132383,-0.0558473873964284,-0.0641414086928389,-0.0625627608328453,0.133462579777198,-0.0735991709541227,-0.0863879551563522,-0.076565532941176,-0.0885656572918466,0.0273892866493848,-0.0667240988945631,0.345748316197128,-0.00970527966449502,0.0661358396175767,1.9983333088708,0.0456241927025465,-0.0373127963461874,0.00138202333696608,-0.0700466049639194,-0.0789768898880437,2.76866791690585,0.222609115065075,-0.0215372063899007,-0.0325514027783289,0.391568854749241,-0.0756660034847169,0.142246636348315,0.228673628651256,-0.0443633687143235,-0.0386216801751203,-0.0615181939304285,-0.0696954362386826,9,gated_alive:a_1a:70810,-45.50895309448242,-17.673954010009766
Citrus,11,138426,676.944082238311,,,,,,4.5346591654011,0.434285620853772,0.290433014244424,0.316399870155101,4.72622693980175,4.12955564887634,1.34787270705562,-0.0317540948402053,0.0909760706073676,0.582932389316963,0.259095388626061,0.00240861993269614,-0.0179547223409911,0.0758858170653202,1.34014030159651,0.0321628540039463,2.05494620631976,0.276936645374548,1.79230950000528,2.20482071212004,1.34441581110516,1.1926956443678,0.477273255567496,0.0554721641375966,-0.0576528477208737,0.36219906701971,0.0117660001976972,0.956489307551822,0.0508957036568117,0.0599231543570114,0.0143244767832443,0.2137001120599,2.67775619309455,0.433656787872904,0.155344981233557,0.0643380166820757,-0.034423130661469,1,gated_alive:a_001:41642,19.230182647705078,-42.181461334228516
Citrus,11,139264,38.009115366411,,,,,,4.65939026245952,0.896893051086266,0.47547919842789,1.83258374031917,2.10481485595957,3.58918987990425,0.896324697900783,0.0646097227235389,0.437300389206302,0.945970760361898,0.201288034795952,0.0331582020571763,0.164687827024921,1.15429971588499,3.02692580181127,0.457991594080904,1.0545112979625,0.70258172546128,2.97250063667401,4.66699382037559,1.16392168989147,1.23066242461676,0.653742573357343,0.0592830275346825,0.0135073453702042,0.770968703008253,0.0941188866319959,0.841451135174838,1.54141196118903,0.342801360942853,0.649936174586926,1.0777093883752,5.3442615538194,2.1136173033305,1.42242394654259,0.664856618451294,0.122752972899136,5,gated_alive:a_006:12936,33.06943130493164,17.650922775268555
Citrus,11,139341,106.857157091486,,,,,,2.77059515250478,0.473329690809394,0.0890636398120188,0.694974248657962,0.925887097218747,0.0394597047943472,-0.0352677464195412,-0.0647898197614007,0.0196495360652665,1.92459147712683,0.0690516012956721,-0.0521255002205146,0.0253237692462776,0.104080022782694,2.46408982340581,0.150275487633498,0.152320864536154,0.0487689380996646,1.8151193720225,4.19018171990831,0.966210851199772,0.054378562978684,0.0407217396198825,-0.043714048820488,-0.0600777372621897,0.151627786240332,-0.0406450228994293,0.0732799190134703,0.513644479366487,0.0986628041898256,0.133843354605733,0.558749199800209,4.98417164331769,1.38562209515079,0.508956633850529,0.163749863146681,0.0327013978809179,8,gated_alive:a_001:46665,7.017978668212891,35.503395080566406
Citrus,11,139355,8.99807515111473,,,,,,4.61756580933869,0.962325145274318,0.878075321091975,0.590693730488478,4.74489567939862,4.12803066323844,1.3807103437504,-0.000718182791806368,0.103070933072025,0.888811449554452,0.226496370913345,0.0015483636485721,0.0360101616113485,0.0574059184859199,1.19979294755889,0.0409089834964478,1.62271168774743,0.363455384576531,1.88408217630367,2.00716954348327,1.57979165453735,1.02292738950029,0.525770682307335,0.0781162607074552,-0.0325285493912908,0.667677697901039,0.0871422310166254,1.31470122898592,0.115751137362109,0.348981602345799,0.0268654196439451,0.265620105084436,2.76131497534412,0.553513460161948,0.338519605626234,0.0343553452786197,-0.00779457327884825,1,gated_alive:a_001:41642,19.230182647705078,-42.181461334228516
Citrus,12,135219,529.769827759685,,,,,,4.02433249141558,0.835486141153691,0.136443921838445,1.02341547913001,1.54037589417137,2.61705688172268,0.0255941181932148,-0.0854796715869535,0.0878622523932971,0.295616709449966,-0.0687509215566962,-0.0734132494184379,-0.0976968910542115,-0.00122452771306874,0.127201009734614,-0.0333661144195233,0.0691847888113318,0.0152677088134609,0.084969544577446,1.31918173105392,0.0830174294395659,0.0630263049147896,0.193593753708576,-0.0630873982249338,-0.0963766819067193,0.419879267272499,-0.0786282222918226,0.118355834342386,-0.00397119019564395,0.00351364744800207,-0.00155656406248837,0.0721091072734859,0.232026714500817,0.0156799225860788,0.00562132098116341,-0.0188519708878763,-0.0703661842268927,13,gated_alive:a_006:14376,11.58809757232666,-30.670921325683594
Citrus,12,138051,498.229224914784,,,,,,4.5079714657032,0.562577602198151,0.514515791161622,2.59407120972223,1.50564275399749,4.51287825849256,1.2386877492599,-0.00740608951601654,0.0620827546849548,0.208369207746127,0.0554797330228812,-0.0744917093902502,0.0159634771075624,0.0435505596826545,0.690899741852066,0.0193030675930847,0.200110696421933,-0.00507455443328853,0.856511896401395,0.992894259165936,0.074079299095977,1.56727079152302,0.409781443114912,-0.000979432347738586,-0.0682097840910589,0.18075552084732,0.012422957782227,0.100149473822527,-0.00374970267008549,0.179211650796591,-0.016452409596208,0.166779248150967,1.76277917496974,0.322142405621313,0.0308984288850879,-0.0533008761976891,-0.0676060835387217,12,gated_alive:a_005:21330,23.313762664794922,-35.41399383544922
Citrus,12,138055,20.6476902744635,,,,,,5.55335640079961,2.18135077030197,0.947956927761122,2.28519759922322,4.97610535856785,4.28227794832786,1.43963265565188,-0.0414014555887902,0.117592683079421,0.711277684996817,0.194502321101424,0.0292842673119741,0.0390998566323089,0.294957198855756,1.70519168309286,0.185272859306591,1.81238406970144,0.491287853933409,2.21312155325765,2.50313665220223,2.13245505453005,1.38107963686387,0.686188432470476,0.131572341176372,-0.00160733739820318,3.08091211177057,0.213732461337941,0.438048146912606,0.256663926157391,1.36800274846713,0.0725509922383976,0.383401039581377,3.10098823721277,0.799178127562312,0.415671254357508,0.00520444658047918,0.0552710362333384,1,gated_alive:a_002:30024,24.777315139770508,-46.4847412109375
Citrus,12,138448,46.453318110193,,,,,,3.39782347203725,0.66715647073768,0.380298139380991,0.988407303813839,1.97001245462809,1.00515679164781,0.125194400321205,0.202426457530719,0.545764931091651,4.25606356989109,1.04602736990052,0.0052618211200699,0.188211254771119,2.69771671865822,2.57679606976333,2.31490581543197,1.38284771432517,0.654341190385855,2.96816751523731,4.59026991454157,1.34423448011193,2.25462654892119,2.07073633008107,0.379409769653569,0.0444229490559443,0.636344091877751,0.13391227083565,3.01835212742527,1.70527529975912,0.0921506089100624,0.277952846613239,2.74296537072427,4.89382288060314,1.81901405549459,3.26436469804737,0.644908732143636,0.307887253941071,3,gated_alive:a_011:217476,49.65861892700195,4.6457014083862305
Citrus,12,138689,-271.934850885631,,,,,,1.04394073002209,0.597367112107169,0.273545853626515,0.427918840470687,2.36317234254086,0.25885124624568,0.0573966500270622,0.0146906308115511,0.759276497312253,4.19600494257509,0.661861713575924,0.0291285215109834,0.272214887846648,0.136758789265774,0.487017737053669,2.73385525520005,1.60379627020176,0.4384829940451,2.29022056765646,1.89771225971118,0.401053203557199,2.15219923473332,2.48709421338738,0.211361774164506,0.0700534903552064,0.357741013564429,0.143567293999462,1.50687849876427,0.172545795082026,0.234411749591359,0.365120224180906,0.585261176827418,2.36772572528115,0.45594119111016,3.6260612650502,0.46174519974555,0.0892001073885409,3,gated_alive:a_005:45118,44.099525451660156,-15.103266716003418
Citrus,12,138727,-380.969711148474,,,,,,3.03572915322367,0.392509123617273,0.0386077111361713,0.395725686654385,2.47216094212051,0.338195169044522,0.194214708596303,-0.0450970438769802,0.393869779715881,4.12414829046073,0.952782417508192,0.0358011144164138,0.0857215638435817,0.0426895020671703,0.407786898555546,1.96140912567196,1.16602001156146,0.280847034938682,1.70026754199762,1.32524695632256,0.510928110221499,1.24436500512516,1.94547632149838,0.183458527943461,0.0402375524349483,0.543339351897741,0.549344654981011,0.778435320869977,0.101593992900194,0.382320399752982,0.191559959976242,0.631871543727705,1.65583168695987,0.321502995945632,3.16850722540618,0.216810318670251,-0.054202749938807,3,gated_alive:a_005:45118,44.099525451660156,-15.103266716003418
Citrus,12,139875,81.8329976515406,,,,,,3.98355373611565,0.834955197060767,0.528042858990278,1.00554293538351,3.82429438551732,3.56598080602639,1.15186286614671,0.0364509631823931,1.1714563051372,2.28374192036153,0.432467780485244,0.193054602985211,0.132602621879857,1.06256679342431,1.30244253887685,0.645167918950732,1.63846990384468,3.30426565260781,2.01872448053579,1.64180055468924,1.0991031532179,1.10957607312431,1.06191717171144,0.583846850866005,0.184225216034878,0.936753614138197,0.659936607876496,3.24464291486666,0.762345729916918,0.357639440902281,1.77445047776205,0.55042353511892,2.1607058387033,0.691310942490751,2.85260326615508,0.33544637127756,0.0828574038620645,2,gated_alive:a_012:71396,46.579307556152344,-37.156471252441406
Citrus,12,139898,158.600831501846,,,,,,4.55743583568049,1.08035536429755,0.76216890448929,1.54083233818227,3.62540124392074,3.09233162349212,0.864467001677323,0.0469692937598252,0.633270231801558,1.98173869543371,0.408852096749601,0.0779344862545254,0.208250408364716,1.03775647929449,2.93130905210139,0.577196447472194,1.53080060121667,1.53597725317634,2.77407346777843,4.38541144051791,1.71630524568013,1.01615171332564,1.05227222892671,0.33424686637714,0.111244097962833,1.35433953404089,0.475747382394361,3.2429753534054,1.72263804838161,0.585827302278432,1.04615745353767,2.52301131716738,5.18340011673078,2.02028468476579,2.4701759164787,0.666584276104649,0.228178229555666,2,gated_alive:a_012:41650,28.498714447021484,21.990890502929688
Citrus,12,139942,-19.5638568804984,,,,,,4.89711211146593,0.889088507824481,0.200847621611796,2.68953424050821,1.17882038528522,0.056653899599063,-0.0289518664344332,-0.0778896951643026,-0.0434820882426896,0.33736946118031,-0.0103051190770055,-0.0784397984028402,-0.0425873572677558,-0.0416628723860813,0.236537395384897,-0.0196393609445895,0.0912570331463964,0.0529578852185957,0.243149216986335,1.53155578500299,0.125942587438555,-0.0315540294110617,0.0953443428024552,-0.0462718286000508,-0.0623474860847053,1.9121019561869,0.0582235866602017,0.00517398894508068,0.0425576954005941,0.993099463453693,-0.0127074686434453,0.0865886129899626,1.60750041691848,0.101598001148462,0.090543852493905,-0.0175613524257024,0.0123237127755744,9,gated_alive:a_002:15756,-32.248512268066406,-15.335846900939941
Citrus,12,139972,5.45718350316893,,,,,,4.41270551098346,0.675105350296639,0.380003482533527,1.59419567192004,2.54789131824401,3.49185029354224,0.930741914722969,-0.000134073084960323,0.302765526904826,0.702969337304072,0.114747453170531,0.24669106886556,0.0394107812929187,0.325471153868309,0.869656612343384,0.0942934191467526,0.984468996805511,0.229077175339959,1.16628715402989,1.26291061066539,0.611695334384805,0.904043747124177,0.612616928832964,0.514958444411079,0.0821502161775067,0.807766336802843,0.153484262593422,0.691357874845416,0.157163681710224,0.273162563296433,0.316000224960851,0.255440001580736,1.74708896365777,0.290190299494746,0.969611875142663,0.0819031749960702,0.00446339113078184,12,gated_alive:a_007:33222,21.88019371032715,-34.74247741699219
Citrus,13,137099,124.654049500035,,,,,,4.57541615249341,0.331668727938238,0.35164453735392,2.84077011569574,0.687406744966086,4.71228932722184,1.55605174626119,0.0192629804933705,0.190972448203922,0.45666992496205,0.0171559480693871,0.0406378482166891,0.0176671927041925,0.0285540225839221,0.456716319643233,-0.0350385352504803,0.327669175681533,-0.0561786389802656,0.723163835408914,1.00640369284032,0.033821922386033,2.14091532434631,0.758213421164692,0.0859809738739728,-0.0358203811362735,0.574486075389375,0.0293291870888363,0.215564975313812,0.0989190045753591,0.515421019207127,-0.00764163109856401,0.00217616094292742,1.33243417329911,0.291177553018699,0.330673712336735,-0.0667428611360844,-0.0632353972850349,12,gated_alive:a_005:21330,23.313762664794922,-35.41399383544922
Citrus,13,138312,765.171163112262,,,,,,4.33820909989734,1.12866697807374,0.590959778504694,1.09017377019257,4.14061468167755,4.46270858675352,1.71094831211163,0.209921013727525,0.610549570919672,4.25855699563303,1.04705398829532,0.0482937337119872,0.47098931272868,0.303037188045325,1.13802223866165,1.08905846566602,2.0053175999331,0.435267394564355,1.66530468761804,1.1205873956555,1.0951310281456,1.86935112361629,1.36758408594995,0.183106022448945,0.0526744148559772,0.793324052235271,0.237487271329984,3.4114987652783,0.49494325357389,0.742605704618119,0.203040181096066,3.09013132831937,2.22619989891448,0.675461911187188,3.35715271432257,0.426174261600236,0.0171071326920749,3,gated_alive:a_5b:77360,27.769393920898438,-19.21250343322754
Citrus,13,138508,681.068904055678,,,,,,4.65030870290095,1.24479412398259,0.760865796381682,1.05617578197351,4.91895825370327,4.48599894550794,1.2958038161578,0.0186355567215378,0.807874013156711,0.69943957620526,0.196953400728127,-0.00284705992802103,0.0754748316875649,0.205767416758559,1.22435664519946,0.065332769500217,1.67775514103122,0.556916627755242,2.01313649223655,1.52478267231337,1.93248208517098,1.88585951405962,0.624082565463493,0.0307377223460187,0.00649923535228254,0.442701706973373,0.0230000016375196,1.49978016400335,0.307763136580406,0.502018066293766,0.599147293547563,0.350142568022556,2.50066709274261,0.592312951897875,0.932402177100525,0.0670149139290781,-0.0472174529991878,1,gated_alive:a_4a:162977,24.981870651245117,-43.17121124267578
Citrus,13,138690,660.939626263632,,,,,,3.79948066437676,0.486501123358879,0.309851452675517,0.543794840827298,4.06232586998147,3.53946991093435,0.630274615752471,0.0026962254548398,1.56638095432567,1.45050748534587,0.179022187095451,-0.042289852857543,0.00802245745801073,0.278806348491569,0.933279000320516,0.18125415795313,1.01654102055707,0.920854503612436,1.25441799412699,1.20505976496373,1.01012080385471,0.620834942823307,0.635194702467364,-0.0027089673766795,0.0511175046664468,0.155645950575254,0.0686575697043748,1.43411264214426,0.23033074055417,0.0722917056713889,2.91020065574848,0.278312795962812,1.66616351308384,0.230630029022087,1.6118615286796,0.147889908181076,0.100182603577941,15,gated_alive:a_002:40525,36.02391815185547,-36.62256622314453
Citrus,13,139833,372.99774150773,,,,,,4.88396536199414,1.3596272888889,0.597366615052961,2.2564126224546,4.18666664414349,3.55942601332272,0.859488172624076,0.00112827067770061,0.198275704715393,1.22155074898161,0.17445543409791,0.00844912674654521,0.0605838828609062,0.181087532076227,1.23788806995892,0.150560549803274,1.30223107086806,0.35913640343372,1.33038734020389,1.86435239239783,1.20247829245775,0.94614355515916,0.757984115051586,0.146982717691346,-0.027122200996121,2.00438350073844,0.115249565572436,0.95463664875039,0.263983367237,0.714083088825494,0.148465157973571,0.268131720198144,2.18545734902936,0.294263834089426,0.904568933750069,0.0768308497163013,0.0348292268539674,1,gated_alive:a_010:81699,-3.7398340702056885,-55.104400634765625
Citrus,13,139939,35.82122083314,,,,,,4.2541977035535,0.824505404724758,0.477023289898822,1.09092599044215,4.32129983754306,3.74114072975426,0.973308597503981,0.011748876151711,0.280157351146083,0.836851850417738,0.154182637034184,-0.0276070119409783,0.0558593036822818,0.185988499464535,1.13033262904031,0.109147733656152,1.29928037372006,0.293094158560668,1.30122466953544,1.11147822938201,1.32660937666209,0.954123780085128,0.628623321547536,0.0565658053298379,-0.0375392566795602,0.629833683134701,0.0935681493124536,1.02880018916625,0.179335923954795,0.272714989264249,0.280906614551219,0.15941863965212,1.78823747242608,0.281445370984346,0.770031682961695,0.0302409728345264,-0.0034712632074711,1,gated_alive:a_001:41642,19.230182647705078,-42.181461334228516
Citrus,13,139962,-2.71594266706425,,,,,,2.09340382269918,0.312363026382018,0.130447086619965,0.535987826678592,0.687022261073449,0.0270433734389054,-0.036985754175108,-0.0588535019305297,-0.0107304832830688,0.396014173381736,0.0410174738175353,-0.0723660549624093,0.00695883289651174,0.190225872876996,1.86540245330641,0.0934029478076475,0.0613703074519456,0.0650219028238919,1.26350138888726,3.27416894671621,0.607570762883791,0.0590653147111159,-0.00864629960302607,-0.0433576708454821,-0.0573266127725556,0.176858157052669,-0.0308182716120085,0.0309400247700584,0.648413163598963,0.111798469544611,0.0977267716531928,0.51298833761112,4.69606875769934,1.23722439371744,0.473431790653967,0.120982677153215,0.0228277593341459,8,gated_alive:a_005:75858,-5.3336920738220215,20.010623931884766
Citrus,13,139992,1.17303612681198,,,,,,4.18202957408185,0.999557605030624,0.287813869531626,0.736167311331923,3.59531145309962,1.71829038957565,0.346332374386138,-0.0359645661549767,0.100749420490841,0.576631989185526,0.0625017934309462,-0.00780671140128509,0.00716456190662031,0.105280191963919,0.500184291342798,0.0369899454708587,1.08239568112828,0.210154808444964,0.754757573651778,1.08137224759072,0.920254408989719,0.376751811064564,0.39843900317835,0.0894787739872251,-0.0326655840590598,1.14883787809308,0.0927431016762473,0.829346877778878,0.167378655029021,0.464050211152748,0.0888239025667217,0.527805138767551,1.49603954935519,0.162103377597281,0.435719574178933,0.00215547869045488,-0.0211596380906034,7,gated_alive:a_009:80744,4.102586269378662,-42.088134765625
Citrus,14,139918,31.5967284239417,,,,,,4.47095942129645,1.21043188990771,0.959913285779706,1.44423502093688,4.03957490395456,4.08981318785439,1.29989623056714,0.0618260132661392,0.816565026111821,2.47290062077398,0.514417690017645,0.0400432141504943,0.176143004610389,1.59015582215398,2.32257162422521,0.662482446047183,1.78922495703393,2.72320820291671,2.61709986808921,3.25792459830251,1.55074057374918,1.41098057492784,1.03016279250358,0.252909524444032,0.070684785224525,1.28131593972191,0.651928116847018,3.75230896747828,1.36127778780986,0.719730607587392,1.1668673249851,2.59742697681493,4.30506593699551,1.5172720817312,3.0579076405702,0.666587994959813,0.151841719982075,2,gated_alive:a_005:31241,44.611629486083984,-39.41006851196289
Citrus,14,139958,8.57946115065405,,,,,,4.5104003710224,1.00816654992926,0.545844156593287,1.2492952585875,3.65722086976131,3.55346892688265,0.963452268928752,0.0414068606890641,0.499469116727375,1.1906504392607,0.21518793134231,0.00295859567478704,0.0725914380356737,0.711146111926621,1.23524721158826,0.231373444931612,1.49172038102407,0.85728820703246,1.62514805319458,1.66321604895568,1.10176014614308,0.994877505291835,0.820760491285268,0.153104252507573,0.0115758036065476,1.0192674012705,0.244329218555306,1.5807550929141,0.318514542090537,0.532382373550475,0.673885339085309,0.406142449459929,2.07281480935967,0.369221858180369,1.50712350002484,0.167060378282081,0.0197996218888138,1,gated_alive:a_007:89772,19.856904983520508,-48.813026428222656
Citrus,15,135243,-182.595375434902,,,,,,3.58213703826513,0.729536898748817,0.0639007866160159,0.182739763047665,3.85224103220687,0.208548108653658,-0.0476174464842942,-0.0976981099453836,0.0109537388221756,0.00855840950269811,-0.00168177600595928,-0.0679059429545787,-0.0868569106354847,-0.0506633083149517,0.0174705351822777,-0.0186968088056549,0.162639767009634,-0.0342947451468502,0.0900700288549554,0.380844477786887,0.349525714302624,0.0276338155978317,0.059024477964267,-0.0634166457531014,-0.0745464237595955,2.29603241209384,0.0482064324708472,-0.00999327409567478,0.0419629039705438,0.535186351609851,0.00148651198592726,0.0175434277649336,1.94715671874412,-0.0317341687882327,-0.0258053443067049,-0.0580659907841959,-0.0705164438881497,7,gated_alive:a_004:41499,-12.551314353942871,-39.23712158203125
Citrus,15,137511,-349.529252943992,,,,,,2.29232351991362,-0.00919879544425413,-0.00413500835336366,0.0392452810944823,0.395934218791149,0.160015407864085,-0.0489712299741615,-0.0869845920398716,-0.0707498800536878,0.239277608934497,-0.0981299969457875,-0.0123420129184974,-0.0485413307400325,-0.0630430256460151,0.100617425166094,-0.02113128691938,0.258971762053773,-0.0599176768942331,0.242626904063654,0.448394799021328,-0.0311463049273035,0.0664458684489083,0.381236993831546,-0.070583838722522,-0.0981559940503588,0.146930529119344,-0.0652602347257814,0.32837822145352,0.0440715462999263,-0.0405641188932747,-0.0875521825548326,0.147765671440231,2.06021712879724,0.0666057555739877,0.0659786933838062,-0.0420724626250266,-0.0789692951698743,13,gated_alive:a_006:87201,-12.977095603942871,0.05138811841607094
Citrus,15,137821,1157.72806893042,,,,,,4.12887940071731,0.485443161668662,0.688501709949398,0.774627656270969,4.55528390014714,3.93952156174692,0.959334842864906,-0.00494959970802245,0.152895315555644,0.650033786319385,0.167445963619839,-0.0472958406549948,-0.00980645562809042,0.033310905876813,1.98466100354474,0.00229638875747593,1.23064741083849,0.221184530659937,1.53313997462783,1.72930309328794,0.994283885544591,0.650286011635063,0.394003893494198,0.135852852122753,-0.037650171491692,0.49118948811904,-0.0367565129959195,1.30849922305761,0.0667083544987039,0.0913035095654822,-0.0539730412210237,0.0086054466946428,1.90988580367747,0.269302969718716,2.56361193933439,0.186720972568271,-0.00624647357644475,1,gated_alive:a_006:69767,21.448049545288086,-43.28612518310547
Citrus,15,138639,359.537014729614,,,,,,4.20192031162318,0.508298584872322,0.293214255838294,0.594439749866293,4.63510573995942,4.04978021050416,1.20674802117418,0.0298529558675344,0.0905048038795128,0.978003173293139,0.185763059066968,-0.0746343292033876,0.0324402874980016,0.0289683325949867,1.36423416986985,0.0602918492352982,1.73778721388139,0.173017262305949,1.41382524774391,1.5738302301927,1.63773725993452,1.07214298710082,0.268322008200073,-0.0433883291396704,-0.0760494533300073,0.208451349464165,0.0687609521440728,1.82956013741113,0.143258868411927,0.126380473197895,-0.0511417186842822,0.136800652413928,2.17183643227414,0.243837840946957,0.115373765927564,-0.0228254087203055,0.018385355996631,1,gated_alive:a_001:41642,19.230182647705078,-42.181461334228516
Citrus,15,139667,-7.5771144908103,,,,,,2.39357537223385,0.265966313935448,0.0206621901378511,0.371558101119785,0.45555186169218,0.0264765600603066,-0.039472587080926,-0.0812090590639321,-0.0494323243908952,0.206722544830453,-0.041090505624036,-0.0702367156954849,-0.0354328796468208,0.0101382656403838,0.345003606941811,-0.0352346387338791,0.0360919910971623,-0.0409673793056327,0.312051018070897,1.3398952514869,0.175953122112411,0.0401466034127875,0.0819246068817851,-0.0591426490787637,-0.0711597935267331,0.0521621217971098,-0.0646836461976285,0.0830506660699138,0.119728857409245,-0.0174870456614773,-0.0303244697335448,0.256835455523093,2.52127266615769,0.245355887086779,0.223288703780552,-0.027525907469197,-0.0429521552141378,13,gated_alive:a_004:6372,-10.048612594604492,3.492098808288574
Citrus,15,139911,-87.2458076614044,,,,,,4.26162900568579,0.809294357012797,0.29846174939194,1.93236623883423,1.05266512044115,0.136732467695773,0.0180157374369634,-0.0419382598402175,0.0461222107110458,0.579182269127194,0.0771154529860715,-0.058901803353099,0.0679992951450285,0.313705433957031,2.55387337164908,0.186861198168464,0.199492907591189,0.145330662992589,2.09686178187378,4.12694781936586,1.01201051722218,0.115793920323916,0.116173429119154,-0.012970928357076,-0.0221753649645201,1.49460373306983,0.0490481413765953,0.133182578719456,1.45500985343034,0.718201898548325,0.239254219148653,0.634296153966056,5.23589442220655,1.71377464817552,0.633086343245042,0.373074654088571,0.10579120094519,4,gated_alive:a_2a:45272,14.944340705871582,21.08526039123535
Citrus,15,139917,22.6675626146065,,,,,,4.2900554088531,0.991603227123136,1.42653340235638,1.01916022007138,3.45022734752325,3.54853973945863,0.965440062676323,0.057636537703476,0.730042935236506,2.30013930873411,0.521656363475666,0.0336197656817878,0.182613394868251,1.72379251440893,2.46489756601422,0.629484901920499,1.68917442412754,2.25609668251697,2.60944656848587,3.348360181565,1.28835665890707,1.12556613899263,1.07445629903515,0.262647858145922,0.10590826646145,0.936947698694544,0.572234083498361,3.53325178885495,1.30752780687235,0.538889100900773,1.15806349763931,2.28996580532654,4.95137535724218,1.89923514311874,2.97729371222249,0.580960846448991,0.176872649791041,2,gated_alive:a_012:41650,28.498714447021484,21.990890502929688
Citrus,16,136160,1589.53781399143,,,,,,4.92554576440517,1.75427483534832,0.171053537697715,2.3807798686301,0.348176176156743,0.162490573554575,0.0229042304916875,-0.096843867508336,-0.0723459242713888,0.379458606517635,-0.0873331667538054,-0.0591393534502125,-0.0243639513739512,-0.0944301997929902,-0.0088395317866222,0.0625717437782227,-0.0294594397842768,1.59236554111336,0.0539118909602461,0.486320027972536,0.039329510232635,-0.0847585249567582,0.0452758242342082,-0.0815325070818525,-0.0778873710208709,1.83170130280869,-0.0306112909333044,-0.0873658598381341,-0.0470061758146726,0.466659182501534,-0.0262711215776291,0.0856225431419204,0.425314644149627,0.0101953365257128,-0.00918237027923636,-0.0742631115789376,0.00548154144943408,9,gated_alive:a_2b:80384,-53.13053894042969,-43.6778450012207
Citrus,16,138291,-54.1909128646276,,,,,,4.24746387620703,1.00955620427153,0.193203750631368,1.09013606788853,2.7572187922325,0.351389161250821,0.31355457425973,-0.0582897525465212,0.182298299234616,0.798346222836807,0.205380155188294,0.0431489569315254,-0.0588754886684689,0.177830244161004,0.0577930654770863,0.35197604980827,1.61070519582838,0.423307278477234,1.24350683094805,2.03647499226119,0.422407833716388,1.01982665383675,2.02264375707169,0.202259051254034,0.0996095150961953,1.34082328074063,0.550625907052182,0.973566911842773,0.136721267511431,0.722204622966862,0.245923328191794,0.456179562794296,1.82432037487248,0.143531700912709,2.40694883591693,0.0992834247928111,0.00507111103789478,17,gated_alive:a_001:36024,-5.095305442810059,-20.943389892578125
Citrus,16,138361,63.1411739940734,,,,,,5.03115070898211,1.59578276582453,0.856807424503269,1.68271494265933,4.73295430738214,4.38864716940439,1.26519863733472,0.0853698847431964,0.420492016346357,1.17682903104459,0.406514589940269,0.0217683223383131,0.112471054325323,0.890552821180011,3.0680076122998,0.368050927602813,2.05913062263477,0.976018997367439,2.9554942436266,4.57076240175078,2.21893712434594,1.59252034817312,0.922886230692502,0.0863554730115396,-0.0412489382421224,0.846175378253596,0.16218981416122,1.20114101044871,1.56083262337021,0.476532478695356,0.451623321228228,0.871817959949946,5.35043907981056,2.15813726719642,1.6140265736757,0.88125880063939,0.108491223795685,5,gated_alive:a_012:44425,30.474273681640625,16.293481826782227
Citrus,16,138647,331.895813082075,,,,,,4.57204456754148,1.2600150827949,0.678387267184816,0.543881124901838,4.80512997696199,3.79771822531073,0.824625249102038,-0.0163983333937606,0.0693558562174735,0.737120811729921,0.0761967696695737,0.0206612048531892,-0.0269590791109652,0.0523668729843503,1.5181280488647,0.0491968377175452,1.76938429102139,0.386272177975881,1.79983431606902,2.04937036790948,1.67902157868078,0.677676867697159,0.579701531922795,0.0367341800318942,-0.0638956241705851,0.236143989337637,0.00184897394618819,0.85344908995396,0.134654984849439,0.273823867355337,-0.0100611259796717,0.338156795710803,2.78000037725062,0.214453524801431,0.515298055576367,0.0441842259969942,-0.0400435796334432,1,gated_alive:a_001:38960,13.560347557067871,-54.1819953918457
Citrus,17,139341,394.194182638148,,,,,,4.82558890785508,1.31857858181291,0.533506985369637,1.75902651523318,4.32016425084943,2.70073353531118,0.492125339190938,0.0162545647349597,0.431643673592708,1.64344444899684,0.245125365771406,0.0199550986846916,0.182987733206538,0.0770649782724152,0.52253223433557,0.34333347484629,1.34370116193734,0.701379983280064,1.34814551910712,1.26032685899827,1.15900743277585,1.00540770767625,0.624975736150279,0.0474668222652303,-0.00759065751446846,2.11169856556449,0.0340853935083584,1.40047823262484,0.281134066145404,0.805870478897734,0.551581614899934,0.546800724190802,1.82638482134955,0.333337564766518,1.93123489135148,0.129101288351707,0.0705016579716191,1,gated_alive:a_5a:219820,12.759084701538086,-42.946388244628906
Citrus,17,139792,40.7910898306977,,,,,,3.73563212039592,1.04999597105519,1.84229072235563,0.562168281169264,3.75854292382343,1.97712585469064,0.341092939570287,-0.0382938211049677,0.0999484500466904,0.845391752018026,0.22392240504791,-0.0369449792131463,0.0163036676841853,0.0892403282674063,1.33064748268821,0.0745376846538713,1.13874783177211,0.247981798438494,1.12930476421075,1.8371817321021,0.943885800894282,0.317542178686745,0.400739158566507,0.0513657173219349,-0.0383311424377542,0.235366932801532,-0.0138748414978189,0.608999271664259,0.175662049278752,0.483536829017129,0.137435573274388,0.530588533539051,4.84386172014166,1.48780919516708,0.674615315581063,0.0606750702171677,0.0882414568403939,11,gated_alive:a_009:9503,-37.209510803222656,16.54288673400879
Citrus,18,135530,-317.834095435288,,,,,,0.342253796356719,0.164571194738424,2.85106611528723,1.72316425244383,0.30917657190543,0.0127022150559437,-0.0168988983661162,-0.0948287580340316,-0.0535425776836973,0.0787169869019632,-0.0449632071479098,-0.0916737913348403,-0.0887079981232669,-0.0497977959998163,1.98181414326575,-0.0135671076335956,-0.0495936672100073,-0.0773417494457437,0.141280007510664,0.876417564778618,-0.0465311109910458,-0.046955911320714,-0.0451915126045466,-0.0616183377411896,-0.0945443338774878,-0.0239487172990574,-0.106041007153953,-0.0782728663065103,0.0720039641205704,0.22930879251193,0.032573959628877,0.292935912753938,5.64495288884014,1.41365552471305,0.502027659466374,-0.0615977547621755,0.0689809043424155,10,gated_alive:a_2b:74347,-36.69635009765625,33.68644332885742
Citrus,18,136318,305.798537834797,,,,,,5.18018001349969,0.409614959503274,0.271387326477983,2.4291554134843,1.45809747766885,0.211853483086184,-0.0662273673273089,-0.0349617647813395,-0.0944135766199259,1.76979512252696,0.0404223782593206,-0.0847029653677683,-0.0913198415198633,-0.0607811227367172,0.356846461068472,0.0338691169044597,-0.0616757069384835,-0.0122107570193107,0.684872778709581,1.39001477849674,0.0248341350382298,-0.035089706901636,0.0588513539099163,-0.0662015883304299,-0.0465689108166143,1.05213841992859,0.00234900928736977,0.0621228279178893,0.0536679302598311,1.00717880081333,0.0274738571435886,0.16794022084619,2.12296369835307,0.202911429510694,0.0294132595641674,0.0456761641928284,0.157376781832563,9,gated_alive:a_5a:88722,-30.381498336791992,-25.85715675354004
Citrus,18,139126,-223.736472385409,,,,,,1.1605631569675,0.458804966519279,0.416248190854324,0.54740879690962,2.50893201935536,4.34582185560545,2.07081243816815,0.148996565828692,1.42956711604176,4.55827873340057,1.18987421190754,0.0938485390527428,0.366888995146041,1.10895238240271,0.96757651905111,2.15555300917916,1.28538092175711,0.120525402387916,2.15959454320061,1.75165118847169,0.543427417530547,2.28927588526028,1.96059599940233,0.41129677211184,0.213317053325279,0.489506880146285,2.77540890744168,1.19512199396992,0.217252893110547,0.0141654403200815,1.26407758309003,0.355627501956567,1.22371062997374,0.412693731534749,3.64947462793871,0.403829239222219,0.0976649251880216,3,gated_alive:a_006:87021,42.78447723388672,-27.98780632019043
Citrus,18,139588,15.1897652753055,,,,,,4.38682222519049,0.910829942927738,0.399212379900307,1.62792002151391,2.00880506180817,3.7511609328575,1.16451504303025,0.0511636616516016,0.330315942814259,0.978103660061102,0.255475410389555,-0.0134970639790191,0.138875481225641,0.999835420450036,2.71450091041591,0.32692606223079,0.883468797788676,0.372161824533608,2.51063079446405,4.34625968549041,1.04219204541389,1.20724453313256,0.671674945183569,0.131154501512326,0.0219642431004512,0.638273271044313,0.172959991284264,1.00400452450015,1.55076129482585,0.354482266557506,0.466857586096228,1.16766288803458,5.51798699920226,2.00605499554336,1.92892790913572,0.556494652658074,0.227187688812164,5,gated_alive:a_006:12936,33.06943130493164,17.650922775268555
Citrus,20,137822,885.747346069349,,,,,,4.56402254263486,0.999994985662927,3.06759925697581,1.09706518092111,4.48177713663815,3.50499348004586,0.849849416530077,0.0913484191329846,0.136421769792826,0.506556468279701,0.665829985960726,-0.0782521114567265,0.100234149076211,0.0723251553776898,2.17355533930108,0.139152356548234,1.79912965432075,0.56190117673256,1.4014429042462,2.47263989876006,1.49716693456387,1.01899291137298,0.508808328255406,-0.00376063849199657,0.0730948271803111,0.709945960595834,0.0841775008026639,0.777336186731088,0.23179563346512,0.915845593794292,0.250513434877551,1.1166526583966,5.90047769576563,2.19909964683882,0.599320898564637,0.0527159875182289,0.0991976426420862,11,gated_alive:a_001:24625,-42.07661056518555,13.324151992797852
Citrus,20,138186,218.430916160524,,,,,,4.30755812741824,0.448862349176742,0.681800180991248,0.472953146108647,4.51781574946714,4.09784746649268,0.757158380278621,-0.0381287262903285,0.111685942736771,1.05452222138763,0.109299637263979,-0.043169795179087,0.0278363755314228,0.0844445453484715,1.85351935030708,0.0647614608889752,0.786840814656853,0.083763634205023,1.74137284149549,1.84275054913383,0.821216286589568,1.01235689610835,0.466096194346395,-0.0161778514057101,-0.03032077462181,0.186345222568291,-0.0351065851797154,0.835465570121318,-0.0202995623994423,0.139139442686397,-0.000527751596506222,0.148063205399317,1.96099501247709,0.101027385837381,0.318794207550828,0.105678030548713,-0.0248405740722346,1,gated_alive:a_5b:128235,22.12790298461914,-42.48247146606445
Citrus,20,139062,592.732226123013,,,,,,4.85067034917363,0.959377413787659,1.20543693618154,1.77853861165862,4.39685908631964,4.26052285969516,1.14676029284409,0.0862323741543589,0.360464978615705,1.59796781628315,0.32255817083389,-0.0348561084125113,0.217827943960974,0.831789476559411,3.13191535916471,0.397891315848527,1.64830249228576,0.375746714123758,2.93825195101728,4.46649913273122,2.04324380630979,1.5311586839889,0.818926469268854,0.0817588324071204,0.0207171673140275,0.603528354777599,0.142075103124933,0.96498711020387,1.42299920671635,0.390773977799657,0.509535500895848,1.15127242436236,5.71919691903397,2.228411982363,1.46924533021024,0.469293964328847,0.186029389288478,5,gated_alive:a_001:67860,35.66904067993164,17.563127517700195
Citrus,20,139315,482.509827221312,,,,,,4.49261738822285,0.86709825269482,0.514686114388828,0.888256740309965,2.873882043734,4.20904040207282,1.17517365931887,0.167898643580103,0.46243907005937,3.31576989699883,0.470713376013513,0.0057670014456949,0.309660981636286,0.293902954250404,1.12451899165555,0.594292948629764,1.25376994604673,0.224532912006631,1.83656505293284,1.66020796944565,0.811987249720785,1.33908621093839,1.22657046058382,0.296056758776034,0.0152659580678937,0.33216288210542,0.289603647179145,3.64551715121939,0.817322947950305,0.406150511307218,0.306924913671853,3.41978441580099,2.7858493563844,0.613335889407447,3.17369499989794,0.449340640516507,0.13292582543271,3,gated_alive:a_007:9537,31.824657440185547,-17.890043258666992
Citrus,21,137455,806.870439853642,,,,,,5.04815593511886,0.728510618241491,0.566300553493048,2.64989942770176,4.78839794995103,4.06940458042258,1.19041028901139,0.00896482041587969,0.168799008950821,0.987574511531717,0.323559181245324,-0.0439631872988925,0.0127854175230082,0.0848993799344538,1.19145170412042,0.167998297923869,1.41766644638354,0.250112462011177,1.19320865801509,1.69937580112157,1.95303324295912,1.10615572663766,0.537055465211231,-0.00628543613766806,-0.0252999731982275,2.31742559178122,0.0336430886903414,1.07702136485544,0.118122721638947,0.843953409747571,-0.00285319015822508,0.228288861988565,2.67356636459369,0.465999767585877,0.190158159887793,-0.0484475634792092,0.0157343144303864,1,gated_alive:a_010:81699,-3.7398340702056885,-55.104400634765625
Citrus,21,139697,92.2933505115169,,,,,,4.55804110565508,1.24471415808716,2.83025983318744,1.42326958269324,4.2459326625603,3.8633160793938,1.07885230391281,0.0785275857817302,0.400273920678081,1.11811296623157,0.391757527703992,0.0217156824354234,0.121653174936652,0.522945622439489,2.08910581155069,0.211297204786769,1.54564101731206,0.387327990636494,1.87698325641427,2.0871333470527,1.34622078784914,1.26598294960605,0.740346128949172,0.159528009285158,0.00877628580651365,0.758251210118221,0.0601929555296194,1.30352756588516,0.30599712011395,0.980538219268923,0.399434730954999,1.18160240919448,5.91435197148648,2.25405806004658,1.28811348331015,0.138698173839157,0.174518017204873,11,gated_alive:a_001:24625,-42.07661056518555,13.324151992797852
Citrus,22,137317,-876.84319229914,,,,,,3.04902450560307,0.524409744346338,0.149883459135647,1.99001611253666,0.848549497384075,0.153942764787118,0.0205974680463775,0.0287831254286066,0.175524103370801,2.32240196884954,0.375334488761022,-0.0411015404424978,0.139870210828969,0.161596015136043,3.6868289440164,0.429957159294771,0.314933964692002,0.0934474901951582,2.69205382835882,4.95642795435128,1.29915205397438,0.556211978026271,0.371696922516654,0.0758133355269942,0.061944636066419,0.204401656894594,0.0427828784150873,0.187221706439702,1.80377280243587,0.330909316095547,0.573610320388287,2.0141792916734,6.6222471741271,2.77586611842242,0.924346114466829,0.93716577670628,0.0386722591203771,4,gated_alive:a_012:132979,46.20158386230469,36.9737548828125
Citrus,22,138162,-81.9658272098384,,,,,,2.39543966579282,0.189580435408906,0.21955473291616,0.169650933393856,0.578382155280059,0.0947413923590705,-0.0631137835657813,-0.0841436299513034,-0.00748577785698706,0.308443343449357,-0.0396431971506353,-0.0463673446945673,-0.05017763412806,0.288701884616522,0.299249950652473,0.369407797430341,1.11354975216735,0.180030959078271,1.16485506029347,1.78522616746595,0.130841639076522,0.736878876170361,2.23990951715838,0.216746071265131,-0.0758472208340469,0.178561675862826,0.069709580504164,2.85846451549193,0.543960196736362,0.211016416293948,0.0618816985640252,2.95107692599647,1.61123507186932,0.0882634049315914,0.887731674823234,0.208282192632444,0.0743183098525794,6,gated_alive:a_001:54472,15.474709510803223,-13.192031860351562
Citrus,22,139920,20.3923046301628,,,,,,2.80525500041948,0.603287472033016,0.376563704862742,0.685648563789058,3.30630418256183,2.96426397181577,0.853800544036712,0.0260333940877579,1.05607041655951,2.93463797460068,0.561578340851268,0.0490817362795816,0.184002038997683,0.601306043689641,1.17171114000405,0.90077003240994,1.48593866260507,3.27107482505505,1.92449342274725,1.56555531422203,0.857319825088825,1.10366379867538,1.07004381064988,0.250416668907678,0.0659123264859104,0.739511678815739,0.56682441722795,3.25441609998188,0.668033448811907,0.286717442145324,1.84682416601661,0.500514521642479,2.01321755892523,0.607191630844967,3.21231442854053,0.431605071915638,0.0740199496710372,2,gated_alive:a_002:26483,51.76649856567383,-34.071170806884766
Citrus,23,139890,66.4445543223002,,,,,,4.78218739890395,1.16923385618049,0.596090546630184,1.6869392472253,4.30466441627543,4.03775828832045,1.15806698876339,0.0479275208323056,0.24291220646465,0.894110671267734,0.177123703712401,-0.0186214313959202,0.0699896613166917,0.122884965601753,1.43217935961054,0.124933824333219,1.63836545366703,0.327715273125495,1.69420722053861,1.95310071878221,1.46770839058817,1.20449394720892,0.707518965321476,0.0549319675988607,-0.0112705388103773,1.20743267538218,0.0945064163259278,1.08093903035581,0.221587943330275,0.546518488949883,0.185606654071819,0.286585825686076,2.43690024631266,0.404863058793136,0.727795323751419,0.0907269736718336,0.0411927442073351,1,gated_alive:a_5a:82589,20.977489471435547,-43.59345245361328
Citrus,25,138531,-183.770040190177,,,,,,1.18369099466861,0.342426127043138,2.46524344534826,0.206465945818385,0.971910989291476,0.22060275977216,0.0144488703958125,-0.106453630853801,-0.0677506825884356,0.439544065704636,-0.0103193578927505,0.12998755327397,-0.0499855917173161,0.163778654451268,1.2110808372325,0.0504977994542364,0.27978125363303,0.0300543997887644,0.662797837356625,1.19799652009931,0.243344406761745,0.786228796523332,1.9729915479006,0.412977324706599,0.0972219064837799,0.0198926415804544,0.0893190704664787,0.167952827195099,0.0723109313678295,0.518670823079492,0.0741932553758632,0.90460977699881,5.56653771499671,1.91570833161775,0.516995846338067,-0.0167778359669149,0.0409482733718569,14,gated_alive:a_2b:31204,-39.711570739746094,30.610107421875
Citrus,25,139245,120.173661589504,,,,,,3.2780327256296,0.511344019425883,0.254002026829601,0.655863537376658,3.68453250737819,1.55428112925534,0.198132417917751,-0.024730912387267,0.584161462484052,1.04387883379059,0.139402890327468,0.0340961844483363,0.0376499013486522,0.147349347694922,1.08124777985134,0.144044760791185,1.24433056733477,2.42386939254326,1.41134182719443,1.69486683299148,0.904609550197672,0.287986245964038,0.664715029039517,0.190176491948602,0.0667985046814227,0.491764059143327,0.188988044225305,2.64384544855521,0.47248105295749,0.0577803154724639,1.21361178555025,0.485431659982533,1.75676795904068,0.289993702854159,1.50251697660017,0.0535572256939731,0.0120145928368918,2,gated_alive:a_012:12238,-3.3154664039611816,-35.69046401977539
Citrus,25,139313,-130.116400526687,,,,,,0.531688797583391,0.252349247642769,-0.0370784517257587,0.0555736133530055,1.59661076554257,0.308977608923354,0.0473821697812236,-0.0574238196894902,0.0736011213978579,0.75345771186176,-0.00647694411873227,-0.0688543953213924,-0.00326872526239797,-0.0443649012790519,0.1715226976431,1.68032852182429,0.861169364839239,0.190662835579481,1.34942425324402,0.933914203555646,0.158475094943162,1.20574812524764,1.7026095083883,0.196506257900887,0.0329734732719076,0.135991855617444,0.198808471941618,1.2773419795402,0.11118166536647,-0.0327419294925231,0.0128195903747494,0.75094591519,1.44414767866949,0.186383917657306,2.66083669593802,0.384935402013529,0.00410810638959302,6,gated_alive:a_002:439,42.06758499145508,-15.32951831817627
Citrus,25,139751,34.2903091778044,,,,,,3.38054378291218,0.645428679252074,0.915705653704781,0.998330382795131,2.98649729653362,3.29673344653215,0.792099251113863,0.0674736307130615,1.34467628235859,3.21139624492218,0.737995789455112,0.0371769304684981,0.337194898369825,0.897514172204168,2.75419631147505,0.8832680251988,1.57730591224519,3.35294321482864,2.68651216582907,3.75609769909017,1.33097580469547,1.13308090428696,1.10059537339815,0.229771485553789,0.090032498487969,0.585917749505349,0.66162947539596,3.23030749601292,1.77055474027863,0.393519147966254,2.35232335417104,1.11240917568588,5.32960942487637,1.95329406695411,3.19793325420921,0.558383939476487,0.225580642868201,2,gated_alive:a_012:76920,37.39033126831055,10.225042343139648
Citrus,25,139891,92.4837230442468,,,,,,4.63331630787932,1.05703282784418,0.627336994290599,1.30477504391812,4.57174261036683,3.92875829735847,1.04761072831779,0.0595797052803097,0.302067345800339,0.843952252488027,0.210651480345727,-0.0164756564891275,0.0585862016835358,0.1654196378901,1.2556134944238,0.145022195232673,1.80241505012056,0.415780384651506,1.74074305860969,1.66776345329495,1.61106828789971,1.11400035039297,0.750225467922791,0.0864334630068928,-0.00563559895279045,0.855598055564879,0.0896806532770035,1.19634651592608,0.228850208871849,0.329342514082726,0.139903828197737,0.29948229824366,2.38872494183792,0.395430916638214,0.658788823664042,0.0488161673196828,0.0301103349536328,1,gated_alive:a_5a:82589,20.977489471435547,-43.59345245361328
Citrus,25,139955,45.9323186192094,,,,,,4.28801401088853,0.819237639932042,0.482528641552805,0.995437609035457,4.12661455801722,3.56611235920517,0.956977379681155,0.0257096056118222,0.48890768281142,0.979266814418093,0.17843581469912,0.0727899315245562,0.0676202108370622,0.603092502602307,1.2165055667299,0.195621459602133,1.55946099536247,0.883153878744308,1.61574301946085,1.42068773668757,1.23231873413365,0.998963032816842,0.7874745919914,0.251811211266474,0.0432528742458123,0.710996767206286,0.307423010262356,1.56800014431508,0.292586427337954,0.217141134589265,0.659634743055294,0.33957605931344,2.03987471030683,0.356314288127239,1.4824700109043,0.119885863593115,0.0238868007814447,1,gated_alive:a_007:89772,19.856904983520508,-48.813026428222656
Citrus,27,137845,-233.496945140513,,,,,,0.488339413614515,0.367724639716872,3.09989322888324,0.0958899271816141,0.589506890793322,0.102282396909562,0.0935702151533078,-0.0795116640132442,-0.0234541155649958,0.249145351351328,0.0507522646967497,-0.0976227614247823,0.0240087027731413,0.0697376216680346,1.97290195041891,0.251838287790519,-0.00635419160532311,-0.0545853523487735,1.00023488946437,1.63720065097647,-0.0128622097581698,-0.0221428582747382,0.0153868880558531,-0.0268501094889007,-0.0631420426394123,0.0152644844665246,-0.0254020879202068,-0.0376704248544035,0.0291441404442015,1.87994554313493,0.378176996178984,1.46860120991287,5.9785304941423,2.15563107121234,0.488806613306893,0.0697561566748827,0.127228261351076,10,gated_alive:a_2b:8905,-49.63827896118164,33.16501235961914
Citrus,28,139451,332.019115513508,,,,,,3.54919854185,0.690783353474421,0.335753309061525,0.622382272978956,3.69995296876762,3.27397694272047,0.969345608965459,-0.00794742332703703,0.816517691418184,1.06813355422566,0.28805622594728,1.74439128647797,0.0290880406427095,1.58894448697018,1.14388087295104,0.541151491766436,1.55688814875412,3.65889542930023,2.0150648874092,1.32299650531654,1.00802746050508,1.08986451118163,1.00293808300151,3.5243003512343,0.869306867428745,0.607614788007824,0.644513498673446,3.43447274595929,0.688576137119084,0.276631520139758,1.03641133008958,0.370719309256318,1.86950159473573,0.585266360179446,1.79429531853137,0.225221156980384,0.0386252286759966,2,gated_alive:a_005:69170,72.32720947265625,-30.12445831298828
Citrus,28,139513,122.141643081791,,,,,,3.81581301911654,0.808841394728331,0.315373244398556,0.747001820015463,3.79303168416218,1.94014414900325,0.540421697286856,-0.00552134517571175,0.698279082223451,1.30518630694763,0.133581975134362,-0.0183085939504094,0.141847950743456,0.498039032906653,0.855509337986833,0.278232639896796,1.84880933062777,2.70889641766356,1.56595070316088,1.12581561900889,0.988632966125182,0.395982308130526,0.870510054635739,0.228618886362629,0.0228095090583782,0.850950824422729,0.613869453732981,2.78699325682116,0.439651365167513,0.252633336402528,0.873079125159134,0.397762944612335,1.53273265629944,0.269623621336157,1.44600290234039,0.0979428616387222,0.0392122984755376,2,gated_alive:a_001:7302,7.099753379821777,-57.5345458984375
Citrus,29,139711,17.6144639675588,,,,,,4.51449021014325,1.02923175217353,0.625237219901599,1.34896392213388,4.65230947039376,4.1534116980141,1.21104265878565,0.0414620093143001,0.219590333781418,0.808350020014371,0.174138136376719,-0.0464013774134352,0.058694611586511,0.0966189323339601,1.41854370951977,0.147225828388342,1.55895943596872,0.333644694971115,1.57967989830532,1.82270416297116,1.55172024278958,1.24720189014412,0.647929877599257,0.0172766790586196,-0.0229102248883013,0.528193235561185,0.0561942872377094,1.28702691387348,0.181059777314826,0.26162237122399,0.0768211218145975,0.278193896690797,2.40853784286322,0.384419297523317,0.33452784757637,0.0210501847637381,-0.00582117206734769,1,gated_alive:a_5b:56033,19.97171974182129,-46.24334716796875
Citrus,29,139923,4.04497545294879,,,,,,4.54020662218985,1.09906792162948,0.59342005618567,1.27993588502065,4.30098677107652,4.11379574968761,1.17140088299294,0.0461899185377744,0.337978341322607,1.15270974419032,0.203726709728859,-0.0234872073350456,0.0789156043899886,0.422193240490701,1.37371697262884,0.201992344495486,1.4953155630106,0.40123831553961,1.62276240583611,1.72709005301211,1.32083608123082,1.28223776114231,0.777888704719729,0.089554151506497,-0.00858658160721682,0.823788045790884,0.132025584951261,1.24556229156599,0.223463993030123,0.464298063047549,0.296040090990567,0.336618513752649,2.2448142528918,0.423357947681334,1.28948877388689,0.0926881525543578,0.0283676053642582,1,gated_alive:a_4a:162977,24.981870651245117,-43.17121124267578
