method,split_id,donor_id,saved_score,reconstructed_score,score_error,arithmetic_error,decision_matches,pairwise_logit_error,feature_identity_error
SVM,0,a_002,0.9344282143885315,0.9344282143885315,0.0,4.85722573273506e-17,True,,
CellCNN,0,a_002,0.9816826820373535,0.9816826820373535,0.0,9.5367431640625e-07,True,,
SVM,0,a_004,0.47320301345719895,0.47320301345719895,0.0,0.0,True,,
CellCNN,0,a_004,0.041548972576856615,0.041548972576856615,0.0,9.5367431640625e-07,True,,
SVM,0,a_006,0.7300276018978128,0.7300276018978128,0.0,5.551115123125783e-17,True,,
CellCNN,0,a_006,0.4476304590702057,0.4476304590702057,0.0,9.5367431640625e-07,True,,
SVM,0,a_1a,0.7008624904976277,0.7008624904976277,0.0,0.0,True,,
CellCNN,0,a_1a,0.9159847497940063,0.9159847497940063,0.0,4.76837158203125e-07,True,,
SVM,0,a_2a,0.5566917296211432,0.5566917296211432,0.0,5.551115123125783e-17,True,,
CellCNN,0,a_2a,0.1475097954273224,0.1475097954273224,0.0,2.384185791015625e-07,True,,
SVM,0,a_4a,1.069289857966438,1.069289857966438,0.0,8.326672684688674e-17,True,,
CellCNN,0,a_4a,0.9466762900352478,0.9466762900352478,0.0,4.76837158203125e-07,True,,
SVM,1,a_002,0.9611004919379913,0.9611004919379913,0.0,3.469446951953614e-17,True,,
CellCNN,1,a_002,0.9996696829795837,0.9996696829795837,0.0,3.814697265625e-06,True,,
SVM,1,a_003,1.1007964555061116,1.1007964555061118,2.220446049250313e-16,9.71445146547012e-17,True,,
CellCNN,1,a_003,0.1538398265838623,0.1538398265838623,0.0,2.5033950805664062e-06,True,,
SVM,1,a_004,0.6798566437108498,0.6798566437108498,0.0,5.551115123125783e-17,True,,
CellCNN,1,a_004,0.04349193684756756,0.04349193684756756,0.0,2.1457672119140625e-06,True,,
SVM,1,a_006,0.9337305344175056,0.9337305344175056,0.0,1.3877787807814457e-17,True,,
CellCNN,1,a_006,1.5060377222653188e-06,1.5060377222653188e-06,0.0,3.814697265625e-06,True,,
SVM,1,a_3b,0.6499020859665295,0.6499020859665295,0.0,5.551115123125783e-17,True,,
CellCNN,1,a_3b,0.00018834357179002835,0.00018834357179002835,0.0,1.9073486328125e-06,True,,
SVM,1,a_5a,1.2341047410692914,1.2341047410692914,0.0,2.7755575615628914e-17,True,,
CellCNN,1,a_5a,0.9999999046325684,0.9999999046325684,0.0,3.814697265625e-06,True,,
SVM,2,a_002,0.9774329874652002,0.9774329874652002,0.0,2.7755575615628914e-17,True,,
CellCNN,2,a_002,0.9988144159317016,0.9988144159317016,0.0,2.384185791015625e-06,True,,
SVM,2,a_004,0.5655623361063302,0.5655623361063302,0.0,0.0,True,,
CellCNN,2,a_004,0.10141326636075973,0.10141326636075973,0.0,4.76837158203125e-07,True,,
SVM,2,a_007,0.7388661213245172,0.7388661213245172,0.0,5.551115123125783e-17,True,,
CellCNN,2,a_007,0.2709453791379929,0.2709453791379929,0.0,1.3113021850585938e-06,True,,
SVM,2,a_010,0.6325911110703386,0.6325911110703386,0.0,5.551115123125783e-17,True,,
CellCNN,2,a_010,0.08949020057916642,0.08949020057916642,0.0,4.76837158203125e-07,True,,
SVM,2,a_1a,0.8805356579542384,0.8805356579542384,0.0,1.6653345369377348e-16,True,,
CellCNN,2,a_1a,0.22174229025840758,0.22174229025840758,0.0,1.5497207641601562e-06,True,,
SVM,2,a_3b,0.7433387652675807,0.7433387652675808,1.1102230246251565e-16,5.551115123125783e-17,True,,
CellCNN,2,a_3b,0.020589949376881123,0.020589949376881123,0.0,1.9073486328125e-06,True,,
SVM,3,a_006,1.0172463392668916,1.0172463392668916,0.0,1.249000902703301e-16,True,,
CellCNN,3,a_006,0.42149611115455626,0.42149611115455626,0.0,4.76837158203125e-07,True,,
SVM,3,a_009,0.9327923806164556,0.9327923806164555,1.1102230246251565e-16,1.3877787807814457e-17,True,,
CellCNN,3,a_009,0.7021085619926453,0.7021085619926453,0.0,7.748603820800781e-07,True,,
SVM,3,a_011,0.9519086594283721,0.9519086594283721,0.0,1.3877787807814457e-16,True,,
CellCNN,3,a_011,0.3505609750747681,0.3505609750747681,0.0,3.5762786865234375e-07,True,,
SVM,3,a_2a,0.704113744915686,0.704113744915686,0.0,0.0,True,,
CellCNN,3,a_2a,0.10326777994632722,0.10326777994632722,0.0,7.152557373046875e-07,True,,
SVM,3,a_5a,1.1178502245268207,1.1178502245268207,0.0,1.5265566588595902e-16,True,,
CellCNN,3,a_5a,0.9002527117729187,0.9002527117729187,0.0,1.1920928955078125e-06,True,,
SVM,3,a_5b,1.1665677524841682,1.1665677524841682,0.0,5.551115123125783e-17,True,,
CellCNN,3,a_5b,0.9579690933227539,0.9579690933227539,0.0,9.5367431640625e-07,True,,
SVM,4,a_001,0.9443430680241652,0.9443430680241652,0.0,5.551115123125783e-17,True,,
CellCNN,4,a_001,0.275845342874527,0.275845342874527,0.0,9.5367431640625e-07,True,,
SVM,4,a_003,1.095518005711409,1.0955180057114087,2.220446049250313e-16,2.220446049250313e-16,True,,
CellCNN,4,a_003,0.5270566701889038,0.5270566701889038,0.0,1.4007091522216797e-06,True,,
SVM,4,a_010,1.0135934871759131,1.0135934871759131,0.0,8.326672684688674e-17,True,,
CellCNN,4,a_010,0.0016115542384795845,0.0016115542384795845,0.0,1.9073486328125e-06,True,,
SVM,4,a_011,1.0157711559100717,1.0157711559100717,0.0,2.7755575615628914e-17,True,,
CellCNN,4,a_011,0.05168466493487358,0.05168466493487358,0.0,9.5367431640625e-07,True,,
SVM,4,a_2a,0.7740388086540557,0.7740388086540557,0.0,0.0,True,,
CellCNN,4,a_2a,0.0003530128509737551,0.0003530128509737551,0.0,4.76837158203125e-07,True,,
SVM,4,a_4b,1.0365358991176894,1.0365358991176894,0.0,2.7755575615628914e-17,True,,
CellCNN,4,a_4b,0.916966688632965,0.916966688632965,0.0,1.6689300537109375e-06,True,,
SVM,5,a_003,1.0718006957289457,1.0718006957289454,2.220446049250313e-16,2.7755575615628914e-16,True,,
CellCNN,5,a_003,0.8237543940544129,0.8237543940544129,0.0,4.76837158203125e-07,True,,
SVM,5,a_011,1.058849912004467,1.058849912004467,0.0,5.551115123125783e-17,True,,
CellCNN,5,a_011,0.4936551690101624,0.4936551690101624,0.0,7.152557373046875e-07,True,,
SVM,5,a_2b,0.6069446557798489,0.6069446557798489,0.0,2.7755575615628914e-17,True,,
CellCNN,5,a_2b,0.04263563677668571,0.04263563677668571,0.0,7.152557373046875e-07,True,,
SVM,5,a_3b,0.7496850256354151,0.7496850256354151,0.0,4.163336342344337e-17,True,,
CellCNN,5,a_3b,0.08126061111688614,0.08126061111688614,0.0,7.152557373046875e-07,True,,
SVM,5,a_5a,1.1320915259586435,1.1320915259586435,0.0,1.1102230246251565e-16,True,,
CellCNN,5,a_5a,0.9774990081787109,0.9774990081787109,0.0,1.1920928955078125e-06,True,,
SVM,5,a_5b,1.164515266055338,1.164515266055338,0.0,0.0,True,,
CellCNN,5,a_5b,0.990396010875702,0.990396010875702,0.0,1.430511474609375e-06,True,,
SVM,6,a_001,0.7373487884495911,0.7373487884495911,0.0,5.551115123125783e-17,True,,
CellCNN,6,a_001,0.14022229462862015,0.14022229462862015,0.0,1.5497207641601562e-06,True,,
SVM,6,a_003,1.0079804581716394,1.0079804581716394,0.0,2.7755575615628914e-17,True,,
CellCNN,6,a_003,0.21167412102222444,0.21167412102222444,0.0,2.0265579223632812e-06,True,,
SVM,6,a_1a,0.9639026173209525,0.9639026173209525,0.0,5.551115123125783e-17,True,,
CellCNN,6,a_1a,0.6833547949790955,0.6833547949790955,0.0,1.5497207641601562e-06,True,,
SVM,6,a_2a,0.8541017285068839,0.8541017285068838,1.1102230246251565e-16,0.0,True,,
CellCNN,6,a_2a,0.08802476301789283,0.08802476301789283,0.0,1.1920928955078125e-06,True,,
SVM,6,a_2b,0.7652980264954883,0.7652980264954884,1.1102230246251565e-16,5.551115123125783e-17,True,,
CellCNN,6,a_2b,0.29635943174362184,0.29635943174362184,0.0,1.4901161193847656e-06,True,,
SVM,6,a_5a,1.4230197609486699,1.42301976094867,2.220446049250313e-16,1.3877787807814457e-16,True,,
CellCNN,6,a_5a,0.9999998807907104,0.9999998807907104,0.0,1.9073486328125e-06,True,,
SVM,7,a_002,0.9095023339098237,0.9095023339098237,0.0,0.0,True,,
CellCNN,7,a_002,0.8812521934509278,0.8812521934509278,0.0,1.6689300537109375e-06,True,,
SVM,7,a_004,0.46013620897313634,0.46013620897313623,1.1102230246251565e-16,0.0,True,,
CellCNN,7,a_004,0.032786792144179344,0.032786792144179344,0.0,1.6689300537109375e-06,True,,
SVM,7,a_010,0.673987282994392,0.673987282994392,0.0,0.0,True,,
CellCNN,7,a_010,0.5880375862121582,0.5880375862121582,0.0,7.152557373046875e-07,True,,
SVM,7,a_012,0.611112226725644,0.6111122267256439,1.1102230246251565e-16,0.0,True,,
CellCNN,7,a_012,0.18499893546104432,0.18499893546104432,0.0,9.5367431640625e-07,True,,
SVM,7,a_1a,0.8374786738865008,0.8374786738865009,1.1102230246251565e-16,0.0,True,,
CellCNN,7,a_1a,0.6332704067230225,0.6332704067230225,0.0,1.1920928955078125e-06,True,,
SVM,7,a_2a,0.7050270774662902,0.7050270774662902,0.0,0.0,True,,
CellCNN,7,a_2a,0.1566957041621208,0.1566957041621208,0.0,9.5367431640625e-07,True,,
SVM,8,a_001,0.9706060552478509,0.9706060552478509,0.0,0.0,True,,
CellCNN,8,a_001,0.3578058183193207,0.3578058183193207,0.0,1.1920928955078125e-06,True,,
SVM,8,a_006,1.1228441048963762,1.122844104896376,2.220446049250313e-16,5.551115123125783e-17,True,,
CellCNN,8,a_006,0.8682433128356933,0.8682433128356933,0.0,7.152557373046875e-07,True,,
SVM,8,a_010,1.150326310870975,1.150326310870975,0.0,5.551115123125783e-17,True,,
CellCNN,8,a_010,0.47397054433822633,0.47397054433822633,0.0,1.1026859283447266e-06,True,,
SVM,8,a_2a,0.8853578981138727,0.8853578981138729,2.220446049250313e-16,2.220446049250313e-16,True,,
CellCNN,8,a_2a,0.3968009173870087,0.3968009173870087,0.0,9.834766387939453e-07,True,,
SVM,8,a_2b,0.9688199409069462,0.9688199409069461,1.1102230246251565e-16,2.220446049250313e-16,True,,
CellCNN,8,a_2b,0.7098098635673523,0.7098098635673523,0.0,7.152557373046875e-07,True,,
SVM,8,a_5a,1.3460492489563602,1.3460492489563602,0.0,5.551115123125783e-17,True,,
CellCNN,8,a_5a,0.9958182811737061,0.9958182811737061,0.0,9.5367431640625e-07,True,,
SVM,9,a_003,1.0521799184895348,1.0521799184895348,0.0,1.3877787807814457e-17,True,,
CellCNN,9,a_003,0.17656689286231994,0.17656689286231994,0.0,9.5367431640625e-07,True,,
SVM,9,a_007,0.9346701429792917,0.9346701429792916,1.1102230246251565e-16,1.3877787807814457e-16,True,,
CellCNN,9,a_007,0.6678324222564698,0.6678324222564698,0.0,1.0728836059570312e-06,True,,
SVM,9,a_011,0.942442452047699,0.9424424520476993,2.220446049250313e-16,1.6653345369377348e-16,True,,
CellCNN,9,a_011,0.17158235609531403,0.17158235609531403,0.0,7.152557373046875e-07,True,,
SVM,9,a_2b,0.6082983429509418,0.6082983429509418,0.0,5.551115123125783e-17,True,,
CellCNN,9,a_2b,0.008708104398101569,0.008708104398101569,0.0,1.430511474609375e-06,True,,
SVM,9,a_3a,0.664205576809516,0.6642055768095159,1.1102230246251565e-16,1.1102230246251565e-16,True,,
CellCNN,9,a_3a,0.0041971088387072085,0.0041971088387072085,0.0,1.9073486328125e-06,True,,
SVM,9,a_4b,1.0247471393032148,1.0247471393032148,0.0,9.71445146547012e-17,True,,
CellCNN,9,a_4b,0.29729363322257996,0.29729363322257996,0.0,1.4901161193847656e-06,True,,
SVM,10,a_002,1.0772284697754164,1.0772284697754164,0.0,4.163336342344337e-17,True,,
CellCNN,10,a_002,0.4622579276561737,0.4622579276561737,0.0,2.5331974029541016e-07,True,,
SVM,10,a_003,1.070386331906627,1.070386331906627,0.0,1.3877787807814457e-17,True,,
CellCNN,10,a_003,0.46449817419052125,0.46449817419052125,0.0,3.5762786865234375e-07,True,,
SVM,10,a_007,0.973755460277727,0.9737554602777272,2.220446049250313e-16,1.3877787807814457e-16,True,,
CellCNN,10,a_007,0.48312469124794005,0.48312469124794005,0.0,2.384185791015625e-07,True,,
SVM,10,a_009,0.9271073314595907,0.9271073314595907,0.0,2.7755575615628914e-17,True,,
CellCNN,10,a_009,0.40843396782875063,0.40843396782875063,0.0,1.1920928955078125e-07,True,,
SVM,10,a_010,0.8628968981291137,0.8628968981291136,1.1102230246251565e-16,1.1102230246251565e-16,True,,
CellCNN,10,a_010,0.2063946783542633,0.2063946783542633,0.0,2.384185791015625e-07,True,,
SVM,10,a_2a,0.750627473072364,0.750627473072364,0.0,1.1102230246251565e-16,True,,
CellCNN,10,a_2a,0.24552066922187804,0.24552066922187804,0.0,3.5762786865234375e-07,True,,
SVM,11,a_002,1.1331661736075653,1.133166173607565,2.220446049250313e-16,6.938893903907228e-18,True,,
CellCNN,11,a_002,0.9390243649482727,0.9390243649482727,0.0,1.1920928955078125e-06,True,,
SVM,11,a_003,1.0866677931055753,1.0866677931055753,0.0,1.3314002678121994e-16,True,,
CellCNN,11,a_003,0.11073520183563232,0.11073520183563232,0.0,1.1920928955078125e-06,True,,
SVM,11,a_006,1.0882947401140097,1.0882947401140097,0.0,1.1926223897340549e-17,True,,
CellCNN,11,a_006,0.05572748929262161,0.05572748929262161,0.0,1.1920928955078125e-06,True,,
SVM,11,a_010,0.897364845988906,0.897364845988906,0.0,5.551115123125783e-17,True,,
CellCNN,11,a_010,0.33535702228546144,0.33535702228546144,0.0,8.344650268554688e-07,True,,
SVM,11,a_011,0.859479445678649,0.859479445678649,0.0,2.7755575615628914e-17,True,,
CellCNN,11,a_011,0.062058371305465695,0.062058371305465695,0.0,7.152557373046875e-07,True,,
SVM,11,a_012,0.9708749549786766,0.9708749549786765,1.1102230246251565e-16,5.551115123125783e-17,True,,
CellCNN,11,a_012,0.24745331704616547,0.24745331704616547,0.0,1.1920928955078125e-06,True,,
SVM,12,a_001,0.7242744807996467,0.7242744807996466,1.1102230246251565e-16,5.551115123125783e-17,True,,
CellCNN,12,a_001,0.002384352474473417,0.002384352474473417,0.0,1.9073486328125e-06,True,,
SVM,12,a_003,1.0102034497045747,1.0102034497045747,0.0,1.5265566588595902e-16,True,,
CellCNN,12,a_003,0.9990299582481384,0.9990299582481384,0.0,2.384185791015625e-06,True,,
SVM,12,a_004,0.667488571727857,0.6674885717278569,1.1102230246251565e-16,5.551115123125783e-17,True,,
CellCNN,12,a_004,0.00023802052601240575,0.00023802052601240575,0.0,1.9073486328125e-06,True,,
SVM,12,a_006,0.9119187106860688,0.9119187106860688,0.0,2.7755575615628914e-17,True,,
CellCNN,12,a_006,0.9896556735038757,0.9896556735038757,0.0,2.384185791015625e-06,True,,
SVM,12,a_3a,0.6168396920500269,0.6168396920500269,0.0,5.551115123125783e-17,True,,
CellCNN,12,a_3a,0.0005436211475171148,0.0005436211475171148,0.0,1.9073486328125e-06,True,,
SVM,12,a_4a,1.1573277020909578,1.1573277020909578,0.0,3.469446951953614e-17,True,,
CellCNN,12,a_4a,0.999995493888855,0.999995493888855,0.0,1.9073486328125e-06,True,,
SVM,13,a_004,0.6495808230640225,0.6495808230640225,0.0,0.0,True,,
CellCNN,13,a_004,7.529392532887869e-05,7.529392532887869e-05,0.0,2.86102294921875e-06,True,,
SVM,13,a_009,0.7940386475707685,0.7940386475707685,0.0,2.7755575615628914e-17,True,,
CellCNN,13,a_009,0.7545196533203125,0.7545196533203125,0.0,2.0265579223632812e-06,True,,
SVM,13,a_1a,0.7671327032885339,0.7671327032885339,0.0,0.0,True,,
CellCNN,13,a_1a,0.9524190068244934,0.9524190068244934,0.0,1.430511474609375e-06,True,,
SVM,13,a_3b,0.5994881691864471,0.5994881691864472,1.1102230246251565e-16,5.551115123125783e-17,True,,
CellCNN,13,a_3b,0.0002473513261065818,0.0002473513261065818,0.0,2.86102294921875e-06,True,,
SVM,13,a_4b,0.7764305783469126,0.7764305783469126,0.0,2.7755575615628914e-17,True,,
CellCNN,13,a_4b,0.952481460571289,0.952481460571289,0.0,1.1920928955078125e-06,True,,
SVM,13,a_5a,1.0335865805885032,1.0335865805885027,4.440892098500626e-16,2.636779683484747e-16,True,,
CellCNN,13,a_5a,0.9999980926513672,0.9999980926513672,0.0,2.86102294921875e-06,True,,
SVM,14,a_005,0.9251247943265585,0.9251247943265585,0.0,5.551115123125783e-17,True,,
CellCNN,14,a_005,0.9760107278823853,0.9760107278823853,0.0,9.5367431640625e-07,True,,
SVM,14,a_010,0.8248440150286158,0.8248440150286158,0.0,1.1102230246251565e-16,True,,
CellCNN,14,a_010,0.30045113563537595,0.30045113563537595,0.0,6.556510925292969e-07,True,,
SVM,14,a_2a,0.7287062144598573,0.7287062144598573,0.0,0.0,True,,
CellCNN,14,a_2a,0.6040706992149353,0.6040706992149353,0.0,6.556510925292969e-07,True,,
SVM,14,a_3a,0.6682322080666697,0.6682322080666697,0.0,0.0,True,,
CellCNN,14,a_3a,0.2651671230792999,0.2651671230792999,0.0,8.344650268554688e-07,True,,
SVM,14,a_3b,0.7094926524567151,0.7094926524567151,0.0,1.1102230246251565e-16,True,,
CellCNN,14,a_3b,0.20623876750469208,0.20623876750469208,0.0,3.5762786865234375e-07,True,,
SVM,14,a_5a,1.1375369443814616,1.1375369443814616,0.0,5.551115123125783e-17,True,,
CellCNN,14,a_5a,0.9841695785522461,0.9841695785522461,0.0,9.5367431640625e-07,True,,
SVM,15,a_002,1.1130006686217382,1.113000668621738,2.220446049250313e-16,9.71445146547012e-17,True,,
CellCNN,15,a_002,0.39712164998054506,0.39712164998054506,0.0,3.039836883544922e-06,True,,
SVM,15,a_003,1.223915557698914,1.223915557698914,0.0,1.5092094240998222e-16,True,,
CellCNN,15,a_003,0.6343780994415283,0.6343780994415283,0.0,3.039836883544922e-06,True,,
SVM,15,a_011,1.0854300889938775,1.0854300889938775,0.0,8.326672684688674e-17,True,,
CellCNN,15,a_011,0.016911184415221214,0.016911184415221214,0.0,2.1457672119140625e-06,True,,
SVM,15,a_1a,1.050817259166404,1.050817259166404,0.0,8.326672684688674e-17,True,,
CellCNN,15,a_1a,0.9893089175224304,0.9893089175224304,0.0,2.86102294921875e-06,True,,
SVM,15,a_3a,0.7884967081292392,0.7884967081292392,0.0,0.0,True,,
CellCNN,15,a_3a,0.0011372726876288652,0.0011372726876288652,0.0,2.384185791015625e-06,True,,
SVM,15,a_4b,1.218707948816569,1.218707948816569,0.0,7.806255641895632e-17,True,,
CellCNN,15,a_4b,0.9892418622970581,0.9892418622970581,0.0,2.86102294921875e-06,True,,
SVM,16,a_003,0.8815295128651831,0.8815295128651831,0.0,1.734723475976807e-17,True,,
CellCNN,16,a_003,0.16149260699748993,0.16149260699748993,0.0,1.3113021850585938e-06,True,,
SVM,16,a_006,1.0946888057413804,1.0946888057413804,0.0,0.0,True,,
CellCNN,16,a_006,0.46028956174850466,0.46028956174850466,0.0,1.4454126358032227e-06,True,,
SVM,16,a_012,0.730011949652005,0.730011949652005,0.0,1.3877787807814457e-16,True,,
CellCNN,16,a_012,0.3945717692375183,0.3945717692375183,0.0,1.3113021850585938e-06,True,,
SVM,16,a_2a,0.8119003814070412,0.8119003814070411,1.1102230246251565e-16,3.469446951953614e-17,True,,
CellCNN,16,a_2a,0.505621862411499,0.505621862411499,0.0,8.642673492431641e-07,True,,
SVM,16,a_2b,0.8687308127880818,0.8687308127880818,0.0,3.8163916471489756e-17,True,,
CellCNN,16,a_2b,0.7350229382514953,0.7350229382514953,0.0,8.344650268554688e-07,True,,
SVM,16,a_5a,1.379936631835478,1.379936631835478,0.0,0.0,True,,
CellCNN,16,a_5a,0.9739525198936463,0.9739525198936463,0.0,1.6689300537109375e-06,True,,
SVM,17,a_004,0.7279032034339319,0.7279032034339317,2.220446049250313e-16,1.1102230246251565e-16,True,,
CellCNN,17,a_004,0.5169163584709168,0.5169163584709168,0.0,5.960464477539063e-08,True,,
SVM,17,a_007,0.8094418953544543,0.8094418953544543,0.0,0.0,True,,
CellCNN,17,a_007,0.38630465865135194,0.38630465865135194,0.0,3.5762786865234375e-07,True,,
SVM,17,a_009,0.7351615840054858,0.7351615840054858,0.0,5.551115123125783e-17,True,,
CellCNN,17,a_009,0.31308949589729307,0.31308949589729307,0.0,1.7881393432617188e-07,True,,
SVM,17,a_011,0.8737048934158217,0.8737048934158217,0.0,3.469446951953614e-17,True,,
CellCNN,17,a_011,0.5034077167510986,0.5034077167510986,0.0,2.384185791015625e-07,True,,
SVM,17,a_2a,0.5911189663866834,0.5911189663866834,0.0,1.1102230246251565e-16,True,,
CellCNN,17,a_2a,0.4408757507801056,0.4408757507801056,0.0,2.384185791015625e-07,True,,
SVM,17,a_4a,0.986748583955134,0.986748583955134,0.0,2.0816681711721685e-17,True,,
CellCNN,17,a_4a,0.6032723426818848,0.6032723426818848,0.0,4.172325134277344e-07,True,,
SVM,18,a_003,0.8972656225885776,0.8972656225885776,0.0,5.551115123125783e-17,True,,
CellCNN,18,a_003,0.5606051027774811,0.5606051027774811,0.0,1.4901161193847656e-06,True,,
SVM,18,a_004,0.5913451942623692,0.5913451942623691,1.1102230246251565e-16,1.1102230246251565e-16,True,,
CellCNN,18,a_004,0.004167066980153322,0.004167066980153322,0.0,9.5367431640625e-07,True,,
SVM,18,a_005,1.0281717461512112,1.0281717461512112,0.0,0.0,True,,
CellCNN,18,a_005,0.9996002435684204,0.9996002435684204,0.0,3.814697265625e-06,True,,
SVM,18,a_1a,0.8198199976298225,0.8198199976298225,0.0,5.551115123125783e-17,True,,
CellCNN,18,a_1a,0.9268409609794617,0.9268409609794617,0.0,2.86102294921875e-06,True,,
SVM,18,a_3a,0.6103970005281238,0.610397000528124,1.1102230246251565e-16,1.1102230246251565e-16,True,,
CellCNN,18,a_3a,0.0023844989715144037,0.0023844989715144037,0.0,1.9073486328125e-06,True,,
SVM,18,a_4a,1.1235154369014766,1.1235154369014766,0.0,1.3877787807814457e-17,True,,
CellCNN,18,a_4a,0.9988706588745118,0.9988706588745118,0.0,1.9073486328125e-06,True,,
SVM,19,a_003,0.93717040865629,0.9371704086562901,1.1102230246251565e-16,6.938893903907228e-17,True,,
CellCNN,19,a_003,0.9168408513069153,0.9168408513069153,0.0,2.384185791015625e-07,True,,
SVM,19,a_005,1.178425346610179,1.1784253466101788,2.220446049250313e-16,5.551115123125783e-17,True,,
CellCNN,19,a_005,0.9655341029167175,0.9655341029167175,0.0,2.384185791015625e-07,True,,
SVM,19,a_006,1.1394537918859335,1.1394537918859335,0.0,1.3877787807814457e-17,True,,
CellCNN,19,a_006,0.9034847974777221,0.9034847974777221,0.0,2.384185791015625e-07,True,,
SVM,19,a_2a,0.7861882795347503,0.7861882795347503,0.0,0.0,True,,
CellCNN,19,a_2a,0.24841114580631257,0.24841114580631257,0.0,4.76837158203125e-07,True,,
SVM,19,a_2b,0.8226360867500185,0.8226360867500185,0.0,2.7755575615628914e-17,True,,
CellCNN,19,a_2b,0.2434791535139084,0.2434791535139084,0.0,5.960464477539062e-07,True,,
SVM,19,a_4b,1.0162770989968333,1.0162770989968333,0.0,3.122502256758253e-17,True,,
CellCNN,19,a_4b,0.21240234375,0.21240234375,0.0,2.384185791015625e-07,True,,
SVM,20,a_002,0.9897335297588642,0.9897335297588642,0.0,4.163336342344337e-17,True,,
CellCNN,20,a_002,0.3049350380897522,0.3049350380897522,0.0,2.1457672119140625e-06,True,,
SVM,20,a_003,1.0919786666156874,1.0919786666156872,2.220446049250313e-16,4.163336342344337e-17,True,,
CellCNN,20,a_003,0.45265765190124513,0.45265765190124513,0.0,1.6689300537109375e-06,True,,
SVM,20,a_009,0.8616275744298644,0.8616275744298644,0.0,2.7755575615628914e-17,True,,
CellCNN,20,a_009,0.8842109799385071,0.8842109799385071,0.0,7.152557373046875e-07,True,,
SVM,20,a_011,0.8351164246484525,0.8351164246484525,0.0,8.326672684688674e-17,True,,
CellCNN,20,a_011,0.05273879766464233,0.05273879766464233,0.0,1.430511474609375e-06,True,,
SVM,20,a_012,0.9640758225909737,0.9640758225909736,1.1102230246251565e-16,8.326672684688674e-17,True,,
CellCNN,20,a_012,0.9281176805496216,0.9281176805496216,0.0,1.6689300537109375e-06,True,,
SVM,20,a_2b,0.6238563152289591,0.6238563152289592,1.1102230246251565e-16,5.551115123125783e-17,True,,
CellCNN,20,a_2b,0.0033465317450463773,0.0033465317450463773,0.0,1.430511474609375e-06,True,,
SVM,21,a_006,1.2687451004492107,1.268745100449211,2.220446049250313e-16,5.551115123125783e-17,True,,
CellCNN,21,a_006,0.7614438533782959,0.7614438533782959,0.0,1.9073486328125e-06,True,,
SVM,21,a_009,1.2152144699786667,1.2152144699786667,0.0,8.326672684688674e-17,True,,
CellCNN,21,a_009,0.6840304017066956,0.6840304017066956,0.0,1.4901161193847656e-06,True,,
SVM,21,a_010,1.2152493086115403,1.2152493086115401,2.220446049250313e-16,8.326672684688674e-17,True,,
CellCNN,21,a_010,0.5590181469917297,0.5590181469917297,0.0,9.834766387939453e-07,True,,
SVM,21,a_012,0.8254730280217057,0.8254730280217057,0.0,0.0,True,,
CellCNN,21,a_012,0.07457902655005455,0.07457902655005455,0.0,9.5367431640625e-07,True,,
SVM,21,a_3a,0.8064630157043694,0.8064630157043694,0.0,8.326672684688674e-17,True,,
CellCNN,21,a_3a,2.854637295968132e-05,2.854637295968132e-05,0.0,1.9073486328125e-06,True,,
SVM,21,a_5a,1.3841200713341764,1.3841200713341761,2.220446049250313e-16,1.6653345369377348e-16,True,,
CellCNN,21,a_5a,0.9931337475776673,0.9931337475776673,0.0,2.384185791015625e-06,True,,
SVM,22,a_004,0.5224355886385699,0.52243558863857,1.1102230246251565e-16,5.551115123125783e-17,True,,
CellCNN,22,a_004,0.5214114904403686,0.5214114904403686,0.0,1.043081283569336e-07,True,,
SVM,22,a_005,0.9658644517603289,0.9658644517603289,0.0,3.8163916471489756e-17,True,,
CellCNN,22,a_005,0.7334558844566346,0.7334558844566346,0.0,2.384185791015625e-07,True,,
SVM,22,a_010,0.7283669222018553,0.7283669222018553,0.0,2.7755575615628914e-17,True,,
CellCNN,22,a_010,0.5295513987541198,0.5295513987541198,0.0,2.5331974029541016e-07,True,,
SVM,22,a_2a,0.5743941759611182,0.5743941759611182,0.0,0.0,True,,
CellCNN,22,a_2a,0.33398555517196654,0.33398555517196654,0.0,2.980232238769531e-07,True,,
SVM,22,a_3b,0.5222273993348292,0.5222273993348292,0.0,0.0,True,,
CellCNN,22,a_3b,0.2098942667245865,0.2098942667245865,0.0,4.76837158203125e-07,True,,
SVM,22,a_4a,0.8491265491652413,0.8491265491652413,0.0,1.3877787807814457e-17,True,,
CellCNN,22,a_4a,0.23039395213127137,0.23039395213127137,0.0,1.1920928955078125e-07,True,,
SVM,23,a_007,1.0301784407184145,1.0301784407184145,0.0,1.6653345369377348e-16,True,,
CellCNN,23,a_007,0.11767050623893738,0.11767050623893738,0.0,1.9073486328125e-06,True,,
SVM,23,a_009,0.9629679269936157,0.9629679269936157,0.0,6.938893903907228e-17,True,,
CellCNN,23,a_009,0.41115187406539916,0.41115187406539916,0.0,1.7881393432617188e-06,True,,
SVM,23,a_010,1.1579003933292875,1.1579003933292875,0.0,0.0,True,,
CellCNN,23,a_010,0.9457186579704284,0.9457186579704284,0.0,9.5367431640625e-07,True,,
SVM,23,a_011,0.9759052775137115,0.9759052775137115,0.0,2.7755575615628914e-17,True,,
CellCNN,23,a_011,0.20801724195480348,0.20801724195480348,0.0,2.5033950805664062e-06,True,,
SVM,23,a_2a,0.7769149996184658,0.7769149996184657,1.1102230246251565e-16,1.3877787807814457e-17,True,,
CellCNN,23,a_2a,0.05464285500347614,0.05464285500347614,0.0,1.9073486328125e-06,True,,
SVM,23,a_5b,1.1749475642211216,1.1749475642211213,2.220446049250313e-16,2.220446049250313e-16,True,,
CellCNN,23,a_5b,0.999466061592102,0.999466061592102,0.0,2.384185791015625e-06,True,,
SVM,24,a_003,0.8392695558716358,0.8392695558716358,0.0,2.7755575615628914e-17,True,,
CellCNN,24,a_003,0.7818746924400329,0.7818746924400329,0.0,4.0531158447265625e-06,True,,
SVM,24,a_004,0.6169768377095085,0.6169768377095085,0.0,1.1796119636642288e-16,True,,
CellCNN,24,a_004,0.0001103510003304109,0.0001103510003304109,0.0,3.814697265625e-06,True,,
SVM,24,a_2a,0.5195383616873973,0.5195383616873973,0.0,8.326672684688674e-17,True,,
CellCNN,24,a_2a,0.014255384169518947,0.014255384169518947,0.0,2.384185791015625e-06,True,,
SVM,24,a_3a,0.5078938693690481,0.5078938693690481,0.0,5.551115123125783e-17,True,,
CellCNN,24,a_3a,3.4888022923951214e-07,3.4888022923951214e-07,0.0,4.76837158203125e-06,True,,
SVM,24,a_4a,0.967304541083869,0.967304541083869,0.0,5.551115123125783e-17,True,,
CellCNN,24,a_4a,0.9999941825866699,0.9999941825866699,0.0,2.86102294921875e-06,True,,
SVM,24,a_5b,1.1854206855822407,1.1854206855822407,0.0,1.1102230246251565e-16,True,,
CellCNN,24,a_5b,0.9999998092651368,0.9999998092651368,0.0,3.814697265625e-06,True,,
SVM,25,a_007,0.8466032989182315,0.8466032989182315,0.0,0.0,True,,
CellCNN,25,a_007,0.5551805257797241,0.5551805257797241,0.0,2.4437904357910156e-06,True,,
SVM,25,a_011,0.8679150016281247,0.8679150016281245,2.220446049250313e-16,2.220446049250313e-16,True,,
CellCNN,25,a_011,0.13627412915229797,0.13627412915229797,0.0,1.430511474609375e-06,True,,
SVM,25,a_1a,0.8483579497135505,0.8483579497135505,0.0,1.1102230246251565e-16,True,,
CellCNN,25,a_1a,0.8318556666374206,0.8318556666374206,0.0,1.9073486328125e-06,True,,
SVM,25,a_2b,0.6252732948929716,0.6252732948929716,0.0,0.0,True,,
CellCNN,25,a_2b,0.00020309040701249614,0.00020309040701249614,0.0,1.9073486328125e-06,True,,
SVM,25,a_3b,0.7593281673711827,0.7593281673711826,1.1102230246251565e-16,5.551115123125783e-17,True,,
CellCNN,25,a_3b,0.04442073069512844,0.04442073069512844,0.0,1.9073486328125e-06,True,,
SVM,25,a_4b,1.0157610466884974,1.0157610466884974,0.0,1.3877787807814457e-16,True,,
CellCNN,25,a_4b,0.9900717496871948,0.9900717496871948,0.0,2.86102294921875e-06,True,,
SVM,26,a_003,0.8995784813756353,0.8995784813756353,0.0,2.7755575615628914e-17,True,,
CellCNN,26,a_003,0.5575819849967957,0.5575819849967957,0.0,4.172325134277344e-07,True,,
SVM,26,a_004,0.6758383822255741,0.675838382225574,1.1102230246251565e-16,2.0816681711721685e-17,True,,
CellCNN,26,a_004,0.20994594991207122,0.20994594991207122,0.0,7.152557373046875e-07,True,,
SVM,26,a_007,0.832606215950488,0.832606215950488,0.0,1.249000902703301e-16,True,,
CellCNN,26,a_007,0.34605149626731874,0.34605149626731874,0.0,5.364418029785156e-07,True,,
SVM,26,a_010,0.6875847401489545,0.6875847401489545,0.0,1.3877787807814457e-17,True,,
CellCNN,26,a_010,0.2492175281047821,0.2492175281047821,0.0,2.980232238769531e-07,True,,
SVM,26,a_3b,0.5866325405314052,0.5866325405314052,0.0,1.1102230246251565e-16,True,,
CellCNN,26,a_3b,0.10604241490364075,0.10604241490364075,0.0,7.152557373046875e-07,True,,
SVM,26,a_4a,0.9763885082192922,0.9763885082192924,1.1102230246251565e-16,5.551115123125783e-17,True,,
CellCNN,26,a_4a,0.8086096405982971,0.8086096405982971,0.0,5.960464477539062e-07,True,,
SVM,27,a_001,0.768564730439528,0.768564730439528,0.0,0.0,True,,
CellCNN,27,a_001,0.43445605635643003,0.43445605635643003,0.0,4.76837158203125e-07,True,,
SVM,27,a_006,0.8553452666340934,0.8553452666340935,1.1102230246251565e-16,5.551115123125783e-17,True,,
CellCNN,27,a_006,0.7695097923278809,0.7695097923278809,0.0,4.76837158203125e-07,True,,
SVM,27,a_011,0.8225643246055758,0.8225643246055758,0.0,5.551115123125783e-17,True,,
CellCNN,27,a_011,0.17248131036758424,0.17248131036758424,0.0,9.5367431640625e-07,True,,
SVM,27,a_2b,0.6405147958507919,0.6405147958507917,1.1102230246251565e-16,1.1102230246251565e-16,True,,
CellCNN,27,a_2b,0.6913366675376892,0.6913366675376892,0.0,2.384185791015625e-07,True,,
SVM,27,a_3a,0.6090806277125309,0.6090806277125309,0.0,1.1102230246251565e-16,True,,
CellCNN,27,a_3a,0.14369791150093078,0.14369791150093078,0.0,5.960464477539062e-07,True,,
SVM,27,a_5b,1.2621131569029687,1.2621131569029687,0.0,9.71445146547012e-17,True,,
CellCNN,27,a_5b,0.9629292607307434,0.9629292607307434,0.0,7.152557373046875e-07,True,,
SVM,28,a_003,0.9355228313869055,0.9355228313869055,0.0,5.551115123125783e-17,True,,
CellCNN,28,a_003,0.23820942789316177,0.23820942789316177,0.0,1.9073486328125e-06,True,,
SVM,28,a_004,0.6995832325820899,0.6995832325820898,1.1102230246251565e-16,5.551115123125783e-17,True,,
CellCNN,28,a_004,0.524778550863266,0.524778550863266,0.0,2.384185791015625e-06,True,,
SVM,28,a_3a,0.5855741251230965,0.5855741251230965,0.0,8.326672684688674e-17,True,,
CellCNN,28,a_3a,1.0602898186107268e-07,1.0602898186107268e-07,0.0,3.814697265625e-06,True,,
SVM,28,a_3b,0.6119555158751974,0.6119555158751974,0.0,1.3877787807814457e-16,True,,
CellCNN,28,a_3b,8.862768590915948e-05,8.862768590915948e-05,0.0,3.814697265625e-06,True,,
SVM,28,a_4b,0.7980649404738,0.7980649404737999,1.1102230246251565e-16,5.551115123125783e-17,True,,
CellCNN,28,a_4b,0.9308001756668091,0.9308001756668091,0.0,1.9073486328125e-06,True,,
SVM,28,a_5b,1.136972458893231,1.136972458893231,0.0,0.0,True,,
CellCNN,28,a_5b,0.9999999761581421,0.9999999761581421,0.0,3.814697265625e-06,True,,
SVM,29,a_004,0.5476295165907421,0.5476295165907421,0.0,0.0,True,,
CellCNN,29,a_004,0.0012211187044158579,0.0012211187044158579,0.0,1.430511474609375e-06,True,,
SVM,29,a_009,0.7376718136023951,0.7376718136023951,0.0,0.0,True,,
CellCNN,29,a_009,0.020628853514790536,0.020628853514790536,0.0,1.9073486328125e-06,True,,
SVM,29,a_012,0.7258336346742502,0.7258336346742502,0.0,5.551115123125783e-17,True,,
CellCNN,29,a_012,0.9629047751426697,0.9629047751426697,0.0,2.1457672119140625e-06,True,,
SVM,29,a_2b,0.6659013842426412,0.6659013842426412,0.0,0.0,True,,
CellCNN,29,a_2b,0.10047930553555488,0.10047930553555488,0.0,1.1920928955078125e-06,True,,
SVM,29,a_3b,0.5542436810648625,0.5542436810648625,0.0,1.1102230246251565e-16,True,,
CellCNN,29,a_3b,6.152780360935139e-06,6.152780360935139e-06,0.0,2.86102294921875e-06,True,,
SVM,29,a_5b,1.1227837136385597,1.1227837136385594,2.220446049250313e-16,1.1102230246251565e-16,True,,
CellCNN,29,a_5b,0.9999999046325684,0.9999999046325684,0.0,3.814697265625e-06,True,,
SVM,30,a_004,0.507182003336296,0.507182003336296,0.0,1.1102230246251565e-16,True,,
CellCNN,30,a_004,0.05907300934195518,0.05907300934195518,0.0,7.152557373046875e-07,True,,
SVM,30,a_005,0.9119221104412784,0.9119221104412784,0.0,1.1102230246251565e-16,True,,
CellCNN,30,a_005,0.9245575308799744,0.9245575308799744,0.0,9.5367431640625e-07,True,,
SVM,30,a_007,0.6735378405162438,0.6735378405162439,1.1102230246251565e-16,2.220446049250313e-16,True,,
CellCNN,30,a_007,0.2698811203241348,0.2698811203241348,0.0,7.152557373046875e-07,True,,
SVM,30,a_1a,0.8599441903425274,0.8599441903425274,0.0,5.551115123125783e-17,True,,
CellCNN,30,a_1a,0.47451844811439514,0.47451844811439514,0.0,7.450580596923828e-07,True,,
SVM,30,a_2b,0.6562919451491265,0.6562919451491265,0.0,1.1102230246251565e-16,True,,
CellCNN,30,a_2b,0.2537557899951935,0.2537557899951935,0.0,4.76837158203125e-07,True,,
SVM,30,a_3a,0.7190622164457545,0.7190622164457545,0.0,1.1102230246251565e-16,True,,
CellCNN,30,a_3a,0.1120261088013649,0.1120261088013649,0.0,9.5367431640625e-07,True,,
SVM,31,a_001,0.8122700693556032,0.8122700693556033,1.1102230246251565e-16,2.7755575615628914e-17,True,,
CellCNN,31,a_001,0.031203804537653923,0.031203804537653923,0.0,1.9073486328125e-06,True,,
SVM,31,a_003,1.0796321906314206,1.0796321906314206,0.0,4.85722573273506e-17,True,,
CellCNN,31,a_003,0.00869563091546297,0.00869563091546297,0.0,1.9073486328125e-06,True,,
SVM,31,a_004,0.7125599750032654,0.7125599750032654,0.0,0.0,True,,
CellCNN,31,a_004,0.0001700193781289272,0.0001700193781289272,0.0,9.5367431640625e-07,True,,
SVM,31,a_007,0.9529390083334778,0.9529390083334777,1.1102230246251565e-16,1.1102230246251565e-16,True,,
CellCNN,31,a_007,0.1310408115386963,0.1310408115386963,0.0,2.86102294921875e-06,True,,
SVM,31,a_010,0.6992179137159616,0.6992179137159616,0.0,5.551115123125783e-17,True,,
CellCNN,31,a_010,0.002550541772507131,0.002550541772507131,0.0,9.5367431640625e-07,True,,
SVM,31,a_1a,0.8983430695826081,0.8983430695826081,0.0,1.1102230246251565e-16,True,,
CellCNN,31,a_1a,0.08073240518569946,0.08073240518569946,0.0,1.1920928955078125e-06,True,,
SVM,32,a_003,1.098858644681484,1.098858644681484,0.0,1.1102230246251565e-16,True,,
CellCNN,32,a_003,0.688348388671875,0.688348388671875,0.0,2.4437904357910156e-06,True,,
SVM,32,a_009,1.0237286302761275,1.0237286302761275,0.0,2.7755575615628914e-17,True,,
CellCNN,32,a_009,0.6279666781425476,0.6279666781425476,0.0,4.172325134277344e-07,True,,
SVM,32,a_011,0.9031824537749068,0.9031824537749068,0.0,6.938893903907228e-17,True,,
CellCNN,32,a_011,0.06379935890436172,0.06379935890436172,0.0,1.6689300537109375e-06,True,,
SVM,32,a_012,1.0491672477954328,1.0491672477954328,0.0,1.1102230246251565e-16,True,,
CellCNN,32,a_012,0.9544173359870911,0.9544173359870911,0.0,1.430511474609375e-06,True,,
SVM,32,a_3a,0.7656990896761434,0.7656990896761433,1.1102230246251565e-16,2.7755575615628914e-17,True,,
CellCNN,32,a_3a,0.00022826281492598354,0.00022826281492598354,0.0,1.430511474609375e-06,True,,
SVM,32,a_4a,1.2583899797096048,1.2583899797096045,2.220446049250313e-16,1.1102230246251565e-16,True,,
CellCNN,32,a_4a,0.9941287279129029,0.9941287279129029,0.0,2.384185791015625e-06,True,,
SVM,33,a_007,0.8557558616697603,0.8557558616697603,0.0,5.551115123125783e-17,True,,
CellCNN,33,a_007,0.16620667576789855,0.16620667576789855,0.0,7.152557373046875e-07,True,,
SVM,33,a_009,0.7741237908372761,0.7741237908372761,0.0,5.551115123125783e-17,True,,
CellCNN,33,a_009,0.2656483292579651,0.2656483292579651,0.0,3.5762786865234375e-07,True,,
SVM,33,a_011,0.8225427750178069,0.8225427750178069,0.0,5.551115123125783e-17,True,,
CellCNN,33,a_011,0.22117227613925933,0.22117227613925933,0.0,3.5762786865234375e-07,True,,
SVM,33,a_2b,0.6347762659062681,0.6347762659062681,0.0,0.0,True,,
CellCNN,33,a_2b,0.09993301331996918,0.09993301331996918,0.0,4.76837158203125e-07,True,,
SVM,33,a_3a,0.6190630503522699,0.6190630503522702,2.220446049250313e-16,1.6653345369377348e-16,True,,
CellCNN,33,a_3a,0.10160983204841614,0.10160983204841614,0.0,7.152557373046875e-07,True,,
SVM,33,a_4b,0.8891572812678187,0.8891572812678187,0.0,0.0,True,,
CellCNN,33,a_4b,0.6700655579566955,0.6700655579566955,0.0,5.364418029785156e-07,True,,
SVM,34,a_005,1.148360940302889,1.1483609403028892,2.220446049250313e-16,1.6653345369377348e-16,True,,
CellCNN,34,a_005,0.7132165551185607,0.7132165551185607,0.0,1.1920928955078125e-06,True,,
SVM,34,a_009,0.949973072353183,0.9499730723531832,2.220446049250313e-16,5.551115123125783e-17,True,,
CellCNN,34,a_009,0.8162387847900391,0.8162387847900391,0.0,7.152557373046875e-07,True,,
SVM,34,a_010,1.1474138737174275,1.1474138737174275,0.0,5.551115123125783e-17,True,,
CellCNN,34,a_010,0.5508806705474854,0.5508806705474854,0.0,9.08970832824707e-07,True,,
SVM,34,a_011,0.8852175209638063,0.8852175209638061,2.220446049250313e-16,0.0,True,,
CellCNN,34,a_011,0.03780633583664894,0.03780633583664894,0.0,1.1920928955078125e-06,True,,
SVM,34,a_2a,0.7480368053746219,0.7480368053746219,0.0,0.0,True,,
CellCNN,34,a_2a,0.13252247720956803,0.13252247720956803,0.0,2.384185791015625e-07,True,,
SVM,34,a_5a,1.1741947809317128,1.1741947809317128,0.0,8.326672684688674e-17,True,,
CellCNN,34,a_5a,0.9298437714576722,0.9298437714576722,0.0,1.6689300537109375e-06,True,,
SVM,35,a_004,0.5465145088452668,0.5465145088452668,0.0,5.551115123125783e-17,True,,
CellCNN,35,a_004,0.021736551076173782,0.021736551076173782,0.0,4.76837158203125e-07,True,,
SVM,35,a_009,0.7568443204236979,0.7568443204236979,0.0,1.3877787807814457e-17,True,,
CellCNN,35,a_009,0.5339282870292663,0.5339282870292663,0.0,1.4901161193847656e-07,True,,
SVM,35,a_012,0.7298811881976633,0.7298811881976635,1.1102230246251565e-16,2.7755575615628914e-17,True,,
CellCNN,35,a_012,0.2650230497121811,0.2650230497121811,0.0,2.384185791015625e-07,True,,
SVM,35,a_2b,0.686818542971219,0.686818542971219,0.0,1.1102230246251565e-16,True,,
CellCNN,35,a_2b,0.0401441752910614,0.0401441752910614,0.0,4.76837158203125e-07,True,,
SVM,35,a_3a,0.5730404495767851,0.5730404495767852,1.1102230246251565e-16,5.551115123125783e-17,True,,
CellCNN,35,a_3a,0.0026966830249875785,0.0026966830249875785,0.0,1.430511474609375e-06,True,,
SVM,35,a_5b,1.1658653750010144,1.1658653750010144,0.0,1.1102230246251565e-16,True,,
CellCNN,35,a_5b,0.9978817582130433,0.9978817582130433,0.0,4.76837158203125e-07,True,,
SVM,36,a_003,1.231626313911371,1.231626313911371,0.0,1.6653345369377348e-16,True,,
CellCNN,36,a_003,0.08328751102089882,0.08328751102089882,0.0,2.384185791015625e-06,True,,
SVM,36,a_009,1.033581450658388,1.033581450658388,0.0,1.249000902703301e-16,True,,
CellCNN,36,a_009,0.9277788877487183,0.9277788877487183,0.0,4.76837158203125e-07,True,,
SVM,36,a_011,1.121567554730571,1.121567554730571,0.0,8.326672684688674e-17,True,,
CellCNN,36,a_011,0.002604130282998085,0.002604130282998085,0.0,1.9073486328125e-06,True,,
SVM,36,a_3a,0.7930718455654457,0.7930718455654457,0.0,5.551115123125783e-17,True,,
CellCNN,36,a_3a,6.631850192206912e-05,6.631850192206912e-05,0.0,9.5367431640625e-07,True,,
SVM,36,a_4b,1.0522403074270308,1.0522403074270306,2.220446049250313e-16,2.220446049250313e-16,True,,
CellCNN,36,a_4b,0.592919921875,0.592919921875,0.0,1.430511474609375e-06,True,,
SVM,36,a_5b,1.267924801192292,1.267924801192292,0.0,1.1102230246251565e-16,True,,
CellCNN,36,a_5b,0.999647319316864,0.999647319316864,0.0,1.9073486328125e-06,True,,
SVM,37,a_004,0.6728946577958936,0.6728946577958936,0.0,2.7755575615628914e-17,True,,
CellCNN,37,a_004,0.042876575887203214,0.042876575887203214,0.0,9.5367431640625e-07,True,,
SVM,37,a_007,0.7615523186898335,0.7615523186898335,0.0,6.938893903907228e-18,True,,
CellCNN,37,a_007,0.4801727533340454,0.4801727533340454,0.0,8.344650268554688e-07,True,,
SVM,37,a_011,0.788800488242276,0.788800488242276,0.0,2.3852447794681098e-17,True,,
CellCNN,37,a_011,0.060954924672842026,0.060954924672842026,0.0,1.430511474609375e-06,True,,
SVM,37,a_2a,0.6489727192211936,0.6489727192211936,0.0,2.7755575615628914e-17,True,,
CellCNN,37,a_2a,0.1491745963692665,0.1491745963692665,0.0,8.344650268554688e-07,True,,
SVM,37,a_2b,0.6286299005084078,0.628629900508408,1.1102230246251565e-16,0.0,True,,
CellCNN,37,a_2b,0.05518181249499321,0.05518181249499321,0.0,9.5367431640625e-07,True,,
SVM,37,a_4a,0.9652293029993859,0.965229302999386,1.1102230246251565e-16,2.7755575615628914e-17,True,,
CellCNN,37,a_4a,0.9833422899246216,0.9833422899246216,0.0,1.430511474609375e-06,True,,
SVM,38,a_002,1.03562357272663,1.03562357272663,0.0,0.0,True,,
CellCNN,38,a_002,0.00026994214567821473,0.00026994214567821473,0.0,1.9073486328125e-06,True,,
SVM,38,a_004,0.7529514084233984,0.7529514084233984,0.0,9.71445146547012e-17,True,,
CellCNN,38,a_004,0.001031481078825891,0.001031481078825891,0.0,2.86102294921875e-06,True,,
SVM,38,a_006,0.7935248629441425,0.7935248629441427,2.220446049250313e-16,5.551115123125783e-17,True,,
CellCNN,38,a_006,0.0024797625839710234,0.0024797625839710234,0.0,1.9073486328125e-06,True,,
SVM,38,a_011,0.9729888168586909,0.9729888168586909,0.0,2.7755575615628914e-17,True,,
CellCNN,38,a_011,0.9783734560012818,0.9783734560012818,0.0,1.9073486328125e-06,True,,
SVM,38,a_3a,0.6367953177198663,0.6367953177198663,0.0,8.326672684688674e-17,True,,
CellCNN,38,a_3a,0.0030679722083732488,0.0030679722083732488,0.0,2.86102294921875e-06,True,,
SVM,38,a_5b,1.1063117954483002,1.1063117954483002,0.0,2.220446049250313e-16,True,,
CellCNN,38,a_5b,0.4529562026262283,0.4529562026262283,0.0,2.9206275939941406e-06,True,,
SVM,39,a_001,0.7812832409814952,0.781283240981495,1.1102230246251565e-16,0.0,True,,
CellCNN,39,a_001,0.8689359068870545,0.8689359068870545,0.0,1.0728836059570312e-06,True,,
SVM,39,a_009,0.7337434147525691,0.733743414752569,1.1102230246251565e-16,5.551115123125783e-17,True,,
CellCNN,39,a_009,0.34673484563827517,0.34673484563827517,0.0,2.294778823852539e-06,True,,
SVM,39,a_1a,0.8008209405408319,0.8008209405408319,0.0,5.551115123125783e-17,True,,
CellCNN,39,a_1a,0.988018000125885,0.988018000125885,0.0,4.291534423828125e-06,True,,
SVM,39,a_2b,0.6806468879514151,0.6806468879514153,1.1102230246251565e-16,5.551115123125783e-17,True,,
CellCNN,39,a_2b,0.0157977819442749,0.0157977819442749,0.0,1.1920928955078125e-06,True,,
SVM,39,a_3a,0.6255869887671855,0.6255869887671857,1.1102230246251565e-16,5.551115123125783e-17,True,,
CellCNN,39,a_3a,0.0009213284240104258,0.0009213284240104258,0.0,1.9073486328125e-06,True,,
SVM,39,a_4a,1.1577380403856976,1.1577380403856976,0.0,2.7755575615628914e-17,True,,
CellCNN,39,a_4a,0.9998743295669555,0.9998743295669555,0.0,1.9073486328125e-06,True,,
SVM,40,a_001,0.7380579376756156,0.7380579376756154,1.1102230246251565e-16,5.551115123125783e-17,True,,
CellCNN,40,a_001,0.0034266808303073048,0.0034266808303073048,0.0,1.430511474609375e-06,True,,
SVM,40,a_003,1.024940673326986,1.024940673326986,0.0,6.938893903907228e-17,True,,
CellCNN,40,a_003,0.9983453750610352,0.9983453750610352,0.0,9.5367431640625e-07,True,,
SVM,40,a_005,1.0845224413237766,1.0845224413237766,0.0,9.71445146547012e-17,True,,
CellCNN,40,a_005,0.9928110241889954,0.9928110241889954,0.0,1.9073486328125e-06,True,,
SVM,40,a_006,1.005526216533369,1.005526216533369,0.0,4.163336342344337e-17,True,,
CellCNN,40,a_006,0.9562064290046692,0.9562064290046692,0.0,1.9073486328125e-06,True,,
SVM,40,a_2a,0.7936954250912074,0.7936954250912074,0.0,0.0,True,,
CellCNN,40,a_2a,0.09533179700374603,0.09533179700374603,0.0,1.430511474609375e-06,True,,
SVM,40,a_3b,0.7554252113559379,0.7554252113559379,0.0,5.551115123125783e-17,True,,
CellCNN,40,a_3b,0.005112504446879029,0.005112504446879029,0.0,4.76837158203125e-07,True,,
SVM,41,a_001,0.8703894176143934,0.8703894176143935,1.1102230246251565e-16,2.7755575615628914e-17,True,,
CellCNN,41,a_001,0.3778976619243622,0.3778976619243622,0.0,4.76837158203125e-07,True,,
SVM,41,a_006,1.032052389102255,1.032052389102255,0.0,2.0122792321330962e-16,True,,
CellCNN,41,a_006,0.7079720139503479,0.7079720139503479,0.0,4.76837158203125e-07,True,,
SVM,41,a_009,0.8732382048733933,0.8732382048733933,0.0,5.551115123125783e-17,True,,
CellCNN,41,a_009,0.6788729071617127,0.6788729071617127,0.0,3.5762786865234375e-07,True,,
SVM,41,a_2b,0.7786407884890748,0.7786407884890748,0.0,5.551115123125783e-17,True,,
CellCNN,41,a_2b,0.2984187602996826,0.2984187602996826,0.0,4.76837158203125e-07,True,,
SVM,41,a_3a,0.6299783874942777,0.6299783874942777,0.0,0.0,True,,
CellCNN,41,a_3a,0.04123005904257297,0.04123005904257297,0.0,7.152557373046875e-07,True,,
SVM,41,a_4a,1.1597757758193126,1.1597757758193126,0.0,6.938893903907228e-17,True,,
CellCNN,41,a_4a,0.6666046023368836,0.6666046023368836,0.0,5.960464477539062e-07,True,,
SVM,42,a_009,0.8974842135072537,0.8974842135072537,0.0,5.551115123125783e-17,True,,
CellCNN,42,a_009,0.6243920981884002,0.6243920981884002,0.0,2.86102294921875e-06,True,,
SVM,42,a_012,0.7226536937893668,0.7226536937893667,1.1102230246251565e-16,5.551115123125783e-17,True,,
CellCNN,42,a_012,0.2017391085624695,0.2017391085624695,0.0,1.6689300537109375e-06,True,,
SVM,42,a_1a,0.8805702319087749,0.8805702319087749,0.0,5.551115123125783e-17,True,,
CellCNN,42,a_1a,0.9999429225921631,0.9999429225921631,0.0,4.76837158203125e-06,True,,
SVM,42,a_2a,0.7803983649357544,0.7803983649357544,0.0,5.551115123125783e-17,True,,
CellCNN,42,a_2a,0.0008442682825261727,0.0008442682825261727,0.0,4.291534423828125e-06,True,,
SVM,42,a_2b,0.8626887909661108,0.8626887909661108,0.0,0.0,True,,
CellCNN,42,a_2b,6.959635466046166e-05,6.959635466046166e-05,0.0,1.9073486328125e-06,True,,
SVM,42,a_4b,0.9775023670875973,0.9775023670875973,0.0,1.942890293094024e-16,True,,
CellCNN,42,a_4b,0.9720369935035705,0.9720369935035705,0.0,3.814697265625e-06,True,,
SVM,43,a_006,0.8528701494277453,0.8528701494277453,0.0,2.7755575615628914e-17,True,,
CellCNN,43,a_006,0.43027186393737793,0.43027186393737793,0.0,9.5367431640625e-07,True,,
SVM,43,a_007,0.9526416221678874,0.9526416221678874,0.0,0.0,True,,
CellCNN,43,a_007,0.9563155770301819,0.9563155770301819,0.0,9.5367431640625e-07,True,,
SVM,43,a_011,0.8710891360661382,0.8710891360661385,2.220446049250313e-16,1.1102230246251565e-16,True,,
CellCNN,43,a_011,0.2031233698129654,0.2031233698129654,0.0,9.5367431640625e-07,True,,
SVM,43,a_1a,0.8937635919755376,0.8937635919755376,0.0,2.7755575615628914e-17,True,,
CellCNN,43,a_1a,0.9591748118400574,0.9591748118400574,0.0,9.5367431640625e-07,True,,
SVM,43,a_2b,0.6290600975838007,0.6290600975838007,0.0,0.0,True,,
CellCNN,43,a_2b,0.04825393781065941,0.04825393781065941,0.0,9.5367431640625e-07,True,,
SVM,43,a_5b,1.2311349896793573,1.2311349896793575,2.220446049250313e-16,1.1102230246251565e-16,True,,
CellCNN,43,a_5b,0.9989973902702332,0.9989973902702332,0.0,9.5367431640625e-07,True,,
SVM,44,a_002,1.1062353763397264,1.1062353763397264,0.0,8.326672684688674e-17,True,,
CellCNN,44,a_002,0.00673458594828844,0.00673458594828844,0.0,4.76837158203125e-07,True,,
SVM,44,a_006,0.9324219670235461,0.9324219670235461,0.0,1.0408340855860843e-16,True,,
CellCNN,44,a_006,0.06594329923391343,0.06594329923391343,0.0,2.384185791015625e-07,True,,
SVM,44,a_010,0.9284601504561539,0.9284601504561537,2.220446049250313e-16,4.85722573273506e-17,True,,
CellCNN,44,a_010,0.0672030046582222,0.0672030046582222,0.0,2.384185791015625e-07,True,,
SVM,44,a_1a,0.9159977638864705,0.9159977638864705,0.0,6.938893903907228e-18,True,,
CellCNN,44,a_1a,0.40632966756820676,0.40632966756820676,0.0,2.384185791015625e-07,True,,
SVM,44,a_3a,0.6173388296985467,0.6173388296985466,1.1102230246251565e-16,0.0,True,,
CellCNN,44,a_3a,0.014159885607659817,0.014159885607659817,0.0,4.76837158203125e-07,True,,
SVM,44,a_5a,1.1446066020490273,1.1446066020490275,2.220446049250313e-16,2.7755575615628914e-17,True,,
CellCNN,44,a_5a,0.5230192601680755,0.5230192601680755,0.0,3.5762786865234375e-07,True,,
SVM,45,a_003,1.0303349851136807,1.0303349851136807,0.0,2.7755575615628914e-17,True,,
CellCNN,45,a_003,0.5160952568054199,0.5160952568054199,0.0,1.4901161193847656e-07,True,,
SVM,45,a_005,1.0049198688727914,1.0049198688727914,0.0,4.163336342344337e-17,True,,
CellCNN,45,a_005,0.7031097054481507,0.7031097054481507,0.0,1.7881393432617188e-07,True,,
SVM,45,a_009,0.9256151872469728,0.9256151872469727,1.1102230246251565e-16,4.6105697384946076e-17,True,,
CellCNN,45,a_009,0.5539122104644776,0.5539122104644776,0.0,8.940696716308594e-08,True,,
SVM,45,a_3a,0.7415265570358758,0.7415265570358757,1.1102230246251565e-16,1.1102230246251565e-16,True,,
CellCNN,45,a_3a,0.45201902985572817,0.45201902985572817,0.0,8.940696716308594e-08,True,,
SVM,45,a_3b,0.770622325819309,0.7706223258193091,1.1102230246251565e-16,1.1102230246251565e-16,True,,
CellCNN,45,a_3b,0.5189739227294922,0.5189739227294922,0.0,8.940696716308594e-08,True,,
SVM,45,a_5b,1.2680831592426942,1.2680831592426944,2.220446049250313e-16,2.220446049250313e-16,True,,
CellCNN,45,a_5b,0.8232002973556518,0.8232002973556518,0.0,2.384185791015625e-07,True,,
SVM,46,a_001,0.8317365775482991,0.8317365775482993,2.220446049250313e-16,1.6653345369377348e-16,True,,
CellCNN,46,a_001,0.21353711783885956,0.21353711783885956,0.0,1.3113021850585938e-06,True,,
SVM,46,a_003,1.0400990165636417,1.040099016563642,2.220446049250313e-16,2.7755575615628914e-17,True,,
CellCNN,46,a_003,0.18190913200378417,0.18190913200378417,0.0,1.3113021850585938e-06,True,,
SVM,46,a_010,0.7682592292140472,0.7682592292140473,1.1102230246251565e-16,0.0,True,,
CellCNN,46,a_010,0.03805239088833332,0.03805239088833332,0.0,4.76837158203125e-07,True,,
SVM,46,a_011,0.8814114408659871,0.8814114408659873,2.220446049250313e-16,1.6653345369377348e-16,True,,
CellCNN,46,a_011,0.02603267356753349,0.02603267356753349,0.0,9.5367431640625e-07,True,,
SVM,46,a_012,1.0384965186908974,1.0384965186908974,0.0,0.0,True,,
CellCNN,46,a_012,0.8041772842407227,0.8041772842407227,0.0,1.5497207641601562e-06,True,,
SVM,46,a_3a,0.6979996155939524,0.6979996155939525,1.1102230246251565e-16,0.0,True,,
CellCNN,46,a_3a,0.005602647922933102,0.005602647922933102,0.0,1.9073486328125e-06,True,,
SVM,47,a_003,1.0664136041916772,1.0664136041916772,0.0,1.249000902703301e-16,True,,
CellCNN,47,a_003,0.8851869940757752,0.8851869940757752,0.0,9.5367431640625e-07,True,,
SVM,47,a_009,0.9820431927400642,0.9820431927400645,2.220446049250313e-16,1.3877787807814457e-17,True,,
CellCNN,47,a_009,0.5916746556758881,0.5916746556758881,0.0,1.9073486328125e-06,True,,
SVM,47,a_1a,0.923356068833573,0.923356068833573,0.0,6.938893903907228e-18,True,,
CellCNN,47,a_1a,0.739028787612915,0.739028787612915,0.0,1.9073486328125e-06,True,,
SVM,47,a_2b,0.656282524789212,0.6562825247892121,1.1102230246251565e-16,5.551115123125783e-17,True,,
CellCNN,47,a_2b,1.39025460157427e-05,1.39025460157427e-05,0.0,1.9073486328125e-06,True,,
SVM,47,a_4b,1.0073212778318625,1.0073212778318625,0.0,8.326672684688674e-17,True,,
CellCNN,47,a_4b,0.7205063581466675,0.7205063581466675,0.0,1.9073486328125e-06,True,,
SVM,47,a_5a,1.2697839802745037,1.2697839802745037,0.0,5.551115123125783e-17,True,,
CellCNN,47,a_5a,0.9998517513275147,0.9998517513275147,0.0,2.86102294921875e-06,True,,
SVM,48,a_001,0.6632097691905533,0.6632097691905533,0.0,5.551115123125783e-17,True,,
CellCNN,48,a_001,0.44941588640213015,0.44941588640213015,0.0,8.344650268554688e-07,True,,
SVM,48,a_002,0.9540244019106573,0.9540244019106573,0.0,0.0,True,,
CellCNN,48,a_002,0.7322922348976135,0.7322922348976135,0.0,1.0728836059570312e-06,True,,
SVM,48,a_004,0.5457358079734129,0.5457358079734129,0.0,0.0,True,,
CellCNN,48,a_004,0.009545516781508922,0.009545516781508922,0.0,9.5367431640625e-07,True,,
SVM,48,a_010,0.5810130855563653,0.5810130855563653,0.0,0.0,True,,
CellCNN,48,a_010,0.07099548131227493,0.07099548131227493,0.0,7.152557373046875e-07,True,,
SVM,48,a_1a,0.8374355567505677,0.8374355567505679,2.220446049250313e-16,1.6653345369377348e-16,True,,
CellCNN,48,a_1a,0.7849115490913391,0.7849115490913391,0.0,5.960464477539062e-07,True,,
SVM,48,a_3b,0.7031010803497871,0.7031010803497871,0.0,0.0,True,,
CellCNN,48,a_3b,0.03770563863217831,0.03770563863217831,0.0,7.152557373046875e-07,True,,
SVM,49,a_001,0.8646481452670058,0.8646481452670057,1.1102230246251565e-16,2.7755575615628914e-17,True,,
CellCNN,49,a_001,0.057112612575292585,0.057112612575292585,0.0,2.6226043701171875e-06,True,,
SVM,49,a_003,1.145136198526206,1.1451361985262063,2.220446049250313e-16,1.5265566588595902e-16,True,,
CellCNN,49,a_003,0.7112756490707397,0.7112756490707397,0.0,4.887580871582031e-06,True,,
SVM,49,a_004,0.7537643674102572,0.7537643674102572,0.0,5.551115123125783e-17,True,,
CellCNN,49,a_004,2.8955402012798003e-05,2.8955402012798003e-05,0.0,3.814697265625e-06,True,,
SVM,49,a_009,0.9144373804126431,0.9144373804126431,0.0,5.551115123125783e-17,True,,
CellCNN,49,a_009,0.5185482561588287,0.5185482561588287,0.0,3.4868717193603516e-06,True,,
SVM,49,a_1a,0.9469968690570605,0.9469968690570606,1.1102230246251565e-16,1.3877787807814457e-16,True,,
CellCNN,49,a_1a,0.868631649017334,0.868631649017334,0.0,3.0994415283203125e-06,True,,
SVM,49,a_4a,1.297179193276681,1.297179193276681,0.0,1.1102230246251565e-16,True,,
CellCNN,49,a_4a,0.9998923420906067,0.9998923420906067,0.0,1.9073486328125e-06,True,,
SVM,50,a_001,0.7321590253102044,0.7321590253102044,0.0,1.1102230246251565e-16,True,,
CellCNN,50,a_001,0.146525102853775,0.146525102853775,0.0,7.152557373046875e-07,True,,
SVM,50,a_003,1.0060236643841958,1.006023664384196,2.220446049250313e-16,1.1102230246251565e-16,True,,
CellCNN,50,a_003,0.38732428550720216,0.38732428550720216,0.0,7.152557373046875e-07,True,,
SVM,50,a_006,0.9210709464158727,0.9210709464158727,0.0,0.0,True,,
CellCNN,50,a_006,0.5508160889148712,0.5508160889148712,0.0,4.917383193969727e-07,True,,
SVM,50,a_3a,0.6877463856411264,0.6877463856411264,0.0,0.0,True,,
CellCNN,50,a_3a,0.033438296243548396,0.033438296243548396,0.0,4.76837158203125e-07,True,,
SVM,50,a_3b,0.6996395931619006,0.6996395931619006,0.0,1.1102230246251565e-16,True,,
CellCNN,50,a_3b,0.013256615959107876,0.013256615959107876,0.0,4.76837158203125e-07,True,,
SVM,50,a_4a,1.2654188846859684,1.2654188846859684,0.0,5.551115123125783e-17,True,,
CellCNN,50,a_4a,0.9079583883285522,0.9079583883285522,0.0,4.76837158203125e-07,True,,
SVM,51,a_004,0.527922487917099,0.5279224879170988,1.1102230246251565e-16,1.1102230246251565e-16,True,,
CellCNN,51,a_004,6.370762494043448e-05,6.370762494043448e-05,0.0,2.86102294921875e-06,True,,
SVM,51,a_1a,0.6814395204794322,0.6814395204794322,0.0,5.551115123125783e-17,True,,
CellCNN,51,a_1a,0.9031553387641906,0.9031553387641906,0.0,2.1457672119140625e-06,True,,
SVM,51,a_2a,0.5648848952920646,0.5648848952920646,0.0,5.551115123125783e-17,True,,
CellCNN,51,a_2a,0.012142577953636647,0.012142577953636647,0.0,2.384185791015625e-06,True,,
SVM,51,a_3b,0.5755782338313461,0.5755782338313461,0.0,1.1102230246251565e-16,True,,
CellCNN,51,a_3b,0.0014072468737140297,0.0014072468737140297,0.0,9.5367431640625e-07,True,,
SVM,51,a_4a,0.9118425012483439,0.911842501248344,1.1102230246251565e-16,5.551115123125783e-17,True,,
CellCNN,51,a_4a,0.9987364649772644,0.9987364649772644,0.0,1.9073486328125e-06,True,,
SVM,51,a_5a,1.0501060734914258,1.0501060734914258,0.0,1.5612511283791264e-16,True,,
CellCNN,51,a_5a,0.9996394157409668,0.9996394157409668,0.0,2.86102294921875e-06,True,,
SVM,52,a_001,0.7828455508007686,0.7828455508007686,0.0,2.7755575615628914e-17,True,,
CellCNN,52,a_001,0.23033808767795563,0.23033808767795563,0.0,9.5367431640625e-07,True,,
SVM,52,a_010,0.7745266826446885,0.7745266826446885,0.0,0.0,True,,
CellCNN,52,a_010,0.1663623571395874,0.1663623571395874,0.0,4.76837158203125e-07,True,,
SVM,52,a_011,0.850795658899545,0.850795658899545,0.0,1.3877787807814457e-17,True,,
CellCNN,52,a_011,0.0619957335293293,0.0619957335293293,0.0,9.5367431640625e-07,True,,
SVM,52,a_3a,0.6468849823528748,0.6468849823528748,0.0,5.551115123125783e-17,True,,
CellCNN,52,a_3a,0.02324960343539715,0.02324960343539715,0.0,1.1920928955078125e-06,True,,
SVM,52,a_3b,0.7076197628564334,0.7076197628564332,1.1102230246251565e-16,5.551115123125783e-17,True,,
CellCNN,52,a_3b,0.019735023751854895,0.019735023751854895,0.0,1.1920928955078125e-06,True,,
SVM,52,a_4a,1.0126477736860144,1.0126477736860144,0.0,1.249000902703301e-16,True,,
CellCNN,52,a_4a,0.9378825187683105,0.9378825187683105,0.0,9.5367431640625e-07,True,,
SVM,53,a_003,1.0414232361726816,1.0414232361726816,0.0,5.551115123125783e-17,True,,
CellCNN,53,a_003,0.08827408552169799,0.08827408552169799,0.0,2.1457672119140625e-06,True,,
SVM,53,a_011,0.9566198972733048,0.9566198972733048,0.0,5.551115123125783e-17,True,,
CellCNN,53,a_011,0.025494199804961683,0.025494199804961683,0.0,3.0994415283203125e-06,True,,
SVM,53,a_012,1.0313605218019544,1.0313605218019544,0.0,0.0,True,,
CellCNN,53,a_012,0.9743598818778991,0.9743598818778991,0.0,2.6226043701171875e-06,True,,
SVM,53,a_3a,0.7570953041929482,0.7570953041929482,0.0,6.938893903907228e-17,True,,
CellCNN,53,a_3a,5.090705417387653e-06,5.090705417387653e-06,0.0,3.814697265625e-06,True,,
SVM,53,a_3b,0.8141421926102818,0.8141421926102818,0.0,2.7755575615628914e-17,True,,
CellCNN,53,a_3b,0.00018423463479848577,0.00018423463479848577,0.0,3.814697265625e-06,True,,
SVM,53,a_5b,1.2501656109275336,1.2501656109275334,2.220446049250313e-16,1.1102230246251565e-16,True,,
CellCNN,53,a_5b,0.9999996900558472,0.9999996900558472,0.0,1.9073486328125e-06,True,,
SVM,54,a_004,0.7145297954401237,0.7145297954401238,1.1102230246251565e-16,9.71445146547012e-17,True,,
CellCNN,54,a_004,0.0022859859745949507,0.0022859859745949507,0.0,2.86102294921875e-06,True,,
SVM,54,a_007,0.8170503630982727,0.8170503630982728,1.1102230246251565e-16,2.6020852139652106e-18,True,,
CellCNN,54,a_007,0.01322956643998623,0.01322956643998623,0.0,2.86102294921875e-06,True,,
SVM,54,a_011,0.8931046416470766,0.8931046416470768,2.220446049250313e-16,2.0816681711721685e-16,True,,
CellCNN,54,a_011,0.520548266172409,0.520548266172409,0.0,2.86102294921875e-06,True,,
SVM,54,a_012,0.9350900335919275,0.9350900335919275,0.0,9.71445146547012e-17,True,,
CellCNN,54,a_012,0.01766717219725251,0.01766717219725251,0.0,4.76837158203125e-06,True,,
SVM,54,a_1a,0.9862162752515303,0.9862162752515305,2.220446049250313e-16,0.0,True,,
CellCNN,54,a_1a,0.9987487077713013,0.9987487077713013,0.0,1.9073486328125e-06,True,,
SVM,54,a_3b,0.8582822167107977,0.8582822167107977,0.0,2.0816681711721685e-17,True,,
CellCNN,54,a_3b,0.7409785866737366,0.7409785866737366,0.0,3.814697265625e-06,True,,
SVM,55,a_003,0.877527646746873,0.8775276467468729,1.1102230246251565e-16,5.551115123125783e-17,True,,
CellCNN,55,a_003,0.058810535818338394,0.058810535818338394,0.0,2.1457672119140625e-06,True,,
SVM,55,a_005,1.1662137212498647,1.166213721249865,4.440892098500626e-16,1.942890293094024e-16,True,,
CellCNN,55,a_005,0.9999999046325684,0.9999999046325684,0.0,1.9073486328125e-06,True,,
SVM,55,a_010,0.944647198884521,0.944647198884521,0.0,2.7755575615628914e-17,True,,
CellCNN,55,a_010,0.037699490785598755,0.037699490785598755,0.0,3.0994415283203125e-06,True,,
SVM,55,a_1a,0.8165059969081574,0.8165059969081574,0.0,2.7755575615628914e-17,True,,
CellCNN,55,a_1a,0.37182753086090087,0.37182753086090087,0.0,2.86102294921875e-06,True,,
SVM,55,a_2b,0.7157154755967143,0.7157154755967143,0.0,0.0,True,,
CellCNN,55,a_2b,0.00565400873310864,0.00565400873310864,0.0,1.9073486328125e-06,True,,
SVM,55,a_4b,0.9505363386894033,0.9505363386894033,0.0,1.1102230246251565e-16,True,,
CellCNN,55,a_4b,0.9921010255813598,0.9921010255813598,0.0,2.86102294921875e-06,True,,
SVM,56,a_004,0.49064011705971733,0.49064011705971733,0.0,2.7755575615628914e-17,True,,
CellCNN,56,a_004,0.0070416659116745,0.0070416659116745,0.0,1.9073486328125e-06,True,,
SVM,56,a_010,0.7434631515697785,0.7434631515697785,0.0,6.938893903907228e-17,True,,
CellCNN,56,a_010,0.47343380451202394,0.47343380451202394,0.0,1.817941665649414e-06,True,,
SVM,56,a_012,0.6709939778069591,0.670993977806959,1.1102230246251565e-16,3.8163916471489756e-17,True,,
CellCNN,56,a_012,0.06853401735424995,0.06853401735424995,0.0,2.1457672119140625e-06,True,,
SVM,56,a_1a,0.7978128165104732,0.7978128165104732,0.0,5.551115123125783e-17,True,,
CellCNN,56,a_1a,0.5556428492069244,0.5556428492069244,0.0,3.0100345611572266e-06,True,,
SVM,56,a_3a,0.5616528892041704,0.5616528892041704,0.0,2.7755575615628914e-17,True,,
CellCNN,56,a_3a,0.00013446038719848729,0.00013446038719848729,0.0,2.86102294921875e-06,True,,
SVM,56,a_5b,1.1183516289478213,1.1183516289478213,0.0,5.551115123125783e-17,True,,
CellCNN,56,a_5b,0.9999946832656861,0.9999946832656861,0.0,2.86102294921875e-06,True,,
SVM,57,a_001,0.657913838712555,0.657913838712555,0.0,0.0,True,,
CellCNN,57,a_001,0.023451412469148634,0.023451412469148634,0.0,2.6226043701171875e-06,True,,
SVM,57,a_003,0.8860215676689159,0.8860215676689159,0.0,1.1102230246251565e-16,True,,
CellCNN,57,a_003,0.325688847899437,0.325688847899437,0.0,3.0994415283203125e-06,True,,
SVM,57,a_2b,0.6585973566905852,0.6585973566905852,0.0,2.220446049250313e-16,True,,
CellCNN,57,a_2b,0.004490417800843716,0.004490417800843716,0.0,1.430511474609375e-06,True,,
SVM,57,a_3a,0.6944048652910615,0.6944048652910616,1.1102230246251565e-16,0.0,True,,
CellCNN,57,a_3a,1.2053549289703369e-05,1.2053549289703369e-05,0.0,2.86102294921875e-06,True,,
SVM,57,a_3b,0.7074681941221179,0.7074681941221179,0.0,0.0,True,,
CellCNN,57,a_3b,2.645977519932785e-06,2.645977519932785e-06,0.0,2.86102294921875e-06,True,,
SVM,57,a_4a,1.1940406343054157,1.1940406343054157,0.0,4.85722573273506e-17,True,,
CellCNN,57,a_4a,0.9999122619628906,0.9999122619628906,0.0,2.86102294921875e-06,True,,
SVM,58,a_002,1.0772908083105226,1.0772908083105226,0.0,8.326672684688674e-17,True,,
CellCNN,58,a_002,0.9997931480407715,0.9997931480407715,0.0,1.9073486328125e-06,True,,
SVM,58,a_004,0.5681469581252601,0.56814695812526,1.1102230246251565e-16,1.1102230246251565e-16,True,,
CellCNN,58,a_004,0.004408598598092795,0.004408598598092795,0.0,1.430511474609375e-06,True,,
SVM,58,a_010,0.8062651872060352,0.8062651872060352,0.0,0.0,True,,
CellCNN,58,a_010,0.8099826693534851,0.8099826693534851,0.0,7.152557373046875e-07,True,,
SVM,58,a_2b,0.6563041889648868,0.6563041889648867,1.1102230246251565e-16,1.1102230246251565e-16,True,,
CellCNN,58,a_2b,0.45505924224853517,0.45505924224853517,0.0,2.205371856689453e-06,True,,
SVM,58,a_3a,0.5062037120912155,0.5062037120912156,1.1102230246251565e-16,1.1102230246251565e-16,True,,
CellCNN,58,a_3a,3.894940673490055e-05,3.894940673490055e-05,0.0,1.9073486328125e-06,True,,
SVM,58,a_4b,0.7111021802340403,0.7111021802340403,0.0,5.551115123125783e-17,True,,
CellCNN,58,a_4b,0.9249324083328248,0.9249324083328248,0.0,1.1920928955078125e-06,True,,
SVM,59,a_003,0.8077354896498511,0.8077354896498511,0.0,8.326672684688674e-17,True,,
CellCNN,59,a_003,0.598226797580719,0.598226797580719,0.0,2.8014183044433594e-06,True,,
SVM,59,a_004,0.5590115338968482,0.5590115338968482,0.0,5.551115123125783e-17,True,,
CellCNN,59,a_004,0.7441308379173279,0.7441308379173279,0.0,2.384185791015625e-06,True,,
SVM,59,a_012,0.8374977888762021,0.8374977888762021,0.0,0.0,True,,
CellCNN,59,a_012,0.8949822068214417,0.8949822068214417,0.0,1.430511474609375e-06,True,,
SVM,59,a_2a,0.5865611259458035,0.5865611259458035,0.0,1.1102230246251565e-16,True,,
CellCNN,59,a_2a,0.004975114669650793,0.004975114669650793,0.0,2.86102294921875e-06,True,,
SVM,59,a_3a,0.5456234397579697,0.5456234397579697,0.0,0.0,True,,
CellCNN,59,a_3a,0.00013909662011428735,0.00013909662011428735,0.0,2.86102294921875e-06,True,,
SVM,59,a_4b,0.8658676926129834,0.8658676926129834,0.0,4.163336342344337e-17,True,,
CellCNN,59,a_4b,0.04017336592078209,0.04017336592078209,0.0,2.86102294921875e-06,True,,
SVM,60,a_002,1.0434670582539036,1.0434670582539034,2.220446049250313e-16,2.498001805406602e-16,True,,
CellCNN,60,a_002,0.8054654836654663,0.8054654836654663,0.0,2.5033950805664062e-06,True,,
SVM,60,a_009,0.8131581467216747,0.8131581467216747,0.0,3.469446951953614e-18,True,,
CellCNN,60,a_009,0.5616776347160339,0.5616776347160339,0.0,1.1026859283447266e-06,True,,
SVM,60,a_011,0.9398568415900994,0.9398568415900994,0.0,6.938893903907228e-17,True,,
CellCNN,60,a_011,0.27152433693408967,0.27152433693408967,0.0,1.5497207641601562e-06,True,,
SVM,60,a_1a,0.9628734218200982,0.9628734218200982,0.0,0.0,True,,
CellCNN,60,a_1a,0.9998134255409241,0.9998134255409241,0.0,1.9073486328125e-06,True,,
SVM,60,a_2a,0.7144855374471943,0.7144855374471943,0.0,0.0,True,,
CellCNN,60,a_2a,0.031867288053035736,0.031867288053035736,0.0,1.430511474609375e-06,True,,
SVM,60,a_5a,1.102668606271309,1.102668606271309,0.0,1.6653345369377348e-16,True,,
CellCNN,60,a_5a,0.999769103527069,0.999769103527069,0.0,2.86102294921875e-06,True,,
SVM,61,a_003,1.125553787378511,1.1255537873785109,2.220446049250313e-16,9.020562075079397e-17,True,,
CellCNN,61,a_003,0.21586840152740477,0.21586840152740477,0.0,7.152557373046875e-07,True,,
SVM,61,a_009,1.153105882935086,1.1531058829350862,2.220446049250313e-16,1.9255430583342559e-16,True,,
CellCNN,61,a_009,0.8750557184219361,0.8750557184219361,0.0,7.152557373046875e-07,True,,
SVM,61,a_010,1.1058708317116224,1.1058708317116224,0.0,2.7755575615628914e-17,True,,
CellCNN,61,a_010,0.6425679922103882,0.6425679922103882,0.0,9.5367431640625e-07,True,,
SVM,61,a_3a,0.6938836721529499,0.6938836721529499,0.0,1.1102230246251565e-16,True,,
CellCNN,61,a_3a,0.0009158381843008101,0.0009158381843008101,0.0,9.5367431640625e-07,True,,
SVM,61,a_4b,0.9647269555394982,0.9647269555394982,0.0,2.7755575615628914e-17,True,,
CellCNN,61,a_4b,0.17978681325912477,0.17978681325912477,0.0,1.430511474609375e-06,True,,
SVM,61,a_5a,1.3047512225930404,1.3047512225930407,2.220446049250313e-16,5.551115123125783e-17,True,,
CellCNN,61,a_5a,0.9929198145866394,0.9929198145866394,0.0,4.76837158203125e-07,True,,
SVM,62,a_002,1.020926903069359,1.020926903069359,0.0,3.469446951953614e-17,True,,
CellCNN,62,a_002,0.98307124376297,0.98307124376297,0.0,2.384185791015625e-06,True,,
SVM,62,a_009,0.7665296279064121,0.7665296279064121,0.0,5.551115123125783e-17,True,,
CellCNN,62,a_009,0.7740992546081543,0.7740992546081543,0.0,1.1920928955078125e-06,True,,
SVM,62,a_011,0.8411868737586613,0.8411868737586613,0.0,1.1102230246251565e-16,True,,
CellCNN,62,a_011,0.0019911413080990316,0.0019911413080990316,0.0,1.430511474609375e-06,True,,
SVM,62,a_1a,0.8620261785343147,0.8620261785343147,0.0,2.7755575615628914e-17,True,,
CellCNN,62,a_1a,0.8083107352256775,0.8083107352256775,0.0,1.430511474609375e-06,True,,
SVM,62,a_2a,0.6374505941006817,0.6374505941006817,0.0,5.551115123125783e-17,True,,
CellCNN,62,a_2a,0.023389989510178566,0.023389989510178566,0.0,1.6689300537109375e-06,True,,
SVM,62,a_4a,1.1882617773398634,1.1882617773398636,2.220446049250313e-16,1.1102230246251565e-16,True,,
CellCNN,62,a_4a,0.9860435128211975,0.9860435128211975,0.0,1.9073486328125e-06,True,,
SVM,63,a_011,0.7134916314881639,0.713491631488164,1.1102230246251565e-16,5.551115123125783e-17,True,,
CellCNN,63,a_011,0.019718490540981293,0.019718490540981293,0.0,7.152557373046875e-07,True,,
SVM,63,a_2b,0.5746111852635661,0.5746111852635661,0.0,0.0,True,,
CellCNN,63,a_2b,9.728366967465263e-06,9.728366967465263e-06,0.0,2.86102294921875e-06,True,,
SVM,63,a_3a,0.5437645821092193,0.5437645821092193,0.0,0.0,True,,
CellCNN,63,a_3a,0.0004439693468157202,0.0004439693468157202,0.0,1.9073486328125e-06,True,,
SVM,63,a_3b,0.5496420755532272,0.5496420755532273,1.1102230246251565e-16,1.1102230246251565e-16,True,,
CellCNN,63,a_3b,0.0012629413045942782,0.0012629413045942782,0.0,1.9073486328125e-06,True,,
SVM,63,a_4a,0.8351246072088474,0.8351246072088476,2.220446049250313e-16,1.3877787807814457e-16,True,,
CellCNN,63,a_4a,0.10082187056541443,0.10082187056541443,0.0,1.1920928955078125e-06,True,,
SVM,63,a_4b,0.6845990082362149,0.6845990082362149,0.0,5.551115123125783e-17,True,,
CellCNN,63,a_4b,0.0017539741704240442,0.0017539741704240442,0.0,2.384185791015625e-06,True,,
SVM,64,a_003,1.1746488132213546,1.1746488132213544,2.220446049250313e-16,2.5326962749261384e-16,True,,
CellCNN,64,a_003,0.35074599385261535,0.35074599385261535,0.0,4.76837158203125e-07,True,,
SVM,64,a_009,1.0155355530507808,1.0155355530507808,0.0,0.0,True,,
CellCNN,64,a_009,0.6985028266906739,0.6985028266906739,0.0,5.364418029785156e-07,True,,
SVM,64,a_011,0.9870021559289514,0.9870021559289514,0.0,5.551115123125783e-17,True,,
CellCNN,64,a_011,0.16729457676410675,0.16729457676410675,0.0,5.960464477539062e-07,True,,
SVM,64,a_012,1.1041240862581283,1.1041240862581283,0.0,4.163336342344337e-17,True,,
CellCNN,64,a_012,0.6090495228767395,0.6090495228767395,0.0,9.5367431640625e-07,True,,
SVM,64,a_3a,0.7866986241312597,0.7866986241312597,0.0,5.551115123125783e-17,True,,
CellCNN,64,a_3a,0.07511464059352875,0.07511464059352875,0.0,4.76837158203125e-07,True,,
SVM,64,a_5a,1.2935415405687536,1.2935415405687536,0.0,6.938893903907228e-17,True,,
CellCNN,64,a_5a,0.760491955280304,0.760491955280304,0.0,1.0728836059570312e-06,True,,
SVM,65,a_004,0.5765115860819776,0.5765115860819776,0.0,0.0,True,,
CellCNN,65,a_004,0.007330061495304107,0.007330061495304107,0.0,1.9073486328125e-06,True,,
SVM,65,a_009,0.6920564072157985,0.6920564072157984,1.1102230246251565e-16,2.7755575615628914e-17,True,,
CellCNN,65,a_009,0.010547341406345367,0.010547341406345367,0.0,1.9073486328125e-06,True,,
SVM,65,a_2b,0.5563782010993067,0.5563782010993068,1.1102230246251565e-16,5.551115123125783e-17,True,,
CellCNN,65,a_2b,0.04208751358091831,0.04208751358091831,0.0,3.0994415283203125e-06,True,,
SVM,65,a_3b,0.46333038309709984,0.4633303830970999,5.551115123125783e-17,5.551115123125783e-17,True,,
CellCNN,65,a_3b,0.0004742526507470757,0.0004742526507470757,0.0,2.86102294921875e-06,True,,
SVM,65,a_4a,0.8378276224244593,0.8378276224244592,1.1102230246251565e-16,0.0,True,,
CellCNN,65,a_4a,0.998965609073639,0.998965609073639,0.0,1.9073486328125e-06,True,,
SVM,65,a_5b,1.024345370323743,1.0243453703237428,2.220446049250313e-16,1.8041124150158794e-16,True,,
CellCNN,65,a_5b,0.9999998331069946,0.9999998331069946,0.0,1.9073486328125e-06,True,,
SVM,66,a_006,0.8689829409991378,0.8689829409991376,1.1102230246251565e-16,1.1102230246251565e-16,True,,
CellCNN,66,a_006,0.0459366038441658,0.0459366038441658,0.0,1.1920928955078125e-06,True,,
SVM,66,a_007,0.8497856131856742,0.8497856131856744,1.1102230246251565e-16,1.1102230246251565e-16,True,,
CellCNN,66,a_007,0.2558712333440781,0.2558712333440781,0.0,1.3113021850585938e-06,True,,
SVM,66,a_012,0.698861164484233,0.698861164484233,0.0,1.1102230246251565e-16,True,,
CellCNN,66,a_012,0.15759051740169525,0.15759051740169525,0.0,1.5497207641601562e-06,True,,
SVM,66,a_1a,1.0558533188021102,1.0558533188021102,0.0,0.0,True,,
CellCNN,66,a_1a,0.1307719424366951,0.1307719424366951,0.0,1.3113021850585938e-06,True,,
SVM,66,a_2a,0.8624281335000336,0.8624281335000334,1.1102230246251565e-16,1.1102230246251565e-16,True,,
CellCNN,66,a_2a,0.03328008987009525,0.03328008987009525,0.0,7.152557373046875e-07,True,,
SVM,66,a_3a,0.8269376311287691,0.8269376311287691,0.0,0.0,True,,
CellCNN,66,a_3a,0.0034350142348557712,0.0034350142348557712,0.0,9.5367431640625e-07,True,,
SVM,67,a_009,0.8435467957595681,0.843546795759568,1.1102230246251565e-16,1.3877787807814457e-17,True,,
CellCNN,67,a_009,0.7399113655090332,0.7399113655090332,0.0,1.430511474609375e-06,True,,
SVM,67,a_011,0.9362409744955115,0.9362409744955115,0.0,6.938893903907228e-17,True,,
CellCNN,67,a_011,0.0005291960609611124,0.0005291960609611124,0.0,1.430511474609375e-06,True,,
SVM,67,a_3a,0.662741835920476,0.662741835920476,0.0,0.0,True,,
CellCNN,67,a_3a,2.017063980019884e-06,2.017063980019884e-06,0.0,1.9073486328125e-06,True,,
SVM,67,a_3b,0.6931837316966729,0.6931837316966729,0.0,0.0,True,,
CellCNN,67,a_3b,5.8968119992641733e-05,5.8968119992641733e-05,0.0,1.9073486328125e-06,True,,
SVM,67,a_4b,0.8804477683128187,0.8804477683128187,0.0,2.7755575615628914e-17,True,,
CellCNN,67,a_4b,0.05130565464496613,0.05130565464496613,0.0,4.291534423828125e-06,True,,
SVM,67,a_5a,1.0618811374392043,1.0618811374392043,0.0,8.326672684688674e-17,True,,
CellCNN,67,a_5a,0.9998600244522095,0.9998600244522095,0.0,3.814697265625e-06,True,,
SVM,68,a_002,1.0897330560864926,1.0897330560864926,0.0,1.6653345369377348e-16,True,,
CellCNN,68,a_002,0.5977973699569702,0.5977973699569702,0.0,5.960464477539063e-08,True,,
SVM,68,a_003,0.9431032197028533,0.9431032197028533,0.0,1.3877787807814457e-17,True,,
CellCNN,68,a_003,0.7080940246582031,0.7080940246582031,0.0,2.980232238769531e-07,True,,
SVM,68,a_006,1.0556990217539257,1.0556990217539257,0.0,1.8041124150158794e-16,True,,
CellCNN,68,a_006,0.7176458716392518,0.7176458716392518,0.0,5.364418029785156e-07,True,,
SVM,68,a_010,0.8415865289705791,0.8415865289705788,2.220446049250313e-16,1.1102230246251565e-16,True,,
CellCNN,68,a_010,0.48246896266937256,0.48246896266937256,0.0,1.7881393432617188e-07,True,,
SVM,68,a_2a,0.6820475371184166,0.6820475371184166,0.0,5.551115123125783e-17,True,,
CellCNN,68,a_2a,0.483066326379776,0.483066326379776,0.0,2.980232238769531e-07,True,,
SVM,68,a_4a,1.2092675734811014,1.2092675734811016,2.220446049250313e-16,1.1102230246251565e-16,True,,
CellCNN,68,a_4a,0.7370722413063049,0.7370722413063049,0.0,2.980232238769531e-07,True,,
SVM,69,a_001,0.8629798645061444,0.8629798645061444,0.0,5.551115123125783e-17,True,,
CellCNN,69,a_001,0.004359036218374968,0.004359036218374968,0.0,1.9073486328125e-06,True,,
SVM,69,a_002,1.1307748131703776,1.1307748131703779,2.220446049250313e-16,1.5265566588595902e-16,True,,
CellCNN,69,a_002,0.3651709645986557,0.3651709645986557,0.0,9.834766387939453e-07,True,,
SVM,69,a_003,1.2031559959651266,1.2031559959651263,2.220446049250313e-16,2.0816681711721685e-17,True,,
CellCNN,69,a_003,0.5380476534366607,0.5380476534366607,0.0,2.6226043701171875e-06,True,,
SVM,69,a_010,0.793899051209826,0.793899051209826,0.0,5.551115123125783e-17,True,,
CellCNN,69,a_010,0.00010899722255999222,0.00010899722255999222,0.0,9.5367431640625e-07,True,,
SVM,69,a_011,1.1102740334593646,1.1102740334593646,0.0,4.163336342344337e-17,True,,
CellCNN,69,a_011,0.002895834157243371,0.002895834157243371,0.0,1.9073486328125e-06,True,,
SVM,69,a_3a,0.7768853751414201,0.7768853751414201,0.0,1.1102230246251565e-16,True,,
CellCNN,69,a_3a,6.860742723802105e-05,6.860742723802105e-05,0.0,9.5367431640625e-07,True,,
SVM,70,a_001,0.71880448153038,0.71880448153038,0.0,0.0,True,,
CellCNN,70,a_001,0.3385535657405853,0.3385535657405853,0.0,2.980232238769531e-07,True,,
SVM,70,a_011,0.8615666083408497,0.8615666083408497,0.0,5.551115123125783e-17,True,,
CellCNN,70,a_011,0.5100213050842285,0.5100213050842285,0.0,5.364418029785156e-07,True,,
SVM,70,a_2a,0.7262275888016294,0.7262275888016294,0.0,1.1102230246251565e-16,True,,
CellCNN,70,a_2a,0.30629923939704895,0.30629923939704895,0.0,2.980232238769531e-07,True,,
SVM,70,a_3a,0.7494487868488883,0.7494487868488883,0.0,0.0,True,,
CellCNN,70,a_3a,0.3510034501552582,0.3510034501552582,0.0,5.364418029785156e-07,True,,
SVM,70,a_3b,0.8059429857731608,0.8059429857731608,0.0,5.551115123125783e-17,True,,
CellCNN,70,a_3b,0.45200265049934385,0.45200265049934385,0.0,4.172325134277344e-07,True,,
SVM,70,a_4a,1.1264763032569882,1.1264763032569882,0.0,4.163336342344337e-17,True,,
CellCNN,70,a_4a,0.8777662873268127,0.8777662873268127,0.0,7.152557373046875e-07,True,,
SVM,71,a_004,0.8218070096856356,0.8218070096856357,1.1102230246251565e-16,0.0,True,,
CellCNN,71,a_004,0.006707195984199643,0.006707195984199643,0.0,3.337860107421875e-06,True,,
SVM,71,a_005,1.0694890500168321,1.0694890500168321,0.0,1.3877787807814457e-17,True,,
CellCNN,71,a_005,0.9998002290725708,0.9998002290725708,0.0,3.814697265625e-06,True,,
SVM,71,a_007,0.8525374582392365,0.8525374582392365,0.0,1.1102230246251565e-16,True,,
CellCNN,71,a_007,0.2708749234676361,0.2708749234676361,0.0,1.7881393432617188e-06,True,,
SVM,71,a_011,1.0295560098104444,1.0295560098104444,0.0,4.163336342344337e-17,True,,
CellCNN,71,a_011,0.7821226358413697,0.7821226358413697,0.0,2.5033950805664062e-06,True,,
SVM,71,a_1a,1.024028612086938,1.0240286120869377,2.220446049250313e-16,1.8041124150158794e-16,True,,
CellCNN,71,a_1a,0.6418015599250794,0.6418015599250794,0.0,3.4570693969726562e-06,True,,
SVM,71,a_3b,0.9415963671965685,0.9415963671965685,0.0,0.0,True,,
CellCNN,71,a_3b,0.0061358369421213865,0.0061358369421213865,0.0,1.9073486328125e-06,True,,
SVM,72,a_004,0.5358040453572953,0.5358040453572953,0.0,1.1102230246251565e-16,True,,
CellCNN,72,a_004,0.6283234477043151,0.6283234477043151,0.0,8.344650268554688e-07,True,,
SVM,72,a_005,1.001538558537708,1.001538558537708,0.0,1.3877787807814457e-17,True,,
CellCNN,72,a_005,0.9997547268867493,0.9997547268867493,0.0,1.9073486328125e-06,True,,
SVM,72,a_2a,0.681069505526017,0.681069505526017,0.0,5.551115123125783e-17,True,,
CellCNN,72,a_2a,0.0617240272462368,0.0617240272462368,0.0,9.5367431640625e-07,True,,
SVM,72,a_2b,0.7015341407269989,0.7015341407269989,0.0,5.551115123125783e-17,True,,
CellCNN,72,a_2b,0.035260212421417234,0.035260212421417234,0.0,9.5367431640625e-07,True,,
SVM,72,a_3b,0.5896355382866991,0.5896355382866992,1.1102230246251565e-16,0.0,True,,
CellCNN,72,a_3b,0.012034138850867748,0.012034138850867748,0.0,9.5367431640625e-07,True,,
SVM,72,a_4b,0.7944577434368518,0.7944577434368518,0.0,5.551115123125783e-17,True,,
CellCNN,72,a_4b,0.21226998865604402,0.21226998865604402,0.0,1.0728836059570312e-06,True,,
SVM,73,a_001,0.8435275899285161,0.8435275899285161,0.0,2.7755575615628914e-17,True,,
CellCNN,73,a_001,0.06247422471642494,0.06247422471642494,0.0,1.9073486328125e-06,True,,
SVM,73,a_003,1.144702500240251,1.144702500240251,0.0,1.6653345369377348e-16,True,,
CellCNN,73,a_003,0.41711843609809873,0.41711843609809873,0.0,2.428889274597168e-06,True,,
SVM,73,a_011,1.0614309513747842,1.0614309513747842,0.0,9.194034422677078e-17,True,,
CellCNN,73,a_011,0.013054818473756313,0.013054818473756313,0.0,9.5367431640625e-07,True,,
SVM,73,a_2b,0.6459754495507218,0.6459754495507217,1.1102230246251565e-16,1.1102230246251565e-16,True,,
CellCNN,73,a_2b,0.5108220309019089,0.5108220309019089,0.0,1.952052116394043e-06,True,,
SVM,73,a_3b,0.8171143898421541,0.8171143898421541,0.0,5.551115123125783e-17,True,,
CellCNN,73,a_3b,4.3996478052577007e-05,4.3996478052577007e-05,0.0,1.9073486328125e-06,True,,
SVM,73,a_5a,1.2985964190376293,1.2985964190376296,2.220446049250313e-16,2.498001805406602e-16,True,,
CellCNN,73,a_5a,0.9999929428100586,0.9999929428100586,0.0,1.9073486328125e-06,True,,
SVM,74,a_001,0.8798830878164955,0.8798830878164955,0.0,5.551115123125783e-17,True,,
CellCNN,74,a_001,0.011948731169104576,0.011948731169104576,0.0,9.5367431640625e-07,True,,
SVM,74,a_003,1.0771906089183074,1.0771906089183074,0.0,1.1102230246251565e-16,True,,
CellCNN,74,a_003,0.8815801739692688,0.8815801739692688,0.0,2.1457672119140625e-06,True,,
SVM,74,a_009,0.9468156759509168,0.9468156759509168,0.0,1.1102230246251565e-16,True,,
CellCNN,74,a_009,0.05210004709661007,0.05210004709661007,0.0,1.1920928955078125e-06,True,,
SVM,74,a_012,0.9359014737822892,0.9359014737822892,0.0,5.551115123125783e-17,True,,
CellCNN,74,a_012,0.9850896835327149,0.9850896835327149,0.0,9.5367431640625e-07,True,,
SVM,74,a_1a,1.1254244797120088,1.1254244797120088,0.0,9.71445146547012e-17,True,,
CellCNN,74,a_1a,0.9920860171318054,0.9920860171318054,0.0,1.9073486328125e-06,True,,
SVM,74,a_2a,0.8126709469382486,0.8126709469382485,1.1102230246251565e-16,1.1102230246251565e-16,True,,
CellCNN,74,a_2a,5.090720296720974e-05,5.090720296720974e-05,0.0,9.5367431640625e-07,True,,
SVM,75,a_004,0.5208184541503983,0.5208184541503983,0.0,0.0,True,,
CellCNN,75,a_004,0.049870515614748,0.049870515614748,0.0,7.152557373046875e-07,True,,
SVM,75,a_005,0.9657581225673691,0.965758122567369,1.1102230246251565e-16,0.0,True,,
CellCNN,75,a_005,0.9074608325958252,0.9074608325958252,0.0,4.76837158203125e-07,True,,
SVM,75,a_007,0.7180653579114346,0.7180653579114346,0.0,5.551115123125783e-17,True,,
CellCNN,75,a_007,0.4805700182914734,0.4805700182914734,0.0,3.5762786865234375e-07,True,,
SVM,75,a_1a,0.8766916461922687,0.8766916461922689,2.220446049250313e-16,1.6653345369377348e-16,True,,
CellCNN,75,a_1a,0.794852328300476,0.794852328300476,0.0,4.76837158203125e-07,True,,
SVM,75,a_2a,0.8260665286138725,0.8260665286138725,0.0,1.1102230246251565e-16,True,,
CellCNN,75,a_2a,0.15808183550834656,0.15808183550834656,0.0,2.384185791015625e-07,True,,
SVM,75,a_2b,0.753718292680095,0.7537182926800952,1.1102230246251565e-16,0.0,True,,
CellCNN,75,a_2b,0.10065389424562454,0.10065389424562454,0.0,2.384185791015625e-07,True,,
SVM,76,a_009,0.8750372350958305,0.8750372350958305,0.0,3.469446951953614e-17,True,,
CellCNN,76,a_009,0.9785336017608642,0.9785336017608642,0.0,1.9073486328125e-06,True,,
SVM,76,a_011,0.9226744640911642,0.9226744640911642,0.0,2.7755575615628914e-17,True,,
CellCNN,76,a_011,0.12244322746992112,0.12244322746992112,0.0,1.6689300537109375e-06,True,,
SVM,76,a_1a,0.9282249435912021,0.9282249435912022,1.1102230246251565e-16,9.71445146547012e-17,True,,
CellCNN,76,a_1a,0.9598766088485717,0.9598766088485717,0.0,2.384185791015625e-06,True,,
SVM,76,a_3a,0.6878717663721916,0.6878717663721914,2.220446049250313e-16,8.326672684688674e-17,True,,
CellCNN,76,a_3a,0.01069810101762414,0.01069810101762414,0.0,1.9073486328125e-06,True,,
SVM,76,a_4a,1.1035948089220737,1.1035948089220737,0.0,1.6653345369377348e-16,True,,
CellCNN,76,a_4a,0.9973613977432251,0.9973613977432251,0.0,2.384185791015625e-06,True,,
SVM,76,a_5b,1.1101504196534557,1.1101504196534557,0.0,1.1102230246251565e-16,True,,
CellCNN,76,a_5b,0.9998798131942749,0.9998798131942749,0.0,1.9073486328125e-06,True,,
SVM,77,a_001,0.7711977641961207,0.7711977641961207,0.0,1.3877787807814457e-17,True,,
CellCNN,77,a_001,0.01876545026898384,0.01876545026898384,0.0,4.76837158203125e-07,True,,
SVM,77,a_006,0.7867598700899846,0.7867598700899845,1.1102230246251565e-16,0.0,True,,
CellCNN,77,a_006,0.19776638746261596,0.19776638746261596,0.0,1.3113021850585938e-06,True,,
SVM,77,a_011,0.8595530070674648,0.859553007067465,1.1102230246251565e-16,9.020562075079397e-17,True,,
CellCNN,77,a_011,0.0154880341142416,0.0154880341142416,0.0,9.5367431640625e-07,True,,
SVM,77,a_3a,0.6889816953411213,0.6889816953411213,0.0,0.0,True,,
CellCNN,77,a_3a,0.0012888964964076876,0.0012888964964076876,0.0,1.9073486328125e-06,True,,
SVM,77,a_3b,0.7296153292188062,0.7296153292188061,1.1102230246251565e-16,0.0,True,,
CellCNN,77,a_3b,0.001885015331208706,0.001885015331208706,0.0,9.5367431640625e-07,True,,
SVM,77,a_4a,1.1103694873686332,1.1103694873686332,0.0,0.0,True,,
CellCNN,77,a_4a,0.9997140526771545,0.9997140526771545,0.0,9.5367431640625e-07,True,,
SVM,78,a_002,0.9025935292589216,0.9025935292589216,0.0,0.0,True,,
CellCNN,78,a_002,0.9164782524108886,0.9164782524108886,0.0,4.76837158203125e-07,True,,
SVM,78,a_003,0.9955982402874389,0.9955982402874389,0.0,2.7755575615628914e-17,True,,
CellCNN,78,a_003,0.592998492717743,0.592998492717743,0.0,3.2782554626464844e-07,True,,
SVM,78,a_009,0.8755091706316185,0.8755091706316185,0.0,1.1102230246251565e-16,True,,
CellCNN,78,a_009,0.5866303324699402,0.5866303324699402,0.0,4.470348358154297e-07,True,,
SVM,78,a_012,0.800815314319161,0.8008153143191611,1.1102230246251565e-16,8.673617379884035e-17,True,,
CellCNN,78,a_012,0.9040965914726258,0.9040965914726258,0.0,9.5367431640625e-07,True,,
SVM,78,a_2b,0.714469359932322,0.7144693599323219,1.1102230246251565e-16,1.249000902703301e-16,True,,
CellCNN,78,a_2b,0.043080934882164,0.043080934882164,0.0,4.76837158203125e-07,True,,
SVM,78,a_3b,0.7159135004941974,0.7159135004941974,0.0,5.551115123125783e-17,True,,
CellCNN,78,a_3b,0.03881319761276245,0.03881319761276245,0.0,7.152557373046875e-07,True,,
SVM,79,a_002,0.9761636526498049,0.9761636526498049,0.0,7.632783294297951e-17,True,,
CellCNN,79,a_002,0.9967560648918152,0.9967560648918152,0.0,2.384185791015625e-06,True,,
SVM,79,a_004,0.7028150039517626,0.7028150039517626,0.0,8.326672684688674e-17,True,,
CellCNN,79,a_004,0.0717950388789177,0.0717950388789177,0.0,1.430511474609375e-06,True,,
SVM,79,a_011,0.8830007787756504,0.8830007787756504,0.0,2.7755575615628914e-17,True,,
CellCNN,79,a_011,0.07365812435746193,0.07365812435746193,0.0,9.5367431640625e-07,True,,
SVM,79,a_2b,0.5433749165945636,0.5433749165945637,1.1102230246251565e-16,5.551115123125783e-17,True,,
CellCNN,79,a_2b,0.023132718168199062,0.023132718168199062,0.0,9.5367431640625e-07,True,,
SVM,79,a_3a,0.599081961175935,0.599081961175935,0.0,5.551115123125783e-17,True,,
CellCNN,79,a_3a,0.00016991488009807654,0.00016991488009807654,0.0,1.9073486328125e-06,True,,
SVM,79,a_5a,1.0497515820500616,1.0497515820500616,0.0,2.7755575615628914e-17,True,,
CellCNN,79,a_5a,0.9999834775924683,0.9999834775924683,0.0,9.5367431640625e-07,True,,
SVM,80,a_007,0.8826548186851285,0.8826548186851285,0.0,5.551115123125783e-17,True,,
CellCNN,80,a_007,0.5212593317031861,0.5212593317031861,0.0,1.1920928955078125e-07,True,,
SVM,80,a_009,0.8009064806908859,0.800906480690886,1.1102230246251565e-16,1.3877787807814457e-16,True,,
CellCNN,80,a_009,0.5780081868171691,0.5780081868171691,0.0,2.384185791015625e-07,True,,
SVM,80,a_011,0.9704506957296565,0.9704506957296565,0.0,4.5102810375396984e-17,True,,
CellCNN,80,a_011,0.5007868885993958,0.5007868885993958,0.0,1.7881393432617188e-07,True,,
SVM,80,a_2a,0.7214631045753254,0.7214631045753254,0.0,2.7755575615628914e-17,True,,
CellCNN,80,a_2a,0.607775890827179,0.607775890827179,0.0,1.7881393432617188e-07,True,,
SVM,80,a_3b,0.7844240392092262,0.7844240392092262,0.0,2.7755575615628914e-17,True,,
CellCNN,80,a_3b,0.64234299659729,0.64234299659729,0.0,2.384185791015625e-07,True,,
SVM,80,a_5a,1.1676480228523367,1.1676480228523367,0.0,1.3877787807814457e-16,True,,
CellCNN,80,a_5a,0.698856258392334,0.698856258392334,0.0,1.7881393432617188e-07,True,,
SVM,81,a_003,1.3581239141425399,1.3581239141425399,0.0,7.28583859910259e-17,True,,
CellCNN,81,a_003,0.9999326229095459,0.9999326229095459,0.0,1.9073486328125e-06,True,,
SVM,81,a_004,1.075927427417655,1.075927427417655,0.0,5.551115123125783e-17,True,,
CellCNN,81,a_004,0.3909666508436203,0.3909666508436203,0.0,1.3113021850585938e-06,True,,
SVM,81,a_007,1.1455984968387911,1.1455984968387911,0.0,8.326672684688674e-17,True,,
CellCNN,81,a_007,0.9885904908180236,0.9885904908180236,0.0,2.86102294921875e-06,True,,
SVM,81,a_009,0.961034035789983,0.9610340357899831,1.1102230246251565e-16,0.0,True,,
CellCNN,81,a_009,0.6472035408020019,0.6472035408020019,0.0,1.5497207641601562e-06,True,,
SVM,81,a_011,1.2892860392403644,1.2892860392403647,2.220446049250313e-16,1.5959455978986625e-16,True,,
CellCNN,81,a_011,0.994841194152832,0.994841194152832,0.0,1.9073486328125e-06,True,,
SVM,81,a_5b,1.2859610713101932,1.2859610713101932,0.0,1.5265566588595902e-16,True,,
CellCNN,81,a_5b,0.9999979972839356,0.9999979972839356,0.0,1.9073486328125e-06,True,,
SVM,82,a_009,0.8849408145114129,0.8849408145114129,0.0,1.3877787807814457e-17,True,,
CellCNN,82,a_009,0.340450119972229,0.340450119972229,0.0,1.1920928955078125e-06,True,,
SVM,82,a_011,0.9628164636349378,0.9628164636349378,0.0,2.7755575615628914e-17,True,,
CellCNN,82,a_011,0.20147425830364227,0.20147425830364227,0.0,2.6226043701171875e-06,True,,
SVM,82,a_1a,0.9597599095336524,0.9597599095336523,1.1102230246251565e-16,5.551115123125783e-17,True,,
CellCNN,82,a_1a,0.9867261648178101,0.9867261648178101,0.0,3.814697265625e-06,True,,
SVM,82,a_3b,0.7669169305605658,0.7669169305605656,1.1102230246251565e-16,1.249000902703301e-16,True,,
CellCNN,82,a_3b,0.003292192844673991,0.003292192844673991,0.0,1.9073486328125e-06,True,,
SVM,82,a_4a,1.1115647235721613,1.1115647235721613,0.0,1.1102230246251565e-16,True,,
CellCNN,82,a_4a,0.9996599555015564,0.9996599555015564,0.0,1.9073486328125e-06,True,,
SVM,82,a_5b,1.1054509512915869,1.1054509512915867,2.220446049250313e-16,1.6653345369377348e-16,True,,
CellCNN,82,a_5b,0.9999173879623413,0.9999173879623413,0.0,3.814697265625e-06,True,,
SVM,83,a_004,0.513292497790834,0.513292497790834,0.0,0.0,True,,
CellCNN,83,a_004,0.04162480086088181,0.04162480086088181,0.0,1.1920928955078125e-06,True,,
SVM,83,a_012,0.7334574743554342,0.7334574743554341,1.1102230246251565e-16,1.1102230246251565e-16,True,,
CellCNN,83,a_012,0.797568416595459,0.797568416595459,0.0,1.1920928955078125e-06,True,,
SVM,83,a_2a,0.7524385876844478,0.7524385876844478,0.0,1.1102230246251565e-16,True,,
CellCNN,83,a_2a,0.07355587929487228,0.07355587929487228,0.0,7.152557373046875e-07,True,,
SVM,83,a_2b,0.783695618625793,0.7836956186257927,2.220446049250313e-16,1.1102230246251565e-16,True,,
CellCNN,83,a_2b,0.028197900950908662,0.028197900950908662,0.0,1.6689300537109375e-06,True,,
SVM,83,a_3b,0.640023034116809,0.640023034116809,0.0,0.0,True,,
CellCNN,83,a_3b,0.12800191938877106,0.12800191938877106,0.0,3.5762786865234375e-07,True,,
SVM,83,a_5a,1.1134162400207377,1.1134162400207377,0.0,5.551115123125783e-17,True,,
CellCNN,83,a_5a,0.9964739322662354,0.9964739322662354,0.0,9.5367431640625e-07,True,,
SVM,84,a_002,1.220209682654621,1.220209682654621,0.0,9.540979117872439e-18,True,,
CellCNN,84,a_002,0.001570146216545254,0.001570146216545254,0.0,9.5367431640625e-07,True,,
SVM,84,a_006,1.2347148442987164,1.2347148442987164,0.0,9.80118763926896e-17,True,,
CellCNN,84,a_006,0.668243670463562,0.668243670463562,0.0,4.76837158203125e-07,True,,
SVM,84,a_009,1.1370646175194656,1.1370646175194654,2.220446049250313e-16,9.71445146547012e-17,True,,
CellCNN,84,a_009,0.9378227353096008,0.9378227353096008,0.0,7.152557373046875e-07,True,,
SVM,84,a_010,1.1381752137569487,1.1381752137569487,0.0,1.3877787807814457e-17,True,,
CellCNN,84,a_010,0.8094853162765503,0.8094853162765503,0.0,7.152557373046875e-07,True,,
SVM,84,a_012,0.7418821958238144,0.7418821958238144,0.0,0.0,True,,
CellCNN,84,a_012,0.9056508183479309,0.9056508183479309,0.0,2.384185791015625e-07,True,,
SVM,84,a_2a,0.8709284895402978,0.8709284895402976,2.220446049250313e-16,2.220446049250313e-16,True,,
CellCNN,84,a_2a,0.25799323320388795,0.25799323320388795,0.0,2.384185791015625e-07,True,,
SVM,85,a_003,0.9004714627232348,0.9004714627232348,0.0,1.3877787807814457e-16,True,,
CellCNN,85,a_003,0.7402865290641785,0.7402865290641785,0.0,2.086162567138672e-06,True,,
SVM,85,a_004,0.6685672372178981,0.6685672372178981,0.0,0.0,True,,
CellCNN,85,a_004,0.9180681586265564,0.9180681586265564,0.0,1.6689300537109375e-06,True,,
SVM,85,a_2a,0.5885347934550976,0.5885347934550976,0.0,5.551115123125783e-17,True,,
CellCNN,85,a_2a,0.0058643904514610766,0.0058643904514610766,0.0,2.384185791015625e-06,True,,
SVM,85,a_3b,0.5523517725673951,0.5523517725673951,0.0,5.551115123125783e-17,True,,
CellCNN,85,a_3b,0.0007145343348383904,0.0007145343348383904,0.0,1.9073486328125e-06,True,,
SVM,85,a_4b,0.7713701500751898,0.7713701500751897,1.1102230246251565e-16,2.7755575615628914e-17,True,,
CellCNN,85,a_4b,0.04471383541822434,0.04471383541822434,0.0,2.1457672119140625e-06,True,,
SVM,85,a_5b,1.1558211378276377,1.1558211378276377,0.0,2.7755575615628914e-17,True,,
CellCNN,85,a_5b,0.9999662399291992,0.9999662399291992,0.0,2.86102294921875e-06,True,,
SVM,86,a_002,1.1452017902670897,1.1452017902670897,0.0,8.326672684688674e-17,True,,
CellCNN,86,a_002,1.0,1.0,0.0,1.9073486328125e-06,True,,
SVM,86,a_010,0.886604149946801,0.886604149946801,0.0,8.326672684688674e-17,True,,
CellCNN,86,a_010,0.02265023607760668,0.02265023607760668,0.0,1.9073486328125e-06,True,,
SVM,86,a_011,0.8772263329920613,0.8772263329920613,0.0,5.551115123125783e-17,True,,
CellCNN,86,a_011,0.0037298747338354588,0.0037298747338354588,0.0,1.9073486328125e-06,True,,
SVM,86,a_1a,0.8465662732624215,0.8465662732624215,0.0,0.0,True,,
CellCNN,86,a_1a,0.07355422824621201,0.07355422824621201,0.0,9.5367431640625e-07,True,,
SVM,86,a_3a,0.6401608560332048,0.6401608560332048,0.0,1.1102230246251565e-16,True,,
CellCNN,86,a_3a,0.00023021866218186915,0.00023021866218186915,0.0,2.86102294921875e-06,True,,
SVM,86,a_4b,0.9652903475208564,0.9652903475208566,2.220446049250313e-16,7.632783294297951e-17,True,,
CellCNN,86,a_4b,0.6713437557220459,0.6713437557220459,0.0,2.7418136596679688e-06,True,,
SVM,87,a_001,0.9121134195895367,0.9121134195895367,0.0,3.469446951953614e-17,True,,
CellCNN,87,a_001,0.11971120834350586,0.11971120834350586,0.0,1.0728836059570312e-06,True,,
SVM,87,a_004,0.6750474312202966,0.6750474312202966,0.0,5.551115123125783e-17,True,,
CellCNN,87,a_004,0.002376566268503666,0.002376566268503666,0.0,9.5367431640625e-07,True,,
SVM,87,a_006,1.0731463543679771,1.0731463543679771,0.0,0.0,True,,
CellCNN,87,a_006,0.13338705599308015,0.13338705599308015,0.0,1.0728836059570312e-06,True,,
SVM,87,a_009,0.8824494813781343,0.8824494813781343,0.0,1.734723475976807e-17,True,,
CellCNN,87,a_009,0.2408973515033722,0.2408973515033722,0.0,1.0728836059570312e-06,True,,
SVM,87,a_2b,0.7540738246469983,0.7540738246469983,0.0,1.3877787807814457e-17,True,,
CellCNN,87,a_2b,0.017243651486933232,0.017243651486933232,0.0,9.5367431640625e-07,True,,
SVM,87,a_4b,0.8359571213260057,0.8359571213260056,1.1102230246251565e-16,5.551115123125783e-17,True,,
CellCNN,87,a_4b,0.7995494127273559,0.7995494127273559,0.0,1.5497207641601562e-06,True,,
SVM,88,a_001,0.7810398787592346,0.7810398787592346,0.0,1.1102230246251565e-16,True,,
CellCNN,88,a_001,0.25122490227222444,0.25122490227222444,0.0,4.76837158203125e-07,True,,
SVM,88,a_004,0.5656149293103844,0.5656149293103844,0.0,0.0,True,,
CellCNN,88,a_004,0.006774132326245308,0.006774132326245308,0.0,1.430511474609375e-06,True,,
SVM,88,a_010,0.829851805457806,0.8298518054578061,1.1102230246251565e-16,5.551115123125783e-17,True,,
CellCNN,88,a_010,0.0015604439424350858,0.0015604439424350858,0.0,4.76837158203125e-07,True,,
SVM,88,a_1a,0.6463315764769628,0.6463315764769628,0.0,0.0,True,,
CellCNN,88,a_1a,0.16867587864398956,0.16867587864398956,0.0,9.5367431640625e-07,True,,
SVM,88,a_2a,0.6247333848630069,0.6247333848630069,0.0,1.1102230246251565e-16,True,,
CellCNN,88,a_2a,0.03985566087067127,0.03985566087067127,0.0,9.5367431640625e-07,True,,
SVM,88,a_4b,0.7916377475387143,0.7916377475387144,1.1102230246251565e-16,5.551115123125783e-17,True,,
CellCNN,88,a_4b,0.9808086037635804,0.9808086037635804,0.0,4.76837158203125e-07,True,,
SVM,89,a_009,1.0209740862735226,1.0209740862735228,2.220446049250313e-16,1.249000902703301e-16,True,,
CellCNN,89,a_009,0.49470088481903074,0.49470088481903074,0.0,7.748603820800781e-07,True,,
SVM,89,a_010,1.1887402070832864,1.1887402070832864,0.0,1.3877787807814457e-16,True,,
CellCNN,89,a_010,0.28241451680660246,0.28241451680660246,0.0,1.0132789611816406e-06,True,,
SVM,89,a_011,0.9743071970932575,0.9743071970932574,1.1102230246251565e-16,1.3877787807814457e-17,True,,
CellCNN,89,a_011,0.22156405150890351,0.22156405150890351,0.0,4.76837158203125e-07,True,,
SVM,89,a_3a,0.6916175992824235,0.6916175992824235,0.0,5.551115123125783e-17,True,,
CellCNN,89,a_3a,0.010849807411432266,0.010849807411432266,0.0,9.5367431640625e-07,True,,
SVM,89,a_4b,0.8702207781603667,0.8702207781603667,0.0,1.1102230246251565e-16,True,,
CellCNN,89,a_4b,0.38521686792373655,0.38521686792373655,0.0,4.172325134277344e-07,True,,
SVM,89,a_5b,1.1757467938219222,1.1757467938219217,4.440892098500626e-16,3.0531133177191805e-16,True,,
CellCNN,89,a_5b,0.9936258673667908,0.9936258673667908,0.0,1.430511474609375e-06,True,,
SVM,90,a_001,0.807016194529421,0.8070161945294211,1.1102230246251565e-16,8.326672684688674e-17,True,,
CellCNN,90,a_001,0.8878870129585266,0.8878870129585266,0.0,2.6226043701171875e-06,True,,
SVM,90,a_003,1.0553614775295537,1.0553614775295537,0.0,1.3877787807814457e-17,True,,
CellCNN,90,a_003,0.8958603382110596,0.8958603382110596,0.0,3.0994415283203125e-06,True,,
SVM,90,a_004,0.7438902848050055,0.7438902848050055,0.0,5.551115123125783e-17,True,,
CellCNN,90,a_004,0.017241547629237176,0.017241547629237176,0.0,1.9073486328125e-06,True,,
SVM,90,a_009,0.8406187731013173,0.8406187731013173,0.0,4.163336342344337e-17,True,,
CellCNN,90,a_009,0.6636813163757325,0.6636813163757325,0.0,1.9073486328125e-06,True,,
SVM,90,a_3b,0.6657744673618634,0.6657744673618634,0.0,0.0,True,,
CellCNN,90,a_3b,2.9927113973826636e-05,2.9927113973826636e-05,0.0,3.814697265625e-06,True,,
SVM,90,a_4a,1.147972954538392,1.147972954538392,0.0,2.7755575615628914e-17,True,,
CellCNN,90,a_4a,0.9999759435653687,0.9999759435653687,0.0,2.86102294921875e-06,True,,
SVM,91,a_002,0.7826776783697602,0.7826776783697601,1.1102230246251565e-16,0.0,True,,
CellCNN,91,a_002,0.5452933669090271,0.5452933669090271,0.0,1.9073486328125e-06,True,,
SVM,91,a_004,0.4630951280520639,0.4630951280520639,0.0,1.1102230246251565e-16,True,,
CellCNN,91,a_004,0.0012307629804126918,0.0012307629804126918,0.0,9.5367431640625e-07,True,,
SVM,91,a_012,0.5995252967245115,0.5995252967245115,0.0,0.0,True,,
CellCNN,91,a_012,0.08365458399057388,0.08365458399057388,0.0,1.430511474609375e-06,True,,
SVM,91,a_1a,0.9249188875564038,0.924918887556404,1.1102230246251565e-16,5.551115123125783e-17,True,,
CellCNN,91,a_1a,0.8462785601615905,0.8462785601615905,0.0,8.344650268554688e-07,True,,
SVM,91,a_2b,0.6929190782222001,0.6929190782222001,0.0,5.551115123125783e-17,True,,
CellCNN,91,a_2b,0.03556161150336266,0.03556161150336266,0.0,7.152557373046875e-07,True,,
SVM,91,a_3b,0.7642338126747794,0.7642338126747793,1.1102230246251565e-16,1.6653345369377348e-16,True,,
CellCNN,91,a_3b,0.0038726812228560446,0.0038726812228560446,0.0,9.5367431640625e-07,True,,
SVM,92,a_003,1.105476467759593,1.105476467759593,0.0,1.3877787807814457e-16,True,,
CellCNN,92,a_003,0.3923342227935791,0.3923342227935791,0.0,8.940696716308594e-07,True,,
SVM,92,a_004,0.7274133972801563,0.7274133972801564,1.1102230246251565e-16,2.7755575615628914e-17,True,,
CellCNN,92,a_004,8.769696523813764e-06,8.769696523813764e-06,0.0,2.86102294921875e-06,True,,
SVM,92,a_006,1.0852995730117885,1.0852995730117885,0.0,8.326672684688674e-17,True,,
CellCNN,92,a_006,0.017245290242135523,0.017245290242135523,0.0,4.76837158203125e-07,True,,
SVM,92,a_1a,0.9065391952322561,0.9065391952322559,2.220446049250313e-16,4.163336342344337e-17,True,,
CellCNN,92,a_1a,0.2743805110454559,0.2743805110454559,0.0,2.086162567138672e-06,True,,
SVM,92,a_4b,0.9626454498517071,0.9626454498517071,0.0,6.071532165918825e-17,True,,
CellCNN,92,a_4b,0.7818015813827515,0.7818015813827515,0.0,9.5367431640625e-07,True,,
SVM,92,a_5b,1.3065367458679624,1.3065367458679624,0.0,1.6653345369377348e-16,True,,
CellCNN,92,a_5b,0.9999995470046997,0.9999995470046997,0.0,1.9073486328125e-06,True,,
SVM,93,a_006,1.2582692681262593,1.2582692681262593,0.0,5.551115123125783e-17,True,,
CellCNN,93,a_006,0.0769065648317337,0.0769065648317337,0.0,1.6689300537109375e-06,True,,
SVM,93,a_009,1.2112976576061738,1.2112976576061738,0.0,1.6653345369377348e-16,True,,
CellCNN,93,a_009,0.9879639863967895,0.9879639863967895,0.0,1.6689300537109375e-06,True,,
SVM,93,a_010,1.2163376223358688,1.2163376223358686,2.220446049250313e-16,2.220446049250313e-16,True,,
CellCNN,93,a_010,0.9542307257652283,0.9542307257652283,0.0,1.1920928955078125e-06,True,,
SVM,93,a_012,0.8022614935328957,0.8022614935328957,0.0,1.1102230246251565e-16,True,,
CellCNN,93,a_012,0.5541208744049072,0.5541208744049072,0.0,2.652406692504883e-06,True,,
SVM,93,a_3a,0.8032033073967376,0.8032033073967377,1.1102230246251565e-16,0.0,True,,
CellCNN,93,a_3a,1.2736390885947913e-06,1.2736390885947913e-06,0.0,2.86102294921875e-06,True,,
SVM,93,a_5a,1.355732661131342,1.355732661131342,0.0,1.5265566588595902e-16,True,,
CellCNN,93,a_5a,0.9999502658843994,0.9999502658843994,0.0,2.86102294921875e-06,True,,
SVM,94,a_012,0.7248176902097053,0.7248176902097054,1.1102230246251565e-16,6.938893903907228e-17,True,,
CellCNN,94,a_012,0.16053555011749268,0.16053555011749268,0.0,2.0265579223632812e-06,True,,
SVM,94,a_1a,1.0421130526226494,1.0421130526226494,0.0,1.1102230246251565e-16,True,,
CellCNN,94,a_1a,0.9999268054962158,0.9999268054962158,0.0,1.9073486328125e-06,True,,
SVM,94,a_2a,0.9437019345992314,0.9437019345992311,2.220446049250313e-16,1.1102230246251565e-16,True,,
CellCNN,94,a_2a,0.9338591694831848,0.9338591694831848,0.0,2.6226043701171875e-06,True,,
SVM,94,a_2b,0.9368246825532102,0.9368246825532103,1.1102230246251565e-16,2.7755575615628914e-17,True,,
CellCNN,94,a_2b,0.9117073893547059,0.9117073893547059,0.0,2.6226043701171875e-06,True,,
SVM,94,a_3b,0.8525720314363295,0.8525720314363295,0.0,2.7755575615628914e-17,True,,
CellCNN,94,a_3b,0.626060152053833,0.626060152053833,0.0,2.5033950805664062e-06,True,,
SVM,94,a_5a,1.2082035170217373,1.2082035170217373,0.0,0.0,True,,
CellCNN,94,a_5a,0.9997786521911621,0.9997786521911621,0.0,1.9073486328125e-06,True,,
SVM,95,a_004,0.5675762790789274,0.5675762790789275,1.1102230246251565e-16,5.551115123125783e-17,True,,
CellCNN,95,a_004,8.028163138078526e-05,8.028163138078526e-05,0.0,1.9073486328125e-06,True,,
SVM,95,a_009,0.7505627370081124,0.7505627370081123,1.1102230246251565e-16,1.249000902703301e-16,True,,
CellCNN,95,a_009,0.32639783024787905,0.32639783024787905,0.0,2.86102294921875e-06,True,,
SVM,95,a_1a,0.6850456881496206,0.6850456881496207,1.1102230246251565e-16,5.551115123125783e-17,True,,
CellCNN,95,a_1a,0.9992136240005494,0.9992136240005494,0.0,1.9073486328125e-06,True,,
SVM,95,a_2a,0.5313921554199572,0.5313921554199572,0.0,5.551115123125783e-17,True,,
CellCNN,95,a_2a,0.03483370579779148,0.03483370579779148,0.0,2.86102294921875e-06,True,,
SVM,95,a_4a,0.975526102707793,0.975526102707793,0.0,5.551115123125783e-17,True,,
CellCNN,95,a_4a,0.9999968528747558,0.9999968528747558,0.0,1.9073486328125e-06,True,,
SVM,95,a_5a,1.0189102033900117,1.0189102033900117,0.0,0.0,True,,
CellCNN,95,a_5a,0.9999985456466675,0.9999985456466675,0.0,2.86102294921875e-06,True,,
SVM,96,a_004,0.5392804081895922,0.5392804081895921,1.1102230246251565e-16,0.0,True,,
CellCNN,96,a_004,0.5864006519317627,0.5864006519317627,0.0,7.152557373046875e-07,True,,
SVM,96,a_007,0.7500845811736672,0.7500845811736672,0.0,5.551115123125783e-17,True,,
CellCNN,96,a_007,0.1778235524892807,0.1778235524892807,0.0,7.152557373046875e-07,True,,
SVM,96,a_010,0.6988816795996491,0.6988816795996491,0.0,1.1102230246251565e-16,True,,
CellCNN,96,a_010,0.7547071814537049,0.7547071814537049,0.0,3.5762786865234375e-07,True,,
SVM,96,a_012,0.7586893195239823,0.7586893195239823,0.0,5.551115123125783e-17,True,,
CellCNN,96,a_012,0.35012739300727846,0.35012739300727846,0.0,7.748603820800781e-07,True,,
SVM,96,a_2a,0.7115103806074429,0.7115103806074429,0.0,1.1102230246251565e-16,True,,
CellCNN,96,a_2a,0.4534185707569122,0.4534185707569122,0.0,2.5331974029541016e-07,True,,
SVM,96,a_3a,0.6388576346699864,0.6388576346699865,1.1102230246251565e-16,0.0,True,,
CellCNN,96,a_3a,0.12252237647771835,0.12252237647771835,0.0,7.152557373046875e-07,True,,
SVM,97,a_001,0.9563452601640637,0.9563452601640637,0.0,0.0,True,,
CellCNN,97,a_001,0.003454397385939956,0.003454397385939956,0.0,9.5367431640625e-07,True,,
SVM,97,a_003,1.283498594408697,1.2834985944086972,2.220446049250313e-16,2.220446049250313e-16,True,,
CellCNN,97,a_003,0.9996529459953308,0.9996529459953308,0.0,9.5367431640625e-07,True,,
SVM,97,a_006,1.2493601814096775,1.249360181409678,4.440892098500626e-16,3.3306690738754696e-16,True,,
CellCNN,97,a_006,0.10330147594213486,0.10330147594213486,0.0,9.5367431640625e-07,True,,
SVM,97,a_009,1.069053537667714,1.069053537667714,0.0,0.0,True,,
CellCNN,97,a_009,0.11739556640386581,0.11739556640386581,0.0,1.6689300537109375e-06,True,,
SVM,97,a_3b,0.716194428371871,0.7161944283718711,1.1102230246251565e-16,0.0,True,,
CellCNN,97,a_3b,0.0007618216506671161,0.0007618216506671161,0.0,1.430511474609375e-06,True,,
SVM,97,a_5b,1.5276122736605309,1.5276122736605309,0.0,2.220446049250313e-16,True,,
CellCNN,97,a_5b,0.9999958753585816,0.9999958753585816,0.0,1.9073486328125e-06,True,,
SVM,98,a_006,0.8254841209209013,0.8254841209209013,0.0,5.0306980803327406e-17,True,,
CellCNN,98,a_006,0.20791338980197907,0.20791338980197907,0.0,9.5367431640625e-07,True,,
SVM,98,a_011,0.8199519272955674,0.8199519272955674,0.0,6.071532165918825e-18,True,,
CellCNN,98,a_011,0.06255528852343559,0.06255528852343559,0.0,4.76837158203125e-07,True,,
SVM,98,a_1a,0.7743408861970645,0.7743408861970644,1.1102230246251565e-16,3.469446951953614e-17,True,,
CellCNN,98,a_1a,0.9679314374923706,0.9679314374923706,0.0,1.430511474609375e-06,True,,
SVM,98,a_2a,0.6123242112699037,0.6123242112699036,1.1102230246251565e-16,5.551115123125783e-17,True,,
CellCNN,98,a_2a,0.1827040880918503,0.1827040880918503,0.0,4.76837158203125e-07,True,,
SVM,98,a_4a,1.058171032237175,1.0581710322371751,2.220446049250313e-16,1.3877787807814457e-16,True,,
CellCNN,98,a_4a,0.988813054561615,0.988813054561615,0.0,1.430511474609375e-06,True,,
SVM,98,a_5a,1.065296236677637,1.0652962366776373,2.220446049250313e-16,1.1102230246251565e-16,True,,
CellCNN,98,a_5a,0.9519153237342834,0.9519153237342834,0.0,7.152557373046875e-07,True,,
SVM,99,a_003,0.9888758154520078,0.9888758154520078,0.0,2.7755575615628914e-17,True,,
CellCNN,99,a_003,0.9396230340003967,0.9396230340003967,0.0,7.152557373046875e-07,True,,
SVM,99,a_006,0.9554780056199796,0.9554780056199796,0.0,1.3877787807814457e-17,True,,
CellCNN,99,a_006,0.8686528325080871,0.8686528325080871,0.0,8.344650268554688e-07,True,,
SVM,99,a_007,0.9650994472172256,0.9650994472172256,0.0,5.551115123125783e-17,True,,
CellCNN,99,a_007,0.9148625731468201,0.9148625731468201,0.0,9.5367431640625e-07,True,,
SVM,99,a_2b,0.6485377417720479,0.648537741772048,1.1102230246251565e-16,1.1102230246251565e-16,True,,
CellCNN,99,a_2b,0.15236400365829467,0.15236400365829467,0.0,5.960464477539062e-07,True,,
SVM,99,a_3b,0.6399869104416411,0.6399869104416411,0.0,5.551115123125783e-17,True,,
CellCNN,99,a_3b,0.05746139660477638,0.05746139660477638,0.0,2.384185791015625e-07,True,,
SVM,99,a_5b,1.3829565333666907,1.3829565333666907,0.0,2.220446049250313e-16,True,,
CellCNN,99,a_5b,0.9612869024276733,0.9612869024276733,0.0,1.1920928955078125e-06,True,,
Citrus,0,a_002,0.641535462228461,,,8.88178419700125e-16,True,3.66373598126302e-15,2.22044604925031e-16
Citrus,0,a_004,0.34025022152963,,,2.1094237467878e-15,True,3.66373598126302e-15,2.22044604925031e-16
Citrus,0,a_006,0.488993879781595,,,1.16573417585641e-15,True,3.66373598126302e-15,2.22044604925031e-16
Citrus,0,a_1a,0.365995037783521,,,2.77555756156289e-16,True,3.66373598126302e-15,2.22044604925031e-16
Citrus,0,a_2a,0.355042161473051,,,1.16573417585641e-15,True,3.66373598126302e-15,2.22044604925031e-16
Citrus,0,a_4a,0.50272466021323,,,1.55431223447522e-15,True,3.66373598126302e-15,2.22044604925031e-16
Citrus,1,a_002,0.814329443101374,,,1.33226762955019e-15,True,4.88498130835069e-15,1.11022302462516e-16
Citrus,1,a_003,0.454904318144395,,,5.27355936696949e-16,True,4.88498130835069e-15,1.11022302462516e-16
Citrus,1,a_004,0.242438699913,,,3.10862446895044e-15,True,4.88498130835069e-15,1.11022302462516e-16
Citrus,1,a_006,0.439706655147499,,,5.27355936696949e-16,True,4.88498130835069e-15,1.11022302462516e-16
Citrus,1,a_3b,0.325130492948574,,,5.55111512312578e-16,True,4.88498130835069e-15,1.11022302462516e-16
Citrus,1,a_5a,0.466612874847886,,,1.66533453693773e-16,True,4.88498130835069e-15,1.11022302462516e-16
Citrus,2,a_002,0.5,,,0.0,True,0.0,0.0
Citrus,2,a_004,0.5,,,0.0,True,0.0,0.0
Citrus,2,a_007,0.5,,,0.0,True,0.0,0.0
Citrus,2,a_010,0.5,,,0.0,True,0.0,0.0
Citrus,2,a_1a,0.5,,,0.0,True,0.0,0.0
Citrus,2,a_3b,0.5,,,0.0,True,0.0,0.0
Citrus,3,a_006,0.424861876263187,,,4.05231403988182e-15,True,1.19904086659517e-14,8.88178419700125e-16
Citrus,3,a_009,0.940721417702769,,,3.10862446895044e-15,True,1.19904086659517e-14,8.88178419700125e-16
Citrus,3,a_011,0.171700660603694,,,5.10702591327572e-15,True,1.19904086659517e-14,8.88178419700125e-16
Citrus,3,a_2a,0.009943593404626,,,7.105427357601e-15,True,1.19904086659517e-14,8.88178419700125e-16
Citrus,3,a_5a,0.547889479980855,,,4.44089209850063e-16,True,1.19904086659517e-14,8.88178419700125e-16
Citrus,3,a_5b,0.62708346676159,,,1.77635683940025e-15,True,1.19904086659517e-14,8.88178419700125e-16
Citrus,4,a_001,0.488174772322806,,,1.60982338570648e-15,True,2.94209101525666e-15,2.77555756156289e-17
Citrus,4,a_003,0.534192813070203,,,7.49400541621981e-16,True,2.94209101525666e-15,2.77555756156289e-17
Citrus,4,a_010,0.470278485502032,,,1.33226762955019e-15,True,2.94209101525666e-15,2.77555756156289e-17
Citrus,4,a_011,0.526806554774896,,,8.60422844084496e-16,True,2.94209101525666e-15,2.77555756156289e-17
Citrus,4,a_2a,0.459693110429727,,,1.94289029309402e-16,True,2.94209101525666e-15,2.77555756156289e-17
Citrus,4,a_4b,0.479726553743539,,,5.89805981832114e-16,True,2.94209101525666e-15,2.77555756156289e-17
Citrus,5,a_003,0.591341203387464,,,5.55111512312578e-16,True,6.43929354282591e-15,4.44089209850063e-16
Citrus,5,a_011,0.660551892747811,,,4.44089209850063e-16,True,6.43929354282591e-15,4.44089209850063e-16
Citrus,5,a_2b,0.118815082727318,,,3.10862446895044e-15,True,6.43929354282591e-15,4.44089209850063e-16
Citrus,5,a_3b,0.43766956535383,,,3.1641356201817e-15,True,6.43929354282591e-15,4.44089209850063e-16
Citrus,5,a_5a,0.388864709658639,,,1.99840144432528e-15,True,6.43929354282591e-15,4.44089209850063e-16
Citrus,5,a_5b,0.338927496079609,,,1.66533453693773e-15,True,6.43929354282591e-15,4.44089209850063e-16
Citrus,6,a_001,0.298521653616626,,,1.94289029309402e-15,True,6.21724893790088e-15,2.22044604925031e-16
Citrus,6,a_003,0.333807323537607,,,1.99840144432528e-15,True,6.21724893790088e-15,2.22044604925031e-16
Citrus,6,a_1a,0.445587899264268,,,1.33226762955019e-15,True,6.21724893790088e-15,2.22044604925031e-16
Citrus,6,a_2a,0.066613931326593,,,2.22044604925031e-15,True,6.21724893790088e-15,2.22044604925031e-16
Citrus,6,a_2b,0.05645682768469,,,3.77475828372553e-15,True,6.21724893790088e-15,2.22044604925031e-16
Citrus,6,a_5a,0.416327144487591,,,6.66133814775094e-16,True,6.21724893790088e-15,2.22044604925031e-16
Citrus,7,a_002,0.497440500916736,,,1.03389519168218e-15,True,2.19962936753859e-15,2.77555756156289e-17
Citrus,7,a_004,0.481803993863972,,,5.06539254985228e-16,True,2.19962936753859e-15,2.77555756156289e-17
Citrus,7,a_010,0.500841461218784,,,1.16573417585641e-15,True,2.19962936753859e-15,2.77555756156289e-17
Citrus,7,a_012,0.468009049777548,,,7.21644966006352e-16,True,2.19962936753859e-15,2.77555756156289e-17
Citrus,7,a_1a,0.509682808280799,,,5.41233724504764e-16,True,2.19962936753859e-15,2.77555756156289e-17
Citrus,7,a_2a,0.494039777440606,,,5.23886489744996e-16,True,2.19962936753859e-15,2.77555756156289e-17
Citrus,8,a_001,0.548429657493603,,,1.66533453693773e-15,True,4.44089209850063e-15,8.88178419700125e-16
Citrus,8,a_006,0.841071783351197,,,1.33226762955019e-15,True,4.44089209850063e-15,8.88178419700125e-16
Citrus,8,a_010,0.383411281854548,,,2.1094237467878e-15,True,4.44089209850063e-15,8.88178419700125e-16
Citrus,8,a_2a,0.242633558890487,,,1.77635683940025e-15,True,4.44089209850063e-15,8.88178419700125e-16
Citrus,8,a_2b,0.07293161451805,,,2.22044604925031e-15,True,4.44089209850063e-15,8.88178419700125e-16
Citrus,8,a_5a,0.49714000275539,,,1.0547118733939e-15,True,4.44089209850063e-15,8.88178419700125e-16
Citrus,9,a_003,0.478405564430391,,,4.44089209850063e-16,True,2.41473507855972e-15,0.0
Citrus,9,a_007,0.499259363230068,,,1.33226762955019e-15,True,2.41473507855972e-15,0.0
Citrus,9,a_011,0.48187793767438,,,3.46944695195361e-16,True,2.41473507855972e-15,0.0
Citrus,9,a_2b,0.458317423448523,,,1.08246744900953e-15,True,2.41473507855972e-15,0.0
Citrus,9,a_3a,0.461773074498155,,,4.85722573273506e-16,True,2.41473507855972e-15,0.0
Citrus,9,a_4b,0.463848251273495,,,1.11022302462516e-15,True,2.41473507855972e-15,0.0
Citrus,10,a_002,0.565507541263282,,,1.41553435639707e-15,True,2.52575738102223e-15,0.0
Citrus,10,a_003,0.595577699315477,,,1.38777878078145e-16,True,2.52575738102223e-15,0.0
Citrus,10,a_007,0.52811216443251,,,1.11022302462516e-15,True,2.52575738102223e-15,0.0
Citrus,10,a_009,0.54857600748488,,,7.7715611723761e-16,True,2.52575738102223e-15,0.0
Citrus,10,a_010,0.545174869077539,,,8.60422844084496e-16,True,2.52575738102223e-15,0.0
Citrus,10,a_2a,0.500691357392556,,,3.60822483003176e-16,True,2.52575738102223e-15,0.0
Citrus,11,a_002,0.736148117132502,,,2.44249065417534e-15,True,6.21724893790088e-15,4.44089209850063e-16
Citrus,11,a_003,0.452217975585986,,,1.38777878078145e-16,True,6.21724893790088e-15,4.44089209850063e-16
Citrus,11,a_006,0.409851422412724,,,3.33066907387547e-16,True,6.21724893790088e-15,4.44089209850063e-16
Citrus,11,a_010,0.59258957637057,,,1.22124532708767e-15,True,6.21724893790088e-15,4.44089209850063e-16
Citrus,11,a_011,0.331316281684485,,,0.0,True,6.21724893790088e-15,4.44089209850063e-16
Citrus,11,a_012,0.258215745146333,,,3.66373598126302e-15,True,6.21724893790088e-15,4.44089209850063e-16
Citrus,12,a_001,0.492120216582337,,,1.41553435639707e-15,True,3.21964677141295e-15,1.38777878078145e-17
Citrus,12,a_003,0.48564462173955,,,6.24500451351651e-16,True,3.21964677141295e-15,1.38777878078145e-17
Citrus,12,a_004,0.471418312938269,,,1.52655665885959e-15,True,3.21964677141295e-15,1.38777878078145e-17
Citrus,12,a_006,0.539977821230219,,,1.30451205393456e-15,True,3.21964677141295e-15,1.38777878078145e-17
Citrus,12,a_3a,0.463676556530436,,,1.83186799063151e-15,True,3.21964677141295e-15,1.38777878078145e-17
Citrus,12,a_4a,0.476587365212486,,,1.22818422099158e-15,True,3.21964677141295e-15,1.38777878078145e-17
Citrus,13,a_004,0.336951425471914,,,4.44089209850063e-16,True,2.84494650060196e-15,8.32667268468867e-17
Citrus,13,a_009,0.53972467423094,,,1.33226762955019e-15,True,2.84494650060196e-15,8.32667268468867e-17
Citrus,13,a_1a,0.520782732010868,,,1.47104550762833e-15,True,2.84494650060196e-15,8.32667268468867e-17
Citrus,13,a_3b,0.408215435529981,,,1.11022302462516e-16,True,2.84494650060196e-15,8.32667268468867e-17
Citrus,13,a_4b,0.470746834510423,,,8.04911692853238e-16,True,2.84494650060196e-15,8.32667268468867e-17
Citrus,13,a_5a,0.538533210899477,,,1.33226762955019e-15,True,2.84494650060196e-15,8.32667268468867e-17
Citrus,14,a_005,0.5,,,0.0,True,0.0,0.0
Citrus,14,a_010,0.5,,,0.0,True,0.0,0.0
Citrus,14,a_2a,0.5,,,0.0,True,0.0,0.0
Citrus,14,a_3a,0.5,,,0.0,True,0.0,0.0
Citrus,14,a_3b,0.5,,,0.0,True,0.0,0.0
Citrus,14,a_5a,0.5,,,0.0,True,0.0,0.0
Citrus,15,a_002,0.77299909861186,,,3.33066907387547e-16,True,3.5527136788005e-15,2.22044604925031e-16
Citrus,15,a_003,0.648591215598939,,,1.33226762955019e-15,True,3.5527136788005e-15,2.22044604925031e-16
Citrus,15,a_011,0.508334755612822,,,2.16493489801906e-15,True,3.5527136788005e-15,2.22044604925031e-16
Citrus,15,a_1a,0.617487802835523,,,1.0547118733939e-15,True,3.5527136788005e-15,2.22044604925031e-16
Citrus,15,a_3a,0.374125213719628,,,1.55431223447522e-15,True,3.5527136788005e-15,2.22044604925031e-16
Citrus,15,a_4b,0.540139466033639,,,8.04911692853238e-16,True,3.5527136788005e-15,2.22044604925031e-16
Citrus,16,a_003,0.5,,,0.0,True,0.0,0.0
Citrus,16,a_006,0.5,,,0.0,True,0.0,0.0
Citrus,16,a_012,0.5,,,0.0,True,0.0,0.0
Citrus,16,a_2a,0.5,,,0.0,True,0.0,0.0
Citrus,16,a_2b,0.5,,,0.0,True,0.0,0.0
Citrus,16,a_5a,0.5,,,0.0,True,0.0,0.0
Citrus,17,a_004,0.156851502260716,,,3.10862446895044e-15,True,7.99360577730113e-15,2.4980018054066e-16
Citrus,17,a_007,0.534808907483302,,,9.99200722162641e-16,True,7.99360577730113e-15,2.4980018054066e-16
Citrus,17,a_009,0.862232051014071,,,4.88498130835069e-15,True,7.99360577730113e-15,2.4980018054066e-16
Citrus,17,a_011,0.327995843142792,,,9.43689570931383e-16,True,7.99360577730113e-15,2.4980018054066e-16
Citrus,17,a_2a,0.105287236788236,,,2.22044604925031e-15,True,7.99360577730113e-15,2.4980018054066e-16
Citrus,17,a_4a,0.530840229646231,,,1.11022302462516e-15,True,7.99360577730113e-15,2.4980018054066e-16
Citrus,18,a_003,0.40554887623151,,,5.55111512312578e-16,True,3.99680288865056e-15,2.22044604925031e-16
Citrus,18,a_004,0.285455472718392,,,1.88737914186277e-15,True,3.99680288865056e-15,2.22044604925031e-16
Citrus,18,a_005,0.691853671427319,,,1.99840144432528e-15,True,3.99680288865056e-15,2.22044604925031e-16
Citrus,18,a_1a,0.557129183301065,,,9.99200722162641e-16,True,3.99680288865056e-15,2.22044604925031e-16
Citrus,18,a_3a,0.532223210861876,,,1.19348975147204e-15,True,3.99680288865056e-15,2.22044604925031e-16
Citrus,18,a_4a,0.477308300584286,,,9.36750677027476e-16,True,3.99680288865056e-15,2.22044604925031e-16
Citrus,19,a_003,0.5,,,0.0,True,0.0,0.0
Citrus,19,a_005,0.5,,,0.0,True,0.0,0.0
Citrus,19,a_006,0.5,,,0.0,True,0.0,0.0
Citrus,19,a_2a,0.5,,,0.0,True,0.0,0.0
Citrus,19,a_2b,0.5,,,0.0,True,0.0,0.0
Citrus,19,a_4b,0.5,,,0.0,True,0.0,0.0
Citrus,20,a_002,0.797807469151362,,,1.21014309684142e-14,True,3.19744231092045e-14,8.88178419700125e-16
Citrus,20,a_003,0.933088738351805,,,1.19904086659517e-14,True,3.19744231092045e-14,8.88178419700125e-16
Citrus,20,a_009,0.993331183831423,,,1.95399252334028e-14,True,3.19744231092045e-14,8.88178419700125e-16
Citrus,20,a_011,0.757556729544203,,,4.55191440096314e-15,True,3.19744231092045e-14,8.88178419700125e-16
Citrus,20,a_012,0.754796630875052,,,6.32827124036339e-15,True,3.19744231092045e-14,8.88178419700125e-16
Citrus,20,a_2b,0.004008414317854,,,1.4210854715202e-14,True,3.19744231092045e-14,8.88178419700125e-16
Citrus,21,a_006,0.586049154105355,,,1.11022302462516e-16,True,2.55351295663786e-15,4.44089209850063e-16
Citrus,21,a_009,0.689343834417019,,,1.22124532708767e-15,True,2.55351295663786e-15,4.44089209850063e-16
Citrus,21,a_010,0.545738232031247,,,4.44089209850063e-16,True,2.55351295663786e-15,4.44089209850063e-16
Citrus,21,a_012,0.279981060957842,,,3.33066907387547e-16,True,2.55351295663786e-15,4.44089209850063e-16
Citrus,21,a_3a,0.357594892664476,,,7.7715611723761e-16,True,2.55351295663786e-15,4.44089209850063e-16
Citrus,21,a_5a,0.556943971383818,,,1.36002320516582e-15,True,2.55351295663786e-15,4.44089209850063e-16
Citrus,22,a_004,0.192686417569801,,,2.1094237467878e-15,True,3.5527136788005e-15,9.99200722162641e-16
Citrus,22,a_005,0.634322752653149,,,6.66133814775094e-16,True,3.5527136788005e-15,9.99200722162641e-16
Citrus,22,a_010,0.557625124414461,,,2.22044604925031e-15,True,3.5527136788005e-15,9.99200722162641e-16
Citrus,22,a_2a,0.199484628284019,,,8.88178419700125e-16,True,3.5527136788005e-15,9.99200722162641e-16
Citrus,22,a_3b,0.221195764600112,,,1.33226762955019e-15,True,3.5527136788005e-15,9.99200722162641e-16
Citrus,22,a_4a,0.508171575452726,,,1.22124532708767e-15,True,3.5527136788005e-15,9.99200722162641e-16
Citrus,23,a_007,0.690433794935651,,,1.33226762955019e-15,True,3.37507799486048e-14,8.88178419700125e-16
Citrus,23,a_009,0.973242956627831,,,8.88178419700125e-15,True,3.37507799486048e-14,8.88178419700125e-16
Citrus,23,a_010,0.103364760453344,,,8.21565038222616e-15,True,3.37507799486048e-14,8.88178419700125e-16
Citrus,23,a_011,0.098842104061432,,,7.32747196252603e-15,True,3.37507799486048e-14,8.88178419700125e-16
Citrus,23,a_2a,0.019303167242269,,,2.39808173319034e-14,True,3.37507799486048e-14,8.88178419700125e-16
Citrus,23,a_5b,0.751405828238134,,,4.21884749357559e-15,True,3.37507799486048e-14,8.88178419700125e-16
Citrus,24,a_003,0.5,,,0.0,True,0.0,0.0
Citrus,24,a_004,0.5,,,0.0,True,0.0,0.0
Citrus,24,a_2a,0.5,,,0.0,True,0.0,0.0
Citrus,24,a_3a,0.5,,,0.0,True,0.0,0.0
Citrus,24,a_4a,0.5,,,0.0,True,0.0,0.0
Citrus,24,a_5b,0.5,,,0.0,True,0.0,0.0
Citrus,25,a_007,0.334365831044669,,,1.77635683940025e-15,True,2.66453525910038e-15,8.88178419700125e-16
Citrus,25,a_011,0.317785053920181,,,0.0,True,2.66453525910038e-15,8.88178419700125e-16
Citrus,25,a_1a,0.286905811257355,,,9.99200722162641e-16,True,2.66453525910038e-15,8.88178419700125e-16
Citrus,25,a_2b,0.607213309194878,,,6.66133814775094e-16,True,2.66453525910038e-15,8.88178419700125e-16
Citrus,25,a_3b,0.186991699383649,,,1.11022302462516e-16,True,2.66453525910038e-15,8.88178419700125e-16
Citrus,25,a_4b,0.563015162559215,,,8.88178419700125e-16,True,2.66453525910038e-15,8.88178419700125e-16
Citrus,26,a_003,0.533469148978577,,,9.71445146547012e-16,True,2.55351295663786e-15,2.77555756156289e-17
Citrus,26,a_004,0.477986899158448,,,1.17961196366423e-16,True,2.55351295663786e-15,2.77555756156289e-17
Citrus,26,a_007,0.470878799364134,,,1.12410081243297e-15,True,2.55351295663786e-15,2.77555756156289e-17
Citrus,26,a_010,0.457424221457525,,,6.66133814775094e-16,True,2.55351295663786e-15,2.77555756156289e-17
Citrus,26,a_3b,0.465068518413703,,,1.38777878078145e-16,True,2.55351295663786e-15,2.77555756156289e-17
Citrus,26,a_4a,0.542817542739164,,,1.47104550762833e-15,True,2.55351295663786e-15,2.77555756156289e-17
Citrus,27,a_001,0.5,,,0.0,True,0.0,0.0
Citrus,27,a_006,0.5,,,0.0,True,0.0,0.0
Citrus,27,a_011,0.5,,,0.0,True,0.0,0.0
Citrus,27,a_2b,0.5,,,0.0,True,0.0,0.0
Citrus,27,a_3a,0.5,,,0.0,True,0.0,0.0
Citrus,27,a_5b,0.5,,,0.0,True,0.0,0.0
Citrus,28,a_003,0.438672494432248,,,9.99200722162641e-16,True,2.77555756156289e-15,1.11022302462516e-16
Citrus,28,a_004,0.396546786373861,,,1.22124532708767e-15,True,2.77555756156289e-15,1.11022302462516e-16
Citrus,28,a_3a,0.486925468542535,,,5.82867087928207e-16,True,2.77555756156289e-15,1.11022302462516e-16
Citrus,28,a_3b,0.486178926928052,,,5.27355936696949e-16,True,2.77555756156289e-15,1.11022302462516e-16
Citrus,28,a_4b,0.448260088255735,,,6.66133814775094e-16,True,2.77555756156289e-15,1.11022302462516e-16
Citrus,28,a_5b,0.530216387911339,,,1.66533453693773e-15,True,2.77555756156289e-15,1.11022302462516e-16
Citrus,29,a_004,0.421803801345185,,,5.55111512312578e-17,True,3.81639164714898e-15,2.22044604925031e-16
Citrus,29,a_009,0.588818793290318,,,9.99200722162641e-16,True,3.81639164714898e-15,2.22044604925031e-16
Citrus,29,a_012,0.475448955219034,,,1.88737914186277e-15,True,3.81639164714898e-15,2.22044604925031e-16
Citrus,29,a_2b,0.518439745790682,,,1.70696790036118e-15,True,3.81639164714898e-15,2.22044604925031e-16
Citrus,29,a_3b,0.492944025008539,,,1.94289029309402e-15,True,3.81639164714898e-15,2.22044604925031e-16
Citrus,29,a_5b,0.556858817692183,,,4.9960036108132e-16,True,3.81639164714898e-15,2.22044604925031e-16
Citrus,30,a_004,0.085820695364436,,,3.44169137633799e-15,True,9.76996261670138e-15,4.44089209850063e-16
Citrus,30,a_005,0.722061265616768,,,5.77315972805081e-15,True,9.76996261670138e-15,4.44089209850063e-16
Citrus,30,a_007,0.235743698850886,,,1.77635683940025e-15,True,9.76996261670138e-15,4.44089209850063e-16
Citrus,30,a_1a,0.298131949121107,,,2.88657986402541e-15,True,9.76996261670138e-15,4.44089209850063e-16
Citrus,30,a_2b,0.055255959440373,,,2.88657986402541e-15,True,9.76996261670138e-15,4.44089209850063e-16
Citrus,30,a_3a,0.093643520195335,,,1.33226762955019e-15,True,9.76996261670138e-15,4.44089209850063e-16
Citrus,31,a_001,0.467311996779086,,,5.55111512312578e-17,True,2.44249065417534e-15,2.22044604925031e-16
Citrus,31,a_003,0.599868384642587,,,1.33226762955019e-15,True,2.44249065417534e-15,2.22044604925031e-16
Citrus,31,a_004,0.51977491641276,,,3.60822483003176e-16,True,2.44249065417534e-15,2.22044604925031e-16
Citrus,31,a_007,0.440151905428656,,,8.60422844084496e-16,True,2.44249065417534e-15,2.22044604925031e-16
Citrus,31,a_010,0.465796492737545,,,1.11022302462516e-15,True,2.44249065417534e-15,2.22044604925031e-16
Citrus,31,a_1a,0.365609654239308,,,1.33226762955019e-15,True,2.44249065417534e-15,2.22044604925031e-16
Citrus,32,a_003,0.680683908169463,,,4.66293670342566e-15,True,1.50990331349021e-14,4.44089209850063e-16
Citrus,32,a_009,0.924192733905062,,,1.02140518265514e-14,True,1.50990331349021e-14,4.44089209850063e-16
Citrus,32,a_011,0.29230551427518,,,3.10862446895044e-15,True,1.50990331349021e-14,4.44089209850063e-16
Citrus,32,a_012,0.485300234983768,,,2.27595720048157e-15,True,1.50990331349021e-14,4.44089209850063e-16
Citrus,32,a_3a,0.398795901930181,,,2.22044604925031e-16,True,1.50990331349021e-14,4.44089209850063e-16
Citrus,32,a_4a,0.572212757761415,,,1.0547118733939e-15,True,1.50990331349021e-14,4.44089209850063e-16
Citrus,33,a_007,0.412559817331474,,,1.11022302462516e-16,True,5.77315972805081e-15,8.88178419700125e-16
Citrus,33,a_009,0.775604832352577,,,2.88657986402541e-15,True,5.77315972805081e-15,8.88178419700125e-16
Citrus,33,a_011,0.368481526180274,,,2.94209101525666e-15,True,5.77315972805081e-15,8.88178419700125e-16
Citrus,33,a_2b,0.303151660009795,,,8.32667268468867e-16,True,5.77315972805081e-15,8.88178419700125e-16
Citrus,33,a_3a,0.377610490641298,,,1.11022302462516e-16,True,5.77315972805081e-15,8.88178419700125e-16
Citrus,33,a_4b,0.182390883735998,,,4.44089209850063e-16,True,5.77315972805081e-15,8.88178419700125e-16
Citrus,34,a_005,0.516256662508468,,,2.91433543964104e-16,True,4.32986979603811e-15,2.77555756156289e-17
Citrus,34,a_009,0.516693553620992,,,8.74300631892311e-16,True,4.32986979603811e-15,2.77555756156289e-17
Citrus,34,a_010,0.526733659671173,,,1.1518563880486e-15,True,4.32986979603811e-15,2.77555756156289e-17
Citrus,34,a_011,0.513197766217141,,,2.74086309204336e-15,True,4.32986979603811e-15,2.77555756156289e-17
Citrus,34,a_2a,0.475170431315172,,,1.60982338570648e-15,True,4.32986979603811e-15,2.77555756156289e-17
Citrus,34,a_5a,0.499642486749645,,,1.1518563880486e-15,True,4.32986979603811e-15,2.77555756156289e-17
Citrus,35,a_004,0.134214865592081,,,1.11022302462516e-15,True,3.5527136788005e-15,8.88178419700125e-16
Citrus,35,a_009,0.825166597926584,,,2.44249065417534e-15,True,3.5527136788005e-15,8.88178419700125e-16
Citrus,35,a_012,0.411151067977619,,,9.99200722162641e-16,True,3.5527136788005e-15,8.88178419700125e-16
Citrus,35,a_2b,0.287390670003357,,,6.66133814775094e-16,True,3.5527136788005e-15,8.88178419700125e-16
Citrus,35,a_3a,0.413095317368359,,,6.66133814775094e-16,True,3.5527136788005e-15,8.88178419700125e-16
Citrus,35,a_5b,0.773404346281378,,,1.99840144432528e-15,True,3.5527136788005e-15,8.88178419700125e-16
Citrus,36,a_003,0.503779826840675,,,6.5746019739521e-16,True,2.2065682614425e-15,5.55111512312578e-17
Citrus,36,a_009,0.587509696918365,,,2.22044604925031e-16,True,2.2065682614425e-15,5.55111512312578e-17
Citrus,36,a_011,0.467839816760458,,,2.22044604925031e-16,True,2.2065682614425e-15,5.55111512312578e-17
Citrus,36,a_3a,0.465577391257728,,,7.21644966006352e-16,True,2.2065682614425e-15,5.55111512312578e-17
Citrus,36,a_4b,0.475309149737102,,,1.47104550762833e-15,True,2.2065682614425e-15,5.55111512312578e-17
Citrus,36,a_5b,0.541420156340042,,,1.66533453693773e-16,True,2.2065682614425e-15,5.55111512312578e-17
Citrus,37,a_004,0.463804489355784,,,1.92901250528621e-15,True,3.87190279838023e-15,2.77555756156289e-17
Citrus,37,a_007,0.545762290997416,,,3.33066907387547e-16,True,3.87190279838023e-15,2.77555756156289e-17
Citrus,37,a_011,0.482393730738987,,,1.94289029309402e-15,True,3.87190279838023e-15,2.77555756156289e-17
Citrus,37,a_2a,0.46702336182192,,,1.87350135405495e-15,True,3.87190279838023e-15,2.77555756156289e-17
Citrus,37,a_2b,0.474151720370315,,,5.27355936696949e-16,True,3.87190279838023e-15,2.77555756156289e-17
Citrus,37,a_4a,0.46612759299486,,,1.81799020282369e-15,True,3.87190279838023e-15,2.77555756156289e-17
Citrus,38,a_002,0.5,,,0.0,True,0.0,0.0
Citrus,38,a_004,0.5,,,0.0,True,0.0,0.0
Citrus,38,a_006,0.5,,,0.0,True,0.0,0.0
Citrus,38,a_011,0.5,,,0.0,True,0.0,0.0
Citrus,38,a_3a,0.5,,,0.0,True,0.0,0.0
Citrus,38,a_5b,0.5,,,0.0,True,0.0,0.0
Citrus,39,a_001,0.698813244995936,,,3.33066907387547e-16,True,7.99360577730113e-15,4.44089209850063e-16
Citrus,39,a_009,0.821887181446216,,,4.21884749357559e-15,True,7.99360577730113e-15,4.44089209850063e-16
Citrus,39,a_1a,0.500200287287936,,,8.32667268468867e-17,True,7.99360577730113e-15,4.44089209850063e-16
Citrus,39,a_2b,0.284202983593548,,,3.5527136788005e-15,True,7.99360577730113e-15,4.44089209850063e-16
Citrus,39,a_3a,0.332930255256764,,,3.5527136788005e-15,True,7.99360577730113e-15,4.44089209850063e-16
Citrus,39,a_4a,0.565481028166013,,,2.02615701994091e-15,True,7.99360577730113e-15,4.44089209850063e-16
Citrus,40,a_001,0.438459736297652,,,5.55111512312578e-17,True,3.66373598126302e-15,1.38777878078145e-17
Citrus,40,a_003,0.561677824215927,,,5.55111512312578e-17,True,3.66373598126302e-15,1.38777878078145e-17
Citrus,40,a_005,0.575259101997901,,,1.77635683940025e-15,True,3.66373598126302e-15,1.38777878078145e-17
Citrus,40,a_006,0.43773698634127,,,1.88737914186277e-15,True,3.66373598126302e-15,1.38777878078145e-17
Citrus,40,a_2a,0.37609605323451,,,0.0,True,3.66373598126302e-15,1.38777878078145e-17
Citrus,40,a_3b,0.423495201695496,,,5.55111512312578e-17,True,3.66373598126302e-15,1.38777878078145e-17
Citrus,41,a_001,0.621138709371352,,,1.33226762955019e-15,True,4.21884749357559e-15,4.44089209850063e-16
Citrus,41,a_006,0.406422692949053,,,1.83186799063151e-15,True,4.21884749357559e-15,4.44089209850063e-16
Citrus,41,a_009,0.696228868496889,,,2.44249065417534e-15,True,4.21884749357559e-15,4.44089209850063e-16
Citrus,41,a_2b,0.33423684543056,,,1.11022302462516e-15,True,4.21884749357559e-15,4.44089209850063e-16
Citrus,41,a_3a,0.446762506218169,,,2.77555756156289e-17,True,4.21884749357559e-15,4.44089209850063e-16
Citrus,41,a_4a,0.479865851418492,,,1.80411241501588e-16,True,4.21884749357559e-15,4.44089209850063e-16
Citrus,42,a_009,0.968917717242718,,,9.76996261670138e-15,True,1.86517468137026e-14,1.77635683940025e-15
Citrus,42,a_012,0.043190302779041,,,7.105427357601e-15,True,1.86517468137026e-14,1.77635683940025e-15
Citrus,42,a_1a,0.311900137286623,,,2.33146835171283e-15,True,1.86517468137026e-14,1.77635683940025e-15
Citrus,42,a_2a,0.083177123768872,,,7.99360577730113e-15,True,1.86517468137026e-14,1.77635683940025e-15
Citrus,42,a_2b,0.184290252448878,,,1.22124532708767e-15,True,1.86517468137026e-14,1.77635683940025e-15
Citrus,42,a_4b,0.377126694581742,,,7.21644966006352e-15,True,1.86517468137026e-14,1.77635683940025e-15
Citrus,43,a_006,0.517298580533212,,,1.33226762955019e-15,True,3.15025783237388e-15,1.11022302462516e-16
Citrus,43,a_007,0.515350753066359,,,2.77555756156289e-17,True,3.15025783237388e-15,1.11022302462516e-16
Citrus,43,a_011,0.519245433720801,,,1.38777878078145e-16,True,3.15025783237388e-15,1.11022302462516e-16
Citrus,43,a_1a,0.457642795467893,,,1.73472347597681e-15,True,3.15025783237388e-15,1.11022302462516e-16
Citrus,43,a_2b,0.341222151967078,,,9.99200722162641e-16,True,3.15025783237388e-15,1.11022302462516e-16
Citrus,43,a_5b,0.431192936731395,,,1.41553435639707e-15,True,3.15025783237388e-15,1.11022302462516e-16
Citrus,44,a_002,0.595424991971488,,,9.43689570931383e-16,True,1.72084568816899e-15,1.11022302462516e-16
Citrus,44,a_006,0.452841435712612,,,2.77555756156289e-16,True,1.72084568816899e-15,1.11022302462516e-16
Citrus,44,a_010,0.461985713335582,,,3.33066907387547e-16,True,1.72084568816899e-15,1.11022302462516e-16
Citrus,44,a_1a,0.601147516083514,,,1.66533453693773e-16,True,1.72084568816899e-15,1.11022302462516e-16
Citrus,44,a_3a,0.487672703735011,,,8.04911692853238e-16,True,1.72084568816899e-15,1.11022302462516e-16
Citrus,44,a_5a,0.473242394887561,,,5.55111512312578e-16,True,1.72084568816899e-15,1.11022302462516e-16
Citrus,45,a_003,0.51165879096079,,,6.66133814775094e-16,True,1.24344978758018e-14,8.88178419700125e-16
Citrus,45,a_005,0.974844529918674,,,6.21724893790088e-15,True,1.24344978758018e-14,8.88178419700125e-16
Citrus,45,a_009,0.890394147994678,,,6.21724893790088e-15,True,1.24344978758018e-14,8.88178419700125e-16
Citrus,45,a_3a,0.464710643570813,,,1.11022302462516e-15,True,1.24344978758018e-14,8.88178419700125e-16
Citrus,45,a_3b,0.272470140797234,,,4.44089209850063e-16,True,1.24344978758018e-14,8.88178419700125e-16
Citrus,45,a_5b,0.784234054641398,,,2.1094237467878e-15,True,1.24344978758018e-14,8.88178419700125e-16
Citrus,46,a_001,0.441663359650168,,,1.4432899320127e-15,True,3.5527136788005e-15,1.11022302462516e-16
Citrus,46,a_003,0.785393612009042,,,1.99840144432528e-15,True,3.5527136788005e-15,1.11022302462516e-16
Citrus,46,a_010,0.416724423125588,,,5.55111512312578e-16,True,3.5527136788005e-15,1.11022302462516e-16
Citrus,46,a_011,0.675980212578126,,,2.22044604925031e-16,True,3.5527136788005e-15,1.11022302462516e-16
Citrus,46,a_012,0.679500257378685,,,5.55111512312578e-16,True,3.5527136788005e-15,1.11022302462516e-16
Citrus,46,a_3a,0.346758945996685,,,5.55111512312578e-16,True,3.5527136788005e-15,1.11022302462516e-16
Citrus,47,a_003,0.502225609747532,,,2.70616862252382e-15,True,3.99680288865056e-15,2.22044604925031e-16
Citrus,47,a_009,0.544805600523472,,,1.0547118733939e-15,True,3.99680288865056e-15,2.22044604925031e-16
Citrus,47,a_1a,0.726804098999136,,,4.44089209850063e-16,True,3.99680288865056e-15,2.22044604925031e-16
Citrus,47,a_2b,0.200974561252839,,,4.44089209850063e-16,True,3.99680288865056e-15,2.22044604925031e-16
Citrus,47,a_4b,0.563703604383202,,,1.30451205393456e-15,True,3.99680288865056e-15,2.22044604925031e-16
Citrus,47,a_5a,0.547710993480754,,,6.93889390390723e-16,True,3.99680288865056e-15,2.22044604925031e-16
Citrus,48,a_001,0.362832067075902,,,3.1641356201817e-15,True,2.04281036531029e-14,8.88178419700125e-16
Citrus,48,a_002,0.904947702332306,,,8.88178419700125e-15,True,2.04281036531029e-14,8.88178419700125e-16
Citrus,48,a_004,0.033605584298435,,,1.19904086659517e-14,True,2.04281036531029e-14,8.88178419700125e-16
Citrus,48,a_010,0.211372635197678,,,1.77635683940025e-15,True,2.04281036531029e-14,8.88178419700125e-16
Citrus,48,a_1a,0.858372712888849,,,3.5527136788005e-15,True,2.04281036531029e-14,8.88178419700125e-16
Citrus,48,a_3b,0.419333572348568,,,1.11022302462516e-15,True,2.04281036531029e-14,8.88178419700125e-16
Citrus,49,a_001,0.434197735446539,,,3.88578058618805e-16,True,3.60822483003176e-15,2.22044604925031e-16
Citrus,49,a_003,0.574424103514998,,,1.11022302462516e-16,True,3.60822483003176e-15,2.22044604925031e-16
Citrus,49,a_004,0.366955051670325,,,1.88737914186277e-15,True,3.60822483003176e-15,2.22044604925031e-16
Citrus,49,a_009,0.588029078343289,,,5.55111512312578e-16,True,3.60822483003176e-15,2.22044604925031e-16
Citrus,49,a_1a,0.38634130712892,,,1.77635683940025e-15,True,3.60822483003176e-15,2.22044604925031e-16
Citrus,49,a_4a,0.611321177232876,,,1.38777878078145e-15,True,3.60822483003176e-15,2.22044604925031e-16
Citrus,50,a_001,0.396928024623118,,,2.27595720048157e-15,True,4.16333634234434e-15,2.22044604925031e-16
Citrus,50,a_003,0.494488062958205,,,4.16333634234434e-16,True,4.16333634234434e-15,2.22044604925031e-16
Citrus,50,a_006,0.358015239456108,,,6.66133814775094e-16,True,4.16333634234434e-15,2.22044604925031e-16
Citrus,50,a_3a,0.444983091242781,,,1.94289029309402e-16,True,4.16333634234434e-15,2.22044604925031e-16
Citrus,50,a_3b,0.49592768733574,,,1.90125692967058e-15,True,4.16333634234434e-15,2.22044604925031e-16
Citrus,50,a_4a,0.609824172870815,,,6.66133814775094e-16,True,4.16333634234434e-15,2.22044604925031e-16
Citrus,51,a_004,0.116988351477616,,,5.10702591327572e-15,True,1.06581410364015e-14,4.44089209850063e-16
Citrus,51,a_1a,0.902196993784179,,,8.88178419700125e-16,True,1.06581410364015e-14,4.44089209850063e-16
Citrus,51,a_2a,0.078157281218309,,,4.88498130835069e-15,True,1.06581410364015e-14,4.44089209850063e-16
Citrus,51,a_3b,0.438855612244921,,,2.96984659087229e-15,True,1.06581410364015e-14,4.44089209850063e-16
Citrus,51,a_4a,0.741248562406447,,,5.55111512312578e-15,True,1.06581410364015e-14,4.44089209850063e-16
Citrus,51,a_5a,0.582873936489205,,,8.88178419700125e-16,True,1.06581410364015e-14,4.44089209850063e-16
Citrus,52,a_001,0.504640926954477,,,2.08166817117217e-15,True,2.81025203108243e-15,2.77555756156289e-17
Citrus,52,a_010,0.47040697843429,,,2.22044604925031e-16,True,2.81025203108243e-15,2.77555756156289e-17
Citrus,52,a_011,0.490680813588806,,,7.21644966006352e-16,True,2.81025203108243e-15,2.77555756156289e-17
Citrus,52,a_3a,0.452744846944243,,,3.88578058618805e-16,True,2.81025203108243e-15,2.77555756156289e-17
Citrus,52,a_3b,0.443955410264432,,,3.19189119579733e-16,True,2.81025203108243e-15,2.77555756156289e-17
Citrus,52,a_4a,0.478001829988135,,,4.57966997657877e-16,True,2.81025203108243e-15,2.77555756156289e-17
Citrus,53,a_003,0.5,,,0.0,True,0.0,0.0
Citrus,53,a_011,0.5,,,0.0,True,0.0,0.0
Citrus,53,a_012,0.5,,,0.0,True,0.0,0.0
Citrus,53,a_3a,0.5,,,0.0,True,0.0,0.0
Citrus,53,a_3b,0.5,,,0.0,True,0.0,0.0
Citrus,53,a_5b,0.5,,,0.0,True,0.0,0.0
Citrus,54,a_004,0.354852891973113,,,2.94209101525666e-15,True,7.2025718722557e-15,5.55111512312578e-17
Citrus,54,a_007,0.46224434700849,,,4.24660306919122e-15,True,7.2025718722557e-15,5.55111512312578e-17
Citrus,54,a_011,0.473273201195547,,,2.95596880306448e-15,True,7.2025718722557e-15,5.55111512312578e-17
Citrus,54,a_012,0.471475844794601,,,1.45716771982052e-15,True,7.2025718722557e-15,5.55111512312578e-17
Citrus,54,a_1a,0.528092826009919,,,2.55351295663786e-15,True,7.2025718722557e-15,5.55111512312578e-17
Citrus,54,a_3b,0.500226937421678,,,3.60822483003176e-16,True,7.2025718722557e-15,5.55111512312578e-17
Citrus,55,a_003,0.5,,,0.0,True,0.0,0.0
Citrus,55,a_005,0.5,,,0.0,True,0.0,0.0
Citrus,55,a_010,0.5,,,0.0,True,0.0,0.0
Citrus,55,a_1a,0.5,,,0.0,True,0.0,0.0
Citrus,55,a_2b,0.5,,,0.0,True,0.0,0.0
Citrus,55,a_4b,0.5,,,0.0,True,0.0,0.0
Citrus,56,a_004,0.470278381615956,,,1.66533453693773e-15,True,4.66293670342566e-15,2.22044604925031e-16
Citrus,56,a_010,0.482717843856098,,,1.41553435639707e-15,True,4.66293670342566e-15,2.22044604925031e-16
Citrus,56,a_012,0.382113089185242,,,2.1094237467878e-15,True,4.66293670342566e-15,2.22044604925031e-16
Citrus,56,a_1a,0.638000054899842,,,8.88178419700125e-16,True,4.66293670342566e-15,2.22044604925031e-16
Citrus,56,a_3a,0.560338324315401,,,2.52575738102223e-15,True,4.66293670342566e-15,2.22044604925031e-16
Citrus,56,a_5b,0.538737624231457,,,4.44089209850063e-16,True,4.66293670342566e-15,2.22044604925031e-16
Citrus,57,a_001,0.445687903678579,,,1.0547118733939e-15,True,2.88657986402541e-15,2.77555756156289e-17
Citrus,57,a_003,0.521504954324337,,,1.33226762955019e-15,True,2.88657986402541e-15,2.77555756156289e-17
Citrus,57,a_2b,0.347581048198017,,,7.7715611723761e-16,True,2.88657986402541e-15,2.77555756156289e-17
Citrus,57,a_3a,0.378117183218863,,,1.52655665885959e-15,True,2.88657986402541e-15,2.77555756156289e-17
Citrus,57,a_3b,0.415840546236479,,,5.55111512312578e-16,True,2.88657986402541e-15,2.77555756156289e-17
Citrus,57,a_4a,0.503803853899787,,,7.21644966006352e-16,True,2.88657986402541e-15,2.77555756156289e-17
Citrus,58,a_002,0.966210284440527,,,0.0,True,6.12843109593086e-14,1.77635683940025e-15
Citrus,58,a_004,0.000758980600093,,,4.61852778244065e-14,True,6.12843109593086e-14,1.77635683940025e-15
Citrus,58,a_010,0.045100192715568,,,1.02140518265514e-14,True,6.12843109593086e-14,1.77635683940025e-15
Citrus,58,a_2b,0.130858158245004,,,1.22124532708767e-14,True,6.12843109593086e-14,1.77635683940025e-15
Citrus,58,a_3a,0.034621613849108,,,9.10382880192628e-15,True,6.12843109593086e-14,1.77635683940025e-15
Citrus,58,a_4b,0.240520375367487,,,1.53210777398272e-14,True,6.12843109593086e-14,1.77635683940025e-15
Citrus,59,a_003,0.5,,,0.0,True,0.0,0.0
Citrus,59,a_004,0.5,,,0.0,True,0.0,0.0
Citrus,59,a_012,0.5,,,0.0,True,0.0,0.0
Citrus,59,a_2a,0.5,,,0.0,True,0.0,0.0
Citrus,59,a_3a,0.5,,,0.0,True,0.0,0.0
Citrus,59,a_4b,0.5,,,0.0,True,0.0,0.0
Citrus,60,a_002,0.943564022437514,,,5.32907051820075e-15,True,9.32587340685131e-15,8.88178419700125e-16
Citrus,60,a_009,0.909152093760779,,,3.99680288865056e-15,True,9.32587340685131e-15,8.88178419700125e-16
Citrus,60,a_011,0.350999385535203,,,3.10862446895044e-15,True,9.32587340685131e-15,8.88178419700125e-16
Citrus,60,a_1a,0.749513385089533,,,2.1094237467878e-15,True,9.32587340685131e-15,8.88178419700125e-16
Citrus,60,a_2a,0.299034951885686,,,2.22044604925031e-15,True,9.32587340685131e-15,8.88178419700125e-16
Citrus,60,a_5a,0.75067916094128,,,9.99200722162641e-16,True,9.32587340685131e-15,8.88178419700125e-16
Citrus,61,a_003,0.123297841152618,,,4.80504525057768e-13,True,3.00381941542582e-12,9.99200722162641e-16
Citrus,61,a_009,0.999857083838225,,,2.46913600676635e-12,True,3.00381941542582e-12,9.99200722162641e-16
Citrus,61,a_010,0.034349782351967,,,4.78728168218368e-13,True,3.00381941542582e-12,9.99200722162641e-16
Citrus,61,a_3a,0.009107432416357,,,5.34683408659475e-13,True,3.00381941542582e-12,9.99200722162641e-16
Citrus,61,a_4b,0.206400608334177,,,4.86499729390744e-13,True,3.00381941542582e-12,9.99200722162641e-16
Citrus,61,a_5a,0.232312520971862,,,4.87387907810444e-13,True,3.00381941542582e-12,9.99200722162641e-16
Citrus,62,a_002,0.563570998375301,,,8.88178419700125e-16,True,3.5527136788005e-15,5.55111512312578e-17
Citrus,62,a_009,0.52944444975103,,,2.3037127760972e-15,True,3.5527136788005e-15,5.55111512312578e-17
Citrus,62,a_011,0.541371486250578,,,1.2490009027033e-15,True,3.5527136788005e-15,5.55111512312578e-17
Citrus,62,a_1a,0.443364733608255,,,1.11022302462516e-16,True,3.5527136788005e-15,5.55111512312578e-17
Citrus,62,a_2a,0.489667285260429,,,7.35522753814166e-16,True,3.5527136788005e-15,5.55111512312578e-17
Citrus,62,a_4a,0.51168294907326,,,2.35922392732846e-16,True,3.5527136788005e-15,5.55111512312578e-17
Citrus,63,a_011,0.404021364869911,,,1.11022302462516e-16,True,2.27595720048157e-15,2.22044604925031e-16
Citrus,63,a_2b,0.427538486964912,,,4.9960036108132e-16,True,2.27595720048157e-15,2.22044604925031e-16
Citrus,63,a_3a,0.42787288057935,,,6.10622663543836e-16,True,2.27595720048157e-15,2.22044604925031e-16
Citrus,63,a_3b,0.479831049425668,,,1.60982338570648e-15,True,2.27595720048157e-15,2.22044604925031e-16
Citrus,63,a_4a,0.495520286037704,,,8.04911692853238e-16,True,2.27595720048157e-15,2.22044604925031e-16
Citrus,63,a_4b,0.371190438357402,,,6.66133814775094e-16,True,2.27595720048157e-15,2.22044604925031e-16
Citrus,64,a_003,0.913388745695254,,,1.33226762955019e-15,True,1.15463194561016e-14,1.77635683940025e-15
Citrus,64,a_009,0.973270165010624,,,5.32907051820075e-15,True,1.15463194561016e-14,1.77635683940025e-15
Citrus,64,a_011,0.655008468114955,,,2.94209101525666e-15,True,1.15463194561016e-14,1.77635683940025e-15
Citrus,64,a_012,0.166849122081671,,,2.88657986402541e-15,True,1.15463194561016e-14,1.77635683940025e-15
Citrus,64,a_3a,0.037072858388561,,,6.66133814775094e-15,True,1.15463194561016e-14,1.77635683940025e-15
Citrus,64,a_5a,0.446225017218971,,,1.22124532708767e-15,True,1.15463194561016e-14,1.77635683940025e-15
Citrus,65,a_004,0.339657164202601,,,1.72084568816899e-15,True,3.88578058618805e-15,1.11022302462516e-16
Citrus,65,a_009,0.608188770541605,,,2.22044604925031e-15,True,3.88578058618805e-15,1.11022302462516e-16
Citrus,65,a_2b,0.344446283108059,,,5.55111512312578e-17,True,3.88578058618805e-15,1.11022302462516e-16
Citrus,65,a_3b,0.346321032207758,,,2.77555756156289e-16,True,3.88578058618805e-15,1.11022302462516e-16
Citrus,65,a_4a,0.406953762969467,,,1.60982338570648e-15,True,3.88578058618805e-15,1.11022302462516e-16
Citrus,65,a_5b,0.480669745834913,,,8.88178419700125e-16,True,3.88578058618805e-15,1.11022302462516e-16
Citrus,66,a_006,0.372936719062083,,,3.21964677141295e-15,True,7.105427357601e-15,4.44089209850063e-16
Citrus,66,a_007,0.687157011255539,,,2.22044604925031e-15,True,7.105427357601e-15,4.44089209850063e-16
Citrus,66,a_012,0.540941714175548,,,2.44249065417534e-15,True,7.105427357601e-15,4.44089209850063e-16
Citrus,66,a_1a,0.804637774449556,,,3.99680288865056e-15,True,7.105427357601e-15,4.44089209850063e-16
Citrus,66,a_2a,0.534971820009595,,,1.94289029309402e-16,True,7.105427357601e-15,4.44089209850063e-16
Citrus,66,a_3a,0.55657347802495,,,3.88578058618805e-16,True,7.105427357601e-15,4.44089209850063e-16
Citrus,67,a_009,0.765695992844982,,,1.11022302462516e-15,True,4.44089209850063e-15,8.88178419700125e-16
Citrus,67,a_011,0.279467439397834,,,2.44249065417534e-15,True,4.44089209850063e-15,8.88178419700125e-16
Citrus,67,a_3a,0.479397284739703,,,2.4980018054066e-16,True,4.44089209850063e-15,8.88178419700125e-16
Citrus,67,a_3b,0.359370812723276,,,2.1094237467878e-15,True,4.44089209850063e-15,8.88178419700125e-16
Citrus,67,a_4b,0.271955726070584,,,7.7715611723761e-16,True,4.44089209850063e-15,8.88178419700125e-16
Citrus,67,a_5a,0.578795132579537,,,2.1094237467878e-15,True,4.44089209850063e-15,8.88178419700125e-16
Citrus,68,a_002,0.79742064745236,,,1.99840144432528e-15,True,3.33066907387547e-15,2.22044604925031e-16
Citrus,68,a_003,0.438816495426857,,,3.60822483003176e-16,True,3.33066907387547e-15,2.22044604925031e-16
Citrus,68,a_006,0.580744882797461,,,8.88178419700125e-16,True,3.33066907387547e-15,2.22044604925031e-16
Citrus,68,a_010,0.396732559174428,,,1.4432899320127e-15,True,3.33066907387547e-15,2.22044604925031e-16
Citrus,68,a_2a,0.266374634822588,,,4.44089209850063e-16,True,3.33066907387547e-15,2.22044604925031e-16
Citrus,68,a_4a,0.496311438790158,,,8.18789480661053e-16,True,3.33066907387547e-15,2.22044604925031e-16
Citrus,69,a_001,0.296124182575322,,,1.88737914186277e-15,True,5.32907051820075e-15,2.22044604925031e-16
Citrus,69,a_002,0.673356428388059,,,1.4432899320127e-15,True,5.32907051820075e-15,2.22044604925031e-16
Citrus,69,a_003,0.872298404929692,,,3.77475828372553e-15,True,5.32907051820075e-15,2.22044604925031e-16
Citrus,69,a_010,0.216396892670273,,,4.44089209850063e-16,True,5.32907051820075e-15,2.22044604925031e-16
Citrus,69,a_011,0.5893366666423,,,1.27675647831893e-15,True,5.32907051820075e-15,2.22044604925031e-16
Citrus,69,a_3a,0.284766258547689,,,9.99200722162641e-16,True,5.32907051820075e-15,2.22044604925031e-16
Citrus,70,a_001,0.495151820946139,,,1.74860126378462e-15,True,3.06699110552699e-15,1.38777878078145e-17
Citrus,70,a_011,0.519167646283661,,,7.91033905045424e-16,True,3.06699110552699e-15,1.38777878078145e-17
Citrus,70,a_2a,0.497514841113789,,,1.4363510381088e-15,True,3.06699110552699e-15,1.38777878078145e-17
Citrus,70,a_3a,0.519560914122878,,,8.74300631892311e-16,True,3.06699110552699e-15,1.38777878078145e-17
Citrus,70,a_3b,0.520347376601977,,,1.31838984174237e-15,True,3.06699110552699e-15,1.38777878078145e-17
Citrus,70,a_4a,0.515627225229205,,,2.22044604925031e-16,True,3.06699110552699e-15,1.38777878078145e-17
Citrus,71,a_004,0.5,,,0.0,True,0.0,0.0
Citrus,71,a_005,0.5,,,0.0,True,0.0,0.0
Citrus,71,a_007,0.5,,,0.0,True,0.0,0.0
Citrus,71,a_011,0.5,,,0.0,True,0.0,0.0
Citrus,71,a_1a,0.5,,,0.0,True,0.0,0.0
Citrus,71,a_3b,0.5,,,0.0,True,0.0,0.0
Citrus,72,a_004,0.322985923484015,,,1.77635683940025e-15,True,3.77475828372553e-15,4.44089209850063e-16
Citrus,72,a_005,0.951764010753779,,,1.77635683940025e-15,True,3.77475828372553e-15,4.44089209850063e-16
Citrus,72,a_2a,0.270475634332964,,,8.88178419700125e-16,True,3.77475828372553e-15,4.44089209850063e-16
Citrus,72,a_2b,0.565716998452017,,,1.94289029309402e-15,True,3.77475828372553e-15,4.44089209850063e-16
Citrus,72,a_3b,0.366468928274959,,,1.55431223447522e-15,True,3.77475828372553e-15,4.44089209850063e-16
Citrus,72,a_4b,0.257282232213129,,,1.33226762955019e-15,True,3.77475828372553e-15,4.44089209850063e-16
Citrus,73,a_001,0.497412333817065,,,6.956241138667e-16,True,2.63677968348475e-15,6.93889390390723e-18
Citrus,73,a_003,0.495552362400928,,,8.70831184940357e-16,True,2.63677968348475e-15,6.93889390390723e-18
Citrus,73,a_011,0.496947332237722,,,1.62890534394222e-15,True,2.63677968348475e-15,6.93889390390723e-18
Citrus,73,a_2b,0.486023051084463,,,6.52256026967279e-16,True,2.63677968348475e-15,6.93889390390723e-18
Citrus,73,a_3b,0.486952404401975,,,1.60982338570648e-15,True,2.63677968348475e-15,6.93889390390723e-18
Citrus,73,a_5a,0.50043491724717,,,1.0096090630185e-15,True,2.63677968348475e-15,6.93889390390723e-18
Citrus,74,a_001,0.563317611120462,,,6.21724893790088e-15,True,3.41948691584548e-14,4.44089209850063e-16
Citrus,74,a_003,0.237099365655861,,,1.05193631583234e-14,True,3.41948691584548e-14,4.44089209850063e-16
Citrus,74,a_009,0.938195507438113,,,5.77315972805081e-15,True,3.41948691584548e-14,4.44089209850063e-16
Citrus,74,a_012,0.012269132845336,,,2.35367281220533e-14,True,3.41948691584548e-14,4.44089209850063e-16
Citrus,74,a_1a,0.408279833951789,,,7.54951656745106e-15,True,3.41948691584548e-14,4.44089209850063e-16
Citrus,74,a_2a,0.034652453974204,,,5.32907051820075e-15,True,3.41948691584548e-14,4.44089209850063e-16
Citrus,75,a_004,0.5,,,0.0,True,0.0,0.0
Citrus,75,a_005,0.5,,,0.0,True,0.0,0.0
Citrus,75,a_007,0.5,,,0.0,True,0.0,0.0
Citrus,75,a_1a,0.5,,,0.0,True,0.0,0.0
Citrus,75,a_2a,0.5,,,0.0,True,0.0,0.0
Citrus,75,a_2b,0.5,,,0.0,True,0.0,0.0
Citrus,76,a_009,0.570093150814325,,,1.33226762955019e-15,True,3.77475828372553e-15,1.11022302462516e-16
Citrus,76,a_011,0.482828496712761,,,1.87350135405495e-15,True,3.77475828372553e-15,1.11022302462516e-16
Citrus,76,a_1a,0.462574048682401,,,4.9960036108132e-16,True,3.77475828372553e-15,1.11022302462516e-16
Citrus,76,a_3a,0.457985535614746,,,1.66533453693773e-15,True,3.77475828372553e-15,1.11022302462516e-16
Citrus,76,a_4a,0.489288142788222,,,3.33066907387547e-16,True,3.77475828372553e-15,1.11022302462516e-16
Citrus,76,a_5b,0.544580056823754,,,2.1094237467878e-15,True,3.77475828372553e-15,1.11022302462516e-16
Citrus,77,a_001,0.381909723672424,,,1.38777878078145e-15,True,6.66133814775094e-15,8.88178419700125e-16
Citrus,77,a_006,0.797913778347447,,,4.44089209850063e-15,True,6.66133814775094e-15,8.88178419700125e-16
Citrus,77,a_011,0.213407844715842,,,6.66133814775094e-16,True,6.66133814775094e-15,8.88178419700125e-16
Citrus,77,a_3a,0.131886940437105,,,1.55431223447522e-15,True,6.66133814775094e-15,8.88178419700125e-16
Citrus,77,a_3b,0.116562185205182,,,1.11022302462516e-15,True,6.66133814775094e-15,8.88178419700125e-16
Citrus,77,a_4a,0.38954606550203,,,2.05391259555654e-15,True,6.66133814775094e-15,8.88178419700125e-16
Citrus,78,a_002,0.979327922688077,,,8.43769498715119e-15,True,1.99840144432528e-14,1.77635683940025e-15
Citrus,78,a_003,0.410310664980531,,,9.76996261670138e-15,True,1.99840144432528e-14,1.77635683940025e-15
Citrus,78,a_009,0.948311933123217,,,1.02140518265514e-14,True,1.99840144432528e-14,1.77635683940025e-15
Citrus,78,a_012,0.173094904994135,,,3.10862446895044e-15,True,1.99840144432528e-14,1.77635683940025e-15
Citrus,78,a_2b,0.077640104594227,,,8.43769498715119e-15,True,1.99840144432528e-14,1.77635683940025e-15
Citrus,78,a_3b,0.425873833522565,,,1.99840144432528e-15,True,1.99840144432528e-14,1.77635683940025e-15
Citrus,79,a_002,0.539570337909739,,,1.11022302462516e-16,True,2.05391259555654e-15,4.16333634234434e-17
Citrus,79,a_004,0.47572382854103,,,1.66533453693773e-16,True,2.05391259555654e-15,4.16333634234434e-17
Citrus,79,a_011,0.539822932310183,,,4.9960036108132e-16,True,2.05391259555654e-15,4.16333634234434e-17
Citrus,79,a_2b,0.378278678854153,,,1.0547118733939e-15,True,2.05391259555654e-15,4.16333634234434e-17
Citrus,79,a_3a,0.415151002152088,,,1.02695629777827e-15,True,2.05391259555654e-15,4.16333634234434e-17
Citrus,79,a_5a,0.493946255290482,,,8.74300631892311e-16,True,2.05391259555654e-15,4.16333634234434e-17
Citrus,80,a_007,0.405723939719969,,,2.05391259555654e-15,True,5.77315972805081e-15,8.88178419700125e-16
Citrus,80,a_009,0.70514928130228,,,6.66133814775094e-16,True,5.77315972805081e-15,8.88178419700125e-16
Citrus,80,a_011,0.257637114611454,,,1.22124532708767e-15,True,5.77315972805081e-15,8.88178419700125e-16
Citrus,80,a_2a,0.262771327020879,,,7.7715611723761e-16,True,5.77315972805081e-15,8.88178419700125e-16
Citrus,80,a_3b,0.119215860655201,,,3.5527136788005e-15,True,5.77315972805081e-15,8.88178419700125e-16
Citrus,80,a_5a,0.489036960723901,,,1.77635683940025e-15,True,5.77315972805081e-15,8.88178419700125e-16
Citrus,81,a_003,0.627111768991268,,,1.83186799063151e-15,True,2.99760216648792e-15,5.55111512312578e-17
Citrus,81,a_004,0.554338185240058,,,1.16573417585641e-15,True,2.99760216648792e-15,5.55111512312578e-17
Citrus,81,a_007,0.484095419766603,,,8.88178419700125e-16,True,2.99760216648792e-15,5.55111512312578e-17
Citrus,81,a_009,0.538335485983215,,,7.7715611723761e-16,True,2.99760216648792e-15,5.55111512312578e-17
Citrus,81,a_011,0.599892035453038,,,2.22044604925031e-16,True,2.99760216648792e-15,5.55111512312578e-17
Citrus,81,a_5b,0.513995121295705,,,7.7715611723761e-16,True,2.99760216648792e-15,5.55111512312578e-17
Citrus,82,a_009,0.66229951528268,,,3.5527136788005e-15,True,4.66293670342566e-15,2.22044604925031e-16
Citrus,82,a_011,0.592533068595155,,,2.77555756156289e-16,True,4.66293670342566e-15,2.22044604925031e-16
Citrus,82,a_1a,0.74893158287699,,,5.55111512312578e-16,True,4.66293670342566e-15,2.22044604925031e-16
Citrus,82,a_3b,0.402442258914444,,,8.88178419700125e-16,True,4.66293670342566e-15,2.22044604925031e-16
Citrus,82,a_4a,0.518888720915618,,,1.11022302462516e-15,True,4.66293670342566e-15,2.22044604925031e-16
Citrus,82,a_5b,0.401978046745785,,,2.22044604925031e-16,True,4.66293670342566e-15,2.22044604925031e-16
Citrus,83,a_004,0.232692564942463,,,6.66133814775094e-16,True,4.10782519111308e-15,2.22044604925031e-16
Citrus,83,a_012,0.354719361330218,,,2.22044604925031e-15,True,4.10782519111308e-15,2.22044604925031e-16
Citrus,83,a_2a,0.472721140842942,,,1.88737914186277e-15,True,4.10782519111308e-15,2.22044604925031e-16
Citrus,83,a_2b,0.525705966906554,,,1.22124532708767e-15,True,4.10782519111308e-15,2.22044604925031e-16
Citrus,83,a_3b,0.554389477581764,,,1.22124532708767e-15,True,4.10782519111308e-15,2.22044604925031e-16
Citrus,83,a_5a,0.449756454393677,,,8.88178419700125e-16,True,4.10782519111308e-15,2.22044604925031e-16
Citrus,84,a_002,0.591343165692561,,,4.44089209850063e-16,True,1.66533453693773e-15,5.55111512312578e-17
Citrus,84,a_006,0.503268045374104,,,5.34294830600857e-16,True,1.66533453693773e-15,5.55111512312578e-17
Citrus,84,a_009,0.698054208075067,,,7.7715611723761e-16,True,1.66533453693773e-15,5.55111512312578e-17
Citrus,84,a_010,0.492208872584541,,,7.35522753814166e-16,True,1.66533453693773e-15,5.55111512312578e-17
Citrus,84,a_012,0.450623618928636,,,7.21644966006352e-16,True,1.66533453693773e-15,5.55111512312578e-17
Citrus,84,a_2a,0.347749339646932,,,4.44089209850063e-16,True,1.66533453693773e-15,5.55111512312578e-17
Citrus,85,a_003,0.510495687363669,,,1.49880108324396e-15,True,3.71924713249427e-15,2.22044604925031e-16
Citrus,85,a_004,0.446817687136617,,,1.41553435639707e-15,True,3.71924713249427e-15,2.22044604925031e-16
Citrus,85,a_2a,0.388713442420242,,,3.88578058618805e-16,True,3.71924713249427e-15,2.22044604925031e-16
Citrus,85,a_3b,0.441743851090565,,,1.94289029309402e-15,True,3.71924713249427e-15,2.22044604925031e-16
Citrus,85,a_4b,0.367855814496439,,,1.77635683940025e-15,True,3.71924713249427e-15,2.22044604925031e-16
Citrus,85,a_5b,0.489360419065021,,,3.05311331771918e-16,True,3.71924713249427e-15,2.22044604925031e-16
Citrus,86,a_002,0.5,,,0.0,True,0.0,0.0
Citrus,86,a_010,0.5,,,0.0,True,0.0,0.0
Citrus,86,a_011,0.5,,,0.0,True,0.0,0.0
Citrus,86,a_1a,0.5,,,0.0,True,0.0,0.0
Citrus,86,a_3a,0.5,,,0.0,True,0.0,0.0
Citrus,86,a_4b,0.5,,,0.0,True,0.0,0.0
Citrus,87,a_001,0.732037853596919,,,2.66453525910038e-15,True,2.1316282072803e-14,1.77635683940025e-15
Citrus,87,a_004,0.00653971180264,,,1.33226762955019e-14,True,2.1316282072803e-14,1.77635683940025e-15
Citrus,87,a_006,0.53601661605822,,,6.66133814775094e-16,True,2.1316282072803e-14,1.77635683940025e-15
Citrus,87,a_009,0.948129603332575,,,7.99360577730113e-15,True,2.1316282072803e-14,1.77635683940025e-15
Citrus,87,a_2b,0.040450745416349,,,7.105427357601e-15,True,2.1316282072803e-14,1.77635683940025e-15
Citrus,87,a_4b,0.198432880128709,,,1.88737914186277e-15,True,2.1316282072803e-14,1.77635683940025e-15
Citrus,88,a_001,0.537361072050281,,,1.55431223447522e-15,True,2.38697950294409e-15,2.77555756156289e-17
Citrus,88,a_004,0.247615076240384,,,0.0,True,2.38697950294409e-15,2.77555756156289e-17
Citrus,88,a_010,0.387839912504177,,,2.77555756156289e-16,True,2.38697950294409e-15,2.77555756156289e-17
Citrus,88,a_1a,0.536365773491074,,,7.7715611723761e-16,True,2.38697950294409e-15,2.77555756156289e-17
Citrus,88,a_2a,0.303740090728968,,,3.33066907387547e-16,True,2.38697950294409e-15,2.77555756156289e-17
Citrus,88,a_4b,0.444539682553373,,,6.66133814775094e-16,True,2.38697950294409e-15,2.77555756156289e-17
Citrus,89,a_009,0.747569696403475,,,1.11022302462516e-15,True,4.66293670342566e-15,4.44089209850063e-16
Citrus,89,a_010,0.353734841020366,,,3.33066907387547e-16,True,4.66293670342566e-15,4.44089209850063e-16
Citrus,89,a_011,0.417648119152271,,,4.16333634234434e-16,True,4.66293670342566e-15,4.44089209850063e-16
Citrus,89,a_3a,0.428318344230421,,,2.24820162486594e-15,True,4.66293670342566e-15,4.44089209850063e-16
Citrus,89,a_4b,0.305194645664946,,,2.44249065417534e-15,True,4.66293670342566e-15,4.44089209850063e-16
Citrus,89,a_5b,0.509217216080316,,,1.47104550762833e-15,True,4.66293670342566e-15,4.44089209850063e-16
Citrus,90,a_001,0.396934475790729,,,8.88178419700125e-16,True,4.10782519111308e-15,2.22044604925031e-16
Citrus,90,a_003,0.553495284659494,,,6.10622663543836e-16,True,4.10782519111308e-15,2.22044604925031e-16
Citrus,90,a_004,0.388736477505357,,,1.11022302462516e-15,True,4.10782519111308e-15,2.22044604925031e-16
Citrus,90,a_009,0.613972059353134,,,3.10862446895044e-15,True,4.10782519111308e-15,2.22044604925031e-16
Citrus,90,a_3b,0.36542736315006,,,7.7715611723761e-16,True,4.10782519111308e-15,2.22044604925031e-16
Citrus,90,a_4a,0.485920606671635,,,1.01307850997046e-15,True,4.10782519111308e-15,2.22044604925031e-16
Citrus,91,a_002,0.530766941745903,,,1.94289029309402e-16,True,3.99680288865056e-15,2.22044604925031e-16
Citrus,91,a_004,0.3426982548042,,,9.99200722162641e-16,True,3.99680288865056e-15,2.22044604925031e-16
Citrus,91,a_012,0.497131271968635,,,5.93275428784068e-16,True,3.99680288865056e-15,2.22044604925031e-16
Citrus,91,a_1a,0.667231946854368,,,1.99840144432528e-15,True,3.99680288865056e-15,2.22044604925031e-16
Citrus,91,a_2b,0.377597763362542,,,1.88737914186277e-15,True,3.99680288865056e-15,2.22044604925031e-16
Citrus,91,a_3b,0.592855639980303,,,5.55111512312578e-16,True,3.99680288865056e-15,2.22044604925031e-16
Citrus,92,a_003,0.502063343203865,,,1.60982338570648e-15,True,5.44009282066327e-15,2.22044604925031e-16
Citrus,92,a_004,0.235228554597941,,,2.77555756156289e-15,True,5.44009282066327e-15,2.22044604925031e-16
Citrus,92,a_006,0.525081524726597,,,1.77635683940025e-15,True,5.44009282066327e-15,2.22044604925031e-16
Citrus,92,a_1a,0.288857305008986,,,9.99200722162641e-16,True,5.44009282066327e-15,2.22044604925031e-16
Citrus,92,a_4b,0.405902672053425,,,2.60902410786912e-15,True,5.44009282066327e-15,2.22044604925031e-16
Citrus,92,a_5b,0.506363159969491,,,4.44089209850063e-16,True,5.44009282066327e-15,2.22044604925031e-16
Citrus,93,a_006,0.502254601021524,,,1.96370697480575e-15,True,3.66373598126302e-15,2.22044604925031e-16
Citrus,93,a_009,0.644196818663873,,,1.4432899320127e-15,True,3.66373598126302e-15,2.22044604925031e-16
Citrus,93,a_010,0.353536238234115,,,1.4432899320127e-15,True,3.66373598126302e-15,2.22044604925031e-16
Citrus,93,a_012,0.37087516697263,,,2.22044604925031e-16,True,3.66373598126302e-15,2.22044604925031e-16
Citrus,93,a_3a,0.557227566008032,,,6.10622663543836e-16,True,3.66373598126302e-15,2.22044604925031e-16
Citrus,93,a_5a,0.571249685101032,,,1.72084568816899e-15,True,3.66373598126302e-15,2.22044604925031e-16
Citrus,94,a_012,0.497144428512459,,,5.20417042793042e-17,True,4.09394740330526e-15,2.77555756156289e-17
Citrus,94,a_1a,0.497144428512459,,,5.20417042793042e-17,True,4.09394740330526e-15,2.77555756156289e-17
Citrus,94,a_2a,0.493827516012481,,,2.42861286636753e-17,True,4.09394740330526e-15,2.77555756156289e-17
Citrus,94,a_2b,0.503778715601815,,,4.5102810375397e-17,True,4.09394740330526e-15,2.77555756156289e-17
Citrus,94,a_3b,0.498987284983008,,,1.97931948608954e-15,True,4.09394740330526e-15,2.77555756156289e-17
Citrus,94,a_5a,0.509674815455829,,,2.1163626406917e-15,True,4.09394740330526e-15,2.77555756156289e-17
Citrus,95,a_004,0.009267594400114,,,4.21884749357559e-14,True,5.32907051820075e-14,8.88178419700125e-16
Citrus,95,a_009,0.983129165766122,,,1.06581410364015e-14,True,5.32907051820075e-14,8.88178419700125e-16
Citrus,95,a_1a,0.114459186977139,,,5.32907051820075e-15,True,5.32907051820075e-14,8.88178419700125e-16
Citrus,95,a_2a,0.025317893720869,,,9.32587340685131e-15,True,5.32907051820075e-14,8.88178419700125e-16
Citrus,95,a_4a,0.491434757508173,,,4.66293670342566e-15,True,5.32907051820075e-14,8.88178419700125e-16
Citrus,95,a_5a,0.493290623484305,,,9.54791801177635e-15,True,5.32907051820075e-14,8.88178419700125e-16
Citrus,96,a_004,0.5,,,0.0,True,0.0,0.0
Citrus,96,a_007,0.5,,,0.0,True,0.0,0.0
Citrus,96,a_010,0.5,,,0.0,True,0.0,0.0
Citrus,96,a_012,0.5,,,0.0,True,0.0,0.0
Citrus,96,a_2a,0.5,,,0.0,True,0.0,0.0
Citrus,96,a_3a,0.5,,,0.0,True,0.0,0.0
Citrus,97,a_001,0.5,,,0.0,True,0.0,0.0
Citrus,97,a_003,0.5,,,0.0,True,0.0,0.0
Citrus,97,a_006,0.5,,,0.0,True,0.0,0.0
Citrus,97,a_009,0.5,,,0.0,True,0.0,0.0
Citrus,97,a_3b,0.5,,,0.0,True,0.0,0.0
Citrus,97,a_5b,0.5,,,0.0,True,0.0,0.0
Citrus,98,a_006,0.520826702640112,,,1.66533453693773e-16,True,1.2490009027033e-15,2.77555756156289e-17
Citrus,98,a_011,0.496175916449067,,,1.94289029309402e-16,True,1.2490009027033e-15,2.77555756156289e-17
Citrus,98,a_1a,0.470058199640104,,,4.9960036108132e-16,True,1.2490009027033e-15,2.77555756156289e-17
Citrus,98,a_2a,0.427111052828657,,,2.22044604925031e-16,True,1.2490009027033e-15,2.77555756156289e-17
Citrus,98,a_4a,0.464372817750737,,,0.0,True,1.2490009027033e-15,2.77555756156289e-17
Citrus,98,a_5a,0.460308955460854,,,7.49400541621981e-16,True,1.2490009027033e-15,2.77555756156289e-17
Citrus,99,a_003,0.069845863075258,,,6.88338275267597e-15,True,1.06581410364015e-14,4.44089209850063e-16
Citrus,99,a_006,0.487721427845801,,,2.55351295663786e-15,True,1.06581410364015e-14,4.44089209850063e-16
Citrus,99,a_007,0.1927943321408,,,3.33066907387547e-16,True,1.06581410364015e-14,4.44089209850063e-16
Citrus,99,a_2b,0.385307636784319,,,3.66373598126302e-15,True,1.06581410364015e-14,4.44089209850063e-16
Citrus,99,a_3b,0.261976616828018,,,1.11022302462516e-16,True,1.06581410364015e-14,4.44089209850063e-16
Citrus,99,a_5b,0.697869533487825,,,4.44089209850063e-16,True,1.06581410364015e-14,4.44089209850063e-16
