cluster,sample_id,CD3,CD27,CD19,CD4,CD8,CD57,2DL1-S1,TRAIL,2DL2-L3-S2,CD16,CD10,3DL1-S1,CD117,2DS4,ILT2-CD85j,NKp46,NKG2D,NKG2C,2B4,CD33,CD11b,NKp30,CD122,3DL1,NKp44,CD127,2DL1,CD94,CD34,CCR7,2DL3,NKG2A,HLA-DR,2DL4,CD56,2DL5,CD25,variant
0,a_001,1.0272683731375554,-0.07889561515294184,1.109108849879251,-0.03629071614397211,0.4952218393504356,-0.08698438059671526,-0.08987531952057315,-0.09055024724446614,-0.08717494917371182,-0.03932692270882391,-0.082310953592002,-0.0979618780047084,-0.07746304849350508,-0.08676582616827061,1.2809924470653486,-0.07659614973176786,-0.06675111432178193,-0.10314623133852102,-0.029323019460022054,0.7375211789976603,-0.06649216294960984,-0.08174540468074282,-0.09658378321071842,-0.09541605145104735,-0.10726342724832508,-0.06246159158014164,-0.09905270092324184,-0.06286992370757793,-0.03035244065301289,0.762966537285939,-0.08935007235187248,0.7829843794836596,5.872258705729985,1.6719921147985073,0.14531264671122276,-0.09709879900206286,-0.07373533888828969,kmeans_k6
0,a_002,1.7531229824002434,-0.056727538769330364,0.18106032794430083,-0.057726682080043855,-0.04790558209053477,-0.06263684657259669,-0.07675561813962703,-0.0889784049068002,-0.07877138097960262,-0.04948938087415727,-0.07748475603440466,-0.09939756824544158,-0.10025111812307212,-0.08303690445468531,1.2179656563699879,-0.0532218099525203,-0.08313117741800934,-0.07963936748703228,0.16040139699154463,-9.180018665413778e-05,-0.06958346331762681,-0.07769281723579766,-0.08498758164505003,-0.10966447525037963,-0.08342636445462796,-0.09968224119594599,-0.1094110324128766,-0.0763832989283412,-0.07159688425232574,-0.020046473957460124,-0.0822168573026883,0.4924626977098361,5.581949521543403,1.4417655182766174,0.33598985878991133,-0.10395053866122904,-0.06875293490232559,kmeans_k6
0,a_003,0.6107247489903,-0.08205988574037035,1.9100848703055457,-0.04703020024388803,0.4340190847203077,-0.08892443379127249,-0.11224120585428332,-0.08227604188628473,-0.08681353979656461,-0.004550008775256581,-0.06409722502406429,-0.09458790785468346,-0.09358773136022128,-0.07418624301326525,1.3709879522956268,-0.08745622586715715,-0.07043392969532047,-0.07954031381476181,0.03719691630103148,2.4364435497931467,-0.05016887529723434,-0.08370915117282911,-0.09358331544387934,-0.08413824072156756,-0.08337850044826121,-0.08365599373781962,-0.07689578128874322,-0.0663395506590089,-0.04419893219946583,-0.048287724590694595,-0.0829633869153525,0.5074844784405879,4.8362846911572674,1.3147034660285173,-0.020617336452332095,-0.07655524051760876,-0.07948380448925318,kmeans_k6
0,a_004,0.11906028200378047,-0.06764440570858378,2.102217997443516,-0.02972609694714524,-0.01607536889026199,-0.09104942897197468,-0.10380194584494723,-0.10097005113297441,-0.09862727650664159,-0.052918920913769804,-0.07970364556350029,-0.09476537501228652,-0.09428064698352072,-0.08957819219530036,1.3507710253091336,-0.08858584264922321,-0.07945299234919453,-0.08942808022206919,-0.021048545470009193,1.656351969360061,-0.07715258396275135,-0.09030551307446313,-0.0963938569984267,-0.09240356715181991,-0.10534404923759136,-0.07413117172834632,-0.08459838920085017,-0.09029791137993994,-0.06834038135120145,-0.05217629996417239,-0.09786760284466778,-0.01732466166254072,4.854146340542176,1.2302293872275119,-0.0031212186376519966,-0.0917767916128021,-0.09091719734610867,kmeans_k6
0,a_005,0.38808409095340446,-0.06916604955407854,-0.0439646041205887,-0.03303844069175476,0.36374634762954605,-0.0985926507658479,-0.08723990981552594,-0.11075268985066729,-0.07014732340777127,0.3474013973424774,-0.057890124983914874,-0.08913471770213144,-0.09028395262662403,-0.08204299908382413,1.6721288412143689,-0.05927690223475444,-0.0919735246571622,-0.08533320874242761,0.09598510924071484,0.9997354140416731,-0.04414193763015484,-0.0905948002260992,-0.09915074673374119,-0.09759763368976437,-0.0949541981308059,-0.06937207920365332,-0.08222927268188926,-0.09408393863976044,-0.03513331592924202,-0.07891558704592638,-0.09466926422079608,0.017691111118272856,4.067107686401092,0.7384723505613732,-0.02373420383660111,-0.08153077216222429,-0.04911397330227875,kmeans_k6
0,a_006,0.5523434688284996,-0.0873762362016755,0.3598678779099164,-0.028193094526064555,-0.06994081730073508,-0.08336877812853256,-0.09518070261629917,-0.08802506319062797,-0.09060036827508822,-0.07098526830189511,-0.07944368490428964,-0.06971292637934344,-0.11739833055584287,-0.05081985296273842,0.4677831685069136,-0.1035901441844659,-0.0754872184834809,-0.08797963569512168,-0.0009679675453298961,0.18784748340332044,-0.07807158791573679,-0.07069019110690121,-0.07641640205803417,-0.07733145940014849,-0.10669967888239387,-0.10683832696950268,-0.09722070735598702,-0.08833260689936093,-0.07018455019969676,-0.02773259921852491,-0.06023330904472066,-0.001502955139096295,5.468175592079807,1.1571064359842707,0.2961945908805679,-0.07661078765348148,-0.09672635405472432,kmeans_k6
0,a_007,1.2498600524403554,-0.049191395598351804,1.6533935233791859,-0.025806688691477588,-0.006536642851287929,-0.06816039933514643,-0.08720458546644629,-0.07375961023648214,-0.09187327625556925,-0.057833160841198966,-0.08496620715322492,-0.07822896402755378,-0.07828868372722746,-0.08774338130087989,1.0498045716732383,-0.0782756345509628,-0.09330717952738143,-0.0952615056218633,-0.01919891755420859,0.3675553981311459,-0.06888361845218618,-0.09269226499084132,-0.06403376941659071,-0.08395262354452064,-0.11865039309597104,-0.0992074793227119,-0.1027450410432901,-0.08632483235980191,-0.06229051611385033,0.4759989370880368,-0.05586795993589034,0.3609760296943066,5.810781126269278,1.7394660205317685,0.30721574263635065,-0.06645700968946792,-0.07663775703016623,kmeans_k6
0,a_009,1.571735087025684,-0.04780666226840608,0.7850332247385757,0.09734697784971011,0.9264535954685038,-0.05857885672881877,-0.10131121062740339,-0.09414941025811088,-0.0954642283640221,-0.05626721977906151,-0.07953534724916349,-0.1084815123721197,-0.09570029817913558,-0.08029179304178674,1.5178034798278042,-0.07473210227281832,-0.029743011170709783,-0.07091248950797992,0.31605405744656034,1.0324956015227567,-0.06235870843359932,-0.09794404989270164,-0.03280546213613906,-0.07797396669332649,-0.10011289773831969,-0.04400634956737346,-0.08963208533422601,-0.07072222003349232,-0.05611972855586763,-0.020479470918167916,-0.07695111000364302,0.5631891170405243,5.347419283040977,1.532987418162751,0.20988462112538017,-0.07767777670786793,-0.05850363347168903,kmeans_k6
0,a_010,0.9707175776993097,-0.06302231167456523,1.62626878900869,-0.019956915032506902,-0.042477051969731824,-0.08882206025794054,-0.08821800482414689,-0.10570948951437911,-0.09431460369347776,-0.052900379587246936,-0.0816112447401292,-0.10000491062417066,-0.093689688107779,-0.08049701584393515,1.5203483818009036,-0.08404758423137997,-0.09025745315597601,-0.09255724403398762,0.15474392189124972,-0.043149785997661,-0.07657764341385447,-0.07918826626217587,-0.07597028134305375,-0.09625559632147433,-0.09075462823641971,-0.08720909824864194,-0.09497611717513559,-0.0709727768453549,-0.05297619772019686,0.2292677309713227,-0.05783558269877998,0.36786369503298005,5.5578238281757315,1.6802658827291799,0.23770467863325467,-0.09489330638351413,-0.08232330837290718,kmeans_k6
0,a_011,0.7376595137965529,-0.05386145208597572,0.7463695077782129,-0.05541421285211015,0.5201014804554662,-0.09220130292890522,-0.08484865566483721,-0.07741364649408819,-0.057698149183651445,1.5010773872048557,-0.06414064153570466,-0.09578172017710761,-0.10215203779458513,-0.10218829069241032,1.4165119986034738,-0.07275649866472801,-0.07719944788949895,-0.0976425936526774,-0.005294525474179821,2.6513447189484687,-0.033048225412391385,-0.08700628256826841,-0.08095235929595025,-0.08322675047816896,-0.09330141108327808,-0.07071633984430299,-0.11058925446238908,-0.0959046025314324,-0.052604818109268286,-0.06852000047669926,-0.09636692769103027,-0.03340310331932578,4.304988113446605,0.5419861161886372,-0.012427661293349273,-0.07148841923787606,-0.09644587642512832,kmeans_k6
0,a_012,0.9172087820689785,-0.07579005532017584,0.18182838755052813,-0.023077177051171613,1.0868528384518026,-0.08069632386012504,-0.10235269003354042,-0.10338762019728832,-0.0800838159964308,1.897043165814176,-0.03461881461326328,-0.0997640111934877,-0.09604238141568594,-0.10346062655064939,1.623081476303367,-0.07569034274888654,-0.08932992011753198,-0.08302842216845022,0.32641835058627644,2.5792017102045794,-0.029712295569297633,-0.06056247118179577,-0.09910311246591129,-0.09077578412744562,-0.09800268743441098,-0.059585139581267044,-0.11651679399606235,-0.06391057440687366,-0.03768141466106807,-0.07404422566871172,-0.06081893050171657,-0.060312278805225224,3.9584458280070134,0.5752536626682796,-0.039770650254598146,-0.09538612070237397,-0.08688884664278022,kmeans_k6
0,a_1a,2.246529145183127,1.6404397382382903,3.395446590160374,0.33610079032834655,1.7211797007352723,-0.07314479656190337,-0.09924440130192447,-0.10873886786686393,-0.06560688687762783,-0.006180831551389752,-0.0781145153475805,-0.08419937839960703,-0.07284618641315431,-0.09170922063923417,1.5105735513295682,-0.09054681278803031,-0.10025288545280375,-0.07006554423042811,0.3872929717222857,2.4680549770923204,-0.10505768764024671,-0.1190845935603717,-0.10374686022179405,-0.08647611019322768,-0.06356355198435906,-0.05673801232715189,-0.13137221772251823,-0.05872437548305803,-0.07116746037783961,1.6634502286520092,-0.026813890975099033,1.8177524197680546,6.298927044882426,2.3910066728168413,0.25213904059760267,-0.058172152144900756,-0.06615387142065714,kmeans_k6
0,a_2a,1.8476778784310266,-0.004385529929418255,1.7476273667917066,-0.027365746683678048,0.6573088714900254,-0.08562982573657278,-0.11064880433653927,-0.1015856830675843,-0.10861334337056577,-0.07517708781042898,-0.093538561609709,-0.09222742973030632,-0.08944683215327504,-0.08586352822019579,1.7752179147145846,-0.07327003587837588,-0.08221828299280859,-0.0735420059714263,1.0326012066376866,1.8058854599917413,-0.08113925540528316,-0.08832554746395563,-0.07677381543880223,-0.09278496851409752,-0.10820687028092839,-0.06192035224102055,-0.07733459713825559,-0.100606440005795,-0.07242589080383309,-0.06501178221698851,-0.08141731004146593,0.15592868968798163,5.032677215813573,1.2785240457671347,0.15096699908106984,-0.08386964814539427,-0.06135514041961491,kmeans_k6
0,a_2b,1.557254826347745,-0.03227415942487398,2.711031753911899,-0.039815502995978316,0.3493694857547315,-0.0737280460344762,-0.09222110280051553,-0.11084376642012296,-0.09786306606112125,-0.09857626170878252,-0.09832537475517139,-0.09495602570851962,-0.09188683269481629,-0.09555007848088794,1.672526825637303,-0.09426662083685815,-0.08167380577534242,-0.08234023828436873,0.4841679159102185,0.39505231454689316,-0.0661993693120597,-0.0762683763377903,-0.09295769644001334,-0.09241991264116015,-0.10171061217185133,-0.08695415296973939,-0.09596418313308104,-0.080078860866226,-0.08006536792978812,-0.04455431208721984,-0.061385410242204105,-0.013636817570325683,5.161699642526875,1.461927697215185,0.2841917417975468,-0.0638644630227201,-0.08558152636400018,kmeans_k6
0,a_3a,1.887543164630179,-0.00735551385892331,0.48856501682180664,-0.07641091552661461,0.38384788077533416,-0.06592600505337909,-0.09136605993958116,-0.07326515146412912,-0.09289148114946813,-0.09111723487363757,-0.10476359642250133,-0.0999181426074611,-0.08845810430095447,-0.10063158833822627,1.0401782083201314,-0.08570349771773653,-0.10798123311817388,-0.097758537386358,0.24788178362971647,2.3995683285309086,-0.06614513687754278,-0.08128168485404547,-0.09127133550034498,-0.08789981061333957,-0.07831765415316212,-0.07886809532518257,-0.09103390946215784,-0.061953217187385556,-0.071709593203099,-0.08176880491309979,-0.07886072763646929,0.0025365386142187554,4.606620748573004,1.4451427156587155,-0.004722444214936651,-0.05794018504432165,-0.057395538273227395,kmeans_k6
0,a_3b,1.8569856761388108,-0.022055058253004346,1.0004113186425228,-0.03333022357044734,1.0260417932537549,-0.05885724891987092,-0.09250631547241067,-0.08331199340485593,-0.09554003329993214,-0.062191240238518464,-0.08170253467488298,-0.10185832154077859,-0.0940251070065895,-0.08110975287275748,1.3702122669883463,-0.06632651288985514,-0.09327523939985405,-0.07937701880170074,1.0296680579712196,2.414038679258717,-0.04689672098979387,-0.06068801811357369,-0.06814330866590677,-0.09579130233520114,-0.1096168634173733,-0.05462950182863297,-0.09431812258601859,-0.07343813938277194,-0.09664454194050609,-0.007824423792854675,-0.08106507119471001,-0.007370883538181479,5.14103675853608,1.2276738372563532,0.25116087941317833,-0.0813913666995072,-0.11097106118617217,kmeans_k6
0,a_4a,2.2622103816724755,0.2995438396929453,2.5415563075242202,0.02807197395542981,1.6469897913006037,-0.06553157345907978,-0.0917397444239538,-0.07639251524417781,-0.07816914884811768,1.1432127341890168,-0.07873177360724579,-0.07845336561662358,-0.09075593660971237,-0.09230585206417109,1.4777181741029928,-0.08285243620629089,-0.058016312327341495,-0.07731199196018135,0.20911075081807182,2.4206630406047562,-0.04799007883341621,-0.06236369451303305,-0.0913767899175233,-0.08588735479441753,-0.08619243230457979,-0.052841575282572856,-0.08851143329411142,-0.057960735193119554,-0.07707191689335072,0.05412047838227131,-0.09171631654428188,0.3956920223282162,5.699996479053291,1.9123087372667884,0.3585824352241289,-0.07355679809035073,-0.07276762417665417,kmeans_k6
0,a_4b,2.3963561349781357,0.9150072794260907,1.9405395950413964,0.2512715937731768,1.2060865373301373,-0.10860236937678437,-0.0978071624041514,-0.10627821029951358,-0.09522684193228728,0.44819193228563814,-0.1274080528807174,-0.10020943751800249,-0.08978555136489207,-0.058110851081160354,1.3650275352111758,-0.07869036127854306,-0.0757523920262484,-0.07551539074969688,0.8291198556592069,2.9403331386927074,-0.03845322723764557,-0.050378044904762366,-0.07460725093639362,-0.09164128878490352,-0.07529125316138167,-0.03427779826461331,-0.09136851841100681,-0.09065598925033266,-0.06950027764662293,-0.03544039263234408,-0.05442411755747667,0.22078597227139757,5.220475298905311,2.0178483741724222,0.36444449769354015,-0.04210603198165573,-0.05810117570404642,kmeans_k6
0,a_5a,1.953468592026631,-0.0255004037264102,2.580200219283605,-0.03580479877064798,0.8969228115479532,-0.07610538981183554,-0.08358500310877058,-0.08917391281438687,-0.09801127096949525,-0.04203791945942319,-0.07659628668753907,-0.11205634674663878,-0.10544113240987764,-0.09232595961290772,1.3067869213489072,-0.08778272372659596,-0.05189811500345985,-0.08557758900319457,0.011018734227627062,2.0435013455048208,-0.057005085947816295,-0.08943691786046448,-0.079683917617852,-0.07649766780683862,-0.07479768070718884,-0.06840552396419386,-0.082250610471525,-0.06929953598102313,-0.09093928384389856,-0.04982629489577956,-0.05646814365707259,0.32609675460520793,5.581120676481031,2.124374981050885,0.5124431403181924,-0.06382678625702769,-0.09031276716744166,kmeans_k6
0,a_5b,1.8755296391719196,-0.013931004054044287,1.9429083945879972,-0.04590967143986424,0.981276125870758,-0.07807854320647001,-0.08026850456635784,-0.10133731223335324,-0.0898543735174636,-0.0703129603918175,-0.06834485544767507,-0.10063454360775598,-0.09509998502854894,-0.06722663435806495,1.3268165915714758,-0.1028147407663304,-0.06329590851914747,-0.07754305859877161,0.2600521640780415,1.9919148767315615,-0.08161663961775531,-0.07109991474080532,-0.08640322273626552,-0.0944004750180627,-0.11111969566905763,-0.07133580929338086,-0.06976435553683605,-0.08777591241993121,-0.08443244635812021,-0.04757552652790924,-0.07464024898754497,0.2859475019429495,5.398290907629044,2.0422332428157164,0.45659264066424843,-0.07264597969791584,-0.07641247360948406,kmeans_k6
1,a_001,4.728872041420193,0.41472830152097506,-0.04149814983787295,1.9103079019536031,0.7940770966687867,-0.0852590225899692,-0.09609541396789101,-0.09300400440574728,-0.08602254346868134,-0.05877441065306251,-0.08088453065531562,-0.09235929431231679,-0.0765721599368484,-0.07546936345588753,-0.09988778159670242,-0.08386570487972336,-0.06684900557415124,-0.09677751090221276,-0.0552919960126302,0.6570666054030512,-0.06935425653047467,-0.09333660731780494,-0.07332622535988818,-0.08230530583928203,-0.09417130011279144,0.30189696360912455,-0.08227877342238028,-0.10341355799645022,-0.053909615614152,1.375446651271497,-0.0807830060126431,-0.08090830323145304,1.2587715128194865,-0.06513631818242833,-0.08259426707317803,-0.0836925581177157,-0.09675207740750369,kmeans_k6
1,a_002,4.766296856045704,0.05626414309034356,-0.06238796506895404,2.3131280276647814,0.19627950917665016,-0.0972258922777324,-0.0859581587881277,-0.0987644465922081,-0.08631446404041215,-0.08238884185020816,-0.08893436454717922,-0.08440441059950958,-0.09831238417594033,-0.0979762664733683,-0.08810713028357245,-0.09438854766433337,-0.0988494685255439,-0.07547361969729098,-0.04879645547061629,-0.015069632570100872,-0.09839933769675731,-0.0876104793766647,-0.05525009242691783,-0.10575004412547924,-0.07649955175891031,0.32706897754104103,-0.0977826985263212,-0.081206898279656,-0.07749129291051866,0.7750528847368352,-0.101898999043223,-0.09137229943286738,0.8483698082367728,-0.10249948850051949,-0.09725891198139308,-0.07963711561573508,-0.07619023529598684,kmeans_k6
1,a_003,4.377718674154488,0.9078203255152124,0.2756690200595847,2.7887559398497173,0.8926396281182041,-0.0706935634970629,-0.08793817054298261,-0.08551537434974751,-0.0924177095263484,-0.02826322346995201,-0.06817689246345016,-0.08781481059984993,-0.11029021774871609,-0.08269469123504947,-0.07825851550013324,-0.058624877625124305,-0.1075287938125794,-0.08228616135577532,0.018490029783612184,2.2143878688355754,-0.08960660969714034,-0.05744526884028667,-0.007350877733349609,-0.10129551133581122,-0.04691253376878171,2.725897587850951,-0.02122061471921112,-0.06873258931355875,-0.04992097405266999,1.1670770167694946,-0.0755018816828167,-0.04708942133179177,0.8196636773958135,-0.09972599387634391,-0.046099244172036424,-0.10974260558178062,-0.07077830300281557,kmeans_k6
1,a_004,3.636862743817773,0.022006368604174573,-0.08304188809206739,2.1530077323568624,-0.0017224364779063817,-0.08862820864769422,-0.07148919806771163,-0.08820582732089356,-0.10530440809275414,-0.03999457070724889,-0.08955375754061962,-0.09463750025158936,-0.09733224192253982,-0.09796554146568558,-0.0808885113402525,-0.09686002855819305,-0.094889473194154,-0.11737539790025643,-0.08602549537799002,1.2727153081076499,-0.09452944389183371,-0.089666107945362,-0.08432659369064105,-0.09178609679048956,-0.09220446640002032,2.3478717101923716,-0.09993957690678039,-0.0671403003124489,-0.09174949284118639,0.029812047443293205,-0.0951957916663833,-0.0965784510452014,0.6470760882390193,-0.06504201531510875,-0.08798528816554528,-0.08163722920273336,-0.10689177296725154,kmeans_k6
1,a_005,4.168778643893996,-0.05290384088570149,-0.08366142003575176,2.282445457745161,1.2545567002847817,-0.09129155540156572,-0.08210025171964339,-0.10916914356398238,-0.08216299234106542,-0.01061134765390722,-0.08896578837655619,-0.09924574419008692,-0.10959417154710549,-0.08647937277626783,-0.06651616562674892,-0.08881193134521498,-0.07615297670358925,-0.09268543967403223,-0.10312745063998488,0.171782225925882,-0.09887857512176706,-0.07902222755640635,-0.09411917704240241,-0.10761501548628069,-0.0742142065980007,1.9166296631113167,-0.08256047057434748,-0.09532211046985532,-0.07332581842553715,-0.02106075310728903,-0.11067858294799932,-0.09847041305227966,-0.020300082488416103,-0.09936837793016653,-0.0868860446213871,-0.125710800696503,-0.09305726852411225,kmeans_k6
1,a_006,4.713361052354654,0.5437165698975427,-0.08967701344372413,2.2147122116963858,-0.031807908990551324,-0.0808712586120204,-0.088780791891156,-0.09157242462585422,-0.08916972733860265,-0.09255248414360412,-0.09937941893804272,-0.09612164112604842,-0.0957031046171971,-0.09408736266167256,-0.08937832836667332,-0.10433016255019971,-0.08560782885041912,-0.09093053431979131,-0.07467921371237203,0.3409296922752134,-0.08470385423715657,-0.09888005109789827,-0.07234373251545202,-0.09237037225437887,-0.10624775752850807,-0.0007371777000919985,-0.09065108013175167,-0.08763379061530177,-0.0740489631653593,1.3847689821628721,-0.07585408921125446,-0.08750346438796285,1.0555028945609928,-0.07721278934970925,-0.078786479643545,-0.09803613174127394,-0.0860901414637284,kmeans_k6
1,a_007,4.78742436916056,0.7255604747539406,-0.07511228986088737,2.339614376412078,0.1550440241455197,-0.05545223582539239,-0.07927999582080977,-0.09850731823837916,-0.07577552967557705,-0.07058051214604162,-0.08355076066825741,-0.1125340075723184,-0.08517157646652036,-0.10363658893093326,-0.08217826856010874,-0.09353521456033968,-0.08028660628312587,-0.08181449713632691,-0.056816373385140596,0.24895033041406467,-0.0850110406842954,-0.09292092432997187,-0.08451160252673032,-0.10143582298428337,-0.09517414602272171,0.304341010800787,-0.08310539216364404,-0.09200643608364353,-0.09805617573161692,0.8698151253815343,-0.09768846103579149,-0.06938696241157576,0.523886091108332,-0.08281509783940944,-0.0791664300372065,-0.08835997181814861,-0.09630958017015438,kmeans_k6
1,a_009,4.769399177243422,0.5744911081586164,-0.04760855330557291,2.4606248171231924,1.2385523812176245,-0.07098808645857682,-0.08417913097375813,-0.08729058335175147,-0.09416778828803618,-0.07432376484931405,-0.09350416528660628,-0.09475051617486206,-0.08200489691088489,-0.08940846319773861,-0.06895383874530449,-0.09190609301846606,-0.04570187678900111,-0.10131206454819654,-0.05208371139046909,0.8900553126298696,-0.08590977169433064,-0.07821561173422034,-0.06608909170327272,-0.06337467587178029,-0.09428083888124653,0.6985285197181478,-0.08323371795625914,-0.08084207031566228,-0.05915890721435853,0.8860209692975407,-0.06890305111531272,-0.0010049333967094634,2.2557810048274733,-0.034934981014305706,-0.08587580915555451,-0.0849667000913721,-0.0977331180634945,kmeans_k6
1,a_010,4.8063964792557305,0.24686709659840034,-0.08072247065784292,2.1871119529529928,-0.03145192846379169,-0.06707898604618148,-0.0763220906055093,-0.09977829285113649,-0.08986912537969578,-0.06008597675464894,-0.09557153348374438,-0.1001724657034623,-0.11276801911976819,-0.09734383371242836,-0.06339489486072032,-0.10442446744433961,-0.08211931594116927,-0.06870925254781902,-0.057073704408598554,-0.04386443081383308,-0.08004335498377056,-0.0935235058138116,-0.07085449688956043,-0.07815921938504963,-0.0956140636252389,0.4129740484124449,-0.09801539960578336,-0.09955264266294434,-0.06774788664820719,1.1263754691204084,-0.09227252532023532,-0.07186361994837875,1.118248919946391,-0.07611267028426412,-0.0997569711828565,-0.08851683939178165,-0.08486651444409223,kmeans_k6
1,a_011,3.79547031160978,-0.028492311841241902,-0.06887407455518568,2.479692355566315,1.364782414450405,-0.08862393391238822,-0.0929835068729942,-0.10191289813965701,-0.06371712220385235,0.9517803947293823,-0.09884988372788035,-0.10613875974901912,-0.07602293298031043,-0.09641385085169378,-0.038104569040921715,-0.08465960751814211,-0.06694134619847218,-0.08056624851628191,-0.08165461155373828,1.9464191646814626,-0.06304440493458287,-0.06469083070333191,-0.060783727522667745,-0.12172450441987637,-0.10281326150498736,2.2048164421255865,-0.05831111707493011,-0.10569073546727427,-0.06371897215164977,0.30547208354587047,-0.1016114304045592,-0.09958961675884162,0.6801772704811943,-0.04755609504905358,-0.08556777231958577,-0.10228708716429877,-0.13131531001832347,kmeans_k6
1,a_012,3.591604005163495,-0.06771595818016432,-0.08886581607979903,2.4037271008931937,1.055937229723431,0.98314105532946,-0.07184450641795659,-0.09916816690494508,-0.09611490712958543,1.596525224936492,-0.09647468037183925,-0.09598564915390989,-0.07693162929219455,-0.06404834860829811,0.24325112038324376,-0.09815742723871813,-0.07080587422994802,-0.0553259366377228,-0.02507703321130149,1.78022941231141,-0.02030454530550192,-0.07909645879432944,-0.03059859506865799,-0.09956425565153457,-0.10193175439099693,1.8898684776083368,-0.08474541036743864,-0.08903291188624986,-0.08816465764479006,-0.10829848175628351,-0.04915497351988462,-0.087219412324456,1.1460055958744855,-0.09496184072641414,-0.0628070762684961,-0.11622588073320336,-0.07630640068943582,kmeans_k6
1,a_1a,5.767443851649486,2.481306908199893,-0.03548700541793952,3.4038960259265956,2.039487898929478,-0.07050409659899035,-0.09267416049842717,-0.10201942285004163,-0.0881776658378664,-0.010939774933025458,-0.08998970475350333,-0.09379382617376952,-0.10555638487168571,-0.09144853030047144,-0.06784117980026827,-0.08672247702300068,-0.07675411225892337,-0.061305321803307805,-0.03518288040685388,2.525625358022591,-0.041599856517674116,-0.08926514904955266,-0.07060075992069682,-0.08307390708342755,-0.08181086138772994,3.4919253339967824,-0.0651502446147309,-0.09799868026741658,-0.08726580020590433,2.5818046372656687,-0.09306836812029542,-0.05482961840387513,1.8435820766863915,-0.06957329806175705,-0.0657543512278891,-0.09014536636248571,-0.08229003541461768,kmeans_k6
1,a_2a,5.280260858209038,1.911081566335063,-0.03855322632254633,2.824325278494532,1.517948993030812,-0.08939369262871988,-0.08878142715560586,-0.0881196225745807,-0.08072026651046717,-0.08390510728054054,-0.11045757036572168,-0.09661988545820713,-0.10740656477146687,-0.0799057212066813,-0.04622306946123621,-0.08656014202444015,-0.06550252888331821,-0.07265541421859037,-0.02789797687094377,1.3833655608437556,-0.05685244149195964,-0.07759300033435416,-0.10431208160930762,-0.09567569286442328,-0.09676057968539122,2.523665188259749,-0.08239894034233759,-0.10720606578304173,-0.10858106130413801,0.38831012684622845,-0.08480578735757624,-0.07059884256970124,1.6530651859184746,-0.09497758279450637,-0.05566123279369157,-0.08504279048940966,-0.08306802987971446,kmeans_k6
1,a_2b,5.244833023767712,1.9189995777316535,-0.04969888384241273,3.0573700853292567,0.7198163522988331,-0.07499702338541334,-0.0916470521766012,-0.08579098254745508,-0.10741923508216589,-0.09853164395391364,-0.07405408108647334,-0.09117069851764831,-0.0997628665248663,-0.08945632493200623,-0.08415804605544992,-0.09400737556106918,-0.07628624744018518,-0.0751840240609933,-0.03290781362409533,0.41165562820840923,-0.09161221061716583,-0.08347605062970295,-0.07765780385801566,-0.11382037299329982,-0.0910688638389277,2.4192395627871286,-0.07493070890034162,-0.07597302120655035,-0.0901974076386088,0.6381221473588908,-0.10073846228158592,-0.09702355381737446,0.030400549429354388,-0.07951272138195249,-0.07871708862673407,-0.0949615440419052,-0.08180951893644456,kmeans_k6
1,a_3a,5.406548612750115,1.9872624081779169,-0.06736568011016782,2.6310329468733316,0.8125839653665289,-0.06696643119083744,-0.10046146375155798,-0.08700653196320665,-0.09255945186273241,-0.08784156492231886,-0.08442367765955996,-0.09358359831244595,-0.07974447417103682,-0.0834179952986384,-0.07497603007501484,-0.08851869773199302,-0.054339211151843925,-0.08354855109198228,-0.05251198695255707,2.189780887596634,-0.06975178350306266,-0.07077538539456946,-0.09153942879403323,-0.10127149136916679,-0.06087166641058763,2.50157335299389,-0.05780229551601703,-0.07690995562932117,-0.08916007995940714,0.5602848425808747,-0.09048355144512082,-0.06670658122354732,1.4146955853346102,-0.08668905377980687,-0.07607536450667868,-0.07873564562094096,-0.0969728069212905,kmeans_k6
1,a_3b,5.609069109873182,1.9183472568208069,-0.030621823480051345,2.975468508578796,1.3754280000280867,-0.0718348055774488,-0.08599161688913506,-0.08965734239294186,-0.08401207547580442,-0.06222631985256626,-0.09779231238319584,-0.10518929112894476,-0.10481524065733469,-0.09104716651938762,-0.02498815661533383,-0.10686102801454136,-0.06594314923568417,-0.07571514407622512,-0.04909370275699711,2.3849391830282265,-0.06266145290700068,-0.06456121935361511,-0.0739226170227478,-0.09535646941277073,-0.09381256134586696,2.870901677286267,-0.06511051985264656,-0.08281094033716045,-0.07557163075933825,0.7759374164462471,-0.07549153679119264,-0.0508024098617241,1.8119051920690523,-0.07927349693872687,-0.045633948794637925,-0.09271670206062743,-0.07922538934064519,kmeans_k6
1,a_4a,5.477626290715288,2.002261901695516,-0.023801153724254495,2.938593539942308,1.6386344318808044,-0.04309501555747929,-0.08017468940912419,-0.0843704793539512,-0.08505952651013649,1.2439097835488178,-0.07559034413961352,-0.11037436929877296,-0.09548880450759252,-0.05256570598626374,-0.06433238732906783,-0.09144911859327842,-0.07163668744379634,-0.05349088752047397,-0.01399592064916963,2.390138855602823,-0.07586349159979601,-0.07980034850267882,-0.06828677095591186,-0.07171448615520891,-0.11051947895375253,2.4253424664487984,-0.08616511408354563,-0.0783668299501452,-0.07993765665548293,0.8915677653171363,-0.07270585547369261,-0.028580154181073618,2.684759437833913,-0.04490211782544551,-0.02320246823202901,-0.06401173107774365,-0.09394513724196442,kmeans_k6
1,a_4b,5.517038732544375,2.1469470147155025,-0.0035600776824575085,3.063305832717309,1.7015054249551935,-0.06821374762178667,-0.09454700272905867,-0.07809759228773844,-0.08056816958442894,0.20733070452081787,-0.08907729848552316,-0.08098037378115944,-0.0868457364104954,-0.061452100083900306,-0.019330114621552708,-0.08861041942004086,-0.06972855766642477,-0.041658092553522375,0.31334541841160635,2.8454064051318926,-0.025191082113888957,-0.06588730049374017,-0.08743245285401478,-0.06791261383185243,-0.09711664557513638,3.069451392909839,-0.07808914455979352,-0.04902452382843604,-0.07481025116595362,1.3641254215600398,-0.09523633186619351,-0.05648922205843452,2.773557313010554,-0.041908165959181315,-0.017750673048331153,-0.06537564788725223,-0.09401856587526607,kmeans_k6
1,a_5a,4.958973929720054,1.1029700657380448,-0.05399360007715639,2.7772043640062125,1.3963353229890143,-0.06355057842350856,-0.09099568664743245,-0.10949549833751304,-0.07823377132512829,-0.07343121412280607,-0.08580791347454746,-0.10793885708109315,-0.07882556020286083,-0.06500231912017639,-0.04168753961654539,-0.09940319689656421,-0.051600901112670725,-0.0754210728580485,0.049199402731738485,1.8417132670582685,-0.057272107901245324,-0.06443058505318841,-0.08617233518324838,-0.10154906030038752,-0.0877495682714631,2.469652433200973,-0.07039011930160766,-0.07345242383492685,-0.08259211100092376,0.258581914150281,-0.08056066381315312,-0.09296786275497228,2.1719970414254375,-0.06452942454911753,-0.06262973776577821,-0.09348329361993302,-0.07008938117871344,kmeans_k6
1,a_5b,5.061023982788168,1.3867577745169526,-0.07672206420272772,2.5384882121669157,1.7178560557835072,-0.06582065021784236,-0.08880593527457369,-0.08586220392126892,-0.08375083848766188,-0.08110554076560864,-0.08200108906324913,-0.07749047282987835,-0.07967384067488895,-0.09112667276408061,-0.0635832115782147,-0.11355330761730238,-0.07356608664305282,-0.06474013966252513,-0.025350835475176497,1.4700550549499452,-0.08034377933539187,-0.09998798415542295,-0.07680774364700294,-0.08670856648471639,-0.08336037923337061,2.5005618177733933,-0.04928807333743912,-0.04817150530137218,-0.10161760928105913,-0.0024099781132429503,-0.10179894157314417,-0.06552512418032004,1.5807745835061575,-0.08767472470289521,-0.07871434934351744,-0.0993284049747756,-0.09393565429306344,kmeans_k6
2,a_001,0.40228436843704685,0.2612626348682652,-0.020191198929726217,-0.030953208738457402,2.52466071223679,1.3491341236053052,0.21706209188230335,-0.05218327282948753,0.133984519961787,4.267482589072503,0.23829169496465608,-0.07380886083420171,-0.06173765033668921,-0.0851401738673405,0.09426185571418585,1.4762045087473246,0.973074580201287,-0.05004759294882719,1.5716148005982076,1.2827884805978607,0.32169417318147653,2.004139877970754,1.7712844725556107,-0.02178819099195318,-0.06867368766073417,0.3210131687504071,-0.04250917908670665,3.008830212500179,0.24209025205305307,0.2380724664759755,-0.059475852155998724,2.233404319693066,2.1360458861630813,0.1786503816427188,3.110178784198127,-0.02618214531766409,-0.0680071818140508,kmeans_k6
2,a_002,1.5692324931966148,-0.005681475233702049,-0.044107141535041895,0.4130684931043721,1.68766461911283,3.2414667301401443,0.4936922851322359,-0.0789057234007568,1.1835145102876976,4.562686242030262,0.7462055953894535,-0.09126641845711081,-0.004434764377322913,-0.07933568801798305,0.5813938841697506,1.3614107764686902,1.035673709523148,0.8971862263556942,2.066392710193564,-0.007740126006367814,-0.014253795280781948,1.2333614127472445,1.4711009958163062,-0.059301190149914515,-0.10155662680292309,-0.012272826195376271,-0.026380208994293622,2.446813688295787,0.23248605438038378,-0.03830351527154269,2.0453197965442227,0.290614130360918,2.027812702110328,0.020761856428245653,3.2615218946817905,-0.00573015839748759,-0.08080373866474774,kmeans_k6
2,a_003,1.4813873628891814,-0.06467896735054636,-0.06106272173300288,-0.031710054001033564,2.4860442082519345,1.280402398691483,-0.045978513087986714,-0.09210931746477448,0.03139995132118797,3.969631028247123,0.601965061421693,-0.07383553239074349,-0.07094060433787644,1.3100478912805946,1.2565415199472576,1.8399409982254546,1.711400384755969,-0.054631828882642175,1.3825500766987568,2.2473444272307876,0.5589513214904231,1.8126258191503888,2.0924761748609804,-0.022414759400120686,-0.09344230981964038,-0.059244153859236814,0.22894383518703826,3.15103872655513,0.8290236180605035,-0.060595019414038456,0.31745013563780256,2.9687142573024206,2.2845288765163057,0.2623596668641827,3.378235132836148,-0.00821284136136732,-0.05595327063918573,kmeans_k6
2,a_004,0.5899653693305686,-0.06921768948985475,-0.06087641937213901,-0.055420980351556265,2.452369051989412,1.2524945021074725,-0.03786187456749622,-0.11393238885543785,1.074546776283055,4.09986403831204,0.6556645339945758,-0.09709173885008066,-0.07724136396390556,-0.09099992669455671,0.6559526588030666,2.237304905004053,0.8467589027351727,-0.04296098138097247,1.4190997887823,2.0205479193023415,0.28031807535156444,1.9819225985791231,1.8377171287672198,-0.02699242585235955,-0.06606386169270709,-0.019707774839537458,-0.011843648739971133,2.0144196527791696,0.3450230410587644,-0.04878203828692769,-0.010034774091628508,0.3576953930660194,1.7904574691761652,-0.04538291573021691,3.59331364126586,0.1160105954313437,-0.07775619151621435,kmeans_k6
2,a_005,0.6378050424603633,-0.039923956843775234,-0.07221802701295629,-0.05344818224939294,1.4510268896749445,2.1174943453912016,-0.044478966020125466,-0.07481919140986186,0.5756895869161998,4.576456075170364,0.879234755171943,-0.08504806429836353,-0.015563710524725218,-0.01843915845737284,0.37176365800704,1.3690608772305912,1.5323841884831688,0.18404157695929624,1.3627424844606526,0.8145818720258106,-0.036081891625824446,1.8151340324734297,1.4393971245680737,-0.08088552300784703,-0.0931935014396988,0.19312744701438814,-0.05741267482712796,3.3179732790012664,0.5330353762670501,-0.0791922591678099,-0.053431177489251636,2.712160945536464,1.1262946661267017,-0.02987549217386325,3.5375883153664236,-0.018828081276290667,-0.040868813452515564,kmeans_k6
2,a_006,1.0140549712441842,-0.030559536526385263,-0.041911820706786125,0.5191000470117599,1.081245913443543,0.600630184302629,0.5311092389540454,-0.09410451242558288,-0.025993796435171607,3.972623514066211,0.3526661161377169,-0.07344112348512404,-0.03343908144943007,1.272407068562853,0.39434601532689756,1.9165105823591728,1.1921353269942012,0.055002983551001444,1.6902928258500325,0.9278827619682294,0.25674115784342244,2.033817372313493,0.472595976617334,-0.13773688065701453,-0.07186649143451071,-0.0616442244477828,-0.022823798875026197,1.6836639899555441,0.05276099794870398,-0.07245903933544533,-0.07949627482272885,1.544896241458652,2.003884787594919,-0.010278736852517909,2.986478209881177,-0.030301600633827714,-0.011882172320293054,kmeans_k6
2,a_007,2.067578242822906,0.1867211801752529,-0.04019956210190187,0.31046113117551455,1.6990008661944123,3.324042363171734,0.5949537122288668,-0.07914936507544285,0.23754568128470063,3.935259663426479,0.17521347335115084,-0.06868577605273268,-0.037657375284191594,-0.051315040280261306,0.36970686345375137,1.7673462944331622,1.171917617651795,0.07165033762347728,1.4110198704423325,0.5115568819329377,0.10857449584805311,1.79362658793686,1.4192400666602911,-0.07858222725075001,-0.09033780025849472,-0.022192726190184617,-0.057597167941069304,3.2458937391738916,0.35644302546393947,-0.050822591239431024,-0.04444704650727629,2.5903239125135755,1.5213280356596404,0.2841827150751625,2.9461049919005746,-0.008988570828202789,-0.07105516912325492,kmeans_k6
2,a_009,3.1289545140264203,0.2396095671884501,-0.048879701348365834,0.2765357207796829,2.7676983391794763,1.687404739084719,0.07554620186856259,-0.09644787579537577,0.17560606587301275,2.895432738779892,-0.05315684340300523,-0.07034949208051428,-0.012571808335805611,-0.11234481561789231,1.1300545658565195,1.9912471295682996,1.8305188172931455,-0.02642029106995374,2.1506669909297798,1.3823551559580307,0.14790804836836033,1.1632291103952794,1.6071915162367498,-0.06827620980053126,-0.08221231291431709,-0.001548476364044319,0.2840190617286312,2.567597588344951,0.5151373136373337,-0.015321865205104642,-0.03650186948475203,2.6146669393212103,2.647198546304431,0.5353465336219917,2.974068919736411,-0.07507781047138468,-0.028776506497894937,kmeans_k6
2,a_010,1.1464226790728715,-0.04724523061259124,-0.006952965861773449,0.2566031544190814,1.9696926765409433,-0.011912085774479464,-0.04186869584642625,-0.08794234831998332,-0.006416059223351686,4.266101589333963,0.645871630995176,-0.07488135768125762,-0.03502094686422329,-0.09321063483108394,0.8405644703799589,1.7805344907706622,0.8524319240908195,-0.08900257419251366,1.8154991802177185,-0.005491602758090306,-0.0528726188131643,1.3172298015165524,2.0329429740205183,-0.07489480847719457,-0.09621691929386521,0.023136919227949037,-0.03338232778366124,2.677135271336384,0.6603920994859267,-0.04049236403308631,-0.06980472653651489,2.492009231713437,2.732556414472021,0.13085073115972415,3.503675705859341,0.15282745167005482,-0.054746206015820253,kmeans_k6
2,a_011,1.9048067793290642,-0.02047457168353485,-0.04978058790583436,0.28185577550197805,2.0540821453810416,2.4056530297466945,-0.021468149868006145,-0.078831833605775,0.628428533881437,4.403596998543514,1.2840825182769575,-0.09023971733017597,-0.020801160034493456,-0.06841391768566239,0.7905520672182239,1.912774094609325,1.1329536655972468,-0.059211235639300155,1.094050626173172,2.6891963746985326,0.031597145457541616,1.5756612319188879,2.2016326480781943,-0.04816846542032102,-0.07632311849135995,0.6375114814339142,-0.044452674015739414,2.192601639013814,0.6451592624229505,-0.044561995290779775,-0.03327802988420765,1.91083781176809,2.4430003286694397,0.07797359368463684,3.5990503364156297,0.3253399145042199,-0.07197915945105984,kmeans_k6
2,a_012,2.8950492326366213,-0.024579967466996686,0.12382886788970522,0.6320939480356645,3.115192592217606,1.4028305383991104,-0.0010260507526710825,-0.07984637750002538,0.2688724402620014,4.510515709407923,1.1109906201310382,-0.05973784899765341,-0.059091641770911814,-0.08235827900971933,2.295123065292927,1.2980421132015434,1.2397059416020064,0.21781293066005808,1.875112921185218,2.777498315242414,0.7511241122660924,1.2428162619741867,1.2248596506569447,-0.04388451017087909,-0.05671980856556476,0.3840023041099753,-0.018168562938383447,2.779383746531993,0.8264636937559949,-0.05079348810093172,1.0287717241313143,0.6783166101754323,2.832284676458255,0.29855174610627677,3.0977935212824197,0.264694494879171,-0.0747103952826859,kmeans_k6
2,a_1a,3.162405471222225,1.8549972351584283,-0.02045158327493346,1.3098173166024543,2.4443789199625083,3.312683029039535,0.18722155147405733,-0.07142862162402737,-0.0233002887734685,4.6681301088881435,0.9494581452724814,-0.0684741588391415,-0.06339288426515602,0.31843382864777986,0.49797530759538317,2.7178845085775354,1.9543134863894223,-0.010555259087806999,2.8244475477037607,3.0137815110747916,0.34412103722269183,2.2602416433871855,2.7799465291459113,-0.06103012894554114,-0.08093690083720362,1.4176665793000804,-0.012478966483297629,3.915860876507795,0.045548268633295176,1.5224623826623531,0.05760247586778953,3.678538785382103,2.4631512827994566,0.1903958037275289,3.763669320091673,-0.022596017371281262,-0.06337302813308884,kmeans_k6
2,a_2a,3.350436451349027,1.2338332941121575,-0.031400503237669644,0.5143969176944916,2.2882773657663007,-0.013784038957380059,-0.06948966866336512,-0.059844802898365565,-0.037680722756858236,2.4516931712883303,-0.015079519513635814,-0.07653109452482953,-0.004390369340372625,0.6456170619692346,1.1634857586701868,2.7891660584221984,2.2044042939393735,0.5523367400269789,2.761515812318101,2.258681988279188,0.3034882992840011,2.2366995318292107,2.4038267226385046,-0.0410464154584356,-0.055342092037306015,1.0471688260060332,-0.09257910666987842,2.7005007368679363,0.14782347048654465,-0.044963770375599774,-0.056241473690195345,1.5866021665651746,3.0290318104744953,0.9435097614924628,3.797336650338738,0.20538130151277795,-0.027784003292939258,kmeans_k6
2,a_2b,1.8947670404107786,0.5057169903742269,-0.05074287269440435,-0.04738293423099779,2.2163058221688354,-0.007908472554771838,0.25225375140658035,-0.047990965430427406,-0.08934577663059776,3.6077525061861673,0.7234652243397675,-0.057431091542467505,-0.10173850485793759,2.4922213186048037,-0.00663116568055284,1.7284918840088324,1.2855794033740096,-0.028786220443218255,2.7017524242405058,0.7976385920143464,-0.06362390040945035,2.1134670731071674,2.84998739816571,0.010397992728023829,-0.06105472173434937,0.5248803863075185,0.13685942999930245,2.1030266329059817,0.13922911243097943,-0.03868849038400777,-0.05351772881312953,-0.04137135328124576,1.3677802634621947,-0.05716745998652168,3.7871835413315282,0.25720411543468086,-0.08944099657905696,kmeans_k6
2,a_3a,2.18596161578123,0.14545640755951758,-0.04730198233397334,-0.04416837333745957,2.225472586148073,0.5457470162957143,0.16323121407700336,-0.10131456701009683,-0.10072196404053325,3.372187512982812,-0.012981813099279945,-0.08704065745301195,-0.03427350329288187,-0.08561585795620186,0.7524180537591799,1.969034759553378,1.4563748353791521,-0.03767097337839304,2.4052885471555085,2.6247112527454406,0.0782991361315884,2.453372009375768,2.4602810402946544,-0.07838092486097713,-0.0512419835715821,0.5330031972015206,0.6197299751310363,3.106505936970505,0.4407308833843769,0.0777333986438273,-0.041615998622921445,3.303365205175497,2.2313694454989754,0.31600094205494444,3.372471033607621,0.10985188666933181,-0.06640594585886167,kmeans_k6
2,a_3b,2.9485187350590722,1.074883774593618,-0.04974204211025089,0.4014944496366273,2.7114455537347646,-0.009214420803393826,-0.037827117123379134,-0.08887174436610917,-0.012471212350096888,3.663449693053526,-0.011250983444270031,-0.07471154505880603,-0.07980800401259747,-0.0823671450312915,1.4315030852432762,2.4469891917733406,1.9163743238159392,0.044140704415759825,2.4856325467579814,2.8478800692007304,0.6271294152716322,2.0195160589526777,2.468391704890679,-0.03756602784004793,-0.043024261195997865,1.5108492883767142,0.15900091114863574,2.8568546865939792,0.4190056276962411,0.16765626567952477,-0.03792935854276523,2.1113285285162817,2.7983914477413236,0.08746066792441716,3.6126614372418957,0.20767795329809746,-0.04096784093544035,kmeans_k6
2,a_4a,4.214551630790958,1.2263321604891797,0.21469778209092177,0.6077171526130383,2.79193758640124,2.2449449233614236,0.30926511880309104,-0.09136391826491448,-0.02072760155926356,3.4119445692003914,0.407527159849154,-0.08474141333567008,-0.044947163275679505,2.2936604993005596,1.4268558410245333,1.746078472142611,1.9232754362872522,0.37591487676695384,2.580351467864309,2.844641479426651,0.46409652467397866,1.8734660528456002,1.9105969632547326,-0.046188687468131664,-0.0677622957666338,1.3225827154094731,-0.01003899401097375,3.6942866247781296,0.6355671153863316,-0.008083032715158636,-0.06834554103016477,3.3342562229047656,3.466839905633855,1.1782720308265113,3.5962612327830454,0.20959714059644147,-0.06742072511913061,kmeans_k6
2,a_4b,4.03475323846142,1.46728533257658,-0.0015907800566321894,0.8231724115970881,2.6321837958838787,0.8220617412652877,-0.028755659458615725,-0.09353997401675349,-0.06922795568036014,2.3145887235312004,0.6084383475327596,-0.057643094544818634,-0.05294521696073165,1.343279932401878,1.7588668326974313,1.6390714100219572,1.8157805166408085,1.7242517666622657,2.7384268604047914,3.3424656863370084,0.4726698278221641,1.941567630268977,1.881226612719642,-0.07184409025992652,-0.09372559710229117,1.774125223034349,0.051199547099955646,3.747390201576918,1.4147045132089988,-0.020372730836734358,-0.030658928390221066,3.42765057467652,3.2277916922344274,1.3154317216659628,3.4616046842917356,1.312760738646855,-0.024157284449321956,kmeans_k6
2,a_5a,4.466447710671353,0.6120930828646598,0.18964937194799825,0.06861301656573657,3.181536503268485,2.8467453942204246,-0.03724993791404291,-0.07885524872006563,0.3576533105351941,2.2390959856055224,-0.003093238754656917,-0.06648745030061234,-0.09958647202819032,-0.012142508575825814,1.698366076766834,1.0775350125244878,1.8742822531741963,0.9092113380769786,2.4818997496200708,1.9810965782863708,0.6332809201264272,1.8307339688151714,1.8520690046807267,-0.07073096826498874,-0.07030110942066814,0.08463026132810948,-0.01770301580307135,3.7320974188166325,0.38733023413004497,-0.08588949018013425,0.9367651856608503,2.6507266421147024,2.722708430045831,0.7497740041626605,3.5449997360892764,-0.007379362159301352,-0.024612449408178888,kmeans_k6
2,a_5b,4.7637986759485695,0.3150816553799801,0.23377081326004068,0.26627454900815817,3.043106244202738,4.015565280652115,0.35073789771713504,-0.099911724517529,0.05946065710245708,2.242353531844982,-0.003904504738254766,-0.10445594252809508,-0.048067514294311255,0.8911392625511434,1.640773632018555,0.8445362451890432,1.855099320912748,1.2049975524139458,2.3571756577412355,2.1965433801952994,0.7470616603844602,1.6764878853569942,1.355968495688741,-0.02818783724093559,-0.07933922139546246,1.0000118230463297,-0.020391161066183494,3.3700643962335626,0.5242146858586679,-0.01100165592319315,1.0102449112352447,2.323088820909563,2.731813846429023,0.2776342307159704,3.391570557177332,0.13839532918496517,-0.053079340936157626,kmeans_k6
3,a_001,4.384209787446114,1.095291371201009,-0.04804987343865783,-0.005573581073074124,4.185254251790589,0.8246231628650555,-0.04099844644160998,-0.08572731709421469,-0.06612506231707577,-0.04440222982704875,-0.07271489729527489,-0.09860288275054313,-0.08790831924857023,-0.0988685993265848,-0.03273456048514616,-0.07653689969532013,1.5443490864144604,-0.06695297284012544,0.5541536609252464,0.8757799303605986,1.039103155289093,-0.050207012255772704,-0.03167652803022246,-0.07855942674445981,-0.0887817906026217,0.20437154175813044,-0.08832795870038948,-0.026017621085224728,-0.07729410681834625,0.3889989271310924,-0.06552592630020887,-0.0626136383069375,1.9417710800412442,-0.07116769415941801,-0.028278864712436243,-0.10598311324564816,-0.08614511858278398,kmeans_k6
3,a_002,4.070434877372733,0.5128575885026101,-0.054802839548758184,0.26514827320700707,4.435664128506259,1.3326385020006501,-0.020953896292508253,-0.10182858905925372,-0.05779656913473878,-0.029619605338274384,-0.08386156502701142,-0.09381744173535098,-0.07725218062884567,-0.07401819316751976,-0.030952384486337,-0.0809439316414713,1.11326514567333,-0.04878446230474609,0.7011906166500037,-0.03988187531143547,1.2135060973550547,-0.05160814053474958,0.34829192651375385,-0.09374800104187908,-0.09475389872764708,-0.04482596953843627,-0.07839609126279284,0.3321113248963457,-0.06346678789889057,-0.05088043136125867,-0.06596749314896785,-0.06648626734202162,1.63706007506916,-0.05326485085430715,-0.04918203751052583,-0.09471954167485624,-0.09106461680808096,kmeans_k6
3,a_003,3.3515047273335186,-0.017305547470141708,-0.05931586284214373,-0.03080103922433852,3.8439340724916975,1.7384216827656063,-0.07923564628439596,-0.09649152960542881,-0.09075034837811774,0.2653227577055854,-0.0944452232541894,-0.061487832244004594,-0.10237469986386558,-0.01870077326744531,0.18002418961570477,-0.09190768370007053,1.3467327270768852,-0.06195285785090586,0.1730802397759747,1.8644930974535898,0.31866946466639406,-0.019692544390940144,-0.064922492224994,-0.0908857240634398,-0.08588360053531181,0.11670163349621063,-0.05865674535601329,1.5964136390759498,-0.04084211795324595,-0.07828268800080514,-0.08639294474322812,0.4702088850158833,1.564145467324185,-0.04002707689986499,-0.051146479058346066,-0.09477169391687257,-0.0654625245983101,kmeans_k6
3,a_004,3.3215558137292454,0.9691814132128371,-0.07250189570335902,-0.003056647152871547,3.860425171683144,0.9237284326961361,-0.036706203333867204,-0.08703347846068199,-0.05228199635159691,-0.035283885253760125,-0.06517754308677788,-0.08355563123817927,-0.07023979859927794,-0.10125514819427653,-0.04599541910520471,-0.08451049188838869,1.228563350461119,-0.05190542460634682,0.4419638214352179,1.4288684723123999,0.7185413818266361,-0.08051778033900382,0.21166464072318666,-0.09185785608222752,-0.07622048023713783,1.2743584759117368,-0.10996597160783442,0.25489301599409875,-0.07513434687576209,-0.06956660621725451,-0.07973926936100997,-0.09455313212379127,0.877161002441166,-0.07981146511217622,-0.03305630041081468,-0.09538018724948347,-0.08524656091077255,kmeans_k6
3,a_005,3.4708269367364144,-0.015015620895383278,-0.0455004806752479,0.09533567768546643,4.262599357648172,2.9889816170602144,-0.020538010739766775,-0.0903039071581633,-0.08302569075726068,0.5477735974492541,-0.0895851398744682,-0.08683876202479335,-0.07221468977826159,-0.0838181506542515,0.14273867162186576,-0.09601431295431605,1.3005107375164755,-0.04724650072686665,0.3585366668526956,0.06265667981147424,0.9338141086188696,-0.018239681685703734,-0.04131874594164049,-0.08912632783697334,-0.10644071589263514,-0.06255804822293454,-0.07774050084437263,0.8797302427062121,-0.04078390236387627,-0.08529821463794675,-0.09652745980192104,-0.0676168836192912,0.5721623189036904,-0.07367331217592984,-0.04923099676270398,-0.10154338525853641,-0.08063944228573783,kmeans_k6
3,a_006,4.330073478144288,0.3716414715444196,-0.05986538343921394,0.011746136447534762,2.3153988538906423,3.166920008495495,0.2310398643565634,-0.09244569468181202,-0.09005872885806926,-0.05221675277811715,-0.07814372184458006,-0.0960348760672177,-0.1067023221881147,-0.08221173075725302,0.12649136305950925,-0.08483098690920995,1.538004403747848,-0.06454927326652303,1.2732815399156174,0.33125029265132583,-0.011126593396122701,-0.0002603917353231588,0.2050589814033308,-0.0892778427245661,-0.09160363375971366,-0.07281777079156437,-0.06633695648167755,-0.013541855278089755,-0.07474327672281951,-0.05604316760896173,-0.09464918403911542,-0.07390292624563516,1.2745097277236448,-0.06736374139935089,-0.029915218797191848,-0.09903247620529404,-0.11124453034971957,kmeans_k6
3,a_007,4.0568685928493435,1.0510991723993077,-0.04203739540166552,0.35425078216446376,3.961610061349755,1.2205558243019137,-0.02150454026681996,-0.09882628834530346,-0.06263487157386466,-0.004996357559415709,-0.06655128641185501,-0.09322320444413024,-0.07227615666062623,-0.07971026854787011,-0.05074843738165215,-0.06064831106946228,0.7137189910692562,-0.06856644256505728,0.2764669596994792,-0.002326003413592387,0.8822617635660888,-0.05002156367665296,-0.009364266925701957,-0.07290219117240136,-0.08927306954513861,-0.003616356417773978,-0.0653372176062788,-0.05236481685798628,-0.06380045886436425,-0.012965628820058658,-0.09692593374875562,-0.05809034593970138,0.8186812005140034,-0.055452283435889434,-0.04412832229100532,-0.10559526944367426,-0.10562050822615886,kmeans_k6
3,a_009,4.204649846289726,0.33101621791061814,-0.04091964350838731,0.2592660270608959,3.859557574487384,1.7414447302659726,-0.009518606274182823,-0.09282342659262191,-0.05385277431712874,-0.0573702049545079,-0.07020148981460587,-0.09230587504455424,-0.06763784048298029,-0.09255540417635663,0.32339064907074744,-0.07454782949499202,1.5162638830554211,-0.04678938947550184,0.5060420269199675,0.773036566994991,0.3513238187085877,-0.029880350763875525,0.057923447700575705,-0.0801937552148958,-0.09754331249057917,-0.016793610535332865,-0.0655210083771946,0.6509272333424906,-0.028389341762012823,-0.029738947931088836,-0.0768287815877998,0.26539086978674487,2.3398655845963163,-0.03612313797910182,-0.01754606188676246,-0.08530470826844296,-0.07770334737766693,kmeans_k6
3,a_010,4.218151956936723,0.3653000105631083,-0.02653972670429994,0.1657908265907906,4.324783188917068,1.8246952966275947,-0.029377734699393254,-0.06495967860744918,-0.07383032329355406,-0.06905684057979364,-0.06630583979043653,-0.07647962464330442,-0.08114403188599985,-0.11370213229834245,0.2783918100646508,-0.07851086827280533,1.2810859971511315,-0.07475057577342889,0.8110030476280424,-0.10617932437670502,0.9864081522957662,-0.026846214859987966,-0.009507281904085117,-0.08592956481918054,-0.09460243694395033,-0.024933372817889498,-0.08220438250702362,-0.023005896897703156,-0.07697966541726171,-0.04825358383269048,-0.09545378556229128,-0.07291814663151433,1.6621619985828564,-0.0631296724947377,-0.06688236834923818,-0.08238032940886048,-0.06670645038453783,kmeans_k6
3,a_011,3.26557445656771,0.3129416010773326,-0.06062729198290037,-0.035124459110613356,3.938991250350492,1.3129523703686323,-0.029675723312069018,-0.08572127064290735,-0.08385251301043573,1.5265096326412382,-0.04908249620066471,-0.08264871481480654,-0.08585405001005761,-0.10503099691447626,0.43255668213099907,-0.05811433529502834,0.09098149424316232,-0.09642286622156263,-0.029987355769108714,2.1103675771023935,1.218808201163773,-0.035941386048137056,-0.010297796602001108,-0.08077287770050101,-0.08409097207822042,0.9120677663307157,-0.1025899143947157,-0.03287701224841494,-0.04287469699204399,-0.0627335314513889,-0.07087941800233583,-0.027099129936283058,1.910399482454674,-0.038031310262110714,-0.03131974126888207,-0.08367384068980303,-0.0844515150158585,kmeans_k6
3,a_012,3.03630877920604,-0.02948423485447699,-0.07959781772300355,0.7059720502538235,4.005082965826767,2.7268706056715573,0.20728639111024014,-0.07350315343296816,-0.05158302563297863,1.8637437621195978,-0.04190426053700572,-0.07999510460963102,-0.0820458623854406,-0.08179653283510638,1.1994545032057191,-0.09559761050919342,0.41774408643600525,-0.09433301704239319,0.8174326863871169,2.1948887933783325,1.0927370036096424,-0.05846816382397898,-0.046840304583748514,-0.07747861731046356,-0.09802245268892279,0.2233367011579492,-0.09037182071454765,1.0751700077821578,-0.03527460164777528,-0.06940252346393685,-0.07158324591093045,-0.06245552044692086,1.4764875157272659,-0.06365097601737237,-0.017898645473323985,-0.06979940489047577,-0.07173820141826903,kmeans_k6
3,a_1a,5.204221159949874,2.6280356868211143,0.08586625995741796,1.0907201388563235,4.815850907505235,1.2093491648145518,-0.04322473449799121,-0.0894157950445081,-0.0646930552604842,-0.018001509498282157,-0.09004143024934477,-0.10406984115202951,-0.0878117584211139,-0.07442165687884195,-0.04411010696116085,-0.09602485508366175,1.919157285535999,-0.02745590060081704,0.6598848532379988,2.243499278432599,1.7438736674831197,-0.039876468886338216,-0.032224954558109815,-0.10665130507121857,-0.1011791722393289,3.2995696589813828,-0.08878631334732953,-0.04511909136374613,-0.07594953324764532,1.978872059621742,-0.07306334996872643,-0.05363657872047084,1.9467043865867053,-0.06866238277003323,-0.06788625047480301,-0.0982683762414869,-0.11266638387962997,kmeans_k6
3,a_2a,4.715545164707992,1.995706750408222,-0.042244068469000175,-0.036125401580182764,4.698519459524038,0.5912247622022517,-0.04620678627436504,-0.08381781793112228,-0.08443799780405614,-0.08874990666728172,-0.07792522449034522,-0.096237377730354,-0.10155663261725056,-0.08552144138998055,-0.051624955522458174,-0.09103998886617498,1.3391497073879495,-0.06973775705759544,0.41573077254098906,1.4753170411600771,1.8728262808866698,-0.05295225430853023,-0.06900538356249383,-0.08815631290552862,-0.0913704833856995,2.5533651413341474,-0.07394841296541266,-0.06559861419748958,-0.05724037895513451,0.2660064284973612,-0.08865953943315044,-0.04911956234487194,1.751688826000763,-0.057930494228488,-0.0573347146591939,-0.07066881959122123,-0.09297924138412902,kmeans_k6
3,a_2b,4.598660047370407,2.197280769070646,-0.025486576132274064,0.042093845324158635,4.705624096730918,0.6825435143692655,-0.051341009326289544,-0.10080198438980408,-0.07398279265852067,-0.08223856988011072,-0.10994468958196896,-0.08365431231411126,-0.09586308630166951,-0.07547388126542053,-0.05400551839733214,-0.08268777617560724,1.3500173535210256,-0.02182755939007957,0.006960249233590941,-0.054195338201600676,1.7703071687247558,-0.061613583772666,-0.061602128115586824,-0.10991153692813625,-0.08545050542558344,2.631644722724457,-0.06894304325404288,-0.06644988286487782,-0.07803540884224452,0.2773492346629597,-0.08750201721158853,-0.07797513609543635,0.4714184896968894,-0.09692356867901573,-0.037118449656564675,-0.0841885312980433,-0.08343160441113309,kmeans_k6
3,a_3a,4.826944155141733,2.0646244300350123,-0.04570923240395597,-0.04897345219650498,4.5732503725800555,0.02268121351455607,-0.05886928905487553,-0.08569193879610054,-0.07744851879571399,-0.06692971964121286,-0.08231015457724716,-0.07232029759332387,-0.08768953760317363,-0.09637178345648706,-0.05599570796306151,-0.07673449222635653,1.118414553124571,-0.04820530936569292,0.30077477293416416,2.1793432137127517,1.0953988283809393,-0.027386016752360087,-0.021800074949289833,-0.0729174182115013,-0.07238649609426102,2.5849896807656356,-0.07105956456878135,-0.04494806737178046,-0.07672918663128893,-0.009359763701486582,-0.06736039724172747,-0.04135681395308639,1.546998413464347,-0.08163018373200615,-0.05333443158612759,-0.07619071587859384,-0.09989733412584653,kmeans_k6
3,a_3b,4.700933522637037,2.2203891201765,-0.043947716285983374,-0.047708423415786995,4.428813661940481,0.3435845952765711,-0.05215076249628549,-0.0807627086143109,-0.08787156557274003,-0.04987077560349667,-0.07798337462995053,-0.09399489622466153,-0.08094293351010118,-0.08133012897219469,-0.03469356609685045,-0.09595485819151478,1.207525487921735,-0.06157025196335829,-0.021012381712457392,2.483217440390865,1.4105059039147139,-0.03265413037824355,-0.05576185644884002,-0.08038367270361174,-0.08001423016057421,2.9265140944644887,-0.07230969789208984,-0.05151829409886463,-0.09618500041875691,0.8143949105414313,-0.08262153599413445,-0.052162911931417554,1.7384314111543882,-0.05579299169128481,-0.0223517354447652,-0.06643388863245754,-0.09837835279175199,kmeans_k6
3,a_4a,4.969255028687614,1.6187783639400373,0.01943465613444027,0.0384764469290188,4.146504372771828,1.104436528029897,-0.052473088920618374,-0.08825349228601947,-0.07755321479120435,1.5792686128977584,-0.08997101264307189,-0.07613753678176914,-0.08618467517713531,-0.025464169906720856,0.37133351940388304,-0.05942090371381713,1.4785309689169874,-0.03332921978976958,0.6646040526499216,2.5443389522132756,0.701874752521119,-0.02110986234122289,-0.002196362897661469,-0.0871925018896085,-0.09140610301625902,1.932380217810506,-0.06950701457409514,0.48171746431772466,-0.05860744766799114,-0.004960991954277213,-0.0643443074202198,0.27127947919302353,3.0078480926537785,0.029532249332204424,0.5154835625726446,-0.09722238029440926,-0.07464964286533321,kmeans_k6
3,a_4b,4.974055988235074,2.007094002615829,0.5792581853758436,0.33062257220974994,4.2618443339847065,1.1591693691255045,-0.019645863828707824,-0.08715865113796414,-0.09126104453736772,0.1117608923249429,-0.08112385724260074,-0.08634367620815062,-0.051124460169413286,-0.09330612393189289,0.419110683175024,-0.07830792522990243,1.7108428372738183,-0.014309449461966437,1.2528518561527757,2.993226048641548,1.3837845088088403,-0.0027324215238556846,-0.01407995874585255,-0.07612104816935047,-0.10232823029386467,1.8909661906288282,-0.057973246524122425,0.8223123196769295,-0.06169836188311099,0.9710076812277824,-0.07378561824704871,0.21455191558536085,3.003520234959581,0.21657151008014758,0.010655891505933532,-0.05932938358249672,-0.10033939133613662,kmeans_k6
3,a_5a,4.6941481438050925,1.274295614704538,0.1294899485540247,-0.009442213397220846,4.020969970942173,1.6844084269374564,-0.04641236169951759,-0.08555871858782377,-0.05975436230697585,-0.03947666115272418,-0.06305016379102094,-0.10103201450250296,-0.08481189155861735,-0.08399173122360733,0.32490009020348637,-0.08171105643638077,1.7118925063294874,-0.04178979160026326,1.1230592690032448,1.907756746994985,0.9400673017143694,-0.014908101479229639,0.3597523888763413,-0.09072894198638451,-0.07534202330120938,1.1689536839594026,-0.07855441136158639,0.11845846501639185,-0.06094784540235141,-0.005828700881371703,-0.0785608829706807,-0.02177483654187644,2.410184985784548,-0.012929742349258352,0.057924706178258525,-0.08928552756766986,-0.08911506275077419,kmeans_k6
3,a_5b,4.512532642075617,0.5126597863967122,-0.06061558268669445,-0.039841029445464846,3.474404677091642,1.1124960035062887,-0.05001791277821302,-0.08106795968772136,-0.07934518315016714,-0.07946458537311821,-0.06519581576049863,-0.09341365482592129,-0.10053061918421845,-0.06878250606243316,0.04401692857873525,-0.11218258039788065,1.1030112836645571,-0.060418398252258136,0.9614826730138806,1.3162035939332966,0.6866724595679083,-0.02453526631267519,-0.026855813050357568,-0.08407944128420936,-0.09292317753108678,1.5247732228462727,-0.06929332922929621,-0.025720547885086154,-0.07029537586447906,-0.02946608868419484,-0.09783309274782892,-0.046140185213809,1.8279689686511364,-0.05176078399459025,-0.012618652020751924,-0.09018872749378479,-0.09851868777751438,kmeans_k6
4,a_001,-0.0004993508362373287,-0.12878078329150114,0.4996010031068492,-0.010544781919388787,0.8192317147618715,-0.08918482472832513,-0.11720268473465836,-0.08741775904816486,1.0240235990624935,4.597961111945412,-0.015676862098839228,2.1698924925899514,0.33578668449363175,-0.13788963688558062,1.5972854555555536,0.0921403599324396,-0.12285366499862904,-0.016405421716210993,1.3021634813964003,1.451748274263879,-0.00722452077988381,1.219624549296777,1.2707614543295345,2.339631785993389,0.3719622024732486,-0.005946530373275294,-0.15867061626076703,2.373195531689595,0.34664079961632105,1.3388674617156222,-0.0995895100003385,2.978304763131275,2.156299051744386,0.5817073831936677,2.6905316983793583,0.30998343270816225,0.5644790909334796,kmeans_k6
4,a_002,2.515243375044693,-0.08884709668315267,-0.05426438058498398,1.2419228985729147,1.2514284651294123,2.4064236629208935,0.5173052707744336,-0.06714828125854552,0.2578659147911842,4.351975200413971,0.538297474623792,1.8313245653471897,-0.06006191606541935,-0.008277011031543888,0.668672077340695,1.207500903131448,0.9249381052902655,-0.020882103592820625,2.278796640514579,-0.006359578269246767,-0.029022654329963454,1.5584528790022638,1.7212333169371696,2.679109279169266,-0.03712002463657695,0.7046974766635661,-0.040672037312050505,1.4795768068663055,-0.1029286648227748,-0.06268584074012484,1.0869289636378074,0.08346042311729757,1.4432085563659018,0.37846734968806206,3.296600760201403,-0.039984282232389375,-0.14053697142024846,kmeans_k6
4,a_003,2.079494955133052,-0.05153931569844924,0.15972586993708035,0.2903542928097699,2.589703804434159,2.257667696561171,-0.037169099801352634,-0.0805616180397727,0.037177991034924605,3.8959873228875894,0.1350537190351466,2.24154042393181,-0.038256702418954486,0.04442083367350258,0.661231567211677,1.8818243798578482,1.7808682173104375,-0.01933764382191945,1.1493461700762508,2.0759720558510706,0.08309863602360085,1.3581946938657468,1.9770982104013446,4.177196412687033,1.0112765722603212,0.12820037165305134,-0.03578835429140716,2.058908232761982,0.34513856811751553,-0.08159906116499795,1.430491444116218,1.1491528923611278,2.2259231033111933,-0.03570158726606584,3.290643564935613,0.08900653015058514,-0.06394453034770578,kmeans_k6
4,a_004,-0.04801487857226998,-0.00040805944040455907,-0.18651437543300445,-0.07195396149350185,0.9615930557197163,-0.16621693255345663,-0.16359994126143784,-0.19410288310614074,-0.18549078047455902,-0.07836032323016422,-0.11509936257493689,1.6606066794366101,-0.13956199906006636,-0.08969826043475125,0.14896851211229586,-0.19265597494315925,-0.048051945655135236,-0.1342634193412298,1.6375719816238832,2.339693700503841,-0.14233070774103268,0.3543629038614312,1.3323598294463888,2.8009537648182294,-0.11449442005659935,1.3580723891415476,-0.07767316530582749,1.0715390224908894,0.20119860400596992,-0.019708052000264188,1.9208210260843055,-0.03244390801926178,-0.18718272778562217,-0.08545849360639578,0.8478034859667903,-0.09738207347545205,-0.1639354761926141,kmeans_k6
4,a_005,3.287992348624203,-0.06624029457823656,1.0513546363471398,0.49291489079939266,3.2532219254969457,1.6017885371279565,-0.04160343197073616,-0.0979646463673862,0.005592035209493487,1.7355727378195944,0.45247492032990666,1.9478877099460856,0.05942231563865526,0.49912358891496517,0.4978258543239298,-0.005135759953775642,1.9169384232306204,-0.03671301662090391,1.5202952591247432,0.8776452641092369,0.7748258881909624,0.13709953550921064,0.6339770815050062,3.244505709786986,0.5353028868465739,0.19521191238437746,-0.1191612373995979,1.9451747097554835,-0.041767201449730534,-0.04784232739770638,-0.03376831458061359,-0.07023461067891087,-0.006803782672049578,0.5488185760411336,1.5601251226908373,0.1050628935120454,-0.03906337999118906,kmeans_k6
4,a_006,1.7199500194298336,-0.023159653798692274,-0.015087556629335187,-0.030592092265474113,1.5212430178464662,3.5763972236855603,0.6384867676302346,-0.10739593307561549,-0.005267737285211215,2.880104285413695,0.19019844875353004,2.3353464027189976,-0.049081233197047415,0.7638007237776258,0.8140361303866861,0.7579029746844771,0.6066532676383514,-0.07669210568214394,1.8254631519516114,0.3252055149283585,0.567149632004896,1.5680920170469133,1.3656409291592928,3.672179887782888,0.43179364020414485,-0.021945039803300658,-0.055028860479152564,0.12374069757166528,-0.07619955423987831,-0.10098208984512581,-0.05458966785122825,-0.000272399276851537,1.2079120783466166,-0.009612851061759917,2.730940398938947,-0.04493252723587893,-0.05748180939358618,kmeans_k6
4,a_007,2.7468472033870666,-0.009081915342323306,-0.07348412539751731,-0.010703184989216725,3.404624860266069,1.693873732035013,0.1020911772151903,-0.09722493122836075,0.559328068326346,3.945967116896483,-0.005980160206006902,2.428475347035294,-0.031115651634081316,0.7895025416150168,0.298475694909014,0.23123808372430582,0.7419087307162522,-0.03410561467671471,1.3841793161180598,0.7645536061479256,0.03250980494174896,0.05292338457178716,1.6573937049047618,3.650143079275475,0.8374856870030132,-0.016982160822219605,-0.07157260989788833,1.441191286242033,-0.0033977163773349847,-0.024156558974460025,-0.13569304697461998,-0.04538035412483568,1.233823401619312,-0.02802824255295667,2.9562980242465886,-0.024687503340212292,-0.11000335579936528,kmeans_k6
4,a_009,3.437142368519117,-0.018711808626709417,-0.06178949627382674,0.28044454703032706,2.8626316974185437,1.3263352575068381,-0.06181645164252019,-0.09413831933610857,-0.03912744747403279,2.7063778434305905,-0.015317446039275791,1.933302167765461,-0.07527554419079976,-0.09556587306966113,0.4742061154419361,1.0970730076285111,1.8820058584824457,-0.042939802663942386,1.8706543878504764,0.9294409307376885,0.4274051257324556,1.0781332480392813,1.5645940050282372,3.3762426584039056,0.34218059696317016,-0.010651650770782624,-0.007997414900486294,1.674562809632596,-0.00938365546479425,-0.023389960386735582,-0.046668696696716125,1.4352057458799374,2.581758627184564,0.39563379565945994,2.628716791939948,-0.07580157359820487,-0.0626101424275231,kmeans_k6
4,a_010,1.7248325843180707,-0.157547510380724,-0.03898572334960235,0.04418514461770052,2.753912225034917,0.16364111217497995,-0.17182018133130386,-0.029951379635027874,0.35169867500774665,4.118671099382056,1.2914001549921454,1.5768189626452742,-0.13147066764268206,-0.19088241586255342,-0.17111711052624765,2.413954856180216,1.77465897913425,-0.13157350095432022,1.573995200132956,-0.02268184394621674,-0.04877394276957404,3.4568301110477697,1.0868009690296863,2.6057096166636353,0.04340433658014917,0.9937614036000606,-0.07580232246423078,-0.07972694060719791,-0.09189020993122061,-0.10003355626480376,-0.03318001650389785,0.10269694373051302,-0.164138482120188,0.22322714824204304,3.0895531613623084,-0.14720090995806748,-0.03160614736800442,kmeans_k6
4,a_011,3.023294269513264,0.04314096675965266,-0.02564453427179485,-0.1191715824851899,0.8887275362413268,0.894631212987296,1.276492787801136,-0.04906781744822431,-0.060726118699559344,2.2781438532577116,0.591979866471697,3.2692682508755664,2.14349384207985,1.7887335731252791,2.605684735487531,1.0696929163935256,1.782546155604834,-0.054784176823431195,2.351844385993276,3.8505357625015,1.462330990194039,0.1725150517600376,0.05606220521982425,1.8016667473543688,2.775660398389128,3.3322052565921236,0.21237498110060668,1.060312452394277,2.189872822216032,1.6597452418700254,0.7769246012001909,0.1286140451813037,3.630887904571333,0.7367704255518648,0.2651897307441179,-0.007388413531930764,-0.10658149983662248,kmeans_k6
4,a_012,3.3190112450929425,-0.06540790662547706,-0.021267879013932293,1.377768093320745,3.074998468591954,1.1942237244323781,0.08016060243952769,-0.02911834491328664,0.3783395650648421,4.366743396182987,1.5496171191897452,2.404748289023098,0.722637424393651,-0.0724589561075243,1.5626218468978872,0.6518029593246039,0.9853951117476165,-0.09918754436351564,1.6491165258816631,2.414837968792763,1.0104466587238894,1.4537211429587222,1.4337884036713053,3.639327449930759,0.646218226408651,1.7081205401866668,-0.02725688364069033,1.6792565231228853,0.37083809107480653,-0.023278859265082556,0.8418416085926348,1.030681123787783,1.8923562105703402,0.06622530007522891,3.003342371185676,-0.0072552707552800124,-0.12498474125666087,kmeans_k6
4,a_1a,5.267018488294175,1.6229591718808938,-0.023382117193402312,0.8832783529136751,3.4619684904372843,3.9196526601127486,0.6739573524737938,-0.022711916411175717,0.1010801171163924,0.7338805242902068,-0.1282771086866244,2.412371744349241,-0.03449622345886754,-0.051729355666091104,0.11139351281163466,-0.09597240072977661,2.1115561591065948,-0.11291629010869803,1.9768783430696721,2.5932931395666032,-0.00799008280030536,1.7065609355790472,2.24677479947139,3.4263739944229794,0.010416860855826705,2.6952868943865727,0.18859716394088427,3.929516256181797,1.367132810080942,1.9047172328515523,-0.03355573018895265,3.9801153794248876,1.5877237990755382,0.4561471211996812,3.297232044688595,-0.048884669672079696,-0.11041860512898294,kmeans_k6
4,a_2a,2.6389828598358505,0.8153882175866977,2.28109886576471,0.7759676603190274,1.7258005866445478,0.5868361400501647,1.0332706365446405,0.1916924639063339,2.371343731853615,1.1178299811665677,2.0263350978958368,2.236377055563267,1.0654962863692519,1.7486744076979812,3.044156379808146,3.1645447679746543,0.8421491055721656,0.9392163205351267,3.164709480373659,2.6032732576316846,0.8975928344280794,1.6375098794425287,2.3752172282713095,0.4657287685385517,2.1857614029463877,2.708298548308758,3.349673445479847,3.989089871631994,2.5728887152442823,3.376779961871967,1.5657695143601,1.3663185399599753,3.7691825550460787,2.2599256226009405,1.4742509929040122,1.1930288010149779,0.7735579148260573,kmeans_k6
4,a_2b,0.7150799100921035,-0.12157000111434085,1.416388493435573,0.415865544038302,0.3743117770025134,0.2935842793917598,1.1757416521287622,0.005742619761753706,0.06101227419836762,2.703534008995005,0.7922240678366574,2.101060937265696,0.12228651724356353,1.1261410173705857,1.101186405028492,0.8787788772766285,1.6402356526634658,1.3961050275138445,2.299994125675325,0.32580470083145685,1.5500867924091546,0.773783353681415,0.8577616350069819,2.455143248711989,2.114292918422384,1.5279827960636596,-0.09869116774417666,2.7599557613092642,1.6763998211987479,1.7260634167450644,-0.08444133141126485,1.1981292057892134,2.686846402684627,-0.08619469740388463,2.935476301842943,0.06361841517348588,-0.021066802808922903,kmeans_k6
4,a_3a,4.8083607219770625,1.2590777308770562,0.0707286732512159,1.4423189970658346,1.0731193456191896,-0.0556928147433286,-0.05644511577132766,0.283682195462664,0.3571804408187643,0.6214142446053253,2.360244861316474,2.204378904438009,1.8740586427841996,1.9742444001892334,3.2296823157732106,2.5286313297359966,1.893254885253258,1.1666723054991923,3.014468723251441,4.843708680059868,1.5999178710467907,-0.0312820480593836,-0.05347733998443466,1.3945777622904547,2.162881494780202,2.8770584081171626,3.2550049721560272,2.8372336761863304,3.0199291832264237,3.0625951804858187,1.1482580960459372,2.639814195399573,4.706915032168633,2.009009446489687,0.9911775498918498,0.6616588399524563,-0.0570233026631205,kmeans_k6
4,a_3b,1.4756102656423187,2.178085554649653,3.266479095465858,1.6982261503855052,0.45140495428806404,2.4145599469077728,-0.17318485950851906,-0.17984690630160377,-0.04196205006858905,4.768697106522988,1.4461429316297858,-0.1973444561255935,-0.09671935941115395,2.0110524264108864,2.3096568431841487,1.8401942280680854,-0.08883049677356511,0.5002160063159985,2.6358764388540377,2.682654913262905,-0.1335324931477242,0.20021509549908667,1.0014275793704632,3.601926159395993,3.6746714236703797,3.0749303166649047,2.40413466006271,3.768930832070188,1.7047296594622277,-0.017049632452660727,-0.03124819858416628,3.5439830025738277,3.929274313382616,1.244652863333869,3.4351429667680056,-0.06649062988786122,-0.10587540550022738,kmeans_k6
4,a_4a,4.539669308008988,1.3008759349946768,0.1947815229398093,1.4195432226456834,2.8318871716495924,2.984484457921718,1.0239723879106046,-0.04243067069561956,0.11622379674106399,4.155468710347292,0.3452814608048058,2.2758962052417924,-0.009678762536952953,1.6244396059970214,1.8451412587768006,0.6021085207559136,1.6545073347783914,0.7063405795104388,2.6902875464548552,3.2495210100666636,1.1004996909098075,0.9679032393925913,1.6292769743470967,3.803874937393158,0.9919578016385584,0.9108777489464139,-0.000943356891873352,2.217650443127256,0.3854097482497275,-0.041024858708196055,-0.059389142812344385,1.3788122239484815,3.4842652945149677,0.5403916035535168,2.962793769086882,0.3737851246229522,-0.05350419607005535,kmeans_k6
4,a_4b,4.171692135540193,1.8703598967980235,1.3553502682987961,1.2017627819867656,2.154858393976819,3.220182719726254,1.0201424160521597,-0.03715675703750782,-0.045208499239318696,5.0147178386654625,1.4508492328729297,1.6646716456443975,0.5669558142794842,1.674835840970424,1.608830011292712,2.1800181631185924,1.5863300361050428,0.5346516155537897,2.7719141360980144,3.338475000761801,0.12803770259030692,1.3752613783402106,1.6703577686285802,3.853333995137407,0.06330232641553567,0.1951811457023766,0.6656639090103584,1.8011895547714274,0.2858010471395127,0.14924058259589548,-0.09881920320942747,0.6412354473547632,3.0192033153926157,1.0595390143016594,3.8933977815861445,0.9868485927957249,-0.04856044511713203,kmeans_k6
4,a_5a,4.913744505109284,0.30936736251422237,0.35174752163429823,0.7889714304398239,3.2849515856452434,4.089102130606628,0.8697079208741829,-0.1287779348056086,1.0472413781733896,2.4915060007484433,-0.05631583451939382,2.5615934148789226,-0.08368601950748031,-0.030050817307435796,0.402992047874319,-0.03632743056573161,1.408897718472909,-0.03685053933391366,2.1484782638628093,2.1866153833502153,0.5113250677111965,2.3735118258483756,1.8095952456058138,3.55744695837749,1.8239331922008026,1.1103882467375885,0.2826214567869689,1.817075742749151,-0.023190455792108905,0.0016679773353462692,2.507036959103569,0.9685250821040587,2.6605146316318713,0.5194759250677362,3.0632769586014,-0.08302964817988068,-0.052835920161145924,kmeans_k6
4,a_5b,4.911052625417687,1.1179461375899291,0.036802384961838276,0.12516544202310753,3.2671089611308535,3.582390041493358,0.5196563183716165,-0.08400391713923287,0.08399124818827333,1.3601929627139602,-0.01801384118991009,2.6484300905528255,-0.03612449310050499,-0.03774148918311758,1.9546354278509164,-0.014323807199818631,2.650569035742802,0.02895846326235438,2.1954453385888075,1.5490815195339995,0.3250492885925977,0.9439330690670418,1.3291449884161641,3.933293149576254,1.1952897247518626,1.8340496868017324,-0.01661628165788626,3.6269256899171025,-0.12210726262140274,0.09943355241299125,1.8249992451026917,1.952283461452812,2.669937942513709,0.5733033471349275,3.352698849627013,-0.0690278464876322,-0.041075655684349135,kmeans_k6
5,a_001,3.542119553321887,0.38755069189455843,-0.027496148345250812,0.9155061283814494,1.9115853726017298,-0.052693160855390046,-0.07319028422290666,-0.09220754677720129,-0.06229923127858299,0.6833019000373949,-0.051784446750829737,-0.0890986096332629,-0.07164731746291894,-0.025240286347947838,2.9217000946368183,-0.03599915451448718,-0.04458624037956846,-0.06432263830561621,2.130017092896595,3.8941092387807483,1.279410208092129,-0.05843647254496601,-0.07495888234371867,-0.09318683086359326,-0.09794839210760517,-0.024696971631680546,-0.08882346139679195,-0.0637036312596329,2.012989208140346,0.35515841677379534,-0.040027219836492586,0.9910183927962044,6.184199250562382,1.9753859706706094,0.4608628368454759,-0.04928245050915164,-0.07561769598875075,kmeans_k6
5,a_002,3.366878514944333,0.050467990344887026,-0.019300964799705708,0.6675482548714793,0.7979752390548203,-0.06985977960591874,-0.06676914438224354,-0.08971100987529679,-0.04966025762629887,0.8739365891844341,-0.06255931844827942,-0.07166535453878661,-0.06310561810782146,-0.058195551591249645,3.1243919901994284,-0.03861420050351229,-0.009972766109212522,-0.07533724199326827,2.012216792839097,3.7590108388339423,1.019945894383585,-0.07067260130073474,-0.09693154284008511,-0.07686150023877471,-0.07102751286443926,-0.027886691552142434,-0.04617303318025348,-0.09160726745788228,1.5651237890161993,-0.028012938558180857,-0.026423990892020483,1.1476245745128066,6.272039898722793,2.069953189670265,0.6471871166104939,-0.06160849068440651,-0.053772543339551164,kmeans_k6
5,a_003,2.5108556359594476,-0.06760461536000091,-0.05865365718878833,0.5432829978723229,1.4010392348867933,-0.06225135432896268,-0.06822005001551368,-0.07695378429061508,-0.08756297797929997,0.3048027960068087,-0.062358571609030564,-0.08952371215011466,-0.08520346243346365,0.37983475105221454,2.6128243225751535,-0.03176218552459739,-0.02244517838677767,-0.05845799477369672,2.4110655758530273,5.035539687182944,1.2447278405681261,-0.0583812596039792,-0.07042726221930858,-0.07749519720676679,-0.08666699357620526,-0.011578526919049082,-0.07046784165273925,-0.016524555252378347,2.425212227645158,-0.04816466466492258,-0.03276751735392463,1.11529985760088,4.8541235477840035,1.9240240845524517,0.6227304802724752,0.28956946629205615,-0.06483518833443937,kmeans_k6
5,a_004,2.5949485095973532,-0.03960164624186707,-0.0537908513551994,0.9251552758179,0.8135191616677131,-0.0938210749183737,-0.08635786127428258,-0.09782316711127552,-0.08813251859444611,-0.012531062829943523,-0.060575482843014006,-0.09477796000445131,-0.07109949832396535,0.08342483793051382,2.6948489511241234,-0.07018947333309453,-0.06605424542967504,-0.08017307335943252,2.322884564471846,5.152197446840009,1.0470899769765787,-0.06259003546774358,-0.0630044478772415,-0.08609192893537214,-0.08051347891282691,-0.001953673982566017,-0.0786180105766012,-0.05372689264705011,2.2593304874849363,-0.03555898776348916,-0.028633407021406633,0.34162229373165154,5.2084436839888815,1.813423669374763,0.5531575617221907,0.09535977614597496,-0.07593976837792832,kmeans_k6
5,a_005,2.813518797354415,-0.07523073758626211,-0.06176151640570808,1.1235642467542766,0.712706583500146,-0.037115334366272804,-0.0804349771345078,-0.09398433683914284,-0.07630416721263406,0.7865219844817078,-0.07638402669528058,-0.09912770067281348,-0.06874225953754139,-0.030442093963020545,3.085176103441671,-0.07582131314135931,-0.049333856373091976,-0.0933741570015932,2.325540025881359,4.446969123730995,0.6840345912409735,-0.08476702717588962,-0.07185202698529358,-0.08965932507581886,-0.10160456872183432,-0.06502794213644596,-0.06580183664243927,-0.0680464579395926,2.095784283501792,-0.0792253369475921,-0.057318415699042904,0.3135618479180433,4.854946147121911,1.4257920561811614,0.021910475911141477,-0.050327285656003876,-0.04138263178444284,kmeans_k6
5,a_006,3.1035625463275003,-0.01428933391118752,-0.04487472728904482,0.8839051869236376,0.01510470591172974,-0.03723517870560693,-0.07121840643504315,-0.058397575376795074,-0.06590024642331904,0.5256674523381325,-0.07295494398705538,-0.07093816219455512,-0.08428307610541214,-0.057921579249948514,2.7276498243405656,-0.055472131050903956,-0.058843914616594856,-0.06985989315981916,1.9370951635551654,4.5021168651856165,1.0849313753029346,-0.042239174649552104,-0.08230188160559637,-0.06595529680173791,-0.04774355635727891,-0.04488077405057306,-0.0638165788953908,-0.06275344839935851,1.84732120223406,-0.008263522961707835,-0.048874048640703605,1.1561897746977694,6.416528050861974,2.360465037678412,0.4781873341624371,0.02260295060109813,-0.04982759564223629,kmeans_k6
5,a_007,2.99686884801127,-0.01731401453152994,-0.07117489807373108,0.1314067285229683,0.08135953003915795,-0.05616366540485236,-0.08435746631248286,-0.09605822272636708,-0.10348121099406574,0.7909915757312971,-0.0440270510646272,-0.10632144144883646,-0.07672957016528074,-0.07067124245780648,2.80379700593544,-0.04669181896369208,-0.06765642439700928,-0.07242614643305735,1.8967612858880478,4.487459623884897,1.2159832100179893,-0.06352270991761567,-0.07038529136921483,-0.10281570429383662,-0.07529972874658566,-0.036030134796502765,-0.08365971840834642,-0.08985258041024971,1.6356907684808608,-0.030062650150874805,-0.060049159840226636,0.5066361803061714,5.5476813832578475,1.8000887059950548,0.49653903914224606,-0.056644678425809794,-0.08368550247348812,kmeans_k6
5,a_009,3.7361605985308355,0.2674637277617253,-0.006776924711628052,1.2886350708293717,1.788998501002816,-0.021987806248409153,-0.07915281134394796,-0.09146164276020019,-0.045149857740966776,-0.05311021495983478,-0.06773775327710505,-0.11610658321540074,-0.07271933814914783,-0.041128840680806085,3.0483420124679355,-0.0403396981902266,0.1753828357947466,-0.05966178005702556,1.9025001977220348,4.076541321441674,1.3048047452100096,-0.049369319906864204,-0.07263448267834739,-0.07577405571402215,-0.08295774809812442,-0.025967522634895022,-0.05159006749058108,-0.03473240939064296,1.73665310069958,0.1494934120419954,-0.021958769405271677,1.3427064535309206,6.216000283474092,2.3575500629602297,0.7956804921710416,-0.06547616865256174,-0.07643494452863499,kmeans_k6
5,a_010,3.102828118950402,-0.02272164810144817,-0.02582136442552392,1.0548089064551909,0.2385169382285311,-0.0792123187460959,-0.08297485532403717,-0.08250118413266531,-0.04181827869772882,0.8929360019858955,-0.054486127672966275,-0.09580232625608044,-0.06218675472489607,-0.06193766398502083,2.942634319844983,-0.025585717823756352,-0.06791168472945644,-0.0680985421980089,2.160727248502583,2.582007630465603,1.058787073449487,-0.04958531900169637,-0.10340081758590176,-0.08987241418663032,-0.09281072001113864,-0.0039048695421125034,-0.09260164979338475,-0.05496235289063843,1.9961975071749,-0.000672955015172302,-0.05454895890100581,0.8034482515890217,5.6508676250762235,2.092941025801341,0.7126894516000942,-0.0646209949110946,-0.06043610820200412,kmeans_k6
5,a_011,2.7356003737642207,-0.052699160671255095,-0.04269598392658159,0.7311311021071447,1.5672382790435313,-0.05916200718987421,-0.07324500356252352,-0.08451824259764064,-0.06907287768914037,1.8747285745471365,-0.04302491099203053,-0.07719748084008515,-0.07805887129014055,-0.01297329184276495,2.7656878905629374,-0.04068574100100906,-0.05704209389091825,-0.07781393711778423,2.1558826771566273,4.968587317345711,0.9656879102190191,-0.03999789398794925,-0.0730173744283214,-0.08636891245967573,-0.07554931626008227,-0.011725726987524802,-0.07166061686584246,-0.031212792811583023,2.346947281985438,-0.054123759243679334,-0.06758902860667963,0.26368462061996906,4.702475471517517,1.6904239546984845,0.569937563605253,0.2820720209489416,-0.0655933499980622,kmeans_k6
5,a_012,2.77500907556109,-0.04473370717576839,-0.05231387103912429,1.1442167227209854,1.7887946780444381,-0.031596007720753376,-0.06414840991525464,-0.08628750399134592,-0.03369890963657119,2.359502474016101,-0.009353835824651265,-0.07404075427739243,-0.07611451863213368,0.13285455226751838,3.040581318630755,-0.02081576463072044,-0.05632246321144505,-0.07024639248028434,2.369822171233635,4.424065858403429,1.0512001103096493,-0.04291021833600253,-0.05923187251425473,-0.08633509971850596,-0.09391283702543211,-0.0015732469997832839,-0.08000068956578708,-0.022508033488278015,2.3134472852890804,-0.056056361228901695,-0.032354294770096007,0.054679798573747725,4.6987413527531965,1.6397275083758323,0.40564863258418815,-0.007323657817640429,-0.06656269330807266,kmeans_k6
5,a_1a,4.542178379897692,1.6011100598547534,-0.029565923175227427,2.1263826741193412,2.6200065500754444,-0.08320585989949587,-0.07804164440201004,-0.08852763913462566,-0.09153422922593284,-0.016467411113878495,-0.05333793970449969,-0.09769301098360583,-0.08553797777335391,-0.037108448447686675,2.9851810137257413,-0.019878571326906812,-0.04218862429423186,-0.052782872190051996,3.1337220600580578,4.942445381506146,1.599005214554888,-0.07024060722686926,-0.05631645267719336,-0.08361564600082326,-0.09871188139920387,0.6288823595808919,-0.06796422413692374,-0.04847880770042773,0.9876481440648727,1.833424430085257,-0.003591016412646331,1.7377871153282134,5.964314395984477,2.50328310947525,0.983520596184958,0.23419839643764462,-0.024987643821316928,kmeans_k6
5,a_2a,3.9171197765957193,0.7710230690563451,-0.04465681527353461,1.6912882236810316,1.9669334942820091,-0.07019428348636755,-0.0796146436592509,-0.0968455058314234,-0.08762338293114735,-0.04702532591588239,-0.06406010409788335,-0.09343144071101514,-0.08528360997219656,-0.024898782108354833,3.2872901706741784,-0.046370254729743196,-0.06350834175646324,-0.03929848398201208,3.167572913571724,4.295993481020169,1.5617237103503583,-0.0492645768322311,-0.07230415783268639,-0.08241674335442559,-0.07364929370443082,0.09589080822872786,-0.07463961318647439,-0.07770367977468555,1.3924996873581734,-0.05729487434897239,-0.04822135408374596,0.1880966636594254,5.011757523671919,1.9483753324767061,0.6056464701287275,0.20942072676001625,-0.058241287220314256,kmeans_k6
5,a_2b,3.874101153021431,-0.020713368678460565,-0.08152874848035695,1.5203968900216265,0.8146610572624602,-0.09245074676345894,-0.06991267084387805,-0.09406153681442997,-0.0788992201211825,-0.05559181845629975,-0.10009472274403783,-0.09696667514830684,-0.08054696509189332,-0.008354850015481256,3.0388341311102214,-0.03269022606887781,-0.06643839222669745,-0.05744857227055182,3.2992055316832967,3.900303445581033,1.5938148335642912,-0.0658069644540413,-0.08851723096100869,-0.098631036857637,-0.08478336433360834,0.024118554077503147,-0.1014642165721908,-0.05604829498983707,1.442934490769539,-0.05427279477206726,-0.043468539969645476,0.08718128432693317,5.07955962302915,1.9476110554854493,0.5796002549490267,0.015360494343204042,-0.1037969194899784,kmeans_k6
5,a_3a,4.288160309264912,0.4665504521500985,-0.04844272236514229,1.5496072933608063,1.0015768997960264,-0.06273441412256883,-0.06965515010492207,-0.10067686930777474,-0.08341794446511537,-0.05991247435208741,-0.0735561444164526,-0.08059006921994911,-0.07853364810155641,-0.007455577408754209,3.2403754121190307,-0.05339117695978926,-0.039310366450053105,-0.04153438174872193,3.0856403015237257,5.283508528917785,1.3652876872412425,-0.03951739813859881,-0.06208442881461029,-0.06753987437554135,-0.085379146851475,0.46875162653542823,-0.06754744336792975,-0.05063955432718017,1.3072826247829479,-0.01700753067308889,-0.02423545192530547,1.0976724483952636,5.937870217355796,2.371375248007266,0.6673954600224253,0.4230972105766507,-0.0739481906875724,kmeans_k6
5,a_3b,3.9121328195209273,0.9447857058027913,-0.05007849497426244,1.5203645119760933,1.761586756435691,-0.07292160378831725,-0.07578249554655256,-0.09154604870489652,-0.0951083827004692,-0.012368749111111061,-0.05263905957090416,-0.0823045613171656,-0.06275684473012876,-0.0170028493779929,2.9532539411068255,-0.04233900014877133,-0.04321109420372732,-0.04325840222798742,2.7783347352845893,5.07877261525476,1.5127808514130718,-0.030033707573872505,-0.05105566818123766,-0.09647314091497797,-0.08033381252230025,0.07886810415364469,-0.07025072915489294,-0.04499093989255963,0.8450196156112327,-0.06644217683895037,-0.05029436751523181,0.5463310933464895,5.554337939367547,2.333157831486065,0.9264445478106509,0.0633500273594034,-0.06480421479766563,kmeans_k6
5,a_4a,4.350478816816411,1.6072588467830022,1.097810040062682,1.399641553944293,2.4653661547779886,0.04636824930600049,-0.0766434048019429,-0.0767018477307889,-0.07050942578142433,1.7837444913521194,-0.03328791170449841,-0.06433840386686393,-0.07498491892401543,-0.015949765133678247,2.61882875596352,-0.052801591681308865,0.08536499123827049,-0.03258997237068996,2.7970405528966493,4.738153840048346,1.359120686690217,-0.01333857389239099,-0.05750615249970528,-0.06168894313503227,-0.07645267287147348,1.157833765277565,-0.03307898889667549,-0.0014412936707318955,0.577992538701763,-0.009921935551124618,-0.03270003024051105,1.3054128994043086,5.7113714466411665,2.437332380011479,1.2634267451471795,0.1906202942885245,-0.04339434651183298,kmeans_k6
5,a_4b,4.048939462696659,1.7160891610052351,0.581557828260179,1.8713498274977383,1.9718136237264652,-0.05013218899969733,-0.07917175980966441,-0.09637913439316587,-0.08645957703852472,0.7519066038836106,-0.04573569659063874,-0.09553805822976433,-0.07890950008828762,-0.02025074485496204,3.002637795333441,-0.06542518397064107,-0.021089519382411055,-0.03558130436455726,2.747208680153129,4.974377678960461,1.334606688824262,-0.035355617914074884,-0.06294275869568983,-0.07259997159407451,-0.07225218546486567,0.8530258703553026,-0.07334640763597652,-0.009485720023990018,0.8377774713333097,-0.01067836706110964,-0.046191370183178884,1.0039648903218519,5.664525871764086,2.2729527521788926,1.0474870194062116,0.34204696666522083,-0.04324906013137195,kmeans_k6
5,a_5a,3.7285962131174646,0.1844382950638137,-0.040450512926457585,0.9639966533280451,1.783032969642727,-0.024354557116698948,-0.05595429188895426,-0.08020991666200039,-0.06867437960756057,-0.04719773207734745,-0.07351309352421126,-0.08103115542896752,-0.10492356900163814,-0.017688322042720202,2.600669594957857,-0.03872626771818234,-0.01352427245684673,-0.03625730841065036,2.785129605544295,4.772883600007466,1.1601660447921143,-0.030081311038236948,-0.06817243814161149,-0.07516305740039074,-0.08310420570716093,0.1716308720869749,-0.07453973236592532,-0.02057415186772194,1.3684538753279787,-0.058573333893110466,-0.026011862798355108,0.8160217042213944,5.3997370728619005,2.1983230470998816,1.1587610381328561,0.29111935834178826,-0.015644955397307706,kmeans_k6
5,a_5b,3.757840149401117,0.813812729904561,-0.018138932203131664,0.9640881458519486,1.7986600291872819,-0.02004906800730427,-0.06815595921207304,-0.09695946676868097,-0.07402197685730073,-0.04810826218218939,-0.07718837952264403,-0.10424806918280687,-0.10287968520533033,0.22059820625926513,2.8972050785472945,-0.05207270225090406,0.05677276156034388,-0.06993252793028723,2.9112737236390887,4.65506392541999,1.5112998708949936,-0.030409172446928555,-0.07311199563383167,-0.07269554877231041,-0.06250198690700953,0.13630875755523955,-0.04124650404116996,-0.007056137774303908,1.2498500507735337,-0.010306760158025194,-0.01963118897363244,0.9677630462986556,5.490503223386488,2.441515289312205,1.0371241058159386,0.2911312534105872,-0.07879240957099506,kmeans_k6
0,a_001,3.643511404462911,0.7485805873357916,0.8578446225379379,1.045073588678339,1.8742802588553784,-0.03499219034373899,-0.11121923580657415,-0.12060088190384481,-0.08726246770159143,1.1338107660737569,-0.06302668392959217,-0.0890986096332629,-0.09233255356327381,-0.1330392417989373,2.2391362986459913,-0.10767346733711364,-0.047937928145660696,-0.04026528263102949,1.3244206714136428,2.4727391777898657,0.5647358528066017,-0.037988811206635484,-0.030457323389479887,-0.05543622678864414,-0.12393404875116827,-0.06724367166955714,-0.07190616306538339,-0.10298011680716057,1.409708472760122,1.1661641861939487,-0.012457321248879298,1.1616992189256228,6.3762170994649345,2.383406030582395,0.6933959946874736,-0.07501351725704947,1.4267114918784711,ward_k14
0,a_002,4.017830342128845,0.09757669368766253,1.6594624192606946,0.011313663297553143,0.9984557668989186,-0.12173900914727084,-0.06662974631414753,-0.1082565575593428,-0.06209148862944674,0.43878004267896903,-0.08290240074090972,-0.12073018045705845,-0.07334348162762662,-0.10141016352205624,1.3848327298461796,-0.03846293494418606,-0.0798444641289768,-0.0716093047177902,0.30393743905971854,0.2406602599096178,-0.05373892538475446,-0.08060600603524484,-0.10745364804767553,-0.10023477775262302,-0.08542971416498571,-0.07532965592574817,-0.07292053263885334,-0.08837732309929065,0.0940671551601935,1.0620352619784135,-0.020448009036534667,1.0107223876520668,5.967837779472688,1.949367219894898,0.2557625301408278,-0.09673112593781866,1.3902003045240914,ward_k14
0,a_003,2.2671874611907046,-0.0975861568618119,0.8095540996646879,0.27412993324958235,1.419413646601302,-0.06409850182833933,-0.13512990711062273,-0.10340467204781484,-0.1400086997480255,-0.04867620326775739,-0.027473754097588877,-0.11452397709372428,-0.12041974437240786,0.46114819670578244,2.575052649966123,0.1284551162581498,-0.0664704392614604,-0.09137500106400613,1.5607590191997907,4.67251984554936,0.9068718363543897,-0.060351410639809255,-0.024022776945893227,-0.10902298697378775,-0.10719394067604573,-0.029002101113181716,-0.11810501607902296,-0.08468158339591245,1.342363050401929,-0.09043768506080474,-0.08352618946074525,1.6382373704233109,5.712269997725098,2.0088576830228435,0.3449529386062554,0.04690880153010618,1.2350877269830085,ward_k14
0,a_004,1.4203639469950549,-0.06469732559516575,-0.03344108676389898,0.4947520304040147,0.04554623381268286,-0.06592898806814701,-0.09881490117610693,-0.13318297978508642,-0.06221614224205135,-0.057020680588314165,-0.04070654174195176,-0.11006602279287861,-0.10320881105955387,-0.04378343453074888,2.210863356780764,-0.07092174639758522,-0.05147634741766002,-0.1234863969235272,0.7031346760091735,4.832698129713271,0.7780668461249396,-0.04313109463272213,-0.10802592092873914,-0.08042196421715889,-0.07820042738250621,-0.04159129376852578,-0.06598406564703654,-0.028681725388375524,1.3485937996416495,-0.02376061674545197,0.07055825082025319,0.26497204852321726,5.049975755795783,1.6903840112067532,0.3135384367522712,0.13452219077052135,1.2550741906068907,ward_k14
0,a_005,1.6469054309132676,-0.0565999524050872,-0.023914327227281384,0.35930775846648766,0.9735864162980183,-0.0504085903931627,-0.07632769822075733,-0.1033392225904709,-0.04671444639302724,1.0569799655353553,-0.03099579225587036,-0.05864919040617814,-0.0658124995867425,-0.09635247491286504,2.502567250071871,-0.0722258217533712,-0.013612097021240124,-0.0982966287801405,1.5806455788500458,3.763131971097362,-0.07072536008204051,-0.09370184876312976,-0.05988306397972027,-0.11161984968528083,-0.14068586085356832,0.11590832983390809,-0.12812255023395425,-0.09090483716784767,0.5656042904824891,-0.09670482591522489,-0.05887091132815798,0.6259143522014194,4.798954961142472,1.5651279941991274,0.10574751368072566,0.07685709593360351,1.591452978788085,ward_k14
0,a_006,2.1521576093700956,-0.0036353815759030228,0.039386204264685816,0.2621754729072,-0.10702917869342926,-0.1278322175341633,-0.08814649315860154,-0.11267486116632947,-0.09965603370776616,-0.047816915049027575,-0.07067792281075394,-0.07224882273253343,-0.1192476834664874,-0.07299736760537254,0.8257115542515524,-0.13759241511848552,-0.09314310413843874,-0.060587122726587235,0.09641403105342292,0.9755463909335681,-0.015255840143440252,-0.08102144826449474,-0.05090644744692582,-0.08715159598006,-0.11791953501648694,-0.07577004398939938,-0.12521481893387298,-0.10657506348757931,-0.06980467172548255,0.5077543552244554,-0.04388348070943645,0.17579207837049501,5.554760786692677,1.8150936674475342,0.06614008548041568,-0.030655425915490513,1.5047938923426207,ward_k14
0,a_007,1.517326518033773,0.08393096803065814,1.5801425255358883,-0.025806688691477588,0.3336347266996901,-0.06272848743506199,-0.08161744679792791,-0.059831160156581784,-0.09187327625556925,-0.06176207682938879,-0.08496620715322492,-0.08423664806527287,-0.10053172821565579,-0.10076683302472489,1.4906261506836365,-0.11708285612317336,-0.08884515527867845,-0.06351208001775457,-0.03766191691739181,0.30837538145217464,-0.06231643553529481,-0.15796824644103835,-0.08387537388221328,-0.06212492708690415,-0.11958767043709108,-0.1073383059920655,-0.05883509052706521,-0.12961360466291477,-0.05871004144104602,0.8376886897551176,-0.10457619038641822,0.5439324307401948,5.955834720236421,1.7631134486417974,0.003244637220259831,-0.016710928143514863,1.3275559269808097,ward_k14
0,a_009,2.2610809328765633,0.028247453031968052,1.4588578492663722,0.14713284161467083,1.0750137332957044,-0.011718308011813982,-0.0946917380708471,-0.08267134427346502,-0.08052982472046305,-0.10764259800004021,-0.09054633654974406,-0.13662067075592746,-0.14293259477677858,-0.07102591742257515,1.2773584477413178,-0.04842870289212061,-0.05644451173599149,-0.10514446787339694,0.42242742186823634,2.193474537553345,-0.05638626865287068,-0.048296822800513395,-0.0753895251145042,-0.1252050474987442,-0.10351564898076032,-0.02090207807855949,-0.09025461000311577,-0.10856582438148595,-0.018724562872400062,1.289396089503669,-0.010651472560851262,0.6903802202097299,5.969790328699617,1.947539278779959,0.10468459491500189,-0.08919790742546345,1.28241277515523,ward_k14
0,a_010,1.4930731347296147,0.035395520600829074,1.005314949957964,0.4266068770852763,-0.022329435800991546,-0.12154704067918086,-0.04466918108184156,-0.09925992332103852,-0.055072847601657024,-0.027834263383084323,-0.10166207098661184,-0.1072747877812599,-0.06622823809926094,-0.06193766398502083,1.8305853604658366,-0.05484692370762146,-0.07282137922207872,-0.06690737612754384,0.6021715188619051,1.6645031381910935,-0.060867531550193484,-0.10994483258677397,-0.08238288967621454,-0.12563572753482466,-0.07018493667762155,-0.10922858905105907,-0.12121786417273148,-0.07838701561654098,0.4133054233316923,1.0705897136544802,0.4591052480632062,1.4609991572004433,5.716412648933669,2.3591555252280334,0.8248430943920478,-0.06067043731694612,1.1792944096868543,ward_k14
0,a_011,1.9788447404791552,-0.06730604976946868,0.020611564183324695,0.32508450922407867,1.583001001094009,-0.03793950006101199,-0.033444353512216266,-0.09106075548815565,-0.023702358582121535,1.9407267128485282,-0.007895596990739086,-0.06842419016071555,-0.050091886521990266,-0.038695194044722145,2.3264464235611375,-0.044603053030737215,-0.08373966605451187,-0.05774456941513707,2.091899713390961,4.868776389615553,0.5650324842915513,-0.035958015196019974,-0.09469079222200281,-0.050334290976951634,-0.11101778919535056,-0.05987290993408537,-0.10889635176628878,-0.039975420144719775,1.499667140654953,-0.033309906685564966,-0.09027275090917791,0.3618011121211252,4.71994418211632,1.7876448796901712,0.7998851081908737,0.24125379838782215,1.3463012665066396,ward_k14
0,a_012,2.650864461450642,-0.057815678232689065,-0.011105875356625244,1.0592805058290662,1.5039282006163464,-0.027071781169108092,-0.044745363117618994,-0.09182915835753556,-0.09385494800418744,1.2673682342290864,-0.10527459237587958,-0.07217974739522,-0.12014325473259699,-0.07554933409056597,2.706829671501799,-0.09909173026862046,-0.06886040387810345,-0.07421196294850856,1.7115161658819444,4.466318684880701,0.9816035047141897,-0.027143620093075936,-0.123209798118421,-0.08529881693450488,-0.09406170917439649,-0.029067032129684124,-0.1440268423884161,-0.09530358013864623,2.0146199946569516,-0.0198231350289835,-0.07202460655630213,0.23833307539320298,4.091049209308823,0.9780578125677211,0.22388777510808255,-0.040030617559003785,1.0240706217387896,ward_k14
0,a_1a,4.219233886476027,1.6739103714229284,0.031713053988516364,1.8950968818488678,2.1774934314726146,-0.03659976379645631,-0.10904819922584039,-0.08221224396185334,-0.12760043631265466,0.2805185896464364,-0.06078895992943148,-0.08795068532973904,-0.07803489932755205,-0.04680724802365751,2.6425969347031826,-0.04025843833676679,-0.056996444846647745,-0.09884378690777265,1.9609683154569528,3.5992302853732614,1.23410597310387,-0.1034037960750694,-0.052895516979255,-0.07494137848148524,-0.08840492855662638,-0.019570763499916658,-0.09555156146915418,-0.01786119637010028,-0.06043670219124908,1.9277920927515892,0.10029515131120534,2.1269149436057857,6.455654371305588,2.7632131828506097,0.9133627778931734,-0.03146758324725634,1.5788600403795068,ward_k14
0,a_2a,1.988687360382405,0.039707287455834656,0.5001691913221533,1.3266176034977326,1.2097033295522683,-0.07624328157046506,-0.09293760853628247,-0.13299491681689565,-0.08524233897413587,-0.013192323763596556,-0.09176532225850412,-0.07484827346303108,-0.06948396502615753,-0.08679549063754181,2.277605738254713,-0.04084691170767855,-0.04182825388288576,-0.04715301913868092,1.2533521469028512,3.0700533261835243,-0.05233227612271209,-0.09688291315808162,-0.041938809439453474,-0.12913531199125344,-0.07911333329909606,-0.0012567889467779837,-0.07165517425854298,-0.12506743328171863,0.004073847056002947,-0.02099076490553554,-0.05026701275503194,0.8610440659242655,5.926151529801651,2.296879138231808,0.4433126051076838,0.06294869439347806,1.6451122468715105,ward_k14
0,a_2b,2.308615956577003,0.5434309010618406,2.131610092870762,-0.036326913779371944,1.7884337009624307,-0.04384519755551419,-0.13560383492033523,-0.14038960362018155,-0.1068989226044468,-0.10650897900037597,-0.0972017217609385,-0.07169065462777302,-0.05965651311482907,-0.0891230981835099,2.112235663121897,-0.07250994549297772,-0.05995945993438383,-0.0605180755580105,1.462608905697567,0.5073577686354676,-0.034710722378851845,-0.07398035408761389,-0.04398377367336648,-0.09058554564120985,-0.13309759085229925,-0.06320533540917536,-0.11614669957774713,-0.07834085511466106,-0.04222157596522569,-0.032660393773242334,-0.06929752438647578,0.5080538658678753,5.603315344680548,1.7247306868809815,0.2681601986933446,-0.07727534142834785,1.5447297538683697,ward_k14
0,a_3a,2.9938468926828414,0.7286223537963732,-0.0007964782568879827,0.08562930858684921,0.7375149452007015,-0.06862963824744645,-0.10393082215757592,-0.11430062201744115,-0.09156836472161778,-0.1057202577933862,-0.09117570973749586,-0.0961025413016077,-0.0829538351245346,-0.02797502490716677,2.706038184486104,-0.023543095733106534,-0.06888089825965932,-0.05414131932966791,1.785321453120862,4.327585858124439,0.7873115430072868,-0.05604784365657353,-0.06856301858908556,-0.10448194223911168,-0.06609072779882644,-0.05393909859423395,-0.07709154758895975,-0.04486171184507686,-0.015963454267074215,0.3049708628438075,-0.031512590265030144,1.058375844576102,5.958829891311387,2.352819841502946,1.5620099463519075,0.7580215192053623,1.3236128244095897,ward_k14
0,a_3b,3.7252798594148646,0.3384505715215324,0.5835316251702175,1.5522768890935323,1.7602213189112481,-0.08032776758004499,-0.04675958102428856,-0.11791094281171535,-0.11216971679717246,-0.08773971780520298,-0.043283023969190086,-0.13394787683643125,-0.063336248419314,-0.07873306083470492,2.8075071027000145,-0.013995636064863728,-0.007839165059528736,-0.05225924654215895,2.4194470103742027,4.968168561346507,0.11351874534725614,-0.030036516373438623,-0.00733420085109176,-0.08222240561246821,-0.11311483767639605,-0.03982891830375382,-0.0015614351432100201,-0.018962412125169525,-0.05000768124030789,-0.08399076114910253,-0.09131983986410896,1.1788178502652271,5.42829997179759,2.221059549385529,0.7623047540261594,0.28422777973093666,1.3344544912352538,ward_k14
0,a_4a,4.0883339124535345,1.6090535868815516,2.386890498637102,1.7597946892564884,2.0456988204494158,-0.016200035013734525,-0.1204757757292961,-0.07722249384199352,-0.04490143603967618,1.7128720106398347,-0.0203912789296059,-0.11209323659454926,-0.056374719067613537,0.12698379045355382,2.0888704104624845,-0.10464488403604871,0.2101558271441932,-0.059229218803409346,2.1467507290939105,3.5436526008213938,1.7029785613351227,-0.01384556909015466,0.05043393668678847,-0.03677349625962771,-0.02363016777268333,0.46628934325915733,-0.08945831372453043,-0.11439575365346284,0.3489077278409825,-0.0001517800608410143,-0.002394032985441899,1.3312756506729513,5.9619440517498195,2.1162312388723734,0.6007992999369753,-0.012056005010495665,1.4671023488091308,ward_k14
0,a_4b,3.419277076501765,1.4728107977760245,2.0460648498030594,1.6546912969503431,1.8583330781316567,-0.01435430960969629,-0.12239106886639936,-0.09124873016150495,-0.09770548890224033,0.47757929329401816,-0.10411753363752968,-0.06271403966260387,-0.08065229623883799,-0.05264452466142283,2.1039746314117704,-0.07142537131268853,0.01512668605111411,-0.0395760075157391,1.754809872540259,4.160305079914876,0.7505629335832618,-0.03000077551131056,-0.019245436676918463,-0.07170889766810615,-0.07697952245375417,0.58936847408812,-0.07689209051042437,-0.057870527458732134,0.21211694057458827,0.7840815618412953,-0.0666285495571574,0.9795399182208576,5.6744800046463935,2.544296980920167,0.8676836247789237,-0.008253936682966697,1.440646589485537,ward_k14
0,a_5a,2.636662286568737,-0.04912948457479361,2.5823163323681464,0.2574846785056888,1.2201462897405861,-0.06671286149466232,-0.10583921387109305,-0.09945202783402964,-0.06801358781699933,-0.0205228390843178,-0.07191634699796241,-0.10235470602221002,-0.10078118441500869,-0.07893956280208564,1.4855187569504005,-0.07474838843620409,-0.029329267202849025,-0.05269079187995323,1.0481623688522346,2.392038705244504,0.13149515582945492,-0.08943691786046448,-0.14319872649394047,-0.08120582298304165,-0.081753130879633,0.19911703729873279,-0.05966984213160568,-0.01564083252814882,-0.001278985222421494,-0.03881690471817919,-0.047047548034437746,0.5952899334843478,5.764686275183282,2.4781501186563837,0.5862164552783579,-0.019363246815511694,1.2567777559271507,ward_k14
0,a_5b,2.4382220523118487,-0.04065893180820912,1.7077470729146031,-0.021886335704492103,0.15928369364438008,-0.08862515033617273,-0.06432691675145964,-0.05754567123905624,-0.09927343080600595,-0.08503349916264419,-0.015356186129385005,-0.13297522860077454,-0.08872665152598305,-0.08284965899112215,1.9863847264021741,-0.09870625558771076,-0.043299600727438485,-0.10421568550351619,1.9224865492927843,2.392651947940142,0.12102745143862913,-0.058275139508107435,-0.025531640620337394,-0.06356078471616083,-0.046808469703569486,0.13273668797606675,-0.04922114676529683,0.30844953580425094,-0.13009789220389498,-0.06832553414907515,-0.05062162082938732,0.662337049042259,5.004361784010949,1.7801624124976096,1.0416250311319277,-0.06620781194196301,1.3325973835403402,ward_k14
1,a_001,3.1363585046083395,0.196430991347987,-0.04084897570670014,0.41359875807141855,1.4736249476372323,-0.052693160855390046,-0.07769222298374287,-0.09723541378055904,-0.056372993275934424,0.20497529706463385,-0.05286635715780813,-0.090091711305921,-0.07426383096667277,-0.04471296464558275,2.6447576856972397,-0.061991966819780114,-0.06687698617032377,-0.09071441768542148,2.030462444494442,3.811968095377676,1.080930315122791,-0.05586326445853748,-0.08317869080724158,-0.09236222925794228,-0.10076449647410084,-0.03887052632172178,-0.08807345327866184,-0.05814788047239816,1.9956102424657098,0.3359059018525545,-0.058066216962253066,0.575144401277506,5.949335470483188,1.7992689803302566,0.1428636412964004,-0.050676092902183334,-0.07469980924873795,ward_k14
1,a_002,3.07244146936506,-0.0034589150867033267,-0.029328659496861777,0.26296996719563875,0.29502763227669704,-0.06623630279387227,-0.06629502743890639,-0.10483890477709906,-0.05852028234321691,0.39460210965749576,-0.06789761472166389,-0.0772328936266479,-0.08907266542148705,-0.07383344997200464,2.8308877467390725,-0.028466111324588306,-0.025822523349473863,-0.07779724472401638,1.8887357835757588,3.661371645907778,0.7592345377190299,-0.08532792318360578,-0.08544592123327116,-0.10558756383679498,-0.06993107194162462,-0.06426140787478767,-0.07161506472336367,-0.08617671178508073,0.9528892166420783,-0.044433139577299385,-0.038801240494373335,0.909033601811034,6.194401584105785,1.9798677865816399,0.7337882569193185,-0.06000187128595465,-0.050870070515617004,ward_k14
1,a_003,2.10572398878366,-0.07640601350855644,-0.0732595022188709,0.21473604500342588,1.0063454994550327,-0.07482799420472269,-0.08882390073690448,-0.08279649348428927,-0.09153488807545197,0.3081406689742265,-0.06729977569459172,-0.09594102612420004,-0.09102173916044747,0.26005274507315135,2.3981338322336434,-0.05057828784031464,-0.026998389970217525,-0.07314971865274253,2.189174249883414,4.874081485304041,0.9482895156513311,-0.059983569841707836,-0.07140016743029952,-0.0847281928316702,-0.08284102033506353,-0.06456394714466432,-0.06597219370694735,-0.04456146350465144,2.255180759848563,-0.06685476756374575,-0.04206410148940867,0.9294837301026455,4.697143418600791,1.631106188312078,0.4140154241615321,-0.007012230060354523,-0.08178004177349732,ward_k14
1,a_004,2.3917336140230323,-0.060236515915658644,-0.05242156006666115,0.6513268981424103,0.44245298622891177,-0.0914001317499269,-0.0927800484815234,-0.0963246972588677,-0.09531959463694512,-0.01301282128669186,-0.0825519849337551,-0.10624999792645076,-0.09042296102235999,-0.014182218827311735,2.4950794020673226,-0.07018947333309453,-0.08365788899088128,-0.07970304952743847,2.0979788734275466,5.100637415968509,0.8064156023777734,-0.06641396287981732,-0.09546648899189383,-0.08634894193267136,-0.09754577436177178,-0.049100164658071314,-0.09312743644141275,-0.07164803088673173,2.1587237772225305,-0.04399136456558416,-0.053302876463627025,0.2517671947624826,4.9370415613002,1.7132904304747776,0.337309568086674,-0.021414450709243738,-0.10005754025378877,ward_k14
1,a_005,2.5946714917535934,-0.08406691795790934,-0.06176151640570808,0.8127189824930515,0.43736116729178187,-0.051972837536219924,-0.08312663040172524,-0.09495419848108469,-0.08109574043695092,0.3418236935006041,-0.08032518623297509,-0.10180814768382679,-0.08240090056713342,-0.046360362504464805,2.936582090727923,-0.06884163317221975,-0.05754605723178774,-0.09761313114519543,2.1230578231542583,4.410633040779617,0.5883836155079571,-0.08476702717588962,-0.07512028293466985,-0.08601400179453426,-0.08111155203665879,-0.09386910066566295,-0.07613477181143466,-0.08914486391749024,1.8691554230358394,-0.08815203609021685,-0.06838550699115528,0.10617337834195853,4.757063613314318,1.4386507516097056,-0.006146509040870246,-0.05902041108922319,-0.06338728715428893,ward_k14
1,a_006,2.9587086085302547,-0.022630461539039887,-0.02848372629603899,0.6622053531318909,-0.01807238279309886,-0.057410294565179744,-0.10243959062765726,-0.07837251070022495,-0.06703707691638654,0.24377375410642277,-0.09534843728618532,-0.07093816219455512,-0.09508359934507392,-0.05174138645155737,2.619422710202748,-0.08837842484394226,-0.06887834403760883,-0.0548287477851667,1.9370951635551654,4.491059780189581,1.1026577789572496,-0.06600651084125891,-0.07608824948370695,-0.06595529680173791,-0.04774355635727891,-0.05220799687245998,-0.0638165788953908,-0.06392795536553443,1.8173454252099743,-0.020741543068917016,-0.048874048640703605,0.9712479777886007,6.08064299923104,2.3351121499726926,0.3787046292795227,0.02260295060109813,-0.06482281062748099,ward_k14
1,a_007,2.981212492299285,-0.03406342710033221,-0.06147747374986033,0.09002373948970493,0.04553068893063107,-0.07341477263631066,-0.09049902961393608,-0.07825071241710539,-0.11037029018679448,0.45293249665076785,-0.07126582471098913,-0.09124879151798018,-0.09155406746517793,-0.07426271117368853,2.4596353055707567,-0.0510751032646288,-0.08051543583877886,-0.07293529048162714,1.7716819925239058,4.410024583902736,1.1745211914487568,-0.06091892173763378,-0.08214031531201668,-0.11099166994263987,-0.10555981115234314,-0.06557272446633378,-0.09086978120231494,-0.08090022787184085,1.7183703580001772,-0.01979390899658153,-0.06119054012278317,0.46356368808247583,5.5422153646041314,1.5980516162287972,0.2980010087163303,-0.04257625805628498,-0.0836440688560017,ward_k14
1,a_009,3.1846862819062816,0.2674637277617253,-0.025922652460122368,0.8047822282618246,1.768384843083878,-0.029994651049947117,-0.08162468846873065,-0.09250531838362856,-0.054800543526516726,-0.07466822346949409,-0.06740136185919043,-0.10897731467473684,-0.0780757119028275,-0.08683579611379995,2.7509027458390727,-0.044664655644015776,-0.012793843111273994,-0.061805552898098415,1.4539230724752934,3.8814161251558246,1.0321141576561756,-0.06657945869406395,-0.08411216395635424,-0.08567808333929464,-0.08295774809812442,-0.041898698346761375,-0.04446837878629513,-0.0378637612019545,1.4675523630282892,0.07687643774680887,-0.05251017746667984,1.0512890407573114,5.981409490872621,2.1420738260010226,0.4492871937816885,-0.04762371741458428,-0.05600686576271711,ward_k14
1,a_010,2.846118573428533,-0.05046293383741387,-0.03025406578198985,0.7883373453700453,0.05380602912933603,-0.09134505866630074,-0.08807784907557702,-0.0976159435426516,-0.05534279764568064,0.5365988944283827,-0.06784656878835771,-0.08513887693458685,-0.07195351051811166,-0.0740519170835229,2.933632229044064,-0.03405813342549796,-0.07205292272458252,-0.0711477094045238,2.0127956844154955,2.4883103547244207,0.5072556798908769,-0.055787894617782705,-0.09277853036991623,-0.09253239298496616,-0.09426011016081864,-0.04603888815194458,-0.08326853197019982,-0.06970488185092123,1.932734727105175,-0.014897634476921905,-0.055721348260688294,0.7488992269298027,5.658948167408953,2.0803606274047293,0.5740816493778444,-0.08002564062382067,-0.07426389804300912,ward_k14
1,a_011,2.60951132775278,-0.04993201235614666,-0.05634893029589566,0.46826391739615203,1.3786020366978988,-0.07451198038979528,-0.08295642569670905,-0.09731264348977958,-0.07270510306269815,1.7181702676999295,-0.0592555208273126,-0.07137273869463732,-0.0848646037820193,-0.014796732732637576,2.56709266053605,-0.05559831347134178,-0.06895726399099504,-0.08049750893900251,2.0759143562085702,4.944590867843463,0.9751375540580686,-0.05160459296790557,-0.073808927622384,-0.08773848207673698,-0.07716236140743621,-0.03078276881430353,-0.07609274527451032,-0.0566248261128771,2.390184512805194,-0.0563030461931443,-0.07195338383008965,0.18778594528948617,4.65507563364949,1.6625818293731935,0.6000150844215879,0.17674221692534425,-0.07945580796608262,ward_k14
1,a_012,2.7017416914447105,-0.06334083310803988,-0.06433833977800738,0.8116129912556806,1.6837989629986423,-0.033930304563527636,-0.0797652656514754,-0.09505878595912265,-0.04831142079309618,2.042782021838625,-0.04214597738219933,-0.07663452047821892,-0.08299205444807986,0.050705562542007504,2.873558045589358,-0.04192818639945026,-0.06533570860064794,-0.07564967289560723,2.250375137196954,4.397448183726512,1.084670064974345,-0.03767884124643914,-0.06416816787532811,-0.08528609727639608,-0.0932548278639582,-0.01978962941579315,-0.10022643926432157,-0.021665826154440744,2.3965948195234263,-0.05509443543176153,-0.03436303337285648,0.002648674322084778,4.605828801456138,1.6366700159610448,0.3782120728260878,-0.008552939716492142,-0.07814775871892995,ward_k14
1,a_1a,4.394600350057511,0.8510332807446421,-0.04042412047105216,1.9687987080292064,2.1498977438981006,-0.0871529003923586,-0.06914633259282477,-0.09263440992382399,-0.07639114889580857,-0.0362558821624123,-0.05733592954441526,-0.09355109672944914,-0.0734502788543624,-0.034985691197750246,3.038839845080343,-0.02737039372462759,-0.062046330910407455,-0.0485479178555762,3.12506715222524,4.946323981838113,1.4062648214679643,-0.09119184029342722,-0.07990846727461651,-0.0951599202652896,-0.09407294949946184,-0.007172451336503693,-0.07772612811433488,-0.052666085453229414,0.8772570220758587,1.6959739200544455,-0.017225594551987217,1.3107761181942632,5.5951979274018715,2.159199580924518,0.9834999827691813,0.3182918833683489,-0.05114035739762553,ward_k14
1,a_2a,3.6432132933745462,0.3221805954472733,-0.055993272416961185,1.3526515075403567,1.5363166055587671,-0.07033252558887361,-0.0908373252411887,-0.09289497018368999,-0.09538767821527538,-0.050276472687420096,-0.0728515989407885,-0.08806011478807324,-0.09420648461928521,-0.021317690809226866,3.1982126048604096,-0.05057456097123593,-0.07261649079255197,-0.06259347968338294,2.9132077670867886,4.16951969924696,1.2522689932342663,-0.05179687894103569,-0.08318802517974075,-0.09296328555047395,-0.09302693083562863,-0.04037203171866596,-0.07988094973176177,-0.0791602980533323,1.240912019811512,-0.08062342619740825,-0.05633394611849718,0.05473325300547342,4.736052454967583,1.6323920866659187,0.4569850516852254,-0.025926509071864598,-0.0770090824782412,ward_k14
1,a_2b,3.431138269955468,-0.036200406597706465,-0.07259236982121806,0.8188509037678579,0.38003816427683645,-0.08183641782534401,-0.07533087320685088,-0.09398588771560731,-0.08295929844147097,-0.07918285325862758,-0.09687938665705129,-0.10550931008150918,-0.09042131076422258,-0.03753928659248539,2.9536485215420485,-0.06544489555814545,-0.07828615233068607,-0.0565407810988632,3.0437450918330264,3.6809647692949317,1.1849029873271573,-0.06282664162143904,-0.0887887297256874,-0.08201400366180744,-0.08825556441312712,-0.02663570394059766,-0.1066436240315227,-0.0731160486626835,0.7029542519862896,-0.06811676873200798,-0.04881580393120619,-0.013636817570325683,4.625473443740352,1.7663719915194853,0.5434493309100245,-0.0236195923897346,-0.10923023622414589,ward_k14
1,a_3a,3.830103586793123,0.10681770934197772,-0.05995710038942409,1.2453473097202148,0.5685468666859959,-0.07300625307961929,-0.0845356222071042,-0.10094597526704921,-0.08169033963926484,-0.05678070270028451,-0.08349109731000087,-0.08059006921994911,-0.08392871379986719,-0.020891280525176963,3.155551467153365,-0.06531728567717418,-0.058274980150390204,-0.07055891148950455,2.942097558408852,5.203177013516996,1.165078603711013,-0.04701738522853603,-0.07571302582372169,-0.07060762120520694,-0.0932352250466302,-0.011164031708514904,-0.0681240570763398,-0.07013708007401437,0.9961636462591754,-0.03344500168759551,-0.0447352055754002,0.751100455203802,5.712121766048714,2.332765715173559,0.3253920446872508,0.08407697364085902,-0.08606100311991405,ward_k14
1,a_3b,3.584031100366627,0.2901140674919164,-0.06687110745191133,0.9888671937158331,1.6115963867537118,-0.09149970610760513,-0.09872181563223555,-0.10229813762404183,-0.08547637824673296,-0.03261997899189464,-0.0725866223544354,-0.08216574106064242,-0.07966731875541175,-0.02008535586740947,2.777345793671616,-0.06155091382403978,-0.07117235208821379,-0.05936946449696285,2.6973000924360697,4.984757805693112,1.2703039355047754,-0.040846415879431636,-0.07539897989535331,-0.11641808762570553,-0.08033381252230025,-0.06670482731693235,-0.07073347113790607,-0.05137778554611605,0.5940775387228142,-0.09643862194441011,-0.047708429430444205,0.09132807543264558,5.163178685694385,1.9770914747047594,0.5603244071910882,-0.01111231948476488,-0.1160573609098428,ward_k14
1,a_4a,3.595060128982966,1.0577104186227622,0.083913175057098,0.6344775767158146,2.19892668084214,-0.04792170493325791,-0.08585070346924392,-0.08820977043592323,-0.09130932856564539,1.614686637660871,-0.04572631617449956,-0.04824672912644859,-0.09641853393452743,-0.047113289115126945,2.4748363047809,-0.052801591681308865,0.1739789683705131,-0.046769077002347115,2.5094391370061793,4.48547042269624,0.954591935631397,-0.06668889893793506,-0.060407337083568824,-0.07011984203769608,-0.08149672463303101,0.5377165899747609,-0.06327404966800894,-0.029435443652697395,0.5044166486108439,-0.026226078175964083,-0.04479092969217538,1.0639294148164498,5.480133182343326,2.2705731166280554,1.1499433262872447,0.018281470451847685,-0.101242907982932,ward_k14
1,a_4b,3.6683423972332965,1.390655803057602,-0.004590326445818439,1.4271810997462098,1.8677907355219308,-0.05554955141900724,-0.06992985302802954,-0.09848717429536155,-0.08726671325824416,0.5988819169640157,-0.052317305526096404,-0.10101452799986325,-0.09042490215302021,-0.01784608108184044,2.8210997763150583,-0.06061231643840524,-0.050630387103309964,-0.06548545302602415,2.5287648454484337,4.890974204033933,1.4395786307010994,-0.03494536674394612,-0.0688916995413842,-0.08111815331911663,-0.0851288162337017,0.22288842466318276,-0.07150719437559469,-0.016742846435845282,0.726587072646799,-0.0447664360923431,-0.05083911018314061,0.6211303494781742,5.449006581617245,2.155150016521461,0.8716897640502088,0.3857757575370822,-0.06534054835409275,ward_k14
1,a_5a,3.4631098141476624,-0.03918192945806327,-0.0417360936832504,0.4589978042877176,1.3948626755620226,-0.04051425342949702,-0.05711186498469546,-0.08600263835021904,-0.09205013770251066,-0.04719773207734745,-0.09822022014106899,-0.0886986154590173,-0.10846216207615722,-0.016018469464411864,2.4532953148778116,-0.04736826425589643,-0.0180703559273499,-0.06604973458642582,2.64569631462454,4.636487874047993,0.7174046796102211,-0.037938715230679654,-0.06652647484910004,-0.07773577301114688,-0.08038710784788025,-0.03363504322956681,-0.08077614985935574,-0.05683053753418202,0.6684457303510661,-0.07876396070806295,-0.026011862798355108,0.6903603311928899,5.36065338905181,2.157522342913766,0.8628579467027417,0.10158905440988275,-0.0504635939635923,ward_k14
1,a_5b,3.455478511325145,0.27955876356858556,-0.022838196647679998,0.640064848446976,1.5690896402570043,-0.042346901615672145,-0.07841261445154687,-0.11729973537985253,-0.08422799468422673,-0.06137326043470531,-0.10164984694025844,-0.10136546752756312,-0.10934129027778804,-0.021812132177867583,2.671075933320429,-0.04659114492414944,-0.02501136376722741,-0.07091403188456238,2.559790988563606,4.5275723764554545,1.3185953248495275,-0.05731016405469649,-0.11035881561958304,-0.07269554877231041,-0.08275122049168679,-0.0057726106419976105,-0.04765029462570121,-0.04130905151762592,0.3344027291774291,-0.04681552293388094,-0.035501618143257634,0.5082450446596983,5.384717472581011,2.1885715237778047,0.859280248810529,0.21721784361413102,-0.07879240957099506,ward_k14
2,a_001,4.7887073160655085,0.46647359720982906,-0.06201340710874516,2.0253142926171193,0.13748298839569215,-0.0860225795852164,-0.0852992385925764,-0.08543153751919914,-0.08701258275779199,-0.04741684277948479,-0.08949130981884752,-0.08932171551009334,-0.09010106700047744,-0.06918979879951646,-0.08182394264128266,-0.10569963830967714,-0.07514972911083664,-0.09879588355576889,-0.05532082442414802,0.773705677377775,-0.07628814925211133,-0.0644286697603617,-0.07674707811817182,-0.08358783040738194,-0.09530672489199499,0.28992970009483304,-0.09013063593009818,-0.08706424299432725,-0.07258440379482574,1.3379854181912014,-0.08645981563150944,-0.08000044596668751,1.2447322031023258,-0.0656451659676942,-0.06529033130624179,-0.09360966835840816,-0.08456143860323166,ward_k14
2,a_002,4.732744369412433,0.10600574909839897,-0.0713372664249431,2.344822034816315,0.11530437457701281,-0.08748828558527971,-0.06537141986236249,-0.10113982039706895,-0.08750180858808163,-0.07028654234405884,-0.09013992175165747,-0.08571982928618208,-0.09522767052928431,-0.10056018899855049,-0.10302888319950199,-0.09480764582377035,-0.09961833506219168,-0.07681208462830127,-0.058064610215336446,-0.03694901220157985,-0.11498807564797275,-0.09236124016860481,-0.05836058881149834,-0.10596877982173149,-0.08013458862722579,0.552746338441082,-0.09641202223350635,-0.07078403729889912,-0.0630247540546423,0.9071162112600919,-0.09932850285636946,-0.10861251897156896,0.42906268869079656,-0.11327178936217518,-0.0862063607026336,-0.08540415538551341,-0.07500001608898346,ward_k14
2,a_003,4.223669922744116,0.39793138808015927,0.0009248215318153664,2.6029432742810497,1.027034578565619,-0.045758802276147335,-0.07898526219106237,-0.10115262914438897,-0.07943457626773201,-0.01612662658185385,-0.09300224892381291,-0.09745858816920842,-0.1524076904817446,-0.08021836426117297,-0.08124178893055502,-0.08950733883283758,-0.08111126186424991,-0.044464195696190034,-0.011252972662801279,2.022413804232068,-0.04614461806252709,-0.05287964829261268,-0.021562907993135563,-0.1039954047282533,-0.04937580592598432,2.3933307122613625,-0.0034584531534692575,-0.049939706573300074,-0.07668946699939541,0.5800495364956231,-0.08675916516224082,-0.04443737328714199,-0.02042173205225313,-0.09713199970437665,-0.07183129636699905,-0.08037737127776955,-0.08573980954715206,ward_k14
2,a_004,3.6179047012741075,-0.002606485626711044,-0.11443991739848533,2.279578816718777,-0.03705132091022575,-0.07335475069697041,-0.07231437656306199,-0.10698745109278106,-0.1073090182123037,-0.03999457070724889,-0.09025726913165326,-0.12343088127977375,-0.10417263788080906,-0.09772699019114414,-0.07416567030650457,-0.09907623171676944,-0.09922298360478113,-0.11737539790025643,-0.08602549537799002,1.2113372246632197,-0.09452944389183371,-0.07243273334260193,-0.08486343206942107,-0.08046227756831706,-0.08451637767649026,2.3229876365757947,-0.10962981509282334,-0.07617476512136193,-0.09238639114863949,0.04302293394791783,-0.0868848859725797,-0.09979201698310419,0.6488036310312623,-0.096543845115105,-0.0849340057756725,-0.0711967295612704,-0.10025621846977048,ward_k14
2,a_005,4.027941581273632,-0.03288624841283325,-0.08969622419232023,2.6615079713802596,1.622098084391183,-0.09688666595731116,-0.08242645572069895,-0.12170481402550619,-0.08289909626542832,-0.003022723512285805,-0.10042121921310916,-0.10970203841826758,-0.10791561563240595,-0.09076776460113159,-0.05899870137343439,-0.10356389219199474,-0.078410825986296,-0.07260449125106276,-0.07190398121779705,0.4844499496505601,-0.10470657037187035,-0.0646292983741384,-0.05250356450860832,-0.10914439322790456,-0.052833257251319994,2.220363342942204,-0.08103155834495476,-0.0948901496394362,-0.07423507948959478,-0.00742800408576157,-0.11048323434066544,-0.09729978009560934,-0.01575756576018915,-0.1078925282000844,-0.08804940669620245,-0.1379469904975612,-0.10711954030087027,ward_k14
2,a_006,4.718904088050273,0.5852677587685962,-0.08953612481078177,2.2336722531683,-0.03537654512000937,-0.08161409604521082,-0.09067091690000492,-0.09022497209227938,-0.09019931343952467,-0.09564018441583408,-0.0993796591496744,-0.10208652846419866,-0.0969744451819394,-0.10092656363735442,-0.09106830360555894,-0.10470853761481444,-0.08526567017757321,-0.09460914243948916,-0.07449209174797472,0.2543852080194373,-0.09015678597687435,-0.09923440096331315,-0.08426961752539655,-0.09570295859405983,-0.1070770406529622,-0.00448627070277372,-0.08682959090841684,-0.08522754478446079,-0.06488381837869046,1.4110015296124971,-0.07202939088046328,-0.08827376586915338,1.0192785945481897,-0.08139414676559356,-0.08332334089016043,-0.10610668021491898,-0.0908695411308372,ward_k14
2,a_007,4.897260442929493,0.8191027898798742,-0.0745222880749609,2.5068390361798674,-0.013048565100326016,-0.06499270800477414,-0.08251587986125089,-0.09979021813742095,-0.07791955820677987,-0.06549245749802868,-0.08319504026679529,-0.12588369543411687,-0.08738759118219436,-0.10626264990958709,-0.0846196264779952,-0.11000008421440989,-0.08618749502417156,-0.0896663871780723,-0.05739297159492805,0.294778888926912,-0.08620269949380371,-0.08473227016536085,-0.09360987382087585,-0.09830636268079845,-0.09311658892759073,0.2052942626145268,-0.0744527638520282,-0.10239841314261576,-0.09976667698450048,1.1223278242424488,-0.1015176482250533,-0.07749703059100208,0.5405435149638457,-0.084623436497207,-0.08054904794407208,-0.08748676690179878,-0.09457822178548489,ward_k14
2,a_009,4.69090238254292,0.6915038769636991,-0.05866210055796896,2.621377391084558,0.7208906776538341,-0.07981178595484831,-0.10182938467294811,-0.091498663164269,-0.10486503473732425,-0.08480975467212065,-0.09680245831948173,-0.09753511415864788,-0.0852277287307301,-0.07970134429320046,-0.08498101904470604,-0.07480875405747783,-0.04504107664290973,-0.09633843789032367,-0.052910956526692345,0.8224708774227223,-0.0808089133257184,-0.08572417314297255,-0.03375103405546183,-0.05741056234466514,-0.10258903223160942,0.58553089958308,-0.078166956263657,-0.08084207031566228,-0.06715817715001036,0.8860209692975407,-0.0731802855105904,-0.0074707424104466435,2.090005595067824,-0.07448277290921033,-0.09935994101759511,-0.09021073462524443,-0.12801992828721265,ward_k14
2,a_010,4.8063964792557305,0.2731530070912722,-0.08072247065784292,2.325871351853625,-0.06142703710577314,-0.06582919688260017,-0.07708576858409738,-0.10788333113716597,-0.09709102414113516,-0.06008597675464894,-0.09935205256774692,-0.10363393291875808,-0.10490660067042254,-0.10817619860421446,-0.06803567386242507,-0.106550775412465,-0.0952327102027184,-0.06529051568750713,-0.0709867427805667,-0.04433209003602345,-0.08494809314678657,-0.10766252778876342,-0.07715613707694279,-0.07838711663392586,-0.09537684671403314,0.3307369590553676,-0.09801539960578336,-0.10761017659804156,-0.07357705400468724,1.1391443319736596,-0.09439750208347067,-0.07471183369878183,0.6942236073408202,-0.0872280400387967,-0.11108368665193699,-0.09161524961279596,-0.08486651444409223,ward_k14
2,a_011,3.6999965097215206,-0.01603811917007226,-0.06887407455518568,2.5253100691673516,0.9901639965033919,-0.12523783000965819,-0.09306725830547394,-0.08451824259764064,-0.0615290364527126,0.7662023358938943,-0.07538446647087696,-0.10628238287862851,-0.09513427828582904,-0.11345663241568488,-0.011445179303054435,-0.08514543335373943,-0.06593341584656591,-0.09878480945159347,-0.08165461155373828,1.90357971901873,-0.046054043735909544,-0.06397083069374335,-0.0450422913452891,-0.12173152147815502,-0.10281326150498736,2.3836978649488882,-0.07774231239330676,-0.11978826782481106,-0.06371897215164977,-0.020359350878802352,-0.10207391038825717,-0.09958961675884162,0.6505656499161299,-0.0511438360696724,-0.08844635879409575,-0.11821735417690547,-0.13131531001832347,ward_k14
2,a_012,4.066384577734002,0.10299367226433953,-0.09482018346936746,2.493571729522254,0.867308717302796,0.07270762612864631,-0.06049148083733083,-0.09972821246561481,-0.10602853806620008,1.519404657541145,-0.10608829803033579,-0.09623012026662286,-0.07569678071140046,-0.06441127322706017,0.20978702330481275,-0.10296062156959193,-0.09916204007849794,-0.05449123703382612,-0.051297469232412164,1.6089424494646924,-0.05747635153070162,-0.062385181260773026,-0.07069957562782747,-0.08941127660742915,-0.10244864292552384,2.622702938002396,-0.040704013831494204,-0.09438488563384856,-0.12935056815215107,-0.05259546718048172,-0.061967831055146555,-0.06217009230508798,0.16943048546805067,-0.10168302852203587,-0.042310652326338745,-0.10244203362086388,-0.07477283215447432,ward_k14
2,a_1a,5.7623563405258285,2.582858368916231,-0.03046819321304158,3.4599602371855616,1.9411546064703267,-0.06015079288948216,-0.0990701817589781,-0.09582254070301507,-0.08019632187770816,-0.00841163833590299,-0.08334342105022287,-0.09679918943091353,-0.10706313236795373,-0.08863890735314334,-0.06777690706222494,-0.08915277169310383,-0.07873275184872895,-0.057217349452228526,-0.036988954608020264,2.4936428551704353,-0.04149221725357517,-0.08239200802540739,-0.07588814460699109,-0.09192307412615489,-0.08329240380096375,3.4344169945837173,-0.049711013302288484,-0.09638014023977785,-0.09790994090013883,2.4848744900646524,-0.0973374979762748,-0.06282256674754008,1.7738518896242985,-0.0768277950636507,-0.08126344924412757,-0.08404495898362094,-0.08004812000262836,ward_k14
2,a_2a,5.402991795077281,1.9664113835468944,-0.04073999586144445,3.150505451929505,1.4289560239328936,-0.09323430818357026,-0.08878142715560586,-0.10723549611758834,-0.08665264106045023,-0.08309825235298832,-0.10675472586702191,-0.09530830913530718,-0.1101874425664193,-0.1024055562345902,-0.0650992932823266,-0.07694305742511028,-0.06550252888331821,-0.08124401674843432,-0.0064886926765319024,1.3214169944345402,-0.05685244149195964,-0.08374858737092304,-0.10309785414692858,-0.09570709177526497,-0.0993111214970877,2.585867935511555,-0.07914852133370037,-0.10720606578304173,-0.10914425102459549,0.8179907094389491,-0.08480578735757624,-0.07340108771494189,1.5660071534504545,-0.09953723378408619,-0.04787210479355031,-0.08123344797684194,-0.05190005550091333,ward_k14
2,a_2b,5.244833023767712,1.9529657394332682,-0.04969352008874647,3.1803629125267423,0.9033899005267947,-0.06988635260959207,-0.08902875010570263,-0.09121522269833647,-0.11223911230164993,-0.08774919420327923,-0.0746101693979343,-0.09657060791462446,-0.12097837848053491,-0.10981363685096891,-0.08341544713004322,-0.09254348663936192,-0.08577816704862211,-0.06601864374365796,-0.025741431361024223,0.18312502773986344,-0.09965801314059086,-0.08678262657924657,-0.08399553650791923,-0.10665092576076343,-0.08685050468538581,2.5275090456040283,-0.060541826229630745,-0.08468957058285524,-0.09949150521739845,0.9024898233985758,-0.10277134267875873,-0.0939866710346774,-0.015252809372640877,-0.08054421268904732,-0.07903429482009504,-0.09368448957206633,-0.08468661882345536,ward_k14
2,a_3a,5.499910484484498,2.0905760167115846,-0.04872224353664591,2.752553973902372,0.8790521910448947,-0.06761886999948276,-0.09447229403437486,-0.08700653196320665,-0.09436545246762205,-0.08420504458418838,-0.09786581852532275,-0.10107010552074455,-0.07452373273875594,-0.08778897005156727,-0.0390334005868193,-0.08651302821716494,-0.05201312783106631,-0.07321479352071267,-0.035764376942285965,2.2643685619354117,-0.04951312508967981,-0.0818990489978058,-0.09339789561861618,-0.09953506301634936,-0.07614827619386436,2.7514264544863014,-0.040698057043501164,-0.07675843509746207,-0.08916007995940714,0.7333431793028587,-0.10459532601583517,-0.05577681746563492,1.4511130635752254,-0.08979031245286359,-0.07430762082859246,-0.07253903302550883,-0.09767503066959919,ward_k14
2,a_3b,5.706784078948677,2.184228386835262,-0.03014124796597105,3.0513289764267273,1.5328606446545534,-0.07129882936619068,-0.08211551406963133,-0.08914542780089735,-0.08406049070121151,-0.0643575836786598,-0.10262383678472786,-0.10211538155545359,-0.10485519451566692,-0.08426790103994845,-0.03451880413753092,-0.1084186182269398,-0.06513151873649964,-0.0707229632321544,-0.05075928337553867,2.3413153939828333,-0.060964983091255524,-0.07617367157010435,-0.06940747659630389,-0.09741601811668761,-0.09310936523176838,3.0180664677034694,-0.05002328409798208,-0.07782610133699322,-0.08976962367055348,0.9146498983696945,-0.06659558175604842,-0.05134285687906445,1.8361304257972804,-0.07792892329338523,-0.04086615134826172,-0.06994860050224135,-0.08189151046237952,ward_k14
2,a_4a,5.512064210165167,2.002261901695516,-0.03531732348470364,2.945580910328083,1.3953205790933036,-0.05486413546819087,-0.08287044146872913,-0.09133954042628253,-0.09575604113683256,1.2439097835488178,-0.08910284856744309,-0.11868010518751461,-0.10086953396435885,-0.05117134337350294,-0.06433238732906783,-0.09586592420373254,-0.07567450943841918,-0.058047377890046783,-0.015613693376946838,2.3730063441434672,-0.06941506981032923,-0.08311931537625859,-0.08540122595171883,-0.06484212960065124,-0.11051947895375253,2.2926204199103335,-0.08620529327053005,-0.08998381155992456,-0.07689436744752258,0.9630090098900111,-0.07233684237344631,-0.02159172758028281,2.4689513581753655,-0.07065424394620905,-0.034905277270631516,-0.06488590649475216,-0.09739701102971593,ward_k14
2,a_4b,5.502519768250135,2.4025672619637652,-1.8659885971655397e-05,2.9495717736061873,1.634736640240324,-0.0748978695269659,-0.09515557393008554,-0.07588941053885673,-0.09294955388545453,-0.017275643819689927,-0.08605168403394217,-0.08966943243156397,-0.08686480351294981,-0.06672184774923567,-0.012548699947724017,-0.09061012719427747,-0.0853827147149753,-0.049788162449074656,0.002353765877275654,2.728556862478943,-0.032935964541907926,-0.07431670332863789,-0.11886402189632382,-0.05771678631753923,-0.11170231969538263,2.90552934486458,-0.07809877411744695,-0.03586461236647999,-0.08675228883813045,1.5009102682731925,-0.07235074749688818,-0.06416700404539762,2.6780608920992623,-0.05217989580492965,-0.05404885638270154,-0.06913395173883884,-0.07571500796582288,ward_k14
2,a_5a,4.984901860894491,1.2272386696368773,-0.06762014688848497,2.894721877465853,1.5205529196079377,-0.0725648256179662,-0.09286291648193806,-0.11272131757659087,-0.07800651408652311,-0.0749898459931072,-0.08750641727456969,-0.09914556437848243,-0.08560576786039739,-0.0683832753543813,-0.04709172652721038,-0.10602089235198409,-0.047247762067232454,-0.07170870301553546,-0.04321397651180223,1.8749680715102155,-0.058325737374696845,-0.06882781242683733,-0.08787235501040984,-0.09447019669519743,-0.10626507850893852,2.7219907371643233,-0.046076995262214655,-0.09933884243642441,-0.07019716842033775,0.28056118348230585,-0.08469924315550895,-0.10113618093725163,2.1466709245791824,-0.06417627628707712,-0.08693475932718399,-0.08816799649347844,-0.08026058011745474,ward_k14
2,a_5b,5.035319183597711,1.7779683287127697,-0.06633058993237917,2.836542400073885,1.7360398637866323,-0.07025822467520093,-0.08974785496581736,-0.09111340901807696,-0.08858037579336675,-0.09953059634479586,-0.08469192593433596,-0.07747413953597948,-0.07855347763592505,-0.09442981672031812,-0.06401600561865814,-0.10591760255528145,-0.07393219954577948,-0.06024335409799688,-0.024073888017177546,1.4829862737018042,-0.075777901226147,-0.11268338925492191,-0.07716257715796132,-0.09858622401052775,-0.09230604140865582,2.6753622945540165,-0.01976210449882498,-0.05831322686266792,-0.09760729205112523,0.35838745542949135,-0.10011383546133,-0.06183328725717021,1.7896916483772567,-0.0857986946324987,-0.09082192106309146,-0.10435520721200121,-0.08136571852951391,ward_k14
3,a_001,0.9458342733660151,-0.07182976847100889,1.5686605762507901,-0.029155334754519105,0.4939212001553818,-0.1162311617564882,-0.08578735406427207,-0.09271358331059287,-0.08693341744936471,-0.03465882704633894,-0.08347179182275102,-0.10513385856288801,-0.08114243378507016,-0.08851353237665788,1.2537946439881054,-0.08413549406066836,-0.06182545261969315,-0.10666178351649737,-0.05225946082620438,0.21031590315635407,-0.066290882107362,-0.10191356225981461,-0.09125022578377447,-0.09484820401633613,-0.11087316143333524,-0.055466727264630505,-0.09982366426181284,-0.0688528757833672,-0.06287777079003817,0.9981167614636026,-0.07223960718263776,0.6913158073630518,5.994763911611265,1.8338635991061256,0.16943336915587504,-0.10888140815406787,-0.0744029273337229,ward_k14
3,a_002,1.7168055054791698,-0.052707410414974815,0.6645051984471076,-0.023505302408851438,-0.0948758374721289,-0.08968137089083052,-0.08727351802129872,-0.0893679509474804,-0.10103409758494797,-0.05936780026213248,-0.07723091469683872,-0.10151611392557511,-0.09171795173643787,-0.07955892968148674,1.504402432931091,-0.04907032378581702,-0.08418292031568239,-0.07190657327647179,-0.0052232776747520695,-0.00017382092686384738,-0.06329407923899166,-0.0899062520356059,-0.09835607753787447,-0.1014584871550185,-0.08313696884627184,-0.09516542960376749,-0.09451997333139205,-0.09219823442039667,-0.07261883601916592,0.004083587800731104,-0.07971865211289754,0.7549895989382021,5.7457957059311315,1.633710440951303,0.2485500981973925,-0.09581426387959384,-0.082183858470192,ward_k14
3,a_003,0.45980780353008127,-0.09302998403415222,2.2375055790550227,-0.04381143608583298,0.2552851614166541,-0.0943623263878451,-0.09486818861581439,-0.09163413384012713,-0.09718868348328286,-0.005900717855300792,-0.05317865448047811,-0.0802343550555053,-0.08825799765886616,-0.08158590662191378,1.3224349278318814,-0.09789990669574263,-0.06481362486084646,-0.0804471587647956,0.03719691630103148,1.8705562922136523,-0.08492946068939475,-0.08235714738010841,-0.100928265795667,-0.06982913139409097,-0.08899219651546905,-0.09984714169034523,-0.07945617367108082,-0.06873191339053525,-0.0823253873852633,-0.03583844925800814,-0.08124065103764952,0.2680406715387232,4.9582111139306875,1.0706575750770178,-0.02441878784227096,-0.076751296055806,-0.08149376722015968,ward_k14
3,a_004,-0.006276853469475212,-0.06570243272323764,2.436031242887518,-0.027315825521115923,-0.005786301819861227,-0.09292452951106278,-0.10446531879585906,-0.10530522188607722,-0.09928409837635091,-0.05859670890739091,-0.07599406500586023,-0.08285263380703933,-0.09007007909793388,-0.09506401648596985,1.3507710253091336,-0.09245159622783158,-0.08550105430105717,-0.09048764738173129,-0.029065993731470216,1.4731202992351964,-0.07967384031688071,-0.09097384157283042,-0.09553920302188798,-0.09494433564783616,-0.10534404923759136,-0.07670090639977306,-0.08459838920085017,-0.08246137899136086,-0.09460280097851542,-0.05217629996417239,-0.09786760284466778,-0.012770560780697991,4.919777082881071,1.2320961389657197,-0.00015093446548435102,-0.09759574123249956,-0.09091719734610867,ward_k14
3,a_005,0.5037734374974132,-0.06850807774006776,-0.030253477041854993,-0.002403899574670533,0.5715938512589598,-0.0963557975740865,-0.08742599472143214,-0.08540066176623716,-0.054276855343067046,0.5376113848072953,-0.036870380506625326,-0.08913471770213144,-0.08759203698254811,-0.07752709710515128,1.854892601721696,-0.07772790182857574,-0.09989254538186346,-0.08255416499144091,-0.012709712035012486,0.7705467510842707,-0.04076083719996208,-0.10054158465308753,-0.10386448154650325,-0.11555753295133372,-0.11176579538917532,-0.09005106499595483,-0.07676472273533143,-0.09999829186824231,-0.05928620804469112,-0.09256046675160126,-0.10201096211131551,-0.04280873034785291,4.138124939713317,0.6638955754837141,-0.05383057992282025,-0.09580330523665229,-0.046710481684224606,ward_k14
3,a_006,0.9224958779214909,-0.08588296460849645,1.7021212770597263,-0.030683193275783296,-0.06717151822843706,-0.07143202971911515,-0.10201592591899933,-0.1006324469860835,-0.09651618431259823,-0.05726119794754813,-0.06858139092436757,-0.08160132931282507,-0.12412353268156204,-0.04746855425237351,0.8523709262564508,-0.09045268752643726,-0.10094888919740932,-0.08947015625586723,-0.027918036689827334,-0.0008417721279688795,-0.07482220649686341,-0.09056185359049734,-0.10105584053757637,-0.07595160323998652,-0.11073445602591286,-0.08949968519956816,-0.0894841999947914,-0.08620442428846645,-0.0700536459526836,0.3034242994435751,-0.03852945286887668,0.26833248907669915,5.6195373373356245,1.2718703363093204,0.20492196063220441,-0.05771020955869542,-0.09762371686946253,ward_k14
3,a_007,1.1066672459557063,-0.03727882669224915,2.0530782345928626,-0.012078776052088219,-0.02793650222048364,-0.08482175163314964,-0.08487927154689386,-0.0800819741616917,-0.09115460067591677,-0.05669471364671156,-0.08225534493704485,-0.08549841391958758,-0.06857994701656525,-0.08774338130087989,1.043392493047135,-0.07634461511132987,-0.09020528510658225,-0.0954715442524612,-0.012558712739050237,0.18994250629270806,-0.10508449276105548,-0.10560985080575104,-0.055907201938038976,-0.08667550887916306,-0.10738764816712036,-0.10155616427393749,-0.1027450410432901,-0.09889027097109865,-0.07380588048965923,0.7931869346217872,-0.058336322719831954,0.42018379744275236,5.840412614254091,1.7623669710812628,0.23033930329515795,-0.07561472425646304,-0.09049373193334403,ward_k14
3,a_009,1.5612577555416274,-0.03967484879562952,1.726679499677739,0.09314979247390923,0.7866097296529028,-0.06974016502597727,-0.11141437515022658,-0.10009689664553217,-0.0843120660690088,-0.04608193295220938,-0.012326408953130351,-0.10806838472305269,-0.1096492366468422,-0.058384502528696355,1.6846983514063754,-0.07769661450578126,-0.023300093621233225,-0.057909136791735746,0.13884577841687287,1.2263746131422442,-0.09039726920595662,-0.09878870051474732,-0.09247245594787111,-0.07797396669332649,-0.10695922899190408,-0.04934552194376458,-0.09801640803680756,-0.08316833754936351,-0.058062521744722186,-0.015326755192028446,-0.07878830384139891,0.6112291913293508,5.347419283040977,1.5482525250877215,0.2203153817520515,-0.07465093863446812,-0.0768657940182112,ward_k14
3,a_010,0.711978033932742,-0.057761120677565364,1.9777448275657448,-0.0073523877287944815,-0.051980557291507704,-0.08151461896701184,-0.07877117478210746,-0.11019271067601225,-0.09914328935640772,-0.05400184609041951,-0.07919757713453426,-0.11295268709667952,-0.09989250378087562,-0.07444685852427502,1.5787858915435002,-0.07797950672073485,-0.09670323947558589,-0.09296621872328815,-0.012783813882692457,-0.07476363445636222,-0.0700659147252557,-0.085221735650387,-0.08211442346361399,-0.09658199371486621,-0.08858653845178358,-0.08401898350303504,-0.09502271627793654,-0.07781663391463753,-0.0758240974566246,0.3779798222484564,-0.07760835214402012,0.33659543764331157,5.585636620025849,1.7362763303857025,0.20459546220495048,-0.09810499444351348,-0.08851027676297002,ward_k14
3,a_011,0.754942384535158,-0.048908000583321454,0.15461941020395686,-0.012397564756416023,0.623295011374496,-0.07604323521477677,-0.08409200547404139,-0.07523547226436193,-0.06708191200913102,1.9674809460315033,-0.03849422276954157,-0.09651015865584846,-0.10595364438346198,-0.0992595793101739,1.843883425884177,-0.056292464079162566,-0.0807537920844557,-0.08619122522631975,0.19824685119326124,2.8011770652268635,-0.018007790809715686,-0.08115202238754644,-0.08907219046968431,-0.09247995787443292,-0.09865699668898562,-0.0432138995537965,-0.11058925446238908,-0.07736512467559131,-0.06241458630020758,-0.0616414283435324,-0.09928354141826318,-0.0384213712287337,4.305608803054382,0.6474119846105013,-0.01868492269140645,-0.05669642155434289,-0.09465080991812595,ward_k14
3,a_012,1.0533999298191585,-0.05722550788883095,-0.03430417867004286,0.38394670563910954,1.0868528384518026,-0.07120125400202679,-0.09692316916822273,-0.08902373340670769,-0.03539990773409479,2.508456338043641,0.464067389303242,-0.07516314991813135,-0.09155627395318941,-0.07708707599981945,2.454797754396888,-0.05533237004995923,-0.08235448315303424,-0.07274555442475565,0.7436483565531787,2.886597297083764,-0.021854280713784674,-0.06230722662009261,-0.09686338048412241,-0.08546938529711337,-0.10363432420631179,-0.04339937023111692,-0.10421375626526644,-0.07952254890384616,-0.017998918606096398,-0.08213885397793652,-0.047092154410881014,-0.056711733206667975,4.051542909454623,0.3643960158900553,-0.044130361763933,-0.06709859355523584,-0.08950682827941227,ward_k14
3,a_1a,2.282917036037376,1.2047803554062293,3.500115338318033,0.03675229431525891,1.9400166035141564,-0.07344281764652745,-0.110204149536242,-0.10873886786686393,-0.0717687297810849,-0.006042445189368058,-0.07270389370764586,-0.0680658949403556,-0.07690303217306618,-0.09995478352167779,1.7254936839009551,-0.08787195322329286,-0.10025288545280375,-0.07006554423042811,0.26993801071729495,2.4418122786928453,-0.11010861132328545,-0.11285552163101181,-0.09705387487993228,-0.07392552022402839,-0.07193702992976861,-0.04171801281114063,-0.13120000414022734,-0.12611975174982715,-0.05922763014671734,1.3877032175670838,-0.038118235400413994,1.6922020321223985,6.3093738524117695,2.6335070439708854,0.09636629287124741,-0.058172152144900756,-0.1039370574581716,ward_k14
3,a_2a,1.683668166915338,0.3195858984560348,2.8510454223907744,-0.034223059666377516,0.8652931509819263,-0.08766508198933072,-0.13095357278875486,-0.09866441115434144,-0.09867285177512183,-0.08166601759433671,-0.08343737680572025,-0.099408784026608,-0.09381797126481314,-0.09380752090652465,2.069808093368817,-0.08292019527630305,-0.1146617749717232,-0.059905395794026525,0.4817604876275441,1.585315211125635,-0.08071603050646041,-0.09637341234322985,-0.06559310019612963,-0.0811841803909352,-0.10241199550339165,-0.06410918134347411,-0.0721329128318985,-0.09595343230674394,-0.07242589080383309,-0.054452411670096915,-0.052735534514354226,0.1593748153847791,5.343604696761588,1.4377647301204621,0.18224482847425721,-0.08620131455143662,-0.0658883156430106,ward_k14
3,a_2b,1.395762347096158,-0.033665317311354984,2.9422690791109356,-0.028616186001867435,0.34131944582317786,-0.07609482904723122,-0.08531128966694732,-0.11870463204989087,-0.08175570315923794,-0.10417068129076534,-0.08846870649782618,-0.09371222987814073,-0.0980846778394163,-0.09553192237210158,1.678909261078044,-0.0872761882182097,-0.07669809601199123,-0.09122471948259155,0.28429927749811246,0.11124189405772827,-0.07111216769208703,-0.09517993306656677,-0.09687212957558475,-0.09233092146708144,-0.10804686119402548,-0.08872391386954283,-0.09280484397395997,-0.0796527407746685,-0.07592060684612695,-0.03987730279079745,-0.06635386449273535,-0.012220236242434904,5.293892273718637,1.4455178227262948,0.08955025210347237,-0.06358369089866411,-0.08390167102103635,ward_k14
3,a_3a,2.10029164152258,0.2584891861796245,0.6995103795861305,-0.0760863416996192,1.0322531351666688,-0.0659970780976898,-0.07708066371872342,-0.0841745516890399,-0.09744770244928501,-0.07948109976313997,-0.10427591962559321,-0.12476038845604065,-0.09920107949927254,-0.09237757156028151,0.9072837216958155,-0.0871723427736958,-0.10650235342177108,-0.10246400756363709,0.47955965186194854,2.54182629368942,-0.0383313987138702,-0.0874782528102651,-0.09400266378645335,-0.08669347175361339,-0.07555250791628158,-0.04160711925890112,-0.09265907076402198,-0.06181621367874649,-0.0845823862038852,-0.0665677425518645,-0.08542242742858137,-0.03746543771130057,4.6174576895984085,1.4034209082701703,-0.010387434275307484,-0.05815590756277706,-0.06801028739541122,ward_k14
3,a_3b,1.9867795439675788,0.2196652501779595,2.90884416634743,-0.011319464859725691,1.0893834042221116,-0.05470197409160459,-0.08402943318528638,-0.0897249037126119,-0.10540377733523541,-0.05541386172395128,-0.07973874650326256,-0.10919870288091366,-0.09563450390115204,-0.07610146726991932,2.2082618355498447,-0.061653338554465836,-0.08758884845228432,-0.09445803470830264,0.5986683903021539,2.3685281193391523,-0.018564533249314202,-0.06068801811357369,-0.07837403784704397,-0.10281620233809007,-0.09757179897373014,-0.05328925231451529,-0.10296234165358698,-0.08085045906165002,-0.09450730436670779,-0.0003287265949351586,-0.07923792793636708,0.12050313805746976,5.653205550565482,1.4993680658046908,0.19998852373467907,-0.09903927353586639,-0.09851702836393561,ward_k14
3,a_4a,2.11903025090499,1.0296541781627537,2.7706747769710534,0.19896475509252307,1.5991281167210456,-0.07397905418524543,-0.07933232055181932,-0.07215044822964954,-0.10477717974710382,1.178269752452913,-0.0747334482584461,-0.07767211876160174,-0.09411566326956322,-0.09160644228053216,1.5362698700916604,-0.08647927559305564,-0.07739329335167844,-0.09461756393956114,0.30168293844052796,2.3449034652651344,-0.02537665355834317,-0.05844608388450345,-0.09450959363203298,-0.0991039194910917,-0.09268487204845136,-0.04693943460151448,-0.08128935869163534,-0.07956609182763763,-0.07008648392907349,0.23497502507512805,-0.09174585620740242,0.38466278291443434,5.778043682211461,2.106741885289872,0.2586205518325853,-0.07355679809035073,-0.07783034669062254,ward_k14
3,a_4b,2.267621554974513,0.9673727132094562,1.6534615593323043,0.28806333108410315,1.2060865373301373,-0.08962250365539069,-0.0978071624041514,-0.10627821029951358,-0.1068131744120302,0.2314252195057928,-0.09463128155190965,-0.08230538640238504,-0.09590899306733881,-0.06241111810654877,1.4348197040645188,-0.08113086091417483,-0.07410589621360018,-0.07566447691057497,0.8291198556592069,2.948080177566768,-0.026300286031269594,-0.07333063398537767,-0.07460725093639362,-0.08456953375354948,-0.10179430453644531,-0.05136979840471445,-0.09136851841100681,-0.08976857884150632,-0.05237435244306951,-0.0318580647264535,-0.0517051357244106,0.04395572267088544,4.850910091521457,1.7083128711451376,0.36444449769354015,-0.038999612592627894,-0.09027898991695005,ward_k14
3,a_5a,1.9141569138702588,0.17342478361197183,2.5912469115333323,-0.04537804086417318,1.0913399896579032,-0.07294654056404976,-0.05590200073652794,-0.0883146967808471,-0.08017785384962081,-0.06888270695179324,-0.07054239191922401,-0.12175702263417085,-0.10620870897206341,-0.08635331082516767,1.1983881101314995,-0.0797284649566131,-0.08815011654237084,-0.08079591531862805,-0.020384340979992352,1.9253061465763037,-0.056506720299415225,-0.07781839427984615,-0.08098816688765398,-0.07677281663158783,-0.09521701735677346,-0.07623424515972715,-0.0754497968040321,-0.06737445806074385,-0.0855564707703797,-0.04577132755812877,-0.06044372611745004,0.308805339404545,5.551798205522649,1.9910040136751996,0.486640419947675,-0.06327042992384657,-0.10416800235891287,ward_k14
3,a_5b,1.7266053530419003,0.1809345531982544,2.129878563501517,-0.04467972475125949,1.1317557206744695,-0.0796751954813245,-0.0791151087849142,-0.10435658195927905,-0.08689455137917185,-0.07709296202375206,-0.04870086665380691,-0.09075344662330145,-0.1097871917731621,-0.07079340441263873,1.0540051492650215,-0.10629379853210118,-0.06312435239545544,-0.07563068629270142,-0.010306510121193716,1.5750885181239334,-0.08906644317020138,-0.07428607156081385,-0.08587776214158885,-0.09299043170703904,-0.1122707173110914,-0.07608631508668909,-0.07274871156507887,-0.08857862292511795,-0.07918421243861007,-0.03701500429656124,-0.0726851093957889,0.08224655144887127,5.424959300140921,1.9896019162197753,0.39973966424143176,-0.08130723103105317,-0.0873597308330391,ward_k14
4,a_001,2.980986245808327,0.5879521195224444,-0.020882389959071372,1.0950980798355239,3.313134096702486,-0.05245948585094706,-0.05455654352067829,-0.0963089985820913,-0.08162820729916642,0.07449823258729762,-0.01922808739980914,-0.11596193941680916,-0.08714838436398056,-0.03478704545319073,0.898250937432753,0.08013750761456855,-0.03292250018613008,-0.04085859172337339,0.5782376096269621,0.4939658989032585,-0.031962533193371515,0.4312576284555629,0.03423783861213396,-0.10322646089275148,1.2457337042291154,1.425839273844271,-0.04573074873447523,0.20695955698616914,-0.039399286088083886,0.3520551990142159,-0.0929679777454179,1.3417276136585747,2.428071625568119,0.16457864816862663,0.3484857956351688,-0.05139104489964083,-0.06638940218011581,ward_k14
4,a_002,4.338660271325284,1.0284546645316546,0.16188866415821146,1.212696096709839,3.8536676618705465,2.1728343979260774,0.48437988067365245,-0.035620678728838784,-0.12602493395948983,0.8756110288860821,-0.05551080528045156,-0.07735769951490992,-0.09433686367261443,-0.08538438339250917,0.16381991324677875,-0.10115423181718017,1.36457625643592,0.8432111941973353,1.4933545408595632,0.06284577692285871,0.5233546457638808,1.473932283501779,0.7528337429105498,-0.06138532392621175,1.4209505350894605,0.5673456140610844,0.5816326569461663,0.9984771287058883,-0.06670330569999522,0.8087571238268652,-0.0452643216762819,-0.045836892884714764,2.656593770602817,-0.13063507366870558,1.3623151464257113,-0.09978034284369447,-0.08940952197267978,ward_k14
4,a_003,2.8929838204618066,-0.054647231287619,-0.07737542366474216,0.6678285212932974,2.4651958234971056,0.0014379326908825138,-0.07618246461529228,-0.05531844457997498,-0.01531933789179074,1.9487102468875523,-0.07522047406611454,-0.05255841777701148,-0.08498602215286757,0.5854993387062247,1.6300615816414648,0.03600374386730174,0.5864408115829063,-0.02605719106245911,1.3902024351722568,3.0431549410798557,0.49699500935581464,0.22046993441342186,0.99277486192926,-0.014076352034580086,1.6545752356690342,0.18725929140015168,-0.04157283726256203,0.9961395937112685,1.3154040780686866,0.18131301514740375,0.09803361441398653,1.1826997747066512,4.629649899683894,1.93424833521799,1.0397715100239324,-0.04387460643155229,-0.02100264940240301,ward_k14
4,a_004,2.2394115597888895,-0.07118692561040799,-0.05122175051153044,0.30927271576427695,0.34589426348313174,-0.1280193252680365,-0.11583743250272625,-0.1522552769776084,-0.03425830707021234,-0.029374005057977652,-0.04938525663851784,-0.08635778407628206,-0.04697440456793089,-0.10579234117922413,0.544644528917668,-0.03932246389725071,-0.021310593943060816,-0.11313843302346013,-0.06361284071096782,1.9835101263133685,-0.05969216602565173,-0.0457457178524583,-0.022834240377920326,-0.06471719227983243,1.4341638759363888,1.4744978761116407,-0.04889177771753714,0.3079166802237493,0.7696237363258714,-0.014472886804829672,-0.014366253260476688,0.9371213012581395,3.803309859369174,-0.03598990986297927,0.024785648121744722,-0.10073595967452875,-0.10881401346565463,ward_k14
4,a_005,-0.07602931606325322,-0.06371976328681499,-0.09598480071887655,1.0087517509843127,1.4065496767627004,3.373993936895275,0.3826898030982142,-0.058898739302234965,-0.07014732340777127,1.831761573762931,0.37142790547955884,-0.06056289359985625,-0.0025089042017351466,-0.07851263903085484,-0.04717954203185495,-0.02286639762886015,0.23428259794843462,0.002967591325815425,0.17472492888333296,0.2729483713420061,-0.09140272563043265,-0.07842019087125474,0.5017815443120393,-0.07105450323291097,1.793012421486238,0.35311611955108485,-0.07236412351096308,-0.11667688742197002,0.48768919076274786,-0.045357944983768,-0.014855465763446062,-0.02123444388800039,0.9624495848588411,0.1703403071010522,1.6688493902818629,-0.09282493998643136,-0.09975847170786088,ward_k14
4,a_006,3.470310239173729,-0.13103733669759152,-0.03917518996214831,-0.0956087117670271,0.33575517064046545,-0.033518585248952085,-0.07121840643504315,-0.050879737796531536,0.7533449218355254,-0.11788874552400708,-0.1379796052184863,-0.13888102204123748,-0.07982166671682808,-0.09509449940241359,1.56328687466772,-0.060123275514055254,-0.16848146464756003,-0.08047869315342869,0.9312208926800398,4.222535051072811,0.4797292600982219,-0.025395038951347856,-0.1797131160442613,-0.11889755664156387,1.1699275272793803,-0.1032698626500115,-0.08207930712432192,-0.08462102068068877,-0.0910629814269197,0.48802622243401383,-0.13342421574835148,1.237645328501232,5.977485323798932,2.537747250084521,0.3899212031315934,-0.040498420858557434,-0.1140851089077779,ward_k14
4,a_007,2.7915747335191834,0.1867211801752529,-0.08177270514493568,0.013740622744486864,0.021023745289489207,-0.030410165173869252,-0.08720458546644629,-0.12685549501297008,-0.029696718807564783,-0.038030343520374515,-0.036464138035766334,-0.14932272943371305,-0.05553482794620598,-0.061841533004662205,2.2897303607016406,0.6905277468895914,-0.09497800408586682,-0.09250135376780193,1.6049601222079939,2.2060867964551867,-0.04213290473728475,-0.025198263536433976,-0.005793985344286279,-0.10341009013392441,2.0515730667651058,-0.07571021162482866,-0.1306082601156853,-0.037319058660734254,0.7168343598622893,0.13136721837105841,0.31515102390508837,0.5185618632875424,5.599982469207764,1.7854764464972501,0.6521188024878168,-0.014347536350787109,-0.0506578475028347,ward_k14
4,a_009,3.8409561340085467,-0.051897204182639795,0.9966801853579609,1.3431322849028184,2.9160928200221212,1.0034160339234615,-0.06599495986600536,-0.06142464687639823,0.1444563819183137,0.053078610566376805,-0.054811011534176175,-0.0880019685055743,-0.01707043322061525,-0.06329279281391141,2.465811703073273,-0.0597215200359478,0.6761277234130891,-0.054986772240769435,0.31740601247230826,1.4257825865655933,0.24348730653104256,-0.04034879514672847,0.4321759136532175,-0.02675009096917783,1.4731039192848836,0.08585423811599956,-0.10620812372581231,-0.14875960521958967,1.0080305787456383,1.3357678132908863,-0.052352509596266264,1.119292813222115,6.36208256223464,2.0229471334047733,1.665673649750635,-0.030903799728279405,-0.07804248398187538,ward_k14
4,a_010,2.8671336644855367,-0.052036068409147665,-0.0660691736092617,0.5596739934868963,1.662054058150071,-0.08112614977830773,-0.12596835615022267,-0.04094913799442111,-0.08439594709993248,0.8831138209104757,-0.052782151977337155,-0.041684651301194135,-0.16714710542196873,-0.11706606743388702,2.529000270686347,0.03898104793805907,-0.004311740449435895,-0.09782107309430618,0.15474392189124972,1.3145883014552306,0.46250815389559286,0.11965350307959349,-0.00789644260527588,-0.0665602668157536,1.3049126798211619,0.3836686075553261,-0.13163916416350846,-0.005437072772815269,1.837888189044038,0.22655047017600335,-0.17697339692796207,1.6728936765172104,5.060511531406722,1.7836700274730406,1.7784908074979484,-0.044094038277038894,-0.0707073084872959,ward_k14
4,a_011,2.5957244840837626,-0.0783718411069499,0.026554755519284413,0.07143962826665312,2.1036759706028043,0.7717523043728589,-0.022313667875752993,-0.08112629185982217,-0.04666856758933255,2.6530863131393767,0.2397707439701383,-0.08185432086341733,-0.03508737084419426,-0.049051376788698975,1.573248541809721,0.8426805606196054,1.0420776681018489,-0.06344321457387685,1.4871365441822315,3.3313493753027785,0.3212854412612978,0.3904712790062417,0.2773526809808895,0.041922532391887875,1.8470330582052,1.6439155056534824,-0.09150080129249283,0.9814094413725784,1.7687484334522336,-0.01796636297848381,-0.061813798896493535,0.11831648800830688,3.1236157139943286,0.07186181477553236,0.9350585939402396,-0.04989802016682006,-0.08177391076492747,ward_k14
4,a_012,2.282834770339167,-0.023998028718866943,0.10067428733775427,1.5401680750396736,1.6977306025273424,0.7212896792113888,0.045568375506811296,-0.05732854494220223,-0.08342565109502525,1.9973371675481593,-0.024840249730753043,-0.10962155194565587,-0.05949543437455661,-0.16647284882680385,2.060297978645007,0.01630512708589521,0.13909212669684476,-0.1252528290464574,1.6165911225350675,3.5070936824448173,0.9744020027356083,0.7127468606244546,-0.009642087255597462,-0.11838659139915636,1.3797179240738087,-0.04162717847559039,-0.12934087733169675,0.7162238820183725,0.6222535701702796,-0.050640698513829074,0.13685043524173268,0.022400927151955175,5.014508581373657,1.2475731096596459,0.2768095444138366,0.28410341905079567,-0.10109568507329927,ward_k14
4,a_1a,5.340720372026347,2.404422998354004,-0.03302390806735433,2.403110664955149,2.6504697550226655,-0.09652374478939926,-0.07368236400399215,-0.10929378843944987,-0.09595877212253184,-0.01271478696045234,-0.08704362643116226,-0.08025279426749485,-0.06568806032180557,-0.08747151942143852,-0.012205831867348136,-0.027848670202126946,0.3903260020298888,-0.06102616665713196,0.716624527374463,3.0288863767872036,0.5497070519726014,-0.0729686760928582,0.010403344130522081,-0.10206569203209291,1.8376145334802771,3.3846963643898076,-0.09137065525240676,-0.06321184038869822,-0.06637211136665591,2.004164868327975,-0.03434498976846471,-0.036723488950140167,2.302160024517224,-0.015672469776116534,0.1919398739386126,-0.08945614089447122,-0.09609882264996562,ward_k14
4,a_2a,5.139804072483385,2.533802975218899,-0.08221544349315435,2.626425402107961,1.6749397345646169,-0.07754212592343761,-0.018279069480601887,-0.052022711210291055,-0.11888505658970944,-0.057272292373018036,-0.10251488092579529,-0.09661988545820713,-0.06541416364368403,-0.05059280683290601,1.2788577781581856,-0.04456206491433995,-0.05271816602784772,-0.03619008387538266,1.8488391267401019,2.5121690552546205,0.76699821055282,-0.0846916849211278,-0.11741768770567956,-0.11823912443650464,1.735279698908044,3.344760484273431,-0.0499104473624549,-0.0869109004846698,-0.10122578259605564,0.822897244839422,-0.04310506748377459,-0.07066733619094323,2.5033510032866664,0.3695628216536536,-0.04880730549422625,-0.1310638473647255,-0.10138883409858948,ward_k14
4,a_2b,2.957605297849054,0.3598160498376941,1.8147289174121974,0.409470524652231,0.4334566423463253,-0.11490433686020596,-0.11922679955437707,-0.05364802766181378,-0.11234667548624483,-0.015608421671259086,-0.14285997288543473,-0.07260794969010148,-0.10051056687242095,-0.060262113235171624,1.101186405028492,-0.07681465999931811,-0.04813199818830709,-0.023644825569683,0.7486311486103282,0.6213976936767796,0.8304472540647163,-0.024296517150581207,-0.10311997520219689,-0.028330892220743583,1.8340196912981452,1.116404135666178,-0.1586477454288219,0.18350881123331578,1.1739941880165596,0.2716202467105394,-0.08462097055668172,0.4820661342272893,4.585959842876923,1.2970687070153155,1.024209415903043,-0.012900593403784553,-0.12383157958921084,ward_k14
4,a_3a,4.578843449893882,0.7796395241372851,0.05182566168892307,1.2048142968352429,2.104045947359091,-0.05600805598835347,-0.05634411301995129,-0.11764685645437829,-0.04244075566039887,-0.02643067355401879,-0.014804138397393375,-0.04445203644623155,-0.053923690258568115,-0.032637815483357965,1.6797709087743256,-0.04604188833720202,1.276250830096073,0.05718454309654992,1.5006320316698734,3.769206078120531,0.1917572663618422,-0.015192322136934729,0.7527448655054519,-0.06911356203749709,1.3623608455904919,1.885394393687598,-0.09463881757109134,-0.044775427380966064,0.3098790975851363,0.25879485731522034,-0.1244904754906887,1.2658619153241228,4.978496480256688,1.4650918057665432,0.8661940158425478,-0.08863098128764713,-0.05797970939153804,ward_k14
4,a_3b,3.6887722041494158,1.6719496806395004,0.2218147072857365,0.7838083433349416,2.8481237145229805,0.04254134469161638,-0.005703000172449409,-0.06391981577137337,-0.05695481625137531,1.6728174834752703,-0.051087526666297386,-0.09101452938655016,-0.01667525264708862,-0.06358583760168468,2.2810262363348843,0.5661012161958601,0.9946323541828022,-0.10487927146427484,2.1652884035807762,2.8958891684530736,1.0708599667627383,0.43165723515015386,1.3388145177827537,-0.02580957598155713,2.043431720825115,2.601162989375612,-0.05148752542839672,2.058533679549891,1.5247388976714178,0.868197303397651,0.1071908176786014,1.6699768579617915,3.50034806314187,0.519081390070446,0.7499914291393506,0.03339164660711476,-0.08087274422683466,ward_k14
4,a_4a,4.3751484451751494,0.9360847515397632,1.3049674687045754,0.44679927751432813,3.4217342723294344,1.361397707269486,-0.06762298925142372,-0.05991943889492569,-0.05692708081277979,1.928480107162812,-0.023891683232185136,-0.09687511522831532,-0.1438850432954366,-0.06427710677388489,1.7919069149869031,0.18632042487580247,0.25611937235164556,-0.03502127346735207,1.7646661469635188,3.359049837525533,0.44052934757322226,0.553519470200628,0.20781837195191677,-0.004405702738512823,1.6045879053255367,2.400303206983497,-0.03682544954284568,0.6724538581111399,-0.015448551042046415,1.0223364122946428,-0.04253804919407936,0.12139537011643964,4.3352427082408145,1.6625052555103412,0.4514743261067217,-0.10681590292514952,-0.02057551723252836,ward_k14
4,a_4b,5.070084103330106,1.8763810537710293,1.8223816967791013,1.6748087683374409,2.8648194507316833,-0.027015812014287658,-0.037347744264583545,-0.11028075237787296,-0.06828970857323012,1.3881645318699969,-0.07474911358608446,-0.0894211855814232,-0.05848148056998462,0.5405629027047387,1.427971906668634,-0.04979440723376438,0.35015320975244646,-0.07704152436999151,2.3679880199718326,3.618297733949661,1.507110719919964,-0.025809900312192612,0.12960905338747222,-0.1492479733824451,1.7766328839984769,1.146390638905573,0.1842287951698973,0.2407174145324942,0.23839566196650347,0.6595589795895938,-0.06635886659047276,0.3895788906264045,4.585420660360958,1.1834205283812667,0.6652883884235807,0.28706168779823105,-0.03200168638537614,ward_k14
4,a_5a,5.253679644316907,1.2975011725955143,0.10658208942696186,2.408711034654499,2.334382710716512,0.9441804972992703,-0.11691099163818666,-0.07759355214856223,-0.06709147526348451,0.3666802664630609,-0.06334814039014589,-0.07020335572355399,-0.05488936982284432,-0.07449554267482834,0.8319893684040749,0.24600383903653672,0.01805097166793755,-0.11355950743341695,2.253271849960185,1.997520005342059,0.8377823232086532,-0.018665301805546458,0.2364713178911213,-0.07771417578889839,1.4273459109832103,2.1707877333414514,-0.02434829544189893,-0.014445615045771784,0.3555047519256559,0.7521734273132527,-0.012592072744169997,0.5926325985089691,2.7231089201539755,0.39591971661024855,0.47702173838665196,-0.044422737113139626,-0.064556973317793,ward_k14
4,a_5b,2.8546985441640174,-0.054905510284006115,-0.059473507203297235,1.2979538961059889,1.5807940916750225,1.5530496103245022,0.40778979963778206,-0.02163896514651881,-0.06592928231112999,-0.017461758071408737,-0.02411744439004674,-0.09342784730908606,-0.10229427361714584,0.6203937005725987,1.1521785874662542,-0.1744693514612239,0.48176074346238884,-0.13428780398130782,-0.008044551717493206,3.0821365563436705,0.20482174756530172,-0.0016735262807676843,-0.10425487447416323,-0.09849629720499718,1.3931565031008186,-0.006180967894410275,-0.13822704488134593,-0.0499486926845174,-0.024607596294535954,-0.03726784918263648,-0.03344179790223594,-0.0916932601043,4.87470003370721,2.094062852166502,1.2950761896148337,-0.035587978998357354,-0.13800443812507038,ward_k14
5,a_001,4.327354811463004,0.9413915254908717,-0.04102339664465053,0.13808021162110093,4.000612431152242,0.1766897970890293,-0.07092177044521938,-0.09677383326206576,-0.06278343600764169,-0.0789201861164165,-0.0790430353476046,-0.10139534519172673,-0.08037590378589127,-0.09989122873322981,-0.06302056872086534,-0.07204725713163812,0.985467537677623,-0.07366932215736129,-0.004505360158333842,0.5839626260746582,0.8666055671073869,-0.07556755683236809,-0.05674136267416532,-0.08352830850329551,-0.09070783463324307,0.22851062034564035,-0.08751355256613666,-0.06972405730601594,-0.07618655050767724,0.5369909599004705,-0.06397119948767756,-0.08954032884611303,1.5403951361277168,-0.06837895477181141,-0.052682262375494046,-0.10822746812746663,-0.1013369823989188,ward_k14
5,a_002,4.257024185607457,0.6010578432020341,-0.05811677711183743,0.3032181552836105,4.3324016919769,0.8155661758554955,-0.0591182888612118,-0.10182858905925372,-0.05978397545499584,-0.0561092686893591,-0.08566311015803932,-0.08914082483832979,-0.09230464204708544,-0.08212661484454933,-0.04483158400513406,-0.07938994382939482,0.6748224842851314,-0.047087544069562295,0.4774604375338952,-0.040325716480814164,1.096643336115811,-0.06313005548071374,0.1423526001908284,-0.10166815038059054,-0.09617067457595126,-0.034476810107439526,-0.08935735541570239,0.03870482026359125,-0.06813560275463544,-0.03848265908340951,-0.06243572219266385,-0.07692662531556693,1.5733866198139301,-0.056659796694152526,-0.06454887760000855,-0.08078756543929097,-0.09725490381861854,ward_k14
5,a_003,3.383283861645781,0.6417982403704572,-0.05299513499187751,-0.03493687593745218,3.980473089154118,1.9234709316638814,-0.09491408893489597,-0.10327882678192955,-0.06329787982872093,0.1496768012867468,-0.06543429067706194,-0.051664886611769226,-0.11272889393537988,-0.027843602672240043,0.8222067344304378,-0.04468057997158639,1.3386446538751413,-0.066923089759794,0.1885246004207516,2.2489856322728663,0.8259496310105388,0.0797174894634264,-0.09351424810558309,-0.10521469981001311,-0.08507592302918504,0.744795308025187,-0.07431150797159218,-0.032097785965740686,-0.0433338020097654,-0.09508085799557009,-0.07736371154511225,-0.033159095533130435,1.6049835475572056,-0.052755824763754594,-0.060008323833293735,-0.08390741320907452,-0.054519203800674335,ward_k14
5,a_004,3.460778332326342,0.6383350355159961,-0.0595054925263093,0.16397052727874917,3.721954969115713,0.195605485477091,-0.060482068387124985,-0.09024377821334065,-0.055330774262807955,-0.0371575739401792,-0.08508750168056299,-0.08339305069887232,-0.06752205714104512,-0.09808793150439088,-0.04521610339462186,-0.09350983082455792,0.7010145987411469,-0.08034568681017062,-0.02881596710656139,1.3707791900308617,0.2913605787735701,-0.08999755345648552,-0.05813267923821015,-0.10405630466317137,-0.09032105207980476,1.9651743988658643,-0.11138100163488653,-0.06755543777505872,-0.08227304808810801,-0.08928032429231841,-0.11150287264709331,-0.0890975300385235,0.74142585561794,-0.03583906850535796,-0.04768851401410443,-0.08036348336074187,-0.07514871112797747,ward_k14
5,a_005,3.435684525548641,-0.013369142964352383,-0.05404332771602775,0.3022205618957723,4.107506134858864,2.2491128023804325,-0.07648789083904287,-0.11007378778485014,-0.08101161326291631,0.5316073168029183,-0.07428973587653812,-0.09150688487198005,-0.08069623848696622,-0.08072270778279685,-0.015632425921474465,-0.09441686813951221,0.9658790099539779,-0.05676660810044343,0.04017015194031598,-0.03252507965625648,0.8086435605096369,-0.03158182135443538,-0.04428164932620486,-0.08901206320154166,-0.10555872851396972,-0.0423696250538229,-0.09433031670773762,-0.005477600015912701,-0.07002155494343773,-0.07716463143858021,-0.09003730023564005,-0.09182964141202327,0.42740208085433995,-0.07367331217592984,-0.051191468266876226,-0.11711594856985534,-0.08219056577021605,ward_k14
5,a_006,4.335357011309926,0.14932932488513823,-0.08442627958503221,-0.013764179291214223,3.2655300023387417,0.483546180356376,-0.055418031482965854,-0.10067457724691267,-0.08797871555770119,-0.08452846725361733,-0.07103212579108595,-0.07496078720088317,-0.09801278945329203,-0.08646982013512702,-0.035152587250197015,-0.0944439997668256,0.7442862007547623,-0.05647112506561122,0.4919118646556249,0.1117639127157333,0.23963274135327906,-0.06657007999169501,-0.018873350839693877,-0.08954524416678133,-0.10015886134442728,-0.0795382873662066,-0.06564858817449486,-0.07161812639683598,-0.09099060213944006,-0.009234377256696272,-0.09512002751358459,-0.10139760224041464,1.0526693236816205,-0.06540418029876642,-0.05268894723339608,-0.12114579621545243,-0.1082504657021898,ward_k14
5,a_007,4.139839237921691,0.806418016453142,-0.054606647741917376,0.35735564723775326,3.6999767535772294,0.10018685353201706,-0.061318308490188704,-0.10660775538972539,-0.06705569131663607,-0.041115184883499085,-0.08355076066825741,-0.09581900451259064,-0.08409561666017995,-0.08498088244755601,-0.07995706148566431,-0.08434670426103115,0.2973009897649219,-0.07006849337859179,-0.045764408182695365,-0.023853415141811798,0.19254378812728712,-0.09942689176333784,-0.06442272164448838,-0.08776223908175902,-0.08760909590125372,0.304341010800787,-0.07891004914488281,-0.05284172121421111,-0.08566536273529671,0.2060656740914012,-0.08236255602991771,-0.07020387408311378,0.6250989214427222,-0.07342657152166754,-0.06800147437414054,-0.10290713056294282,-0.10346341304180208,ward_k14
5,a_009,4.16129057999113,0.11934798413050077,-0.05952589633127891,0.0034513445969468143,3.2245103792164644,0.726487574598904,-0.04813164620875931,-0.11590435980512322,-0.06251192147392012,-0.0797342606205584,-0.07254365809241321,-0.08789894518672668,-0.08161530221699359,-0.07925161189775377,-0.016533597531856493,-0.09869887944989389,1.0609570533043429,-0.06911782550322966,-0.00878408132679221,0.699014884889824,0.06889243094217164,-0.05458973331876549,-0.059477047416402286,-0.08086322040089133,-0.076430356458223,-0.0002528903978929725,-0.08667899456970914,-0.06339384792341701,-0.04355337419160149,-0.024879727396164373,-0.07606486276561603,-0.04153177257197125,2.189964664261007,-0.046521236956582744,-0.05825750437857231,-0.09931341686799616,-0.09074649591062797,ward_k14
5,a_010,4.346917187414788,0.5464184830481222,-0.06874262383290279,0.2152015600567726,4.192239752446279,0.2892844421009739,-0.0564760644019174,-0.08427001545336181,-0.07383032329355406,-0.06531722120865154,-0.07877252778941723,-0.0722621325635983,-0.08558520242063153,-0.10619914431851932,-0.06961603581754815,-0.09609679354749304,0.7296986056360207,-0.07068522652761423,0.48193206095023705,-0.09561755835157774,0.19982657036615664,-0.04919544381488172,-0.060544949747103095,-0.08592956481918054,-0.09747837226831323,0.1268385370123943,-0.08746875243687623,-0.073406176157876,-0.06004238904135987,-0.04764217093570089,-0.09545378556229128,-0.08934945798273468,1.452273517471044,-0.06578361461508855,-0.10115041128650248,-0.07615426696337725,-0.0855594581225578,ward_k14
5,a_011,3.3281245761461102,0.33177429359272437,-0.07481412133024944,-0.0330367756506984,3.940868523966408,0.5729799048736988,-0.0539556752533851,-0.08424226077771917,-0.06945056818153751,1.1857375030192785,-0.060859951961678566,-0.08338834978862113,-0.08066174061049093,-0.10531039493519735,-0.0017388335048640399,-0.0671989797917831,-0.0059338511989140185,-0.09364669922745655,-0.052999464505000884,2.010294328520895,1.2823107288783573,-0.05962157077410268,-0.025192874007086124,-0.10705695698843126,-0.08631677405051634,1.2310312139560238,-0.10477649608989109,-0.0702781429556899,-0.05400683089431635,-0.058834709716625126,-0.09548016548347454,-0.04037512515893518,1.8916021853464307,-0.03942411234371802,-0.03819679672742264,-0.06687768793519798,-0.0901294605354797,ward_k14
5,a_012,3.1076954031993527,-0.0540067505601835,-0.08011860389761549,0.8594713915843518,3.6332893615599584,2.2794356798589304,-0.011531889311436932,-0.09446659608752567,-0.05420082354449882,1.4293514539255185,-0.054984777901732756,-0.09428899540164587,-0.08108662259397263,-0.07255594877091351,0.6892568695055001,-0.1001571818250818,0.2549904767595001,-0.08038565215998314,0.5909143508070714,2.044403275463491,0.6244202596161437,-0.05176579934366461,-0.049333048687176015,-0.07761934887967042,-0.08787069410116649,0.7646244077353043,-0.10742565840266473,0.17308443668309265,-0.035136334195530625,-0.0633545141112219,-0.08553457563935082,-0.08477111085507091,1.177388610930846,-0.07186472162327062,-0.06192288051617241,-0.08931816532208076,-0.08269058982310103,ward_k14
5,a_1a,5.344007335408497,2.4191563024285108,-0.05818636167888934,1.0697569107614464,4.59177251751012,-0.00328102603472312,-0.04322473449799121,-0.09371559766707178,-0.08429245434558162,-0.0284055834389652,-0.0961469395549877,-0.10406984115202951,-0.09012892032882047,-0.09608026406061043,-0.056643857199546434,-0.11370864665211153,0.6933097550275529,-0.045721493041003564,-0.0008430587060456839,2.2307160403311346,1.6265694287799943,-0.058291730838448234,-0.04734517415000474,-0.09325046229391785,-0.11837970048989034,3.1371408771113125,-0.1095655068222808,-0.0864900650657056,-0.06588539539575562,2.286927829591315,-0.07306334996872643,-0.05943363661741725,1.989191520027394,-0.06695366270898943,-0.06646261801718012,-0.10811212907924932,-0.1110506195056884,ward_k14
5,a_2a,4.765779742503778,2.2065066882545525,-0.03463119384293595,-0.042883541567612385,4.586913390569622,0.32502540095004895,-0.04847903205781995,-0.08994955660651327,-0.08399946937605182,-0.08874990666728172,-0.08823310333909214,-0.11026938426483349,-0.1076565375760125,-0.0872838505680948,-0.09355213602097143,-0.09955974322527697,0.5766944461963205,-0.06973775705759544,-0.036352124753114126,1.3814175854448345,1.5833015284382674,-0.05791324560109258,-0.09602143038026605,-0.08815631290552862,-0.09927899149011886,2.42174439259269,-0.09796231928112137,-0.1027031937030498,-0.08280866557473128,0.2740564327217698,-0.09558027564628616,-0.07110877263779594,1.3553700138236784,-0.0747659986825118,-0.0666636491158705,-0.07649349793863836,-0.10387806467907258,ward_k14
5,a_2b,4.617618683834452,2.1717057679691676,-0.054502419044029776,0.08245336845730958,4.576862151489049,0.1734979968124667,-0.06589646028966818,-0.10232169662317948,-0.07092995572964335,-0.09118277554056367,-0.11380536013201242,-0.08114743274140675,-0.0860902573127863,-0.07547388126542053,-0.06418257992927892,-0.10170939688908887,0.7151406639455012,-0.04634247371989648,-0.03068552945611471,-0.030544998750868302,1.5857444763009325,-0.0706888742330764,-0.08499720049753652,-0.11561850871877165,-0.08545050542558344,2.5390027560301025,-0.07791143887388546,-0.06826361593696564,-0.07947620495944745,-0.005057978124450488,-0.08320599022836586,-0.08713828848390859,0.18398041736112802,-0.09518984542798908,-0.035418151510807155,-0.09814872239279085,-0.0841693303128536,ward_k14
5,a_3a,4.862601675349938,2.1936974107715423,-0.060411464958487544,-0.02333669284323429,4.641877516867123,0.09354316083364515,-0.05886965498916806,-0.0941841012108608,-0.0764221371519027,-0.06853528297277292,-0.07191960490360198,-0.07676762289242056,-0.08405701017275675,-0.0940705511189207,-0.0692117938721443,-0.07482760785665643,0.7111545842243736,-0.05480062089635103,-0.021976928048917363,2.05999740861298,1.1421483862528774,-0.05346572862204013,-0.06070675904366334,-0.08129536338339366,-0.06537847124601256,2.604349107788579,-0.07255325302061381,-0.0851596451894029,-0.08206942816391356,0.3347597135035128,-0.06628614203532117,-0.0888143361800486,1.2750498802585082,-0.09293623616635759,-0.06597655323628471,-0.09475368482822553,-0.11896035255028073,ward_k14
5,a_3b,4.7792775929291285,2.1895859809473284,-0.0455731555531952,-0.016881330877953092,4.3995485501221445,0.09790684033635887,-0.07010984038864888,-0.07858570010256928,-0.09312853192809356,-0.05477433805476932,-0.07519656280038109,-0.09448837485982314,-0.07926020835916803,-0.09816754992736355,-0.046045894879848386,-0.09702643402815456,1.079149230001522,-0.07946582725901408,-0.02708835753269944,2.465025919814673,1.132831310231822,-0.039556968758935274,-0.0671106505681258,-0.08427210596591765,-0.09797201576523917,3.01720121947349,-0.09204924073434154,-0.06530082560630138,-0.1026837292678768,0.877027078235924,-0.0949601976838378,-0.05917351958679103,1.4372673781920167,-0.07022701278856351,-0.06198509631115791,-0.09847033430841942,-0.09831332116682998,ward_k14
5,a_4a,4.922402279377168,1.9362920739248797,0.0879472495371559,0.35888893965910373,4.428835308726411,0.6474959880981443,-0.07062788545924562,-0.09380166915581317,-0.07425282944256681,1.3862651148773493,-0.07308429252380051,-0.07858160027211472,-0.07524914307306489,-0.0650889753161131,0.0550155235730419,-0.06105835729698377,1.6003100608665275,-0.05147150233601374,0.09416981997455623,2.5254565726708247,0.9855037655825211,-0.035725402581942,-0.06388817450927438,-0.10325546408351914,-0.08255100254564837,2.358972340506515,-0.0654983455325712,-0.045646462725396166,-0.08024060735145012,0.24682803825748068,-0.08110346409472083,-0.0042627527289204395,2.88213346989954,-0.03077734934798804,0.1980557161387967,-0.08138650759637492,-0.0624648825350219,ward_k14
5,a_4b,5.005891780321755,2.454556810397966,0.17477661363215696,0.38216367182221767,4.167174748039876,0.37116749475467575,-0.017763663902395376,-0.08368300781860855,-0.07038621295742124,0.5067413163061967,-0.11521883972101483,-0.08695805423615732,-0.046383311632413396,-0.10754543944654514,-0.03147912749864934,-0.08513996954273378,1.4554172623876116,0.32266644371517694,0.8023410023901811,2.95923544283408,0.9398027928043493,-0.0651225850717685,-0.03873465254709442,-0.07926990072966686,-0.10611505152836521,2.679117512633364,-0.08430313923464575,-0.04171215876874907,-0.08305666079293159,1.2003992518888558,-0.08995591037719475,-0.01156674088978065,2.7305741208036123,-0.03587207900512959,-0.000450419991879578,-0.06951699806453063,-0.10747255924169041,ward_k14
5,a_5a,4.647803625808514,1.550056705737544,-0.018712979652953692,0.18106311924614818,3.752212037752555,0.4852118410281394,-0.06879450021196575,-0.08492824491501846,-0.06201394846972404,-0.05784809661596773,-0.08665718968756109,-0.11374081564499945,-0.07782444933330018,-0.08358375577093602,-0.02873853020150061,-0.0850504873989836,1.5509075589851973,-0.04831232129625024,0.3100763719000117,2.016124735579772,0.8559217629659828,-0.05629327341963856,-0.04024153452149305,-0.1087268511507426,-0.08193292185538094,2.223291629835488,-0.07259667385147478,-0.025058954842636868,-0.07198526224091167,0.26642292665674805,-0.07479781741527292,-0.04467853265803102,2.4506722902927827,-0.026156691212399587,-0.018812880313774445,-0.07439470082899663,-0.08599712129837998,ward_k14
5,a_5b,4.531558633994549,0.9102690306975851,-0.06336229105906853,-0.029872998832179153,3.654192435301029,0.6055606168440342,-0.07075666873688076,-0.09445290775492206,-0.08176817247262544,-0.08161678738388549,-0.06645732489776163,-0.08871470638204786,-0.10516205054174067,-0.09186222454001218,-0.017886370371555705,-0.11925030852317234,1.0464340416639666,-0.07321390778648493,0.5243870377877717,1.336889666063505,0.4235458899157118,-0.06818921675120408,-0.06768880495306934,-0.07540255273712058,-0.07894171378468758,2.0324537113342647,-0.05797827533061771,-0.047749364169013715,-0.07639590427716487,-0.03182401793262778,-0.06844724487265473,-0.07386151871472259,1.7641065597237018,-0.0533208693723609,-0.044590349015159125,-0.09050647682290901,-0.10609578855532893,ward_k14
6,a_001,4.957509535031212,1.729264397143691,1.986987601505795,2.618171445086764,2.010574520570098,1.05516279378986,-0.06813697591639084,-0.07088185760850457,-0.06895284954529858,0.37085400480078806,-0.07251428412898367,-0.08316028341786752,-0.06749716694060556,-0.0845671780317851,1.83460392528227,-0.0840599304191651,0.0948705238091401,-0.015937979107538698,1.0578199369012937,2.635737886515992,1.1336204707969086,-0.07884786590239115,-0.06022744516657329,-0.02602635509666067,-0.1049948681490837,1.913101770837343,-0.06640781638588553,-0.06936179873317995,0.899436822944834,1.9569609328969846,-0.02279965645129296,1.5038393891182547,6.170671552284384,1.9546165582490866,1.2472416514175846,-0.03538938743010657,-0.030803980919495003,ward_k14
6,a_002,4.248280875005334,0.9862041874182863,2.4795031063145356,1.3304809915120899,4.144613010455377,0.5347757124638319,0.15920521224223746,-0.04834417307789092,-0.036119306469587456,0.5992410160900719,0.491965171065181,-0.1626664839037129,-0.06520296497233685,-0.09479911119801243,2.0175386887368454,-0.09011601428344856,0.32753172130813724,-0.05275452394460006,0.28772345590462933,0.9769833335215794,0.8798399588710504,-0.028514310593032482,-0.07711834772363262,-0.09279175176429977,-0.08518885800145173,0.2986161765575148,-0.09699960236869246,0.3206912186259834,0.6480405751130138,1.4241629946122014,-0.13106776198275005,0.8823476585274869,5.995211514856417,2.0085055226321473,0.6878646607892795,-0.14054616190913194,-0.01142384522144993,ward_k14
6,a_003,3.4047019203090327,0.7756849651509842,1.8143060532667408,1.4828778135601373,2.2009989054168138,0.052217062300201796,-0.09052155459600965,-0.05025359300401005,-0.021704398660290534,1.922024418095663,0.20973346504135004,-0.11281941673263639,-0.09917360588313634,1.1316949077491514,2.6930159251308505,0.4925972499430217,1.2286714397331975,-0.0400391371749433,2.502461637046568,4.426793937185016,1.0769094085392517,1.010977329794129,1.453031822287972,-0.03321826458594586,-0.1029400011210662,-0.022856449233266195,-0.042124296526020795,1.274393990684237,2.178248748774899,0.5898827765435921,1.0104684856529507,2.0603840015359727,5.0852120605042295,2.072226907564692,2.223242975263139,0.25751898758006614,-0.0689322238466161,ward_k14
6,a_004,3.246915746740503,0.22361117661670163,2.595646723358783,2.6660743005631353,0.6941738950815451,-0.11862875410472187,-0.06305395844568727,-0.08591943962749522,-0.032654576317740394,0.7972721959954506,-0.03428735323413134,-0.10196647826122812,-0.12525449571346897,-0.02120957051063813,0.9970848656655625,-0.08574999428074741,-0.023851652835792506,-0.0765998822154294,0.9519504604052482,3.9774927343207813,1.0484946691223591,-0.013597760777708242,0.4520619465692355,-0.05044544957665054,-0.08035920288437239,1.229197347469856,-0.04747798195628513,-0.008858669912284612,0.8738589037030148,0.2900066236160548,-0.03024966408944847,0.8783508260761234,5.382143098743254,1.6088391329588734,1.5134358472151683,-0.04736816469884119,-0.12949835608958113,ward_k14
6,a_005,5.210103121057381,2.290874745964981,0.5339519712071927,3.625157471341279,1.1335752753946584,0.20467275932026835,0.09608410489803323,-0.08796261960521493,0.1670509533913676,0.9429315491700894,0.46316737528612106,0.008710956436281087,-0.018580876275236212,0.15026796679250023,1.954452331065618,-0.14767902581026565,-0.10044008105923338,-0.03125282264315262,0.6566308039422124,3.9044217067556684,0.37353822415063204,-0.06954041790754564,-0.16676763410143353,-0.07131274885421829,-0.11258669475278085,2.163582996101444,-0.10891555093544325,-0.1853198037514508,-0.0977644599466575,0.5295203286920284,0.28640118741435544,1.8501268174605143,3.483994634316007,1.4272230254694778,1.2535138297498616,0.19179927207467673,-0.1326170222629614,ward_k14
6,a_006,5.282709379389257,0.9365738704067517,1.1076930634242104,2.774959889516548,-0.010632018857506297,0.11088489097666837,-0.06269422850750697,-0.0957426498008826,-0.01805358953430465,0.581119377940519,-0.10265285431915873,-0.15558367153267597,-0.028974531893322223,-0.09562478513342061,1.8930014918430569,-0.05136766737067934,-0.11962361687559712,-0.06297353864203986,0.8831508640120136,1.6504501997563952,-0.020209090170672933,-0.07236506874880214,-0.012955441751751265,-0.005330614087200406,-0.04101607739242693,0.6039305840427006,-0.11904078508213184,0.21817906198974593,0.13059524631774375,2.267989670812887,-0.013852199471050082,0.34591609479029994,5.943629839929576,2.497600209146283,0.6953135870317978,0.035364935740428004,-0.03190093146396938,ward_k14
6,a_007,4.712752690631028,1.8201093065505658,1.4096644409640813,2.10086093580615,1.0264372225402547,0.7095283733771984,-0.11003767172150342,-0.09500434419634428,-0.09846587230821799,0.13407279044698853,-0.048703548589049385,-0.06637764790578791,-0.08726424518321123,-0.08248484682407811,1.663503488568074,-0.044918437444037784,0.13809408256255065,-0.09078693898115574,1.302630878360168,0.8100609302872943,0.7713195924319314,-0.11240841253476058,-0.05654403126304191,-0.09467480397726416,-0.11270522197908059,0.678729557342967,-0.056847759507482595,0.06137664578839759,-0.04741478573185717,2.038630062030779,-0.02330153269845316,0.9180932016251304,6.35733943196602,2.140945098926862,0.9787371155533806,-0.10616148826613554,-0.07011609532525989,ward_k14
6,a_009,4.466229772194805,0.8737311076293632,1.3215616697904864,2.5114839893829433,3.7636753345041307,0.03672713727402021,-0.05947159727289272,-0.09700745294699041,-0.10397094421069604,0.024146338268740214,-0.06773775327710505,-0.06740176030490418,-0.06388128489013804,-0.04963868589470453,2.0536327449928136,-0.09198744896262002,1.2342891511133343,-0.03888366517588866,1.8002095449859645,1.6175538550418544,0.4658737731897249,-0.08688960077323404,0.12643974156025528,-0.10382938501070631,-0.0662462766027184,1.4419338263129453,-0.019220664766543945,-0.047625015323681165,0.23301392698023626,2.185693201496495,0.1267879584367786,1.292279800628277,5.912099919401329,2.4173474111806144,0.9700140113672762,-0.05929291964867478,-0.005900452693432129,ward_k14
6,a_010,4.772169593661215,0.6233739649391795,1.9927049691200045,1.8910862919414064,0.492962591202353,-0.04384869839895849,-0.1089461833829543,-0.1091037703932438,-0.04458667208406805,0.007870928884897278,-0.05084294376665428,-0.07476511442428009,-0.07914562171376237,-0.07932657930349718,1.4212192153585448,-0.07573466878533403,-0.05127006814329357,-0.04816584942283273,1.191242204938894,0.7768464111339891,-0.1018279852648906,-0.10843398923045951,-0.08171366740239956,-0.08041497347025366,-0.0956140636252389,1.4496092770067281,-0.07099396058926022,-0.0888773576142996,-0.012729053667766037,2.1298253980119823,-0.00045695387099385605,1.1510500497047351,5.96744890632105,2.060111459481575,0.5594289352016691,-0.1106224773213774,-0.07778514584480761,ward_k14
6,a_011,3.159602014636271,0.7639278356789843,-0.05692654720533069,1.8914945034706703,2.1346932364909352,-0.08245365620300528,-0.07373661771391286,-0.08017632328268093,0.9053492112163362,3.532715197243271,1.3970793583075996,-0.08472445117691237,-0.044201871225673234,0.9756820371318438,2.31855145301784,0.4976854375073273,0.9079988919280896,-0.04600566324387317,2.653238127312664,4.764377912577408,0.04291466075157097,2.0106225644540023,1.3173448771685172,-0.05640007628394509,-0.017948714272902764,-0.030962175065277996,-0.04383397232479144,1.1059620215262584,2.4535934387515956,0.2100813502210256,0.2899386894595416,1.351494280769991,4.502513093519748,1.7899972608417754,3.467533070564727,1.332511698520651,0.047170697605298885,ward_k14
6,a_012,4.017520785065458,1.1738874921462137,0.9518425538467927,2.400561798173787,3.754516664705398,1.9907444273784891,-0.038097067281619254,-0.09070683738063245,-0.008361464165369736,2.8970253315365793,0.3689256403062677,-0.07295557411861799,-0.1131233542772731,0.06355176216471681,2.9810269321850313,-0.00023774411305338674,1.123401977149229,-0.015071256612242664,2.6358446745801993,4.330018437909252,1.3683003269747167,-0.07622536554042122,0.2449254984957363,-0.047818575538086855,-0.03572479196666887,2.120683103468832,0.1676757522685065,1.1279364914007415,2.359435394087197,0.545174599361559,0.48905005626971165,1.0077586696539478,5.103406056405625,1.57065439864664,1.1575610443412612,0.09014742981237113,-0.05070514263862883,ward_k14
6,a_1a,5.53570074880353,2.396313032564451,1.0541622610800259,3.1037550475416706,2.8675276795786697,-0.06251297293718949,-0.06103959489410052,-0.08937229409142833,-0.07041540675582057,0.5465887171301451,-0.042186726511549005,-0.08918798403891173,-0.11240063973091555,-0.043216563830919916,2.4816276310203165,-0.055469627518349496,0.07712242210721344,-0.014988004931415137,2.686102573856737,4.745376916447812,0.7741059447000824,-0.034864078126548084,-0.05687573831253684,-0.07477209783647251,-0.05984065888968488,3.062399721496777,-0.005747372119834681,-0.04817615907584023,0.49684096117129906,2.56960312968286,-0.056770392120183664,2.061713495194209,6.0628052418039875,2.5265467233581997,0.758244213249345,-0.028099425945123022,-0.06254820341037373,ward_k14
6,a_2a,5.175306210048022,2.2811189253500963,1.0712540882042534,2.6535881436410764,2.2709740104994123,-0.07839851970888871,-0.09189349220039772,-0.11958230864035858,-0.09162806443079138,-0.060116439298491545,-0.08500944309550859,-0.09587591567376642,-0.08801463109194659,-0.027904113760513573,2.8605428635613412,-0.07205217961399593,0.1459864959886985,-0.04060314653064504,3.043064607942093,4.037426626585387,1.2584573266926937,-0.02509758438576715,-0.05941363286454789,-0.08144747720203521,-0.09131575016780219,2.642423968004933,-0.028194548301561862,-0.0508985187381753,0.2487488896261287,0.6695092680541981,-0.03173858504123936,0.1945780034510968,5.123118214568519,2.232863619563791,0.685933297287156,0.32837887488549694,-0.05499757367337708,ward_k14
6,a_2b,5.199688723800067,2.3837701212223905,0.4894268345067359,2.518092495313903,2.1499974059864178,-0.047911784817368894,-0.11179580894099354,-0.07593149877662747,-0.10556773345959355,-0.05774720728832147,-0.07660884746805091,-0.04891777472107303,-0.0980263845099497,-0.07521324793557527,2.364438680576731,-0.04895371652860918,-0.025217890516033147,-0.021518383167530783,2.29577126425377,1.7876786204034851,0.9909932680939916,-0.03322963155976663,-0.05129332537922512,-0.10968016390917809,-0.07709492761616746,2.1488870498188035,-0.03322126098451716,-0.07745927541590132,-0.004966523100015573,1.2770487475135361,-0.035399765369494726,-0.025110660877721337,4.680339398699084,1.962885474323384,0.3187688235570576,-0.037857932291024216,-0.06877432107662279,ward_k14
6,a_3a,5.724024522138598,2.24876907409538,-0.05293888985606083,2.93840534709677,2.147664913222118,-0.0207965790681693,-0.05159219850023935,-0.09550274203907948,-0.06943710616293963,-0.07488388379288258,-0.06663087282438104,-0.07476477562515521,-0.11834120359913798,-0.0656425311608122,2.8989566670288545,-0.08104531163500443,0.7470975309738349,-0.0032594097808234124,2.588914383584603,5.0234110182091785,1.8565441385823165,-0.02717864576301738,0.021957032348653708,-0.09075683642895907,-0.05386608260843503,3.208589054843787,0.12417946939773793,-0.0750127802340309,1.052618872931339,0.7550876211890228,0.1627218532636316,1.1400542558151956,5.956612881282082,2.4371745330932266,0.40245981516912366,0.8281941865444662,-0.046181110859144094,ward_k14
6,a_3b,5.073682359648453,1.9043283854736262,0.5905648979816553,2.9072840661661186,2.8019881212982853,-0.030915547807940792,-0.04785223153017842,-0.10154471963957781,-0.07287057743230453,-0.020529511908657035,-0.029806417305989968,-0.09114534678057079,-0.06554738042599369,-0.08136690849995569,2.463881000919658,-0.00819629715954069,-0.026001256415561853,-0.020821172580265456,2.511035205273612,3.8718545859358735,1.9590462269916953,0.14318278502702383,-0.02946764216954825,-0.062428893334732886,-0.0792310176193671,2.9046234643688353,-0.03408485452586207,-0.07171597839280326,0.4860636506751098,1.3570967317607712,-0.09119153901448107,0.09916106716565457,5.886399448433828,2.512148771859167,1.1741137991135246,-0.06148785604086328,-0.06427714674758307,ward_k14
6,a_4a,5.465060336536757,2.2424945924843707,1.4912231340376385,2.952577721883993,2.5374818050293664,0.7219438546306749,-0.09217886175347459,-0.07083615280099151,-0.07436289174307156,1.9374540637019284,-0.018246678630740774,-0.045259796606033714,-0.0710202812056498,0.10368832566566952,2.3035444493723496,-0.043835372785988994,-0.034370781773563314,0.06309283549975221,2.564437937811349,3.723142999052392,0.5663015904380273,0.6700016759573584,-0.053519905433760964,-0.0707953653330792,-0.08130699010993928,2.533970344746483,-0.007995084777842143,0.32434163148847733,0.15188484248504144,1.584539154149034,-0.037562254382854904,1.2818096103721826,5.641759891873619,2.1917655630520096,1.8393656548274757,0.021329266518142254,-0.055593885558435946,ward_k14
6,a_4b,5.325283420819716,2.145692133155824,1.1458779372766874,2.819603644187744,2.095499037199006,-0.05088765496270742,-0.08742142858464103,-0.08768019325789826,-0.07820895638032126,0.8398843204676105,-0.067803554650395,-0.09257414103445892,-0.06891131653024926,-0.01194124750802349,2.4057320013173555,-0.058466557245342485,0.37133634991781866,0.26766838376879076,2.573928358161457,4.082917115650149,0.9097905597901496,0.17194660228238046,-0.044443446962319375,-0.05554376677389252,-0.06070381404177366,2.871328743697282,-0.07605364188079693,0.20598555524272805,0.28465095225373344,0.531432387013191,-0.055846910619065306,1.0218139171546303,5.465087341567228,2.1184103929867026,1.0402355709207125,0.23307898113156292,-0.06368674971788507,ward_k14
6,a_5a,4.878598526170047,1.4345445541148032,2.219323184788145,2.509862260752244,2.3455569643354397,0.5742430131836582,-0.07212317493255813,-0.061099308205121806,-0.07374715694897005,0.32278063233157817,-0.07877225445651743,-0.07244866556571292,-0.12810164286920667,-0.07831273791163211,2.5803787039975368,-0.064832315470133,0.3200004897342162,-0.014576491100430187,1.8262045830279927,3.233959007554056,0.7968791789760026,-0.028061333958447336,1.1536220144434601,-0.06365939896449076,-0.08996737361625513,2.118024607193007,-0.026175594314419744,0.15713463608485195,-0.015533952032844389,0.2064912018954421,0.25030790115944196,1.480771822453642,6.104089527063695,2.584444967547622,1.2455013297012785,-0.09967464954717542,-0.03888356690252564,ward_k14
6,a_5b,5.03662249229477,1.1868692435700232,1.9251601611338809,2.6165482277844414,3.6161236888854913,0.6042793154329008,-0.06672809827786767,-0.069572647423749,-0.03872292518868195,0.27716922694478535,-0.02465862027064895,-0.11244752065747747,-0.0763369662927114,0.46397443727654075,2.4503588995273033,-0.12301897346234024,0.20419556845062375,0.15006403207612712,2.157255803344254,2.224111715411505,0.8568215987134761,0.002304081629046569,0.07306626281778816,-0.052338846947652666,-0.06594659557218494,2.6177291931890485,-0.006815826274705318,-0.004801215039319015,-0.06306873484880318,1.1656702966202626,-0.0803622864036257,1.1842350975912816,5.800730821139362,2.3998445080345365,1.7134374147110625,-0.0758854641593069,-0.07173626329600039,ward_k14
7,a_001,2.441554777207336,0.24576174968844583,1.0777806615886942,0.9478785512841723,1.2042025182343998,-0.07226108904884318,-0.07796506143050808,-0.06637220091926237,-0.09254772411442963,-0.05617300783544934,-0.10187539875540078,-0.059312125304518376,1.7330307801735518,-0.10951647091120681,2.7429693588948094,-0.024244988745368838,-0.09745771450852769,-0.02588943675369424,2.039512692570109,3.4493498180908215,0.2478469154749996,-0.05688771831420723,-0.05492714184168308,-0.12059916441653681,-0.11173587609271768,-0.04421596637325638,-0.10211165414302598,-0.11649461361783708,1.0249476158492843,0.21965512587730038,0.028741787590884253,1.1612179409501797,6.257013676614804,2.056928967303356,0.728266791256545,-0.05623723955556496,-0.11116191537451375,ward_k14
7,a_002,2.594049353191813,0.20801820240176463,0.9983097532567636,0.21780086162618548,0.5483837536782232,-0.061658396277453585,-0.07041469921291431,-0.09304360294833869,-0.02485545418106009,0.2238544634977297,-0.020905105720683742,-0.07029522480221378,1.3962735365371886,-0.0711858692583423,1.9878084098355424,-0.08380691658124913,-0.10717637534600541,-0.1423804612940563,1.0316066590039532,1.8639807031659408,0.3747929676150372,-0.05927440865675423,-0.06664158531440431,-0.08354945980646009,-0.1071197773512981,-0.04935480860980803,-0.1304984516658559,-0.08601520635700453,0.10039737275456172,1.2375327309337967,-0.07148432354573403,1.6884454147782466,6.247626168288875,2.0134084271798174,0.9787977349068664,-0.12302223507953322,-0.045442165644640445,ward_k14
7,a_003,2.3391643192635385,-0.08996028552472134,0.8549972539856312,0.2784949089776648,1.282977115925213,-0.12071514571663249,-0.13109425828471555,-0.0720277336458008,-0.08719726406735273,-0.009395912619643577,-0.1454430663585652,-0.12139339425974821,1.2993380347750632,-0.022102356421003132,2.580787158018953,-0.09939096095234234,-0.11097500653704662,-0.06088529656892878,1.9923499709297365,5.0790755719956096,0.3658182913532151,-0.10304745813886498,-0.08990061240123852,-0.07544286190179371,-0.07063595521352403,-0.03410463475026879,-0.07070898514518738,-0.009397037607648645,2.101510743826174,0.19874888447743608,-0.04589326027757693,0.7798730777580125,4.9057154498712405,2.056476406984356,0.20830938067652527,-0.03699244803011814,-0.10694071448903204,ward_k14
7,a_004,2.4586039524410848,0.05195153218413159,-0.03554865884703205,0.7421762107032663,1.1262681969604766,-0.13974120839805146,-0.0038361540970475883,-0.15839847907604893,-0.12687756164558184,1.5373873115549552,-0.05056562612713238,-0.0260893847723787,1.1365482030849297,0.2588141166650634,3.556096619848268,-0.07810182847618205,-0.058809106145146464,-0.13806386907925594,2.537933200569669,5.142549896607403,0.6523074135494036,0.17977973589610524,-0.008283310281495714,-0.07292216521665593,-0.07442852813671914,0.27817387705118013,-0.02955986403078573,-0.07370658114636637,1.5797710607898041,-0.054694290628851235,0.12768876920541708,1.1640211181694815,5.566218563966193,2.4221550268568297,0.3684903171650631,0.38755804800415783,-0.16732934916347086,ward_k14
7,a_005,1.8021312286776285,0.7386084260242408,-0.15286987053890003,-0.028256479678192455,-0.00499170063208637,-0.1648285979818184,-0.037342407410378586,-0.14424658313512229,-0.08255619060327227,0.7723007981591931,-0.011680221212446662,-0.150324163558097,1.4712343112637243,-0.0184303578369008,2.305678461284704,-0.0038715060943957207,-0.044371077825182854,-0.05736537896131995,1.5433675276787469,4.063685416632699,-0.02871036372647567,-0.06338661453651626,-0.13206086781678097,-0.08809356924491933,-0.12145122500526533,-0.08620536453115811,-0.06279193674966427,-0.049152946431059705,-0.013644899208258166,-0.07194378947857366,-0.07658459081477227,2.0774378320362232,5.414704169548185,1.4207296954748247,0.9969728104807828,-0.1457925477902884,0.35690779440340126,ward_k14
7,a_006,1.5784562729504206,-0.03624999790267692,0.17895564252784923,0.9841927876495328,0.6653048699418024,-0.07372620924532197,-0.05062913105550832,-0.06072400068053789,-0.09303208302047186,0.23340258966286725,-0.058993566431377875,-0.05981903443568308,1.682373214454878,-0.09093064710203226,2.2639536381206655,-0.07094963105682404,-0.08583068199933742,-0.12496776745369442,1.5496047961342552,4.274576052215162,0.0812058705099658,-0.0013587480886686338,-0.10214148327841208,-0.0947327681382081,-0.07947825369472253,-0.11703145989810623,-0.10643458592432832,-0.06602707134711301,0.5924475574435664,-0.03141847400625787,-0.08475746084582916,1.730562663611111,6.715820720459838,2.276280264453171,0.38039725029575266,-0.035134858737219506,-0.04511023121081235,ward_k14
7,a_007,2.363688818867351,-0.10307066405074577,-0.07526549947420155,-0.0075266343496010486,0.6314020218362321,-0.12062581770339063,-0.09967993404704245,-0.15524020157312102,-0.1055683235018878,0.5316231855069377,-0.1439931698266792,-0.056665280480884504,1.7150725884570612,-0.08285246090553652,2.0563684836379985,-0.10041901305335224,-0.121257637748939,-0.05695580141047027,1.4081274079213295,3.70678277672622,1.2021338470359848,-0.11943721925281456,-0.02243343773760568,-0.11043133758514753,-0.1277437051895573,0.08461999914041793,-0.1407018383230367,-0.11193391258913213,0.2621465246155073,0.7099592521511526,-0.09698873580197159,0.34766217482443096,5.795374931938182,1.8607907683962912,0.3120637657582068,-0.056383508700562836,-0.11754497023407692,ward_k14
7,a_009,3.5393326473329743,0.31130543985024045,-0.12518773806563946,0.022000598781239947,1.729884047558232,1.3526773032699375,-0.04156016160192108,-0.10998213392051863,-0.03389572798291859,-0.04384656064757635,-0.03955593250628715,-0.14947886445947722,1.4723152233740324,-0.07711595796813493,3.2448904027775645,-0.02833849561270393,0.29044779795864506,-0.06776943193234145,1.9025001977220348,3.8347398898127145,0.7672432314386439,-0.08159885843716287,-0.04661692082837351,-0.11915208729048701,-0.08121685516540254,-0.02681711144820518,-0.04668627283703868,-0.044402050665316835,1.2746730260647774,-0.06537067374563178,-0.10827873736734311,0.835355796338185,5.894535846578371,1.856946601273084,0.9763750062604635,-0.10490371975161904,-0.055141943651366356,ward_k14
7,a_010,2.3124348873293865,-0.067373604040525,-0.08208572411930398,-0.09715684572165148,0.24340800910456734,-0.11565269038565996,-0.09376299515373186,-0.06536899447522326,-0.07682934961739141,-0.045456004315435686,-0.057463627768431315,-0.10288435727900219,1.6527088367733112,-0.0440174551736196,1.9250475122045674,-0.07660884067226598,-0.068062660205777,-0.08635165711121415,1.9725092934443829,2.3203628939273315,0.29550648792273293,-0.09022050693488552,-0.09231163778620138,-0.0870657223767079,-0.08754827608292537,-0.07115359788452791,-0.08415518778126707,-0.049369338870053445,2.056890044182722,-0.04207295587304361,-0.05332016968412172,0.5330445350115371,6.026395861002675,1.7605940204775736,0.07500162754600484,-0.03597687152543957,-0.1014435290156312,ward_k14
7,a_011,3.217399279704767,-0.05817733493692347,-0.03780547977574791,0.4034833671936803,2.2298983926039453,-0.015600526824399328,-0.09581718301806359,-0.05214784827584951,-0.05574172912772647,2.148624643260543,-0.0691913448181493,-0.10634795851048143,1.520013462080568,-0.03123644730356201,2.5157565096307573,-0.0782130862655139,-0.0003813637328093601,-0.062044716780356654,2.2023334079408072,4.757212022718939,0.40639603555783754,0.09469414484228872,-0.06836034203671162,-0.058289630363997855,-0.09985818198217064,-0.020257191703576392,-0.08768312644484616,-0.023427636590287904,1.0908916645848878,-0.103379758671554,-0.04098894134986754,-0.0240571911436532,4.401526467635088,1.480743606631902,0.8657608015577927,-0.07825436127516527,-0.07593187564776284,ward_k14
7,a_012,2.789259298708366,-0.024274265986994826,-0.029182032237766047,1.3114233125027233,1.9855832751989289,0.1689159366537179,-0.07076361316676356,-0.12974196135210692,-0.03090810078559436,2.2240764774816713,-0.022099886411751573,-0.07566048291633198,1.5111715999277975,-0.008205980353501242,2.9781811696579576,-0.04124573649311579,-0.012870634393259106,-0.10276165448313214,1.8824391908513434,4.411665001025645,1.1280761965173647,-0.07504085840480162,0.3891556444255977,-0.06566401999011601,-0.10153327499196337,0.36986909403615476,-0.052908778046682335,-0.016473640444413684,2.321047808728254,-0.025732487666118867,-0.0522302884123024,-0.04776142928993837,4.901562208871259,1.620913696497679,0.010286112537396254,-0.06180248911218352,-0.057624058642810894,ward_k14
7,a_1a,4.439006784307606,2.134957851127801,1.4416442008291517,1.3478162183364448,3.1753995610674286,-0.132400444088304,0.6788080462741412,-0.0572248508233173,-0.12937027541247556,0.2716984832240458,0.4863919762043828,-0.13507172355611327,1.4127093156217616,0.3908330041675708,2.3702335501507106,-0.0454921661891002,-0.12801083417162562,-0.11134489198752268,2.5472287266299705,4.802552149228587,2.0414314845513446,-0.1492655863936994,-0.05572203876385495,-0.1037058888015586,-0.10109809023441427,2.299364009936033,0.06784286090202057,-0.06142998700806624,1.169689700889469,2.1995493923607703,0.8765085260368141,1.5217424041976957,6.530529104325919,3.106520300562802,1.5063609855455766,0.6617674316683682,-0.13287903974634646,ward_k14
7,a_2a,3.7180694835506465,1.485436769376859,-0.0203112896703997,0.41578403803407055,1.9896719326928483,-0.09884439712420656,-0.05067463446141957,-0.0895903212651126,-0.07407192543739619,-0.12550800175582175,-0.07194284421205159,-0.13764283526778193,1.8086238023532277,-0.061013405226247375,2.9075590944527763,-0.010338231047825325,-0.03369818287259766,-0.09881955611824711,2.8934915874608107,3.7738053571824235,0.793645216801511,-0.10543846504190472,-0.061861087635526495,-0.06961818828756357,-0.029045789061716367,0.475141492091148,-0.10572365578962581,-0.08567324927385823,0.14381116529088256,-0.07070921107779587,-0.07826348858441783,0.48192263840354055,4.776049013489426,1.420347349153986,0.6995215898777285,-0.022225281668580347,-0.06879300172217757,ward_k14
7,a_2b,2.380051429415045,1.639021017720597,2.1472942558616235,1.0661958365640785,-0.03741957428749661,-0.11918789354848959,-0.07076277484107667,-0.10569437484593622,-0.09786306606112125,-0.04437413551301421,-0.06817895880417586,-0.06806622795464276,1.1509676174490384,-0.0742532861897607,2.6512252652496984,-0.05976796708587618,-0.0657185478329028,-0.03993871212921903,-0.010469740088786112,1.5790314475297962,-0.0665329271191285,-0.11158610043842318,-0.06368382905466513,-0.12267679354820406,-0.09140094493449927,-0.026501956603652996,-0.09887155133480699,-0.1404350771257507,-0.04340091253866473,-0.06063492464558822,-0.026024953164759022,1.0492863999622661,5.632001968365161,1.834598011354443,-0.00440337725038185,-0.09668814746238508,-0.021045479785109882,ward_k14
7,a_3a,3.5577587085322993,0.12002016472705528,-0.04989097603759961,0.49102727907000415,1.7219115995177283,-0.006914205199485907,-0.033876563524551304,-0.11794357915506659,-0.11213551473430301,-0.05012008828966888,-0.07464727128134466,-0.09478750590610746,1.946766916480379,0.32063042286866206,2.7449516923331316,0.16772584556493325,-0.04536841738915705,-0.008883124324779418,2.832928292416956,4.622277309654118,0.3673579424782334,-0.03520983227399564,-0.08891595582991858,-0.017610467832809413,-0.08099292994418913,0.44466249742717256,-0.13642644651979707,0.5285313285233729,1.7257731834768955,-0.03271523056825918,0.3440153007265643,0.7934932810204091,5.630823150463957,1.7992736466122943,0.7052111652260646,0.2513275873610442,-0.12943569941565938,ward_k14
7,a_3b,3.680403519523038,1.2409950367515872,0.5422982293375629,2.3040487937424414,1.6293666631906372,-0.028918312235952787,-0.0625224514727753,-0.0730061411714616,-0.07409471554569463,-0.02802920811819616,-0.027732873444446502,-0.04835959799770034,1.9370242026103899,0.059672788070006366,2.70805565042402,-0.07265688831509078,-0.0315292070553795,-0.015212685951863461,2.4820179316778646,4.632403896289453,0.821460646739109,-0.053604886211729055,-0.07339036580215445,-0.1219891849150054,-0.07416041307678692,1.9684837198976926,-0.13402132352284074,-0.07310359070399042,0.15897801378484255,0.49033208406019135,-0.04794967123865112,0.22058893214200037,5.314587497306205,1.6982941063182873,1.0914008048083932,0.9028994147264472,-0.04995392296618678,ward_k14
7,a_4a,3.6863955500478984,1.5868828754031916,0.4664969498706243,0.7367049105857474,2.068954618451695,0.08503835407396908,-0.05580674604971293,-0.07157120087822608,-0.05031508684162999,1.5353108139929958,-0.08829579566566258,-0.10137464962584983,1.6672564502267937,-0.001510563756497098,1.7230631126618174,-0.027160848424981687,-0.06605340683429009,-0.05555071191857515,2.4417864536505673,3.513075388392703,0.26985473102240515,-0.07004171913414402,-0.09146063964024864,-0.08004697925014921,-0.0994337244154619,0.8069020309573175,-0.020569084017594157,-0.008567082392977642,-0.04715806355437191,-0.01623380107520747,-0.05755510911016435,0.41559635459325606,5.2277648039127405,1.7791872681772913,0.7423077501878373,-0.09247983323803717,-0.06859159615690959,ward_k14
7,a_4b,4.935774501360314,1.861386355011609,1.8925193802071827,2.352991852422748,1.426162893525638,-0.010478619203900684,-0.11276580090704531,-0.1127952834062579,-0.04203605085701932,0.5417027716688173,-0.03768335591714403,-0.14860581218345473,1.6954011093981194,-0.08755265610579684,3.535211086996375,0.10947326673741167,0.04497946929430771,0.1356404242026442,2.5649557707016317,4.7813035889019275,0.5606439367059932,-0.03812025808723171,-0.11382716110794155,-0.08179209456485179,-0.018855098321794373,2.0086690550808233,-0.02254299904132631,-0.03377957746561007,0.8199311402897509,0.7122846885240355,0.21214368569223063,0.659589343993674,6.370655108604939,2.062937317295386,1.0615199021222574,-0.07863549776584061,-0.08329999435907526,ward_k14
7,a_5a,3.3178515588479023,0.19676291936067944,0.415423012554957,1.1747703499432356,2.1096156018538115,-0.027273078163999855,-0.07367917723459996,-0.11221275355179179,-0.04898667960449925,0.6283916991718388,-0.04980626804928509,-0.12727811953387666,1.8842682311921821,-0.08598991013717684,2.30310140118923,-0.04885214021502811,0.06594566299294877,0.004024611328967816,2.4438053176935233,3.5100732835850548,1.2621828078797108,-0.01617423028395603,-0.07032486731433314,-0.05574360264779024,-0.09108889015729484,0.5700010130940076,-0.045159100043550844,0.6959272519335742,0.852196170008028,-0.0770418826053123,-0.03958560348649575,0.6531062005424284,5.604541388438005,1.8966227290594007,0.7009075533767362,0.5671534387549998,-0.07362754289857684,ward_k14
7,a_5b,3.4502512988238903,0.6332201663404643,0.3647581797020037,-0.02016654261480127,1.3615000396155987,-0.04644039311584405,-0.10931343585616882,-0.14543152991473532,-0.0669790271953184,-0.00930462017603611,-0.0489831584224452,-0.1178052121727939,1.6090091876887551,-0.0062915081465265005,3.008102659434918,-0.04776161385378705,-0.051311397273156915,-0.08848873863826343,2.015085077216505,4.043703757496781,0.8916970376496849,-0.023580337272115174,-0.09878580594351878,-0.1542840649660705,-0.13715155717825547,-0.038797875365203606,-0.07911451017608877,-0.003977544175980758,1.1676246336763578,-0.0020845908475060192,-0.07358608943961364,1.1008224568015048,5.417510083917408,2.610729902984331,0.31107009260848295,-0.08417164731688573,-0.0974986783670625,ward_k14
8,a_001,2.523131906653263,0.1263452136254839,-0.028817530265022498,0.03965171357164098,2.2108140242486476,2.2923014440718936,0.004241072338666658,-0.07730034939882936,-0.08076178877896321,0.9731753772191547,-0.02102458403948734,-0.0794224611173317,-0.0772439649310928,-0.08344304929115165,-0.0012188598289634602,-0.011122802775278955,1.0348032001808591,-0.06511858811755844,1.4600326906909784,1.0929236587099476,0.20571976703538317,0.5402903518976636,1.4867994561913171,-0.04616470131421217,-0.0769532732047029,-0.04146581425087005,-0.08905136975033842,1.881428863382554,-0.06341923613345826,0.29010092870584114,-0.07178883030834661,1.6810876776776231,1.9511341779347469,-0.028940097826816297,1.6353187444970396,-0.04142864692101309,-0.07809665864676846,ward_k14
8,a_002,3.286515718713999,-0.0841759939492005,-0.04112206134616722,-0.028062303373315126,1.2866918791056432,2.7540096321306264,-0.007178438363802766,-0.0979939453758975,-0.06095064690073598,-0.026620911107112722,-0.08586976825168179,-0.07561564916128703,-0.08417732164342194,-0.07450185247394761,-0.06264747577593485,-0.0675254839813317,0.2736111087525176,-0.07382450060865553,0.6917221560074625,-0.03868636684736665,-0.03638084679550862,0.3714701226425011,0.6932940420933564,-0.07387442997066257,-0.08190845477478366,-0.09394595683093332,-0.08973054637840833,0.06153357447389257,-0.10120752835656818,-0.06945436207712831,-0.07912020495234397,-0.05407020955916238,1.2120081873042081,-0.048963901205451535,0.46268007774243425,-0.12026511281178642,-0.1015998337545993,ward_k14
8,a_003,1.9852301526220326,-0.02861562827952497,-0.04069000814118792,-0.021113351415605473,1.9162539055257664,0.9460160289085401,-0.0374853495602608,-0.12137385691432707,-0.07942229474931976,0.5189188236165787,-0.0591450197930826,-0.06650300624130875,-0.11575495679912048,0.802274718056214,0.4706337816231221,-0.04066637657259725,0.6954389607253089,-0.07471853243617135,0.761802292886365,1.9223122392024248,-0.02551121249298053,0.9776715521350843,1.2724365980784527,-0.04909984020393454,-0.10824557712852743,-0.04356552796733309,-0.06314481169203082,2.2813929815788767,-0.02863500972926178,-0.07983715626610864,-0.03336651751690466,0.6556375061150689,1.876888607760493,-0.021826696302958224,1.0553814531658987,-0.058001535665033375,-0.08075514071011648,ward_k14
8,a_004,1.6146907560091008,-0.029777063125092814,-0.07320041370760304,0.24042250650032443,2.2241002958448743,0.6648846388258695,-0.03788465850165574,-0.12191195130839391,-0.07870818149758774,1.0935642944639472,-0.0790484187014541,-0.0715761473094954,-0.07862449339689066,-0.08969826043475125,-0.051028925244262446,-0.04076411273376821,0.8107861474169554,-0.05194935954706622,1.3451746318978526,0.970255422150651,-0.06175279025936765,0.6595257507230555,0.9627151835170998,-0.09691760440946022,-0.07393501313136322,-0.04398918216732131,-0.12240630263891508,0.9426611499724523,-0.042990214438947724,-0.043323537997894554,-0.07926406589402912,-0.12388978091784072,0.9799571881192923,-0.04548706145594089,0.8478034859667903,-0.11399939513037183,-0.09349288379084,ward_k14
8,a_005,3.124512639682131,-0.06873762011339907,-0.052779415113145954,-0.03556772666486223,3.436572124391005,3.040709131140797,0.8964431612472441,-0.10345416958056117,-0.090257277123439,0.6157981189677915,-0.09851953659843483,-0.07856793885997382,-0.058909207845387696,-0.08550173263928898,-0.009511972944588262,-0.057997643566868,1.0428085782740208,-0.06592858973953711,0.43625003091634296,0.2549802866412118,0.0117502881748119,0.38517517230038645,-0.044161564104359216,-0.08922625099052409,-0.10323056341044015,-0.08391991289369247,-0.06430230773127502,1.1540768528287075,-0.034552053750737534,-0.08529821463794675,-0.10706160153126992,-0.0571797079170955,0.6616062615341296,-0.08276338718955001,-0.009504428983786322,-0.07446062109730106,-0.09081289094787579,ward_k14
8,a_006,3.961481040636422,-0.009161080428250791,-0.05503763291608257,0.011746136447534762,0.6376030505864045,3.244607844172134,0.2427020694803645,-0.092190892550297,-0.09765867573440364,-0.05969711630943275,-0.09286110113310328,-0.06971292637934344,-0.10807822159162984,-0.04056898544582646,0.2585194037422674,-0.09648330077539356,0.810878248909792,-0.08211190823100036,1.189506731303213,0.4458947930933337,-0.07147000079143864,0.6734158375079611,0.35223457600160507,-0.07203531356514689,-0.07247094092299428,-0.10083127179105443,-0.07988262068623646,-0.002670447334638112,-0.07619955423987831,-0.07367498709957217,-0.09464918403911542,-0.05777487549331398,1.3927051621317488,-0.06896213980926544,0.7226544346061016,-0.08695899837806007,-0.09639318665111299,ward_k14
8,a_007,3.953041243667656,-0.0025846581067916694,-0.04308554423313442,1.1281555419810845,0.8350287882681188,4.002057470747895,0.8940017890804459,-0.07347445384291981,-0.07111418353003594,-1.751817762851706e-07,-0.02915338055274216,-0.06565625832124726,-0.07172584142532393,-0.04374380840891191,-0.024358954049202075,-0.05286521434596071,-0.004098443761594303,-0.08308729909115496,0.6584006510938739,0.20200723438846926,-0.054353893929230276,1.245524800797533,0.19499827641332015,-0.04065008221167803,-0.1244362386687833,-0.05316370016714401,-0.07820953278164391,-0.012350243781371341,-0.029744566164041877,-0.07954646409287901,-0.09692593374875562,-0.04938507208921292,1.1238939632428222,-0.01703347001995677,0.5621851800164878,-0.0895079740562529,-0.0845465727331885,ward_k14
8,a_009,3.936108025774243,0.14472817974139576,-0.020126272834152654,0.6696608071065071,2.577411404245683,1.5706786774748092,-0.009127648138161217,-0.08222494554711485,-0.06795445943030713,-0.046556017981692344,-0.08632694429219745,-0.11066899484234272,-0.07462526537672814,-0.10869084124946429,0.4088516823963478,-0.05223506422397641,0.8681550793199977,-0.06636520253183836,0.9067411070570724,0.7191044914205184,-0.00839690357994843,0.06646690559684126,0.8351885427773216,-0.0755336552161493,-0.09794398497028095,-0.050500106157936445,-0.09512161465463617,0.7452438178616533,-0.0336962199906512,-0.04460891551688173,-0.06660830731254982,0.6109391005783102,2.2555513449760523,-0.011659179103291072,0.7201611056055928,-0.09066421274208009,-0.06470661968410932,ward_k14
8,a_010,2.4978710557170394,-0.10894013796202515,-0.0626082281018393,-0.01915128081098882,0.4421549646952065,0.09056189136358761,-0.04633807161021139,-0.08494488746452769,-0.06513543837910407,-0.07765854076820033,-0.08937366682980533,-0.08669708472494472,-0.09396853235410939,-0.0918733664644732,-0.059130837963450554,-0.09817984137051539,0.03631727994542201,-0.10099102879196539,0.8203773366255847,-0.08607686552518828,-0.0648261555677471,1.0129262231062999,0.659819342895299,-0.0868297065175027,-0.09249494074205787,-0.0880110170713683,-0.1177969525588426,0.9970752622174937,-0.06665600013999687,-0.08018808732580504,-0.09356415879052854,-0.05284066900767737,1.2584067627862554,-0.06426921200191849,0.6598490912359152,-0.1020034669034055,-0.06734920203661444,ward_k14
8,a_011,2.925783818065902,-0.10354788732531876,-0.043364462732221346,-0.10107084670879546,1.7944592471551022,2.4908151248607213,-0.02092353847782366,-0.10144890921258592,-0.10851506105131836,2.044744176253919,-0.04228040126867624,-0.10662474669459224,-0.07459131824255583,-0.07886548869456556,0.4396016757018095,0.31427016499996197,0.15724564175634456,-0.08745985588075969,0.3823772912677843,1.878473951298112,-0.04194023617676088,0.23731027852492548,0.7029473160724076,-0.0673043776541486,-0.09834284373248442,-0.055964052284259255,-0.06440255242316459,1.1106142962823593,-0.037206913513960785,-0.06875007994272878,-0.07468507775311489,0.06657757885517662,1.0837093093096426,-0.03390977442305887,1.0912158750364995,-0.05404273461952516,-0.0844515150158585,ward_k14
8,a_012,2.4311887247102404,-0.039289248048582505,-0.06991088552994153,-0.021185447970180165,3.339193660532942,2.6398000124193426,0.1824845428106541,-0.08522392784557581,-0.051132758133532984,2.1793528047245925,-0.024749120188499042,-0.07687080388149818,-0.10879358283510973,-0.07852348937514873,1.1994545032057191,-0.09264835220595637,0.10214565765020907,-0.05112982941427948,0.2155913568865892,2.3201810532052773,0.29548114835585193,-0.04622722840154472,0.8382807126615452,-0.08331881827755573,-0.09742387840301248,-0.005211697767474872,-0.06725193206980935,1.6131078822866465,-0.07565958545615033,-0.1020970474550754,-0.06095693949387539,-0.052847375758339116,1.681700935239658,-0.07108700696861606,0.4403265355173819,-0.07387031619095538,-0.06893353203947299,ward_k14
8,a_1a,5.160539551380968,1.999353288246982,0.8444165387730074,1.0096151757696803,2.757942896123209,1.5359073771667353,0.5805351610327892,-0.10039348409286875,-0.051555810258564094,-0.11543073123685846,-0.054848294429587746,-0.0891116546650795,-0.10014627135116708,0.09386621674165875,-0.025012199883099467,-0.03060540838403886,1.3211189672195078,0.16933761437751776,0.6704444817055584,2.5866343524366977,-0.03629160649851512,0.7434473227264486,1.3844659871686829,-0.1241677029458292,-0.07319613299552676,0.11639639333796911,-0.07554510474791595,0.10203350613150164,-0.05921821217339736,1.7228543393613223,-0.06671329989629352,-0.015993606130981254,2.8012010792749518,-0.028697782474193762,1.9729277308305841,-0.07542186936876008,-0.061107931807926646,ward_k14
8,a_2a,3.9090800909198586,0.7840097831390784,-0.08848846606469282,-0.061070870892234244,1.2555010468575274,-0.050834374459386295,-0.05517581279482568,-0.09654744549661111,-0.022589490970662464,-0.07539700887468066,-0.07295840432448009,-0.09118953383362793,-0.11711353971692887,2.5317072761412063,-0.03483958899024245,-0.0759882251030701,-0.056472441596979076,-0.06284342562736504,0.4612929750069335,1.5095093266765405,0.1217817272071332,1.9163435932895854,0.6121394980813023,-0.0740656479055865,-0.08899083171908763,-0.06220582165101973,-0.07896749366461071,0.042461280888334424,-0.09009836739450362,-0.06190945152563049,-0.08204246267335744,-0.03199569871981325,2.113862039986805,0.1017008505746621,0.4865879611389273,-0.07936913807899268,-0.10894513585805318,ward_k14
8,a_2b,3.0828547281518826,-0.030648439920630863,-0.013488572102003955,0.08458938852655278,0.9952481624942964,-0.10073879438105336,-0.06237553189777653,-0.08249658044807245,-0.0884447735544853,-0.053279681477774975,-0.09395944472902631,-0.10975773115945439,-0.09272707935210268,1.5143305929717499,-0.046118274023928645,-0.06152663297588945,-0.05981465537043187,-0.12606961802023972,1.620656131188005,0.08375345786043184,-0.07531918809919888,0.9161214278628511,-0.001075512894768211,-0.037733984342469926,-0.10437234732801265,-0.06573979865073969,-0.0711047421928296,0.3691772022216043,-0.10971660151034207,-0.01487205190385413,-0.1081114298348618,-0.07406547008864739,1.7110419205277871,-0.08937639892733246,1.2351701908909316,-0.05532343706898427,-0.08705381595835329,ward_k14
8,a_3a,2.390842946856374,0.00040816576518284096,-0.05340010263793464,-0.09106283094150064,1.0029704484242905,-0.021037374674665887,-0.08189115129882107,-0.06118090471236895,-0.07767489354537394,-0.0872116150146304,-0.06098814142265301,-0.071209583435406,-0.08059394575501388,-0.06643998562749584,-0.0564075511583052,-0.09116656995451192,0.10576040564681549,-0.0858331315032341,1.1876546258166383,1.9168389968066597,-0.05071358971922919,1.1796454759396005,1.0110006337491853,-0.033022535599574285,-0.09473102567745438,-0.06398630456559037,-0.08647575723260234,1.493155039595843,-0.0866626000251306,-0.03023800855310975,-0.05068724303553136,0.5247971448457222,1.447894260756093,-0.08116769213701518,0.3081522487205469,-0.04747281390041677,-0.0398271218768612,ward_k14
8,a_3b,3.2429886353275474,-0.004327810084262588,-0.044962296501995166,-0.04910798132222726,1.636032459193889,-0.02042376414684345,-0.08910056286783842,-0.05502792610129266,-0.0569040709450916,-0.0140974367154974,-0.10125290663915981,-0.09550119935876938,-0.12799590207558684,0.4065882642806336,-0.007684251293792621,-0.05647270805366997,-0.0416728806681327,-0.06269883880330557,0.47225520248149216,2.740241856970611,-0.037771371531508405,1.6688489737181582,1.246034104963102,-0.04863800577566628,-0.052993649299512835,-0.038062152356223254,-0.041388996147784116,0.3056814349714373,-0.06277299597187659,-0.05056964430215089,-0.07494917023935367,-0.02601196672832897,2.004816245702091,-0.053445408635386854,1.2235103504809652,-0.04629734378739187,-0.12540053500259826,ward_k14
8,a_4a,4.391934771680285,0.4476171520896266,-0.004480016428355081,0.38557200377515016,2.3831596270361386,1.6580549326055611,-0.026015510486993125,-0.10422765092580784,-0.06454277955816523,1.6137215192857766,-0.07133571813190884,-0.08051694571387076,-0.08891541115307067,0.7507874879355697,0.9882360959978813,-0.05536710244410854,0.22771305793911745,-0.00673967720458717,0.9699043448176909,2.6203668239768616,-0.015531728511849436,1.064938364897899,0.4477649563308214,-0.07689723106194535,-0.08597719504334295,0.21287149599263772,-0.08456922644710199,1.4403827275361862,-0.06834754082383031,-0.08110804407332542,-0.1082197723801638,0.24147241995774935,3.0257124284591326,0.2088160883031256,1.2714915156848523,-0.0756544836255173,-0.07244654471404424,ward_k14
8,a_4b,4.1296366441876335,0.602103177068226,0.5348049460187055,0.132239608855666,2.677339820147743,1.5491900715423659,-0.03250365401226712,-0.12096353835311949,-0.0937853739465101,0.6298589691675152,-0.05535885949658784,-0.07917325720383686,-0.043420066322450976,0.5201849639883239,0.4702385853550892,-0.06819459250724953,0.3841579560586255,-0.0086378640148977,1.4039620156723505,2.742154149128084,0.3628525034114937,1.8407056409752223,0.4376019805149839,-0.07759310135798211,-0.09534369644060905,0.26073828542336375,-0.07521705887060025,1.0244602072434632,-0.04938833444441994,-0.0031065678547441294,-0.05945348564794492,0.4685969873342652,3.2709455958485356,0.4714746419308529,1.1127992063371765,-0.033222756297402393,-0.09283943294699944,ward_k14
8,a_5a,4.522504398033558,0.16170778252733176,-0.03236757543026987,-0.0027499586751477765,2.5215982811891213,2.689630017015498,-0.018301849256595233,-0.10040859624314608,-0.05399049850283968,-0.043207387256278915,-0.052130301492844484,-0.09827123501333326,-0.1010279355227438,-0.03607894739323303,0.6606437937816245,-0.07393073658581562,1.0722103496262547,-0.07621988316516315,1.5431465949798504,1.7013943777835054,0.08870632112330908,1.7699434576418107,0.38824961894044097,-0.052832262116011774,-0.08154733449131685,-0.037531269271472954,-0.10618643441606201,0.4535310269229938,-0.07738917564010075,-0.05212319993737714,-0.06498763264186086,-0.043816567536947584,2.343874339872672,0.1375165631170105,1.231743474779803,-0.09947039183085787,-0.0733787067289183,ward_k14
8,a_5b,4.411318699484632,-0.022512023028658495,-0.04669973447123313,-0.04441849415744702,1.9930522815939002,1.7884304296205054,-0.05597219495886366,-0.09848147937875999,-0.08306055043856767,-0.05056128318848476,-0.07313952906420934,-0.10691060419035096,-0.0631823003889345,0.32159418502681175,0.5336612361118733,-0.08581448365040456,0.8083877417989708,-0.04913476396210727,1.351602967841906,1.75868158958474,0.15156781824445686,1.1716605307961916,0.2861976971358572,-0.06299976344505259,-0.09188004195734721,0.027260078676058563,-0.08161595648091172,0.8507868392305381,-0.0406240005467808,-0.07622668407455213,-0.0989415568163522,0.17665671606090266,2.3844510347213883,-0.031961403700308186,0.38632759940506256,-0.0592186004229938,-0.08332195073663531,ward_k14
9,a_001,4.753248383000232,0.7439815009173827,-0.04821330814957611,0.47958048013701293,3.5264723176921806,-0.05593773732182933,-0.07015505893026293,-0.0829810685674512,-0.08247140568779741,0.24827847578541243,-0.043023853988045396,-0.10293604053299396,-0.07895618834321469,-0.11724253646374017,-0.0016530126255856975,-0.05147970110916075,1.382269225974243,-0.06282229905505769,1.846645010029462,1.5978893124192246,-0.12348364599999759,-0.07157481557817177,0.36397608893742106,-0.09591840898069597,-0.09328839646499515,-0.03214314783182581,-0.11230296327192839,3.7448068118500983,1.3078617606249967,0.3622651801730772,-0.04399370178586538,3.7719064536772784,2.6083258925622075,-0.0033559892660860765,0.8085572024007406,-0.12116626829415768,-0.10914267493777297,ward_k14
9,a_002,4.015226807223585,0.3586894578784457,-0.02504246443164626,-0.04128237407434087,4.907418792342914,0.5040386448479355,-0.036160336782110634,-0.01582933868241825,-0.036076584306648646,-0.008633052609345326,-0.06660870737876913,-0.11443330883935311,-0.02410778528525438,-0.06870540521192861,-0.036187465965675056,-0.09554402645334732,1.7892616883565846,-0.08129017110351784,1.2148807604793999,0.23909404271385912,1.3217965504726599,-0.06466733602940024,0.6774203605649735,-0.08502632169918838,-0.10170764728832238,-0.11155134099284836,-0.08708042982076022,3.7199332785520114,0.4020025415033566,-0.04533249910407788,-0.15950765104666803,3.749138942453321,1.4028930742161831,-0.09854100408939723,-0.06554864133471944,-0.0927338392363968,-0.046670357856936316,ward_k14
9,a_003,3.701998374400005,-0.056847807671005626,-0.0336170729075447,-0.046196954215680854,2.7238754096969604,0.7990346518264653,-0.07362610967347569,-0.08769539712730294,-0.09135647878983659,0.3935742431575042,-0.10630758812732195,-0.0769176211787151,-0.09684192638450757,0.1382025747168088,1.3273903994342593,-0.06259341568982195,1.434302375511188,-0.0712006521115692,1.3288581093946885,2.5820146902818317,0.07206804088548996,-0.0530969056403896,0.1050771589421248,-0.0689197670504241,-0.0800194558067175,0.07926062487039397,-0.022447000843220218,3.683900620572447,1.147284730568308,-0.06554963089025187,-0.05897475206997596,3.3213494516627087,3.040953346638426,0.9029754894452526,0.9328652863431299,-0.07431874267569091,-0.06284381332308468,ward_k14
9,a_004,3.6480716225485654,1.0257011010752533,-0.06259571062995749,1.5501987800386505,2.0817227655167287,-0.07375061652688482,-0.05112244213470375,-0.07633154020500588,-0.04924904986498882,-0.08833494618985556,-0.09311299134556056,-0.08529701746397328,-0.08953320486370966,-0.027985424468972463,0.3592278871794374,-0.06545897975920688,1.255266833974567,-0.08098228401308256,1.4751748631223707,2.713541424919506,0.7241934173555991,-0.10113056914548905,0.9871748037583599,-0.06388850020468327,-0.10870691806249407,1.7844288076423693,-0.05361468166397683,3.182901705452022,1.9100581902185951,-0.024657626665280114,-0.03857687773686663,3.340867430650713,2.508520740189184,1.2334366992056984,0.24888186662817305,-0.057544743151778835,-0.09690305177991893,ward_k14
9,a_005,3.8006847609279015,-0.020914057033039078,-0.047317121353222434,0.12372585094712027,4.550291118842657,2.5885104141432893,-0.09730779327648853,-0.08051460699588582,-0.05546203281201431,0.6167667637610126,-0.11245075198872849,-0.09763741674261386,-0.08369329303193739,-0.08357944727783684,0.2767678438379111,-0.10285465548394856,0.7543041162272051,-0.0328098046388898,0.9235116372555792,0.4450661019485195,1.1849830308083538,-0.030806684717656223,0.06555725825047509,-0.0913427330111255,-0.10518213475088206,0.276714673106986,-0.01869701662469849,3.4238159183612344,1.0154513683454651,-0.08789833693433793,-0.07661504596752171,3.19691580751924,1.5414892958891082,0.04895560951849948,-0.011515468937175744,-0.08338322989136913,-0.06402739053451756,ward_k14
9,a_006,4.0681285605915445,0.24285145546916415,-0.06842914809411166,0.4276241246595789,0.7237623034585527,0.6310569170161644,0.2136634892187874,-0.14867461109668362,0.04184678251685717,1.3174823151265882,0.3808896526534947,-0.1050115201375704,-0.10446341018455454,0.7513884277256981,0.8201708190039952,0.19449789404432488,2.077049058289857,0.035749345560368184,1.2330233867729679,2.120905229923338,-0.06049957284864269,1.6998459242903992,1.3350367052987162,-0.14626113552597586,-0.12434093515981684,0.13626374628856497,0.6021643429554111,3.3437526316968236,1.5703785427357007,-0.05619204690350943,-0.14934748455219388,3.1641410903612037,4.867237040728638,1.1291073676591743,0.7077573304151066,-0.06483324538393462,0.18510180127992984,ward_k14
9,a_007,4.512772342931678,0.32401708387774464,-0.08518227576959289,-0.0827529191170785,1.1281834961663808,1.607464632478062,0.43857373627133495,-0.0859640582197814,-0.08605489635325386,0.01858477886316289,-0.015318025319420912,-0.07782290934688012,-0.14573063921540017,-0.1111013394373293,0.8150373592361021,-0.05965138181226884,0.9501917692758677,-0.0483569183955068,0.3280747218202793,0.6081936056954533,-0.06179419260726248,-0.07922822287466469,0.5889444305927094,-0.13852155861487203,-0.10665147013783961,0.1855531981871543,-0.0552280388043217,3.784475939684918,0.12829469326445478,-0.03362706806317471,-0.04377713781551518,3.4368698498789767,1.9817046535291731,-0.08139044771081244,0.16638740215608813,-0.08943672734035454,-0.12309509805821503,ward_k14
9,a_009,4.673035713989481,0.28162486292604244,-0.06654530632288574,0.8123521625241694,2.8909001578303206,0.46385727176251035,-0.042223759412029466,-0.09582198525593111,-0.014229807576437159,0.09167285623164396,-0.0836443673030437,-0.07112722402790181,-0.0667576445353528,-0.11272101211284688,1.142884522913669,-0.04482781250843393,1.2388031410945617,-0.046252944276242644,1.0399331408137988,0.7271636815530472,1.0928173665768541,-0.0274949890533036,0.7479502725671268,-0.04278518420096862,-0.09602691678213789,-0.04568973412840685,0.19094218215179426,3.6845919661682904,0.48686341047800014,-0.017888807647592445,-0.06534989105913754,3.596919652678462,3.007016189688826,0.7512515804707469,1.6931660329446125,-0.04649175052623747,-0.05485582881938411,ward_k14
9,a_010,4.1265878973149,0.07427926766485646,-0.07972495900353885,0.20206371458223074,3.656714150811286,1.3129490314297083,-0.054321563289537814,-0.08135279467631296,-0.061353781934422695,-0.07165034015464772,-0.04968237196570101,-0.14491114547769934,-0.1418313362568402,-0.15600854440929998,1.3108440243911859,-0.04192734974469202,1.0067196981305533,-0.09184510469140328,1.037474980766763,-0.08625382127791957,1.9794608075836206,1.1910795765886937,0.5789767105494259,-0.09208895198175113,-0.09713573901533197,0.18328546369685347,-0.07008900878811328,3.6673722923405485,0.6699551087256236,0.1386649541626952,-0.1240942289062784,3.6574819887781427,1.424366134216733,-0.023281603864045423,2.1563757282813802,-0.06060934538162158,-0.06158965275319661,ward_k14
9,a_011,3.774038580458636,0.20392825942852,-0.010046704228008529,-0.012409412503360178,2.3885571434941597,2.2568828039060786,-0.013183082250565543,-0.13584729849961974,-0.12993036686907433,0.9792557250410894,-0.1249182415953165,-0.09757180490593415,-0.08501125448798276,-0.10475159889375517,0.7533933603864401,-0.07599800089022214,0.7892375662211446,-0.12236310325185792,-0.030771420812344512,2.070302920244273,-0.005868485413262018,-0.038113339455490884,0.6104408163283804,-0.11068001276952566,-0.08817001909216002,1.1815284413556302,0.10193805165934305,3.7571573417389827,0.38559117368010265,-0.0609206599650341,-0.075993418610609,3.92449081991277,2.2035113045161085,-0.053398215470616496,1.1856188015724047,-0.08168117810688902,-0.05560595756279492,ward_k14
9,a_012,3.6790751204014356,-0.021659514930233964,-0.023978472677045656,0.6178163120512505,4.248622965408491,2.2465521668884385,0.30734213932691623,-0.041253062721969526,-0.11092157143107054,2.590956409269892,-0.013952602781845548,-0.11451327721175113,-0.08024359455802378,-0.08410807843991784,1.0005417540148103,-0.0036281454320138008,1.3559278260499696,-0.1022055136704967,1.112622512437676,2.429735163161855,1.63509846300879,-0.021879839001514332,0.5035652299888975,-0.10532466904647136,-0.09423018893012935,0.24921471505602885,0.2169689112371805,3.653964454867644,0.9403047267233047,-0.036355373767939,-0.04999566170503516,3.6958752176017082,1.9752748534886995,-0.042867980577718054,0.27147815408277465,-0.13382255594650216,-0.038387086032501905,ward_k14
9,a_1a,5.273318591277393,1.9180674512447597,-0.018180790687593665,1.6984352490141048,4.595959236654224,1.0351212620982073,-0.08861254887377076,-0.07076375267169853,-0.10824299648608815,0.21285914608502843,-0.05939300518160215,-0.11473229183109293,-0.10075934621746716,-0.07226613094819015,1.053788516008194,-0.05093223668590113,2.2579001868683646,0.32013000385849605,0.7406671367071872,3.5176132451605664,1.1435541565283587,0.5758550383453604,0.5209353943119903,-0.13113055794260248,-0.05793918563414904,2.7806177909727303,0.16068380472160618,3.8028365166125395,0.28173785774241455,2.238006036354629,-0.08717789257605285,3.5594712149298284,2.4608723723944492,0.033824467327400895,0.30090576194523433,-0.04906680018107275,-0.12218610975442003,ward_k14
9,a_2a,4.889095673250337,0.9631095430914873,-0.09208281157731944,1.8763887025745107,4.556698563040635,0.5124121132350599,-0.018347844687561378,-0.11419133503578656,-0.09770088292245549,-0.1233671254251325,-0.015066825510011622,-0.08490395424484484,-0.09672837116904211,-0.07344515380559123,0.6287760099134021,-0.12875024505252955,1.6945315681537068,-0.0011306436186116523,1.0817433178566183,1.8062508325682458,2.1042445196694906,0.13208328601395466,0.5037146763247324,-0.09017801372795706,-0.1344904746007072,3.397501300980305,0.34600018093852186,3.813944932095546,1.6004436405087872,-0.10546871887836044,-0.06842078279370929,3.1984142024527378,2.465065062956144,1.1674075561571442,-0.11400704627664597,-0.0854351245412044,-0.11284919617711565,ward_k14
9,a_2b,3.580571254853646,-0.1027903704915342,-0.13578416846746788,-0.16350342507049875,3.151269174915043,-0.12479588634203559,0.7517067932335825,-0.067546294119144,-0.12456689883557107,-0.12487189891827599,-0.07412543438491556,-0.07902165795338544,-0.12064727070545775,-0.05612478888746915,0.3897872454058726,-0.05561436961911901,2.5382305498258235,0.6664346480236665,1.1792848952298844,-0.049443203159706905,1.0648438517869112,1.4784027643875666,1.6461492169172978,0.007443143473672403,-0.05388961935941454,3.478921989992501,0.9127218318692362,3.5520522423178567,0.5808962276756349,-0.11622524052183855,-0.11619111208058892,3.686509862213719,1.6805232139197652,-0.09779139957307847,1.3726029367887143,-0.1038834087859159,-0.035170434588930696,ward_k14
9,a_3a,5.30099687948799,1.5874609999300549,-0.009692901145882062,-0.07587371769280686,1.620242141206872,-0.05345775621677073,-0.06392035577454644,-0.08157938043429303,-0.09405986677656708,-0.06031018614487019,-0.08207901401932675,-0.06819711748988569,-0.09386760037972892,-0.09473653166464208,-0.08652003567965033,-0.10053630429664007,1.236529732636722,-0.030677271261474553,1.53071753814489,2.3855654645282263,0.02309123351470056,0.7413751728587485,1.3478435438385346,-0.07194285530985625,-0.07621523147435144,2.5746407442551424,-0.03147593086560107,3.6915980784271376,0.3818294524799607,-0.04421803637990007,-0.07138793307904612,3.6003246438948526,2.7479022914053717,0.9925521551483194,1.1041043366415066,-0.08987483045550362,-0.10828679577573733,ward_k14
9,a_3b,5.406559186564354,1.7701699963062056,0.0887166555899533,-0.020994625893604114,2.4563141865849154,-0.10507750715679072,-0.07319447085902155,-0.07598033868490034,-0.07756382347302049,0.09837898768479122,-0.12129818636213777,-0.08345619040517124,-0.08819176213466454,-0.0718609641045292,0.6836307143785791,-0.03125866407558575,2.194244651792733,-0.06423229298568656,1.0598851841290777,2.7515515368951404,-0.053273452708010566,0.005736136072626741,1.3253223046989016,-0.12092974594146788,-0.039401335658423325,3.2813858326373797,0.04456984266323216,3.8208656733413,0.8252035618441804,0.9165964892474774,-0.13676456695955608,3.756850430339945,2.3968510520539184,-0.009787100182967256,1.2707574762474638,-0.02598569033836297,-0.06311813585663234,ward_k14
9,a_4a,5.304852419862972,1.5942964588574065,0.006334035213192822,0.532875933000112,3.0299357712725503,0.681690781539245,-0.0447091626898523,-0.11456988471645396,-0.09476121482651426,1.9279963109273137,-0.04549378386353341,-0.10187420120385066,-0.1204872201049862,0.6867349719305571,1.4268558410245333,-0.061115317914770116,1.9290438384252304,-0.0372037173262784,1.644135653070603,2.5886492939035963,0.30689668687112065,-0.07662919315963927,0.7414405877543334,-0.04274789987111972,-0.09140610301625902,2.5376319951791393,-0.02822425535666508,3.9340809469885754,1.4997844123557453,-0.010653016384725692,-0.02934869889397633,3.749359464766441,3.4524742695022494,1.0450977043463738,0.8432483120080969,-0.03323586506155509,-0.09228117880898962,ward_k14
9,a_4b,5.3355201844584155,2.070803105540209,0.10686202054278356,0.5661173746664376,2.4752119486713573,0.14630804652189827,-0.07414130683278468,-0.09485758327530641,-0.06578814461950185,1.166327022624202,-0.03477765085161549,-0.09199228081078999,-0.0981448941506316,-0.028197053501785467,1.6732155764840946,-0.09983425874830643,1.7356145815716082,0.302752344961785,2.0641277915929064,3.093055956348498,0.214724389151191,-0.03648587610172899,0.25148856810108244,-0.11126124164785539,-0.08152298708742313,2.691090845766465,0.16043309610375908,4.075916028039868,1.2447111475350074,0.22355382310420646,-0.0903136092240677,4.0064768226837835,3.6650664883170663,1.3651952288399987,1.008609107756555,-0.07365561966016157,-0.04950169800695435,ward_k14
9,a_5a,5.193027490163086,0.9473982866501935,-0.04477821156482416,0.12914824677189768,2.5381664079996358,1.9909133100039975,-0.07739837801117552,-0.07823537223758076,-0.09798698926019678,-0.019633629074682524,-0.05109794066050747,-0.08095274670523793,-0.11692348336239318,-0.12556571055770388,1.3078968407487128,-0.06594640977274141,2.024716638407601,0.12474722618037391,2.3368387862395066,1.9881134082109253,0.43350450361488924,-0.0035320790543638806,1.2416322593402804,-0.07951576310113825,-0.06311733062658498,1.0364463410597766,-0.008703162918953143,3.9985151159610206,1.0667253989600427,-0.04096172127143121,-0.07108306355892663,3.661456409564601,2.487607423556457,0.2850988387551461,1.5930683710614935,-0.05086723961205923,-0.1057079835934514,ward_k14
9,a_5b,5.27186541003476,0.09927999233523549,-0.03469164488570591,-0.009466138786894522,2.123564631689569,2.44736155102444,0.251726201077738,-0.11325001148769098,-0.07885351916510389,1.792732171517574,-0.09558917380111746,-0.08077747610021366,-0.12168774049459044,0.10617666052440143,0.8199924960125715,-0.10112376888851818,2.203598098636653,-0.017527299803847853,1.8221285528869102,1.297810477932094,0.3766927714222741,0.5705036135936692,0.8054869213465582,-0.041322875526771385,-0.07703464255873149,1.3526349573099623,-0.04880921033985398,3.60649187572914,0.6293087344946795,-0.11454181258083063,-0.11866607025267671,3.6544892486508544,1.759597725049237,0.04015856955235516,2.268323324730672,-0.009815711297993742,-0.07963249798776337,ward_k14
10,a_001,1.9469657259512296,0.6484429652943735,-0.02782338304218342,-0.010787034271612095,3.1645561522811283,2.1926822289834833,0.1098653298542692,-0.09023740986336838,-0.012549416548628501,4.244950908405597,0.06207641859664925,-0.10797842625077159,-0.07906061614311352,-0.07008204154664768,-0.04988030513765692,1.6315280014601514,1.017252503364892,-0.05148462531820856,1.5716148005982076,1.2827884805978607,0.6435805600613997,2.078838951809799,1.6796005368308196,-0.04705112607825343,-0.09938387955235829,0.5067823115368748,-0.04881223492349506,3.0798944843656697,0.6527190812139773,0.08299052620814351,-0.08386065792590995,2.560294578389769,2.2163062218769793,0.22439040180240075,3.1229607836751807,0.4895619808431756,-0.040447066641596946,ward_k14
10,a_002,1.425675998218084,-0.05406833056053955,-0.04983320045952904,1.0117136102319035,1.68766461911283,0.44867325031629435,-0.06004644081148659,-0.0874522098929198,-0.03025364385851274,4.5163836317504815,0.30851900844766267,-0.1337554943141167,0.12222369464187516,-0.08810153131029036,-0.03153242931806725,1.925967014980971,1.5885713091467497,-0.022314745426019047,2.153441615218022,-0.04769817737718903,-0.06371346989469975,2.2970863536088975,1.7033303551683134,-0.0575857666042036,-0.10104309958113837,-0.02257289219659677,-0.08512460553015393,2.8079237012592646,-0.013845825365562378,-0.07842139119230782,-0.04816605184377544,2.591792273130175,2.0669831756039043,-0.008863241409068662,2.897531106386457,-0.08231956002792298,-0.08959508243622984,ward_k14
10,a_003,0.7012614702160501,-0.016375747722448993,-0.045002375283518845,-0.051064590172412605,2.1923904226170032,0.5054064023970504,-0.07329194379079787,-0.10782511808592092,-0.05037465351587532,4.129880934830169,0.39484878744526886,-0.09747302334467023,-0.0728315386633156,2.2286239855610868,0.8565224612755779,2.2956471222738304,1.9910929666723165,-0.057977207369563744,1.1036998186596592,2.009814709030676,0.2229725014468253,1.978199787526878,2.0330648165329213,-0.04693782576370662,-0.08477395129614979,-0.034740555937379666,0.16916444308123832,3.849967168537434,0.8142367404282902,-0.07484206037911373,-0.07172156871359692,3.48944795074486,1.9967139427581888,0.21641368536218292,3.403240026869347,0.05184902213341668,-0.0358144056239667,ward_k14
10,a_004,0.3200398466148074,-0.05065919879400049,-0.08238520045069561,-0.08437387664038631,2.4642321309475386,-0.051619455164577936,-0.05776408122768113,-0.11032123965194658,-0.018947768404622055,4.00096071269985,0.2685411497863015,-0.10092154229313285,-0.07839769374392569,-0.11586907265063345,0.09467025517440311,2.7420016947513552,1.0883495442040643,-0.05996486974319512,1.3510266541184635,1.309830750699026,0.2838898383959102,2.397764451533722,2.4725603005846217,-0.03310382103289575,-0.10403352412183405,-0.07749409782361981,-0.04948563930474554,1.9166519694004458,0.11856973193617533,-0.04292212829540476,-0.03683552949792721,0.8130340355990939,1.6538875666097557,-0.04772566852517292,3.5927665672688702,0.07864306241017459,-0.07304490983643092,ward_k14
10,a_005,1.5339068926707577,-0.021800978838423312,-0.06319833334182011,-0.03429702534573205,1.617424937027692,1.2160833694656406,-0.06297198699356268,-0.08795744539052071,0.22708984328990306,4.466672099495582,1.4599646967456543,-0.0740400646411604,-0.048657430793882725,0.5369836938928811,0.49161947678804635,1.9342474268597811,1.6379406356687904,-0.042339203237010306,1.0813261916649166,1.1344806560432978,-0.042323720788871706,2.1826193206146973,1.8594852775691364,-0.1106562793323803,-0.09922509464062196,-0.008864106669964657,-0.05935097665561385,3.4325730298711465,0.8570177485763733,-0.07519701572808647,-0.05584725299822434,3.5027110296838178,1.2952367540958432,-0.03369945276995137,3.4756313125868803,-0.024208620718086393,-0.05209853441860704,ward_k14
10,a_006,-0.04286852242273634,-0.024348279559853556,-0.046893804166673186,-0.10087691838298374,0.4713373877828688,0.3141445118280969,-0.032659058057850104,-0.09339829968395988,-0.07346885451890975,2.917631198879718,-0.04886645866965855,-0.06540839952629063,-0.058876647385878625,1.0183942712202234,1.1147563354280978,1.164567023560825,1.3018456881127722,-0.1583787867845661,2.470154209300736,0.5088156117898657,-0.0188145921875148,1.9718506654195895,1.1669217737815285,-0.14717865037338973,-0.13899351128314963,-0.11613057511429609,-0.09221983858457634,2.1429035009753106,0.29252878134517213,-0.11755870141753819,-0.08902119006151263,2.6955890950060524,1.9375574099208612,-0.05151509227170914,3.3389624487737155,0.33010506660619837,-0.015596922534077115,ward_k14
10,a_007,1.0552041552078157,0.15305848980276557,-0.0669089283330962,0.06251788220792187,1.4990828675190506,0.6573541033248241,-0.013088959736113003,-0.07067626055247107,0.0035789785869323517,3.9096300262135726,0.14861905138087583,-0.09514259124653525,-0.029321158497558966,0.314821717269739,0.2087431827169136,2.1522731051868025,1.2534006276129535,-0.0014980292864121242,1.2461369629013603,0.6428972574725019,0.0583633074756901,1.5162216982789973,1.6376196542845762,-0.10045668375739232,-0.05522856627752364,-0.013546608312540832,-0.03094759679374539,3.196940945328142,0.44625235009371406,-0.050822591239431024,-0.05359122518002433,2.5903239125135755,1.5213280356596404,0.17079319537325688,2.9013865530026632,-0.04162672115035365,-0.03839468207543676,ward_k14
10,a_009,3.0802019500193634,-0.03325460359708774,0.06625113463002681,0.617409291864391,2.849195955263249,1.4110058038314623,-0.02132289934158104,-0.10239943539239083,-0.07582753529793046,2.5909763307307134,-0.060259495284597814,-0.07852288504960628,-0.006882974708671729,-0.1043899352595237,0.7710948211488287,2.223245895078727,1.9088122577258488,-0.012281866109585707,2.091962602475925,1.3154309062901333,0.11402682145484927,1.7905968348725345,1.600660189990059,-0.06570772085182501,-0.08263219771601055,-0.07850416544177637,-0.06104023960881004,3.3383625670722274,0.45254528587341747,-0.036740318221552624,-0.0679473709332511,2.813458136883364,2.8773962130684367,1.0289214730798963,2.9179599711873014,-0.08298494002191986,-0.022726919783495177,ward_k14
10,a_010,1.1443953967418634,-0.0654178571865013,-0.006952965861773449,0.2566031544190814,2.054872238773026,0.038516412028362326,-0.028679575702608213,-0.1038222945464455,-0.045113884238005164,4.266101589333963,0.18501383003667085,-0.07824835959040549,-0.012108414529461008,-0.04304776906363891,0.9226452320831361,1.9635211670607813,0.8087215412863975,-0.07566031649987905,2.12574978819421,-0.039689848414000785,-0.019381735687068597,1.3172298015165524,2.2621497036237823,-0.0923600095187873,-0.0954952363039016,0.3915344800519405,-0.042047790204237205,3.4077250614211407,0.49795211263973305,-0.09674276386158066,-0.09676442405494483,3.098783327334248,2.8316729070889974,0.24673032992137933,3.823706270464944,0.15282745167005482,0.0059016961736830355,ward_k14
10,a_011,1.7916206455100283,-0.04572863028509573,-0.06609665739117507,0.1648360936651517,1.7123222995198804,1.1158935347954944,-0.07590628173242392,-0.078831833605775,-0.023011712655338683,4.300500166497365,1.3695440088788122,-0.0811980037578618,-0.05758456208014427,-0.0901180268747103,0.43104889803064506,2.4171682844229183,1.1985487275124642,-0.05123457829344719,0.6583023700943178,2.4764991533739664,-0.031130016710125448,1.7215457974944943,2.5226192891689134,-0.04336068088577015,-0.08606077064611917,0.5203829753356743,-0.05368211593713215,2.6151090109249955,0.3385335720613401,-0.04409647115796588,-0.058627481588949024,2.991102643474692,1.6849312965503058,-0.019822833774863317,3.593387293485474,0.6725826552385091,-0.08881419023293628,ward_k14
10,a_012,2.7612723750984376,-0.0025717622968583764,0.13327879069285967,0.8851241546701694,2.498790612625382,0.5177713185704388,-0.059432258137156156,-0.0836383147965673,0.009659831690418397,4.679127234182618,1.8764706199432315,-0.041894426026996896,-0.07651917776180492,-0.08780457610177672,2.0658203462270786,2.356301525761978,1.9015974312868256,-0.04483802446910919,2.029999743693077,3.1635739412729036,0.4191323585062765,1.4061337046212885,2.080235161079118,0.2445844222300112,-0.1264922404827448,0.24510348336847304,-0.05363678210355902,3.914413248582865,1.02188553197199,0.10568893656179865,0.07889514049678495,3.9499218428770857,3.3446992323383187,0.538943910148871,3.710401416843869,0.2955656465452481,-0.041582067825415195,ward_k14
10,a_1a,1.8833470770160616,1.5210207925623573,-0.04250466429587256,1.045391724163768,2.6706931846540103,3.4034947852817368,0.0011364560179381936,-0.07944715754150644,-0.010528926933731182,4.727661708794154,1.0905981349243101,-0.0742641390955995,-0.06584003871463058,1.5609100395373368,0.44321410726329186,3.004582124088148,1.6645688144422086,-0.03472992287877598,2.795415665707824,2.9347519462704645,0.24700032199873595,2.525518111580145,2.8301355515717868,-0.06824450432630276,-0.1000628160157096,1.2937141975309254,-0.025444439403091004,3.942558534372096,-0.01190525348999957,1.509401716391415,-0.001984770697376422,3.955917985591382,2.31988906422803,-0.05027511655534146,4.065000653554285,-0.052490946433648294,-0.0771114371206151,ward_k14
10,a_2a,2.9855835404046838,0.9714928913482953,-0.056710894130844854,1.376825554087453,3.355158054824836,-0.04147547977207374,-0.08913372030882266,-0.05929312789875571,-0.05935061672284628,3.5085504937409473,-0.0392253266256729,-0.07164398815131126,-0.0053279568753647165,1.1151057934133608,1.5436436578391999,3.022267337774952,2.1728730005505508,1.0307419694020803,2.7886352215732186,1.9872178581372755,0.7136456382299534,2.2956247753509094,2.676098838613936,-0.049626949298018426,-0.05504024560170467,1.4684179758555027,-0.09323366130649344,3.1616856488792204,-0.0044293955416757754,-0.010807256130267548,-0.10491916763118891,1.8429255531719715,2.2519098519058116,0.8266079207958014,4.241518003466213,-0.03916842704401178,-0.06052500087203249,ward_k14
10,a_2b,0.37019040574239415,0.7675595228496164,-0.019899562911018843,-0.04462878258512596,2.6570835686198233,0.1036700024504372,0.7407401148664037,-0.04761059245318109,-0.07869659449570991,4.338398997817736,0.729101821027005,-0.0633853237097227,-0.08711338532147712,-0.13118752320311813,-0.08805165698348041,2.118543657147143,0.1294529962219195,-0.03343621308945614,2.752115972494736,0.610172815717026,-0.054194608679012386,2.1439039764397134,2.9540447542323083,-0.04566666037749045,-0.062474140362815844,1.301381285155978,0.2437607897638824,2.234821064623871,0.1908105460911481,-0.04341529053205599,-0.04666649074719255,-0.038970109854096324,0.5390725303771609,0.32269725080466055,4.326127423790324,0.41930347735001217,-0.09516120489709252,ward_k14
10,a_3a,1.3348269560927577,-0.05291421234197736,-0.0920881770721313,-0.07515555390928484,2.3433534389124553,-0.011318607352831711,0.16323121407700336,-0.11123652140602157,-0.13172830969424626,3.956870335548845,-0.012861613976889697,-0.07772751556579424,-0.013093837958255515,-0.08095770618341447,0.4540964764594245,2.667519232848212,1.5138402742125654,-0.0989875164344932,2.5056818676716324,2.4269645985789565,0.026229839759967566,3.043091252447188,2.5209503908505875,-0.09603609234935147,-0.045949179009800244,0.9686812001778595,0.02255465781727224,4.0745209005005085,0.9987040465478472,0.06759404776902019,-0.09334367732725433,3.6851724439430615,2.034919380832214,0.31600094205494444,3.539611554359136,0.11365932695244621,-0.0571392222617356,ward_k14
10,a_3b,2.533940941185957,1.4136153198550425,-0.0429142639184295,-0.023958625567101818,2.42667473545978,-0.02519123961312956,-0.07668241031232355,-0.10719193328607228,-0.030427520338157422,4.008734235538297,0.1792450068434825,-0.10089483916277342,-0.11411090868035292,-0.10034856709038743,0.9011768819832593,3.0121981372551727,1.8134353139273007,0.47227997298751284,2.4700282029368186,2.6997444678704072,0.49407680562308376,2.1666789092130796,2.5537122775112273,-0.018589703546662523,-0.043024261195997865,1.7975669088697703,-0.010711363749592877,3.0302545997598997,0.48823120374541384,-0.011579564348482497,-0.06904670225908086,3.031265720476072,2.368003166190631,0.008861442383087816,3.6126614372418957,0.22304871627599215,-0.03910069265786114,ward_k14
10,a_4a,4.091104672270969,1.2960213820658215,0.37101433031037734,0.531017465217338,2.8413914438067334,2.743407001603308,0.13914245813534656,-0.09274527662588225,0.3205377443939256,4.137166461536144,0.7903434230317621,-0.06415881657865319,-0.04994102928976335,2.6114329910559273,0.9834895969200821,2.3901371305976493,2.205641910815367,0.5688149503507044,2.5870284886538655,2.7647214167795413,0.501984669886398,2.391531998775085,2.1399891512985016,-0.04283592100330075,-0.07829672877757246,1.1564765609508307,-0.021194220214750488,3.7658497090366625,0.6074424162187506,0.14934166487899003,-0.05541161710202218,3.5090060472756726,3.2235104270894235,0.9558631432068379,3.8195030904059686,0.23348679462755448,-0.05815433114660915,ward_k14
10,a_4b,4.706423503688455,1.727482672341587,0.16720311722331482,0.33252259223374636,2.6403372931477707,1.3436857607692474,-0.05549466318224906,-0.0949309710662501,-0.0983331932220294,2.352317093359717,0.644699547517342,-0.07368618081120884,-0.09789395985045837,0.3423035825559565,1.3165212294241275,2.539820948006102,2.505982517354355,1.6902559994005568,2.7282471932801684,3.06305673962554,0.6124679256183183,2.2050409226150767,2.2234276856051682,-0.08083698882561548,-0.10795026980304484,2.4470267063163065,0.04818547873268741,3.976902121108985,1.4351513192443006,0.6889487736335547,-0.04377379005468063,3.599963781829138,3.0477081264469064,1.0984676917530116,4.365505383140122,1.2707627507957735,-0.03984053128530357,ward_k14
10,a_5a,2.715498063405213,1.0956580190744418,0.6063570429472518,0.011126904108656244,2.4847294163539724,1.2462571947913834,-0.054287734326674775,-0.0916075488010389,-0.027395253068318838,3.628841274400697,-0.01287592555486202,-0.0628243972393587,-0.08953203099717538,3.2591297046966963,0.840179399821896,2.686981336640873,2.1861951983010917,-0.05571215046901595,2.5505739410295734,1.8981361220799413,0.7120265063217373,2.4570815940357003,2.5161691387445435,-0.05358959542560634,-0.08981012113279509,0.5811217586070678,-0.048814453906561604,3.762921431262116,0.04492843854949338,-0.10809028306797908,-0.05384297504864473,3.287619356981676,2.6839359972276107,0.02936936291062438,3.9917620576573936,-0.044139508586377926,-0.018154369333674984,ward_k14
10,a_5b,4.414354642909743,0.8026662873518109,-0.019492125414674,-0.03794719162426635,3.244474665605339,2.4201851242401258,0.10983267677773757,-0.051750134966327827,-0.07792615268060846,2.55782686211796,0.029796096842950908,-0.1331482914591843,-0.0838315705970715,1.006903638729509,1.7386807990317914,0.9931281221922825,2.110119767090675,0.9794347350713735,2.2342568312535454,1.1239517909680452,0.4565851243928637,1.8256853883156037,1.973342309996128,-0.042073978333958914,-0.0900198787575194,1.6899486975899543,0.0640528993992599,2.9949272260484494,0.12510919636981493,-0.03292654899278622,-0.06556413454459042,2.0000737260564265,2.505542408031017,0.47956526326993787,3.7984782765709224,0.37934378436344107,-0.05478951929441225,ward_k14
11,a_001,0.4616352336286806,-0.0022906077122426746,0.23973920857928252,-0.10225867531784726,2.0390745665677477,0.45573781965424875,-0.09965034023889714,-0.12567200082909175,0.6829000027266319,4.593700966189214,-0.07680841343977783,1.257442197271151,0.15014138918583167,-0.12822963533140594,0.7008354640192032,1.7008114870316675,0.5682104766132519,-0.15784599966448648,0.7700143966020531,0.5314708564110242,0.637459431973202,2.20935838551599,1.1363961825956899,3.5703290509647703,0.717635555880019,1.259874578905349,0.01785056691089798,2.392470673164345,0.4675467840222669,-0.10099774725587748,0.02928977883397528,1.9546007851476297,3.052722100812281,1.4358413676709447,1.893237524501648,-0.10304112240643991,-0.09675840892856041,ward_k14
11,a_002,2.578791809671632,-0.025472118588332277,-0.06319613614014845,1.2923068830795503,2.239037588433967,2.0135993400973393,0.8087787508009926,-0.06714828125854552,0.35215753106611747,4.351975200413971,0.6047404438397707,1.4435598975119457,-0.06006191606541935,-0.002591957788679957,0.6256491076038284,1.3614107764686902,1.0140168176234365,-0.020882103592820625,2.2345582912533297,-0.006359578269246767,-0.029022654329963454,1.5846385775349454,2.296143342832621,2.679109279169266,-0.07141333627138771,0.7046974766635661,-0.03336698515302297,1.36509914076543,-0.05147028413307475,-0.06268584074012484,1.0869289636378074,-0.04844913857530339,1.37874716896905,-0.05361166404640383,3.296600760201403,-0.00573015839748759,-0.14053697142024846,ward_k14
11,a_003,0.7245287904468435,-0.05153931569844924,0.15972586993708035,-0.013486938432678865,2.589703804434159,2.140991287768753,-0.04989126537559939,-0.0805616180397727,-0.004830077311158657,3.927618641769474,0.34755713596544047,2.163628212146836,-0.04868860826273471,-0.027789711286730055,0.8423934765543857,1.8818243798578482,1.7808682173104375,-0.01933764382191945,0.9957515380896165,2.044487126444049,0.08309863602360085,1.5987714749509268,1.9770982104013446,4.120763809929764,0.8362232023715959,0.02524657869318985,-0.037776240920339405,1.7741579445736617,0.2838380546664411,-0.06657237578251696,1.4034005718901015,1.16291969133303,2.2259231033111933,-0.01795935554163023,3.290643564935613,-0.01596673592640018,-0.06394453034770578,ward_k14
11,a_005,3.025325407484358,-0.03980010143957491,0.981879540758466,0.41967140905365863,1.957003228129763,1.6399769279274883,-0.0522997699934307,-0.08224821056609216,-0.00817703358388996,2.1791608951426706,1.0152043753338442,1.4073131803347836,-0.028632715890859053,0.3458009334191144,-0.12099881615646851,-0.0384771348533797,1.8994506007622498,-0.04541287964113552,1.2984760243489075,1.0225061874528136,0.09406048673048265,-0.04941466841835817,0.8658067537164434,3.1432754384579105,0.43807986336499327,-0.02910116221436613,-0.05741267482712796,1.3479097260702282,-0.02588936251650651,-0.06489151540033648,-0.03624697495317846,0.1191040415635987,-0.0023727277382086464,-0.046523946035691474,2.816275819321621,-0.02752376464746718,-0.05896363141379333,ward_k14
11,a_006,2.148104659188824,-0.013526650035730536,-0.013744505620431979,-0.03299628742381737,1.7475322393917512,3.6851438981796183,0.6866727821115269,-0.10739593307561549,0.14661284191950585,3.905898506484461,0.36921195250064437,2.3431070821950657,-0.0398037642235656,0.2851903152873676,0.8140361303866861,1.0111489226491899,0.7283340886193689,-0.07890654339082792,2.089972134905029,0.3252055149283585,0.567149632004896,1.9631062568125266,1.2495583856371093,3.817926812265887,0.9891437983400154,-0.012310353425054602,-0.06288164934272764,1.386444425862595,-0.0793564247277006,-0.10098208984512581,-0.06170936759137376,-0.000272399276851537,2.102557545612189,0.16602349651824388,2.9718152705571113,-0.05063473862374963,-0.05748180939358618,ward_k14
11,a_007,2.642005515853236,-0.025826896508558943,-0.07048727129070628,-0.022140331123135456,3.393088000733962,1.6581592794569622,0.04701828488742559,-0.10285339956714326,0.4590724842063015,3.9629420330445533,0.10369188643176226,2.3343254503670288,-0.0290783753112542,0.7386526664499184,0.29272920194928115,0.11171412646889652,0.8277124862994695,-0.02268032439231105,1.3572747702185708,0.650974643235595,0.2017230217636456,0.24018400072649837,1.7400230080745431,3.6058510672683655,0.720211889669848,-0.023329411282455807,-0.07318255973608839,1.3082875588508547,-0.0033159953197087356,-0.02049236170007483,-0.12251068324561448,-0.044330885137428215,1.139722068602983,-0.03135285285605166,2.5268935734102813,-0.02202642019836617,-0.11047437127154114,ward_k14
11,a_009,3.4848825800545287,-0.01519130301511349,-0.06606646155860488,0.1644101930436459,2.8626316974185437,1.3263352575068381,-0.040262837842368226,-0.09110313728493655,-0.03912744747403279,2.568863707168914,-0.016408292783540297,1.933302167765461,-0.07527554419079976,-0.10777841760624787,0.4742061154419361,0.7397162585109688,1.8727774036923912,-0.05763856615614146,1.7157753826691724,0.8633573022295472,0.303892740586712,0.7593439367939183,1.5645940050282372,3.301343173403652,0.24335681462015885,-0.01779461468279268,-0.009559990876302875,1.7471397730195457,-0.05821451294460864,-0.023389960386735582,-0.01886665055183335,1.4352057458799374,2.5484359365206086,-0.024468522415288074,2.6154384791414627,-0.06057618488937288,-0.06292798369741572,ward_k14
11,a_010,0.8526739281759347,0.46010215852432745,0.12034974499440045,-0.009323365938353752,1.3397121582686389,0.06266065349479277,-0.17201201111359757,-0.0589468639775056,0.10399425960136438,3.9542605883798476,0.8071504758343006,0.7090327168703591,-0.14561564069552274,-0.17427253401040638,0.5714016964952817,1.9875750569591022,0.8676398675581498,0.039224476335894765,0.7124297312955395,-0.08221980800959053,-0.10820237131969719,1.71868209834996,1.5598719715251024,2.579938371833559,0.008118800694118128,0.45029626257633054,-0.12661354077864503,1.3080393460094142,-0.06083437678764325,-0.12198430345784113,-0.11507633040602934,0.020621659753411757,0.32000386622411153,0.06717977553023519,4.033326219157013,0.07052169847829352,-0.06546452113683011,ward_k14
11,a_011,2.5585484981757314,0.2521175921160669,0.03092036041563999,-0.07338359804108704,0.4096611268847376,1.847830669037664,2.4972916529938143,0.3420784609374595,1.1135923160121641,3.0746520597714646,1.260274792173993,3.2970045647041353,1.06270219490831,0.9903140900116151,1.3363523297089521,0.47957817596429975,-0.10281768381132732,-0.07472160850424363,1.8004857364815148,4.776346233035314,0.6886721289132374,0.5583266016044939,1.0227579117409136,3.3539891586753576,1.9524020451028077,3.4270218761364806,-0.13663685443005338,0.03500711279372003,2.307203411201759,0.559794667119575,1.0980947567192554,-0.010523413421497485,4.973253703136075,1.5586096742705093,1.761087985945041,1.3786023527914408,-0.12487541166143887,ward_k14
11,a_012,3.281690860641241,-0.06705767573036608,-0.024808318702032102,0.8649928876247591,2.5669988710917604,1.2554585429320608,-0.02048323237715086,-0.042477777551890354,0.3471012015315195,4.31121568961481,1.5837023736391211,2.2273028417929925,0.5570099584596424,-0.07281310559032,1.5383431069259572,0.6350427999896864,0.48234677796736125,-0.1012452271053631,1.644787363389561,2.387542513003056,0.9656232898585912,1.5224284514657036,1.4097444763047284,3.6133621699345735,0.579819225121351,1.680523672467757,-0.028627241896850363,1.6271494471581698,0.5277646027475847,-0.026331281886523956,0.7631928794406589,1.0412950053724002,1.7648619488863484,0.04692777929403769,3.093429480930269,0.027272446129430406,-0.12502698624260541,ward_k14
11,a_1a,5.275833824091225,1.609636038494727,-0.0347663516222198,1.2483369376016338,3.729292542027896,4.0351301937901765,0.58162204734351,-0.02526070932887819,-0.035367896239608766,0.6695830385168988,-0.1387101980797649,2.007234027458071,-0.04330656064256138,-0.08573603258246734,-0.09169976540509964,-0.10253690225022619,2.300708198401023,-0.12484502272706677,2.0197417666161863,2.583010710646612,-0.08852676043135967,1.7450023400747443,2.203418171333707,3.271104221658748,-0.012382949329284465,2.6068169931913925,0.18506171681348166,3.9860038218206735,1.0808833660928945,1.722697101027677,-0.04799175179884782,3.998325324770484,1.4958192325876862,0.28013836453114893,3.4198488370255107,-0.06400932202667534,-0.09597355746490227,ward_k14
11,a_2a,3.4937873801509856,1.08653916683301,0.7769505723312624,0.7116068703364629,3.78391989731307,2.6071074329009623,1.7646873702740202,-0.09432289405724009,1.5384525294115754,1.1403369652252355,1.78376177539081,2.0715834690499704,1.1013366095378934,0.46193512988224095,3.1737500648984787,1.271636072792645,1.7725831334247593,2.200726816655777,2.3940384376561497,2.1768131794786347,2.0252567133165438,1.6551706815508072,2.4421990941959244,0.348098284374801,1.4807422614844594,2.5072357285760893,1.734612274762681,2.560581353355332,0.4888943144810164,1.3437817944937507,0.37061584389187147,1.5248195089223961,2.2009767703093512,1.153255225389208,1.3074886895080942,1.0913869309207496,0.8436227329447478,ward_k14
11,a_2b,1.453240895830931,-0.06488835704548092,-0.008861005577630109,1.3015472379407547,-0.018167935703020617,0.6576553850310568,-0.09290507833688584,-0.1538395619899371,0.01872363062711938,4.772586998730375,1.0657187667619112,3.00093758025137,-0.13442937273355765,-0.1447537832410567,-0.05571857292958891,0.8793086386625658,1.873966152110241,0.16102214461148154,3.7890865084056253,0.09946447722386018,-0.1950845822298801,3.178956237035556,1.8252628358974288,5.029241720253214,1.9874336103611827,1.0084130089552308,-0.18703601764866046,-0.03688646282335502,-0.13152053033023914,-0.025288777131287906,-0.061320997562957176,0.30181383706263226,1.9929369391574276,-0.15448419983350042,4.365129141456618,0.13094065413082456,0.15387000465045822,ward_k14
11,a_3a,1.5814372233736151,0.04793987447078211,1.3859442541057891,0.16562805304479916,3.407426445734623,-0.09586847218593346,1.8732204851224046,-0.014294019614864192,0.15970578317287148,1.7305644309293442,0.9913238520728849,1.2172298527581156,0.7251539629904074,0.08970031653022295,1.4963467869817624,1.6387225404358134,0.9775671835685877,0.5350663374017104,3.25850561562909,3.4899403427199633,2.191478930773518,1.8915554276147395,1.7866887011668986,2.7262114311412633,0.6338961911259597,1.8142000460457328,2.698708949951334,1.0289334531656467,1.0650256738020338,0.5538117473668348,0.35571466280601305,1.2395969336927675,3.5430083374821013,1.4054372266944846,2.534657821399558,0.9325514858459942,0.21922566313841543,ward_k14
11,a_4a,4.817640317575503,1.129805162314693,0.14667695350204127,1.4195432226456834,4.331529136788255,3.6125179023084453,1.5258279281386293,-0.040933460212989624,0.11622379674106399,4.192271198188381,0.3452814608048058,2.3902135065995536,-0.007237859205590999,1.6244396059970214,1.897534650747389,0.12132010826768534,1.7430696252441886,0.4223100981505834,2.6902875464548552,3.2416400352991444,1.7815328998662752,0.9679032393925913,1.6292769743470967,4.040657247864316,1.0961510286149343,0.7272126257391575,-0.009181778015710669,2.217650443127256,0.3854097482497275,-0.0569033568458047,-0.020795673273444313,1.1400115343190755,3.4842652945149677,0.45080499988908673,3.0312318886287866,0.3685484563263705,-0.05350419607005535,ward_k14
11,a_4b,4.438130269419874,2.040916308121707,1.2948850263846345,1.2203531113475379,2.3569369289142466,2.50255645549714,0.5062527356160844,-0.05747878330714984,-0.045208499239318696,4.766972606554294,1.4508492328729297,1.2537086934049075,0.509972776372047,1.674835840970424,1.7866690750325016,2.3824746100744556,1.6883390766694917,0.0810890176487849,2.734661028683231,3.338475000761801,0.18769251950413607,1.2611508620801906,1.6703577686285802,3.7571096680238223,0.604121846572379,0.9362530900371082,0.21588909009121213,1.831591803850261,-0.06394677180476527,0.4202404536152686,-0.09881920320942747,0.7935528482044353,3.030652045276553,1.0595390143016594,3.7953434045531935,0.9868485927957249,-0.08364634746471214,ward_k14
11,a_5a,4.913744505109284,0.30936736251422237,0.35174752163429823,0.7889714304398239,3.2849515856452434,4.089102130606628,0.8697079208741829,-0.1287779348056086,1.0472413781733896,2.4915060007484433,-0.05631583451939382,2.5615934148789226,-0.08368601950748031,-0.030050817307435796,0.402992047874319,-0.03632743056573161,1.408897718472909,-0.03685053933391366,2.1484782638628093,2.1866153833502153,0.5113250677111965,2.3735118258483756,1.8095952456058138,3.55744695837749,1.8239331922008026,1.1103882467375885,0.2826214567869689,1.817075742749151,-0.023190455792108905,0.0016679773353462692,2.507036959103569,0.9685250821040587,2.6605146316318713,0.5194759250677362,3.0632769586014,-0.08302964817988068,-0.052835920161145924,ward_k14
11,a_5b,4.929595763276497,1.0382415767351367,-0.004575475031822079,0.16683081462267818,2.839959324446894,3.3188060757239133,0.4830239157204278,-0.10072149322654628,0.02923811707813507,1.425246358899243,-0.04352598440662176,2.654277135764377,-0.03331794724842387,-0.045291715313486844,2.1406634757706247,-0.00927605374760752,2.558932753096382,0.006967817205941253,2.2016200902719287,1.813218559978241,0.28895751638195877,0.9568102893208792,1.2211847459220442,3.9349350860000376,1.2766275491625443,1.594175213247952,0.007478816350772648,3.564228833232383,-0.12407509373285272,0.1776496614702085,1.9151993891937225,2.238220113027712,2.963621004372724,0.39137700582724644,3.3044537451974625,-0.06260458436326312,-0.044267760181440755,ward_k14
12,a_001,3.1405697171904006,0.5285671961020109,0.38843437469493836,-0.02602480049247327,1.2127319960323315,-0.03653797638157831,-0.013891160666250688,1.5342435078189385,-0.004790225031269863,2.534549847952584,-0.024028408194343806,-0.06466734135183116,-0.12142034455331582,-0.07629576727597691,0.6789542327310698,-0.06459743045673852,0.6078574357597202,-0.0390133983575018,1.431238929469131,1.6674499754642838,0.7326769559126105,-0.02361218502416869,0.04591293354845617,-0.057505575909535714,-0.08123687888094963,-0.01023020845598676,-0.12190610511445354,-0.024305704745961217,-0.12281120289205505,-0.0043385399918663406,-0.09123380188212363,0.3365840424236014,2.987904913220535,0.15282248498517667,0.18743442116135223,-0.10386345457607613,-0.1034140129940023,ward_k14
12,a_002,3.417738521540035,0.29857691360937566,-0.08068069405544744,0.19781051376981942,4.093805895422402,4.089754756916033,0.050675543561440585,1.2827642480982442,0.19765813719604441,0.29655420532311577,-0.05847827557145206,-0.08964974400461745,-0.04383659580749747,-0.09979131230419253,0.8609917137013314,-0.04239553661982117,-0.064743528535609,0.6265977534619793,1.6706187622918618,-0.017988662610651785,0.7784278439188794,1.4314521408938554,0.7821949673477018,-0.0919782715742011,-0.08611093818903831,-0.09804157452791942,-0.03376313473332929,0.7605714798867669,-0.027933299121176737,-0.08178800168129106,0.4537360370422416,-0.037914105936385195,2.1735788389000708,-0.06491485050828383,0.5905774110314826,-0.1072988702648726,-0.017958169636563485,ward_k14
12,a_003,2.7988645534138707,-0.0871294355068445,-0.05460044023375552,-0.006664924898319012,1.652641319754791,1.2518765888610732,-0.09580545899358815,1.545153932598912,-0.011645892016989092,1.1942732074307347,-0.08721033926343519,-0.061487832244004594,-0.061736364737165574,0.11230078358027258,1.261080506806536,1.399832897792065,0.44494519085267625,-0.0687383721499029,1.1344711260941134,3.4341719044624193,1.548556441081438,0.30335208589060764,1.0907029216521473,-0.03151225720826694,-0.06957521017888788,0.01730728766515792,-0.053522135218059805,0.47442596456604424,1.5319638412168133,-0.08209640964722734,-0.11299991606869161,1.2564257225334288,3.4991552393057685,1.1043882869570112,0.9271568151208489,-0.02797239701279808,-0.037262705893218784,ward_k14
12,a_004,0.18413098841948428,-0.07014886473913899,-0.09655481705062458,0.17504984720628333,1.3325881411983285,-0.037069237222456725,-0.038206073521299004,1.2395064819436517,-0.03257965679241009,0.08404127591262446,-0.09964676637179529,-0.13629957943181387,-0.10923429234905335,-0.0919424823328418,0.22024696806084082,1.0567579230068405,-0.014902989455406265,-0.09799129790900621,0.6976742118923466,1.8538481034409198,-0.039850054618782896,0.1343653971285506,0.0016562628233796114,-0.026716126918947647,-0.11717482287494924,-0.10345828101762784,-0.061873432082507576,-0.031803091855010436,0.9092585805214795,-0.045963819215459445,-0.09268308769778201,0.06723836475716127,3.4172993159512686,1.2297158836004551,1.6124304920699077,0.13635414702434356,-0.1284275083889864,ward_k14
12,a_005,2.1195114825342696,-0.05063553091892367,-0.05084040639804697,-0.0793184426606915,1.8434509256367044,2.527166688456254,0.3178080606353437,1.4656134024145455,0.10299401357029037,2.6615525915432334,0.8286986460227959,-0.0847424517137518,-0.044103340444495806,-0.031394046704677506,0.5762991641757267,-0.062015529133789736,1.5186615235168923,-0.015803290618542874,0.9216941475695604,0.530131109637374,0.5954289414453096,0.2566578521995665,-0.05453425687779139,-0.06900065665989513,-0.0852371907494758,-0.0116820590898551,-0.06910740052168897,1.721007461046804,0.3436808743893685,-0.033859005242410714,-0.07937442502175093,1.3379906063112832,1.4944165686593336,0.04202107846569092,1.5884512736968137,-0.10555923888222224,-0.09183876117479564,ward_k14
12,a_006,3.136778486764583,-0.03937452731581501,-0.07720434950951668,0.30474295073013147,-0.09066692166542767,0.02509243724845807,-0.04680318411388358,1.561978717152725,-0.05947668413383883,-0.03586466119612155,-0.05303306527357221,-0.10535480733677766,-0.018376584904841033,-0.0200746976012421,0.9257828613927727,0.29715858673377726,0.3820185253310364,-0.03898279773736966,1.6422137261560001,2.401909887936342,0.12458966695648349,0.01984896374361246,-0.03355870680766027,-0.08221469349571565,-0.062173994980050586,-0.03763060211688108,-0.09595812995328049,-0.09488209727168409,0.4875010801287589,-0.02047148780407331,-0.07155616553120056,-0.0182393426045643,3.219197183164612,0.8925524666556164,0.451048725796322,-0.08053225824451335,-0.12167003111632488,ward_k14
12,a_007,4.005037721795315,0.5446764404331257,0.1590885654353586,0.5494337927930253,2.7665637434922914,3.947002323594498,0.0012338886026271845,1.2339789856012147,-0.045803219862068964,3.4770038856014267,-0.0221770320510915,-0.12493250539628044,-0.05882665690198077,-0.09007315187851542,1.3362735088495188,-0.012797158703612347,0.45659774789877694,-0.06381478879989588,0.25300843791041255,1.3105513391925336,0.7352384907491083,0.2516657168027739,-0.08199152372304293,-0.05457943768645139,-0.13724271050560746,0.08767596753839886,-0.020662696167155388,0.08642830567611053,-0.01701962029984163,0.027736660218668874,-0.13758012276510664,0.25960056166579537,3.62856130056747,1.0034991973196943,1.2090279148706269,-0.11178635040583085,-0.11037151031958359,ward_k14
12,a_009,3.9209598165463184,0.4158567745695977,0.19101512455853964,1.0447990927075237,1.6125856350158037,0.980313028132121,-0.04615297189153908,1.1310945757414057,-0.054382674510085785,0.0781544606731663,-0.05995020075145566,-0.07683814377711892,-0.07078916253222342,-0.1329162967477221,1.7663696638535287,0.2731681282151462,0.5328896201627629,-0.09093820715050085,1.2906622946776207,1.6099700452479992,0.26683806738697924,0.09414496434766975,-0.044655548934565706,-0.06919188253447481,-0.13828524691929944,-0.033050347754936905,-0.08192984600313036,0.2523311733967341,-0.03457744162649602,-0.05424824318081109,-0.05492618633540075,1.2321762250288255,4.300237119722341,0.7424214161835876,0.22972020445317332,-0.04139400966086321,-0.07623481062658946,ward_k14
12,a_010,2.701099873460642,0.3764240462472751,-0.024673245781342664,0.627262596571624,0.310341417396094,-0.04661801934021677,-0.0999481291477905,1.1548403622212056,-0.006416059223351686,2.8051929980675996,0.11019820138454033,-0.07633627094534323,-0.07616841182501381,-0.09048136694263902,2.1767155947591346,-0.08264150954180872,-0.005299660714810717,-0.02328350716770517,2.083989981179624,1.2561002113455528,0.20698006166099656,-0.044113831607273064,-0.10112341742563984,-0.09558009529924516,-0.100350277885787,0.3549550981919008,-0.04169046664092305,-0.01822985020526858,0.8418578984633963,0.04028568365346256,-0.05454895890100581,0.5609772812683522,5.592954523808828,1.791507091725885,0.7126894516000942,-0.008527998819967145,-0.05595010381012911,ward_k14
12,a_011,2.538667919198845,0.6697516116153347,-0.03992138992945662,1.5136218219853048,2.2325791484669946,0.4301930490534131,-0.060334340055973094,1.0221878363849695,-0.03668227923660891,2.797802894838004,0.500937945708184,-0.08128031527105685,-0.04147783213185474,-0.004914580245839989,2.008364469179671,0.6648610547463346,0.13284645796550903,-0.022331582523064095,1.7728742950794651,4.449665108351334,0.31158393409868546,0.4657921015551369,0.3344537538732766,-0.04240073437382551,-0.0061064392806205285,0.610803634844546,-0.07095103419329976,1.4631486216198353,1.377572737656214,-0.01336765561028776,0.058087525439518645,0.26065376943026053,3.8716937041535737,1.023302816222133,0.7401743849581427,-0.06539403649615273,-0.09644587642512832,ward_k14
12,a_012,2.146668891342418,-0.006441390983043434,0.09417845921658605,0.4743046711298158,2.0619208080999245,-0.009715345091412596,-0.056674531806582856,1.377965903747044,-0.012867217850568345,4.65429295173022,0.96567271076432,-0.09198756273725879,0.03351973520569279,-0.047980709084298925,3.3516619407356636,0.34500586084076734,0.34689138252999197,-0.011654735924551074,2.1845643858663477,3.6827209547704243,1.0108438460929352,-0.030214358239951375,-0.06248049088212988,-0.05230696244413105,-0.08847580998472092,0.26641961522018975,-0.09126445330689698,-0.019201235799907124,0.9678481510313051,-0.08084892572653282,0.042560674117590125,0.35862033427321593,4.229310310610373,0.6986783882273246,0.9346774027596623,-0.018109415532786072,-0.08612196634803006,ward_k14
12,a_1a,4.827177113209046,2.2513801756070473,0.6846833148849725,1.9058310546359183,3.4075142374582565,1.4332890582510114,-0.08279515996537815,1.4941139878680028,-0.05455044155048294,0.8155803682450004,-0.07970101158778839,-0.11793996908337051,-0.04022663737626002,-0.053922198965200056,-0.10344995382418636,-0.00194044874335941,0.5032067525434292,0.32720530852966784,2.113261062947326,3.0162809158394364,0.9514520316144677,0.27526432057779915,0.027959506057315897,-0.034738369192292465,-0.09024105066362563,3.0260737057394187,-0.02260494495730944,0.33825446869754927,-0.02093767756931254,2.452487192284902,-0.08953894229402899,1.8250681349940991,1.85504067765585,0.18221604948860232,0.6919637260917063,-0.02489514284922874,-0.06925468735518837,ward_k14
12,a_2a,4.423443001721196,1.2100364541416289,0.9238657350739552,1.75141958329794,2.136522613157575,-0.0019790709138104196,-0.04098021957580384,1.6340039964502477,-0.05379416653629626,-0.05648946003371643,-0.03869955086194258,-0.08310851063203019,-0.07225150895882146,-0.0679074684859262,2.2583460275796514,-0.03590034618582945,0.3814510882311976,0.25723871506095386,3.070277399952145,2.934647500134002,1.8208301508476659,-0.018335983868333874,-0.04251885369590003,-0.07911260283907351,-0.06896886509471183,2.0702357506543545,-0.09460724932896807,-0.07626183290512613,1.097001506491123,0.3264700726124695,-0.028681422686906287,0.3184064512100714,4.15353277198562,1.9823493783164263,0.9372347252169402,0.021378319193917205,-0.019226911669112945,ward_k14
12,a_2b,3.458576908824885,1.4941191164758527,1.299586667660373,1.800558114699609,-0.002491416998670889,-0.04777102958474869,-0.07212885834716637,1.5363405325935797,-0.08377454349336493,-0.08501656988396453,-0.09617446279953487,-0.07572945641251164,-0.0997628665248663,-0.062497953597530645,0.376324088622294,-0.11669515689896372,-0.055312218762179274,-0.0415621506789134,-0.06503792317388277,1.1469974429439316,-0.07202652680335897,-0.06536796157065593,-0.05269830950701658,-0.1303180389275238,-0.11758100821337451,1.003628105372431,-0.024693377077612513,-0.05125114469426256,-0.0735109287050388,0.1660131843033556,-0.022905251171938788,-0.06585586577641597,2.162322745687049,-0.0704468295473816,0.492438213491936,-0.11073761894202895,-0.057994918760607236,ward_k14
12,a_3a,4.573464966571977,1.3293991162663719,-0.10717471853296709,0.9932917943464458,0.1917663376623136,-0.045238673521339215,-0.04089268556023324,1.3871232607921709,-0.07574380502955064,0.1562354572584235,0.07571568550051556,0.004230011992030519,-0.07648919203292168,-0.014588021827012448,3.1215780606564003,0.2681381501827333,1.3072631993550696,0.20721377268398208,2.5706346185087563,4.473364266310538,0.9935918280650282,-0.07161320698182122,-0.037751014731228216,-0.10048434261873684,-0.059700082839384605,3.3283169378008832,0.8749233164794644,2.0206523092465964,0.46614872913226724,0.05102894751202856,-0.036282348365763786,1.0768436446810115,5.173954963848509,1.442493076733394,0.49718919587511023,-0.019782371843417062,-0.11483534885863562,ward_k14
12,a_3b,4.63336804574479,0.6370405103577834,-0.058533203360930444,0.3716905996829654,2.8019945074368207,0.698209010235217,-0.08768459293242847,1.3016366872806768,-0.11220854418978624,0.31239165183276246,-0.06161455312257908,-0.04336218225993525,-0.06127178712148164,-0.12613784815244217,0.6877363598784767,-0.07861059249135804,0.8523429276729502,-0.09589562130192049,0.6769511361640412,2.3296234175659216,0.6958261869613744,0.02919763511965249,-0.1477224126821381,-0.05704800976741726,-0.0738457726810027,2.5861148961902414,0.1618899271555055,0.020978483981448585,-0.058674941863606,1.060394002597444,-0.017715963212244903,-0.03651909855871514,2.183561945189618,0.20094203195276217,0.5161850513098107,-0.0947762035682421,-0.049875085529803825,ward_k14
12,a_4a,2.815600540262372,1.8493776284850343,-0.017969356502809255,0.9294803426826344,1.9951039447389824,0.6916522937917075,0.5029307450062449,1.2671348347141587,-0.02072760155926356,2.072396532477478,-0.0869995607788521,-0.11909491533029662,-0.08460257355037,2.663994215881905,0.7261908380621976,1.0276476490817652,1.5604890524916362,-0.025840795017344906,2.2069658101269476,2.844641479426651,0.656400595787768,1.522381822287282,1.813612190557971,-0.03515932920932667,-0.0546465590529024,0.14234052632643246,-0.03996374695993624,3.445145542339675,0.2998970475540077,-0.008083032715158636,-0.09422809672461635,2.8254975491961014,3.521512967931803,1.6075451238642635,2.8967485837222484,0.29609421585624035,-0.055834246500227336,ward_k14
12,a_4b,4.553087417769515,1.9083062715937138,0.5381389573549077,1.5311967105676074,2.0672682554031057,0.1487397087294195,-0.009532499312166163,1.7415665320229508,-0.0632692246880677,0.2924513398174734,0.0796223660642675,-0.08622739693448411,-0.017693445997551127,-0.013569671422417346,1.3688382255948146,-0.07713805584674632,0.6379360068778076,-0.07275934146883692,3.0356049823298594,3.584042675403146,1.2304170663299014,0.4190698793031048,-0.02102393826697199,-0.08584835281670695,-0.07961822442101518,1.8281907593220004,-0.04458315788257623,0.21952390413965814,0.8822751598034742,0.4080470121285077,-0.046392509881931686,0.5082068509250725,3.7314078104929473,0.8359809371077491,1.1431752136951787,0.17203841745397816,-0.11484775600252402,ward_k14
12,a_5a,4.468667309031207,0.26094818428554195,1.167478711214291,0.09372860583260265,2.038528214254791,0.2107388906350979,0.3619637702851676,1.452771355900994,-0.019640105424863826,-0.03755996674419503,0.11104471929991297,-0.1641390819887153,-0.04953430644230525,-0.03583258353166948,1.9200471920615116,-0.0738695137186977,0.3649266123757052,-0.08652092011984436,2.510627713105308,1.807515386184903,0.7149941701135627,-0.03430331788943608,0.8121568173309044,-0.04035888420637808,-0.09518169352194202,1.9819160201788486,0.08538384902643978,0.9664515032915187,-0.09922576535754149,-0.032112374935719196,-0.05767528117880043,0.9372855718419737,4.416466367454198,0.9573712507604828,2.1769717635490946,-0.11896248322325526,-0.082340368971313,ward_k14
12,a_5b,3.4587547024017384,1.1306039125952208,0.32823867909464177,1.220118012211282,1.6648654931313547,0.1149133401886266,-0.006421801267523558,1.8482914959071781,-0.03815716765985741,0.5172782160208125,-0.02897901228149131,-0.10197772079951602,-0.14378451195397401,-0.058157371360915595,0.4123440500000338,-0.04331301870852096,-0.03740020441266494,0.5368663951878301,1.9859163384487497,2.79276756479375,1.0553078484879284,1.034303799511323,0.04929272281100369,-0.04082315266676439,-0.09202634314531531,1.4568410907632887,-0.06853269624790731,0.8859419913932721,0.24028295727266885,-0.003471613034975672,-0.094101960732354,0.2784016313184725,2.85161365548967,0.6694739484000847,0.9711378215044543,0.006575812691872061,-0.017801755678277183,ward_k14
13,a_001,0.4513576427561792,0.4790717539548969,-0.013153820397255996,0.11551782738540323,2.971770144440129,1.811880541152324,0.6614531359301989,-0.044368043955347464,1.728560643589921,4.445893158831899,0.7042794724864262,-0.02591990262964063,-0.03833518380771865,-0.09376711394524744,0.44290107590159544,1.56465126328161,1.4421328584605098,0.6730595552486844,1.7602631248697354,1.4963077776698437,-0.0385173947759325,2.28048352312446,1.689974361532822,-0.05027477952769648,-0.06984284016721143,-0.0649474199586503,0.23520121408353237,2.3757950571211457,-0.02825906250827783,0.3672419342408068,2.2931826762452276,0.2718088026016252,2.4982159568016633,0.5225019452058627,3.2583419378436087,-0.11076341245516078,-0.05160691317506591,ward_k14
13,a_002,1.4434011336534807,-0.005824600380947134,-0.044107141535041895,0.2917826731755019,1.677179837773045,3.5212358258801477,0.7320774181081781,-0.09014724578622699,1.475937534137709,4.628565720697989,0.7462055953894535,-0.08834879786709197,-0.02827832499291169,-0.07933568801798305,0.6793492766282543,1.2168079637174343,0.9679698490341241,2.2353264008144684,2.051262004448656,-0.022867532800540633,-0.014253795280781948,1.098081208162068,1.2945700319300006,-0.07207008007560588,-0.09785383580939566,0.19316499865450332,-0.009107992785981024,2.4955149993255836,0.2931627259143359,-0.03525044102661829,2.4713065082176726,-0.010567501944094521,1.9040136617367414,0.044044364325933116,3.4750600462441557,-0.0019101067938297174,-0.07292772940952666,ward_k14
13,a_003,1.0886653995916813,-0.1034319282851425,-0.09426495032467908,-0.036649822531175935,2.9521738794783428,2.395893363425815,0.23198109159791774,-0.10525441174469646,0.4669381135396502,4.432334703656679,0.8988486712658919,-0.060369291806371926,-0.05623865958572394,0.1478073082141446,0.6462866048522918,1.8399409982254546,1.7350804674549427,-0.05586250502616244,1.0947046802385527,1.9476621749504783,0.04702090790826012,1.6330545792716902,2.331863900802704,-0.002414234956826605,-0.09629604897869046,-0.05107573441700512,1.9301640319512687,2.2235842305859834,0.19341628411501324,-0.05094556414049746,1.5287692355632774,1.385761674612851,1.9491702818792236,-0.021776865332010804,3.784206337539663,-0.06667590824619907,-0.07788516226702702,ward_k14
13,a_004,0.48113650141861286,-0.07583583509806757,-0.013282703941262138,-0.0341770898663495,2.8927322915591085,2.4994764007270818,-0.027078372759451786,-0.11393238885543785,1.934297484858695,4.256802195108381,0.9620001933763389,-0.09334091709251452,-0.04816238579488552,-0.12262750831031631,0.7739443488594648,2.1986439159697286,0.7519807464870523,-0.028668638461400844,1.4337717044964013,1.9598363709137048,-0.005207902574267099,1.5025762751326361,1.5814027459939224,-0.06834386195353491,-0.06606386169270709,-0.022415743054942268,2.0394214650279268,1.0418991045726145,-0.05116702510960089,-0.042350498431860124,1.310240511273748,-0.032609241748386836,1.6494187866615682,-0.06080873443291626,3.634300144271415,0.2587976904992201,-0.07072702558821675,ward_k14
13,a_005,0.1780279199731342,-0.04194725134057968,-0.08515494750554706,-0.0725024604624873,1.450639745287115,2.8345594056685477,0.20662180112410133,-0.06650909628367305,1.9680554678953246,4.917746173948519,0.7052290255843591,-0.11412281938924862,-0.0011875650848042405,-0.01843915845737284,0.5396779225857349,0.5546172541559935,1.5323841884831688,2.463215466938576,1.9119670127371857,0.3306802004896993,-0.050203189346127094,1.2169975634217038,1.1630545833158104,-0.07314183617308297,-0.0894002705211838,0.24237974186530725,-0.0902246670970838,3.1530605612925706,0.37963083395671526,-0.11960845476471069,-0.0045956554173814486,1.215687770502858,0.977251100862248,-0.011672961861598734,3.9549435932335704,-0.014066892363686108,-0.03174927570792184,ward_k14
13,a_006,0.45146672746195304,0.30374680164857354,0.09769787818773268,0.7522589699745242,1.4221353055665062,0.2610536653680049,1.4783012728176739,-0.06014343051664812,2.0405553864350425,4.338922354052689,0.976624632218339,-0.05078769616641847,-0.056038496260751,1.325522115469708,0.5155284532911413,2.0231730504278493,0.7857566396831244,-0.045575642942373,1.8614503546813967,0.5369245265311551,-0.07567149329278491,1.6481639379589148,0.4677213294633291,-0.07641704421254282,-0.06461345708444496,-0.05555256563834689,2.921779020872445,2.065112911488051,-0.1838845693982996,-0.07768143490672183,0.26884880644304626,0.24636938224093907,1.785306937621195,0.23984583830118997,3.031784826649771,-0.06949152317513027,-0.09239690888865827,ward_k14
13,a_007,3.429898818346011,0.48683017830750425,-0.024821170503319064,0.56837703685506,1.8657100667955342,4.7121006126236225,0.771024076541711,-0.09704857715422467,2.074918421371196,4.051236643859105,0.18852596565560686,-0.08885380550949838,-0.07370404886987575,-0.0637257354637695,0.36970686345375137,0.30679264237496723,0.45164473789937565,0.5984077379223612,1.5630155836804789,-0.0038878275859460026,0.38756367585764945,1.8227519115918573,1.5005240077201418,-0.04238743958575511,-0.13656887982085036,-0.0009250888212799424,-0.08089969233104988,2.9619988883493766,-0.015279702834658123,-0.05265158469835825,2.3220427150830063,0.7999691109846716,0.8058246759282987,-0.032701218868639706,2.819232664823295,-0.07708080634595552,-0.1201077484343006,ward_k14
13,a_009,1.6203474511360303,-0.04616391834758867,-0.07723068887299747,-0.014711437937733721,2.4857620648930445,1.8379428405643605,1.441160596399593,-0.1235573385759921,1.5105517877723107,3.012965593526992,-0.029395581564121767,-0.044888884032440936,-0.00017080921596676957,-0.14068199594774,1.0563853805170558,1.9912471295682996,1.5730690818513937,-0.039855507690599055,1.5973189872458455,1.3212388563769613,-0.009523326003070482,1.1219784167363267,1.5307275384655628,-0.052723844417576625,-0.1069040528208616,0.3246618812159579,1.5060240738775947,1.5004774074812866,-0.01747550676517658,0.06845757399026094,1.0380818665656466,0.3798917438182956,2.494855593533854,-0.01242820365373146,3.3028751827718636,-0.08983538833850825,-0.05237840595813381,ward_k14
13,a_010,1.9678873174003428,-0.06442612991516225,-0.054639857577292124,0.3921761839910012,2.3509490603020318,-0.04260326681349087,-0.016776005803213364,-0.04932870112773602,1.5122141372137143,4.515665278004354,1.0377798775077418,-0.0598166128603393,-0.02491277389013289,-0.10005112317828108,0.8890815626291255,1.6180618884584919,1.3336309962285748,-0.11564717473403581,2.471280591035792,0.3425566210184744,-0.06832389549749095,2.068168600449577,1.8765465180383671,-0.06702620562014476,-0.10303289660843658,-0.022419042365673048,2.0269063419899482,0.8582829072745477,0.78930514292595,-0.025874680849778953,-0.0335793656595968,1.009019575619302,2.732556414472021,0.15356616076950463,3.0815465145464613,-0.07833987606390891,-0.08261228981832028,ward_k14
13,a_011,1.9381841812645466,-0.012977333545910935,-0.013962724301335569,0.16905681926808924,2.112571604955736,3.127336525759883,0.5355926554564909,-0.0695994329063031,1.531056566981349,4.502534034161597,1.1029014421085308,-0.08976410276963474,-0.003488043180769825,-0.08428026062824073,0.5336529132671279,1.2618346410512924,0.9903006170940044,-0.07830072735829266,1.1449411511904213,2.6730692392748456,0.11185316311179334,1.1306800777773658,1.6626922849564751,-0.08935946383562726,-0.10405412693761025,0.38000022366077074,1.488784325458866,1.8639887908646686,0.5875540656303685,-0.08511595708241686,0.47047026358721455,0.6800797904662912,2.282238255338296,0.021124658026054146,3.6351518466157393,0.020704717803531017,-0.076400049295181,ward_k14
13,a_012,2.9024181940110223,-0.054180889954549505,0.03684709389075005,0.6320939480356645,3.476405076667287,1.6655523008289979,0.1232965189901587,-0.08332689051102501,1.0248202058134819,4.571103857965628,0.7593090822315345,-0.057027145523871496,-0.03142393705514922,-0.11556782344867073,2.221421909862496,0.9905429595675117,0.4969099465485657,0.6675614212740256,1.7895527677213592,2.3527504309246816,0.887257018349243,1.2428162619741867,1.0703886011462822,-0.09019769851732953,-0.07236156126215655,0.3840023041099753,0.9366531899059968,2.6838041529933987,0.08295920340127154,-0.12882322687087586,1.728428337466563,-0.004676855442359447,2.8311238700458223,0.6217636312776408,3.1096500818989323,0.37739157834762166,-0.06870946661902887,ward_k14
13,a_1a,2.1952455943456353,1.2984710823384187,-0.0060693822695674455,0.0010671780281700156,3.690484371527791,4.9495035121279605,2.2329679408623875,-0.1324793575117025,1.8888105825549586,5.017338484200385,2.1809200569304377,-0.15820306901826175,-0.1255118930518916,-0.09121733582654723,-0.1264934681215514,3.531954329772004,-0.1471045374325675,2.5842410976730563,3.094015550115512,1.9628767771412878,-0.1279552630848219,2.614239162818067,0.4810207892881727,-0.10850507238279498,-0.04128193635324047,1.8592968195786932,-0.15830392998884574,4.182518112555013,0.5632783045849896,2.2775497946256844,2.5219504296468167,3.935168395600699,2.4631512827994566,-0.09486194658143304,4.4338854601138635,0.029128002730231802,-0.1470962232928226,ward_k14
13,a_2a,3.5947582251996866,0.9574212993492011,0.25420411809833404,-0.12368829495732483,4.055785120431046,0.11950179888237818,0.3453879518639586,-0.09762836618230403,1.77000275644097,1.6628906329882271,0.11119571816694616,-0.1469752224027757,-0.04849301207857668,1.3916852192587625,0.6687749961820668,1.1113757336836825,2.246116276317733,-0.0649084531438334,2.3666015032902243,2.5946279109363672,0.7798143661488859,0.014088082428628204,-0.07153039422811418,0.2807758012037215,-0.0875838535453459,1.3150572184210811,-0.10349598667051445,2.5696088764633758,0.5469904560855048,-0.15931687311198203,1.0049752901372608,0.5354779158781019,2.7284440603323925,-0.040099537794774126,3.6061494896987805,0.500379634138983,-0.17010873028238283,ward_k14
13,a_2b,0.48989639540509167,2.159036449959478,-0.018144635617580427,-0.11214451962784296,1.7573693388499645,-0.1423485747240103,0.512645099550886,-0.19078806829534536,2.5890164804206917,3.5917932947883715,2.3123186344578013,-0.053490845856842356,-0.19716496130258848,4.409598585151077,0.6011807387541744,2.6000662236690717,1.504053018347623,1.6568517048099638,2.6346838322424935,1.3599050944847217,-0.14888599431772653,1.814889198948243,3.9521678401276668,2.0127516650675976,-0.042694060449940716,0.2470686757652924,0.32220527605285953,2.1090204325213575,-0.01267741339001329,-0.13327529042989747,2.76582915423777,-0.16735222623048582,1.9659051089711919,-0.14586244667431975,3.6448898578815307,0.2386130156975571,-0.01755044066381727,ward_k14
13,a_3a,1.4504582166889888,-0.034607137265452906,0.36099662013002615,0.31764649841607945,1.8148634978174987,1.3086162383919298,1.3347389392623095,-0.05659741309346588,0.9871875835076833,3.5105787480861377,0.07876541472281924,-0.06170342571043848,-0.049476367682085895,-0.1243015064000618,0.5507454140494948,1.6876990751312877,1.1038449937578299,-0.018994731272780847,2.084558588167052,2.114917439129594,-0.041414914261744276,2.340917762730707,2.2456662921528387,-0.037430050925320674,-0.0903683536032053,0.12119268608538034,2.7202561995666805,2.276557408624556,0.11884511204658982,-0.05177338810052343,0.3754467081297752,-0.050768901828918564,1.8558127985708404,0.24884064356943697,3.4032426090859955,0.05319158130213944,-0.07275197274616371,ward_k14
13,a_3b,2.7868512421816654,0.2586324522851975,-0.09632211050584029,0.7745210461721334,2.498426564102201,3.7713836301358246,1.9158709705975934,-0.0911362828229332,0.3014468292990844,3.6324022637300177,-0.05139017417367678,-0.07062425421743038,-0.07908261423460425,-0.10465426209192487,1.43004125207294,2.5719618346561073,1.8870590198758117,0.9102667847410011,2.59673215270275,3.103385826810679,0.5557488284464202,2.0981215391175034,2.7097555154162847,-0.04248196789707403,-0.07002316799599947,0.14381595556555576,2.400744900249116,2.763325846886956,-0.033429961076472836,-0.008710206430979556,-0.011749763884905349,1.7301798808316156,2.911289219020193,0.1046951650096843,3.65100974024231,-0.0816693443541811,-0.04519565889536086,ward_k14
13,a_4a,3.4278834230605892,0.7277830390913013,-0.15455255759817527,0.03615048135971476,1.802631207735804,2.4619671048448977,0.7937958320410732,-0.10009510391721653,0.9039810288811002,4.5715424171658245,1.1251232476713877,0.23860319488575144,0.8358028320581566,2.09811520722097,0.18055125251447218,2.078542816362402,0.26676517857840926,2.012665929338787,2.384926817035816,2.0153397637685053,-0.11595161229408413,0.33581547049186045,1.4209003679469048,-0.04265930714842951,0.1947392244789508,0.606972339483163,0.9601508558559052,1.7980462853495762,0.10799170481812112,-0.13819235430091514,-0.16285256804709888,0.8250462641622878,2.859798888154467,-0.11853372198660425,3.7670116423749267,1.2904918397984866,-0.04213501759443948,ward_k14
13,a_4b,2.447815604458604,2.633933391659253,-0.010931809813901863,1.6532453225210542,1.0747448283573173,-0.18385005030211796,-0.0003082225981726033,-0.138246091069645,-0.02691088042052352,1.3419082708801207,-0.16678388295930247,-0.005254612151554741,-0.09761776751988029,-0.19567343078382093,1.9471449820169795,1.2134418277156334,1.1902615532481833,1.018965791874715,1.5216309128972136,3.0885943150177306,-0.0832625857253385,1.9980702774741528,1.8201763998214069,-0.0978281678356226,-0.02028619681439643,-0.059242100602157975,-0.1731701085687072,3.4182128839465022,0.014874267461466414,-0.19386150992760798,2.8421589578454163,4.592286994096367,2.346521653110676,-0.17064934879495575,4.977077313128462,0.3246310477768803,-0.05620819130060152,ward_k14
13,a_5a,1.8393390284444955,0.22427893831295442,0.24635786795158626,0.28959210290226833,3.5246881899023577,2.8389334632770833,-0.012116608689454259,-0.10210164834530644,1.6105427162171453,3.6960042426627178,0.10582745597996783,-0.026991079882137725,-0.1020759749253082,-0.06015841523349183,1.879238238431995,2.1623520797054288,2.3206150843407762,4.052836009927072,2.5030995213053657,1.1975374361098567,0.6296104306373411,1.3538296213921295,1.687352676202725,-0.10349001939680093,-0.06062114094012182,-0.11237088855945071,-0.02566136929599535,3.858270255250463,0.38733023413004497,-0.1273101288868178,2.249662682099369,0.14615725414613157,2.132730446895474,0.4032296115157667,3.8942865927066794,0.08058046481663383,-0.06701411623893822,ward_k14
13,a_5b,2.3833497191689594,0.15892415390401088,0.17213618162015948,-0.009393053958016937,2.879201360803675,4.205925712707885,0.29489595379298617,-0.07087327287306255,2.132354075869857,3.109008959387832,-0.030048771517948457,-0.11499854764944062,-0.05815678227143578,2.672551671604328,1.8128774888612176,0.760789275938236,1.798929016813252,3.8648007779069657,2.397030382054391,2.353439963772331,-0.03874389029494414,1.743676322654913,1.4417585974548381,-0.02778879070545615,-0.12245367853364789,-0.034822325241138714,-0.07471811042175847,3.1912073646005448,-0.010361086714871737,0.1882034026830828,2.8579806951373383,-0.04161241352798397,2.6361435673386393,1.2715857901466405,3.4220638790525557,-0.07191124611497433,-0.030313736525800966,ward_k14
0,a_001,3.1480430299295112,-0.0035240625663409174,-0.08009115362568392,0.31459313818413814,1.5576622731652412,-0.07233142656485601,-0.07851860493871671,-0.09723541378055904,-0.07049312272984493,0.16829622326041005,-0.07289485545957265,-0.09092891975284727,-0.08617196700228645,-0.02846786299134824,2.660477658179377,-0.050177567785096924,-0.05776773485527983,-0.07137764660253904,1.9251506816859059,3.867859960718192,1.1305141285134441,-0.06785040933121621,-0.09955169962600047,-0.10637057559672645,-0.09794839210760517,-0.03887052632172178,-0.0839652509598731,-0.06487528347180264,2.0909357246052105,0.05143916998307993,-0.056969488267597394,0.7703642715993007,5.927092431947879,1.7830947691670362,0.28893121280853384,-0.04108662560186865,-0.08795125455124758,leiden_r1.0
0,a_002,3.128972682758307,-0.01472490164709106,-0.059807097668869616,0.29210624183519807,0.5150371930849957,-0.07065012032501708,-0.07034027829980036,-0.09904881780253813,-0.054376696046039855,0.23439063168180374,-0.07243122556239281,-0.07427072316023153,-0.0779229399308826,-0.058195551591249645,3.0080736108751194,-0.050149304342079024,-0.019386365852065768,-0.07742598998725449,1.916920008965835,3.6989316492152837,0.8432132627512645,-0.0733135269867718,-0.08882578437070407,-0.09836688546470218,-0.07102751286443926,-0.051546355160287105,-0.05623719587545853,-0.08716551505354625,1.465463275554311,-0.04605906327449249,-0.006728214899628948,0.87364576103579,6.082336923390798,2.040956490195581,0.6860988005970869,-0.0597125536914167,-0.06550966699929436,leiden_r1.0
0,a_003,2.2483529383684955,-0.06454886630385889,-0.08864493563715398,0.19085240219929195,1.2268563596022948,-0.0644554085365261,-0.08674250279034659,-0.08320180504470719,-0.09171010362285287,0.30437736156998996,-0.06517667028483932,-0.09021234874152279,-0.08684906124245123,0.30269985633454,2.5055562691391327,-0.044044482932201076,-0.02247501191701457,-0.0603484714227106,2.3467849517625634,4.981350404770918,0.9702056693551556,-0.04416078045104638,-0.06725013614676131,-0.07633830626472829,-0.08138762697901994,-0.0569623292295642,-0.0604117989985541,-0.03332248742991378,2.4143153485593647,-0.06359769818986526,-0.040161167282598886,0.9995142469873536,4.643729207166942,1.7550743026880058,0.4478871407721494,0.24090037550526366,-0.07592850682279452,leiden_r1.0
0,a_004,2.454149859849422,-0.05737213892181034,-0.05032084927475874,0.6428604889285625,0.5555607098257969,-0.0914001317499269,-0.0927800484815234,-0.0963246972588677,-0.08571550273893573,-0.03371697150272096,-0.0838568305627792,-0.09940967369671168,-0.08933707984965847,-0.01679167663728905,2.441915572293333,-0.06680113589851201,-0.06930571406146764,-0.07670367071330889,2.0979788734275466,5.094462913675946,0.8375258031394208,-0.06263491321540669,-0.0883387104278627,-0.08634894193267136,-0.09750081397546974,-0.0331673813118571,-0.09191287715518695,-0.05372689264705011,2.2231855011113404,-0.048635112412751355,-0.036027939790156484,0.2914169120503137,4.868837906195993,1.6134532785186415,0.3438451932881099,-0.021414450709243738,-0.08986124173746511,leiden_r1.0
0,a_005,2.544751600701883,-0.0800602931895957,-0.0645652129606823,0.8748208137399626,0.4667937795209004,-0.040239641727763405,-0.08458258827715937,-0.09608761184657376,-0.08109574043695092,0.39308488194284275,-0.10133883679595226,-0.0953497473901237,-0.08389024192549074,-0.0495433332632543,2.9017461290764697,-0.06884163317221975,-0.08098499120620374,-0.09876752441251577,2.2006818354704967,4.455609692043172,0.5032470152418717,-0.08223824831427046,-0.06702541060600548,-0.08810302749824228,-0.08111155203665879,-0.09255291053254015,-0.07435425823759922,-0.09110676454872305,1.9801278303845327,-0.08248576547777514,-0.06838550699115528,0.15061238389181847,4.7349468089854,1.400593181856975,0.08288678090222348,-0.035420383893039704,-0.06988682778516964,leiden_r1.0
0,a_006,3.022833602330352,-0.024717962593925207,-0.039520787898927795,0.6486287390563654,-0.009816119098645916,-0.05546838139659181,-0.09487632536628711,-0.07203666365945222,-0.07073004510375773,0.4101172152549748,-0.09694421117575948,-0.08122391179299726,-0.0932517276278105,-0.06214924773638528,2.622839501306354,-0.08456341370818245,-0.07112999967598722,-0.06359651992315724,1.8675899735000554,4.514513073374495,1.0532952315361188,-0.06898898360207434,-0.07671219585999682,-0.06455262999078779,-0.03158503677024685,-0.051757095774662074,-0.07058146056151365,-0.07776479891954431,1.82864801947429,-0.021648130982706782,-0.04310136486432989,0.9729296488351791,6.108400171328025,2.3416428503463864,0.4172941425500955,-0.012839941791119101,-0.05732520313485864,leiden_r1.0
0,a_007,2.9858979911058916,-0.017983440294829373,-0.07066965497962205,0.1314067285229683,0.009701847822104195,-0.05441813615030736,-0.08862282960550497,-0.08230448941211652,-0.10113745993535969,0.44800990933203827,-0.0625081975012523,-0.09580278904690762,-0.08611670409547545,-0.05581947565107096,2.484973996689358,-0.053765061963952074,-0.0800263209177382,-0.08134142249344496,1.799685461559829,4.430071742039286,1.130625214442377,-0.05126110941931613,-0.08252130369892187,-0.10922530655417129,-0.08211411212920286,-0.06404576706330688,-0.09415184919125602,-0.06187681698984732,1.5570964235802083,-0.01923077482599044,-0.04013351383753074,0.5066361803061714,5.600797998966602,1.7242006094884947,0.2724299874804814,-0.05181120908921478,-0.07755739837014006,leiden_r1.0
0,a_009,3.0506240032643657,0.2069839531762136,-0.04177150839768988,0.92498628537936,1.4699925028391132,-0.060975865680117314,-0.08223117336169744,-0.09387078458999376,-0.05747258376920485,-0.0707429980547293,-0.06933560729069346,-0.11314530174210975,-0.07134767290253546,-0.06098312594663579,2.9113259952881028,-0.037780664658561544,-0.008071486499367148,-0.0639552205382716,1.654055334982716,4.073756848876467,1.0925559914249137,-0.0847632640570313,-0.08587827843224242,-0.07664521618515091,-0.07501112954229602,-0.030811182060439972,-0.06555966474361608,-0.056314836217077974,1.6337299544830413,0.07286577170823189,-0.04339457075053629,1.4054582455942026,6.119302122690774,2.2777847475919692,0.5796000148809541,-0.0640141711892965,-0.0787911670455978,leiden_r1.0
0,a_010,2.8324354347126546,-0.052036068409147665,-0.05575505389641631,0.7937496877293838,-0.037592118630200344,-0.0902424878131937,-0.09568916141857499,-0.10773861842253958,-0.061442511063544425,0.22476906595632606,-0.07812832530480707,-0.08759698899985602,-0.08592778326116329,-0.07222514312220656,2.749954196196098,-0.04128294579168459,-0.07433704977086242,-0.07102308744201341,1.86294977813925,2.5357980197183947,0.692076280075623,-0.03890350745358685,-0.09258435519021019,-0.09384019530341497,-0.08368976714419789,-0.04723476379717523,-0.09588176578183945,-0.06522856940546207,1.9570928405542296,-0.06522715382739581,-0.049612629033465,0.6619889853697752,5.6508676250762235,2.001271738974682,0.5819882618800419,-0.06818417400480657,-0.0707073084872959,leiden_r1.0
0,a_011,2.7072541345280725,-0.049020021352811964,-0.044242014438911764,0.4679679031288589,1.4443301068151824,-0.07385578846362104,-0.0847385269196155,-0.09046542243594007,-0.07386594717475575,1.7406760444931189,-0.05688340370984447,-0.08163413411988067,-0.08625092373663783,-0.005978758031805254,2.5157565096307573,-0.054280533490547636,-0.05622057545471003,-0.07884448544194707,2.091899713390961,4.968587317345711,0.8438242362048467,-0.040552771420649565,-0.07110437357626119,-0.08271487039944084,-0.07412530380158819,-0.026435910972446276,-0.07690726350470813,-0.04623183092152742,2.4079110915072803,-0.06189204065823235,-0.07135448364378369,0.244084492738965,4.652360116779388,1.6536223352818162,0.569937563605253,0.22354577476499676,-0.07711982077796041,leiden_r1.0
0,a_012,2.6855914405811974,-0.06010034080605342,-0.054220102652258365,0.8226926384033495,1.6112791152454233,-0.04477225180075238,-0.08280574166254934,-0.09536062118321527,-0.05978010466205699,1.97362993271734,-0.047293110537123165,-0.08097699951221063,-0.08925693765484678,0.16747300512897761,2.7982795163006378,-0.035057369358516624,-0.06794501555434507,-0.07316821453791619,2.2649365327489956,4.412792034387236,1.0312377772084775,-0.04213660667783432,-0.06325638217404014,-0.07849406442818391,-0.09068601785064052,-0.0210618888494009,-0.09828446924369788,-0.031461916456360026,2.4184321444304127,-0.05191444031283056,-0.03551507843531239,0.011406570908156142,4.677499859557297,1.663931638532575,0.4175250023616452,-0.006793810855230928,-0.07814775871892995,leiden_r1.0
0,a_1a,4.487857427932356,1.4531470864611515,-0.05280334445960298,2.21525984805562,2.4236932844544787,-0.09004003649451317,-0.07956575354310991,-0.10655952927392531,-0.08988096783468463,-0.0260761707126045,-0.060725807035808765,-0.09005129961223159,-0.09232609437361253,-0.03598636984197619,2.94314180620366,-0.019391970820522512,-0.04059351540504705,-0.04783050640445217,3.12506715222524,4.958078865571107,1.5716651050220116,-0.07137855925442951,-0.0617012971173401,-0.07065666903749633,-0.09349093968043222,0.3079900161628867,-0.06325972619843746,-0.052666085453229414,1.1400958784242747,1.6015020094561998,-0.017225594551987217,1.4602171249626477,5.617320923464899,2.2989368358295175,0.920202169590663,0.26496762041281996,-0.06044782968460201,leiden_r1.0
0,a_2a,3.876102117318525,0.5444951487866965,-0.0478883530709575,1.650228690731,1.8717470533240175,-0.07305244948808404,-0.08842807372576775,-0.0968455058314234,-0.09634736025009852,-0.050276472687420096,-0.0635821820797099,-0.08998132317148715,-0.09136778488270864,-0.025935220261174334,3.2304369628044824,-0.05129969703536959,-0.07331097957117148,-0.04710602153711528,3.1161118286972918,4.292208775667952,1.3964071326380088,-0.0492645768322311,-0.07878892818804356,-0.08933981628109339,-0.09033884656568131,-0.007045158205214123,-0.07463961318647439,-0.07454672199387424,1.4245386057681366,-0.06402184750254707,-0.051448369908209196,0.1083422666012947,4.900339148527421,1.8830851623594798,0.3806879206271026,0.01998691656141551,-0.06984615860934301,leiden_r1.0
0,a_2b,3.8216461879943138,-0.037170998000100874,-0.090004598033928,1.4273031835822456,0.7166962484391655,-0.08674118999716056,-0.07188017660215384,-0.09325007807739141,-0.0820687813828512,-0.06032498148779995,-0.10183347504011966,-0.09696667514830684,-0.08482060665996023,-0.014016221376359887,3.0537084916638473,-0.040867403385873136,-0.05651995273325609,-0.05475923342328724,3.2405146409053938,3.9051040241392245,1.4920659691147673,-0.06313930912707774,-0.08742441128073677,-0.09761969692527658,-0.07905414545566107,0.067192588536856,-0.10431728302845575,-0.07434713702441703,1.3928056122143082,-0.06525624965389759,-0.04656879624295773,0.18780197780749375,4.983075465962097,1.9553114450709752,0.5796002549490267,-0.021892964949391035,-0.1089332615106276,leiden_r1.0
0,a_3a,4.227453469283406,0.44549885007086315,-0.0644858607782878,1.5572495928037935,0.9915264359014035,-0.06498795494891683,-0.07687936165063047,-0.1025158770449331,-0.07844164807861445,-0.06324270157116713,-0.07925346573767111,-0.07585571174780807,-0.09136740844044874,-0.018244227434895836,3.1896646331804415,-0.05006754471348137,-0.044284869912555445,-0.039708013514631206,3.0329296289853658,5.220625642674809,1.1721026804441528,-0.04119884364344126,-0.07557757160315735,-0.06596618671358559,-0.08495808851836828,0.3025715276903064,-0.05972433094440736,-0.05314340366188611,1.3583026732337429,-0.023277703248198334,-0.03440880353382659,1.1129320318660922,5.750409331545411,2.285412290036933,0.40245981516912366,0.34036895207787743,-0.08410255987519134,leiden_r1.0
0,a_3b,3.8767133002533765,0.33800806521476545,-0.057304905503700425,1.2821806189146234,1.6824929463576888,-0.06512174370225865,-0.07578249554655256,-0.09555673226843175,-0.09727477670107942,-0.01215077091032565,-0.0636773834511217,-0.08146485606783438,-0.06597905344683956,-0.013816980452874415,2.9532539411068255,-0.03485015642130061,-0.053603216101301115,-0.05934821134863122,2.7783347352845893,5.080445340510337,1.5127808514130718,-0.037902021195296925,-0.051896046770831414,-0.11686390805579619,-0.05812260480525573,-0.03680267794290565,-0.07550692976761506,-0.053282536260924655,1.2234624249418697,-0.060381570964253145,-0.04400568887514761,0.6327606149209795,5.466061005934714,2.3081665481606057,0.9264445478106509,0.08491858527001306,-0.1068162589479722,leiden_r1.0
0,a_4a,4.305988225661797,1.3371808506683314,0.04499049077972423,1.7029445323178873,2.4290366956540943,0.05364540538751401,-0.09358416802047924,-0.0834268099382823,-0.07707104231974579,1.6410013178184015,-0.04353256210112884,-0.05122664359240478,-0.09620629332051638,-0.047099063865917584,2.8998835681785673,-0.0204136468774139,0.01315550855275355,-0.023969049366945043,3.0412983969790957,4.939136810845619,1.309689109091427,-0.04369259438417376,-0.04831562847364347,-0.07098953120956884,-0.08106234430605767,0.9198749794061036,-0.03230272793902048,-0.02807828778060011,0.9224183665270618,-0.032528853454062596,-0.041710476401266454,1.2866699112394637,5.562986493789963,2.4403296354379553,1.0726740880753096,0.299211059948289,-0.061378360376983646,leiden_r1.0
0,a_4b,3.8867252936610583,1.3980279317842599,-0.019068515350685475,1.8102637922609175,1.982054541469303,-0.06262697821533539,-0.0763928653217002,-0.09727915901114192,-0.08200826511849439,0.6218831029591223,-0.06649778185742511,-0.0937494795596848,-0.08670939218696877,-0.032543201763180825,3.0180547259502593,-0.05162716791470515,-0.05133370097232253,-0.041424390146560526,2.902756391735719,5.061840324063438,1.4077971187753762,-0.03736422233569211,-0.0640251630137558,-0.06720279367032234,-0.064865491575255,0.4615952736001825,-0.06764787367501035,-0.007258376408396303,0.8575313810526354,-0.039508215194209544,-0.05726559816236973,0.797045734090557,5.392034678933118,2.1498839595378882,0.9025433962210094,0.3535823151609434,-0.06240371994757599,leiden_r1.0
0,a_5a,3.6081322287641924,0.21165545359222784,-0.04239006281328878,0.8784291480814155,1.7705216925796838,-0.02576366248181272,-0.05351405843722891,-0.08563669678568245,-0.07341431409596141,-0.05124209071924062,-0.09690503326431282,-0.08140465620850337,-0.11099783740757178,-0.018849986566284112,2.6902514700352484,-0.04356659387876373,-0.025551176302478683,-0.05167112307566695,2.827459431539478,4.80868239023613,1.1365061919805097,-0.0366221844802533,-0.06194140593687169,-0.07580067020421238,-0.08260459133910437,-0.0151029522450892,-0.07358131611519901,-0.04160694953259515,1.3508094370519266,-0.06529768871178576,-0.0186985474231379,0.7950820439615658,5.334617924170437,2.157350001796041,1.0867345984621026,0.3146974381661811,-0.03888356690252564,leiden_r1.0
0,a_5b,3.6174206246219365,0.37378746276897123,-0.0408322318267812,1.100392045647101,1.6562055382399252,-0.034453983892877384,-0.06923070282918894,-0.09117790454978678,-0.07065992795585319,-0.05128069955392177,-0.08850397943167657,-0.10335749024283594,-0.11383662311826473,-0.0033461720636849546,2.835827340854158,-0.050759842938178895,-0.0028507613148356353,-0.06926347829618483,2.8949497158195094,4.638323061098414,1.3028898377491185,-0.05302390977603812,-0.08500444246303719,-0.062324151269614526,-0.05741421604656612,-0.0005074837027218415,-0.04366926652317799,-0.016550010405438458,1.0098796438477513,-0.03726784918263648,-0.018856933743014948,0.9208050039535234,5.352059336501544,2.307851169504936,1.1066911805257873,0.22474379093817026,-0.08502328093915575,leiden_r1.0
1,a_001,4.743326357446064,0.3253285530483211,-0.04034139256350617,1.935024474476131,0.33366061873130515,-0.08726435593537336,-0.09516634337437051,-0.09018227599833466,-0.08503250417957069,-0.060630789725797656,-0.07798512055570817,-0.09315332955364027,-0.07936562848852433,-0.06918979879951646,-0.11138994594019959,-0.08598361122155128,-0.07130432881055455,-0.08600827971925955,-0.06562803079335036,0.6863208913832,-0.0765613060125574,-0.09016736398118179,-0.07674707811817182,-0.08358783040738194,-0.0930358753335879,0.1814077404701542,-0.09013063593009818,-0.10426326882740476,-0.07258440379482574,1.1714736860278199,-0.07834822488174578,-0.07971427317140845,1.2447322031023258,-0.0656451659676942,-0.07790483867719158,-0.09580162613658504,-0.0968774526285749,leiden_r1.0
1,a_002,4.768215883364844,0.025935717670358214,-0.06332432065887444,2.3643698915849076,0.0707324849467316,-0.09979410199428576,-0.0845080334867746,-0.10590355877119287,-0.08487792423651974,-0.07480264495049455,-0.09785401476468787,-0.08375542706629266,-0.09522767052928431,-0.10450923691724362,-0.08482347801549736,-0.09452883473631371,-0.0929390282972838,-0.0819574338884496,-0.05339696646329059,-0.010346261853395641,-0.10443654096729572,-0.10223485362032761,-0.049171627517748825,-0.10596877982173149,-0.06923541174948894,0.6288912739670414,-0.10295275941813178,-0.0823704990099991,-0.07922722051740153,0.7908742929314561,-0.09249523667582704,-0.08566976961742467,1.0469195704237806,-0.11327178936217518,-0.09854907537410235,-0.07835418593824338,-0.08097026235323124,leiden_r1.0
1,a_003,4.380138093421956,1.5364868280432817,0.39900563963800373,2.678314590254326,0.871414959578115,-0.07846864334534502,-0.07682340919032545,-0.07952652387878348,-0.08899028473168077,-0.033984895832271766,-0.09300224892381291,-0.12219577003923161,-0.11455107782808327,-0.08517101820892595,-0.06713602437906509,-0.05883309722232343,-0.10872060577040872,-0.07795127862585502,-0.017557194319635743,2.1729346523961555,-0.14470285490222465,-0.06778138500218175,-0.02468131379353938,-0.08027374929131087,-0.04937580592598432,2.8353667016535393,-0.03477259143667379,-0.05233066251982787,-0.07668946699939541,0.904284354361767,-0.0689629187770584,-0.04974146937644154,0.9132331604195432,-0.07118412532967762,-0.07183129636699905,-0.12718184075749903,-0.09418702080008681,leiden_r1.0
1,a_004,3.64942904640929,7.175716020865405e-05,-0.08484126109675574,2.1063727857629457,-0.03636742403197369,-0.08565208852867649,-0.07037628169309032,-0.1107871561759749,-0.1053879466501589,-0.031765835975370575,-0.08847255269597001,-0.08605967785276732,-0.09264148625930169,-0.10588415152815692,-0.07178592532252116,-0.09638122384364967,-0.09705622839946756,-0.08750743737164562,-0.08022101495288878,1.1836973129945125,-0.09150717651630984,-0.07099353937849671,-0.0688141537601756,-0.09019202480603111,-0.08419109494647575,2.3496687556924316,-0.11142487075140284,-0.07408300184156913,-0.08369766300173731,0.06391537029874722,-0.09649845761173864,-0.10165441189185158,0.6334772448333023,-0.08252303132754082,-0.08366102284322025,-0.08008716897275213,-0.10836439973426407,leiden_r1.0
1,a_005,4.224312026574132,-0.07561759215422703,-0.07931224272675531,2.6617943429584425,1.1911706300223368,-0.07044221913062705,-0.08347650068568346,-0.11305610626898041,-0.07988683227858297,-0.046921794368770725,-0.0976222908663119,-0.09022686176041064,-0.1250102095270456,-0.08647937277626783,-0.058765349899937994,-0.08881193134521498,-0.065908739110553,-0.09531979777249122,-0.09862593738659112,0.29286972829613206,-0.09414510657224892,-0.06902711480635476,-0.0968517721625779,-0.11207846379984455,-0.0702211911436885,1.8010772245524123,-0.11340845313029554,-0.09532211046985532,-0.10143406191833233,-0.009800644882344323,-0.1147792785838488,-0.0937508774088425,-0.03757076598531025,-0.08740149351043111,-0.09096551986052717,-0.125710800696503,-0.10870550792013525,leiden_r1.0
1,a_006,4.7313752381582015,0.555069788434648,-0.09116346873766111,2.2318183640063145,-0.031480241553463316,-0.08189384509205046,-0.08880724142283179,-0.09157242462585422,-0.09269187328412767,-0.10166804821850038,-0.09937989936130606,-0.0949491366882794,-0.09624358207377802,-0.09732206795086601,-0.09174441801771753,-0.10442549893605575,-0.08560782885041912,-0.09573885252040458,-0.07775224824546106,0.2557987624447008,-0.08470385423715657,-0.10041187268348759,-0.07979804912792006,-0.09621534112095381,-0.10334355762700934,-0.002168964197839203,-0.09065108013175167,-0.08628294928084322,-0.07241285370713152,1.3847689821628721,-0.08132971317068032,-0.08181249516358638,1.0932686703840662,-0.07411361764321553,-0.07811629804513227,-0.1096059854178033,-0.09515587654271984,leiden_r1.0
1,a_007,4.906105353465645,0.6088154126706302,-0.07346099568792236,2.4556215665441528,0.011607707392174989,-0.06345761579615392,-0.08047789703072675,-0.1068519463045204,-0.0774882978331457,-0.06343276301220528,-0.08354742848452532,-0.11658511320228572,-0.08691021761189971,-0.10170305764686235,-0.0864773691015619,-0.11272843126548664,-0.08717574518366161,-0.08181449713632691,-0.057969569804715515,0.2773004095011821,-0.09095270491182138,-0.09292092432997187,-0.08451160252673032,-0.09901305099898158,-0.0970974608807384,0.15780765084409315,-0.07737346818310681,-0.09783732099379863,-0.09159823241350983,0.612636227281318,-0.09472353511238985,-0.07111697787925492,0.5457823034578111,-0.08686987460451653,-0.0813319350318675,-0.08835997181814861,-0.1020883666142466,leiden_r1.0
1,a_009,4.799926543119626,0.47079133535597234,-0.05866210055796896,2.4606248171231924,1.0940160135044525,-0.06135190996943032,-0.07319885624037338,-0.09153140982438993,-0.08899483836438365,-0.07432376484931405,-0.09637964781010747,-0.09475051617486206,-0.0852277287307301,-0.07991017137921472,-0.06895383874530449,-0.09337577748486495,-0.04429708582155451,-0.09633843789032367,-0.039084996727500584,0.8900553126298696,-0.08590977169433064,-0.07821561173422034,-0.03580880759305674,-0.07019282082500243,-0.09298065223858319,0.4689670393381069,-0.08323371795625914,-0.07587719102244635,-0.05724415742983736,0.47280626428137745,-0.07240045864483835,-0.03587580189960096,2.101093012429427,-0.034934981014305706,-0.08560041736327169,-0.09021073462524443,-0.10929299448384983,leiden_r1.0
1,a_010,4.821734493613225,0.051414996510217525,-0.08381545545486471,2.128250252488578,-0.050824912821546074,-0.08086425414008698,-0.06280890252775288,-0.09977829285113649,-0.08986912537969578,-0.06008597675464894,-0.11029527900028861,-0.09297116250254334,-0.09820350586308249,-0.09734383371242836,-0.07138365136743464,-0.106550775412465,-0.08211931594116927,-0.07607953667312979,-0.0709867427805667,-0.05092437747601764,-0.08941195398853925,-0.0997262726458843,-0.07085449688956043,-0.07838711663392586,-0.09712451887312247,0.4129740484124449,-0.09801539960578336,-0.10761017659804156,-0.06373682919282492,0.9593512717297688,-0.09227252532023532,-0.0738408327346124,0.9216008164513962,-0.08583960767652296,-0.10822605780456498,-0.09161524961279596,-0.09216774515052778,leiden_r1.0
1,a_011,3.7858448099597495,-0.029425567612206875,-0.07335052418243815,2.489164350000117,0.9901639965033919,-0.09144043476677341,-0.08799356499217807,-0.0966733156727856,-0.06371712220385235,0.9517803947293823,-0.12459432290567385,-0.10613875974901912,-0.08057687726882014,-0.09752648276738929,-0.038104569040921715,-0.07456535222005105,-0.06694134619847218,-0.08056624851628191,-0.08165461155373828,1.8959591134074965,-0.0840376177899876,-0.07329723194256191,-0.060783727522667745,-0.10239309273912492,-0.08884571929530324,1.6888703356184962,-0.07774231239330676,-0.09963730804144875,-0.09380232242806892,-0.020359350878802352,-0.1016114304045592,-0.10558627166518367,0.6505656499161299,-0.04755609504905358,-0.08556777231958577,-0.11821735417690547,-0.15912931220611953,leiden_r1.0
1,a_012,3.4800332337038276,-0.05938802596876826,-0.0964241128976473,2.3129966333796106,1.6568023989129805,1.5292874575479343,-0.03787017061120302,-0.09551261503388012,-0.08912686328244449,1.7948225263535076,-0.08303826022303065,-0.09084285354724358,-0.06651065077902016,-0.06898824808745471,0.29287774403564026,-0.10963662296482121,-0.06543832769507431,-0.07115578592406177,-0.04409580164194,2.028471618070799,-0.019459717358087738,-0.06413695950681736,-0.029375779406791702,-0.0918625644350145,-0.10397875207469318,2.1338819308623362,-0.0938147492457933,-0.08688337344674592,-0.09095602585157953,-0.10925050992072599,-0.06432672363372317,-0.07297605528936829,1.31194691588995,-0.08928171012092927,-0.010703193783627074,-0.09383896643627529,-0.09321062566529043,leiden_r1.0
1,a_1a,5.807637003261168,2.5067937909795495,-0.03302390806735433,3.317485264527552,1.9393209510954807,-0.07912102245233146,-0.08453797273273884,-0.10320897345814492,-0.08636132924546888,-0.010450320467784215,-0.08717732466159335,-0.09922447827800122,-0.10333497275419765,-0.08863890735314334,-0.06790545253831161,-0.0800580243440025,-0.08210194019049445,-0.06013284264130703,-0.03709744704309029,2.580370429806767,-0.04441581768162336,-0.08913002164119721,-0.06621953107901124,-0.09156552750211001,-0.07984846297144735,3.4344169945837173,-0.059781270910054626,-0.09003414630413778,-0.08953552609514051,2.4848744900646524,-0.09250323517998425,-0.06282256674754008,1.8272079387887386,-0.06692681139464951,-0.0687735808048607,-0.09714865209834592,-0.09157328528212676,leiden_r1.0
1,a_2a,5.374949972398606,2.096290377812899,-0.031894792328794073,3.07820839149958,1.4289560239328936,-0.08939369262871988,-0.08754528959609477,-0.0881196225745807,-0.08665264106045023,-0.08283464069760926,-0.10251488092579529,-0.08895626600932537,-0.09842377637259671,-0.0856986013712196,-0.04622306946123621,-0.06688276086165791,-0.06379202409614396,-0.06692271976156686,0.044257085617242106,1.3600758585246333,-0.06433218509191364,-0.07764415978690563,-0.10376576035775231,-0.08333792671255032,-0.0993111214970877,2.585867935511555,-0.07871985167753769,-0.10720606578304173,-0.10122578259605564,0.38831012684622845,-0.08342017520001475,-0.07066733619094323,1.7460034225000813,-0.09537885815557706,-0.05570292715455754,-0.09313091418139864,-0.09133820489667063,leiden_r1.0
1,a_2b,5.2708829366296035,1.989441587710168,-0.04628887410377941,3.2243773008059575,0.7737551543211808,-0.06988635260959207,-0.08639191741905375,-0.08683617021173504,-0.10741923508216589,-0.08963789132893232,-0.0655763931956971,-0.09157911993631476,-0.101142192161776,-0.10386413769592623,-0.08341544713004322,-0.09681504738705703,-0.08400846085254461,-0.0685480263026105,-0.026688074827925526,0.2686052935515095,-0.09362974456500033,-0.08206651734422925,-0.07833555606848311,-0.11382037299329982,-0.08685050468538581,2.4635189803360604,-0.06332592771763722,-0.07806569905002926,-0.09922319712954038,0.71065888424197,-0.10073846228158592,-0.09420850824006874,-0.0021692428488979997,-0.07750106256284145,-0.07903429482009504,-0.08921939488410467,-0.0834984791334383,leiden_r1.0
1,a_3a,5.558498043910138,2.0816157191018396,-0.044046771844277716,2.811373738271211,0.7946741860624846,-0.07738773161080105,-0.08615889720305447,-0.09240148622345137,-0.08513098008314425,-0.08478301459803822,-0.08992899536579226,-0.10488971189806691,-0.07505694631530337,-0.09601135851491979,-0.045643218083269474,-0.09209334406105249,-0.053926774665125285,-0.070454502209588,-0.036777445871226,2.3461105024561086,-0.0686742923371991,-0.0807687910539603,-0.09139653381247105,-0.09669593856066086,-0.056357134002868264,2.64562559326939,-0.049981173859134066,-0.07788719109968252,-0.08627408419839164,0.6711075249159388,-0.12045930094715854,-0.06153214575805492,1.4490233974546682,-0.08823968311633523,-0.08678552617029378,-0.07852580211140181,-0.10154474687137793,leiden_r1.0
1,a_3b,5.667976709326922,2.0065178695374355,-0.032580759473220415,3.017043638593551,1.3648822983791242,-0.07237078178870691,-0.08408222319293673,-0.08796650200301782,-0.08458808190177189,-0.0643575836786598,-0.1018272381232192,-0.10377052688558144,-0.10485519451566692,-0.09383049269144407,-0.03309143899007207,-0.10211969824681628,-0.06509201310392802,-0.07355539865828435,-0.05006765186750896,2.37336826500426,-0.06595207324359227,-0.07202722237266089,-0.07294270991759091,-0.08982350347232738,-0.09158997606487687,3.0180664677034694,-0.07413562280180168,-0.08339915428170706,-0.07778391575183512,0.9127036195579598,-0.07450278029473661,-0.05588518262682486,1.8361304257972804,-0.07862965112873439,-0.04809792220134519,-0.08405243084110917,-0.08002681405635508,leiden_r1.0
1,a_4a,5.483777215985755,1.9584349409005193,-0.02713652975182275,2.811064244209852,1.6526782517255973,-0.03879006111665911,-0.07512090226473087,-0.07212964308623915,-0.08443863277278163,1.141705806620328,-0.07824879337563591,-0.11037436929877296,-0.10086953396435885,-0.06288863311466683,-0.06309831140824945,-0.09285462026687766,-0.07044850623604607,-0.06355014418676162,-0.01399592064916963,2.1797392419038886,-0.06941506981032923,-0.07980034850267882,-0.0598228958659119,-0.07171448615520891,-0.11020984885723736,2.5062981667103332,-0.08620529327053005,-0.08385208484635949,-0.07689436744752258,0.701287383190105,-0.06573984028399492,-0.023349176615002774,2.5673038028967867,-0.06080179605452391,-0.023379161487743255,-0.07680354794062756,-0.09739701102971593,leiden_r1.0
1,a_4b,5.647761086528675,2.2162335917949685,0.10493591960133121,3.109663738594809,1.7141763580230531,-0.06632970068402479,-0.08742142858464103,-0.07156394769459795,-0.09294955388545453,-0.017275643819689927,-0.0918641298043409,-0.0894211855814232,-0.08260878511002369,-0.06072978953525264,-0.005919594018283753,-0.08802977158491143,-0.07025601870866799,-0.046538595896036775,0.8682930570435272,2.8164167145582826,-0.032935964541907926,-0.09066562346341478,-0.08430428552845534,-0.057662529114090054,-0.0961663227140781,3.0974464046032852,-0.0780795150021401,-0.0435007276052569,-0.06534839939964728,1.2393782803020605,-0.09590972877858069,-0.0558414652871087,2.773243414401534,-0.04355750981076792,-0.050948712279267075,-0.06666995220359968,-0.10672147724235526,leiden_r1.0
1,a_5a,5.003362283392807,1.2992930257712774,-0.05768719764070397,2.8567679186426043,1.5205529196079377,-0.0517205804314787,-0.09286291648193806,-0.11479197235511766,-0.08043784833935846,-0.07820313644303178,-0.08750641727456969,-0.10785135426884421,-0.08771233821559538,-0.07925208422865926,-0.04509273494671972,-0.10032051381107741,-0.053363718273133805,-0.07329645842474919,0.11045703779867241,1.853947873463834,-0.03454560742749587,-0.06742615678349811,-0.08993151771474428,-0.0979969875186701,-0.08641404379128788,2.524847762414338,-0.05552572800592641,-0.0923806798657743,-0.08195234246740588,0.06564729846546721,-0.07909691197430231,-0.07912312575737965,2.3196767916117818,-0.05908702979275434,-0.06601200804710762,-0.08992262616290717,-0.08026058011745474,leiden_r1.0
1,a_5b,5.135498244581463,0.9823374897410978,-0.0768369471522892,2.634922096010443,1.426051336416094,-0.05748014321686657,-0.08940144599253551,-0.10009719318195401,-0.08793443364329417,-0.09209031377286905,-0.08200108906324913,-0.0845257616716607,-0.07967384067488895,-0.07722851977537468,-0.06284401187513136,-0.115283154672077,-0.07715044390505399,-0.06474013966252513,-0.00865360873842009,1.4543900159654006,-0.07764453416709807,-0.0929821715451413,-0.08239548903508812,-0.08907757523457346,-0.0830512376040837,2.3980575595796827,-0.04928807333743912,-0.05414631634303204,-0.09925893873818789,-0.010234577348937849,-0.08824505534051277,-0.06215960960717676,1.5807745835061575,-0.09249848713599419,-0.07205120462970599,-0.10758192081856888,-0.0940704383693387,leiden_r1.0
2,a_001,4.31925309633382,1.094022846135695,-0.05835412671228156,-0.008317493323349816,4.134160424021362,0.36324347058592454,-0.05778538118531239,-0.09161399090881228,-0.05900135803916787,-0.0649514305220303,-0.08598368260052572,-0.09191497900527384,-0.08659005271834166,-0.09728577339613909,-0.050836158375995005,-0.07289645508723505,1.4011820132835466,-0.07866290314720792,0.22649640678764188,0.5913228438972985,1.0116030493774735,-0.06586729743544101,-0.04167233221451311,-0.084967222075679,-0.08736339776297139,0.46543697144931684,-0.08058895527328422,-0.06175673898510213,-0.07501622981614164,0.7591420416652612,-0.07685881194271485,-0.08072996921251577,1.7610016943948406,-0.0685687574859551,-0.04316990813295611,-0.10852017788824528,-0.09802886687888987,leiden_r1.0
2,a_002,4.1265862995751075,0.7288065741240217,-0.053688366138885696,0.238274196817413,4.4442912089236835,1.037930910907861,-0.06163873932367162,-0.09379294617058247,-0.06609569934229301,-0.05489135168024035,-0.08545645660968096,-0.08852719978300119,-0.09532812699029614,-0.07507591442928084,-0.051199172082331754,-0.08305635191477131,1.171586180617549,-0.05205300894301836,0.4983342475713182,-0.04557740293974847,1.3853813383762612,-0.06912383716616896,0.232941514513143,-0.09510234957282333,-0.09530894401926425,-0.018450959659593792,-0.08083902850268357,-0.001689495646377917,-0.06542900918235343,-0.038459415583736334,-0.07946150406402737,-0.08180762389323698,1.580260541572416,-0.06338578769355926,-0.0580271582943916,-0.0988617585075127,-0.09815122843778781,leiden_r1.0
2,a_003,3.0762382510583723,0.39793138808015927,-0.05931586284214373,-0.030116469641299333,4.020042088573446,1.6947060282324347,-0.06802611157218812,-0.1105672282559769,-0.09075034837811774,-0.002162620415868219,-0.09623707360887208,-0.04506588573494737,-0.11117494945219047,-0.03698643207703478,0.9405988773278344,-0.08125016552369352,0.9917418876339532,-0.0788528636392626,-0.006518488408321383,1.730970922810737,0.6672629890847351,-0.01595167369105178,-0.084724296759389,-0.09996159209217662,-0.08426824552305828,0.3787005169622673,-0.083837093359336,-0.017700038496293737,-0.08351880492875213,-0.08546896958391285,-0.09868455474652224,-0.06135242755541452,1.4552315583434159,-0.04002707689986499,-0.06950199606884577,-0.08533027496063365,-0.06745452750627126,leiden_r1.0
2,a_004,3.460778332326342,1.0105052192119999,-0.059467743742594545,0.16397052727874917,3.9208024253743297,0.5214700969949645,-0.10426471082770396,-0.07348353194427276,-0.06093784121479241,-0.04626929511088729,-0.07409557026076376,-0.09684347301215565,-0.06959429469344446,-0.0907494937988069,-0.04589007750672461,-0.0922049963021704,1.1086675198319809,-0.054667819233897894,0.01283104255485978,1.5078484978581608,0.9770211167847556,-0.09269946052046452,-0.033334685494350716,-0.09147376180949249,-0.081089473037931,1.824439691721554,-0.10309703431541001,-0.05060527823834435,-0.10223053172246477,-0.0835074522013349,-0.08812795332347517,-0.09554907893242325,0.7334385046042744,-0.03583906850535796,-0.04823079605123775,-0.08242098656161945,-0.07514871112797747,leiden_r1.0
2,a_005,3.430887049634993,-0.007289098476932797,-0.045387919102749426,0.3104420545676063,4.274707433330803,2.698379898003272,-0.06632844578751967,-0.10174515892904666,-0.08710509004486759,0.6999300107271553,-0.06620233707826231,-0.08724747463932092,-0.06713895033083148,-0.08565777312464416,0.24786774750245932,-0.10360003312795504,1.4183519193040015,-0.05545493772090069,0.24937140031982333,-0.015550992432648727,1.1396999323409025,-0.033343323352000534,-0.04058666155001774,-0.0854758585436203,-0.1097005809228298,-0.05572353624982188,-0.07691546467729199,0.4989985594376317,-0.06260408059822734,-0.07910282847509585,-0.10025099951032727,-0.08185337811472096,0.47432470571247787,-0.07402579280838233,-0.05079364882609364,-0.11641052517738314,-0.08847326033585197,leiden_r1.0
2,a_006,4.330472450140436,0.735865682528642,-0.07267514668531543,-0.03580567434273642,4.1847920893089166,0.40593495486758424,-0.06165370593071115,-0.09758300684726047,-0.09843222378724117,-0.0717663770676192,-0.05784656483474397,-0.07473965107917113,-0.07798789455493176,-0.09320213836919256,-0.024306691438097713,-0.09404267193899331,1.6096703912791674,-0.046208441504169154,0.6001157730862295,0.33608999246326965,1.0886214224225461,-0.06169181313692716,0.00479794244205772,-0.08146340832496951,-0.10352654327929778,-0.04614533699397558,-0.0627857802911975,-0.06505320818282487,-0.08533115208902503,0.05690378803014457,-0.0900392826533365,-0.09820181644213327,1.0020060782118945,-0.06694828286053699,-0.07244419201591573,-0.10999096199560793,-0.10113918436631944,leiden_r1.0
2,a_007,4.030329578775622,1.3020001285808898,-0.05269832736360939,0.04556174913468823,4.04362234507362,0.26950790814040754,-0.07323273408487484,-0.09848875805204174,-0.0705799413637376,-0.01611189422766484,-0.08355076066825741,-0.09322320444413024,-0.09303049843853993,-0.08355414036881563,-0.09275120481969906,-0.07098613039629843,0.5837626161403928,-0.07424513686667053,-0.040289191519885005,-0.03921738147791177,0.8982697063992889,-0.08120101682189082,-0.06877344998414184,-0.08266654732571056,-0.08706284757719002,0.417469629788684,-0.08211237752472103,-0.07834131408131983,-0.0603416224041508,0.7303873464773376,-0.07433125433689783,-0.06964230544339578,0.5426717222116544,-0.07139454317205408,-0.07720840954891633,-0.10587452827272381,-0.09394296530322262,leiden_r1.0
2,a_009,4.121176808369555,0.3468118059617004,-0.0624554193163282,0.5096908973952292,3.92973488215024,1.1441505957008717,-0.059434552910108865,-0.10065722804718003,-0.054683131449859326,-0.06569024904878536,-0.06842310194411391,-0.09230587504455424,-0.059581081749574244,-0.08473148311122543,0.20543587025854407,-0.0970867764840486,1.5959579705892082,-0.043556434966693314,0.10034160737637855,0.6353489707922643,0.4988160420437858,-0.053053777366394106,-0.04387404770857429,-0.06768890604927666,-0.09635677650275981,0.04393871898731497,-0.07233597441743714,-0.03051977493014134,-0.033343808859938186,-0.013969350005923321,-0.0839736850680495,-0.026483762710633057,2.30115944012115,-0.046521236956582744,-0.049092300364604505,-0.07722278503607727,-0.09020622304135716,leiden_r1.0
2,a_010,4.266207623970776,0.6764123703754493,-0.03278350069442532,0.2504370831322312,4.418996762337358,1.4950348633077712,-0.05366083865303205,-0.08427001545336181,-0.07383032329355406,-0.05931586284214373,-0.06015977098115822,-0.056499404096797746,-0.07616841182501381,-0.10755845328567563,-0.01949156481075679,-0.06311311156452906,1.2708879695451536,-0.06939136850414561,0.5668786985118293,-0.1014948137630343,1.3398256802455124,-0.044113831607273064,-0.060544949747103095,-0.08100017226982947,-0.09460243694395033,0.05030028785799201,-0.09309176877025413,-0.02497194736523908,-0.08618387349361821,-0.04764217093570089,-0.09310820796115221,-0.09733349957898221,1.6293199011601116,-0.09073850604310899,-0.092965548183232,-0.0713814159305064,-0.08444440575028794,leiden_r1.0
2,a_011,3.349846819914826,0.5275012980839806,-0.06090861833264065,-0.039831294643873735,3.9371139767345755,0.5729799048736988,-0.0749933977027917,-0.08119589579274601,-0.07295526499747768,1.5103571012721109,-0.05797757912672547,-0.08414783619004404,-0.07472198582122011,-0.08355436013841473,-0.0017388335048640399,-0.055636047115229056,0.10085432874137756,-0.09364669922745655,-0.03246909559530253,2.2037963942392476,1.1837492728815682,-0.05962157077410268,-0.010693732978543109,-0.10705695698843126,-0.08770976853555901,1.2310312139560238,-0.09273864652643188,-0.06748881151665968,-0.05400683089431635,-0.06003647500213892,-0.09548016548347454,-0.02897645929442102,1.8328875710040282,-0.03942411234371802,-0.05590746378914456,-0.07968562879604378,-0.09671696260260276,leiden_r1.0
2,a_012,3.016535983920954,0.05241955285707273,-0.06696278909971597,0.19023114901251095,4.15097216506833,2.398838951620406,-0.003969598305358818,-0.08126606080353982,-0.05571710193535549,1.8345022165652063,-0.056038333526692505,-0.07250006798466858,-0.110213394824278,-0.0721414803965035,1.2021617305155274,-0.09673370147140328,0.6112118622544445,-0.06318161509433683,0.7113072859527898,2.2192769309321356,1.3804855588914315,-0.06335502190732609,-0.047765065924559584,-0.0711793669408883,-0.08335352591065766,0.08582474184726462,-0.09454086911829934,1.2599271653982211,-0.035136334195530625,-0.061598149860659125,-0.0721588229924346,-0.08084782557312062,1.4375196633235525,-0.04840276729747893,-0.05672530887410822,-0.08899976762004588,-0.0848140556789817,leiden_r1.0
2,a_1a,5.273125067128582,2.690660294976829,-0.003288066422881422,1.1017097186661817,4.815850907505235,0.6527073484445138,-0.05500786374725872,-0.09371559766707178,-0.08216954211724813,-0.025680526605165104,-0.09427648327200454,-0.09324369086413563,-0.10094647298506593,-0.08565651412772192,-0.05312855922454401,-0.10769687531998651,1.6278979433771443,-0.03727265296045568,0.2135538532454689,2.2307160403311346,1.755992074219785,-0.06235588865746849,-0.04879380026506163,-0.09513941084264238,-0.10326074411761646,3.4807121166563406,-0.08182546342630545,-0.05834116629324778,-0.0744748495959013,2.207991160974484,-0.08120859142606882,-0.06725844999218826,1.9464911179921174,-0.08429080320567021,-0.08177075663070105,-0.09807995085480477,-0.11606362386511226,leiden_r1.0
2,a_2a,4.740583550561765,2.2247532920290842,-0.04612024733089744,-0.048227328398179434,4.717823421164459,0.5671267091842789,-0.046342977270087224,-0.09413597690274593,-0.08399946937605182,-0.08874990666728172,-0.08226271919759899,-0.11026938426483349,-0.10526516890309477,-0.0872838505680948,-0.0761486534753529,-0.10133023079277698,1.2701470664144128,-0.07380996250991348,-0.03151018962330089,1.4753170411600771,1.8126991141716642,-0.05670860996538365,-0.08270387512050947,-0.09445507493986166,-0.08324162096549868,2.6431177488199418,-0.09796231928112137,-0.09891463744489244,-0.08280866557473128,0.6733501183788311,-0.0915222418384776,-0.07110877263779594,1.3553700138236784,-0.07192159063612177,-0.06493558886061838,-0.07066881959122123,-0.09935839913734745,leiden_r1.0
2,a_2b,4.609653594038423,2.2376638208855377,-0.05031048522802569,0.14496969071712837,4.704910726682983,0.5857902613414607,-0.0710118207853436,-0.10366014914989653,-0.06990290014627563,-0.08207425180643431,-0.10850565308652595,-0.08253135455921891,-0.09626645362970024,-0.07603440945217316,-0.05809022693126418,-0.08230653882687144,1.3165133478279423,-0.019919961537797674,-0.009212555062463719,-0.052324097118103076,1.7125425419836202,-0.06777219719562684,-0.07270264531092524,-0.10650345581012871,-0.08786793351715974,2.6245779376270906,-0.06865217867258913,-0.06573839501521135,-0.07464771704308507,0.3466684022468453,-0.09116829452729322,-0.08723950604143144,0.20006420459941102,-0.10145342300415836,-0.034318931075592723,-0.08271772760280731,-0.08308953251194559,leiden_r1.0
2,a_3a,4.918804319009941,2.3119927362794863,-0.026176809832716735,-0.0264612638807488,4.728659893052311,0.20416331744366445,-0.06542017085457537,-0.0941841012108608,-0.08459662841306867,-0.04877154653324711,-0.07282788271718878,-0.07654203866913994,-0.08593126917609574,-0.0940705511189207,-0.057068051176373244,-0.07482760785665643,1.0885016086951351,-0.052106086408033145,-0.00649141655143203,2.05999740861298,1.2439523216599802,-0.05346572862204013,-0.0589451205864087,-0.07674906306450596,-0.06605748680856378,2.69777971405904,-0.07255325302061381,-0.07975569183645881,-0.0854687439110264,0.5031949584294126,-0.06628614203532117,-0.07751250207944463,1.3249953909047723,-0.0928383112566423,-0.06144124387724349,-0.08372026721705085,-0.10238831367814386,leiden_r1.0
2,a_3b,4.718569754220667,2.342077895128383,-0.04838439740177131,-0.05055268462160273,4.551441892759922,0.32287975408460545,-0.05644166180225971,-0.09203205291598314,-0.08627279470471574,-0.07380920333450565,-0.07212865027240478,-0.09671967384391784,-0.07515887047706005,-0.08380915354889047,-0.05432284998887454,-0.10060617906703494,1.2109799383419058,-0.08613710258776508,-0.03809096223574624,2.47569308327565,1.6171575413049888,-0.04367641524226279,-0.06181232297055068,-0.08958469334452147,-0.0936097929817398,2.9926386969346592,-0.08573469639183862,-0.06485409093553492,-0.10678408649772213,1.0389586796892878,-0.09811131874714854,-0.06787350657060578,1.4376759774144936,-0.056357229053833946,-0.048959371914547335,-0.09271494241140192,-0.097662371465599,leiden_r1.0
2,a_4a,4.999278106158773,1.9394842142978983,0.2753759791754129,0.3932378168270923,4.487675850806858,1.1031006943045178,-0.07041902145868151,-0.09978300199792446,-0.07879008050290089,1.5792686128977584,-0.08979975744805613,-0.07717378113972913,-0.08026698807680907,-0.061968866720768,-0.009054224162890652,-0.058819025079220544,2.0630332554618174,0.02747344755038212,0.3998297553699614,2.6388014297776965,1.44760090267608,-0.025399090760391832,-0.01991861176038335,-0.12806597043815288,-0.059033188151426996,2.2854008437340725,-0.04945206337642868,0.014854162055685906,-0.07680117671220672,0.3510309965503301,-0.09023037780269302,0.12895386652295876,2.8822998325756264,-0.03252488588374485,0.20855293243221887,-0.08191704879174301,-0.06649610736221773,leiden_r1.0
2,a_4b,5.005891780321755,2.4393092713196762,0.5028582780594901,0.478213299979272,4.465943486975111,1.104330759742906,-0.029916791655932796,-0.08360958157734658,-0.07392291665779896,0.5952248878263596,-0.1070019591872021,-0.08080424365471939,-0.05004629843966528,-0.11875413637547787,-9.190188707885678e-05,-0.07592081511960998,1.9229245510773632,0.33497301886022823,0.7529328029351628,3.02770953695649,1.634334536298094,-0.0168606756371443,-0.012393906802376656,-0.07135997712103243,-0.09694121605185295,2.221630433933495,-0.08120146832783878,-0.02171717190539291,-0.08375615444767325,1.215686470906319,-0.0696471336265396,-0.026376851440766225,2.961596724439077,-0.010253725826433076,-0.07216074725377308,-0.06633577890163982,-0.09853309127580559,leiden_r1.0
2,a_5a,4.620975992137373,1.735473650068607,0.1285131351526023,-0.002764448168951326,4.106992946634612,0.4852118410281394,-0.08193223275574048,-0.08549657884717683,-0.06201394846972404,-0.052668560400091206,-0.08665718968756109,-0.10620078017310428,-0.07599520754226877,-0.07614252909396062,-0.049098515597542775,-0.09243777727529423,2.050142698844884,-0.034363268666218715,-0.0031714568766365715,2.0569712313593524,1.1607644076649934,-0.08808256721701145,0.22339587259170923,-0.07859680323403115,-0.08604061473166964,2.0914987641880978,-0.07337736341916591,-0.01680009311606783,-0.0541144447605902,0.7164719117622078,-0.09057971661663233,-0.054222926950903035,2.4092719380975143,-0.026156691212399587,-0.0213147951163299,-0.07988877607598593,-0.08079375174120193,leiden_r1.0
2,a_5b,4.487544335492516,1.4976617836786534,-0.061384416717079004,-0.03041404662137003,4.1777261545092506,0.9478750477463405,-0.08361545593079026,-0.08767535409155208,-0.08347070484667612,-0.08407100355402725,-0.07573222604302415,-0.08361707746566258,-0.11124037186060948,-0.09311625544040145,-0.019460771441158854,-0.11060228769545809,1.3737886089782538,-0.07329996640722398,0.6615607544095796,1.434197596893051,1.0575620840258753,-0.09246942312640352,-0.050056811448807984,-0.09179159894642044,-0.0876692680205406,2.150807004158767,-0.05255830735161417,-0.04857442909231216,-0.07639590427716487,0.2817714083252042,-0.1015778438143939,-0.08382726335268807,1.808760712698914,-0.04897202570914319,-0.060094294462577996,-0.05904822998156392,-0.106031930037459,leiden_r1.0
3,a_001,1.239205165538404,-0.06355213096849216,2.2385816937801453,0.2666317355805113,0.49652247854548937,-0.08590863743383359,-0.08578735406427207,-0.09587612926803353,-0.08288443029276478,-0.026717517965458865,-0.0838197497772029,-0.10487594195914647,-0.08555961846784199,-0.10273631334337105,1.4242916829916847,-0.08589679004665947,-0.08007321653086857,-0.10807599348255142,-0.038965279585205466,0.3271925994244951,-0.05167474220528963,-0.10191356225981461,-0.0967541427362647,-0.09484820401633613,-0.10474691584249063,-0.05861898518431706,-0.09796787866411351,-0.06844800008184596,-0.06648514646419748,1.2318910371974972,-0.06283959198018305,0.9310756711189702,6.174745688290065,1.976342097980649,0.3956410854590929,-0.10830242825875401,-0.07345015306575493,leiden_r1.0
3,a_002,1.9180039658220314,-0.02119398228199995,2.1950842927552356,-0.016976415385504567,-0.04869008763910279,-0.0744911927936157,-0.07816279094643425,-0.07544623134863407,-0.07609974703232256,-0.046780416529316804,-0.0691471741224795,-0.10208007279761827,-0.1076652852900977,-0.10651083824536511,1.3043428621123325,-0.03849294078425057,-0.07988891328421255,-0.07574753131688661,-0.03401442901471512,-0.050898342280749395,-0.06941099567788597,-0.07882840620289702,-0.08774196867642586,-0.09938642449152331,-0.061666231601095745,-0.07668417864433047,-0.11163428841540946,-0.08679780659193198,-0.0923152481740773,1.070032355886751,-0.09266644096852467,0.9498985767480359,5.9662937685762865,1.8647239371161213,0.21331167990843314,-0.08961238462756105,-0.07715994138070165,leiden_r1.0
3,a_003,0.649305084930471,-0.07834857948512498,2.8699194987216923,-0.038997052918085875,0.49977873984606114,-0.0909063306284437,-0.10230023347288847,-0.08734526340788967,-0.0671047296985951,0.24363674744437366,-0.03281868934163769,-0.08259197640341787,-0.09679547118897044,-0.08671228800149146,1.5596451986777276,-0.09786986979769766,-0.06442890714567931,-0.05749511398662557,0.0010771916484419671,1.7999930861257973,-0.06060937064627506,-0.0771832470830473,-0.0891635290653369,-0.06446611431592057,-0.0930959780669967,-0.07379996064251743,-0.09738686987918334,-0.04327834584593436,-0.06570549182719099,0.08131541668551774,-0.09627480326685871,0.9055907146249221,5.152054357965855,1.5636333741255006,0.08119624782978974,-0.07255122849787571,-0.09535156070016101,leiden_r1.0
3,a_004,-0.005854604781955384,-0.04982744188812389,2.7833894190570376,-0.029968021756119328,0.07674512284389035,-0.09704649638595303,-0.11126458888451689,-0.10169541982993249,-0.09933242807326567,-0.060277465741644394,-0.07970364556350029,-0.09488874489683842,-0.09552370917218259,-0.09485969175662123,1.3329597862197984,-0.08745944630803039,-0.08833338796279165,-0.09048764738173129,-0.050223919441142004,1.2756053649618213,-0.0876751543028258,-0.09068885039751823,-0.0963938569984267,-0.0908715890120224,-0.10247268934270382,-0.07413117172834632,-0.08248086937403928,-0.08103163125863187,-0.08756469068664588,-0.02949630667300243,-0.09398406779993365,0.1542698554965279,5.216993798270504,1.590933474033249,0.09306713968922832,-0.0996738509471845,-0.09428738243277834,leiden_r1.0
3,a_005,0.16278721489335748,-0.05808581823683864,3.0694235463035886,-0.048067505965518065,0.5160953449919872,-0.07918845535210378,-0.1042847338527137,-0.08507649857567179,-0.0628878918750311,0.7173224270892655,-0.03399019962405353,-0.07552430409714356,-0.11017142278470715,-0.07019877596840421,1.7329186846326992,-0.0466731048655243,-0.10912665533336594,-0.06831716333228621,-0.018136551622766738,-0.04299692024389196,-0.07872149967192091,-0.1231208461434259,-0.10634190020851858,-0.10535604315270605,-0.1181259284064135,-0.07971157209980408,-0.07140561251882302,-0.07029363053421567,-0.06265816697404848,-0.05040635365274402,-0.05916635973786612,0.5357897854660569,5.209476299577453,1.4692462394405006,-0.010515104764373923,-0.09830726630952358,-0.04482246042614188,leiden_r1.0
3,a_006,0.8911020615463303,-0.03594525242622991,2.455155738481576,-0.007934488015579095,-0.08227410499738533,-0.07143202971911515,-0.09772863988350185,-0.11151463650964384,-0.07180269012381095,-0.06918556322582967,-0.07310223189232046,-0.07507428914335926,-0.10185060348444427,-0.038842142919877136,1.1946546694003635,-0.10317095259573136,-0.09867532187685901,-0.07548383118309776,-0.03620338613453163,-0.053216757189155674,-0.08617512709246211,-0.07152762992785167,-0.08880512899801692,-0.07316253310684015,-0.12110493290054516,-0.103293178562476,-0.08556636114029931,-0.09408468770646504,-0.06208058703150061,1.1680482520409878,-0.036554473312522574,0.4542562711995929,5.95636736620744,1.6840981194722735,0.24818308498442138,-0.05056982892828485,-0.08728328768381305,leiden_r1.0
3,a_007,1.2508053244310378,0.01505033655003781,2.348190274584559,0.006006488693585435,0.06200651406884934,-0.06963048171285366,-0.0790623608535804,-0.0917691842906316,-0.09146986202670904,-0.05902853493232069,-0.07871463816391741,-0.08575592693320966,-0.0785693654333661,-0.0911777677150283,1.0039791347302476,-0.08108950181829208,-0.08369943255473472,-0.0960285869760383,-0.040903319736083105,-0.01124451930142776,-0.1050926374211408,-0.10711036758014461,-0.0606080077651872,-0.08531406621184184,-0.10838471480157824,-0.0853161934361985,-0.10635146574202667,-0.0985580372951391,-0.08452529510146498,1.1687856059161628,-0.056284636176303526,0.6295566147995306,6.1178057638721395,1.904845057704419,0.2921699259746766,-0.07875847483345601,-0.08714305009103625,leiden_r1.0
3,a_009,2.461401383832966,-0.01370859833751972,2.5811654286965684,0.7835149097507534,1.5836350354569801,-0.05052733407726624,-0.09810146148213576,-0.09281576642623382,-0.08045200456346654,-0.010469652043195537,-0.038933277506726156,-0.11034492398654103,-0.1103571075226257,-0.06974971962429932,1.5578579665704004,-0.08175749803932393,-0.021938235851866703,-0.06360684648838438,0.3878197355004641,0.6594255546779794,-0.09070422826854488,-0.09584436020455926,-0.05735222508511441,-0.09774125146585547,-0.10078773233787584,-0.015322710171360585,-0.0732732156393686,-0.06959014105032076,-0.06062503406510743,1.5320689161237333,-0.07278900086809553,0.7291159657547264,5.911945079091557,1.9775089980479894,0.48101713351407344,-0.06952627328104008,-0.0454729405060245,leiden_r1.0
3,a_010,0.9561567683566778,-0.039155323225685365,2.506586108292352,0.009137510058640823,-0.03091193364529929,-0.07369588130534607,-0.0843780375693231,-0.10602191990738916,-0.08986074540629087,-0.05450768553795715,-0.08546847555394183,-0.10912659824423526,-0.0912589167901324,-0.08309580552143664,1.3444713135457476,-0.06869569330178527,-0.09061005213909856,-0.08347890277224118,-0.039134235742337375,-0.07624127732676225,-0.08934577253813843,-0.10016516201220929,-0.07143771683985745,-0.09342035595195411,-0.0893798380184472,-0.08666481415472344,-0.08603167894643102,-0.07952435247397725,-0.07341557331321247,1.4956981694034117,-0.04409050890569496,0.583580025287397,5.764148819993581,1.9370786407426799,0.22736478698870438,-0.09799811370156468,-0.0749537019154897,leiden_r1.0
3,a_011,0.40403467313323,-0.0485341808245946,2.348550617309166,-0.017838919233689226,0.9525662085514524,-0.06583294980068097,-0.08409200547404139,-0.07523547226436193,-0.057698149183651445,1.3612525993278062,-0.06830904093487059,-0.10728045335294117,-0.10310879893960997,-0.10781149654822925,1.1828421115821668,-0.1045363065851304,-0.08749754448174397,-0.10139634142417861,-0.05996536952338325,2.040608946258716,-0.07016936458187585,-0.11258219632933708,-0.08283617917659548,-0.09168440434188274,-0.09495497544474225,-0.07071633984430299,-0.11324193436193475,-0.07852013206806968,-0.060136251821517925,0.29173850401280416,-0.08215407924911383,-0.0329176103013409,5.076852332898222,1.4295593652048428,0.044446986961458684,-0.05669642155434289,-0.09176096608836662,leiden_r1.0
3,a_012,1.0009176157571404,-0.06381817858111881,2.4348854518459184,-0.033081492619570205,1.0981401231378645,-0.11816141216239642,-0.11259562595331638,-0.08644197052045251,-0.10985570844523344,1.618656620105839,-0.018429359469714968,-0.11204744668207228,-0.10917712135936763,-0.10166331307575707,1.2857170007923586,-0.08574040422509954,-0.09890036748796835,-0.07304325832069447,-0.0427385374223338,1.838210717025708,-0.04110452605787862,-0.07316051176349615,-0.09865554271867841,-0.11214197384010574,-0.09997778157793882,-0.058097562573872275,-0.10914918137887551,-0.08895380848658871,-0.055485486062840844,-0.043865284878762234,-0.09365402918257039,-0.024121698838253443,4.262137258060374,1.099986817373946,-0.03706616746494724,-0.09534474361754913,-0.11219490688085058,leiden_r1.0
3,a_1a,2.697686197235869,1.788448163295446,3.425802971952717,1.467922158613446,2.0754861222034218,-0.07194638747491072,-0.09071701172744834,-0.09662870152188638,-0.06809062717735181,-0.006180831551389752,-0.07270389370764586,-0.09419393405187124,-0.08573094911863852,-0.0940686759151913,1.755911258931657,-0.07397885755632898,-0.09154697884742925,-0.06862439090485119,0.3872929717222857,2.657844473980721,-0.0828476969725212,-0.09437813940358016,-0.1100640470197092,-0.09132597143786611,-0.07289182368084181,-0.01517571074727081,-0.09906012814465494,-0.07331690224247545,-0.06346950681034139,2.318544090836317,-0.033342572750756305,2.126466826158701,6.2826083272865665,2.6335070439708854,0.13258485964849054,-0.056646303025479225,-0.07819249030684434,leiden_r1.0
3,a_2a,1.8591462516067025,0.5429448638414449,3.327349474527487,-0.024706337134295327,1.4197150735147905,-0.08562982573657278,-0.10780190828942908,-0.10301111356177235,-0.09778206972558853,-0.07780785203263686,-0.08963488740975702,-0.1064465581781216,-0.100727301360902,-0.0728374180006209,2.069808093368817,-0.09497589169521432,-0.085827415781763,-0.057833131088646725,-0.025895767868546037,1.3570655124265583,-0.08287383324028917,-0.09637341234322985,-0.08860894264039104,-0.0920326642529979,-0.09636377139041927,-0.03924759863650633,-0.0682237785466553,-0.1045529288078288,-0.08719877822569853,-0.014197757683875203,-0.06112752597716586,0.6875665392257971,5.841608735554418,2.1274408021688704,0.1803105079992323,-0.0884456760130173,-0.061629869124470556,leiden_r1.0
3,a_2b,1.3308407882267397,-0.013094936079690575,3.2879604540183087,-0.026140719647995726,0.41881372320696586,-0.0730991363571481,-0.09790971548381025,-0.11790327143562221,-0.08154539223788518,-0.09869227170103304,-0.09832537475517139,-0.08383496105042325,-0.08983094190404102,-0.10928315890878561,1.9556291209839098,-0.09141386684476113,-0.07681949280625867,-0.09253625183336861,0.11157717957102507,-0.0065664303782895705,-0.06651106484176209,-0.09245656181733114,-0.0994936285458387,-0.09592260965008269,-0.10323458609555014,-0.08628976650007136,-0.09027025174333085,-0.07887219883382764,-0.08517312058313295,-0.017611503635722937,-0.04659604313867285,0.20232620662330186,5.707815751254893,1.871927578125988,0.27118149162062155,-0.062194910744094084,-0.08490115101514348,leiden_r1.0
3,a_3a,1.9322576809765846,0.34427849137716604,3.2368564550235672,0.03555004033278882,0.9513580783305658,-0.0752281212214834,-0.07556358169631688,-0.07326515146412912,-0.11340941459225243,-0.09094457503982589,-0.0792807655109761,-0.11186170516494705,-0.08864383008947756,-0.11355557097670044,1.2282401881384981,-0.09035169244168628,-0.1118056351398217,-0.11549642157672954,0.1227374807184546,2.230619912974929,-0.06806183432414914,-0.10358131966302465,-0.09094187145774452,-0.10934149345606539,-0.08196015819644767,-0.06591415790713748,-0.07306151845510592,-0.07361708658749411,-0.07739691762107914,-0.06179082874021856,-0.07278414261619154,0.6086238117779222,5.645516374153063,2.3682209893671073,0.1009011718624579,-0.06081004440850252,-0.06423579674371502,leiden_r1.0
3,a_3b,2.1103092193439785,0.9304870893405589,3.486878981060025,0.3035638161882116,1.7203648506364797,-0.04756769038850171,-0.09161721971396093,-0.09471901847183137,-0.1086930357517068,-0.06120191642398973,-0.0781611526262471,-0.09897158658870563,-0.10466227673645638,-0.08967815243543067,2.234231840686639,-0.056692072834768015,-0.08552157567559146,-0.06992432221370767,0.3107299192915741,2.4562574724984247,-0.01757228119783063,-0.05057262823552797,-0.07269053344503329,-0.11237947670600412,-0.11922916197392322,-0.03466885991945811,-0.08802614617075029,-0.07672958289568765,-0.09535837672630049,1.0046685943463083,-0.06434354966630483,0.46956019069839644,5.914542418654046,2.1210540032828176,0.27580130922249235,-0.10622660522483796,-0.09504794653564597,leiden_r1.0
3,a_4a,2.773724428464342,1.5113721613745226,3.1283316080592387,0.545528867490273,1.956806117050957,-0.04896443224266046,-0.08026103487788076,-0.07121509485775036,-0.1051384584372833,1.3446183003828336,-0.03878914687324862,-0.0675858886559149,-0.0814733550776133,-0.05555876994941112,1.7873750779304678,-0.07793024845107208,-0.07416032655140445,-0.07803170877337184,0.6588385794845194,2.5328158413424444,-0.007609685083145701,-0.05175830343431375,-0.08125455580676148,-0.0741720126693805,-0.0931682375010777,0.18592352492574976,-0.07363858400901245,-0.05137762608359704,-0.07729939856666745,1.2916243689320415,-0.08164090646906227,0.8366825763964876,5.971372474105704,2.3732602308333126,0.3679222486944685,-0.05850153897348047,-0.08761584702216944,leiden_r1.0
3,a_4b,3.3879007405848913,1.6140329309905794,3.3918466790490394,1.5557978564999482,1.723791659374836,-0.07905969046253995,-0.0791353185506601,-0.08549518918049993,-0.09343826243053387,0.45821428075777404,-0.08607369196097032,-0.08701803975234249,-0.0845775576278289,-0.020434794664687856,1.9297360735796174,-0.1012515664498796,-0.041252924657516,-0.06986661802685096,1.1530532037394734,3.0811415901687598,-0.0059342825799354165,-0.06981896118672222,-0.06587459463932273,-0.08610046247561685,-0.09006965178178726,0.2685110331340197,-0.09775567192421432,-0.06337248681817437,-0.03917301308292595,0.7505899203412334,-0.029234572180594602,0.7939956206345078,6.079004684362244,2.520625074130694,0.8239137516318484,-0.043438166082675755,-0.055287151623915086,leiden_r1.0
3,a_5a,2.2170072750918326,-0.024355298388694838,2.9229489115134006,-0.024783328723352736,1.1956149281587451,-0.07610538981183554,-0.09099568664743245,-0.08741778279921378,-0.10620484610030281,-0.04193066901251237,-0.0936201545165302,-0.12404975677002414,-0.08931991666988953,-0.10476615783344641,1.309703216451716,-0.10029489799116599,-0.06908380693629343,-0.07821127387001774,0.03498462220650645,1.935359876527766,-0.057543243598159995,-0.10586110905268671,-0.06932030002917021,-0.07687410218901673,-0.08418618104938226,-0.03501005781129491,-0.07979443667266843,-0.08314895560895537,-0.08506761538033601,-0.021610894942195546,-0.04777759945838258,0.4981621703246478,5.965820229741726,2.339611972555299,0.6242613990794427,-0.0821118607075846,-0.08110399612793048,leiden_r1.0
3,a_5b,1.7868296744545298,0.22694386110183332,2.609831315264933,-0.032642441319673914,1.149952526718685,-0.07800292987264006,-0.0921861443697442,-0.11760589374636196,-0.08738960214506987,-0.07533068895548739,-0.044929835823119095,-0.10052081614360783,-0.09560031017479294,-0.07055643224764895,1.5510919381576898,-0.11796383723539643,-0.022442525158247836,-0.07274833061247045,0.2269934334402011,1.5822789999027127,-0.08852826847611212,-0.06938108167324343,-0.08318926383249751,-0.08853507248655348,-0.11043606517856605,-0.06944054302223898,-0.06641505124360958,-0.0887726106317764,-0.09079001268793147,-0.00011889617862107016,-0.07222086870113152,0.37347016964049695,5.716685105640932,2.2446614740951163,0.6428390795408799,-0.06520481979483433,-0.076450925502285,leiden_r1.0
4,a_001,0.32387095058539406,0.2612626348682652,-0.03285741343008741,-0.05174808103053006,2.413407990387106,0.8742041538197896,0.11584751796964872,-0.05153364650760758,0.18381511263014016,4.267482589072503,0.23829169496465608,-0.07380886083420171,-0.0739215975862137,-0.0851401738673405,-0.01430177696204378,1.5037055275013333,1.169177912860723,-0.051588543993254535,1.5514864907100119,1.358982638172693,0.03357418086694536,2.004139877970754,1.7712844725556107,-0.03557919978179104,-0.06725469236014875,0.2414806230893169,-0.01881143906974775,3.067776303800919,0.13917094011277478,0.2380724664759755,-0.049223958401214934,2.233404319693066,2.045355199758433,0.1727672307509346,3.110178784198127,-0.030188688747656976,-0.0680071818140508,leiden_r1.0
4,a_002,1.5692324931966148,-0.021208149259522777,-0.054239460802048854,0.2917826731755019,1.3521033341100057,3.2414667301401443,0.4411414988580998,-0.09347254620905762,1.2275557238441221,4.475736399549056,0.6046316323862053,-0.08739496989405401,-0.019698926810415095,-0.07205499161098577,0.37270478148470065,1.207500903131448,0.9060178697084472,0.8971862263556942,1.9222597948004871,-0.03267158437026843,-0.014253795280781948,1.2073825535130365,1.4203151254620183,-0.060618920417913655,-0.08398672822642447,-0.01832367459686425,-0.03687091360579561,2.4429479964990555,0.0934242450396578,-0.03525044102661829,2.1346963513481207,0.2638280192664859,1.87255663331994,-0.008863241409068662,3.138726896905428,-0.03423206959070338,-0.08959508243622984,leiden_r1.0
4,a_003,1.0749229173480455,-0.0693922663716973,-0.05901603997278955,-0.032428487469706564,2.4420377587426225,1.308928208521893,-0.04474585436407699,-0.0929185207257758,0.0646008250908596,4.252892759301423,0.969815363121872,-0.0658296667408575,-0.06818440592360576,1.1316949077491514,1.2452405308788164,2.0248395262773298,1.6064141441475015,-0.047308129634146864,1.3717824027805192,2.2045353775073466,0.5030548537676515,2.038342579895389,2.0917750192140323,-0.011850854519659514,-0.09727113861811373,-0.0405379539661008,0.26882965019559746,3.0119317151212255,0.7724569106737418,-0.05660952633705358,0.08790472238485633,2.672499954240597,1.971475938484156,0.21497565886714826,3.4600588364332507,-0.006865807325154045,-0.03796636836305657,leiden_r1.0
4,a_004,0.30841565378208635,-0.06921768948985475,-0.0743331534078126,-0.06864425063838589,2.5215011508626857,0.6493871851946615,-0.037742688981623945,-0.11808662844311488,0.9395518273763186,4.153296720905164,0.7652702639835065,-0.09868493696066795,-0.0739726625227633,-0.11096983568002178,0.33748980856096,2.2195752828214657,0.813990962984517,-0.06179399763880485,1.366873087280552,1.9577903887161963,0.041329649772933956,2.098772099990047,1.7978432665103452,-0.029616887041667532,-0.06277975096767084,-0.041923118879457155,-0.015512792279257871,1.804302611636947,-0.01824929530962293,-0.04341762099598291,-0.017932628022895775,0.25954223397142545,1.4707289625943438,-0.05375345819653719,3.59331364126586,0.08321101242956577,-0.07400463615083959,leiden_r1.0
4,a_005,0.7416414800557191,-0.04093560409217746,-0.08502698377643766,-0.06758760929637253,1.5408113067078695,2.1232357649310836,-0.050639893761207394,-0.07554694183376132,0.6306904802033542,4.4638527006373385,0.7761052724723552,-0.07852612259379925,-0.033770488755037714,-0.016235436325662086,0.41090058261607937,1.2684033756835773,1.5067926837620425,0.18592377350894315,1.33060925440478,0.46535338266869714,-0.03791441749575619,1.7943892050012475,1.3767595905660193,-0.07592931495999655,-0.09848030798952033,0.116744629332475,-0.06435868036595271,3.2660352164594237,0.37236033233140065,-0.08097908831338037,-0.05597528959603222,2.5702083012334445,1.0384004316440014,-0.03080911329412616,3.474691409337285,-0.019402262537246452,-0.0426663363575452,leiden_r1.0
4,a_006,0.9534729837285489,-0.05108923208194249,-0.03392222489413244,-0.016678746120289637,1.081245913443543,0.24297778481551371,0.27691990988432114,-0.11918596415730669,-0.046932253931167706,4.277988482124598,0.4382278411038848,-0.05893943226638708,-0.03893150639121026,-0.008596731631693087,0.33020733819531517,1.984943473576206,1.1279115104590882,-0.0728075994114951,2.0326078835127612,0.816553757092157,-0.03623029362688897,2.001554348567378,0.6703416025997395,-0.06704628896592685,-0.09103337937248411,-0.0616442244477828,-0.031731611829281435,1.9052799843765138,-0.09905543645455538,-0.0778411119795407,-0.09674117390312263,1.9017778543274348,1.9762061995102012,-0.022323546839774364,3.188636207883392,-0.05063473862374963,-0.03945161339885537,leiden_r1.0
4,a_007,2.067578242822906,0.15305848980276557,-0.04019956210190187,0.46792809163164706,1.808257971616824,1.481382329409197,0.33331443323806953,-0.07914936507544285,0.2960985542361658,3.9799169491926234,0.17521347335115084,-0.06949155471820045,-0.03318102922533152,-0.03191716844305702,0.4269484663971408,1.7673462944331622,1.1250750406377514,0.13447595527337744,1.2829733842747122,0.3380619137629993,0.0583633074756901,1.6980657080561448,1.372814605400863,-0.07858222725075001,-0.0908299202297281,-0.01938718699773235,-0.042052989092619855,2.895021809711778,0.1434179740441583,-0.050822591239431024,-0.03943447549522885,1.7989100311649833,1.3465692522059367,0.32417765766772855,2.8189878397284867,-0.03296651023899952,-0.07417735641985745,leiden_r1.0
4,a_009,2.739436675010364,0.01558448767418331,-0.048879701348365834,-0.02057993870610699,1.992170178695716,0.6083132960360252,-0.009596300360353423,-0.1109352449042013,0.35670426127623744,2.8755130133784665,-0.05070626176696468,-0.09895212975166737,-0.059175692295728034,-0.11911931111474786,0.7051636990886581,2.1596542137431913,1.8087157272215881,-0.03285270613880443,1.9895410448373594,1.2283417932665734,-0.007146456356757512,1.1845878944362433,1.5307275384655628,-0.0736184624026186,-0.06460683856699351,-0.07845527347571138,-0.001866011542487652,2.159457803415243,-0.00896436710215646,-0.04374168851201641,-0.05363195409284825,2.181928432117943,2.494855593533854,0.1641275550930433,2.861851022638192,-0.09013249400315587,-0.04941554651455958,leiden_r1.0
4,a_010,1.28542309703917,-0.05340695297054988,-0.006952965861773449,0.2566031544190814,2.054872238773026,-0.011912085774479464,-0.05382760995493214,-0.06910095002064402,-0.005897135007613202,4.341425857114269,0.645871630995176,-0.07488135768125762,-0.02491277389013289,-0.0696199364259579,0.8405644703799589,1.8634114577403187,0.8087215412863975,-0.10666405937637324,1.9686133695896997,0.13896723537062317,-0.0528726188131643,1.2725899810249361,1.9613667705570108,-0.08560932540013928,-0.09621691929386521,0.3549550981919008,-0.03338232778366124,2.54298923377135,0.6216264105228128,-0.025874680849778953,-0.05847814840931053,1.9483043222552723,2.732556414472021,0.13085073115972415,3.777921981860408,0.008546155223242955,-0.026346150815538108,leiden_r1.0
4,a_011,1.8288192895734612,-0.024593930104837652,-0.050450104734977304,0.16190643832156637,2.0378145122816727,2.242088535848389,-0.027225605788553386,-0.08017632328268093,0.3794930363966601,4.399141471062349,1.1249129229965371,-0.09134162385215268,-0.03775568881230731,-0.07439484348519076,0.6173498379062062,1.9197701360773582,0.9490780035080617,-0.06003424384997647,0.9842320675186987,2.574900078379898,-0.0016692474183074494,1.4499244293698235,2.0345029428928836,-0.053246885849731876,-0.0788692753828189,0.610803634844546,-0.045071375706687386,2.201410713870312,0.45064310194383017,-0.054033994809614704,-0.03412527276871283,1.75387380845502,1.926665646162572,-0.006766442730116507,3.5712172129101716,0.19716682047595918,-0.07869297578373192,leiden_r1.0
4,a_012,2.5683087276966043,-0.030089508487620133,0.12053259431624924,0.6524966242369574,2.6051123402217975,1.022419492633571,-0.018333470691451276,-0.08673565610499913,0.7119606238169996,4.3756826989687845,0.7782892461228719,-0.060882577699886795,-0.07553287928598029,-0.08239032688089123,1.9105170283814585,1.2829682476640156,1.237701295824705,0.23524511560910594,1.8470539344648953,2.776323866579635,0.7963241373097295,1.437909366949001,1.08036840942674,-0.06860510309132578,-0.06840015224222881,0.5215203350749202,-0.0261957518779365,2.73878368085505,0.6055476971542857,-0.052587229235525154,1.5461680439058711,0.5772644683583166,2.831704273252039,0.421191956807783,3.103721801590676,0.1482779162340347,-0.07729876983142514,leiden_r1.0
4,a_1a,2.1952455943456353,1.650300321595871,-0.03965378618363968,1.121866100984584,2.8970074493455127,3.312683029039535,0.18722155147405733,-0.07142862162402737,-0.012206391364270961,4.700484330219962,1.0225211917680181,-0.08442806679124731,-0.06313782208407444,0.31843382864777986,0.6784148215769655,2.77806356870419,1.9543134863894223,-0.017050949523861148,2.8800119887066513,2.8557223814661374,0.4395083444874313,2.2783005912023793,2.7799465291459113,-0.06279416752446193,-0.09505109491560096,1.3344299753189377,-0.012478966483297629,3.89558103276783,-0.006680746599028816,1.496341050120477,0.05760247586778953,3.676241580899875,2.329792240157827,-0.0027174236336305643,3.988259191967099,-0.027109071051843597,-0.07441069614534938,leiden_r1.0
4,a_2a,2.5482357419499024,1.090764672744962,-0.0212593291280814,0.1753481163156622,3.2251881478396864,-0.005365599709404435,-0.08848215038631096,-0.04734432106360058,-0.03735805580045786,3.354345316217557,-0.022501461166358178,-0.07205202202816155,-0.004390369340372625,0.5724266275410181,1.1634857586701868,3.0968142221755084,2.160851667082392,0.5523367400269789,2.761515812318101,2.100497984558131,0.24874869127324264,1.9738792264989797,2.5872807690160164,-0.0410464154584356,-0.05863702278194259,0.6104659347435362,-0.057194855122705876,3.291133300531561,0.14782347048654465,-0.04571815533767308,-0.06764208525774383,2.043600967396641,2.662825101906815,0.9435097614924628,4.120423013657859,0.23570501815023917,-0.06135608006302992,leiden_r1.0
4,a_2b,0.3169021977613149,0.7675595228496164,-0.019899562911018843,-0.047497727568411356,3.016033564945804,3.6250113849959003,1.6355023019090815,-0.04761059245318109,-0.03017350325197538,4.40895053826109,0.866126400793587,-0.053490845856842356,-0.08711338532147712,3.4385264128060418,-0.0018912276154918017,2.537619947497243,0.1294529962219195,-0.02413622779698037,2.752115972494736,0.17374844427356162,-0.054194608679012386,2.083030169774622,3.149115844767616,-0.014186971819567008,-0.04272935890092632,1.301381285155978,0.2644308575130867,2.234821064623871,0.207741030338957,-0.04341529053205599,-0.03719587877924002,-0.038970109854096324,1.5159313145185775,-0.025853444857683143,3.9294772247815257,0.2757952151718046,-0.0949975911487301,leiden_r1.0
4,a_3a,1.5674905118223141,-0.0151452094541017,-0.03601130984662895,-0.05329027882096647,2.164759266753582,0.26792602761340784,0.5030210200696963,-0.10020009739685395,-0.08879842534587792,3.6603892521274486,0.22981349138548812,-0.06170342571043848,-0.030616697597479512,-0.08888138817004071,0.5210098931312361,2.433056417716415,1.4851075547958588,-0.0718021962105756,2.35155545944143,2.2488089601102943,-0.004285669769302518,2.478759120301696,2.3266386393781593,-0.07546508522888992,-0.06560130364946376,0.33933234104571297,0.3493758941786924,3.0935156505783112,0.4325568322920321,-0.008856607463207097,-0.05811614118132473,3.32414947882216,2.0721997701434667,0.2650745642469616,3.4799777841669473,0.05319158130213944,-0.06177258406029863,leiden_r1.0
4,a_3b,2.583362189754751,1.0964742886302734,-0.04872801535405501,0.1704169874164572,2.4361391996419304,-0.001874891873966774,-0.03522386491526648,-0.08697103469604384,-0.015262970781747764,3.8186005204047837,0.06769041654546856,-0.08966160207766422,-0.1033556878970633,-0.0914063226353365,1.0993550565046037,2.5567233733628854,1.9323928779685373,-0.005988820978332302,2.4996464152761826,2.7836817272127217,0.5557488284464202,2.094458826201601,2.5465142066102393,-0.033677952615834644,-0.04620243550863651,0.7201756906494784,0.13406221940463142,2.857478916637803,0.18205232487527737,0.02924244556871992,-0.06064707951891921,2.1480275305481022,2.5701547116111385,-0.003871744883714185,3.684676642188945,0.21652764602788274,-0.04155905688992772,leiden_r1.0
4,a_4a,3.287269075558303,1.264725606092971,0.3620920094919454,0.6406020885755084,2.7758336190559927,2.834981235288681,0.2573273104079259,-0.06661193518259192,0.6021256061025378,4.328970845697025,0.8840839511224066,-0.08169541362551345,-0.02543387265249513,2.540409881117858,1.304977844363413,2.3523882019654634,1.9068150528595114,0.7620714913390794,2.5814067138688372,2.698427543426944,0.42271253955880217,1.970506083228197,1.9586367590140816,-0.046674216227712145,-0.07201668812342654,1.269019359734414,-0.021194220214750488,3.7658497090366625,0.6074424162187506,-0.005791772953776259,-0.06388882127985712,3.5090060472756726,3.362584806894108,1.0416017681912777,3.857054991881153,0.26460664450552596,-0.04612402106122104,leiden_r1.0
4,a_4b,3.9556795594691265,1.3804444997473881,0.3481897562558002,0.5724247899889776,2.6945638951687827,1.271423402279417,-0.017362347700639436,-0.10417578027854801,-0.0902396608232329,2.7024329544185184,0.8952318347084505,-0.07085402883210418,-0.06688891452302197,1.945752277067133,1.8277644022126553,2.2188179546025184,1.9866215895754245,0.39516295763716786,2.7282471932801684,3.2120276775550076,0.37020223746685543,1.9678464033560197,1.8622372594872112,-0.08306571419677879,-0.08232378030774429,1.6786706823065267,-0.02500797297323725,3.8880039138560254,1.291430643629687,0.016956936690530028,-0.020526485114377952,3.7866391270165396,3.1904163013110667,1.7321912780551534,4.215326873044314,1.3261778763164025,-0.03984053128530357,leiden_r1.0
4,a_5a,3.1609112520962945,0.11563574763056521,0.2012917147917359,-0.013702240255258482,3.211163071274681,2.5598103970831545,-0.03573100310047199,-0.07073361100849629,0.9257345231574474,3.090626859153681,0.07424350032248939,-0.06763593000225396,-0.09993362063326891,-0.0049137892025248745,1.698366076766834,1.6402603444073682,1.7490657612991622,0.38734173254548643,2.455189841761894,1.8791051730419026,0.4666749314166555,1.687467663008761,1.9124436302531547,-0.07169160611236514,-0.07678379704658414,0.11770074112594198,-0.04466592175220088,3.7273876039166645,0.4581382594161236,-0.10630240275232093,1.7867644624737227,1.482102747413548,2.3289447023675915,0.7497740041626605,3.8942865927066794,0.01912171531023982,-0.017757187901318704,leiden_r1.0
4,a_5b,4.750714697742477,0.3110209660559869,0.13024278979879036,0.19477191861808055,3.1655201200661973,4.105733998936097,0.31902058477869794,-0.09837969180613226,0.9216036992309794,2.983297955871851,-0.005615502140038888,-0.11114717855096261,-0.08838261061299135,0.6093641770538571,1.758511216796692,1.3670974331045775,1.798929016813252,2.2753127853823236,2.4973130274099966,2.1450882919175296,0.49873730181785536,1.5637864891128015,1.7259115254073114,-0.02778879070545615,-0.09116432942600401,0.999942542202708,-0.021065682771268343,3.392456343958025,0.42374451965295623,0.0858956498463571,0.6667621027649105,2.1465195485654927,2.7755075292799796,0.2234041295505808,3.7208907203137964,0.11961218315517105,-0.044264537837821444,leiden_r1.0
5,a_001,-0.03243883812703274,-0.11164551661840734,-0.0844603313293742,-0.0580120243903054,0.6838417792625132,-0.08434391620963011,-0.09489191059095159,-0.038510612799707425,-0.09687980401079781,-0.05460837781534493,-0.07168586844528468,-0.09237020466414164,-0.06496348711058197,-0.06087036626800581,-0.036755206924902924,-0.05567405339260109,-0.05782340442536145,-0.09190952374507658,-0.05740188744305798,0.6731835753311008,-0.08027171977708916,-0.07402365144554789,-0.0727030684911843,-0.09482634004086013,-0.11630165196116733,-0.053435305077084834,-0.1086333747894771,-0.038539954219232314,-0.008127429000753172,-0.1003029525437093,-0.08909185599256297,-0.03047274430841752,1.5925880970176665,-0.06974204450633315,-0.06215782231590094,-0.09379966311390842,-0.07508241737272317,leiden_r1.0
5,a_002,0.7903255255320654,-0.07795722996656054,-0.10799967615885038,-0.07348975149037891,-0.09024003076865891,-0.0671005897014577,-0.06887908855353408,-0.0920911318040208,-0.07495204522003576,-0.06661293862996909,-0.08250543711464464,-0.10507971423771971,-0.10972870483536884,-0.06273600745694116,0.30346084595540174,-0.06662278548605907,-0.08038682179004955,-0.08716080509746249,0.34236197111232824,0.2778630992009005,-0.04959968284894766,-0.047350016508374504,-0.05963402148158234,-0.11092530551966717,-0.08985357398868923,-0.12811223677175387,-0.08947306364347524,-0.026084010290857565,-0.05681420281896132,-0.08391268280187164,-0.08087676905120733,-0.07584903853574196,2.7975806990122845,-0.024032807690601864,0.5651594932842925,-0.1067182074688598,-0.09894894484741396,leiden_r1.0
5,a_003,0.8707302934996939,-0.10385796014786802,-0.08909498716900686,-0.0653639456704451,0.3941183656859507,-0.08892443379127249,-0.12018842377186141,-0.09347134398768325,-0.08948937292784222,0.0775300797750851,-0.11943126971490406,-0.07489828245442018,-0.10727692054745724,-0.02542068225208399,0.4349070535730966,-0.06153996396004386,-0.02133862858129005,-0.10095485992379938,0.3956251312839044,2.538829938985846,-0.09512913850081973,-0.08661410511392578,-0.06423175398095554,-0.06652496849686723,-0.10175326373381066,-0.11121189857941204,-0.04860981634488194,-0.05737253091824487,-0.04889300802987741,-0.0872799133828463,-0.06142227952551067,0.10223011757484965,2.7263549760240933,0.17170626464919353,0.16056463846236854,-0.07371303094222065,-0.07299083798277162,leiden_r1.0
5,a_004,0.3158884889297421,-0.0743971675921408,-0.08624761012995566,-0.024412031104552333,-0.005647526462806997,-0.08091318436336337,-0.09788132485078514,-0.108810790074514,-0.09422956838149671,-0.03894197992768382,-0.06992004820221626,-0.0730325926227102,-0.10046624374343596,-0.10141995447590768,0.4196668129744318,-0.08574999428074741,-0.07552930449877192,-0.10696156404505039,0.2637948480027293,2.5521195395218914,-0.0650643793235229,-0.0877379127761069,-0.06128532566782149,-0.12139008084281445,-0.11736109603747404,-0.1072335641250447,-0.08277848311071559,-0.07149923367271231,-0.08977800010898408,-0.08496613588505737,-0.09878795907752354,-0.051568245462007695,3.30653129337918,0.06692683518321067,-0.009533262391354796,-0.07194896169048279,-0.09008191631271098,leiden_r1.0
5,a_005,0.19318113941661313,-0.06601948310161176,-0.0762000601572312,-0.03581891611012564,0.32600846025905195,-0.10744170090387326,-0.07676409510715075,-0.11629804062827236,-0.09095597452363638,-0.012283397873869603,-0.10375249820547408,-0.09146052544589314,-0.07894596981105487,-0.0719052338273754,1.159364244011868,-0.07701542180108654,-0.08032115830642755,-0.08148611692481952,-0.01275534387403787,1.3309139085995367,-0.021887460814173004,-0.07238628003200218,-0.09128117006697509,-0.09077513395537584,-0.08986869826314012,-0.10035366779635105,-0.07742322117304413,-0.0810641868446525,-0.04743894848053326,-0.0840912466491133,-0.11274789443448346,-0.0491002999878276,3.28788146434681,0.11262989581763655,-0.041403272353152505,-0.0730236565865305,-0.04886689419568821,leiden_r1.0
5,a_006,0.4737338495800993,-0.08762656169323274,-0.053786550818040416,-0.04718679055111749,-0.028625607531642117,-0.033299766227030694,-0.08832533224335518,-0.10023689487669013,-0.10008281291114128,-0.05929046094003884,-0.0789946292600209,-0.08358138529099733,-0.13706471135475753,-0.036975658703828435,-0.0721880221144823,-0.08690372563476267,-0.03322985871577274,-0.0899358427982635,0.5828973064399274,0.5058577252886982,-0.06239562118992957,-0.030169298101183035,0.12585482471966922,-0.09072232858345146,-0.06422365947266423,-0.1059253455703165,-0.08846363768115409,-0.04757329325354562,-0.09099156098358281,-0.08551968836716302,-0.06344093937227595,-0.06444289910327541,1.4389781229197738,-0.037965040248033925,0.16886193336081978,-0.062243631566929566,-0.12422916344185425,leiden_r1.0
5,a_007,0.6709388885576346,-0.06486181732246105,-0.05147085558055255,-0.05417764626332832,-0.006123652407669424,-0.06391822988282841,-0.11061372137997022,-0.054688577130057314,-0.1133524702780284,-0.07893947367296443,-0.034988488181620106,-0.07228399207618669,-0.08527339270649124,-0.07268340809763582,-0.021884513900200988,-0.07081837772514715,-0.054564224767926044,-0.08297420786349755,0.04924366813231958,1.3190085212000136,0.2690198782650837,-0.04555470521648525,-0.03141058326495584,-0.05089875684825534,-0.130177894815134,-0.13403196215343555,-0.07103022794113242,-0.05295918062920924,-0.014425196146475356,-0.08281285248772265,-0.06679008006786108,-0.045860509214159184,3.0934428067532767,0.12678707150540539,0.30721574263635065,-0.047341545314489905,-0.07663775703016623,leiden_r1.0
5,a_009,1.571735087025684,-0.06796343322250074,-0.06635072464550518,-0.03959952597923507,1.0274948020186454,-0.0495210934004604,-0.10982308082657787,-0.09250531838362856,-0.10352230860580444,-0.11501712856838966,-0.11965615436542573,-0.12100043744070971,-0.096642115450982,-0.11341723714584856,0.5472115950522437,-0.08216253838493573,-0.01352229482462843,-0.08118673496732867,-0.015214748772783015,0.7197686096590983,-0.04240260427846736,-0.12225449442200745,-0.00938141815391919,-0.05194596666129601,-0.09618559311018311,-0.07526113685528255,-0.09801640803680756,-0.06289956086750846,-0.06062942728437371,-0.08489246218664986,-0.04835657075021195,-0.019813442237065722,2.646105067023149,-0.0612764136311577,-0.009817986411240534,-0.08292470969952279,-0.06633099721205796,leiden_r1.0
5,a_010,0.3902814664830272,-0.11893805260752786,-0.08758711034521369,-0.05844108793648228,-0.060384880177632244,-0.06891406413342249,-0.08927644519777542,-0.08994149190758291,-0.11270348408231382,-0.06903859544577734,-0.09676053189720932,-0.09422983747817765,-0.10846137132031519,-0.08676124113056849,0.0325553107470565,-0.11586273644878455,-0.06284886355134486,-0.0994417857738629,0.6622360118757915,-0.0682880035735139,-0.057948210470247674,-0.030813403803463264,-0.06805613292755047,-0.09232810105524616,-0.10065548708597455,-0.10892017216139155,-0.11277650660027208,-0.01763334670532085,-0.060865264818568486,-0.10060312481606705,-0.0888460207243808,-0.017795665309594665,1.9496712114190442,-0.014192831371524032,0.008988782568954686,-0.12425934842755768,-0.10409331004308736,leiden_r1.0
5,a_011,1.2285748303061466,-0.10687747479204357,-0.10255473772970589,-0.09128648614686852,0.47383060037978975,-0.09258654725994984,-0.059385419881650206,-0.09981733531505843,-0.09203580490914054,1.0305614292642062,-0.09327406341242625,-0.11150320233562892,-0.10468894023595898,-0.0958392860054531,0.627843378687754,-0.0657051642050406,-0.09406984095660986,-0.08043789508835797,0.026130050271267233,2.832285997535721,-0.008005147221981734,-0.07435093143194532,-0.08458535011590185,-0.09431339531752794,-0.08294943559476084,-0.10282329093996623,-0.10468451209002866,-0.10025515204004891,-0.06028658429309993,-0.0793602933451656,-0.10020235052457206,-0.03841023467823091,2.3416286161265276,-0.015467791115915086,-0.047566036845603454,-0.08891997451985242,-0.07505101255873686,leiden_r1.0
5,a_012,1.3762934035911945,-0.06222766333048369,-0.048984253588910495,-0.0575317438472987,1.0744589114982226,-0.0540923042368187,-0.10744186716673848,-0.10919079024719142,-0.056150013155052275,1.4609667744780854,-0.03239731249784358,-0.0818567678251412,-0.06909639387200482,-0.08987916155181641,0.9491324405768955,-0.10039517371049073,-0.03762965554806891,-0.06080171845556113,0.3432550181825311,2.8214881809330974,-0.04030531338197499,-0.03116993737854043,-0.07033142194479483,-0.13182690296530125,-0.11765285815095265,-0.0638722316660548,-0.08889836144423026,-0.060879721883752444,0.13857300539084944,-0.09131897902768635,-0.08149645791466804,-0.08650481742531138,2.9323456092814526,-0.07849708544177095,-0.0458219672347251,-0.10878084527981535,-0.05985001929989836,leiden_r1.0
5,a_1a,2.661712317440313,-0.10703415190481969,-0.044363098657321964,0.27570995260757664,-0.04495262052727609,-0.07256014305478105,-0.1667675406686917,-0.08419558906292092,-0.05012472321154742,0.3824485158178149,-0.09042401172615402,-0.08419937839960703,-0.03028547007831256,2.831140362543633,0.32609840645140975,-0.013886665522104104,-0.1320131240457074,-0.07786178575350673,1.4020782449865732,2.534107667289243,-0.08498441021692339,2.2201923902191187,1.2844109533226193,-0.06406149425705598,-0.07188224595452136,-0.05003382093126825,-0.14536159128711046,-0.05872437548305803,-0.005671712150189716,1.8814512449044285,-0.024608931034421553,-0.052786687531333,3.647639575523357,0.6105361671149774,0.8631315046488873,-0.009873065884017651,-0.0029795533663432164,leiden_r1.0
5,a_2a,2.677255217786362,0.2982451594561501,-0.07058631795350168,-0.026638945696990164,0.6701597330606167,-0.06512196134044429,-0.10709378488642474,-0.10012504711096287,-0.10776179670690139,-0.0955458236909329,-0.09820925552108192,-0.07699944172068597,-0.1145558964791979,-0.005087355594319763,1.656516522037099,-0.05631328949886764,-0.08122835295730853,-0.07986096476479754,1.299816224119022,2.4162453756570526,-0.01439585749281809,-0.01271226497424019,-0.040201740562881366,-0.076311339270114,-0.10715505966540106,-0.07619413303817194,-0.091389194631807,-0.06528472574383348,-0.07320198561141082,-0.07737896754024745,-0.09209483808619359,-0.04814135874530623,3.4026825237298794,0.017504052544905335,0.21361326971872893,-0.0732946172198193,-0.0867873696019523,leiden_r1.0
5,a_2b,2.1632750296881205,-0.03227415942487398,-0.0792221762108555,-0.046242464941961894,0.12183469402909741,-0.08523286586261952,-0.06825153734203257,-0.09664173575574844,-0.10568905210598821,-0.09938828600570157,-0.09909123203770154,-0.11218084048970027,-0.09272707935210268,-0.033760574303468065,0.7763064290799755,-0.0697771966591679,-0.08536157255453422,-0.08721962608758742,1.2753336026659678,1.850219099837121,-0.055533726958467915,-0.03313149519301544,-0.07119221700984203,-0.062492325991420995,-0.09698185998646681,-0.08695415296973939,-0.0984972403401827,-0.08865533536783787,-0.060051051855587165,-0.07266826085393824,-0.09652855629357265,-0.04945741528788439,2.6756685946543293,-0.052051574414902796,0.4439916577979143,-0.07285343298173358,-0.11050561620609524,leiden_r1.0
5,a_3a,2.4071481198601754,-0.04883603942476162,-0.07646195586916091,-0.09271387412257075,0.8771996219732704,-0.05843092686262583,-0.10008278150170544,-0.0708616434194697,-0.0859037559554624,-0.07948109976313997,-0.11979313238211338,-0.1029021857399571,-0.08312113893576452,-0.05887940728381142,-0.054923364749749785,-0.0871723427736958,-0.05441120247687597,-0.09348818959315659,0.35529937097118836,2.451181164493589,-0.04698577054921992,-0.025093821537422012,-0.029499573399269237,-0.08172176446521177,-0.07555250791628158,-0.04226152134408462,-0.09875462400402094,-0.015114126840559171,-0.08186618593939608,-0.059248080371450386,-0.06164301081961409,-0.035043487428866905,2.037966617136742,-0.02934259800548204,-0.006535598302200343,-0.055076210163130676,-0.05779661276748147,leiden_r1.0
5,a_3b,2.983632189838222,-0.00898436150965661,-0.07706244740154136,-0.02946001297769032,1.3091373308298506,-0.07573326086991014,-0.1071513782956495,-0.06806439950453166,-0.07343316618505803,-0.027827229003898675,-0.09932670043311714,-0.1043409917319014,-0.12973194574031963,0.29921678061807006,0.45791161215435944,-0.0608358810198072,-0.08006741972590445,-0.07686911377771605,0.7659337513105391,2.7081776668530653,-0.060924723219352474,0.11253479727045082,-0.036655696140257196,-0.09408602056329998,-0.09484840518764431,-0.03588949938015243,-0.05576139679469026,-0.03143756142949898,-0.09567066960453277,-0.05426952272896557,-0.07800712071703184,-0.036741952337343356,3.0348037639831658,-0.03950624957300014,0.213350442609337,-0.04519491581714012,-0.10330499076798208,leiden_r1.0
5,a_4a,3.066516528731716,0.27075897512415315,-0.04320871760100305,-0.035323626621264245,1.5450350862919668,-0.038131967296661046,-0.09432693546218368,-0.08845010100876866,-0.05932070867264308,1.669467702078379,-0.0788636605634121,-0.09772605469435727,-0.12501373924605763,1.6881870493176434,0.5791973221586323,-0.04469956971940347,-0.016449932627672942,-0.04942305693568057,0.7612899898616683,2.820270489507751,-0.03820354184913388,1.0398446496442832,-0.06108156218273812,-0.06838370837223406,-0.09990745354223962,-0.005942669638064283,-0.08199849685321624,-0.01784449600849135,-0.07599070757289725,-0.05350807691388797,-0.08506531201426742,0.1816034770393754,3.1685235928455917,0.08147564279154337,1.2744048820284917,-0.08187118847834732,-0.0848447705226542,leiden_r1.0
5,a_4b,2.5612463397181338,1.050187299920001,-0.02613378502989849,-0.020479309951249202,1.089357167766106,-0.10113434406150892,-0.09545831230168808,-0.09953822227976997,-0.1052297042961213,0.5069463225322635,-0.09389755748991405,-0.10197649480967691,-0.07927073737893275,-0.007228841268850381,0.8038141829231078,-0.0791004274774475,-0.06054572731879813,-0.07766317976452734,0.8996479769367597,2.8622712681760527,-0.030792837682959276,0.36802863702412947,-0.08974078722507166,-0.08329983883706418,-0.07744056048912695,-0.031281664254505154,-0.08064674804258448,-0.06120437845029314,-0.05364315108674972,-0.03523202492276485,-0.07332480823141246,-0.04739037857097261,2.9349426800207694,0.3212647739462605,0.2939417005339072,-0.014117946867059479,-0.07201277779130513,leiden_r1.0
5,a_5a,2.781225817098809,-0.022873166946161802,-0.10684284304361553,-0.04383793818314447,0.6295627136383299,-0.05481351189647565,-0.08243849664928811,-0.0819251457201167,-0.06281309637965168,-0.04644512657931151,-0.06697385320042751,-0.09281311770444466,-0.10889236996555811,2.338171844527906,0.3487589439059555,-0.06734742886243447,-0.01671446667510574,-0.09664910421389437,0.616379041967451,2.2325463851304006,-0.057005085947816295,1.8753560088287098,-0.08642905542707774,-0.07667153107415893,-0.08496647440884944,-0.09040879728805316,-0.11831714887275202,-0.038817470535971246,-0.08812907490733071,-0.06030459186846492,-0.07365885419392929,-0.036513639518043206,3.101427800045363,0.053446396661024104,0.9431053350261649,-0.055143895715102184,-0.08138352487253914,leiden_r1.0
5,a_5b,2.6465957907127597,-0.029583929619459208,-0.06490950348097885,-0.08018944382951167,1.1185848697609808,-0.04627165954467677,-0.07760890519915623,-0.08468464023184188,-0.08401457362105415,-0.06325790327739841,-0.0875211301234806,-0.1012734820173306,-0.07705300220295394,0.7431433647670682,0.2642144216615242,-0.09812797382900365,-0.04087539505136506,-0.060037517060622964,0.5902778158656861,1.9956979886443131,-0.04321620076148307,-0.014254909133579304,-0.023541064811291125,-0.06815938102437824,-0.0949961362029291,-0.04873541854889803,-0.07028417291123376,-0.010015571864738847,-0.07918421243861007,-0.0843916230809868,-0.07683502685537949,-0.03729053990421188,3.0878126625743625,0.1027409302595948,0.30745128848877556,-0.08387079814380168,-0.07105299784053476,leiden_r1.0
6,a_001,4.606922040016442,0.7312394064386747,-0.015223907455844884,0.24965557259412435,4.0111711917276125,3.073130952977818,0.9327748124465035,-0.0829810685674512,-0.09665793805094386,0.3537777209923006,-0.03617236309379625,-0.10293604053299396,-0.07895618834321469,-0.09454804081988216,0.169101123600287,-0.060308905358958304,1.244060690474039,-0.04263563849369167,1.5156381362417388,1.1725166379507854,0.2831490292993987,0.03281120195425425,0.7632457195280195,-0.04602589547799572,-0.0927785410163299,-0.03214314783182581,-0.11230296327192839,1.7636311792794965,0.1685440058305776,0.05152110717744182,-0.06597297877917147,1.5790398216144015,2.2100248958986284,-0.026703929973769268,0.498631393609315,-0.04142864692101309,-0.0877287985623363,leiden_r1.0
6,a_002,4.152844773058127,-0.011821141450354735,-0.02504246443164626,0.7551244789060293,4.284568000657094,3.6243955096484988,1.2189764068258975,-0.06909640707553417,-0.07997339455428548,-0.009701540872629198,-0.08638302779508743,-0.09523024185074132,-0.04084460139523095,-0.08761012311691821,-0.036187465965675056,-0.06151850636598207,0.3087594498420139,-0.03708842016985965,0.789277782262954,-0.0025681640662092637,0.6445249503827886,0.7788511624480079,0.11888615744729138,-0.07767314747823909,-0.10170764728832238,-0.08479989577423884,-0.051104375730122,0.8548910516490931,-0.018538407068928873,-0.061791846169814126,-0.06724617536227011,-0.03502992377727425,1.767599793152897,-0.023367900776123936,-0.014976557009738942,-0.09496907982585012,-0.06286986496422306,leiden_r1.0
6,a_003,3.529818922838052,-0.009683830075283123,-0.07472614384276997,-0.014569899760049016,2.957989419165984,2.7660109184966135,-0.05543894512343657,-0.09391165604315946,-0.07754009571059414,0.3935742431575042,-0.09791240896508252,-0.10381580935779844,-0.10036801604305895,0.38092084126057324,0.5872241865780816,-0.08595911284015428,1.732716226747049,-0.06753768074200564,1.0588390991701138,2.418019332530651,-0.023743201345089292,0.08400644793489506,0.1820998949816892,-0.11065153799927911,-0.0800194558067175,0.13139112120914076,-0.022315849586316615,3.8447481871212608,0.7160994416758016,-0.06502506591137185,-0.02712046003334315,3.367540732236883,2.050197504968298,0.13801440735101037,0.774986849988848,-0.08101783017819061,-0.07632777230204874,leiden_r1.0
6,a_004,3.596894030678179,-0.023000985872088053,-0.03841793202682186,0.21767159657735627,1.6819310432391237,2.199966458342621,0.7746359615814049,-0.07080069875771976,-0.045370906984658066,-0.07788922464033449,-0.04635406875870347,-0.07829278033904508,-0.07607833962256491,-0.08376156001531837,-0.06651635626770419,-0.0860799337346612,1.158409296486769,-0.07448171475956458,1.2159919183467078,1.8745631438156625,-0.022055187205266332,0.1298180749522735,0.17957025130030557,-0.0875639600464176,-0.0832374040902058,1.0408897388293723,-0.08145697449342379,2.492886421789672,-0.019686389575958838,-0.026246111496522326,-0.0706591683910551,-0.0401656363571695,1.5576943716900689,-0.035185259391337216,-0.025640243890053725,-0.09218424452137484,-0.09489685051157513,leiden_r1.0
6,a_005,3.6568700741441633,-0.053255081386736375,-0.044007738901226015,-0.020389319575919683,4.000022083258186,3.1786462200477352,1.026305566123602,-0.0733565767688081,-0.07281898955653651,0.37687365529664246,-0.0933893113534096,-0.09599264674587175,-0.08823294309815326,-0.07988202237137207,0.013139429175696373,-0.1080241089274866,0.9747635625988247,-0.04790295325812907,0.39005329760781937,0.38724723378577897,0.518736215877,0.005353133808655156,-0.07289723111534066,-0.11394700912675315,-0.08801339390349416,-0.06395697863901229,-0.07511104137625606,1.0331703652513229,-0.019226974350917914,-0.08802407617884495,-0.06837316647943964,0.015040732613317663,0.8275113275333883,-0.056464783116203836,-0.04364111770021367,-0.08522918242271323,-0.06607998539440574,leiden_r1.0
6,a_006,4.311310876159587,0.17630994399473557,-0.07535794624235195,0.3124725859644794,0.7730605180466351,4.216101411369548,0.9967396877642632,-0.07208820642456495,-0.08344350071396096,-0.05969711630943275,-0.11574403892287885,-0.09712092973328564,-0.11727878882634835,-0.06096406093347178,0.5469592902556261,-0.09648330077539356,1.2562407749105349,-0.08021304676252153,1.4968893725258205,0.515564165299309,-0.07016715868225028,0.6164911461501709,-0.03876164212800465,-0.12018747169865648,-0.07452785189625004,-0.10083127179105443,-0.09090928375065398,0.06082056065305523,-0.06721587529985983,-0.07033340882982768,-0.09464918403911542,-0.07390292624563516,1.655480957193885,-0.06399540900596395,0.3747411297146022,-0.08900483022734539,-0.10832843009788896,leiden_r1.0
6,a_007,4.2675968552169,0.2928500175209253,-0.040043335936012094,1.2189647944700017,1.7270306673648619,4.281982576284813,1.4982767742989749,-0.09440607671897758,-0.052469184232387694,-0.0028878121545676595,-0.02915338055274216,-0.06636168564124935,-0.07172584142532393,-0.09317948372961035,0.4742973688957831,-0.0378923092261703,0.3407267998821312,-0.08308729909115496,0.9666039414806975,0.288312067504158,-0.0291251727101251,1.245524800797533,0.12421612925210071,-0.0562473373383246,-0.1093796063400798,-0.03457498077138175,-0.05174659488378546,0.6415462963244899,-0.03950979582520646,-0.07846706867253757,-0.09219669719820714,-0.004879970478823972,1.3632765094116788,-0.02022506989036004,0.5621851800164878,-0.09656634817859194,-0.09498188471253735,leiden_r1.0
6,a_009,4.333411625671513,0.22138158475975275,0.19241781130671362,0.8986827270636719,3.6854285044957726,3.567608761332311,1.0217061220011905,-0.09166745254046488,-0.03392950705765317,-0.037792189127432346,-0.07977135366665782,-0.0849067184278246,-0.05965413281334069,-0.08082771937648897,1.035850239960391,-0.04986519303041882,1.1034717446186875,-0.04515660903748621,1.1599743565331349,1.1421303561696763,0.8210884917423595,0.2914376928002499,0.5257995727548787,-0.08421379105716419,-0.10470657935082575,-0.050005737239174564,-0.027055329278051515,2.7159790239909505,0.1985715879108739,-0.033183863903995595,-0.06534989105913754,2.9492198557826255,2.7238478836347104,0.5189148254775271,1.0469799990162416,-0.08482446147923321,-0.045519588504157237,leiden_r1.0
6,a_010,4.23875597665608,0.18651226645499655,-0.03608844089202656,0.23525380195885487,1.2377051365186253,2.9165934295916,0.5522836808047787,-0.052529456815595114,-0.05186372768951913,-0.07857642180963838,-0.07096936413707593,-0.09394371301988853,-0.1050398807470751,-0.1251042429124088,0.851474189008851,-0.10869475909455255,0.50727850842275,-0.09798502205759449,0.8110030476280424,-0.10617932437670502,0.33228102057396225,1.1618123504766318,0.37792727049606556,-0.1087842326068545,-0.09748135026134705,-0.06551598257563239,-0.08390442423286763,1.2042181097352298,-0.011292654168915442,-0.04843684464420669,-0.1051328982795516,0.16649045570829799,1.6778966778380013,-0.018170040889613923,0.5686968318912162,-0.047946602571580864,-0.05438357488692047,leiden_r1.0
6,a_011,3.4736008269995367,0.08979029695210564,-0.05222759118552943,-0.0073453334586517744,4.0445092670622085,3.402777888258517,1.1041746495505032,-0.11074609936788524,-0.12528267232167434,1.0616485837531344,-0.040109422456655414,-0.07512604836155487,-0.09426643330285153,-0.12160417322218174,0.4039570267080768,-0.06905870068654509,-0.01701841853282603,-0.1402875648512192,-0.04783919447259903,1.9657477369633227,1.1875131292047665,-0.03687568475686463,-0.02193073170394456,-0.056025311145737305,-0.09577714773692539,-0.04015882605597581,-0.1025899143947157,2.180929042086709,0.15131893708456337,-0.05584152581460766,-0.07279060235793715,1.4011646037540961,2.191748978376224,-0.033392804821585055,0.13076804496992245,-0.08731730255035852,-0.08189946626334124,leiden_r1.0
6,a_012,3.5507016537472293,-0.03496770483622572,-0.03549598667519596,0.8776189583261759,4.241462609340524,3.267652179883573,1.0649732652096033,-0.05758935481280227,-0.07478969814142555,1.6777217301525564,-0.015101138980553078,-0.09105912313277607,-0.08765659710718501,-0.07213067751494918,1.339157490270284,-0.09559761050919342,0.3067559494763811,-0.08585084344941561,1.399466016573856,2.370158293153882,0.9141047604405261,-0.0433180803541614,-0.014682604324713683,-0.121592433514406,-0.09218248233407728,0.5106304902378516,-0.016215428871524922,2.2684056149397467,0.8015916981894351,-0.06226968893312334,-0.030894791462989218,1.1014757880432162,1.8491150320501384,-0.03030917290666248,0.28702119134562554,-0.0430172201703884,-0.05720858403798534,leiden_r1.0
6,a_1a,5.030258889774687,1.809535042141701,1.1172003012781917,0.9967057245043931,4.5168540798793355,4.50746421288857,0.8813753901935144,-0.10282377808685224,-0.060594076189671664,-0.032520264913595935,-0.03581299781783946,-0.07409140013319307,-0.04932194037253182,-0.0550746256913238,0.4359412134365774,-0.08167979281813766,1.8930301532419058,0.03744622782720255,2.006497263650934,2.91107073183289,1.4169992018796416,1.93954833468299,0.4799963258317994,-0.07368402196729745,-0.06772479831639724,0.17835251540058833,-0.07955760467525168,3.8058695581020867,-0.016760609603057364,2.046016426878305,-0.031096754709038846,3.5116576811052793,2.452937113409317,-0.042300743340394895,0.0520280409385383,-0.06276849687427721,-0.10557999905256285,leiden_r1.0
6,a_2a,4.772816074077291,0.9631095430914873,-0.09296445617998211,1.5030525448574854,3.345198549169871,0.9261038095136391,-0.018347844687561378,-0.09793595865674096,-0.04760363255877827,-0.06501416732092459,-0.04612736895780988,-0.13766508318133822,-0.09672837116904211,-0.08621934942096458,-0.044075394182740646,-0.12875024505252955,1.7544703964819626,-0.03997490795407306,1.0502166511766418,1.8062508325682458,0.44440210701662675,0.22009468571633764,0.6774840860819367,-0.08162092208756641,-0.1344904746007072,2.2892534489217082,-0.05107361815884632,3.7447872715144865,0.8915799499600775,0.11024467269746392,-0.06842078279370929,2.892680789502606,2.465065062956144,1.1674075561571442,-0.033115663944258286,-0.07989355303660568,-0.07796779849036678,leiden_r1.0
6,a_2b,4.63228463089915,1.6615243291930823,-0.012230564458695595,0.08458938852655278,4.667457227044613,-0.10632903977406982,1.5115511832048902,-0.0573797022195717,-0.10003916676786095,-0.09874805188053462,-0.08305061390751012,-0.10168934800746235,-0.13509107037617504,-0.09380737254815628,-0.011371103745613878,-0.002823275861096228,2.2265669796364125,0.8924510786633866,2.2271231720190867,-0.0018920181206788275,1.914092506761671,-0.056679318666983704,1.8533986327667884,-0.04566666037749045,-0.08727621973675134,3.0821776863808688,-0.10578299980577283,3.2244062692855495,-0.09032970918022372,-0.11376520288514512,-0.07287414423625538,3.283150400171391,2.3619218952142886,-0.09356563469048942,2.887471237813447,-0.10921209360357974,-0.06347239777091564,leiden_r1.0
6,a_3a,4.955122180550739,1.236407410184029,-0.10866824869667659,-0.06962964037399874,1.757597314424886,-0.009470888201435773,-0.03951672243743856,-0.08478641401503018,-0.08260813762990556,-0.06212805030147938,-0.0791203213132618,-0.06691626116404638,-0.11214504086760706,-0.10397658803895918,-0.06481703515390175,-0.10862982803868233,1.0838640862325257,-0.02788485405258697,1.9695341879435047,2.426453404095621,0.2755050894227403,1.1089947041461914,1.4676257475969043,-0.059368710608427674,-0.08113116390015272,2.0571227509233547,-0.024867707367795547,3.6605784624999114,0.009398947107129359,-0.04130269087562732,-0.05753299069435874,3.5301743094513967,2.6604466582199615,0.7391895465155464,1.2545560218572545,-0.0686690546760411,-0.12027743167233912,leiden_r1.0
6,a_3b,5.315541193403062,2.0725685680854693,0.13829228848332253,0.0199415473413257,2.4563141865849154,-0.0503432275704781,-0.07319447085902155,-0.05911580212860201,-0.057606665964864905,0.27100600979048084,-0.11412603163954392,-0.07638809726045015,-0.08819176213466454,-0.06233059026555673,0.35154222704357574,-0.10406839992032113,1.5905413481242592,-0.03680854303863426,0.8475492839407877,2.760691750557438,-0.053273452708010566,-0.054366756021954524,0.35281250176219475,-0.08622607679040685,-0.025871408586601807,3.2813858326373797,-0.007325195360822028,3.278113424201806,0.8252035618441804,0.24913708214023064,-0.10546125654141897,3.7165846501478352,2.448407013256469,-0.04791960547846527,1.2707574762474638,-0.04832393716432706,-0.09319397002478122,leiden_r1.0
6,a_4a,5.127740164468822,0.7723928287956104,0.09930148208007804,0.3987481242748626,3.323032693329732,1.695809331554233,-0.005828458174635338,-0.11209945294138193,-0.08190372903597017,2.0417607266649527,-0.04717245604164906,-0.06384250395924233,-0.11308411022093556,0.3190018082200129,1.393260937925636,-0.0705520757069715,1.941050246632872,-0.036742932845529555,2.181098025853789,2.571931716924916,0.5015222673445576,-0.03743429152320052,0.7385530920047494,-0.045109517471842275,-0.08862543383324098,1.4365730431148802,-0.06525766453342417,3.69184479103225,0.5983687499342449,-0.05748314458514583,-0.051153266517458953,3.4084094714453452,3.252479441375092,1.071285613050457,1.418259448621297,-0.05472338242738835,-0.09327716554777282,leiden_r1.0
6,a_4b,5.214203302646656,1.6957463689148418,0.773185783241592,1.3333263114088236,2.677339820147743,2.7378107118687316,0.15026283294172327,-0.10707950125253582,-0.07199959576005234,0.16838101657023094,-0.036860409465465746,-0.0872824960271193,-0.06031797855944132,-0.03941088145188893,1.298230254967019,-0.0844031158329475,1.6853061963835654,0.3676159443463143,1.9416088163930811,3.116845618447785,1.4307293521984645,0.2646420774545943,-0.0038571385020484037,-0.12997735523307766,-0.1021867490279063,2.202971363920843,-0.020710673003496823,3.445966697409316,-0.00023338431280580649,0.07739558677174377,-0.09660362377602062,3.4389536421534603,3.42330013174312,0.7450921657007485,0.9307749640277369,-0.05618150077099925,-0.06406022133046507,leiden_r1.0
6,a_5a,5.065665732979726,1.0186190837314704,0.13995107426286324,0.6059506614550991,2.755798313960449,3.992392510226896,0.3542811507020329,-0.1018709157110218,-0.07346464057499222,-0.019633629074682524,-0.054833629326018415,-0.08436430908133918,-0.09900906725949403,-0.08855013067606313,1.4777070262130951,-0.06532942991850421,1.609173975051449,-0.030307664112044563,2.0515582097859992,1.7524815577734345,0.43350450361488924,1.0453183183391217,0.4199578280794817,-0.08172562598086364,-0.06371424755363586,0.2724092872460394,-0.06109956204743941,2.866376373714984,-0.017409763447075257,-0.04673244338970095,-0.07078999621552394,2.353450765054646,2.6028778921942077,0.2497743492990673,1.255310067394551,-0.08415852559627494,-0.10303586205002978,leiden_r1.0
6,a_5b,5.230324149048449,0.31738635816468247,-0.011119107515812033,-0.0017914179444125647,2.801820370159364,3.988372709006353,0.9314087729659388,-0.08212353958144225,-0.07125919168569049,-0.028526102882339432,-0.051049140645524335,-0.09283590763405619,-0.0844905063197098,-0.04752926752104847,1.0896552796328316,-0.07975712969327292,1.676480717284385,-0.05567078453634205,1.672043910458641,1.267928302998924,0.385221059182447,0.6846783087687931,0.23433656587377516,-0.06269924926828632,-0.10143920304443825,0.10211274884715313,-0.057067289477576236,2.7924984323463033,-0.001808954347548463,-0.07303641500247612,-0.07168322641629034,2.8431206030754805,2.282420981632568,-0.01254015778412937,1.6299039971764104,-0.0934359360908933,-0.08051959240345376,leiden_r1.0
7,a_001,3.149969989361435,0.6570433562804794,0.5279129264652137,1.2510065844734455,1.3141229183335152,-0.08181404657136235,-0.056449534525794785,-0.09445995541495306,0.1775606751056101,3.238040864248296,0.8053010850969317,-0.07835366172970988,1.557257991883683,-0.05316064246593662,3.349403661306109,-0.024244988745368838,-0.06293258685180274,-0.07085716277144445,2.031838308256003,2.814355870463258,0.6462488286705831,-0.04614660131137981,-0.07291827367817191,-0.07657843494831634,-0.11270550564698566,0.7587210465433352,-0.10211165414302598,-0.08556511650469939,0.903637401755353,0.585557070103019,-0.03493958447490203,0.9624559359655118,6.076277286864316,1.9715413535020043,0.2460344157647476,-0.05623723955556496,-0.09190750003677284,leiden_r1.0
7,a_002,2.4084296124774323,-0.01316699705848913,0.2659479171997454,0.452971286481148,0.3963847684883978,-0.04709975919369429,-0.06764125264221485,-0.08952759358657572,-0.06586610174693593,2.93343011398218,0.6025668581038297,-0.07790113237601318,1.0394759264521602,-0.0711858692583423,2.7985680529038617,-0.0679783155392671,-0.1218492882673971,-0.0940265849516531,1.367203869238801,2.213242409192379,0.32963802909247164,-0.06930722208237033,-0.08709805188122614,-0.1136036305946588,-0.10892261036426332,-0.06126978636700082,-0.11880333431990212,-0.07650260396356147,0.22043315754222162,0.4467721688105731,-0.07540504326808795,1.4252957186105264,6.15123605592357,2.052040657641584,0.689391934762096,-0.1246841164897361,-0.04121419968029596,leiden_r1.0
7,a_003,1.3632713978651936,-0.1013373205684772,1.400538408428443,0.5654406234249243,1.0573184014195363,-0.01851437411268185,-0.1351879822368926,-0.031100375277389285,-0.08219256179749147,1.282166372043795,-0.08039498684755603,-0.1301061972458415,1.3290546145235393,-0.011811107935771604,3.072939417237545,-0.08352766024265675,-0.05934330852113721,-0.057924291752981805,1.9713755020241597,4.480596613682371,0.5025256020078228,-0.1097780115042784,-0.06867280459109833,-0.1260216198554405,-0.03445569679988752,-0.017342327669582807,-0.0962541296275053,-0.09250808269622904,0.055101442931835165,-0.004550914624669382,-0.050675586826927896,0.7706746746802853,5.003108292003491,1.9982442834888459,0.2143623747396426,-0.02457281378472128,-0.058368567687593034,leiden_r1.0
7,a_004,1.5823221002183647,-0.04954828363031335,-0.05062996473609738,1.2891715690947414,0.5846204178698329,-0.09362185241334824,-0.022634315924475158,-0.08804577041140124,-0.09048945341390613,4.4130449957966045,1.5156374290841403,-0.03260794858467209,1.0199174925378116,-0.06854810705934239,3.9407157984997454,-0.10333252445584863,-0.06283940649487535,-0.08122609876134984,1.2847003779808186,3.9170009731259627,0.35206732517805733,-0.06313520159982738,-0.0714950900950621,-0.07987652824487057,-0.0758200585263541,0.13564448679712107,-0.08312014477016816,-0.13752884950408428,0.18163221929762582,-0.05609677363168474,-0.10668500653099082,0.414735263457266,5.632346733536025,1.753765164148477,0.24930028363884096,0.046198825117985405,-0.09724782883612265,leiden_r1.0
7,a_005,1.5573217827134196,-0.031154533757920315,-0.09349699047031461,1.2572959220840556,0.8885360646206638,-0.09289684672006089,-0.06305048444231424,-0.09626860729113491,0.35679648688182264,4.296112821672613,0.9224514984337633,-0.150324163558097,0.9807949307437939,-0.06797181215584717,3.86650120147002,-0.0038715060943957207,-0.02530756446354234,-0.10233867297144748,1.7338845972037273,3.5845528493323924,-0.02871036372647567,-0.06338661453651626,-0.0969389379459903,-0.1101138011961175,-0.12257253119156443,0.4147189119910353,-0.06279193674966427,-0.049152946431059705,-0.053612717534250995,-0.08748651812870717,-0.07658459081477227,0.6382414507909207,4.884472849320734,0.9202141550257782,-0.03734170456566076,-0.1457925477902884,0.2348635183667513,leiden_r1.0
7,a_006,1.8639903077546642,-0.0762362296876862,0.17895564252784923,0.799004793823431,0.28705088268441387,-0.07372620924532197,-0.06511040982259664,-0.07795127268345389,-0.05603258056994604,0.7876419266707106,-0.01094233163956473,-0.07299279344196749,1.4610225040095965,-0.08375045241226181,2.7077443713227662,-0.07068830040505447,-0.051420449086378876,-0.12467098625771166,1.4443982164861002,4.099999650838239,0.0812058705099658,-0.0250556180301225,-0.10214148327841208,-0.07833018429772055,-0.07947825369472253,-0.05751525190688683,-0.10643458592432832,-0.05316605122718962,0.6954350750827831,-0.03521348524381889,-0.0563970888831992,1.711008414435665,6.705244392325163,2.276280264453171,0.38039725029575266,-0.035134858737219506,-0.0519131568298377,leiden_r1.0
7,a_007,2.2869900366153497,-0.1259817915762348,-0.07272762511331636,-0.0075266343496010486,-0.08824284665282879,-0.11315373679936919,-0.09967993404704245,-0.11499446197362424,-0.11409474973091285,0.9356587055068095,-0.13375713661036828,-0.07781755607819284,1.3902619612873566,-0.07115500475521458,2.4387218560985633,-0.042248259231045596,-0.11462504977715586,-0.0503829143835599,1.4713958162340988,3.4073050102634563,0.4246964120795058,-0.1421073666475453,-0.02707758453433434,-0.09235261434175075,-0.11456487507695716,-0.01364150205967827,-0.12965054673491982,-0.10662515632092347,0.2621465246155073,-0.012465463356226619,-0.09698873580197159,0.402119159160735,5.576764609434802,1.7834633046893686,0.3377401401245393,-0.056383508700562836,-0.08973073934186335,leiden_r1.0
7,a_009,3.041469078740694,0.26841460763073194,-0.007545353401809277,0.35302234272519445,1.9680660286793157,-0.003380137578419649,-0.029393672060263876,-0.07726900755695577,-0.03541686654426435,3.6281606808129236,0.3324059957611112,-0.02827243542827752,1.4202545946783058,-0.058384502528696355,3.278238249801716,-0.04344953983490951,0.5905220856398345,-0.023675092637367477,0.9766911310391507,2.8985090333317167,0.7672432314386439,-0.01128094260220395,-0.048173523556604564,-0.09216917554255653,-0.08121685516540254,-0.034946593850267896,-0.056453593519267306,-0.05994565794343321,0.48655938160933726,-0.018112163872644894,-0.0925049682155226,0.633436202093775,5.347419283040977,1.7351641464498297,0.7303663906194866,-0.1002295898868586,-0.08639331291718753,leiden_r1.0
7,a_010,2.84003711452753,-0.008583995334098987,-0.027704506421308516,0.7635706401357608,0.27007905994915704,-0.059361725335597325,-0.06966831339600542,-0.09178044624559235,-0.01061907345945021,4.563222195977227,0.890442573581093,-0.10181067053858658,1.0369225653009224,-0.048293019991193106,3.229139182520121,-0.07601773260784357,-0.07447997924338498,-0.08201975998031866,1.9155873059910002,1.8679060602483777,-0.033210395153516425,-0.0740800392000999,-0.09745128554310842,-0.09501286440428296,-0.0919508397531549,0.3511879709593234,-0.09260164979338475,-0.07954482419565213,0.22538862011156094,0.26675902725804035,-0.08065847299044694,0.6030029095880503,5.640935524558314,1.9137543837835786,0.37622136857588323,-0.05389691900170417,-0.07196454965544191,leiden_r1.0
7,a_011,1.3836803527306594,-0.04096353096398995,-0.04136903191691932,0.959553209593293,1.5174172606247027,-0.055381821343192764,-0.07091032296621116,-0.06995574720316014,0.0830632629012272,4.6276152611301455,1.038432329751135,-0.0705271197876769,0.243260640108463,-0.05342362698320602,3.588055762862153,-0.026256510458478988,-0.043015307975193845,-0.0724671456616229,1.5432240143686848,4.00686403917506,0.13059597324738853,-0.03008618673779085,-0.06796847380729978,-0.08593529555482822,-0.07717366159403419,0.23337958583656754,-0.09535826711655032,-0.04363239455116512,-0.0248409034858484,-0.08883811829963295,-0.07678105363344746,-0.033798084798888135,4.343125667449559,1.3262513230032833,0.22377438195905308,-0.01903392999040259,-0.07657982331933424,leiden_r1.0
7,a_012,1.9986801118774695,-0.038262599847148616,-0.0773762909497459,1.3114233125027233,1.8259678178380863,-0.019427655400469795,-0.07224864944209933,-0.0867086555566353,0.5362360176080375,5.158614206268353,1.4482707338437883,-0.06411556974838588,0.39985525119937987,-0.0664509374680328,3.7350940376133197,-0.0039014836515519273,-0.06117847014711127,-0.09530210269759758,1.8824391908513434,3.502215981373025,0.2798379367784115,-0.05381936665480151,-0.06839118683436372,-0.06568934500941877,-0.08820017496000133,0.2508595020099177,-0.06775764536346002,-0.00883494893700204,0.40275746727500855,-0.0891847772336193,-0.034906629472205776,-0.01954576937980986,4.241313793767743,1.1759612063357985,0.010286112537396254,-0.0664625823332352,-0.07099803323915879,leiden_r1.0
7,a_1a,3.7697964636930825,1.9786186368796832,0.6689849075171019,1.1566084081232901,2.4726322043443254,-0.10056784799693347,0.16563683979277394,-0.040424513431720106,-0.01832147413576996,4.210033117498137,1.8970544768830955,-0.12248053251605645,0.8569378780994692,-0.07733212017162311,4.24701790522331,-0.016079116693446683,-0.08561314387599561,0.15836835771749394,3.2170958124621833,4.34111473530883,1.0193757763456648,-0.11950479666509513,-0.10124299990489953,-0.11746797392549115,-0.09936422596791544,1.198302662147932,-0.05539063198478609,-0.08062913413886923,-0.13549805664774042,1.215352383965541,0.6174012089887807,2.6164033690158854,6.812162682921112,2.5024311135206565,1.0310784166277744,-0.05717019403265333,-0.1351934319320544,leiden_r1.0
7,a_2a,3.4953445927786486,1.2773771164043426,-0.022642018489276237,0.8798674125838846,1.8310676233572964,-0.09479284060998788,-0.0712537838731522,-0.09174401887203526,-0.07065753391134585,-0.09426283674248043,-0.05237521531993976,-0.13921258785143034,1.9076254994097965,-0.050360731785355106,3.226201804236336,-0.03156661092716587,-0.0372709606275605,-0.08775074073707305,3.0623584003087463,3.980047351892201,1.5681335746314877,-0.098635055170359,-0.067275404530687,-0.051992934712717646,-0.028021879486144312,0.38169188113891794,-0.10663303052078063,-0.1141341021898965,0.2073795866151552,-0.05187206158339397,-0.047013175894583537,0.4278376814010089,4.964094056746779,2.0026465272654783,0.9916092298529059,-0.010716640788760744,-0.03286728541261195,leiden_r1.0
7,a_2b,2.328361949590982,0.7953125322947078,2.1512747405628994,0.13140583361284386,0.23288758651029726,-0.1129806441889119,-0.08014630384243426,-0.1127497662481402,-0.08714477975272325,-0.043039904488895844,-0.06240950073336894,-0.08615891502591529,1.2048401636678538,-0.08320726612690314,2.8023564979380007,-0.051844367788222365,-0.07733520430898336,-0.04261915225991887,-0.04531009436529962,1.3011034143711413,-0.07950695687910739,-0.10320886329697834,-0.04673375119184112,-0.11384077917039859,-0.1077541681224164,-0.021137770305752836,-0.10928349169925838,-0.1407829634730514,-0.06173314023422642,-0.06069940949485643,-0.06757234342406862,0.8197155487220487,5.416494060596929,1.5143425384766553,-0.058537590552301635,-0.07900180907371207,-0.029575083974414877,leiden_r1.0
7,a_3a,3.437880609773471,-0.04425079120243936,-0.04989097603759961,0.7743822726464611,0.8740627836807904,-0.008024668771478814,-0.033876563524551304,-0.08471362966566512,-0.10010733721281503,-0.04762472043580522,0.12737880130316867,-0.08024274709472654,1.3533387403432435,0.131353752543526,2.9119261437169257,0.37096620772808075,-0.066165243080113,-0.07853962616930779,2.8796263051884257,4.492040804931197,1.1023890460074581,-0.07938875991595343,-0.05854328196460613,-0.07143617941500849,-0.082448851885875,0.5359003027403076,-0.07725091577677509,0.026332862245476357,0.330930744954797,0.06633078062652585,-0.02403976673267117,0.7016651993001769,5.630823150463957,1.7766482662617498,1.6644265836930043,-0.038048887230794096,-0.11811344210232164,leiden_r1.0
7,a_3b,3.479676859702698,1.1728280503344144,0.21146382561567903,1.9107648931223933,1.605787708075906,-0.035430301941439944,-0.06832772509406068,-0.062297500143848376,-0.06301783829130606,-0.007815423766676259,-0.025768867219724455,-0.042075368716007915,1.829235010948313,-0.0543029416061925,2.7924143253543594,-0.03570354752021642,-0.03421660230402826,-0.023678472763365613,2.3538839017170834,4.374545287295058,0.3317127200743817,-0.06068801811357369,-0.06764568438425869,-0.10888046010489424,-0.09334029460955155,1.9911822982406462,-0.11328392443240029,-0.07276904202520888,0.0942120034312592,0.3469639008075092,-0.06807112802113936,0.07977156172631303,5.2114866876066515,1.4596663182983178,0.7817486694235085,0.44395954176571517,-0.04061776443505786,leiden_r1.0
7,a_4a,3.4873819584416506,1.578398376443992,0.4664969498706243,0.7538676704620948,1.9327564943354143,-0.0050889857249519724,-0.03185641451525028,-0.07157120087822608,-0.059017140741196406,1.0937487584229117,-0.08829579566566258,-0.10386276229349578,1.6672564502267937,-0.001183556023334772,1.8881795312312872,-0.027160848424981687,-0.05251992130801043,-0.05555071191857515,2.696709687372239,3.7238940757574617,1.4757363280602989,-0.07296827185790523,-0.1112482741730346,-0.08004697925014921,-0.0994337244154619,0.2619174690519428,-0.025485358442736358,-0.008567082392977642,-0.04095676695109199,0.7703079239776037,-0.06801825597960412,1.0254148697594547,5.470545060262398,1.9329132181327338,0.8365417709894515,-0.07446808535323954,-0.06859159615690959,leiden_r1.0
7,a_4b,4.655059812161463,1.8721201112721964,0.20495318492281384,1.7497357818648784,1.4577245860366845,-0.020416821653246948,-0.04809624626945984,-0.11677712634335453,-0.055727053421962554,1.259234233132637,-0.04825812042358268,-0.14823269001869252,1.6404358175556828,-0.01711355804850757,3.778641553126486,0.34349905351266463,0.14560012758435356,-0.0037417656042060196,2.569612908727156,4.833254065545804,1.1844040388982582,-0.04754564029520196,-0.10047991948919971,-0.1159530511058665,-0.02243197630142458,0.9701016297520891,-0.02905335267976235,-0.02452281936678811,1.1642759642921672,0.3020504710625151,0.19330646142277705,0.9065027425347114,6.311136214422822,1.851514325926748,0.9504933146497265,1.3012663511124933,-0.05836957316926938,leiden_r1.0
7,a_5a,2.3451183623561054,0.19676291936067944,0.0881339338258238,0.9798476049579172,1.3200392040182178,-0.026656529568635706,-0.11580741467736978,-0.11666265766609513,-0.06230963632188963,0.9152199286262155,-0.06905616394758453,-0.12087338976472964,1.6669554990157582,-0.0544416369539549,2.743563596852195,-0.04885214021502811,-0.06072144516523535,-0.07485522240109987,2.1247116751044928,2.577242617304382,0.8576438155787602,-0.038675366507255,-0.07032486731433314,-0.07693606539960932,-0.10165036650370919,0.05533858903039899,-0.06564304478721641,0.46139997243176806,0.781625153810958,-0.05360084961011538,-0.04168290384280986,0.26531115426569296,5.28696554297053,2.1195958514394997,0.42016303928050897,0.03828005273638109,-0.08431930995324433,leiden_r1.0
7,a_5b,4.141249438611833,0.14467724312745261,2.052224701203693,-0.02016654261480127,1.7968628029273634,0.1818844049753647,-0.05985340053841372,-0.14543152991473532,-0.0669790271953184,-0.00930462017603611,-0.014117362055570907,-0.11927189857558025,1.6090091876887551,-0.0062915081465265005,3.0155762753263566,-0.04776161385378705,-0.09465029367189781,0.08425752496643024,2.015085077216505,4.043703757496781,0.890843861407542,-0.023580337272115174,-0.09878580594351878,-0.1542840649660705,-0.13715155717825547,-0.013817053975450883,-0.12780169144302503,-0.003977544175980758,1.1481787057775446,-0.0020845908475060192,-0.07532329512447238,1.217293093951765,5.727799943008236,2.610729902984331,0.46309905217521186,-0.07857636833063938,-0.0974986783670625,leiden_r1.0
8,a_001,4.188911156459175,0.9334240638021611,0.8578446225379379,1.316416890202219,1.4060130730226,-0.03499219034373899,-0.10493514898763723,-0.0891980223119348,-0.08726246770159143,-0.03416141979558831,-0.051784446750829737,-0.0890986096332629,-0.09809639409629954,-0.09056329736313015,2.2391362986459913,-0.060071084596247236,-0.05966340437199426,-0.046347417560811684,1.3244206714136428,1.5303377925780361,0.23178577008739298,-0.037988811206635484,-0.04713209882949169,-0.07741996947088198,-0.0633633023073484,0.002100294215588315,-0.09934258048862184,-0.09105955051311701,0.34953431778852745,1.2968544010750995,-0.05540849957952482,0.6953087486597095,5.811679899178297,2.0311855626941795,0.2408405242775737,-0.07588323540527488,1.1324206064844793,leiden_r1.0
8,a_002,3.771933066089101,0.2736128729549806,0.6903223656299986,0.3257382915959105,0.7602313261431402,-0.05824225208681866,-0.04761245142321923,-0.08811214092917365,-0.08141844872492116,0.6242631831146231,-0.06867832627559808,-0.1066010829766416,-0.08285699853628892,-0.08216347018478487,1.8372139338816078,-0.040388302865247167,-0.0798444641289768,-0.09693497908586172,0.9906367268581786,2.071965261886482,-0.05245516208868031,-0.09211675140752132,-0.10922342988024968,-0.07363355669366732,-0.09691527671387135,-0.07479355193415013,-0.09201401508372001,-0.08837732309929065,-0.05906613907821069,0.12415196330736122,-0.03485824608042804,0.5860261763777407,5.900673584614836,1.949367219894898,0.01100535566240904,-0.0341887442681478,1.2948727460185776,leiden_r1.0
8,a_003,2.491661315152447,-0.0975861568618119,1.2137023116604428,0.5543532162163303,1.6124244744338427,-0.007878091051095321,-0.11459894524127148,-0.06571996535670356,-0.1387239596277541,-0.028386032964060663,0.047415620169191236,-0.09161535046870412,-0.10561340555797653,-0.009057260863088546,2.575052649966123,-0.006380735192140781,-0.0649377592840565,-0.06668759832252738,1.7863568457332084,3.732592278503346,0.5165064103212661,-0.056159784683496285,-0.012395692287223613,-0.12416854595247548,-0.07303338975824601,0.0920531637482838,-0.09235204972468783,-0.09558392713650869,1.0806132037948273,-0.06368197139155093,-0.08352618946074525,1.6382373704233109,5.712269997725098,1.7328262734201298,0.41682628254779197,-0.04050039727298589,1.3607017815200466,leiden_r1.0
8,a_004,1.5475692100107215,-0.040111228108717714,-0.07535252680870101,0.7011041237210145,0.04554623381268286,-0.06994065588905492,-0.09839936215302801,-0.05613594830573937,-0.06221614224205135,-0.05647042555578261,-0.06792585426477443,-0.1282408530196641,-0.10320881105955387,-0.03461115940632696,2.210863356780764,-0.08947371715055044,-0.05147634741766002,-0.13710687118667847,0.7031346760091735,4.717307861606298,0.4456786829348319,-0.06829079780594585,-0.08620176681216896,-0.09576844657837356,-0.07820042738250621,0.1111776703933923,-0.031802452652903324,-0.06468823299094731,0.6698855316662111,-0.0750923101428466,-0.06738940996435935,0.1294201623431137,5.31845110625885,1.6903840112067532,0.28872130857031086,-0.04896157339960772,1.3111503235032282,leiden_r1.0
8,a_005,3.226430598636393,-0.08655814759357858,-0.04632103524874957,1.0282867375767009,1.204093127547206,-0.11429021254942553,-0.10815525714394716,-0.09723816203633218,-0.06736551426480383,0.8790204363133619,-0.05832493023584742,-0.09119796961745455,-0.06308381704075187,-0.04761717849590647,2.0607683275527156,-0.08210259221444091,-0.13152922092246114,-0.07229719088711478,1.840658940483789,2.6955731702494363,-0.10377408013369455,-0.09370184876312976,-0.05674032706995607,-0.09008387248570426,-0.13307874442946316,0.6115904599765891,-0.06945413737629226,-0.10640485622428555,0.16058185135971703,-0.059921914757944006,-0.0518943583753361,0.30446700831278944,4.460587181029416,0.7652822779352813,-0.052887338385054446,0.13360991397850322,1.5606780514455867,leiden_r1.0
8,a_006,2.711071840705596,-0.007079969802624656,0.09628730793589661,0.2077844826820061,-0.10564840239673873,-0.12758075254437687,-0.10421638840500616,-0.07578163948220559,-0.04245594116167104,-0.034935025690523876,-0.0733890323776156,-0.07014320294711619,-0.12981898853087304,-0.04619281366743253,1.3037873531792987,-0.13479936690254454,-0.0961338335050636,-0.040172785477689175,0.19371457453845825,0.6577020490174591,-0.008220970416035632,-0.0627807055374092,-0.06992404386278785,-0.06790578555622565,-0.10610663509574059,-0.07451703390417637,-0.09329867522547598,-0.09373190534652782,-0.061986428272139,0.26468118331582513,-0.025367006975746766,0.1745642124283257,5.302891832201041,1.8575571543028355,0.11238220181048067,-0.03145490424368144,1.508408826150876,leiden_r1.0
8,a_007,1.756728278524769,0.2952391525589356,1.3119339484194168,-0.04009329518287713,0.09054973335551912,-0.040571870915856484,-0.05131201039368126,-0.06025272875091026,-0.1165405696148817,-0.06176207682938879,-0.07532629663997005,-0.1125340075723184,-0.10053172821565579,-0.1336159214530046,1.652342504780563,-0.11708285612317336,-0.08884515527867845,-0.04489638367898011,-0.03766191691739181,0.4067846141372018,-0.06231643553529481,-0.15796824644103835,-0.10096190341530178,-0.06212492708690415,-0.08826803872907477,-0.10947598165887529,-0.05690858762240974,-0.12961360466291477,-0.08630491520199621,0.7158859499511938,-0.1095916235946633,0.5439324307401948,5.6491913788771955,1.5401210787661446,0.003244637220259831,-0.0301602770394913,1.4940898528760673,leiden_r1.0
8,a_009,3.1766200203582002,0.8738877831373106,0.2991424951954043,0.5969157854189939,1.8908287492931914,0.32377091710010664,-0.14037792467768562,-0.07823673638373081,-0.11660971253706634,-0.0903332572497052,-0.06610792941010443,-0.06474350605947869,-0.11474170126824729,-0.0790929736675514,1.4955219514512614,-0.01582636300012923,-0.05644451173599149,-0.10514446787339694,0.6173714659993753,2.743987661996682,0.505032377498387,-0.06142375983605302,-0.02576427256221755,-0.0782315965160521,-0.09166575020234093,-0.018190602213740935,-0.10424895151747389,-0.03351026085570459,0.587506429305423,1.004966586540291,-0.0010294293215319195,0.8972535135114527,5.529803402650444,1.4269632035181243,0.6212150703536253,-0.06199914183985877,1.2886417091418685,leiden_r1.0
8,a_010,2.7021885179773415,-0.042282431965966615,0.7347218604212273,0.8915330231359128,0.2723693236953153,-0.06653485887131316,-0.0795978143460701,-0.08617302750906068,-0.08145080319842718,-0.04961004562404123,-0.08273501218745966,-0.10545436035000899,-0.09425165965782462,-0.08498585127396094,1.1538340981266149,-0.04583777177673039,-0.09960374935996633,-0.04554318707642317,-0.014948517132197284,0.8887900013836365,-0.048621202193381854,-0.06783932108835088,-0.10377931491444124,-0.11725448504388242,-0.06975944308362472,-0.03764800122639625,-0.12429212904430152,-0.09032379099817137,-0.012518014830514613,1.3594326483493364,-0.017011318410432116,0.4862689596352831,5.406088516310936,2.005362309615351,0.4685634572918703,-0.06899080032516638,1.2191303416015407,leiden_r1.0
8,a_011,2.242074750406255,-0.05583381206366112,-0.02980309284351976,0.32508450922407867,1.5117864912970316,-0.03793950006101199,-0.04378717395325973,-0.09442998478378083,-0.06380704369084679,1.9407267128485282,-0.041628311216497065,-0.07732725792009168,-0.12427811584967072,-0.04030688866865168,2.8275400330501457,-0.02956822588814515,-0.0866720231875665,-0.06492727435597698,2.27475030200386,4.868776389615553,1.045015565955285,-0.060842180966123954,-0.09469079222200281,-0.07298401323375116,-0.144850023452536,-0.06204899411820036,-0.05560461257767066,-0.020469408783008358,1.499667140654953,-0.014463137995405257,-0.09027275090917791,0.16041313087446651,5.049125784631991,2.037605380474664,1.4396229753661256,0.2955068177428385,1.348936846159132,leiden_r1.0
8,a_012,3.149538843577086,-0.04695633823148612,-0.08989973504133494,1.631905679971622,1.6463614393303923,0.2469212063783231,-0.031249610311048337,-0.09243777504147838,-0.08441759609883366,2.007559596077315,-0.043395009136382154,-0.062267805057446286,-0.06226856353493117,0.6549542551525138,2.655175873627963,-0.10638660217031326,-0.08075652056728552,-0.07035664074924862,2.380054508092499,4.446624617836504,0.9442423699522554,-0.04665668881687074,-0.13163027560905818,-0.09405133158277307,-0.09799673178269672,1.1235472474222248,-0.13010677080857264,-0.07780231864947966,1.7098044145446822,0.13140965180635328,-0.06149003759535722,0.08781568039998736,3.815139692503008,0.9864052359072716,-0.06480104004578034,-0.041692946021139314,1.3469886329133587,leiden_r1.0
8,a_1a,5.007019894840534,1.7974769541875277,-0.013561920348871402,2.0161326973392955,2.742544306273449,-0.03913677830925295,-0.09605889778579191,-0.0782095795132189,-0.09883743328368505,0.05024094024366528,-0.0917465990003791,-0.09021184158864823,-0.07425543775259767,-0.06920625165656394,1.897152067656513,-0.048787001011097196,-0.058899159062759464,-0.09152985064094896,1.4710294759017895,3.0169961947754778,0.9001962671642323,-0.09568672200070669,-0.07003222212708995,-0.09983274062889022,-0.07211430684207978,2.129774954801656,-0.09701568661234075,-0.05525106424417272,-0.05573412086772032,2.3340138403610213,-0.03906396478238072,1.6272231169756126,5.483355294260392,2.106533471075264,0.6618218827836141,-0.03125393027842167,1.5788600403795068,leiden_r1.0
8,a_2a,3.2720978676853516,0.6340246977008372,0.06444695425430153,1.3355661749262566,1.7247952917990987,-0.07106825505122055,-0.07107565712685732,-0.10116451305894834,-0.0823371671407746,-0.058581326083413085,-0.09783577866052412,-0.057001176276333845,-0.07901478161525374,-0.10049218375871666,2.185006266045317,-0.04889188190111989,-0.04917567600873444,-0.0471833495102096,1.355312453619442,2.9258545446276893,-0.009557505476161696,-0.1071344630403724,-0.08468796701144161,-0.126566411724707,-0.049476364257777614,0.02682584336787364,-0.06508384074269989,-0.11755272480552997,-0.07340744232387206,0.006243697219802123,-0.05562147249455094,0.33651799976128316,5.329713175802502,1.6126595435239341,0.6348156860592875,-0.029996697548767208,1.7409950458038335,leiden_r1.0
8,a_2b,3.0909139978564437,0.36513638189081676,2.0626347348529674,0.5410821300743309,0.37581060768477426,-0.07946140420626806,-0.12206525194637194,-0.08825067458969732,-0.10611703553356777,-0.08771988755957691,-0.07304043492394618,-0.10166752760522058,-0.07557619894401929,-0.1319601271361429,1.8899766223714685,-0.048262978770469186,-0.033798128843366415,-0.0605180755580105,1.8148592356439996,1.0460520633628634,-0.04398843716771636,-0.13718102833307524,-0.08039784400644014,-0.09772077847021418,-0.11272447699624345,-0.0518626584940426,-0.11338930566673466,-0.08186674528884633,-0.07228876275147811,-0.017030481304916495,-0.0838292024903774,0.23415093774772103,4.45696439957927,0.9412282579011845,0.15303775339695452,-0.011603551947069088,1.7649036860110083,leiden_r1.0
8,a_3a,3.9476165653279045,0.9158011744963186,-0.02330347730350711,0.552821534604452,0.9087445993814878,-0.05853952195435374,-0.10705810039927412,-0.09361196510973374,-0.09221423474687689,-0.09431899682527263,-0.08170264443171739,-0.08058211583668587,-0.08068816258185477,-0.02797502490716677,2.706038184486104,-0.07472884270399618,-0.03408454651603639,-0.06455477931877765,1.4279148311856782,4.186107038644218,0.8338395159930132,-0.053272929969581474,-0.07951285775244676,-0.08808478926743837,-0.07063360181974866,-0.04666391007947046,-0.0850554335128619,-0.04537614950019975,-0.015963454267074215,0.581436967039812,-0.02231161748518156,0.5665088635389159,5.958027207779482,2.633700817594147,0.9621270264565698,0.9617808413913691,1.549122523470694,leiden_r1.0
8,a_3b,3.9837052745300423,0.8058929481860898,0.384811505952279,1.7928459236233625,1.8206608261395387,-0.09222250577910468,-0.059722832957215075,-0.12272524331962184,-0.10242449296400527,0.023718958248661777,-0.03863743581412865,-0.11759408409267474,-0.07204677331692318,-0.10299474487468277,2.716236913470264,-0.03401417951398508,-0.015744134948376166,-0.028943297767385093,2.436399055857873,4.964168538385621,0.3727546702396087,-0.052662853804414524,-0.006651548921451045,-0.045643016004717304,-0.06786257419464523,0.4389444631760765,-0.0433453583220209,-0.037974629441377195,-0.019450815771324348,-0.06700621301350712,-0.062450323486356075,0.7657006835511627,5.7559614761619935,2.1452841219325345,0.6628661347603937,0.2997197921309351,1.3992853661309463,leiden_r1.0
8,a_4a,4.313507503653247,1.9439022950605636,1.901956721038378,1.828066562395864,2.110036086861869,-0.02519411519127833,-0.07493028124619572,-0.07644178257966938,-0.04538981312472834,2.203277153825609,-0.031129455453905268,-0.10238582877629873,-0.07772655524082647,0.052411555880213644,2.0485837441132455,-0.10511675740169976,0.09706987198064797,-0.02813311790947788,2.3742692518390234,3.708587599698477,0.8209600205592427,-0.010585535438514312,-0.014261482563389487,-0.04005053583126549,-0.022139855701774486,0.7990539522821998,-0.08071081822098322,-0.05653712877234359,0.3512380571954756,0.13912247695017646,-0.002542862600883562,1.309966438380156,5.7357238203290875,2.043992859129304,1.5189362333046712,0.13303697089888217,1.4687904971709513,leiden_r1.0
8,a_4b,3.453014189848134,1.5656249580446955,1.7517506658677975,1.6083072185475613,1.7551931852309564,-0.014008855079174624,-0.12091106515413584,-0.09741163415061402,-0.09429108701748312,1.0690012431182447,-0.06621913854929172,-0.0608072755098884,-0.06863620651039652,-0.052141128049832106,1.9759892438232756,-0.065734588545331,0.049036553688694216,-0.03516123537959094,1.5547545740625328,4.212857627198658,1.0091567507963461,-0.031273369246735114,-0.019699552537771416,-0.0739598361312561,-0.09219593748986338,1.1021799018936183,-0.07619510278089689,-0.059878484892924765,0.33847211835073365,0.7867911501402742,-0.06271550129353878,0.9802266030877456,5.59249337777001,2.431978829439901,0.8831796222591397,-0.0148548980918416,1.6419504916373882,leiden_r1.0
8,a_5a,3.7368780338950107,0.3051858608725553,1.7112851752580045,0.8134285659138644,1.5362140674016769,-0.06283735526302599,-0.10529692749819866,-0.09504795008596906,-0.06801358781699933,-0.0205228390843178,-0.07191634699796241,-0.08010633388954763,-0.07849491361285847,-0.07582176919252188,1.6508517731815642,-0.10903651953622316,-0.012494631597849245,-0.0464237962152837,1.4396502832720466,2.9828405538153775,-0.004310033909807145,-0.10759487534553555,-0.08243906691497388,-0.09984819439280025,-0.0421540128560904,1.8599002672290068,-0.040011559337371105,-0.04202803680010737,-0.051167771771641495,-0.03881690471817919,-0.031185274819975885,0.5386551495534586,5.836004073949722,2.4781501186563837,0.3217092832073226,-0.03586208377559475,1.5212253613121047,leiden_r1.0
8,a_5b,3.093621965170194,1.975062965277036,0.8807395828421982,1.0039132776356336,1.0179094803197115,-0.07827906981882721,-0.08781451643992719,-0.07980188496397367,-0.08840005725192919,-0.044065115452309594,-0.055596346706661796,-0.07148581823234257,-0.04723019912174481,-0.09842621652164045,1.0963120949619256,-0.04630540693138542,0.19085155190083436,-0.08628381035457842,0.24812241039419047,2.6663016466314056,0.3898802182109839,-0.061070367779480945,-0.0598553966309719,-0.11516330881784673,-0.0824909911717801,0.13273668797606675,-0.07483919077171458,-0.02417190241925804,-0.14408531005244934,-0.04723901913595397,-0.055960304734740104,0.3073066764924335,5.004361784010949,1.607676532516602,1.4124060039592,-0.004068706010310471,1.3302883796689233,leiden_r1.0
9,a_001,-0.0004993508362373287,-0.12878078329150114,0.4996010031068492,-0.010544781919388787,0.8192317147618715,-0.08918482472832513,-0.11720268473465836,-0.08741775904816486,1.0240235990624935,4.597961111945412,-0.015676862098839228,2.1698924925899514,0.33578668449363175,-0.13788963688558062,1.5972854555555536,0.0921403599324396,-0.12285366499862904,-0.016405421716210993,1.3021634813964003,1.451748274263879,-0.00722452077988381,1.219624549296777,1.2707614543295345,2.339631785993389,0.3719622024732486,-0.005946530373275294,-0.15867061626076703,2.373195531689595,0.34664079961632105,1.3388674617156222,-0.0995895100003385,2.978304763131275,2.156299051744386,0.5817073831936677,2.6905316983793583,0.30998343270816225,0.5644790909334796,leiden_r1.0
9,a_002,2.465909535156792,-0.10533890647978242,-0.05426438058498398,1.1202930590694749,2.239037588433967,2.4064236629208935,0.5173052707744336,-0.06714828125854552,-0.016394436567365982,4.351975200413971,0.2734481179129546,1.8539674007250606,-0.06006191606541935,-0.008277011031543888,0.668672077340695,1.3636217655203762,1.0140168176234365,-0.020882103592820625,2.6337603015836946,0.4176226983459941,-0.029022654329963454,1.1977725951403677,1.171328819039608,2.679109279169266,-0.03712002463657695,0.4784983490530774,-0.040672037312050505,1.373449872384265,-0.14196637194895181,-0.09830763875474557,0.5626576391519291,0.08346042311729757,0.8197590844639115,0.37846734968806206,3.296600760201403,0.12103913515310312,-0.14053697142024846,leiden_r1.0
9,a_003,2.0972176252567505,-0.01692321582860796,-0.0048598858143465845,0.4930828167725406,2.5899195201584484,1.8946140220577217,-0.054240823743041185,-0.07831093147247634,-0.0009688048970641104,3.9130871746906473,0.2817555436888857,2.2841320440001165,-0.02140004011811908,0.01491335334241934,0.3391192414733539,1.9498186997999039,1.7984622641841979,-0.01884185644644566,1.2819413212819457,2.050217949390035,0.1294353699939032,1.1944079919623722,2.0576397077437534,4.273240455285889,1.0232556442649543,0.2380109718557349,0.30844556902484616,2.149915342320152,0.519182816131103,-0.09538593083193334,1.41985631665347,1.2020490381985072,2.2295454307204383,-0.03636934606661732,3.234566729703394,-0.0028270436046679056,-0.06469134223254497,leiden_r1.0
9,a_004,-0.04801487857226998,-0.00040805944040455907,-0.18651437543300445,-0.07195396149350185,0.9615930557197163,-0.16621693255345663,-0.16359994126143784,-0.19410288310614074,-0.18549078047455902,-0.07836032323016422,-0.11509936257493689,1.6606066794366101,-0.13956199906006636,-0.08969826043475125,0.14896851211229586,-0.19265597494315925,-0.048051945655135236,-0.1342634193412298,1.6375719816238832,2.339693700503841,-0.14233070774103268,0.3543629038614312,1.3323598294463888,2.8009537648182294,-0.11449442005659935,1.3580723891415476,-0.07767316530582749,1.0715390224908894,0.20119860400596992,-0.019708052000264188,1.9208210260843055,-0.03244390801926178,-0.18718272778562217,-0.08545849360639578,0.8478034859667903,-0.09738207347545205,-0.1639354761926141,leiden_r1.0
9,a_005,3.287992348624203,-0.06624029457823656,1.0513546363471398,0.49291489079939266,3.2532219254969457,1.6017885371279565,-0.04160343197073616,-0.0979646463673862,0.005592035209493487,1.7355727378195944,0.45247492032990666,1.9478877099460856,0.05942231563865526,0.49912358891496517,0.4978258543239298,-0.005135759953775642,1.9169384232306204,-0.03671301662090391,1.5202952591247432,0.8776452641092369,0.7748258881909624,0.13709953550921064,0.6339770815050062,3.244505709786986,0.5353028868465739,0.19521191238437746,-0.1191612373995979,1.9451747097554835,-0.041767201449730534,-0.04784232739770638,-0.03376831458061359,-0.07023461067891087,-0.006803782672049578,0.5488185760411336,1.5601251226908373,0.1050628935120454,-0.03906337999118906,leiden_r1.0
9,a_006,1.2950153495884738,-0.023159653798692274,-0.030275812593290083,-0.015197405826251786,1.2082921470832089,2.564825699860243,0.5882325360891102,-0.08826299794336592,-0.024753057359353296,1.7961704349661762,0.10877407651802916,2.3353464027189976,-0.07076891661605772,0.3635809519963819,0.5698125125844943,0.013228429980457134,0.6066532676383514,-0.07669210568214394,1.3680385794643806,0.2292134916573555,-0.0022915849894673246,1.5680920170469133,1.2814311913097494,3.418606619125902,0.2604656421891427,-0.03307165511415547,-0.05413690069171417,0.007375656995414563,-0.07619955423987831,-0.12133770501185258,-0.056869478752168176,-0.013892297617761172,0.9444459746282009,-0.06129356543037168,2.3772448207110064,-0.04493252723587893,-0.06899011126779465,leiden_r1.0
9,a_007,2.642005515853236,0.0282707411149034,-0.07762943705291483,0.005915203969669326,3.4093459254618472,1.6581592794569622,0.04701828488742559,-0.0943141341154986,0.669405164195334,3.9176179547526564,0.10369188643176226,2.457850895982642,-0.03782092464003922,0.8368791960893955,0.29272920194928115,0.11171412646889652,0.8277124862994695,-0.02268032439231105,1.3572747702185708,0.8338083599358823,0.2017230217636456,0.021292127143471593,1.7400230080745431,3.7017162807810458,0.84691341510342,-0.0052756786020240615,-0.06733056196410497,1.3082875588508547,-0.0033159953197087356,-0.02049236170007483,-0.12251068324561448,-0.05468650751260141,1.139722068602983,-0.03135285285605166,3.030688172817009,-0.027298102152658956,-0.10432021415513273,leiden_r1.0
9,a_009,3.422187733881519,-0.02053135656676948,-0.06787207889233814,0.15051962976245542,2.865195484308417,0.8534478364299604,-0.05495306853449233,-0.09897791183314848,-0.039806674850265115,2.5505391667443513,-0.016269153724390667,1.9273851391703738,-0.07721669048037658,-0.1091435927579025,0.4143917602799372,0.6880576365448663,1.6969328829873827,-0.05956627196887368,1.6681241239860303,0.7542524290617252,0.386626817568862,0.9477506443072794,1.3738283938602756,3.338792915903779,0.2289435468946816,-0.014223132726787652,-0.012523590619883809,1.6179556561257455,-0.03441606723209391,-0.032783335463629285,-0.016373756315497034,1.3775887304212104,2.500103047239715,-0.035201098286423205,2.6175097535826306,-0.08214465127898249,-0.06556048828032471,leiden_r1.0
9,a_010,1.7248325843180707,-0.157547510380724,-0.03898572334960235,0.04418514461770052,2.753912225034917,0.16364111217497995,-0.17182018133130386,-0.029951379635027874,0.35169867500774665,4.118671099382056,1.2914001549921454,1.5768189626452742,-0.13147066764268206,-0.19088241586255342,-0.17111711052624765,2.413954856180216,1.77465897913425,-0.13157350095432022,1.573995200132956,-0.02268184394621674,-0.04877394276957404,3.4568301110477697,1.0868009690296863,2.6057096166636353,0.04340433658014917,0.9937614036000606,-0.07580232246423078,-0.07972694060719791,-0.09189020993122061,-0.10003355626480376,-0.03318001650389785,0.10269694373051302,-0.164138482120188,0.22322714824204304,3.0895531613623084,-0.14720090995806748,-0.03160614736800442,leiden_r1.0
9,a_011,3.023294269513264,0.04314096675965266,-0.02564453427179485,-0.1191715824851899,0.8887275362413268,0.894631212987296,1.276492787801136,-0.04906781744822431,-0.060726118699559344,2.2781438532577116,0.591979866471697,3.2692682508755664,2.14349384207985,1.7887335731252791,2.605684735487531,1.0696929163935256,1.782546155604834,-0.054784176823431195,2.351844385993276,3.8505357625015,1.462330990194039,0.1725150517600376,0.05606220521982425,1.8016667473543688,2.775660398389128,3.3322052565921236,0.21237498110060668,1.060312452394277,2.189872822216032,1.6597452418700254,0.7769246012001909,0.1286140451813037,3.630887904571333,0.7367704255518648,0.2651897307441179,-0.007388413531930764,-0.10658149983662248,leiden_r1.0
9,a_012,3.281690860641241,-0.06705767573036608,-0.016404153477159553,0.8649928876247591,2.9144417984265383,1.0448370506444324,0.033275211346579535,-0.03403023538084649,0.5384136614641202,4.344620886957431,1.5362489300544118,2.318578447432376,0.6409982361711533,-0.0668685088462117,1.5631772758895872,0.6350427999896864,0.8547186867051793,-0.1012452271053631,1.644787363389561,2.387542513003056,0.9967239312006884,1.4334300477415596,1.4113973866255707,3.6133621699345735,0.6311852636790058,1.3606286261182297,-0.028627241896850363,1.6271494471581698,0.30128578983972376,-0.026331281886523956,0.7631928794406589,0.9633547110335448,2.024789812879885,0.1255480324944665,2.9494845390627837,0.027272446129430406,-0.12502698624260541,leiden_r1.0
9,a_1a,5.275833824091225,1.6362823052670603,-0.011997882764584829,1.2483369376016338,3.194644438846672,4.0351301937901765,0.58162204734351,-0.02016312349347324,0.23752813047239357,0.6695830385168988,-0.1387101980797649,2.817509461240411,-0.025685886275173698,-0.08573603258246734,-0.09169976540509964,-0.10253690225022619,1.9224041198121664,-0.12484502272706677,1.934014919523158,2.583010710646612,0.07254659483074895,1.7450023400747443,2.203418171333707,3.581643767187211,0.033216671040937874,2.783756795581753,0.18506171681348166,3.9860038218206735,1.0808833660928945,1.722697101027677,-0.01911970857905749,3.998325324770484,1.67962836556339,0.6321558778682135,3.17461525235168,-0.06400932202667534,-0.09597355746490227,leiden_r1.0
9,a_2a,3.4426701349515327,1.816162788886817,1.6781318242464072,1.5840607273672906,2.3577895160512474,1.1756513510141398,2.2249868907947135,-0.15700626095536013,3.1161943604745366,2.4248902753094224,3.256141825001694,2.150616167891779,2.319600429293162,0.927665174825585,3.3333934384296793,2.6588843873699965,1.60366449485948,2.0728574234996784,3.2591415607951726,3.3754874245909474,1.891180733854381,3.3681435158051256,3.484451773164898,0.8914299777661235,3.054565437111649,2.777656081300144,2.0518373575719,3.30816456096654,1.0182333572319453,2.85320682718728,0.761141332313341,2.0164605113765948,2.709974685325725,2.4037716941865614,2.6965357635618967,2.263751684183061,1.7136823212655288,leiden_r1.0
9,a_2b,2.342632443943622,-0.038902504924920374,0.4113938261711422,-0.055633832465083785,0.10645590968204355,-0.03769601726050496,-0.11185144648838469,-0.15229871618779134,0.0028234533387102786,0.4248476972142812,0.1845878047470792,2.2670055082776916,-0.03306441534705844,-0.10361292573367129,0.1503792416442386,0.3768966854253892,0.9233921220989907,0.6066960566372394,0.7486311486103282,0.32580470083145685,0.607511605350994,-0.09465828096501334,-0.09369868487074029,2.188928618966695,2.114292918422384,1.0672089971557641,-0.14092260395337408,1.2598358083986052,0.2690282367980238,1.0532010801228724,-0.0946581584665083,1.1981292057892134,2.602153499419816,-0.08619469740388463,1.055986716714816,0.09927862621407324,-0.0846525210124236,leiden_r1.0
9,a_3a,4.8083607219770625,0.3286207875093261,0.5237511347924751,0.17573558962352961,2.235011118528125,-0.0556928147433286,0.4100864094130893,1.0164118679074068,0.3571804408187643,1.6801657874132232,2.360244861316474,2.110544559959705,2.26333589664789,2.0983020332501687,3.285904256362425,2.9167179989384318,2.396447706231959,1.1666723054991923,3.014468723251441,5.12866039587847,1.9628227652867654,0.664345502865015,0.4351463351021122,2.4220411940108466,2.526830021755667,2.846117974193721,3.2550049721560272,3.1289196144695843,3.1778792343664444,3.0625951804858187,1.1482580960459372,2.7917848682005135,4.706915032168633,2.7181443386501787,1.2398813954168455,0.8095163520806545,0.03754040358567197,leiden_r1.0
9,a_3b,1.4756102656423187,2.178085554649653,3.266479095465858,1.6982261503855052,0.45140495428806404,2.4145599469077728,-0.17318485950851906,-0.17984690630160377,-0.04196205006858905,4.768697106522988,1.4461429316297858,-0.1973444561255935,-0.09671935941115395,2.0110524264108864,2.3096568431841487,1.8401942280680854,-0.08883049677356511,0.5002160063159985,2.6358764388540377,2.682654913262905,-0.1335324931477242,0.20021509549908667,1.0014275793704632,3.601926159395993,3.6746714236703797,3.0749303166649047,2.40413466006271,3.768930832070188,1.7047296594622277,-0.017049632452660727,-0.03124819858416628,3.5439830025738277,3.929274313382616,1.244652863333869,3.4351429667680056,-0.06649062988786122,-0.10587540550022738,leiden_r1.0
9,a_4a,4.638206244786838,1.2119432595926138,0.17072923822092528,1.4782166507621395,2.877436212498293,3.7849704434710434,1.1350430472774646,-0.05743905283804855,0.054081375358999074,4.173869954267836,0.2235760698926874,2.353527455750924,-0.006579442786446235,1.6200393933834372,1.8713379547620947,0.17552556720828424,1.6790797305246257,1.0284517731790688,2.460527848134472,3.2831710858036045,1.084496228220948,1.1208608195941083,1.3407648869287998,3.9705124250016626,1.0440544151267463,0.6513229184659133,-0.024071216405584874,2.26974462926739,0.3923386487824705,-0.04160797570887893,-0.06693870397399815,1.0042049607936276,3.4602207405322694,0.49559830172130176,2.987077780797811,0.6617625886186179,-0.045404621161615116,leiden_r1.0
9,a_4b,4.171692135540193,2.040916308121707,1.5075232072000257,1.2203531113475379,2.154858393976819,3.220182719726254,1.0201424160521597,-0.03715675703750782,0.0965660794080351,5.0615832633140645,1.4508492328729297,1.6646716456443975,0.5669558142794842,1.062887633359096,1.608830011292712,2.3824746100744556,1.5863300361050428,0.5346516155537897,2.7719141360980144,3.338475000761801,0.18769251950413607,1.5269689467950889,1.9132595447307796,3.9322611237856986,0.5290202778888085,0.5590579992987207,1.4416563936839606,1.831591803850261,0.28297622481108103,0.14924058259589548,-0.10562998477637789,0.8019093100272744,3.030652045276553,1.4351776953831488,4.053411075488388,0.9868485927957249,-0.08427153005262926,leiden_r1.0
9,a_5a,4.913744505109284,0.30936736251422237,0.35174752163429823,0.7889714304398239,3.2849515856452434,4.089102130606628,0.8697079208741829,-0.1287779348056086,1.0472413781733896,2.4915060007484433,-0.05631583451939382,2.5615934148789226,-0.08368601950748031,-0.030050817307435796,0.402992047874319,-0.03632743056573161,1.408897718472909,-0.03685053933391366,2.1484782638628093,2.1866153833502153,0.5113250677111965,2.3735118258483756,1.8095952456058138,3.55744695837749,1.8239331922008026,1.1103882467375885,0.2826214567869689,1.817075742749151,-0.023190455792108905,0.0016679773353462692,2.507036959103569,0.9685250821040587,2.6605146316318713,0.5194759250677362,3.0632769586014,-0.08302964817988068,-0.052835920161145924,leiden_r1.0
9,a_5b,4.911052625417687,0.9585370158803441,0.036802384961838276,0.12516544202310753,3.2671089611308535,3.582390041493358,0.446391513069239,-0.08400391713923287,0.08399124818827333,1.3601929627139602,-0.06903812762333343,2.6601241809759286,-0.03612449310050499,-0.03774148918311758,1.9454914400373409,-0.004228300295396408,2.4472784366970113,0.02895846326235438,2.1954453385888075,2.0773556004224827,0.3250492885925977,0.9439330690670418,1.3291449884161641,3.9365770224238217,1.357965373573226,1.3543007396941715,-0.01661628165788626,3.6269256899171025,-0.1260429248443027,0.09943355241299125,2.0053995332847534,1.952283461452812,3.2573040662317387,0.20945066451956543,3.352698849627013,-0.05618132223889404,-0.041075655684349135,leiden_r1.0
10,a_001,3.173451746471348,0.6487596830379152,0.45133813735990713,-0.08718705674732471,2.8287611398827863,-0.0775263062245854,0.3305401810345138,1.63586226632233,-0.05185052412642039,1.5724586529314655,-0.08635138592841973,-0.1439246728525711,-0.12142034455331582,-0.11702265064696488,1.8409325102129248,-0.08397814514153468,0.1072401535547291,-0.0390133983575018,1.628311465822728,1.7575420663729828,1.2742110651711056,-0.025161620870616547,-0.13039741570692748,-0.09002309148369922,-0.019904220091326027,-0.01023020845598676,-0.14078226963731869,-0.10297924164675276,0.035604580692447346,0.4154807274305116,-0.08664940237158877,0.07568057243630272,4.348129041281071,0.30928301584532963,0.18743442116135223,-0.07296795460983795,-0.06327724813334559,leiden_r1.0
10,a_002,3.3499757918700803,0.3832538339104767,0.4995624883808386,0.5718562626187305,2.666327235005197,0.66848190334597,-0.05543520297795577,1.5024606469694635,0.015568589166487443,0.05462487229045422,0.08267885951498141,-0.1427024846244182,-0.14770021774806263,-0.10954657669751389,0.6394702712631201,-0.09865947029418654,-0.11935908501734575,0.6265977534619793,1.6706187622918618,0.5915346214811592,0.3504703554502368,1.0678526040549454,-0.11075979665792585,-0.11726381339284053,-0.12310354531999107,-0.09804157452791942,-0.028717459502022348,-0.10789911223017948,-0.04439068847784164,-0.07601603633262638,-0.055878145702858276,-0.05059257513198129,2.5695529196848095,-0.04909431526412553,0.006962493208490343,-0.166429775294542,-0.017958169636563485,leiden_r1.0
10,a_003,2.1605999479388442,-0.05950068904453212,-0.052148072557339165,-0.03575531702680511,1.764336490302563,0.913253800665094,-0.10031996486612278,1.6286897147374226,-0.058993574386460815,0.10623242790302197,-0.0958595453827342,-0.08487183042643871,-0.06655199674182015,0.01903209835062821,-0.01631106763285433,-0.08592833536808209,0.15050001069041385,-0.045212101931348135,0.24508150773717333,3.5410577999010036,1.5744181539573834,-0.05407757893118801,0.13864492985485474,-0.02142037281632426,-0.06127432195795384,0.028116955088327806,-0.07004387651782992,0.10791954600573037,1.051553294771339,-0.09653778739774772,0.08084987863978858,0.8042243390793914,3.2648623616545827,1.0140557582557719,0.1152016006665778,-0.12962074577036983,-0.049255096231618216,leiden_r1.0
10,a_004,-0.027730364903534217,-0.10449113477894634,3.088303692442165,0.4603313696845418,1.2080784550242325,-0.06791862458042786,-0.15501543628301373,1.7052271840193043,-0.1600995450404713,-0.0952463573306121,-0.15007679841598992,-0.1577299536219447,-0.10618392374489594,-0.13660635481455283,2.0234178850175435,-0.0906205924976895,-0.027648824228121066,-0.053554347075662166,0.023068198511284145,2.46028226943151,-0.07790426820461056,-0.0024015876661848392,-0.04997196011573461,-0.03613183755952766,-0.133667187871168,-0.1422749350851127,-0.07764024959313529,-0.06230490059481071,-0.11149119285534684,-0.007207752939767241,-0.09893486342561984,0.34162229373165154,4.769615522067487,1.773736244271483,0.6354000576830546,-0.04128629867541847,-0.1608451155238402,leiden_r1.0
10,a_005,3.9968460803691466,0.08751616446876435,0.43430754247887055,0.5220171471365588,2.9878176572183164,1.6456661269133965,-0.02094119421268189,1.632367650873542,0.09425664686272475,0.32380322492767555,-0.054765659683496726,-0.1344349018010264,-0.044103340444495806,-0.10230149297839677,0.7111094712904202,-0.07808475475704708,1.7650600078276142,-0.02497839297779507,0.46447181946942084,2.4371699185376947,1.1921192346582896,0.6667353407237602,-0.10502957651113148,-0.06403939080717494,-0.11657385031714357,-0.023052730762130155,-0.07975167748021922,1.721007461046804,0.7198214123631572,-0.04172821013386281,-0.06925143796189724,0.6607654925854604,2.4423178321699917,0.1990534379692005,0.0047391426326303145,-0.12134213162104805,-0.08411110820342223,leiden_r1.0
10,a_006,3.0651482441704685,0.12756313754348572,-0.07720434950951668,0.5905079934134666,0.091644747235949,-0.06793278817039705,-0.07219539502309702,2.070934504072291,-0.06415473196745024,-0.05357796484291135,-0.026649833746580864,-0.08294463764596091,-0.027592623574042442,0.4645892824211668,2.529362138748297,0.29715858673377726,-0.05086217423512068,-0.04190760557239216,1.8536720789363974,4.234832363179216,1.1292282919006729,0.01984896374361246,-0.03355870680766027,-0.06837213131748004,-0.05452105912765512,-0.03763060211688108,-0.101207692157256,-0.12834611448976563,2.172218810511374,0.34590529673315223,-0.03910519993076255,1.1133276454307437,5.97456582799596,1.7161999814361022,0.9284801220028911,-0.058380188216251364,-0.11015278350517718,leiden_r1.0
10,a_007,4.005037721795315,1.1799735371409454,-0.08353867514245458,1.010997532725638,4.581406948857882,2.283305674336915,0.0012338886026271845,1.549372856789298,-0.025169450605378216,0.27504037363061445,-0.10405568167154858,-0.11032719253720488,-0.05882665690198077,-0.12824641478181115,1.906858885735316,-0.012797158703612347,0.15244354182744194,-0.046823254598530775,0.6885425539840845,1.4491102411893588,1.434813734653766,1.0786019868771444,-0.14081349048202196,-0.10794488334443919,-0.11489425558797306,0.08767596753839886,-0.020662696167155388,-0.10384838632618298,0.7859451548082483,0.5434432643647565,-0.18048809271145994,-0.1326537105430575,2.934585556832165,1.3395836758577893,0.2734736633813993,-0.164818610679067,-0.12850333364243272,leiden_r1.0
10,a_009,4.356403303343328,0.4931787294753244,0.1807491124981457,0.9995782690651283,1.6184613631542417,1.5811691981449398,-0.04872983411619286,1.3164749947220102,-0.07476501337892795,-0.053754824762043914,-0.16668655750124484,-0.11610658321540074,-0.09100115952039475,-0.10939277164988816,1.3466636782869406,0.12439614932032468,0.1383865330295434,-0.1142646823092469,1.365110754524475,1.212538231726228,-0.03171701603676464,-0.03760438553534658,-0.07257240718819474,-0.07371934951923052,-0.15614077473363908,-0.016793610535332865,-0.05164778324487044,-0.07072222003349232,-0.08222940931039385,-0.03504276069846624,0.048662560646822235,0.9603705951479795,3.069539284223732,0.8689685834370702,0.3330923214637128,-0.018203129406312465,-0.07999009002985458,leiden_r1.0
10,a_010,2.701099873460642,0.3764240462472751,-0.0046124771599638445,0.627262596571624,0.019990257180208817,-0.05930273119969774,-0.02981870530285329,1.3820708595864806,-0.033677207980090135,1.0203736288291372,-0.08349057332824338,-0.17564815166756503,-0.11724357833652431,-0.056608187378507396,2.352904092258143,-0.06623950844931137,-0.006513744724363559,-0.09760110995199446,1.7729293327320033,2.604236762403679,0.2211658075325025,-0.028675470630705132,-0.13958723974891263,-0.14459128785964837,-0.10096931618072405,0.007799333983199508,-0.041353156747683764,-0.021577668629618327,1.139459950462277,-0.05629836750296537,-0.05946584963055514,0.41656671397020273,6.058586156068829,2.2276297216912937,0.8480546828997907,-0.008527998819967145,-0.05595010381012911,leiden_r1.0
10,a_011,2.793897787738741,-0.003548903391769797,-0.026455326356274594,1.5992436900179916,2.5687424674922004,-0.03475002683156083,-0.10305191671386058,1.4750076039372435,-0.15239435119978412,1.268350490932454,-0.05360887260091682,-0.08128031527105685,-0.04147783213185474,0.3067043010391166,2.008364469179671,0.6067329440313367,-0.03714278090181164,-0.008123823304648482,1.7068000570234887,4.898032199387183,0.9656879102190191,0.2253729503708467,-0.08692797822879772,-0.04240073437382551,-0.11716966425191955,0.3606550223445706,-0.09374303823132818,-0.01913067531808275,1.8011553426995277,-0.0018385426028012847,0.48368357945158647,-0.04386056916796176,4.460689000711414,0.3300875860202267,-0.03733263608025392,0.23179487053056025,-0.10360438473418158,leiden_r1.0
10,a_012,2.552664241740122,-0.006441390983043434,-0.036502751800344464,0.787573438061936,1.7703661712380985,0.4537039301225554,-0.03864578593125707,1.4085297778051231,-0.05645132245128069,3.1224184678796956,0.06420884663689568,-0.10647247173030093,-0.009735769375063473,-0.06084781170163529,2.9554398129983284,-0.02147501280910995,0.40347334676632696,-0.011654735924551074,2.4976699633231214,3.868646917200201,1.263244926573069,-0.048096092765589446,-0.08990480025617395,-0.07412721056271351,-0.1319666156551806,-0.0139772642364817,-0.10956068883393343,-0.019201235799907124,1.0115852993838685,-0.1066337294486975,-0.0398848653857333,0.3779874252113974,4.433398240357666,0.8261948026185971,1.051969544487989,0.08113458196392684,-0.08152346969887164,leiden_r1.0
10,a_1a,4.827177113209046,1.4065533027213777,0.9706554822152522,2.3717909912943185,2.7379516858047905,0.752631342090536,-0.045817114904071685,1.9591610446312142,-0.11696589260796778,0.7204115623645155,-0.07970101158778839,-0.1400894888559281,-0.05814384545029523,0.02272610172997424,-0.10344995382418636,-0.02816968166809436,-0.11481019763524647,0.2089457222906439,1.7220959212605778,3.671711889949526,0.9467838484863786,0.012237382663808048,-0.030793712134268833,-0.034738369192292465,-0.10076840846638925,3.5132514713525285,-0.06259498436026957,-0.04242719580137745,0.27511959310846557,2.951712778415157,0.036101400917627,1.2167127049685633,2.2164094630734743,-0.008052183162917155,0.25530916550491817,0.551031660887753,-0.09691865635108929,leiden_r1.0
10,a_2a,4.472031344810422,1.440813118398958,1.245689389522766,1.75141958329794,1.5346896903066167,-0.018461956333659595,-0.04098021957580384,1.8727313516451696,-0.046500767024729606,-0.03695958363644724,-0.03105513745599259,-0.0719851136145471,-0.11159590982822193,-0.0679074684859262,2.8231508285138176,-0.1173383527114355,0.7419299056997091,1.5759905699695513,3.5224480155317703,3.6380757616129182,2.148659498513944,-0.018335983868333874,-0.045852563330167524,-0.11695499841611146,-0.12468344206138754,2.0702357506543545,-0.10011118969108584,-0.07626183290512613,1.097001506491123,0.69488684182419,-0.10261475322335456,-0.018469192593915624,4.689682623468362,2.02451517046844,0.9372347252169402,-0.06209776996704259,-0.009305629686002292,leiden_r1.0
10,a_2b,4.509228347141708,1.9840478301857185,0.8222323758495662,1.8749100669721876,0.1703754993043128,-0.08832558534349796,-0.07184835900260222,1.61660275162432,-0.098101377609842,-0.07101399080354222,-0.0983369230878012,-0.09189684652766551,-0.10473594808909277,-0.06746772141477513,-0.05934996307133686,-0.11874545383086166,-0.046652465628673985,-0.03013011141904707,0.6369675399981696,1.2212740474563915,-0.06818297539706297,-0.09143002630983953,-0.06289513835239927,-0.13816208679622816,-0.13751333082840256,1.1816514065476817,-0.013920536713133935,-0.061839320305875536,-0.08744175137452131,0.08070683029270602,-0.07359109894388678,-0.09210196718903613,1.6857938247040318,-0.08370948601160472,0.12135744770875023,-0.11456414065337833,-0.04997915735451726,leiden_r1.0
10,a_3a,5.0783454433845465,1.723288751418824,-0.07461127306444044,1.5205628556560857,2.4053513995612676,-0.015935803560952883,-0.0443478224395762,1.461505340305266,-0.11076025008330888,0.1562354572584235,-0.04772428536279179,-0.06510912708592495,-0.07648919203292168,-0.067091771961128,2.658887506629236,0.13125399757115677,1.3072631993550696,0.6535505411656404,2.62044044257519,4.941316417744057,1.0846531008673037,-0.06595850893138254,0.8558111643937992,-0.07670665106862937,-0.06742023799840395,3.8093146177909016,0.8749233164794644,1.3887213655086645,0.46614872913226724,0.05102894751202856,-0.036282348365763786,0.5289489211387705,5.682729960365412,1.7772770041219634,0.3102962344844743,0.16863482667753882,-0.11483534885863562,leiden_r1.0
10,a_3b,5.492791807938066,0.9558297429248026,-0.024895426867635885,1.0135498344231346,1.396627090157214,-0.06659547470515899,-0.09258715651421842,1.1904245020766864,-0.10764075532335753,-0.09244173004418806,-0.07253672643629383,-0.09510629542346818,-0.05952014870748757,-0.10643963560946484,0.40632919875102014,-0.12055699850254037,0.3151134469737378,-0.06611154933773696,1.3828001042947375,2.2520115343088114,1.0510484330883096,-0.013880494055933914,-0.01828753788517929,-0.048776077056849484,-0.11784264601217895,3.2060289061186555,-0.03397670790158319,3.558755461108482,1.2324995800320504,0.48876461230414847,-0.003422531136785598,3.083517854861358,2.3472813527115144,-0.03062644718859125,0.5549773050654556,-0.11383027467650547,-0.05073800807784389,leiden_r1.0
10,a_4a,3.923144290934037,2.1533435618314347,2.554564017261991,0.9294803426826344,1.3840410027229981,0.5475840617958408,0.2897787988834442,1.75549172680914,-0.10620690869827124,0.9041920022935296,-0.030146508665847314,-0.11909491533029662,-0.06696054353637922,-0.015097707634298317,1.8045889447440473,-0.04617761281677263,-0.01725586547630287,-0.05142968155628722,1.7529698916277268,1.965255275018006,0.656400595787768,-0.12435103230020597,-0.09885246984490784,-0.04642556754429352,-0.018027232179238968,1.1937023091627277,1.297797803286362,0.39995101274083744,-0.04547949651207938,1.8004170685725958,-0.11059675449788613,1.1853225566564842,5.547091133267844,1.579160144817671,-0.06697332390659635,0.29609421585624035,-0.1310077410876324,leiden_r1.0
10,a_4b,4.700967913855083,2.1506019535166887,0.9850525638829293,1.5311967105676074,2.0328209531256314,0.1487397087294195,-0.04826062792858642,1.916962124158664,-0.09068746033009749,0.18610638863606188,-0.018652973868768737,-0.08622739693448411,-0.009684773068214182,-0.030764517258448365,1.333983837590006,-0.10684450246853017,-0.009668553710809925,-0.052968492701022704,2.665015866235862,3.584042675403146,1.2304170663299014,0.19873675982108707,-0.04208755888727655,-0.06613921195905637,-0.08549301744984741,2.044212274494134,-0.04458315788257623,-0.06317674672453441,0.43379538696532993,0.8607956914610544,-0.046392509881931686,0.2557783687070207,3.7314078104929473,0.8919736953048654,1.1431752136951787,-0.026042591807737377,-0.12358113335437321,leiden_r1.0
10,a_5a,5.922991777242094,0.9755189849775685,2.7886802854679833,2.408988918834271,0.7758514572160228,-0.044878308901314924,1.1175998328986383,1.6558855066102691,-0.01871810028522422,-0.04490618472178474,0.11104471929991297,-0.1559740916424669,-0.04953430644230525,-0.10108487158314161,1.9200471920615116,-0.0933778427163464,-0.00375730107313083,-0.09579043015151449,1.329904371558473,1.2515877435708938,0.7149941701135627,-0.07101166620318423,0.4964838507815713,-0.04035888420637808,-0.11500082141602369,3.592228197710821,-0.15285201929818618,-0.05124244787809813,-0.09992686121735779,-0.032112374935719196,-0.05767528117880043,0.9372855718419737,5.800971871894836,1.6022072952498285,2.1769717635490946,-0.11896248322325526,-0.14003825162874053,leiden_r1.0
10,a_5b,3.11043931756248,0.7793193499195259,0.8102968049439663,0.20383001964961966,1.6458956385658359,-0.034310750831621224,-0.02637053807373223,1.8197643769891232,-0.04595058464085634,0.3935341706742139,-0.03033079706804475,-0.1067595136290281,-0.1622356091843078,-0.07179241446909487,1.5039330163089324,-0.05915841958158601,-0.04654059766130896,-0.039519695485069034,2.064227371011611,2.756810488751932,1.1116744718754554,1.1187814426923564,0.02450731862562799,-0.0502009301616117,-0.08424656741695827,0.372812622540556,-0.07423096394714208,0.5716915195168546,4.2476655201267866e-05,0.3849342257914597,-0.09630657617253989,0.11060575126109688,4.643455394535904,1.773151405540871,0.9374806416780108,2.4880680025363838e-05,0.04456279657000562,leiden_r1.0
