cell_id,sample_id,event_index
gated_alive:a_001:436,a_001,436
gated_alive:a_001:535,a_001,535
gated_alive:a_001:603,a_001,603
gated_alive:a_001:814,a_001,814
gated_alive:a_001:1146,a_001,1146
gated_alive:a_001:1468,a_001,1468
gated_alive:a_001:1477,a_001,1477
gated_alive:a_001:1602,a_001,1602
gated_alive:a_001:1774,a_001,1774
gated_alive:a_001:1817,a_001,1817
gated_alive:a_001:1862,a_001,1862
gated_alive:a_001:1872,a_001,1872
gated_alive:a_001:2045,a_001,2045
gated_alive:a_001:2064,a_001,2064
gated_alive:a_001:2525,a_001,2525
gated_alive:a_001:2623,a_001,2623
gated_alive:a_001:2843,a_001,2843
gated_alive:a_001:3053,a_001,3053
gated_alive:a_001:3073,a_001,3073
gated_alive:a_001:3415,a_001,3415
gated_alive:a_001:3586,a_001,3586
gated_alive:a_001:3682,a_001,3682
gated_alive:a_001:3690,a_001,3690
gated_alive:a_001:4779,a_001,4779
gated_alive:a_001:5224,a_001,5224
gated_alive:a_001:5333,a_001,5333
gated_alive:a_001:5560,a_001,5560
gated_alive:a_001:6251,a_001,6251
gated_alive:a_001:6490,a_001,6490
gated_alive:a_001:6502,a_001,6502
gated_alive:a_001:6652,a_001,6652
gated_alive:a_001:6792,a_001,6792
gated_alive:a_001:6930,a_001,6930
gated_alive:a_001:6941,a_001,6941
gated_alive:a_001:7033,a_001,7033
gated_alive:a_001:7189,a_001,7189
gated_alive:a_001:7302,a_001,7302
gated_alive:a_001:7383,a_001,7383
gated_alive:a_001:7422,a_001,7422
gated_alive:a_001:7472,a_001,7472
gated_alive:a_001:7541,a_001,7541
gated_alive:a_001:7706,a_001,7706
gated_alive:a_001:7765,a_001,7765
gated_alive:a_001:7771,a_001,7771
gated_alive:a_001:7908,a_001,7908
gated_alive:a_001:7963,a_001,7963
gated_alive:a_001:8487,a_001,8487
gated_alive:a_001:8703,a_001,8703
gated_alive:a_001:8713,a_001,8713
gated_alive:a_001:8850,a_001,8850
gated_alive:a_001:8917,a_001,8917
gated_alive:a_001:8982,a_001,8982
gated_alive:a_001:9385,a_001,9385
gated_alive:a_001:9532,a_001,9532
gated_alive:a_001:9679,a_001,9679
gated_alive:a_001:9763,a_001,9763
gated_alive:a_001:9787,a_001,9787
gated_alive:a_001:10019,a_001,10019
gated_alive:a_001:10091,a_001,10091
gated_alive:a_001:10179,a_001,10179
gated_alive:a_001:10352,a_001,10352
gated_alive:a_001:10467,a_001,10467
gated_alive:a_001:10485,a_001,10485
gated_alive:a_001:10640,a_001,10640
gated_alive:a_001:10780,a_001,10780
gated_alive:a_001:10840,a_001,10840
gated_alive:a_001:10877,a_001,10877
gated_alive:a_001:11449,a_001,11449
gated_alive:a_001:11455,a_001,11455
gated_alive:a_001:11507,a_001,11507
gated_alive:a_001:11518,a_001,11518
gated_alive:a_001:11547,a_001,11547
gated_alive:a_001:11605,a_001,11605
gated_alive:a_001:11832,a_001,11832
gated_alive:a_001:11862,a_001,11862
gated_alive:a_001:12194,a_001,12194
gated_alive:a_001:12437,a_001,12437
gated_alive:a_001:12453,a_001,12453
gated_alive:a_001:12490,a_001,12490
gated_alive:a_001:12602,a_001,12602
gated_alive:a_001:12633,a_001,12633
gated_alive:a_001:13161,a_001,13161
gated_alive:a_001:13221,a_001,13221
gated_alive:a_001:13224,a_001,13224
gated_alive:a_001:13526,a_001,13526
gated_alive:a_001:13631,a_001,13631
gated_alive:a_001:13657,a_001,13657
gated_alive:a_001:13690,a_001,13690
gated_alive:a_001:14003,a_001,14003
gated_alive:a_001:14331,a_001,14331
gated_alive:a_001:14379,a_001,14379
gated_alive:a_001:14504,a_001,14504
gated_alive:a_001:14728,a_001,14728
gated_alive:a_001:14738,a_001,14738
gated_alive:a_001:14848,a_001,14848
gated_alive:a_001:14933,a_001,14933
gated_alive:a_001:14941,a_001,14941
gated_alive:a_001:15448,a_001,15448
gated_alive:a_001:15516,a_001,15516
gated_alive:a_001:15936,a_001,15936
gated_alive:a_001:16151,a_001,16151
gated_alive:a_001:16377,a_001,16377
gated_alive:a_001:16431,a_001,16431
gated_alive:a_001:16486,a_001,16486
gated_alive:a_001:16603,a_001,16603
gated_alive:a_001:16657,a_001,16657
gated_alive:a_001:17588,a_001,17588
gated_alive:a_001:18362,a_001,18362
gated_alive:a_001:18584,a_001,18584
gated_alive:a_001:18600,a_001,18600
gated_alive:a_001:18885,a_001,18885
gated_alive:a_001:18912,a_001,18912
gated_alive:a_001:19148,a_001,19148
gated_alive:a_001:19176,a_001,19176
gated_alive:a_001:19425,a_001,19425
gated_alive:a_001:19581,a_001,19581
gated_alive:a_001:19624,a_001,19624
gated_alive:a_001:19809,a_001,19809
gated_alive:a_001:20031,a_001,20031
gated_alive:a_001:20115,a_001,20115
gated_alive:a_001:20618,a_001,20618
gated_alive:a_001:21032,a_001,21032
gated_alive:a_001:21422,a_001,21422
gated_alive:a_001:21575,a_001,21575
gated_alive:a_001:21617,a_001,21617
gated_alive:a_001:21809,a_001,21809
gated_alive:a_001:21922,a_001,21922
gated_alive:a_001:22334,a_001,22334
gated_alive:a_001:22648,a_001,22648
gated_alive:a_001:22656,a_001,22656
gated_alive:a_001:22667,a_001,22667
gated_alive:a_001:22705,a_001,22705
gated_alive:a_001:22968,a_001,22968
gated_alive:a_001:23064,a_001,23064
gated_alive:a_001:23066,a_001,23066
gated_alive:a_001:23099,a_001,23099
gated_alive:a_001:23368,a_001,23368
gated_alive:a_001:23567,a_001,23567
gated_alive:a_001:23619,a_001,23619
gated_alive:a_001:23698,a_001,23698
gated_alive:a_001:23860,a_001,23860
gated_alive:a_001:23903,a_001,23903
gated_alive:a_001:24068,a_001,24068
gated_alive:a_001:24197,a_001,24197
gated_alive:a_001:24387,a_001,24387
gated_alive:a_001:24554,a_001,24554
gated_alive:a_001:24625,a_001,24625
gated_alive:a_001:24728,a_001,24728
gated_alive:a_001:24757,a_001,24757
gated_alive:a_001:24818,a_001,24818
gated_alive:a_001:24911,a_001,24911
gated_alive:a_001:25103,a_001,25103
gated_alive:a_001:25330,a_001,25330
gated_alive:a_001:25465,a_001,25465
gated_alive:a_001:25516,a_001,25516
gated_alive:a_001:25586,a_001,25586
gated_alive:a_001:25811,a_001,25811
gated_alive:a_001:25928,a_001,25928
gated_alive:a_001:25966,a_001,25966
gated_alive:a_001:26056,a_001,26056
gated_alive:a_001:26336,a_001,26336
gated_alive:a_001:26342,a_001,26342
gated_alive:a_001:26346,a_001,26346
gated_alive:a_001:26681,a_001,26681
gated_alive:a_001:27043,a_001,27043
gated_alive:a_001:27074,a_001,27074
gated_alive:a_001:27227,a_001,27227
gated_alive:a_001:27409,a_001,27409
gated_alive:a_001:27511,a_001,27511
gated_alive:a_001:27583,a_001,27583
gated_alive:a_001:27801,a_001,27801
gated_alive:a_001:28099,a_001,28099
gated_alive:a_001:28475,a_001,28475
gated_alive:a_001:28482,a_001,28482
gated_alive:a_001:29024,a_001,29024
gated_alive:a_001:29675,a_001,29675
gated_alive:a_001:29795,a_001,29795
gated_alive:a_001:29867,a_001,29867
gated_alive:a_001:30023,a_001,30023
gated_alive:a_001:30042,a_001,30042
gated_alive:a_001:30190,a_001,30190
gated_alive:a_001:30337,a_001,30337
gated_alive:a_001:30348,a_001,30348
gated_alive:a_001:30473,a_001,30473
gated_alive:a_001:30713,a_001,30713
gated_alive:a_001:30803,a_001,30803
gated_alive:a_001:31236,a_001,31236
gated_alive:a_001:31248,a_001,31248
gated_alive:a_001:31741,a_001,31741
gated_alive:a_001:32706,a_001,32706
gated_alive:a_001:32938,a_001,32938
gated_alive:a_001:33318,a_001,33318
gated_alive:a_001:33486,a_001,33486
gated_alive:a_001:33547,a_001,33547
gated_alive:a_001:33644,a_001,33644
gated_alive:a_001:33718,a_001,33718
gated_alive:a_001:33962,a_001,33962
gated_alive:a_001:34126,a_001,34126
gated_alive:a_001:34268,a_001,34268
gated_alive:a_001:34300,a_001,34300
gated_alive:a_001:34330,a_001,34330
gated_alive:a_001:34488,a_001,34488
gated_alive:a_001:35060,a_001,35060
gated_alive:a_001:35433,a_001,35433
gated_alive:a_001:35458,a_001,35458
gated_alive:a_001:35558,a_001,35558
gated_alive:a_001:35604,a_001,35604
gated_alive:a_001:35650,a_001,35650
gated_alive:a_001:35663,a_001,35663
gated_alive:a_001:35686,a_001,35686
gated_alive:a_001:35755,a_001,35755
gated_alive:a_001:35795,a_001,35795
gated_alive:a_001:35805,a_001,35805
gated_alive:a_001:35912,a_001,35912
gated_alive:a_001:36024,a_001,36024
gated_alive:a_001:36044,a_001,36044
gated_alive:a_001:36223,a_001,36223
gated_alive:a_001:36295,a_001,36295
gated_alive:a_001:36488,a_001,36488
gated_alive:a_001:36589,a_001,36589
gated_alive:a_001:36675,a_001,36675
gated_alive:a_001:36697,a_001,36697
gated_alive:a_001:36861,a_001,36861
gated_alive:a_001:36864,a_001,36864
gated_alive:a_001:36872,a_001,36872
gated_alive:a_001:37394,a_001,37394
gated_alive:a_001:37521,a_001,37521
gated_alive:a_001:37602,a_001,37602
gated_alive:a_001:37795,a_001,37795
gated_alive:a_001:37873,a_001,37873
gated_alive:a_001:37913,a_001,37913
gated_alive:a_001:38008,a_001,38008
gated_alive:a_001:38109,a_001,38109
gated_alive:a_001:38214,a_001,38214
gated_alive:a_001:38349,a_001,38349
gated_alive:a_001:38453,a_001,38453
gated_alive:a_001:38464,a_001,38464
gated_alive:a_001:38592,a_001,38592
gated_alive:a_001:38605,a_001,38605
gated_alive:a_001:38636,a_001,38636
gated_alive:a_001:38880,a_001,38880
gated_alive:a_001:38960,a_001,38960
gated_alive:a_001:39597,a_001,39597
gated_alive:a_001:39957,a_001,39957
gated_alive:a_001:40194,a_001,40194
gated_alive:a_001:40290,a_001,40290
gated_alive:a_001:40435,a_001,40435
gated_alive:a_001:40544,a_001,40544
gated_alive:a_001:40608,a_001,40608
gated_alive:a_001:40645,a_001,40645
gated_alive:a_001:40758,a_001,40758
gated_alive:a_001:40784,a_001,40784
gated_alive:a_001:40951,a_001,40951
gated_alive:a_001:41057,a_001,41057
gated_alive:a_001:41069,a_001,41069
gated_alive:a_001:41087,a_001,41087
gated_alive:a_001:41175,a_001,41175
gated_alive:a_001:41402,a_001,41402
gated_alive:a_001:41428,a_001,41428
gated_alive:a_001:41642,a_001,41642
gated_alive:a_001:41823,a_001,41823
gated_alive:a_001:42002,a_001,42002
gated_alive:a_001:42321,a_001,42321
gated_alive:a_001:42644,a_001,42644
gated_alive:a_001:42757,a_001,42757
gated_alive:a_001:42866,a_001,42866
gated_alive:a_001:43084,a_001,43084
gated_alive:a_001:43688,a_001,43688
gated_alive:a_001:43812,a_001,43812
gated_alive:a_001:44525,a_001,44525
gated_alive:a_001:44581,a_001,44581
gated_alive:a_001:44645,a_001,44645
gated_alive:a_001:44753,a_001,44753
gated_alive:a_001:44755,a_001,44755
gated_alive:a_001:44875,a_001,44875
gated_alive:a_001:44922,a_001,44922
gated_alive:a_001:45369,a_001,45369
gated_alive:a_001:45397,a_001,45397
gated_alive:a_001:45504,a_001,45504
gated_alive:a_001:45528,a_001,45528
gated_alive:a_001:45583,a_001,45583
gated_alive:a_001:45666,a_001,45666
gated_alive:a_001:45681,a_001,45681
gated_alive:a_001:45831,a_001,45831
gated_alive:a_001:46234,a_001,46234
gated_alive:a_001:46321,a_001,46321
gated_alive:a_001:46335,a_001,46335
gated_alive:a_001:46602,a_001,46602
gated_alive:a_001:46665,a_001,46665
gated_alive:a_001:46945,a_001,46945
gated_alive:a_001:47090,a_001,47090
gated_alive:a_001:47526,a_001,47526
gated_alive:a_001:47699,a_001,47699
gated_alive:a_001:47795,a_001,47795
gated_alive:a_001:47934,a_001,47934
gated_alive:a_001:48236,a_001,48236
gated_alive:a_001:48510,a_001,48510
gated_alive:a_001:49049,a_001,49049
gated_alive:a_001:49115,a_001,49115
gated_alive:a_001:49280,a_001,49280
gated_alive:a_001:49409,a_001,49409
gated_alive:a_001:49646,a_001,49646
gated_alive:a_001:49800,a_001,49800
gated_alive:a_001:49883,a_001,49883
gated_alive:a_001:50278,a_001,50278
gated_alive:a_001:50491,a_001,50491
gated_alive:a_001:51096,a_001,51096
gated_alive:a_001:51479,a_001,51479
gated_alive:a_001:51583,a_001,51583
gated_alive:a_001:51600,a_001,51600
gated_alive:a_001:51693,a_001,51693
gated_alive:a_001:51710,a_001,51710
gated_alive:a_001:52017,a_001,52017
gated_alive:a_001:52160,a_001,52160
gated_alive:a_001:52164,a_001,52164
gated_alive:a_001:52165,a_001,52165
gated_alive:a_001:52202,a_001,52202
gated_alive:a_001:52700,a_001,52700
gated_alive:a_001:53331,a_001,53331
gated_alive:a_001:53561,a_001,53561
gated_alive:a_001:53628,a_001,53628
gated_alive:a_001:54164,a_001,54164
gated_alive:a_001:54221,a_001,54221
gated_alive:a_001:54263,a_001,54263
gated_alive:a_001:54385,a_001,54385
gated_alive:a_001:54430,a_001,54430
gated_alive:a_001:54464,a_001,54464
gated_alive:a_001:54472,a_001,54472
gated_alive:a_001:54533,a_001,54533
gated_alive:a_001:54613,a_001,54613
gated_alive:a_001:54700,a_001,54700
gated_alive:a_001:54772,a_001,54772
gated_alive:a_001:54860,a_001,54860
gated_alive:a_001:55103,a_001,55103
gated_alive:a_001:55215,a_001,55215
gated_alive:a_001:55503,a_001,55503
gated_alive:a_001:55626,a_001,55626
gated_alive:a_001:55730,a_001,55730
gated_alive:a_001:55911,a_001,55911
gated_alive:a_001:55930,a_001,55930
gated_alive:a_001:56073,a_001,56073
gated_alive:a_001:56221,a_001,56221
gated_alive:a_001:57067,a_001,57067
gated_alive:a_001:57100,a_001,57100
gated_alive:a_001:57103,a_001,57103
gated_alive:a_001:57134,a_001,57134
gated_alive:a_001:57349,a_001,57349
gated_alive:a_001:57358,a_001,57358
gated_alive:a_001:57395,a_001,57395
gated_alive:a_001:57763,a_001,57763
gated_alive:a_001:57777,a_001,57777
gated_alive:a_001:58717,a_001,58717
gated_alive:a_001:58799,a_001,58799
gated_alive:a_001:58810,a_001,58810
gated_alive:a_001:58845,a_001,58845
gated_alive:a_001:59039,a_001,59039
gated_alive:a_001:59191,a_001,59191
gated_alive:a_001:59207,a_001,59207
gated_alive:a_001:59232,a_001,59232
gated_alive:a_001:59518,a_001,59518
gated_alive:a_001:59716,a_001,59716
gated_alive:a_001:59987,a_001,59987
gated_alive:a_001:60211,a_001,60211
gated_alive:a_001:60456,a_001,60456
gated_alive:a_001:60550,a_001,60550
gated_alive:a_001:60760,a_001,60760
gated_alive:a_001:60785,a_001,60785
gated_alive:a_001:60869,a_001,60869
gated_alive:a_001:60985,a_001,60985
gated_alive:a_001:61387,a_001,61387
gated_alive:a_001:61393,a_001,61393
gated_alive:a_001:61523,a_001,61523
gated_alive:a_001:61618,a_001,61618
gated_alive:a_001:62013,a_001,62013
gated_alive:a_001:62061,a_001,62061
gated_alive:a_001:62167,a_001,62167
gated_alive:a_001:62216,a_001,62216
gated_alive:a_001:62242,a_001,62242
gated_alive:a_001:62290,a_001,62290
gated_alive:a_001:62690,a_001,62690
gated_alive:a_001:62693,a_001,62693
gated_alive:a_001:62896,a_001,62896
gated_alive:a_001:62981,a_001,62981
gated_alive:a_001:63016,a_001,63016
gated_alive:a_001:63139,a_001,63139
gated_alive:a_001:63264,a_001,63264
gated_alive:a_001:63329,a_001,63329
gated_alive:a_001:63454,a_001,63454
gated_alive:a_001:63729,a_001,63729
gated_alive:a_001:63884,a_001,63884
gated_alive:a_001:63922,a_001,63922
gated_alive:a_001:63936,a_001,63936
gated_alive:a_001:63969,a_001,63969
gated_alive:a_001:63970,a_001,63970
gated_alive:a_001:64264,a_001,64264
gated_alive:a_001:64267,a_001,64267
gated_alive:a_001:64331,a_001,64331
gated_alive:a_001:64472,a_001,64472
gated_alive:a_001:64582,a_001,64582
gated_alive:a_001:64586,a_001,64586
gated_alive:a_001:64727,a_001,64727
gated_alive:a_001:65133,a_001,65133
gated_alive:a_001:65150,a_001,65150
gated_alive:a_001:65162,a_001,65162
gated_alive:a_001:65284,a_001,65284
gated_alive:a_001:65584,a_001,65584
gated_alive:a_001:65923,a_001,65923
gated_alive:a_001:65942,a_001,65942
gated_alive:a_001:66140,a_001,66140
gated_alive:a_001:66195,a_001,66195
gated_alive:a_001:66315,a_001,66315
gated_alive:a_001:66351,a_001,66351
gated_alive:a_001:66405,a_001,66405
gated_alive:a_001:66741,a_001,66741
gated_alive:a_001:67344,a_001,67344
gated_alive:a_001:67355,a_001,67355
gated_alive:a_001:67751,a_001,67751
gated_alive:a_001:67860,a_001,67860
gated_alive:a_001:67940,a_001,67940
gated_alive:a_001:68173,a_001,68173
gated_alive:a_001:68203,a_001,68203
gated_alive:a_001:68221,a_001,68221
gated_alive:a_001:68266,a_001,68266
gated_alive:a_001:68327,a_001,68327
gated_alive:a_001:68727,a_001,68727
gated_alive:a_001:68948,a_001,68948
gated_alive:a_001:69183,a_001,69183
gated_alive:a_001:69499,a_001,69499
gated_alive:a_001:69707,a_001,69707
gated_alive:a_001:69784,a_001,69784
gated_alive:a_001:69953,a_001,69953
gated_alive:a_001:70072,a_001,70072
gated_alive:a_001:70143,a_001,70143
gated_alive:a_001:70259,a_001,70259
gated_alive:a_001:70260,a_001,70260
gated_alive:a_001:70290,a_001,70290
gated_alive:a_001:71090,a_001,71090
gated_alive:a_001:71428,a_001,71428
gated_alive:a_001:71906,a_001,71906
gated_alive:a_001:72681,a_001,72681
gated_alive:a_001:72852,a_001,72852
gated_alive:a_001:73121,a_001,73121
gated_alive:a_001:73210,a_001,73210
gated_alive:a_001:73279,a_001,73279
gated_alive:a_001:73326,a_001,73326
gated_alive:a_001:73430,a_001,73430
gated_alive:a_001:73570,a_001,73570
gated_alive:a_001:73599,a_001,73599
gated_alive:a_001:73853,a_001,73853
gated_alive:a_001:74053,a_001,74053
gated_alive:a_001:74155,a_001,74155
gated_alive:a_001:74406,a_001,74406
gated_alive:a_001:74527,a_001,74527
gated_alive:a_001:75226,a_001,75226
gated_alive:a_001:75248,a_001,75248
gated_alive:a_001:75541,a_001,75541
gated_alive:a_001:75853,a_001,75853
gated_alive:a_001:75941,a_001,75941
gated_alive:a_001:76089,a_001,76089
gated_alive:a_001:76269,a_001,76269
gated_alive:a_001:76282,a_001,76282
gated_alive:a_001:76303,a_001,76303
gated_alive:a_001:76782,a_001,76782
gated_alive:a_001:76818,a_001,76818
gated_alive:a_001:76836,a_001,76836
gated_alive:a_001:76916,a_001,76916
gated_alive:a_001:76924,a_001,76924
gated_alive:a_001:77004,a_001,77004
gated_alive:a_001:77011,a_001,77011
gated_alive:a_001:77015,a_001,77015
gated_alive:a_001:77112,a_001,77112
gated_alive:a_001:77910,a_001,77910
gated_alive:a_001:78294,a_001,78294
gated_alive:a_001:78320,a_001,78320
gated_alive:a_001:78621,a_001,78621
gated_alive:a_001:78695,a_001,78695
gated_alive:a_001:78713,a_001,78713
gated_alive:a_001:78898,a_001,78898
gated_alive:a_001:79007,a_001,79007
gated_alive:a_001:79138,a_001,79138
gated_alive:a_001:79227,a_001,79227
gated_alive:a_001:79471,a_001,79471
gated_alive:a_001:79503,a_001,79503
gated_alive:a_001:79511,a_001,79511
gated_alive:a_001:79662,a_001,79662
gated_alive:a_001:79717,a_001,79717
gated_alive:a_001:79841,a_001,79841
gated_alive:a_001:79911,a_001,79911
gated_alive:a_001:80053,a_001,80053
gated_alive:a_001:80108,a_001,80108
gated_alive:a_001:80550,a_001,80550
gated_alive:a_001:81242,a_001,81242
gated_alive:a_001:81367,a_001,81367
gated_alive:a_001:81462,a_001,81462
gated_alive:a_001:81553,a_001,81553
gated_alive:a_001:81665,a_001,81665
gated_alive:a_001:82062,a_001,82062
gated_alive:a_001:82157,a_001,82157
gated_alive:a_001:82173,a_001,82173
gated_alive:a_001:82210,a_001,82210
gated_alive:a_002:340,a_002,340
gated_alive:a_002:427,a_002,427
gated_alive:a_002:439,a_002,439
gated_alive:a_002:448,a_002,448
gated_alive:a_002:695,a_002,695
gated_alive:a_002:748,a_002,748
gated_alive:a_002:953,a_002,953
gated_alive:a_002:1073,a_002,1073
gated_alive:a_002:1076,a_002,1076
gated_alive:a_002:1118,a_002,1118
gated_alive:a_002:1370,a_002,1370
gated_alive:a_002:1514,a_002,1514
gated_alive:a_002:2095,a_002,2095
gated_alive:a_002:2114,a_002,2114
gated_alive:a_002:2158,a_002,2158
gated_alive:a_002:2192,a_002,2192
gated_alive:a_002:3423,a_002,3423
gated_alive:a_002:3605,a_002,3605
gated_alive:a_002:3610,a_002,3610
gated_alive:a_002:3640,a_002,3640
gated_alive:a_002:4095,a_002,4095
gated_alive:a_002:4358,a_002,4358
gated_alive:a_002:4520,a_002,4520
gated_alive:a_002:4717,a_002,4717
gated_alive:a_002:5030,a_002,5030
gated_alive:a_002:5216,a_002,5216
gated_alive:a_002:5289,a_002,5289
gated_alive:a_002:5387,a_002,5387
gated_alive:a_002:5458,a_002,5458
gated_alive:a_002:5562,a_002,5562
gated_alive:a_002:6126,a_002,6126
gated_alive:a_002:6885,a_002,6885
gated_alive:a_002:7573,a_002,7573
gated_alive:a_002:7905,a_002,7905
gated_alive:a_002:7987,a_002,7987
gated_alive:a_002:8171,a_002,8171
gated_alive:a_002:8208,a_002,8208
gated_alive:a_002:8233,a_002,8233
gated_alive:a_002:8819,a_002,8819
gated_alive:a_002:8925,a_002,8925
gated_alive:a_002:8938,a_002,8938
gated_alive:a_002:9101,a_002,9101
gated_alive:a_002:9504,a_002,9504
gated_alive:a_002:9609,a_002,9609
gated_alive:a_002:9856,a_002,9856
gated_alive:a_002:10063,a_002,10063
gated_alive:a_002:10442,a_002,10442
gated_alive:a_002:10698,a_002,10698
gated_alive:a_002:10749,a_002,10749
gated_alive:a_002:10827,a_002,10827
gated_alive:a_002:11074,a_002,11074
gated_alive:a_002:11307,a_002,11307
gated_alive:a_002:11375,a_002,11375
gated_alive:a_002:12512,a_002,12512
gated_alive:a_002:12526,a_002,12526
gated_alive:a_002:12584,a_002,12584
gated_alive:a_002:12783,a_002,12783
gated_alive:a_002:12851,a_002,12851
gated_alive:a_002:12894,a_002,12894
gated_alive:a_002:13239,a_002,13239
gated_alive:a_002:13600,a_002,13600
gated_alive:a_002:13635,a_002,13635
gated_alive:a_002:13719,a_002,13719
gated_alive:a_002:13723,a_002,13723
gated_alive:a_002:13765,a_002,13765
gated_alive:a_002:14228,a_002,14228
gated_alive:a_002:15057,a_002,15057
gated_alive:a_002:15336,a_002,15336
gated_alive:a_002:15634,a_002,15634
gated_alive:a_002:15756,a_002,15756
gated_alive:a_002:15812,a_002,15812
gated_alive:a_002:15868,a_002,15868
gated_alive:a_002:15938,a_002,15938
gated_alive:a_002:15953,a_002,15953
gated_alive:a_002:16238,a_002,16238
gated_alive:a_002:16245,a_002,16245
gated_alive:a_002:16305,a_002,16305
gated_alive:a_002:16346,a_002,16346
gated_alive:a_002:16603,a_002,16603
gated_alive:a_002:17179,a_002,17179
gated_alive:a_002:17225,a_002,17225
gated_alive:a_002:17789,a_002,17789
gated_alive:a_002:17793,a_002,17793
gated_alive:a_002:17872,a_002,17872
gated_alive:a_002:17880,a_002,17880
gated_alive:a_002:18066,a_002,18066
gated_alive:a_002:18158,a_002,18158
gated_alive:a_002:18414,a_002,18414
gated_alive:a_002:18449,a_002,18449
gated_alive:a_002:18702,a_002,18702
gated_alive:a_002:18843,a_002,18843
gated_alive:a_002:18907,a_002,18907
gated_alive:a_002:19799,a_002,19799
gated_alive:a_002:20210,a_002,20210
gated_alive:a_002:20415,a_002,20415
gated_alive:a_002:20909,a_002,20909
gated_alive:a_002:21800,a_002,21800
gated_alive:a_002:21801,a_002,21801
gated_alive:a_002:22300,a_002,22300
gated_alive:a_002:22387,a_002,22387
gated_alive:a_002:22406,a_002,22406
gated_alive:a_002:22788,a_002,22788
gated_alive:a_002:23079,a_002,23079
gated_alive:a_002:23585,a_002,23585
gated_alive:a_002:23633,a_002,23633
gated_alive:a_002:23663,a_002,23663
gated_alive:a_002:23691,a_002,23691
gated_alive:a_002:23908,a_002,23908
gated_alive:a_002:24170,a_002,24170
gated_alive:a_002:24218,a_002,24218
gated_alive:a_002:24253,a_002,24253
gated_alive:a_002:24895,a_002,24895
gated_alive:a_002:25139,a_002,25139
gated_alive:a_002:25627,a_002,25627
gated_alive:a_002:26135,a_002,26135
gated_alive:a_002:26483,a_002,26483
gated_alive:a_002:26698,a_002,26698
gated_alive:a_002:27056,a_002,27056
gated_alive:a_002:27954,a_002,27954
gated_alive:a_002:28421,a_002,28421
gated_alive:a_002:28469,a_002,28469
gated_alive:a_002:28658,a_002,28658
gated_alive:a_002:28801,a_002,28801
gated_alive:a_002:28836,a_002,28836
gated_alive:a_002:28857,a_002,28857
gated_alive:a_002:28971,a_002,28971
gated_alive:a_002:29275,a_002,29275
gated_alive:a_002:29512,a_002,29512
gated_alive:a_002:29807,a_002,29807
gated_alive:a_002:30024,a_002,30024
gated_alive:a_002:30028,a_002,30028
gated_alive:a_002:30034,a_002,30034
gated_alive:a_002:30054,a_002,30054
gated_alive:a_002:30371,a_002,30371
gated_alive:a_002:30390,a_002,30390
gated_alive:a_002:30486,a_002,30486
gated_alive:a_002:30515,a_002,30515
gated_alive:a_002:30592,a_002,30592
gated_alive:a_002:30695,a_002,30695
gated_alive:a_002:30731,a_002,30731
gated_alive:a_002:30779,a_002,30779
gated_alive:a_002:31151,a_002,31151
gated_alive:a_002:31290,a_002,31290
gated_alive:a_002:32184,a_002,32184
gated_alive:a_002:32350,a_002,32350
gated_alive:a_002:32362,a_002,32362
gated_alive:a_002:32573,a_002,32573
gated_alive:a_002:32755,a_002,32755
gated_alive:a_002:32781,a_002,32781
gated_alive:a_002:32885,a_002,32885
gated_alive:a_002:33075,a_002,33075
gated_alive:a_002:33302,a_002,33302
gated_alive:a_002:33911,a_002,33911
gated_alive:a_002:34051,a_002,34051
gated_alive:a_002:34569,a_002,34569
gated_alive:a_002:34735,a_002,34735
gated_alive:a_002:34855,a_002,34855
gated_alive:a_002:34971,a_002,34971
gated_alive:a_002:35048,a_002,35048
gated_alive:a_002:35352,a_002,35352
gated_alive:a_002:35618,a_002,35618
gated_alive:a_002:35705,a_002,35705
gated_alive:a_002:35713,a_002,35713
gated_alive:a_002:36352,a_002,36352
gated_alive:a_002:36601,a_002,36601
gated_alive:a_002:36819,a_002,36819
gated_alive:a_002:36859,a_002,36859
gated_alive:a_002:37392,a_002,37392
gated_alive:a_002:37531,a_002,37531
gated_alive:a_002:37634,a_002,37634
gated_alive:a_002:37682,a_002,37682
gated_alive:a_002:38097,a_002,38097
gated_alive:a_002:38640,a_002,38640
gated_alive:a_002:38714,a_002,38714
gated_alive:a_002:38785,a_002,38785
gated_alive:a_002:39003,a_002,39003
gated_alive:a_002:39118,a_002,39118
gated_alive:a_002:39178,a_002,39178
gated_alive:a_002:39410,a_002,39410
gated_alive:a_002:39627,a_002,39627
gated_alive:a_002:39705,a_002,39705
gated_alive:a_002:39805,a_002,39805
gated_alive:a_002:40093,a_002,40093
gated_alive:a_002:40525,a_002,40525
gated_alive:a_002:40956,a_002,40956
gated_alive:a_002:41604,a_002,41604
gated_alive:a_002:41928,a_002,41928
gated_alive:a_002:41962,a_002,41962
gated_alive:a_002:42356,a_002,42356
gated_alive:a_002:42448,a_002,42448
gated_alive:a_002:42733,a_002,42733
gated_alive:a_002:42935,a_002,42935
gated_alive:a_002:43088,a_002,43088
gated_alive:a_002:43118,a_002,43118
gated_alive:a_002:43175,a_002,43175
gated_alive:a_002:43207,a_002,43207
gated_alive:a_002:43248,a_002,43248
gated_alive:a_002:43360,a_002,43360
gated_alive:a_002:43862,a_002,43862
gated_alive:a_002:44069,a_002,44069
gated_alive:a_002:44511,a_002,44511
gated_alive:a_002:44575,a_002,44575
gated_alive:a_002:44653,a_002,44653
gated_alive:a_002:44709,a_002,44709
gated_alive:a_002:45062,a_002,45062
gated_alive:a_002:45126,a_002,45126
gated_alive:a_002:45252,a_002,45252
gated_alive:a_002:45267,a_002,45267
gated_alive:a_002:45415,a_002,45415
gated_alive:a_002:45490,a_002,45490
gated_alive:a_002:45536,a_002,45536
gated_alive:a_002:45791,a_002,45791
gated_alive:a_002:46260,a_002,46260
gated_alive:a_002:46484,a_002,46484
gated_alive:a_002:46904,a_002,46904
gated_alive:a_002:47077,a_002,47077
gated_alive:a_002:47085,a_002,47085
gated_alive:a_002:47921,a_002,47921
gated_alive:a_002:48234,a_002,48234
gated_alive:a_002:48341,a_002,48341
gated_alive:a_002:48615,a_002,48615
gated_alive:a_002:48630,a_002,48630
gated_alive:a_002:48950,a_002,48950
gated_alive:a_002:49006,a_002,49006
gated_alive:a_002:49095,a_002,49095
gated_alive:a_002:49253,a_002,49253
gated_alive:a_002:49531,a_002,49531
gated_alive:a_002:50060,a_002,50060
gated_alive:a_002:50670,a_002,50670
gated_alive:a_002:50856,a_002,50856
gated_alive:a_002:51604,a_002,51604
gated_alive:a_002:51684,a_002,51684
gated_alive:a_002:51774,a_002,51774
gated_alive:a_002:52205,a_002,52205
gated_alive:a_002:52210,a_002,52210
gated_alive:a_002:52316,a_002,52316
gated_alive:a_002:52340,a_002,52340
gated_alive:a_002:52491,a_002,52491
gated_alive:a_002:52612,a_002,52612
gated_alive:a_002:52689,a_002,52689
gated_alive:a_002:52815,a_002,52815
gated_alive:a_002:53161,a_002,53161
gated_alive:a_002:53416,a_002,53416
gated_alive:a_002:53558,a_002,53558
gated_alive:a_002:53579,a_002,53579
gated_alive:a_002:53958,a_002,53958
gated_alive:a_002:53965,a_002,53965
gated_alive:a_002:54017,a_002,54017
gated_alive:a_002:54058,a_002,54058
gated_alive:a_002:54258,a_002,54258
gated_alive:a_002:54369,a_002,54369
gated_alive:a_002:54412,a_002,54412
gated_alive:a_002:54457,a_002,54457
gated_alive:a_002:54865,a_002,54865
gated_alive:a_002:54869,a_002,54869
gated_alive:a_002:55682,a_002,55682
gated_alive:a_002:56232,a_002,56232
gated_alive:a_002:56983,a_002,56983
gated_alive:a_002:57219,a_002,57219
gated_alive:a_002:57690,a_002,57690
gated_alive:a_002:57901,a_002,57901
gated_alive:a_002:57906,a_002,57906
gated_alive:a_002:57912,a_002,57912
gated_alive:a_002:58122,a_002,58122
gated_alive:a_002:58150,a_002,58150
gated_alive:a_002:58152,a_002,58152
gated_alive:a_002:58191,a_002,58191
gated_alive:a_002:58387,a_002,58387
gated_alive:a_002:58400,a_002,58400
gated_alive:a_002:58509,a_002,58509
gated_alive:a_002:59061,a_002,59061
gated_alive:a_002:59419,a_002,59419
gated_alive:a_002:59637,a_002,59637
gated_alive:a_002:59894,a_002,59894
gated_alive:a_002:59952,a_002,59952
gated_alive:a_002:60635,a_002,60635
gated_alive:a_002:60662,a_002,60662
gated_alive:a_002:60736,a_002,60736
gated_alive:a_002:61127,a_002,61127
gated_alive:a_002:61145,a_002,61145
gated_alive:a_002:61496,a_002,61496
gated_alive:a_002:61715,a_002,61715
gated_alive:a_002:61884,a_002,61884
gated_alive:a_002:62200,a_002,62200
gated_alive:a_002:62259,a_002,62259
gated_alive:a_002:62610,a_002,62610
gated_alive:a_002:62613,a_002,62613
gated_alive:a_002:62796,a_002,62796
gated_alive:a_002:63280,a_002,63280
gated_alive:a_002:63417,a_002,63417
gated_alive:a_002:63563,a_002,63563
gated_alive:a_002:63951,a_002,63951
gated_alive:a_002:64211,a_002,64211
gated_alive:a_002:64394,a_002,64394
gated_alive:a_002:64953,a_002,64953
gated_alive:a_002:65031,a_002,65031
gated_alive:a_002:65292,a_002,65292
gated_alive:a_002:65441,a_002,65441
gated_alive:a_002:65564,a_002,65564
gated_alive:a_002:65733,a_002,65733
gated_alive:a_002:65920,a_002,65920
gated_alive:a_002:66036,a_002,66036
gated_alive:a_002:67098,a_002,67098
gated_alive:a_002:67366,a_002,67366
gated_alive:a_002:68050,a_002,68050
gated_alive:a_002:68481,a_002,68481
gated_alive:a_002:68852,a_002,68852
gated_alive:a_002:68898,a_002,68898
gated_alive:a_002:68905,a_002,68905
gated_alive:a_002:68918,a_002,68918
gated_alive:a_002:69069,a_002,69069
gated_alive:a_002:69089,a_002,69089
gated_alive:a_002:69095,a_002,69095
gated_alive:a_002:69147,a_002,69147
gated_alive:a_002:69243,a_002,69243
gated_alive:a_002:69869,a_002,69869
gated_alive:a_002:70297,a_002,70297
gated_alive:a_002:70415,a_002,70415
gated_alive:a_002:70510,a_002,70510
gated_alive:a_002:70893,a_002,70893
gated_alive:a_002:70933,a_002,70933
gated_alive:a_002:71051,a_002,71051
gated_alive:a_002:71108,a_002,71108
gated_alive:a_002:72089,a_002,72089
gated_alive:a_002:72246,a_002,72246
gated_alive:a_002:72453,a_002,72453
gated_alive:a_002:72744,a_002,72744
gated_alive:a_002:72948,a_002,72948
gated_alive:a_002:73297,a_002,73297
gated_alive:a_002:73362,a_002,73362
gated_alive:a_002:73365,a_002,73365
gated_alive:a_002:73626,a_002,73626
gated_alive:a_002:73733,a_002,73733
gated_alive:a_002:74147,a_002,74147
gated_alive:a_002:74571,a_002,74571
gated_alive:a_002:74922,a_002,74922
gated_alive:a_002:74976,a_002,74976
gated_alive:a_002:75005,a_002,75005
gated_alive:a_002:75131,a_002,75131
gated_alive:a_002:75151,a_002,75151
gated_alive:a_002:75155,a_002,75155
gated_alive:a_002:75429,a_002,75429
gated_alive:a_002:75491,a_002,75491
gated_alive:a_002:75819,a_002,75819
gated_alive:a_002:75884,a_002,75884
gated_alive:a_002:75935,a_002,75935
gated_alive:a_002:76061,a_002,76061
gated_alive:a_002:76536,a_002,76536
gated_alive:a_002:76929,a_002,76929
gated_alive:a_002:77767,a_002,77767
gated_alive:a_002:77977,a_002,77977
gated_alive:a_002:78309,a_002,78309
gated_alive:a_002:78510,a_002,78510
gated_alive:a_002:78897,a_002,78897
gated_alive:a_002:78936,a_002,78936
gated_alive:a_002:78945,a_002,78945
gated_alive:a_002:78989,a_002,78989
gated_alive:a_002:79183,a_002,79183
gated_alive:a_002:79377,a_002,79377
gated_alive:a_002:80247,a_002,80247
gated_alive:a_002:80607,a_002,80607
gated_alive:a_002:80731,a_002,80731
gated_alive:a_002:81028,a_002,81028
gated_alive:a_002:81136,a_002,81136
gated_alive:a_002:81261,a_002,81261
gated_alive:a_002:81383,a_002,81383
gated_alive:a_002:81458,a_002,81458
gated_alive:a_002:81956,a_002,81956
gated_alive:a_002:82000,a_002,82000
gated_alive:a_002:82006,a_002,82006
gated_alive:a_002:82074,a_002,82074
gated_alive:a_002:82301,a_002,82301
gated_alive:a_002:82344,a_002,82344
gated_alive:a_002:83019,a_002,83019
gated_alive:a_002:83432,a_002,83432
gated_alive:a_002:83728,a_002,83728
gated_alive:a_002:83927,a_002,83927
gated_alive:a_002:83984,a_002,83984
gated_alive:a_002:84153,a_002,84153
gated_alive:a_002:84624,a_002,84624
gated_alive:a_002:84857,a_002,84857
gated_alive:a_002:85490,a_002,85490
gated_alive:a_002:85568,a_002,85568
gated_alive:a_002:85606,a_002,85606
gated_alive:a_002:85658,a_002,85658
gated_alive:a_002:85731,a_002,85731
gated_alive:a_002:85832,a_002,85832
gated_alive:a_002:85845,a_002,85845
gated_alive:a_002:86379,a_002,86379
gated_alive:a_002:86397,a_002,86397
gated_alive:a_002:86451,a_002,86451
gated_alive:a_002:86487,a_002,86487
gated_alive:a_002:86619,a_002,86619
gated_alive:a_002:86921,a_002,86921
gated_alive:a_002:86944,a_002,86944
gated_alive:a_002:87157,a_002,87157
gated_alive:a_002:87417,a_002,87417
gated_alive:a_002:88112,a_002,88112
gated_alive:a_002:88261,a_002,88261
gated_alive:a_002:88665,a_002,88665
gated_alive:a_002:88909,a_002,88909
gated_alive:a_002:89098,a_002,89098
gated_alive:a_002:89321,a_002,89321
gated_alive:a_002:89469,a_002,89469
gated_alive:a_002:89823,a_002,89823
gated_alive:a_002:90092,a_002,90092
gated_alive:a_002:90362,a_002,90362
gated_alive:a_002:90446,a_002,90446
gated_alive:a_002:90545,a_002,90545
gated_alive:a_002:90950,a_002,90950
gated_alive:a_002:91113,a_002,91113
gated_alive:a_002:91185,a_002,91185
gated_alive:a_002:91231,a_002,91231
gated_alive:a_002:91235,a_002,91235
gated_alive:a_002:91560,a_002,91560
gated_alive:a_002:91635,a_002,91635
gated_alive:a_002:91681,a_002,91681
gated_alive:a_002:91766,a_002,91766
gated_alive:a_002:91931,a_002,91931
gated_alive:a_002:92262,a_002,92262
gated_alive:a_002:92404,a_002,92404
gated_alive:a_002:92588,a_002,92588
gated_alive:a_002:92876,a_002,92876
gated_alive:a_002:92993,a_002,92993
gated_alive:a_002:93047,a_002,93047
gated_alive:a_002:93132,a_002,93132
gated_alive:a_002:93264,a_002,93264
gated_alive:a_002:93607,a_002,93607
gated_alive:a_002:93811,a_002,93811
gated_alive:a_002:94038,a_002,94038
gated_alive:a_002:94125,a_002,94125
gated_alive:a_002:94315,a_002,94315
gated_alive:a_002:94586,a_002,94586
gated_alive:a_002:94826,a_002,94826
gated_alive:a_002:94993,a_002,94993
gated_alive:a_002:95057,a_002,95057
gated_alive:a_002:95106,a_002,95106
gated_alive:a_002:95167,a_002,95167
gated_alive:a_002:95999,a_002,95999
gated_alive:a_002:96138,a_002,96138
gated_alive:a_002:96403,a_002,96403
gated_alive:a_002:96466,a_002,96466
gated_alive:a_002:96758,a_002,96758
gated_alive:a_002:96777,a_002,96777
gated_alive:a_002:96799,a_002,96799
gated_alive:a_002:96918,a_002,96918
gated_alive:a_002:96943,a_002,96943
gated_alive:a_002:97084,a_002,97084
gated_alive:a_002:97543,a_002,97543
gated_alive:a_002:98541,a_002,98541
gated_alive:a_002:98718,a_002,98718
gated_alive:a_002:98799,a_002,98799
gated_alive:a_002:99021,a_002,99021
gated_alive:a_002:99181,a_002,99181
gated_alive:a_002:99224,a_002,99224
gated_alive:a_002:99248,a_002,99248
gated_alive:a_002:99278,a_002,99278
gated_alive:a_002:100061,a_002,100061
gated_alive:a_002:100116,a_002,100116
gated_alive:a_002:100568,a_002,100568
gated_alive:a_002:100678,a_002,100678
gated_alive:a_002:100754,a_002,100754
gated_alive:a_002:100815,a_002,100815
gated_alive:a_002:101021,a_002,101021
gated_alive:a_002:101182,a_002,101182
gated_alive:a_002:101290,a_002,101290
gated_alive:a_002:101655,a_002,101655
gated_alive:a_002:101876,a_002,101876
gated_alive:a_002:101895,a_002,101895
gated_alive:a_002:102039,a_002,102039
gated_alive:a_002:102069,a_002,102069
gated_alive:a_002:102410,a_002,102410
gated_alive:a_002:102517,a_002,102517
gated_alive:a_002:102523,a_002,102523
gated_alive:a_002:102601,a_002,102601
gated_alive:a_002:102835,a_002,102835
gated_alive:a_002:102972,a_002,102972
gated_alive:a_002:102979,a_002,102979
gated_alive:a_002:103615,a_002,103615
gated_alive:a_002:103635,a_002,103635
gated_alive:a_002:103714,a_002,103714
gated_alive:a_002:103831,a_002,103831
gated_alive:a_002:103975,a_002,103975
gated_alive:a_002:104441,a_002,104441
gated_alive:a_002:104678,a_002,104678
gated_alive:a_002:104864,a_002,104864
gated_alive:a_002:105253,a_002,105253
gated_alive:a_002:105279,a_002,105279
gated_alive:a_002:105840,a_002,105840
gated_alive:a_002:106302,a_002,106302
gated_alive:a_002:106366,a_002,106366
gated_alive:a_002:106590,a_002,106590
gated_alive:a_002:106729,a_002,106729
gated_alive:a_002:106898,a_002,106898
gated_alive:a_002:106975,a_002,106975
gated_alive:a_002:107227,a_002,107227
gated_alive:a_002:107455,a_002,107455
gated_alive:a_002:107571,a_002,107571
gated_alive:a_002:107588,a_002,107588
gated_alive:a_002:107672,a_002,107672
gated_alive:a_003:138,a_003,138
gated_alive:a_003:535,a_003,535
gated_alive:a_003:563,a_003,563
gated_alive:a_003:1408,a_003,1408
gated_alive:a_003:1677,a_003,1677
gated_alive:a_003:1711,a_003,1711
gated_alive:a_003:1715,a_003,1715
gated_alive:a_003:1889,a_003,1889
gated_alive:a_003:2008,a_003,2008
gated_alive:a_003:2021,a_003,2021
gated_alive:a_003:2115,a_003,2115
gated_alive:a_003:2617,a_003,2617
gated_alive:a_003:3413,a_003,3413
gated_alive:a_003:3446,a_003,3446
gated_alive:a_003:3493,a_003,3493
gated_alive:a_003:3950,a_003,3950
gated_alive:a_003:4058,a_003,4058
gated_alive:a_003:4354,a_003,4354
gated_alive:a_003:4442,a_003,4442
gated_alive:a_003:4526,a_003,4526
gated_alive:a_003:4605,a_003,4605
gated_alive:a_003:4953,a_003,4953
gated_alive:a_003:5078,a_003,5078
gated_alive:a_003:5190,a_003,5190
gated_alive:a_003:5761,a_003,5761
gated_alive:a_003:5971,a_003,5971
gated_alive:a_003:6001,a_003,6001
gated_alive:a_003:6542,a_003,6542
gated_alive:a_003:7563,a_003,7563
gated_alive:a_003:7859,a_003,7859
gated_alive:a_003:7957,a_003,7957
gated_alive:a_003:7972,a_003,7972
gated_alive:a_003:8204,a_003,8204
gated_alive:a_003:8468,a_003,8468
gated_alive:a_003:8506,a_003,8506
gated_alive:a_003:8521,a_003,8521
gated_alive:a_003:8533,a_003,8533
gated_alive:a_003:8583,a_003,8583
gated_alive:a_003:8760,a_003,8760
gated_alive:a_003:9585,a_003,9585
gated_alive:a_003:9601,a_003,9601
gated_alive:a_003:9723,a_003,9723
gated_alive:a_003:9804,a_003,9804
gated_alive:a_003:9966,a_003,9966
gated_alive:a_003:10484,a_003,10484
gated_alive:a_003:10525,a_003,10525
gated_alive:a_003:11089,a_003,11089
gated_alive:a_003:11292,a_003,11292
gated_alive:a_003:11481,a_003,11481
gated_alive:a_003:11607,a_003,11607
gated_alive:a_003:11659,a_003,11659
gated_alive:a_003:11773,a_003,11773
gated_alive:a_003:11892,a_003,11892
gated_alive:a_003:11925,a_003,11925
gated_alive:a_003:11953,a_003,11953
gated_alive:a_003:12111,a_003,12111
gated_alive:a_003:12295,a_003,12295
gated_alive:a_003:12468,a_003,12468
gated_alive:a_003:12667,a_003,12667
gated_alive:a_003:12762,a_003,12762
gated_alive:a_003:13182,a_003,13182
gated_alive:a_003:13312,a_003,13312
gated_alive:a_003:13352,a_003,13352
gated_alive:a_003:14229,a_003,14229
gated_alive:a_003:14746,a_003,14746
gated_alive:a_003:15048,a_003,15048
gated_alive:a_003:15084,a_003,15084
gated_alive:a_003:15095,a_003,15095
gated_alive:a_003:15124,a_003,15124
gated_alive:a_003:15189,a_003,15189
gated_alive:a_003:15207,a_003,15207
gated_alive:a_003:15579,a_003,15579
gated_alive:a_003:15751,a_003,15751
gated_alive:a_003:15776,a_003,15776
gated_alive:a_003:15822,a_003,15822
gated_alive:a_003:16040,a_003,16040
gated_alive:a_003:16215,a_003,16215
gated_alive:a_003:16260,a_003,16260
gated_alive:a_003:16813,a_003,16813
gated_alive:a_003:17295,a_003,17295
gated_alive:a_003:17395,a_003,17395
gated_alive:a_003:17512,a_003,17512
gated_alive:a_003:17549,a_003,17549
gated_alive:a_003:17616,a_003,17616
gated_alive:a_003:17781,a_003,17781
gated_alive:a_003:17839,a_003,17839
gated_alive:a_003:17845,a_003,17845
gated_alive:a_003:18179,a_003,18179
gated_alive:a_003:18306,a_003,18306
gated_alive:a_003:18353,a_003,18353
gated_alive:a_003:18710,a_003,18710
gated_alive:a_003:18732,a_003,18732
gated_alive:a_003:19045,a_003,19045
gated_alive:a_003:19138,a_003,19138
gated_alive:a_003:19183,a_003,19183
gated_alive:a_003:19311,a_003,19311
gated_alive:a_003:19432,a_003,19432
gated_alive:a_003:19570,a_003,19570
gated_alive:a_003:19748,a_003,19748
gated_alive:a_003:19888,a_003,19888
gated_alive:a_003:19991,a_003,19991
gated_alive:a_003:20060,a_003,20060
gated_alive:a_003:20405,a_003,20405
gated_alive:a_003:20406,a_003,20406
gated_alive:a_003:20548,a_003,20548
gated_alive:a_003:20997,a_003,20997
gated_alive:a_003:21341,a_003,21341
gated_alive:a_003:21374,a_003,21374
gated_alive:a_003:21429,a_003,21429
gated_alive:a_003:21472,a_003,21472
gated_alive:a_003:21620,a_003,21620
gated_alive:a_003:21864,a_003,21864
gated_alive:a_003:21972,a_003,21972
gated_alive:a_003:22204,a_003,22204
gated_alive:a_003:22335,a_003,22335
gated_alive:a_003:22455,a_003,22455
gated_alive:a_003:22707,a_003,22707
gated_alive:a_003:22770,a_003,22770
gated_alive:a_003:22785,a_003,22785
gated_alive:a_003:23244,a_003,23244
gated_alive:a_003:23344,a_003,23344
gated_alive:a_003:24159,a_003,24159
gated_alive:a_003:24378,a_003,24378
gated_alive:a_003:24689,a_003,24689
gated_alive:a_003:25045,a_003,25045
gated_alive:a_003:25120,a_003,25120
gated_alive:a_003:25362,a_003,25362
gated_alive:a_003:25528,a_003,25528
gated_alive:a_003:25632,a_003,25632
gated_alive:a_003:25802,a_003,25802
gated_alive:a_003:25893,a_003,25893
gated_alive:a_003:25988,a_003,25988
gated_alive:a_003:26299,a_003,26299
gated_alive:a_003:26308,a_003,26308
gated_alive:a_003:26349,a_003,26349
gated_alive:a_003:26488,a_003,26488
gated_alive:a_003:26489,a_003,26489
gated_alive:a_003:26590,a_003,26590
gated_alive:a_003:26621,a_003,26621
gated_alive:a_003:26856,a_003,26856
gated_alive:a_003:26902,a_003,26902
gated_alive:a_003:26919,a_003,26919
gated_alive:a_003:26943,a_003,26943
gated_alive:a_003:27384,a_003,27384
gated_alive:a_003:27469,a_003,27469
gated_alive:a_003:27486,a_003,27486
gated_alive:a_003:27689,a_003,27689
gated_alive:a_003:27952,a_003,27952
gated_alive:a_003:27984,a_003,27984
gated_alive:a_003:28250,a_003,28250
gated_alive:a_003:28327,a_003,28327
gated_alive:a_003:28434,a_003,28434
gated_alive:a_003:28561,a_003,28561
gated_alive:a_003:28598,a_003,28598
gated_alive:a_003:29008,a_003,29008
gated_alive:a_003:29248,a_003,29248
gated_alive:a_003:30496,a_003,30496
gated_alive:a_003:30514,a_003,30514
gated_alive:a_003:30645,a_003,30645
gated_alive:a_003:30800,a_003,30800
gated_alive:a_003:30895,a_003,30895
gated_alive:a_003:31039,a_003,31039
gated_alive:a_003:31123,a_003,31123
gated_alive:a_003:31616,a_003,31616
gated_alive:a_003:31690,a_003,31690
gated_alive:a_003:31739,a_003,31739
gated_alive:a_003:32249,a_003,32249
gated_alive:a_003:32317,a_003,32317
gated_alive:a_003:32361,a_003,32361
gated_alive:a_003:32797,a_003,32797
gated_alive:a_003:32844,a_003,32844
gated_alive:a_003:32934,a_003,32934
gated_alive:a_003:33122,a_003,33122
gated_alive:a_003:33274,a_003,33274
gated_alive:a_003:33321,a_003,33321
gated_alive:a_003:33451,a_003,33451
gated_alive:a_003:33478,a_003,33478
gated_alive:a_003:33513,a_003,33513
gated_alive:a_003:33516,a_003,33516
gated_alive:a_003:33680,a_003,33680
gated_alive:a_003:33719,a_003,33719
gated_alive:a_003:34082,a_003,34082
gated_alive:a_003:34390,a_003,34390
gated_alive:a_003:34461,a_003,34461
gated_alive:a_003:34475,a_003,34475
gated_alive:a_003:34896,a_003,34896
gated_alive:a_003:35136,a_003,35136
gated_alive:a_003:35323,a_003,35323
gated_alive:a_003:36320,a_003,36320
gated_alive:a_003:36345,a_003,36345
gated_alive:a_003:36448,a_003,36448
gated_alive:a_003:36635,a_003,36635
gated_alive:a_003:36957,a_003,36957
gated_alive:a_003:37180,a_003,37180
gated_alive:a_003:37186,a_003,37186
gated_alive:a_003:37216,a_003,37216
gated_alive:a_003:37694,a_003,37694
gated_alive:a_003:37826,a_003,37826
gated_alive:a_003:38416,a_003,38416
gated_alive:a_003:38620,a_003,38620
gated_alive:a_003:38744,a_003,38744
gated_alive:a_003:38803,a_003,38803
gated_alive:a_003:38956,a_003,38956
gated_alive:a_003:39049,a_003,39049
gated_alive:a_003:39373,a_003,39373
gated_alive:a_003:39927,a_003,39927
gated_alive:a_003:39939,a_003,39939
gated_alive:a_003:40155,a_003,40155
gated_alive:a_003:40325,a_003,40325
gated_alive:a_003:40332,a_003,40332
gated_alive:a_003:40632,a_003,40632
gated_alive:a_003:40907,a_003,40907
gated_alive:a_003:41088,a_003,41088
gated_alive:a_003:41093,a_003,41093
gated_alive:a_003:41167,a_003,41167
gated_alive:a_003:41391,a_003,41391
gated_alive:a_003:41877,a_003,41877
gated_alive:a_003:42503,a_003,42503
gated_alive:a_003:42514,a_003,42514
gated_alive:a_003:42885,a_003,42885
gated_alive:a_003:43045,a_003,43045
gated_alive:a_003:43395,a_003,43395
gated_alive:a_003:43413,a_003,43413
gated_alive:a_003:43490,a_003,43490
gated_alive:a_003:43846,a_003,43846
gated_alive:a_003:43905,a_003,43905
gated_alive:a_003:43955,a_003,43955
gated_alive:a_003:44045,a_003,44045
gated_alive:a_003:44100,a_003,44100
gated_alive:a_003:44323,a_003,44323
gated_alive:a_003:44562,a_003,44562
gated_alive:a_003:44947,a_003,44947
gated_alive:a_003:45023,a_003,45023
gated_alive:a_003:45049,a_003,45049
gated_alive:a_003:45553,a_003,45553
gated_alive:a_003:45627,a_003,45627
gated_alive:a_003:45685,a_003,45685
gated_alive:a_003:45739,a_003,45739
gated_alive:a_003:45769,a_003,45769
gated_alive:a_003:45778,a_003,45778
gated_alive:a_003:46209,a_003,46209
gated_alive:a_003:46327,a_003,46327
gated_alive:a_003:46500,a_003,46500
gated_alive:a_003:46909,a_003,46909
gated_alive:a_003:47352,a_003,47352
gated_alive:a_003:47414,a_003,47414
gated_alive:a_003:47809,a_003,47809
gated_alive:a_003:47901,a_003,47901
gated_alive:a_003:48370,a_003,48370
gated_alive:a_003:48638,a_003,48638
gated_alive:a_003:48662,a_003,48662
gated_alive:a_003:48747,a_003,48747
gated_alive:a_003:49060,a_003,49060
gated_alive:a_003:49433,a_003,49433
gated_alive:a_003:49664,a_003,49664
gated_alive:a_003:50061,a_003,50061
gated_alive:a_003:50066,a_003,50066
gated_alive:a_003:50793,a_003,50793
gated_alive:a_003:50849,a_003,50849
gated_alive:a_003:50902,a_003,50902
gated_alive:a_003:51704,a_003,51704
gated_alive:a_003:51786,a_003,51786
gated_alive:a_003:51892,a_003,51892
gated_alive:a_003:52182,a_003,52182
gated_alive:a_003:52246,a_003,52246
gated_alive:a_003:52305,a_003,52305
gated_alive:a_003:52475,a_003,52475
gated_alive:a_003:52761,a_003,52761
gated_alive:a_003:53024,a_003,53024
gated_alive:a_003:53166,a_003,53166
gated_alive:a_003:53248,a_003,53248
gated_alive:a_003:53304,a_003,53304
gated_alive:a_003:53738,a_003,53738
gated_alive:a_003:53846,a_003,53846
gated_alive:a_003:54759,a_003,54759
gated_alive:a_003:54812,a_003,54812
gated_alive:a_003:54985,a_003,54985
gated_alive:a_003:55028,a_003,55028
gated_alive:a_003:55151,a_003,55151
gated_alive:a_003:55220,a_003,55220
gated_alive:a_003:55564,a_003,55564
gated_alive:a_003:55732,a_003,55732
gated_alive:a_003:56179,a_003,56179
gated_alive:a_003:56481,a_003,56481
gated_alive:a_003:56910,a_003,56910
gated_alive:a_003:56993,a_003,56993
gated_alive:a_003:57232,a_003,57232
gated_alive:a_003:57398,a_003,57398
gated_alive:a_003:57518,a_003,57518
gated_alive:a_003:57756,a_003,57756
gated_alive:a_003:58173,a_003,58173
gated_alive:a_003:58188,a_003,58188
gated_alive:a_003:58256,a_003,58256
gated_alive:a_003:58443,a_003,58443
gated_alive:a_003:58462,a_003,58462
gated_alive:a_003:58697,a_003,58697
gated_alive:a_003:58709,a_003,58709
gated_alive:a_003:58834,a_003,58834
gated_alive:a_003:58936,a_003,58936
gated_alive:a_003:58975,a_003,58975
gated_alive:a_003:59319,a_003,59319
gated_alive:a_003:59465,a_003,59465
gated_alive:a_003:59472,a_003,59472
gated_alive:a_003:59834,a_003,59834
gated_alive:a_003:60269,a_003,60269
gated_alive:a_003:60379,a_003,60379
gated_alive:a_003:60520,a_003,60520
gated_alive:a_003:60947,a_003,60947
gated_alive:a_003:61318,a_003,61318
gated_alive:a_003:61476,a_003,61476
gated_alive:a_003:61851,a_003,61851
gated_alive:a_003:62111,a_003,62111
gated_alive:a_003:62460,a_003,62460
gated_alive:a_003:62635,a_003,62635
gated_alive:a_003:62683,a_003,62683
gated_alive:a_003:62759,a_003,62759
gated_alive:a_003:63022,a_003,63022
gated_alive:a_003:63381,a_003,63381
gated_alive:a_003:63511,a_003,63511
gated_alive:a_003:63677,a_003,63677
gated_alive:a_003:64010,a_003,64010
gated_alive:a_003:64071,a_003,64071
gated_alive:a_003:64237,a_003,64237
gated_alive:a_003:64306,a_003,64306
gated_alive:a_003:64612,a_003,64612
gated_alive:a_003:64649,a_003,64649
gated_alive:a_003:64704,a_003,64704
gated_alive:a_003:64793,a_003,64793
gated_alive:a_003:65451,a_003,65451
gated_alive:a_003:65481,a_003,65481
gated_alive:a_003:65649,a_003,65649
gated_alive:a_003:65720,a_003,65720
gated_alive:a_003:65770,a_003,65770
gated_alive:a_003:65816,a_003,65816
gated_alive:a_003:66359,a_003,66359
gated_alive:a_003:66458,a_003,66458
gated_alive:a_003:66580,a_003,66580
gated_alive:a_003:66740,a_003,66740
gated_alive:a_003:66828,a_003,66828
gated_alive:a_003:66968,a_003,66968
gated_alive:a_003:67203,a_003,67203
gated_alive:a_003:67220,a_003,67220
gated_alive:a_003:67330,a_003,67330
gated_alive:a_003:67375,a_003,67375
gated_alive:a_003:67692,a_003,67692
gated_alive:a_003:67865,a_003,67865
gated_alive:a_003:68000,a_003,68000
gated_alive:a_003:68145,a_003,68145
gated_alive:a_003:68146,a_003,68146
gated_alive:a_003:68437,a_003,68437
gated_alive:a_003:68466,a_003,68466
gated_alive:a_003:68479,a_003,68479
gated_alive:a_003:68705,a_003,68705
gated_alive:a_003:68911,a_003,68911
gated_alive:a_003:69063,a_003,69063
gated_alive:a_003:69140,a_003,69140
gated_alive:a_003:69322,a_003,69322
gated_alive:a_003:69452,a_003,69452
gated_alive:a_003:69541,a_003,69541
gated_alive:a_003:69604,a_003,69604
gated_alive:a_003:69696,a_003,69696
gated_alive:a_003:70137,a_003,70137
gated_alive:a_003:70294,a_003,70294
gated_alive:a_003:70350,a_003,70350
gated_alive:a_003:70610,a_003,70610
gated_alive:a_003:70643,a_003,70643
gated_alive:a_003:70768,a_003,70768
gated_alive:a_003:71179,a_003,71179
gated_alive:a_003:71757,a_003,71757
gated_alive:a_003:71942,a_003,71942
gated_alive:a_003:71976,a_003,71976
gated_alive:a_003:71993,a_003,71993
gated_alive:a_003:72338,a_003,72338
gated_alive:a_003:72755,a_003,72755
gated_alive:a_003:72775,a_003,72775
gated_alive:a_003:73063,a_003,73063
gated_alive:a_003:73262,a_003,73262
gated_alive:a_003:73293,a_003,73293
gated_alive:a_003:73481,a_003,73481
gated_alive:a_003:73690,a_003,73690
gated_alive:a_003:73691,a_003,73691
gated_alive:a_003:73780,a_003,73780
gated_alive:a_003:74253,a_003,74253
gated_alive:a_003:74293,a_003,74293
gated_alive:a_003:74329,a_003,74329
gated_alive:a_003:74504,a_003,74504
gated_alive:a_003:74972,a_003,74972
gated_alive:a_003:75273,a_003,75273
gated_alive:a_003:75474,a_003,75474
gated_alive:a_003:75506,a_003,75506
gated_alive:a_003:75896,a_003,75896
gated_alive:a_003:76492,a_003,76492
gated_alive:a_003:76752,a_003,76752
gated_alive:a_003:76761,a_003,76761
gated_alive:a_003:76792,a_003,76792
gated_alive:a_003:77011,a_003,77011
gated_alive:a_003:77369,a_003,77369
gated_alive:a_003:77397,a_003,77397
gated_alive:a_003:77488,a_003,77488
gated_alive:a_003:77751,a_003,77751
gated_alive:a_003:77865,a_003,77865
gated_alive:a_003:77999,a_003,77999
gated_alive:a_003:78054,a_003,78054
gated_alive:a_003:78177,a_003,78177
gated_alive:a_003:78544,a_003,78544
gated_alive:a_003:78611,a_003,78611
gated_alive:a_003:78619,a_003,78619
gated_alive:a_003:78687,a_003,78687
gated_alive:a_003:78799,a_003,78799
gated_alive:a_003:78921,a_003,78921
gated_alive:a_003:78951,a_003,78951
gated_alive:a_003:79112,a_003,79112
gated_alive:a_003:79114,a_003,79114
gated_alive:a_003:79381,a_003,79381
gated_alive:a_003:79412,a_003,79412
gated_alive:a_003:79475,a_003,79475
gated_alive:a_003:80101,a_003,80101
gated_alive:a_003:80154,a_003,80154
gated_alive:a_003:80245,a_003,80245
gated_alive:a_003:80338,a_003,80338
gated_alive:a_003:80881,a_003,80881
gated_alive:a_003:80961,a_003,80961
gated_alive:a_003:81050,a_003,81050
gated_alive:a_003:81343,a_003,81343
gated_alive:a_003:81376,a_003,81376
gated_alive:a_003:81800,a_003,81800
gated_alive:a_003:81822,a_003,81822
gated_alive:a_003:82065,a_003,82065
gated_alive:a_003:82186,a_003,82186
gated_alive:a_003:82257,a_003,82257
gated_alive:a_003:82352,a_003,82352
gated_alive:a_003:82568,a_003,82568
gated_alive:a_003:82720,a_003,82720
gated_alive:a_003:82773,a_003,82773
gated_alive:a_003:82833,a_003,82833
gated_alive:a_003:83192,a_003,83192
gated_alive:a_003:83370,a_003,83370
gated_alive:a_003:83633,a_003,83633
gated_alive:a_003:83702,a_003,83702
gated_alive:a_003:84134,a_003,84134
gated_alive:a_003:84259,a_003,84259
gated_alive:a_003:84503,a_003,84503
gated_alive:a_003:84676,a_003,84676
gated_alive:a_003:85361,a_003,85361
gated_alive:a_003:85529,a_003,85529
gated_alive:a_003:85912,a_003,85912
gated_alive:a_003:86108,a_003,86108
gated_alive:a_003:86123,a_003,86123
gated_alive:a_003:86703,a_003,86703
gated_alive:a_003:86847,a_003,86847
gated_alive:a_003:86994,a_003,86994
gated_alive:a_003:87431,a_003,87431
gated_alive:a_003:87432,a_003,87432
gated_alive:a_003:87489,a_003,87489
gated_alive:a_003:87647,a_003,87647
gated_alive:a_003:87807,a_003,87807
gated_alive:a_003:87923,a_003,87923
gated_alive:a_003:88228,a_003,88228
gated_alive:a_003:88332,a_003,88332
gated_alive:a_003:88531,a_003,88531
gated_alive:a_003:88608,a_003,88608
gated_alive:a_003:89010,a_003,89010
gated_alive:a_003:89318,a_003,89318
gated_alive:a_003:89326,a_003,89326
gated_alive:a_003:89453,a_003,89453
gated_alive:a_003:89606,a_003,89606
gated_alive:a_003:89770,a_003,89770
gated_alive:a_003:89947,a_003,89947
gated_alive:a_003:89965,a_003,89965
gated_alive:a_003:91196,a_003,91196
gated_alive:a_003:91225,a_003,91225
gated_alive:a_003:91505,a_003,91505
gated_alive:a_003:92331,a_003,92331
gated_alive:a_003:92677,a_003,92677
gated_alive:a_003:92791,a_003,92791
gated_alive:a_003:93184,a_003,93184
gated_alive:a_003:93485,a_003,93485
gated_alive:a_003:93607,a_003,93607
gated_alive:a_003:93717,a_003,93717
gated_alive:a_003:93811,a_003,93811
gated_alive:a_003:93958,a_003,93958
gated_alive:a_003:93982,a_003,93982
gated_alive:a_003:94028,a_003,94028
gated_alive:a_003:94046,a_003,94046
gated_alive:a_003:94596,a_003,94596
gated_alive:a_003:94865,a_003,94865
gated_alive:a_003:94979,a_003,94979
gated_alive:a_003:95023,a_003,95023
gated_alive:a_003:95395,a_003,95395
gated_alive:a_003:95512,a_003,95512
gated_alive:a_003:95822,a_003,95822
gated_alive:a_003:95906,a_003,95906
gated_alive:a_003:96223,a_003,96223
gated_alive:a_003:96401,a_003,96401
gated_alive:a_003:96461,a_003,96461
gated_alive:a_003:96583,a_003,96583
gated_alive:a_003:96628,a_003,96628
gated_alive:a_003:96652,a_003,96652
gated_alive:a_003:96710,a_003,96710
gated_alive:a_003:96925,a_003,96925
gated_alive:a_004:7,a_004,7
gated_alive:a_004:765,a_004,765
gated_alive:a_004:1092,a_004,1092
gated_alive:a_004:1137,a_004,1137
gated_alive:a_004:1526,a_004,1526
gated_alive:a_004:1903,a_004,1903
gated_alive:a_004:2167,a_004,2167
gated_alive:a_004:2198,a_004,2198
gated_alive:a_004:2511,a_004,2511
gated_alive:a_004:2793,a_004,2793
gated_alive:a_004:3262,a_004,3262
gated_alive:a_004:3444,a_004,3444
gated_alive:a_004:3854,a_004,3854
gated_alive:a_004:4472,a_004,4472
gated_alive:a_004:4606,a_004,4606
gated_alive:a_004:4971,a_004,4971
gated_alive:a_004:5426,a_004,5426
gated_alive:a_004:5958,a_004,5958
gated_alive:a_004:6024,a_004,6024
gated_alive:a_004:6180,a_004,6180
gated_alive:a_004:6372,a_004,6372
gated_alive:a_004:6578,a_004,6578
gated_alive:a_004:6899,a_004,6899
gated_alive:a_004:7079,a_004,7079
gated_alive:a_004:7244,a_004,7244
gated_alive:a_004:7696,a_004,7696
gated_alive:a_004:7751,a_004,7751
gated_alive:a_004:8837,a_004,8837
gated_alive:a_004:10690,a_004,10690
gated_alive:a_004:10723,a_004,10723
gated_alive:a_004:11210,a_004,11210
gated_alive:a_004:11460,a_004,11460
gated_alive:a_004:12411,a_004,12411
gated_alive:a_004:12412,a_004,12412
gated_alive:a_004:12569,a_004,12569
gated_alive:a_004:12827,a_004,12827
gated_alive:a_004:12919,a_004,12919
gated_alive:a_004:12920,a_004,12920
gated_alive:a_004:13191,a_004,13191
gated_alive:a_004:13364,a_004,13364
gated_alive:a_004:13580,a_004,13580
gated_alive:a_004:14051,a_004,14051
gated_alive:a_004:14213,a_004,14213
gated_alive:a_004:14875,a_004,14875
gated_alive:a_004:14918,a_004,14918
gated_alive:a_004:15191,a_004,15191
gated_alive:a_004:15577,a_004,15577
gated_alive:a_004:15905,a_004,15905
gated_alive:a_004:16011,a_004,16011
gated_alive:a_004:16234,a_004,16234
gated_alive:a_004:16449,a_004,16449
gated_alive:a_004:16770,a_004,16770
gated_alive:a_004:16808,a_004,16808
gated_alive:a_004:16810,a_004,16810
gated_alive:a_004:17001,a_004,17001
gated_alive:a_004:17439,a_004,17439
gated_alive:a_004:17501,a_004,17501
gated_alive:a_004:17518,a_004,17518
gated_alive:a_004:17585,a_004,17585
gated_alive:a_004:18562,a_004,18562
gated_alive:a_004:19442,a_004,19442
gated_alive:a_004:19817,a_004,19817
gated_alive:a_004:20068,a_004,20068
gated_alive:a_004:20133,a_004,20133
gated_alive:a_004:20778,a_004,20778
gated_alive:a_004:20860,a_004,20860
gated_alive:a_004:21586,a_004,21586
gated_alive:a_004:21616,a_004,21616
gated_alive:a_004:21945,a_004,21945
gated_alive:a_004:22321,a_004,22321
gated_alive:a_004:22391,a_004,22391
gated_alive:a_004:22730,a_004,22730
gated_alive:a_004:22958,a_004,22958
gated_alive:a_004:23403,a_004,23403
gated_alive:a_004:23588,a_004,23588
gated_alive:a_004:24079,a_004,24079
gated_alive:a_004:24118,a_004,24118
gated_alive:a_004:24303,a_004,24303
gated_alive:a_004:24341,a_004,24341
gated_alive:a_004:24484,a_004,24484
gated_alive:a_004:24501,a_004,24501
gated_alive:a_004:24635,a_004,24635
gated_alive:a_004:25216,a_004,25216
gated_alive:a_004:25501,a_004,25501
gated_alive:a_004:26076,a_004,26076
gated_alive:a_004:26996,a_004,26996
gated_alive:a_004:27025,a_004,27025
gated_alive:a_004:27147,a_004,27147
gated_alive:a_004:27301,a_004,27301
gated_alive:a_004:27916,a_004,27916
gated_alive:a_004:28033,a_004,28033
gated_alive:a_004:28358,a_004,28358
gated_alive:a_004:28379,a_004,28379
gated_alive:a_004:28408,a_004,28408
gated_alive:a_004:28573,a_004,28573
gated_alive:a_004:29251,a_004,29251
gated_alive:a_004:29503,a_004,29503
gated_alive:a_004:29604,a_004,29604
gated_alive:a_004:29686,a_004,29686
gated_alive:a_004:29716,a_004,29716
gated_alive:a_004:29717,a_004,29717
gated_alive:a_004:30055,a_004,30055
gated_alive:a_004:30379,a_004,30379
gated_alive:a_004:31413,a_004,31413
gated_alive:a_004:31609,a_004,31609
gated_alive:a_004:31718,a_004,31718
gated_alive:a_004:32016,a_004,32016
gated_alive:a_004:32035,a_004,32035
gated_alive:a_004:32197,a_004,32197
gated_alive:a_004:32323,a_004,32323
gated_alive:a_004:32671,a_004,32671
gated_alive:a_004:32745,a_004,32745
gated_alive:a_004:32861,a_004,32861
gated_alive:a_004:33462,a_004,33462
gated_alive:a_004:33489,a_004,33489
gated_alive:a_004:34475,a_004,34475
gated_alive:a_004:34655,a_004,34655
gated_alive:a_004:35600,a_004,35600
gated_alive:a_004:35626,a_004,35626
gated_alive:a_004:36213,a_004,36213
gated_alive:a_004:36944,a_004,36944
gated_alive:a_004:37971,a_004,37971
gated_alive:a_004:38129,a_004,38129
gated_alive:a_004:38624,a_004,38624
gated_alive:a_004:39486,a_004,39486
gated_alive:a_004:40233,a_004,40233
gated_alive:a_004:40340,a_004,40340
gated_alive:a_004:40582,a_004,40582
gated_alive:a_004:41039,a_004,41039
gated_alive:a_004:41156,a_004,41156
gated_alive:a_004:41203,a_004,41203
gated_alive:a_004:41487,a_004,41487
gated_alive:a_004:41499,a_004,41499
gated_alive:a_004:41628,a_004,41628
gated_alive:a_004:41666,a_004,41666
gated_alive:a_004:41672,a_004,41672
gated_alive:a_004:42075,a_004,42075
gated_alive:a_004:42205,a_004,42205
gated_alive:a_004:43260,a_004,43260
gated_alive:a_004:43418,a_004,43418
gated_alive:a_004:43477,a_004,43477
gated_alive:a_004:43495,a_004,43495
gated_alive:a_004:43580,a_004,43580
gated_alive:a_004:43820,a_004,43820
gated_alive:a_004:44028,a_004,44028
gated_alive:a_004:44332,a_004,44332
gated_alive:a_004:44408,a_004,44408
gated_alive:a_004:44440,a_004,44440
gated_alive:a_004:44543,a_004,44543
gated_alive:a_004:44644,a_004,44644
gated_alive:a_004:44770,a_004,44770
gated_alive:a_004:45705,a_004,45705
gated_alive:a_004:45849,a_004,45849
gated_alive:a_004:47755,a_004,47755
gated_alive:a_004:47779,a_004,47779
gated_alive:a_004:48752,a_004,48752
gated_alive:a_004:49166,a_004,49166
gated_alive:a_004:49190,a_004,49190
gated_alive:a_004:49343,a_004,49343
gated_alive:a_004:49625,a_004,49625
gated_alive:a_004:50175,a_004,50175
gated_alive:a_004:50278,a_004,50278
gated_alive:a_004:50732,a_004,50732
gated_alive:a_004:50974,a_004,50974
gated_alive:a_004:51101,a_004,51101
gated_alive:a_004:51562,a_004,51562
gated_alive:a_004:51801,a_004,51801
gated_alive:a_004:52196,a_004,52196
gated_alive:a_004:52363,a_004,52363
gated_alive:a_004:52601,a_004,52601
gated_alive:a_004:52784,a_004,52784
gated_alive:a_004:52830,a_004,52830
gated_alive:a_004:52951,a_004,52951
gated_alive:a_004:53019,a_004,53019
gated_alive:a_004:53128,a_004,53128
gated_alive:a_004:53742,a_004,53742
gated_alive:a_004:54854,a_004,54854
gated_alive:a_004:55206,a_004,55206
gated_alive:a_004:55313,a_004,55313
gated_alive:a_004:55688,a_004,55688
gated_alive:a_004:55766,a_004,55766
gated_alive:a_004:57284,a_004,57284
gated_alive:a_004:57354,a_004,57354
gated_alive:a_004:57768,a_004,57768
gated_alive:a_004:58007,a_004,58007
gated_alive:a_004:58320,a_004,58320
gated_alive:a_004:58413,a_004,58413
gated_alive:a_004:58422,a_004,58422
gated_alive:a_004:58434,a_004,58434
gated_alive:a_004:58457,a_004,58457
gated_alive:a_004:58492,a_004,58492
gated_alive:a_004:58689,a_004,58689
gated_alive:a_004:58882,a_004,58882
gated_alive:a_004:59423,a_004,59423
gated_alive:a_004:59829,a_004,59829
gated_alive:a_004:59895,a_004,59895
gated_alive:a_004:60033,a_004,60033
gated_alive:a_004:60181,a_004,60181
gated_alive:a_004:60339,a_004,60339
gated_alive:a_004:60426,a_004,60426
gated_alive:a_004:61209,a_004,61209
gated_alive:a_004:61349,a_004,61349
gated_alive:a_004:61451,a_004,61451
gated_alive:a_004:62133,a_004,62133
gated_alive:a_004:62207,a_004,62207
gated_alive:a_004:62811,a_004,62811
gated_alive:a_004:62836,a_004,62836
gated_alive:a_004:62888,a_004,62888
gated_alive:a_004:63058,a_004,63058
gated_alive:a_004:63173,a_004,63173
gated_alive:a_004:63256,a_004,63256
gated_alive:a_004:64357,a_004,64357
gated_alive:a_004:64381,a_004,64381
gated_alive:a_004:64922,a_004,64922
gated_alive:a_004:65079,a_004,65079
gated_alive:a_004:65189,a_004,65189
gated_alive:a_004:65205,a_004,65205
gated_alive:a_004:65229,a_004,65229
gated_alive:a_004:65451,a_004,65451
gated_alive:a_004:65589,a_004,65589
gated_alive:a_004:65728,a_004,65728
gated_alive:a_004:65737,a_004,65737
gated_alive:a_004:66008,a_004,66008
gated_alive:a_004:66192,a_004,66192
gated_alive:a_004:66456,a_004,66456
gated_alive:a_004:66779,a_004,66779
gated_alive:a_004:67698,a_004,67698
gated_alive:a_004:67856,a_004,67856
gated_alive:a_004:67910,a_004,67910
gated_alive:a_004:67974,a_004,67974
gated_alive:a_004:68346,a_004,68346
gated_alive:a_004:68416,a_004,68416
gated_alive:a_004:68456,a_004,68456
gated_alive:a_004:68558,a_004,68558
gated_alive:a_004:68585,a_004,68585
gated_alive:a_004:68641,a_004,68641
gated_alive:a_004:69299,a_004,69299
gated_alive:a_004:69308,a_004,69308
gated_alive:a_004:69348,a_004,69348
gated_alive:a_004:69488,a_004,69488
gated_alive:a_004:69574,a_004,69574
gated_alive:a_004:69652,a_004,69652
gated_alive:a_004:69742,a_004,69742
gated_alive:a_004:69839,a_004,69839
gated_alive:a_004:70205,a_004,70205
gated_alive:a_004:70227,a_004,70227
gated_alive:a_004:70327,a_004,70327
gated_alive:a_004:70630,a_004,70630
gated_alive:a_004:71184,a_004,71184
gated_alive:a_004:71309,a_004,71309
gated_alive:a_004:71316,a_004,71316
gated_alive:a_004:71394,a_004,71394
gated_alive:a_004:71532,a_004,71532
gated_alive:a_004:71888,a_004,71888
gated_alive:a_004:71961,a_004,71961
gated_alive:a_004:72083,a_004,72083
gated_alive:a_004:72270,a_004,72270
gated_alive:a_004:72360,a_004,72360
gated_alive:a_004:72547,a_004,72547
gated_alive:a_004:73338,a_004,73338
gated_alive:a_004:74089,a_004,74089
gated_alive:a_004:74176,a_004,74176
gated_alive:a_004:74396,a_004,74396
gated_alive:a_004:74558,a_004,74558
gated_alive:a_004:75019,a_004,75019
gated_alive:a_004:75231,a_004,75231
gated_alive:a_004:75279,a_004,75279
gated_alive:a_004:75305,a_004,75305
gated_alive:a_004:75948,a_004,75948
gated_alive:a_004:77005,a_004,77005
gated_alive:a_004:77704,a_004,77704
gated_alive:a_004:77990,a_004,77990
gated_alive:a_004:78878,a_004,78878
gated_alive:a_004:79406,a_004,79406
gated_alive:a_004:79705,a_004,79705
gated_alive:a_004:80147,a_004,80147
gated_alive:a_004:80251,a_004,80251
gated_alive:a_004:80346,a_004,80346
gated_alive:a_004:80524,a_004,80524
gated_alive:a_004:80640,a_004,80640
gated_alive:a_004:81454,a_004,81454
gated_alive:a_004:82605,a_004,82605
gated_alive:a_004:83046,a_004,83046
gated_alive:a_004:83060,a_004,83060
gated_alive:a_004:83274,a_004,83274
gated_alive:a_004:83386,a_004,83386
gated_alive:a_004:83458,a_004,83458
gated_alive:a_004:85208,a_004,85208
gated_alive:a_004:85462,a_004,85462
gated_alive:a_004:85759,a_004,85759
gated_alive:a_004:85887,a_004,85887
gated_alive:a_004:85898,a_004,85898
gated_alive:a_004:85953,a_004,85953
gated_alive:a_004:86018,a_004,86018
gated_alive:a_004:86484,a_004,86484
gated_alive:a_004:87099,a_004,87099
gated_alive:a_004:87215,a_004,87215
gated_alive:a_004:87385,a_004,87385
gated_alive:a_004:87398,a_004,87398
gated_alive:a_004:87640,a_004,87640
gated_alive:a_004:87706,a_004,87706
gated_alive:a_004:87766,a_004,87766
gated_alive:a_004:87783,a_004,87783
gated_alive:a_004:87862,a_004,87862
gated_alive:a_004:87976,a_004,87976
gated_alive:a_004:88034,a_004,88034
gated_alive:a_004:88319,a_004,88319
gated_alive:a_004:88436,a_004,88436
gated_alive:a_004:88657,a_004,88657
gated_alive:a_004:88878,a_004,88878
gated_alive:a_004:88984,a_004,88984
gated_alive:a_004:89278,a_004,89278
gated_alive:a_004:89863,a_004,89863
gated_alive:a_004:90788,a_004,90788
gated_alive:a_004:90961,a_004,90961
gated_alive:a_004:92294,a_004,92294
gated_alive:a_004:92481,a_004,92481
gated_alive:a_004:92655,a_004,92655
gated_alive:a_004:93354,a_004,93354
gated_alive:a_004:93912,a_004,93912
gated_alive:a_004:94000,a_004,94000
gated_alive:a_004:94117,a_004,94117
gated_alive:a_004:94262,a_004,94262
gated_alive:a_004:94398,a_004,94398
gated_alive:a_004:94436,a_004,94436
gated_alive:a_004:94909,a_004,94909
gated_alive:a_004:94969,a_004,94969
gated_alive:a_004:95386,a_004,95386
gated_alive:a_004:95661,a_004,95661
gated_alive:a_004:96702,a_004,96702
gated_alive:a_004:96795,a_004,96795
gated_alive:a_004:96985,a_004,96985
gated_alive:a_004:97097,a_004,97097
gated_alive:a_004:97302,a_004,97302
gated_alive:a_004:98080,a_004,98080
gated_alive:a_004:98194,a_004,98194
gated_alive:a_004:98297,a_004,98297
gated_alive:a_004:98441,a_004,98441
gated_alive:a_004:98486,a_004,98486
gated_alive:a_004:98769,a_004,98769
gated_alive:a_004:98978,a_004,98978
gated_alive:a_004:99042,a_004,99042
gated_alive:a_004:99202,a_004,99202
gated_alive:a_004:99541,a_004,99541
gated_alive:a_004:100609,a_004,100609
gated_alive:a_004:100797,a_004,100797
gated_alive:a_004:101469,a_004,101469
gated_alive:a_004:101537,a_004,101537
gated_alive:a_004:101989,a_004,101989
gated_alive:a_004:102061,a_004,102061
gated_alive:a_004:102138,a_004,102138
gated_alive:a_004:102564,a_004,102564
gated_alive:a_004:103104,a_004,103104
gated_alive:a_004:103268,a_004,103268
gated_alive:a_004:103687,a_004,103687
gated_alive:a_004:103801,a_004,103801
gated_alive:a_004:104044,a_004,104044
gated_alive:a_004:104451,a_004,104451
gated_alive:a_004:104931,a_004,104931
gated_alive:a_004:104941,a_004,104941
gated_alive:a_004:104986,a_004,104986
gated_alive:a_004:105328,a_004,105328
gated_alive:a_004:105749,a_004,105749
gated_alive:a_004:106310,a_004,106310
gated_alive:a_004:106575,a_004,106575
gated_alive:a_004:106821,a_004,106821
gated_alive:a_004:107058,a_004,107058
gated_alive:a_004:107302,a_004,107302
gated_alive:a_004:107668,a_004,107668
gated_alive:a_004:108062,a_004,108062
gated_alive:a_004:108137,a_004,108137
gated_alive:a_004:108493,a_004,108493
gated_alive:a_004:108847,a_004,108847
gated_alive:a_004:109087,a_004,109087
gated_alive:a_004:109191,a_004,109191
gated_alive:a_004:109193,a_004,109193
gated_alive:a_004:109262,a_004,109262
gated_alive:a_004:109447,a_004,109447
gated_alive:a_004:109625,a_004,109625
gated_alive:a_004:110090,a_004,110090
gated_alive:a_004:110258,a_004,110258
gated_alive:a_004:110342,a_004,110342
gated_alive:a_004:110457,a_004,110457
gated_alive:a_004:110685,a_004,110685
gated_alive:a_004:110730,a_004,110730
gated_alive:a_004:110896,a_004,110896
gated_alive:a_004:111109,a_004,111109
gated_alive:a_004:111211,a_004,111211
gated_alive:a_004:111339,a_004,111339
gated_alive:a_004:111466,a_004,111466
gated_alive:a_004:111615,a_004,111615
gated_alive:a_004:111922,a_004,111922
gated_alive:a_004:111980,a_004,111980
gated_alive:a_004:112019,a_004,112019
gated_alive:a_004:112575,a_004,112575
gated_alive:a_004:112719,a_004,112719
gated_alive:a_004:112822,a_004,112822
gated_alive:a_004:113511,a_004,113511
gated_alive:a_004:113734,a_004,113734
gated_alive:a_004:113795,a_004,113795
gated_alive:a_004:113885,a_004,113885
gated_alive:a_004:113947,a_004,113947
gated_alive:a_004:114137,a_004,114137
gated_alive:a_004:114241,a_004,114241
gated_alive:a_004:114812,a_004,114812
gated_alive:a_004:114949,a_004,114949
gated_alive:a_004:115028,a_004,115028
gated_alive:a_004:115059,a_004,115059
gated_alive:a_004:115234,a_004,115234
gated_alive:a_004:115312,a_004,115312
gated_alive:a_004:115774,a_004,115774
gated_alive:a_004:115936,a_004,115936
gated_alive:a_004:116174,a_004,116174
gated_alive:a_004:116633,a_004,116633
gated_alive:a_004:116714,a_004,116714
gated_alive:a_004:117788,a_004,117788
gated_alive:a_004:117980,a_004,117980
gated_alive:a_004:118429,a_004,118429
gated_alive:a_004:118905,a_004,118905
gated_alive:a_004:118913,a_004,118913
gated_alive:a_004:119102,a_004,119102
gated_alive:a_004:119222,a_004,119222
gated_alive:a_004:119242,a_004,119242
gated_alive:a_004:119843,a_004,119843
gated_alive:a_004:120053,a_004,120053
gated_alive:a_004:120124,a_004,120124
gated_alive:a_004:120438,a_004,120438
gated_alive:a_004:121143,a_004,121143
gated_alive:a_004:121160,a_004,121160
gated_alive:a_004:121331,a_004,121331
gated_alive:a_004:121723,a_004,121723
gated_alive:a_004:121742,a_004,121742
gated_alive:a_004:122635,a_004,122635
gated_alive:a_004:122658,a_004,122658
gated_alive:a_004:123093,a_004,123093
gated_alive:a_004:123218,a_004,123218
gated_alive:a_004:123322,a_004,123322
gated_alive:a_004:123996,a_004,123996
gated_alive:a_004:124023,a_004,124023
gated_alive:a_004:124210,a_004,124210
gated_alive:a_004:124355,a_004,124355
gated_alive:a_004:124412,a_004,124412
gated_alive:a_004:124803,a_004,124803
gated_alive:a_004:124836,a_004,124836
gated_alive:a_004:125232,a_004,125232
gated_alive:a_004:125788,a_004,125788
gated_alive:a_004:126096,a_004,126096
gated_alive:a_004:126141,a_004,126141
gated_alive:a_004:126178,a_004,126178
gated_alive:a_004:126813,a_004,126813
gated_alive:a_004:126902,a_004,126902
gated_alive:a_004:126944,a_004,126944
gated_alive:a_004:127100,a_004,127100
gated_alive:a_004:127242,a_004,127242
gated_alive:a_004:127707,a_004,127707
gated_alive:a_004:128001,a_004,128001
gated_alive:a_004:128057,a_004,128057
gated_alive:a_004:128282,a_004,128282
gated_alive:a_004:128486,a_004,128486
gated_alive:a_004:129231,a_004,129231
gated_alive:a_004:129387,a_004,129387
gated_alive:a_004:129608,a_004,129608
gated_alive:a_004:129725,a_004,129725
gated_alive:a_004:129931,a_004,129931
gated_alive:a_004:130017,a_004,130017
gated_alive:a_004:130296,a_004,130296
gated_alive:a_004:130334,a_004,130334
gated_alive:a_004:130399,a_004,130399
gated_alive:a_004:131267,a_004,131267
gated_alive:a_004:131455,a_004,131455
gated_alive:a_004:131686,a_004,131686
gated_alive:a_004:131779,a_004,131779
gated_alive:a_004:132086,a_004,132086
gated_alive:a_004:132522,a_004,132522
gated_alive:a_004:132541,a_004,132541
gated_alive:a_004:133008,a_004,133008
gated_alive:a_004:133409,a_004,133409
gated_alive:a_004:133626,a_004,133626
gated_alive:a_004:133688,a_004,133688
gated_alive:a_004:133709,a_004,133709
gated_alive:a_004:134241,a_004,134241
gated_alive:a_004:134704,a_004,134704
gated_alive:a_004:135178,a_004,135178
gated_alive:a_004:135336,a_004,135336
gated_alive:a_004:135557,a_004,135557
gated_alive:a_004:136021,a_004,136021
gated_alive:a_004:136166,a_004,136166
gated_alive:a_004:136248,a_004,136248
gated_alive:a_004:136740,a_004,136740
gated_alive:a_004:137524,a_004,137524
gated_alive:a_004:137587,a_004,137587
gated_alive:a_004:138662,a_004,138662
gated_alive:a_004:139218,a_004,139218
gated_alive:a_004:139287,a_004,139287
gated_alive:a_004:139382,a_004,139382
gated_alive:a_004:139768,a_004,139768
gated_alive:a_004:139915,a_004,139915
gated_alive:a_004:140207,a_004,140207
gated_alive:a_004:140266,a_004,140266
gated_alive:a_004:140312,a_004,140312
gated_alive:a_005:472,a_005,472
gated_alive:a_005:1095,a_005,1095
gated_alive:a_005:1812,a_005,1812
gated_alive:a_005:2228,a_005,2228
gated_alive:a_005:2350,a_005,2350
gated_alive:a_005:2523,a_005,2523
gated_alive:a_005:2542,a_005,2542
gated_alive:a_005:2762,a_005,2762
gated_alive:a_005:3087,a_005,3087
gated_alive:a_005:3273,a_005,3273
gated_alive:a_005:4533,a_005,4533
gated_alive:a_005:4680,a_005,4680
gated_alive:a_005:4741,a_005,4741
gated_alive:a_005:4995,a_005,4995
gated_alive:a_005:5478,a_005,5478
gated_alive:a_005:6031,a_005,6031
gated_alive:a_005:6092,a_005,6092
gated_alive:a_005:6510,a_005,6510
gated_alive:a_005:6637,a_005,6637
gated_alive:a_005:6675,a_005,6675
gated_alive:a_005:6848,a_005,6848
gated_alive:a_005:7225,a_005,7225
gated_alive:a_005:7762,a_005,7762
gated_alive:a_005:8544,a_005,8544
gated_alive:a_005:8602,a_005,8602
gated_alive:a_005:8857,a_005,8857
gated_alive:a_005:10294,a_005,10294
gated_alive:a_005:10500,a_005,10500
gated_alive:a_005:10585,a_005,10585
gated_alive:a_005:10976,a_005,10976
gated_alive:a_005:11714,a_005,11714
gated_alive:a_005:11879,a_005,11879
gated_alive:a_005:11957,a_005,11957
gated_alive:a_005:12110,a_005,12110
gated_alive:a_005:12511,a_005,12511
gated_alive:a_005:13153,a_005,13153
gated_alive:a_005:13196,a_005,13196
gated_alive:a_005:13555,a_005,13555
gated_alive:a_005:14583,a_005,14583
gated_alive:a_005:14923,a_005,14923
gated_alive:a_005:14939,a_005,14939
gated_alive:a_005:15417,a_005,15417
gated_alive:a_005:15468,a_005,15468
gated_alive:a_005:15819,a_005,15819
gated_alive:a_005:15963,a_005,15963
gated_alive:a_005:16270,a_005,16270
gated_alive:a_005:16390,a_005,16390
gated_alive:a_005:16655,a_005,16655
gated_alive:a_005:16763,a_005,16763
gated_alive:a_005:16941,a_005,16941
gated_alive:a_005:17429,a_005,17429
gated_alive:a_005:17673,a_005,17673
gated_alive:a_005:18649,a_005,18649
gated_alive:a_005:18814,a_005,18814
gated_alive:a_005:18855,a_005,18855
gated_alive:a_005:18860,a_005,18860
gated_alive:a_005:19047,a_005,19047
gated_alive:a_005:19166,a_005,19166
gated_alive:a_005:19679,a_005,19679
gated_alive:a_005:20393,a_005,20393
gated_alive:a_005:20440,a_005,20440
gated_alive:a_005:20636,a_005,20636
gated_alive:a_005:20676,a_005,20676
gated_alive:a_005:20812,a_005,20812
gated_alive:a_005:21034,a_005,21034
gated_alive:a_005:21328,a_005,21328
gated_alive:a_005:21330,a_005,21330
gated_alive:a_005:21514,a_005,21514
gated_alive:a_005:23228,a_005,23228
gated_alive:a_005:23420,a_005,23420
gated_alive:a_005:23709,a_005,23709
gated_alive:a_005:24072,a_005,24072
gated_alive:a_005:24504,a_005,24504
gated_alive:a_005:24631,a_005,24631
gated_alive:a_005:24696,a_005,24696
gated_alive:a_005:24822,a_005,24822
gated_alive:a_005:25187,a_005,25187
gated_alive:a_005:25229,a_005,25229
gated_alive:a_005:25508,a_005,25508
gated_alive:a_005:26300,a_005,26300
gated_alive:a_005:26665,a_005,26665
gated_alive:a_005:26802,a_005,26802
gated_alive:a_005:27127,a_005,27127
gated_alive:a_005:27266,a_005,27266
gated_alive:a_005:27351,a_005,27351
gated_alive:a_005:27765,a_005,27765
gated_alive:a_005:28049,a_005,28049
gated_alive:a_005:28330,a_005,28330
gated_alive:a_005:28361,a_005,28361
gated_alive:a_005:28994,a_005,28994
gated_alive:a_005:29145,a_005,29145
gated_alive:a_005:29235,a_005,29235
gated_alive:a_005:29267,a_005,29267
gated_alive:a_005:29379,a_005,29379
gated_alive:a_005:29417,a_005,29417
gated_alive:a_005:29667,a_005,29667
gated_alive:a_005:29868,a_005,29868
gated_alive:a_005:30269,a_005,30269
gated_alive:a_005:31001,a_005,31001
gated_alive:a_005:31211,a_005,31211
gated_alive:a_005:31241,a_005,31241
gated_alive:a_005:31277,a_005,31277
gated_alive:a_005:31589,a_005,31589
gated_alive:a_005:32629,a_005,32629
gated_alive:a_005:32801,a_005,32801
gated_alive:a_005:33083,a_005,33083
gated_alive:a_005:33325,a_005,33325
gated_alive:a_005:33701,a_005,33701
gated_alive:a_005:33710,a_005,33710
gated_alive:a_005:33830,a_005,33830
gated_alive:a_005:33970,a_005,33970
gated_alive:a_005:34333,a_005,34333
gated_alive:a_005:34555,a_005,34555
gated_alive:a_005:34784,a_005,34784
gated_alive:a_005:34838,a_005,34838
gated_alive:a_005:35184,a_005,35184
gated_alive:a_005:36338,a_005,36338
gated_alive:a_005:36347,a_005,36347
gated_alive:a_005:36598,a_005,36598
gated_alive:a_005:36605,a_005,36605
gated_alive:a_005:36859,a_005,36859
gated_alive:a_005:36936,a_005,36936
gated_alive:a_005:37105,a_005,37105
gated_alive:a_005:37606,a_005,37606
gated_alive:a_005:37826,a_005,37826
gated_alive:a_005:37929,a_005,37929
gated_alive:a_005:38251,a_005,38251
gated_alive:a_005:38335,a_005,38335
gated_alive:a_005:38551,a_005,38551
gated_alive:a_005:38980,a_005,38980
gated_alive:a_005:39407,a_005,39407
gated_alive:a_005:39554,a_005,39554
gated_alive:a_005:39614,a_005,39614
gated_alive:a_005:40033,a_005,40033
gated_alive:a_005:40146,a_005,40146
gated_alive:a_005:40185,a_005,40185
gated_alive:a_005:41038,a_005,41038
gated_alive:a_005:41225,a_005,41225
gated_alive:a_005:41462,a_005,41462
gated_alive:a_005:41515,a_005,41515
gated_alive:a_005:41749,a_005,41749
gated_alive:a_005:42204,a_005,42204
gated_alive:a_005:43090,a_005,43090
gated_alive:a_005:43225,a_005,43225
gated_alive:a_005:43542,a_005,43542
gated_alive:a_005:44054,a_005,44054
gated_alive:a_005:44103,a_005,44103
gated_alive:a_005:44381,a_005,44381
gated_alive:a_005:44518,a_005,44518
gated_alive:a_005:44940,a_005,44940
gated_alive:a_005:44991,a_005,44991
gated_alive:a_005:45118,a_005,45118
gated_alive:a_005:45199,a_005,45199
gated_alive:a_005:46225,a_005,46225
gated_alive:a_005:47076,a_005,47076
gated_alive:a_005:47527,a_005,47527
gated_alive:a_005:47777,a_005,47777
gated_alive:a_005:48004,a_005,48004
gated_alive:a_005:48757,a_005,48757
gated_alive:a_005:48846,a_005,48846
gated_alive:a_005:49058,a_005,49058
gated_alive:a_005:49171,a_005,49171
gated_alive:a_005:49471,a_005,49471
gated_alive:a_005:49702,a_005,49702
gated_alive:a_005:49839,a_005,49839
gated_alive:a_005:50007,a_005,50007
gated_alive:a_005:50213,a_005,50213
gated_alive:a_005:50236,a_005,50236
gated_alive:a_005:50502,a_005,50502
gated_alive:a_005:50548,a_005,50548
gated_alive:a_005:50620,a_005,50620
gated_alive:a_005:51016,a_005,51016
gated_alive:a_005:51463,a_005,51463
gated_alive:a_005:51639,a_005,51639
gated_alive:a_005:51771,a_005,51771
gated_alive:a_005:51794,a_005,51794
gated_alive:a_005:51806,a_005,51806
gated_alive:a_005:51894,a_005,51894
gated_alive:a_005:51915,a_005,51915
gated_alive:a_005:52702,a_005,52702
gated_alive:a_005:53246,a_005,53246
gated_alive:a_005:53531,a_005,53531
gated_alive:a_005:53998,a_005,53998
gated_alive:a_005:54105,a_005,54105
gated_alive:a_005:54332,a_005,54332
gated_alive:a_005:54379,a_005,54379
gated_alive:a_005:54654,a_005,54654
gated_alive:a_005:54796,a_005,54796
gated_alive:a_005:54870,a_005,54870
gated_alive:a_005:54969,a_005,54969
gated_alive:a_005:55946,a_005,55946
gated_alive:a_005:56104,a_005,56104
gated_alive:a_005:56286,a_005,56286
gated_alive:a_005:56322,a_005,56322
gated_alive:a_005:57585,a_005,57585
gated_alive:a_005:58044,a_005,58044
gated_alive:a_005:58177,a_005,58177
gated_alive:a_005:58649,a_005,58649
gated_alive:a_005:58936,a_005,58936
gated_alive:a_005:59191,a_005,59191
gated_alive:a_005:59289,a_005,59289
gated_alive:a_005:59759,a_005,59759
gated_alive:a_005:60139,a_005,60139
gated_alive:a_005:60415,a_005,60415
gated_alive:a_005:60437,a_005,60437
gated_alive:a_005:60964,a_005,60964
gated_alive:a_005:61450,a_005,61450
gated_alive:a_005:61482,a_005,61482
gated_alive:a_005:61802,a_005,61802
gated_alive:a_005:61895,a_005,61895
gated_alive:a_005:62212,a_005,62212
gated_alive:a_005:62278,a_005,62278
gated_alive:a_005:62523,a_005,62523
gated_alive:a_005:62827,a_005,62827
gated_alive:a_005:62889,a_005,62889
gated_alive:a_005:62989,a_005,62989
gated_alive:a_005:63352,a_005,63352
gated_alive:a_005:63413,a_005,63413
gated_alive:a_005:64582,a_005,64582
gated_alive:a_005:64675,a_005,64675
gated_alive:a_005:65477,a_005,65477
gated_alive:a_005:65572,a_005,65572
gated_alive:a_005:65788,a_005,65788
gated_alive:a_005:66261,a_005,66261
gated_alive:a_005:68145,a_005,68145
gated_alive:a_005:69014,a_005,69014
gated_alive:a_005:69170,a_005,69170
gated_alive:a_005:69239,a_005,69239
gated_alive:a_005:69363,a_005,69363
gated_alive:a_005:69432,a_005,69432
gated_alive:a_005:69623,a_005,69623
gated_alive:a_005:69910,a_005,69910
gated_alive:a_005:70259,a_005,70259
gated_alive:a_005:70271,a_005,70271
gated_alive:a_005:70496,a_005,70496
gated_alive:a_005:70510,a_005,70510
gated_alive:a_005:70830,a_005,70830
gated_alive:a_005:71081,a_005,71081
gated_alive:a_005:71830,a_005,71830
gated_alive:a_005:72126,a_005,72126
gated_alive:a_005:72174,a_005,72174
gated_alive:a_005:72302,a_005,72302
gated_alive:a_005:72555,a_005,72555
gated_alive:a_005:73152,a_005,73152
gated_alive:a_005:73442,a_005,73442
gated_alive:a_005:73550,a_005,73550
gated_alive:a_005:73843,a_005,73843
gated_alive:a_005:73931,a_005,73931
gated_alive:a_005:74152,a_005,74152
gated_alive:a_005:74997,a_005,74997
gated_alive:a_005:75094,a_005,75094
gated_alive:a_005:75420,a_005,75420
gated_alive:a_005:75858,a_005,75858
gated_alive:a_005:76093,a_005,76093
gated_alive:a_005:76254,a_005,76254
gated_alive:a_005:76320,a_005,76320
gated_alive:a_005:76339,a_005,76339
gated_alive:a_005:77029,a_005,77029
gated_alive:a_005:77297,a_005,77297
gated_alive:a_005:77599,a_005,77599
gated_alive:a_005:77604,a_005,77604
gated_alive:a_005:77621,a_005,77621
gated_alive:a_005:77824,a_005,77824
gated_alive:a_005:78391,a_005,78391
gated_alive:a_005:78720,a_005,78720
gated_alive:a_005:78958,a_005,78958
gated_alive:a_005:79155,a_005,79155
gated_alive:a_005:79198,a_005,79198
gated_alive:a_005:79759,a_005,79759
gated_alive:a_005:79971,a_005,79971
gated_alive:a_005:80634,a_005,80634
gated_alive:a_005:80929,a_005,80929
gated_alive:a_005:80964,a_005,80964
gated_alive:a_005:81033,a_005,81033
gated_alive:a_005:81234,a_005,81234
gated_alive:a_005:81426,a_005,81426
gated_alive:a_005:81630,a_005,81630
gated_alive:a_005:81915,a_005,81915
gated_alive:a_005:81971,a_005,81971
gated_alive:a_005:82081,a_005,82081
gated_alive:a_005:82605,a_005,82605
gated_alive:a_005:83032,a_005,83032
gated_alive:a_005:83638,a_005,83638
gated_alive:a_005:84413,a_005,84413
gated_alive:a_005:84459,a_005,84459
gated_alive:a_005:84496,a_005,84496
gated_alive:a_005:84571,a_005,84571
gated_alive:a_005:84623,a_005,84623
gated_alive:a_005:84866,a_005,84866
gated_alive:a_005:84907,a_005,84907
gated_alive:a_005:85046,a_005,85046
gated_alive:a_005:85715,a_005,85715
gated_alive:a_005:85886,a_005,85886
gated_alive:a_005:86601,a_005,86601
gated_alive:a_005:86625,a_005,86625
gated_alive:a_005:87648,a_005,87648
gated_alive:a_005:88177,a_005,88177
gated_alive:a_005:88599,a_005,88599
gated_alive:a_005:88770,a_005,88770
gated_alive:a_005:88845,a_005,88845
gated_alive:a_005:88858,a_005,88858
gated_alive:a_005:89125,a_005,89125
gated_alive:a_005:89337,a_005,89337
gated_alive:a_005:89633,a_005,89633
gated_alive:a_005:90647,a_005,90647
gated_alive:a_005:90824,a_005,90824
gated_alive:a_005:90882,a_005,90882
gated_alive:a_005:91066,a_005,91066
gated_alive:a_005:91632,a_005,91632
gated_alive:a_005:91637,a_005,91637
gated_alive:a_005:92119,a_005,92119
gated_alive:a_005:92539,a_005,92539
gated_alive:a_005:93007,a_005,93007
gated_alive:a_005:93337,a_005,93337
gated_alive:a_005:93667,a_005,93667
gated_alive:a_005:93860,a_005,93860
gated_alive:a_005:94279,a_005,94279
gated_alive:a_005:94490,a_005,94490
gated_alive:a_005:94787,a_005,94787
gated_alive:a_005:95095,a_005,95095
gated_alive:a_005:95426,a_005,95426
gated_alive:a_005:95812,a_005,95812
gated_alive:a_005:95847,a_005,95847
gated_alive:a_005:96289,a_005,96289
gated_alive:a_005:96340,a_005,96340
gated_alive:a_005:96558,a_005,96558
gated_alive:a_005:96583,a_005,96583
gated_alive:a_005:96674,a_005,96674
gated_alive:a_005:96829,a_005,96829
gated_alive:a_005:97435,a_005,97435
gated_alive:a_005:98247,a_005,98247
gated_alive:a_005:98428,a_005,98428
gated_alive:a_005:98862,a_005,98862
gated_alive:a_005:99569,a_005,99569
gated_alive:a_005:99722,a_005,99722
gated_alive:a_005:99890,a_005,99890
gated_alive:a_005:99931,a_005,99931
gated_alive:a_005:100542,a_005,100542
gated_alive:a_005:100761,a_005,100761
gated_alive:a_005:101128,a_005,101128
gated_alive:a_005:101195,a_005,101195
gated_alive:a_005:101204,a_005,101204
gated_alive:a_005:101467,a_005,101467
gated_alive:a_005:101992,a_005,101992
gated_alive:a_005:102276,a_005,102276
gated_alive:a_005:102643,a_005,102643
gated_alive:a_005:102741,a_005,102741
gated_alive:a_005:103045,a_005,103045
gated_alive:a_005:103457,a_005,103457
gated_alive:a_005:103656,a_005,103656
gated_alive:a_005:103752,a_005,103752
gated_alive:a_005:104768,a_005,104768
gated_alive:a_005:104875,a_005,104875
gated_alive:a_005:104954,a_005,104954
gated_alive:a_005:105005,a_005,105005
gated_alive:a_005:105011,a_005,105011
gated_alive:a_005:105301,a_005,105301
gated_alive:a_005:105302,a_005,105302
gated_alive:a_005:105472,a_005,105472
gated_alive:a_005:105599,a_005,105599
gated_alive:a_005:106487,a_005,106487
gated_alive:a_005:107209,a_005,107209
gated_alive:a_005:107303,a_005,107303
gated_alive:a_005:107484,a_005,107484
gated_alive:a_005:107501,a_005,107501
gated_alive:a_005:108257,a_005,108257
gated_alive:a_005:108347,a_005,108347
gated_alive:a_005:108392,a_005,108392
gated_alive:a_005:108601,a_005,108601
gated_alive:a_005:109289,a_005,109289
gated_alive:a_005:109866,a_005,109866
gated_alive:a_005:110069,a_005,110069
gated_alive:a_005:110593,a_005,110593
gated_alive:a_005:110891,a_005,110891
gated_alive:a_005:111211,a_005,111211
gated_alive:a_005:111342,a_005,111342
gated_alive:a_005:111474,a_005,111474
gated_alive:a_005:111621,a_005,111621
gated_alive:a_005:112079,a_005,112079
gated_alive:a_005:112330,a_005,112330
gated_alive:a_005:113107,a_005,113107
gated_alive:a_005:113183,a_005,113183
gated_alive:a_005:113666,a_005,113666
gated_alive:a_005:113730,a_005,113730
gated_alive:a_005:114168,a_005,114168
gated_alive:a_005:114303,a_005,114303
gated_alive:a_005:114509,a_005,114509
gated_alive:a_005:114894,a_005,114894
gated_alive:a_005:115333,a_005,115333
gated_alive:a_005:115458,a_005,115458
gated_alive:a_005:115738,a_005,115738
gated_alive:a_005:115910,a_005,115910
gated_alive:a_005:116227,a_005,116227
gated_alive:a_005:116299,a_005,116299
gated_alive:a_005:116625,a_005,116625
gated_alive:a_005:116816,a_005,116816
gated_alive:a_005:117457,a_005,117457
gated_alive:a_005:117837,a_005,117837
gated_alive:a_005:117908,a_005,117908
gated_alive:a_005:118063,a_005,118063
gated_alive:a_005:118661,a_005,118661
gated_alive:a_005:118678,a_005,118678
gated_alive:a_005:118821,a_005,118821
gated_alive:a_005:119456,a_005,119456
gated_alive:a_005:119697,a_005,119697
gated_alive:a_005:119717,a_005,119717
gated_alive:a_005:119887,a_005,119887
gated_alive:a_005:119988,a_005,119988
gated_alive:a_005:120037,a_005,120037
gated_alive:a_005:120076,a_005,120076
gated_alive:a_005:120098,a_005,120098
gated_alive:a_005:120195,a_005,120195
gated_alive:a_005:120828,a_005,120828
gated_alive:a_005:121604,a_005,121604
gated_alive:a_005:121683,a_005,121683
gated_alive:a_005:122200,a_005,122200
gated_alive:a_005:122266,a_005,122266
gated_alive:a_005:123099,a_005,123099
gated_alive:a_005:123349,a_005,123349
gated_alive:a_005:123490,a_005,123490
gated_alive:a_005:124236,a_005,124236
gated_alive:a_005:124662,a_005,124662
gated_alive:a_005:125205,a_005,125205
gated_alive:a_005:125615,a_005,125615
gated_alive:a_005:125976,a_005,125976
gated_alive:a_005:126508,a_005,126508
gated_alive:a_005:126516,a_005,126516
gated_alive:a_005:127940,a_005,127940
gated_alive:a_005:129019,a_005,129019
gated_alive:a_005:129207,a_005,129207
gated_alive:a_005:129654,a_005,129654
gated_alive:a_005:129834,a_005,129834
gated_alive:a_005:129952,a_005,129952
gated_alive:a_005:130551,a_005,130551
gated_alive:a_005:130723,a_005,130723
gated_alive:a_005:131114,a_005,131114
gated_alive:a_005:131511,a_005,131511
gated_alive:a_005:131679,a_005,131679
gated_alive:a_005:132174,a_005,132174
gated_alive:a_005:132207,a_005,132207
gated_alive:a_005:133010,a_005,133010
gated_alive:a_005:133147,a_005,133147
gated_alive:a_005:133152,a_005,133152
gated_alive:a_005:134488,a_005,134488
gated_alive:a_005:135005,a_005,135005
gated_alive:a_005:135560,a_005,135560
gated_alive:a_005:135620,a_005,135620
gated_alive:a_005:136124,a_005,136124
gated_alive:a_005:136226,a_005,136226
gated_alive:a_005:136254,a_005,136254
gated_alive:a_005:136350,a_005,136350
gated_alive:a_005:136898,a_005,136898
gated_alive:a_005:137041,a_005,137041
gated_alive:a_005:137247,a_005,137247
gated_alive:a_005:138665,a_005,138665
gated_alive:a_005:139409,a_005,139409
gated_alive:a_005:139804,a_005,139804
gated_alive:a_005:140043,a_005,140043
gated_alive:a_005:140221,a_005,140221
gated_alive:a_005:140941,a_005,140941
gated_alive:a_005:142099,a_005,142099
gated_alive:a_005:143371,a_005,143371
gated_alive:a_005:144041,a_005,144041
gated_alive:a_005:144135,a_005,144135
gated_alive:a_005:144202,a_005,144202
gated_alive:a_005:144272,a_005,144272
gated_alive:a_005:144294,a_005,144294
gated_alive:a_005:144629,a_005,144629
gated_alive:a_005:144697,a_005,144697
gated_alive:a_005:145015,a_005,145015
gated_alive:a_005:146255,a_005,146255
gated_alive:a_005:146320,a_005,146320
gated_alive:a_005:146596,a_005,146596
gated_alive:a_005:147134,a_005,147134
gated_alive:a_005:147276,a_005,147276
gated_alive:a_005:148126,a_005,148126
gated_alive:a_005:148209,a_005,148209
gated_alive:a_005:148226,a_005,148226
gated_alive:a_005:149287,a_005,149287
gated_alive:a_005:149300,a_005,149300
gated_alive:a_005:149326,a_005,149326
gated_alive:a_005:150072,a_005,150072
gated_alive:a_005:150219,a_005,150219
gated_alive:a_005:151213,a_005,151213
gated_alive:a_005:151690,a_005,151690
gated_alive:a_005:151773,a_005,151773
gated_alive:a_005:152110,a_005,152110
gated_alive:a_005:152926,a_005,152926
gated_alive:a_005:153266,a_005,153266
gated_alive:a_005:153576,a_005,153576
gated_alive:a_005:153601,a_005,153601
gated_alive:a_005:153677,a_005,153677
gated_alive:a_005:154050,a_005,154050
gated_alive:a_005:154381,a_005,154381
gated_alive:a_005:154459,a_005,154459
gated_alive:a_005:154551,a_005,154551
gated_alive:a_005:154750,a_005,154750
gated_alive:a_005:154828,a_005,154828
gated_alive:a_005:154950,a_005,154950
gated_alive:a_005:155036,a_005,155036
gated_alive:a_006:228,a_006,228
gated_alive:a_006:433,a_006,433
gated_alive:a_006:580,a_006,580
gated_alive:a_006:581,a_006,581
gated_alive:a_006:737,a_006,737
gated_alive:a_006:870,a_006,870
gated_alive:a_006:1412,a_006,1412
gated_alive:a_006:1462,a_006,1462
gated_alive:a_006:1575,a_006,1575
gated_alive:a_006:1680,a_006,1680
gated_alive:a_006:2004,a_006,2004
gated_alive:a_006:2287,a_006,2287
gated_alive:a_006:2310,a_006,2310
gated_alive:a_006:2333,a_006,2333
gated_alive:a_006:2566,a_006,2566
gated_alive:a_006:2801,a_006,2801
gated_alive:a_006:3058,a_006,3058
gated_alive:a_006:3214,a_006,3214
gated_alive:a_006:3940,a_006,3940
gated_alive:a_006:4032,a_006,4032
gated_alive:a_006:4066,a_006,4066
gated_alive:a_006:4102,a_006,4102
gated_alive:a_006:4444,a_006,4444
gated_alive:a_006:4554,a_006,4554
gated_alive:a_006:4677,a_006,4677
gated_alive:a_006:5075,a_006,5075
gated_alive:a_006:5297,a_006,5297
gated_alive:a_006:5459,a_006,5459
gated_alive:a_006:5488,a_006,5488
gated_alive:a_006:5511,a_006,5511
gated_alive:a_006:5563,a_006,5563
gated_alive:a_006:5624,a_006,5624
gated_alive:a_006:5645,a_006,5645
gated_alive:a_006:5774,a_006,5774
gated_alive:a_006:5824,a_006,5824
gated_alive:a_006:5866,a_006,5866
gated_alive:a_006:6158,a_006,6158
gated_alive:a_006:6213,a_006,6213
gated_alive:a_006:7043,a_006,7043
gated_alive:a_006:7185,a_006,7185
gated_alive:a_006:7280,a_006,7280
gated_alive:a_006:7426,a_006,7426
gated_alive:a_006:7515,a_006,7515
gated_alive:a_006:7713,a_006,7713
gated_alive:a_006:7787,a_006,7787
gated_alive:a_006:8016,a_006,8016
gated_alive:a_006:8036,a_006,8036
gated_alive:a_006:8452,a_006,8452
gated_alive:a_006:8477,a_006,8477
gated_alive:a_006:8663,a_006,8663
gated_alive:a_006:8721,a_006,8721
gated_alive:a_006:9040,a_006,9040
gated_alive:a_006:9240,a_006,9240
gated_alive:a_006:9291,a_006,9291
gated_alive:a_006:9687,a_006,9687
gated_alive:a_006:9693,a_006,9693
gated_alive:a_006:9932,a_006,9932
gated_alive:a_006:10076,a_006,10076
gated_alive:a_006:10241,a_006,10241
gated_alive:a_006:10427,a_006,10427
gated_alive:a_006:10512,a_006,10512
gated_alive:a_006:10520,a_006,10520
gated_alive:a_006:10635,a_006,10635
gated_alive:a_006:10797,a_006,10797
gated_alive:a_006:11176,a_006,11176
gated_alive:a_006:11275,a_006,11275
gated_alive:a_006:11287,a_006,11287
gated_alive:a_006:11318,a_006,11318
gated_alive:a_006:11336,a_006,11336
gated_alive:a_006:11396,a_006,11396
gated_alive:a_006:11559,a_006,11559
gated_alive:a_006:11969,a_006,11969
gated_alive:a_006:12088,a_006,12088
gated_alive:a_006:12305,a_006,12305
gated_alive:a_006:12434,a_006,12434
gated_alive:a_006:12494,a_006,12494
gated_alive:a_006:12529,a_006,12529
gated_alive:a_006:12936,a_006,12936
gated_alive:a_006:13193,a_006,13193
gated_alive:a_006:13279,a_006,13279
gated_alive:a_006:13290,a_006,13290
gated_alive:a_006:13376,a_006,13376
gated_alive:a_006:13606,a_006,13606
gated_alive:a_006:13823,a_006,13823
gated_alive:a_006:13898,a_006,13898
gated_alive:a_006:14087,a_006,14087
gated_alive:a_006:14171,a_006,14171
gated_alive:a_006:14376,a_006,14376
gated_alive:a_006:14459,a_006,14459
gated_alive:a_006:15120,a_006,15120
gated_alive:a_006:15239,a_006,15239
gated_alive:a_006:15272,a_006,15272
gated_alive:a_006:15390,a_006,15390
gated_alive:a_006:15446,a_006,15446
gated_alive:a_006:15502,a_006,15502
gated_alive:a_006:15520,a_006,15520
gated_alive:a_006:15548,a_006,15548
gated_alive:a_006:15569,a_006,15569
gated_alive:a_006:15708,a_006,15708
gated_alive:a_006:15787,a_006,15787
gated_alive:a_006:15886,a_006,15886
gated_alive:a_006:16059,a_006,16059
gated_alive:a_006:16258,a_006,16258
gated_alive:a_006:16354,a_006,16354
gated_alive:a_006:16548,a_006,16548
gated_alive:a_006:16682,a_006,16682
gated_alive:a_006:16853,a_006,16853
gated_alive:a_006:17049,a_006,17049
gated_alive:a_006:17270,a_006,17270
gated_alive:a_006:17351,a_006,17351
gated_alive:a_006:17632,a_006,17632
gated_alive:a_006:17768,a_006,17768
gated_alive:a_006:17938,a_006,17938
gated_alive:a_006:17947,a_006,17947
gated_alive:a_006:18122,a_006,18122
gated_alive:a_006:18285,a_006,18285
gated_alive:a_006:18450,a_006,18450
gated_alive:a_006:18815,a_006,18815
gated_alive:a_006:18966,a_006,18966
gated_alive:a_006:19147,a_006,19147
gated_alive:a_006:19384,a_006,19384
gated_alive:a_006:19527,a_006,19527
gated_alive:a_006:20359,a_006,20359
gated_alive:a_006:20899,a_006,20899
gated_alive:a_006:21015,a_006,21015
gated_alive:a_006:21073,a_006,21073
gated_alive:a_006:21123,a_006,21123
gated_alive:a_006:21160,a_006,21160
gated_alive:a_006:21163,a_006,21163
gated_alive:a_006:21195,a_006,21195
gated_alive:a_006:21608,a_006,21608
gated_alive:a_006:21677,a_006,21677
gated_alive:a_006:21828,a_006,21828
gated_alive:a_006:22181,a_006,22181
gated_alive:a_006:22210,a_006,22210
gated_alive:a_006:22322,a_006,22322
gated_alive:a_006:22372,a_006,22372
gated_alive:a_006:22445,a_006,22445
gated_alive:a_006:22537,a_006,22537
gated_alive:a_006:22850,a_006,22850
gated_alive:a_006:22854,a_006,22854
gated_alive:a_006:22997,a_006,22997
gated_alive:a_006:23129,a_006,23129
gated_alive:a_006:23738,a_006,23738
gated_alive:a_006:24034,a_006,24034
gated_alive:a_006:24090,a_006,24090
gated_alive:a_006:24396,a_006,24396
gated_alive:a_006:24447,a_006,24447
gated_alive:a_006:24595,a_006,24595
gated_alive:a_006:24624,a_006,24624
gated_alive:a_006:24947,a_006,24947
gated_alive:a_006:25006,a_006,25006
gated_alive:a_006:25015,a_006,25015
gated_alive:a_006:25322,a_006,25322
gated_alive:a_006:25589,a_006,25589
gated_alive:a_006:25614,a_006,25614
gated_alive:a_006:25850,a_006,25850
gated_alive:a_006:26092,a_006,26092
gated_alive:a_006:26100,a_006,26100
gated_alive:a_006:26154,a_006,26154
gated_alive:a_006:26219,a_006,26219
gated_alive:a_006:26238,a_006,26238
gated_alive:a_006:26503,a_006,26503
gated_alive:a_006:26607,a_006,26607
gated_alive:a_006:26737,a_006,26737
gated_alive:a_006:27491,a_006,27491
gated_alive:a_006:27768,a_006,27768
gated_alive:a_006:27808,a_006,27808
gated_alive:a_006:27870,a_006,27870
gated_alive:a_006:28138,a_006,28138
gated_alive:a_006:28203,a_006,28203
gated_alive:a_006:28377,a_006,28377
gated_alive:a_006:28418,a_006,28418
gated_alive:a_006:28544,a_006,28544
gated_alive:a_006:28735,a_006,28735
gated_alive:a_006:29499,a_006,29499
gated_alive:a_006:29603,a_006,29603
gated_alive:a_006:29902,a_006,29902
gated_alive:a_006:29974,a_006,29974
gated_alive:a_006:30031,a_006,30031
gated_alive:a_006:30286,a_006,30286
gated_alive:a_006:30756,a_006,30756
gated_alive:a_006:31067,a_006,31067
gated_alive:a_006:31393,a_006,31393
gated_alive:a_006:31559,a_006,31559
gated_alive:a_006:31598,a_006,31598
gated_alive:a_006:31920,a_006,31920
gated_alive:a_006:32073,a_006,32073
gated_alive:a_006:32275,a_006,32275
gated_alive:a_006:32842,a_006,32842
gated_alive:a_006:33137,a_006,33137
gated_alive:a_006:33636,a_006,33636
gated_alive:a_006:33835,a_006,33835
gated_alive:a_006:33891,a_006,33891
gated_alive:a_006:34063,a_006,34063
gated_alive:a_006:34744,a_006,34744
gated_alive:a_006:35085,a_006,35085
gated_alive:a_006:35527,a_006,35527
gated_alive:a_006:35677,a_006,35677
gated_alive:a_006:36036,a_006,36036
gated_alive:a_006:36079,a_006,36079
gated_alive:a_006:36098,a_006,36098
gated_alive:a_006:36166,a_006,36166
gated_alive:a_006:36444,a_006,36444
gated_alive:a_006:36708,a_006,36708
gated_alive:a_006:36720,a_006,36720
gated_alive:a_006:37022,a_006,37022
gated_alive:a_006:37095,a_006,37095
gated_alive:a_006:37369,a_006,37369
gated_alive:a_006:37815,a_006,37815
gated_alive:a_006:37896,a_006,37896
gated_alive:a_006:37931,a_006,37931
gated_alive:a_006:38020,a_006,38020
gated_alive:a_006:38105,a_006,38105
gated_alive:a_006:38238,a_006,38238
gated_alive:a_006:38305,a_006,38305
gated_alive:a_006:38328,a_006,38328
gated_alive:a_006:38636,a_006,38636
gated_alive:a_006:38855,a_006,38855
gated_alive:a_006:38861,a_006,38861
gated_alive:a_006:39183,a_006,39183
gated_alive:a_006:39268,a_006,39268
gated_alive:a_006:39708,a_006,39708
gated_alive:a_006:39769,a_006,39769
gated_alive:a_006:39871,a_006,39871
gated_alive:a_006:39946,a_006,39946
gated_alive:a_006:40047,a_006,40047
gated_alive:a_006:40092,a_006,40092
gated_alive:a_006:40229,a_006,40229
gated_alive:a_006:40237,a_006,40237
gated_alive:a_006:40295,a_006,40295
gated_alive:a_006:40430,a_006,40430
gated_alive:a_006:40541,a_006,40541
gated_alive:a_006:40593,a_006,40593
gated_alive:a_006:40600,a_006,40600
gated_alive:a_006:41046,a_006,41046
gated_alive:a_006:41145,a_006,41145
gated_alive:a_006:41322,a_006,41322
gated_alive:a_006:41347,a_006,41347
gated_alive:a_006:41379,a_006,41379
gated_alive:a_006:41446,a_006,41446
gated_alive:a_006:41671,a_006,41671
gated_alive:a_006:41712,a_006,41712
gated_alive:a_006:41867,a_006,41867
gated_alive:a_006:41934,a_006,41934
gated_alive:a_006:42404,a_006,42404
gated_alive:a_006:42676,a_006,42676
gated_alive:a_006:42856,a_006,42856
gated_alive:a_006:43365,a_006,43365
gated_alive:a_006:43431,a_006,43431
gated_alive:a_006:43434,a_006,43434
gated_alive:a_006:43439,a_006,43439
gated_alive:a_006:43478,a_006,43478
gated_alive:a_006:43503,a_006,43503
gated_alive:a_006:43614,a_006,43614
gated_alive:a_006:43943,a_006,43943
gated_alive:a_006:44676,a_006,44676
gated_alive:a_006:45287,a_006,45287
gated_alive:a_006:45340,a_006,45340
gated_alive:a_006:45365,a_006,45365
gated_alive:a_006:45489,a_006,45489
gated_alive:a_006:45675,a_006,45675
gated_alive:a_006:45710,a_006,45710
gated_alive:a_006:45823,a_006,45823
gated_alive:a_006:45970,a_006,45970
gated_alive:a_006:45974,a_006,45974
gated_alive:a_006:45998,a_006,45998
gated_alive:a_006:46375,a_006,46375
gated_alive:a_006:46505,a_006,46505
gated_alive:a_006:46857,a_006,46857
gated_alive:a_006:46887,a_006,46887
gated_alive:a_006:46955,a_006,46955
gated_alive:a_006:47011,a_006,47011
gated_alive:a_006:47369,a_006,47369
gated_alive:a_006:47488,a_006,47488
gated_alive:a_006:47957,a_006,47957
gated_alive:a_006:48029,a_006,48029
gated_alive:a_006:48260,a_006,48260
gated_alive:a_006:48705,a_006,48705
gated_alive:a_006:48789,a_006,48789
gated_alive:a_006:48854,a_006,48854
gated_alive:a_006:49203,a_006,49203
gated_alive:a_006:49327,a_006,49327
gated_alive:a_006:49341,a_006,49341
gated_alive:a_006:49387,a_006,49387
gated_alive:a_006:49472,a_006,49472
gated_alive:a_006:49596,a_006,49596
gated_alive:a_006:49623,a_006,49623
gated_alive:a_006:49651,a_006,49651
gated_alive:a_006:50346,a_006,50346
gated_alive:a_006:50578,a_006,50578
gated_alive:a_006:50634,a_006,50634
gated_alive:a_006:50657,a_006,50657
gated_alive:a_006:50664,a_006,50664
gated_alive:a_006:51705,a_006,51705
gated_alive:a_006:51909,a_006,51909
gated_alive:a_006:52082,a_006,52082
gated_alive:a_006:52196,a_006,52196
gated_alive:a_006:52278,a_006,52278
gated_alive:a_006:52484,a_006,52484
gated_alive:a_006:52490,a_006,52490
gated_alive:a_006:52521,a_006,52521
gated_alive:a_006:52944,a_006,52944
gated_alive:a_006:53068,a_006,53068
gated_alive:a_006:53519,a_006,53519
gated_alive:a_006:54203,a_006,54203
gated_alive:a_006:54526,a_006,54526
gated_alive:a_006:54684,a_006,54684
gated_alive:a_006:54736,a_006,54736
gated_alive:a_006:54849,a_006,54849
gated_alive:a_006:54909,a_006,54909
gated_alive:a_006:55178,a_006,55178
gated_alive:a_006:55557,a_006,55557
gated_alive:a_006:55966,a_006,55966
gated_alive:a_006:56021,a_006,56021
gated_alive:a_006:56491,a_006,56491
gated_alive:a_006:56494,a_006,56494
gated_alive:a_006:56568,a_006,56568
gated_alive:a_006:57150,a_006,57150
gated_alive:a_006:57782,a_006,57782
gated_alive:a_006:57806,a_006,57806
gated_alive:a_006:57972,a_006,57972
gated_alive:a_006:58150,a_006,58150
gated_alive:a_006:58305,a_006,58305
gated_alive:a_006:58629,a_006,58629
gated_alive:a_006:58755,a_006,58755
gated_alive:a_006:58774,a_006,58774
gated_alive:a_006:58930,a_006,58930
gated_alive:a_006:58988,a_006,58988
gated_alive:a_006:59207,a_006,59207
gated_alive:a_006:59419,a_006,59419
gated_alive:a_006:59474,a_006,59474
gated_alive:a_006:59755,a_006,59755
gated_alive:a_006:59884,a_006,59884
gated_alive:a_006:59935,a_006,59935
gated_alive:a_006:59971,a_006,59971
gated_alive:a_006:60018,a_006,60018
gated_alive:a_006:60020,a_006,60020
gated_alive:a_006:60024,a_006,60024
gated_alive:a_006:60176,a_006,60176
gated_alive:a_006:60448,a_006,60448
gated_alive:a_006:60559,a_006,60559
gated_alive:a_006:60740,a_006,60740
gated_alive:a_006:60785,a_006,60785
gated_alive:a_006:61160,a_006,61160
gated_alive:a_006:61443,a_006,61443
gated_alive:a_006:61905,a_006,61905
gated_alive:a_006:62046,a_006,62046
gated_alive:a_006:62084,a_006,62084
gated_alive:a_006:62233,a_006,62233
gated_alive:a_006:62258,a_006,62258
gated_alive:a_006:62302,a_006,62302
gated_alive:a_006:62480,a_006,62480
gated_alive:a_006:62649,a_006,62649
gated_alive:a_006:62663,a_006,62663
gated_alive:a_006:62781,a_006,62781
gated_alive:a_006:62957,a_006,62957
gated_alive:a_006:63436,a_006,63436
gated_alive:a_006:63521,a_006,63521
gated_alive:a_006:63587,a_006,63587
gated_alive:a_006:63734,a_006,63734
gated_alive:a_006:64020,a_006,64020
gated_alive:a_006:64126,a_006,64126
gated_alive:a_006:64299,a_006,64299
gated_alive:a_006:64582,a_006,64582
gated_alive:a_006:64596,a_006,64596
gated_alive:a_006:64934,a_006,64934
gated_alive:a_006:64948,a_006,64948
gated_alive:a_006:64958,a_006,64958
gated_alive:a_006:65447,a_006,65447
gated_alive:a_006:65513,a_006,65513
gated_alive:a_006:65527,a_006,65527
gated_alive:a_006:65989,a_006,65989
gated_alive:a_006:66442,a_006,66442
gated_alive:a_006:66448,a_006,66448
gated_alive:a_006:66768,a_006,66768
gated_alive:a_006:66788,a_006,66788
gated_alive:a_006:67203,a_006,67203
gated_alive:a_006:67239,a_006,67239
gated_alive:a_006:67512,a_006,67512
gated_alive:a_006:67689,a_006,67689
gated_alive:a_006:67691,a_006,67691
gated_alive:a_006:67719,a_006,67719
gated_alive:a_006:68068,a_006,68068
gated_alive:a_006:68474,a_006,68474
gated_alive:a_006:68634,a_006,68634
gated_alive:a_006:68718,a_006,68718
gated_alive:a_006:68927,a_006,68927
gated_alive:a_006:69129,a_006,69129
gated_alive:a_006:69131,a_006,69131
gated_alive:a_006:69642,a_006,69642
gated_alive:a_006:69767,a_006,69767
gated_alive:a_006:69836,a_006,69836
gated_alive:a_006:70093,a_006,70093
gated_alive:a_006:70098,a_006,70098
gated_alive:a_006:70301,a_006,70301
gated_alive:a_006:70689,a_006,70689
gated_alive:a_006:70734,a_006,70734
gated_alive:a_006:70890,a_006,70890
gated_alive:a_006:71050,a_006,71050
gated_alive:a_006:71355,a_006,71355
gated_alive:a_006:71504,a_006,71504
gated_alive:a_006:71531,a_006,71531
gated_alive:a_006:71989,a_006,71989
gated_alive:a_006:72458,a_006,72458
gated_alive:a_006:72593,a_006,72593
gated_alive:a_006:72621,a_006,72621
gated_alive:a_006:72844,a_006,72844
gated_alive:a_006:73529,a_006,73529
gated_alive:a_006:73630,a_006,73630
gated_alive:a_006:73708,a_006,73708
gated_alive:a_006:73869,a_006,73869
gated_alive:a_006:74031,a_006,74031
gated_alive:a_006:74145,a_006,74145
gated_alive:a_006:74277,a_006,74277
gated_alive:a_006:74781,a_006,74781
gated_alive:a_006:75033,a_006,75033
gated_alive:a_006:75261,a_006,75261
gated_alive:a_006:75393,a_006,75393
gated_alive:a_006:75598,a_006,75598
gated_alive:a_006:75868,a_006,75868
gated_alive:a_006:76059,a_006,76059
gated_alive:a_006:76307,a_006,76307
gated_alive:a_006:76555,a_006,76555
gated_alive:a_006:76789,a_006,76789
gated_alive:a_006:76847,a_006,76847
gated_alive:a_006:76924,a_006,76924
gated_alive:a_006:77313,a_006,77313
gated_alive:a_006:77315,a_006,77315
gated_alive:a_006:77318,a_006,77318
gated_alive:a_006:77539,a_006,77539
gated_alive:a_006:77580,a_006,77580
gated_alive:a_006:77841,a_006,77841
gated_alive:a_006:78186,a_006,78186
gated_alive:a_006:78262,a_006,78262
gated_alive:a_006:78390,a_006,78390
gated_alive:a_006:78548,a_006,78548
gated_alive:a_006:78726,a_006,78726
gated_alive:a_006:78752,a_006,78752
gated_alive:a_006:78864,a_006,78864
gated_alive:a_006:79050,a_006,79050
gated_alive:a_006:79461,a_006,79461
gated_alive:a_006:79559,a_006,79559
gated_alive:a_006:80077,a_006,80077
gated_alive:a_006:80135,a_006,80135
gated_alive:a_006:80295,a_006,80295
gated_alive:a_006:80690,a_006,80690
gated_alive:a_006:80759,a_006,80759
gated_alive:a_006:80846,a_006,80846
gated_alive:a_006:80890,a_006,80890
gated_alive:a_006:81165,a_006,81165
gated_alive:a_006:81584,a_006,81584
gated_alive:a_006:81637,a_006,81637
gated_alive:a_006:81649,a_006,81649
gated_alive:a_006:81788,a_006,81788
gated_alive:a_006:81808,a_006,81808
gated_alive:a_006:81958,a_006,81958
gated_alive:a_006:82246,a_006,82246
gated_alive:a_006:82778,a_006,82778
gated_alive:a_006:82846,a_006,82846
gated_alive:a_006:83189,a_006,83189
gated_alive:a_006:83528,a_006,83528
gated_alive:a_006:83547,a_006,83547
gated_alive:a_006:84077,a_006,84077
gated_alive:a_006:84096,a_006,84096
gated_alive:a_006:84161,a_006,84161
gated_alive:a_006:84359,a_006,84359
gated_alive:a_006:84457,a_006,84457
gated_alive:a_006:84710,a_006,84710
gated_alive:a_006:84724,a_006,84724
gated_alive:a_006:84800,a_006,84800
gated_alive:a_006:84852,a_006,84852
gated_alive:a_006:84876,a_006,84876
gated_alive:a_006:85069,a_006,85069
gated_alive:a_006:85166,a_006,85166
gated_alive:a_006:85337,a_006,85337
gated_alive:a_006:85526,a_006,85526
gated_alive:a_006:85602,a_006,85602
gated_alive:a_006:85603,a_006,85603
gated_alive:a_006:85769,a_006,85769
gated_alive:a_006:85897,a_006,85897
gated_alive:a_006:85967,a_006,85967
gated_alive:a_006:86308,a_006,86308
gated_alive:a_006:86523,a_006,86523
gated_alive:a_006:86615,a_006,86615
gated_alive:a_006:86645,a_006,86645
gated_alive:a_006:86750,a_006,86750
gated_alive:a_006:87021,a_006,87021
gated_alive:a_006:87188,a_006,87188
gated_alive:a_006:87201,a_006,87201
gated_alive:a_006:87869,a_006,87869
gated_alive:a_006:88399,a_006,88399
gated_alive:a_006:88479,a_006,88479
gated_alive:a_006:88494,a_006,88494
gated_alive:a_006:88960,a_006,88960
gated_alive:a_006:89155,a_006,89155
gated_alive:a_006:89173,a_006,89173
gated_alive:a_006:89580,a_006,89580
gated_alive:a_006:89855,a_006,89855
gated_alive:a_006:89952,a_006,89952
gated_alive:a_007:30,a_007,30
gated_alive:a_007:64,a_007,64
gated_alive:a_007:139,a_007,139
gated_alive:a_007:233,a_007,233
gated_alive:a_007:448,a_007,448
gated_alive:a_007:1238,a_007,1238
gated_alive:a_007:1265,a_007,1265
gated_alive:a_007:1704,a_007,1704
gated_alive:a_007:1794,a_007,1794
gated_alive:a_007:1850,a_007,1850
gated_alive:a_007:2172,a_007,2172
gated_alive:a_007:2591,a_007,2591
gated_alive:a_007:2597,a_007,2597
gated_alive:a_007:2620,a_007,2620
gated_alive:a_007:2684,a_007,2684
gated_alive:a_007:2794,a_007,2794
gated_alive:a_007:2803,a_007,2803
gated_alive:a_007:2886,a_007,2886
gated_alive:a_007:2985,a_007,2985
gated_alive:a_007:3061,a_007,3061
gated_alive:a_007:3232,a_007,3232
gated_alive:a_007:3597,a_007,3597
gated_alive:a_007:3992,a_007,3992
gated_alive:a_007:4029,a_007,4029
gated_alive:a_007:4234,a_007,4234
gated_alive:a_007:4256,a_007,4256
gated_alive:a_007:4259,a_007,4259
gated_alive:a_007:4824,a_007,4824
gated_alive:a_007:5065,a_007,5065
gated_alive:a_007:5683,a_007,5683
gated_alive:a_007:5781,a_007,5781
gated_alive:a_007:6072,a_007,6072
gated_alive:a_007:6203,a_007,6203
gated_alive:a_007:6266,a_007,6266
gated_alive:a_007:6273,a_007,6273
gated_alive:a_007:6675,a_007,6675
gated_alive:a_007:6683,a_007,6683
gated_alive:a_007:6723,a_007,6723
gated_alive:a_007:7082,a_007,7082
gated_alive:a_007:7160,a_007,7160
gated_alive:a_007:7491,a_007,7491
gated_alive:a_007:7504,a_007,7504
gated_alive:a_007:7540,a_007,7540
gated_alive:a_007:7718,a_007,7718
gated_alive:a_007:7897,a_007,7897
gated_alive:a_007:7958,a_007,7958
gated_alive:a_007:8465,a_007,8465
gated_alive:a_007:8921,a_007,8921
gated_alive:a_007:9145,a_007,9145
gated_alive:a_007:9161,a_007,9161
gated_alive:a_007:9495,a_007,9495
gated_alive:a_007:9537,a_007,9537
gated_alive:a_007:9573,a_007,9573
gated_alive:a_007:9635,a_007,9635
gated_alive:a_007:9690,a_007,9690
gated_alive:a_007:10362,a_007,10362
gated_alive:a_007:10505,a_007,10505
gated_alive:a_007:10948,a_007,10948
gated_alive:a_007:10962,a_007,10962
gated_alive:a_007:11413,a_007,11413
gated_alive:a_007:11792,a_007,11792
gated_alive:a_007:12001,a_007,12001
gated_alive:a_007:12292,a_007,12292
gated_alive:a_007:12398,a_007,12398
gated_alive:a_007:12418,a_007,12418
gated_alive:a_007:12520,a_007,12520
gated_alive:a_007:12544,a_007,12544
gated_alive:a_007:12568,a_007,12568
gated_alive:a_007:12605,a_007,12605
gated_alive:a_007:13160,a_007,13160
gated_alive:a_007:13165,a_007,13165
gated_alive:a_007:13369,a_007,13369
gated_alive:a_007:13440,a_007,13440
gated_alive:a_007:13509,a_007,13509
gated_alive:a_007:13534,a_007,13534
gated_alive:a_007:13560,a_007,13560
gated_alive:a_007:13661,a_007,13661
gated_alive:a_007:14250,a_007,14250
gated_alive:a_007:14742,a_007,14742
gated_alive:a_007:15083,a_007,15083
gated_alive:a_007:15360,a_007,15360
gated_alive:a_007:15490,a_007,15490
gated_alive:a_007:15599,a_007,15599
gated_alive:a_007:15767,a_007,15767
gated_alive:a_007:15796,a_007,15796
gated_alive:a_007:15997,a_007,15997
gated_alive:a_007:16109,a_007,16109
gated_alive:a_007:16885,a_007,16885
gated_alive:a_007:17526,a_007,17526
gated_alive:a_007:17752,a_007,17752
gated_alive:a_007:17759,a_007,17759
gated_alive:a_007:17879,a_007,17879
gated_alive:a_007:17888,a_007,17888
gated_alive:a_007:17990,a_007,17990
gated_alive:a_007:18743,a_007,18743
gated_alive:a_007:19309,a_007,19309
gated_alive:a_007:19455,a_007,19455
gated_alive:a_007:19520,a_007,19520
gated_alive:a_007:20138,a_007,20138
gated_alive:a_007:20290,a_007,20290
gated_alive:a_007:20641,a_007,20641
gated_alive:a_007:20828,a_007,20828
gated_alive:a_007:21400,a_007,21400
gated_alive:a_007:21508,a_007,21508
gated_alive:a_007:21593,a_007,21593
gated_alive:a_007:21615,a_007,21615
gated_alive:a_007:21798,a_007,21798
gated_alive:a_007:21800,a_007,21800
gated_alive:a_007:21964,a_007,21964
gated_alive:a_007:22270,a_007,22270
gated_alive:a_007:22288,a_007,22288
gated_alive:a_007:22817,a_007,22817
gated_alive:a_007:23119,a_007,23119
gated_alive:a_007:23176,a_007,23176
gated_alive:a_007:23362,a_007,23362
gated_alive:a_007:23380,a_007,23380
gated_alive:a_007:23660,a_007,23660
gated_alive:a_007:23671,a_007,23671
gated_alive:a_007:23839,a_007,23839
gated_alive:a_007:23938,a_007,23938
gated_alive:a_007:24600,a_007,24600
gated_alive:a_007:24840,a_007,24840
gated_alive:a_007:24869,a_007,24869
gated_alive:a_007:25534,a_007,25534
gated_alive:a_007:25663,a_007,25663
gated_alive:a_007:25709,a_007,25709
gated_alive:a_007:25759,a_007,25759
gated_alive:a_007:26014,a_007,26014
gated_alive:a_007:26182,a_007,26182
gated_alive:a_007:26700,a_007,26700
gated_alive:a_007:26738,a_007,26738
gated_alive:a_007:26859,a_007,26859
gated_alive:a_007:27193,a_007,27193
gated_alive:a_007:27280,a_007,27280
gated_alive:a_007:27407,a_007,27407
gated_alive:a_007:27549,a_007,27549
gated_alive:a_007:28217,a_007,28217
gated_alive:a_007:28923,a_007,28923
gated_alive:a_007:28927,a_007,28927
gated_alive:a_007:29461,a_007,29461
gated_alive:a_007:29682,a_007,29682
gated_alive:a_007:30026,a_007,30026
gated_alive:a_007:30038,a_007,30038
gated_alive:a_007:30400,a_007,30400
gated_alive:a_007:30717,a_007,30717
gated_alive:a_007:30899,a_007,30899
gated_alive:a_007:31724,a_007,31724
gated_alive:a_007:31738,a_007,31738
gated_alive:a_007:31816,a_007,31816
gated_alive:a_007:31840,a_007,31840
gated_alive:a_007:31879,a_007,31879
gated_alive:a_007:31952,a_007,31952
gated_alive:a_007:32406,a_007,32406
gated_alive:a_007:32600,a_007,32600
gated_alive:a_007:33182,a_007,33182
gated_alive:a_007:33222,a_007,33222
gated_alive:a_007:33289,a_007,33289
gated_alive:a_007:33482,a_007,33482
gated_alive:a_007:33695,a_007,33695
gated_alive:a_007:33934,a_007,33934
gated_alive:a_007:33938,a_007,33938
gated_alive:a_007:34054,a_007,34054
gated_alive:a_007:34216,a_007,34216
gated_alive:a_007:34269,a_007,34269
gated_alive:a_007:34581,a_007,34581
gated_alive:a_007:34761,a_007,34761
gated_alive:a_007:34899,a_007,34899
gated_alive:a_007:35096,a_007,35096
gated_alive:a_007:35403,a_007,35403
gated_alive:a_007:35449,a_007,35449
gated_alive:a_007:35487,a_007,35487
gated_alive:a_007:35641,a_007,35641
gated_alive:a_007:36201,a_007,36201
gated_alive:a_007:36399,a_007,36399
gated_alive:a_007:36417,a_007,36417
gated_alive:a_007:36671,a_007,36671
gated_alive:a_007:36675,a_007,36675
gated_alive:a_007:38141,a_007,38141
gated_alive:a_007:38245,a_007,38245
gated_alive:a_007:38256,a_007,38256
gated_alive:a_007:38318,a_007,38318
gated_alive:a_007:38620,a_007,38620
gated_alive:a_007:38773,a_007,38773
gated_alive:a_007:38892,a_007,38892
gated_alive:a_007:38976,a_007,38976
gated_alive:a_007:39296,a_007,39296
gated_alive:a_007:39310,a_007,39310
gated_alive:a_007:39401,a_007,39401
gated_alive:a_007:39752,a_007,39752
gated_alive:a_007:39947,a_007,39947
gated_alive:a_007:39948,a_007,39948
gated_alive:a_007:40310,a_007,40310
gated_alive:a_007:40312,a_007,40312
gated_alive:a_007:40439,a_007,40439
gated_alive:a_007:41407,a_007,41407
gated_alive:a_007:41814,a_007,41814
gated_alive:a_007:41886,a_007,41886
gated_alive:a_007:42840,a_007,42840
gated_alive:a_007:43020,a_007,43020
gated_alive:a_007:43487,a_007,43487
gated_alive:a_007:43731,a_007,43731
gated_alive:a_007:43763,a_007,43763
gated_alive:a_007:44037,a_007,44037
gated_alive:a_007:44082,a_007,44082
gated_alive:a_007:44228,a_007,44228
gated_alive:a_007:44555,a_007,44555
gated_alive:a_007:44633,a_007,44633
gated_alive:a_007:44973,a_007,44973
gated_alive:a_007:44982,a_007,44982
gated_alive:a_007:45611,a_007,45611
gated_alive:a_007:46121,a_007,46121
gated_alive:a_007:46369,a_007,46369
gated_alive:a_007:46667,a_007,46667
gated_alive:a_007:46911,a_007,46911
gated_alive:a_007:47498,a_007,47498
gated_alive:a_007:47508,a_007,47508
gated_alive:a_007:47666,a_007,47666
gated_alive:a_007:47682,a_007,47682
gated_alive:a_007:47834,a_007,47834
gated_alive:a_007:47849,a_007,47849
gated_alive:a_007:48269,a_007,48269
gated_alive:a_007:48411,a_007,48411
gated_alive:a_007:48440,a_007,48440
gated_alive:a_007:48502,a_007,48502
gated_alive:a_007:48533,a_007,48533
gated_alive:a_007:48635,a_007,48635
gated_alive:a_007:48732,a_007,48732
gated_alive:a_007:49323,a_007,49323
gated_alive:a_007:49453,a_007,49453
gated_alive:a_007:49472,a_007,49472
gated_alive:a_007:49591,a_007,49591
gated_alive:a_007:49901,a_007,49901
gated_alive:a_007:50023,a_007,50023
gated_alive:a_007:50237,a_007,50237
gated_alive:a_007:50405,a_007,50405
gated_alive:a_007:50505,a_007,50505
gated_alive:a_007:50558,a_007,50558
gated_alive:a_007:50578,a_007,50578
gated_alive:a_007:50586,a_007,50586
gated_alive:a_007:50768,a_007,50768
gated_alive:a_007:50808,a_007,50808
gated_alive:a_007:50996,a_007,50996
gated_alive:a_007:51004,a_007,51004
gated_alive:a_007:51239,a_007,51239
gated_alive:a_007:51744,a_007,51744
gated_alive:a_007:51872,a_007,51872
gated_alive:a_007:52016,a_007,52016
gated_alive:a_007:52098,a_007,52098
gated_alive:a_007:52132,a_007,52132
gated_alive:a_007:52146,a_007,52146
gated_alive:a_007:52187,a_007,52187
gated_alive:a_007:52264,a_007,52264
gated_alive:a_007:52523,a_007,52523
gated_alive:a_007:52688,a_007,52688
gated_alive:a_007:52829,a_007,52829
gated_alive:a_007:53101,a_007,53101
gated_alive:a_007:53595,a_007,53595
gated_alive:a_007:54001,a_007,54001
gated_alive:a_007:54572,a_007,54572
gated_alive:a_007:54806,a_007,54806
gated_alive:a_007:55078,a_007,55078
gated_alive:a_007:55214,a_007,55214
gated_alive:a_007:55418,a_007,55418
gated_alive:a_007:55704,a_007,55704
gated_alive:a_007:55781,a_007,55781
gated_alive:a_007:55902,a_007,55902
gated_alive:a_007:55951,a_007,55951
gated_alive:a_007:56139,a_007,56139
gated_alive:a_007:56171,a_007,56171
gated_alive:a_007:56427,a_007,56427
gated_alive:a_007:56468,a_007,56468
gated_alive:a_007:56869,a_007,56869
gated_alive:a_007:57101,a_007,57101
gated_alive:a_007:57162,a_007,57162
gated_alive:a_007:57232,a_007,57232
gated_alive:a_007:57463,a_007,57463
gated_alive:a_007:57478,a_007,57478
gated_alive:a_007:57489,a_007,57489
gated_alive:a_007:57490,a_007,57490
gated_alive:a_007:57625,a_007,57625
gated_alive:a_007:57699,a_007,57699
gated_alive:a_007:58862,a_007,58862
gated_alive:a_007:59426,a_007,59426
gated_alive:a_007:59740,a_007,59740
gated_alive:a_007:60335,a_007,60335
gated_alive:a_007:60424,a_007,60424
gated_alive:a_007:60611,a_007,60611
gated_alive:a_007:60616,a_007,60616
gated_alive:a_007:60820,a_007,60820
gated_alive:a_007:60983,a_007,60983
gated_alive:a_007:61028,a_007,61028
gated_alive:a_007:61531,a_007,61531
gated_alive:a_007:61536,a_007,61536
gated_alive:a_007:62144,a_007,62144
gated_alive:a_007:62154,a_007,62154
gated_alive:a_007:62329,a_007,62329
gated_alive:a_007:62416,a_007,62416
gated_alive:a_007:62900,a_007,62900
gated_alive:a_007:63043,a_007,63043
gated_alive:a_007:63078,a_007,63078
gated_alive:a_007:63154,a_007,63154
gated_alive:a_007:63159,a_007,63159
gated_alive:a_007:63293,a_007,63293
gated_alive:a_007:63322,a_007,63322
gated_alive:a_007:63699,a_007,63699
gated_alive:a_007:64236,a_007,64236
gated_alive:a_007:64583,a_007,64583
gated_alive:a_007:64794,a_007,64794
gated_alive:a_007:64963,a_007,64963
gated_alive:a_007:65179,a_007,65179
gated_alive:a_007:65696,a_007,65696
gated_alive:a_007:65910,a_007,65910
gated_alive:a_007:66146,a_007,66146
gated_alive:a_007:66186,a_007,66186
gated_alive:a_007:66426,a_007,66426
gated_alive:a_007:66492,a_007,66492
gated_alive:a_007:66848,a_007,66848
gated_alive:a_007:67216,a_007,67216
gated_alive:a_007:67461,a_007,67461
gated_alive:a_007:67766,a_007,67766
gated_alive:a_007:68065,a_007,68065
gated_alive:a_007:68390,a_007,68390
gated_alive:a_007:68439,a_007,68439
gated_alive:a_007:68457,a_007,68457
gated_alive:a_007:68522,a_007,68522
gated_alive:a_007:68529,a_007,68529
gated_alive:a_007:68543,a_007,68543
gated_alive:a_007:68955,a_007,68955
gated_alive:a_007:69137,a_007,69137
gated_alive:a_007:69220,a_007,69220
gated_alive:a_007:69269,a_007,69269
gated_alive:a_007:69292,a_007,69292
gated_alive:a_007:69377,a_007,69377
gated_alive:a_007:69467,a_007,69467
gated_alive:a_007:69809,a_007,69809
gated_alive:a_007:69810,a_007,69810
gated_alive:a_007:69904,a_007,69904
gated_alive:a_007:69908,a_007,69908
gated_alive:a_007:70299,a_007,70299
gated_alive:a_007:70581,a_007,70581
gated_alive:a_007:70666,a_007,70666
gated_alive:a_007:70771,a_007,70771
gated_alive:a_007:71437,a_007,71437
gated_alive:a_007:71497,a_007,71497
gated_alive:a_007:71593,a_007,71593
gated_alive:a_007:71648,a_007,71648
gated_alive:a_007:71720,a_007,71720
gated_alive:a_007:71795,a_007,71795
gated_alive:a_007:71827,a_007,71827
gated_alive:a_007:71845,a_007,71845
gated_alive:a_007:72034,a_007,72034
gated_alive:a_007:72083,a_007,72083
gated_alive:a_007:72444,a_007,72444
gated_alive:a_007:72671,a_007,72671
gated_alive:a_007:73060,a_007,73060
gated_alive:a_007:73106,a_007,73106
gated_alive:a_007:73539,a_007,73539
gated_alive:a_007:73544,a_007,73544
gated_alive:a_007:73569,a_007,73569
gated_alive:a_007:73635,a_007,73635
gated_alive:a_007:73691,a_007,73691
gated_alive:a_007:73745,a_007,73745
gated_alive:a_007:73805,a_007,73805
gated_alive:a_007:74080,a_007,74080
gated_alive:a_007:74548,a_007,74548
gated_alive:a_007:74957,a_007,74957
gated_alive:a_007:75886,a_007,75886
gated_alive:a_007:76064,a_007,76064
gated_alive:a_007:76299,a_007,76299
gated_alive:a_007:76306,a_007,76306
gated_alive:a_007:76495,a_007,76495
gated_alive:a_007:76551,a_007,76551
gated_alive:a_007:77036,a_007,77036
gated_alive:a_007:77159,a_007,77159
gated_alive:a_007:77160,a_007,77160
gated_alive:a_007:77211,a_007,77211
gated_alive:a_007:77367,a_007,77367
gated_alive:a_007:78168,a_007,78168
gated_alive:a_007:78572,a_007,78572
gated_alive:a_007:78804,a_007,78804
gated_alive:a_007:78822,a_007,78822
gated_alive:a_007:79141,a_007,79141
gated_alive:a_007:79215,a_007,79215
gated_alive:a_007:79325,a_007,79325
gated_alive:a_007:79516,a_007,79516
gated_alive:a_007:79583,a_007,79583
gated_alive:a_007:79593,a_007,79593
gated_alive:a_007:79749,a_007,79749
gated_alive:a_007:80198,a_007,80198
gated_alive:a_007:80508,a_007,80508
gated_alive:a_007:80830,a_007,80830
gated_alive:a_007:81406,a_007,81406
gated_alive:a_007:81476,a_007,81476
gated_alive:a_007:81625,a_007,81625
gated_alive:a_007:81853,a_007,81853
gated_alive:a_007:81865,a_007,81865
gated_alive:a_007:82072,a_007,82072
gated_alive:a_007:82090,a_007,82090
gated_alive:a_007:82326,a_007,82326
gated_alive:a_007:82539,a_007,82539
gated_alive:a_007:82587,a_007,82587
gated_alive:a_007:83104,a_007,83104
gated_alive:a_007:83380,a_007,83380
gated_alive:a_007:83559,a_007,83559
gated_alive:a_007:83561,a_007,83561
gated_alive:a_007:83810,a_007,83810
gated_alive:a_007:84146,a_007,84146
gated_alive:a_007:84306,a_007,84306
gated_alive:a_007:84420,a_007,84420
gated_alive:a_007:84458,a_007,84458
gated_alive:a_007:84688,a_007,84688
gated_alive:a_007:85149,a_007,85149
gated_alive:a_007:85248,a_007,85248
gated_alive:a_007:85433,a_007,85433
gated_alive:a_007:85651,a_007,85651
gated_alive:a_007:86061,a_007,86061
gated_alive:a_007:86171,a_007,86171
gated_alive:a_007:86233,a_007,86233
gated_alive:a_007:86354,a_007,86354
gated_alive:a_007:86535,a_007,86535
gated_alive:a_007:86627,a_007,86627
gated_alive:a_007:87262,a_007,87262
gated_alive:a_007:87612,a_007,87612
gated_alive:a_007:87654,a_007,87654
gated_alive:a_007:88109,a_007,88109
gated_alive:a_007:88176,a_007,88176
gated_alive:a_007:88354,a_007,88354
gated_alive:a_007:88534,a_007,88534
gated_alive:a_007:89311,a_007,89311
gated_alive:a_007:89489,a_007,89489
gated_alive:a_007:89571,a_007,89571
gated_alive:a_007:89772,a_007,89772
gated_alive:a_007:90037,a_007,90037
gated_alive:a_007:90110,a_007,90110
gated_alive:a_007:90549,a_007,90549
gated_alive:a_007:90695,a_007,90695
gated_alive:a_007:90832,a_007,90832
gated_alive:a_007:90875,a_007,90875
gated_alive:a_007:91060,a_007,91060
gated_alive:a_007:91302,a_007,91302
gated_alive:a_007:91604,a_007,91604
gated_alive:a_007:91685,a_007,91685
gated_alive:a_007:91714,a_007,91714
gated_alive:a_007:91755,a_007,91755
gated_alive:a_007:92295,a_007,92295
gated_alive:a_007:92390,a_007,92390
gated_alive:a_007:92481,a_007,92481
gated_alive:a_007:92706,a_007,92706
gated_alive:a_007:93118,a_007,93118
gated_alive:a_007:93230,a_007,93230
gated_alive:a_007:93335,a_007,93335
gated_alive:a_007:93885,a_007,93885
gated_alive:a_007:93886,a_007,93886
gated_alive:a_007:94111,a_007,94111
gated_alive:a_007:94146,a_007,94146
gated_alive:a_007:94147,a_007,94147
gated_alive:a_007:94239,a_007,94239
gated_alive:a_007:94464,a_007,94464
gated_alive:a_007:94608,a_007,94608
gated_alive:a_007:95218,a_007,95218
gated_alive:a_007:95702,a_007,95702
gated_alive:a_007:95733,a_007,95733
gated_alive:a_007:96077,a_007,96077
gated_alive:a_007:96238,a_007,96238
gated_alive:a_007:96563,a_007,96563
gated_alive:a_007:96657,a_007,96657
gated_alive:a_007:97388,a_007,97388
gated_alive:a_007:97473,a_007,97473
gated_alive:a_007:97611,a_007,97611
gated_alive:a_007:97619,a_007,97619
gated_alive:a_007:97753,a_007,97753
gated_alive:a_007:98234,a_007,98234
gated_alive:a_007:98599,a_007,98599
gated_alive:a_007:98722,a_007,98722
gated_alive:a_007:98725,a_007,98725
gated_alive:a_007:98993,a_007,98993
gated_alive:a_007:99104,a_007,99104
gated_alive:a_007:99144,a_007,99144
gated_alive:a_007:99328,a_007,99328
gated_alive:a_007:99334,a_007,99334
gated_alive:a_007:99369,a_007,99369
gated_alive:a_007:99561,a_007,99561
gated_alive:a_007:99966,a_007,99966
gated_alive:a_007:100323,a_007,100323
gated_alive:a_007:101498,a_007,101498
gated_alive:a_007:101523,a_007,101523
gated_alive:a_007:101548,a_007,101548
gated_alive:a_007:101642,a_007,101642
gated_alive:a_007:102019,a_007,102019
gated_alive:a_007:102606,a_007,102606
gated_alive:a_007:102722,a_007,102722
gated_alive:a_007:103002,a_007,103002
gated_alive:a_007:103226,a_007,103226
gated_alive:a_007:103486,a_007,103486
gated_alive:a_007:103667,a_007,103667
gated_alive:a_007:103693,a_007,103693
gated_alive:a_007:103760,a_007,103760
gated_alive:a_007:103955,a_007,103955
gated_alive:a_007:104345,a_007,104345
gated_alive:a_007:104616,a_007,104616
gated_alive:a_009:1072,a_009,1072
gated_alive:a_009:1077,a_009,1077
gated_alive:a_009:1906,a_009,1906
gated_alive:a_009:2036,a_009,2036
gated_alive:a_009:2567,a_009,2567
gated_alive:a_009:2711,a_009,2711
gated_alive:a_009:2936,a_009,2936
gated_alive:a_009:3214,a_009,3214
gated_alive:a_009:3289,a_009,3289
gated_alive:a_009:3341,a_009,3341
gated_alive:a_009:3490,a_009,3490
gated_alive:a_009:3535,a_009,3535
gated_alive:a_009:3771,a_009,3771
gated_alive:a_009:4054,a_009,4054
gated_alive:a_009:4351,a_009,4351
gated_alive:a_009:4905,a_009,4905
gated_alive:a_009:5174,a_009,5174
gated_alive:a_009:5907,a_009,5907
gated_alive:a_009:5977,a_009,5977
gated_alive:a_009:6189,a_009,6189
gated_alive:a_009:6487,a_009,6487
gated_alive:a_009:7066,a_009,7066
gated_alive:a_009:7399,a_009,7399
gated_alive:a_009:7895,a_009,7895
gated_alive:a_009:7946,a_009,7946
gated_alive:a_009:8143,a_009,8143
gated_alive:a_009:8297,a_009,8297
gated_alive:a_009:8583,a_009,8583
gated_alive:a_009:8826,a_009,8826
gated_alive:a_009:9185,a_009,9185
gated_alive:a_009:9503,a_009,9503
gated_alive:a_009:9774,a_009,9774
gated_alive:a_009:10039,a_009,10039
gated_alive:a_009:10602,a_009,10602
gated_alive:a_009:11395,a_009,11395
gated_alive:a_009:11792,a_009,11792
gated_alive:a_009:11912,a_009,11912
gated_alive:a_009:12661,a_009,12661
gated_alive:a_009:12765,a_009,12765
gated_alive:a_009:13279,a_009,13279
gated_alive:a_009:13557,a_009,13557
gated_alive:a_009:14982,a_009,14982
gated_alive:a_009:16415,a_009,16415
gated_alive:a_009:16766,a_009,16766
gated_alive:a_009:16967,a_009,16967
gated_alive:a_009:18078,a_009,18078
gated_alive:a_009:18342,a_009,18342
gated_alive:a_009:18410,a_009,18410
gated_alive:a_009:18969,a_009,18969
gated_alive:a_009:20533,a_009,20533
gated_alive:a_009:20632,a_009,20632
gated_alive:a_009:21811,a_009,21811
gated_alive:a_009:22260,a_009,22260
gated_alive:a_009:22509,a_009,22509
gated_alive:a_009:22558,a_009,22558
gated_alive:a_009:23585,a_009,23585
gated_alive:a_009:23758,a_009,23758
gated_alive:a_009:23787,a_009,23787
gated_alive:a_009:24136,a_009,24136
gated_alive:a_009:24687,a_009,24687
gated_alive:a_009:25287,a_009,25287
gated_alive:a_009:25423,a_009,25423
gated_alive:a_009:25868,a_009,25868
gated_alive:a_009:26782,a_009,26782
gated_alive:a_009:26941,a_009,26941
gated_alive:a_009:27137,a_009,27137
gated_alive:a_009:27797,a_009,27797
gated_alive:a_009:27841,a_009,27841
gated_alive:a_009:28480,a_009,28480
gated_alive:a_009:28714,a_009,28714
gated_alive:a_009:28992,a_009,28992
gated_alive:a_009:29239,a_009,29239
gated_alive:a_009:30516,a_009,30516
gated_alive:a_009:31318,a_009,31318
gated_alive:a_009:31331,a_009,31331
gated_alive:a_009:31410,a_009,31410
gated_alive:a_009:31753,a_009,31753
gated_alive:a_009:31799,a_009,31799
gated_alive:a_009:32341,a_009,32341
gated_alive:a_009:32873,a_009,32873
gated_alive:a_009:34119,a_009,34119
gated_alive:a_009:34517,a_009,34517
gated_alive:a_009:35043,a_009,35043
gated_alive:a_009:35401,a_009,35401
gated_alive:a_009:35617,a_009,35617
gated_alive:a_009:35646,a_009,35646
gated_alive:a_009:36126,a_009,36126
gated_alive:a_009:36379,a_009,36379
gated_alive:a_009:36725,a_009,36725
gated_alive:a_009:37055,a_009,37055
gated_alive:a_009:38044,a_009,38044
gated_alive:a_009:38046,a_009,38046
gated_alive:a_009:38096,a_009,38096
gated_alive:a_009:38386,a_009,38386
gated_alive:a_009:38715,a_009,38715
gated_alive:a_009:39074,a_009,39074
gated_alive:a_009:39435,a_009,39435
gated_alive:a_009:39996,a_009,39996
gated_alive:a_009:41943,a_009,41943
gated_alive:a_009:42312,a_009,42312
gated_alive:a_009:43115,a_009,43115
gated_alive:a_009:43249,a_009,43249
gated_alive:a_009:43512,a_009,43512
gated_alive:a_009:43781,a_009,43781
gated_alive:a_009:44181,a_009,44181
gated_alive:a_009:44351,a_009,44351
gated_alive:a_009:45020,a_009,45020
gated_alive:a_009:45657,a_009,45657
gated_alive:a_009:45840,a_009,45840
gated_alive:a_009:45947,a_009,45947
gated_alive:a_009:45991,a_009,45991
gated_alive:a_009:46004,a_009,46004
gated_alive:a_009:46279,a_009,46279
gated_alive:a_009:47059,a_009,47059
gated_alive:a_009:47162,a_009,47162
gated_alive:a_009:47170,a_009,47170
gated_alive:a_009:47195,a_009,47195
gated_alive:a_009:47356,a_009,47356
gated_alive:a_009:47983,a_009,47983
gated_alive:a_009:49300,a_009,49300
gated_alive:a_009:49603,a_009,49603
gated_alive:a_009:50595,a_009,50595
gated_alive:a_009:51500,a_009,51500
gated_alive:a_009:53038,a_009,53038
gated_alive:a_009:53056,a_009,53056
gated_alive:a_009:53377,a_009,53377
gated_alive:a_009:53881,a_009,53881
gated_alive:a_009:54308,a_009,54308
gated_alive:a_009:54350,a_009,54350
gated_alive:a_009:54400,a_009,54400
gated_alive:a_009:54735,a_009,54735
gated_alive:a_009:55545,a_009,55545
gated_alive:a_009:56219,a_009,56219
gated_alive:a_009:57612,a_009,57612
gated_alive:a_009:57815,a_009,57815
gated_alive:a_009:59001,a_009,59001
gated_alive:a_009:59746,a_009,59746
gated_alive:a_009:60720,a_009,60720
gated_alive:a_009:60866,a_009,60866
gated_alive:a_009:61441,a_009,61441
gated_alive:a_009:61748,a_009,61748
gated_alive:a_009:61768,a_009,61768
gated_alive:a_009:62158,a_009,62158
gated_alive:a_009:62335,a_009,62335
gated_alive:a_009:62562,a_009,62562
gated_alive:a_009:62601,a_009,62601
gated_alive:a_009:62631,a_009,62631
gated_alive:a_009:62972,a_009,62972
gated_alive:a_009:63044,a_009,63044
gated_alive:a_009:63300,a_009,63300
gated_alive:a_009:64078,a_009,64078
gated_alive:a_009:64895,a_009,64895
gated_alive:a_009:66078,a_009,66078
gated_alive:a_009:66511,a_009,66511
gated_alive:a_009:66737,a_009,66737
gated_alive:a_009:66892,a_009,66892
gated_alive:a_009:68449,a_009,68449
gated_alive:a_009:69075,a_009,69075
gated_alive:a_009:70456,a_009,70456
gated_alive:a_009:70679,a_009,70679
gated_alive:a_009:71612,a_009,71612
gated_alive:a_009:72364,a_009,72364
gated_alive:a_009:72825,a_009,72825
gated_alive:a_009:73525,a_009,73525
gated_alive:a_009:73995,a_009,73995
gated_alive:a_009:74119,a_009,74119
gated_alive:a_009:74399,a_009,74399
gated_alive:a_009:75117,a_009,75117
gated_alive:a_009:75356,a_009,75356
gated_alive:a_009:75451,a_009,75451
gated_alive:a_009:76192,a_009,76192
gated_alive:a_009:77314,a_009,77314
gated_alive:a_009:77407,a_009,77407
gated_alive:a_009:78425,a_009,78425
gated_alive:a_009:78466,a_009,78466
gated_alive:a_009:79129,a_009,79129
gated_alive:a_009:80074,a_009,80074
gated_alive:a_009:80252,a_009,80252
gated_alive:a_009:80464,a_009,80464
gated_alive:a_009:80744,a_009,80744
gated_alive:a_009:81250,a_009,81250
gated_alive:a_009:81465,a_009,81465
gated_alive:a_009:81683,a_009,81683
gated_alive:a_009:81839,a_009,81839
gated_alive:a_009:82535,a_009,82535
gated_alive:a_009:83407,a_009,83407
gated_alive:a_009:83706,a_009,83706
gated_alive:a_009:83822,a_009,83822
gated_alive:a_009:84696,a_009,84696
gated_alive:a_009:84715,a_009,84715
gated_alive:a_009:85050,a_009,85050
gated_alive:a_009:85284,a_009,85284
gated_alive:a_009:85746,a_009,85746
gated_alive:a_009:85778,a_009,85778
gated_alive:a_009:85822,a_009,85822
gated_alive:a_009:86570,a_009,86570
gated_alive:a_009:86599,a_009,86599
gated_alive:a_009:86687,a_009,86687
gated_alive:a_009:86807,a_009,86807
gated_alive:a_009:86892,a_009,86892
gated_alive:a_009:87163,a_009,87163
gated_alive:a_009:89813,a_009,89813
gated_alive:a_009:90832,a_009,90832
gated_alive:a_009:90896,a_009,90896
gated_alive:a_009:90904,a_009,90904
gated_alive:a_009:91174,a_009,91174
gated_alive:a_009:91754,a_009,91754
gated_alive:a_009:91771,a_009,91771
gated_alive:a_009:91784,a_009,91784
gated_alive:a_009:91951,a_009,91951
gated_alive:a_009:92116,a_009,92116
gated_alive:a_009:92255,a_009,92255
gated_alive:a_009:92865,a_009,92865
gated_alive:a_009:93683,a_009,93683
gated_alive:a_009:94400,a_009,94400
gated_alive:a_009:94521,a_009,94521
gated_alive:a_009:94718,a_009,94718
gated_alive:a_009:95442,a_009,95442
gated_alive:a_009:96154,a_009,96154
gated_alive:a_009:96437,a_009,96437
gated_alive:a_009:96676,a_009,96676
gated_alive:a_009:96687,a_009,96687
gated_alive:a_009:97378,a_009,97378
gated_alive:a_009:97526,a_009,97526
gated_alive:a_009:98005,a_009,98005
gated_alive:a_009:98387,a_009,98387
gated_alive:a_009:98511,a_009,98511
gated_alive:a_009:99021,a_009,99021
gated_alive:a_009:99199,a_009,99199
gated_alive:a_009:99686,a_009,99686
gated_alive:a_009:99938,a_009,99938
gated_alive:a_009:100330,a_009,100330
gated_alive:a_009:100353,a_009,100353
gated_alive:a_009:100500,a_009,100500
gated_alive:a_009:101184,a_009,101184
gated_alive:a_009:102221,a_009,102221
gated_alive:a_009:102258,a_009,102258
gated_alive:a_009:102798,a_009,102798
gated_alive:a_009:103129,a_009,103129
gated_alive:a_009:103580,a_009,103580
gated_alive:a_009:103865,a_009,103865
gated_alive:a_009:105088,a_009,105088
gated_alive:a_009:105224,a_009,105224
gated_alive:a_009:105574,a_009,105574
gated_alive:a_009:106012,a_009,106012
gated_alive:a_009:106923,a_009,106923
gated_alive:a_009:108618,a_009,108618
gated_alive:a_009:108638,a_009,108638
gated_alive:a_009:108786,a_009,108786
gated_alive:a_009:109765,a_009,109765
gated_alive:a_009:110082,a_009,110082
gated_alive:a_009:110545,a_009,110545
gated_alive:a_009:110661,a_009,110661
gated_alive:a_009:110715,a_009,110715
gated_alive:a_009:111711,a_009,111711
gated_alive:a_009:112309,a_009,112309
gated_alive:a_009:112772,a_009,112772
gated_alive:a_009:112823,a_009,112823
gated_alive:a_009:113110,a_009,113110
gated_alive:a_009:113402,a_009,113402
gated_alive:a_009:113863,a_009,113863
gated_alive:a_009:114143,a_009,114143
gated_alive:a_009:115058,a_009,115058
gated_alive:a_009:115094,a_009,115094
gated_alive:a_009:116334,a_009,116334
gated_alive:a_009:116505,a_009,116505
gated_alive:a_009:116892,a_009,116892
gated_alive:a_009:117060,a_009,117060
gated_alive:a_009:117093,a_009,117093
gated_alive:a_009:117979,a_009,117979
gated_alive:a_009:118169,a_009,118169
gated_alive:a_009:118508,a_009,118508
gated_alive:a_009:119436,a_009,119436
gated_alive:a_009:119864,a_009,119864
gated_alive:a_009:119975,a_009,119975
gated_alive:a_009:121448,a_009,121448
gated_alive:a_009:122287,a_009,122287
gated_alive:a_009:122703,a_009,122703
gated_alive:a_009:122857,a_009,122857
gated_alive:a_009:122935,a_009,122935
gated_alive:a_009:123137,a_009,123137
gated_alive:a_009:124667,a_009,124667
gated_alive:a_009:124722,a_009,124722
gated_alive:a_009:125225,a_009,125225
gated_alive:a_009:125619,a_009,125619
gated_alive:a_009:126080,a_009,126080
gated_alive:a_009:128215,a_009,128215
gated_alive:a_009:128621,a_009,128621
gated_alive:a_009:128781,a_009,128781
gated_alive:a_009:129561,a_009,129561
gated_alive:a_009:129660,a_009,129660
gated_alive:a_009:129826,a_009,129826
gated_alive:a_009:130246,a_009,130246
gated_alive:a_009:131097,a_009,131097
gated_alive:a_009:131291,a_009,131291
gated_alive:a_009:131359,a_009,131359
gated_alive:a_009:132720,a_009,132720
gated_alive:a_009:132995,a_009,132995
gated_alive:a_009:133891,a_009,133891
gated_alive:a_009:134034,a_009,134034
gated_alive:a_009:134187,a_009,134187
gated_alive:a_009:134263,a_009,134263
gated_alive:a_009:134374,a_009,134374
gated_alive:a_009:134806,a_009,134806
gated_alive:a_009:134840,a_009,134840
gated_alive:a_009:135213,a_009,135213
gated_alive:a_009:135330,a_009,135330
gated_alive:a_009:135387,a_009,135387
gated_alive:a_009:135447,a_009,135447
gated_alive:a_009:135835,a_009,135835
gated_alive:a_009:136743,a_009,136743
gated_alive:a_009:137043,a_009,137043
gated_alive:a_009:137197,a_009,137197
gated_alive:a_009:137347,a_009,137347
gated_alive:a_009:138084,a_009,138084
gated_alive:a_009:138653,a_009,138653
gated_alive:a_009:140023,a_009,140023
gated_alive:a_009:140048,a_009,140048
gated_alive:a_009:140238,a_009,140238
gated_alive:a_009:140451,a_009,140451
gated_alive:a_009:140726,a_009,140726
gated_alive:a_009:141606,a_009,141606
gated_alive:a_009:141749,a_009,141749
gated_alive:a_009:143114,a_009,143114
gated_alive:a_009:143416,a_009,143416
gated_alive:a_009:143998,a_009,143998
gated_alive:a_009:144117,a_009,144117
gated_alive:a_009:144242,a_009,144242
gated_alive:a_009:144917,a_009,144917
gated_alive:a_009:146434,a_009,146434
gated_alive:a_009:146956,a_009,146956
gated_alive:a_009:147091,a_009,147091
gated_alive:a_009:147255,a_009,147255
gated_alive:a_009:147661,a_009,147661
gated_alive:a_009:147867,a_009,147867
gated_alive:a_009:147945,a_009,147945
gated_alive:a_009:149127,a_009,149127
gated_alive:a_009:150099,a_009,150099
gated_alive:a_009:150490,a_009,150490
gated_alive:a_009:150933,a_009,150933
gated_alive:a_009:151149,a_009,151149
gated_alive:a_009:151436,a_009,151436
gated_alive:a_009:151600,a_009,151600
gated_alive:a_009:151619,a_009,151619
gated_alive:a_009:151738,a_009,151738
gated_alive:a_009:152175,a_009,152175
gated_alive:a_009:153189,a_009,153189
gated_alive:a_009:154077,a_009,154077
gated_alive:a_009:154310,a_009,154310
gated_alive:a_009:154439,a_009,154439
gated_alive:a_009:154566,a_009,154566
gated_alive:a_009:155200,a_009,155200
gated_alive:a_009:155345,a_009,155345
gated_alive:a_009:155541,a_009,155541
gated_alive:a_009:155914,a_009,155914
gated_alive:a_009:156546,a_009,156546
gated_alive:a_009:156628,a_009,156628
gated_alive:a_009:156839,a_009,156839
gated_alive:a_009:157698,a_009,157698
gated_alive:a_009:158256,a_009,158256
gated_alive:a_009:159211,a_009,159211
gated_alive:a_009:159381,a_009,159381
gated_alive:a_009:159382,a_009,159382
gated_alive:a_009:159574,a_009,159574
gated_alive:a_009:160773,a_009,160773
gated_alive:a_009:160899,a_009,160899
gated_alive:a_009:161236,a_009,161236
gated_alive:a_009:161648,a_009,161648
gated_alive:a_009:161906,a_009,161906
gated_alive:a_009:162425,a_009,162425
gated_alive:a_009:162932,a_009,162932
gated_alive:a_009:163812,a_009,163812
gated_alive:a_009:163913,a_009,163913
gated_alive:a_009:164235,a_009,164235
gated_alive:a_009:164417,a_009,164417
gated_alive:a_009:164567,a_009,164567
gated_alive:a_009:164639,a_009,164639
gated_alive:a_009:165555,a_009,165555
gated_alive:a_009:166277,a_009,166277
gated_alive:a_009:166338,a_009,166338
gated_alive:a_009:166450,a_009,166450
gated_alive:a_009:166576,a_009,166576
gated_alive:a_009:166849,a_009,166849
gated_alive:a_009:167484,a_009,167484
gated_alive:a_009:167661,a_009,167661
gated_alive:a_009:167801,a_009,167801
gated_alive:a_009:169261,a_009,169261
gated_alive:a_009:170233,a_009,170233
gated_alive:a_009:170753,a_009,170753
gated_alive:a_009:171325,a_009,171325
gated_alive:a_009:171614,a_009,171614
gated_alive:a_009:171686,a_009,171686
gated_alive:a_009:172035,a_009,172035
gated_alive:a_009:172103,a_009,172103
gated_alive:a_009:172433,a_009,172433
gated_alive:a_009:172683,a_009,172683
gated_alive:a_009:173151,a_009,173151
gated_alive:a_009:173201,a_009,173201
gated_alive:a_009:173319,a_009,173319
gated_alive:a_009:174006,a_009,174006
gated_alive:a_009:174715,a_009,174715
gated_alive:a_009:174736,a_009,174736
gated_alive:a_009:175097,a_009,175097
gated_alive:a_009:175726,a_009,175726
gated_alive:a_009:176014,a_009,176014
gated_alive:a_009:176221,a_009,176221
gated_alive:a_009:176450,a_009,176450
gated_alive:a_009:176873,a_009,176873
gated_alive:a_009:177029,a_009,177029
gated_alive:a_009:177464,a_009,177464
gated_alive:a_009:177610,a_009,177610
gated_alive:a_009:178160,a_009,178160
gated_alive:a_009:178316,a_009,178316
gated_alive:a_009:178413,a_009,178413
gated_alive:a_009:178975,a_009,178975
gated_alive:a_009:179099,a_009,179099
gated_alive:a_009:179443,a_009,179443
gated_alive:a_009:179981,a_009,179981
gated_alive:a_009:181479,a_009,181479
gated_alive:a_009:181671,a_009,181671
gated_alive:a_009:182103,a_009,182103
gated_alive:a_009:182107,a_009,182107
gated_alive:a_009:182502,a_009,182502
gated_alive:a_009:184023,a_009,184023
gated_alive:a_009:184087,a_009,184087
gated_alive:a_009:184134,a_009,184134
gated_alive:a_009:186034,a_009,186034
gated_alive:a_009:187447,a_009,187447
gated_alive:a_009:187754,a_009,187754
gated_alive:a_009:187759,a_009,187759
gated_alive:a_009:188181,a_009,188181
gated_alive:a_009:188518,a_009,188518
gated_alive:a_009:188790,a_009,188790
gated_alive:a_009:190452,a_009,190452
gated_alive:a_009:190716,a_009,190716
gated_alive:a_009:190752,a_009,190752
gated_alive:a_009:190878,a_009,190878
gated_alive:a_009:191216,a_009,191216
gated_alive:a_009:191289,a_009,191289
gated_alive:a_009:192041,a_009,192041
gated_alive:a_009:192948,a_009,192948
gated_alive:a_009:193341,a_009,193341
gated_alive:a_009:193346,a_009,193346
gated_alive:a_009:194107,a_009,194107
gated_alive:a_009:194190,a_009,194190
gated_alive:a_009:194697,a_009,194697
gated_alive:a_009:194983,a_009,194983
gated_alive:a_009:195066,a_009,195066
gated_alive:a_009:196433,a_009,196433
gated_alive:a_009:196888,a_009,196888
gated_alive:a_009:197141,a_009,197141
gated_alive:a_009:197243,a_009,197243
gated_alive:a_009:197385,a_009,197385
gated_alive:a_009:197406,a_009,197406
gated_alive:a_009:198109,a_009,198109
gated_alive:a_009:198707,a_009,198707
gated_alive:a_009:199080,a_009,199080
gated_alive:a_009:199469,a_009,199469
gated_alive:a_009:199584,a_009,199584
gated_alive:a_009:199878,a_009,199878
gated_alive:a_009:200659,a_009,200659
gated_alive:a_009:200843,a_009,200843
gated_alive:a_009:200906,a_009,200906
gated_alive:a_009:201199,a_009,201199
gated_alive:a_009:201244,a_009,201244
gated_alive:a_009:201302,a_009,201302
gated_alive:a_009:201456,a_009,201456
gated_alive:a_009:201488,a_009,201488
gated_alive:a_009:201765,a_009,201765
gated_alive:a_009:201785,a_009,201785
gated_alive:a_009:201903,a_009,201903
gated_alive:a_009:204160,a_009,204160
gated_alive:a_009:204210,a_009,204210
gated_alive:a_009:204212,a_009,204212
gated_alive:a_009:204756,a_009,204756
gated_alive:a_009:204808,a_009,204808
gated_alive:a_009:205622,a_009,205622
gated_alive:a_009:205832,a_009,205832
gated_alive:a_009:206268,a_009,206268
gated_alive:a_009:207519,a_009,207519
gated_alive:a_009:207854,a_009,207854
gated_alive:a_009:208374,a_009,208374
gated_alive:a_009:208769,a_009,208769
gated_alive:a_009:208848,a_009,208848
gated_alive:a_009:209181,a_009,209181
gated_alive:a_009:209725,a_009,209725
gated_alive:a_009:210317,a_009,210317
gated_alive:a_009:212220,a_009,212220
gated_alive:a_009:212671,a_009,212671
gated_alive:a_009:212908,a_009,212908
gated_alive:a_009:213084,a_009,213084
gated_alive:a_009:213963,a_009,213963
gated_alive:a_009:214160,a_009,214160
gated_alive:a_009:214445,a_009,214445
gated_alive:a_009:215165,a_009,215165
gated_alive:a_009:215210,a_009,215210
gated_alive:a_009:215230,a_009,215230
gated_alive:a_009:216062,a_009,216062
gated_alive:a_009:216369,a_009,216369
gated_alive:a_009:216416,a_009,216416
gated_alive:a_010:436,a_010,436
gated_alive:a_010:608,a_010,608
gated_alive:a_010:991,a_010,991
gated_alive:a_010:1552,a_010,1552
gated_alive:a_010:1574,a_010,1574
gated_alive:a_010:1582,a_010,1582
gated_alive:a_010:1637,a_010,1637
gated_alive:a_010:1835,a_010,1835
gated_alive:a_010:1866,a_010,1866
gated_alive:a_010:1987,a_010,1987
gated_alive:a_010:2106,a_010,2106
gated_alive:a_010:2126,a_010,2126
gated_alive:a_010:2418,a_010,2418
gated_alive:a_010:2857,a_010,2857
gated_alive:a_010:2894,a_010,2894
gated_alive:a_010:3124,a_010,3124
gated_alive:a_010:3205,a_010,3205
gated_alive:a_010:3464,a_010,3464
gated_alive:a_010:3857,a_010,3857
gated_alive:a_010:4473,a_010,4473
gated_alive:a_010:4867,a_010,4867
gated_alive:a_010:5874,a_010,5874
gated_alive:a_010:6078,a_010,6078
gated_alive:a_010:6341,a_010,6341
gated_alive:a_010:6421,a_010,6421
gated_alive:a_010:6499,a_010,6499
gated_alive:a_010:6889,a_010,6889
gated_alive:a_010:7218,a_010,7218
gated_alive:a_010:7223,a_010,7223
gated_alive:a_010:7350,a_010,7350
gated_alive:a_010:7440,a_010,7440
gated_alive:a_010:7464,a_010,7464
gated_alive:a_010:7476,a_010,7476
gated_alive:a_010:7692,a_010,7692
gated_alive:a_010:7741,a_010,7741
gated_alive:a_010:7915,a_010,7915
gated_alive:a_010:8034,a_010,8034
gated_alive:a_010:8496,a_010,8496
gated_alive:a_010:8498,a_010,8498
gated_alive:a_010:9337,a_010,9337
gated_alive:a_010:9389,a_010,9389
gated_alive:a_010:9513,a_010,9513
gated_alive:a_010:9518,a_010,9518
gated_alive:a_010:9670,a_010,9670
gated_alive:a_010:9894,a_010,9894
gated_alive:a_010:10186,a_010,10186
gated_alive:a_010:10208,a_010,10208
gated_alive:a_010:10222,a_010,10222
gated_alive:a_010:10488,a_010,10488
gated_alive:a_010:10554,a_010,10554
gated_alive:a_010:10899,a_010,10899
gated_alive:a_010:11306,a_010,11306
gated_alive:a_010:11581,a_010,11581
gated_alive:a_010:11653,a_010,11653
gated_alive:a_010:11901,a_010,11901
gated_alive:a_010:12027,a_010,12027
gated_alive:a_010:12079,a_010,12079
gated_alive:a_010:12664,a_010,12664
gated_alive:a_010:13031,a_010,13031
gated_alive:a_010:13201,a_010,13201
gated_alive:a_010:13509,a_010,13509
gated_alive:a_010:13568,a_010,13568
gated_alive:a_010:13684,a_010,13684
gated_alive:a_010:14515,a_010,14515
gated_alive:a_010:14707,a_010,14707
gated_alive:a_010:14937,a_010,14937
gated_alive:a_010:15096,a_010,15096
gated_alive:a_010:15204,a_010,15204
gated_alive:a_010:15236,a_010,15236
gated_alive:a_010:16419,a_010,16419
gated_alive:a_010:16648,a_010,16648
gated_alive:a_010:16777,a_010,16777
gated_alive:a_010:17867,a_010,17867
gated_alive:a_010:18158,a_010,18158
gated_alive:a_010:18358,a_010,18358
gated_alive:a_010:18994,a_010,18994
gated_alive:a_010:19205,a_010,19205
gated_alive:a_010:19265,a_010,19265
gated_alive:a_010:19310,a_010,19310
gated_alive:a_010:19373,a_010,19373
gated_alive:a_010:19588,a_010,19588
gated_alive:a_010:20298,a_010,20298
gated_alive:a_010:20364,a_010,20364
gated_alive:a_010:20545,a_010,20545
gated_alive:a_010:20676,a_010,20676
gated_alive:a_010:20855,a_010,20855
gated_alive:a_010:21208,a_010,21208
gated_alive:a_010:21411,a_010,21411
gated_alive:a_010:21541,a_010,21541
gated_alive:a_010:22023,a_010,22023
gated_alive:a_010:22106,a_010,22106
gated_alive:a_010:22313,a_010,22313
gated_alive:a_010:22331,a_010,22331
gated_alive:a_010:22739,a_010,22739
gated_alive:a_010:23041,a_010,23041
gated_alive:a_010:23097,a_010,23097
gated_alive:a_010:23226,a_010,23226
gated_alive:a_010:23230,a_010,23230
gated_alive:a_010:23262,a_010,23262
gated_alive:a_010:23539,a_010,23539
gated_alive:a_010:24277,a_010,24277
gated_alive:a_010:24700,a_010,24700
gated_alive:a_010:24963,a_010,24963
gated_alive:a_010:25478,a_010,25478
gated_alive:a_010:25664,a_010,25664
gated_alive:a_010:25771,a_010,25771
gated_alive:a_010:26004,a_010,26004
gated_alive:a_010:26025,a_010,26025
gated_alive:a_010:26693,a_010,26693
gated_alive:a_010:26986,a_010,26986
gated_alive:a_010:27167,a_010,27167
gated_alive:a_010:27380,a_010,27380
gated_alive:a_010:27585,a_010,27585
gated_alive:a_010:27612,a_010,27612
gated_alive:a_010:27738,a_010,27738
gated_alive:a_010:27845,a_010,27845
gated_alive:a_010:28160,a_010,28160
gated_alive:a_010:28711,a_010,28711
gated_alive:a_010:28827,a_010,28827
gated_alive:a_010:29490,a_010,29490
gated_alive:a_010:29521,a_010,29521
gated_alive:a_010:29536,a_010,29536
gated_alive:a_010:29662,a_010,29662
gated_alive:a_010:29924,a_010,29924
gated_alive:a_010:30039,a_010,30039
gated_alive:a_010:30325,a_010,30325
gated_alive:a_010:30633,a_010,30633
gated_alive:a_010:30642,a_010,30642
gated_alive:a_010:30952,a_010,30952
gated_alive:a_010:31026,a_010,31026
gated_alive:a_010:31462,a_010,31462
gated_alive:a_010:31783,a_010,31783
gated_alive:a_010:32074,a_010,32074
gated_alive:a_010:32218,a_010,32218
gated_alive:a_010:32300,a_010,32300
gated_alive:a_010:32375,a_010,32375
gated_alive:a_010:32713,a_010,32713
gated_alive:a_010:32744,a_010,32744
gated_alive:a_010:32784,a_010,32784
gated_alive:a_010:32792,a_010,32792
gated_alive:a_010:32908,a_010,32908
gated_alive:a_010:33225,a_010,33225
gated_alive:a_010:33919,a_010,33919
gated_alive:a_010:34149,a_010,34149
gated_alive:a_010:34792,a_010,34792
gated_alive:a_010:34850,a_010,34850
gated_alive:a_010:35303,a_010,35303
gated_alive:a_010:35463,a_010,35463
gated_alive:a_010:36261,a_010,36261
gated_alive:a_010:36374,a_010,36374
gated_alive:a_010:36987,a_010,36987
gated_alive:a_010:37194,a_010,37194
gated_alive:a_010:37200,a_010,37200
gated_alive:a_010:37226,a_010,37226
gated_alive:a_010:37241,a_010,37241
gated_alive:a_010:37322,a_010,37322
gated_alive:a_010:37377,a_010,37377
gated_alive:a_010:38397,a_010,38397
gated_alive:a_010:39195,a_010,39195
gated_alive:a_010:39352,a_010,39352
gated_alive:a_010:39447,a_010,39447
gated_alive:a_010:39470,a_010,39470
gated_alive:a_010:39984,a_010,39984
gated_alive:a_010:40284,a_010,40284
gated_alive:a_010:40374,a_010,40374
gated_alive:a_010:40386,a_010,40386
gated_alive:a_010:40469,a_010,40469
gated_alive:a_010:40766,a_010,40766
gated_alive:a_010:41401,a_010,41401
gated_alive:a_010:41540,a_010,41540
gated_alive:a_010:41597,a_010,41597
gated_alive:a_010:41914,a_010,41914
gated_alive:a_010:42064,a_010,42064
gated_alive:a_010:42205,a_010,42205
gated_alive:a_010:42586,a_010,42586
gated_alive:a_010:42720,a_010,42720
gated_alive:a_010:43228,a_010,43228
gated_alive:a_010:44086,a_010,44086
gated_alive:a_010:44350,a_010,44350
gated_alive:a_010:44565,a_010,44565
gated_alive:a_010:44591,a_010,44591
gated_alive:a_010:44798,a_010,44798
gated_alive:a_010:45085,a_010,45085
gated_alive:a_010:45502,a_010,45502
gated_alive:a_010:45704,a_010,45704
gated_alive:a_010:45734,a_010,45734
gated_alive:a_010:45767,a_010,45767
gated_alive:a_010:46072,a_010,46072
gated_alive:a_010:46128,a_010,46128
gated_alive:a_010:46512,a_010,46512
gated_alive:a_010:47082,a_010,47082
gated_alive:a_010:47351,a_010,47351
gated_alive:a_010:48006,a_010,48006
gated_alive:a_010:48199,a_010,48199
gated_alive:a_010:48366,a_010,48366
gated_alive:a_010:48422,a_010,48422
gated_alive:a_010:48640,a_010,48640
gated_alive:a_010:48688,a_010,48688
gated_alive:a_010:48893,a_010,48893
gated_alive:a_010:48977,a_010,48977
gated_alive:a_010:49730,a_010,49730
gated_alive:a_010:49741,a_010,49741
gated_alive:a_010:50219,a_010,50219
gated_alive:a_010:50315,a_010,50315
gated_alive:a_010:50469,a_010,50469
gated_alive:a_010:50483,a_010,50483
gated_alive:a_010:51034,a_010,51034
gated_alive:a_010:51162,a_010,51162
gated_alive:a_010:51435,a_010,51435
gated_alive:a_010:51703,a_010,51703
gated_alive:a_010:51943,a_010,51943
gated_alive:a_010:52096,a_010,52096
gated_alive:a_010:52382,a_010,52382
gated_alive:a_010:53058,a_010,53058
gated_alive:a_010:53349,a_010,53349
gated_alive:a_010:53546,a_010,53546
gated_alive:a_010:54405,a_010,54405
gated_alive:a_010:54547,a_010,54547
gated_alive:a_010:54624,a_010,54624
gated_alive:a_010:54720,a_010,54720
gated_alive:a_010:54953,a_010,54953
gated_alive:a_010:54985,a_010,54985
gated_alive:a_010:55342,a_010,55342
gated_alive:a_010:55999,a_010,55999
gated_alive:a_010:56234,a_010,56234
gated_alive:a_010:56267,a_010,56267
gated_alive:a_010:56299,a_010,56299
gated_alive:a_010:56464,a_010,56464
gated_alive:a_010:56639,a_010,56639
gated_alive:a_010:57520,a_010,57520
gated_alive:a_010:57608,a_010,57608
gated_alive:a_010:58390,a_010,58390
gated_alive:a_010:58440,a_010,58440
gated_alive:a_010:58752,a_010,58752
gated_alive:a_010:58884,a_010,58884
gated_alive:a_010:59020,a_010,59020
gated_alive:a_010:59362,a_010,59362
gated_alive:a_010:60462,a_010,60462
gated_alive:a_010:60827,a_010,60827
gated_alive:a_010:60876,a_010,60876
gated_alive:a_010:61259,a_010,61259
gated_alive:a_010:61433,a_010,61433
gated_alive:a_010:61470,a_010,61470
gated_alive:a_010:61725,a_010,61725
gated_alive:a_010:61839,a_010,61839
gated_alive:a_010:62370,a_010,62370
gated_alive:a_010:62609,a_010,62609
gated_alive:a_010:62814,a_010,62814
gated_alive:a_010:62965,a_010,62965
gated_alive:a_010:62996,a_010,62996
gated_alive:a_010:63093,a_010,63093
gated_alive:a_010:63351,a_010,63351
gated_alive:a_010:63716,a_010,63716
gated_alive:a_010:63910,a_010,63910
gated_alive:a_010:64004,a_010,64004
gated_alive:a_010:64206,a_010,64206
gated_alive:a_010:64351,a_010,64351
gated_alive:a_010:64454,a_010,64454
gated_alive:a_010:65177,a_010,65177
gated_alive:a_010:65361,a_010,65361
gated_alive:a_010:65585,a_010,65585
gated_alive:a_010:65882,a_010,65882
gated_alive:a_010:65932,a_010,65932
gated_alive:a_010:66042,a_010,66042
gated_alive:a_010:66086,a_010,66086
gated_alive:a_010:66520,a_010,66520
gated_alive:a_010:66688,a_010,66688
gated_alive:a_010:66740,a_010,66740
gated_alive:a_010:66778,a_010,66778
gated_alive:a_010:66785,a_010,66785
gated_alive:a_010:67245,a_010,67245
gated_alive:a_010:67300,a_010,67300
gated_alive:a_010:67465,a_010,67465
gated_alive:a_010:67627,a_010,67627
gated_alive:a_010:67684,a_010,67684
gated_alive:a_010:67798,a_010,67798
gated_alive:a_010:68147,a_010,68147
gated_alive:a_010:69013,a_010,69013
gated_alive:a_010:69387,a_010,69387
gated_alive:a_010:69875,a_010,69875
gated_alive:a_010:69891,a_010,69891
gated_alive:a_010:70224,a_010,70224
gated_alive:a_010:70445,a_010,70445
gated_alive:a_010:70481,a_010,70481
gated_alive:a_010:70486,a_010,70486
gated_alive:a_010:70502,a_010,70502
gated_alive:a_010:70830,a_010,70830
gated_alive:a_010:70831,a_010,70831
gated_alive:a_010:71065,a_010,71065
gated_alive:a_010:71165,a_010,71165
gated_alive:a_010:71224,a_010,71224
gated_alive:a_010:71355,a_010,71355
gated_alive:a_010:71397,a_010,71397
gated_alive:a_010:71556,a_010,71556
gated_alive:a_010:71822,a_010,71822
gated_alive:a_010:71884,a_010,71884
gated_alive:a_010:71988,a_010,71988
gated_alive:a_010:72634,a_010,72634
gated_alive:a_010:73012,a_010,73012
gated_alive:a_010:73090,a_010,73090
gated_alive:a_010:73810,a_010,73810
gated_alive:a_010:73928,a_010,73928
gated_alive:a_010:74172,a_010,74172
gated_alive:a_010:74365,a_010,74365
gated_alive:a_010:74542,a_010,74542
gated_alive:a_010:74581,a_010,74581
gated_alive:a_010:74935,a_010,74935
gated_alive:a_010:75106,a_010,75106
gated_alive:a_010:75851,a_010,75851
gated_alive:a_010:76235,a_010,76235
gated_alive:a_010:76330,a_010,76330
gated_alive:a_010:76883,a_010,76883
gated_alive:a_010:76994,a_010,76994
gated_alive:a_010:77108,a_010,77108
gated_alive:a_010:77307,a_010,77307
gated_alive:a_010:77610,a_010,77610
gated_alive:a_010:77698,a_010,77698
gated_alive:a_010:78536,a_010,78536
gated_alive:a_010:78578,a_010,78578
gated_alive:a_010:78744,a_010,78744
gated_alive:a_010:79003,a_010,79003
gated_alive:a_010:79109,a_010,79109
gated_alive:a_010:79596,a_010,79596
gated_alive:a_010:79653,a_010,79653
gated_alive:a_010:79766,a_010,79766
gated_alive:a_010:80294,a_010,80294
gated_alive:a_010:80306,a_010,80306
gated_alive:a_010:80366,a_010,80366
gated_alive:a_010:81380,a_010,81380
gated_alive:a_010:81383,a_010,81383
gated_alive:a_010:81407,a_010,81407
gated_alive:a_010:81699,a_010,81699
gated_alive:a_010:81837,a_010,81837
gated_alive:a_010:82118,a_010,82118
gated_alive:a_010:82535,a_010,82535
gated_alive:a_010:83155,a_010,83155
gated_alive:a_010:83205,a_010,83205
gated_alive:a_010:83241,a_010,83241
gated_alive:a_010:83382,a_010,83382
gated_alive:a_010:83403,a_010,83403
gated_alive:a_010:83790,a_010,83790
gated_alive:a_010:83827,a_010,83827
gated_alive:a_010:83918,a_010,83918
gated_alive:a_010:84076,a_010,84076
gated_alive:a_010:84093,a_010,84093
gated_alive:a_010:84516,a_010,84516
gated_alive:a_010:84882,a_010,84882
gated_alive:a_010:84959,a_010,84959
gated_alive:a_010:85020,a_010,85020
gated_alive:a_010:85953,a_010,85953
gated_alive:a_010:86021,a_010,86021
gated_alive:a_010:86066,a_010,86066
gated_alive:a_010:86357,a_010,86357
gated_alive:a_010:86516,a_010,86516
gated_alive:a_010:86971,a_010,86971
gated_alive:a_010:87576,a_010,87576
gated_alive:a_010:88190,a_010,88190
gated_alive:a_010:88301,a_010,88301
gated_alive:a_010:88712,a_010,88712
gated_alive:a_010:89249,a_010,89249
gated_alive:a_010:89279,a_010,89279
gated_alive:a_010:90184,a_010,90184
gated_alive:a_010:90274,a_010,90274
gated_alive:a_010:90408,a_010,90408
gated_alive:a_010:90994,a_010,90994
gated_alive:a_010:91044,a_010,91044
gated_alive:a_010:91497,a_010,91497
gated_alive:a_010:91515,a_010,91515
gated_alive:a_010:91591,a_010,91591
gated_alive:a_010:91610,a_010,91610
gated_alive:a_010:91807,a_010,91807
gated_alive:a_010:91850,a_010,91850
gated_alive:a_010:92342,a_010,92342
gated_alive:a_010:92383,a_010,92383
gated_alive:a_010:92459,a_010,92459
gated_alive:a_010:93154,a_010,93154
gated_alive:a_010:93187,a_010,93187
gated_alive:a_010:93395,a_010,93395
gated_alive:a_010:93673,a_010,93673
gated_alive:a_010:93778,a_010,93778
gated_alive:a_010:93973,a_010,93973
gated_alive:a_010:95032,a_010,95032
gated_alive:a_010:95096,a_010,95096
gated_alive:a_010:95125,a_010,95125
gated_alive:a_010:95590,a_010,95590
gated_alive:a_010:95838,a_010,95838
gated_alive:a_010:95935,a_010,95935
gated_alive:a_010:96144,a_010,96144
gated_alive:a_010:96285,a_010,96285
gated_alive:a_010:96636,a_010,96636
gated_alive:a_010:96648,a_010,96648
gated_alive:a_010:97426,a_010,97426
gated_alive:a_010:97652,a_010,97652
gated_alive:a_010:97804,a_010,97804
gated_alive:a_010:98034,a_010,98034
gated_alive:a_010:98328,a_010,98328
gated_alive:a_010:98541,a_010,98541
gated_alive:a_010:98864,a_010,98864
gated_alive:a_010:99136,a_010,99136
gated_alive:a_010:99177,a_010,99177
gated_alive:a_010:99212,a_010,99212
gated_alive:a_010:99267,a_010,99267
gated_alive:a_010:99894,a_010,99894
gated_alive:a_010:100243,a_010,100243
gated_alive:a_010:100265,a_010,100265
gated_alive:a_010:100679,a_010,100679
gated_alive:a_010:100736,a_010,100736
gated_alive:a_010:100862,a_010,100862
gated_alive:a_010:100892,a_010,100892
gated_alive:a_010:100972,a_010,100972
gated_alive:a_010:101117,a_010,101117
gated_alive:a_010:101468,a_010,101468
gated_alive:a_010:101541,a_010,101541
gated_alive:a_010:102374,a_010,102374
gated_alive:a_010:102379,a_010,102379
gated_alive:a_010:102380,a_010,102380
gated_alive:a_010:102785,a_010,102785
gated_alive:a_010:103230,a_010,103230
gated_alive:a_010:103234,a_010,103234
gated_alive:a_010:103378,a_010,103378
gated_alive:a_010:103439,a_010,103439
gated_alive:a_010:103807,a_010,103807
gated_alive:a_010:104028,a_010,104028
gated_alive:a_010:104422,a_010,104422
gated_alive:a_010:104654,a_010,104654
gated_alive:a_010:104909,a_010,104909
gated_alive:a_010:104912,a_010,104912
gated_alive:a_010:105050,a_010,105050
gated_alive:a_010:105413,a_010,105413
gated_alive:a_010:105701,a_010,105701
gated_alive:a_010:105850,a_010,105850
gated_alive:a_010:105901,a_010,105901
gated_alive:a_010:106094,a_010,106094
gated_alive:a_010:106102,a_010,106102
gated_alive:a_010:106283,a_010,106283
gated_alive:a_010:106330,a_010,106330
gated_alive:a_010:106656,a_010,106656
gated_alive:a_010:106706,a_010,106706
gated_alive:a_010:106790,a_010,106790
gated_alive:a_010:106950,a_010,106950
gated_alive:a_010:107264,a_010,107264
gated_alive:a_010:107865,a_010,107865
gated_alive:a_010:107899,a_010,107899
gated_alive:a_010:107928,a_010,107928
gated_alive:a_010:108434,a_010,108434
gated_alive:a_010:108607,a_010,108607
gated_alive:a_010:108915,a_010,108915
gated_alive:a_010:109171,a_010,109171
gated_alive:a_010:109505,a_010,109505
gated_alive:a_010:109744,a_010,109744
gated_alive:a_010:110193,a_010,110193
gated_alive:a_010:110473,a_010,110473
gated_alive:a_010:110718,a_010,110718
gated_alive:a_010:110770,a_010,110770
gated_alive:a_010:111255,a_010,111255
gated_alive:a_010:111842,a_010,111842
gated_alive:a_010:111908,a_010,111908
gated_alive:a_010:112108,a_010,112108
gated_alive:a_010:112699,a_010,112699
gated_alive:a_010:113210,a_010,113210
gated_alive:a_010:113380,a_010,113380
gated_alive:a_010:113468,a_010,113468
gated_alive:a_010:113716,a_010,113716
gated_alive:a_010:113757,a_010,113757
gated_alive:a_010:113787,a_010,113787
gated_alive:a_010:114092,a_010,114092
gated_alive:a_010:114359,a_010,114359
gated_alive:a_010:114602,a_010,114602
gated_alive:a_010:115112,a_010,115112
gated_alive:a_010:115309,a_010,115309
gated_alive:a_010:115356,a_010,115356
gated_alive:a_010:115676,a_010,115676
gated_alive:a_010:115917,a_010,115917
gated_alive:a_010:115980,a_010,115980
gated_alive:a_010:116112,a_010,116112
gated_alive:a_010:116179,a_010,116179
gated_alive:a_010:116189,a_010,116189
gated_alive:a_010:116261,a_010,116261
gated_alive:a_010:116499,a_010,116499
gated_alive:a_010:116818,a_010,116818
gated_alive:a_010:117060,a_010,117060
gated_alive:a_010:117577,a_010,117577
gated_alive:a_010:117641,a_010,117641
gated_alive:a_010:117849,a_010,117849
gated_alive:a_010:117889,a_010,117889
gated_alive:a_010:118485,a_010,118485
gated_alive:a_010:118924,a_010,118924
gated_alive:a_010:119135,a_010,119135
gated_alive:a_010:119347,a_010,119347
gated_alive:a_010:119366,a_010,119366
gated_alive:a_010:119644,a_010,119644
gated_alive:a_010:119744,a_010,119744
gated_alive:a_010:119862,a_010,119862
gated_alive:a_010:120000,a_010,120000
gated_alive:a_010:120109,a_010,120109
gated_alive:a_010:120346,a_010,120346
gated_alive:a_010:121026,a_010,121026
gated_alive:a_010:121274,a_010,121274
gated_alive:a_010:121513,a_010,121513
gated_alive:a_010:121721,a_010,121721
gated_alive:a_011:273,a_011,273
gated_alive:a_011:781,a_011,781
gated_alive:a_011:1078,a_011,1078
gated_alive:a_011:3504,a_011,3504
gated_alive:a_011:3704,a_011,3704
gated_alive:a_011:4159,a_011,4159
gated_alive:a_011:4364,a_011,4364
gated_alive:a_011:4472,a_011,4472
gated_alive:a_011:5082,a_011,5082
gated_alive:a_011:5456,a_011,5456
gated_alive:a_011:5574,a_011,5574
gated_alive:a_011:5798,a_011,5798
gated_alive:a_011:7019,a_011,7019
gated_alive:a_011:7751,a_011,7751
gated_alive:a_011:8169,a_011,8169
gated_alive:a_011:8648,a_011,8648
gated_alive:a_011:8784,a_011,8784
gated_alive:a_011:9168,a_011,9168
gated_alive:a_011:9376,a_011,9376
gated_alive:a_011:10647,a_011,10647
gated_alive:a_011:10983,a_011,10983
gated_alive:a_011:11710,a_011,11710
gated_alive:a_011:12072,a_011,12072
gated_alive:a_011:12154,a_011,12154
gated_alive:a_011:13264,a_011,13264
gated_alive:a_011:13402,a_011,13402
gated_alive:a_011:13474,a_011,13474
gated_alive:a_011:14072,a_011,14072
gated_alive:a_011:14570,a_011,14570
gated_alive:a_011:14587,a_011,14587
gated_alive:a_011:15810,a_011,15810
gated_alive:a_011:16093,a_011,16093
gated_alive:a_011:16228,a_011,16228
gated_alive:a_011:16234,a_011,16234
gated_alive:a_011:16430,a_011,16430
gated_alive:a_011:16808,a_011,16808
gated_alive:a_011:17161,a_011,17161
gated_alive:a_011:18084,a_011,18084
gated_alive:a_011:18207,a_011,18207
gated_alive:a_011:20349,a_011,20349
gated_alive:a_011:20548,a_011,20548
gated_alive:a_011:20610,a_011,20610
gated_alive:a_011:20874,a_011,20874
gated_alive:a_011:21756,a_011,21756
gated_alive:a_011:21934,a_011,21934
gated_alive:a_011:21976,a_011,21976
gated_alive:a_011:22130,a_011,22130
gated_alive:a_011:22295,a_011,22295
gated_alive:a_011:22709,a_011,22709
gated_alive:a_011:23033,a_011,23033
gated_alive:a_011:23295,a_011,23295
gated_alive:a_011:23352,a_011,23352
gated_alive:a_011:23504,a_011,23504
gated_alive:a_011:23757,a_011,23757
gated_alive:a_011:24068,a_011,24068
gated_alive:a_011:24208,a_011,24208
gated_alive:a_011:24420,a_011,24420
gated_alive:a_011:24515,a_011,24515
gated_alive:a_011:24522,a_011,24522
gated_alive:a_011:24841,a_011,24841
gated_alive:a_011:24865,a_011,24865
gated_alive:a_011:25171,a_011,25171
gated_alive:a_011:26315,a_011,26315
gated_alive:a_011:26493,a_011,26493
gated_alive:a_011:26707,a_011,26707
gated_alive:a_011:28416,a_011,28416
gated_alive:a_011:28778,a_011,28778
gated_alive:a_011:29917,a_011,29917
gated_alive:a_011:30273,a_011,30273
gated_alive:a_011:30616,a_011,30616
gated_alive:a_011:30981,a_011,30981
gated_alive:a_011:31260,a_011,31260
gated_alive:a_011:31696,a_011,31696
gated_alive:a_011:31886,a_011,31886
gated_alive:a_011:33308,a_011,33308
gated_alive:a_011:33322,a_011,33322
gated_alive:a_011:33980,a_011,33980
gated_alive:a_011:34279,a_011,34279
gated_alive:a_011:34350,a_011,34350
gated_alive:a_011:35077,a_011,35077
gated_alive:a_011:35485,a_011,35485
gated_alive:a_011:35721,a_011,35721
gated_alive:a_011:35764,a_011,35764
gated_alive:a_011:36040,a_011,36040
gated_alive:a_011:36061,a_011,36061
gated_alive:a_011:36110,a_011,36110
gated_alive:a_011:36812,a_011,36812
gated_alive:a_011:37774,a_011,37774
gated_alive:a_011:38474,a_011,38474
gated_alive:a_011:38783,a_011,38783
gated_alive:a_011:39680,a_011,39680
gated_alive:a_011:40232,a_011,40232
gated_alive:a_011:40874,a_011,40874
gated_alive:a_011:41461,a_011,41461
gated_alive:a_011:41659,a_011,41659
gated_alive:a_011:42008,a_011,42008
gated_alive:a_011:42054,a_011,42054
gated_alive:a_011:42397,a_011,42397
gated_alive:a_011:43263,a_011,43263
gated_alive:a_011:43840,a_011,43840
gated_alive:a_011:44317,a_011,44317
gated_alive:a_011:44677,a_011,44677
gated_alive:a_011:45168,a_011,45168
gated_alive:a_011:45474,a_011,45474
gated_alive:a_011:46031,a_011,46031
gated_alive:a_011:47458,a_011,47458
gated_alive:a_011:47908,a_011,47908
gated_alive:a_011:48048,a_011,48048
gated_alive:a_011:48281,a_011,48281
gated_alive:a_011:50489,a_011,50489
gated_alive:a_011:50731,a_011,50731
gated_alive:a_011:51530,a_011,51530
gated_alive:a_011:51730,a_011,51730
gated_alive:a_011:52307,a_011,52307
gated_alive:a_011:52596,a_011,52596
gated_alive:a_011:52951,a_011,52951
gated_alive:a_011:54593,a_011,54593
gated_alive:a_011:54988,a_011,54988
gated_alive:a_011:55332,a_011,55332
gated_alive:a_011:55904,a_011,55904
gated_alive:a_011:56045,a_011,56045
gated_alive:a_011:56562,a_011,56562
gated_alive:a_011:57428,a_011,57428
gated_alive:a_011:59348,a_011,59348
gated_alive:a_011:59687,a_011,59687
gated_alive:a_011:61083,a_011,61083
gated_alive:a_011:61654,a_011,61654
gated_alive:a_011:62370,a_011,62370
gated_alive:a_011:63003,a_011,63003
gated_alive:a_011:64142,a_011,64142
gated_alive:a_011:64308,a_011,64308
gated_alive:a_011:64716,a_011,64716
gated_alive:a_011:64813,a_011,64813
gated_alive:a_011:65028,a_011,65028
gated_alive:a_011:65173,a_011,65173
gated_alive:a_011:65356,a_011,65356
gated_alive:a_011:65757,a_011,65757
gated_alive:a_011:65773,a_011,65773
gated_alive:a_011:66390,a_011,66390
gated_alive:a_011:66623,a_011,66623
gated_alive:a_011:66756,a_011,66756
gated_alive:a_011:67179,a_011,67179
gated_alive:a_011:69689,a_011,69689
gated_alive:a_011:70482,a_011,70482
gated_alive:a_011:71256,a_011,71256
gated_alive:a_011:72399,a_011,72399
gated_alive:a_011:73296,a_011,73296
gated_alive:a_011:73337,a_011,73337
gated_alive:a_011:74104,a_011,74104
gated_alive:a_011:76768,a_011,76768
gated_alive:a_011:77222,a_011,77222
gated_alive:a_011:77473,a_011,77473
gated_alive:a_011:77868,a_011,77868
gated_alive:a_011:78019,a_011,78019
gated_alive:a_011:79230,a_011,79230
gated_alive:a_011:79257,a_011,79257
gated_alive:a_011:79407,a_011,79407
gated_alive:a_011:80075,a_011,80075
gated_alive:a_011:80130,a_011,80130
gated_alive:a_011:81508,a_011,81508
gated_alive:a_011:81713,a_011,81713
gated_alive:a_011:82301,a_011,82301
gated_alive:a_011:82511,a_011,82511
gated_alive:a_011:84584,a_011,84584
gated_alive:a_011:84633,a_011,84633
gated_alive:a_011:84651,a_011,84651
gated_alive:a_011:85065,a_011,85065
gated_alive:a_011:85146,a_011,85146
gated_alive:a_011:85468,a_011,85468
gated_alive:a_011:85481,a_011,85481
gated_alive:a_011:85570,a_011,85570
gated_alive:a_011:85744,a_011,85744
gated_alive:a_011:85926,a_011,85926
gated_alive:a_011:86791,a_011,86791
gated_alive:a_011:87232,a_011,87232
gated_alive:a_011:87686,a_011,87686
gated_alive:a_011:87902,a_011,87902
gated_alive:a_011:88252,a_011,88252
gated_alive:a_011:88507,a_011,88507
gated_alive:a_011:88579,a_011,88579
gated_alive:a_011:88581,a_011,88581
gated_alive:a_011:89252,a_011,89252
gated_alive:a_011:90201,a_011,90201
gated_alive:a_011:91644,a_011,91644
gated_alive:a_011:91825,a_011,91825
gated_alive:a_011:91942,a_011,91942
gated_alive:a_011:92040,a_011,92040
gated_alive:a_011:92801,a_011,92801
gated_alive:a_011:92918,a_011,92918
gated_alive:a_011:93765,a_011,93765
gated_alive:a_011:94468,a_011,94468
gated_alive:a_011:94873,a_011,94873
gated_alive:a_011:95716,a_011,95716
gated_alive:a_011:96241,a_011,96241
gated_alive:a_011:96425,a_011,96425
gated_alive:a_011:96540,a_011,96540
gated_alive:a_011:97259,a_011,97259
gated_alive:a_011:97834,a_011,97834
gated_alive:a_011:98065,a_011,98065
gated_alive:a_011:98488,a_011,98488
gated_alive:a_011:98588,a_011,98588
gated_alive:a_011:99201,a_011,99201
gated_alive:a_011:99271,a_011,99271
gated_alive:a_011:99475,a_011,99475
gated_alive:a_011:100017,a_011,100017
gated_alive:a_011:100086,a_011,100086
gated_alive:a_011:100087,a_011,100087
gated_alive:a_011:100178,a_011,100178
gated_alive:a_011:100376,a_011,100376
gated_alive:a_011:100702,a_011,100702
gated_alive:a_011:101300,a_011,101300
gated_alive:a_011:101406,a_011,101406
gated_alive:a_011:101773,a_011,101773
gated_alive:a_011:101785,a_011,101785
gated_alive:a_011:102008,a_011,102008
gated_alive:a_011:102525,a_011,102525
gated_alive:a_011:102761,a_011,102761
gated_alive:a_011:103106,a_011,103106
gated_alive:a_011:103644,a_011,103644
gated_alive:a_011:103972,a_011,103972
gated_alive:a_011:105103,a_011,105103
gated_alive:a_011:105742,a_011,105742
gated_alive:a_011:105901,a_011,105901
gated_alive:a_011:107316,a_011,107316
gated_alive:a_011:108146,a_011,108146
gated_alive:a_011:108270,a_011,108270
gated_alive:a_011:108344,a_011,108344
gated_alive:a_011:108445,a_011,108445
gated_alive:a_011:108624,a_011,108624
gated_alive:a_011:108809,a_011,108809
gated_alive:a_011:109245,a_011,109245
gated_alive:a_011:109664,a_011,109664
gated_alive:a_011:109883,a_011,109883
gated_alive:a_011:110266,a_011,110266
gated_alive:a_011:110462,a_011,110462
gated_alive:a_011:110481,a_011,110481
gated_alive:a_011:110796,a_011,110796
gated_alive:a_011:111267,a_011,111267
gated_alive:a_011:111271,a_011,111271
gated_alive:a_011:111846,a_011,111846
gated_alive:a_011:112129,a_011,112129
gated_alive:a_011:113054,a_011,113054
gated_alive:a_011:113292,a_011,113292
gated_alive:a_011:113670,a_011,113670
gated_alive:a_011:113728,a_011,113728
gated_alive:a_011:114002,a_011,114002
gated_alive:a_011:114338,a_011,114338
gated_alive:a_011:114868,a_011,114868
gated_alive:a_011:114975,a_011,114975
gated_alive:a_011:115143,a_011,115143
gated_alive:a_011:115625,a_011,115625
gated_alive:a_011:116935,a_011,116935
gated_alive:a_011:117966,a_011,117966
gated_alive:a_011:118030,a_011,118030
gated_alive:a_011:119691,a_011,119691
gated_alive:a_011:120274,a_011,120274
gated_alive:a_011:121434,a_011,121434
gated_alive:a_011:121593,a_011,121593
gated_alive:a_011:123229,a_011,123229
gated_alive:a_011:123313,a_011,123313
gated_alive:a_011:123439,a_011,123439
gated_alive:a_011:124138,a_011,124138
gated_alive:a_011:124523,a_011,124523
gated_alive:a_011:125369,a_011,125369
gated_alive:a_011:125987,a_011,125987
gated_alive:a_011:126069,a_011,126069
gated_alive:a_011:126636,a_011,126636
gated_alive:a_011:126883,a_011,126883
gated_alive:a_011:128258,a_011,128258
gated_alive:a_011:128282,a_011,128282
gated_alive:a_011:128424,a_011,128424
gated_alive:a_011:128774,a_011,128774
gated_alive:a_011:129561,a_011,129561
gated_alive:a_011:129818,a_011,129818
gated_alive:a_011:130000,a_011,130000
gated_alive:a_011:131935,a_011,131935
gated_alive:a_011:132270,a_011,132270
gated_alive:a_011:132770,a_011,132770
gated_alive:a_011:133160,a_011,133160
gated_alive:a_011:133826,a_011,133826
gated_alive:a_011:134584,a_011,134584
gated_alive:a_011:134791,a_011,134791
gated_alive:a_011:134956,a_011,134956
gated_alive:a_011:135224,a_011,135224
gated_alive:a_011:135983,a_011,135983
gated_alive:a_011:136460,a_011,136460
gated_alive:a_011:136525,a_011,136525
gated_alive:a_011:137762,a_011,137762
gated_alive:a_011:138143,a_011,138143
gated_alive:a_011:138586,a_011,138586
gated_alive:a_011:139026,a_011,139026
gated_alive:a_011:139620,a_011,139620
gated_alive:a_011:139870,a_011,139870
gated_alive:a_011:140326,a_011,140326
gated_alive:a_011:141560,a_011,141560
gated_alive:a_011:141852,a_011,141852
gated_alive:a_011:142244,a_011,142244
gated_alive:a_011:142794,a_011,142794
gated_alive:a_011:142849,a_011,142849
gated_alive:a_011:143477,a_011,143477
gated_alive:a_011:143685,a_011,143685
gated_alive:a_011:143953,a_011,143953
gated_alive:a_011:144817,a_011,144817
gated_alive:a_011:145045,a_011,145045
gated_alive:a_011:145222,a_011,145222
gated_alive:a_011:145698,a_011,145698
gated_alive:a_011:146252,a_011,146252
gated_alive:a_011:146783,a_011,146783
gated_alive:a_011:146958,a_011,146958
gated_alive:a_011:147047,a_011,147047
gated_alive:a_011:147119,a_011,147119
gated_alive:a_011:148060,a_011,148060
gated_alive:a_011:148608,a_011,148608
gated_alive:a_011:149693,a_011,149693
gated_alive:a_011:151234,a_011,151234
gated_alive:a_011:151491,a_011,151491
gated_alive:a_011:151804,a_011,151804
gated_alive:a_011:151885,a_011,151885
gated_alive:a_011:152408,a_011,152408
gated_alive:a_011:152563,a_011,152563
gated_alive:a_011:152582,a_011,152582
gated_alive:a_011:152624,a_011,152624
gated_alive:a_011:152995,a_011,152995
gated_alive:a_011:153752,a_011,153752
gated_alive:a_011:156028,a_011,156028
gated_alive:a_011:159210,a_011,159210
gated_alive:a_011:159755,a_011,159755
gated_alive:a_011:160364,a_011,160364
gated_alive:a_011:160453,a_011,160453
gated_alive:a_011:160480,a_011,160480
gated_alive:a_011:161116,a_011,161116
gated_alive:a_011:162455,a_011,162455
gated_alive:a_011:162745,a_011,162745
gated_alive:a_011:163561,a_011,163561
gated_alive:a_011:163785,a_011,163785
gated_alive:a_011:164262,a_011,164262
gated_alive:a_011:164713,a_011,164713
gated_alive:a_011:164756,a_011,164756
gated_alive:a_011:165016,a_011,165016
gated_alive:a_011:165035,a_011,165035
gated_alive:a_011:165903,a_011,165903
gated_alive:a_011:166507,a_011,166507
gated_alive:a_011:166570,a_011,166570
gated_alive:a_011:167961,a_011,167961
gated_alive:a_011:168555,a_011,168555
gated_alive:a_011:168799,a_011,168799
gated_alive:a_011:169355,a_011,169355
gated_alive:a_011:170554,a_011,170554
gated_alive:a_011:172843,a_011,172843
gated_alive:a_011:173798,a_011,173798
gated_alive:a_011:174071,a_011,174071
gated_alive:a_011:174408,a_011,174408
gated_alive:a_011:175255,a_011,175255
gated_alive:a_011:175952,a_011,175952
gated_alive:a_011:177380,a_011,177380
gated_alive:a_011:177516,a_011,177516
gated_alive:a_011:179684,a_011,179684
gated_alive:a_011:180185,a_011,180185
gated_alive:a_011:180388,a_011,180388
gated_alive:a_011:180507,a_011,180507
gated_alive:a_011:182206,a_011,182206
gated_alive:a_011:182316,a_011,182316
gated_alive:a_011:182771,a_011,182771
gated_alive:a_011:184664,a_011,184664
gated_alive:a_011:185223,a_011,185223
gated_alive:a_011:186079,a_011,186079
gated_alive:a_011:186538,a_011,186538
gated_alive:a_011:186842,a_011,186842
gated_alive:a_011:187106,a_011,187106
gated_alive:a_011:187744,a_011,187744
gated_alive:a_011:188721,a_011,188721
gated_alive:a_011:189008,a_011,189008
gated_alive:a_011:189825,a_011,189825
gated_alive:a_011:190190,a_011,190190
gated_alive:a_011:190838,a_011,190838
gated_alive:a_011:191278,a_011,191278
gated_alive:a_011:192045,a_011,192045
gated_alive:a_011:192335,a_011,192335
gated_alive:a_011:192554,a_011,192554
gated_alive:a_011:193231,a_011,193231
gated_alive:a_011:193267,a_011,193267
gated_alive:a_011:193723,a_011,193723
gated_alive:a_011:194999,a_011,194999
gated_alive:a_011:195183,a_011,195183
gated_alive:a_011:195606,a_011,195606
gated_alive:a_011:195671,a_011,195671
gated_alive:a_011:195759,a_011,195759
gated_alive:a_011:196608,a_011,196608
gated_alive:a_011:197076,a_011,197076
gated_alive:a_011:197614,a_011,197614
gated_alive:a_011:197824,a_011,197824
gated_alive:a_011:198682,a_011,198682
gated_alive:a_011:200054,a_011,200054
gated_alive:a_011:200638,a_011,200638
gated_alive:a_011:200987,a_011,200987
gated_alive:a_011:201427,a_011,201427
gated_alive:a_011:201551,a_011,201551
gated_alive:a_011:202817,a_011,202817
gated_alive:a_011:204058,a_011,204058
gated_alive:a_011:204186,a_011,204186
gated_alive:a_011:204668,a_011,204668
gated_alive:a_011:204681,a_011,204681
gated_alive:a_011:205019,a_011,205019
gated_alive:a_011:205409,a_011,205409
gated_alive:a_011:206764,a_011,206764
gated_alive:a_011:206951,a_011,206951
gated_alive:a_011:207192,a_011,207192
gated_alive:a_011:207430,a_011,207430
gated_alive:a_011:207857,a_011,207857
gated_alive:a_011:208274,a_011,208274
gated_alive:a_011:210388,a_011,210388
gated_alive:a_011:211003,a_011,211003
gated_alive:a_011:211249,a_011,211249
gated_alive:a_011:211954,a_011,211954
gated_alive:a_011:212309,a_011,212309
gated_alive:a_011:212568,a_011,212568
gated_alive:a_011:212681,a_011,212681
gated_alive:a_011:212746,a_011,212746
gated_alive:a_011:212876,a_011,212876
gated_alive:a_011:213069,a_011,213069
gated_alive:a_011:213095,a_011,213095
gated_alive:a_011:213556,a_011,213556
gated_alive:a_011:214181,a_011,214181
gated_alive:a_011:215115,a_011,215115
gated_alive:a_011:216138,a_011,216138
gated_alive:a_011:216299,a_011,216299
gated_alive:a_011:217476,a_011,217476
gated_alive:a_011:217735,a_011,217735
gated_alive:a_011:218483,a_011,218483
gated_alive:a_011:219644,a_011,219644
gated_alive:a_011:220150,a_011,220150
gated_alive:a_011:220443,a_011,220443
gated_alive:a_011:220636,a_011,220636
gated_alive:a_011:221029,a_011,221029
gated_alive:a_011:222244,a_011,222244
gated_alive:a_011:222484,a_011,222484
gated_alive:a_011:222718,a_011,222718
gated_alive:a_011:223035,a_011,223035
gated_alive:a_011:225964,a_011,225964
gated_alive:a_011:225968,a_011,225968
gated_alive:a_011:226264,a_011,226264
gated_alive:a_011:226304,a_011,226304
gated_alive:a_011:227127,a_011,227127
gated_alive:a_011:227732,a_011,227732
gated_alive:a_011:229995,a_011,229995
gated_alive:a_011:230227,a_011,230227
gated_alive:a_011:230448,a_011,230448
gated_alive:a_011:230924,a_011,230924
gated_alive:a_011:230935,a_011,230935
gated_alive:a_011:231110,a_011,231110
gated_alive:a_011:231148,a_011,231148
gated_alive:a_011:231233,a_011,231233
gated_alive:a_011:231302,a_011,231302
gated_alive:a_011:231468,a_011,231468
gated_alive:a_011:232146,a_011,232146
gated_alive:a_011:232384,a_011,232384
gated_alive:a_011:232765,a_011,232765
gated_alive:a_011:234568,a_011,234568
gated_alive:a_011:235218,a_011,235218
gated_alive:a_011:235991,a_011,235991
gated_alive:a_011:237662,a_011,237662
gated_alive:a_011:239080,a_011,239080
gated_alive:a_011:240178,a_011,240178
gated_alive:a_011:240965,a_011,240965
gated_alive:a_011:241115,a_011,241115
gated_alive:a_011:241825,a_011,241825
gated_alive:a_011:241947,a_011,241947
gated_alive:a_011:242297,a_011,242297
gated_alive:a_011:242480,a_011,242480
gated_alive:a_011:243114,a_011,243114
gated_alive:a_011:243367,a_011,243367
gated_alive:a_011:243824,a_011,243824
gated_alive:a_011:244896,a_011,244896
gated_alive:a_011:245151,a_011,245151
gated_alive:a_011:247473,a_011,247473
gated_alive:a_011:248098,a_011,248098
gated_alive:a_011:248794,a_011,248794
gated_alive:a_011:248838,a_011,248838
gated_alive:a_011:249484,a_011,249484
gated_alive:a_011:249494,a_011,249494
gated_alive:a_011:249951,a_011,249951
gated_alive:a_011:250616,a_011,250616
gated_alive:a_011:251299,a_011,251299
gated_alive:a_011:251554,a_011,251554
gated_alive:a_011:252075,a_011,252075
gated_alive:a_011:252767,a_011,252767
gated_alive:a_011:253379,a_011,253379
gated_alive:a_011:253500,a_011,253500
gated_alive:a_011:253724,a_011,253724
gated_alive:a_011:254319,a_011,254319
gated_alive:a_011:255595,a_011,255595
gated_alive:a_011:255776,a_011,255776
gated_alive:a_011:256048,a_011,256048
gated_alive:a_011:256263,a_011,256263
gated_alive:a_011:256358,a_011,256358
gated_alive:a_011:256625,a_011,256625
gated_alive:a_011:257554,a_011,257554
gated_alive:a_011:257746,a_011,257746
gated_alive:a_011:257970,a_011,257970
gated_alive:a_011:258369,a_011,258369
gated_alive:a_012:14,a_012,14
gated_alive:a_012:159,a_012,159
gated_alive:a_012:256,a_012,256
gated_alive:a_012:300,a_012,300
gated_alive:a_012:1192,a_012,1192
gated_alive:a_012:1732,a_012,1732
gated_alive:a_012:1870,a_012,1870
gated_alive:a_012:1928,a_012,1928
gated_alive:a_012:2181,a_012,2181
gated_alive:a_012:2585,a_012,2585
gated_alive:a_012:2956,a_012,2956
gated_alive:a_012:4437,a_012,4437
gated_alive:a_012:4872,a_012,4872
gated_alive:a_012:5382,a_012,5382
gated_alive:a_012:5553,a_012,5553
gated_alive:a_012:5688,a_012,5688
gated_alive:a_012:6112,a_012,6112
gated_alive:a_012:6123,a_012,6123
gated_alive:a_012:6311,a_012,6311
gated_alive:a_012:6634,a_012,6634
gated_alive:a_012:6908,a_012,6908
gated_alive:a_012:7293,a_012,7293
gated_alive:a_012:7684,a_012,7684
gated_alive:a_012:8156,a_012,8156
gated_alive:a_012:8261,a_012,8261
gated_alive:a_012:8798,a_012,8798
gated_alive:a_012:9090,a_012,9090
gated_alive:a_012:9223,a_012,9223
gated_alive:a_012:9259,a_012,9259
gated_alive:a_012:9624,a_012,9624
gated_alive:a_012:9792,a_012,9792
gated_alive:a_012:10151,a_012,10151
gated_alive:a_012:10784,a_012,10784
gated_alive:a_012:10881,a_012,10881
gated_alive:a_012:10886,a_012,10886
gated_alive:a_012:11310,a_012,11310
gated_alive:a_012:11997,a_012,11997
gated_alive:a_012:12033,a_012,12033
gated_alive:a_012:12238,a_012,12238
gated_alive:a_012:12567,a_012,12567
gated_alive:a_012:13538,a_012,13538
gated_alive:a_012:13548,a_012,13548
gated_alive:a_012:13791,a_012,13791
gated_alive:a_012:14598,a_012,14598
gated_alive:a_012:14712,a_012,14712
gated_alive:a_012:15002,a_012,15002
gated_alive:a_012:15648,a_012,15648
gated_alive:a_012:15750,a_012,15750
gated_alive:a_012:16657,a_012,16657
gated_alive:a_012:17268,a_012,17268
gated_alive:a_012:17342,a_012,17342
gated_alive:a_012:17540,a_012,17540
gated_alive:a_012:18197,a_012,18197
gated_alive:a_012:18252,a_012,18252
gated_alive:a_012:18509,a_012,18509
gated_alive:a_012:18535,a_012,18535
gated_alive:a_012:18597,a_012,18597
gated_alive:a_012:19221,a_012,19221
gated_alive:a_012:19239,a_012,19239
gated_alive:a_012:19542,a_012,19542
gated_alive:a_012:19959,a_012,19959
gated_alive:a_012:20237,a_012,20237
gated_alive:a_012:20335,a_012,20335
gated_alive:a_012:20417,a_012,20417
gated_alive:a_012:20982,a_012,20982
gated_alive:a_012:21025,a_012,21025
gated_alive:a_012:21053,a_012,21053
gated_alive:a_012:21314,a_012,21314
gated_alive:a_012:21477,a_012,21477
gated_alive:a_012:21872,a_012,21872
gated_alive:a_012:22582,a_012,22582
gated_alive:a_012:22738,a_012,22738
gated_alive:a_012:23595,a_012,23595
gated_alive:a_012:24170,a_012,24170
gated_alive:a_012:24354,a_012,24354
gated_alive:a_012:24825,a_012,24825
gated_alive:a_012:27024,a_012,27024
gated_alive:a_012:27144,a_012,27144
gated_alive:a_012:27177,a_012,27177
gated_alive:a_012:27589,a_012,27589
gated_alive:a_012:27874,a_012,27874
gated_alive:a_012:27934,a_012,27934
gated_alive:a_012:27936,a_012,27936
gated_alive:a_012:27945,a_012,27945
gated_alive:a_012:28210,a_012,28210
gated_alive:a_012:28587,a_012,28587
gated_alive:a_012:28724,a_012,28724
gated_alive:a_012:29207,a_012,29207
gated_alive:a_012:29305,a_012,29305
gated_alive:a_012:29664,a_012,29664
gated_alive:a_012:29734,a_012,29734
gated_alive:a_012:29739,a_012,29739
gated_alive:a_012:30378,a_012,30378
gated_alive:a_012:30439,a_012,30439
gated_alive:a_012:30770,a_012,30770
gated_alive:a_012:30823,a_012,30823
gated_alive:a_012:31380,a_012,31380
gated_alive:a_012:31482,a_012,31482
gated_alive:a_012:31890,a_012,31890
gated_alive:a_012:31912,a_012,31912
gated_alive:a_012:32052,a_012,32052
gated_alive:a_012:32113,a_012,32113
gated_alive:a_012:32238,a_012,32238
gated_alive:a_012:33513,a_012,33513
gated_alive:a_012:33761,a_012,33761
gated_alive:a_012:34255,a_012,34255
gated_alive:a_012:34478,a_012,34478
gated_alive:a_012:34656,a_012,34656
gated_alive:a_012:34689,a_012,34689
gated_alive:a_012:34761,a_012,34761
gated_alive:a_012:34903,a_012,34903
gated_alive:a_012:34974,a_012,34974
gated_alive:a_012:35322,a_012,35322
gated_alive:a_012:35581,a_012,35581
gated_alive:a_012:36439,a_012,36439
gated_alive:a_012:36485,a_012,36485
gated_alive:a_012:36631,a_012,36631
gated_alive:a_012:36711,a_012,36711
gated_alive:a_012:37940,a_012,37940
gated_alive:a_012:38184,a_012,38184
gated_alive:a_012:38387,a_012,38387
gated_alive:a_012:38455,a_012,38455
gated_alive:a_012:39259,a_012,39259
gated_alive:a_012:39566,a_012,39566
gated_alive:a_012:39593,a_012,39593
gated_alive:a_012:39999,a_012,39999
gated_alive:a_012:40187,a_012,40187
gated_alive:a_012:40538,a_012,40538
gated_alive:a_012:40622,a_012,40622
gated_alive:a_012:40713,a_012,40713
gated_alive:a_012:41455,a_012,41455
gated_alive:a_012:41650,a_012,41650
gated_alive:a_012:42263,a_012,42263
gated_alive:a_012:42358,a_012,42358
gated_alive:a_012:42508,a_012,42508
gated_alive:a_012:42762,a_012,42762
gated_alive:a_012:42895,a_012,42895
gated_alive:a_012:43150,a_012,43150
gated_alive:a_012:44425,a_012,44425
gated_alive:a_012:44499,a_012,44499
gated_alive:a_012:44524,a_012,44524
gated_alive:a_012:44992,a_012,44992
gated_alive:a_012:45197,a_012,45197
gated_alive:a_012:45504,a_012,45504
gated_alive:a_012:45909,a_012,45909
gated_alive:a_012:45982,a_012,45982
gated_alive:a_012:46106,a_012,46106
gated_alive:a_012:46232,a_012,46232
gated_alive:a_012:46790,a_012,46790
gated_alive:a_012:46916,a_012,46916
gated_alive:a_012:46978,a_012,46978
gated_alive:a_012:46981,a_012,46981
gated_alive:a_012:47257,a_012,47257
gated_alive:a_012:47263,a_012,47263
gated_alive:a_012:47272,a_012,47272
gated_alive:a_012:47552,a_012,47552
gated_alive:a_012:47726,a_012,47726
gated_alive:a_012:47733,a_012,47733
gated_alive:a_012:47855,a_012,47855
gated_alive:a_012:47889,a_012,47889
gated_alive:a_012:47937,a_012,47937
gated_alive:a_012:48147,a_012,48147
gated_alive:a_012:48248,a_012,48248
gated_alive:a_012:49608,a_012,49608
gated_alive:a_012:49905,a_012,49905
gated_alive:a_012:50385,a_012,50385
gated_alive:a_012:50957,a_012,50957
gated_alive:a_012:51180,a_012,51180
gated_alive:a_012:51758,a_012,51758
gated_alive:a_012:51978,a_012,51978
gated_alive:a_012:52287,a_012,52287
gated_alive:a_012:52806,a_012,52806
gated_alive:a_012:53379,a_012,53379
gated_alive:a_012:54222,a_012,54222
gated_alive:a_012:54535,a_012,54535
gated_alive:a_012:54972,a_012,54972
gated_alive:a_012:55641,a_012,55641
gated_alive:a_012:55652,a_012,55652
gated_alive:a_012:55898,a_012,55898
gated_alive:a_012:57298,a_012,57298
gated_alive:a_012:57460,a_012,57460
gated_alive:a_012:58131,a_012,58131
gated_alive:a_012:58145,a_012,58145
gated_alive:a_012:58152,a_012,58152
gated_alive:a_012:58809,a_012,58809
gated_alive:a_012:59180,a_012,59180
gated_alive:a_012:59707,a_012,59707
gated_alive:a_012:60112,a_012,60112
gated_alive:a_012:60466,a_012,60466
gated_alive:a_012:61662,a_012,61662
gated_alive:a_012:62601,a_012,62601
gated_alive:a_012:62806,a_012,62806
gated_alive:a_012:62932,a_012,62932
gated_alive:a_012:63780,a_012,63780
gated_alive:a_012:63785,a_012,63785
gated_alive:a_012:63834,a_012,63834
gated_alive:a_012:64355,a_012,64355
gated_alive:a_012:64466,a_012,64466
gated_alive:a_012:64651,a_012,64651
gated_alive:a_012:65363,a_012,65363
gated_alive:a_012:66102,a_012,66102
gated_alive:a_012:66163,a_012,66163
gated_alive:a_012:66588,a_012,66588
gated_alive:a_012:66703,a_012,66703
gated_alive:a_012:67010,a_012,67010
gated_alive:a_012:67800,a_012,67800
gated_alive:a_012:68380,a_012,68380
gated_alive:a_012:69057,a_012,69057
gated_alive:a_012:69866,a_012,69866
gated_alive:a_012:70141,a_012,70141
gated_alive:a_012:70566,a_012,70566
gated_alive:a_012:70588,a_012,70588
gated_alive:a_012:70788,a_012,70788
gated_alive:a_012:70832,a_012,70832
gated_alive:a_012:71396,a_012,71396
gated_alive:a_012:71428,a_012,71428
gated_alive:a_012:71703,a_012,71703
gated_alive:a_012:71890,a_012,71890
gated_alive:a_012:71897,a_012,71897
gated_alive:a_012:72291,a_012,72291
gated_alive:a_012:72458,a_012,72458
gated_alive:a_012:72654,a_012,72654
gated_alive:a_012:72719,a_012,72719
gated_alive:a_012:73482,a_012,73482
gated_alive:a_012:74309,a_012,74309
gated_alive:a_012:74864,a_012,74864
gated_alive:a_012:74960,a_012,74960
gated_alive:a_012:75450,a_012,75450
gated_alive:a_012:75998,a_012,75998
gated_alive:a_012:76362,a_012,76362
gated_alive:a_012:76431,a_012,76431
gated_alive:a_012:76920,a_012,76920
gated_alive:a_012:76953,a_012,76953
gated_alive:a_012:77136,a_012,77136
gated_alive:a_012:77788,a_012,77788
gated_alive:a_012:77999,a_012,77999
gated_alive:a_012:78981,a_012,78981
gated_alive:a_012:80277,a_012,80277
gated_alive:a_012:80432,a_012,80432
gated_alive:a_012:80578,a_012,80578
gated_alive:a_012:81101,a_012,81101
gated_alive:a_012:81942,a_012,81942
gated_alive:a_012:81986,a_012,81986
gated_alive:a_012:82129,a_012,82129
gated_alive:a_012:82163,a_012,82163
gated_alive:a_012:83293,a_012,83293
gated_alive:a_012:83498,a_012,83498
gated_alive:a_012:83893,a_012,83893
gated_alive:a_012:84098,a_012,84098
gated_alive:a_012:84407,a_012,84407
gated_alive:a_012:85713,a_012,85713
gated_alive:a_012:85829,a_012,85829
gated_alive:a_012:85867,a_012,85867
gated_alive:a_012:85892,a_012,85892
gated_alive:a_012:86063,a_012,86063
gated_alive:a_012:86203,a_012,86203
gated_alive:a_012:86316,a_012,86316
gated_alive:a_012:86935,a_012,86935
gated_alive:a_012:87274,a_012,87274
gated_alive:a_012:88451,a_012,88451
gated_alive:a_012:88803,a_012,88803
gated_alive:a_012:89742,a_012,89742
gated_alive:a_012:90323,a_012,90323
gated_alive:a_012:90730,a_012,90730
gated_alive:a_012:90942,a_012,90942
gated_alive:a_012:91386,a_012,91386
gated_alive:a_012:91898,a_012,91898
gated_alive:a_012:92824,a_012,92824
gated_alive:a_012:93038,a_012,93038
gated_alive:a_012:93070,a_012,93070
gated_alive:a_012:93790,a_012,93790
gated_alive:a_012:93991,a_012,93991
gated_alive:a_012:94073,a_012,94073
gated_alive:a_012:94170,a_012,94170
gated_alive:a_012:94256,a_012,94256
gated_alive:a_012:94344,a_012,94344
gated_alive:a_012:94369,a_012,94369
gated_alive:a_012:94470,a_012,94470
gated_alive:a_012:94659,a_012,94659
gated_alive:a_012:95287,a_012,95287
gated_alive:a_012:95563,a_012,95563
gated_alive:a_012:96121,a_012,96121
gated_alive:a_012:96452,a_012,96452
gated_alive:a_012:96855,a_012,96855
gated_alive:a_012:96879,a_012,96879
gated_alive:a_012:96984,a_012,96984
gated_alive:a_012:97178,a_012,97178
gated_alive:a_012:97285,a_012,97285
gated_alive:a_012:98036,a_012,98036
gated_alive:a_012:98432,a_012,98432
gated_alive:a_012:98695,a_012,98695
gated_alive:a_012:99065,a_012,99065
gated_alive:a_012:99490,a_012,99490
gated_alive:a_012:99798,a_012,99798
gated_alive:a_012:100530,a_012,100530
gated_alive:a_012:101038,a_012,101038
gated_alive:a_012:101139,a_012,101139
gated_alive:a_012:101626,a_012,101626
gated_alive:a_012:101705,a_012,101705
gated_alive:a_012:101939,a_012,101939
gated_alive:a_012:102185,a_012,102185
gated_alive:a_012:102628,a_012,102628
gated_alive:a_012:102726,a_012,102726
gated_alive:a_012:102887,a_012,102887
gated_alive:a_012:102939,a_012,102939
gated_alive:a_012:103581,a_012,103581
gated_alive:a_012:103597,a_012,103597
gated_alive:a_012:105278,a_012,105278
gated_alive:a_012:105570,a_012,105570
gated_alive:a_012:105940,a_012,105940
gated_alive:a_012:106371,a_012,106371
gated_alive:a_012:106861,a_012,106861
gated_alive:a_012:106959,a_012,106959
gated_alive:a_012:107190,a_012,107190
gated_alive:a_012:107926,a_012,107926
gated_alive:a_012:107995,a_012,107995
gated_alive:a_012:108429,a_012,108429
gated_alive:a_012:108435,a_012,108435
gated_alive:a_012:108560,a_012,108560
gated_alive:a_012:108815,a_012,108815
gated_alive:a_012:109028,a_012,109028
gated_alive:a_012:109268,a_012,109268
gated_alive:a_012:109905,a_012,109905
gated_alive:a_012:110415,a_012,110415
gated_alive:a_012:111118,a_012,111118
gated_alive:a_012:113134,a_012,113134
gated_alive:a_012:113503,a_012,113503
gated_alive:a_012:114329,a_012,114329
gated_alive:a_012:114824,a_012,114824
gated_alive:a_012:114923,a_012,114923
gated_alive:a_012:114943,a_012,114943
gated_alive:a_012:115811,a_012,115811
gated_alive:a_012:115979,a_012,115979
gated_alive:a_012:116236,a_012,116236
gated_alive:a_012:116496,a_012,116496
gated_alive:a_012:116573,a_012,116573
gated_alive:a_012:116790,a_012,116790
gated_alive:a_012:117428,a_012,117428
gated_alive:a_012:117493,a_012,117493
gated_alive:a_012:117715,a_012,117715
gated_alive:a_012:117741,a_012,117741
gated_alive:a_012:118005,a_012,118005
gated_alive:a_012:118496,a_012,118496
gated_alive:a_012:119460,a_012,119460
gated_alive:a_012:119548,a_012,119548
gated_alive:a_012:119609,a_012,119609
gated_alive:a_012:119725,a_012,119725
gated_alive:a_012:120280,a_012,120280
gated_alive:a_012:120392,a_012,120392
gated_alive:a_012:120646,a_012,120646
gated_alive:a_012:120883,a_012,120883
gated_alive:a_012:121062,a_012,121062
gated_alive:a_012:121560,a_012,121560
gated_alive:a_012:123657,a_012,123657
gated_alive:a_012:124086,a_012,124086
gated_alive:a_012:124752,a_012,124752
gated_alive:a_012:124770,a_012,124770
gated_alive:a_012:124937,a_012,124937
gated_alive:a_012:125271,a_012,125271
gated_alive:a_012:125532,a_012,125532
gated_alive:a_012:125739,a_012,125739
gated_alive:a_012:125979,a_012,125979
gated_alive:a_012:126735,a_012,126735
gated_alive:a_012:127443,a_012,127443
gated_alive:a_012:127483,a_012,127483
gated_alive:a_012:127937,a_012,127937
gated_alive:a_012:128896,a_012,128896
gated_alive:a_012:130144,a_012,130144
gated_alive:a_012:130173,a_012,130173
gated_alive:a_012:130338,a_012,130338
gated_alive:a_012:130776,a_012,130776
gated_alive:a_012:130916,a_012,130916
gated_alive:a_012:131251,a_012,131251
gated_alive:a_012:131354,a_012,131354
gated_alive:a_012:132752,a_012,132752
gated_alive:a_012:132979,a_012,132979
gated_alive:a_012:133089,a_012,133089
gated_alive:a_012:133358,a_012,133358
gated_alive:a_012:134016,a_012,134016
gated_alive:a_012:134346,a_012,134346
gated_alive:a_012:134397,a_012,134397
gated_alive:a_012:134877,a_012,134877
gated_alive:a_012:135192,a_012,135192
gated_alive:a_012:136510,a_012,136510
gated_alive:a_012:136989,a_012,136989
gated_alive:a_012:137927,a_012,137927
gated_alive:a_012:138552,a_012,138552
gated_alive:a_012:138959,a_012,138959
gated_alive:a_012:139564,a_012,139564
gated_alive:a_012:140063,a_012,140063
gated_alive:a_012:141418,a_012,141418
gated_alive:a_012:141524,a_012,141524
gated_alive:a_012:142030,a_012,142030
gated_alive:a_012:142649,a_012,142649
gated_alive:a_012:142743,a_012,142743
gated_alive:a_012:142847,a_012,142847
gated_alive:a_012:143099,a_012,143099
gated_alive:a_012:143107,a_012,143107
gated_alive:a_012:143125,a_012,143125
gated_alive:a_012:143790,a_012,143790
gated_alive:a_012:144072,a_012,144072
gated_alive:a_012:144106,a_012,144106
gated_alive:a_012:144378,a_012,144378
gated_alive:a_012:144416,a_012,144416
gated_alive:a_012:144708,a_012,144708
gated_alive:a_012:145041,a_012,145041
gated_alive:a_012:145088,a_012,145088
gated_alive:a_012:146403,a_012,146403
gated_alive:a_012:146657,a_012,146657
gated_alive:a_012:147596,a_012,147596
gated_alive:a_012:147757,a_012,147757
gated_alive:a_012:147934,a_012,147934
gated_alive:a_012:150613,a_012,150613
gated_alive:a_012:151095,a_012,151095
gated_alive:a_012:151690,a_012,151690
gated_alive:a_012:152093,a_012,152093
gated_alive:a_012:152260,a_012,152260
gated_alive:a_012:152492,a_012,152492
gated_alive:a_012:152700,a_012,152700
gated_alive:a_012:152812,a_012,152812
gated_alive:a_012:153382,a_012,153382
gated_alive:a_012:153553,a_012,153553
gated_alive:a_012:153655,a_012,153655
gated_alive:a_012:153680,a_012,153680
gated_alive:a_012:154857,a_012,154857
gated_alive:a_012:154908,a_012,154908
gated_alive:a_012:155073,a_012,155073
gated_alive:a_012:155312,a_012,155312
gated_alive:a_012:156139,a_012,156139
gated_alive:a_012:156571,a_012,156571
gated_alive:a_012:156712,a_012,156712
gated_alive:a_012:157511,a_012,157511
gated_alive:a_012:157869,a_012,157869
gated_alive:a_012:159511,a_012,159511
gated_alive:a_012:160378,a_012,160378
gated_alive:a_012:161055,a_012,161055
gated_alive:a_012:161282,a_012,161282
gated_alive:a_012:161526,a_012,161526
gated_alive:a_012:161528,a_012,161528
gated_alive:a_012:162107,a_012,162107
gated_alive:a_012:162233,a_012,162233
gated_alive:a_012:162443,a_012,162443
gated_alive:a_012:163269,a_012,163269
gated_alive:a_012:163294,a_012,163294
gated_alive:a_012:164343,a_012,164343
gated_alive:a_012:164446,a_012,164446
gated_alive:a_012:164605,a_012,164605
gated_alive:a_012:164704,a_012,164704
gated_alive:a_012:164954,a_012,164954
gated_alive:a_012:165022,a_012,165022
gated_alive:a_012:166013,a_012,166013
gated_alive:a_012:166448,a_012,166448
gated_alive:a_012:166935,a_012,166935
gated_alive:a_012:166936,a_012,166936
gated_alive:a_012:167274,a_012,167274
gated_alive:a_012:167915,a_012,167915
gated_alive:a_012:168076,a_012,168076
gated_alive:a_012:168563,a_012,168563
gated_alive:a_012:168681,a_012,168681
gated_alive:a_012:169514,a_012,169514
gated_alive:a_012:170114,a_012,170114
gated_alive:a_012:170408,a_012,170408
gated_alive:a_012:170999,a_012,170999
gated_alive:a_012:171108,a_012,171108
gated_alive:a_012:171307,a_012,171307
gated_alive:a_012:171567,a_012,171567
gated_alive:a_012:172034,a_012,172034
gated_alive:a_012:172287,a_012,172287
gated_alive:a_012:173053,a_012,173053
gated_alive:a_012:173430,a_012,173430
gated_alive:a_012:174900,a_012,174900
gated_alive:a_012:176487,a_012,176487
gated_alive:a_012:176689,a_012,176689
gated_alive:a_012:177095,a_012,177095
gated_alive:a_012:177229,a_012,177229
gated_alive:a_012:177956,a_012,177956
gated_alive:a_012:178263,a_012,178263
gated_alive:a_012:179312,a_012,179312
gated_alive:a_012:179434,a_012,179434
gated_alive:a_012:179580,a_012,179580
gated_alive:a_012:179603,a_012,179603
gated_alive:a_012:179681,a_012,179681
gated_alive:a_012:179805,a_012,179805
gated_alive:a_012:180091,a_012,180091
gated_alive:a_012:180630,a_012,180630
gated_alive:a_012:180767,a_012,180767
gated_alive:a_012:180919,a_012,180919
gated_alive:a_012:182458,a_012,182458
gated_alive:a_012:182793,a_012,182793
gated_alive:a_012:183482,a_012,183482
gated_alive:a_012:183486,a_012,183486
gated_alive:a_012:183565,a_012,183565
gated_alive:a_012:183873,a_012,183873
gated_alive:a_012:184012,a_012,184012
gated_alive:a_012:184015,a_012,184015
gated_alive:a_012:184254,a_012,184254
gated_alive:a_012:184816,a_012,184816
gated_alive:a_012:185277,a_012,185277
gated_alive:a_012:185656,a_012,185656
gated_alive:a_012:186204,a_012,186204
gated_alive:a_1a:73,a_1a,73
gated_alive:a_1a:120,a_1a,120
gated_alive:a_1a:199,a_1a,199
gated_alive:a_1a:353,a_1a,353
gated_alive:a_1a:449,a_1a,449
gated_alive:a_1a:812,a_1a,812
gated_alive:a_1a:1251,a_1a,1251
gated_alive:a_1a:1306,a_1a,1306
gated_alive:a_1a:1387,a_1a,1387
gated_alive:a_1a:1455,a_1a,1455
gated_alive:a_1a:1513,a_1a,1513
gated_alive:a_1a:1760,a_1a,1760
gated_alive:a_1a:2116,a_1a,2116
gated_alive:a_1a:2147,a_1a,2147
gated_alive:a_1a:2769,a_1a,2769
gated_alive:a_1a:2805,a_1a,2805
gated_alive:a_1a:3092,a_1a,3092
gated_alive:a_1a:4846,a_1a,4846
gated_alive:a_1a:5050,a_1a,5050
gated_alive:a_1a:5162,a_1a,5162
gated_alive:a_1a:5716,a_1a,5716
gated_alive:a_1a:5942,a_1a,5942
gated_alive:a_1a:6046,a_1a,6046
gated_alive:a_1a:6055,a_1a,6055
gated_alive:a_1a:6301,a_1a,6301
gated_alive:a_1a:6732,a_1a,6732
gated_alive:a_1a:7042,a_1a,7042
gated_alive:a_1a:7228,a_1a,7228
gated_alive:a_1a:7293,a_1a,7293
gated_alive:a_1a:7296,a_1a,7296
gated_alive:a_1a:7381,a_1a,7381
gated_alive:a_1a:7696,a_1a,7696
gated_alive:a_1a:8226,a_1a,8226
gated_alive:a_1a:8541,a_1a,8541
gated_alive:a_1a:9234,a_1a,9234
gated_alive:a_1a:9384,a_1a,9384
gated_alive:a_1a:9435,a_1a,9435
gated_alive:a_1a:9868,a_1a,9868
gated_alive:a_1a:9983,a_1a,9983
gated_alive:a_1a:10262,a_1a,10262
gated_alive:a_1a:10292,a_1a,10292
gated_alive:a_1a:10421,a_1a,10421
gated_alive:a_1a:10807,a_1a,10807
gated_alive:a_1a:10903,a_1a,10903
gated_alive:a_1a:11027,a_1a,11027
gated_alive:a_1a:11553,a_1a,11553
gated_alive:a_1a:11698,a_1a,11698
gated_alive:a_1a:11715,a_1a,11715
gated_alive:a_1a:11838,a_1a,11838
gated_alive:a_1a:12175,a_1a,12175
gated_alive:a_1a:12277,a_1a,12277
gated_alive:a_1a:12453,a_1a,12453
gated_alive:a_1a:12496,a_1a,12496
gated_alive:a_1a:13163,a_1a,13163
gated_alive:a_1a:13416,a_1a,13416
gated_alive:a_1a:13485,a_1a,13485
gated_alive:a_1a:13551,a_1a,13551
gated_alive:a_1a:13775,a_1a,13775
gated_alive:a_1a:13809,a_1a,13809
gated_alive:a_1a:13823,a_1a,13823
gated_alive:a_1a:13847,a_1a,13847
gated_alive:a_1a:14026,a_1a,14026
gated_alive:a_1a:14182,a_1a,14182
gated_alive:a_1a:14258,a_1a,14258
gated_alive:a_1a:14689,a_1a,14689
gated_alive:a_1a:14691,a_1a,14691
gated_alive:a_1a:14738,a_1a,14738
gated_alive:a_1a:14842,a_1a,14842
gated_alive:a_1a:16046,a_1a,16046
gated_alive:a_1a:16050,a_1a,16050
gated_alive:a_1a:16119,a_1a,16119
gated_alive:a_1a:17048,a_1a,17048
gated_alive:a_1a:17142,a_1a,17142
gated_alive:a_1a:17715,a_1a,17715
gated_alive:a_1a:17747,a_1a,17747
gated_alive:a_1a:18048,a_1a,18048
gated_alive:a_1a:18359,a_1a,18359
gated_alive:a_1a:18382,a_1a,18382
gated_alive:a_1a:18817,a_1a,18817
gated_alive:a_1a:19068,a_1a,19068
gated_alive:a_1a:19140,a_1a,19140
gated_alive:a_1a:19509,a_1a,19509
gated_alive:a_1a:20142,a_1a,20142
gated_alive:a_1a:20448,a_1a,20448
gated_alive:a_1a:20736,a_1a,20736
gated_alive:a_1a:20924,a_1a,20924
gated_alive:a_1a:21245,a_1a,21245
gated_alive:a_1a:21821,a_1a,21821
gated_alive:a_1a:22401,a_1a,22401
gated_alive:a_1a:22576,a_1a,22576
gated_alive:a_1a:22677,a_1a,22677
gated_alive:a_1a:22817,a_1a,22817
gated_alive:a_1a:23271,a_1a,23271
gated_alive:a_1a:23326,a_1a,23326
gated_alive:a_1a:23654,a_1a,23654
gated_alive:a_1a:23877,a_1a,23877
gated_alive:a_1a:24189,a_1a,24189
gated_alive:a_1a:24777,a_1a,24777
gated_alive:a_1a:25054,a_1a,25054
gated_alive:a_1a:25088,a_1a,25088
gated_alive:a_1a:25089,a_1a,25089
gated_alive:a_1a:25334,a_1a,25334
gated_alive:a_1a:25354,a_1a,25354
gated_alive:a_1a:25436,a_1a,25436
gated_alive:a_1a:25506,a_1a,25506
gated_alive:a_1a:25978,a_1a,25978
gated_alive:a_1a:26211,a_1a,26211
gated_alive:a_1a:26345,a_1a,26345
gated_alive:a_1a:26737,a_1a,26737
gated_alive:a_1a:27239,a_1a,27239
gated_alive:a_1a:27312,a_1a,27312
gated_alive:a_1a:27510,a_1a,27510
gated_alive:a_1a:28468,a_1a,28468
gated_alive:a_1a:29122,a_1a,29122
gated_alive:a_1a:30193,a_1a,30193
gated_alive:a_1a:30272,a_1a,30272
gated_alive:a_1a:30420,a_1a,30420
gated_alive:a_1a:30485,a_1a,30485
gated_alive:a_1a:30629,a_1a,30629
gated_alive:a_1a:30961,a_1a,30961
gated_alive:a_1a:31037,a_1a,31037
gated_alive:a_1a:32465,a_1a,32465
gated_alive:a_1a:32747,a_1a,32747
gated_alive:a_1a:32882,a_1a,32882
gated_alive:a_1a:33072,a_1a,33072
gated_alive:a_1a:33921,a_1a,33921
gated_alive:a_1a:34101,a_1a,34101
gated_alive:a_1a:34167,a_1a,34167
gated_alive:a_1a:34378,a_1a,34378
gated_alive:a_1a:34962,a_1a,34962
gated_alive:a_1a:35112,a_1a,35112
gated_alive:a_1a:35140,a_1a,35140
gated_alive:a_1a:35709,a_1a,35709
gated_alive:a_1a:35727,a_1a,35727
gated_alive:a_1a:36321,a_1a,36321
gated_alive:a_1a:37093,a_1a,37093
gated_alive:a_1a:37330,a_1a,37330
gated_alive:a_1a:37586,a_1a,37586
gated_alive:a_1a:38398,a_1a,38398
gated_alive:a_1a:38425,a_1a,38425
gated_alive:a_1a:38559,a_1a,38559
gated_alive:a_1a:38674,a_1a,38674
gated_alive:a_1a:38707,a_1a,38707
gated_alive:a_1a:38991,a_1a,38991
gated_alive:a_1a:39130,a_1a,39130
gated_alive:a_1a:39166,a_1a,39166
gated_alive:a_1a:39439,a_1a,39439
gated_alive:a_1a:39699,a_1a,39699
gated_alive:a_1a:39752,a_1a,39752
gated_alive:a_1a:39910,a_1a,39910
gated_alive:a_1a:40126,a_1a,40126
gated_alive:a_1a:40230,a_1a,40230
gated_alive:a_1a:40364,a_1a,40364
gated_alive:a_1a:40662,a_1a,40662
gated_alive:a_1a:40904,a_1a,40904
gated_alive:a_1a:40990,a_1a,40990
gated_alive:a_1a:41076,a_1a,41076
gated_alive:a_1a:41852,a_1a,41852
gated_alive:a_1a:42106,a_1a,42106
gated_alive:a_1a:42450,a_1a,42450
gated_alive:a_1a:42812,a_1a,42812
gated_alive:a_1a:42927,a_1a,42927
gated_alive:a_1a:43856,a_1a,43856
gated_alive:a_1a:43931,a_1a,43931
gated_alive:a_1a:44203,a_1a,44203
gated_alive:a_1a:44517,a_1a,44517
gated_alive:a_1a:44742,a_1a,44742
gated_alive:a_1a:44770,a_1a,44770
gated_alive:a_1a:44814,a_1a,44814
gated_alive:a_1a:44856,a_1a,44856
gated_alive:a_1a:44886,a_1a,44886
gated_alive:a_1a:45040,a_1a,45040
gated_alive:a_1a:45245,a_1a,45245
gated_alive:a_1a:46172,a_1a,46172
gated_alive:a_1a:46431,a_1a,46431
gated_alive:a_1a:46815,a_1a,46815
gated_alive:a_1a:47366,a_1a,47366
gated_alive:a_1a:47562,a_1a,47562
gated_alive:a_1a:47619,a_1a,47619
gated_alive:a_1a:47797,a_1a,47797
gated_alive:a_1a:47843,a_1a,47843
gated_alive:a_1a:47863,a_1a,47863
gated_alive:a_1a:48137,a_1a,48137
gated_alive:a_1a:48181,a_1a,48181
gated_alive:a_1a:48652,a_1a,48652
gated_alive:a_1a:49223,a_1a,49223
gated_alive:a_1a:49330,a_1a,49330
gated_alive:a_1a:49451,a_1a,49451
gated_alive:a_1a:49573,a_1a,49573
gated_alive:a_1a:49632,a_1a,49632
gated_alive:a_1a:49781,a_1a,49781
gated_alive:a_1a:49793,a_1a,49793
gated_alive:a_1a:49868,a_1a,49868
gated_alive:a_1a:50866,a_1a,50866
gated_alive:a_1a:50869,a_1a,50869
gated_alive:a_1a:50925,a_1a,50925
gated_alive:a_1a:50943,a_1a,50943
gated_alive:a_1a:51089,a_1a,51089
gated_alive:a_1a:51219,a_1a,51219
gated_alive:a_1a:51315,a_1a,51315
gated_alive:a_1a:51357,a_1a,51357
gated_alive:a_1a:51936,a_1a,51936
gated_alive:a_1a:52162,a_1a,52162
gated_alive:a_1a:52508,a_1a,52508
gated_alive:a_1a:52817,a_1a,52817
gated_alive:a_1a:53518,a_1a,53518
gated_alive:a_1a:53911,a_1a,53911
gated_alive:a_1a:54083,a_1a,54083
gated_alive:a_1a:54477,a_1a,54477
gated_alive:a_1a:54660,a_1a,54660
gated_alive:a_1a:54845,a_1a,54845
gated_alive:a_1a:54883,a_1a,54883
gated_alive:a_1a:55620,a_1a,55620
gated_alive:a_1a:56816,a_1a,56816
gated_alive:a_1a:57156,a_1a,57156
gated_alive:a_1a:57157,a_1a,57157
gated_alive:a_1a:57615,a_1a,57615
gated_alive:a_1a:57951,a_1a,57951
gated_alive:a_1a:58455,a_1a,58455
gated_alive:a_1a:58933,a_1a,58933
gated_alive:a_1a:59627,a_1a,59627
gated_alive:a_1a:59788,a_1a,59788
gated_alive:a_1a:60330,a_1a,60330
gated_alive:a_1a:60704,a_1a,60704
gated_alive:a_1a:60851,a_1a,60851
gated_alive:a_1a:61145,a_1a,61145
gated_alive:a_1a:61332,a_1a,61332
gated_alive:a_1a:61539,a_1a,61539
gated_alive:a_1a:62030,a_1a,62030
gated_alive:a_1a:62578,a_1a,62578
gated_alive:a_1a:62652,a_1a,62652
gated_alive:a_1a:62711,a_1a,62711
gated_alive:a_1a:62967,a_1a,62967
gated_alive:a_1a:63135,a_1a,63135
gated_alive:a_1a:63309,a_1a,63309
gated_alive:a_1a:63342,a_1a,63342
gated_alive:a_1a:63359,a_1a,63359
gated_alive:a_1a:63366,a_1a,63366
gated_alive:a_1a:63513,a_1a,63513
gated_alive:a_1a:63746,a_1a,63746
gated_alive:a_1a:64108,a_1a,64108
gated_alive:a_1a:64632,a_1a,64632
gated_alive:a_1a:65404,a_1a,65404
gated_alive:a_1a:66013,a_1a,66013
gated_alive:a_1a:66398,a_1a,66398
gated_alive:a_1a:66465,a_1a,66465
gated_alive:a_1a:66469,a_1a,66469
gated_alive:a_1a:66736,a_1a,66736
gated_alive:a_1a:66977,a_1a,66977
gated_alive:a_1a:67071,a_1a,67071
gated_alive:a_1a:67111,a_1a,67111
gated_alive:a_1a:67459,a_1a,67459
gated_alive:a_1a:68487,a_1a,68487
gated_alive:a_1a:68635,a_1a,68635
gated_alive:a_1a:68645,a_1a,68645
gated_alive:a_1a:69125,a_1a,69125
gated_alive:a_1a:69520,a_1a,69520
gated_alive:a_1a:69624,a_1a,69624
gated_alive:a_1a:69670,a_1a,69670
gated_alive:a_1a:69824,a_1a,69824
gated_alive:a_1a:70236,a_1a,70236
gated_alive:a_1a:70256,a_1a,70256
gated_alive:a_1a:70275,a_1a,70275
gated_alive:a_1a:70810,a_1a,70810
gated_alive:a_1a:71079,a_1a,71079
gated_alive:a_1a:71576,a_1a,71576
gated_alive:a_1a:72144,a_1a,72144
gated_alive:a_1a:72439,a_1a,72439
gated_alive:a_1a:73103,a_1a,73103
gated_alive:a_1a:73607,a_1a,73607
gated_alive:a_1a:73727,a_1a,73727
gated_alive:a_1a:73756,a_1a,73756
gated_alive:a_1a:74142,a_1a,74142
gated_alive:a_1a:75098,a_1a,75098
gated_alive:a_1a:75229,a_1a,75229
gated_alive:a_1a:75440,a_1a,75440
gated_alive:a_1a:75491,a_1a,75491
gated_alive:a_1a:75495,a_1a,75495
gated_alive:a_1a:75636,a_1a,75636
gated_alive:a_1a:75721,a_1a,75721
gated_alive:a_1a:75877,a_1a,75877
gated_alive:a_1a:76136,a_1a,76136
gated_alive:a_1a:76264,a_1a,76264
gated_alive:a_1a:76306,a_1a,76306
gated_alive:a_1a:76501,a_1a,76501
gated_alive:a_1a:77058,a_1a,77058
gated_alive:a_1a:77311,a_1a,77311
gated_alive:a_1a:77611,a_1a,77611
gated_alive:a_1a:77779,a_1a,77779
gated_alive:a_1a:78514,a_1a,78514
gated_alive:a_1a:78631,a_1a,78631
gated_alive:a_1a:78778,a_1a,78778
gated_alive:a_1a:79326,a_1a,79326
gated_alive:a_1a:79338,a_1a,79338
gated_alive:a_1a:79484,a_1a,79484
gated_alive:a_1a:79523,a_1a,79523
gated_alive:a_1a:79572,a_1a,79572
gated_alive:a_1a:79733,a_1a,79733
gated_alive:a_1a:79928,a_1a,79928
gated_alive:a_1a:80294,a_1a,80294
gated_alive:a_1a:81549,a_1a,81549
gated_alive:a_1a:81603,a_1a,81603
gated_alive:a_1a:82442,a_1a,82442
gated_alive:a_1a:82736,a_1a,82736
gated_alive:a_1a:82777,a_1a,82777
gated_alive:a_1a:82793,a_1a,82793
gated_alive:a_1a:82823,a_1a,82823
gated_alive:a_1a:83033,a_1a,83033
gated_alive:a_1a:83430,a_1a,83430
gated_alive:a_1a:83435,a_1a,83435
gated_alive:a_1a:83696,a_1a,83696
gated_alive:a_1a:84074,a_1a,84074
gated_alive:a_1a:85184,a_1a,85184
gated_alive:a_1a:85267,a_1a,85267
gated_alive:a_1a:85325,a_1a,85325
gated_alive:a_1a:85347,a_1a,85347
gated_alive:a_1a:85552,a_1a,85552
gated_alive:a_1a:85641,a_1a,85641
gated_alive:a_1a:86135,a_1a,86135
gated_alive:a_1a:86512,a_1a,86512
gated_alive:a_1a:86621,a_1a,86621
gated_alive:a_1a:86847,a_1a,86847
gated_alive:a_1a:87513,a_1a,87513
gated_alive:a_1a:87580,a_1a,87580
gated_alive:a_1a:87637,a_1a,87637
gated_alive:a_1a:87880,a_1a,87880
gated_alive:a_1a:87976,a_1a,87976
gated_alive:a_1a:88250,a_1a,88250
gated_alive:a_1a:88389,a_1a,88389
gated_alive:a_1a:88658,a_1a,88658
gated_alive:a_1a:88775,a_1a,88775
gated_alive:a_1a:88851,a_1a,88851
gated_alive:a_1a:89122,a_1a,89122
gated_alive:a_1a:89123,a_1a,89123
gated_alive:a_1a:89468,a_1a,89468
gated_alive:a_1a:89493,a_1a,89493
gated_alive:a_1a:89733,a_1a,89733
gated_alive:a_1a:90092,a_1a,90092
gated_alive:a_1a:90136,a_1a,90136
gated_alive:a_1a:90188,a_1a,90188
gated_alive:a_1a:90256,a_1a,90256
gated_alive:a_1a:90309,a_1a,90309
gated_alive:a_1a:90501,a_1a,90501
gated_alive:a_1a:90622,a_1a,90622
gated_alive:a_1a:90653,a_1a,90653
gated_alive:a_1a:91116,a_1a,91116
gated_alive:a_1a:92254,a_1a,92254
gated_alive:a_1a:92680,a_1a,92680
gated_alive:a_1a:93244,a_1a,93244
gated_alive:a_1a:93539,a_1a,93539
gated_alive:a_1a:93667,a_1a,93667
gated_alive:a_1a:93746,a_1a,93746
gated_alive:a_1a:94074,a_1a,94074
gated_alive:a_1a:94458,a_1a,94458
gated_alive:a_1a:94842,a_1a,94842
gated_alive:a_1a:94846,a_1a,94846
gated_alive:a_1a:95149,a_1a,95149
gated_alive:a_1a:95619,a_1a,95619
gated_alive:a_1a:95666,a_1a,95666
gated_alive:a_1a:95814,a_1a,95814
gated_alive:a_1a:95859,a_1a,95859
gated_alive:a_1a:95891,a_1a,95891
gated_alive:a_1a:96910,a_1a,96910
gated_alive:a_1a:97016,a_1a,97016
gated_alive:a_1a:97470,a_1a,97470
gated_alive:a_1a:97785,a_1a,97785
gated_alive:a_1a:97903,a_1a,97903
gated_alive:a_1a:98710,a_1a,98710
gated_alive:a_1a:99077,a_1a,99077
gated_alive:a_1a:99580,a_1a,99580
gated_alive:a_1a:99771,a_1a,99771
gated_alive:a_1a:100129,a_1a,100129
gated_alive:a_1a:100283,a_1a,100283
gated_alive:a_1a:100566,a_1a,100566
gated_alive:a_1a:100850,a_1a,100850
gated_alive:a_1a:100943,a_1a,100943
gated_alive:a_1a:101384,a_1a,101384
gated_alive:a_1a:101580,a_1a,101580
gated_alive:a_1a:101592,a_1a,101592
gated_alive:a_1a:101931,a_1a,101931
gated_alive:a_1a:102322,a_1a,102322
gated_alive:a_1a:102404,a_1a,102404
gated_alive:a_1a:102638,a_1a,102638
gated_alive:a_1a:102867,a_1a,102867
gated_alive:a_1a:102880,a_1a,102880
gated_alive:a_1a:103694,a_1a,103694
gated_alive:a_1a:103862,a_1a,103862
gated_alive:a_1a:104376,a_1a,104376
gated_alive:a_1a:104582,a_1a,104582
gated_alive:a_1a:104643,a_1a,104643
gated_alive:a_1a:105237,a_1a,105237
gated_alive:a_1a:105666,a_1a,105666
gated_alive:a_1a:105717,a_1a,105717
gated_alive:a_1a:105838,a_1a,105838
gated_alive:a_1a:106198,a_1a,106198
gated_alive:a_1a:106490,a_1a,106490
gated_alive:a_1a:106502,a_1a,106502
gated_alive:a_1a:107283,a_1a,107283
gated_alive:a_1a:107601,a_1a,107601
gated_alive:a_1a:108409,a_1a,108409
gated_alive:a_1a:108924,a_1a,108924
gated_alive:a_1a:109003,a_1a,109003
gated_alive:a_1a:109022,a_1a,109022
gated_alive:a_1a:109345,a_1a,109345
gated_alive:a_1a:109365,a_1a,109365
gated_alive:a_1a:109491,a_1a,109491
gated_alive:a_1a:109615,a_1a,109615
gated_alive:a_1a:109876,a_1a,109876
gated_alive:a_1a:110157,a_1a,110157
gated_alive:a_1a:110189,a_1a,110189
gated_alive:a_1a:110264,a_1a,110264
gated_alive:a_1a:110556,a_1a,110556
gated_alive:a_1a:111442,a_1a,111442
gated_alive:a_1a:111565,a_1a,111565
gated_alive:a_1a:111593,a_1a,111593
gated_alive:a_1a:112295,a_1a,112295
gated_alive:a_1a:112626,a_1a,112626
gated_alive:a_1a:113084,a_1a,113084
gated_alive:a_1a:113623,a_1a,113623
gated_alive:a_1a:113887,a_1a,113887
gated_alive:a_1a:114441,a_1a,114441
gated_alive:a_1a:114464,a_1a,114464
gated_alive:a_1a:115556,a_1a,115556
gated_alive:a_1a:115650,a_1a,115650
gated_alive:a_1a:115652,a_1a,115652
gated_alive:a_1a:116085,a_1a,116085
gated_alive:a_1a:116527,a_1a,116527
gated_alive:a_1a:116655,a_1a,116655
gated_alive:a_1a:117427,a_1a,117427
gated_alive:a_1a:117683,a_1a,117683
gated_alive:a_1a:118166,a_1a,118166
gated_alive:a_1a:118230,a_1a,118230
gated_alive:a_1a:118835,a_1a,118835
gated_alive:a_1a:118845,a_1a,118845
gated_alive:a_1a:118909,a_1a,118909
gated_alive:a_1a:119373,a_1a,119373
gated_alive:a_1a:119424,a_1a,119424
gated_alive:a_1a:119585,a_1a,119585
gated_alive:a_1a:120107,a_1a,120107
gated_alive:a_1a:120535,a_1a,120535
gated_alive:a_1a:120829,a_1a,120829
gated_alive:a_1a:120849,a_1a,120849
gated_alive:a_1a:120997,a_1a,120997
gated_alive:a_1a:121100,a_1a,121100
gated_alive:a_1a:121619,a_1a,121619
gated_alive:a_1a:122009,a_1a,122009
gated_alive:a_1a:122230,a_1a,122230
gated_alive:a_1a:122241,a_1a,122241
gated_alive:a_1a:122262,a_1a,122262
gated_alive:a_1a:122384,a_1a,122384
gated_alive:a_1a:122854,a_1a,122854
gated_alive:a_1a:123387,a_1a,123387
gated_alive:a_1a:123437,a_1a,123437
gated_alive:a_1a:123600,a_1a,123600
gated_alive:a_1a:123884,a_1a,123884
gated_alive:a_1a:124031,a_1a,124031
gated_alive:a_1a:124260,a_1a,124260
gated_alive:a_1a:124331,a_1a,124331
gated_alive:a_1a:124365,a_1a,124365
gated_alive:a_1a:125874,a_1a,125874
gated_alive:a_1a:126003,a_1a,126003
gated_alive:a_1a:126272,a_1a,126272
gated_alive:a_1a:126335,a_1a,126335
gated_alive:a_1a:126707,a_1a,126707
gated_alive:a_1a:126877,a_1a,126877
gated_alive:a_1a:126921,a_1a,126921
gated_alive:a_1a:126937,a_1a,126937
gated_alive:a_1a:127005,a_1a,127005
gated_alive:a_1a:127053,a_1a,127053
gated_alive:a_1a:127345,a_1a,127345
gated_alive:a_1a:127773,a_1a,127773
gated_alive:a_1a:128209,a_1a,128209
gated_alive:a_1a:128224,a_1a,128224
gated_alive:a_1a:128291,a_1a,128291
gated_alive:a_1a:128714,a_1a,128714
gated_alive:a_1a:129662,a_1a,129662
gated_alive:a_1a:129749,a_1a,129749
gated_alive:a_1a:130074,a_1a,130074
gated_alive:a_1a:130249,a_1a,130249
gated_alive:a_1a:130580,a_1a,130580
gated_alive:a_1a:130929,a_1a,130929
gated_alive:a_1a:131162,a_1a,131162
gated_alive:a_1a:132024,a_1a,132024
gated_alive:a_1a:132091,a_1a,132091
gated_alive:a_1a:132324,a_1a,132324
gated_alive:a_1a:132557,a_1a,132557
gated_alive:a_1a:132852,a_1a,132852
gated_alive:a_1a:133476,a_1a,133476
gated_alive:a_1a:133576,a_1a,133576
gated_alive:a_1a:133783,a_1a,133783
gated_alive:a_1a:133841,a_1a,133841
gated_alive:a_1a:134611,a_1a,134611
gated_alive:a_1a:134902,a_1a,134902
gated_alive:a_1a:135068,a_1a,135068
gated_alive:a_1a:135123,a_1a,135123
gated_alive:a_1a:135717,a_1a,135717
gated_alive:a_1a:135799,a_1a,135799
gated_alive:a_1a:135801,a_1a,135801
gated_alive:a_1a:136244,a_1a,136244
gated_alive:a_1a:136424,a_1a,136424
gated_alive:a_2a:717,a_2a,717
gated_alive:a_2a:1528,a_2a,1528
gated_alive:a_2a:1964,a_2a,1964
gated_alive:a_2a:2494,a_2a,2494
gated_alive:a_2a:2894,a_2a,2894
gated_alive:a_2a:3265,a_2a,3265
gated_alive:a_2a:4522,a_2a,4522
gated_alive:a_2a:5401,a_2a,5401
gated_alive:a_2a:5899,a_2a,5899
gated_alive:a_2a:6127,a_2a,6127
gated_alive:a_2a:6590,a_2a,6590
gated_alive:a_2a:7132,a_2a,7132
gated_alive:a_2a:7337,a_2a,7337
gated_alive:a_2a:7715,a_2a,7715
gated_alive:a_2a:7743,a_2a,7743
gated_alive:a_2a:7809,a_2a,7809
gated_alive:a_2a:8330,a_2a,8330
gated_alive:a_2a:8818,a_2a,8818
gated_alive:a_2a:8895,a_2a,8895
gated_alive:a_2a:9611,a_2a,9611
gated_alive:a_2a:10152,a_2a,10152
gated_alive:a_2a:10700,a_2a,10700
gated_alive:a_2a:11341,a_2a,11341
gated_alive:a_2a:11640,a_2a,11640
gated_alive:a_2a:12063,a_2a,12063
gated_alive:a_2a:12631,a_2a,12631
gated_alive:a_2a:12819,a_2a,12819
gated_alive:a_2a:13174,a_2a,13174
gated_alive:a_2a:13319,a_2a,13319
gated_alive:a_2a:13513,a_2a,13513
gated_alive:a_2a:13781,a_2a,13781
gated_alive:a_2a:14467,a_2a,14467
gated_alive:a_2a:14906,a_2a,14906
gated_alive:a_2a:14931,a_2a,14931
gated_alive:a_2a:15161,a_2a,15161
gated_alive:a_2a:15770,a_2a,15770
gated_alive:a_2a:15825,a_2a,15825
gated_alive:a_2a:16122,a_2a,16122
gated_alive:a_2a:17217,a_2a,17217
gated_alive:a_2a:18056,a_2a,18056
gated_alive:a_2a:18628,a_2a,18628
gated_alive:a_2a:18703,a_2a,18703
gated_alive:a_2a:18836,a_2a,18836
gated_alive:a_2a:18876,a_2a,18876
gated_alive:a_2a:18939,a_2a,18939
gated_alive:a_2a:19085,a_2a,19085
gated_alive:a_2a:19176,a_2a,19176
gated_alive:a_2a:19559,a_2a,19559
gated_alive:a_2a:20360,a_2a,20360
gated_alive:a_2a:20366,a_2a,20366
gated_alive:a_2a:20915,a_2a,20915
gated_alive:a_2a:21021,a_2a,21021
gated_alive:a_2a:21315,a_2a,21315
gated_alive:a_2a:21815,a_2a,21815
gated_alive:a_2a:21902,a_2a,21902
gated_alive:a_2a:21967,a_2a,21967
gated_alive:a_2a:22428,a_2a,22428
gated_alive:a_2a:22685,a_2a,22685
gated_alive:a_2a:23004,a_2a,23004
gated_alive:a_2a:25119,a_2a,25119
gated_alive:a_2a:25294,a_2a,25294
gated_alive:a_2a:25371,a_2a,25371
gated_alive:a_2a:25977,a_2a,25977
gated_alive:a_2a:26176,a_2a,26176
gated_alive:a_2a:26278,a_2a,26278
gated_alive:a_2a:27250,a_2a,27250
gated_alive:a_2a:27507,a_2a,27507
gated_alive:a_2a:28406,a_2a,28406
gated_alive:a_2a:28430,a_2a,28430
gated_alive:a_2a:29372,a_2a,29372
gated_alive:a_2a:29877,a_2a,29877
gated_alive:a_2a:29895,a_2a,29895
gated_alive:a_2a:30406,a_2a,30406
gated_alive:a_2a:30554,a_2a,30554
gated_alive:a_2a:30799,a_2a,30799
gated_alive:a_2a:30966,a_2a,30966
gated_alive:a_2a:31026,a_2a,31026
gated_alive:a_2a:31736,a_2a,31736
gated_alive:a_2a:32053,a_2a,32053
gated_alive:a_2a:33174,a_2a,33174
gated_alive:a_2a:33242,a_2a,33242
gated_alive:a_2a:33894,a_2a,33894
gated_alive:a_2a:33932,a_2a,33932
gated_alive:a_2a:34961,a_2a,34961
gated_alive:a_2a:34966,a_2a,34966
gated_alive:a_2a:35740,a_2a,35740
gated_alive:a_2a:37477,a_2a,37477
gated_alive:a_2a:38080,a_2a,38080
gated_alive:a_2a:39057,a_2a,39057
gated_alive:a_2a:39253,a_2a,39253
gated_alive:a_2a:39815,a_2a,39815
gated_alive:a_2a:40635,a_2a,40635
gated_alive:a_2a:41010,a_2a,41010
gated_alive:a_2a:41519,a_2a,41519
gated_alive:a_2a:42043,a_2a,42043
gated_alive:a_2a:42058,a_2a,42058
gated_alive:a_2a:42170,a_2a,42170
gated_alive:a_2a:42280,a_2a,42280
gated_alive:a_2a:42767,a_2a,42767
gated_alive:a_2a:42882,a_2a,42882
gated_alive:a_2a:43602,a_2a,43602
gated_alive:a_2a:43686,a_2a,43686
gated_alive:a_2a:43687,a_2a,43687
gated_alive:a_2a:44164,a_2a,44164
gated_alive:a_2a:44588,a_2a,44588
gated_alive:a_2a:44614,a_2a,44614
gated_alive:a_2a:45272,a_2a,45272
gated_alive:a_2a:47267,a_2a,47267
gated_alive:a_2a:47877,a_2a,47877
gated_alive:a_2a:47961,a_2a,47961
gated_alive:a_2a:48368,a_2a,48368
gated_alive:a_2a:48484,a_2a,48484
gated_alive:a_2a:48610,a_2a,48610
gated_alive:a_2a:48727,a_2a,48727
gated_alive:a_2a:48846,a_2a,48846
gated_alive:a_2a:49087,a_2a,49087
gated_alive:a_2a:49685,a_2a,49685
gated_alive:a_2a:50256,a_2a,50256
gated_alive:a_2a:50462,a_2a,50462
gated_alive:a_2a:50578,a_2a,50578
gated_alive:a_2a:52604,a_2a,52604
gated_alive:a_2a:52803,a_2a,52803
gated_alive:a_2a:53240,a_2a,53240
gated_alive:a_2a:53547,a_2a,53547
gated_alive:a_2a:53612,a_2a,53612
gated_alive:a_2a:54140,a_2a,54140
gated_alive:a_2a:54152,a_2a,54152
gated_alive:a_2a:54539,a_2a,54539
gated_alive:a_2a:55082,a_2a,55082
gated_alive:a_2a:55552,a_2a,55552
gated_alive:a_2a:56039,a_2a,56039
gated_alive:a_2a:56068,a_2a,56068
gated_alive:a_2a:56154,a_2a,56154
gated_alive:a_2a:56962,a_2a,56962
gated_alive:a_2a:59140,a_2a,59140
gated_alive:a_2a:59340,a_2a,59340
gated_alive:a_2a:59470,a_2a,59470
gated_alive:a_2a:59689,a_2a,59689
gated_alive:a_2a:59798,a_2a,59798
gated_alive:a_2a:60054,a_2a,60054
gated_alive:a_2a:60942,a_2a,60942
gated_alive:a_2a:61093,a_2a,61093
gated_alive:a_2a:61572,a_2a,61572
gated_alive:a_2a:61574,a_2a,61574
gated_alive:a_2a:61891,a_2a,61891
gated_alive:a_2a:62146,a_2a,62146
gated_alive:a_2a:62245,a_2a,62245
gated_alive:a_2a:62770,a_2a,62770
gated_alive:a_2a:62918,a_2a,62918
gated_alive:a_2a:63129,a_2a,63129
gated_alive:a_2a:64112,a_2a,64112
gated_alive:a_2a:64584,a_2a,64584
gated_alive:a_2a:64690,a_2a,64690
gated_alive:a_2a:64964,a_2a,64964
gated_alive:a_2a:65025,a_2a,65025
gated_alive:a_2a:65752,a_2a,65752
gated_alive:a_2a:66095,a_2a,66095
gated_alive:a_2a:66668,a_2a,66668
gated_alive:a_2a:66892,a_2a,66892
gated_alive:a_2a:66963,a_2a,66963
gated_alive:a_2a:67847,a_2a,67847
gated_alive:a_2a:67865,a_2a,67865
gated_alive:a_2a:68060,a_2a,68060
gated_alive:a_2a:68282,a_2a,68282
gated_alive:a_2a:68434,a_2a,68434
gated_alive:a_2a:68526,a_2a,68526
gated_alive:a_2a:69066,a_2a,69066
gated_alive:a_2a:69524,a_2a,69524
gated_alive:a_2a:70425,a_2a,70425
gated_alive:a_2a:70823,a_2a,70823
gated_alive:a_2a:70891,a_2a,70891
gated_alive:a_2a:71097,a_2a,71097
gated_alive:a_2a:71570,a_2a,71570
gated_alive:a_2a:71633,a_2a,71633
gated_alive:a_2a:72031,a_2a,72031
gated_alive:a_2a:72095,a_2a,72095
gated_alive:a_2a:72101,a_2a,72101
gated_alive:a_2a:72873,a_2a,72873
gated_alive:a_2a:73083,a_2a,73083
gated_alive:a_2a:73419,a_2a,73419
gated_alive:a_2a:73689,a_2a,73689
gated_alive:a_2a:74053,a_2a,74053
gated_alive:a_2a:74130,a_2a,74130
gated_alive:a_2a:74260,a_2a,74260
gated_alive:a_2a:74289,a_2a,74289
gated_alive:a_2a:74500,a_2a,74500
gated_alive:a_2a:74542,a_2a,74542
gated_alive:a_2a:75708,a_2a,75708
gated_alive:a_2a:77571,a_2a,77571
gated_alive:a_2a:77615,a_2a,77615
gated_alive:a_2a:77834,a_2a,77834
gated_alive:a_2a:78062,a_2a,78062
gated_alive:a_2a:78100,a_2a,78100
gated_alive:a_2a:78154,a_2a,78154
gated_alive:a_2a:78961,a_2a,78961
gated_alive:a_2a:79587,a_2a,79587
gated_alive:a_2a:79696,a_2a,79696
gated_alive:a_2a:79878,a_2a,79878
gated_alive:a_2a:80090,a_2a,80090
gated_alive:a_2a:80226,a_2a,80226
gated_alive:a_2a:80319,a_2a,80319
gated_alive:a_2a:81367,a_2a,81367
gated_alive:a_2a:81940,a_2a,81940
gated_alive:a_2a:82338,a_2a,82338
gated_alive:a_2a:82598,a_2a,82598
gated_alive:a_2a:82920,a_2a,82920
gated_alive:a_2a:83028,a_2a,83028
gated_alive:a_2a:83369,a_2a,83369
gated_alive:a_2a:83509,a_2a,83509
gated_alive:a_2a:83755,a_2a,83755
gated_alive:a_2a:84247,a_2a,84247
gated_alive:a_2a:84848,a_2a,84848
gated_alive:a_2a:86238,a_2a,86238
gated_alive:a_2a:86889,a_2a,86889
gated_alive:a_2a:87211,a_2a,87211
gated_alive:a_2a:88417,a_2a,88417
gated_alive:a_2a:89156,a_2a,89156
gated_alive:a_2a:89357,a_2a,89357
gated_alive:a_2a:89899,a_2a,89899
gated_alive:a_2a:90232,a_2a,90232
gated_alive:a_2a:91208,a_2a,91208
gated_alive:a_2a:91635,a_2a,91635
gated_alive:a_2a:92312,a_2a,92312
gated_alive:a_2a:93596,a_2a,93596
gated_alive:a_2a:93618,a_2a,93618
gated_alive:a_2a:93726,a_2a,93726
gated_alive:a_2a:93860,a_2a,93860
gated_alive:a_2a:94036,a_2a,94036
gated_alive:a_2a:94392,a_2a,94392
gated_alive:a_2a:95526,a_2a,95526
gated_alive:a_2a:96648,a_2a,96648
gated_alive:a_2a:97015,a_2a,97015
gated_alive:a_2a:97443,a_2a,97443
gated_alive:a_2a:97683,a_2a,97683
gated_alive:a_2a:98625,a_2a,98625
gated_alive:a_2a:99237,a_2a,99237
gated_alive:a_2a:99256,a_2a,99256
gated_alive:a_2a:99543,a_2a,99543
gated_alive:a_2a:100013,a_2a,100013
gated_alive:a_2a:100047,a_2a,100047
gated_alive:a_2a:100459,a_2a,100459
gated_alive:a_2a:101210,a_2a,101210
gated_alive:a_2a:101996,a_2a,101996
gated_alive:a_2a:102984,a_2a,102984
gated_alive:a_2a:103194,a_2a,103194
gated_alive:a_2a:103416,a_2a,103416
gated_alive:a_2a:104438,a_2a,104438
gated_alive:a_2a:104674,a_2a,104674
gated_alive:a_2a:105940,a_2a,105940
gated_alive:a_2a:106828,a_2a,106828
gated_alive:a_2a:106985,a_2a,106985
gated_alive:a_2a:107187,a_2a,107187
gated_alive:a_2a:107365,a_2a,107365
gated_alive:a_2a:107670,a_2a,107670
gated_alive:a_2a:107770,a_2a,107770
gated_alive:a_2a:107785,a_2a,107785
gated_alive:a_2a:108425,a_2a,108425
gated_alive:a_2a:109158,a_2a,109158
gated_alive:a_2a:109289,a_2a,109289
gated_alive:a_2a:109552,a_2a,109552
gated_alive:a_2a:109958,a_2a,109958
gated_alive:a_2a:111555,a_2a,111555
gated_alive:a_2a:112136,a_2a,112136
gated_alive:a_2a:112233,a_2a,112233
gated_alive:a_2a:112457,a_2a,112457
gated_alive:a_2a:112618,a_2a,112618
gated_alive:a_2a:113542,a_2a,113542
gated_alive:a_2a:113767,a_2a,113767
gated_alive:a_2a:114256,a_2a,114256
gated_alive:a_2a:114697,a_2a,114697
gated_alive:a_2a:115017,a_2a,115017
gated_alive:a_2a:115238,a_2a,115238
gated_alive:a_2a:115378,a_2a,115378
gated_alive:a_2a:115608,a_2a,115608
gated_alive:a_2a:116100,a_2a,116100
gated_alive:a_2a:116660,a_2a,116660
gated_alive:a_2a:118390,a_2a,118390
gated_alive:a_2a:118428,a_2a,118428
gated_alive:a_2a:119737,a_2a,119737
gated_alive:a_2a:120113,a_2a,120113
gated_alive:a_2a:120330,a_2a,120330
gated_alive:a_2a:120940,a_2a,120940
gated_alive:a_2a:120963,a_2a,120963
gated_alive:a_2a:121225,a_2a,121225
gated_alive:a_2a:121542,a_2a,121542
gated_alive:a_2a:121610,a_2a,121610
gated_alive:a_2a:121909,a_2a,121909
gated_alive:a_2a:122039,a_2a,122039
gated_alive:a_2a:122438,a_2a,122438
gated_alive:a_2a:122633,a_2a,122633
gated_alive:a_2a:122984,a_2a,122984
gated_alive:a_2a:124208,a_2a,124208
gated_alive:a_2a:125242,a_2a,125242
gated_alive:a_2a:126099,a_2a,126099
gated_alive:a_2a:126145,a_2a,126145
gated_alive:a_2a:127674,a_2a,127674
gated_alive:a_2a:128342,a_2a,128342
gated_alive:a_2a:128413,a_2a,128413
gated_alive:a_2a:128906,a_2a,128906
gated_alive:a_2a:130948,a_2a,130948
gated_alive:a_2a:130976,a_2a,130976
gated_alive:a_2a:131456,a_2a,131456
gated_alive:a_2a:131938,a_2a,131938
gated_alive:a_2a:132074,a_2a,132074
gated_alive:a_2a:132079,a_2a,132079
gated_alive:a_2a:133550,a_2a,133550
gated_alive:a_2a:133910,a_2a,133910
gated_alive:a_2a:135004,a_2a,135004
gated_alive:a_2a:135394,a_2a,135394
gated_alive:a_2a:136077,a_2a,136077
gated_alive:a_2a:136554,a_2a,136554
gated_alive:a_2a:136763,a_2a,136763
gated_alive:a_2a:137209,a_2a,137209
gated_alive:a_2a:137228,a_2a,137228
gated_alive:a_2a:137399,a_2a,137399
gated_alive:a_2a:138794,a_2a,138794
gated_alive:a_2a:138891,a_2a,138891
gated_alive:a_2a:140210,a_2a,140210
gated_alive:a_2a:141075,a_2a,141075
gated_alive:a_2a:141335,a_2a,141335
gated_alive:a_2a:141480,a_2a,141480
gated_alive:a_2a:141765,a_2a,141765
gated_alive:a_2a:141867,a_2a,141867
gated_alive:a_2a:142777,a_2a,142777
gated_alive:a_2a:143376,a_2a,143376
gated_alive:a_2a:145242,a_2a,145242
gated_alive:a_2a:145785,a_2a,145785
gated_alive:a_2a:146388,a_2a,146388
gated_alive:a_2a:146453,a_2a,146453
gated_alive:a_2a:146541,a_2a,146541
gated_alive:a_2a:146591,a_2a,146591
gated_alive:a_2a:146705,a_2a,146705
gated_alive:a_2a:149149,a_2a,149149
gated_alive:a_2a:149155,a_2a,149155
gated_alive:a_2a:149453,a_2a,149453
gated_alive:a_2a:151191,a_2a,151191
gated_alive:a_2a:151241,a_2a,151241
gated_alive:a_2a:151291,a_2a,151291
gated_alive:a_2a:151557,a_2a,151557
gated_alive:a_2a:151602,a_2a,151602
gated_alive:a_2a:152015,a_2a,152015
gated_alive:a_2a:152082,a_2a,152082
gated_alive:a_2a:152929,a_2a,152929
gated_alive:a_2a:153754,a_2a,153754
gated_alive:a_2a:154251,a_2a,154251
gated_alive:a_2a:154525,a_2a,154525
gated_alive:a_2a:155939,a_2a,155939
gated_alive:a_2a:156006,a_2a,156006
gated_alive:a_2a:156851,a_2a,156851
gated_alive:a_2a:157783,a_2a,157783
gated_alive:a_2a:157900,a_2a,157900
gated_alive:a_2a:161070,a_2a,161070
gated_alive:a_2a:161252,a_2a,161252
gated_alive:a_2a:161800,a_2a,161800
gated_alive:a_2a:162467,a_2a,162467
gated_alive:a_2a:162688,a_2a,162688
gated_alive:a_2a:163368,a_2a,163368
gated_alive:a_2a:163532,a_2a,163532
gated_alive:a_2a:163812,a_2a,163812
gated_alive:a_2a:164322,a_2a,164322
gated_alive:a_2a:165271,a_2a,165271
gated_alive:a_2a:165656,a_2a,165656
gated_alive:a_2a:165901,a_2a,165901
gated_alive:a_2a:167380,a_2a,167380
gated_alive:a_2a:167830,a_2a,167830
gated_alive:a_2a:168318,a_2a,168318
gated_alive:a_2a:169479,a_2a,169479
gated_alive:a_2a:170694,a_2a,170694
gated_alive:a_2a:170920,a_2a,170920
gated_alive:a_2a:171258,a_2a,171258
gated_alive:a_2a:171607,a_2a,171607
gated_alive:a_2a:171734,a_2a,171734
gated_alive:a_2a:171798,a_2a,171798
gated_alive:a_2a:171954,a_2a,171954
gated_alive:a_2a:172975,a_2a,172975
gated_alive:a_2a:173042,a_2a,173042
gated_alive:a_2a:173072,a_2a,173072
gated_alive:a_2a:173096,a_2a,173096
gated_alive:a_2a:173562,a_2a,173562
gated_alive:a_2a:173927,a_2a,173927
gated_alive:a_2a:174563,a_2a,174563
gated_alive:a_2a:174613,a_2a,174613
gated_alive:a_2a:174669,a_2a,174669
gated_alive:a_2a:174684,a_2a,174684
gated_alive:a_2a:174744,a_2a,174744
gated_alive:a_2a:175533,a_2a,175533
gated_alive:a_2a:175542,a_2a,175542
gated_alive:a_2a:176404,a_2a,176404
gated_alive:a_2a:176921,a_2a,176921
gated_alive:a_2a:177271,a_2a,177271
gated_alive:a_2a:177508,a_2a,177508
gated_alive:a_2a:178629,a_2a,178629
gated_alive:a_2a:178730,a_2a,178730
gated_alive:a_2a:179097,a_2a,179097
gated_alive:a_2a:179619,a_2a,179619
gated_alive:a_2a:180028,a_2a,180028
gated_alive:a_2a:180240,a_2a,180240
gated_alive:a_2a:180656,a_2a,180656
gated_alive:a_2a:181050,a_2a,181050
gated_alive:a_2a:181888,a_2a,181888
gated_alive:a_2a:182020,a_2a,182020
gated_alive:a_2a:182728,a_2a,182728
gated_alive:a_2a:184603,a_2a,184603
gated_alive:a_2a:184605,a_2a,184605
gated_alive:a_2a:185096,a_2a,185096
gated_alive:a_2a:187128,a_2a,187128
gated_alive:a_2a:188550,a_2a,188550
gated_alive:a_2a:189519,a_2a,189519
gated_alive:a_2a:190013,a_2a,190013
gated_alive:a_2a:191595,a_2a,191595
gated_alive:a_2a:191763,a_2a,191763
gated_alive:a_2a:192688,a_2a,192688
gated_alive:a_2a:192920,a_2a,192920
gated_alive:a_2a:193056,a_2a,193056
gated_alive:a_2a:193136,a_2a,193136
gated_alive:a_2a:193326,a_2a,193326
gated_alive:a_2a:194767,a_2a,194767
gated_alive:a_2a:195260,a_2a,195260
gated_alive:a_2a:195262,a_2a,195262
gated_alive:a_2a:195451,a_2a,195451
gated_alive:a_2a:197330,a_2a,197330
gated_alive:a_2a:197908,a_2a,197908
gated_alive:a_2a:198267,a_2a,198267
gated_alive:a_2a:198374,a_2a,198374
gated_alive:a_2a:198438,a_2a,198438
gated_alive:a_2a:199087,a_2a,199087
gated_alive:a_2a:199356,a_2a,199356
gated_alive:a_2a:200134,a_2a,200134
gated_alive:a_2a:201833,a_2a,201833
gated_alive:a_2a:202177,a_2a,202177
gated_alive:a_2a:202854,a_2a,202854
gated_alive:a_2a:202992,a_2a,202992
gated_alive:a_2a:204049,a_2a,204049
gated_alive:a_2a:204227,a_2a,204227
gated_alive:a_2a:204341,a_2a,204341
gated_alive:a_2a:205255,a_2a,205255
gated_alive:a_2a:205816,a_2a,205816
gated_alive:a_2a:205820,a_2a,205820
gated_alive:a_2a:206364,a_2a,206364
gated_alive:a_2a:207010,a_2a,207010
gated_alive:a_2a:208303,a_2a,208303
gated_alive:a_2a:209017,a_2a,209017
gated_alive:a_2a:210000,a_2a,210000
gated_alive:a_2a:210913,a_2a,210913
gated_alive:a_2a:211114,a_2a,211114
gated_alive:a_2a:212039,a_2a,212039
gated_alive:a_2a:212256,a_2a,212256
gated_alive:a_2a:212575,a_2a,212575
gated_alive:a_2a:212729,a_2a,212729
gated_alive:a_2a:213186,a_2a,213186
gated_alive:a_2a:213701,a_2a,213701
gated_alive:a_2a:214294,a_2a,214294
gated_alive:a_2a:215131,a_2a,215131
gated_alive:a_2a:215644,a_2a,215644
gated_alive:a_2a:215680,a_2a,215680
gated_alive:a_2a:216296,a_2a,216296
gated_alive:a_2a:217277,a_2a,217277
gated_alive:a_2a:218201,a_2a,218201
gated_alive:a_2a:218588,a_2a,218588
gated_alive:a_2a:218953,a_2a,218953
gated_alive:a_2a:219080,a_2a,219080
gated_alive:a_2a:219956,a_2a,219956
gated_alive:a_2a:219970,a_2a,219970
gated_alive:a_2a:220319,a_2a,220319
gated_alive:a_2a:221265,a_2a,221265
gated_alive:a_2a:221598,a_2a,221598
gated_alive:a_2a:221862,a_2a,221862
gated_alive:a_2a:221942,a_2a,221942
gated_alive:a_2a:222012,a_2a,222012
gated_alive:a_2a:222388,a_2a,222388
gated_alive:a_2a:222926,a_2a,222926
gated_alive:a_2a:223243,a_2a,223243
gated_alive:a_2a:223313,a_2a,223313
gated_alive:a_2a:224146,a_2a,224146
gated_alive:a_2a:225047,a_2a,225047
gated_alive:a_2a:225215,a_2a,225215
gated_alive:a_2a:225371,a_2a,225371
gated_alive:a_2a:225546,a_2a,225546
gated_alive:a_2a:226882,a_2a,226882
gated_alive:a_2a:227315,a_2a,227315
gated_alive:a_2a:227510,a_2a,227510
gated_alive:a_2a:228118,a_2a,228118
gated_alive:a_2a:228493,a_2a,228493
gated_alive:a_2a:228798,a_2a,228798
gated_alive:a_2a:229272,a_2a,229272
gated_alive:a_2a:230002,a_2a,230002
gated_alive:a_2a:230715,a_2a,230715
gated_alive:a_2a:231033,a_2a,231033
gated_alive:a_2a:231082,a_2a,231082
gated_alive:a_2a:232065,a_2a,232065
gated_alive:a_2a:232323,a_2a,232323
gated_alive:a_2a:232689,a_2a,232689
gated_alive:a_2a:233029,a_2a,233029
gated_alive:a_2a:233448,a_2a,233448
gated_alive:a_2a:234290,a_2a,234290
gated_alive:a_2a:234313,a_2a,234313
gated_alive:a_2a:234741,a_2a,234741
gated_alive:a_2a:234847,a_2a,234847
gated_alive:a_2a:236736,a_2a,236736
gated_alive:a_2a:236896,a_2a,236896
gated_alive:a_2b:10,a_2b,10
gated_alive:a_2b:463,a_2b,463
gated_alive:a_2b:620,a_2b,620
gated_alive:a_2b:850,a_2b,850
gated_alive:a_2b:1395,a_2b,1395
gated_alive:a_2b:1423,a_2b,1423
gated_alive:a_2b:1453,a_2b,1453
gated_alive:a_2b:1894,a_2b,1894
gated_alive:a_2b:2011,a_2b,2011
gated_alive:a_2b:2219,a_2b,2219
gated_alive:a_2b:2392,a_2b,2392
gated_alive:a_2b:2480,a_2b,2480
gated_alive:a_2b:2485,a_2b,2485
gated_alive:a_2b:2594,a_2b,2594
gated_alive:a_2b:2621,a_2b,2621
gated_alive:a_2b:3102,a_2b,3102
gated_alive:a_2b:3295,a_2b,3295
gated_alive:a_2b:3316,a_2b,3316
gated_alive:a_2b:3424,a_2b,3424
gated_alive:a_2b:3887,a_2b,3887
gated_alive:a_2b:3950,a_2b,3950
gated_alive:a_2b:4210,a_2b,4210
gated_alive:a_2b:4247,a_2b,4247
gated_alive:a_2b:4382,a_2b,4382
gated_alive:a_2b:4514,a_2b,4514
gated_alive:a_2b:4854,a_2b,4854
gated_alive:a_2b:4894,a_2b,4894
gated_alive:a_2b:4957,a_2b,4957
gated_alive:a_2b:5150,a_2b,5150
gated_alive:a_2b:5275,a_2b,5275
gated_alive:a_2b:5687,a_2b,5687
gated_alive:a_2b:5701,a_2b,5701
gated_alive:a_2b:5903,a_2b,5903
gated_alive:a_2b:6230,a_2b,6230
gated_alive:a_2b:6471,a_2b,6471
gated_alive:a_2b:7286,a_2b,7286
gated_alive:a_2b:7449,a_2b,7449
gated_alive:a_2b:7469,a_2b,7469
gated_alive:a_2b:7510,a_2b,7510
gated_alive:a_2b:7649,a_2b,7649
gated_alive:a_2b:7714,a_2b,7714
gated_alive:a_2b:8014,a_2b,8014
gated_alive:a_2b:8905,a_2b,8905
gated_alive:a_2b:9096,a_2b,9096
gated_alive:a_2b:9400,a_2b,9400
gated_alive:a_2b:9958,a_2b,9958
gated_alive:a_2b:10061,a_2b,10061
gated_alive:a_2b:10119,a_2b,10119
gated_alive:a_2b:10124,a_2b,10124
gated_alive:a_2b:10515,a_2b,10515
gated_alive:a_2b:10609,a_2b,10609
gated_alive:a_2b:10747,a_2b,10747
gated_alive:a_2b:10752,a_2b,10752
gated_alive:a_2b:10792,a_2b,10792
gated_alive:a_2b:10932,a_2b,10932
gated_alive:a_2b:10981,a_2b,10981
gated_alive:a_2b:10989,a_2b,10989
gated_alive:a_2b:11742,a_2b,11742
gated_alive:a_2b:11988,a_2b,11988
gated_alive:a_2b:12099,a_2b,12099
gated_alive:a_2b:12230,a_2b,12230
gated_alive:a_2b:12445,a_2b,12445
gated_alive:a_2b:12635,a_2b,12635
gated_alive:a_2b:12677,a_2b,12677
gated_alive:a_2b:13095,a_2b,13095
gated_alive:a_2b:13606,a_2b,13606
gated_alive:a_2b:13770,a_2b,13770
gated_alive:a_2b:14158,a_2b,14158
gated_alive:a_2b:14434,a_2b,14434
gated_alive:a_2b:15537,a_2b,15537
gated_alive:a_2b:15636,a_2b,15636
gated_alive:a_2b:15683,a_2b,15683
gated_alive:a_2b:15890,a_2b,15890
gated_alive:a_2b:15991,a_2b,15991
gated_alive:a_2b:16161,a_2b,16161
gated_alive:a_2b:16164,a_2b,16164
gated_alive:a_2b:16266,a_2b,16266
gated_alive:a_2b:16478,a_2b,16478
gated_alive:a_2b:16507,a_2b,16507
gated_alive:a_2b:16536,a_2b,16536
gated_alive:a_2b:16652,a_2b,16652
gated_alive:a_2b:16727,a_2b,16727
gated_alive:a_2b:16750,a_2b,16750
gated_alive:a_2b:16859,a_2b,16859
gated_alive:a_2b:16968,a_2b,16968
gated_alive:a_2b:17060,a_2b,17060
gated_alive:a_2b:17143,a_2b,17143
gated_alive:a_2b:17481,a_2b,17481
gated_alive:a_2b:17698,a_2b,17698
gated_alive:a_2b:17804,a_2b,17804
gated_alive:a_2b:17866,a_2b,17866
gated_alive:a_2b:18013,a_2b,18013
gated_alive:a_2b:18099,a_2b,18099
gated_alive:a_2b:18427,a_2b,18427
gated_alive:a_2b:18891,a_2b,18891
gated_alive:a_2b:18902,a_2b,18902
gated_alive:a_2b:19015,a_2b,19015
gated_alive:a_2b:19168,a_2b,19168
gated_alive:a_2b:19194,a_2b,19194
gated_alive:a_2b:19616,a_2b,19616
gated_alive:a_2b:20010,a_2b,20010
gated_alive:a_2b:20069,a_2b,20069
gated_alive:a_2b:20238,a_2b,20238
gated_alive:a_2b:20359,a_2b,20359
gated_alive:a_2b:20484,a_2b,20484
gated_alive:a_2b:20752,a_2b,20752
gated_alive:a_2b:20946,a_2b,20946
gated_alive:a_2b:21023,a_2b,21023
gated_alive:a_2b:21057,a_2b,21057
gated_alive:a_2b:21148,a_2b,21148
gated_alive:a_2b:21154,a_2b,21154
gated_alive:a_2b:21223,a_2b,21223
gated_alive:a_2b:21555,a_2b,21555
gated_alive:a_2b:21910,a_2b,21910
gated_alive:a_2b:22308,a_2b,22308
gated_alive:a_2b:22462,a_2b,22462
gated_alive:a_2b:22648,a_2b,22648
gated_alive:a_2b:22689,a_2b,22689
gated_alive:a_2b:22802,a_2b,22802
gated_alive:a_2b:22873,a_2b,22873
gated_alive:a_2b:23068,a_2b,23068
gated_alive:a_2b:23334,a_2b,23334
gated_alive:a_2b:23618,a_2b,23618
gated_alive:a_2b:24173,a_2b,24173
gated_alive:a_2b:24275,a_2b,24275
gated_alive:a_2b:24761,a_2b,24761
gated_alive:a_2b:24971,a_2b,24971
gated_alive:a_2b:24996,a_2b,24996
gated_alive:a_2b:25080,a_2b,25080
gated_alive:a_2b:25122,a_2b,25122
gated_alive:a_2b:25210,a_2b,25210
gated_alive:a_2b:25486,a_2b,25486
gated_alive:a_2b:25561,a_2b,25561
gated_alive:a_2b:26128,a_2b,26128
gated_alive:a_2b:26195,a_2b,26195
gated_alive:a_2b:26216,a_2b,26216
gated_alive:a_2b:26495,a_2b,26495
gated_alive:a_2b:26568,a_2b,26568
gated_alive:a_2b:26807,a_2b,26807
gated_alive:a_2b:27347,a_2b,27347
gated_alive:a_2b:27944,a_2b,27944
gated_alive:a_2b:27945,a_2b,27945
gated_alive:a_2b:28245,a_2b,28245
gated_alive:a_2b:28358,a_2b,28358
gated_alive:a_2b:28572,a_2b,28572
gated_alive:a_2b:28852,a_2b,28852
gated_alive:a_2b:28936,a_2b,28936
gated_alive:a_2b:29549,a_2b,29549
gated_alive:a_2b:29653,a_2b,29653
gated_alive:a_2b:29837,a_2b,29837
gated_alive:a_2b:29945,a_2b,29945
gated_alive:a_2b:30160,a_2b,30160
gated_alive:a_2b:30253,a_2b,30253
gated_alive:a_2b:30693,a_2b,30693
gated_alive:a_2b:30735,a_2b,30735
gated_alive:a_2b:30798,a_2b,30798
gated_alive:a_2b:31106,a_2b,31106
gated_alive:a_2b:31204,a_2b,31204
gated_alive:a_2b:31217,a_2b,31217
gated_alive:a_2b:31256,a_2b,31256
gated_alive:a_2b:31335,a_2b,31335
gated_alive:a_2b:31392,a_2b,31392
gated_alive:a_2b:31436,a_2b,31436
gated_alive:a_2b:31662,a_2b,31662
gated_alive:a_2b:31829,a_2b,31829
gated_alive:a_2b:31991,a_2b,31991
gated_alive:a_2b:32289,a_2b,32289
gated_alive:a_2b:32525,a_2b,32525
gated_alive:a_2b:32637,a_2b,32637
gated_alive:a_2b:33045,a_2b,33045
gated_alive:a_2b:33939,a_2b,33939
gated_alive:a_2b:33951,a_2b,33951
gated_alive:a_2b:34049,a_2b,34049
gated_alive:a_2b:34336,a_2b,34336
gated_alive:a_2b:34941,a_2b,34941
gated_alive:a_2b:35086,a_2b,35086
gated_alive:a_2b:36034,a_2b,36034
gated_alive:a_2b:36311,a_2b,36311
gated_alive:a_2b:36659,a_2b,36659
gated_alive:a_2b:36994,a_2b,36994
gated_alive:a_2b:37084,a_2b,37084
gated_alive:a_2b:37152,a_2b,37152
gated_alive:a_2b:37173,a_2b,37173
gated_alive:a_2b:37618,a_2b,37618
gated_alive:a_2b:38080,a_2b,38080
gated_alive:a_2b:38401,a_2b,38401
gated_alive:a_2b:38563,a_2b,38563
gated_alive:a_2b:38612,a_2b,38612
gated_alive:a_2b:38784,a_2b,38784
gated_alive:a_2b:38882,a_2b,38882
gated_alive:a_2b:38948,a_2b,38948
gated_alive:a_2b:39073,a_2b,39073
gated_alive:a_2b:39127,a_2b,39127
gated_alive:a_2b:39178,a_2b,39178
gated_alive:a_2b:39685,a_2b,39685
gated_alive:a_2b:39695,a_2b,39695
gated_alive:a_2b:40064,a_2b,40064
gated_alive:a_2b:40338,a_2b,40338
gated_alive:a_2b:40424,a_2b,40424
gated_alive:a_2b:40563,a_2b,40563
gated_alive:a_2b:40906,a_2b,40906
gated_alive:a_2b:41162,a_2b,41162
gated_alive:a_2b:41228,a_2b,41228
gated_alive:a_2b:41242,a_2b,41242
gated_alive:a_2b:41342,a_2b,41342
gated_alive:a_2b:41521,a_2b,41521
gated_alive:a_2b:41622,a_2b,41622
gated_alive:a_2b:41889,a_2b,41889
gated_alive:a_2b:42058,a_2b,42058
gated_alive:a_2b:42189,a_2b,42189
gated_alive:a_2b:42241,a_2b,42241
gated_alive:a_2b:42603,a_2b,42603
gated_alive:a_2b:42818,a_2b,42818
gated_alive:a_2b:43090,a_2b,43090
gated_alive:a_2b:43297,a_2b,43297
gated_alive:a_2b:43302,a_2b,43302
gated_alive:a_2b:43626,a_2b,43626
gated_alive:a_2b:44571,a_2b,44571
gated_alive:a_2b:44688,a_2b,44688
gated_alive:a_2b:44744,a_2b,44744
gated_alive:a_2b:44822,a_2b,44822
gated_alive:a_2b:44884,a_2b,44884
gated_alive:a_2b:45142,a_2b,45142
gated_alive:a_2b:45149,a_2b,45149
gated_alive:a_2b:45245,a_2b,45245
gated_alive:a_2b:45289,a_2b,45289
gated_alive:a_2b:45312,a_2b,45312
gated_alive:a_2b:45621,a_2b,45621
gated_alive:a_2b:45825,a_2b,45825
gated_alive:a_2b:45875,a_2b,45875
gated_alive:a_2b:46014,a_2b,46014
gated_alive:a_2b:46290,a_2b,46290
gated_alive:a_2b:46483,a_2b,46483
gated_alive:a_2b:46510,a_2b,46510
gated_alive:a_2b:46675,a_2b,46675
gated_alive:a_2b:46702,a_2b,46702
gated_alive:a_2b:46864,a_2b,46864
gated_alive:a_2b:47122,a_2b,47122
gated_alive:a_2b:47356,a_2b,47356
gated_alive:a_2b:47420,a_2b,47420
gated_alive:a_2b:47626,a_2b,47626
gated_alive:a_2b:47698,a_2b,47698
gated_alive:a_2b:47851,a_2b,47851
gated_alive:a_2b:48099,a_2b,48099
gated_alive:a_2b:48194,a_2b,48194
gated_alive:a_2b:48379,a_2b,48379
gated_alive:a_2b:48402,a_2b,48402
gated_alive:a_2b:48652,a_2b,48652
gated_alive:a_2b:48777,a_2b,48777
gated_alive:a_2b:48804,a_2b,48804
gated_alive:a_2b:48812,a_2b,48812
gated_alive:a_2b:48889,a_2b,48889
gated_alive:a_2b:49102,a_2b,49102
gated_alive:a_2b:49176,a_2b,49176
gated_alive:a_2b:49400,a_2b,49400
gated_alive:a_2b:49450,a_2b,49450
gated_alive:a_2b:49488,a_2b,49488
gated_alive:a_2b:49526,a_2b,49526
gated_alive:a_2b:50266,a_2b,50266
gated_alive:a_2b:50801,a_2b,50801
gated_alive:a_2b:50863,a_2b,50863
gated_alive:a_2b:50925,a_2b,50925
gated_alive:a_2b:51209,a_2b,51209
gated_alive:a_2b:51276,a_2b,51276
gated_alive:a_2b:51332,a_2b,51332
gated_alive:a_2b:51426,a_2b,51426
gated_alive:a_2b:51445,a_2b,51445
gated_alive:a_2b:51697,a_2b,51697
gated_alive:a_2b:51774,a_2b,51774
gated_alive:a_2b:51937,a_2b,51937
gated_alive:a_2b:52018,a_2b,52018
gated_alive:a_2b:52213,a_2b,52213
gated_alive:a_2b:52379,a_2b,52379
gated_alive:a_2b:52541,a_2b,52541
gated_alive:a_2b:52932,a_2b,52932
gated_alive:a_2b:53155,a_2b,53155
gated_alive:a_2b:53186,a_2b,53186
gated_alive:a_2b:53336,a_2b,53336
gated_alive:a_2b:53370,a_2b,53370
gated_alive:a_2b:53479,a_2b,53479
gated_alive:a_2b:53566,a_2b,53566
gated_alive:a_2b:53641,a_2b,53641
gated_alive:a_2b:53811,a_2b,53811
gated_alive:a_2b:53863,a_2b,53863
gated_alive:a_2b:54085,a_2b,54085
gated_alive:a_2b:54126,a_2b,54126
gated_alive:a_2b:54130,a_2b,54130
gated_alive:a_2b:54234,a_2b,54234
gated_alive:a_2b:54450,a_2b,54450
gated_alive:a_2b:54487,a_2b,54487
gated_alive:a_2b:54524,a_2b,54524
gated_alive:a_2b:54673,a_2b,54673
gated_alive:a_2b:54898,a_2b,54898
gated_alive:a_2b:54926,a_2b,54926
gated_alive:a_2b:54948,a_2b,54948
gated_alive:a_2b:55015,a_2b,55015
gated_alive:a_2b:55101,a_2b,55101
gated_alive:a_2b:55280,a_2b,55280
gated_alive:a_2b:55332,a_2b,55332
gated_alive:a_2b:55598,a_2b,55598
gated_alive:a_2b:55904,a_2b,55904
gated_alive:a_2b:55984,a_2b,55984
gated_alive:a_2b:56097,a_2b,56097
gated_alive:a_2b:56199,a_2b,56199
gated_alive:a_2b:56337,a_2b,56337
gated_alive:a_2b:56710,a_2b,56710
gated_alive:a_2b:57164,a_2b,57164
gated_alive:a_2b:57170,a_2b,57170
gated_alive:a_2b:57283,a_2b,57283
gated_alive:a_2b:57342,a_2b,57342
gated_alive:a_2b:57473,a_2b,57473
gated_alive:a_2b:57502,a_2b,57502
gated_alive:a_2b:57776,a_2b,57776
gated_alive:a_2b:57942,a_2b,57942
gated_alive:a_2b:58007,a_2b,58007
gated_alive:a_2b:58652,a_2b,58652
gated_alive:a_2b:58663,a_2b,58663
gated_alive:a_2b:58666,a_2b,58666
gated_alive:a_2b:59143,a_2b,59143
gated_alive:a_2b:59574,a_2b,59574
gated_alive:a_2b:59625,a_2b,59625
gated_alive:a_2b:59695,a_2b,59695
gated_alive:a_2b:60187,a_2b,60187
gated_alive:a_2b:60226,a_2b,60226
gated_alive:a_2b:60520,a_2b,60520
gated_alive:a_2b:60598,a_2b,60598
gated_alive:a_2b:60687,a_2b,60687
gated_alive:a_2b:60706,a_2b,60706
gated_alive:a_2b:60779,a_2b,60779
gated_alive:a_2b:60790,a_2b,60790
gated_alive:a_2b:60881,a_2b,60881
gated_alive:a_2b:61307,a_2b,61307
gated_alive:a_2b:61717,a_2b,61717
gated_alive:a_2b:61757,a_2b,61757
gated_alive:a_2b:61824,a_2b,61824
gated_alive:a_2b:62478,a_2b,62478
gated_alive:a_2b:62817,a_2b,62817
gated_alive:a_2b:63010,a_2b,63010
gated_alive:a_2b:63429,a_2b,63429
gated_alive:a_2b:63621,a_2b,63621
gated_alive:a_2b:63641,a_2b,63641
gated_alive:a_2b:63765,a_2b,63765
gated_alive:a_2b:63813,a_2b,63813
gated_alive:a_2b:64261,a_2b,64261
gated_alive:a_2b:64393,a_2b,64393
gated_alive:a_2b:64466,a_2b,64466
gated_alive:a_2b:64553,a_2b,64553
gated_alive:a_2b:64583,a_2b,64583
gated_alive:a_2b:64730,a_2b,64730
gated_alive:a_2b:64908,a_2b,64908
gated_alive:a_2b:65126,a_2b,65126
gated_alive:a_2b:65883,a_2b,65883
gated_alive:a_2b:65920,a_2b,65920
gated_alive:a_2b:66488,a_2b,66488
gated_alive:a_2b:66623,a_2b,66623
gated_alive:a_2b:66637,a_2b,66637
gated_alive:a_2b:66669,a_2b,66669
gated_alive:a_2b:66776,a_2b,66776
gated_alive:a_2b:66856,a_2b,66856
gated_alive:a_2b:66870,a_2b,66870
gated_alive:a_2b:67457,a_2b,67457
gated_alive:a_2b:67555,a_2b,67555
gated_alive:a_2b:67661,a_2b,67661
gated_alive:a_2b:67769,a_2b,67769
gated_alive:a_2b:67882,a_2b,67882
gated_alive:a_2b:68021,a_2b,68021
gated_alive:a_2b:68109,a_2b,68109
gated_alive:a_2b:68252,a_2b,68252
gated_alive:a_2b:68335,a_2b,68335
gated_alive:a_2b:68451,a_2b,68451
gated_alive:a_2b:68462,a_2b,68462
gated_alive:a_2b:68476,a_2b,68476
gated_alive:a_2b:68769,a_2b,68769
gated_alive:a_2b:68811,a_2b,68811
gated_alive:a_2b:69090,a_2b,69090
gated_alive:a_2b:69232,a_2b,69232
gated_alive:a_2b:69515,a_2b,69515
gated_alive:a_2b:69530,a_2b,69530
gated_alive:a_2b:69992,a_2b,69992
gated_alive:a_2b:70208,a_2b,70208
gated_alive:a_2b:70474,a_2b,70474
gated_alive:a_2b:70499,a_2b,70499
gated_alive:a_2b:70649,a_2b,70649
gated_alive:a_2b:70837,a_2b,70837
gated_alive:a_2b:71259,a_2b,71259
gated_alive:a_2b:71269,a_2b,71269
gated_alive:a_2b:71329,a_2b,71329
gated_alive:a_2b:71608,a_2b,71608
gated_alive:a_2b:71694,a_2b,71694
gated_alive:a_2b:71741,a_2b,71741
gated_alive:a_2b:71794,a_2b,71794
gated_alive:a_2b:71864,a_2b,71864
gated_alive:a_2b:71944,a_2b,71944
gated_alive:a_2b:72060,a_2b,72060
gated_alive:a_2b:72063,a_2b,72063
gated_alive:a_2b:72276,a_2b,72276
gated_alive:a_2b:72301,a_2b,72301
gated_alive:a_2b:72399,a_2b,72399
gated_alive:a_2b:72809,a_2b,72809
gated_alive:a_2b:72871,a_2b,72871
gated_alive:a_2b:73102,a_2b,73102
gated_alive:a_2b:73445,a_2b,73445
gated_alive:a_2b:73470,a_2b,73470
gated_alive:a_2b:73608,a_2b,73608
gated_alive:a_2b:73764,a_2b,73764
gated_alive:a_2b:73847,a_2b,73847
gated_alive:a_2b:73883,a_2b,73883
gated_alive:a_2b:74077,a_2b,74077
gated_alive:a_2b:74158,a_2b,74158
gated_alive:a_2b:74173,a_2b,74173
gated_alive:a_2b:74265,a_2b,74265
gated_alive:a_2b:74305,a_2b,74305
gated_alive:a_2b:74347,a_2b,74347
gated_alive:a_2b:74540,a_2b,74540
gated_alive:a_2b:74825,a_2b,74825
gated_alive:a_2b:74890,a_2b,74890
gated_alive:a_2b:75221,a_2b,75221
gated_alive:a_2b:75453,a_2b,75453
gated_alive:a_2b:75460,a_2b,75460
gated_alive:a_2b:75514,a_2b,75514
gated_alive:a_2b:75567,a_2b,75567
gated_alive:a_2b:75733,a_2b,75733
gated_alive:a_2b:75823,a_2b,75823
gated_alive:a_2b:76488,a_2b,76488
gated_alive:a_2b:76668,a_2b,76668
gated_alive:a_2b:76855,a_2b,76855
gated_alive:a_2b:77047,a_2b,77047
gated_alive:a_2b:77118,a_2b,77118
gated_alive:a_2b:77263,a_2b,77263
gated_alive:a_2b:77926,a_2b,77926
gated_alive:a_2b:77946,a_2b,77946
gated_alive:a_2b:78023,a_2b,78023
gated_alive:a_2b:79061,a_2b,79061
gated_alive:a_2b:79171,a_2b,79171
gated_alive:a_2b:79325,a_2b,79325
gated_alive:a_2b:79367,a_2b,79367
gated_alive:a_2b:79617,a_2b,79617
gated_alive:a_2b:79649,a_2b,79649
gated_alive:a_2b:79739,a_2b,79739
gated_alive:a_2b:79740,a_2b,79740
gated_alive:a_2b:79807,a_2b,79807
gated_alive:a_2b:80018,a_2b,80018
gated_alive:a_2b:80112,a_2b,80112
gated_alive:a_2b:80174,a_2b,80174
gated_alive:a_2b:80298,a_2b,80298
gated_alive:a_2b:80384,a_2b,80384
gated_alive:a_2b:80832,a_2b,80832
gated_alive:a_2b:81075,a_2b,81075
gated_alive:a_2b:81396,a_2b,81396
gated_alive:a_2b:81990,a_2b,81990
gated_alive:a_2b:82121,a_2b,82121
gated_alive:a_2b:82206,a_2b,82206
gated_alive:a_2b:82308,a_2b,82308
gated_alive:a_2b:82420,a_2b,82420
gated_alive:a_2b:82426,a_2b,82426
gated_alive:a_2b:83231,a_2b,83231
gated_alive:a_2b:83408,a_2b,83408
gated_alive:a_2b:83681,a_2b,83681
gated_alive:a_2b:83992,a_2b,83992
gated_alive:a_2b:84071,a_2b,84071
gated_alive:a_2b:85279,a_2b,85279
gated_alive:a_2b:85886,a_2b,85886
gated_alive:a_2b:86041,a_2b,86041
gated_alive:a_2b:86191,a_2b,86191
gated_alive:a_2b:86324,a_2b,86324
gated_alive:a_2b:86613,a_2b,86613
gated_alive:a_2b:86759,a_2b,86759
gated_alive:a_2b:86861,a_2b,86861
gated_alive:a_2b:86943,a_2b,86943
gated_alive:a_2b:87016,a_2b,87016
gated_alive:a_2b:87055,a_2b,87055
gated_alive:a_2b:87778,a_2b,87778
gated_alive:a_2b:87857,a_2b,87857
gated_alive:a_2b:88046,a_2b,88046
gated_alive:a_2b:88129,a_2b,88129
gated_alive:a_2b:88230,a_2b,88230
gated_alive:a_2b:88294,a_2b,88294
gated_alive:a_2b:88337,a_2b,88337
gated_alive:a_2b:88559,a_2b,88559
gated_alive:a_2b:88748,a_2b,88748
gated_alive:a_2b:88814,a_2b,88814
gated_alive:a_2b:89290,a_2b,89290
gated_alive:a_2b:89291,a_2b,89291
gated_alive:a_2b:89740,a_2b,89740
gated_alive:a_2b:89818,a_2b,89818
gated_alive:a_2b:89891,a_2b,89891
gated_alive:a_2b:89978,a_2b,89978
gated_alive:a_2b:89980,a_2b,89980
gated_alive:a_2b:90157,a_2b,90157
gated_alive:a_2b:90171,a_2b,90171
gated_alive:a_2b:90206,a_2b,90206
gated_alive:a_2b:90364,a_2b,90364
gated_alive:a_2b:90651,a_2b,90651
gated_alive:a_2b:90702,a_2b,90702
gated_alive:a_2b:91202,a_2b,91202
gated_alive:a_2b:91400,a_2b,91400
gated_alive:a_2b:91721,a_2b,91721
gated_alive:a_2b:91981,a_2b,91981
gated_alive:a_2b:91996,a_2b,91996
gated_alive:a_2b:92099,a_2b,92099
gated_alive:a_3a:319,a_3a,319
gated_alive:a_3a:322,a_3a,322
gated_alive:a_3a:330,a_3a,330
gated_alive:a_3a:874,a_3a,874
gated_alive:a_3a:970,a_3a,970
gated_alive:a_3a:1176,a_3a,1176
gated_alive:a_3a:2228,a_3a,2228
gated_alive:a_3a:2472,a_3a,2472
gated_alive:a_3a:2741,a_3a,2741
gated_alive:a_3a:2779,a_3a,2779
gated_alive:a_3a:2859,a_3a,2859
gated_alive:a_3a:3036,a_3a,3036
gated_alive:a_3a:4187,a_3a,4187
gated_alive:a_3a:5111,a_3a,5111
gated_alive:a_3a:5166,a_3a,5166
gated_alive:a_3a:5262,a_3a,5262
gated_alive:a_3a:5497,a_3a,5497
gated_alive:a_3a:5543,a_3a,5543
gated_alive:a_3a:5923,a_3a,5923
gated_alive:a_3a:6082,a_3a,6082
gated_alive:a_3a:6930,a_3a,6930
gated_alive:a_3a:8073,a_3a,8073
gated_alive:a_3a:8119,a_3a,8119
gated_alive:a_3a:8156,a_3a,8156
gated_alive:a_3a:8430,a_3a,8430
gated_alive:a_3a:8724,a_3a,8724
gated_alive:a_3a:10770,a_3a,10770
gated_alive:a_3a:10964,a_3a,10964
gated_alive:a_3a:11058,a_3a,11058
gated_alive:a_3a:11162,a_3a,11162
gated_alive:a_3a:11407,a_3a,11407
gated_alive:a_3a:12081,a_3a,12081
gated_alive:a_3a:12893,a_3a,12893
gated_alive:a_3a:13062,a_3a,13062
gated_alive:a_3a:13519,a_3a,13519
gated_alive:a_3a:14528,a_3a,14528
gated_alive:a_3a:16086,a_3a,16086
gated_alive:a_3a:16561,a_3a,16561
gated_alive:a_3a:16717,a_3a,16717
gated_alive:a_3a:16739,a_3a,16739
gated_alive:a_3a:18152,a_3a,18152
gated_alive:a_3a:19503,a_3a,19503
gated_alive:a_3a:22198,a_3a,22198
gated_alive:a_3a:22262,a_3a,22262
gated_alive:a_3a:22575,a_3a,22575
gated_alive:a_3a:22595,a_3a,22595
gated_alive:a_3a:23068,a_3a,23068
gated_alive:a_3a:23249,a_3a,23249
gated_alive:a_3a:23779,a_3a,23779
gated_alive:a_3a:23940,a_3a,23940
gated_alive:a_3a:24584,a_3a,24584
gated_alive:a_3a:24704,a_3a,24704
gated_alive:a_3a:25695,a_3a,25695
gated_alive:a_3a:25814,a_3a,25814
gated_alive:a_3a:26533,a_3a,26533
gated_alive:a_3a:27132,a_3a,27132
gated_alive:a_3a:27288,a_3a,27288
gated_alive:a_3a:27672,a_3a,27672
gated_alive:a_3a:28480,a_3a,28480
gated_alive:a_3a:29025,a_3a,29025
gated_alive:a_3a:29127,a_3a,29127
gated_alive:a_3a:29301,a_3a,29301
gated_alive:a_3a:29400,a_3a,29400
gated_alive:a_3a:29428,a_3a,29428
gated_alive:a_3a:30599,a_3a,30599
gated_alive:a_3a:31045,a_3a,31045
gated_alive:a_3a:31104,a_3a,31104
gated_alive:a_3a:31116,a_3a,31116
gated_alive:a_3a:31184,a_3a,31184
gated_alive:a_3a:31514,a_3a,31514
gated_alive:a_3a:31548,a_3a,31548
gated_alive:a_3a:32170,a_3a,32170
gated_alive:a_3a:32389,a_3a,32389
gated_alive:a_3a:32522,a_3a,32522
gated_alive:a_3a:32705,a_3a,32705
gated_alive:a_3a:34225,a_3a,34225
gated_alive:a_3a:34236,a_3a,34236
gated_alive:a_3a:34308,a_3a,34308
gated_alive:a_3a:34398,a_3a,34398
gated_alive:a_3a:34693,a_3a,34693
gated_alive:a_3a:34783,a_3a,34783
gated_alive:a_3a:34865,a_3a,34865
gated_alive:a_3a:34939,a_3a,34939
gated_alive:a_3a:35372,a_3a,35372
gated_alive:a_3a:35556,a_3a,35556
gated_alive:a_3a:35741,a_3a,35741
gated_alive:a_3a:36029,a_3a,36029
gated_alive:a_3a:36139,a_3a,36139
gated_alive:a_3a:36217,a_3a,36217
gated_alive:a_3a:36317,a_3a,36317
gated_alive:a_3a:36424,a_3a,36424
gated_alive:a_3a:36537,a_3a,36537
gated_alive:a_3a:37550,a_3a,37550
gated_alive:a_3a:37628,a_3a,37628
gated_alive:a_3a:37738,a_3a,37738
gated_alive:a_3a:38465,a_3a,38465
gated_alive:a_3a:39029,a_3a,39029
gated_alive:a_3a:39036,a_3a,39036
gated_alive:a_3a:39448,a_3a,39448
gated_alive:a_3a:40252,a_3a,40252
gated_alive:a_3a:40928,a_3a,40928
gated_alive:a_3a:40932,a_3a,40932
gated_alive:a_3a:41353,a_3a,41353
gated_alive:a_3a:41373,a_3a,41373
gated_alive:a_3a:41473,a_3a,41473
gated_alive:a_3a:41723,a_3a,41723
gated_alive:a_3a:42130,a_3a,42130
gated_alive:a_3a:42336,a_3a,42336
gated_alive:a_3a:42375,a_3a,42375
gated_alive:a_3a:45636,a_3a,45636
gated_alive:a_3a:45660,a_3a,45660
gated_alive:a_3a:45677,a_3a,45677
gated_alive:a_3a:45880,a_3a,45880
gated_alive:a_3a:45973,a_3a,45973
gated_alive:a_3a:46080,a_3a,46080
gated_alive:a_3a:46515,a_3a,46515
gated_alive:a_3a:46902,a_3a,46902
gated_alive:a_3a:47607,a_3a,47607
gated_alive:a_3a:47741,a_3a,47741
gated_alive:a_3a:47801,a_3a,47801
gated_alive:a_3a:48461,a_3a,48461
gated_alive:a_3a:48935,a_3a,48935
gated_alive:a_3a:49080,a_3a,49080
gated_alive:a_3a:49621,a_3a,49621
gated_alive:a_3a:50006,a_3a,50006
gated_alive:a_3a:50208,a_3a,50208
gated_alive:a_3a:50346,a_3a,50346
gated_alive:a_3a:50663,a_3a,50663
gated_alive:a_3a:51422,a_3a,51422
gated_alive:a_3a:51624,a_3a,51624
gated_alive:a_3a:51980,a_3a,51980
gated_alive:a_3a:52448,a_3a,52448
gated_alive:a_3a:52618,a_3a,52618
gated_alive:a_3a:52869,a_3a,52869
gated_alive:a_3a:53171,a_3a,53171
gated_alive:a_3a:55374,a_3a,55374
gated_alive:a_3a:55550,a_3a,55550
gated_alive:a_3a:55592,a_3a,55592
gated_alive:a_3a:55841,a_3a,55841
gated_alive:a_3a:56063,a_3a,56063
gated_alive:a_3a:56195,a_3a,56195
gated_alive:a_3a:56746,a_3a,56746
gated_alive:a_3a:57105,a_3a,57105
gated_alive:a_3a:57511,a_3a,57511
gated_alive:a_3a:58661,a_3a,58661
gated_alive:a_3a:59044,a_3a,59044
gated_alive:a_3a:59211,a_3a,59211
gated_alive:a_3a:59340,a_3a,59340
gated_alive:a_3a:59391,a_3a,59391
gated_alive:a_3a:59601,a_3a,59601
gated_alive:a_3a:59843,a_3a,59843
gated_alive:a_3a:60677,a_3a,60677
gated_alive:a_3a:60713,a_3a,60713
gated_alive:a_3a:60780,a_3a,60780
gated_alive:a_3a:61465,a_3a,61465
gated_alive:a_3a:62067,a_3a,62067
gated_alive:a_3a:62256,a_3a,62256
gated_alive:a_3a:62647,a_3a,62647
gated_alive:a_3a:62673,a_3a,62673
gated_alive:a_3a:63025,a_3a,63025
gated_alive:a_3a:63031,a_3a,63031
gated_alive:a_3a:63215,a_3a,63215
gated_alive:a_3a:63328,a_3a,63328
gated_alive:a_3a:63502,a_3a,63502
gated_alive:a_3a:63648,a_3a,63648
gated_alive:a_3a:63859,a_3a,63859
gated_alive:a_3a:64114,a_3a,64114
gated_alive:a_3a:64453,a_3a,64453
gated_alive:a_3a:64554,a_3a,64554
gated_alive:a_3a:64617,a_3a,64617
gated_alive:a_3a:64648,a_3a,64648
gated_alive:a_3a:65389,a_3a,65389
gated_alive:a_3a:65753,a_3a,65753
gated_alive:a_3a:65950,a_3a,65950
gated_alive:a_3a:66048,a_3a,66048
gated_alive:a_3a:66473,a_3a,66473
gated_alive:a_3a:66484,a_3a,66484
gated_alive:a_3a:66525,a_3a,66525
gated_alive:a_3a:66755,a_3a,66755
gated_alive:a_3a:67152,a_3a,67152
gated_alive:a_3a:67309,a_3a,67309
gated_alive:a_3a:67798,a_3a,67798
gated_alive:a_3a:67834,a_3a,67834
gated_alive:a_3a:68078,a_3a,68078
gated_alive:a_3a:68318,a_3a,68318
gated_alive:a_3a:68563,a_3a,68563
gated_alive:a_3a:68865,a_3a,68865
gated_alive:a_3a:69189,a_3a,69189
gated_alive:a_3a:70458,a_3a,70458
gated_alive:a_3a:70948,a_3a,70948
gated_alive:a_3a:71172,a_3a,71172
gated_alive:a_3a:71602,a_3a,71602
gated_alive:a_3a:71726,a_3a,71726
gated_alive:a_3a:71760,a_3a,71760
gated_alive:a_3a:71955,a_3a,71955
gated_alive:a_3a:72497,a_3a,72497
gated_alive:a_3a:72548,a_3a,72548
gated_alive:a_3a:72551,a_3a,72551
gated_alive:a_3a:73057,a_3a,73057
gated_alive:a_3a:73107,a_3a,73107
gated_alive:a_3a:73152,a_3a,73152
gated_alive:a_3a:73225,a_3a,73225
gated_alive:a_3a:73609,a_3a,73609
gated_alive:a_3a:73897,a_3a,73897
gated_alive:a_3a:74349,a_3a,74349
gated_alive:a_3a:74535,a_3a,74535
gated_alive:a_3a:74594,a_3a,74594
gated_alive:a_3a:75063,a_3a,75063
gated_alive:a_3a:75855,a_3a,75855
gated_alive:a_3a:76865,a_3a,76865
gated_alive:a_3a:76866,a_3a,76866
gated_alive:a_3a:77748,a_3a,77748
gated_alive:a_3a:78874,a_3a,78874
gated_alive:a_3a:79393,a_3a,79393
gated_alive:a_3a:80095,a_3a,80095
gated_alive:a_3a:81015,a_3a,81015
gated_alive:a_3a:81278,a_3a,81278
gated_alive:a_3a:81539,a_3a,81539
gated_alive:a_3a:82042,a_3a,82042
gated_alive:a_3a:82544,a_3a,82544
gated_alive:a_3a:83129,a_3a,83129
gated_alive:a_3a:83175,a_3a,83175
gated_alive:a_3a:83268,a_3a,83268
gated_alive:a_3a:83718,a_3a,83718
gated_alive:a_3a:84087,a_3a,84087
gated_alive:a_3a:84283,a_3a,84283
gated_alive:a_3a:84418,a_3a,84418
gated_alive:a_3a:84577,a_3a,84577
gated_alive:a_3a:85064,a_3a,85064
gated_alive:a_3a:85082,a_3a,85082
gated_alive:a_3a:85218,a_3a,85218
gated_alive:a_3a:85267,a_3a,85267
gated_alive:a_3a:85399,a_3a,85399
gated_alive:a_3a:85824,a_3a,85824
gated_alive:a_3a:86302,a_3a,86302
gated_alive:a_3a:86821,a_3a,86821
gated_alive:a_3a:86863,a_3a,86863
gated_alive:a_3a:86925,a_3a,86925
gated_alive:a_3a:87284,a_3a,87284
gated_alive:a_3a:87718,a_3a,87718
gated_alive:a_3a:87832,a_3a,87832
gated_alive:a_3a:88863,a_3a,88863
gated_alive:a_3a:89070,a_3a,89070
gated_alive:a_3a:89085,a_3a,89085
gated_alive:a_3a:89284,a_3a,89284
gated_alive:a_3a:89912,a_3a,89912
gated_alive:a_3a:90630,a_3a,90630
gated_alive:a_3a:91064,a_3a,91064
gated_alive:a_3a:91475,a_3a,91475
gated_alive:a_3a:91865,a_3a,91865
gated_alive:a_3a:92039,a_3a,92039
gated_alive:a_3a:92248,a_3a,92248
gated_alive:a_3a:92377,a_3a,92377
gated_alive:a_3a:93180,a_3a,93180
gated_alive:a_3a:93467,a_3a,93467
gated_alive:a_3a:93797,a_3a,93797
gated_alive:a_3a:93848,a_3a,93848
gated_alive:a_3a:94053,a_3a,94053
gated_alive:a_3a:94690,a_3a,94690
gated_alive:a_3a:94857,a_3a,94857
gated_alive:a_3a:94990,a_3a,94990
gated_alive:a_3a:95071,a_3a,95071
gated_alive:a_3a:95154,a_3a,95154
gated_alive:a_3a:95511,a_3a,95511
gated_alive:a_3a:96420,a_3a,96420
gated_alive:a_3a:96881,a_3a,96881
gated_alive:a_3a:97004,a_3a,97004
gated_alive:a_3a:97214,a_3a,97214
gated_alive:a_3a:97281,a_3a,97281
gated_alive:a_3a:97782,a_3a,97782
gated_alive:a_3a:97799,a_3a,97799
gated_alive:a_3a:98321,a_3a,98321
gated_alive:a_3a:98507,a_3a,98507
gated_alive:a_3a:99044,a_3a,99044
gated_alive:a_3a:99187,a_3a,99187
gated_alive:a_3a:99444,a_3a,99444
gated_alive:a_3a:99667,a_3a,99667
gated_alive:a_3a:99774,a_3a,99774
gated_alive:a_3a:99949,a_3a,99949
gated_alive:a_3a:100340,a_3a,100340
gated_alive:a_3a:100624,a_3a,100624
gated_alive:a_3a:100826,a_3a,100826
gated_alive:a_3a:101468,a_3a,101468
gated_alive:a_3a:101503,a_3a,101503
gated_alive:a_3a:101915,a_3a,101915
gated_alive:a_3a:102046,a_3a,102046
gated_alive:a_3a:103229,a_3a,103229
gated_alive:a_3a:103303,a_3a,103303
gated_alive:a_3a:103634,a_3a,103634
gated_alive:a_3a:103720,a_3a,103720
gated_alive:a_3a:103758,a_3a,103758
gated_alive:a_3a:104341,a_3a,104341
gated_alive:a_3a:104414,a_3a,104414
gated_alive:a_3a:104727,a_3a,104727
gated_alive:a_3a:104743,a_3a,104743
gated_alive:a_3a:105301,a_3a,105301
gated_alive:a_3a:105526,a_3a,105526
gated_alive:a_3a:105834,a_3a,105834
gated_alive:a_3a:106304,a_3a,106304
gated_alive:a_3a:106644,a_3a,106644
gated_alive:a_3a:106775,a_3a,106775
gated_alive:a_3a:107485,a_3a,107485
gated_alive:a_3a:107633,a_3a,107633
gated_alive:a_3a:107670,a_3a,107670
gated_alive:a_3a:107820,a_3a,107820
gated_alive:a_3a:107951,a_3a,107951
gated_alive:a_3a:108072,a_3a,108072
gated_alive:a_3a:108239,a_3a,108239
gated_alive:a_3a:109000,a_3a,109000
gated_alive:a_3a:109279,a_3a,109279
gated_alive:a_3a:109404,a_3a,109404
gated_alive:a_3a:109481,a_3a,109481
gated_alive:a_3a:109747,a_3a,109747
gated_alive:a_3a:110069,a_3a,110069
gated_alive:a_3a:110187,a_3a,110187
gated_alive:a_3a:110601,a_3a,110601
gated_alive:a_3a:110665,a_3a,110665
gated_alive:a_3a:111269,a_3a,111269
gated_alive:a_3a:112103,a_3a,112103
gated_alive:a_3a:112244,a_3a,112244
gated_alive:a_3a:112734,a_3a,112734
gated_alive:a_3a:112754,a_3a,112754
gated_alive:a_3a:112891,a_3a,112891
gated_alive:a_3a:113258,a_3a,113258
gated_alive:a_3a:113506,a_3a,113506
gated_alive:a_3a:113899,a_3a,113899
gated_alive:a_3a:114055,a_3a,114055
gated_alive:a_3a:115532,a_3a,115532
gated_alive:a_3a:115663,a_3a,115663
gated_alive:a_3a:116013,a_3a,116013
gated_alive:a_3a:117678,a_3a,117678
gated_alive:a_3a:118580,a_3a,118580
gated_alive:a_3a:118958,a_3a,118958
gated_alive:a_3a:119189,a_3a,119189
gated_alive:a_3a:119375,a_3a,119375
gated_alive:a_3a:119519,a_3a,119519
gated_alive:a_3a:120219,a_3a,120219
gated_alive:a_3a:120270,a_3a,120270
gated_alive:a_3a:120690,a_3a,120690
gated_alive:a_3a:120970,a_3a,120970
gated_alive:a_3a:122021,a_3a,122021
gated_alive:a_3a:122818,a_3a,122818
gated_alive:a_3a:123127,a_3a,123127
gated_alive:a_3a:123134,a_3a,123134
gated_alive:a_3a:123531,a_3a,123531
gated_alive:a_3a:123585,a_3a,123585
gated_alive:a_3a:123856,a_3a,123856
gated_alive:a_3a:124040,a_3a,124040
gated_alive:a_3a:124601,a_3a,124601
gated_alive:a_3a:125538,a_3a,125538
gated_alive:a_3a:125575,a_3a,125575
gated_alive:a_3a:125576,a_3a,125576
gated_alive:a_3a:125750,a_3a,125750
gated_alive:a_3a:125781,a_3a,125781
gated_alive:a_3a:125877,a_3a,125877
gated_alive:a_3a:126117,a_3a,126117
gated_alive:a_3a:127028,a_3a,127028
gated_alive:a_3a:127111,a_3a,127111
gated_alive:a_3a:127481,a_3a,127481
gated_alive:a_3a:128111,a_3a,128111
gated_alive:a_3a:128614,a_3a,128614
gated_alive:a_3a:128744,a_3a,128744
gated_alive:a_3a:129002,a_3a,129002
gated_alive:a_3a:129338,a_3a,129338
gated_alive:a_3a:129701,a_3a,129701
gated_alive:a_3a:130028,a_3a,130028
gated_alive:a_3a:130138,a_3a,130138
gated_alive:a_3a:130193,a_3a,130193
gated_alive:a_3a:130462,a_3a,130462
gated_alive:a_3a:131525,a_3a,131525
gated_alive:a_3a:131596,a_3a,131596
gated_alive:a_3a:132365,a_3a,132365
gated_alive:a_3a:132588,a_3a,132588
gated_alive:a_3a:133218,a_3a,133218
gated_alive:a_3a:133544,a_3a,133544
gated_alive:a_3a:133973,a_3a,133973
gated_alive:a_3a:134068,a_3a,134068
gated_alive:a_3a:134414,a_3a,134414
gated_alive:a_3a:135810,a_3a,135810
gated_alive:a_3a:136188,a_3a,136188
gated_alive:a_3a:136282,a_3a,136282
gated_alive:a_3a:136561,a_3a,136561
gated_alive:a_3a:136708,a_3a,136708
gated_alive:a_3a:136849,a_3a,136849
gated_alive:a_3a:136879,a_3a,136879
gated_alive:a_3a:136996,a_3a,136996
gated_alive:a_3a:137161,a_3a,137161
gated_alive:a_3a:137517,a_3a,137517
gated_alive:a_3a:137979,a_3a,137979
gated_alive:a_3a:138095,a_3a,138095
gated_alive:a_3a:138535,a_3a,138535
gated_alive:a_3a:138611,a_3a,138611
gated_alive:a_3a:139269,a_3a,139269
gated_alive:a_3a:139276,a_3a,139276
gated_alive:a_3a:139279,a_3a,139279
gated_alive:a_3a:139532,a_3a,139532
gated_alive:a_3a:140400,a_3a,140400
gated_alive:a_3a:140561,a_3a,140561
gated_alive:a_3a:140712,a_3a,140712
gated_alive:a_3a:140933,a_3a,140933
gated_alive:a_3a:141114,a_3a,141114
gated_alive:a_3a:141701,a_3a,141701
gated_alive:a_3a:141878,a_3a,141878
gated_alive:a_3a:142067,a_3a,142067
gated_alive:a_3a:142594,a_3a,142594
gated_alive:a_3a:143814,a_3a,143814
gated_alive:a_3a:143965,a_3a,143965
gated_alive:a_3a:144420,a_3a,144420
gated_alive:a_3a:144448,a_3a,144448
gated_alive:a_3a:144753,a_3a,144753
gated_alive:a_3a:144898,a_3a,144898
gated_alive:a_3a:145522,a_3a,145522
gated_alive:a_3a:145722,a_3a,145722
gated_alive:a_3a:145752,a_3a,145752
gated_alive:a_3a:146725,a_3a,146725
gated_alive:a_3a:147249,a_3a,147249
gated_alive:a_3a:147329,a_3a,147329
gated_alive:a_3a:147545,a_3a,147545
gated_alive:a_3a:148120,a_3a,148120
gated_alive:a_3a:148628,a_3a,148628
gated_alive:a_3a:148939,a_3a,148939
gated_alive:a_3a:149732,a_3a,149732
gated_alive:a_3a:149943,a_3a,149943
gated_alive:a_3a:150010,a_3a,150010
gated_alive:a_3a:150200,a_3a,150200
gated_alive:a_3a:150679,a_3a,150679
gated_alive:a_3a:150723,a_3a,150723
gated_alive:a_3a:150759,a_3a,150759
gated_alive:a_3a:152148,a_3a,152148
gated_alive:a_3a:152480,a_3a,152480
gated_alive:a_3a:152785,a_3a,152785
gated_alive:a_3a:153622,a_3a,153622
gated_alive:a_3a:154292,a_3a,154292
gated_alive:a_3a:154726,a_3a,154726
gated_alive:a_3a:154969,a_3a,154969
gated_alive:a_3a:155089,a_3a,155089
gated_alive:a_3a:155282,a_3a,155282
gated_alive:a_3a:155379,a_3a,155379
gated_alive:a_3a:155770,a_3a,155770
gated_alive:a_3a:155892,a_3a,155892
gated_alive:a_3a:156236,a_3a,156236
gated_alive:a_3a:156931,a_3a,156931
gated_alive:a_3a:157702,a_3a,157702
gated_alive:a_3a:157818,a_3a,157818
gated_alive:a_3a:157922,a_3a,157922
gated_alive:a_3a:158634,a_3a,158634
gated_alive:a_3a:159537,a_3a,159537
gated_alive:a_3a:160529,a_3a,160529
gated_alive:a_3a:160880,a_3a,160880
gated_alive:a_3a:162706,a_3a,162706
gated_alive:a_3a:162848,a_3a,162848
gated_alive:a_3a:162974,a_3a,162974
gated_alive:a_3a:163023,a_3a,163023
gated_alive:a_3a:163268,a_3a,163268
gated_alive:a_3a:163690,a_3a,163690
gated_alive:a_3a:163727,a_3a,163727
gated_alive:a_3a:164134,a_3a,164134
gated_alive:a_3a:164444,a_3a,164444
gated_alive:a_3a:164484,a_3a,164484
gated_alive:a_3a:164765,a_3a,164765
gated_alive:a_3a:165048,a_3a,165048
gated_alive:a_3a:165095,a_3a,165095
gated_alive:a_3a:166439,a_3a,166439
gated_alive:a_3a:166597,a_3a,166597
gated_alive:a_3a:167583,a_3a,167583
gated_alive:a_3a:167800,a_3a,167800
gated_alive:a_3a:168084,a_3a,168084
gated_alive:a_3a:168248,a_3a,168248
gated_alive:a_3a:168416,a_3a,168416
gated_alive:a_3a:168445,a_3a,168445
gated_alive:a_3a:168747,a_3a,168747
gated_alive:a_3a:168868,a_3a,168868
gated_alive:a_3a:169425,a_3a,169425
gated_alive:a_3a:169903,a_3a,169903
gated_alive:a_3a:170337,a_3a,170337
gated_alive:a_3a:170671,a_3a,170671
gated_alive:a_3a:170853,a_3a,170853
gated_alive:a_3a:171227,a_3a,171227
gated_alive:a_3a:172295,a_3a,172295
gated_alive:a_3a:173158,a_3a,173158
gated_alive:a_3a:173276,a_3a,173276
gated_alive:a_3a:173353,a_3a,173353
gated_alive:a_3a:173536,a_3a,173536
gated_alive:a_3a:174053,a_3a,174053
gated_alive:a_3a:174389,a_3a,174389
gated_alive:a_3a:174702,a_3a,174702
gated_alive:a_3a:174720,a_3a,174720
gated_alive:a_3a:175818,a_3a,175818
gated_alive:a_3a:175949,a_3a,175949
gated_alive:a_3a:176223,a_3a,176223
gated_alive:a_3a:176435,a_3a,176435
gated_alive:a_3a:176700,a_3a,176700
gated_alive:a_3a:176877,a_3a,176877
gated_alive:a_3a:177931,a_3a,177931
gated_alive:a_3a:177932,a_3a,177932
gated_alive:a_3a:178328,a_3a,178328
gated_alive:a_3a:179323,a_3a,179323
gated_alive:a_3a:179389,a_3a,179389
gated_alive:a_3a:179664,a_3a,179664
gated_alive:a_3a:179762,a_3a,179762
gated_alive:a_3b:127,a_3b,127
gated_alive:a_3b:593,a_3b,593
gated_alive:a_3b:1772,a_3b,1772
gated_alive:a_3b:2223,a_3b,2223
gated_alive:a_3b:2541,a_3b,2541
gated_alive:a_3b:2756,a_3b,2756
gated_alive:a_3b:3205,a_3b,3205
gated_alive:a_3b:3220,a_3b,3220
gated_alive:a_3b:4378,a_3b,4378
gated_alive:a_3b:4532,a_3b,4532
gated_alive:a_3b:5233,a_3b,5233
gated_alive:a_3b:6005,a_3b,6005
gated_alive:a_3b:7971,a_3b,7971
gated_alive:a_3b:8385,a_3b,8385
gated_alive:a_3b:9692,a_3b,9692
gated_alive:a_3b:11973,a_3b,11973
gated_alive:a_3b:12023,a_3b,12023
gated_alive:a_3b:12602,a_3b,12602
gated_alive:a_3b:12636,a_3b,12636
gated_alive:a_3b:13190,a_3b,13190
gated_alive:a_3b:13505,a_3b,13505
gated_alive:a_3b:13930,a_3b,13930
gated_alive:a_3b:14091,a_3b,14091
gated_alive:a_3b:14192,a_3b,14192
gated_alive:a_3b:14820,a_3b,14820
gated_alive:a_3b:15156,a_3b,15156
gated_alive:a_3b:15356,a_3b,15356
gated_alive:a_3b:15358,a_3b,15358
gated_alive:a_3b:15600,a_3b,15600
gated_alive:a_3b:15908,a_3b,15908
gated_alive:a_3b:18038,a_3b,18038
gated_alive:a_3b:18076,a_3b,18076
gated_alive:a_3b:18374,a_3b,18374
gated_alive:a_3b:18408,a_3b,18408
gated_alive:a_3b:18489,a_3b,18489
gated_alive:a_3b:18692,a_3b,18692
gated_alive:a_3b:19195,a_3b,19195
gated_alive:a_3b:19311,a_3b,19311
gated_alive:a_3b:19518,a_3b,19518
gated_alive:a_3b:21018,a_3b,21018
gated_alive:a_3b:21133,a_3b,21133
gated_alive:a_3b:21874,a_3b,21874
gated_alive:a_3b:21891,a_3b,21891
gated_alive:a_3b:22835,a_3b,22835
gated_alive:a_3b:22951,a_3b,22951
gated_alive:a_3b:23026,a_3b,23026
gated_alive:a_3b:23898,a_3b,23898
gated_alive:a_3b:24780,a_3b,24780
gated_alive:a_3b:24781,a_3b,24781
gated_alive:a_3b:25389,a_3b,25389
gated_alive:a_3b:25483,a_3b,25483
gated_alive:a_3b:25705,a_3b,25705
gated_alive:a_3b:26267,a_3b,26267
gated_alive:a_3b:27046,a_3b,27046
gated_alive:a_3b:27064,a_3b,27064
gated_alive:a_3b:27932,a_3b,27932
gated_alive:a_3b:28005,a_3b,28005
gated_alive:a_3b:29058,a_3b,29058
gated_alive:a_3b:29476,a_3b,29476
gated_alive:a_3b:29986,a_3b,29986
gated_alive:a_3b:30195,a_3b,30195
gated_alive:a_3b:30587,a_3b,30587
gated_alive:a_3b:31856,a_3b,31856
gated_alive:a_3b:31900,a_3b,31900
gated_alive:a_3b:32070,a_3b,32070
gated_alive:a_3b:32442,a_3b,32442
gated_alive:a_3b:32520,a_3b,32520
gated_alive:a_3b:32851,a_3b,32851
gated_alive:a_3b:33410,a_3b,33410
gated_alive:a_3b:33816,a_3b,33816
gated_alive:a_3b:33832,a_3b,33832
gated_alive:a_3b:35178,a_3b,35178
gated_alive:a_3b:35470,a_3b,35470
gated_alive:a_3b:35786,a_3b,35786
gated_alive:a_3b:35829,a_3b,35829
gated_alive:a_3b:35897,a_3b,35897
gated_alive:a_3b:36112,a_3b,36112
gated_alive:a_3b:36380,a_3b,36380
gated_alive:a_3b:36549,a_3b,36549
gated_alive:a_3b:36727,a_3b,36727
gated_alive:a_3b:37791,a_3b,37791
gated_alive:a_3b:37797,a_3b,37797
gated_alive:a_3b:38112,a_3b,38112
gated_alive:a_3b:38161,a_3b,38161
gated_alive:a_3b:38276,a_3b,38276
gated_alive:a_3b:38934,a_3b,38934
gated_alive:a_3b:39454,a_3b,39454
gated_alive:a_3b:40253,a_3b,40253
gated_alive:a_3b:40278,a_3b,40278
gated_alive:a_3b:40545,a_3b,40545
gated_alive:a_3b:40580,a_3b,40580
gated_alive:a_3b:41748,a_3b,41748
gated_alive:a_3b:42015,a_3b,42015
gated_alive:a_3b:42119,a_3b,42119
gated_alive:a_3b:42542,a_3b,42542
gated_alive:a_3b:42741,a_3b,42741
gated_alive:a_3b:43466,a_3b,43466
gated_alive:a_3b:44102,a_3b,44102
gated_alive:a_3b:44454,a_3b,44454
gated_alive:a_3b:44850,a_3b,44850
gated_alive:a_3b:45214,a_3b,45214
gated_alive:a_3b:45215,a_3b,45215
gated_alive:a_3b:45785,a_3b,45785
gated_alive:a_3b:45875,a_3b,45875
gated_alive:a_3b:46224,a_3b,46224
gated_alive:a_3b:48566,a_3b,48566
gated_alive:a_3b:48584,a_3b,48584
gated_alive:a_3b:49258,a_3b,49258
gated_alive:a_3b:49827,a_3b,49827
gated_alive:a_3b:50112,a_3b,50112
gated_alive:a_3b:50276,a_3b,50276
gated_alive:a_3b:50711,a_3b,50711
gated_alive:a_3b:51202,a_3b,51202
gated_alive:a_3b:51410,a_3b,51410
gated_alive:a_3b:51919,a_3b,51919
gated_alive:a_3b:51951,a_3b,51951
gated_alive:a_3b:52044,a_3b,52044
gated_alive:a_3b:52565,a_3b,52565
gated_alive:a_3b:53535,a_3b,53535
gated_alive:a_3b:53763,a_3b,53763
gated_alive:a_3b:54327,a_3b,54327
gated_alive:a_3b:55047,a_3b,55047
gated_alive:a_3b:55148,a_3b,55148
gated_alive:a_3b:55644,a_3b,55644
gated_alive:a_3b:55742,a_3b,55742
gated_alive:a_3b:56369,a_3b,56369
gated_alive:a_3b:56400,a_3b,56400
gated_alive:a_3b:56952,a_3b,56952
gated_alive:a_3b:57097,a_3b,57097
gated_alive:a_3b:57574,a_3b,57574
gated_alive:a_3b:57591,a_3b,57591
gated_alive:a_3b:57717,a_3b,57717
gated_alive:a_3b:57893,a_3b,57893
gated_alive:a_3b:58056,a_3b,58056
gated_alive:a_3b:58115,a_3b,58115
gated_alive:a_3b:58331,a_3b,58331
gated_alive:a_3b:58680,a_3b,58680
gated_alive:a_3b:58799,a_3b,58799
gated_alive:a_3b:60162,a_3b,60162
gated_alive:a_3b:60820,a_3b,60820
gated_alive:a_3b:60869,a_3b,60869
gated_alive:a_3b:61496,a_3b,61496
gated_alive:a_3b:61529,a_3b,61529
gated_alive:a_3b:62876,a_3b,62876
gated_alive:a_3b:63704,a_3b,63704
gated_alive:a_3b:64791,a_3b,64791
gated_alive:a_3b:64894,a_3b,64894
gated_alive:a_3b:65040,a_3b,65040
gated_alive:a_3b:65428,a_3b,65428
gated_alive:a_3b:65541,a_3b,65541
gated_alive:a_3b:67164,a_3b,67164
gated_alive:a_3b:67172,a_3b,67172
gated_alive:a_3b:67659,a_3b,67659
gated_alive:a_3b:67714,a_3b,67714
gated_alive:a_3b:67726,a_3b,67726
gated_alive:a_3b:67751,a_3b,67751
gated_alive:a_3b:68382,a_3b,68382
gated_alive:a_3b:68414,a_3b,68414
gated_alive:a_3b:70037,a_3b,70037
gated_alive:a_3b:70453,a_3b,70453
gated_alive:a_3b:72362,a_3b,72362
gated_alive:a_3b:72498,a_3b,72498
gated_alive:a_3b:72741,a_3b,72741
gated_alive:a_3b:72865,a_3b,72865
gated_alive:a_3b:72922,a_3b,72922
gated_alive:a_3b:73562,a_3b,73562
gated_alive:a_3b:73882,a_3b,73882
gated_alive:a_3b:73934,a_3b,73934
gated_alive:a_3b:73996,a_3b,73996
gated_alive:a_3b:74907,a_3b,74907
gated_alive:a_3b:76360,a_3b,76360
gated_alive:a_3b:76992,a_3b,76992
gated_alive:a_3b:77243,a_3b,77243
gated_alive:a_3b:77731,a_3b,77731
gated_alive:a_3b:78290,a_3b,78290
gated_alive:a_3b:78445,a_3b,78445
gated_alive:a_3b:78988,a_3b,78988
gated_alive:a_3b:79209,a_3b,79209
gated_alive:a_3b:79828,a_3b,79828
gated_alive:a_3b:80359,a_3b,80359
gated_alive:a_3b:81390,a_3b,81390
gated_alive:a_3b:81995,a_3b,81995
gated_alive:a_3b:82608,a_3b,82608
gated_alive:a_3b:82962,a_3b,82962
gated_alive:a_3b:83878,a_3b,83878
gated_alive:a_3b:84283,a_3b,84283
gated_alive:a_3b:84297,a_3b,84297
gated_alive:a_3b:84974,a_3b,84974
gated_alive:a_3b:85127,a_3b,85127
gated_alive:a_3b:85159,a_3b,85159
gated_alive:a_3b:85597,a_3b,85597
gated_alive:a_3b:85797,a_3b,85797
gated_alive:a_3b:86304,a_3b,86304
gated_alive:a_3b:87326,a_3b,87326
gated_alive:a_3b:87506,a_3b,87506
gated_alive:a_3b:87813,a_3b,87813
gated_alive:a_3b:87843,a_3b,87843
gated_alive:a_3b:88531,a_3b,88531
gated_alive:a_3b:88692,a_3b,88692
gated_alive:a_3b:88779,a_3b,88779
gated_alive:a_3b:89556,a_3b,89556
gated_alive:a_3b:91753,a_3b,91753
gated_alive:a_3b:91996,a_3b,91996
gated_alive:a_3b:92599,a_3b,92599
gated_alive:a_3b:92780,a_3b,92780
gated_alive:a_3b:93485,a_3b,93485
gated_alive:a_3b:94134,a_3b,94134
gated_alive:a_3b:94297,a_3b,94297
gated_alive:a_3b:94345,a_3b,94345
gated_alive:a_3b:94667,a_3b,94667
gated_alive:a_3b:95972,a_3b,95972
gated_alive:a_3b:97281,a_3b,97281
gated_alive:a_3b:98378,a_3b,98378
gated_alive:a_3b:98559,a_3b,98559
gated_alive:a_3b:98725,a_3b,98725
gated_alive:a_3b:99523,a_3b,99523
gated_alive:a_3b:100387,a_3b,100387
gated_alive:a_3b:101160,a_3b,101160
gated_alive:a_3b:101226,a_3b,101226
gated_alive:a_3b:101610,a_3b,101610
gated_alive:a_3b:102978,a_3b,102978
gated_alive:a_3b:103589,a_3b,103589
gated_alive:a_3b:103650,a_3b,103650
gated_alive:a_3b:103851,a_3b,103851
gated_alive:a_3b:104115,a_3b,104115
gated_alive:a_3b:104159,a_3b,104159
gated_alive:a_3b:104308,a_3b,104308
gated_alive:a_3b:104692,a_3b,104692
gated_alive:a_3b:105045,a_3b,105045
gated_alive:a_3b:105290,a_3b,105290
gated_alive:a_3b:106438,a_3b,106438
gated_alive:a_3b:106601,a_3b,106601
gated_alive:a_3b:106766,a_3b,106766
gated_alive:a_3b:106830,a_3b,106830
gated_alive:a_3b:106999,a_3b,106999
gated_alive:a_3b:107424,a_3b,107424
gated_alive:a_3b:108095,a_3b,108095
gated_alive:a_3b:108267,a_3b,108267
gated_alive:a_3b:108368,a_3b,108368
gated_alive:a_3b:108497,a_3b,108497
gated_alive:a_3b:109178,a_3b,109178
gated_alive:a_3b:110712,a_3b,110712
gated_alive:a_3b:111230,a_3b,111230
gated_alive:a_3b:111673,a_3b,111673
gated_alive:a_3b:112098,a_3b,112098
gated_alive:a_3b:112359,a_3b,112359
gated_alive:a_3b:112750,a_3b,112750
gated_alive:a_3b:113740,a_3b,113740
gated_alive:a_3b:113871,a_3b,113871
gated_alive:a_3b:115207,a_3b,115207
gated_alive:a_3b:115319,a_3b,115319
gated_alive:a_3b:115632,a_3b,115632
gated_alive:a_3b:115651,a_3b,115651
gated_alive:a_3b:116387,a_3b,116387
gated_alive:a_3b:116439,a_3b,116439
gated_alive:a_3b:116541,a_3b,116541
gated_alive:a_3b:117156,a_3b,117156
gated_alive:a_3b:117333,a_3b,117333
gated_alive:a_3b:117538,a_3b,117538
gated_alive:a_3b:117715,a_3b,117715
gated_alive:a_3b:118152,a_3b,118152
gated_alive:a_3b:118535,a_3b,118535
gated_alive:a_3b:118887,a_3b,118887
gated_alive:a_3b:118954,a_3b,118954
gated_alive:a_3b:119417,a_3b,119417
gated_alive:a_3b:119728,a_3b,119728
gated_alive:a_3b:119986,a_3b,119986
gated_alive:a_3b:121303,a_3b,121303
gated_alive:a_3b:122937,a_3b,122937
gated_alive:a_3b:122944,a_3b,122944
gated_alive:a_3b:122945,a_3b,122945
gated_alive:a_3b:123418,a_3b,123418
gated_alive:a_3b:123500,a_3b,123500
gated_alive:a_3b:123625,a_3b,123625
gated_alive:a_3b:123849,a_3b,123849
gated_alive:a_3b:124068,a_3b,124068
gated_alive:a_3b:124157,a_3b,124157
gated_alive:a_3b:125222,a_3b,125222
gated_alive:a_3b:126276,a_3b,126276
gated_alive:a_3b:127021,a_3b,127021
gated_alive:a_3b:127077,a_3b,127077
gated_alive:a_3b:127325,a_3b,127325
gated_alive:a_3b:127514,a_3b,127514
gated_alive:a_3b:128314,a_3b,128314
gated_alive:a_3b:128764,a_3b,128764
gated_alive:a_3b:129056,a_3b,129056
gated_alive:a_3b:129160,a_3b,129160
gated_alive:a_3b:129393,a_3b,129393
gated_alive:a_3b:129779,a_3b,129779
gated_alive:a_3b:129945,a_3b,129945
gated_alive:a_3b:130240,a_3b,130240
gated_alive:a_3b:130277,a_3b,130277
gated_alive:a_3b:130586,a_3b,130586
gated_alive:a_3b:131018,a_3b,131018
gated_alive:a_3b:131206,a_3b,131206
gated_alive:a_3b:131699,a_3b,131699
gated_alive:a_3b:131736,a_3b,131736
gated_alive:a_3b:132640,a_3b,132640
gated_alive:a_3b:132732,a_3b,132732
gated_alive:a_3b:133890,a_3b,133890
gated_alive:a_3b:134249,a_3b,134249
gated_alive:a_3b:134838,a_3b,134838
gated_alive:a_3b:135245,a_3b,135245
gated_alive:a_3b:135346,a_3b,135346
gated_alive:a_3b:135517,a_3b,135517
gated_alive:a_3b:135657,a_3b,135657
gated_alive:a_3b:135687,a_3b,135687
gated_alive:a_3b:136242,a_3b,136242
gated_alive:a_3b:136362,a_3b,136362
gated_alive:a_3b:137079,a_3b,137079
gated_alive:a_3b:137503,a_3b,137503
gated_alive:a_3b:137733,a_3b,137733
gated_alive:a_3b:138066,a_3b,138066
gated_alive:a_3b:138215,a_3b,138215
gated_alive:a_3b:138219,a_3b,138219
gated_alive:a_3b:139087,a_3b,139087
gated_alive:a_3b:139380,a_3b,139380
gated_alive:a_3b:139403,a_3b,139403
gated_alive:a_3b:139405,a_3b,139405
gated_alive:a_3b:139444,a_3b,139444
gated_alive:a_3b:139781,a_3b,139781
gated_alive:a_3b:139843,a_3b,139843
gated_alive:a_3b:140240,a_3b,140240
gated_alive:a_3b:140349,a_3b,140349
gated_alive:a_3b:140574,a_3b,140574
gated_alive:a_3b:141080,a_3b,141080
gated_alive:a_3b:141151,a_3b,141151
gated_alive:a_3b:142307,a_3b,142307
gated_alive:a_3b:142351,a_3b,142351
gated_alive:a_3b:142438,a_3b,142438
gated_alive:a_3b:142458,a_3b,142458
gated_alive:a_3b:142783,a_3b,142783
gated_alive:a_3b:143141,a_3b,143141
gated_alive:a_3b:143256,a_3b,143256
gated_alive:a_3b:143611,a_3b,143611
gated_alive:a_3b:143919,a_3b,143919
gated_alive:a_3b:144116,a_3b,144116
gated_alive:a_3b:144562,a_3b,144562
gated_alive:a_3b:145326,a_3b,145326
gated_alive:a_3b:145876,a_3b,145876
gated_alive:a_3b:147249,a_3b,147249
gated_alive:a_3b:147527,a_3b,147527
gated_alive:a_3b:147593,a_3b,147593
gated_alive:a_3b:147793,a_3b,147793
gated_alive:a_3b:147872,a_3b,147872
gated_alive:a_3b:147882,a_3b,147882
gated_alive:a_3b:148271,a_3b,148271
gated_alive:a_3b:150092,a_3b,150092
gated_alive:a_3b:150127,a_3b,150127
gated_alive:a_3b:150317,a_3b,150317
gated_alive:a_3b:151005,a_3b,151005
gated_alive:a_3b:151760,a_3b,151760
gated_alive:a_3b:151922,a_3b,151922
gated_alive:a_3b:152289,a_3b,152289
gated_alive:a_3b:153165,a_3b,153165
gated_alive:a_3b:153894,a_3b,153894
gated_alive:a_3b:154073,a_3b,154073
gated_alive:a_3b:154099,a_3b,154099
gated_alive:a_3b:155359,a_3b,155359
gated_alive:a_3b:155548,a_3b,155548
gated_alive:a_3b:155598,a_3b,155598
gated_alive:a_3b:155990,a_3b,155990
gated_alive:a_3b:156119,a_3b,156119
gated_alive:a_3b:156552,a_3b,156552
gated_alive:a_3b:157008,a_3b,157008
gated_alive:a_3b:157034,a_3b,157034
gated_alive:a_3b:157440,a_3b,157440
gated_alive:a_3b:157611,a_3b,157611
gated_alive:a_3b:157728,a_3b,157728
gated_alive:a_3b:158935,a_3b,158935
gated_alive:a_3b:159018,a_3b,159018
gated_alive:a_3b:159895,a_3b,159895
gated_alive:a_3b:160051,a_3b,160051
gated_alive:a_3b:160204,a_3b,160204
gated_alive:a_3b:160206,a_3b,160206
gated_alive:a_3b:160225,a_3b,160225
gated_alive:a_3b:160295,a_3b,160295
gated_alive:a_3b:160321,a_3b,160321
gated_alive:a_3b:160734,a_3b,160734
gated_alive:a_3b:162202,a_3b,162202
gated_alive:a_3b:162372,a_3b,162372
gated_alive:a_3b:162415,a_3b,162415
gated_alive:a_3b:162624,a_3b,162624
gated_alive:a_3b:162675,a_3b,162675
gated_alive:a_3b:163239,a_3b,163239
gated_alive:a_3b:163688,a_3b,163688
gated_alive:a_3b:164317,a_3b,164317
gated_alive:a_3b:164899,a_3b,164899
gated_alive:a_3b:165215,a_3b,165215
gated_alive:a_3b:165459,a_3b,165459
gated_alive:a_3b:165759,a_3b,165759
gated_alive:a_3b:166674,a_3b,166674
gated_alive:a_3b:166783,a_3b,166783
gated_alive:a_3b:166921,a_3b,166921
gated_alive:a_3b:166944,a_3b,166944
gated_alive:a_3b:167602,a_3b,167602
gated_alive:a_3b:168332,a_3b,168332
gated_alive:a_3b:168600,a_3b,168600
gated_alive:a_3b:169489,a_3b,169489
gated_alive:a_3b:169577,a_3b,169577
gated_alive:a_3b:170542,a_3b,170542
gated_alive:a_3b:171091,a_3b,171091
gated_alive:a_3b:171263,a_3b,171263
gated_alive:a_3b:171387,a_3b,171387
gated_alive:a_3b:172214,a_3b,172214
gated_alive:a_3b:172220,a_3b,172220
gated_alive:a_3b:172335,a_3b,172335
gated_alive:a_3b:172823,a_3b,172823
gated_alive:a_3b:172845,a_3b,172845
gated_alive:a_3b:173399,a_3b,173399
gated_alive:a_3b:174567,a_3b,174567
gated_alive:a_3b:174949,a_3b,174949
gated_alive:a_3b:175038,a_3b,175038
gated_alive:a_3b:175473,a_3b,175473
gated_alive:a_3b:176473,a_3b,176473
gated_alive:a_3b:176772,a_3b,176772
gated_alive:a_3b:177210,a_3b,177210
gated_alive:a_3b:177833,a_3b,177833
gated_alive:a_3b:178156,a_3b,178156
gated_alive:a_3b:178907,a_3b,178907
gated_alive:a_3b:179711,a_3b,179711
gated_alive:a_3b:179903,a_3b,179903
gated_alive:a_3b:180197,a_3b,180197
gated_alive:a_3b:180251,a_3b,180251
gated_alive:a_3b:181836,a_3b,181836
gated_alive:a_3b:181851,a_3b,181851
gated_alive:a_3b:181902,a_3b,181902
gated_alive:a_3b:182647,a_3b,182647
gated_alive:a_3b:183235,a_3b,183235
gated_alive:a_3b:184527,a_3b,184527
gated_alive:a_3b:184655,a_3b,184655
gated_alive:a_3b:185457,a_3b,185457
gated_alive:a_3b:185702,a_3b,185702
gated_alive:a_3b:185925,a_3b,185925
gated_alive:a_3b:186143,a_3b,186143
gated_alive:a_3b:186325,a_3b,186325
gated_alive:a_3b:187535,a_3b,187535
gated_alive:a_3b:188128,a_3b,188128
gated_alive:a_3b:188339,a_3b,188339
gated_alive:a_3b:188755,a_3b,188755
gated_alive:a_3b:189504,a_3b,189504
gated_alive:a_3b:189864,a_3b,189864
gated_alive:a_3b:189938,a_3b,189938
gated_alive:a_3b:190575,a_3b,190575
gated_alive:a_3b:191019,a_3b,191019
gated_alive:a_3b:191269,a_3b,191269
gated_alive:a_3b:191652,a_3b,191652
gated_alive:a_3b:191818,a_3b,191818
gated_alive:a_3b:192261,a_3b,192261
gated_alive:a_3b:192458,a_3b,192458
gated_alive:a_3b:193047,a_3b,193047
gated_alive:a_3b:193196,a_3b,193196
gated_alive:a_3b:193397,a_3b,193397
gated_alive:a_3b:194579,a_3b,194579
gated_alive:a_3b:195856,a_3b,195856
gated_alive:a_3b:197398,a_3b,197398
gated_alive:a_3b:197531,a_3b,197531
gated_alive:a_3b:197756,a_3b,197756
gated_alive:a_3b:198445,a_3b,198445
gated_alive:a_3b:198492,a_3b,198492
gated_alive:a_3b:198591,a_3b,198591
gated_alive:a_3b:198638,a_3b,198638
gated_alive:a_3b:199627,a_3b,199627
gated_alive:a_3b:200207,a_3b,200207
gated_alive:a_3b:200577,a_3b,200577
gated_alive:a_3b:200766,a_3b,200766
gated_alive:a_3b:200938,a_3b,200938
gated_alive:a_3b:201907,a_3b,201907
gated_alive:a_3b:201943,a_3b,201943
gated_alive:a_3b:202086,a_3b,202086
gated_alive:a_3b:202549,a_3b,202549
gated_alive:a_3b:202576,a_3b,202576
gated_alive:a_3b:203255,a_3b,203255
gated_alive:a_3b:204585,a_3b,204585
gated_alive:a_3b:204940,a_3b,204940
gated_alive:a_3b:205089,a_3b,205089
gated_alive:a_3b:205107,a_3b,205107
gated_alive:a_3b:205345,a_3b,205345
gated_alive:a_3b:205699,a_3b,205699
gated_alive:a_3b:206032,a_3b,206032
gated_alive:a_3b:207066,a_3b,207066
gated_alive:a_3b:207421,a_3b,207421
gated_alive:a_3b:207786,a_3b,207786
gated_alive:a_3b:207814,a_3b,207814
gated_alive:a_3b:207849,a_3b,207849
gated_alive:a_3b:208699,a_3b,208699
gated_alive:a_3b:208718,a_3b,208718
gated_alive:a_3b:210167,a_3b,210167
gated_alive:a_3b:210344,a_3b,210344
gated_alive:a_3b:210397,a_3b,210397
gated_alive:a_3b:211237,a_3b,211237
gated_alive:a_3b:211256,a_3b,211256
gated_alive:a_3b:212207,a_3b,212207
gated_alive:a_3b:213502,a_3b,213502
gated_alive:a_3b:213670,a_3b,213670
gated_alive:a_3b:213738,a_3b,213738
gated_alive:a_3b:213848,a_3b,213848
gated_alive:a_3b:214081,a_3b,214081
gated_alive:a_3b:214242,a_3b,214242
gated_alive:a_3b:216532,a_3b,216532
gated_alive:a_4a:168,a_4a,168
gated_alive:a_4a:974,a_4a,974
gated_alive:a_4a:1465,a_4a,1465
gated_alive:a_4a:2690,a_4a,2690
gated_alive:a_4a:2828,a_4a,2828
gated_alive:a_4a:4382,a_4a,4382
gated_alive:a_4a:5068,a_4a,5068
gated_alive:a_4a:5851,a_4a,5851
gated_alive:a_4a:7327,a_4a,7327
gated_alive:a_4a:7388,a_4a,7388
gated_alive:a_4a:8136,a_4a,8136
gated_alive:a_4a:8773,a_4a,8773
gated_alive:a_4a:11330,a_4a,11330
gated_alive:a_4a:11697,a_4a,11697
gated_alive:a_4a:15227,a_4a,15227
gated_alive:a_4a:16005,a_4a,16005
gated_alive:a_4a:17313,a_4a,17313
gated_alive:a_4a:17406,a_4a,17406
gated_alive:a_4a:17533,a_4a,17533
gated_alive:a_4a:18505,a_4a,18505
gated_alive:a_4a:19253,a_4a,19253
gated_alive:a_4a:19559,a_4a,19559
gated_alive:a_4a:20022,a_4a,20022
gated_alive:a_4a:20688,a_4a,20688
gated_alive:a_4a:21699,a_4a,21699
gated_alive:a_4a:21885,a_4a,21885
gated_alive:a_4a:22234,a_4a,22234
gated_alive:a_4a:22499,a_4a,22499
gated_alive:a_4a:22514,a_4a,22514
gated_alive:a_4a:23062,a_4a,23062
gated_alive:a_4a:23170,a_4a,23170
gated_alive:a_4a:23653,a_4a,23653
gated_alive:a_4a:23729,a_4a,23729
gated_alive:a_4a:23891,a_4a,23891
gated_alive:a_4a:23973,a_4a,23973
gated_alive:a_4a:24574,a_4a,24574
gated_alive:a_4a:24647,a_4a,24647
gated_alive:a_4a:25836,a_4a,25836
gated_alive:a_4a:27369,a_4a,27369
gated_alive:a_4a:27750,a_4a,27750
gated_alive:a_4a:28028,a_4a,28028
gated_alive:a_4a:28417,a_4a,28417
gated_alive:a_4a:28567,a_4a,28567
gated_alive:a_4a:28835,a_4a,28835
gated_alive:a_4a:30299,a_4a,30299
gated_alive:a_4a:30852,a_4a,30852
gated_alive:a_4a:30908,a_4a,30908
gated_alive:a_4a:32105,a_4a,32105
gated_alive:a_4a:32557,a_4a,32557
gated_alive:a_4a:32619,a_4a,32619
gated_alive:a_4a:33855,a_4a,33855
gated_alive:a_4a:34478,a_4a,34478
gated_alive:a_4a:36106,a_4a,36106
gated_alive:a_4a:37186,a_4a,37186
gated_alive:a_4a:38017,a_4a,38017
gated_alive:a_4a:38632,a_4a,38632
gated_alive:a_4a:38657,a_4a,38657
gated_alive:a_4a:39072,a_4a,39072
gated_alive:a_4a:39269,a_4a,39269
gated_alive:a_4a:41759,a_4a,41759
gated_alive:a_4a:41889,a_4a,41889
gated_alive:a_4a:41979,a_4a,41979
gated_alive:a_4a:42038,a_4a,42038
gated_alive:a_4a:42807,a_4a,42807
gated_alive:a_4a:42961,a_4a,42961
gated_alive:a_4a:43099,a_4a,43099
gated_alive:a_4a:43750,a_4a,43750
gated_alive:a_4a:44637,a_4a,44637
gated_alive:a_4a:45690,a_4a,45690
gated_alive:a_4a:46183,a_4a,46183
gated_alive:a_4a:47089,a_4a,47089
gated_alive:a_4a:47939,a_4a,47939
gated_alive:a_4a:48206,a_4a,48206
gated_alive:a_4a:49157,a_4a,49157
gated_alive:a_4a:50375,a_4a,50375
gated_alive:a_4a:50819,a_4a,50819
gated_alive:a_4a:51058,a_4a,51058
gated_alive:a_4a:52036,a_4a,52036
gated_alive:a_4a:52540,a_4a,52540
gated_alive:a_4a:52878,a_4a,52878
gated_alive:a_4a:55128,a_4a,55128
gated_alive:a_4a:55584,a_4a,55584
gated_alive:a_4a:55685,a_4a,55685
gated_alive:a_4a:56173,a_4a,56173
gated_alive:a_4a:57431,a_4a,57431
gated_alive:a_4a:58856,a_4a,58856
gated_alive:a_4a:60858,a_4a,60858
gated_alive:a_4a:61162,a_4a,61162
gated_alive:a_4a:62712,a_4a,62712
gated_alive:a_4a:64156,a_4a,64156
gated_alive:a_4a:64290,a_4a,64290
gated_alive:a_4a:64836,a_4a,64836
gated_alive:a_4a:64865,a_4a,64865
gated_alive:a_4a:65147,a_4a,65147
gated_alive:a_4a:65408,a_4a,65408
gated_alive:a_4a:66794,a_4a,66794
gated_alive:a_4a:67092,a_4a,67092
gated_alive:a_4a:67928,a_4a,67928
gated_alive:a_4a:68220,a_4a,68220
gated_alive:a_4a:69095,a_4a,69095
gated_alive:a_4a:69184,a_4a,69184
gated_alive:a_4a:69992,a_4a,69992
gated_alive:a_4a:70622,a_4a,70622
gated_alive:a_4a:72150,a_4a,72150
gated_alive:a_4a:72182,a_4a,72182
gated_alive:a_4a:72346,a_4a,72346
gated_alive:a_4a:73491,a_4a,73491
gated_alive:a_4a:73656,a_4a,73656
gated_alive:a_4a:73883,a_4a,73883
gated_alive:a_4a:74351,a_4a,74351
gated_alive:a_4a:74369,a_4a,74369
gated_alive:a_4a:75655,a_4a,75655
gated_alive:a_4a:76346,a_4a,76346
gated_alive:a_4a:76357,a_4a,76357
gated_alive:a_4a:76723,a_4a,76723
gated_alive:a_4a:78587,a_4a,78587
gated_alive:a_4a:78871,a_4a,78871
gated_alive:a_4a:78944,a_4a,78944
gated_alive:a_4a:80045,a_4a,80045
gated_alive:a_4a:81195,a_4a,81195
gated_alive:a_4a:81403,a_4a,81403
gated_alive:a_4a:81946,a_4a,81946
gated_alive:a_4a:82060,a_4a,82060
gated_alive:a_4a:83510,a_4a,83510
gated_alive:a_4a:83678,a_4a,83678
gated_alive:a_4a:83999,a_4a,83999
gated_alive:a_4a:84049,a_4a,84049
gated_alive:a_4a:84631,a_4a,84631
gated_alive:a_4a:84694,a_4a,84694
gated_alive:a_4a:84792,a_4a,84792
gated_alive:a_4a:85578,a_4a,85578
gated_alive:a_4a:85723,a_4a,85723
gated_alive:a_4a:86597,a_4a,86597
gated_alive:a_4a:88219,a_4a,88219
gated_alive:a_4a:89383,a_4a,89383
gated_alive:a_4a:89683,a_4a,89683
gated_alive:a_4a:90424,a_4a,90424
gated_alive:a_4a:90657,a_4a,90657
gated_alive:a_4a:90700,a_4a,90700
gated_alive:a_4a:91379,a_4a,91379
gated_alive:a_4a:91509,a_4a,91509
gated_alive:a_4a:91743,a_4a,91743
gated_alive:a_4a:93403,a_4a,93403
gated_alive:a_4a:94175,a_4a,94175
gated_alive:a_4a:94447,a_4a,94447
gated_alive:a_4a:94985,a_4a,94985
gated_alive:a_4a:95028,a_4a,95028
gated_alive:a_4a:95144,a_4a,95144
gated_alive:a_4a:95679,a_4a,95679
gated_alive:a_4a:96169,a_4a,96169
gated_alive:a_4a:96535,a_4a,96535
gated_alive:a_4a:99016,a_4a,99016
gated_alive:a_4a:99640,a_4a,99640
gated_alive:a_4a:99652,a_4a,99652
gated_alive:a_4a:99785,a_4a,99785
gated_alive:a_4a:100126,a_4a,100126
gated_alive:a_4a:100592,a_4a,100592
gated_alive:a_4a:102156,a_4a,102156
gated_alive:a_4a:103113,a_4a,103113
gated_alive:a_4a:103305,a_4a,103305
gated_alive:a_4a:104997,a_4a,104997
gated_alive:a_4a:105227,a_4a,105227
gated_alive:a_4a:107265,a_4a,107265
gated_alive:a_4a:107273,a_4a,107273
gated_alive:a_4a:108711,a_4a,108711
gated_alive:a_4a:109984,a_4a,109984
gated_alive:a_4a:110701,a_4a,110701
gated_alive:a_4a:112254,a_4a,112254
gated_alive:a_4a:113976,a_4a,113976
gated_alive:a_4a:114431,a_4a,114431
gated_alive:a_4a:114730,a_4a,114730
gated_alive:a_4a:114775,a_4a,114775
gated_alive:a_4a:115410,a_4a,115410
gated_alive:a_4a:117291,a_4a,117291
gated_alive:a_4a:117340,a_4a,117340
gated_alive:a_4a:118294,a_4a,118294
gated_alive:a_4a:118496,a_4a,118496
gated_alive:a_4a:119436,a_4a,119436
gated_alive:a_4a:119942,a_4a,119942
gated_alive:a_4a:120288,a_4a,120288
gated_alive:a_4a:120635,a_4a,120635
gated_alive:a_4a:121622,a_4a,121622
gated_alive:a_4a:121831,a_4a,121831
gated_alive:a_4a:122424,a_4a,122424
gated_alive:a_4a:123308,a_4a,123308
gated_alive:a_4a:124026,a_4a,124026
gated_alive:a_4a:124831,a_4a,124831
gated_alive:a_4a:125832,a_4a,125832
gated_alive:a_4a:126066,a_4a,126066
gated_alive:a_4a:126962,a_4a,126962
gated_alive:a_4a:127785,a_4a,127785
gated_alive:a_4a:128146,a_4a,128146
gated_alive:a_4a:128512,a_4a,128512
gated_alive:a_4a:129500,a_4a,129500
gated_alive:a_4a:129952,a_4a,129952
gated_alive:a_4a:130248,a_4a,130248
gated_alive:a_4a:131327,a_4a,131327
gated_alive:a_4a:132944,a_4a,132944
gated_alive:a_4a:133154,a_4a,133154
gated_alive:a_4a:134134,a_4a,134134
gated_alive:a_4a:134824,a_4a,134824
gated_alive:a_4a:136303,a_4a,136303
gated_alive:a_4a:137352,a_4a,137352
gated_alive:a_4a:137937,a_4a,137937
gated_alive:a_4a:138645,a_4a,138645
gated_alive:a_4a:139638,a_4a,139638
gated_alive:a_4a:139701,a_4a,139701
gated_alive:a_4a:140085,a_4a,140085
gated_alive:a_4a:140551,a_4a,140551
gated_alive:a_4a:140864,a_4a,140864
gated_alive:a_4a:141172,a_4a,141172
gated_alive:a_4a:142069,a_4a,142069
gated_alive:a_4a:142527,a_4a,142527
gated_alive:a_4a:144157,a_4a,144157
gated_alive:a_4a:144779,a_4a,144779
gated_alive:a_4a:145631,a_4a,145631
gated_alive:a_4a:146704,a_4a,146704
gated_alive:a_4a:146846,a_4a,146846
gated_alive:a_4a:146854,a_4a,146854
gated_alive:a_4a:146970,a_4a,146970
gated_alive:a_4a:147292,a_4a,147292
gated_alive:a_4a:147683,a_4a,147683
gated_alive:a_4a:147782,a_4a,147782
gated_alive:a_4a:149158,a_4a,149158
gated_alive:a_4a:149747,a_4a,149747
gated_alive:a_4a:150366,a_4a,150366
gated_alive:a_4a:152053,a_4a,152053
gated_alive:a_4a:152481,a_4a,152481
gated_alive:a_4a:152542,a_4a,152542
gated_alive:a_4a:152643,a_4a,152643
gated_alive:a_4a:154397,a_4a,154397
gated_alive:a_4a:155134,a_4a,155134
gated_alive:a_4a:156021,a_4a,156021
gated_alive:a_4a:158018,a_4a,158018
gated_alive:a_4a:158749,a_4a,158749
gated_alive:a_4a:159183,a_4a,159183
gated_alive:a_4a:159617,a_4a,159617
gated_alive:a_4a:159817,a_4a,159817
gated_alive:a_4a:160708,a_4a,160708
gated_alive:a_4a:161806,a_4a,161806
gated_alive:a_4a:161869,a_4a,161869
gated_alive:a_4a:162231,a_4a,162231
gated_alive:a_4a:162977,a_4a,162977
gated_alive:a_4a:163024,a_4a,163024
gated_alive:a_4a:163306,a_4a,163306
gated_alive:a_4a:163874,a_4a,163874
gated_alive:a_4a:163886,a_4a,163886
gated_alive:a_4a:163966,a_4a,163966
gated_alive:a_4a:164339,a_4a,164339
gated_alive:a_4a:165259,a_4a,165259
gated_alive:a_4a:165650,a_4a,165650
gated_alive:a_4a:166221,a_4a,166221
gated_alive:a_4a:166292,a_4a,166292
gated_alive:a_4a:166447,a_4a,166447
gated_alive:a_4a:167112,a_4a,167112
gated_alive:a_4a:169402,a_4a,169402
gated_alive:a_4a:169635,a_4a,169635
gated_alive:a_4a:169762,a_4a,169762
gated_alive:a_4a:170058,a_4a,170058
gated_alive:a_4a:170490,a_4a,170490
gated_alive:a_4a:172820,a_4a,172820
gated_alive:a_4a:172919,a_4a,172919
gated_alive:a_4a:173204,a_4a,173204
gated_alive:a_4a:173614,a_4a,173614
gated_alive:a_4a:173937,a_4a,173937
gated_alive:a_4a:174196,a_4a,174196
gated_alive:a_4a:174274,a_4a,174274
gated_alive:a_4a:175835,a_4a,175835
gated_alive:a_4a:176711,a_4a,176711
gated_alive:a_4a:176739,a_4a,176739
gated_alive:a_4a:176918,a_4a,176918
gated_alive:a_4a:177346,a_4a,177346
gated_alive:a_4a:177592,a_4a,177592
gated_alive:a_4a:177873,a_4a,177873
gated_alive:a_4a:178056,a_4a,178056
gated_alive:a_4a:178782,a_4a,178782
gated_alive:a_4a:179541,a_4a,179541
gated_alive:a_4a:180174,a_4a,180174
gated_alive:a_4a:180846,a_4a,180846
gated_alive:a_4a:180922,a_4a,180922
gated_alive:a_4a:181245,a_4a,181245
gated_alive:a_4a:181335,a_4a,181335
gated_alive:a_4a:181722,a_4a,181722
gated_alive:a_4a:182499,a_4a,182499
gated_alive:a_4a:182993,a_4a,182993
gated_alive:a_4a:183116,a_4a,183116
gated_alive:a_4a:183458,a_4a,183458
gated_alive:a_4a:183803,a_4a,183803
gated_alive:a_4a:187097,a_4a,187097
gated_alive:a_4a:187347,a_4a,187347
gated_alive:a_4a:188743,a_4a,188743
gated_alive:a_4a:189849,a_4a,189849
gated_alive:a_4a:191413,a_4a,191413
gated_alive:a_4a:191822,a_4a,191822
gated_alive:a_4a:193503,a_4a,193503
gated_alive:a_4a:194954,a_4a,194954
gated_alive:a_4a:195476,a_4a,195476
gated_alive:a_4a:195889,a_4a,195889
gated_alive:a_4a:197644,a_4a,197644
gated_alive:a_4a:198394,a_4a,198394
gated_alive:a_4a:198544,a_4a,198544
gated_alive:a_4a:199299,a_4a,199299
gated_alive:a_4a:199471,a_4a,199471
gated_alive:a_4a:199645,a_4a,199645
gated_alive:a_4a:200433,a_4a,200433
gated_alive:a_4a:200661,a_4a,200661
gated_alive:a_4a:200713,a_4a,200713
gated_alive:a_4a:202570,a_4a,202570
gated_alive:a_4a:202577,a_4a,202577
gated_alive:a_4a:202746,a_4a,202746
gated_alive:a_4a:204063,a_4a,204063
gated_alive:a_4a:204223,a_4a,204223
gated_alive:a_4a:204412,a_4a,204412
gated_alive:a_4a:204448,a_4a,204448
gated_alive:a_4a:205107,a_4a,205107
gated_alive:a_4a:207814,a_4a,207814
gated_alive:a_4a:208174,a_4a,208174
gated_alive:a_4a:208239,a_4a,208239
gated_alive:a_4a:209217,a_4a,209217
gated_alive:a_4a:209528,a_4a,209528
gated_alive:a_4a:209667,a_4a,209667
gated_alive:a_4a:209673,a_4a,209673
gated_alive:a_4a:209776,a_4a,209776
gated_alive:a_4a:209785,a_4a,209785
gated_alive:a_4a:210130,a_4a,210130
gated_alive:a_4a:210749,a_4a,210749
gated_alive:a_4a:212265,a_4a,212265
gated_alive:a_4a:212583,a_4a,212583
gated_alive:a_4a:213317,a_4a,213317
gated_alive:a_4a:213727,a_4a,213727
gated_alive:a_4a:214247,a_4a,214247
gated_alive:a_4a:214664,a_4a,214664
gated_alive:a_4a:214685,a_4a,214685
gated_alive:a_4a:214806,a_4a,214806
gated_alive:a_4a:215356,a_4a,215356
gated_alive:a_4a:215650,a_4a,215650
gated_alive:a_4a:216222,a_4a,216222
gated_alive:a_4a:216390,a_4a,216390
gated_alive:a_4a:216958,a_4a,216958
gated_alive:a_4a:218017,a_4a,218017
gated_alive:a_4a:218023,a_4a,218023
gated_alive:a_4a:218176,a_4a,218176
gated_alive:a_4a:219097,a_4a,219097
gated_alive:a_4a:219141,a_4a,219141
gated_alive:a_4a:221566,a_4a,221566
gated_alive:a_4a:224615,a_4a,224615
gated_alive:a_4a:225184,a_4a,225184
gated_alive:a_4a:225424,a_4a,225424
gated_alive:a_4a:228610,a_4a,228610
gated_alive:a_4a:229423,a_4a,229423
gated_alive:a_4a:229805,a_4a,229805
gated_alive:a_4a:231176,a_4a,231176
gated_alive:a_4a:232237,a_4a,232237
gated_alive:a_4a:233184,a_4a,233184
gated_alive:a_4a:233202,a_4a,233202
gated_alive:a_4a:234757,a_4a,234757
gated_alive:a_4a:234922,a_4a,234922
gated_alive:a_4a:235072,a_4a,235072
gated_alive:a_4a:235075,a_4a,235075
gated_alive:a_4a:235233,a_4a,235233
gated_alive:a_4a:235539,a_4a,235539
gated_alive:a_4a:237983,a_4a,237983
gated_alive:a_4a:238268,a_4a,238268
gated_alive:a_4a:238402,a_4a,238402
gated_alive:a_4a:239268,a_4a,239268
gated_alive:a_4a:239376,a_4a,239376
gated_alive:a_4a:241171,a_4a,241171
gated_alive:a_4a:241226,a_4a,241226
gated_alive:a_4a:241825,a_4a,241825
gated_alive:a_4a:242790,a_4a,242790
gated_alive:a_4a:243658,a_4a,243658
gated_alive:a_4a:244975,a_4a,244975
gated_alive:a_4a:245887,a_4a,245887
gated_alive:a_4a:245947,a_4a,245947
gated_alive:a_4a:246310,a_4a,246310
gated_alive:a_4a:246426,a_4a,246426
gated_alive:a_4a:246625,a_4a,246625
gated_alive:a_4a:247670,a_4a,247670
gated_alive:a_4a:248176,a_4a,248176
gated_alive:a_4a:248828,a_4a,248828
gated_alive:a_4a:248858,a_4a,248858
gated_alive:a_4a:249276,a_4a,249276
gated_alive:a_4a:250932,a_4a,250932
gated_alive:a_4a:251067,a_4a,251067
gated_alive:a_4a:251264,a_4a,251264
gated_alive:a_4a:251752,a_4a,251752
gated_alive:a_4a:251908,a_4a,251908
gated_alive:a_4a:253518,a_4a,253518
gated_alive:a_4a:253590,a_4a,253590
gated_alive:a_4a:253994,a_4a,253994
gated_alive:a_4a:255736,a_4a,255736
gated_alive:a_4a:257105,a_4a,257105
gated_alive:a_4a:257655,a_4a,257655
gated_alive:a_4a:257753,a_4a,257753
gated_alive:a_4a:258441,a_4a,258441
gated_alive:a_4a:259557,a_4a,259557
gated_alive:a_4a:260334,a_4a,260334
gated_alive:a_4a:260510,a_4a,260510
gated_alive:a_4a:260700,a_4a,260700
gated_alive:a_4a:261429,a_4a,261429
gated_alive:a_4a:261776,a_4a,261776
gated_alive:a_4a:262508,a_4a,262508
gated_alive:a_4a:262866,a_4a,262866
gated_alive:a_4a:263238,a_4a,263238
gated_alive:a_4a:263518,a_4a,263518
gated_alive:a_4a:263783,a_4a,263783
gated_alive:a_4a:264058,a_4a,264058
gated_alive:a_4a:264089,a_4a,264089
gated_alive:a_4a:264578,a_4a,264578
gated_alive:a_4a:264952,a_4a,264952
gated_alive:a_4a:265014,a_4a,265014
gated_alive:a_4a:266178,a_4a,266178
gated_alive:a_4a:267037,a_4a,267037
gated_alive:a_4a:267677,a_4a,267677
gated_alive:a_4a:268254,a_4a,268254
gated_alive:a_4a:268608,a_4a,268608
gated_alive:a_4a:268896,a_4a,268896
gated_alive:a_4a:269199,a_4a,269199
gated_alive:a_4a:269237,a_4a,269237
gated_alive:a_4a:269675,a_4a,269675
gated_alive:a_4a:269937,a_4a,269937
gated_alive:a_4a:270137,a_4a,270137
gated_alive:a_4a:271365,a_4a,271365
gated_alive:a_4a:271418,a_4a,271418
gated_alive:a_4a:272005,a_4a,272005
gated_alive:a_4a:272028,a_4a,272028
gated_alive:a_4a:272088,a_4a,272088
gated_alive:a_4a:273820,a_4a,273820
gated_alive:a_4a:274364,a_4a,274364
gated_alive:a_4a:274787,a_4a,274787
gated_alive:a_4a:275341,a_4a,275341
gated_alive:a_4a:276269,a_4a,276269
gated_alive:a_4a:276992,a_4a,276992
gated_alive:a_4a:277973,a_4a,277973
gated_alive:a_4a:281015,a_4a,281015
gated_alive:a_4a:281143,a_4a,281143
gated_alive:a_4a:281172,a_4a,281172
gated_alive:a_4a:282238,a_4a,282238
gated_alive:a_4a:283269,a_4a,283269
gated_alive:a_4a:283312,a_4a,283312
gated_alive:a_4a:284205,a_4a,284205
gated_alive:a_4a:284451,a_4a,284451
gated_alive:a_4a:285498,a_4a,285498
gated_alive:a_4a:286443,a_4a,286443
gated_alive:a_4a:286547,a_4a,286547
gated_alive:a_4a:286877,a_4a,286877
gated_alive:a_4a:287897,a_4a,287897
gated_alive:a_4a:288005,a_4a,288005
gated_alive:a_4a:288148,a_4a,288148
gated_alive:a_4a:288254,a_4a,288254
gated_alive:a_4a:291187,a_4a,291187
gated_alive:a_4a:291278,a_4a,291278
gated_alive:a_4a:291335,a_4a,291335
gated_alive:a_4a:291902,a_4a,291902
gated_alive:a_4a:292080,a_4a,292080
gated_alive:a_4a:292761,a_4a,292761
gated_alive:a_4a:293329,a_4a,293329
gated_alive:a_4a:294084,a_4a,294084
gated_alive:a_4a:294175,a_4a,294175
gated_alive:a_4a:294665,a_4a,294665
gated_alive:a_4a:295350,a_4a,295350
gated_alive:a_4a:295849,a_4a,295849
gated_alive:a_4a:296096,a_4a,296096
gated_alive:a_4a:296397,a_4a,296397
gated_alive:a_4a:296416,a_4a,296416
gated_alive:a_4a:297151,a_4a,297151
gated_alive:a_4a:297182,a_4a,297182
gated_alive:a_4a:297200,a_4a,297200
gated_alive:a_4a:297340,a_4a,297340
gated_alive:a_4a:298276,a_4a,298276
gated_alive:a_4a:298340,a_4a,298340
gated_alive:a_4a:299533,a_4a,299533
gated_alive:a_4a:300378,a_4a,300378
gated_alive:a_4a:300686,a_4a,300686
gated_alive:a_4a:301046,a_4a,301046
gated_alive:a_4a:301671,a_4a,301671
gated_alive:a_4a:302478,a_4a,302478
gated_alive:a_4a:302490,a_4a,302490
gated_alive:a_4a:302572,a_4a,302572
gated_alive:a_4a:302617,a_4a,302617
gated_alive:a_4a:303255,a_4a,303255
gated_alive:a_4a:303750,a_4a,303750
gated_alive:a_4a:303764,a_4a,303764
gated_alive:a_4a:304258,a_4a,304258
gated_alive:a_4a:304363,a_4a,304363
gated_alive:a_4a:304605,a_4a,304605
gated_alive:a_4a:304662,a_4a,304662
gated_alive:a_4a:305453,a_4a,305453
gated_alive:a_4a:306842,a_4a,306842
gated_alive:a_4a:307470,a_4a,307470
gated_alive:a_4a:307602,a_4a,307602
gated_alive:a_4a:307916,a_4a,307916
gated_alive:a_4a:307921,a_4a,307921
gated_alive:a_4a:308047,a_4a,308047
gated_alive:a_4a:308425,a_4a,308425
gated_alive:a_4a:309284,a_4a,309284
gated_alive:a_4a:309326,a_4a,309326
gated_alive:a_4a:309574,a_4a,309574
gated_alive:a_4a:311200,a_4a,311200
gated_alive:a_4a:311578,a_4a,311578
gated_alive:a_4b:204,a_4b,204
gated_alive:a_4b:865,a_4b,865
gated_alive:a_4b:1082,a_4b,1082
gated_alive:a_4b:1178,a_4b,1178
gated_alive:a_4b:1378,a_4b,1378
gated_alive:a_4b:1866,a_4b,1866
gated_alive:a_4b:1918,a_4b,1918
gated_alive:a_4b:2096,a_4b,2096
gated_alive:a_4b:2206,a_4b,2206
gated_alive:a_4b:2403,a_4b,2403
gated_alive:a_4b:2454,a_4b,2454
gated_alive:a_4b:2714,a_4b,2714
gated_alive:a_4b:2717,a_4b,2717
gated_alive:a_4b:3582,a_4b,3582
gated_alive:a_4b:3897,a_4b,3897
gated_alive:a_4b:4282,a_4b,4282
gated_alive:a_4b:4851,a_4b,4851
gated_alive:a_4b:5041,a_4b,5041
gated_alive:a_4b:5124,a_4b,5124
gated_alive:a_4b:5328,a_4b,5328
gated_alive:a_4b:5365,a_4b,5365
gated_alive:a_4b:5547,a_4b,5547
gated_alive:a_4b:5810,a_4b,5810
gated_alive:a_4b:6974,a_4b,6974
gated_alive:a_4b:7734,a_4b,7734
gated_alive:a_4b:9321,a_4b,9321
gated_alive:a_4b:9762,a_4b,9762
gated_alive:a_4b:9877,a_4b,9877
gated_alive:a_4b:10337,a_4b,10337
gated_alive:a_4b:10536,a_4b,10536
gated_alive:a_4b:11189,a_4b,11189
gated_alive:a_4b:11241,a_4b,11241
gated_alive:a_4b:11504,a_4b,11504
gated_alive:a_4b:12087,a_4b,12087
gated_alive:a_4b:13284,a_4b,13284
gated_alive:a_4b:14143,a_4b,14143
gated_alive:a_4b:14744,a_4b,14744
gated_alive:a_4b:14853,a_4b,14853
gated_alive:a_4b:15095,a_4b,15095
gated_alive:a_4b:15263,a_4b,15263
gated_alive:a_4b:15442,a_4b,15442
gated_alive:a_4b:15584,a_4b,15584
gated_alive:a_4b:15667,a_4b,15667
gated_alive:a_4b:15774,a_4b,15774
gated_alive:a_4b:16063,a_4b,16063
gated_alive:a_4b:17501,a_4b,17501
gated_alive:a_4b:17919,a_4b,17919
gated_alive:a_4b:18056,a_4b,18056
gated_alive:a_4b:18110,a_4b,18110
gated_alive:a_4b:18111,a_4b,18111
gated_alive:a_4b:18293,a_4b,18293
gated_alive:a_4b:19242,a_4b,19242
gated_alive:a_4b:19305,a_4b,19305
gated_alive:a_4b:20775,a_4b,20775
gated_alive:a_4b:20911,a_4b,20911
gated_alive:a_4b:22884,a_4b,22884
gated_alive:a_4b:23825,a_4b,23825
gated_alive:a_4b:24085,a_4b,24085
gated_alive:a_4b:24226,a_4b,24226
gated_alive:a_4b:24352,a_4b,24352
gated_alive:a_4b:24426,a_4b,24426
gated_alive:a_4b:24546,a_4b,24546
gated_alive:a_4b:25483,a_4b,25483
gated_alive:a_4b:25571,a_4b,25571
gated_alive:a_4b:25903,a_4b,25903
gated_alive:a_4b:26004,a_4b,26004
gated_alive:a_4b:26116,a_4b,26116
gated_alive:a_4b:26350,a_4b,26350
gated_alive:a_4b:27689,a_4b,27689
gated_alive:a_4b:27891,a_4b,27891
gated_alive:a_4b:28054,a_4b,28054
gated_alive:a_4b:28379,a_4b,28379
gated_alive:a_4b:28540,a_4b,28540
gated_alive:a_4b:29029,a_4b,29029
gated_alive:a_4b:30688,a_4b,30688
gated_alive:a_4b:30743,a_4b,30743
gated_alive:a_4b:31198,a_4b,31198
gated_alive:a_4b:32051,a_4b,32051
gated_alive:a_4b:32341,a_4b,32341
gated_alive:a_4b:32512,a_4b,32512
gated_alive:a_4b:33284,a_4b,33284
gated_alive:a_4b:33552,a_4b,33552
gated_alive:a_4b:34827,a_4b,34827
gated_alive:a_4b:35215,a_4b,35215
gated_alive:a_4b:35348,a_4b,35348
gated_alive:a_4b:35416,a_4b,35416
gated_alive:a_4b:35569,a_4b,35569
gated_alive:a_4b:36296,a_4b,36296
gated_alive:a_4b:36331,a_4b,36331
gated_alive:a_4b:36879,a_4b,36879
gated_alive:a_4b:36921,a_4b,36921
gated_alive:a_4b:37085,a_4b,37085
gated_alive:a_4b:37708,a_4b,37708
gated_alive:a_4b:37952,a_4b,37952
gated_alive:a_4b:38029,a_4b,38029
gated_alive:a_4b:38560,a_4b,38560
gated_alive:a_4b:39609,a_4b,39609
gated_alive:a_4b:39833,a_4b,39833
gated_alive:a_4b:40707,a_4b,40707
gated_alive:a_4b:41412,a_4b,41412
gated_alive:a_4b:41618,a_4b,41618
gated_alive:a_4b:42266,a_4b,42266
gated_alive:a_4b:42527,a_4b,42527
gated_alive:a_4b:42707,a_4b,42707
gated_alive:a_4b:42765,a_4b,42765
gated_alive:a_4b:43565,a_4b,43565
gated_alive:a_4b:43641,a_4b,43641
gated_alive:a_4b:44103,a_4b,44103
gated_alive:a_4b:44350,a_4b,44350
gated_alive:a_4b:44475,a_4b,44475
gated_alive:a_4b:44571,a_4b,44571
gated_alive:a_4b:44671,a_4b,44671
gated_alive:a_4b:45080,a_4b,45080
gated_alive:a_4b:45251,a_4b,45251
gated_alive:a_4b:45522,a_4b,45522
gated_alive:a_4b:46055,a_4b,46055
gated_alive:a_4b:46100,a_4b,46100
gated_alive:a_4b:46636,a_4b,46636
gated_alive:a_4b:47124,a_4b,47124
gated_alive:a_4b:47232,a_4b,47232
gated_alive:a_4b:48537,a_4b,48537
gated_alive:a_4b:50641,a_4b,50641
gated_alive:a_4b:51120,a_4b,51120
gated_alive:a_4b:51432,a_4b,51432
gated_alive:a_4b:51576,a_4b,51576
gated_alive:a_4b:51759,a_4b,51759
gated_alive:a_4b:52097,a_4b,52097
gated_alive:a_4b:52173,a_4b,52173
gated_alive:a_4b:52514,a_4b,52514
gated_alive:a_4b:55395,a_4b,55395
gated_alive:a_4b:55435,a_4b,55435
gated_alive:a_4b:56064,a_4b,56064
gated_alive:a_4b:56193,a_4b,56193
gated_alive:a_4b:56986,a_4b,56986
gated_alive:a_4b:57071,a_4b,57071
gated_alive:a_4b:57575,a_4b,57575
gated_alive:a_4b:58779,a_4b,58779
gated_alive:a_4b:60261,a_4b,60261
gated_alive:a_4b:60455,a_4b,60455
gated_alive:a_4b:61064,a_4b,61064
gated_alive:a_4b:61380,a_4b,61380
gated_alive:a_4b:61389,a_4b,61389
gated_alive:a_4b:61532,a_4b,61532
gated_alive:a_4b:61663,a_4b,61663
gated_alive:a_4b:61944,a_4b,61944
gated_alive:a_4b:62598,a_4b,62598
gated_alive:a_4b:63255,a_4b,63255
gated_alive:a_4b:63694,a_4b,63694
gated_alive:a_4b:63802,a_4b,63802
gated_alive:a_4b:63844,a_4b,63844
gated_alive:a_4b:64066,a_4b,64066
gated_alive:a_4b:65061,a_4b,65061
gated_alive:a_4b:65312,a_4b,65312
gated_alive:a_4b:66673,a_4b,66673
gated_alive:a_4b:67449,a_4b,67449
gated_alive:a_4b:67702,a_4b,67702
gated_alive:a_4b:67804,a_4b,67804
gated_alive:a_4b:68666,a_4b,68666
gated_alive:a_4b:69019,a_4b,69019
gated_alive:a_4b:69616,a_4b,69616
gated_alive:a_4b:69867,a_4b,69867
gated_alive:a_4b:70573,a_4b,70573
gated_alive:a_4b:71836,a_4b,71836
gated_alive:a_4b:71870,a_4b,71870
gated_alive:a_4b:71970,a_4b,71970
gated_alive:a_4b:72103,a_4b,72103
gated_alive:a_4b:72140,a_4b,72140
gated_alive:a_4b:72668,a_4b,72668
gated_alive:a_4b:74131,a_4b,74131
gated_alive:a_4b:74625,a_4b,74625
gated_alive:a_4b:75198,a_4b,75198
gated_alive:a_4b:75323,a_4b,75323
gated_alive:a_4b:75583,a_4b,75583
gated_alive:a_4b:76648,a_4b,76648
gated_alive:a_4b:77123,a_4b,77123
gated_alive:a_4b:77335,a_4b,77335
gated_alive:a_4b:77398,a_4b,77398
gated_alive:a_4b:77400,a_4b,77400
gated_alive:a_4b:77531,a_4b,77531
gated_alive:a_4b:78608,a_4b,78608
gated_alive:a_4b:78803,a_4b,78803
gated_alive:a_4b:79032,a_4b,79032
gated_alive:a_4b:79096,a_4b,79096
gated_alive:a_4b:79558,a_4b,79558
gated_alive:a_4b:80371,a_4b,80371
gated_alive:a_4b:80385,a_4b,80385
gated_alive:a_4b:80872,a_4b,80872
gated_alive:a_4b:81629,a_4b,81629
gated_alive:a_4b:81770,a_4b,81770
gated_alive:a_4b:82040,a_4b,82040
gated_alive:a_4b:82601,a_4b,82601
gated_alive:a_4b:83021,a_4b,83021
gated_alive:a_4b:83054,a_4b,83054
gated_alive:a_4b:83282,a_4b,83282
gated_alive:a_4b:83435,a_4b,83435
gated_alive:a_4b:83480,a_4b,83480
gated_alive:a_4b:83811,a_4b,83811
gated_alive:a_4b:83987,a_4b,83987
gated_alive:a_4b:84031,a_4b,84031
gated_alive:a_4b:85116,a_4b,85116
gated_alive:a_4b:85255,a_4b,85255
gated_alive:a_4b:85765,a_4b,85765
gated_alive:a_4b:86449,a_4b,86449
gated_alive:a_4b:88055,a_4b,88055
gated_alive:a_4b:89368,a_4b,89368
gated_alive:a_4b:89753,a_4b,89753
gated_alive:a_4b:90780,a_4b,90780
gated_alive:a_4b:91238,a_4b,91238
gated_alive:a_4b:91615,a_4b,91615
gated_alive:a_4b:92179,a_4b,92179
gated_alive:a_4b:92343,a_4b,92343
gated_alive:a_4b:93174,a_4b,93174
gated_alive:a_4b:93946,a_4b,93946
gated_alive:a_4b:95003,a_4b,95003
gated_alive:a_4b:95471,a_4b,95471
gated_alive:a_4b:95541,a_4b,95541
gated_alive:a_4b:95772,a_4b,95772
gated_alive:a_4b:96790,a_4b,96790
gated_alive:a_4b:96870,a_4b,96870
gated_alive:a_4b:96961,a_4b,96961
gated_alive:a_4b:97991,a_4b,97991
gated_alive:a_4b:98281,a_4b,98281
gated_alive:a_4b:98375,a_4b,98375
gated_alive:a_4b:98732,a_4b,98732
gated_alive:a_4b:98875,a_4b,98875
gated_alive:a_4b:98991,a_4b,98991
gated_alive:a_4b:99136,a_4b,99136
gated_alive:a_4b:99574,a_4b,99574
gated_alive:a_4b:100941,a_4b,100941
gated_alive:a_4b:101424,a_4b,101424
gated_alive:a_4b:101529,a_4b,101529
gated_alive:a_4b:101530,a_4b,101530
gated_alive:a_4b:101680,a_4b,101680
gated_alive:a_4b:102261,a_4b,102261
gated_alive:a_4b:102431,a_4b,102431
gated_alive:a_4b:103059,a_4b,103059
gated_alive:a_4b:103111,a_4b,103111
gated_alive:a_4b:103819,a_4b,103819
gated_alive:a_4b:104846,a_4b,104846
gated_alive:a_4b:105685,a_4b,105685
gated_alive:a_4b:105850,a_4b,105850
gated_alive:a_4b:107001,a_4b,107001
gated_alive:a_4b:107424,a_4b,107424
gated_alive:a_4b:107479,a_4b,107479
gated_alive:a_4b:107509,a_4b,107509
gated_alive:a_4b:107922,a_4b,107922
gated_alive:a_4b:108202,a_4b,108202
gated_alive:a_4b:109031,a_4b,109031
gated_alive:a_4b:109670,a_4b,109670
gated_alive:a_4b:110097,a_4b,110097
gated_alive:a_4b:110228,a_4b,110228
gated_alive:a_4b:111668,a_4b,111668
gated_alive:a_4b:112163,a_4b,112163
gated_alive:a_4b:112638,a_4b,112638
gated_alive:a_4b:113894,a_4b,113894
gated_alive:a_4b:115305,a_4b,115305
gated_alive:a_4b:115333,a_4b,115333
gated_alive:a_4b:115338,a_4b,115338
gated_alive:a_4b:116410,a_4b,116410
gated_alive:a_4b:116568,a_4b,116568
gated_alive:a_4b:116770,a_4b,116770
gated_alive:a_4b:117100,a_4b,117100
gated_alive:a_4b:117478,a_4b,117478
gated_alive:a_4b:117919,a_4b,117919
gated_alive:a_4b:118430,a_4b,118430
gated_alive:a_4b:119355,a_4b,119355
gated_alive:a_4b:119848,a_4b,119848
gated_alive:a_4b:120158,a_4b,120158
gated_alive:a_4b:120216,a_4b,120216
gated_alive:a_4b:120452,a_4b,120452
gated_alive:a_4b:120522,a_4b,120522
gated_alive:a_4b:121353,a_4b,121353
gated_alive:a_4b:122741,a_4b,122741
gated_alive:a_4b:123282,a_4b,123282
gated_alive:a_4b:123307,a_4b,123307
gated_alive:a_4b:124606,a_4b,124606
gated_alive:a_4b:124751,a_4b,124751
gated_alive:a_4b:124869,a_4b,124869
gated_alive:a_4b:125082,a_4b,125082
gated_alive:a_4b:125491,a_4b,125491
gated_alive:a_4b:125538,a_4b,125538
gated_alive:a_4b:125745,a_4b,125745
gated_alive:a_4b:126288,a_4b,126288
gated_alive:a_4b:126304,a_4b,126304
gated_alive:a_4b:127189,a_4b,127189
gated_alive:a_4b:127478,a_4b,127478
gated_alive:a_4b:127514,a_4b,127514
gated_alive:a_4b:128235,a_4b,128235
gated_alive:a_4b:128487,a_4b,128487
gated_alive:a_4b:128794,a_4b,128794
gated_alive:a_4b:129983,a_4b,129983
gated_alive:a_4b:130091,a_4b,130091
gated_alive:a_4b:130753,a_4b,130753
gated_alive:a_4b:131498,a_4b,131498
gated_alive:a_4b:132235,a_4b,132235
gated_alive:a_4b:132299,a_4b,132299
gated_alive:a_4b:132425,a_4b,132425
gated_alive:a_4b:132659,a_4b,132659
gated_alive:a_4b:133107,a_4b,133107
gated_alive:a_4b:133963,a_4b,133963
gated_alive:a_4b:134054,a_4b,134054
gated_alive:a_4b:134514,a_4b,134514
gated_alive:a_4b:135064,a_4b,135064
gated_alive:a_4b:135082,a_4b,135082
gated_alive:a_4b:135694,a_4b,135694
gated_alive:a_4b:136438,a_4b,136438
gated_alive:a_4b:137490,a_4b,137490
gated_alive:a_4b:138528,a_4b,138528
gated_alive:a_4b:139148,a_4b,139148
gated_alive:a_4b:139164,a_4b,139164
gated_alive:a_4b:140376,a_4b,140376
gated_alive:a_4b:141768,a_4b,141768
gated_alive:a_4b:142767,a_4b,142767
gated_alive:a_4b:143039,a_4b,143039
gated_alive:a_4b:143835,a_4b,143835
gated_alive:a_4b:144155,a_4b,144155
gated_alive:a_4b:145516,a_4b,145516
gated_alive:a_4b:145527,a_4b,145527
gated_alive:a_4b:145679,a_4b,145679
gated_alive:a_4b:146298,a_4b,146298
gated_alive:a_4b:146598,a_4b,146598
gated_alive:a_4b:146962,a_4b,146962
gated_alive:a_4b:146972,a_4b,146972
gated_alive:a_4b:147048,a_4b,147048
gated_alive:a_4b:147192,a_4b,147192
gated_alive:a_4b:147899,a_4b,147899
gated_alive:a_4b:148151,a_4b,148151
gated_alive:a_4b:149516,a_4b,149516
gated_alive:a_4b:149646,a_4b,149646
gated_alive:a_4b:149774,a_4b,149774
gated_alive:a_4b:149899,a_4b,149899
gated_alive:a_4b:150658,a_4b,150658
gated_alive:a_4b:151382,a_4b,151382
gated_alive:a_4b:151998,a_4b,151998
gated_alive:a_4b:152034,a_4b,152034
gated_alive:a_4b:152041,a_4b,152041
gated_alive:a_4b:152377,a_4b,152377
gated_alive:a_4b:153226,a_4b,153226
gated_alive:a_4b:153473,a_4b,153473
gated_alive:a_4b:154050,a_4b,154050
gated_alive:a_4b:154490,a_4b,154490
gated_alive:a_4b:154641,a_4b,154641
gated_alive:a_4b:154967,a_4b,154967
gated_alive:a_4b:155148,a_4b,155148
gated_alive:a_4b:155258,a_4b,155258
gated_alive:a_4b:155339,a_4b,155339
gated_alive:a_4b:155838,a_4b,155838
gated_alive:a_4b:156723,a_4b,156723
gated_alive:a_4b:157141,a_4b,157141
gated_alive:a_4b:159432,a_4b,159432
gated_alive:a_4b:159887,a_4b,159887
gated_alive:a_4b:160438,a_4b,160438
gated_alive:a_4b:160697,a_4b,160697
gated_alive:a_4b:161265,a_4b,161265
gated_alive:a_4b:162749,a_4b,162749
gated_alive:a_4b:163493,a_4b,163493
gated_alive:a_4b:163604,a_4b,163604
gated_alive:a_4b:165425,a_4b,165425
gated_alive:a_4b:165477,a_4b,165477
gated_alive:a_4b:166007,a_4b,166007
gated_alive:a_4b:167278,a_4b,167278
gated_alive:a_4b:167855,a_4b,167855
gated_alive:a_4b:167938,a_4b,167938
gated_alive:a_4b:168055,a_4b,168055
gated_alive:a_4b:168262,a_4b,168262
gated_alive:a_4b:168459,a_4b,168459
gated_alive:a_4b:168665,a_4b,168665
gated_alive:a_4b:169137,a_4b,169137
gated_alive:a_4b:169723,a_4b,169723
gated_alive:a_4b:169762,a_4b,169762
gated_alive:a_4b:170740,a_4b,170740
gated_alive:a_4b:170976,a_4b,170976
gated_alive:a_4b:172151,a_4b,172151
gated_alive:a_4b:172155,a_4b,172155
gated_alive:a_4b:174042,a_4b,174042
gated_alive:a_4b:174450,a_4b,174450
gated_alive:a_4b:175273,a_4b,175273
gated_alive:a_4b:175752,a_4b,175752
gated_alive:a_4b:176480,a_4b,176480
gated_alive:a_4b:176544,a_4b,176544
gated_alive:a_4b:176643,a_4b,176643
gated_alive:a_4b:176797,a_4b,176797
gated_alive:a_4b:177606,a_4b,177606
gated_alive:a_4b:178201,a_4b,178201
gated_alive:a_4b:178518,a_4b,178518
gated_alive:a_4b:178629,a_4b,178629
gated_alive:a_4b:178630,a_4b,178630
gated_alive:a_4b:179538,a_4b,179538
gated_alive:a_4b:179544,a_4b,179544
gated_alive:a_4b:180293,a_4b,180293
gated_alive:a_4b:180506,a_4b,180506
gated_alive:a_4b:181109,a_4b,181109
gated_alive:a_4b:181822,a_4b,181822
gated_alive:a_4b:182045,a_4b,182045
gated_alive:a_4b:182402,a_4b,182402
gated_alive:a_4b:184087,a_4b,184087
gated_alive:a_4b:184227,a_4b,184227
gated_alive:a_4b:184426,a_4b,184426
gated_alive:a_4b:184932,a_4b,184932
gated_alive:a_4b:185487,a_4b,185487
gated_alive:a_4b:185720,a_4b,185720
gated_alive:a_4b:185938,a_4b,185938
gated_alive:a_4b:186125,a_4b,186125
gated_alive:a_4b:186472,a_4b,186472
gated_alive:a_4b:186805,a_4b,186805
gated_alive:a_4b:187855,a_4b,187855
gated_alive:a_4b:189497,a_4b,189497
gated_alive:a_4b:190244,a_4b,190244
gated_alive:a_4b:190300,a_4b,190300
gated_alive:a_4b:190397,a_4b,190397
gated_alive:a_4b:190407,a_4b,190407
gated_alive:a_4b:191805,a_4b,191805
gated_alive:a_4b:191985,a_4b,191985
gated_alive:a_4b:193003,a_4b,193003
gated_alive:a_4b:193560,a_4b,193560
gated_alive:a_4b:194126,a_4b,194126
gated_alive:a_4b:194451,a_4b,194451
gated_alive:a_4b:195004,a_4b,195004
gated_alive:a_4b:195334,a_4b,195334
gated_alive:a_4b:195383,a_4b,195383
gated_alive:a_4b:195594,a_4b,195594
gated_alive:a_4b:196019,a_4b,196019
gated_alive:a_4b:196418,a_4b,196418
gated_alive:a_4b:196799,a_4b,196799
gated_alive:a_4b:201100,a_4b,201100
gated_alive:a_4b:201378,a_4b,201378
gated_alive:a_4b:201612,a_4b,201612
gated_alive:a_4b:202034,a_4b,202034
gated_alive:a_4b:202058,a_4b,202058
gated_alive:a_4b:203005,a_4b,203005
gated_alive:a_4b:203198,a_4b,203198
gated_alive:a_4b:203543,a_4b,203543
gated_alive:a_4b:203800,a_4b,203800
gated_alive:a_4b:204010,a_4b,204010
gated_alive:a_4b:205067,a_4b,205067
gated_alive:a_4b:205187,a_4b,205187
gated_alive:a_4b:205257,a_4b,205257
gated_alive:a_4b:206145,a_4b,206145
gated_alive:a_4b:206760,a_4b,206760
gated_alive:a_4b:207065,a_4b,207065
gated_alive:a_4b:207166,a_4b,207166
gated_alive:a_4b:207171,a_4b,207171
gated_alive:a_4b:207192,a_4b,207192
gated_alive:a_4b:207227,a_4b,207227
gated_alive:a_4b:208931,a_4b,208931
gated_alive:a_4b:209342,a_4b,209342
gated_alive:a_4b:210641,a_4b,210641
gated_alive:a_4b:211367,a_4b,211367
gated_alive:a_4b:211371,a_4b,211371
gated_alive:a_4b:212432,a_4b,212432
gated_alive:a_4b:212448,a_4b,212448
gated_alive:a_4b:212873,a_4b,212873
gated_alive:a_4b:213548,a_4b,213548
gated_alive:a_4b:213883,a_4b,213883
gated_alive:a_4b:214063,a_4b,214063
gated_alive:a_4b:214868,a_4b,214868
gated_alive:a_4b:215341,a_4b,215341
gated_alive:a_4b:215696,a_4b,215696
gated_alive:a_4b:215951,a_4b,215951
gated_alive:a_4b:216011,a_4b,216011
gated_alive:a_4b:216097,a_4b,216097
gated_alive:a_4b:216232,a_4b,216232
gated_alive:a_4b:216938,a_4b,216938
gated_alive:a_4b:218273,a_4b,218273
gated_alive:a_4b:218467,a_4b,218467
gated_alive:a_4b:220025,a_4b,220025
gated_alive:a_4b:221288,a_4b,221288
gated_alive:a_4b:221804,a_4b,221804
gated_alive:a_4b:222119,a_4b,222119
gated_alive:a_4b:222783,a_4b,222783
gated_alive:a_4b:222869,a_4b,222869
gated_alive:a_4b:224019,a_4b,224019
gated_alive:a_4b:224024,a_4b,224024
gated_alive:a_4b:224212,a_4b,224212
gated_alive:a_4b:224357,a_4b,224357
gated_alive:a_4b:225856,a_4b,225856
gated_alive:a_4b:225878,a_4b,225878
gated_alive:a_4b:226296,a_4b,226296
gated_alive:a_4b:226354,a_4b,226354
gated_alive:a_4b:226584,a_4b,226584
gated_alive:a_4b:227230,a_4b,227230
gated_alive:a_4b:227402,a_4b,227402
gated_alive:a_4b:227871,a_4b,227871
gated_alive:a_4b:228374,a_4b,228374
gated_alive:a_4b:230039,a_4b,230039
gated_alive:a_4b:230313,a_4b,230313
gated_alive:a_4b:231475,a_4b,231475
gated_alive:a_4b:231536,a_4b,231536
gated_alive:a_4b:232184,a_4b,232184
gated_alive:a_4b:232829,a_4b,232829
gated_alive:a_4b:234553,a_4b,234553
gated_alive:a_4b:234562,a_4b,234562
gated_alive:a_4b:234913,a_4b,234913
gated_alive:a_4b:235923,a_4b,235923
gated_alive:a_4b:236270,a_4b,236270
gated_alive:a_4b:236304,a_4b,236304
gated_alive:a_4b:236453,a_4b,236453
gated_alive:a_4b:236717,a_4b,236717
gated_alive:a_4b:236900,a_4b,236900
gated_alive:a_4b:236994,a_4b,236994
gated_alive:a_5a:79,a_5a,79
gated_alive:a_5a:309,a_5a,309
gated_alive:a_5a:551,a_5a,551
gated_alive:a_5a:1371,a_5a,1371
gated_alive:a_5a:3189,a_5a,3189
gated_alive:a_5a:3313,a_5a,3313
gated_alive:a_5a:3999,a_5a,3999
gated_alive:a_5a:4780,a_5a,4780
gated_alive:a_5a:5241,a_5a,5241
gated_alive:a_5a:5249,a_5a,5249
gated_alive:a_5a:5921,a_5a,5921
gated_alive:a_5a:6431,a_5a,6431
gated_alive:a_5a:6596,a_5a,6596
gated_alive:a_5a:6757,a_5a,6757
gated_alive:a_5a:6908,a_5a,6908
gated_alive:a_5a:7470,a_5a,7470
gated_alive:a_5a:7485,a_5a,7485
gated_alive:a_5a:7689,a_5a,7689
gated_alive:a_5a:7787,a_5a,7787
gated_alive:a_5a:8144,a_5a,8144
gated_alive:a_5a:8222,a_5a,8222
gated_alive:a_5a:8275,a_5a,8275
gated_alive:a_5a:9376,a_5a,9376
gated_alive:a_5a:9506,a_5a,9506
gated_alive:a_5a:9870,a_5a,9870
gated_alive:a_5a:10109,a_5a,10109
gated_alive:a_5a:11461,a_5a,11461
gated_alive:a_5a:13098,a_5a,13098
gated_alive:a_5a:13507,a_5a,13507
gated_alive:a_5a:13926,a_5a,13926
gated_alive:a_5a:14265,a_5a,14265
gated_alive:a_5a:14303,a_5a,14303
gated_alive:a_5a:14545,a_5a,14545
gated_alive:a_5a:14649,a_5a,14649
gated_alive:a_5a:15629,a_5a,15629
gated_alive:a_5a:16055,a_5a,16055
gated_alive:a_5a:16673,a_5a,16673
gated_alive:a_5a:17293,a_5a,17293
gated_alive:a_5a:17330,a_5a,17330
gated_alive:a_5a:17384,a_5a,17384
gated_alive:a_5a:18331,a_5a,18331
gated_alive:a_5a:18954,a_5a,18954
gated_alive:a_5a:19337,a_5a,19337
gated_alive:a_5a:19381,a_5a,19381
gated_alive:a_5a:19467,a_5a,19467
gated_alive:a_5a:19680,a_5a,19680
gated_alive:a_5a:20190,a_5a,20190
gated_alive:a_5a:21292,a_5a,21292
gated_alive:a_5a:21974,a_5a,21974
gated_alive:a_5a:22369,a_5a,22369
gated_alive:a_5a:22581,a_5a,22581
gated_alive:a_5a:23385,a_5a,23385
gated_alive:a_5a:23611,a_5a,23611
gated_alive:a_5a:24465,a_5a,24465
gated_alive:a_5a:24658,a_5a,24658
gated_alive:a_5a:25185,a_5a,25185
gated_alive:a_5a:26039,a_5a,26039
gated_alive:a_5a:26330,a_5a,26330
gated_alive:a_5a:26904,a_5a,26904
gated_alive:a_5a:27901,a_5a,27901
gated_alive:a_5a:28023,a_5a,28023
gated_alive:a_5a:28285,a_5a,28285
gated_alive:a_5a:28408,a_5a,28408
gated_alive:a_5a:29212,a_5a,29212
gated_alive:a_5a:29358,a_5a,29358
gated_alive:a_5a:29500,a_5a,29500
gated_alive:a_5a:29705,a_5a,29705
gated_alive:a_5a:29757,a_5a,29757
gated_alive:a_5a:30291,a_5a,30291
gated_alive:a_5a:30332,a_5a,30332
gated_alive:a_5a:30347,a_5a,30347
gated_alive:a_5a:30616,a_5a,30616
gated_alive:a_5a:30873,a_5a,30873
gated_alive:a_5a:31684,a_5a,31684
gated_alive:a_5a:31859,a_5a,31859
gated_alive:a_5a:31995,a_5a,31995
gated_alive:a_5a:32898,a_5a,32898
gated_alive:a_5a:35084,a_5a,35084
gated_alive:a_5a:35220,a_5a,35220
gated_alive:a_5a:36055,a_5a,36055
gated_alive:a_5a:37751,a_5a,37751
gated_alive:a_5a:38646,a_5a,38646
gated_alive:a_5a:38761,a_5a,38761
gated_alive:a_5a:39359,a_5a,39359
gated_alive:a_5a:40065,a_5a,40065
gated_alive:a_5a:40136,a_5a,40136
gated_alive:a_5a:40466,a_5a,40466
gated_alive:a_5a:41095,a_5a,41095
gated_alive:a_5a:41708,a_5a,41708
gated_alive:a_5a:41942,a_5a,41942
gated_alive:a_5a:42311,a_5a,42311
gated_alive:a_5a:43212,a_5a,43212
gated_alive:a_5a:44325,a_5a,44325
gated_alive:a_5a:45716,a_5a,45716
gated_alive:a_5a:46851,a_5a,46851
gated_alive:a_5a:47469,a_5a,47469
gated_alive:a_5a:48346,a_5a,48346
gated_alive:a_5a:48750,a_5a,48750
gated_alive:a_5a:48858,a_5a,48858
gated_alive:a_5a:49274,a_5a,49274
gated_alive:a_5a:49463,a_5a,49463
gated_alive:a_5a:49966,a_5a,49966
gated_alive:a_5a:50007,a_5a,50007
gated_alive:a_5a:50301,a_5a,50301
gated_alive:a_5a:50624,a_5a,50624
gated_alive:a_5a:51136,a_5a,51136
gated_alive:a_5a:51147,a_5a,51147
gated_alive:a_5a:52445,a_5a,52445
gated_alive:a_5a:52479,a_5a,52479
gated_alive:a_5a:53332,a_5a,53332
gated_alive:a_5a:53494,a_5a,53494
gated_alive:a_5a:53872,a_5a,53872
gated_alive:a_5a:54277,a_5a,54277
gated_alive:a_5a:55050,a_5a,55050
gated_alive:a_5a:57370,a_5a,57370
gated_alive:a_5a:58231,a_5a,58231
gated_alive:a_5a:59481,a_5a,59481
gated_alive:a_5a:59940,a_5a,59940
gated_alive:a_5a:61579,a_5a,61579
gated_alive:a_5a:63061,a_5a,63061
gated_alive:a_5a:63138,a_5a,63138
gated_alive:a_5a:63799,a_5a,63799
gated_alive:a_5a:64291,a_5a,64291
gated_alive:a_5a:64639,a_5a,64639
gated_alive:a_5a:64982,a_5a,64982
gated_alive:a_5a:66163,a_5a,66163
gated_alive:a_5a:66848,a_5a,66848
gated_alive:a_5a:68208,a_5a,68208
gated_alive:a_5a:68880,a_5a,68880
gated_alive:a_5a:68975,a_5a,68975
gated_alive:a_5a:69521,a_5a,69521
gated_alive:a_5a:70930,a_5a,70930
gated_alive:a_5a:70998,a_5a,70998
gated_alive:a_5a:71224,a_5a,71224
gated_alive:a_5a:71458,a_5a,71458
gated_alive:a_5a:71461,a_5a,71461
gated_alive:a_5a:72073,a_5a,72073
gated_alive:a_5a:72562,a_5a,72562
gated_alive:a_5a:72693,a_5a,72693
gated_alive:a_5a:73569,a_5a,73569
gated_alive:a_5a:73827,a_5a,73827
gated_alive:a_5a:74712,a_5a,74712
gated_alive:a_5a:74795,a_5a,74795
gated_alive:a_5a:75369,a_5a,75369
gated_alive:a_5a:75444,a_5a,75444
gated_alive:a_5a:75451,a_5a,75451
gated_alive:a_5a:75556,a_5a,75556
gated_alive:a_5a:75649,a_5a,75649
gated_alive:a_5a:76836,a_5a,76836
gated_alive:a_5a:76924,a_5a,76924
gated_alive:a_5a:76949,a_5a,76949
gated_alive:a_5a:77046,a_5a,77046
gated_alive:a_5a:77109,a_5a,77109
gated_alive:a_5a:79704,a_5a,79704
gated_alive:a_5a:80001,a_5a,80001
gated_alive:a_5a:80192,a_5a,80192
gated_alive:a_5a:81103,a_5a,81103
gated_alive:a_5a:81336,a_5a,81336
gated_alive:a_5a:81893,a_5a,81893
gated_alive:a_5a:82434,a_5a,82434
gated_alive:a_5a:82527,a_5a,82527
gated_alive:a_5a:82589,a_5a,82589
gated_alive:a_5a:83488,a_5a,83488
gated_alive:a_5a:83601,a_5a,83601
gated_alive:a_5a:83669,a_5a,83669
gated_alive:a_5a:84173,a_5a,84173
gated_alive:a_5a:84343,a_5a,84343
gated_alive:a_5a:84760,a_5a,84760
gated_alive:a_5a:85303,a_5a,85303
gated_alive:a_5a:85455,a_5a,85455
gated_alive:a_5a:85500,a_5a,85500
gated_alive:a_5a:86144,a_5a,86144
gated_alive:a_5a:86979,a_5a,86979
gated_alive:a_5a:88337,a_5a,88337
gated_alive:a_5a:88396,a_5a,88396
gated_alive:a_5a:88434,a_5a,88434
gated_alive:a_5a:88461,a_5a,88461
gated_alive:a_5a:88722,a_5a,88722
gated_alive:a_5a:88755,a_5a,88755
gated_alive:a_5a:89214,a_5a,89214
gated_alive:a_5a:89339,a_5a,89339
gated_alive:a_5a:89661,a_5a,89661
gated_alive:a_5a:89790,a_5a,89790
gated_alive:a_5a:89994,a_5a,89994
gated_alive:a_5a:90115,a_5a,90115
gated_alive:a_5a:90434,a_5a,90434
gated_alive:a_5a:91530,a_5a,91530
gated_alive:a_5a:91578,a_5a,91578
gated_alive:a_5a:92036,a_5a,92036
gated_alive:a_5a:92931,a_5a,92931
gated_alive:a_5a:93169,a_5a,93169
gated_alive:a_5a:93650,a_5a,93650
gated_alive:a_5a:94511,a_5a,94511
gated_alive:a_5a:94839,a_5a,94839
gated_alive:a_5a:95463,a_5a,95463
gated_alive:a_5a:95558,a_5a,95558
gated_alive:a_5a:96439,a_5a,96439
gated_alive:a_5a:97265,a_5a,97265
gated_alive:a_5a:97437,a_5a,97437
gated_alive:a_5a:99985,a_5a,99985
gated_alive:a_5a:100086,a_5a,100086
gated_alive:a_5a:100125,a_5a,100125
gated_alive:a_5a:100129,a_5a,100129
gated_alive:a_5a:100321,a_5a,100321
gated_alive:a_5a:100456,a_5a,100456
gated_alive:a_5a:101306,a_5a,101306
gated_alive:a_5a:101447,a_5a,101447
gated_alive:a_5a:102263,a_5a,102263
gated_alive:a_5a:103441,a_5a,103441
gated_alive:a_5a:104006,a_5a,104006
gated_alive:a_5a:104092,a_5a,104092
gated_alive:a_5a:106621,a_5a,106621
gated_alive:a_5a:106964,a_5a,106964
gated_alive:a_5a:107402,a_5a,107402
gated_alive:a_5a:107452,a_5a,107452
gated_alive:a_5a:107744,a_5a,107744
gated_alive:a_5a:108516,a_5a,108516
gated_alive:a_5a:108627,a_5a,108627
gated_alive:a_5a:109439,a_5a,109439
gated_alive:a_5a:109462,a_5a,109462
gated_alive:a_5a:109766,a_5a,109766
gated_alive:a_5a:109876,a_5a,109876
gated_alive:a_5a:110481,a_5a,110481
gated_alive:a_5a:110551,a_5a,110551
gated_alive:a_5a:110930,a_5a,110930
gated_alive:a_5a:110971,a_5a,110971
gated_alive:a_5a:111014,a_5a,111014
gated_alive:a_5a:111015,a_5a,111015
gated_alive:a_5a:112776,a_5a,112776
gated_alive:a_5a:112907,a_5a,112907
gated_alive:a_5a:113439,a_5a,113439
gated_alive:a_5a:113734,a_5a,113734
gated_alive:a_5a:114839,a_5a,114839
gated_alive:a_5a:114962,a_5a,114962
gated_alive:a_5a:116591,a_5a,116591
gated_alive:a_5a:116829,a_5a,116829
gated_alive:a_5a:117563,a_5a,117563
gated_alive:a_5a:118717,a_5a,118717
gated_alive:a_5a:119274,a_5a,119274
gated_alive:a_5a:119632,a_5a,119632
gated_alive:a_5a:119925,a_5a,119925
gated_alive:a_5a:120290,a_5a,120290
gated_alive:a_5a:122353,a_5a,122353
gated_alive:a_5a:122900,a_5a,122900
gated_alive:a_5a:123012,a_5a,123012
gated_alive:a_5a:123688,a_5a,123688
gated_alive:a_5a:125618,a_5a,125618
gated_alive:a_5a:126186,a_5a,126186
gated_alive:a_5a:127054,a_5a,127054
gated_alive:a_5a:127521,a_5a,127521
gated_alive:a_5a:127537,a_5a,127537
gated_alive:a_5a:127616,a_5a,127616
gated_alive:a_5a:128068,a_5a,128068
gated_alive:a_5a:129042,a_5a,129042
gated_alive:a_5a:129200,a_5a,129200
gated_alive:a_5a:129301,a_5a,129301
gated_alive:a_5a:129944,a_5a,129944
gated_alive:a_5a:130065,a_5a,130065
gated_alive:a_5a:130901,a_5a,130901
gated_alive:a_5a:131062,a_5a,131062
gated_alive:a_5a:132220,a_5a,132220
gated_alive:a_5a:132283,a_5a,132283
gated_alive:a_5a:133374,a_5a,133374
gated_alive:a_5a:133479,a_5a,133479
gated_alive:a_5a:133984,a_5a,133984
gated_alive:a_5a:134088,a_5a,134088
gated_alive:a_5a:134110,a_5a,134110
gated_alive:a_5a:134228,a_5a,134228
gated_alive:a_5a:134966,a_5a,134966
gated_alive:a_5a:135796,a_5a,135796
gated_alive:a_5a:136543,a_5a,136543
gated_alive:a_5a:136596,a_5a,136596
gated_alive:a_5a:137467,a_5a,137467
gated_alive:a_5a:137652,a_5a,137652
gated_alive:a_5a:137970,a_5a,137970
gated_alive:a_5a:138942,a_5a,138942
gated_alive:a_5a:139050,a_5a,139050
gated_alive:a_5a:139287,a_5a,139287
gated_alive:a_5a:140111,a_5a,140111
gated_alive:a_5a:141271,a_5a,141271
gated_alive:a_5a:141332,a_5a,141332
gated_alive:a_5a:141997,a_5a,141997
gated_alive:a_5a:142699,a_5a,142699
gated_alive:a_5a:143202,a_5a,143202
gated_alive:a_5a:143688,a_5a,143688
gated_alive:a_5a:143825,a_5a,143825
gated_alive:a_5a:144516,a_5a,144516
gated_alive:a_5a:144525,a_5a,144525
gated_alive:a_5a:145251,a_5a,145251
gated_alive:a_5a:145494,a_5a,145494
gated_alive:a_5a:145692,a_5a,145692
gated_alive:a_5a:145693,a_5a,145693
gated_alive:a_5a:145813,a_5a,145813
gated_alive:a_5a:146082,a_5a,146082
gated_alive:a_5a:146238,a_5a,146238
gated_alive:a_5a:146367,a_5a,146367
gated_alive:a_5a:147177,a_5a,147177
gated_alive:a_5a:147764,a_5a,147764
gated_alive:a_5a:147871,a_5a,147871
gated_alive:a_5a:148098,a_5a,148098
gated_alive:a_5a:148464,a_5a,148464
gated_alive:a_5a:148771,a_5a,148771
gated_alive:a_5a:149095,a_5a,149095
gated_alive:a_5a:149375,a_5a,149375
gated_alive:a_5a:150005,a_5a,150005
gated_alive:a_5a:150083,a_5a,150083
gated_alive:a_5a:150086,a_5a,150086
gated_alive:a_5a:150813,a_5a,150813
gated_alive:a_5a:150889,a_5a,150889
gated_alive:a_5a:150897,a_5a,150897
gated_alive:a_5a:152231,a_5a,152231
gated_alive:a_5a:153528,a_5a,153528
gated_alive:a_5a:155260,a_5a,155260
gated_alive:a_5a:155536,a_5a,155536
gated_alive:a_5a:155989,a_5a,155989
gated_alive:a_5a:156157,a_5a,156157
gated_alive:a_5a:156362,a_5a,156362
gated_alive:a_5a:156710,a_5a,156710
gated_alive:a_5a:157230,a_5a,157230
gated_alive:a_5a:159009,a_5a,159009
gated_alive:a_5a:160151,a_5a,160151
gated_alive:a_5a:160866,a_5a,160866
gated_alive:a_5a:161010,a_5a,161010
gated_alive:a_5a:161047,a_5a,161047
gated_alive:a_5a:161624,a_5a,161624
gated_alive:a_5a:161783,a_5a,161783
gated_alive:a_5a:163033,a_5a,163033
gated_alive:a_5a:163091,a_5a,163091
gated_alive:a_5a:163663,a_5a,163663
gated_alive:a_5a:163971,a_5a,163971
gated_alive:a_5a:164128,a_5a,164128
gated_alive:a_5a:164202,a_5a,164202
gated_alive:a_5a:164974,a_5a,164974
gated_alive:a_5a:165295,a_5a,165295
gated_alive:a_5a:165340,a_5a,165340
gated_alive:a_5a:165675,a_5a,165675
gated_alive:a_5a:167076,a_5a,167076
gated_alive:a_5a:168905,a_5a,168905
gated_alive:a_5a:169320,a_5a,169320
gated_alive:a_5a:169839,a_5a,169839
gated_alive:a_5a:170304,a_5a,170304
gated_alive:a_5a:170860,a_5a,170860
gated_alive:a_5a:170972,a_5a,170972
gated_alive:a_5a:172501,a_5a,172501
gated_alive:a_5a:172825,a_5a,172825
gated_alive:a_5a:172830,a_5a,172830
gated_alive:a_5a:175465,a_5a,175465
gated_alive:a_5a:180177,a_5a,180177
gated_alive:a_5a:180755,a_5a,180755
gated_alive:a_5a:181864,a_5a,181864
gated_alive:a_5a:183815,a_5a,183815
gated_alive:a_5a:184018,a_5a,184018
gated_alive:a_5a:184284,a_5a,184284
gated_alive:a_5a:185068,a_5a,185068
gated_alive:a_5a:185338,a_5a,185338
gated_alive:a_5a:186678,a_5a,186678
gated_alive:a_5a:187096,a_5a,187096
gated_alive:a_5a:187403,a_5a,187403
gated_alive:a_5a:187532,a_5a,187532
gated_alive:a_5a:188349,a_5a,188349
gated_alive:a_5a:189278,a_5a,189278
gated_alive:a_5a:189964,a_5a,189964
gated_alive:a_5a:190551,a_5a,190551
gated_alive:a_5a:191016,a_5a,191016
gated_alive:a_5a:191144,a_5a,191144
gated_alive:a_5a:191633,a_5a,191633
gated_alive:a_5a:191759,a_5a,191759
gated_alive:a_5a:194070,a_5a,194070
gated_alive:a_5a:194768,a_5a,194768
gated_alive:a_5a:195082,a_5a,195082
gated_alive:a_5a:195188,a_5a,195188
gated_alive:a_5a:196746,a_5a,196746
gated_alive:a_5a:198211,a_5a,198211
gated_alive:a_5a:198400,a_5a,198400
gated_alive:a_5a:199686,a_5a,199686
gated_alive:a_5a:199854,a_5a,199854
gated_alive:a_5a:199961,a_5a,199961
gated_alive:a_5a:200127,a_5a,200127
gated_alive:a_5a:200545,a_5a,200545
gated_alive:a_5a:200652,a_5a,200652
gated_alive:a_5a:201108,a_5a,201108
gated_alive:a_5a:201791,a_5a,201791
gated_alive:a_5a:202268,a_5a,202268
gated_alive:a_5a:202376,a_5a,202376
gated_alive:a_5a:202551,a_5a,202551
gated_alive:a_5a:202788,a_5a,202788
gated_alive:a_5a:202880,a_5a,202880
gated_alive:a_5a:203346,a_5a,203346
gated_alive:a_5a:203587,a_5a,203587
gated_alive:a_5a:203806,a_5a,203806
gated_alive:a_5a:203835,a_5a,203835
gated_alive:a_5a:205255,a_5a,205255
gated_alive:a_5a:205619,a_5a,205619
gated_alive:a_5a:206215,a_5a,206215
gated_alive:a_5a:206740,a_5a,206740
gated_alive:a_5a:206855,a_5a,206855
gated_alive:a_5a:207147,a_5a,207147
gated_alive:a_5a:207565,a_5a,207565
gated_alive:a_5a:207695,a_5a,207695
gated_alive:a_5a:208537,a_5a,208537
gated_alive:a_5a:208634,a_5a,208634
gated_alive:a_5a:209409,a_5a,209409
gated_alive:a_5a:209623,a_5a,209623
gated_alive:a_5a:210280,a_5a,210280
gated_alive:a_5a:210409,a_5a,210409
gated_alive:a_5a:210421,a_5a,210421
gated_alive:a_5a:210654,a_5a,210654
gated_alive:a_5a:210704,a_5a,210704
gated_alive:a_5a:211486,a_5a,211486
gated_alive:a_5a:211771,a_5a,211771
gated_alive:a_5a:212258,a_5a,212258
gated_alive:a_5a:213440,a_5a,213440
gated_alive:a_5a:213757,a_5a,213757
gated_alive:a_5a:214738,a_5a,214738
gated_alive:a_5a:215130,a_5a,215130
gated_alive:a_5a:217414,a_5a,217414
gated_alive:a_5a:217461,a_5a,217461
gated_alive:a_5a:217575,a_5a,217575
gated_alive:a_5a:218063,a_5a,218063
gated_alive:a_5a:218433,a_5a,218433
gated_alive:a_5a:218923,a_5a,218923
gated_alive:a_5a:218975,a_5a,218975
gated_alive:a_5a:219103,a_5a,219103
gated_alive:a_5a:219708,a_5a,219708
gated_alive:a_5a:219820,a_5a,219820
gated_alive:a_5a:220343,a_5a,220343
gated_alive:a_5a:221226,a_5a,221226
gated_alive:a_5a:222675,a_5a,222675
gated_alive:a_5a:224160,a_5a,224160
gated_alive:a_5a:224805,a_5a,224805
gated_alive:a_5a:225313,a_5a,225313
gated_alive:a_5a:225537,a_5a,225537
gated_alive:a_5a:225829,a_5a,225829
gated_alive:a_5a:225991,a_5a,225991
gated_alive:a_5a:226850,a_5a,226850
gated_alive:a_5a:226931,a_5a,226931
gated_alive:a_5a:227465,a_5a,227465
gated_alive:a_5a:227961,a_5a,227961
gated_alive:a_5a:228030,a_5a,228030
gated_alive:a_5a:228154,a_5a,228154
gated_alive:a_5a:229658,a_5a,229658
gated_alive:a_5a:230620,a_5a,230620
gated_alive:a_5a:230740,a_5a,230740
gated_alive:a_5a:232436,a_5a,232436
gated_alive:a_5a:232714,a_5a,232714
gated_alive:a_5a:232782,a_5a,232782
gated_alive:a_5a:232837,a_5a,232837
gated_alive:a_5a:232854,a_5a,232854
gated_alive:a_5a:233390,a_5a,233390
gated_alive:a_5a:233457,a_5a,233457
gated_alive:a_5a:234372,a_5a,234372
gated_alive:a_5a:234453,a_5a,234453
gated_alive:a_5a:234736,a_5a,234736
gated_alive:a_5a:235080,a_5a,235080
gated_alive:a_5a:236229,a_5a,236229
gated_alive:a_5a:237632,a_5a,237632
gated_alive:a_5a:237846,a_5a,237846
gated_alive:a_5a:238703,a_5a,238703
gated_alive:a_5a:240251,a_5a,240251
gated_alive:a_5a:240501,a_5a,240501
gated_alive:a_5a:240675,a_5a,240675
gated_alive:a_5a:241711,a_5a,241711
gated_alive:a_5a:242262,a_5a,242262
gated_alive:a_5a:242446,a_5a,242446
gated_alive:a_5a:242873,a_5a,242873
gated_alive:a_5a:242896,a_5a,242896
gated_alive:a_5a:243155,a_5a,243155
gated_alive:a_5a:243319,a_5a,243319
gated_alive:a_5a:243499,a_5a,243499
gated_alive:a_5a:244081,a_5a,244081
gated_alive:a_5a:245921,a_5a,245921
gated_alive:a_5a:246364,a_5a,246364
gated_alive:a_5a:246407,a_5a,246407
gated_alive:a_5a:247483,a_5a,247483
gated_alive:a_5a:247655,a_5a,247655
gated_alive:a_5a:247687,a_5a,247687
gated_alive:a_5a:248733,a_5a,248733
gated_alive:a_5a:248928,a_5a,248928
gated_alive:a_5a:249079,a_5a,249079
gated_alive:a_5a:249245,a_5a,249245
gated_alive:a_5a:249597,a_5a,249597
gated_alive:a_5a:250009,a_5a,250009
gated_alive:a_5a:250279,a_5a,250279
gated_alive:a_5a:250559,a_5a,250559
gated_alive:a_5a:250638,a_5a,250638
gated_alive:a_5a:250890,a_5a,250890
gated_alive:a_5a:250894,a_5a,250894
gated_alive:a_5a:251287,a_5a,251287
gated_alive:a_5a:251318,a_5a,251318
gated_alive:a_5a:251908,a_5a,251908
gated_alive:a_5a:251981,a_5a,251981
gated_alive:a_5a:252079,a_5a,252079
gated_alive:a_5a:252352,a_5a,252352
gated_alive:a_5a:252398,a_5a,252398
gated_alive:a_5a:253180,a_5a,253180
gated_alive:a_5a:254275,a_5a,254275
gated_alive:a_5a:254315,a_5a,254315
gated_alive:a_5a:254338,a_5a,254338
gated_alive:a_5a:254351,a_5a,254351
gated_alive:a_5a:254570,a_5a,254570
gated_alive:a_5b:392,a_5b,392
gated_alive:a_5b:570,a_5b,570
gated_alive:a_5b:1225,a_5b,1225
gated_alive:a_5b:2183,a_5b,2183
gated_alive:a_5b:2724,a_5b,2724
gated_alive:a_5b:2801,a_5b,2801
gated_alive:a_5b:3229,a_5b,3229
gated_alive:a_5b:4057,a_5b,4057
gated_alive:a_5b:4128,a_5b,4128
gated_alive:a_5b:4400,a_5b,4400
gated_alive:a_5b:4662,a_5b,4662
gated_alive:a_5b:4781,a_5b,4781
gated_alive:a_5b:4838,a_5b,4838
gated_alive:a_5b:5504,a_5b,5504
gated_alive:a_5b:6479,a_5b,6479
gated_alive:a_5b:7607,a_5b,7607
gated_alive:a_5b:7825,a_5b,7825
gated_alive:a_5b:8481,a_5b,8481
gated_alive:a_5b:9124,a_5b,9124
gated_alive:a_5b:9274,a_5b,9274
gated_alive:a_5b:10320,a_5b,10320
gated_alive:a_5b:10329,a_5b,10329
gated_alive:a_5b:11978,a_5b,11978
gated_alive:a_5b:12048,a_5b,12048
gated_alive:a_5b:12317,a_5b,12317
gated_alive:a_5b:12655,a_5b,12655
gated_alive:a_5b:13165,a_5b,13165
gated_alive:a_5b:13457,a_5b,13457
gated_alive:a_5b:13798,a_5b,13798
gated_alive:a_5b:14444,a_5b,14444
gated_alive:a_5b:14875,a_5b,14875
gated_alive:a_5b:15014,a_5b,15014
gated_alive:a_5b:15208,a_5b,15208
gated_alive:a_5b:15438,a_5b,15438
gated_alive:a_5b:15512,a_5b,15512
gated_alive:a_5b:15869,a_5b,15869
gated_alive:a_5b:16015,a_5b,16015
gated_alive:a_5b:16175,a_5b,16175
gated_alive:a_5b:16191,a_5b,16191
gated_alive:a_5b:16765,a_5b,16765
gated_alive:a_5b:16840,a_5b,16840
gated_alive:a_5b:17408,a_5b,17408
gated_alive:a_5b:17467,a_5b,17467
gated_alive:a_5b:18214,a_5b,18214
gated_alive:a_5b:18591,a_5b,18591
gated_alive:a_5b:18634,a_5b,18634
gated_alive:a_5b:19014,a_5b,19014
gated_alive:a_5b:19456,a_5b,19456
gated_alive:a_5b:19554,a_5b,19554
gated_alive:a_5b:19675,a_5b,19675
gated_alive:a_5b:19991,a_5b,19991
gated_alive:a_5b:20297,a_5b,20297
gated_alive:a_5b:20352,a_5b,20352
gated_alive:a_5b:20738,a_5b,20738
gated_alive:a_5b:22291,a_5b,22291
gated_alive:a_5b:22332,a_5b,22332
gated_alive:a_5b:22596,a_5b,22596
gated_alive:a_5b:22749,a_5b,22749
gated_alive:a_5b:23209,a_5b,23209
gated_alive:a_5b:23579,a_5b,23579
gated_alive:a_5b:23924,a_5b,23924
gated_alive:a_5b:24121,a_5b,24121
gated_alive:a_5b:24458,a_5b,24458
gated_alive:a_5b:25399,a_5b,25399
gated_alive:a_5b:25687,a_5b,25687
gated_alive:a_5b:26277,a_5b,26277
gated_alive:a_5b:27016,a_5b,27016
gated_alive:a_5b:27643,a_5b,27643
gated_alive:a_5b:27806,a_5b,27806
gated_alive:a_5b:28368,a_5b,28368
gated_alive:a_5b:28493,a_5b,28493
gated_alive:a_5b:29754,a_5b,29754
gated_alive:a_5b:29840,a_5b,29840
gated_alive:a_5b:30170,a_5b,30170
gated_alive:a_5b:30343,a_5b,30343
gated_alive:a_5b:30609,a_5b,30609
gated_alive:a_5b:31162,a_5b,31162
gated_alive:a_5b:31611,a_5b,31611
gated_alive:a_5b:32115,a_5b,32115
gated_alive:a_5b:32259,a_5b,32259
gated_alive:a_5b:32755,a_5b,32755
gated_alive:a_5b:32975,a_5b,32975
gated_alive:a_5b:33111,a_5b,33111
gated_alive:a_5b:33139,a_5b,33139
gated_alive:a_5b:34280,a_5b,34280
gated_alive:a_5b:34892,a_5b,34892
gated_alive:a_5b:34944,a_5b,34944
gated_alive:a_5b:35190,a_5b,35190
gated_alive:a_5b:35375,a_5b,35375
gated_alive:a_5b:35472,a_5b,35472
gated_alive:a_5b:36065,a_5b,36065
gated_alive:a_5b:36082,a_5b,36082
gated_alive:a_5b:36523,a_5b,36523
gated_alive:a_5b:36547,a_5b,36547
gated_alive:a_5b:36559,a_5b,36559
gated_alive:a_5b:36635,a_5b,36635
gated_alive:a_5b:36882,a_5b,36882
gated_alive:a_5b:36979,a_5b,36979
gated_alive:a_5b:37143,a_5b,37143
gated_alive:a_5b:37183,a_5b,37183
gated_alive:a_5b:38126,a_5b,38126
gated_alive:a_5b:38185,a_5b,38185
gated_alive:a_5b:38649,a_5b,38649
gated_alive:a_5b:39095,a_5b,39095
gated_alive:a_5b:40015,a_5b,40015
gated_alive:a_5b:40216,a_5b,40216
gated_alive:a_5b:41343,a_5b,41343
gated_alive:a_5b:41782,a_5b,41782
gated_alive:a_5b:41931,a_5b,41931
gated_alive:a_5b:42462,a_5b,42462
gated_alive:a_5b:43128,a_5b,43128
gated_alive:a_5b:43161,a_5b,43161
gated_alive:a_5b:43275,a_5b,43275
gated_alive:a_5b:43596,a_5b,43596
gated_alive:a_5b:44073,a_5b,44073
gated_alive:a_5b:46525,a_5b,46525
gated_alive:a_5b:47715,a_5b,47715
gated_alive:a_5b:48359,a_5b,48359
gated_alive:a_5b:48678,a_5b,48678
gated_alive:a_5b:49716,a_5b,49716
gated_alive:a_5b:49747,a_5b,49747
gated_alive:a_5b:50125,a_5b,50125
gated_alive:a_5b:50363,a_5b,50363
gated_alive:a_5b:50570,a_5b,50570
gated_alive:a_5b:50768,a_5b,50768
gated_alive:a_5b:51131,a_5b,51131
gated_alive:a_5b:51708,a_5b,51708
gated_alive:a_5b:51787,a_5b,51787
gated_alive:a_5b:51821,a_5b,51821
gated_alive:a_5b:51878,a_5b,51878
gated_alive:a_5b:52070,a_5b,52070
gated_alive:a_5b:52400,a_5b,52400
gated_alive:a_5b:52725,a_5b,52725
gated_alive:a_5b:53452,a_5b,53452
gated_alive:a_5b:53977,a_5b,53977
gated_alive:a_5b:54835,a_5b,54835
gated_alive:a_5b:56033,a_5b,56033
gated_alive:a_5b:56698,a_5b,56698
gated_alive:a_5b:56864,a_5b,56864
gated_alive:a_5b:57141,a_5b,57141
gated_alive:a_5b:57439,a_5b,57439
gated_alive:a_5b:57553,a_5b,57553
gated_alive:a_5b:57918,a_5b,57918
gated_alive:a_5b:58429,a_5b,58429
gated_alive:a_5b:58670,a_5b,58670
gated_alive:a_5b:59043,a_5b,59043
gated_alive:a_5b:59663,a_5b,59663
gated_alive:a_5b:60072,a_5b,60072
gated_alive:a_5b:60176,a_5b,60176
gated_alive:a_5b:60450,a_5b,60450
gated_alive:a_5b:60701,a_5b,60701
gated_alive:a_5b:60923,a_5b,60923
gated_alive:a_5b:61310,a_5b,61310
gated_alive:a_5b:61328,a_5b,61328
gated_alive:a_5b:61507,a_5b,61507
gated_alive:a_5b:61690,a_5b,61690
gated_alive:a_5b:62085,a_5b,62085
gated_alive:a_5b:62790,a_5b,62790
gated_alive:a_5b:63050,a_5b,63050
gated_alive:a_5b:63480,a_5b,63480
gated_alive:a_5b:63688,a_5b,63688
gated_alive:a_5b:63842,a_5b,63842
gated_alive:a_5b:63990,a_5b,63990
gated_alive:a_5b:65252,a_5b,65252
gated_alive:a_5b:65284,a_5b,65284
gated_alive:a_5b:66407,a_5b,66407
gated_alive:a_5b:67024,a_5b,67024
gated_alive:a_5b:67280,a_5b,67280
gated_alive:a_5b:67342,a_5b,67342
gated_alive:a_5b:67491,a_5b,67491
gated_alive:a_5b:67520,a_5b,67520
gated_alive:a_5b:69248,a_5b,69248
gated_alive:a_5b:69273,a_5b,69273
gated_alive:a_5b:69515,a_5b,69515
gated_alive:a_5b:69676,a_5b,69676
gated_alive:a_5b:69762,a_5b,69762
gated_alive:a_5b:70826,a_5b,70826
gated_alive:a_5b:71181,a_5b,71181
gated_alive:a_5b:71293,a_5b,71293
gated_alive:a_5b:71438,a_5b,71438
gated_alive:a_5b:71739,a_5b,71739
gated_alive:a_5b:71907,a_5b,71907
gated_alive:a_5b:72273,a_5b,72273
gated_alive:a_5b:72642,a_5b,72642
gated_alive:a_5b:73104,a_5b,73104
gated_alive:a_5b:75081,a_5b,75081
gated_alive:a_5b:75895,a_5b,75895
gated_alive:a_5b:76084,a_5b,76084
gated_alive:a_5b:76095,a_5b,76095
gated_alive:a_5b:76274,a_5b,76274
gated_alive:a_5b:76317,a_5b,76317
gated_alive:a_5b:76903,a_5b,76903
gated_alive:a_5b:77216,a_5b,77216
gated_alive:a_5b:77360,a_5b,77360
gated_alive:a_5b:77850,a_5b,77850
gated_alive:a_5b:77897,a_5b,77897
gated_alive:a_5b:78174,a_5b,78174
gated_alive:a_5b:78342,a_5b,78342
gated_alive:a_5b:79188,a_5b,79188
gated_alive:a_5b:79443,a_5b,79443
gated_alive:a_5b:80005,a_5b,80005
gated_alive:a_5b:80433,a_5b,80433
gated_alive:a_5b:81879,a_5b,81879
gated_alive:a_5b:82432,a_5b,82432
gated_alive:a_5b:84284,a_5b,84284
gated_alive:a_5b:84553,a_5b,84553
gated_alive:a_5b:84664,a_5b,84664
gated_alive:a_5b:84874,a_5b,84874
gated_alive:a_5b:84992,a_5b,84992
gated_alive:a_5b:85299,a_5b,85299
gated_alive:a_5b:85399,a_5b,85399
gated_alive:a_5b:86674,a_5b,86674
gated_alive:a_5b:86692,a_5b,86692
gated_alive:a_5b:86938,a_5b,86938
gated_alive:a_5b:87013,a_5b,87013
gated_alive:a_5b:87998,a_5b,87998
gated_alive:a_5b:88415,a_5b,88415
gated_alive:a_5b:89398,a_5b,89398
gated_alive:a_5b:90256,a_5b,90256
gated_alive:a_5b:92408,a_5b,92408
gated_alive:a_5b:92563,a_5b,92563
gated_alive:a_5b:92669,a_5b,92669
gated_alive:a_5b:94097,a_5b,94097
gated_alive:a_5b:94193,a_5b,94193
gated_alive:a_5b:94572,a_5b,94572
gated_alive:a_5b:94882,a_5b,94882
gated_alive:a_5b:96007,a_5b,96007
gated_alive:a_5b:96192,a_5b,96192
gated_alive:a_5b:96756,a_5b,96756
gated_alive:a_5b:96772,a_5b,96772
gated_alive:a_5b:97977,a_5b,97977
gated_alive:a_5b:98044,a_5b,98044
gated_alive:a_5b:98682,a_5b,98682
gated_alive:a_5b:99190,a_5b,99190
gated_alive:a_5b:99573,a_5b,99573
gated_alive:a_5b:99692,a_5b,99692
gated_alive:a_5b:99868,a_5b,99868
gated_alive:a_5b:100226,a_5b,100226
gated_alive:a_5b:100881,a_5b,100881
gated_alive:a_5b:101279,a_5b,101279
gated_alive:a_5b:101474,a_5b,101474
gated_alive:a_5b:102625,a_5b,102625
gated_alive:a_5b:103407,a_5b,103407
gated_alive:a_5b:103889,a_5b,103889
gated_alive:a_5b:105067,a_5b,105067
gated_alive:a_5b:105210,a_5b,105210
gated_alive:a_5b:105642,a_5b,105642
gated_alive:a_5b:105675,a_5b,105675
gated_alive:a_5b:106246,a_5b,106246
gated_alive:a_5b:106251,a_5b,106251
gated_alive:a_5b:107371,a_5b,107371
gated_alive:a_5b:107649,a_5b,107649
gated_alive:a_5b:108377,a_5b,108377
gated_alive:a_5b:109121,a_5b,109121
gated_alive:a_5b:109488,a_5b,109488
gated_alive:a_5b:109769,a_5b,109769
gated_alive:a_5b:109979,a_5b,109979
gated_alive:a_5b:110060,a_5b,110060
gated_alive:a_5b:110260,a_5b,110260
gated_alive:a_5b:110803,a_5b,110803
gated_alive:a_5b:111434,a_5b,111434
gated_alive:a_5b:111903,a_5b,111903
gated_alive:a_5b:112232,a_5b,112232
gated_alive:a_5b:113296,a_5b,113296
gated_alive:a_5b:113975,a_5b,113975
gated_alive:a_5b:114176,a_5b,114176
gated_alive:a_5b:114532,a_5b,114532
gated_alive:a_5b:115545,a_5b,115545
gated_alive:a_5b:115737,a_5b,115737
gated_alive:a_5b:117579,a_5b,117579
gated_alive:a_5b:117580,a_5b,117580
gated_alive:a_5b:118150,a_5b,118150
gated_alive:a_5b:118235,a_5b,118235
gated_alive:a_5b:118411,a_5b,118411
gated_alive:a_5b:119266,a_5b,119266
gated_alive:a_5b:119744,a_5b,119744
gated_alive:a_5b:119953,a_5b,119953
gated_alive:a_5b:120254,a_5b,120254
gated_alive:a_5b:120350,a_5b,120350
gated_alive:a_5b:120467,a_5b,120467
gated_alive:a_5b:121619,a_5b,121619
gated_alive:a_5b:121925,a_5b,121925
gated_alive:a_5b:122606,a_5b,122606
gated_alive:a_5b:123212,a_5b,123212
gated_alive:a_5b:124102,a_5b,124102
gated_alive:a_5b:125082,a_5b,125082
gated_alive:a_5b:125825,a_5b,125825
gated_alive:a_5b:126295,a_5b,126295
gated_alive:a_5b:126392,a_5b,126392
gated_alive:a_5b:126403,a_5b,126403
gated_alive:a_5b:126427,a_5b,126427
gated_alive:a_5b:126699,a_5b,126699
gated_alive:a_5b:126992,a_5b,126992
gated_alive:a_5b:127085,a_5b,127085
gated_alive:a_5b:128235,a_5b,128235
gated_alive:a_5b:128871,a_5b,128871
gated_alive:a_5b:130361,a_5b,130361
gated_alive:a_5b:130364,a_5b,130364
gated_alive:a_5b:131421,a_5b,131421
gated_alive:a_5b:131503,a_5b,131503
gated_alive:a_5b:131616,a_5b,131616
gated_alive:a_5b:131646,a_5b,131646
gated_alive:a_5b:132366,a_5b,132366
gated_alive:a_5b:132786,a_5b,132786
gated_alive:a_5b:133546,a_5b,133546
gated_alive:a_5b:134619,a_5b,134619
gated_alive:a_5b:134733,a_5b,134733
gated_alive:a_5b:134982,a_5b,134982
gated_alive:a_5b:136437,a_5b,136437
gated_alive:a_5b:136880,a_5b,136880
gated_alive:a_5b:137211,a_5b,137211
gated_alive:a_5b:137238,a_5b,137238
gated_alive:a_5b:137501,a_5b,137501
gated_alive:a_5b:137927,a_5b,137927
gated_alive:a_5b:137980,a_5b,137980
gated_alive:a_5b:138022,a_5b,138022
gated_alive:a_5b:138191,a_5b,138191
gated_alive:a_5b:138450,a_5b,138450
gated_alive:a_5b:138712,a_5b,138712
gated_alive:a_5b:139032,a_5b,139032
gated_alive:a_5b:139650,a_5b,139650
gated_alive:a_5b:139927,a_5b,139927
gated_alive:a_5b:140000,a_5b,140000
gated_alive:a_5b:140290,a_5b,140290
gated_alive:a_5b:140473,a_5b,140473
gated_alive:a_5b:140832,a_5b,140832
gated_alive:a_5b:141431,a_5b,141431
gated_alive:a_5b:141797,a_5b,141797
gated_alive:a_5b:142073,a_5b,142073
gated_alive:a_5b:142229,a_5b,142229
gated_alive:a_5b:142507,a_5b,142507
gated_alive:a_5b:142637,a_5b,142637
gated_alive:a_5b:142696,a_5b,142696
gated_alive:a_5b:142998,a_5b,142998
gated_alive:a_5b:143688,a_5b,143688
gated_alive:a_5b:144218,a_5b,144218
gated_alive:a_5b:144582,a_5b,144582
gated_alive:a_5b:144656,a_5b,144656
gated_alive:a_5b:145555,a_5b,145555
gated_alive:a_5b:145762,a_5b,145762
gated_alive:a_5b:145919,a_5b,145919
gated_alive:a_5b:145935,a_5b,145935
gated_alive:a_5b:145965,a_5b,145965
gated_alive:a_5b:146270,a_5b,146270
gated_alive:a_5b:146362,a_5b,146362
gated_alive:a_5b:146379,a_5b,146379
gated_alive:a_5b:146457,a_5b,146457
gated_alive:a_5b:146607,a_5b,146607
gated_alive:a_5b:147077,a_5b,147077
gated_alive:a_5b:147560,a_5b,147560
gated_alive:a_5b:148201,a_5b,148201
gated_alive:a_5b:148349,a_5b,148349
gated_alive:a_5b:148908,a_5b,148908
gated_alive:a_5b:149040,a_5b,149040
gated_alive:a_5b:149677,a_5b,149677
gated_alive:a_5b:149703,a_5b,149703
gated_alive:a_5b:149865,a_5b,149865
gated_alive:a_5b:150262,a_5b,150262
gated_alive:a_5b:151655,a_5b,151655
gated_alive:a_5b:151670,a_5b,151670
gated_alive:a_5b:153213,a_5b,153213
gated_alive:a_5b:153305,a_5b,153305
gated_alive:a_5b:153977,a_5b,153977
gated_alive:a_5b:154467,a_5b,154467
gated_alive:a_5b:154482,a_5b,154482
gated_alive:a_5b:154583,a_5b,154583
gated_alive:a_5b:154835,a_5b,154835
gated_alive:a_5b:154976,a_5b,154976
gated_alive:a_5b:155832,a_5b,155832
gated_alive:a_5b:155861,a_5b,155861
gated_alive:a_5b:156507,a_5b,156507
gated_alive:a_5b:156571,a_5b,156571
gated_alive:a_5b:156748,a_5b,156748
gated_alive:a_5b:157243,a_5b,157243
gated_alive:a_5b:157557,a_5b,157557
gated_alive:a_5b:158719,a_5b,158719
gated_alive:a_5b:158745,a_5b,158745
gated_alive:a_5b:159168,a_5b,159168
gated_alive:a_5b:159523,a_5b,159523
gated_alive:a_5b:159977,a_5b,159977
gated_alive:a_5b:159980,a_5b,159980
gated_alive:a_5b:160488,a_5b,160488
gated_alive:a_5b:160621,a_5b,160621
gated_alive:a_5b:160826,a_5b,160826
gated_alive:a_5b:160837,a_5b,160837
gated_alive:a_5b:161123,a_5b,161123
gated_alive:a_5b:161184,a_5b,161184
gated_alive:a_5b:161263,a_5b,161263
gated_alive:a_5b:161582,a_5b,161582
gated_alive:a_5b:162829,a_5b,162829
gated_alive:a_5b:163235,a_5b,163235
gated_alive:a_5b:163295,a_5b,163295
gated_alive:a_5b:163880,a_5b,163880
gated_alive:a_5b:164827,a_5b,164827
gated_alive:a_5b:165157,a_5b,165157
gated_alive:a_5b:165911,a_5b,165911
gated_alive:a_5b:166243,a_5b,166243
gated_alive:a_5b:166894,a_5b,166894
gated_alive:a_5b:167158,a_5b,167158
gated_alive:a_5b:167203,a_5b,167203
gated_alive:a_5b:167251,a_5b,167251
gated_alive:a_5b:168899,a_5b,168899
gated_alive:a_5b:169150,a_5b,169150
gated_alive:a_5b:169373,a_5b,169373
gated_alive:a_5b:169674,a_5b,169674
gated_alive:a_5b:169967,a_5b,169967
gated_alive:a_5b:169976,a_5b,169976
gated_alive:a_5b:170013,a_5b,170013
gated_alive:a_5b:170127,a_5b,170127
gated_alive:a_5b:170631,a_5b,170631
gated_alive:a_5b:171183,a_5b,171183
gated_alive:a_5b:171563,a_5b,171563
gated_alive:a_5b:171674,a_5b,171674
gated_alive:a_5b:172254,a_5b,172254
gated_alive:a_5b:172495,a_5b,172495
gated_alive:a_5b:174528,a_5b,174528
gated_alive:a_5b:174621,a_5b,174621
gated_alive:a_5b:175286,a_5b,175286
gated_alive:a_5b:175379,a_5b,175379
gated_alive:a_5b:176330,a_5b,176330
gated_alive:a_5b:176790,a_5b,176790
gated_alive:a_5b:177061,a_5b,177061
gated_alive:a_5b:177266,a_5b,177266
gated_alive:a_5b:177345,a_5b,177345
gated_alive:a_5b:178467,a_5b,178467
gated_alive:a_5b:178709,a_5b,178709
gated_alive:a_5b:178953,a_5b,178953
gated_alive:a_5b:179393,a_5b,179393
gated_alive:a_5b:179770,a_5b,179770
gated_alive:a_5b:180063,a_5b,180063
gated_alive:a_5b:181361,a_5b,181361
gated_alive:a_5b:181366,a_5b,181366
gated_alive:a_5b:181518,a_5b,181518
gated_alive:a_5b:181575,a_5b,181575
gated_alive:a_5b:181946,a_5b,181946
gated_alive:a_5b:182369,a_5b,182369
gated_alive:a_5b:182499,a_5b,182499
gated_alive:a_5b:182611,a_5b,182611
gated_alive:a_5b:182703,a_5b,182703
gated_alive:a_5b:183306,a_5b,183306
gated_alive:a_5b:184378,a_5b,184378
gated_alive:a_5b:185465,a_5b,185465
gated_alive:a_5b:185479,a_5b,185479
gated_alive:a_5b:185921,a_5b,185921
gated_alive:a_5b:186098,a_5b,186098
gated_alive:a_5b:186444,a_5b,186444
gated_alive:a_5b:186729,a_5b,186729
gated_alive:a_5b:186948,a_5b,186948
gated_alive:a_5b:186985,a_5b,186985
gated_alive:a_5b:187086,a_5b,187086
gated_alive:a_5b:188157,a_5b,188157
gated_alive:a_5b:188316,a_5b,188316
gated_alive:a_5b:188879,a_5b,188879
gated_alive:a_5b:190620,a_5b,190620
gated_alive:a_5b:191691,a_5b,191691
gated_alive:a_5b:191993,a_5b,191993
gated_alive:a_5b:192257,a_5b,192257
gated_alive:a_5b:193079,a_5b,193079
gated_alive:a_5b:194004,a_5b,194004
gated_alive:a_5b:194382,a_5b,194382
gated_alive:a_5b:194870,a_5b,194870
gated_alive:a_5b:194895,a_5b,194895
gated_alive:a_5b:194897,a_5b,194897
gated_alive:a_5b:195244,a_5b,195244
gated_alive:a_5b:196408,a_5b,196408
gated_alive:a_5b:196445,a_5b,196445
gated_alive:a_5b:196987,a_5b,196987
gated_alive:a_5b:197211,a_5b,197211
gated_alive:a_5b:197476,a_5b,197476
gated_alive:a_5b:197555,a_5b,197555
gated_alive:a_5b:198253,a_5b,198253
gated_alive:a_5b:198337,a_5b,198337
gated_alive:a_5b:198371,a_5b,198371
gated_alive:a_5b:198463,a_5b,198463
gated_alive:a_5b:199110,a_5b,199110
gated_alive:a_5b:199175,a_5b,199175
gated_alive:a_5b:199371,a_5b,199371
gated_alive:a_5b:201016,a_5b,201016
gated_alive:a_5b:201379,a_5b,201379
gated_alive:a_5b:201908,a_5b,201908
gated_alive:a_5b:203101,a_5b,203101
gated_alive:a_5b:203148,a_5b,203148
gated_alive:a_5b:203262,a_5b,203262
gated_alive:a_5b:204022,a_5b,204022
gated_alive:a_5b:205650,a_5b,205650
gated_alive:a_5b:205766,a_5b,205766
gated_alive:a_5b:205805,a_5b,205805
gated_alive:a_5b:206090,a_5b,206090
gated_alive:a_5b:206517,a_5b,206517
gated_alive:a_5b:206787,a_5b,206787
gated_alive:a_5b:207103,a_5b,207103
gated_alive:a_5b:207134,a_5b,207134
gated_alive:a_5b:207515,a_5b,207515
gated_alive:a_5b:207689,a_5b,207689
gated_alive:a_5b:207802,a_5b,207802
gated_alive:a_5b:207864,a_5b,207864
gated_alive:a_5b:207893,a_5b,207893
gated_alive:a_5b:207918,a_5b,207918
gated_alive:a_5b:207940,a_5b,207940
gated_alive:a_5b:208141,a_5b,208141
