method,gate,run_mode,device,implementation_version,split_id,split_seed,donor_id,y_true,score,decision_threshold,y_pred,filter_count,selected_inner_fold,training_cells_per_input,training_inputs_per_donor,prediction_cells_per_input,prediction_inputs_per_donor,pooling
cellcnn_prototype,gated_alive,full,cuda,diagonal_prototype_relu_mean_v1,0,3003105692,a_002,1,0.4537939429283142,0.5,0,4,1,3000,200,20000,5,mean_all_thresholded_responses
cellcnn_prototype,gated_alive,full,cuda,diagonal_prototype_relu_mean_v1,0,3003105692,a_004,0,0.4551344871520996,0.5,0,4,1,3000,200,20000,5,mean_all_thresholded_responses
cellcnn_prototype,gated_alive,full,cuda,diagonal_prototype_relu_mean_v1,0,3003105692,a_006,0,0.45444105863571166,0.5,0,4,1,3000,200,20000,5,mean_all_thresholded_responses
cellcnn_prototype,gated_alive,full,cuda,diagonal_prototype_relu_mean_v1,0,3003105692,a_1a,0,0.45318861603736876,0.5,0,4,1,3000,200,20000,5,mean_all_thresholded_responses
cellcnn_prototype,gated_alive,full,cuda,diagonal_prototype_relu_mean_v1,0,3003105692,a_2a,0,0.4547128021717072,0.5,0,4,1,3000,200,20000,5,mean_all_thresholded_responses
cellcnn_prototype,gated_alive,full,cuda,diagonal_prototype_relu_mean_v1,0,3003105692,a_4a,1,0.4545641839504242,0.5,0,4,1,3000,200,20000,5,mean_all_thresholded_responses
cellcnn_prototype,gated_alive,full,cuda,diagonal_prototype_relu_mean_v1,1,976400780,a_002,1,0.5580228447914124,0.5,1,4,2,3000,200,20000,5,mean_all_thresholded_responses
cellcnn_prototype,gated_alive,full,cuda,diagonal_prototype_relu_mean_v1,1,976400780,a_003,0,0.4527078866958618,0.5,0,4,2,3000,200,20000,5,mean_all_thresholded_responses
cellcnn_prototype,gated_alive,full,cuda,diagonal_prototype_relu_mean_v1,1,976400780,a_004,0,0.1921947717666626,0.5,0,4,2,3000,200,20000,5,mean_all_thresholded_responses
cellcnn_prototype,gated_alive,full,cuda,diagonal_prototype_relu_mean_v1,1,976400780,a_006,0,0.2458491951227188,0.5,0,4,2,3000,200,20000,5,mean_all_thresholded_responses
cellcnn_prototype,gated_alive,full,cuda,diagonal_prototype_relu_mean_v1,1,976400780,a_3b,0,0.47414727210998536,0.5,0,4,2,3000,200,20000,5,mean_all_thresholded_responses
cellcnn_prototype,gated_alive,full,cuda,diagonal_prototype_relu_mean_v1,1,976400780,a_5a,1,0.5817116975784302,0.5,1,4,2,3000,200,20000,5,mean_all_thresholded_responses
cellcnn_prototype,gated_alive,full,cuda,diagonal_prototype_relu_mean_v1,2,3387213021,a_002,1,0.44570593237876893,0.5,0,5,1,3000,200,20000,5,mean_all_thresholded_responses
cellcnn_prototype,gated_alive,full,cuda,diagonal_prototype_relu_mean_v1,2,3387213021,a_004,0,0.4508859157562256,0.5,0,5,1,3000,200,20000,5,mean_all_thresholded_responses
cellcnn_prototype,gated_alive,full,cuda,diagonal_prototype_relu_mean_v1,2,3387213021,a_007,1,0.44506500363349916,0.5,0,5,1,3000,200,20000,5,mean_all_thresholded_responses
cellcnn_prototype,gated_alive,full,cuda,diagonal_prototype_relu_mean_v1,2,3387213021,a_010,0,0.4459630370140076,0.5,0,5,1,3000,200,20000,5,mean_all_thresholded_responses
cellcnn_prototype,gated_alive,full,cuda,diagonal_prototype_relu_mean_v1,2,3387213021,a_1a,0,0.44440808296203616,0.5,0,5,1,3000,200,20000,5,mean_all_thresholded_responses
cellcnn_prototype,gated_alive,full,cuda,diagonal_prototype_relu_mean_v1,2,3387213021,a_3b,0,0.4468454897403717,0.5,0,5,1,3000,200,20000,5,mean_all_thresholded_responses
cellcnn_prototype,gated_alive,full,cuda,diagonal_prototype_relu_mean_v1,3,1360466708,a_006,0,0.5127264082431793,0.5,1,5,0,3000,200,20000,5,mean_all_thresholded_responses
cellcnn_prototype,gated_alive,full,cuda,diagonal_prototype_relu_mean_v1,3,1360466708,a_009,0,0.9463972926139832,0.5,1,5,0,3000,200,20000,5,mean_all_thresholded_responses
cellcnn_prototype,gated_alive,full,cuda,diagonal_prototype_relu_mean_v1,3,1360466708,a_011,0,0.7671813249588013,0.5,1,5,0,3000,200,20000,5,mean_all_thresholded_responses
cellcnn_prototype,gated_alive,full,cuda,diagonal_prototype_relu_mean_v1,3,1360466708,a_2a,0,0.05472680628299713,0.5,0,5,0,3000,200,20000,5,mean_all_thresholded_responses
cellcnn_prototype,gated_alive,full,cuda,diagonal_prototype_relu_mean_v1,3,1360466708,a_5a,1,0.7188077211380005,0.5,1,5,0,3000,200,20000,5,mean_all_thresholded_responses
cellcnn_prototype,gated_alive,full,cuda,diagonal_prototype_relu_mean_v1,3,1360466708,a_5b,1,0.7919352293014527,0.5,1,5,0,3000,200,20000,5,mean_all_thresholded_responses
cellcnn_prototype,gated_alive,full,cuda,diagonal_prototype_relu_mean_v1,4,876933080,a_001,1,0.4088771462440491,0.5,0,3,0,3000,200,20000,5,mean_all_thresholded_responses
cellcnn_prototype,gated_alive,full,cuda,diagonal_prototype_relu_mean_v1,4,876933080,a_003,0,0.7963535785675049,0.5,1,3,0,3000,200,20000,5,mean_all_thresholded_responses
cellcnn_prototype,gated_alive,full,cuda,diagonal_prototype_relu_mean_v1,4,876933080,a_010,0,0.3487031519412994,0.5,0,3,0,3000,200,20000,5,mean_all_thresholded_responses
cellcnn_prototype,gated_alive,full,cuda,diagonal_prototype_relu_mean_v1,4,876933080,a_011,0,0.9913341045379639,0.5,1,3,0,3000,200,20000,5,mean_all_thresholded_responses
cellcnn_prototype,gated_alive,full,cuda,diagonal_prototype_relu_mean_v1,4,876933080,a_2a,0,0.1693655550479889,0.5,0,3,0,3000,200,20000,5,mean_all_thresholded_responses
cellcnn_prototype,gated_alive,full,cuda,diagonal_prototype_relu_mean_v1,4,876933080,a_4b,1,0.5948418855667115,0.5,1,3,0,3000,200,20000,5,mean_all_thresholded_responses
cellcnn_prototype,gated_alive,full,cuda,diagonal_prototype_relu_mean_v1,5,3424658561,a_003,0,0.5388799905776978,0.5,1,4,1,3000,200,20000,5,mean_all_thresholded_responses
cellcnn_prototype,gated_alive,full,cuda,diagonal_prototype_relu_mean_v1,5,3424658561,a_011,0,0.9253802418708801,0.5,1,4,1,3000,200,20000,5,mean_all_thresholded_responses
cellcnn_prototype,gated_alive,full,cuda,diagonal_prototype_relu_mean_v1,5,3424658561,a_2b,0,0.09802981615066528,0.5,0,4,1,3000,200,20000,5,mean_all_thresholded_responses
cellcnn_prototype,gated_alive,full,cuda,diagonal_prototype_relu_mean_v1,5,3424658561,a_3b,0,0.15878933072090148,0.5,0,4,1,3000,200,20000,5,mean_all_thresholded_responses
cellcnn_prototype,gated_alive,full,cuda,diagonal_prototype_relu_mean_v1,5,3424658561,a_5a,1,0.2823009967803955,0.5,0,4,1,3000,200,20000,5,mean_all_thresholded_responses
cellcnn_prototype,gated_alive,full,cuda,diagonal_prototype_relu_mean_v1,5,3424658561,a_5b,1,0.3323962569236755,0.5,0,4,1,3000,200,20000,5,mean_all_thresholded_responses
cellcnn_prototype,gated_alive,full,cuda,diagonal_prototype_relu_mean_v1,6,2760304911,a_001,1,0.30029157400131223,0.5,0,5,2,3000,200,20000,5,mean_all_thresholded_responses
cellcnn_prototype,gated_alive,full,cuda,diagonal_prototype_relu_mean_v1,6,2760304911,a_003,0,0.37195536494255066,0.5,0,5,2,3000,200,20000,5,mean_all_thresholded_responses
cellcnn_prototype,gated_alive,full,cuda,diagonal_prototype_relu_mean_v1,6,2760304911,a_1a,0,0.0648796208202839,0.5,0,5,2,3000,200,20000,5,mean_all_thresholded_responses
cellcnn_prototype,gated_alive,full,cuda,diagonal_prototype_relu_mean_v1,6,2760304911,a_2a,0,0.26143360435962676,0.5,0,5,2,3000,200,20000,5,mean_all_thresholded_responses
cellcnn_prototype,gated_alive,full,cuda,diagonal_prototype_relu_mean_v1,6,2760304911,a_2b,0,0.2096040964126587,0.5,0,5,2,3000,200,20000,5,mean_all_thresholded_responses
cellcnn_prototype,gated_alive,full,cuda,diagonal_prototype_relu_mean_v1,6,2760304911,a_5a,1,0.6756432771682739,0.5,1,5,2,3000,200,20000,5,mean_all_thresholded_responses
cellcnn_prototype,gated_alive,full,cuda,diagonal_prototype_relu_mean_v1,7,2904491693,a_002,1,0.5497468829154968,0.5,1,3,0,3000,200,20000,5,mean_all_thresholded_responses
cellcnn_prototype,gated_alive,full,cuda,diagonal_prototype_relu_mean_v1,7,2904491693,a_004,0,0.5497910499572753,0.5,1,3,0,3000,200,20000,5,mean_all_thresholded_responses
cellcnn_prototype,gated_alive,full,cuda,diagonal_prototype_relu_mean_v1,7,2904491693,a_010,0,0.5493200063705445,0.5,1,3,0,3000,200,20000,5,mean_all_thresholded_responses
cellcnn_prototype,gated_alive,full,cuda,diagonal_prototype_relu_mean_v1,7,2904491693,a_012,1,0.5497361660003662,0.5,1,3,0,3000,200,20000,5,mean_all_thresholded_responses
cellcnn_prototype,gated_alive,full,cuda,diagonal_prototype_relu_mean_v1,7,2904491693,a_1a,0,0.5509503841400146,0.5,1,3,0,3000,200,20000,5,mean_all_thresholded_responses
cellcnn_prototype,gated_alive,full,cuda,diagonal_prototype_relu_mean_v1,7,2904491693,a_2a,0,0.5507725715637207,0.5,1,3,0,3000,200,20000,5,mean_all_thresholded_responses
cellcnn_prototype,gated_alive,full,cuda,diagonal_prototype_relu_mean_v1,8,4245388044,a_001,1,0.5327069878578186,0.5,1,3,0,3000,200,20000,5,mean_all_thresholded_responses
cellcnn_prototype,gated_alive,full,cuda,diagonal_prototype_relu_mean_v1,8,4245388044,a_006,0,0.5348480939865112,0.5,1,3,0,3000,200,20000,5,mean_all_thresholded_responses
cellcnn_prototype,gated_alive,full,cuda,diagonal_prototype_relu_mean_v1,8,4245388044,a_010,0,0.5342746257781983,0.5,1,3,0,3000,200,20000,5,mean_all_thresholded_responses
cellcnn_prototype,gated_alive,full,cuda,diagonal_prototype_relu_mean_v1,8,4245388044,a_2a,0,0.5343016505241394,0.5,1,3,0,3000,200,20000,5,mean_all_thresholded_responses
cellcnn_prototype,gated_alive,full,cuda,diagonal_prototype_relu_mean_v1,8,4245388044,a_2b,0,0.5343465328216552,0.5,1,3,0,3000,200,20000,5,mean_all_thresholded_responses
cellcnn_prototype,gated_alive,full,cuda,diagonal_prototype_relu_mean_v1,8,4245388044,a_5a,1,0.5347919821739197,0.5,1,3,0,3000,200,20000,5,mean_all_thresholded_responses
cellcnn_prototype,gated_alive,full,cuda,diagonal_prototype_relu_mean_v1,9,1679802727,a_003,0,0.5327336430549622,0.5,1,5,2,3000,200,20000,5,mean_all_thresholded_responses
cellcnn_prototype,gated_alive,full,cuda,diagonal_prototype_relu_mean_v1,9,1679802727,a_007,1,0.26409168541431427,0.5,0,5,2,3000,200,20000,5,mean_all_thresholded_responses
cellcnn_prototype,gated_alive,full,cuda,diagonal_prototype_relu_mean_v1,9,1679802727,a_011,0,0.9871400713920593,0.5,1,5,2,3000,200,20000,5,mean_all_thresholded_responses
cellcnn_prototype,gated_alive,full,cuda,diagonal_prototype_relu_mean_v1,9,1679802727,a_2b,0,0.022513705492019653,0.5,0,5,2,3000,200,20000,5,mean_all_thresholded_responses
cellcnn_prototype,gated_alive,full,cuda,diagonal_prototype_relu_mean_v1,9,1679802727,a_3a,0,0.1101720541715622,0.5,0,5,2,3000,200,20000,5,mean_all_thresholded_responses
cellcnn_prototype,gated_alive,full,cuda,diagonal_prototype_relu_mean_v1,9,1679802727,a_4b,1,0.6452651739120483,0.5,1,5,2,3000,200,20000,5,mean_all_thresholded_responses
cellcnn_prototype,gated_alive,full,cuda,diagonal_prototype_relu_mean_v1,10,3605303106,a_002,1,0.9652881860733032,0.5,1,3,2,3000,200,20000,5,mean_all_thresholded_responses
cellcnn_prototype,gated_alive,full,cuda,diagonal_prototype_relu_mean_v1,10,3605303106,a_003,0,0.668760621547699,0.5,1,3,2,3000,200,20000,5,mean_all_thresholded_responses
cellcnn_prototype,gated_alive,full,cuda,diagonal_prototype_relu_mean_v1,10,3605303106,a_007,1,0.5620979189872741,0.5,1,3,2,3000,200,20000,5,mean_all_thresholded_responses
cellcnn_prototype,gated_alive,full,cuda,diagonal_prototype_relu_mean_v1,10,3605303106,a_009,0,0.9919503211975098,0.5,1,3,2,3000,200,20000,5,mean_all_thresholded_responses
cellcnn_prototype,gated_alive,full,cuda,diagonal_prototype_relu_mean_v1,10,3605303106,a_010,0,0.3333289802074432,0.5,0,3,2,3000,200,20000,5,mean_all_thresholded_responses
cellcnn_prototype,gated_alive,full,cuda,diagonal_prototype_relu_mean_v1,10,3605303106,a_2a,0,0.1967672199010849,0.5,0,3,2,3000,200,20000,5,mean_all_thresholded_responses
cellcnn_prototype,gated_alive,full,cuda,diagonal_prototype_relu_mean_v1,11,1429424934,a_002,1,0.9920254468917846,0.5,1,5,2,3000,200,20000,5,mean_all_thresholded_responses
cellcnn_prototype,gated_alive,full,cuda,diagonal_prototype_relu_mean_v1,11,1429424934,a_003,0,0.534969437122345,0.5,1,5,2,3000,200,20000,5,mean_all_thresholded_responses
cellcnn_prototype,gated_alive,full,cuda,diagonal_prototype_relu_mean_v1,11,1429424934,a_006,0,0.8618617296218872,0.5,1,5,2,3000,200,20000,5,mean_all_thresholded_responses
cellcnn_prototype,gated_alive,full,cuda,diagonal_prototype_relu_mean_v1,11,1429424934,a_010,0,0.4965103566646576,0.5,0,5,2,3000,200,20000,5,mean_all_thresholded_responses
cellcnn_prototype,gated_alive,full,cuda,diagonal_prototype_relu_mean_v1,11,1429424934,a_011,0,0.9916928768157959,0.5,1,5,2,3000,200,20000,5,mean_all_thresholded_responses
cellcnn_prototype,gated_alive,full,cuda,diagonal_prototype_relu_mean_v1,11,1429424934,a_012,1,0.9986604809761047,0.5,1,5,2,3000,200,20000,5,mean_all_thresholded_responses
cellcnn_prototype,gated_alive,full,cuda,diagonal_prototype_relu_mean_v1,12,2437408156,a_001,1,0.14907199144363403,0.5,0,5,2,3000,200,20000,5,mean_all_thresholded_responses
cellcnn_prototype,gated_alive,full,cuda,diagonal_prototype_relu_mean_v1,12,2437408156,a_003,0,0.2084389090538025,0.5,0,5,2,3000,200,20000,5,mean_all_thresholded_responses
cellcnn_prototype,gated_alive,full,cuda,diagonal_prototype_relu_mean_v1,12,2437408156,a_004,0,0.00042585691553540526,0.5,0,5,2,3000,200,20000,5,mean_all_thresholded_responses
cellcnn_prototype,gated_alive,full,cuda,diagonal_prototype_relu_mean_v1,12,2437408156,a_006,0,0.9656584739685059,0.5,1,5,2,3000,200,20000,5,mean_all_thresholded_responses
cellcnn_prototype,gated_alive,full,cuda,diagonal_prototype_relu_mean_v1,12,2437408156,a_3a,0,0.09369335621595383,0.5,0,5,2,3000,200,20000,5,mean_all_thresholded_responses
cellcnn_prototype,gated_alive,full,cuda,diagonal_prototype_relu_mean_v1,12,2437408156,a_4a,1,0.9917938590049744,0.5,1,5,2,3000,200,20000,5,mean_all_thresholded_responses
cellcnn_prototype,gated_alive,full,cuda,diagonal_prototype_relu_mean_v1,13,2569716528,a_004,0,0.0025397623423486946,0.5,0,4,1,3000,200,20000,5,mean_all_thresholded_responses
cellcnn_prototype,gated_alive,full,cuda,diagonal_prototype_relu_mean_v1,13,2569716528,a_009,0,0.9889079213142395,0.5,1,4,1,3000,200,20000,5,mean_all_thresholded_responses
cellcnn_prototype,gated_alive,full,cuda,diagonal_prototype_relu_mean_v1,13,2569716528,a_1a,0,0.47627087235450744,0.5,0,4,1,3000,200,20000,5,mean_all_thresholded_responses
cellcnn_prototype,gated_alive,full,cuda,diagonal_prototype_relu_mean_v1,13,2569716528,a_3b,0,0.3596395432949066,0.5,0,4,1,3000,200,20000,5,mean_all_thresholded_responses
cellcnn_prototype,gated_alive,full,cuda,diagonal_prototype_relu_mean_v1,13,2569716528,a_4b,1,0.6836388230323791,0.5,1,4,1,3000,200,20000,5,mean_all_thresholded_responses
cellcnn_prototype,gated_alive,full,cuda,diagonal_prototype_relu_mean_v1,13,2569716528,a_5a,1,0.918818986415863,0.5,1,4,1,3000,200,20000,5,mean_all_thresholded_responses
cellcnn_prototype,gated_alive,full,cuda,diagonal_prototype_relu_mean_v1,14,915442270,a_005,1,0.4488308966159821,0.5,0,5,1,3000,200,20000,5,mean_all_thresholded_responses
cellcnn_prototype,gated_alive,full,cuda,diagonal_prototype_relu_mean_v1,14,915442270,a_010,0,0.448462700843811,0.5,0,5,1,3000,200,20000,5,mean_all_thresholded_responses
cellcnn_prototype,gated_alive,full,cuda,diagonal_prototype_relu_mean_v1,14,915442270,a_2a,0,0.449664318561554,0.5,0,5,1,3000,200,20000,5,mean_all_thresholded_responses
cellcnn_prototype,gated_alive,full,cuda,diagonal_prototype_relu_mean_v1,14,915442270,a_3a,0,0.4501808941364288,0.5,0,5,1,3000,200,20000,5,mean_all_thresholded_responses
cellcnn_prototype,gated_alive,full,cuda,diagonal_prototype_relu_mean_v1,14,915442270,a_3b,0,0.4501920700073242,0.5,0,5,1,3000,200,20000,5,mean_all_thresholded_responses
cellcnn_prototype,gated_alive,full,cuda,diagonal_prototype_relu_mean_v1,14,915442270,a_5a,1,0.4491667151451111,0.5,0,5,1,3000,200,20000,5,mean_all_thresholded_responses
cellcnn_prototype,gated_alive,full,cuda,diagonal_prototype_relu_mean_v1,15,802017219,a_002,1,0.6816617727279664,0.5,1,3,1,3000,200,20000,5,mean_all_thresholded_responses
cellcnn_prototype,gated_alive,full,cuda,diagonal_prototype_relu_mean_v1,15,802017219,a_003,0,0.5144451141357422,0.5,1,3,1,3000,200,20000,5,mean_all_thresholded_responses
cellcnn_prototype,gated_alive,full,cuda,diagonal_prototype_relu_mean_v1,15,802017219,a_011,0,0.8584340214729309,0.5,1,3,1,3000,200,20000,5,mean_all_thresholded_responses
cellcnn_prototype,gated_alive,full,cuda,diagonal_prototype_relu_mean_v1,15,802017219,a_1a,0,0.39598953127861025,0.5,0,3,1,3000,200,20000,5,mean_all_thresholded_responses
cellcnn_prototype,gated_alive,full,cuda,diagonal_prototype_relu_mean_v1,15,802017219,a_3a,0,0.39968804717063905,0.5,0,3,1,3000,200,20000,5,mean_all_thresholded_responses
cellcnn_prototype,gated_alive,full,cuda,diagonal_prototype_relu_mean_v1,15,802017219,a_4b,1,0.6837014198303223,0.5,1,3,1,3000,200,20000,5,mean_all_thresholded_responses
cellcnn_prototype,gated_alive,full,cuda,diagonal_prototype_relu_mean_v1,16,984129068,a_003,0,0.44066082239151,0.5,0,5,2,3000,200,20000,5,mean_all_thresholded_responses
cellcnn_prototype,gated_alive,full,cuda,diagonal_prototype_relu_mean_v1,16,984129068,a_006,0,0.393462997674942,0.5,0,5,2,3000,200,20000,5,mean_all_thresholded_responses
cellcnn_prototype,gated_alive,full,cuda,diagonal_prototype_relu_mean_v1,16,984129068,a_012,1,0.8578977823257447,0.5,1,5,2,3000,200,20000,5,mean_all_thresholded_responses
cellcnn_prototype,gated_alive,full,cuda,diagonal_prototype_relu_mean_v1,16,984129068,a_2a,0,0.2656246066093445,0.5,0,5,2,3000,200,20000,5,mean_all_thresholded_responses
cellcnn_prototype,gated_alive,full,cuda,diagonal_prototype_relu_mean_v1,16,984129068,a_2b,0,0.22784430980682374,0.5,0,5,2,3000,200,20000,5,mean_all_thresholded_responses
cellcnn_prototype,gated_alive,full,cuda,diagonal_prototype_relu_mean_v1,16,984129068,a_5a,1,0.7245596528053284,0.5,1,5,2,3000,200,20000,5,mean_all_thresholded_responses
cellcnn_prototype,gated_alive,full,cuda,diagonal_prototype_relu_mean_v1,17,2889465206,a_004,0,0.00016571655869483947,0.5,0,4,0,3000,200,20000,5,mean_all_thresholded_responses
cellcnn_prototype,gated_alive,full,cuda,diagonal_prototype_relu_mean_v1,17,2889465206,a_007,1,0.29109340310096743,0.5,0,4,0,3000,200,20000,5,mean_all_thresholded_responses
cellcnn_prototype,gated_alive,full,cuda,diagonal_prototype_relu_mean_v1,17,2889465206,a_009,0,0.9988542556762695,0.5,1,4,0,3000,200,20000,5,mean_all_thresholded_responses
cellcnn_prototype,gated_alive,full,cuda,diagonal_prototype_relu_mean_v1,17,2889465206,a_011,0,0.3945195317268372,0.5,0,4,0,3000,200,20000,5,mean_all_thresholded_responses
cellcnn_prototype,gated_alive,full,cuda,diagonal_prototype_relu_mean_v1,17,2889465206,a_2a,0,0.3059751272201538,0.5,0,4,0,3000,200,20000,5,mean_all_thresholded_responses
cellcnn_prototype,gated_alive,full,cuda,diagonal_prototype_relu_mean_v1,17,2889465206,a_4a,1,0.9995864391326904,0.5,1,4,0,3000,200,20000,5,mean_all_thresholded_responses
cellcnn_prototype,gated_alive,full,cuda,diagonal_prototype_relu_mean_v1,18,2634853374,a_003,0,0.6490983486175537,0.5,1,3,0,3000,200,20000,5,mean_all_thresholded_responses
cellcnn_prototype,gated_alive,full,cuda,diagonal_prototype_relu_mean_v1,18,2634853374,a_004,0,0.34226771593093874,0.5,0,3,0,3000,200,20000,5,mean_all_thresholded_responses
cellcnn_prototype,gated_alive,full,cuda,diagonal_prototype_relu_mean_v1,18,2634853374,a_005,1,0.5109075665473938,0.5,1,3,0,3000,200,20000,5,mean_all_thresholded_responses
cellcnn_prototype,gated_alive,full,cuda,diagonal_prototype_relu_mean_v1,18,2634853374,a_1a,0,0.407671195268631,0.5,0,3,0,3000,200,20000,5,mean_all_thresholded_responses
cellcnn_prototype,gated_alive,full,cuda,diagonal_prototype_relu_mean_v1,18,2634853374,a_3a,0,0.4553449511528015,0.5,0,3,0,3000,200,20000,5,mean_all_thresholded_responses
cellcnn_prototype,gated_alive,full,cuda,diagonal_prototype_relu_mean_v1,18,2634853374,a_4a,1,0.7335337042808533,0.5,1,3,0,3000,200,20000,5,mean_all_thresholded_responses
cellcnn_prototype,gated_alive,full,cuda,diagonal_prototype_relu_mean_v1,19,4045012504,a_003,0,0.0658034473657608,0.5,0,4,2,3000,200,20000,5,mean_all_thresholded_responses
cellcnn_prototype,gated_alive,full,cuda,diagonal_prototype_relu_mean_v1,19,4045012504,a_005,1,0.87202889919281,0.5,1,4,2,3000,200,20000,5,mean_all_thresholded_responses
cellcnn_prototype,gated_alive,full,cuda,diagonal_prototype_relu_mean_v1,19,4045012504,a_006,0,0.8160223484039306,0.5,1,4,2,3000,200,20000,5,mean_all_thresholded_responses
cellcnn_prototype,gated_alive,full,cuda,diagonal_prototype_relu_mean_v1,19,4045012504,a_2a,0,0.49172152280807496,0.5,0,4,2,3000,200,20000,5,mean_all_thresholded_responses
cellcnn_prototype,gated_alive,full,cuda,diagonal_prototype_relu_mean_v1,19,4045012504,a_2b,0,0.757029402256012,0.5,1,4,2,3000,200,20000,5,mean_all_thresholded_responses
cellcnn_prototype,gated_alive,full,cuda,diagonal_prototype_relu_mean_v1,19,4045012504,a_4b,1,0.4930839776992798,0.5,0,4,2,3000,200,20000,5,mean_all_thresholded_responses
cellcnn_prototype,gated_alive,full,cuda,diagonal_prototype_relu_mean_v1,20,3032918238,a_002,1,0.9983952403068542,0.5,1,3,0,3000,200,20000,5,mean_all_thresholded_responses
cellcnn_prototype,gated_alive,full,cuda,diagonal_prototype_relu_mean_v1,20,3032918238,a_003,0,0.9974906921386719,0.5,1,3,0,3000,200,20000,5,mean_all_thresholded_responses
cellcnn_prototype,gated_alive,full,cuda,diagonal_prototype_relu_mean_v1,20,3032918238,a_009,0,0.999485182762146,0.5,1,3,0,3000,200,20000,5,mean_all_thresholded_responses
cellcnn_prototype,gated_alive,full,cuda,diagonal_prototype_relu_mean_v1,20,3032918238,a_011,0,0.9949462532997131,0.5,1,3,0,3000,200,20000,5,mean_all_thresholded_responses
cellcnn_prototype,gated_alive,full,cuda,diagonal_prototype_relu_mean_v1,20,3032918238,a_012,1,0.9999463319778442,0.5,1,3,0,3000,200,20000,5,mean_all_thresholded_responses
cellcnn_prototype,gated_alive,full,cuda,diagonal_prototype_relu_mean_v1,20,3032918238,a_2b,0,0.003930764412507415,0.5,0,3,0,3000,200,20000,5,mean_all_thresholded_responses
cellcnn_prototype,gated_alive,full,cuda,diagonal_prototype_relu_mean_v1,21,1066207224,a_006,0,0.9971421480178833,0.5,1,4,0,3000,200,20000,5,mean_all_thresholded_responses
cellcnn_prototype,gated_alive,full,cuda,diagonal_prototype_relu_mean_v1,21,1066207224,a_009,0,0.9992532372474671,0.5,1,4,0,3000,200,20000,5,mean_all_thresholded_responses
cellcnn_prototype,gated_alive,full,cuda,diagonal_prototype_relu_mean_v1,21,1066207224,a_010,0,0.9609488487243653,0.5,1,4,0,3000,200,20000,5,mean_all_thresholded_responses
cellcnn_prototype,gated_alive,full,cuda,diagonal_prototype_relu_mean_v1,21,1066207224,a_012,1,0.8764237523078918,0.5,1,4,0,3000,200,20000,5,mean_all_thresholded_responses
cellcnn_prototype,gated_alive,full,cuda,diagonal_prototype_relu_mean_v1,21,1066207224,a_3a,0,0.007659918628633022,0.5,0,4,0,3000,200,20000,5,mean_all_thresholded_responses
cellcnn_prototype,gated_alive,full,cuda,diagonal_prototype_relu_mean_v1,21,1066207224,a_5a,1,0.8716435909271241,0.5,1,4,0,3000,200,20000,5,mean_all_thresholded_responses
cellcnn_prototype,gated_alive,full,cuda,diagonal_prototype_relu_mean_v1,22,3929519758,a_004,0,0.4970620036125183,0.5,0,3,0,3000,200,20000,5,mean_all_thresholded_responses
cellcnn_prototype,gated_alive,full,cuda,diagonal_prototype_relu_mean_v1,22,3929519758,a_005,1,0.5549103379249573,0.5,1,3,0,3000,200,20000,5,mean_all_thresholded_responses
cellcnn_prototype,gated_alive,full,cuda,diagonal_prototype_relu_mean_v1,22,3929519758,a_010,0,0.4895513832569122,0.5,0,3,0,3000,200,20000,5,mean_all_thresholded_responses
cellcnn_prototype,gated_alive,full,cuda,diagonal_prototype_relu_mean_v1,22,3929519758,a_2a,0,0.4900812923908234,0.5,0,3,0,3000,200,20000,5,mean_all_thresholded_responses
cellcnn_prototype,gated_alive,full,cuda,diagonal_prototype_relu_mean_v1,22,3929519758,a_3b,0,0.49256100654602053,0.5,0,3,0,3000,200,20000,5,mean_all_thresholded_responses
cellcnn_prototype,gated_alive,full,cuda,diagonal_prototype_relu_mean_v1,22,3929519758,a_4a,1,0.5282883286476135,0.5,1,3,0,3000,200,20000,5,mean_all_thresholded_responses
cellcnn_prototype,gated_alive,full,cuda,diagonal_prototype_relu_mean_v1,23,4075413513,a_007,1,0.44338448643684386,0.5,0,5,0,3000,200,20000,5,mean_all_thresholded_responses
cellcnn_prototype,gated_alive,full,cuda,diagonal_prototype_relu_mean_v1,23,4075413513,a_009,0,0.9614112734794616,0.5,1,5,0,3000,200,20000,5,mean_all_thresholded_responses
cellcnn_prototype,gated_alive,full,cuda,diagonal_prototype_relu_mean_v1,23,4075413513,a_010,0,0.2544168412685394,0.5,0,5,0,3000,200,20000,5,mean_all_thresholded_responses
cellcnn_prototype,gated_alive,full,cuda,diagonal_prototype_relu_mean_v1,23,4075413513,a_011,0,0.8289613127708435,0.5,1,5,0,3000,200,20000,5,mean_all_thresholded_responses
cellcnn_prototype,gated_alive,full,cuda,diagonal_prototype_relu_mean_v1,23,4075413513,a_2a,0,0.1854202300310135,0.5,0,5,0,3000,200,20000,5,mean_all_thresholded_responses
cellcnn_prototype,gated_alive,full,cuda,diagonal_prototype_relu_mean_v1,23,4075413513,a_5b,1,0.7489417195320129,0.5,1,5,0,3000,200,20000,5,mean_all_thresholded_responses
cellcnn_prototype,gated_alive,full,cuda,diagonal_prototype_relu_mean_v1,24,3145778132,a_003,0,0.5322903156280517,0.5,1,5,0,3000,200,20000,5,mean_all_thresholded_responses
cellcnn_prototype,gated_alive,full,cuda,diagonal_prototype_relu_mean_v1,24,3145778132,a_004,0,0.24760644137859344,0.5,0,5,0,3000,200,20000,5,mean_all_thresholded_responses
cellcnn_prototype,gated_alive,full,cuda,diagonal_prototype_relu_mean_v1,24,3145778132,a_2a,0,0.44502292275428773,0.5,0,5,0,3000,200,20000,5,mean_all_thresholded_responses
cellcnn_prototype,gated_alive,full,cuda,diagonal_prototype_relu_mean_v1,24,3145778132,a_3a,0,0.4611846446990967,0.5,0,5,0,3000,200,20000,5,mean_all_thresholded_responses
cellcnn_prototype,gated_alive,full,cuda,diagonal_prototype_relu_mean_v1,24,3145778132,a_4a,1,0.6470004320144653,0.5,1,5,0,3000,200,20000,5,mean_all_thresholded_responses
cellcnn_prototype,gated_alive,full,cuda,diagonal_prototype_relu_mean_v1,24,3145778132,a_5b,1,0.5101614713668823,0.5,1,5,0,3000,200,20000,5,mean_all_thresholded_responses
cellcnn_prototype,gated_alive,full,cuda,diagonal_prototype_relu_mean_v1,25,2865763038,a_007,1,0.8326984882354737,0.5,1,4,0,3000,200,20000,5,mean_all_thresholded_responses
cellcnn_prototype,gated_alive,full,cuda,diagonal_prototype_relu_mean_v1,25,2865763038,a_011,0,0.9133657217025757,0.5,1,4,0,3000,200,20000,5,mean_all_thresholded_responses
cellcnn_prototype,gated_alive,full,cuda,diagonal_prototype_relu_mean_v1,25,2865763038,a_1a,0,0.001355884619988501,0.5,0,4,0,3000,200,20000,5,mean_all_thresholded_responses
cellcnn_prototype,gated_alive,full,cuda,diagonal_prototype_relu_mean_v1,25,2865763038,a_2b,0,0.05852731317281723,0.5,0,4,0,3000,200,20000,5,mean_all_thresholded_responses
cellcnn_prototype,gated_alive,full,cuda,diagonal_prototype_relu_mean_v1,25,2865763038,a_3b,0,0.05007805675268173,0.5,0,4,0,3000,200,20000,5,mean_all_thresholded_responses
cellcnn_prototype,gated_alive,full,cuda,diagonal_prototype_relu_mean_v1,25,2865763038,a_4b,1,0.047213169187307356,0.5,0,4,0,3000,200,20000,5,mean_all_thresholded_responses
cellcnn_prototype,gated_alive,full,cuda,diagonal_prototype_relu_mean_v1,26,561033802,a_003,0,0.5377669095993042,0.5,1,5,2,3000,200,20000,5,mean_all_thresholded_responses
cellcnn_prototype,gated_alive,full,cuda,diagonal_prototype_relu_mean_v1,26,561033802,a_004,0,0.41194661855697634,0.5,0,5,2,3000,200,20000,5,mean_all_thresholded_responses
cellcnn_prototype,gated_alive,full,cuda,diagonal_prototype_relu_mean_v1,26,561033802,a_007,1,0.38290728330612184,0.5,0,5,2,3000,200,20000,5,mean_all_thresholded_responses
cellcnn_prototype,gated_alive,full,cuda,diagonal_prototype_relu_mean_v1,26,561033802,a_010,0,0.41400458812713625,0.5,0,5,2,3000,200,20000,5,mean_all_thresholded_responses
cellcnn_prototype,gated_alive,full,cuda,diagonal_prototype_relu_mean_v1,26,561033802,a_3b,0,0.3837244689464569,0.5,0,5,2,3000,200,20000,5,mean_all_thresholded_responses
cellcnn_prototype,gated_alive,full,cuda,diagonal_prototype_relu_mean_v1,26,561033802,a_4a,1,0.6023204088211059,0.5,1,5,2,3000,200,20000,5,mean_all_thresholded_responses
cellcnn_prototype,gated_alive,full,cuda,diagonal_prototype_relu_mean_v1,27,411878496,a_001,1,0.49315744638442993,0.5,0,3,2,3000,200,20000,5,mean_all_thresholded_responses
cellcnn_prototype,gated_alive,full,cuda,diagonal_prototype_relu_mean_v1,27,411878496,a_006,0,0.49832077622413634,0.5,0,3,2,3000,200,20000,5,mean_all_thresholded_responses
cellcnn_prototype,gated_alive,full,cuda,diagonal_prototype_relu_mean_v1,27,411878496,a_011,0,0.4955259382724762,0.5,0,3,2,3000,200,20000,5,mean_all_thresholded_responses
cellcnn_prototype,gated_alive,full,cuda,diagonal_prototype_relu_mean_v1,27,411878496,a_2b,0,0.4841200649738312,0.5,0,3,2,3000,200,20000,5,mean_all_thresholded_responses
cellcnn_prototype,gated_alive,full,cuda,diagonal_prototype_relu_mean_v1,27,411878496,a_3a,0,0.504575514793396,0.5,1,3,2,3000,200,20000,5,mean_all_thresholded_responses
cellcnn_prototype,gated_alive,full,cuda,diagonal_prototype_relu_mean_v1,27,411878496,a_5b,1,0.48907846212387085,0.5,0,3,2,3000,200,20000,5,mean_all_thresholded_responses
cellcnn_prototype,gated_alive,full,cuda,diagonal_prototype_relu_mean_v1,28,1143809828,a_003,0,0.2493597835302353,0.5,0,3,0,3000,200,20000,5,mean_all_thresholded_responses
cellcnn_prototype,gated_alive,full,cuda,diagonal_prototype_relu_mean_v1,28,1143809828,a_004,0,0.06680404990911484,0.5,0,3,0,3000,200,20000,5,mean_all_thresholded_responses
cellcnn_prototype,gated_alive,full,cuda,diagonal_prototype_relu_mean_v1,28,1143809828,a_3a,0,0.29273679852485657,0.5,0,3,0,3000,200,20000,5,mean_all_thresholded_responses
cellcnn_prototype,gated_alive,full,cuda,diagonal_prototype_relu_mean_v1,28,1143809828,a_3b,0,0.3259849548339844,0.5,0,3,0,3000,200,20000,5,mean_all_thresholded_responses
cellcnn_prototype,gated_alive,full,cuda,diagonal_prototype_relu_mean_v1,28,1143809828,a_4b,1,0.3691941320896149,0.5,0,3,0,3000,200,20000,5,mean_all_thresholded_responses
cellcnn_prototype,gated_alive,full,cuda,diagonal_prototype_relu_mean_v1,28,1143809828,a_5b,1,0.5648368835449219,0.5,1,3,0,3000,200,20000,5,mean_all_thresholded_responses
cellcnn_prototype,gated_alive,full,cuda,diagonal_prototype_relu_mean_v1,29,1897686915,a_004,0,0.17019543349742888,0.5,0,4,2,3000,200,20000,5,mean_all_thresholded_responses
cellcnn_prototype,gated_alive,full,cuda,diagonal_prototype_relu_mean_v1,29,1897686915,a_009,0,0.7072163224220276,0.5,1,4,2,3000,200,20000,5,mean_all_thresholded_responses
cellcnn_prototype,gated_alive,full,cuda,diagonal_prototype_relu_mean_v1,29,1897686915,a_012,1,0.39370534420013426,0.5,0,4,2,3000,200,20000,5,mean_all_thresholded_responses
cellcnn_prototype,gated_alive,full,cuda,diagonal_prototype_relu_mean_v1,29,1897686915,a_2b,0,0.38593328595161436,0.5,0,4,2,3000,200,20000,5,mean_all_thresholded_responses
cellcnn_prototype,gated_alive,full,cuda,diagonal_prototype_relu_mean_v1,29,1897686915,a_3b,0,0.4776191353797913,0.5,0,4,2,3000,200,20000,5,mean_all_thresholded_responses
cellcnn_prototype,gated_alive,full,cuda,diagonal_prototype_relu_mean_v1,29,1897686915,a_5b,1,0.7028828620910644,0.5,1,4,2,3000,200,20000,5,mean_all_thresholded_responses
cellcnn_prototype,gated_alive,full,cuda,diagonal_prototype_relu_mean_v1,30,310984977,a_004,0,0.2343183398246765,0.5,0,4,1,3000,200,20000,5,mean_all_thresholded_responses
cellcnn_prototype,gated_alive,full,cuda,diagonal_prototype_relu_mean_v1,30,310984977,a_005,1,0.7259986281394959,0.5,1,4,1,3000,200,20000,5,mean_all_thresholded_responses
cellcnn_prototype,gated_alive,full,cuda,diagonal_prototype_relu_mean_v1,30,310984977,a_007,1,0.5534085035324097,0.5,1,4,1,3000,200,20000,5,mean_all_thresholded_responses
cellcnn_prototype,gated_alive,full,cuda,diagonal_prototype_relu_mean_v1,30,310984977,a_1a,0,0.3530686557292938,0.5,0,4,1,3000,200,20000,5,mean_all_thresholded_responses
cellcnn_prototype,gated_alive,full,cuda,diagonal_prototype_relu_mean_v1,30,310984977,a_2b,0,0.3076487720012665,0.5,0,4,1,3000,200,20000,5,mean_all_thresholded_responses
cellcnn_prototype,gated_alive,full,cuda,diagonal_prototype_relu_mean_v1,30,310984977,a_3a,0,0.27831754088401794,0.5,0,4,1,3000,200,20000,5,mean_all_thresholded_responses
cellcnn_prototype,gated_alive,full,cuda,diagonal_prototype_relu_mean_v1,31,3807402261,a_001,1,0.17692825496196746,0.5,0,4,2,3000,200,20000,5,mean_all_thresholded_responses
cellcnn_prototype,gated_alive,full,cuda,diagonal_prototype_relu_mean_v1,31,3807402261,a_003,0,0.8749449014663696,0.5,1,4,2,3000,200,20000,5,mean_all_thresholded_responses
cellcnn_prototype,gated_alive,full,cuda,diagonal_prototype_relu_mean_v1,31,3807402261,a_004,0,0.3410855829715729,0.5,0,4,2,3000,200,20000,5,mean_all_thresholded_responses
cellcnn_prototype,gated_alive,full,cuda,diagonal_prototype_relu_mean_v1,31,3807402261,a_007,1,0.21889863014221192,0.5,0,4,2,3000,200,20000,5,mean_all_thresholded_responses
cellcnn_prototype,gated_alive,full,cuda,diagonal_prototype_relu_mean_v1,31,3807402261,a_010,0,0.15501402020454408,0.5,0,4,2,3000,200,20000,5,mean_all_thresholded_responses
cellcnn_prototype,gated_alive,full,cuda,diagonal_prototype_relu_mean_v1,31,3807402261,a_1a,0,0.07653473615646363,0.5,0,4,2,3000,200,20000,5,mean_all_thresholded_responses
cellcnn_prototype,gated_alive,full,cuda,diagonal_prototype_relu_mean_v1,32,2035922533,a_003,0,0.9202706575393677,0.5,1,5,0,3000,200,20000,5,mean_all_thresholded_responses
cellcnn_prototype,gated_alive,full,cuda,diagonal_prototype_relu_mean_v1,32,2035922533,a_009,0,0.9969929218292236,0.5,1,5,0,3000,200,20000,5,mean_all_thresholded_responses
cellcnn_prototype,gated_alive,full,cuda,diagonal_prototype_relu_mean_v1,32,2035922533,a_011,0,0.8264792442321778,0.5,1,5,0,3000,200,20000,5,mean_all_thresholded_responses
cellcnn_prototype,gated_alive,full,cuda,diagonal_prototype_relu_mean_v1,32,2035922533,a_012,1,0.989864182472229,0.5,1,5,0,3000,200,20000,5,mean_all_thresholded_responses
cellcnn_prototype,gated_alive,full,cuda,diagonal_prototype_relu_mean_v1,32,2035922533,a_3a,0,0.08077964633703232,0.5,0,5,0,3000,200,20000,5,mean_all_thresholded_responses
cellcnn_prototype,gated_alive,full,cuda,diagonal_prototype_relu_mean_v1,32,2035922533,a_4a,1,0.9955664873123169,0.5,1,5,0,3000,200,20000,5,mean_all_thresholded_responses
cellcnn_prototype,gated_alive,full,cuda,diagonal_prototype_relu_mean_v1,33,2995539971,a_007,1,0.6581193447113037,0.5,1,5,2,3000,200,20000,5,mean_all_thresholded_responses
cellcnn_prototype,gated_alive,full,cuda,diagonal_prototype_relu_mean_v1,33,2995539971,a_009,0,0.9995924711227417,0.5,1,5,2,3000,200,20000,5,mean_all_thresholded_responses
cellcnn_prototype,gated_alive,full,cuda,diagonal_prototype_relu_mean_v1,33,2995539971,a_011,0,0.2821363151073456,0.5,0,5,2,3000,200,20000,5,mean_all_thresholded_responses
cellcnn_prototype,gated_alive,full,cuda,diagonal_prototype_relu_mean_v1,33,2995539971,a_2b,0,0.00134376916103065,0.5,0,5,2,3000,200,20000,5,mean_all_thresholded_responses
cellcnn_prototype,gated_alive,full,cuda,diagonal_prototype_relu_mean_v1,33,2995539971,a_3a,0,0.017195001244544983,0.5,0,5,2,3000,200,20000,5,mean_all_thresholded_responses
cellcnn_prototype,gated_alive,full,cuda,diagonal_prototype_relu_mean_v1,33,2995539971,a_4b,1,0.11431874930858613,0.5,0,5,2,3000,200,20000,5,mean_all_thresholded_responses
cellcnn_prototype,gated_alive,full,cuda,diagonal_prototype_relu_mean_v1,34,913046978,a_005,1,0.6720642805099487,0.5,1,3,2,3000,200,20000,5,mean_all_thresholded_responses
cellcnn_prototype,gated_alive,full,cuda,diagonal_prototype_relu_mean_v1,34,913046978,a_009,0,0.9920812249183655,0.5,1,3,2,3000,200,20000,5,mean_all_thresholded_responses
cellcnn_prototype,gated_alive,full,cuda,diagonal_prototype_relu_mean_v1,34,913046978,a_010,0,0.6096664309501648,0.5,1,3,2,3000,200,20000,5,mean_all_thresholded_responses
cellcnn_prototype,gated_alive,full,cuda,diagonal_prototype_relu_mean_v1,34,913046978,a_011,0,0.10609604865312576,0.5,0,3,2,3000,200,20000,5,mean_all_thresholded_responses
cellcnn_prototype,gated_alive,full,cuda,diagonal_prototype_relu_mean_v1,34,913046978,a_2a,0,0.5202157139778137,0.5,1,3,2,3000,200,20000,5,mean_all_thresholded_responses
cellcnn_prototype,gated_alive,full,cuda,diagonal_prototype_relu_mean_v1,34,913046978,a_5a,1,0.9579546928405762,0.5,1,3,2,3000,200,20000,5,mean_all_thresholded_responses
cellcnn_prototype,gated_alive,full,cuda,diagonal_prototype_relu_mean_v1,35,1402190273,a_004,0,0.5128504633903503,0.5,1,5,2,3000,200,20000,5,mean_all_thresholded_responses
cellcnn_prototype,gated_alive,full,cuda,diagonal_prototype_relu_mean_v1,35,1402190273,a_009,0,0.5617971420288086,0.5,1,5,2,3000,200,20000,5,mean_all_thresholded_responses
cellcnn_prototype,gated_alive,full,cuda,diagonal_prototype_relu_mean_v1,35,1402190273,a_012,1,0.5422827124595642,0.5,1,5,2,3000,200,20000,5,mean_all_thresholded_responses
cellcnn_prototype,gated_alive,full,cuda,diagonal_prototype_relu_mean_v1,35,1402190273,a_2b,0,0.5199936985969543,0.5,1,5,2,3000,200,20000,5,mean_all_thresholded_responses
cellcnn_prototype,gated_alive,full,cuda,diagonal_prototype_relu_mean_v1,35,1402190273,a_3a,0,0.5353022813796997,0.5,1,5,2,3000,200,20000,5,mean_all_thresholded_responses
cellcnn_prototype,gated_alive,full,cuda,diagonal_prototype_relu_mean_v1,35,1402190273,a_5b,1,0.5488494038581848,0.5,1,5,2,3000,200,20000,5,mean_all_thresholded_responses
cellcnn_prototype,gated_alive,full,cuda,diagonal_prototype_relu_mean_v1,36,498139153,a_003,0,0.6912704586982727,0.5,1,4,2,3000,200,20000,5,mean_all_thresholded_responses
cellcnn_prototype,gated_alive,full,cuda,diagonal_prototype_relu_mean_v1,36,498139153,a_009,0,0.9962754726409913,0.5,1,4,2,3000,200,20000,5,mean_all_thresholded_responses
cellcnn_prototype,gated_alive,full,cuda,diagonal_prototype_relu_mean_v1,36,498139153,a_011,0,0.8726724982261658,0.5,1,4,2,3000,200,20000,5,mean_all_thresholded_responses
cellcnn_prototype,gated_alive,full,cuda,diagonal_prototype_relu_mean_v1,36,498139153,a_3a,0,0.04582844823598862,0.5,0,4,2,3000,200,20000,5,mean_all_thresholded_responses
cellcnn_prototype,gated_alive,full,cuda,diagonal_prototype_relu_mean_v1,36,498139153,a_4b,1,0.3209785044193268,0.5,0,4,2,3000,200,20000,5,mean_all_thresholded_responses
cellcnn_prototype,gated_alive,full,cuda,diagonal_prototype_relu_mean_v1,36,498139153,a_5b,1,0.824543559551239,0.5,1,4,2,3000,200,20000,5,mean_all_thresholded_responses
cellcnn_prototype,gated_alive,full,cuda,diagonal_prototype_relu_mean_v1,37,3152197458,a_004,0,0.5699554324150086,0.5,1,4,0,3000,200,20000,5,mean_all_thresholded_responses
cellcnn_prototype,gated_alive,full,cuda,diagonal_prototype_relu_mean_v1,37,3152197458,a_007,1,0.5709770798683167,0.5,1,4,0,3000,200,20000,5,mean_all_thresholded_responses
cellcnn_prototype,gated_alive,full,cuda,diagonal_prototype_relu_mean_v1,37,3152197458,a_011,0,0.5659602761268616,0.5,1,4,0,3000,200,20000,5,mean_all_thresholded_responses
cellcnn_prototype,gated_alive,full,cuda,diagonal_prototype_relu_mean_v1,37,3152197458,a_2a,0,0.5628276586532592,0.5,1,4,0,3000,200,20000,5,mean_all_thresholded_responses
cellcnn_prototype,gated_alive,full,cuda,diagonal_prototype_relu_mean_v1,37,3152197458,a_2b,0,0.5677292346954346,0.5,1,4,0,3000,200,20000,5,mean_all_thresholded_responses
cellcnn_prototype,gated_alive,full,cuda,diagonal_prototype_relu_mean_v1,37,3152197458,a_4a,1,0.566146969795227,0.5,1,4,0,3000,200,20000,5,mean_all_thresholded_responses
cellcnn_prototype,gated_alive,full,cuda,diagonal_prototype_relu_mean_v1,38,3325497001,a_002,1,0.4895636379718781,0.5,0,3,2,3000,200,20000,5,mean_all_thresholded_responses
cellcnn_prototype,gated_alive,full,cuda,diagonal_prototype_relu_mean_v1,38,3325497001,a_004,0,0.3957834243774414,0.5,0,3,2,3000,200,20000,5,mean_all_thresholded_responses
cellcnn_prototype,gated_alive,full,cuda,diagonal_prototype_relu_mean_v1,38,3325497001,a_006,0,0.41443119049072263,0.5,0,3,2,3000,200,20000,5,mean_all_thresholded_responses
cellcnn_prototype,gated_alive,full,cuda,diagonal_prototype_relu_mean_v1,38,3325497001,a_011,0,0.6817740082740784,0.5,1,3,2,3000,200,20000,5,mean_all_thresholded_responses
cellcnn_prototype,gated_alive,full,cuda,diagonal_prototype_relu_mean_v1,38,3325497001,a_3a,0,0.40146917700767515,0.5,0,3,2,3000,200,20000,5,mean_all_thresholded_responses
cellcnn_prototype,gated_alive,full,cuda,diagonal_prototype_relu_mean_v1,38,3325497001,a_5b,1,0.46982874274253844,0.5,0,3,2,3000,200,20000,5,mean_all_thresholded_responses
cellcnn_prototype,gated_alive,full,cuda,diagonal_prototype_relu_mean_v1,39,945472433,a_001,1,0.49365720748901365,0.5,0,4,2,3000,200,20000,5,mean_all_thresholded_responses
cellcnn_prototype,gated_alive,full,cuda,diagonal_prototype_relu_mean_v1,39,945472433,a_009,0,0.4994248867034912,0.5,0,4,2,3000,200,20000,5,mean_all_thresholded_responses
cellcnn_prototype,gated_alive,full,cuda,diagonal_prototype_relu_mean_v1,39,945472433,a_1a,0,0.5031612157821655,0.5,1,4,2,3000,200,20000,5,mean_all_thresholded_responses
cellcnn_prototype,gated_alive,full,cuda,diagonal_prototype_relu_mean_v1,39,945472433,a_2b,0,0.49476866126060487,0.5,0,4,2,3000,200,20000,5,mean_all_thresholded_responses
cellcnn_prototype,gated_alive,full,cuda,diagonal_prototype_relu_mean_v1,39,945472433,a_3a,0,0.4984950125217438,0.5,0,4,2,3000,200,20000,5,mean_all_thresholded_responses
cellcnn_prototype,gated_alive,full,cuda,diagonal_prototype_relu_mean_v1,39,945472433,a_4a,1,0.5030575037002564,0.5,1,4,2,3000,200,20000,5,mean_all_thresholded_responses
cellcnn_prototype,gated_alive,full,cuda,diagonal_prototype_relu_mean_v1,40,3070822591,a_001,1,0.44251192808151246,0.5,0,3,0,3000,200,20000,5,mean_all_thresholded_responses
cellcnn_prototype,gated_alive,full,cuda,diagonal_prototype_relu_mean_v1,40,3070822591,a_003,0,0.4185280859470367,0.5,0,3,0,3000,200,20000,5,mean_all_thresholded_responses
cellcnn_prototype,gated_alive,full,cuda,diagonal_prototype_relu_mean_v1,40,3070822591,a_005,1,0.47889113426208496,0.5,0,3,0,3000,200,20000,5,mean_all_thresholded_responses
cellcnn_prototype,gated_alive,full,cuda,diagonal_prototype_relu_mean_v1,40,3070822591,a_006,0,0.3514363944530487,0.5,0,3,0,3000,200,20000,5,mean_all_thresholded_responses
cellcnn_prototype,gated_alive,full,cuda,diagonal_prototype_relu_mean_v1,40,3070822591,a_2a,0,0.5080143928527832,0.5,1,3,0,3000,200,20000,5,mean_all_thresholded_responses
cellcnn_prototype,gated_alive,full,cuda,diagonal_prototype_relu_mean_v1,40,3070822591,a_3b,0,0.5198942184448242,0.5,1,3,0,3000,200,20000,5,mean_all_thresholded_responses
cellcnn_prototype,gated_alive,full,cuda,diagonal_prototype_relu_mean_v1,41,350446006,a_001,1,0.6957305908203125,0.5,1,3,0,3000,200,20000,5,mean_all_thresholded_responses
cellcnn_prototype,gated_alive,full,cuda,diagonal_prototype_relu_mean_v1,41,350446006,a_006,0,0.5773209452629089,0.5,1,3,0,3000,200,20000,5,mean_all_thresholded_responses
cellcnn_prototype,gated_alive,full,cuda,diagonal_prototype_relu_mean_v1,41,350446006,a_009,0,0.8300338745117187,0.5,1,3,0,3000,200,20000,5,mean_all_thresholded_responses
cellcnn_prototype,gated_alive,full,cuda,diagonal_prototype_relu_mean_v1,41,350446006,a_2b,0,0.25293763279914855,0.5,0,3,0,3000,200,20000,5,mean_all_thresholded_responses
cellcnn_prototype,gated_alive,full,cuda,diagonal_prototype_relu_mean_v1,41,350446006,a_3a,0,0.42679218053817747,0.5,0,3,0,3000,200,20000,5,mean_all_thresholded_responses
cellcnn_prototype,gated_alive,full,cuda,diagonal_prototype_relu_mean_v1,41,350446006,a_4a,1,0.7578940272331238,0.5,1,3,0,3000,200,20000,5,mean_all_thresholded_responses
cellcnn_prototype,gated_alive,full,cuda,diagonal_prototype_relu_mean_v1,42,1681873724,a_009,0,0.9990692615509034,0.5,1,3,0,3000,200,20000,5,mean_all_thresholded_responses
cellcnn_prototype,gated_alive,full,cuda,diagonal_prototype_relu_mean_v1,42,1681873724,a_012,1,0.1499801367521286,0.5,0,3,0,3000,200,20000,5,mean_all_thresholded_responses
cellcnn_prototype,gated_alive,full,cuda,diagonal_prototype_relu_mean_v1,42,1681873724,a_1a,0,0.35151529908180235,0.5,0,3,0,3000,200,20000,5,mean_all_thresholded_responses
cellcnn_prototype,gated_alive,full,cuda,diagonal_prototype_relu_mean_v1,42,1681873724,a_2a,0,0.13157980442047118,0.5,0,3,0,3000,200,20000,5,mean_all_thresholded_responses
cellcnn_prototype,gated_alive,full,cuda,diagonal_prototype_relu_mean_v1,42,1681873724,a_2b,0,0.06651734337210655,0.5,0,3,0,3000,200,20000,5,mean_all_thresholded_responses
cellcnn_prototype,gated_alive,full,cuda,diagonal_prototype_relu_mean_v1,42,1681873724,a_4b,1,0.41899641752243044,0.5,0,3,0,3000,200,20000,5,mean_all_thresholded_responses
cellcnn_prototype,gated_alive,full,cuda,diagonal_prototype_relu_mean_v1,43,686746376,a_006,0,0.47675042152404784,0.5,0,5,1,3000,200,20000,5,mean_all_thresholded_responses
cellcnn_prototype,gated_alive,full,cuda,diagonal_prototype_relu_mean_v1,43,686746376,a_007,1,0.477705305814743,0.5,0,5,1,3000,200,20000,5,mean_all_thresholded_responses
cellcnn_prototype,gated_alive,full,cuda,diagonal_prototype_relu_mean_v1,43,686746376,a_011,0,0.4791249632835388,0.5,0,5,1,3000,200,20000,5,mean_all_thresholded_responses
cellcnn_prototype,gated_alive,full,cuda,diagonal_prototype_relu_mean_v1,43,686746376,a_1a,0,0.4777314305305481,0.5,0,5,1,3000,200,20000,5,mean_all_thresholded_responses
cellcnn_prototype,gated_alive,full,cuda,diagonal_prototype_relu_mean_v1,43,686746376,a_2b,0,0.47766909599304197,0.5,0,5,1,3000,200,20000,5,mean_all_thresholded_responses
cellcnn_prototype,gated_alive,full,cuda,diagonal_prototype_relu_mean_v1,43,686746376,a_5b,1,0.4797229588031769,0.5,0,5,1,3000,200,20000,5,mean_all_thresholded_responses
cellcnn_prototype,gated_alive,full,cuda,diagonal_prototype_relu_mean_v1,44,3195502165,a_002,1,0.892920970916748,0.5,1,5,0,3000,200,20000,5,mean_all_thresholded_responses
cellcnn_prototype,gated_alive,full,cuda,diagonal_prototype_relu_mean_v1,44,3195502165,a_006,0,0.5227149128913879,0.5,1,5,0,3000,200,20000,5,mean_all_thresholded_responses
cellcnn_prototype,gated_alive,full,cuda,diagonal_prototype_relu_mean_v1,44,3195502165,a_010,0,0.271361780166626,0.5,0,5,0,3000,200,20000,5,mean_all_thresholded_responses
cellcnn_prototype,gated_alive,full,cuda,diagonal_prototype_relu_mean_v1,44,3195502165,a_1a,0,0.3341753244400024,0.5,0,5,0,3000,200,20000,5,mean_all_thresholded_responses
cellcnn_prototype,gated_alive,full,cuda,diagonal_prototype_relu_mean_v1,44,3195502165,a_3a,0,0.08221696317195892,0.5,0,5,0,3000,200,20000,5,mean_all_thresholded_responses
cellcnn_prototype,gated_alive,full,cuda,diagonal_prototype_relu_mean_v1,44,3195502165,a_5a,1,0.8053068280220032,0.5,1,5,0,3000,200,20000,5,mean_all_thresholded_responses
cellcnn_prototype,gated_alive,full,cuda,diagonal_prototype_relu_mean_v1,45,1460719170,a_003,0,0.5230545163154602,0.5,1,5,2,3000,200,20000,5,mean_all_thresholded_responses
cellcnn_prototype,gated_alive,full,cuda,diagonal_prototype_relu_mean_v1,45,1460719170,a_005,1,0.512663209438324,0.5,1,5,2,3000,200,20000,5,mean_all_thresholded_responses
cellcnn_prototype,gated_alive,full,cuda,diagonal_prototype_relu_mean_v1,45,1460719170,a_009,0,0.5172977328300477,0.5,1,5,2,3000,200,20000,5,mean_all_thresholded_responses
cellcnn_prototype,gated_alive,full,cuda,diagonal_prototype_relu_mean_v1,45,1460719170,a_3a,0,0.5117224454879761,0.5,1,5,2,3000,200,20000,5,mean_all_thresholded_responses
cellcnn_prototype,gated_alive,full,cuda,diagonal_prototype_relu_mean_v1,45,1460719170,a_3b,0,0.5301507949829102,0.5,1,5,2,3000,200,20000,5,mean_all_thresholded_responses
cellcnn_prototype,gated_alive,full,cuda,diagonal_prototype_relu_mean_v1,45,1460719170,a_5b,1,0.5229668140411377,0.5,1,5,2,3000,200,20000,5,mean_all_thresholded_responses
cellcnn_prototype,gated_alive,full,cuda,diagonal_prototype_relu_mean_v1,46,2033282004,a_001,1,0.5032915234565735,0.5,1,5,1,3000,200,20000,5,mean_all_thresholded_responses
cellcnn_prototype,gated_alive,full,cuda,diagonal_prototype_relu_mean_v1,46,2033282004,a_003,0,0.7121432900428772,0.5,1,5,1,3000,200,20000,5,mean_all_thresholded_responses
cellcnn_prototype,gated_alive,full,cuda,diagonal_prototype_relu_mean_v1,46,2033282004,a_010,0,0.530256736278534,0.5,1,5,1,3000,200,20000,5,mean_all_thresholded_responses
cellcnn_prototype,gated_alive,full,cuda,diagonal_prototype_relu_mean_v1,46,2033282004,a_011,0,0.7448216319084168,0.5,1,5,1,3000,200,20000,5,mean_all_thresholded_responses
cellcnn_prototype,gated_alive,full,cuda,diagonal_prototype_relu_mean_v1,46,2033282004,a_012,1,0.7493960380554199,0.5,1,5,1,3000,200,20000,5,mean_all_thresholded_responses
cellcnn_prototype,gated_alive,full,cuda,diagonal_prototype_relu_mean_v1,46,2033282004,a_3a,0,0.372075217962265,0.5,0,5,1,3000,200,20000,5,mean_all_thresholded_responses
cellcnn_prototype,gated_alive,full,cuda,diagonal_prototype_relu_mean_v1,47,1997989380,a_003,0,0.6616739392280578,0.5,1,4,0,3000,200,20000,5,mean_all_thresholded_responses
cellcnn_prototype,gated_alive,full,cuda,diagonal_prototype_relu_mean_v1,47,1997989380,a_009,0,0.9984790921211243,0.5,1,4,0,3000,200,20000,5,mean_all_thresholded_responses
cellcnn_prototype,gated_alive,full,cuda,diagonal_prototype_relu_mean_v1,47,1997989380,a_1a,0,0.006772016827017069,0.5,0,4,0,3000,200,20000,5,mean_all_thresholded_responses
cellcnn_prototype,gated_alive,full,cuda,diagonal_prototype_relu_mean_v1,47,1997989380,a_2b,0,0.03134738467633724,0.5,0,4,0,3000,200,20000,5,mean_all_thresholded_responses
cellcnn_prototype,gated_alive,full,cuda,diagonal_prototype_relu_mean_v1,47,1997989380,a_4b,1,0.048848997056484225,0.5,0,4,0,3000,200,20000,5,mean_all_thresholded_responses
cellcnn_prototype,gated_alive,full,cuda,diagonal_prototype_relu_mean_v1,47,1997989380,a_5a,1,0.8141381740570068,0.5,1,4,0,3000,200,20000,5,mean_all_thresholded_responses
cellcnn_prototype,gated_alive,full,cuda,diagonal_prototype_relu_mean_v1,48,2042481486,a_001,1,0.4107160449028015,0.5,0,3,0,3000,200,20000,5,mean_all_thresholded_responses
cellcnn_prototype,gated_alive,full,cuda,diagonal_prototype_relu_mean_v1,48,2042481486,a_002,1,0.4106673181056976,0.5,0,3,0,3000,200,20000,5,mean_all_thresholded_responses
cellcnn_prototype,gated_alive,full,cuda,diagonal_prototype_relu_mean_v1,48,2042481486,a_004,0,0.4106578707695007,0.5,0,3,0,3000,200,20000,5,mean_all_thresholded_responses
cellcnn_prototype,gated_alive,full,cuda,diagonal_prototype_relu_mean_v1,48,2042481486,a_010,0,0.4107685685157776,0.5,0,3,0,3000,200,20000,5,mean_all_thresholded_responses
cellcnn_prototype,gated_alive,full,cuda,diagonal_prototype_relu_mean_v1,48,2042481486,a_1a,0,0.4106160759925842,0.5,0,3,0,3000,200,20000,5,mean_all_thresholded_responses
cellcnn_prototype,gated_alive,full,cuda,diagonal_prototype_relu_mean_v1,48,2042481486,a_3b,0,0.4106457054615021,0.5,0,3,0,3000,200,20000,5,mean_all_thresholded_responses
cellcnn_prototype,gated_alive,full,cuda,diagonal_prototype_relu_mean_v1,49,1144269602,a_001,1,0.5039979219436646,0.5,1,5,2,3000,200,20000,5,mean_all_thresholded_responses
cellcnn_prototype,gated_alive,full,cuda,diagonal_prototype_relu_mean_v1,49,1144269602,a_003,0,0.5033324122428894,0.5,1,5,2,3000,200,20000,5,mean_all_thresholded_responses
cellcnn_prototype,gated_alive,full,cuda,diagonal_prototype_relu_mean_v1,49,1144269602,a_004,0,0.5005948424339295,0.5,1,5,2,3000,200,20000,5,mean_all_thresholded_responses
cellcnn_prototype,gated_alive,full,cuda,diagonal_prototype_relu_mean_v1,49,1144269602,a_009,0,0.5061167716979981,0.5,1,5,2,3000,200,20000,5,mean_all_thresholded_responses
cellcnn_prototype,gated_alive,full,cuda,diagonal_prototype_relu_mean_v1,49,1144269602,a_1a,0,0.49668399095535276,0.5,0,5,2,3000,200,20000,5,mean_all_thresholded_responses
cellcnn_prototype,gated_alive,full,cuda,diagonal_prototype_relu_mean_v1,49,1144269602,a_4a,1,0.502281105518341,0.5,1,5,2,3000,200,20000,5,mean_all_thresholded_responses
cellcnn_prototype,gated_alive,full,cuda,diagonal_prototype_relu_mean_v1,50,2396799522,a_001,1,0.596710991859436,0.5,1,3,0,3000,200,20000,5,mean_all_thresholded_responses
cellcnn_prototype,gated_alive,full,cuda,diagonal_prototype_relu_mean_v1,50,2396799522,a_003,0,0.5967096805572509,0.5,1,3,0,3000,200,20000,5,mean_all_thresholded_responses
cellcnn_prototype,gated_alive,full,cuda,diagonal_prototype_relu_mean_v1,50,2396799522,a_006,0,0.5967098236083984,0.5,1,3,0,3000,200,20000,5,mean_all_thresholded_responses
cellcnn_prototype,gated_alive,full,cuda,diagonal_prototype_relu_mean_v1,50,2396799522,a_3a,0,0.5967132687568665,0.5,1,3,0,3000,200,20000,5,mean_all_thresholded_responses
cellcnn_prototype,gated_alive,full,cuda,diagonal_prototype_relu_mean_v1,50,2396799522,a_3b,0,0.5967123508453369,0.5,1,3,0,3000,200,20000,5,mean_all_thresholded_responses
cellcnn_prototype,gated_alive,full,cuda,diagonal_prototype_relu_mean_v1,50,2396799522,a_4a,1,0.5967105627059937,0.5,1,3,0,3000,200,20000,5,mean_all_thresholded_responses
cellcnn_prototype,gated_alive,full,cuda,diagonal_prototype_relu_mean_v1,51,3503732972,a_004,0,0.0016331598162651062,0.5,0,5,1,3000,200,20000,5,mean_all_thresholded_responses
cellcnn_prototype,gated_alive,full,cuda,diagonal_prototype_relu_mean_v1,51,3503732972,a_1a,0,0.7841644644737243,0.5,1,5,1,3000,200,20000,5,mean_all_thresholded_responses
cellcnn_prototype,gated_alive,full,cuda,diagonal_prototype_relu_mean_v1,51,3503732972,a_2a,0,0.7516427993774414,0.5,1,5,1,3000,200,20000,5,mean_all_thresholded_responses
cellcnn_prototype,gated_alive,full,cuda,diagonal_prototype_relu_mean_v1,51,3503732972,a_3b,0,0.4582848012447357,0.5,0,5,1,3000,200,20000,5,mean_all_thresholded_responses
cellcnn_prototype,gated_alive,full,cuda,diagonal_prototype_relu_mean_v1,51,3503732972,a_4a,1,0.9768657445907593,0.5,1,5,1,3000,200,20000,5,mean_all_thresholded_responses
cellcnn_prototype,gated_alive,full,cuda,diagonal_prototype_relu_mean_v1,51,3503732972,a_5a,1,0.7011640191078186,0.5,1,5,1,3000,200,20000,5,mean_all_thresholded_responses
cellcnn_prototype,gated_alive,full,cuda,diagonal_prototype_relu_mean_v1,52,2141779427,a_001,1,0.37652407884597777,0.5,0,3,2,3000,200,20000,5,mean_all_thresholded_responses
cellcnn_prototype,gated_alive,full,cuda,diagonal_prototype_relu_mean_v1,52,2141779427,a_010,0,0.07985475659370422,0.5,0,3,2,3000,200,20000,5,mean_all_thresholded_responses
cellcnn_prototype,gated_alive,full,cuda,diagonal_prototype_relu_mean_v1,52,2141779427,a_011,0,0.6839682936668396,0.5,1,3,2,3000,200,20000,5,mean_all_thresholded_responses
cellcnn_prototype,gated_alive,full,cuda,diagonal_prototype_relu_mean_v1,52,2141779427,a_3a,0,0.3101352214813232,0.5,0,3,2,3000,200,20000,5,mean_all_thresholded_responses
cellcnn_prototype,gated_alive,full,cuda,diagonal_prototype_relu_mean_v1,52,2141779427,a_3b,0,0.37101340889930723,0.5,0,3,2,3000,200,20000,5,mean_all_thresholded_responses
cellcnn_prototype,gated_alive,full,cuda,diagonal_prototype_relu_mean_v1,52,2141779427,a_4a,1,0.9409885287284852,0.5,1,3,2,3000,200,20000,5,mean_all_thresholded_responses
cellcnn_prototype,gated_alive,full,cuda,diagonal_prototype_relu_mean_v1,53,830193079,a_003,0,0.7560053825378418,0.5,1,4,2,3000,200,20000,5,mean_all_thresholded_responses
cellcnn_prototype,gated_alive,full,cuda,diagonal_prototype_relu_mean_v1,53,830193079,a_011,0,0.9999830007553101,0.5,1,4,2,3000,200,20000,5,mean_all_thresholded_responses
cellcnn_prototype,gated_alive,full,cuda,diagonal_prototype_relu_mean_v1,53,830193079,a_012,1,0.9999990224838257,0.5,1,4,2,3000,200,20000,5,mean_all_thresholded_responses
cellcnn_prototype,gated_alive,full,cuda,diagonal_prototype_relu_mean_v1,53,830193079,a_3a,0,0.25928477942943573,0.5,0,4,2,3000,200,20000,5,mean_all_thresholded_responses
cellcnn_prototype,gated_alive,full,cuda,diagonal_prototype_relu_mean_v1,53,830193079,a_3b,0,0.6035109043121338,0.5,1,4,2,3000,200,20000,5,mean_all_thresholded_responses
cellcnn_prototype,gated_alive,full,cuda,diagonal_prototype_relu_mean_v1,53,830193079,a_5b,1,0.9582812190055847,0.5,1,4,2,3000,200,20000,5,mean_all_thresholded_responses
cellcnn_prototype,gated_alive,full,cuda,diagonal_prototype_relu_mean_v1,54,104832471,a_004,0,0.1565619170665741,0.5,0,4,2,3000,200,20000,5,mean_all_thresholded_responses
cellcnn_prototype,gated_alive,full,cuda,diagonal_prototype_relu_mean_v1,54,104832471,a_007,1,0.38098324537277223,0.5,0,4,2,3000,200,20000,5,mean_all_thresholded_responses
cellcnn_prototype,gated_alive,full,cuda,diagonal_prototype_relu_mean_v1,54,104832471,a_011,0,0.5119303107261658,0.5,1,4,2,3000,200,20000,5,mean_all_thresholded_responses
cellcnn_prototype,gated_alive,full,cuda,diagonal_prototype_relu_mean_v1,54,104832471,a_012,1,0.5281636953353882,0.5,1,4,2,3000,200,20000,5,mean_all_thresholded_responses
cellcnn_prototype,gated_alive,full,cuda,diagonal_prototype_relu_mean_v1,54,104832471,a_1a,0,0.7979510664939881,0.5,1,4,2,3000,200,20000,5,mean_all_thresholded_responses
cellcnn_prototype,gated_alive,full,cuda,diagonal_prototype_relu_mean_v1,54,104832471,a_3b,0,0.6830318450927735,0.5,1,4,2,3000,200,20000,5,mean_all_thresholded_responses
cellcnn_prototype,gated_alive,full,cuda,diagonal_prototype_relu_mean_v1,55,556065447,a_003,0,0.06183303445577622,0.5,0,5,0,3000,200,20000,5,mean_all_thresholded_responses
cellcnn_prototype,gated_alive,full,cuda,diagonal_prototype_relu_mean_v1,55,556065447,a_005,1,0.7148193359375,0.5,1,5,0,3000,200,20000,5,mean_all_thresholded_responses
cellcnn_prototype,gated_alive,full,cuda,diagonal_prototype_relu_mean_v1,55,556065447,a_010,0,0.6268428206443787,0.5,1,5,0,3000,200,20000,5,mean_all_thresholded_responses
cellcnn_prototype,gated_alive,full,cuda,diagonal_prototype_relu_mean_v1,55,556065447,a_1a,0,0.5090621113777161,0.5,1,5,0,3000,200,20000,5,mean_all_thresholded_responses
cellcnn_prototype,gated_alive,full,cuda,diagonal_prototype_relu_mean_v1,55,556065447,a_2b,0,0.4276191651821136,0.5,0,5,0,3000,200,20000,5,mean_all_thresholded_responses
cellcnn_prototype,gated_alive,full,cuda,diagonal_prototype_relu_mean_v1,55,556065447,a_4b,1,0.5064186036586762,0.5,1,5,0,3000,200,20000,5,mean_all_thresholded_responses
cellcnn_prototype,gated_alive,full,cuda,diagonal_prototype_relu_mean_v1,56,349892316,a_004,0,0.41149572730064393,0.5,0,3,2,3000,200,20000,5,mean_all_thresholded_responses
cellcnn_prototype,gated_alive,full,cuda,diagonal_prototype_relu_mean_v1,56,349892316,a_010,0,0.4470788300037384,0.5,0,3,2,3000,200,20000,5,mean_all_thresholded_responses
cellcnn_prototype,gated_alive,full,cuda,diagonal_prototype_relu_mean_v1,56,349892316,a_012,1,0.4979141533374786,0.5,0,3,2,3000,200,20000,5,mean_all_thresholded_responses
cellcnn_prototype,gated_alive,full,cuda,diagonal_prototype_relu_mean_v1,56,349892316,a_1a,0,0.5151337862014771,0.5,1,3,2,3000,200,20000,5,mean_all_thresholded_responses
cellcnn_prototype,gated_alive,full,cuda,diagonal_prototype_relu_mean_v1,56,349892316,a_3a,0,0.48155915141105654,0.5,0,3,2,3000,200,20000,5,mean_all_thresholded_responses
cellcnn_prototype,gated_alive,full,cuda,diagonal_prototype_relu_mean_v1,56,349892316,a_5b,1,0.4737559735774994,0.5,0,3,2,3000,200,20000,5,mean_all_thresholded_responses
cellcnn_prototype,gated_alive,full,cuda,diagonal_prototype_relu_mean_v1,57,393697109,a_001,1,0.170020192861557,0.5,0,4,2,3000,200,20000,5,mean_all_thresholded_responses
cellcnn_prototype,gated_alive,full,cuda,diagonal_prototype_relu_mean_v1,57,393697109,a_003,0,0.02702196389436722,0.5,0,4,2,3000,200,20000,5,mean_all_thresholded_responses
cellcnn_prototype,gated_alive,full,cuda,diagonal_prototype_relu_mean_v1,57,393697109,a_2b,0,0.19753026068210602,0.5,0,4,2,3000,200,20000,5,mean_all_thresholded_responses
cellcnn_prototype,gated_alive,full,cuda,diagonal_prototype_relu_mean_v1,57,393697109,a_3a,0,0.23012084662914276,0.5,0,4,2,3000,200,20000,5,mean_all_thresholded_responses
cellcnn_prototype,gated_alive,full,cuda,diagonal_prototype_relu_mean_v1,57,393697109,a_3b,0,0.25672760903835296,0.5,0,4,2,3000,200,20000,5,mean_all_thresholded_responses
cellcnn_prototype,gated_alive,full,cuda,diagonal_prototype_relu_mean_v1,57,393697109,a_4a,1,0.9999115228652954,0.5,1,4,2,3000,200,20000,5,mean_all_thresholded_responses
cellcnn_prototype,gated_alive,full,cuda,diagonal_prototype_relu_mean_v1,58,526061820,a_002,1,0.7927905559539795,0.5,1,5,2,3000,200,20000,5,mean_all_thresholded_responses
cellcnn_prototype,gated_alive,full,cuda,diagonal_prototype_relu_mean_v1,58,526061820,a_004,0,0.21071157455444336,0.5,0,5,2,3000,200,20000,5,mean_all_thresholded_responses
cellcnn_prototype,gated_alive,full,cuda,diagonal_prototype_relu_mean_v1,58,526061820,a_010,0,0.8205668210983277,0.5,1,5,2,3000,200,20000,5,mean_all_thresholded_responses
cellcnn_prototype,gated_alive,full,cuda,diagonal_prototype_relu_mean_v1,58,526061820,a_2b,0,0.6751006603240967,0.5,1,5,2,3000,200,20000,5,mean_all_thresholded_responses
cellcnn_prototype,gated_alive,full,cuda,diagonal_prototype_relu_mean_v1,58,526061820,a_3a,0,0.1418808102607727,0.5,0,5,2,3000,200,20000,5,mean_all_thresholded_responses
cellcnn_prototype,gated_alive,full,cuda,diagonal_prototype_relu_mean_v1,58,526061820,a_4b,1,0.205145862698555,0.5,0,5,2,3000,200,20000,5,mean_all_thresholded_responses
cellcnn_prototype,gated_alive,full,cuda,diagonal_prototype_relu_mean_v1,59,2570830042,a_003,0,0.49410699009895326,0.5,0,4,1,3000,200,20000,5,mean_all_thresholded_responses
cellcnn_prototype,gated_alive,full,cuda,diagonal_prototype_relu_mean_v1,59,2570830042,a_004,0,0.49416281580924987,0.5,0,4,1,3000,200,20000,5,mean_all_thresholded_responses
cellcnn_prototype,gated_alive,full,cuda,diagonal_prototype_relu_mean_v1,59,2570830042,a_012,1,0.4940818428993225,0.5,0,4,1,3000,200,20000,5,mean_all_thresholded_responses
cellcnn_prototype,gated_alive,full,cuda,diagonal_prototype_relu_mean_v1,59,2570830042,a_2a,0,0.49408142566680907,0.5,0,4,1,3000,200,20000,5,mean_all_thresholded_responses
cellcnn_prototype,gated_alive,full,cuda,diagonal_prototype_relu_mean_v1,59,2570830042,a_3a,0,0.49402058124542236,0.5,0,4,1,3000,200,20000,5,mean_all_thresholded_responses
cellcnn_prototype,gated_alive,full,cuda,diagonal_prototype_relu_mean_v1,59,2570830042,a_4b,1,0.49398099780082705,0.5,0,4,1,3000,200,20000,5,mean_all_thresholded_responses
cellcnn_prototype,gated_alive,full,cuda,diagonal_prototype_relu_mean_v1,60,3466446890,a_002,1,0.939069926738739,0.5,1,5,2,3000,200,20000,5,mean_all_thresholded_responses
cellcnn_prototype,gated_alive,full,cuda,diagonal_prototype_relu_mean_v1,60,3466446890,a_009,0,0.9539130091667175,0.5,1,5,2,3000,200,20000,5,mean_all_thresholded_responses
cellcnn_prototype,gated_alive,full,cuda,diagonal_prototype_relu_mean_v1,60,3466446890,a_011,0,0.8667386531829834,0.5,1,5,2,3000,200,20000,5,mean_all_thresholded_responses
cellcnn_prototype,gated_alive,full,cuda,diagonal_prototype_relu_mean_v1,60,3466446890,a_1a,0,0.19799054861068727,0.5,0,5,2,3000,200,20000,5,mean_all_thresholded_responses
cellcnn_prototype,gated_alive,full,cuda,diagonal_prototype_relu_mean_v1,60,3466446890,a_2a,0,0.12122243195772171,0.5,0,5,2,3000,200,20000,5,mean_all_thresholded_responses
cellcnn_prototype,gated_alive,full,cuda,diagonal_prototype_relu_mean_v1,60,3466446890,a_5a,1,0.7937764525413513,0.5,1,5,2,3000,200,20000,5,mean_all_thresholded_responses
cellcnn_prototype,gated_alive,full,cuda,diagonal_prototype_relu_mean_v1,61,3671088524,a_003,0,0.6510556936264038,0.5,1,4,0,3000,200,20000,5,mean_all_thresholded_responses
cellcnn_prototype,gated_alive,full,cuda,diagonal_prototype_relu_mean_v1,61,3671088524,a_009,0,0.9913929462432861,0.5,1,4,0,3000,200,20000,5,mean_all_thresholded_responses
cellcnn_prototype,gated_alive,full,cuda,diagonal_prototype_relu_mean_v1,61,3671088524,a_010,0,0.5420050382614136,0.5,1,4,0,3000,200,20000,5,mean_all_thresholded_responses
cellcnn_prototype,gated_alive,full,cuda,diagonal_prototype_relu_mean_v1,61,3671088524,a_3a,0,0.1238933339715004,0.5,0,4,0,3000,200,20000,5,mean_all_thresholded_responses
cellcnn_prototype,gated_alive,full,cuda,diagonal_prototype_relu_mean_v1,61,3671088524,a_4b,1,0.23479657471179963,0.5,0,4,0,3000,200,20000,5,mean_all_thresholded_responses
cellcnn_prototype,gated_alive,full,cuda,diagonal_prototype_relu_mean_v1,61,3671088524,a_5a,1,0.8196682929992676,0.5,1,4,0,3000,200,20000,5,mean_all_thresholded_responses
cellcnn_prototype,gated_alive,full,cuda,diagonal_prototype_relu_mean_v1,62,2806373941,a_002,1,0.9970731139183044,0.5,1,5,0,3000,200,20000,5,mean_all_thresholded_responses
cellcnn_prototype,gated_alive,full,cuda,diagonal_prototype_relu_mean_v1,62,2806373941,a_009,0,0.999296224117279,0.5,1,5,0,3000,200,20000,5,mean_all_thresholded_responses
cellcnn_prototype,gated_alive,full,cuda,diagonal_prototype_relu_mean_v1,62,2806373941,a_011,0,0.2375679701566696,0.5,0,5,0,3000,200,20000,5,mean_all_thresholded_responses
cellcnn_prototype,gated_alive,full,cuda,diagonal_prototype_relu_mean_v1,62,2806373941,a_1a,0,0.6859473824501038,0.5,1,5,0,3000,200,20000,5,mean_all_thresholded_responses
cellcnn_prototype,gated_alive,full,cuda,diagonal_prototype_relu_mean_v1,62,2806373941,a_2a,0,0.10245410799980163,0.5,0,5,0,3000,200,20000,5,mean_all_thresholded_responses
cellcnn_prototype,gated_alive,full,cuda,diagonal_prototype_relu_mean_v1,62,2806373941,a_4a,1,0.9999552965164185,0.5,1,5,0,3000,200,20000,5,mean_all_thresholded_responses
cellcnn_prototype,gated_alive,full,cuda,diagonal_prototype_relu_mean_v1,63,2583943556,a_011,0,0.43354170918464663,0.5,0,3,1,3000,200,20000,5,mean_all_thresholded_responses
cellcnn_prototype,gated_alive,full,cuda,diagonal_prototype_relu_mean_v1,63,2583943556,a_2b,0,0.4335391640663147,0.5,0,3,1,3000,200,20000,5,mean_all_thresholded_responses
cellcnn_prototype,gated_alive,full,cuda,diagonal_prototype_relu_mean_v1,63,2583943556,a_3a,0,0.4335413217544556,0.5,0,3,1,3000,200,20000,5,mean_all_thresholded_responses
cellcnn_prototype,gated_alive,full,cuda,diagonal_prototype_relu_mean_v1,63,2583943556,a_3b,0,0.4335420787334442,0.5,0,3,1,3000,200,20000,5,mean_all_thresholded_responses
cellcnn_prototype,gated_alive,full,cuda,diagonal_prototype_relu_mean_v1,63,2583943556,a_4a,1,0.43354212641716006,0.5,0,3,1,3000,200,20000,5,mean_all_thresholded_responses
cellcnn_prototype,gated_alive,full,cuda,diagonal_prototype_relu_mean_v1,63,2583943556,a_4b,1,0.43354228138923645,0.5,0,3,1,3000,200,20000,5,mean_all_thresholded_responses
cellcnn_prototype,gated_alive,full,cuda,diagonal_prototype_relu_mean_v1,64,1424584135,a_003,0,0.7979602098464966,0.5,1,3,1,3000,200,20000,5,mean_all_thresholded_responses
cellcnn_prototype,gated_alive,full,cuda,diagonal_prototype_relu_mean_v1,64,1424584135,a_009,0,0.9577063798904419,0.5,1,3,1,3000,200,20000,5,mean_all_thresholded_responses
cellcnn_prototype,gated_alive,full,cuda,diagonal_prototype_relu_mean_v1,64,1424584135,a_011,0,0.8131370663642883,0.5,1,3,1,3000,200,20000,5,mean_all_thresholded_responses
cellcnn_prototype,gated_alive,full,cuda,diagonal_prototype_relu_mean_v1,64,1424584135,a_012,1,0.9627781629562377,0.5,1,3,1,3000,200,20000,5,mean_all_thresholded_responses
cellcnn_prototype,gated_alive,full,cuda,diagonal_prototype_relu_mean_v1,64,1424584135,a_3a,0,0.16625162065029145,0.5,0,3,1,3000,200,20000,5,mean_all_thresholded_responses
cellcnn_prototype,gated_alive,full,cuda,diagonal_prototype_relu_mean_v1,64,1424584135,a_5a,1,0.8587977886199951,0.5,1,3,1,3000,200,20000,5,mean_all_thresholded_responses
cellcnn_prototype,gated_alive,full,cuda,diagonal_prototype_relu_mean_v1,65,4002859530,a_004,0,0.0004718569980468601,0.5,0,4,1,3000,200,20000,5,mean_all_thresholded_responses
cellcnn_prototype,gated_alive,full,cuda,diagonal_prototype_relu_mean_v1,65,4002859530,a_009,0,0.999555504322052,0.5,1,4,1,3000,200,20000,5,mean_all_thresholded_responses
cellcnn_prototype,gated_alive,full,cuda,diagonal_prototype_relu_mean_v1,65,4002859530,a_2b,0,0.0040125379804521796,0.5,0,4,1,3000,200,20000,5,mean_all_thresholded_responses
cellcnn_prototype,gated_alive,full,cuda,diagonal_prototype_relu_mean_v1,65,4002859530,a_3b,0,0.17795635461807252,0.5,0,4,1,3000,200,20000,5,mean_all_thresholded_responses
cellcnn_prototype,gated_alive,full,cuda,diagonal_prototype_relu_mean_v1,65,4002859530,a_4a,1,0.996228289604187,0.5,1,4,1,3000,200,20000,5,mean_all_thresholded_responses
cellcnn_prototype,gated_alive,full,cuda,diagonal_prototype_relu_mean_v1,65,4002859530,a_5b,1,0.9877784729003907,0.5,1,4,1,3000,200,20000,5,mean_all_thresholded_responses
cellcnn_prototype,gated_alive,full,cuda,diagonal_prototype_relu_mean_v1,66,2751328124,a_006,0,0.3662209868431091,0.5,0,5,0,3000,200,20000,5,mean_all_thresholded_responses
cellcnn_prototype,gated_alive,full,cuda,diagonal_prototype_relu_mean_v1,66,2751328124,a_007,1,0.4831314504146576,0.5,0,5,0,3000,200,20000,5,mean_all_thresholded_responses
cellcnn_prototype,gated_alive,full,cuda,diagonal_prototype_relu_mean_v1,66,2751328124,a_012,1,0.514711731672287,0.5,1,5,0,3000,200,20000,5,mean_all_thresholded_responses
cellcnn_prototype,gated_alive,full,cuda,diagonal_prototype_relu_mean_v1,66,2751328124,a_1a,0,0.28120373487472533,0.5,0,5,0,3000,200,20000,5,mean_all_thresholded_responses
cellcnn_prototype,gated_alive,full,cuda,diagonal_prototype_relu_mean_v1,66,2751328124,a_2a,0,0.12039005309343338,0.5,0,5,0,3000,200,20000,5,mean_all_thresholded_responses
cellcnn_prototype,gated_alive,full,cuda,diagonal_prototype_relu_mean_v1,66,2751328124,a_3a,0,0.1157815396785736,0.5,0,5,0,3000,200,20000,5,mean_all_thresholded_responses
cellcnn_prototype,gated_alive,full,cuda,diagonal_prototype_relu_mean_v1,67,3112912241,a_009,0,0.9996478319168091,0.5,1,4,2,3000,200,20000,5,mean_all_thresholded_responses
cellcnn_prototype,gated_alive,full,cuda,diagonal_prototype_relu_mean_v1,67,3112912241,a_011,0,0.48475693464279174,0.5,0,4,2,3000,200,20000,5,mean_all_thresholded_responses
cellcnn_prototype,gated_alive,full,cuda,diagonal_prototype_relu_mean_v1,67,3112912241,a_3a,0,0.031027820706367493,0.5,0,4,2,3000,200,20000,5,mean_all_thresholded_responses
cellcnn_prototype,gated_alive,full,cuda,diagonal_prototype_relu_mean_v1,67,3112912241,a_3b,0,0.09766941368579865,0.5,0,4,2,3000,200,20000,5,mean_all_thresholded_responses
cellcnn_prototype,gated_alive,full,cuda,diagonal_prototype_relu_mean_v1,67,3112912241,a_4b,1,0.30284916162490844,0.5,0,4,2,3000,200,20000,5,mean_all_thresholded_responses
cellcnn_prototype,gated_alive,full,cuda,diagonal_prototype_relu_mean_v1,67,3112912241,a_5a,1,0.9823926091194153,0.5,1,4,2,3000,200,20000,5,mean_all_thresholded_responses
cellcnn_prototype,gated_alive,full,cuda,diagonal_prototype_relu_mean_v1,68,3152106376,a_002,1,0.7613853693008423,0.5,1,5,2,3000,200,20000,5,mean_all_thresholded_responses
cellcnn_prototype,gated_alive,full,cuda,diagonal_prototype_relu_mean_v1,68,3152106376,a_003,0,0.2031393200159073,0.5,0,5,2,3000,200,20000,5,mean_all_thresholded_responses
cellcnn_prototype,gated_alive,full,cuda,diagonal_prototype_relu_mean_v1,68,3152106376,a_006,0,0.3083316445350647,0.5,0,5,2,3000,200,20000,5,mean_all_thresholded_responses
cellcnn_prototype,gated_alive,full,cuda,diagonal_prototype_relu_mean_v1,68,3152106376,a_010,0,0.2652945637702942,0.5,0,5,2,3000,200,20000,5,mean_all_thresholded_responses
cellcnn_prototype,gated_alive,full,cuda,diagonal_prototype_relu_mean_v1,68,3152106376,a_2a,0,0.3132342755794525,0.5,0,5,2,3000,200,20000,5,mean_all_thresholded_responses
cellcnn_prototype,gated_alive,full,cuda,diagonal_prototype_relu_mean_v1,68,3152106376,a_4a,1,0.9394472479820252,0.5,1,5,2,3000,200,20000,5,mean_all_thresholded_responses
cellcnn_prototype,gated_alive,full,cuda,diagonal_prototype_relu_mean_v1,69,3696039763,a_001,1,0.14843154847621917,0.5,0,3,2,3000,200,20000,5,mean_all_thresholded_responses
cellcnn_prototype,gated_alive,full,cuda,diagonal_prototype_relu_mean_v1,69,3696039763,a_002,1,0.7691848993301391,0.5,1,3,2,3000,200,20000,5,mean_all_thresholded_responses
cellcnn_prototype,gated_alive,full,cuda,diagonal_prototype_relu_mean_v1,69,3696039763,a_003,0,0.9685116887092591,0.5,1,3,2,3000,200,20000,5,mean_all_thresholded_responses
cellcnn_prototype,gated_alive,full,cuda,diagonal_prototype_relu_mean_v1,69,3696039763,a_010,0,0.0730517938733101,0.5,0,3,2,3000,200,20000,5,mean_all_thresholded_responses
cellcnn_prototype,gated_alive,full,cuda,diagonal_prototype_relu_mean_v1,69,3696039763,a_011,0,0.999618649482727,0.5,1,3,2,3000,200,20000,5,mean_all_thresholded_responses
cellcnn_prototype,gated_alive,full,cuda,diagonal_prototype_relu_mean_v1,69,3696039763,a_3a,0,0.0237557839602232,0.5,0,3,2,3000,200,20000,5,mean_all_thresholded_responses
cellcnn_prototype,gated_alive,full,cuda,diagonal_prototype_relu_mean_v1,70,3017305172,a_001,1,0.5754604339599609,0.5,1,4,0,3000,200,20000,5,mean_all_thresholded_responses
cellcnn_prototype,gated_alive,full,cuda,diagonal_prototype_relu_mean_v1,70,3017305172,a_011,0,0.5763338327407836,0.5,1,4,0,3000,200,20000,5,mean_all_thresholded_responses
cellcnn_prototype,gated_alive,full,cuda,diagonal_prototype_relu_mean_v1,70,3017305172,a_2a,0,0.5757529377937317,0.5,1,4,0,3000,200,20000,5,mean_all_thresholded_responses
cellcnn_prototype,gated_alive,full,cuda,diagonal_prototype_relu_mean_v1,70,3017305172,a_3a,0,0.5759957313537598,0.5,1,4,0,3000,200,20000,5,mean_all_thresholded_responses
cellcnn_prototype,gated_alive,full,cuda,diagonal_prototype_relu_mean_v1,70,3017305172,a_3b,0,0.5761683106422424,0.5,1,4,0,3000,200,20000,5,mean_all_thresholded_responses
cellcnn_prototype,gated_alive,full,cuda,diagonal_prototype_relu_mean_v1,70,3017305172,a_4a,1,0.5768410205841065,0.5,1,4,0,3000,200,20000,5,mean_all_thresholded_responses
cellcnn_prototype,gated_alive,full,cuda,diagonal_prototype_relu_mean_v1,71,3991475463,a_004,0,0.023112491145730017,0.5,0,3,2,3000,200,20000,5,mean_all_thresholded_responses
cellcnn_prototype,gated_alive,full,cuda,diagonal_prototype_relu_mean_v1,71,3991475463,a_005,1,0.39664365649223327,0.5,0,3,2,3000,200,20000,5,mean_all_thresholded_responses
cellcnn_prototype,gated_alive,full,cuda,diagonal_prototype_relu_mean_v1,71,3991475463,a_007,1,0.4004252851009369,0.5,0,3,2,3000,200,20000,5,mean_all_thresholded_responses
cellcnn_prototype,gated_alive,full,cuda,diagonal_prototype_relu_mean_v1,71,3991475463,a_011,0,0.8776910781860352,0.5,1,3,2,3000,200,20000,5,mean_all_thresholded_responses
cellcnn_prototype,gated_alive,full,cuda,diagonal_prototype_relu_mean_v1,71,3991475463,a_1a,0,0.9317384123802185,0.5,1,3,2,3000,200,20000,5,mean_all_thresholded_responses
cellcnn_prototype,gated_alive,full,cuda,diagonal_prototype_relu_mean_v1,71,3991475463,a_3b,0,0.4297344207763672,0.5,0,3,2,3000,200,20000,5,mean_all_thresholded_responses
cellcnn_prototype,gated_alive,full,cuda,diagonal_prototype_relu_mean_v1,72,2325576896,a_004,0,0.5145828008651734,0.5,1,4,0,3000,200,20000,5,mean_all_thresholded_responses
cellcnn_prototype,gated_alive,full,cuda,diagonal_prototype_relu_mean_v1,72,2325576896,a_005,1,0.5138391852378845,0.5,1,4,0,3000,200,20000,5,mean_all_thresholded_responses
cellcnn_prototype,gated_alive,full,cuda,diagonal_prototype_relu_mean_v1,72,2325576896,a_2a,0,0.5148421406745911,0.5,1,4,0,3000,200,20000,5,mean_all_thresholded_responses
cellcnn_prototype,gated_alive,full,cuda,diagonal_prototype_relu_mean_v1,72,2325576896,a_2b,0,0.515352725982666,0.5,1,4,0,3000,200,20000,5,mean_all_thresholded_responses
cellcnn_prototype,gated_alive,full,cuda,diagonal_prototype_relu_mean_v1,72,2325576896,a_3b,0,0.5154587984085083,0.5,1,4,0,3000,200,20000,5,mean_all_thresholded_responses
cellcnn_prototype,gated_alive,full,cuda,diagonal_prototype_relu_mean_v1,72,2325576896,a_4b,1,0.5152235984802246,0.5,1,4,0,3000,200,20000,5,mean_all_thresholded_responses
cellcnn_prototype,gated_alive,full,cuda,diagonal_prototype_relu_mean_v1,73,2345851045,a_001,1,0.22893615961074829,0.5,0,3,2,3000,200,20000,5,mean_all_thresholded_responses
cellcnn_prototype,gated_alive,full,cuda,diagonal_prototype_relu_mean_v1,73,2345851045,a_003,0,0.5807627320289612,0.5,1,3,2,3000,200,20000,5,mean_all_thresholded_responses
cellcnn_prototype,gated_alive,full,cuda,diagonal_prototype_relu_mean_v1,73,2345851045,a_011,0,0.6277711868286133,0.5,1,3,2,3000,200,20000,5,mean_all_thresholded_responses
cellcnn_prototype,gated_alive,full,cuda,diagonal_prototype_relu_mean_v1,73,2345851045,a_2b,0,0.12471142411231995,0.5,0,3,2,3000,200,20000,5,mean_all_thresholded_responses
cellcnn_prototype,gated_alive,full,cuda,diagonal_prototype_relu_mean_v1,73,2345851045,a_3b,0,0.3303176999092102,0.5,0,3,2,3000,200,20000,5,mean_all_thresholded_responses
cellcnn_prototype,gated_alive,full,cuda,diagonal_prototype_relu_mean_v1,73,2345851045,a_5a,1,0.7412083387374878,0.5,1,3,2,3000,200,20000,5,mean_all_thresholded_responses
cellcnn_prototype,gated_alive,full,cuda,diagonal_prototype_relu_mean_v1,74,1078349150,a_001,1,0.49451862573623656,0.5,0,4,2,3000,200,20000,5,mean_all_thresholded_responses
cellcnn_prototype,gated_alive,full,cuda,diagonal_prototype_relu_mean_v1,74,1078349150,a_003,0,0.593878161907196,0.5,1,4,2,3000,200,20000,5,mean_all_thresholded_responses
cellcnn_prototype,gated_alive,full,cuda,diagonal_prototype_relu_mean_v1,74,1078349150,a_009,0,0.6514649271965027,0.5,1,4,2,3000,200,20000,5,mean_all_thresholded_responses
cellcnn_prototype,gated_alive,full,cuda,diagonal_prototype_relu_mean_v1,74,1078349150,a_012,1,0.3838299155235291,0.5,0,4,2,3000,200,20000,5,mean_all_thresholded_responses
cellcnn_prototype,gated_alive,full,cuda,diagonal_prototype_relu_mean_v1,74,1078349150,a_1a,0,0.5556550025939941,0.5,1,4,2,3000,200,20000,5,mean_all_thresholded_responses
cellcnn_prototype,gated_alive,full,cuda,diagonal_prototype_relu_mean_v1,74,1078349150,a_2a,0,0.36015771627426146,0.5,0,4,2,3000,200,20000,5,mean_all_thresholded_responses
cellcnn_prototype,gated_alive,full,cuda,diagonal_prototype_relu_mean_v1,75,4027274691,a_004,0,0.11450524479150773,0.5,0,4,1,3000,200,20000,5,mean_all_thresholded_responses
cellcnn_prototype,gated_alive,full,cuda,diagonal_prototype_relu_mean_v1,75,4027274691,a_005,1,0.43954006433486936,0.5,0,4,1,3000,200,20000,5,mean_all_thresholded_responses
cellcnn_prototype,gated_alive,full,cuda,diagonal_prototype_relu_mean_v1,75,4027274691,a_007,1,0.45486528873443605,0.5,0,4,1,3000,200,20000,5,mean_all_thresholded_responses
cellcnn_prototype,gated_alive,full,cuda,diagonal_prototype_relu_mean_v1,75,4027274691,a_1a,0,0.7716308474540711,0.5,1,4,1,3000,200,20000,5,mean_all_thresholded_responses
cellcnn_prototype,gated_alive,full,cuda,diagonal_prototype_relu_mean_v1,75,4027274691,a_2a,0,0.5683259606361389,0.5,1,4,1,3000,200,20000,5,mean_all_thresholded_responses
cellcnn_prototype,gated_alive,full,cuda,diagonal_prototype_relu_mean_v1,75,4027274691,a_2b,0,0.3938430607318878,0.5,0,4,1,3000,200,20000,5,mean_all_thresholded_responses
cellcnn_prototype,gated_alive,full,cuda,diagonal_prototype_relu_mean_v1,76,2374937433,a_009,0,0.830081045627594,0.5,1,5,2,3000,200,20000,5,mean_all_thresholded_responses
cellcnn_prototype,gated_alive,full,cuda,diagonal_prototype_relu_mean_v1,76,2374937433,a_011,0,0.6484131932258606,0.5,1,5,2,3000,200,20000,5,mean_all_thresholded_responses
cellcnn_prototype,gated_alive,full,cuda,diagonal_prototype_relu_mean_v1,76,2374937433,a_1a,0,0.32438468337059023,0.5,0,5,2,3000,200,20000,5,mean_all_thresholded_responses
cellcnn_prototype,gated_alive,full,cuda,diagonal_prototype_relu_mean_v1,76,2374937433,a_3a,0,0.1886582314968109,0.5,0,5,2,3000,200,20000,5,mean_all_thresholded_responses
cellcnn_prototype,gated_alive,full,cuda,diagonal_prototype_relu_mean_v1,76,2374937433,a_4a,1,0.9755798816680908,0.5,1,5,2,3000,200,20000,5,mean_all_thresholded_responses
cellcnn_prototype,gated_alive,full,cuda,diagonal_prototype_relu_mean_v1,76,2374937433,a_5b,1,0.7690170407295227,0.5,1,5,2,3000,200,20000,5,mean_all_thresholded_responses
cellcnn_prototype,gated_alive,full,cuda,diagonal_prototype_relu_mean_v1,77,2125957013,a_001,1,0.48480805158615115,0.5,0,3,1,3000,200,20000,5,mean_all_thresholded_responses
cellcnn_prototype,gated_alive,full,cuda,diagonal_prototype_relu_mean_v1,77,2125957013,a_006,0,0.48376424312591554,0.5,0,3,1,3000,200,20000,5,mean_all_thresholded_responses
cellcnn_prototype,gated_alive,full,cuda,diagonal_prototype_relu_mean_v1,77,2125957013,a_011,0,0.4829514563083649,0.5,0,3,1,3000,200,20000,5,mean_all_thresholded_responses
cellcnn_prototype,gated_alive,full,cuda,diagonal_prototype_relu_mean_v1,77,2125957013,a_3a,0,0.4830226838588715,0.5,0,3,1,3000,200,20000,5,mean_all_thresholded_responses
cellcnn_prototype,gated_alive,full,cuda,diagonal_prototype_relu_mean_v1,77,2125957013,a_3b,0,0.48298335671424864,0.5,0,3,1,3000,200,20000,5,mean_all_thresholded_responses
cellcnn_prototype,gated_alive,full,cuda,diagonal_prototype_relu_mean_v1,77,2125957013,a_4a,1,0.48289873003959655,0.5,0,3,1,3000,200,20000,5,mean_all_thresholded_responses
cellcnn_prototype,gated_alive,full,cuda,diagonal_prototype_relu_mean_v1,78,1358653540,a_002,1,0.9585063934326172,0.5,1,3,0,3000,200,20000,5,mean_all_thresholded_responses
cellcnn_prototype,gated_alive,full,cuda,diagonal_prototype_relu_mean_v1,78,1358653540,a_003,0,0.24199776649475097,0.5,0,3,0,3000,200,20000,5,mean_all_thresholded_responses
cellcnn_prototype,gated_alive,full,cuda,diagonal_prototype_relu_mean_v1,78,1358653540,a_009,0,0.9876691460609436,0.5,1,3,0,3000,200,20000,5,mean_all_thresholded_responses
cellcnn_prototype,gated_alive,full,cuda,diagonal_prototype_relu_mean_v1,78,1358653540,a_012,1,0.3208108425140381,0.5,0,3,0,3000,200,20000,5,mean_all_thresholded_responses
cellcnn_prototype,gated_alive,full,cuda,diagonal_prototype_relu_mean_v1,78,1358653540,a_2b,0,0.09076321572065353,0.5,0,3,0,3000,200,20000,5,mean_all_thresholded_responses
cellcnn_prototype,gated_alive,full,cuda,diagonal_prototype_relu_mean_v1,78,1358653540,a_3b,0,0.2422128975391388,0.5,0,3,0,3000,200,20000,5,mean_all_thresholded_responses
cellcnn_prototype,gated_alive,full,cuda,diagonal_prototype_relu_mean_v1,79,1175846864,a_002,1,0.43002411127090456,0.5,0,4,1,3000,200,20000,5,mean_all_thresholded_responses
cellcnn_prototype,gated_alive,full,cuda,diagonal_prototype_relu_mean_v1,79,1175846864,a_004,0,0.4307417571544647,0.5,0,4,1,3000,200,20000,5,mean_all_thresholded_responses
cellcnn_prototype,gated_alive,full,cuda,diagonal_prototype_relu_mean_v1,79,1175846864,a_011,0,0.43253372311592103,0.5,0,4,1,3000,200,20000,5,mean_all_thresholded_responses
cellcnn_prototype,gated_alive,full,cuda,diagonal_prototype_relu_mean_v1,79,1175846864,a_2b,0,0.4292923748493195,0.5,0,4,1,3000,200,20000,5,mean_all_thresholded_responses
cellcnn_prototype,gated_alive,full,cuda,diagonal_prototype_relu_mean_v1,79,1175846864,a_3a,0,0.4306744813919067,0.5,0,4,1,3000,200,20000,5,mean_all_thresholded_responses
cellcnn_prototype,gated_alive,full,cuda,diagonal_prototype_relu_mean_v1,79,1175846864,a_5a,1,0.4311595618724823,0.5,0,4,1,3000,200,20000,5,mean_all_thresholded_responses
cellcnn_prototype,gated_alive,full,cuda,diagonal_prototype_relu_mean_v1,80,2719779336,a_007,1,0.3446578562259674,0.5,0,4,2,3000,200,20000,5,mean_all_thresholded_responses
cellcnn_prototype,gated_alive,full,cuda,diagonal_prototype_relu_mean_v1,80,2719779336,a_009,0,0.9600713133811951,0.5,1,4,2,3000,200,20000,5,mean_all_thresholded_responses
cellcnn_prototype,gated_alive,full,cuda,diagonal_prototype_relu_mean_v1,80,2719779336,a_011,0,0.416660463809967,0.5,0,4,2,3000,200,20000,5,mean_all_thresholded_responses
cellcnn_prototype,gated_alive,full,cuda,diagonal_prototype_relu_mean_v1,80,2719779336,a_2a,0,0.21561929285526277,0.5,0,4,2,3000,200,20000,5,mean_all_thresholded_responses
cellcnn_prototype,gated_alive,full,cuda,diagonal_prototype_relu_mean_v1,80,2719779336,a_3b,0,0.2896844923496246,0.5,0,4,2,3000,200,20000,5,mean_all_thresholded_responses
cellcnn_prototype,gated_alive,full,cuda,diagonal_prototype_relu_mean_v1,80,2719779336,a_5a,1,0.8567228794097901,0.5,1,4,2,3000,200,20000,5,mean_all_thresholded_responses
cellcnn_prototype,gated_alive,full,cuda,diagonal_prototype_relu_mean_v1,81,1940374772,a_003,0,0.9967146754264832,0.5,1,4,2,3000,200,20000,5,mean_all_thresholded_responses
cellcnn_prototype,gated_alive,full,cuda,diagonal_prototype_relu_mean_v1,81,1940374772,a_004,0,0.004529684688895941,0.5,0,4,2,3000,200,20000,5,mean_all_thresholded_responses
cellcnn_prototype,gated_alive,full,cuda,diagonal_prototype_relu_mean_v1,81,1940374772,a_007,1,0.23962372839450835,0.5,0,4,2,3000,200,20000,5,mean_all_thresholded_responses
cellcnn_prototype,gated_alive,full,cuda,diagonal_prototype_relu_mean_v1,81,1940374772,a_009,0,0.9998013496398925,0.5,1,4,2,3000,200,20000,5,mean_all_thresholded_responses
cellcnn_prototype,gated_alive,full,cuda,diagonal_prototype_relu_mean_v1,81,1940374772,a_011,0,0.9969553232192994,0.5,1,4,2,3000,200,20000,5,mean_all_thresholded_responses
cellcnn_prototype,gated_alive,full,cuda,diagonal_prototype_relu_mean_v1,81,1940374772,a_5b,1,0.9792714953422547,0.5,1,4,2,3000,200,20000,5,mean_all_thresholded_responses
cellcnn_prototype,gated_alive,full,cuda,diagonal_prototype_relu_mean_v1,82,2439679748,a_009,0,0.9999024629592895,0.5,1,4,0,3000,200,20000,5,mean_all_thresholded_responses
cellcnn_prototype,gated_alive,full,cuda,diagonal_prototype_relu_mean_v1,82,2439679748,a_011,0,0.9869394779205323,0.5,1,4,0,3000,200,20000,5,mean_all_thresholded_responses
cellcnn_prototype,gated_alive,full,cuda,diagonal_prototype_relu_mean_v1,82,2439679748,a_1a,0,0.7992875576019287,0.5,1,4,0,3000,200,20000,5,mean_all_thresholded_responses
cellcnn_prototype,gated_alive,full,cuda,diagonal_prototype_relu_mean_v1,82,2439679748,a_3b,0,0.5013638377189636,0.5,1,4,0,3000,200,20000,5,mean_all_thresholded_responses
cellcnn_prototype,gated_alive,full,cuda,diagonal_prototype_relu_mean_v1,82,2439679748,a_4a,1,0.9999996423721313,0.5,1,4,0,3000,200,20000,5,mean_all_thresholded_responses
cellcnn_prototype,gated_alive,full,cuda,diagonal_prototype_relu_mean_v1,82,2439679748,a_5b,1,0.7414633750915527,0.5,1,4,0,3000,200,20000,5,mean_all_thresholded_responses
cellcnn_prototype,gated_alive,full,cuda,diagonal_prototype_relu_mean_v1,83,2856320425,a_004,0,0.29016103148460387,0.5,0,5,1,3000,200,20000,5,mean_all_thresholded_responses
cellcnn_prototype,gated_alive,full,cuda,diagonal_prototype_relu_mean_v1,83,2856320425,a_012,1,0.5712748050689698,0.5,1,5,1,3000,200,20000,5,mean_all_thresholded_responses
cellcnn_prototype,gated_alive,full,cuda,diagonal_prototype_relu_mean_v1,83,2856320425,a_2a,0,0.4355190277099609,0.5,0,5,1,3000,200,20000,5,mean_all_thresholded_responses
cellcnn_prototype,gated_alive,full,cuda,diagonal_prototype_relu_mean_v1,83,2856320425,a_2b,0,0.3967463314533234,0.5,0,5,1,3000,200,20000,5,mean_all_thresholded_responses
cellcnn_prototype,gated_alive,full,cuda,diagonal_prototype_relu_mean_v1,83,2856320425,a_3b,0,0.4322130620479584,0.5,0,5,1,3000,200,20000,5,mean_all_thresholded_responses
cellcnn_prototype,gated_alive,full,cuda,diagonal_prototype_relu_mean_v1,83,2856320425,a_5a,1,0.5140735983848572,0.5,1,5,1,3000,200,20000,5,mean_all_thresholded_responses
cellcnn_prototype,gated_alive,full,cuda,diagonal_prototype_relu_mean_v1,84,3861219000,a_002,1,0.9999505996704101,0.5,1,4,2,3000,200,20000,5,mean_all_thresholded_responses
cellcnn_prototype,gated_alive,full,cuda,diagonal_prototype_relu_mean_v1,84,3861219000,a_006,0,0.9969261050224304,0.5,1,4,2,3000,200,20000,5,mean_all_thresholded_responses
cellcnn_prototype,gated_alive,full,cuda,diagonal_prototype_relu_mean_v1,84,3861219000,a_009,0,0.9999716281890869,0.5,1,4,2,3000,200,20000,5,mean_all_thresholded_responses
cellcnn_prototype,gated_alive,full,cuda,diagonal_prototype_relu_mean_v1,84,3861219000,a_010,0,0.9833149075508117,0.5,1,4,2,3000,200,20000,5,mean_all_thresholded_responses
cellcnn_prototype,gated_alive,full,cuda,diagonal_prototype_relu_mean_v1,84,3861219000,a_012,1,0.05906954854726791,0.5,0,4,2,3000,200,20000,5,mean_all_thresholded_responses
cellcnn_prototype,gated_alive,full,cuda,diagonal_prototype_relu_mean_v1,84,3861219000,a_2a,0,0.11082136482000352,0.5,0,4,2,3000,200,20000,5,mean_all_thresholded_responses
cellcnn_prototype,gated_alive,full,cuda,diagonal_prototype_relu_mean_v1,85,1421165723,a_003,0,0.4825356721878052,0.5,0,3,1,3000,200,20000,5,mean_all_thresholded_responses
cellcnn_prototype,gated_alive,full,cuda,diagonal_prototype_relu_mean_v1,85,1421165723,a_004,0,0.4834433555603027,0.5,0,3,1,3000,200,20000,5,mean_all_thresholded_responses
cellcnn_prototype,gated_alive,full,cuda,diagonal_prototype_relu_mean_v1,85,1421165723,a_2a,0,0.48289908170700074,0.5,0,3,1,3000,200,20000,5,mean_all_thresholded_responses
cellcnn_prototype,gated_alive,full,cuda,diagonal_prototype_relu_mean_v1,85,1421165723,a_3b,0,0.4823257505893707,0.5,0,3,1,3000,200,20000,5,mean_all_thresholded_responses
cellcnn_prototype,gated_alive,full,cuda,diagonal_prototype_relu_mean_v1,85,1421165723,a_4b,1,0.4826907694339752,0.5,0,3,1,3000,200,20000,5,mean_all_thresholded_responses
cellcnn_prototype,gated_alive,full,cuda,diagonal_prototype_relu_mean_v1,85,1421165723,a_5b,1,0.48157237768173217,0.5,0,3,1,3000,200,20000,5,mean_all_thresholded_responses
cellcnn_prototype,gated_alive,full,cuda,diagonal_prototype_relu_mean_v1,86,2927228676,a_002,1,0.6990602970123291,0.5,1,3,2,3000,200,20000,5,mean_all_thresholded_responses
cellcnn_prototype,gated_alive,full,cuda,diagonal_prototype_relu_mean_v1,86,2927228676,a_010,0,0.24546554684638977,0.5,0,3,2,3000,200,20000,5,mean_all_thresholded_responses
cellcnn_prototype,gated_alive,full,cuda,diagonal_prototype_relu_mean_v1,86,2927228676,a_011,0,0.7620959281921387,0.5,1,3,2,3000,200,20000,5,mean_all_thresholded_responses
cellcnn_prototype,gated_alive,full,cuda,diagonal_prototype_relu_mean_v1,86,2927228676,a_1a,0,0.6676239252090455,0.5,1,3,2,3000,200,20000,5,mean_all_thresholded_responses
cellcnn_prototype,gated_alive,full,cuda,diagonal_prototype_relu_mean_v1,86,2927228676,a_3a,0,0.3533930003643036,0.5,0,3,2,3000,200,20000,5,mean_all_thresholded_responses
cellcnn_prototype,gated_alive,full,cuda,diagonal_prototype_relu_mean_v1,86,2927228676,a_4b,1,0.803886353969574,0.5,1,3,2,3000,200,20000,5,mean_all_thresholded_responses
cellcnn_prototype,gated_alive,full,cuda,diagonal_prototype_relu_mean_v1,87,3880305411,a_001,1,0.642230772972107,0.5,1,3,2,3000,200,20000,5,mean_all_thresholded_responses
cellcnn_prototype,gated_alive,full,cuda,diagonal_prototype_relu_mean_v1,87,3880305411,a_004,0,0.011493481323122978,0.5,0,3,2,3000,200,20000,5,mean_all_thresholded_responses
cellcnn_prototype,gated_alive,full,cuda,diagonal_prototype_relu_mean_v1,87,3880305411,a_006,0,0.24658275544643402,0.5,0,3,2,3000,200,20000,5,mean_all_thresholded_responses
cellcnn_prototype,gated_alive,full,cuda,diagonal_prototype_relu_mean_v1,87,3880305411,a_009,0,0.9194316029548645,0.5,1,3,2,3000,200,20000,5,mean_all_thresholded_responses
cellcnn_prototype,gated_alive,full,cuda,diagonal_prototype_relu_mean_v1,87,3880305411,a_2b,0,0.021736767888069154,0.5,0,3,2,3000,200,20000,5,mean_all_thresholded_responses
cellcnn_prototype,gated_alive,full,cuda,diagonal_prototype_relu_mean_v1,87,3880305411,a_4b,1,0.7545002698898315,0.5,1,3,2,3000,200,20000,5,mean_all_thresholded_responses
cellcnn_prototype,gated_alive,full,cuda,diagonal_prototype_relu_mean_v1,88,1970904393,a_001,1,0.5187771320343018,0.5,1,5,0,3000,200,20000,5,mean_all_thresholded_responses
cellcnn_prototype,gated_alive,full,cuda,diagonal_prototype_relu_mean_v1,88,1970904393,a_004,0,0.5221765041351318,0.5,1,5,0,3000,200,20000,5,mean_all_thresholded_responses
cellcnn_prototype,gated_alive,full,cuda,diagonal_prototype_relu_mean_v1,88,1970904393,a_010,0,0.5188918828964233,0.5,1,5,0,3000,200,20000,5,mean_all_thresholded_responses
cellcnn_prototype,gated_alive,full,cuda,diagonal_prototype_relu_mean_v1,88,1970904393,a_1a,0,0.5179555654525757,0.5,1,5,0,3000,200,20000,5,mean_all_thresholded_responses
cellcnn_prototype,gated_alive,full,cuda,diagonal_prototype_relu_mean_v1,88,1970904393,a_2a,0,0.5175695896148682,0.5,1,5,0,3000,200,20000,5,mean_all_thresholded_responses
cellcnn_prototype,gated_alive,full,cuda,diagonal_prototype_relu_mean_v1,88,1970904393,a_4b,1,0.5189539670944214,0.5,1,5,0,3000,200,20000,5,mean_all_thresholded_responses
cellcnn_prototype,gated_alive,full,cuda,diagonal_prototype_relu_mean_v1,89,1104125174,a_009,0,0.9999972105026245,0.5,1,5,1,3000,200,20000,5,mean_all_thresholded_responses
cellcnn_prototype,gated_alive,full,cuda,diagonal_prototype_relu_mean_v1,89,1104125174,a_010,0,0.6266106367111206,0.5,1,5,1,3000,200,20000,5,mean_all_thresholded_responses
cellcnn_prototype,gated_alive,full,cuda,diagonal_prototype_relu_mean_v1,89,1104125174,a_011,0,0.09574179947376252,0.5,0,5,1,3000,200,20000,5,mean_all_thresholded_responses
cellcnn_prototype,gated_alive,full,cuda,diagonal_prototype_relu_mean_v1,89,1104125174,a_3a,0,0.0012708465801551938,0.5,0,5,1,3000,200,20000,5,mean_all_thresholded_responses
cellcnn_prototype,gated_alive,full,cuda,diagonal_prototype_relu_mean_v1,89,1104125174,a_4b,1,0.005192000139504671,0.5,0,5,1,3000,200,20000,5,mean_all_thresholded_responses
cellcnn_prototype,gated_alive,full,cuda,diagonal_prototype_relu_mean_v1,89,1104125174,a_5b,1,0.989124882221222,0.5,1,5,1,3000,200,20000,5,mean_all_thresholded_responses
cellcnn_prototype,gated_alive,full,cuda,diagonal_prototype_relu_mean_v1,90,1247132544,a_001,1,0.9540613174438477,0.5,1,4,2,3000,200,20000,5,mean_all_thresholded_responses
cellcnn_prototype,gated_alive,full,cuda,diagonal_prototype_relu_mean_v1,90,1247132544,a_003,0,0.6445987820625305,0.5,1,4,2,3000,200,20000,5,mean_all_thresholded_responses
cellcnn_prototype,gated_alive,full,cuda,diagonal_prototype_relu_mean_v1,90,1247132544,a_004,0,0.0028484897688031197,0.5,0,4,2,3000,200,20000,5,mean_all_thresholded_responses
cellcnn_prototype,gated_alive,full,cuda,diagonal_prototype_relu_mean_v1,90,1247132544,a_009,0,0.9988698482513427,0.5,1,4,2,3000,200,20000,5,mean_all_thresholded_responses
cellcnn_prototype,gated_alive,full,cuda,diagonal_prototype_relu_mean_v1,90,1247132544,a_3b,0,0.18492193818092345,0.5,0,4,2,3000,200,20000,5,mean_all_thresholded_responses
cellcnn_prototype,gated_alive,full,cuda,diagonal_prototype_relu_mean_v1,90,1247132544,a_4a,1,0.9932183980941772,0.5,1,4,2,3000,200,20000,5,mean_all_thresholded_responses
cellcnn_prototype,gated_alive,full,cuda,diagonal_prototype_relu_mean_v1,91,1459551595,a_002,1,0.7164095401763916,0.5,1,3,0,3000,200,20000,5,mean_all_thresholded_responses
cellcnn_prototype,gated_alive,full,cuda,diagonal_prototype_relu_mean_v1,91,1459551595,a_004,0,0.05465685427188873,0.5,0,3,0,3000,200,20000,5,mean_all_thresholded_responses
cellcnn_prototype,gated_alive,full,cuda,diagonal_prototype_relu_mean_v1,91,1459551595,a_012,1,0.25879235863685607,0.5,0,3,0,3000,200,20000,5,mean_all_thresholded_responses
cellcnn_prototype,gated_alive,full,cuda,diagonal_prototype_relu_mean_v1,91,1459551595,a_1a,0,0.8651894927024841,0.5,1,3,0,3000,200,20000,5,mean_all_thresholded_responses
cellcnn_prototype,gated_alive,full,cuda,diagonal_prototype_relu_mean_v1,91,1459551595,a_2b,0,0.33137182593345643,0.5,0,3,0,3000,200,20000,5,mean_all_thresholded_responses
cellcnn_prototype,gated_alive,full,cuda,diagonal_prototype_relu_mean_v1,91,1459551595,a_3b,0,0.714725661277771,0.5,1,3,0,3000,200,20000,5,mean_all_thresholded_responses
cellcnn_prototype,gated_alive,full,cuda,diagonal_prototype_relu_mean_v1,92,2705073331,a_003,0,0.27733075618743896,0.5,0,5,0,3000,200,20000,5,mean_all_thresholded_responses
cellcnn_prototype,gated_alive,full,cuda,diagonal_prototype_relu_mean_v1,92,2705073331,a_004,0,0.11832330375909805,0.5,0,5,0,3000,200,20000,5,mean_all_thresholded_responses
cellcnn_prototype,gated_alive,full,cuda,diagonal_prototype_relu_mean_v1,92,2705073331,a_006,0,0.6687759280204773,0.5,1,5,0,3000,200,20000,5,mean_all_thresholded_responses
cellcnn_prototype,gated_alive,full,cuda,diagonal_prototype_relu_mean_v1,92,2705073331,a_1a,0,0.025797676667571066,0.5,0,5,0,3000,200,20000,5,mean_all_thresholded_responses
cellcnn_prototype,gated_alive,full,cuda,diagonal_prototype_relu_mean_v1,92,2705073331,a_4b,1,0.21589370369911193,0.5,0,5,0,3000,200,20000,5,mean_all_thresholded_responses
cellcnn_prototype,gated_alive,full,cuda,diagonal_prototype_relu_mean_v1,92,2705073331,a_5b,1,0.6606050729751587,0.5,1,5,0,3000,200,20000,5,mean_all_thresholded_responses
cellcnn_prototype,gated_alive,full,cuda,diagonal_prototype_relu_mean_v1,93,1111766880,a_006,0,0.989762544631958,0.5,1,5,2,3000,200,20000,5,mean_all_thresholded_responses
cellcnn_prototype,gated_alive,full,cuda,diagonal_prototype_relu_mean_v1,93,1111766880,a_009,0,0.9940777063369751,0.5,1,5,2,3000,200,20000,5,mean_all_thresholded_responses
cellcnn_prototype,gated_alive,full,cuda,diagonal_prototype_relu_mean_v1,93,1111766880,a_010,0,0.9224032759666443,0.5,1,5,2,3000,200,20000,5,mean_all_thresholded_responses
cellcnn_prototype,gated_alive,full,cuda,diagonal_prototype_relu_mean_v1,93,1111766880,a_012,1,0.199475958943367,0.5,0,5,2,3000,200,20000,5,mean_all_thresholded_responses
cellcnn_prototype,gated_alive,full,cuda,diagonal_prototype_relu_mean_v1,93,1111766880,a_3a,0,0.04501013457775116,0.5,0,5,2,3000,200,20000,5,mean_all_thresholded_responses
cellcnn_prototype,gated_alive,full,cuda,diagonal_prototype_relu_mean_v1,93,1111766880,a_5a,1,0.7682728171348572,0.5,1,5,2,3000,200,20000,5,mean_all_thresholded_responses
cellcnn_prototype,gated_alive,full,cuda,diagonal_prototype_relu_mean_v1,94,3603600008,a_012,1,0.4586847901344299,0.5,0,4,1,3000,200,20000,5,mean_all_thresholded_responses
cellcnn_prototype,gated_alive,full,cuda,diagonal_prototype_relu_mean_v1,94,3603600008,a_1a,0,0.5566687107086181,0.5,1,4,1,3000,200,20000,5,mean_all_thresholded_responses
cellcnn_prototype,gated_alive,full,cuda,diagonal_prototype_relu_mean_v1,94,3603600008,a_2a,0,0.6531938552856446,0.5,1,4,1,3000,200,20000,5,mean_all_thresholded_responses
cellcnn_prototype,gated_alive,full,cuda,diagonal_prototype_relu_mean_v1,94,3603600008,a_2b,0,0.5901298642158508,0.5,1,4,1,3000,200,20000,5,mean_all_thresholded_responses
cellcnn_prototype,gated_alive,full,cuda,diagonal_prototype_relu_mean_v1,94,3603600008,a_3b,0,0.6718512892723083,0.5,1,4,1,3000,200,20000,5,mean_all_thresholded_responses
cellcnn_prototype,gated_alive,full,cuda,diagonal_prototype_relu_mean_v1,94,3603600008,a_5a,1,0.7620485186576843,0.5,1,4,1,3000,200,20000,5,mean_all_thresholded_responses
cellcnn_prototype,gated_alive,full,cuda,diagonal_prototype_relu_mean_v1,95,1526631005,a_004,0,0.45410976409912107,0.5,0,4,2,3000,200,20000,5,mean_all_thresholded_responses
cellcnn_prototype,gated_alive,full,cuda,diagonal_prototype_relu_mean_v1,95,1526631005,a_009,0,0.7159023880958557,0.5,1,4,2,3000,200,20000,5,mean_all_thresholded_responses
cellcnn_prototype,gated_alive,full,cuda,diagonal_prototype_relu_mean_v1,95,1526631005,a_1a,0,0.4647443234920502,0.5,0,4,2,3000,200,20000,5,mean_all_thresholded_responses
cellcnn_prototype,gated_alive,full,cuda,diagonal_prototype_relu_mean_v1,95,1526631005,a_2a,0,0.5569669485092164,0.5,1,4,2,3000,200,20000,5,mean_all_thresholded_responses
cellcnn_prototype,gated_alive,full,cuda,diagonal_prototype_relu_mean_v1,95,1526631005,a_4a,1,0.5708029627799988,0.5,1,4,2,3000,200,20000,5,mean_all_thresholded_responses
cellcnn_prototype,gated_alive,full,cuda,diagonal_prototype_relu_mean_v1,95,1526631005,a_5a,1,0.6064805746078491,0.5,1,4,2,3000,200,20000,5,mean_all_thresholded_responses
cellcnn_prototype,gated_alive,full,cuda,diagonal_prototype_relu_mean_v1,96,277795965,a_004,0,0.5088585138320922,0.5,1,5,2,3000,200,20000,5,mean_all_thresholded_responses
cellcnn_prototype,gated_alive,full,cuda,diagonal_prototype_relu_mean_v1,96,277795965,a_007,1,0.515654718875885,0.5,1,5,2,3000,200,20000,5,mean_all_thresholded_responses
cellcnn_prototype,gated_alive,full,cuda,diagonal_prototype_relu_mean_v1,96,277795965,a_010,0,0.5139382004737854,0.5,1,5,2,3000,200,20000,5,mean_all_thresholded_responses
cellcnn_prototype,gated_alive,full,cuda,diagonal_prototype_relu_mean_v1,96,277795965,a_012,1,0.5150124311447144,0.5,1,5,2,3000,200,20000,5,mean_all_thresholded_responses
cellcnn_prototype,gated_alive,full,cuda,diagonal_prototype_relu_mean_v1,96,277795965,a_2a,0,0.5045510768890381,0.5,1,5,2,3000,200,20000,5,mean_all_thresholded_responses
cellcnn_prototype,gated_alive,full,cuda,diagonal_prototype_relu_mean_v1,96,277795965,a_3a,0,0.5021054148674011,0.5,1,5,2,3000,200,20000,5,mean_all_thresholded_responses
cellcnn_prototype,gated_alive,full,cuda,diagonal_prototype_relu_mean_v1,97,21570758,a_001,1,0.9016031622886658,0.5,1,3,2,3000,200,20000,5,mean_all_thresholded_responses
cellcnn_prototype,gated_alive,full,cuda,diagonal_prototype_relu_mean_v1,97,21570758,a_003,0,0.2209720343351364,0.5,0,3,2,3000,200,20000,5,mean_all_thresholded_responses
cellcnn_prototype,gated_alive,full,cuda,diagonal_prototype_relu_mean_v1,97,21570758,a_006,0,0.3459896743297577,0.5,0,3,2,3000,200,20000,5,mean_all_thresholded_responses
cellcnn_prototype,gated_alive,full,cuda,diagonal_prototype_relu_mean_v1,97,21570758,a_009,0,0.9711528539657592,0.5,1,3,2,3000,200,20000,5,mean_all_thresholded_responses
cellcnn_prototype,gated_alive,full,cuda,diagonal_prototype_relu_mean_v1,97,21570758,a_3b,0,0.244757941365242,0.5,0,3,2,3000,200,20000,5,mean_all_thresholded_responses
cellcnn_prototype,gated_alive,full,cuda,diagonal_prototype_relu_mean_v1,97,21570758,a_5b,1,0.7657026410102844,0.5,1,3,2,3000,200,20000,5,mean_all_thresholded_responses
cellcnn_prototype,gated_alive,full,cuda,diagonal_prototype_relu_mean_v1,98,107846371,a_006,0,0.9003648281097412,0.5,1,5,2,3000,200,20000,5,mean_all_thresholded_responses
cellcnn_prototype,gated_alive,full,cuda,diagonal_prototype_relu_mean_v1,98,107846371,a_011,0,0.9780498147010803,0.5,1,5,2,3000,200,20000,5,mean_all_thresholded_responses
cellcnn_prototype,gated_alive,full,cuda,diagonal_prototype_relu_mean_v1,98,107846371,a_1a,0,0.04679401740431786,0.5,0,5,2,3000,200,20000,5,mean_all_thresholded_responses
cellcnn_prototype,gated_alive,full,cuda,diagonal_prototype_relu_mean_v1,98,107846371,a_2a,0,0.212325119972229,0.5,0,5,2,3000,200,20000,5,mean_all_thresholded_responses
cellcnn_prototype,gated_alive,full,cuda,diagonal_prototype_relu_mean_v1,98,107846371,a_4a,1,0.986093032360077,0.5,1,5,2,3000,200,20000,5,mean_all_thresholded_responses
cellcnn_prototype,gated_alive,full,cuda,diagonal_prototype_relu_mean_v1,98,107846371,a_5a,1,0.6295691967010498,0.5,1,5,2,3000,200,20000,5,mean_all_thresholded_responses
cellcnn_prototype,gated_alive,full,cuda,diagonal_prototype_relu_mean_v1,99,2699835958,a_003,0,0.6525401592254638,0.5,1,5,2,3000,200,20000,5,mean_all_thresholded_responses
cellcnn_prototype,gated_alive,full,cuda,diagonal_prototype_relu_mean_v1,99,2699835958,a_006,0,0.27154932618141175,0.5,0,5,2,3000,200,20000,5,mean_all_thresholded_responses
cellcnn_prototype,gated_alive,full,cuda,diagonal_prototype_relu_mean_v1,99,2699835958,a_007,1,0.3730196177959442,0.5,0,5,2,3000,200,20000,5,mean_all_thresholded_responses
cellcnn_prototype,gated_alive,full,cuda,diagonal_prototype_relu_mean_v1,99,2699835958,a_2b,0,0.26168048977851865,0.5,0,5,2,3000,200,20000,5,mean_all_thresholded_responses
cellcnn_prototype,gated_alive,full,cuda,diagonal_prototype_relu_mean_v1,99,2699835958,a_3b,0,0.4355543255805969,0.5,0,5,2,3000,200,20000,5,mean_all_thresholded_responses
cellcnn_prototype,gated_alive,full,cuda,diagonal_prototype_relu_mean_v1,99,2699835958,a_5b,1,0.5311382174491882,0.5,1,5,2,3000,200,20000,5,mean_all_thresholded_responses
