split_id,donor_id,y_true,filter_id,frequency,n_selected_cells,n_cells,halfmax_threshold,training_donors,model,alpha,rho,pooled_response
0,a_002,1,3.0,0.0114,228.0,20000,5.747089385986328,a_001;a_003;a_011;a_012;a_2b;a_3b;a_4b;a_5a;a_5b,cellcnn,,,
0,a_004,0,3.0,5e-05,1.0,20000,5.747089385986328,a_001;a_003;a_011;a_012;a_2b;a_3b;a_4b;a_5a;a_5b,cellcnn,,,
0,a_006,0,3.0,0.00065,13.0,20000,5.747089385986328,a_001;a_003;a_011;a_012;a_2b;a_3b;a_4b;a_5a;a_5b,cellcnn,,,
0,a_1a,0,3.0,0.0028,56.0,20000,5.747089385986328,a_001;a_003;a_011;a_012;a_2b;a_3b;a_4b;a_5a;a_5b,cellcnn,,,
0,a_2a,0,3.0,0.0002,4.0,20000,5.747089385986328,a_001;a_003;a_011;a_012;a_2b;a_3b;a_4b;a_5a;a_5b,cellcnn,,,
0,a_4a,1,3.0,0.00515,103.0,20000,5.747089385986328,a_001;a_003;a_011;a_012;a_2b;a_3b;a_4b;a_5a;a_5b,cellcnn,,,
1,a_002,1,0.0,0.0457,914.0,20000,8.408774375915527,a_001;a_005;a_009;a_010;a_011;a_012;a_2b;a_3a;a_4a;a_5b,cellcnn,,,
1,a_003,0,0.0,0.0041,82.0,20000,8.408774375915527,a_001;a_005;a_009;a_010;a_011;a_012;a_2b;a_3a;a_4a;a_5b,cellcnn,,,
1,a_004,0,0.0,0.00105,21.0,20000,8.408774375915527,a_001;a_005;a_009;a_010;a_011;a_012;a_2b;a_3a;a_4a;a_5b,cellcnn,,,
1,a_006,0,0.0,0.00065,13.0,20000,8.408774375915527,a_001;a_005;a_009;a_010;a_011;a_012;a_2b;a_3a;a_4a;a_5b,cellcnn,,,
1,a_3b,0,0.0,0.0008,16.0,20000,8.408774375915527,a_001;a_005;a_009;a_010;a_011;a_012;a_2b;a_3a;a_4a;a_5b,cellcnn,,,
1,a_5a,1,0.0,0.02525,505.0,20000,8.408774375915527,a_001;a_005;a_009;a_010;a_011;a_012;a_2b;a_3a;a_4a;a_5b,cellcnn,,,
2,a_002,1,2.0,0.0518,1036.0,20000,10.417335510253906,a_001;a_006;a_009;a_011;a_012;a_2a;a_2b;a_4a;a_4b;a_5b,cellcnn,,,
2,a_004,0,2.0,0.00105,21.0,20000,10.417335510253906,a_001;a_006;a_009;a_011;a_012;a_2a;a_2b;a_4a;a_4b;a_5b,cellcnn,,,
2,a_007,1,2.0,0.004,80.0,20000,10.417335510253906,a_001;a_006;a_009;a_011;a_012;a_2a;a_2b;a_4a;a_4b;a_5b,cellcnn,,,
2,a_010,0,2.0,0.0004,8.0,20000,10.417335510253906,a_001;a_006;a_009;a_011;a_012;a_2a;a_2b;a_4a;a_4b;a_5b,cellcnn,,,
2,a_1a,0,2.0,0.0033,66.0,20000,10.417335510253906,a_001;a_006;a_009;a_011;a_012;a_2a;a_2b;a_4a;a_4b;a_5b,cellcnn,,,
2,a_3b,0,2.0,0.0011,22.0,20000,10.417335510253906,a_001;a_006;a_009;a_011;a_012;a_2a;a_2b;a_4a;a_4b;a_5b,cellcnn,,,
3,a_006,0,0.0,0.0001,2.0,20000,8.23436164855957,a_001;a_002;a_003;a_005;a_010;a_012;a_1a;a_2b;a_3a;a_4a,cellcnn,,,
3,a_009,0,0.0,0.00015,3.0,20000,8.23436164855957,a_001;a_002;a_003;a_005;a_010;a_012;a_1a;a_2b;a_3a;a_4a,cellcnn,,,
3,a_011,0,0.0,0.00015,3.0,20000,8.23436164855957,a_001;a_002;a_003;a_005;a_010;a_012;a_1a;a_2b;a_3a;a_4a,cellcnn,,,
3,a_2a,0,0.0,0.0007,14.0,20000,8.23436164855957,a_001;a_002;a_003;a_005;a_010;a_012;a_1a;a_2b;a_3a;a_4a,cellcnn,,,
3,a_5a,1,0.0,0.0075,150.0,20000,8.23436164855957,a_001;a_002;a_003;a_005;a_010;a_012;a_1a;a_2b;a_3a;a_4a,cellcnn,,,
3,a_5b,1,0.0,0.01235,247.0,20000,8.23436164855957,a_001;a_002;a_003;a_005;a_010;a_012;a_1a;a_2b;a_3a;a_4a,cellcnn,,,
4,a_001,1,2.0,0.0014,28.0,20000,6.318910598754883,a_002;a_006;a_007;a_009;a_1a;a_2b;a_3a;a_4a;a_5a,cellcnn,,,
4,a_003,0,2.0,0.0037,74.0,20000,6.318910598754883,a_002;a_006;a_007;a_009;a_1a;a_2b;a_3a;a_4a;a_5a,cellcnn,,,
4,a_010,0,2.0,0.00045,9.0,20000,6.318910598754883,a_002;a_006;a_007;a_009;a_1a;a_2b;a_3a;a_4a;a_5a,cellcnn,,,
4,a_011,0,2.0,0.00055,11.0,20000,6.318910598754883,a_002;a_006;a_007;a_009;a_1a;a_2b;a_3a;a_4a;a_5a,cellcnn,,,
4,a_2a,0,2.0,0.00085,17.0,20000,6.318910598754883,a_002;a_006;a_007;a_009;a_1a;a_2b;a_3a;a_4a;a_5a,cellcnn,,,
4,a_4b,1,2.0,0.00515,103.0,20000,6.318910598754883,a_002;a_006;a_007;a_009;a_1a;a_2b;a_3a;a_4a;a_5a,cellcnn,,,
5,a_003,0,1.0,0.00145,29.0,20000,6.925445079803467,a_001;a_002;a_004;a_006;a_007;a_010;a_1a;a_3a;a_4a,cellcnn,,,
5,a_011,0,1.0,0.0001,2.0,20000,6.925445079803467,a_001;a_002;a_004;a_006;a_007;a_010;a_1a;a_3a;a_4a,cellcnn,,,
5,a_2b,0,1.0,0.00035,7.0,20000,6.925445079803467,a_001;a_002;a_004;a_006;a_007;a_010;a_1a;a_3a;a_4a,cellcnn,,,
5,a_3b,0,1.0,0.00015,3.0,20000,6.925445079803467,a_001;a_002;a_004;a_006;a_007;a_010;a_1a;a_3a;a_4a,cellcnn,,,
5,a_5a,1,1.0,0.01145,229.0,20000,6.925445079803467,a_001;a_002;a_004;a_006;a_007;a_010;a_1a;a_3a;a_4a,cellcnn,,,
5,a_5b,1,1.0,0.01485,297.0,20000,6.925445079803467,a_001;a_002;a_004;a_006;a_007;a_010;a_1a;a_3a;a_4a,cellcnn,,,
6,a_001,1,3.0,0.00025,5.0,20000,9.248739242553711,a_002;a_004;a_006;a_007;a_009;a_010;a_012;a_3b;a_4b;a_5b,cellcnn,,,
6,a_003,0,3.0,0.00215,43.0,20000,9.248739242553711,a_002;a_004;a_006;a_007;a_009;a_010;a_012;a_3b;a_4b;a_5b,cellcnn,,,
6,a_1a,0,3.0,0.0018,36.0,20000,9.248739242553711,a_002;a_004;a_006;a_007;a_009;a_010;a_012;a_3b;a_4b;a_5b,cellcnn,,,
6,a_2a,0,3.0,0.0003,6.0,20000,9.248739242553711,a_002;a_004;a_006;a_007;a_009;a_010;a_012;a_3b;a_4b;a_5b,cellcnn,,,
6,a_2b,0,3.0,0.00045,9.0,20000,9.248739242553711,a_002;a_004;a_006;a_007;a_009;a_010;a_012;a_3b;a_4b;a_5b,cellcnn,,,
6,a_5a,1,3.0,0.0081,162.0,20000,9.248739242553711,a_002;a_004;a_006;a_007;a_009;a_010;a_012;a_3b;a_4b;a_5b,cellcnn,,,
7,a_002,1,0.0,0.0028,56.0,20000,9.76819133758545,a_001;a_003;a_005;a_006;a_2b;a_3a;a_3b;a_4b;a_5b,cellcnn,,,
7,a_004,0,0.0,5e-05,1.0,20000,9.76819133758545,a_001;a_003;a_005;a_006;a_2b;a_3a;a_3b;a_4b;a_5b,cellcnn,,,
7,a_010,0,0.0,0.00015,3.0,20000,9.76819133758545,a_001;a_003;a_005;a_006;a_2b;a_3a;a_3b;a_4b;a_5b,cellcnn,,,
7,a_012,1,0.0,0.0002,4.0,20000,9.76819133758545,a_001;a_003;a_005;a_006;a_2b;a_3a;a_3b;a_4b;a_5b,cellcnn,,,
7,a_1a,0,0.0,0.0038,76.0,20000,9.76819133758545,a_001;a_003;a_005;a_006;a_2b;a_3a;a_3b;a_4b;a_5b,cellcnn,,,
7,a_2a,0,0.0,0.00015,3.0,20000,9.76819133758545,a_001;a_003;a_005;a_006;a_2b;a_3a;a_3b;a_4b;a_5b,cellcnn,,,
8,a_001,1,3.0,0.00075,15.0,20000,8.094143867492676,a_002;a_004;a_005;a_007;a_011;a_012;a_1a;a_3b;a_4b,cellcnn,,,
8,a_006,0,3.0,0.00065,13.0,20000,8.094143867492676,a_002;a_004;a_005;a_007;a_011;a_012;a_1a;a_3b;a_4b,cellcnn,,,
8,a_010,0,3.0,0.00025,5.0,20000,8.094143867492676,a_002;a_004;a_005;a_007;a_011;a_012;a_1a;a_3b;a_4b,cellcnn,,,
8,a_2a,0,3.0,0.00075,15.0,20000,8.094143867492676,a_002;a_004;a_005;a_007;a_011;a_012;a_1a;a_3b;a_4b,cellcnn,,,
8,a_2b,0,3.0,0.00055,11.0,20000,8.094143867492676,a_002;a_004;a_005;a_007;a_011;a_012;a_1a;a_3b;a_4b,cellcnn,,,
8,a_5a,1,3.0,0.0181,362.0,20000,8.094143867492676,a_002;a_004;a_005;a_007;a_011;a_012;a_1a;a_3b;a_4b,cellcnn,,,
9,a_003,0,2.0,0.0044,88.0,20000,7.061297416687012,a_001;a_004;a_005;a_006;a_009;a_012;a_1a;a_2a;a_4a;a_5a,cellcnn,,,
9,a_007,1,2.0,0.00445,89.0,20000,7.061297416687012,a_001;a_004;a_005;a_006;a_009;a_012;a_1a;a_2a;a_4a;a_5a,cellcnn,,,
9,a_011,0,2.0,0.0005,10.0,20000,7.061297416687012,a_001;a_004;a_005;a_006;a_009;a_012;a_1a;a_2a;a_4a;a_5a,cellcnn,,,
9,a_2b,0,2.0,0.0003,6.0,20000,7.061297416687012,a_001;a_004;a_005;a_006;a_009;a_012;a_1a;a_2a;a_4a;a_5a,cellcnn,,,
9,a_3a,0,2.0,0.0008,16.0,20000,7.061297416687012,a_001;a_004;a_005;a_006;a_009;a_012;a_1a;a_2a;a_4a;a_5a,cellcnn,,,
9,a_4b,1,2.0,0.005,100.0,20000,7.061297416687012,a_001;a_004;a_005;a_006;a_009;a_012;a_1a;a_2a;a_4a;a_5a,cellcnn,,,
10,a_002,1,4.0,0.00095,19.0,20000,4.470915794372559,a_004;a_006;a_012;a_1a;a_3a;a_3b;a_4a;a_5a;a_5b,cellcnn,,,
10,a_003,0,4.0,0.0041,82.0,20000,4.470915794372559,a_004;a_006;a_012;a_1a;a_3a;a_3b;a_4a;a_5a;a_5b,cellcnn,,,
10,a_007,1,4.0,0.00285,57.0,20000,4.470915794372559,a_004;a_006;a_012;a_1a;a_3a;a_3b;a_4a;a_5a;a_5b,cellcnn,,,
10,a_009,0,4.0,0.0005,10.0,20000,4.470915794372559,a_004;a_006;a_012;a_1a;a_3a;a_3b;a_4a;a_5a;a_5b,cellcnn,,,
10,a_010,0,4.0,0.0,0.0,20000,4.470915794372559,a_004;a_006;a_012;a_1a;a_3a;a_3b;a_4a;a_5a;a_5b,cellcnn,,,
10,a_2a,0,4.0,0.00035,7.0,20000,4.470915794372559,a_004;a_006;a_012;a_1a;a_3a;a_3b;a_4a;a_5a;a_5b,cellcnn,,,
11,a_002,1,0.0,0.00555,111.0,20000,8.921843528747559,a_001;a_004;a_005;a_009;a_2a;a_3a;a_3b;a_4b;a_5a;a_5b,cellcnn,,,
11,a_003,0,0.0,0.00055,11.0,20000,8.921843528747559,a_001;a_004;a_005;a_009;a_2a;a_3a;a_3b;a_4b;a_5a;a_5b,cellcnn,,,
11,a_006,0,0.0,5e-05,1.0,20000,8.921843528747559,a_001;a_004;a_005;a_009;a_2a;a_3a;a_3b;a_4b;a_5a;a_5b,cellcnn,,,
11,a_010,0,0.0,5e-05,1.0,20000,8.921843528747559,a_001;a_004;a_005;a_009;a_2a;a_3a;a_3b;a_4b;a_5a;a_5b,cellcnn,,,
11,a_011,0,0.0,0.0,0.0,20000,8.921843528747559,a_001;a_004;a_005;a_009;a_2a;a_3a;a_3b;a_4b;a_5a;a_5b,cellcnn,,,
11,a_012,1,0.0,0.00015,3.0,20000,8.921843528747559,a_001;a_004;a_005;a_009;a_2a;a_3a;a_3b;a_4b;a_5a;a_5b,cellcnn,,,
12,a_001,1,4.0,0.00015,3.0,20000,17.679445266723633,a_002;a_007;a_009;a_010;a_011;a_012;a_2a;a_3b;a_4b;a_5a,cellcnn,,,
12,a_003,0,4.0,0.00185,37.0,20000,17.679445266723633,a_002;a_007;a_009;a_010;a_011;a_012;a_2a;a_3b;a_4b;a_5a,cellcnn,,,
12,a_004,0,4.0,0.0001,2.0,20000,17.679445266723633,a_002;a_007;a_009;a_010;a_011;a_012;a_2a;a_3b;a_4b;a_5a,cellcnn,,,
12,a_006,0,4.0,0.002,40.0,20000,17.679445266723633,a_002;a_007;a_009;a_010;a_011;a_012;a_2a;a_3b;a_4b;a_5a,cellcnn,,,
12,a_3a,0,4.0,0.0001,2.0,20000,17.679445266723633,a_002;a_007;a_009;a_010;a_011;a_012;a_2a;a_3b;a_4b;a_5a,cellcnn,,,
12,a_4a,1,4.0,0.00865,173.0,20000,17.679445266723633,a_002;a_007;a_009;a_010;a_011;a_012;a_2a;a_3b;a_4b;a_5a,cellcnn,,,
13,a_004,0,2.0,0.00075,15.0,20000,7.820042610168457,a_001;a_003;a_005;a_007;a_010;a_011;a_012;a_2a;a_2b;a_4a,cellcnn,,,
13,a_009,0,2.0,0.0005,10.0,20000,7.820042610168457,a_001;a_003;a_005;a_007;a_010;a_011;a_012;a_2a;a_2b;a_4a,cellcnn,,,
13,a_1a,0,2.0,0.0047,94.0,20000,7.820042610168457,a_001;a_003;a_005;a_007;a_010;a_011;a_012;a_2a;a_2b;a_4a,cellcnn,,,
13,a_3b,0,2.0,0.00135,27.0,20000,7.820042610168457,a_001;a_003;a_005;a_007;a_010;a_011;a_012;a_2a;a_2b;a_4a,cellcnn,,,
13,a_4b,1,2.0,0.0059,118.0,20000,7.820042610168457,a_001;a_003;a_005;a_007;a_010;a_011;a_012;a_2a;a_2b;a_4a,cellcnn,,,
13,a_5a,1,2.0,0.0222,444.0,20000,7.820042610168457,a_001;a_003;a_005;a_007;a_010;a_011;a_012;a_2a;a_2b;a_4a,cellcnn,,,
14,a_005,1,0.0,0.0071,142.0,20000,4.793837070465088,a_001;a_003;a_006;a_007;a_009;a_011;a_1a;a_4b;a_5b,cellcnn,,,
14,a_010,0,0.0,0.0,0.0,20000,4.793837070465088,a_001;a_003;a_006;a_007;a_009;a_011;a_1a;a_4b;a_5b,cellcnn,,,
14,a_2a,0,0.0,0.0007,14.0,20000,4.793837070465088,a_001;a_003;a_006;a_007;a_009;a_011;a_1a;a_4b;a_5b,cellcnn,,,
14,a_3a,0,0.0,0.0001,2.0,20000,4.793837070465088,a_001;a_003;a_006;a_007;a_009;a_011;a_1a;a_4b;a_5b,cellcnn,,,
14,a_3b,0,0.0,0.0003,6.0,20000,4.793837070465088,a_001;a_003;a_006;a_007;a_009;a_011;a_1a;a_4b;a_5b,cellcnn,,,
14,a_5a,1,0.0,0.01135,227.0,20000,4.793837070465088,a_001;a_003;a_006;a_007;a_009;a_011;a_1a;a_4b;a_5b,cellcnn,,,
15,a_002,1,2.0,0.00255,51.0,20000,12.228256225585938,a_001;a_004;a_006;a_007;a_010;a_2b;a_3b;a_4a;a_5a,cellcnn,,,
15,a_003,0,2.0,0.01025,205.0,20000,12.228256225585938,a_001;a_004;a_006;a_007;a_010;a_2b;a_3b;a_4a;a_5a,cellcnn,,,
15,a_011,0,2.0,0.0002,4.0,20000,12.228256225585938,a_001;a_004;a_006;a_007;a_010;a_2b;a_3b;a_4a;a_5a,cellcnn,,,
15,a_1a,0,2.0,0.00635,127.0,20000,12.228256225585938,a_001;a_004;a_006;a_007;a_010;a_2b;a_3b;a_4a;a_5a,cellcnn,,,
15,a_3a,0,2.0,0.00025,5.0,20000,12.228256225585938,a_001;a_004;a_006;a_007;a_010;a_2b;a_3b;a_4a;a_5a,cellcnn,,,
15,a_4b,1,2.0,0.00395,79.0,20000,12.228256225585938,a_001;a_004;a_006;a_007;a_010;a_2b;a_3b;a_4a;a_5a,cellcnn,,,
16,a_003,0,4.0,0.00745,149.0,20000,7.379068374633789,a_001;a_009;a_011;a_1a;a_3a;a_3b;a_4a;a_4b;a_5b,cellcnn,,,
16,a_006,0,4.0,0.0017,34.0,20000,7.379068374633789,a_001;a_009;a_011;a_1a;a_3a;a_3b;a_4a;a_4b;a_5b,cellcnn,,,
16,a_012,1,4.0,0.00465,93.0,20000,7.379068374633789,a_001;a_009;a_011;a_1a;a_3a;a_3b;a_4a;a_4b;a_5b,cellcnn,,,
16,a_2a,0,4.0,0.00235,47.0,20000,7.379068374633789,a_001;a_009;a_011;a_1a;a_3a;a_3b;a_4a;a_4b;a_5b,cellcnn,,,
16,a_2b,0,4.0,0.0012,24.0,20000,7.379068374633789,a_001;a_009;a_011;a_1a;a_3a;a_3b;a_4a;a_4b;a_5b,cellcnn,,,
16,a_5a,1,4.0,0.0246,492.0,20000,7.379068374633789,a_001;a_009;a_011;a_1a;a_3a;a_3b;a_4a;a_4b;a_5b,cellcnn,,,
17,a_004,0,3.0,0.00135,27.0,20000,2.714127779006958,a_001;a_003;a_005;a_006;a_1a;a_2b;a_3a;a_4b;a_5a,cellcnn,,,
17,a_007,1,3.0,0.00155,31.0,20000,2.714127779006958,a_001;a_003;a_005;a_006;a_1a;a_2b;a_3a;a_4b;a_5a,cellcnn,,,
17,a_009,0,3.0,0.0005,10.0,20000,2.714127779006958,a_001;a_003;a_005;a_006;a_1a;a_2b;a_3a;a_4b;a_5a,cellcnn,,,
17,a_011,0,3.0,0.0005,10.0,20000,2.714127779006958,a_001;a_003;a_005;a_006;a_1a;a_2b;a_3a;a_4b;a_5a,cellcnn,,,
17,a_2a,0,3.0,0.0009,18.0,20000,2.714127779006958,a_001;a_003;a_005;a_006;a_1a;a_2b;a_3a;a_4b;a_5a,cellcnn,,,
17,a_4a,1,3.0,0.00775,155.0,20000,2.714127779006958,a_001;a_003;a_005;a_006;a_1a;a_2b;a_3a;a_4b;a_5a,cellcnn,,,
18,a_003,0,0.0,0.0026,52.0,20000,6.912189960479736,a_001;a_002;a_009;a_011;a_2a;a_2b;a_3b;a_4b;a_5a;a_5b,cellcnn,,,
18,a_004,0,0.0,0.00045,9.0,20000,6.912189960479736,a_001;a_002;a_009;a_011;a_2a;a_2b;a_3b;a_4b;a_5a;a_5b,cellcnn,,,
18,a_005,1,0.0,0.01975,395.0,20000,6.912189960479736,a_001;a_002;a_009;a_011;a_2a;a_2b;a_3b;a_4b;a_5a;a_5b,cellcnn,,,
18,a_1a,0,0.0,0.00565,113.0,20000,6.912189960479736,a_001;a_002;a_009;a_011;a_2a;a_2b;a_3b;a_4b;a_5a;a_5b,cellcnn,,,
18,a_3a,0,0.0,0.00065,13.0,20000,6.912189960479736,a_001;a_002;a_009;a_011;a_2a;a_2b;a_3b;a_4b;a_5a;a_5b,cellcnn,,,
18,a_4a,1,0.0,0.01615,323.0,20000,6.912189960479736,a_001;a_002;a_009;a_011;a_2a;a_2b;a_3b;a_4b;a_5a;a_5b,cellcnn,,,
19,a_003,0,4.0,0.0067,134.0,20000,8.764074325561523,a_001;a_002;a_007;a_009;a_010;a_012;a_1a;a_3a;a_5b,cellcnn,,,
19,a_005,1,4.0,0.00675,135.0,20000,8.764074325561523,a_001;a_002;a_007;a_009;a_010;a_012;a_1a;a_3a;a_5b,cellcnn,,,
19,a_006,0,4.0,0.0075,150.0,20000,8.764074325561523,a_001;a_002;a_007;a_009;a_010;a_012;a_1a;a_3a;a_5b,cellcnn,,,
19,a_2a,0,4.0,0.0011,22.0,20000,8.764074325561523,a_001;a_002;a_007;a_009;a_010;a_012;a_1a;a_3a;a_5b,cellcnn,,,
19,a_2b,0,4.0,0.00085,17.0,20000,8.764074325561523,a_001;a_002;a_007;a_009;a_010;a_012;a_1a;a_3a;a_5b,cellcnn,,,
19,a_4b,1,4.0,0.0028,56.0,20000,8.764074325561523,a_001;a_002;a_007;a_009;a_010;a_012;a_1a;a_3a;a_5b,cellcnn,,,
20,a_002,1,0.0,0.00115,23.0,20000,14.22901439666748,a_001;a_004;a_005;a_006;a_007;a_1a;a_2a;a_3b;a_4a;a_4b,cellcnn,,,
20,a_003,0,0.0,0.00275,55.0,20000,14.22901439666748,a_001;a_004;a_005;a_006;a_007;a_1a;a_2a;a_3b;a_4a;a_4b,cellcnn,,,
20,a_009,0,0.0,0.00045,9.0,20000,14.22901439666748,a_001;a_004;a_005;a_006;a_007;a_1a;a_2a;a_3b;a_4a;a_4b,cellcnn,,,
20,a_011,0,0.0,0.00015,3.0,20000,14.22901439666748,a_001;a_004;a_005;a_006;a_007;a_1a;a_2a;a_3b;a_4a;a_4b,cellcnn,,,
20,a_012,1,0.0,0.0013,26.0,20000,14.22901439666748,a_001;a_004;a_005;a_006;a_007;a_1a;a_2a;a_3b;a_4a;a_4b,cellcnn,,,
20,a_2b,0,0.0,0.00025,5.0,20000,14.22901439666748,a_001;a_004;a_005;a_006;a_007;a_1a;a_2a;a_3b;a_4a;a_4b,cellcnn,,,
21,a_006,0,2.0,0.0005,10.0,20000,10.59414291381836,a_002;a_003;a_004;a_007;a_1a;a_2b;a_3b;a_4a;a_4b,cellcnn,,,
21,a_009,0,2.0,0.0001,2.0,20000,10.59414291381836,a_002;a_003;a_004;a_007;a_1a;a_2b;a_3b;a_4a;a_4b,cellcnn,,,
21,a_010,0,2.0,0.0002,4.0,20000,10.59414291381836,a_002;a_003;a_004;a_007;a_1a;a_2b;a_3b;a_4a;a_4b,cellcnn,,,
21,a_012,1,2.0,5e-05,1.0,20000,10.59414291381836,a_002;a_003;a_004;a_007;a_1a;a_2b;a_3b;a_4a;a_4b,cellcnn,,,
21,a_3a,0,2.0,0.0003,6.0,20000,10.59414291381836,a_002;a_003;a_004;a_007;a_1a;a_2b;a_3b;a_4a;a_4b,cellcnn,,,
21,a_5a,1,2.0,0.00745,149.0,20000,10.59414291381836,a_002;a_003;a_004;a_007;a_1a;a_2b;a_3b;a_4a;a_4b,cellcnn,,,
22,a_004,0,2.0,0.0015,30.0,20000,2.895458221435547,a_002;a_003;a_006;a_007;a_011;a_012;a_1a;a_3a;a_5b,cellcnn,,,
22,a_005,1,2.0,0.01825,365.0,20000,2.895458221435547,a_002;a_003;a_006;a_007;a_011;a_012;a_1a;a_3a;a_5b,cellcnn,,,
22,a_010,0,2.0,0.00035,7.0,20000,2.895458221435547,a_002;a_003;a_006;a_007;a_011;a_012;a_1a;a_3a;a_5b,cellcnn,,,
22,a_2a,0,2.0,0.0008,16.0,20000,2.895458221435547,a_002;a_003;a_006;a_007;a_011;a_012;a_1a;a_3a;a_5b,cellcnn,,,
22,a_3b,0,2.0,0.0004,8.0,20000,2.895458221435547,a_002;a_003;a_006;a_007;a_011;a_012;a_1a;a_3a;a_5b,cellcnn,,,
22,a_4a,1,2.0,0.00135,27.0,20000,2.895458221435547,a_002;a_003;a_006;a_007;a_011;a_012;a_1a;a_3a;a_5b,cellcnn,,,
23,a_007,1,4.0,0.0012,24.0,20000,8.014256477355957,a_001;a_003;a_005;a_006;a_1a;a_2b;a_3b;a_4a;a_4b,cellcnn,,,
23,a_009,0,4.0,0.0005,10.0,20000,8.014256477355957,a_001;a_003;a_005;a_006;a_1a;a_2b;a_3b;a_4a;a_4b,cellcnn,,,
23,a_010,0,4.0,0.0003,6.0,20000,8.014256477355957,a_001;a_003;a_005;a_006;a_1a;a_2b;a_3b;a_4a;a_4b,cellcnn,,,
23,a_011,0,4.0,0.0003,6.0,20000,8.014256477355957,a_001;a_003;a_005;a_006;a_1a;a_2b;a_3b;a_4a;a_4b,cellcnn,,,
23,a_2a,0,4.0,0.00045,9.0,20000,8.014256477355957,a_001;a_003;a_005;a_006;a_1a;a_2b;a_3b;a_4a;a_4b,cellcnn,,,
23,a_5b,1,4.0,0.01465,293.0,20000,8.014256477355957,a_001;a_003;a_005;a_006;a_1a;a_2b;a_3b;a_4a;a_4b,cellcnn,,,
24,a_003,0,2.0,0.01055,211.0,20000,14.537247657775879,a_001;a_007;a_009;a_010;a_011;a_012;a_1a;a_2b;a_4b,cellcnn,,,
24,a_004,0,2.0,0.00175,35.0,20000,14.537247657775879,a_001;a_007;a_009;a_010;a_011;a_012;a_1a;a_2b;a_4b,cellcnn,,,
24,a_2a,0,2.0,0.00255,51.0,20000,14.537247657775879,a_001;a_007;a_009;a_010;a_011;a_012;a_1a;a_2b;a_4b,cellcnn,,,
24,a_3a,0,2.0,0.00175,35.0,20000,14.537247657775879,a_001;a_007;a_009;a_010;a_011;a_012;a_1a;a_2b;a_4b,cellcnn,,,
24,a_4a,1,2.0,0.02635,527.0,20000,14.537247657775879,a_001;a_007;a_009;a_010;a_011;a_012;a_1a;a_2b;a_4b,cellcnn,,,
24,a_5b,1,2.0,0.0324,648.0,20000,14.537247657775879,a_001;a_007;a_009;a_010;a_011;a_012;a_1a;a_2b;a_4b,cellcnn,,,
25,a_007,1,2.0,0.0043,86.0,20000,7.543206691741943,a_001;a_002;a_004;a_006;a_009;a_010;a_012;a_2a;a_4a;a_5a,cellcnn,,,
25,a_011,0,2.0,0.001,20.0,20000,7.543206691741943,a_001;a_002;a_004;a_006;a_009;a_010;a_012;a_2a;a_4a;a_5a,cellcnn,,,
25,a_1a,0,2.0,0.00415,83.0,20000,7.543206691741943,a_001;a_002;a_004;a_006;a_009;a_010;a_012;a_2a;a_4a;a_5a,cellcnn,,,
25,a_2b,0,2.0,0.0007,14.0,20000,7.543206691741943,a_001;a_002;a_004;a_006;a_009;a_010;a_012;a_2a;a_4a;a_5a,cellcnn,,,
25,a_3b,0,2.0,0.0012,24.0,20000,7.543206691741943,a_001;a_002;a_004;a_006;a_009;a_010;a_012;a_2a;a_4a;a_5a,cellcnn,,,
25,a_4b,1,2.0,0.0043,86.0,20000,7.543206691741943,a_001;a_002;a_004;a_006;a_009;a_010;a_012;a_2a;a_4a;a_5a,cellcnn,,,
26,a_003,0,2.0,0.0019,38.0,20000,7.179596900939941,a_002;a_009;a_011;a_012;a_1a;a_2b;a_3a;a_4b;a_5a;a_5b,cellcnn,,,
26,a_004,0,2.0,0.00025,5.0,20000,7.179596900939941,a_002;a_009;a_011;a_012;a_1a;a_2b;a_3a;a_4b;a_5a;a_5b,cellcnn,,,
26,a_007,1,2.0,0.00085,17.0,20000,7.179596900939941,a_002;a_009;a_011;a_012;a_1a;a_2b;a_3a;a_4b;a_5a;a_5b,cellcnn,,,
26,a_010,0,2.0,0.0001,2.0,20000,7.179596900939941,a_002;a_009;a_011;a_012;a_1a;a_2b;a_3a;a_4b;a_5a;a_5b,cellcnn,,,
26,a_3b,0,2.0,0.00035,7.0,20000,7.179596900939941,a_002;a_009;a_011;a_012;a_1a;a_2b;a_3a;a_4b;a_5a;a_5b,cellcnn,,,
26,a_4a,1,2.0,0.0074,148.0,20000,7.179596900939941,a_002;a_009;a_011;a_012;a_1a;a_2b;a_3a;a_4b;a_5a;a_5b,cellcnn,,,
27,a_001,1,1.0,0.0001,2.0,20000,5.196725845336914,a_002;a_003;a_004;a_005;a_007;a_009;a_1a;a_3b;a_4a;a_5a,cellcnn,,,
27,a_006,0,1.0,0.0003,6.0,20000,5.196725845336914,a_002;a_003;a_004;a_005;a_007;a_009;a_1a;a_3b;a_4a;a_5a,cellcnn,,,
27,a_011,0,1.0,0.0,0.0,20000,5.196725845336914,a_002;a_003;a_004;a_005;a_007;a_009;a_1a;a_3b;a_4a;a_5a,cellcnn,,,
27,a_2b,0,1.0,0.0006,12.0,20000,5.196725845336914,a_002;a_003;a_004;a_005;a_007;a_009;a_1a;a_3b;a_4a;a_5a,cellcnn,,,
27,a_3a,0,1.0,0.00015,3.0,20000,5.196725845336914,a_002;a_003;a_004;a_005;a_007;a_009;a_1a;a_3b;a_4a;a_5a,cellcnn,,,
27,a_5b,1,1.0,0.02235,447.0,20000,5.196725845336914,a_002;a_003;a_004;a_005;a_007;a_009;a_1a;a_3b;a_4a;a_5a,cellcnn,,,
28,a_003,0,1.0,0.003,60.0,20000,7.498809814453125,a_001;a_002;a_005;a_009;a_010;a_011;a_1a;a_2b;a_4a,cellcnn,,,
28,a_004,0,1.0,0.001,20.0,20000,7.498809814453125,a_001;a_002;a_005;a_009;a_010;a_011;a_1a;a_2b;a_4a,cellcnn,,,
28,a_3a,0,1.0,0.0005,10.0,20000,7.498809814453125,a_001;a_002;a_005;a_009;a_010;a_011;a_1a;a_2b;a_4a,cellcnn,,,
28,a_3b,0,1.0,0.00045,9.0,20000,7.498809814453125,a_001;a_002;a_005;a_009;a_010;a_011;a_1a;a_2b;a_4a,cellcnn,,,
28,a_4b,1,1.0,0.00565,113.0,20000,7.498809814453125,a_001;a_002;a_005;a_009;a_010;a_011;a_1a;a_2b;a_4a,cellcnn,,,
28,a_5b,1,1.0,0.0244,488.0,20000,7.498809814453125,a_001;a_002;a_005;a_009;a_010;a_011;a_1a;a_2b;a_4a,cellcnn,,,
29,a_004,0,2.0,0.0019,38.0,20000,10.092168807983398,a_001;a_003;a_005;a_006;a_007;a_010;a_011;a_1a;a_4a;a_5a,cellcnn,,,
29,a_009,0,2.0,0.0003,6.0,20000,10.092168807983398,a_001;a_003;a_005;a_006;a_007;a_010;a_011;a_1a;a_4a;a_5a,cellcnn,,,
29,a_012,1,2.0,0.0058,116.0,20000,10.092168807983398,a_001;a_003;a_005;a_006;a_007;a_010;a_011;a_1a;a_4a;a_5a,cellcnn,,,
29,a_2b,0,2.0,0.00175,35.0,20000,10.092168807983398,a_001;a_003;a_005;a_006;a_007;a_010;a_011;a_1a;a_4a;a_5a,cellcnn,,,
29,a_3b,0,2.0,0.0006,12.0,20000,10.092168807983398,a_001;a_003;a_005;a_006;a_007;a_010;a_011;a_1a;a_4a;a_5a,cellcnn,,,
29,a_5b,1,2.0,0.02535,507.0,20000,10.092168807983398,a_001;a_003;a_005;a_006;a_007;a_010;a_011;a_1a;a_4a;a_5a,cellcnn,,,
30,a_004,0,1.0,0.0003,6.0,20000,6.29600715637207,a_002;a_003;a_006;a_009;a_010;a_012;a_3b;a_4b;a_5a;a_5b,cellcnn,,,
30,a_005,1,1.0,0.00695,139.0,20000,6.29600715637207,a_002;a_003;a_006;a_009;a_010;a_012;a_3b;a_4b;a_5a;a_5b,cellcnn,,,
30,a_007,1,1.0,0.00085,17.0,20000,6.29600715637207,a_002;a_003;a_006;a_009;a_010;a_012;a_3b;a_4b;a_5a;a_5b,cellcnn,,,
30,a_1a,0,1.0,0.0018,36.0,20000,6.29600715637207,a_002;a_003;a_006;a_009;a_010;a_012;a_3b;a_4b;a_5a;a_5b,cellcnn,,,
30,a_2b,0,1.0,0.0004,8.0,20000,6.29600715637207,a_002;a_003;a_006;a_009;a_010;a_012;a_3b;a_4b;a_5a;a_5b,cellcnn,,,
30,a_3a,0,1.0,0.0005,10.0,20000,6.29600715637207,a_002;a_003;a_006;a_009;a_010;a_012;a_3b;a_4b;a_5a;a_5b,cellcnn,,,
31,a_001,1,2.0,0.00045,9.0,20000,10.109281539916992,a_002;a_006;a_009;a_2a;a_3a;a_3b;a_4a;a_4b;a_5b,cellcnn,,,
31,a_003,0,2.0,0.0014,28.0,20000,10.109281539916992,a_002;a_006;a_009;a_2a;a_3a;a_3b;a_4a;a_4b;a_5b,cellcnn,,,
31,a_004,0,2.0,0.0003,6.0,20000,10.109281539916992,a_002;a_006;a_009;a_2a;a_3a;a_3b;a_4a;a_4b;a_5b,cellcnn,,,
31,a_007,1,2.0,0.002,40.0,20000,10.109281539916992,a_002;a_006;a_009;a_2a;a_3a;a_3b;a_4a;a_4b;a_5b,cellcnn,,,
31,a_010,0,2.0,0.00025,5.0,20000,10.109281539916992,a_002;a_006;a_009;a_2a;a_3a;a_3b;a_4a;a_4b;a_5b,cellcnn,,,
31,a_1a,0,2.0,0.0014,28.0,20000,10.109281539916992,a_002;a_006;a_009;a_2a;a_3a;a_3b;a_4a;a_4b;a_5b,cellcnn,,,
32,a_003,0,0.0,0.00515,103.0,20000,6.29403829574585,a_005;a_006;a_007;a_1a;a_2b;a_3b;a_4b;a_5a;a_5b,cellcnn,,,
32,a_009,0,0.0,0.0006,12.0,20000,6.29403829574585,a_005;a_006;a_007;a_1a;a_2b;a_3b;a_4b;a_5a;a_5b,cellcnn,,,
32,a_011,0,0.0,0.0014,28.0,20000,6.29403829574585,a_005;a_006;a_007;a_1a;a_2b;a_3b;a_4b;a_5a;a_5b,cellcnn,,,
32,a_012,1,0.0,0.00275,55.0,20000,6.29403829574585,a_005;a_006;a_007;a_1a;a_2b;a_3b;a_4b;a_5a;a_5b,cellcnn,,,
32,a_3a,0,0.0,0.0004,8.0,20000,6.29403829574585,a_005;a_006;a_007;a_1a;a_2b;a_3b;a_4b;a_5a;a_5b,cellcnn,,,
32,a_4a,1,0.0,0.0137,274.0,20000,6.29403829574585,a_005;a_006;a_007;a_1a;a_2b;a_3b;a_4b;a_5a;a_5b,cellcnn,,,
33,a_007,1,0.0,0.0018,36.0,20000,5.073234558105469,a_001;a_002;a_003;a_004;a_006;a_012;a_1a;a_2a;a_4a;a_5b,cellcnn,,,
33,a_009,0,0.0,0.0003,6.0,20000,5.073234558105469,a_001;a_002;a_003;a_004;a_006;a_012;a_1a;a_2a;a_4a;a_5b,cellcnn,,,
33,a_011,0,0.0,0.0004,8.0,20000,5.073234558105469,a_001;a_002;a_003;a_004;a_006;a_012;a_1a;a_2a;a_4a;a_5b,cellcnn,,,
33,a_2b,0,0.0,0.0005,10.0,20000,5.073234558105469,a_001;a_002;a_003;a_004;a_006;a_012;a_1a;a_2a;a_4a;a_5b,cellcnn,,,
33,a_3a,0,0.0,0.0003,6.0,20000,5.073234558105469,a_001;a_002;a_003;a_004;a_006;a_012;a_1a;a_2a;a_4a;a_5b,cellcnn,,,
33,a_4b,1,0.0,0.003,60.0,20000,5.073234558105469,a_001;a_002;a_003;a_004;a_006;a_012;a_1a;a_2a;a_4a;a_5b,cellcnn,,,
34,a_005,1,2.0,0.00055,11.0,20000,12.645580291748047,a_001;a_002;a_003;a_004;a_006;a_1a;a_3b;a_4a;a_4b;a_5b,cellcnn,,,
34,a_009,0,2.0,5e-05,1.0,20000,12.645580291748047,a_001;a_002;a_003;a_004;a_006;a_1a;a_3b;a_4a;a_4b;a_5b,cellcnn,,,
34,a_010,0,2.0,0.0002,4.0,20000,12.645580291748047,a_001;a_002;a_003;a_004;a_006;a_1a;a_3b;a_4a;a_4b;a_5b,cellcnn,,,
34,a_011,0,2.0,0.0,0.0,20000,12.645580291748047,a_001;a_002;a_003;a_004;a_006;a_1a;a_3b;a_4a;a_4b;a_5b,cellcnn,,,
34,a_2a,0,2.0,0.0002,4.0,20000,12.645580291748047,a_001;a_002;a_003;a_004;a_006;a_1a;a_3b;a_4a;a_4b;a_5b,cellcnn,,,
34,a_5a,1,2.0,0.00275,55.0,20000,12.645580291748047,a_001;a_002;a_003;a_004;a_006;a_1a;a_3b;a_4a;a_4b;a_5b,cellcnn,,,
35,a_004,0,3.0,0.0001,2.0,20000,8.457764625549316,a_001;a_002;a_003;a_005;a_007;a_010;a_2a;a_3b;a_4b,cellcnn,,,
35,a_009,0,3.0,0.0,0.0,20000,8.457764625549316,a_001;a_002;a_003;a_005;a_007;a_010;a_2a;a_3b;a_4b,cellcnn,,,
35,a_012,1,3.0,0.00015,3.0,20000,8.457764625549316,a_001;a_002;a_003;a_005;a_007;a_010;a_2a;a_3b;a_4b,cellcnn,,,
35,a_2b,0,3.0,0.0003,6.0,20000,8.457764625549316,a_001;a_002;a_003;a_005;a_007;a_010;a_2a;a_3b;a_4b,cellcnn,,,
35,a_3a,0,3.0,0.00015,3.0,20000,8.457764625549316,a_001;a_002;a_003;a_005;a_007;a_010;a_2a;a_3b;a_4b,cellcnn,,,
35,a_5b,1,3.0,0.01055,211.0,20000,8.457764625549316,a_001;a_002;a_003;a_005;a_007;a_010;a_2a;a_3b;a_4b,cellcnn,,,
36,a_003,0,3.0,0.00205,41.0,20000,6.979408264160156,a_001;a_002;a_004;a_006;a_007;a_1a;a_2b;a_3b;a_4a;a_5a,cellcnn,,,
36,a_009,0,3.0,0.0005,10.0,20000,6.979408264160156,a_001;a_002;a_004;a_006;a_007;a_1a;a_2b;a_3b;a_4a;a_5a,cellcnn,,,
36,a_011,0,3.0,0.0,0.0,20000,6.979408264160156,a_001;a_002;a_004;a_006;a_007;a_1a;a_2b;a_3b;a_4a;a_5a,cellcnn,,,
36,a_3a,0,3.0,0.0,0.0,20000,6.979408264160156,a_001;a_002;a_004;a_006;a_007;a_1a;a_2b;a_3b;a_4a;a_5a,cellcnn,,,
36,a_4b,1,3.0,0.0029,58.0,20000,6.979408264160156,a_001;a_002;a_004;a_006;a_007;a_1a;a_2b;a_3b;a_4a;a_5a,cellcnn,,,
36,a_5b,1,3.0,0.0107,214.0,20000,6.979408264160156,a_001;a_002;a_004;a_006;a_007;a_1a;a_2b;a_3b;a_4a;a_5a,cellcnn,,,
37,a_004,0,0.0,0.0006,12.0,20000,6.916762828826904,a_001;a_003;a_006;a_010;a_012;a_3a;a_3b;a_4b;a_5b,cellcnn,,,
37,a_007,1,0.0,0.00155,31.0,20000,6.916762828826904,a_001;a_003;a_006;a_010;a_012;a_3a;a_3b;a_4b;a_5b,cellcnn,,,
37,a_011,0,0.0,0.00055,11.0,20000,6.916762828826904,a_001;a_003;a_006;a_010;a_012;a_3a;a_3b;a_4b;a_5b,cellcnn,,,
37,a_2a,0,0.0,0.00115,23.0,20000,6.916762828826904,a_001;a_003;a_006;a_010;a_012;a_3a;a_3b;a_4b;a_5b,cellcnn,,,
37,a_2b,0,0.0,0.00055,11.0,20000,6.916762828826904,a_001;a_003;a_006;a_010;a_012;a_3a;a_3b;a_4b;a_5b,cellcnn,,,
37,a_4a,1,0.0,0.0167,334.0,20000,6.916762828826904,a_001;a_003;a_006;a_010;a_012;a_3a;a_3b;a_4b;a_5b,cellcnn,,,
38,a_002,1,3.0,0.1494,2988.0,20000,8.457732200622559,a_001;a_003;a_007;a_009;a_012;a_2a;a_2b;a_3b;a_4a;a_4b,cellcnn,,,
38,a_004,0,3.0,0.124,2480.0,20000,8.457732200622559,a_001;a_003;a_007;a_009;a_012;a_2a;a_2b;a_3b;a_4a;a_4b,cellcnn,,,
38,a_006,0,3.0,0.256,5120.0,20000,8.457732200622559,a_001;a_003;a_007;a_009;a_012;a_2a;a_2b;a_3b;a_4a;a_4b,cellcnn,,,
38,a_011,0,3.0,0.1303,2606.0,20000,8.457732200622559,a_001;a_003;a_007;a_009;a_012;a_2a;a_2b;a_3b;a_4a;a_4b,cellcnn,,,
38,a_3a,0,3.0,0.0903,1806.0,20000,8.457732200622559,a_001;a_003;a_007;a_009;a_012;a_2a;a_2b;a_3b;a_4a;a_4b,cellcnn,,,
38,a_5b,1,3.0,0.06765,1353.0,20000,8.457732200622559,a_001;a_003;a_007;a_009;a_012;a_2a;a_2b;a_3b;a_4a;a_4b,cellcnn,,,
39,a_001,1,3.0,0.00055,11.0,20000,10.589273452758789,a_002;a_003;a_004;a_005;a_006;a_007;a_011;a_2a;a_4b;a_5a,cellcnn,,,
39,a_009,0,3.0,0.00045,9.0,20000,10.589273452758789,a_002;a_003;a_004;a_005;a_006;a_007;a_011;a_2a;a_4b;a_5a,cellcnn,,,
39,a_1a,0,3.0,0.00465,93.0,20000,10.589273452758789,a_002;a_003;a_004;a_005;a_006;a_007;a_011;a_2a;a_4b;a_5a,cellcnn,,,
39,a_2b,0,3.0,0.0004,8.0,20000,10.589273452758789,a_002;a_003;a_004;a_005;a_006;a_007;a_011;a_2a;a_4b;a_5a,cellcnn,,,
39,a_3a,0,3.0,0.0001,2.0,20000,10.589273452758789,a_002;a_003;a_004;a_005;a_006;a_007;a_011;a_2a;a_4b;a_5a,cellcnn,,,
39,a_4a,1,3.0,0.0147,294.0,20000,10.589273452758789,a_002;a_003;a_004;a_005;a_006;a_007;a_011;a_2a;a_4b;a_5a,cellcnn,,,
40,a_001,1,2.0,0.0001,2.0,20000,9.802142143249512,a_007;a_009;a_010;a_012;a_2b;a_3a;a_4a;a_4b;a_5a,cellcnn,,,
40,a_003,0,2.0,0.002,40.0,20000,9.802142143249512,a_007;a_009;a_010;a_012;a_2b;a_3a;a_4a;a_4b;a_5a,cellcnn,,,
40,a_005,1,2.0,0.0026,52.0,20000,9.802142143249512,a_007;a_009;a_010;a_012;a_2b;a_3a;a_4a;a_4b;a_5a,cellcnn,,,
40,a_006,0,2.0,0.0017,34.0,20000,9.802142143249512,a_007;a_009;a_010;a_012;a_2b;a_3a;a_4a;a_4b;a_5a,cellcnn,,,
40,a_2a,0,2.0,0.0004,8.0,20000,9.802142143249512,a_007;a_009;a_010;a_012;a_2b;a_3a;a_4a;a_4b;a_5a,cellcnn,,,
40,a_3b,0,2.0,5e-05,1.0,20000,9.802142143249512,a_007;a_009;a_010;a_012;a_2b;a_3a;a_4a;a_4b;a_5a,cellcnn,,,
41,a_001,1,2.0,0.0001,2.0,20000,6.822362899780273,a_002;a_003;a_004;a_005;a_011;a_012;a_1a;a_4b;a_5b,cellcnn,,,
41,a_006,0,2.0,0.0068,136.0,20000,6.822362899780273,a_002;a_003;a_004;a_005;a_011;a_012;a_1a;a_4b;a_5b,cellcnn,,,
41,a_009,0,2.0,0.0015,30.0,20000,6.822362899780273,a_002;a_003;a_004;a_005;a_011;a_012;a_1a;a_4b;a_5b,cellcnn,,,
41,a_2b,0,2.0,0.0005,10.0,20000,6.822362899780273,a_002;a_003;a_004;a_005;a_011;a_012;a_1a;a_4b;a_5b,cellcnn,,,
41,a_3a,0,2.0,0.0001,2.0,20000,6.822362899780273,a_002;a_003;a_004;a_005;a_011;a_012;a_1a;a_4b;a_5b,cellcnn,,,
41,a_4a,1,2.0,0.008,160.0,20000,6.822362899780273,a_002;a_003;a_004;a_005;a_011;a_012;a_1a;a_4b;a_5b,cellcnn,,,
42,a_009,0,1.0,0.0007,14.0,20000,8.319936752319336,a_001;a_003;a_005;a_010;a_011;a_3a;a_3b;a_4a;a_5b,cellcnn,,,
42,a_012,1,1.0,0.0009,18.0,20000,8.319936752319336,a_001;a_003;a_005;a_010;a_011;a_3a;a_3b;a_4a;a_5b,cellcnn,,,
42,a_1a,0,1.0,0.00365,73.0,20000,8.319936752319336,a_001;a_003;a_005;a_010;a_011;a_3a;a_3b;a_4a;a_5b,cellcnn,,,
42,a_2a,0,1.0,0.0011,22.0,20000,8.319936752319336,a_001;a_003;a_005;a_010;a_011;a_3a;a_3b;a_4a;a_5b,cellcnn,,,
42,a_2b,0,1.0,0.0011,22.0,20000,8.319936752319336,a_001;a_003;a_005;a_010;a_011;a_3a;a_3b;a_4a;a_5b,cellcnn,,,
42,a_4b,1,1.0,0.0022,44.0,20000,8.319936752319336,a_001;a_003;a_005;a_010;a_011;a_3a;a_3b;a_4a;a_5b,cellcnn,,,
43,a_006,0,1.0,0.00045,9.0,20000,5.720932960510254,a_001;a_004;a_005;a_009;a_010;a_012;a_3b;a_4b;a_5a,cellcnn,,,
43,a_007,1,1.0,0.00245,49.0,20000,5.720932960510254,a_001;a_004;a_005;a_009;a_010;a_012;a_3b;a_4b;a_5a,cellcnn,,,
43,a_011,0,1.0,0.00025,5.0,20000,5.720932960510254,a_001;a_004;a_005;a_009;a_010;a_012;a_3b;a_4b;a_5a,cellcnn,,,
43,a_1a,0,1.0,0.0021,42.0,20000,5.720932960510254,a_001;a_004;a_005;a_009;a_010;a_012;a_3b;a_4b;a_5a,cellcnn,,,
43,a_2b,0,1.0,0.00085,17.0,20000,5.720932960510254,a_001;a_004;a_005;a_009;a_010;a_012;a_3b;a_4b;a_5a,cellcnn,,,
43,a_5b,1,1.0,0.02245,449.0,20000,5.720932960510254,a_001;a_004;a_005;a_009;a_010;a_012;a_3b;a_4b;a_5a,cellcnn,,,
44,a_002,1,,,,20000,,a_003;a_004;a_005;a_007;a_009;a_012;a_2a;a_3b;a_4a;a_4b,cellcnn,,,
44,a_006,0,,,,20000,,a_003;a_004;a_005;a_007;a_009;a_012;a_2a;a_3b;a_4a;a_4b,cellcnn,,,
44,a_010,0,,,,20000,,a_003;a_004;a_005;a_007;a_009;a_012;a_2a;a_3b;a_4a;a_4b,cellcnn,,,
44,a_1a,0,,,,20000,,a_003;a_004;a_005;a_007;a_009;a_012;a_2a;a_3b;a_4a;a_4b,cellcnn,,,
44,a_3a,0,,,,20000,,a_003;a_004;a_005;a_007;a_009;a_012;a_2a;a_3b;a_4a;a_4b,cellcnn,,,
44,a_5a,1,,,,20000,,a_003;a_004;a_005;a_007;a_009;a_012;a_2a;a_3b;a_4a;a_4b,cellcnn,,,
45,a_003,0,0.0,0.0015,30.0,20000,3.2617805004119873,a_001;a_002;a_004;a_007;a_010;a_011;a_1a;a_4a;a_5a,cellcnn,,,
45,a_005,1,0.0,0.0078,156.0,20000,3.2617805004119873,a_001;a_002;a_004;a_007;a_010;a_011;a_1a;a_4a;a_5a,cellcnn,,,
45,a_009,0,0.0,0.00015,3.0,20000,3.2617805004119873,a_001;a_002;a_004;a_007;a_010;a_011;a_1a;a_4a;a_5a,cellcnn,,,
45,a_3a,0,0.0,0.0009,18.0,20000,3.2617805004119873,a_001;a_002;a_004;a_007;a_010;a_011;a_1a;a_4a;a_5a,cellcnn,,,
45,a_3b,0,0.0,0.00135,27.0,20000,3.2617805004119873,a_001;a_002;a_004;a_007;a_010;a_011;a_1a;a_4a;a_5a,cellcnn,,,
45,a_5b,1,0.0,0.02625,525.0,20000,3.2617805004119873,a_001;a_002;a_004;a_007;a_010;a_011;a_1a;a_4a;a_5a,cellcnn,,,
46,a_001,1,0.0,0.0013,26.0,20000,6.868814945220947,a_002;a_004;a_006;a_007;a_2a;a_2b;a_3b;a_4b;a_5a;a_5b,cellcnn,,,
46,a_003,0,0.0,0.00135,27.0,20000,6.868814945220947,a_002;a_004;a_006;a_007;a_2a;a_2b;a_3b;a_4b;a_5a;a_5b,cellcnn,,,
46,a_010,0,0.0,0.00045,9.0,20000,6.868814945220947,a_002;a_004;a_006;a_007;a_2a;a_2b;a_3b;a_4b;a_5a;a_5b,cellcnn,,,
46,a_011,0,0.0,0.00035,7.0,20000,6.868814945220947,a_002;a_004;a_006;a_007;a_2a;a_2b;a_3b;a_4b;a_5a;a_5b,cellcnn,,,
46,a_012,1,0.0,0.00235,47.0,20000,6.868814945220947,a_002;a_004;a_006;a_007;a_2a;a_2b;a_3b;a_4b;a_5a;a_5b,cellcnn,,,
46,a_3a,0,0.0,0.0005,10.0,20000,6.868814945220947,a_002;a_004;a_006;a_007;a_2a;a_2b;a_3b;a_4b;a_5a;a_5b,cellcnn,,,
47,a_003,0,2.0,0.00215,43.0,20000,10.165416717529297,a_001;a_002;a_004;a_005;a_006;a_007;a_010;a_011;a_3a;a_4a,cellcnn,,,
47,a_009,0,2.0,0.0009,18.0,20000,10.165416717529297,a_001;a_002;a_004;a_005;a_006;a_007;a_010;a_011;a_3a;a_4a,cellcnn,,,
47,a_1a,0,2.0,0.00875,175.0,20000,10.165416717529297,a_001;a_002;a_004;a_005;a_006;a_007;a_010;a_011;a_3a;a_4a,cellcnn,,,
47,a_2b,0,2.0,0.00075,15.0,20000,10.165416717529297,a_001;a_002;a_004;a_005;a_006;a_007;a_010;a_011;a_3a;a_4a,cellcnn,,,
47,a_4b,1,2.0,0.003,60.0,20000,10.165416717529297,a_001;a_002;a_004;a_005;a_006;a_007;a_010;a_011;a_3a;a_4a,cellcnn,,,
47,a_5a,1,2.0,0.0134,268.0,20000,10.165416717529297,a_001;a_002;a_004;a_005;a_006;a_007;a_010;a_011;a_3a;a_4a,cellcnn,,,
48,a_001,1,2.0,0.00065,13.0,20000,5.807953834533691,a_003;a_005;a_006;a_007;a_011;a_2a;a_2b;a_4a;a_4b;a_5b,cellcnn,,,
48,a_002,1,2.0,0.0264,528.0,20000,5.807953834533691,a_003;a_005;a_006;a_007;a_011;a_2a;a_2b;a_4a;a_4b;a_5b,cellcnn,,,
48,a_004,0,2.0,0.00035,7.0,20000,5.807953834533691,a_003;a_005;a_006;a_007;a_011;a_2a;a_2b;a_4a;a_4b;a_5b,cellcnn,,,
48,a_010,0,2.0,0.00035,7.0,20000,5.807953834533691,a_003;a_005;a_006;a_007;a_011;a_2a;a_2b;a_4a;a_4b;a_5b,cellcnn,,,
48,a_1a,0,2.0,0.00365,73.0,20000,5.807953834533691,a_003;a_005;a_006;a_007;a_011;a_2a;a_2b;a_4a;a_4b;a_5b,cellcnn,,,
48,a_3b,0,2.0,0.00055,11.0,20000,5.807953834533691,a_003;a_005;a_006;a_007;a_011;a_2a;a_2b;a_4a;a_4b;a_5b,cellcnn,,,
49,a_001,1,1.0,0.00015,3.0,20000,8.899181365966797,a_002;a_006;a_007;a_010;a_011;a_012;a_2a;a_4b;a_5b,cellcnn,,,
49,a_003,0,1.0,0.0044,88.0,20000,8.899181365966797,a_002;a_006;a_007;a_010;a_011;a_012;a_2a;a_4b;a_5b,cellcnn,,,
49,a_004,0,1.0,5e-05,1.0,20000,8.899181365966797,a_002;a_006;a_007;a_010;a_011;a_012;a_2a;a_4b;a_5b,cellcnn,,,
49,a_009,0,1.0,0.0011,22.0,20000,8.899181365966797,a_002;a_006;a_007;a_010;a_011;a_012;a_2a;a_4b;a_5b,cellcnn,,,
49,a_1a,0,1.0,0.00255,51.0,20000,8.899181365966797,a_002;a_006;a_007;a_010;a_011;a_012;a_2a;a_4b;a_5b,cellcnn,,,
49,a_4a,1,1.0,0.0059,118.0,20000,8.899181365966797,a_002;a_006;a_007;a_010;a_011;a_012;a_2a;a_4b;a_5b,cellcnn,,,
50,a_001,1,1.0,0.00015,3.0,20000,7.208217144012451,a_004;a_005;a_007;a_009;a_011;a_1a;a_2a;a_4b;a_5a;a_5b,cellcnn,,,
50,a_003,0,1.0,0.0015,30.0,20000,7.208217144012451,a_004;a_005;a_007;a_009;a_011;a_1a;a_2a;a_4b;a_5a;a_5b,cellcnn,,,
50,a_006,0,1.0,0.0007,14.0,20000,7.208217144012451,a_004;a_005;a_007;a_009;a_011;a_1a;a_2a;a_4b;a_5a;a_5b,cellcnn,,,
50,a_3a,0,1.0,5e-05,1.0,20000,7.208217144012451,a_004;a_005;a_007;a_009;a_011;a_1a;a_2a;a_4b;a_5a;a_5b,cellcnn,,,
50,a_3b,0,1.0,0.0001,2.0,20000,7.208217144012451,a_004;a_005;a_007;a_009;a_011;a_1a;a_2a;a_4b;a_5a;a_5b,cellcnn,,,
50,a_4a,1,1.0,0.0113,226.0,20000,7.208217144012451,a_004;a_005;a_007;a_009;a_011;a_1a;a_2a;a_4b;a_5a;a_5b,cellcnn,,,
51,a_004,0,4.0,0.0008,16.0,20000,12.660399436950684,a_003;a_006;a_007;a_010;a_012;a_2b;a_3a;a_4b;a_5b,cellcnn,,,
51,a_1a,0,4.0,0.0057,114.0,20000,12.660399436950684,a_003;a_006;a_007;a_010;a_012;a_2b;a_3a;a_4b;a_5b,cellcnn,,,
51,a_2a,0,4.0,0.00075,15.0,20000,12.660399436950684,a_003;a_006;a_007;a_010;a_012;a_2b;a_3a;a_4b;a_5b,cellcnn,,,
51,a_3b,0,4.0,0.0021,42.0,20000,12.660399436950684,a_003;a_006;a_007;a_010;a_012;a_2b;a_3a;a_4b;a_5b,cellcnn,,,
51,a_4a,1,4.0,0.00885,177.0,20000,12.660399436950684,a_003;a_006;a_007;a_010;a_012;a_2b;a_3a;a_4b;a_5b,cellcnn,,,
51,a_5a,1,4.0,0.01625,325.0,20000,12.660399436950684,a_003;a_006;a_007;a_010;a_012;a_2b;a_3a;a_4b;a_5b,cellcnn,,,
52,a_001,1,0.0,0.00035,7.0,20000,5.450606822967529,a_002;a_003;a_004;a_005;a_007;a_009;a_1a;a_2b;a_4b;a_5b,cellcnn,,,
52,a_010,0,0.0,0.00025,5.0,20000,5.450606822967529,a_002;a_003;a_004;a_005;a_007;a_009;a_1a;a_2b;a_4b;a_5b,cellcnn,,,
52,a_011,0,0.0,0.0001,2.0,20000,5.450606822967529,a_002;a_003;a_004;a_005;a_007;a_009;a_1a;a_2b;a_4b;a_5b,cellcnn,,,
52,a_3a,0,0.0,0.00015,3.0,20000,5.450606822967529,a_002;a_003;a_004;a_005;a_007;a_009;a_1a;a_2b;a_4b;a_5b,cellcnn,,,
52,a_3b,0,0.0,0.0001,2.0,20000,5.450606822967529,a_002;a_003;a_004;a_005;a_007;a_009;a_1a;a_2b;a_4b;a_5b,cellcnn,,,
52,a_4a,1,0.0,0.00665,133.0,20000,5.450606822967529,a_002;a_003;a_004;a_005;a_007;a_009;a_1a;a_2b;a_4b;a_5b,cellcnn,,,
53,a_003,0,1.0,0.003,60.0,20000,8.599562644958496,a_001;a_004;a_005;a_006;a_007;a_009;a_1a;a_2b;a_4b;a_5a,cellcnn,,,
53,a_011,0,1.0,0.00035,7.0,20000,8.599562644958496,a_001;a_004;a_005;a_006;a_007;a_009;a_1a;a_2b;a_4b;a_5a,cellcnn,,,
53,a_012,1,1.0,0.004,80.0,20000,8.599562644958496,a_001;a_004;a_005;a_006;a_007;a_009;a_1a;a_2b;a_4b;a_5a,cellcnn,,,
53,a_3a,0,1.0,0.0002,4.0,20000,8.599562644958496,a_001;a_004;a_005;a_006;a_007;a_009;a_1a;a_2b;a_4b;a_5a,cellcnn,,,
53,a_3b,0,1.0,0.00035,7.0,20000,8.599562644958496,a_001;a_004;a_005;a_006;a_007;a_009;a_1a;a_2b;a_4b;a_5a,cellcnn,,,
53,a_5b,1,1.0,0.02275,455.0,20000,8.599562644958496,a_001;a_004;a_005;a_006;a_007;a_009;a_1a;a_2b;a_4b;a_5a,cellcnn,,,
54,a_004,0,1.0,0.0001,2.0,20000,15.97646713256836,a_001;a_002;a_003;a_009;a_010;a_2a;a_2b;a_4a;a_4b;a_5a,cellcnn,,,
54,a_007,1,1.0,0.00025,5.0,20000,15.97646713256836,a_001;a_002;a_003;a_009;a_010;a_2a;a_2b;a_4a;a_4b;a_5a,cellcnn,,,
54,a_011,0,1.0,0.0001,2.0,20000,15.97646713256836,a_001;a_002;a_003;a_009;a_010;a_2a;a_2b;a_4a;a_4b;a_5a,cellcnn,,,
54,a_012,1,1.0,0.0004,8.0,20000,15.97646713256836,a_001;a_002;a_003;a_009;a_010;a_2a;a_2b;a_4a;a_4b;a_5a,cellcnn,,,
54,a_1a,0,1.0,0.0021,42.0,20000,15.97646713256836,a_001;a_002;a_003;a_009;a_010;a_2a;a_2b;a_4a;a_4b;a_5a,cellcnn,,,
54,a_3b,0,1.0,0.0006,12.0,20000,15.97646713256836,a_001;a_002;a_003;a_009;a_010;a_2a;a_2b;a_4a;a_4b;a_5a,cellcnn,,,
55,a_003,0,2.0,0.00365,73.0,20000,7.934808731079102,a_001;a_002;a_004;a_006;a_009;a_012;a_3a;a_3b;a_4a;a_5b,cellcnn,,,
55,a_005,1,2.0,0.02875,575.0,20000,7.934808731079102,a_001;a_002;a_004;a_006;a_009;a_012;a_3a;a_3b;a_4a;a_5b,cellcnn,,,
55,a_010,0,2.0,0.00055,11.0,20000,7.934808731079102,a_001;a_002;a_004;a_006;a_009;a_012;a_3a;a_3b;a_4a;a_5b,cellcnn,,,
55,a_1a,0,2.0,0.00415,83.0,20000,7.934808731079102,a_001;a_002;a_004;a_006;a_009;a_012;a_3a;a_3b;a_4a;a_5b,cellcnn,,,
55,a_2b,0,2.0,0.0014,28.0,20000,7.934808731079102,a_001;a_002;a_004;a_006;a_009;a_012;a_3a;a_3b;a_4a;a_5b,cellcnn,,,
55,a_4b,1,2.0,0.0065,130.0,20000,7.934808731079102,a_001;a_002;a_004;a_006;a_009;a_012;a_3a;a_3b;a_4a;a_5b,cellcnn,,,
56,a_004,0,2.0,0.00075,15.0,20000,7.796181678771973,a_001;a_002;a_006;a_009;a_011;a_2a;a_3b;a_4b;a_5a,cellcnn,,,
56,a_010,0,2.0,0.00035,7.0,20000,7.796181678771973,a_001;a_002;a_006;a_009;a_011;a_2a;a_3b;a_4b;a_5a,cellcnn,,,
56,a_012,1,2.0,0.00335,67.0,20000,7.796181678771973,a_001;a_002;a_006;a_009;a_011;a_2a;a_3b;a_4b;a_5a,cellcnn,,,
56,a_1a,0,2.0,0.0048,96.0,20000,7.796181678771973,a_001;a_002;a_006;a_009;a_011;a_2a;a_3b;a_4b;a_5a,cellcnn,,,
56,a_3a,0,2.0,0.0003,6.0,20000,7.796181678771973,a_001;a_002;a_006;a_009;a_011;a_2a;a_3b;a_4b;a_5a,cellcnn,,,
56,a_5b,1,2.0,0.0262,524.0,20000,7.796181678771973,a_001;a_002;a_006;a_009;a_011;a_2a;a_3b;a_4b;a_5a,cellcnn,,,
57,a_001,1,2.0,0.00105,21.0,20000,8.600371360778809,a_002;a_006;a_007;a_009;a_011;a_012;a_1a;a_2a;a_4b;a_5a,cellcnn,,,
57,a_003,0,2.0,0.00215,43.0,20000,8.600371360778809,a_002;a_006;a_007;a_009;a_011;a_012;a_1a;a_2a;a_4b;a_5a,cellcnn,,,
57,a_2b,0,2.0,0.00015,3.0,20000,8.600371360778809,a_002;a_006;a_007;a_009;a_011;a_012;a_1a;a_2a;a_4b;a_5a,cellcnn,,,
57,a_3a,0,2.0,0.00045,9.0,20000,8.600371360778809,a_002;a_006;a_007;a_009;a_011;a_012;a_1a;a_2a;a_4b;a_5a,cellcnn,,,
57,a_3b,0,2.0,0.00055,11.0,20000,8.600371360778809,a_002;a_006;a_007;a_009;a_011;a_012;a_1a;a_2a;a_4b;a_5a,cellcnn,,,
57,a_4a,1,2.0,0.0095,190.0,20000,8.600371360778809,a_002;a_006;a_007;a_009;a_011;a_012;a_1a;a_2a;a_4b;a_5a,cellcnn,,,
58,a_002,1,0.0,0.0339,678.0,20000,16.190532684326172,a_001;a_003;a_005;a_009;a_011;a_012;a_1a;a_3b;a_4a;a_5a,cellcnn,,,
58,a_004,0,0.0,0.0006,12.0,20000,16.190532684326172,a_001;a_003;a_005;a_009;a_011;a_012;a_1a;a_3b;a_4a;a_5a,cellcnn,,,
58,a_010,0,0.0,0.00025,5.0,20000,16.190532684326172,a_001;a_003;a_005;a_009;a_011;a_012;a_1a;a_3b;a_4a;a_5a,cellcnn,,,
58,a_2b,0,0.0,0.00075,15.0,20000,16.190532684326172,a_001;a_003;a_005;a_009;a_011;a_012;a_1a;a_3b;a_4a;a_5a,cellcnn,,,
58,a_3a,0,0.0,0.00015,3.0,20000,16.190532684326172,a_001;a_003;a_005;a_009;a_011;a_012;a_1a;a_3b;a_4a;a_5a,cellcnn,,,
58,a_4b,1,0.0,0.00265,53.0,20000,16.190532684326172,a_001;a_003;a_005;a_009;a_011;a_012;a_1a;a_3b;a_4a;a_5a,cellcnn,,,
59,a_003,0,0.0,0.006,120.0,20000,10.092849731445312,a_001;a_002;a_005;a_009;a_010;a_1a;a_2b;a_3b;a_5a;a_5b,cellcnn,,,
59,a_004,0,0.0,0.0011,22.0,20000,10.092849731445312,a_001;a_002;a_005;a_009;a_010;a_1a;a_2b;a_3b;a_5a;a_5b,cellcnn,,,
59,a_012,1,0.0,0.00335,67.0,20000,10.092849731445312,a_001;a_002;a_005;a_009;a_010;a_1a;a_2b;a_3b;a_5a;a_5b,cellcnn,,,
59,a_2a,0,0.0,0.0012,24.0,20000,10.092849731445312,a_001;a_002;a_005;a_009;a_010;a_1a;a_2b;a_3b;a_5a;a_5b,cellcnn,,,
59,a_3a,0,0.0,0.00065,13.0,20000,10.092849731445312,a_001;a_002;a_005;a_009;a_010;a_1a;a_2b;a_3b;a_5a;a_5b,cellcnn,,,
59,a_4b,1,0.0,0.00355,71.0,20000,10.092849731445312,a_001;a_002;a_005;a_009;a_010;a_1a;a_2b;a_3b;a_5a;a_5b,cellcnn,,,
60,a_002,1,0.0,0.04635,927.0,20000,9.892524719238281,a_001;a_003;a_004;a_006;a_007;a_010;a_012;a_2b;a_4b,cellcnn,,,
60,a_009,0,0.0,0.0028,56.0,20000,9.892524719238281,a_001;a_003;a_004;a_006;a_007;a_010;a_012;a_2b;a_4b,cellcnn,,,
60,a_011,0,0.0,0.00415,83.0,20000,9.892524719238281,a_001;a_003;a_004;a_006;a_007;a_010;a_012;a_2b;a_4b,cellcnn,,,
60,a_1a,0,0.0,0.0158,316.0,20000,9.892524719238281,a_001;a_003;a_004;a_006;a_007;a_010;a_012;a_2b;a_4b,cellcnn,,,
60,a_2a,0,0.0,0.0025,50.0,20000,9.892524719238281,a_001;a_003;a_004;a_006;a_007;a_010;a_012;a_2b;a_4b,cellcnn,,,
60,a_5a,1,0.0,0.01415,283.0,20000,9.892524719238281,a_001;a_003;a_004;a_006;a_007;a_010;a_012;a_2b;a_4b,cellcnn,,,
61,a_003,0,3.0,0.0012,24.0,20000,7.784167289733887,a_001;a_002;a_004;a_005;a_006;a_2a;a_3b;a_4a;a_5b,cellcnn,,,
61,a_009,0,3.0,0.0004,8.0,20000,7.784167289733887,a_001;a_002;a_004;a_005;a_006;a_2a;a_3b;a_4a;a_5b,cellcnn,,,
61,a_010,0,3.0,0.0004,8.0,20000,7.784167289733887,a_001;a_002;a_004;a_005;a_006;a_2a;a_3b;a_4a;a_5b,cellcnn,,,
61,a_3a,0,3.0,0.00055,11.0,20000,7.784167289733887,a_001;a_002;a_004;a_005;a_006;a_2a;a_3b;a_4a;a_5b,cellcnn,,,
61,a_4b,1,3.0,0.00305,61.0,20000,7.784167289733887,a_001;a_002;a_004;a_005;a_006;a_2a;a_3b;a_4a;a_5b,cellcnn,,,
61,a_5a,1,3.0,0.0142,284.0,20000,7.784167289733887,a_001;a_002;a_004;a_005;a_006;a_2a;a_3b;a_4a;a_5b,cellcnn,,,
62,a_002,1,3.0,0.01235,247.0,20000,9.646401405334473,a_001;a_003;a_004;a_005;a_007;a_010;a_012;a_3a;a_3b;a_5b,cellcnn,,,
62,a_009,0,3.0,0.00185,37.0,20000,9.646401405334473,a_001;a_003;a_004;a_005;a_007;a_010;a_012;a_3a;a_3b;a_5b,cellcnn,,,
62,a_011,0,3.0,0.00045,9.0,20000,9.646401405334473,a_001;a_003;a_004;a_005;a_007;a_010;a_012;a_3a;a_3b;a_5b,cellcnn,,,
62,a_1a,0,3.0,0.00555,111.0,20000,9.646401405334473,a_001;a_003;a_004;a_005;a_007;a_010;a_012;a_3a;a_3b;a_5b,cellcnn,,,
62,a_2a,0,3.0,0.00135,27.0,20000,9.646401405334473,a_001;a_003;a_004;a_005;a_007;a_010;a_012;a_3a;a_3b;a_5b,cellcnn,,,
62,a_4a,1,3.0,0.01245,249.0,20000,9.646401405334473,a_001;a_003;a_004;a_005;a_007;a_010;a_012;a_3a;a_3b;a_5b,cellcnn,,,
63,a_011,0,1.0,0.0001,2.0,20000,8.793875694274902,a_001;a_002;a_003;a_004;a_007;a_010;a_012;a_1a;a_2a;a_5b,cellcnn,,,
63,a_2b,0,1.0,0.00025,5.0,20000,8.793875694274902,a_001;a_002;a_003;a_004;a_007;a_010;a_012;a_1a;a_2a;a_5b,cellcnn,,,
63,a_3a,0,1.0,0.0005,10.0,20000,8.793875694274902,a_001;a_002;a_003;a_004;a_007;a_010;a_012;a_1a;a_2a;a_5b,cellcnn,,,
63,a_3b,0,1.0,0.00075,15.0,20000,8.793875694274902,a_001;a_002;a_003;a_004;a_007;a_010;a_012;a_1a;a_2a;a_5b,cellcnn,,,
63,a_4a,1,1.0,0.0009,18.0,20000,8.793875694274902,a_001;a_002;a_003;a_004;a_007;a_010;a_012;a_1a;a_2a;a_5b,cellcnn,,,
63,a_4b,1,1.0,0.0002,4.0,20000,8.793875694274902,a_001;a_002;a_003;a_004;a_007;a_010;a_012;a_1a;a_2a;a_5b,cellcnn,,,
64,a_003,0,1.0,0.00265,53.0,20000,6.076613903045654,a_001;a_002;a_004;a_006;a_007;a_2a;a_2b;a_3b;a_4b,cellcnn,,,
64,a_009,0,1.0,0.0025,50.0,20000,6.076613903045654,a_001;a_002;a_004;a_006;a_007;a_2a;a_2b;a_3b;a_4b,cellcnn,,,
64,a_011,0,1.0,0.0015,30.0,20000,6.076613903045654,a_001;a_002;a_004;a_006;a_007;a_2a;a_2b;a_3b;a_4b,cellcnn,,,
64,a_012,1,1.0,0.00465,93.0,20000,6.076613903045654,a_001;a_002;a_004;a_006;a_007;a_2a;a_2b;a_3b;a_4b,cellcnn,,,
64,a_3a,0,1.0,0.00155,31.0,20000,6.076613903045654,a_001;a_002;a_004;a_006;a_007;a_2a;a_2b;a_3b;a_4b,cellcnn,,,
64,a_5a,1,1.0,0.0154,308.0,20000,6.076613903045654,a_001;a_002;a_004;a_006;a_007;a_2a;a_2b;a_3b;a_4b,cellcnn,,,
65,a_004,0,1.0,0.00195,39.0,20000,8.835454940795898,a_001;a_003;a_005;a_006;a_007;a_010;a_012;a_1a;a_3a;a_4b,cellcnn,,,
65,a_009,0,1.0,0.00035,7.0,20000,8.835454940795898,a_001;a_003;a_005;a_006;a_007;a_010;a_012;a_1a;a_3a;a_4b,cellcnn,,,
65,a_2b,0,1.0,0.00085,17.0,20000,8.835454940795898,a_001;a_003;a_005;a_006;a_007;a_010;a_012;a_1a;a_3a;a_4b,cellcnn,,,
65,a_3b,0,1.0,0.0011,22.0,20000,8.835454940795898,a_001;a_003;a_005;a_006;a_007;a_010;a_012;a_1a;a_3a;a_4b,cellcnn,,,
65,a_4a,1,1.0,0.01215,243.0,20000,8.835454940795898,a_001;a_003;a_005;a_006;a_007;a_010;a_012;a_1a;a_3a;a_4b,cellcnn,,,
65,a_5b,1,1.0,0.0237,474.0,20000,8.835454940795898,a_001;a_003;a_005;a_006;a_007;a_010;a_012;a_1a;a_3a;a_4b,cellcnn,,,
66,a_006,0,3.0,0.00035,7.0,20000,10.041553497314453,a_002;a_003;a_005;a_009;a_011;a_2b;a_3b;a_4a;a_5b,cellcnn,,,
66,a_007,1,3.0,0.002,40.0,20000,10.041553497314453,a_002;a_003;a_005;a_009;a_011;a_2b;a_3b;a_4a;a_5b,cellcnn,,,
66,a_012,1,3.0,0.00245,49.0,20000,10.041553497314453,a_002;a_003;a_005;a_009;a_011;a_2b;a_3b;a_4a;a_5b,cellcnn,,,
66,a_1a,0,3.0,0.00135,27.0,20000,10.041553497314453,a_002;a_003;a_005;a_009;a_011;a_2b;a_3b;a_4a;a_5b,cellcnn,,,
66,a_2a,0,3.0,0.0006,12.0,20000,10.041553497314453,a_002;a_003;a_005;a_009;a_011;a_2b;a_3b;a_4a;a_5b,cellcnn,,,
66,a_3a,0,3.0,5e-05,1.0,20000,10.041553497314453,a_002;a_003;a_005;a_009;a_011;a_2b;a_3b;a_4a;a_5b,cellcnn,,,
67,a_009,0,0.0,0.0003,6.0,20000,9.971000671386719,a_001;a_002;a_003;a_004;a_010;a_012;a_1a;a_2a;a_4a;a_5b,cellcnn,,,
67,a_011,0,0.0,0.00165,33.0,20000,9.971000671386719,a_001;a_002;a_003;a_004;a_010;a_012;a_1a;a_2a;a_4a;a_5b,cellcnn,,,
67,a_3a,0,0.0,0.00195,39.0,20000,9.971000671386719,a_001;a_002;a_003;a_004;a_010;a_012;a_1a;a_2a;a_4a;a_5b,cellcnn,,,
67,a_3b,0,0.0,0.00235,47.0,20000,9.971000671386719,a_001;a_002;a_003;a_004;a_010;a_012;a_1a;a_2a;a_4a;a_5b,cellcnn,,,
67,a_4b,1,0.0,0.00655,131.0,20000,9.971000671386719,a_001;a_002;a_003;a_004;a_010;a_012;a_1a;a_2a;a_4a;a_5b,cellcnn,,,
67,a_5a,1,0.0,0.0278,556.0,20000,9.971000671386719,a_001;a_002;a_003;a_004;a_010;a_012;a_1a;a_2a;a_4a;a_5b,cellcnn,,,
68,a_002,1,1.0,0.00395,79.0,20000,3.3828980922698975,a_004;a_005;a_007;a_1a;a_2b;a_3a;a_4b;a_5a;a_5b,cellcnn,,,
68,a_003,0,1.0,0.01145,229.0,20000,3.3828980922698975,a_004;a_005;a_007;a_1a;a_2b;a_3a;a_4b;a_5a;a_5b,cellcnn,,,
68,a_006,0,1.0,0.0051,102.0,20000,3.3828980922698975,a_004;a_005;a_007;a_1a;a_2b;a_3a;a_4b;a_5a;a_5b,cellcnn,,,
68,a_010,0,1.0,0.0001,2.0,20000,3.3828980922698975,a_004;a_005;a_007;a_1a;a_2b;a_3a;a_4b;a_5a;a_5b,cellcnn,,,
68,a_2a,0,1.0,0.001,20.0,20000,3.3828980922698975,a_004;a_005;a_007;a_1a;a_2b;a_3a;a_4b;a_5a;a_5b,cellcnn,,,
68,a_4a,1,1.0,0.0087,174.0,20000,3.3828980922698975,a_004;a_005;a_007;a_1a;a_2b;a_3a;a_4b;a_5a;a_5b,cellcnn,,,
69,a_001,1,3.0,0.0,0.0,20000,12.97265625,a_004;a_005;a_006;a_007;a_009;a_1a;a_3b;a_4a;a_4b;a_5a,cellcnn,,,
69,a_002,1,3.0,0.0013,26.0,20000,12.97265625,a_004;a_005;a_006;a_007;a_009;a_1a;a_3b;a_4a;a_4b;a_5a,cellcnn,,,
69,a_003,0,3.0,0.00065,13.0,20000,12.97265625,a_004;a_005;a_006;a_007;a_009;a_1a;a_3b;a_4a;a_4b;a_5a,cellcnn,,,
69,a_010,0,3.0,0.0,0.0,20000,12.97265625,a_004;a_005;a_006;a_007;a_009;a_1a;a_3b;a_4a;a_4b;a_5a,cellcnn,,,
69,a_011,0,3.0,0.0,0.0,20000,12.97265625,a_004;a_005;a_006;a_007;a_009;a_1a;a_3b;a_4a;a_4b;a_5a,cellcnn,,,
69,a_3a,0,3.0,0.0,0.0,20000,12.97265625,a_004;a_005;a_006;a_007;a_009;a_1a;a_3b;a_4a;a_4b;a_5a,cellcnn,,,
70,a_001,1,1.0,0.00095,19.0,20000,5.175526142120361,a_002;a_004;a_006;a_007;a_009;a_010;a_012;a_2b;a_4b,cellcnn,,,
70,a_011,0,1.0,0.0004,8.0,20000,5.175526142120361,a_002;a_004;a_006;a_007;a_009;a_010;a_012;a_2b;a_4b,cellcnn,,,
70,a_2a,0,1.0,0.00135,27.0,20000,5.175526142120361,a_002;a_004;a_006;a_007;a_009;a_010;a_012;a_2b;a_4b,cellcnn,,,
70,a_3a,0,1.0,0.0012,24.0,20000,5.175526142120361,a_002;a_004;a_006;a_007;a_009;a_010;a_012;a_2b;a_4b,cellcnn,,,
70,a_3b,0,1.0,0.0017,34.0,20000,5.175526142120361,a_002;a_004;a_006;a_007;a_009;a_010;a_012;a_2b;a_4b,cellcnn,,,
70,a_4a,1,1.0,0.01635,327.0,20000,5.175526142120361,a_002;a_004;a_006;a_007;a_009;a_010;a_012;a_2b;a_4b,cellcnn,,,
71,a_004,0,0.0,0.00065,13.0,20000,11.720030784606934,a_001;a_003;a_009;a_012;a_2a;a_2b;a_3a;a_4b;a_5a;a_5b,cellcnn,,,
71,a_005,1,0.0,0.01295,259.0,20000,11.720030784606934,a_001;a_003;a_009;a_012;a_2a;a_2b;a_3a;a_4b;a_5a;a_5b,cellcnn,,,
71,a_007,1,0.0,0.0024,48.0,20000,11.720030784606934,a_001;a_003;a_009;a_012;a_2a;a_2b;a_3a;a_4b;a_5a;a_5b,cellcnn,,,
71,a_011,0,0.0,0.0004,8.0,20000,11.720030784606934,a_001;a_003;a_009;a_012;a_2a;a_2b;a_3a;a_4b;a_5a;a_5b,cellcnn,,,
71,a_1a,0,0.0,0.00345,69.0,20000,11.720030784606934,a_001;a_003;a_009;a_012;a_2a;a_2b;a_3a;a_4b;a_5a;a_5b,cellcnn,,,
71,a_3b,0,0.0,0.0011,22.0,20000,11.720030784606934,a_001;a_003;a_009;a_012;a_2a;a_2b;a_3a;a_4b;a_5a;a_5b,cellcnn,,,
72,a_004,0,0.0,0.0011,22.0,20000,6.327574253082275,a_001;a_006;a_007;a_009;a_010;a_012;a_1a;a_3a;a_5a;a_5b,cellcnn,,,
72,a_005,1,0.0,0.0233,466.0,20000,6.327574253082275,a_001;a_006;a_007;a_009;a_010;a_012;a_1a;a_3a;a_5a;a_5b,cellcnn,,,
72,a_2a,0,0.0,0.00075,15.0,20000,6.327574253082275,a_001;a_006;a_007;a_009;a_010;a_012;a_1a;a_3a;a_5a;a_5b,cellcnn,,,
72,a_2b,0,0.0,0.00045,9.0,20000,6.327574253082275,a_001;a_006;a_007;a_009;a_010;a_012;a_1a;a_3a;a_5a;a_5b,cellcnn,,,
72,a_3b,0,0.0,0.00045,9.0,20000,6.327574253082275,a_001;a_006;a_007;a_009;a_010;a_012;a_1a;a_3a;a_5a;a_5b,cellcnn,,,
72,a_4b,1,0.0,0.0016,32.0,20000,6.327574253082275,a_001;a_006;a_007;a_009;a_010;a_012;a_1a;a_3a;a_5a;a_5b,cellcnn,,,
73,a_001,1,0.0,0.00035,7.0,20000,8.40322208404541,a_005;a_006;a_007;a_009;a_010;a_012;a_1a;a_3a;a_4b,cellcnn,,,
73,a_003,0,0.0,0.003,60.0,20000,8.40322208404541,a_005;a_006;a_007;a_009;a_010;a_012;a_1a;a_3a;a_4b,cellcnn,,,
73,a_011,0,0.0,0.0002,4.0,20000,8.40322208404541,a_005;a_006;a_007;a_009;a_010;a_012;a_1a;a_3a;a_4b,cellcnn,,,
73,a_2b,0,0.0,0.00085,17.0,20000,8.40322208404541,a_005;a_006;a_007;a_009;a_010;a_012;a_1a;a_3a;a_4b,cellcnn,,,
73,a_3b,0,0.0,0.00015,3.0,20000,8.40322208404541,a_005;a_006;a_007;a_009;a_010;a_012;a_1a;a_3a;a_4b,cellcnn,,,
73,a_5a,1,0.0,0.02025,405.0,20000,8.40322208404541,a_005;a_006;a_007;a_009;a_010;a_012;a_1a;a_3a;a_4b,cellcnn,,,
74,a_001,1,2.0,0.0011,22.0,20000,10.152450561523438,a_002;a_004;a_006;a_007;a_010;a_3a;a_3b;a_4a;a_4b,cellcnn,,,
74,a_003,0,2.0,0.00155,31.0,20000,10.152450561523438,a_002;a_004;a_006;a_007;a_010;a_3a;a_3b;a_4a;a_4b,cellcnn,,,
74,a_009,0,2.0,0.00025,5.0,20000,10.152450561523438,a_002;a_004;a_006;a_007;a_010;a_3a;a_3b;a_4a;a_4b,cellcnn,,,
74,a_012,1,2.0,0.0023,46.0,20000,10.152450561523438,a_002;a_004;a_006;a_007;a_010;a_3a;a_3b;a_4a;a_4b,cellcnn,,,
74,a_1a,0,2.0,0.0033,66.0,20000,10.152450561523438,a_002;a_004;a_006;a_007;a_010;a_3a;a_3b;a_4a;a_4b,cellcnn,,,
74,a_2a,0,2.0,0.0003,6.0,20000,10.152450561523438,a_002;a_004;a_006;a_007;a_010;a_3a;a_3b;a_4a;a_4b,cellcnn,,,
75,a_004,0,0.0,0.00025,5.0,20000,4.920619010925293,a_001;a_002;a_003;a_010;a_011;a_012;a_3a;a_4b;a_5b,cellcnn,,,
75,a_005,1,0.0,0.01,200.0,20000,4.920619010925293,a_001;a_002;a_003;a_010;a_011;a_012;a_3a;a_4b;a_5b,cellcnn,,,
75,a_007,1,0.0,0.0009,18.0,20000,4.920619010925293,a_001;a_002;a_003;a_010;a_011;a_012;a_3a;a_4b;a_5b,cellcnn,,,
75,a_1a,0,0.0,0.00145,29.0,20000,4.920619010925293,a_001;a_002;a_003;a_010;a_011;a_012;a_3a;a_4b;a_5b,cellcnn,,,
75,a_2a,0,0.0,0.0001,2.0,20000,4.920619010925293,a_001;a_002;a_003;a_010;a_011;a_012;a_3a;a_4b;a_5b,cellcnn,,,
75,a_2b,0,0.0,0.0004,8.0,20000,4.920619010925293,a_001;a_002;a_003;a_010;a_011;a_012;a_3a;a_4b;a_5b,cellcnn,,,
76,a_009,0,0.0,0.0069,138.0,20000,5.159086227416992,a_001;a_002;a_004;a_006;a_007;a_012;a_2a;a_3b;a_4b,cellcnn,,,
76,a_011,0,0.0,0.0017,34.0,20000,5.159086227416992,a_001;a_002;a_004;a_006;a_007;a_012;a_2a;a_3b;a_4b,cellcnn,,,
76,a_1a,0,0.0,0.00975,195.0,20000,5.159086227416992,a_001;a_002;a_004;a_006;a_007;a_012;a_2a;a_3b;a_4b,cellcnn,,,
76,a_3a,0,0.0,0.00115,23.0,20000,5.159086227416992,a_001;a_002;a_004;a_006;a_007;a_012;a_2a;a_3b;a_4b,cellcnn,,,
76,a_4a,1,0.0,0.0155,310.0,20000,5.159086227416992,a_001;a_002;a_004;a_006;a_007;a_012;a_2a;a_3b;a_4b,cellcnn,,,
76,a_5b,1,0.0,0.0234,468.0,20000,5.159086227416992,a_001;a_002;a_004;a_006;a_007;a_012;a_2a;a_3b;a_4b,cellcnn,,,
77,a_001,1,0.0,0.00035,7.0,20000,9.301060676574707,a_002;a_003;a_004;a_005;a_007;a_010;a_012;a_1a;a_2a;a_4b,cellcnn,,,
77,a_006,0,0.0,0.00315,63.0,20000,9.301060676574707,a_002;a_003;a_004;a_005;a_007;a_010;a_012;a_1a;a_2a;a_4b,cellcnn,,,
77,a_011,0,0.0,0.00015,3.0,20000,9.301060676574707,a_002;a_003;a_004;a_005;a_007;a_010;a_012;a_1a;a_2a;a_4b,cellcnn,,,
77,a_3a,0,0.0,0.0001,2.0,20000,9.301060676574707,a_002;a_003;a_004;a_005;a_007;a_010;a_012;a_1a;a_2a;a_4b,cellcnn,,,
77,a_3b,0,0.0,0.00015,3.0,20000,9.301060676574707,a_002;a_003;a_004;a_005;a_007;a_010;a_012;a_1a;a_2a;a_4b,cellcnn,,,
77,a_4a,1,0.0,0.014,280.0,20000,9.301060676574707,a_002;a_003;a_004;a_005;a_007;a_010;a_012;a_1a;a_2a;a_4b,cellcnn,,,
78,a_002,1,0.0,0.04495,899.0,20000,6.041261672973633,a_001;a_005;a_006;a_007;a_1a;a_2a;a_3a;a_4b;a_5b,cellcnn,,,
78,a_003,0,0.0,0.00245,49.0,20000,6.041261672973633,a_001;a_005;a_006;a_007;a_1a;a_2a;a_3a;a_4b;a_5b,cellcnn,,,
78,a_009,0,0.0,0.00015,3.0,20000,6.041261672973633,a_001;a_005;a_006;a_007;a_1a;a_2a;a_3a;a_4b;a_5b,cellcnn,,,
78,a_012,1,0.0,0.00715,143.0,20000,6.041261672973633,a_001;a_005;a_006;a_007;a_1a;a_2a;a_3a;a_4b;a_5b,cellcnn,,,
78,a_2b,0,0.0,0.0004,8.0,20000,6.041261672973633,a_001;a_005;a_006;a_007;a_1a;a_2a;a_3a;a_4b;a_5b,cellcnn,,,
78,a_3b,0,0.0,0.0005,10.0,20000,6.041261672973633,a_001;a_005;a_006;a_007;a_1a;a_2a;a_3a;a_4b;a_5b,cellcnn,,,
79,a_002,1,1.0,0.0084,168.0,20000,7.172678470611572,a_001;a_005;a_007;a_009;a_010;a_1a;a_2a;a_3b;a_4b;a_5b,cellcnn,,,
79,a_004,0,1.0,0.0004,8.0,20000,7.172678470611572,a_001;a_005;a_007;a_009;a_010;a_1a;a_2a;a_3b;a_4b;a_5b,cellcnn,,,
79,a_011,0,1.0,0.0003,6.0,20000,7.172678470611572,a_001;a_005;a_007;a_009;a_010;a_1a;a_2a;a_3b;a_4b;a_5b,cellcnn,,,
79,a_2b,0,1.0,0.00055,11.0,20000,7.172678470611572,a_001;a_005;a_007;a_009;a_010;a_1a;a_2a;a_3b;a_4b;a_5b,cellcnn,,,
79,a_3a,0,1.0,0.0001,2.0,20000,7.172678470611572,a_001;a_005;a_007;a_009;a_010;a_1a;a_2a;a_3b;a_4b;a_5b,cellcnn,,,
79,a_5a,1,1.0,0.0096,192.0,20000,7.172678470611572,a_001;a_005;a_007;a_009;a_010;a_1a;a_2a;a_3b;a_4b;a_5b,cellcnn,,,
80,a_007,1,3.0,0.0,0.0,20000,4.325226783752441,a_001;a_003;a_004;a_005;a_006;a_2b;a_3a;a_4a;a_4b;a_5b,cellcnn,,,
80,a_009,0,3.0,0.0,0.0,20000,4.325226783752441,a_001;a_003;a_004;a_005;a_006;a_2b;a_3a;a_4a;a_4b;a_5b,cellcnn,,,
80,a_011,0,3.0,0.0,0.0,20000,4.325226783752441,a_001;a_003;a_004;a_005;a_006;a_2b;a_3a;a_4a;a_4b;a_5b,cellcnn,,,
80,a_2a,0,3.0,0.0004,8.0,20000,4.325226783752441,a_001;a_003;a_004;a_005;a_006;a_2b;a_3a;a_4a;a_4b;a_5b,cellcnn,,,
80,a_3b,0,3.0,0.0002,4.0,20000,4.325226783752441,a_001;a_003;a_004;a_005;a_006;a_2b;a_3a;a_4a;a_4b;a_5b,cellcnn,,,
80,a_5a,1,3.0,0.00055,11.0,20000,4.325226783752441,a_001;a_003;a_004;a_005;a_006;a_2b;a_3a;a_4a;a_4b;a_5b,cellcnn,,,
81,a_003,0,1.0,0.00545,109.0,20000,6.102193355560303,a_001;a_002;a_005;a_006;a_010;a_2a;a_2b;a_3b;a_4b;a_5a,cellcnn,,,
81,a_004,0,1.0,0.00205,41.0,20000,6.102193355560303,a_001;a_002;a_005;a_006;a_010;a_2a;a_2b;a_3b;a_4b;a_5a,cellcnn,,,
81,a_007,1,1.0,0.00425,85.0,20000,6.102193355560303,a_001;a_002;a_005;a_006;a_010;a_2a;a_2b;a_3b;a_4b;a_5a,cellcnn,,,
81,a_009,0,1.0,0.0006,12.0,20000,6.102193355560303,a_001;a_002;a_005;a_006;a_010;a_2a;a_2b;a_3b;a_4b;a_5a,cellcnn,,,
81,a_011,0,1.0,0.00185,37.0,20000,6.102193355560303,a_001;a_002;a_005;a_006;a_010;a_2a;a_2b;a_3b;a_4b;a_5a,cellcnn,,,
81,a_5b,1,1.0,0.0279,558.0,20000,6.102193355560303,a_001;a_002;a_005;a_006;a_010;a_2a;a_2b;a_3b;a_4b;a_5a,cellcnn,,,
82,a_009,0,3.0,0.001,20.0,20000,8.200492858886719,a_001;a_003;a_006;a_007;a_010;a_012;a_2b;a_3a;a_4b,cellcnn,,,
82,a_011,0,3.0,0.00195,39.0,20000,8.200492858886719,a_001;a_003;a_006;a_007;a_010;a_012;a_2b;a_3a;a_4b,cellcnn,,,
82,a_1a,0,3.0,0.00915,183.0,20000,8.200492858886719,a_001;a_003;a_006;a_007;a_010;a_012;a_2b;a_3a;a_4b,cellcnn,,,
82,a_3b,0,3.0,0.0027,54.0,20000,8.200492858886719,a_001;a_003;a_006;a_007;a_010;a_012;a_2b;a_3a;a_4b,cellcnn,,,
82,a_4a,1,3.0,0.0134,268.0,20000,8.200492858886719,a_001;a_003;a_006;a_007;a_010;a_012;a_2b;a_3a;a_4b,cellcnn,,,
82,a_5b,1,3.0,0.0225,450.0,20000,8.200492858886719,a_001;a_003;a_006;a_007;a_010;a_012;a_2b;a_3a;a_4b,cellcnn,,,
83,a_004,0,2.0,0.0007,14.0,20000,5.327792644500732,a_001;a_002;a_003;a_006;a_007;a_009;a_011;a_1a;a_4a;a_5b,cellcnn,,,
83,a_012,1,2.0,0.00175,35.0,20000,5.327792644500732,a_001;a_002;a_003;a_006;a_007;a_009;a_011;a_1a;a_4a;a_5b,cellcnn,,,
83,a_2a,0,2.0,0.00075,15.0,20000,5.327792644500732,a_001;a_002;a_003;a_006;a_007;a_009;a_011;a_1a;a_4a;a_5b,cellcnn,,,
83,a_2b,0,2.0,0.00085,17.0,20000,5.327792644500732,a_001;a_002;a_003;a_006;a_007;a_009;a_011;a_1a;a_4a;a_5b,cellcnn,,,
83,a_3b,0,2.0,0.00065,13.0,20000,5.327792644500732,a_001;a_002;a_003;a_006;a_007;a_009;a_011;a_1a;a_4a;a_5b,cellcnn,,,
83,a_5a,1,2.0,0.01615,323.0,20000,5.327792644500732,a_001;a_002;a_003;a_006;a_007;a_009;a_011;a_1a;a_4a;a_5b,cellcnn,,,
84,a_002,1,,,,20000,,a_003;a_005;a_007;a_011;a_1a;a_2b;a_3a;a_4a;a_4b;a_5a,cellcnn,,,
84,a_006,0,,,,20000,,a_003;a_005;a_007;a_011;a_1a;a_2b;a_3a;a_4a;a_4b;a_5a,cellcnn,,,
84,a_009,0,,,,20000,,a_003;a_005;a_007;a_011;a_1a;a_2b;a_3a;a_4a;a_4b;a_5a,cellcnn,,,
84,a_010,0,,,,20000,,a_003;a_005;a_007;a_011;a_1a;a_2b;a_3a;a_4a;a_4b;a_5a,cellcnn,,,
84,a_012,1,,,,20000,,a_003;a_005;a_007;a_011;a_1a;a_2b;a_3a;a_4a;a_4b;a_5a,cellcnn,,,
84,a_2a,0,,,,20000,,a_003;a_005;a_007;a_011;a_1a;a_2b;a_3a;a_4a;a_4b;a_5a,cellcnn,,,
85,a_003,0,2.0,0.00605,121.0,20000,8.069462776184082,a_001;a_002;a_005;a_007;a_009;a_010;a_1a;a_3a;a_5a,cellcnn,,,
85,a_004,0,2.0,0.0007,14.0,20000,8.069462776184082,a_001;a_002;a_005;a_007;a_009;a_010;a_1a;a_3a;a_5a,cellcnn,,,
85,a_2a,0,2.0,0.00105,21.0,20000,8.069462776184082,a_001;a_002;a_005;a_007;a_009;a_010;a_1a;a_3a;a_5a,cellcnn,,,
85,a_3b,0,2.0,0.00075,15.0,20000,8.069462776184082,a_001;a_002;a_005;a_007;a_009;a_010;a_1a;a_3a;a_5a,cellcnn,,,
85,a_4b,1,2.0,0.00295,59.0,20000,8.069462776184082,a_001;a_002;a_005;a_007;a_009;a_010;a_1a;a_3a;a_5a,cellcnn,,,
85,a_5b,1,2.0,0.0123,246.0,20000,8.069462776184082,a_001;a_002;a_005;a_007;a_009;a_010;a_1a;a_3a;a_5a,cellcnn,,,
86,a_002,1,3.0,0.0427,854.0,20000,9.59001350402832,a_003;a_004;a_007;a_009;a_012;a_2a;a_2b;a_4a;a_5a;a_5b,cellcnn,,,
86,a_010,0,3.0,0.00035,7.0,20000,9.59001350402832,a_003;a_004;a_007;a_009;a_012;a_2a;a_2b;a_4a;a_5a;a_5b,cellcnn,,,
86,a_011,0,3.0,0.0002,4.0,20000,9.59001350402832,a_003;a_004;a_007;a_009;a_012;a_2a;a_2b;a_4a;a_5a;a_5b,cellcnn,,,
86,a_1a,0,3.0,0.00095,19.0,20000,9.59001350402832,a_003;a_004;a_007;a_009;a_012;a_2a;a_2b;a_4a;a_5a;a_5b,cellcnn,,,
86,a_3a,0,3.0,0.0003,6.0,20000,9.59001350402832,a_003;a_004;a_007;a_009;a_012;a_2a;a_2b;a_4a;a_5a;a_5b,cellcnn,,,
86,a_4b,1,3.0,0.00155,31.0,20000,9.59001350402832,a_003;a_004;a_007;a_009;a_012;a_2a;a_2b;a_4a;a_5a;a_5b,cellcnn,,,
87,a_001,1,1.0,0.00035,7.0,20000,11.091619491577148,a_002;a_003;a_010;a_011;a_012;a_2a;a_3a;a_4a;a_5a;a_5b,cellcnn,,,
87,a_004,0,1.0,5e-05,1.0,20000,11.091619491577148,a_002;a_003;a_010;a_011;a_012;a_2a;a_3a;a_4a;a_5a;a_5b,cellcnn,,,
87,a_006,0,1.0,5e-05,1.0,20000,11.091619491577148,a_002;a_003;a_010;a_011;a_012;a_2a;a_3a;a_4a;a_5a;a_5b,cellcnn,,,
87,a_009,0,1.0,0.0002,4.0,20000,11.091619491577148,a_002;a_003;a_010;a_011;a_012;a_2a;a_3a;a_4a;a_5a;a_5b,cellcnn,,,
87,a_2b,0,1.0,0.0005,10.0,20000,11.091619491577148,a_002;a_003;a_010;a_011;a_012;a_2a;a_3a;a_4a;a_5a;a_5b,cellcnn,,,
87,a_4b,1,1.0,0.00145,29.0,20000,11.091619491577148,a_002;a_003;a_010;a_011;a_012;a_2a;a_3a;a_4a;a_5a;a_5b,cellcnn,,,
88,a_001,1,2.0,0.0003,6.0,20000,6.697373867034912,a_005;a_006;a_009;a_012;a_2b;a_3a;a_3b;a_4a;a_5a,cellcnn,,,
88,a_004,0,2.0,0.00015,3.0,20000,6.697373867034912,a_005;a_006;a_009;a_012;a_2b;a_3a;a_3b;a_4a;a_5a,cellcnn,,,
88,a_010,0,2.0,5e-05,1.0,20000,6.697373867034912,a_005;a_006;a_009;a_012;a_2b;a_3a;a_3b;a_4a;a_5a,cellcnn,,,
88,a_1a,0,2.0,0.00055,11.0,20000,6.697373867034912,a_005;a_006;a_009;a_012;a_2b;a_3a;a_3b;a_4a;a_5a,cellcnn,,,
88,a_2a,0,2.0,0.0004,8.0,20000,6.697373867034912,a_005;a_006;a_009;a_012;a_2b;a_3a;a_3b;a_4a;a_5a,cellcnn,,,
88,a_4b,1,2.0,0.0036,72.0,20000,6.697373867034912,a_005;a_006;a_009;a_012;a_2b;a_3a;a_3b;a_4a;a_5a,cellcnn,,,
89,a_009,0,0.0,0.0004,8.0,20000,4.781134605407715,a_002;a_003;a_004;a_006;a_007;a_012;a_1a;a_2b;a_4a,cellcnn,,,
89,a_010,0,0.0,0.00065,13.0,20000,4.781134605407715,a_002;a_003;a_004;a_006;a_007;a_012;a_1a;a_2b;a_4a,cellcnn,,,
89,a_011,0,0.0,0.00075,15.0,20000,4.781134605407715,a_002;a_003;a_004;a_006;a_007;a_012;a_1a;a_2b;a_4a,cellcnn,,,
89,a_3a,0,0.0,0.0003,6.0,20000,4.781134605407715,a_002;a_003;a_004;a_006;a_007;a_012;a_1a;a_2b;a_4a,cellcnn,,,
89,a_4b,1,0.0,0.00475,95.0,20000,4.781134605407715,a_002;a_003;a_004;a_006;a_007;a_012;a_1a;a_2b;a_4a,cellcnn,,,
89,a_5b,1,0.0,0.02805,561.0,20000,4.781134605407715,a_002;a_003;a_004;a_006;a_007;a_012;a_1a;a_2b;a_4a,cellcnn,,,
90,a_001,1,0.0,0.00025,5.0,20000,14.400178909301758,a_002;a_005;a_006;a_007;a_011;a_1a;a_2b;a_3a;a_4b;a_5b,cellcnn,,,
90,a_003,0,0.0,0.003,60.0,20000,14.400178909301758,a_002;a_005;a_006;a_007;a_011;a_1a;a_2b;a_3a;a_4b;a_5b,cellcnn,,,
90,a_004,0,0.0,0.0003,6.0,20000,14.400178909301758,a_002;a_005;a_006;a_007;a_011;a_1a;a_2b;a_3a;a_4b;a_5b,cellcnn,,,
90,a_009,0,0.0,0.00015,3.0,20000,14.400178909301758,a_002;a_005;a_006;a_007;a_011;a_1a;a_2b;a_3a;a_4b;a_5b,cellcnn,,,
90,a_3b,0,0.0,0.00015,3.0,20000,14.400178909301758,a_002;a_005;a_006;a_007;a_011;a_1a;a_2b;a_3a;a_4b;a_5b,cellcnn,,,
90,a_4a,1,0.0,0.0162,324.0,20000,14.400178909301758,a_002;a_005;a_006;a_007;a_011;a_1a;a_2b;a_3a;a_4b;a_5b,cellcnn,,,
91,a_002,1,2.0,0.0099,198.0,20000,13.028556823730469,a_003;a_005;a_006;a_007;a_009;a_010;a_2a;a_4a;a_5a,cellcnn,,,
91,a_004,0,2.0,5e-05,1.0,20000,13.028556823730469,a_003;a_005;a_006;a_007;a_009;a_010;a_2a;a_4a;a_5a,cellcnn,,,
91,a_012,1,2.0,5e-05,1.0,20000,13.028556823730469,a_003;a_005;a_006;a_007;a_009;a_010;a_2a;a_4a;a_5a,cellcnn,,,
91,a_1a,0,2.0,0.0009,18.0,20000,13.028556823730469,a_003;a_005;a_006;a_007;a_009;a_010;a_2a;a_4a;a_5a,cellcnn,,,
91,a_2b,0,2.0,0.0001,2.0,20000,13.028556823730469,a_003;a_005;a_006;a_007;a_009;a_010;a_2a;a_4a;a_5a,cellcnn,,,
91,a_3b,0,2.0,0.0002,4.0,20000,13.028556823730469,a_003;a_005;a_006;a_007;a_009;a_010;a_2a;a_4a;a_5a,cellcnn,,,
92,a_003,0,3.0,0.00445,89.0,20000,6.569075107574463,a_001;a_002;a_007;a_009;a_010;a_011;a_012;a_2a;a_2b;a_4a,cellcnn,,,
92,a_004,0,3.0,0.0018,36.0,20000,6.569075107574463,a_001;a_002;a_007;a_009;a_010;a_011;a_012;a_2a;a_2b;a_4a,cellcnn,,,
92,a_006,0,3.0,0.0008,16.0,20000,6.569075107574463,a_001;a_002;a_007;a_009;a_010;a_011;a_012;a_2a;a_2b;a_4a,cellcnn,,,
92,a_1a,0,3.0,0.00515,103.0,20000,6.569075107574463,a_001;a_002;a_007;a_009;a_010;a_011;a_012;a_2a;a_2b;a_4a,cellcnn,,,
92,a_4b,1,3.0,0.00505,101.0,20000,6.569075107574463,a_001;a_002;a_007;a_009;a_010;a_011;a_012;a_2a;a_2b;a_4a,cellcnn,,,
92,a_5b,1,3.0,0.0271,542.0,20000,6.569075107574463,a_001;a_002;a_007;a_009;a_010;a_011;a_012;a_2a;a_2b;a_4a,cellcnn,,,
93,a_006,0,3.0,0.00065,13.0,20000,8.34550952911377,a_001;a_002;a_003;a_004;a_007;a_1a;a_2a;a_2b;a_4a;a_4b,cellcnn,,,
93,a_009,0,3.0,0.00155,31.0,20000,8.34550952911377,a_001;a_002;a_003;a_004;a_007;a_1a;a_2a;a_2b;a_4a;a_4b,cellcnn,,,
93,a_010,0,3.0,0.0014,28.0,20000,8.34550952911377,a_001;a_002;a_003;a_004;a_007;a_1a;a_2a;a_2b;a_4a;a_4b,cellcnn,,,
93,a_012,1,3.0,0.0011,22.0,20000,8.34550952911377,a_001;a_002;a_003;a_004;a_007;a_1a;a_2a;a_2b;a_4a;a_4b,cellcnn,,,
93,a_3a,0,3.0,0.0006,12.0,20000,8.34550952911377,a_001;a_002;a_003;a_004;a_007;a_1a;a_2a;a_2b;a_4a;a_4b,cellcnn,,,
93,a_5a,1,3.0,0.01185,237.0,20000,8.34550952911377,a_001;a_002;a_003;a_004;a_007;a_1a;a_2a;a_2b;a_4a;a_4b,cellcnn,,,
94,a_012,1,1.0,0.0,0.0,20000,14.093559265136719,a_001;a_003;a_004;a_006;a_007;a_010;a_011;a_4a;a_4b;a_5b,cellcnn,,,
94,a_1a,0,1.0,0.00155,31.0,20000,14.093559265136719,a_001;a_003;a_004;a_006;a_007;a_010;a_011;a_4a;a_4b;a_5b,cellcnn,,,
94,a_2a,0,1.0,0.0002,4.0,20000,14.093559265136719,a_001;a_003;a_004;a_006;a_007;a_010;a_011;a_4a;a_4b;a_5b,cellcnn,,,
94,a_2b,0,1.0,5e-05,1.0,20000,14.093559265136719,a_001;a_003;a_004;a_006;a_007;a_010;a_011;a_4a;a_4b;a_5b,cellcnn,,,
94,a_3b,0,1.0,0.00025,5.0,20000,14.093559265136719,a_001;a_003;a_004;a_006;a_007;a_010;a_011;a_4a;a_4b;a_5b,cellcnn,,,
94,a_5a,1,1.0,0.00115,23.0,20000,14.093559265136719,a_001;a_003;a_004;a_006;a_007;a_010;a_011;a_4a;a_4b;a_5b,cellcnn,,,
95,a_004,0,2.0,0.0007,14.0,20000,7.00268030166626,a_001;a_002;a_005;a_006;a_010;a_011;a_2b;a_3a;a_4b;a_5b,cellcnn,,,
95,a_009,0,2.0,0.0,0.0,20000,7.00268030166626,a_001;a_002;a_005;a_006;a_010;a_011;a_2b;a_3a;a_4b;a_5b,cellcnn,,,
95,a_1a,0,2.0,0.0033,66.0,20000,7.00268030166626,a_001;a_002;a_005;a_006;a_010;a_011;a_2b;a_3a;a_4b;a_5b,cellcnn,,,
95,a_2a,0,2.0,0.0007,14.0,20000,7.00268030166626,a_001;a_002;a_005;a_006;a_010;a_011;a_2b;a_3a;a_4b;a_5b,cellcnn,,,
95,a_4a,1,2.0,0.00885,177.0,20000,7.00268030166626,a_001;a_002;a_005;a_006;a_010;a_011;a_2b;a_3a;a_4b;a_5b,cellcnn,,,
95,a_5a,1,2.0,0.0165,330.0,20000,7.00268030166626,a_001;a_002;a_005;a_006;a_010;a_011;a_2b;a_3a;a_4b;a_5b,cellcnn,,,
96,a_004,0,3.0,0.00055,11.0,20000,5.699182510375977,a_001;a_002;a_003;a_009;a_1a;a_2b;a_4a;a_4b;a_5b,cellcnn,,,
96,a_007,1,3.0,0.0016,32.0,20000,5.699182510375977,a_001;a_002;a_003;a_009;a_1a;a_2b;a_4a;a_4b;a_5b,cellcnn,,,
96,a_010,0,3.0,0.0004,8.0,20000,5.699182510375977,a_001;a_002;a_003;a_009;a_1a;a_2b;a_4a;a_4b;a_5b,cellcnn,,,
96,a_012,1,3.0,0.0038,76.0,20000,5.699182510375977,a_001;a_002;a_003;a_009;a_1a;a_2b;a_4a;a_4b;a_5b,cellcnn,,,
96,a_2a,0,3.0,0.00105,21.0,20000,5.699182510375977,a_001;a_002;a_003;a_009;a_1a;a_2b;a_4a;a_4b;a_5b,cellcnn,,,
96,a_3a,0,3.0,0.00055,11.0,20000,5.699182510375977,a_001;a_002;a_003;a_009;a_1a;a_2b;a_4a;a_4b;a_5b,cellcnn,,,
97,a_001,1,3.0,0.0002,4.0,20000,6.239968776702881,a_005;a_010;a_012;a_1a;a_2a;a_2b;a_4a;a_4b;a_5a,cellcnn,,,
97,a_003,0,3.0,0.0029,58.0,20000,6.239968776702881,a_005;a_010;a_012;a_1a;a_2a;a_2b;a_4a;a_4b;a_5a,cellcnn,,,
97,a_006,0,3.0,0.0001,2.0,20000,6.239968776702881,a_005;a_010;a_012;a_1a;a_2a;a_2b;a_4a;a_4b;a_5a,cellcnn,,,
97,a_009,0,3.0,0.0001,2.0,20000,6.239968776702881,a_005;a_010;a_012;a_1a;a_2a;a_2b;a_4a;a_4b;a_5a,cellcnn,,,
97,a_3b,0,3.0,0.0002,4.0,20000,6.239968776702881,a_005;a_010;a_012;a_1a;a_2a;a_2b;a_4a;a_4b;a_5a,cellcnn,,,
97,a_5b,1,3.0,0.0279,558.0,20000,6.239968776702881,a_005;a_010;a_012;a_1a;a_2a;a_2b;a_4a;a_4b;a_5a,cellcnn,,,
98,a_006,0,0.0,0.00015,3.0,20000,6.1472368240356445,a_001;a_002;a_003;a_004;a_009;a_2b;a_3a;a_4b;a_5b,cellcnn,,,
98,a_011,0,0.0,0.0,0.0,20000,6.1472368240356445,a_001;a_002;a_003;a_004;a_009;a_2b;a_3a;a_4b;a_5b,cellcnn,,,
98,a_1a,0,0.0,0.0044,88.0,20000,6.1472368240356445,a_001;a_002;a_003;a_004;a_009;a_2b;a_3a;a_4b;a_5b,cellcnn,,,
98,a_2a,0,0.0,0.0008,16.0,20000,6.1472368240356445,a_001;a_002;a_003;a_004;a_009;a_2b;a_3a;a_4b;a_5b,cellcnn,,,
98,a_4a,1,0.0,0.0114,228.0,20000,6.1472368240356445,a_001;a_002;a_003;a_004;a_009;a_2b;a_3a;a_4b;a_5b,cellcnn,,,
98,a_5a,1,0.0,0.01005,201.0,20000,6.1472368240356445,a_001;a_002;a_003;a_004;a_009;a_2b;a_3a;a_4b;a_5b,cellcnn,,,
99,a_003,0,2.0,0.0007,14.0,20000,5.242289066314697,a_001;a_004;a_005;a_010;a_012;a_1a;a_3a;a_4b;a_5a,cellcnn,,,
99,a_006,0,2.0,0.00075,15.0,20000,5.242289066314697,a_001;a_004;a_005;a_010;a_012;a_1a;a_3a;a_4b;a_5a,cellcnn,,,
99,a_007,1,2.0,0.0014,28.0,20000,5.242289066314697,a_001;a_004;a_005;a_010;a_012;a_1a;a_3a;a_4b;a_5a,cellcnn,,,
99,a_2b,0,2.0,0.0005,10.0,20000,5.242289066314697,a_001;a_004;a_005;a_010;a_012;a_1a;a_3a;a_4b;a_5a,cellcnn,,,
99,a_3b,0,2.0,0.0,0.0,20000,5.242289066314697,a_001;a_004;a_005;a_010;a_012;a_1a;a_3a;a_4b;a_5a,cellcnn,,,
99,a_5b,1,2.0,0.01875,375.0,20000,5.242289066314697,a_001;a_004;a_005;a_010;a_012;a_1a;a_3a;a_4b;a_5a,cellcnn,,,
0,a_002,1,0.0,0.0107,214.0,20000,15.523157119750977,a_001;a_003;a_005;a_007;a_009;a_010;a_011;a_012;a_3a;a_5b,quadratic_top1,,,
0,a_004,0,0.0,0.00055,11.0,20000,15.523157119750977,a_001;a_003;a_005;a_007;a_009;a_010;a_011;a_012;a_3a;a_5b,quadratic_top1,,,
0,a_006,0,0.0,0.0,0.0,20000,15.523157119750977,a_001;a_003;a_005;a_007;a_009;a_010;a_011;a_012;a_3a;a_5b,quadratic_top1,,,
0,a_1a,0,0.0,0.00055,11.0,20000,15.523157119750977,a_001;a_003;a_005;a_007;a_009;a_010;a_011;a_012;a_3a;a_5b,quadratic_top1,,,
0,a_2a,0,0.0,0.00045,9.0,20000,15.523157119750977,a_001;a_003;a_005;a_007;a_009;a_010;a_011;a_012;a_3a;a_5b,quadratic_top1,,,
0,a_4a,1,0.0,0.00525,105.0,20000,15.523157119750977,a_001;a_003;a_005;a_007;a_009;a_010;a_011;a_012;a_3a;a_5b,quadratic_top1,,,
1,a_002,1,1.0,0.0052,104.0,20000,28.935749053955078,a_001;a_005;a_009;a_010;a_011;a_012;a_2b;a_3a;a_4a;a_5b,quadratic_top1,,,
1,a_003,0,1.0,0.0006,12.0,20000,28.935749053955078,a_001;a_005;a_009;a_010;a_011;a_012;a_2b;a_3a;a_4a;a_5b,quadratic_top1,,,
1,a_004,0,1.0,0.0001,2.0,20000,28.935749053955078,a_001;a_005;a_009;a_010;a_011;a_012;a_2b;a_3a;a_4a;a_5b,quadratic_top1,,,
1,a_006,0,1.0,0.0,0.0,20000,28.935749053955078,a_001;a_005;a_009;a_010;a_011;a_012;a_2b;a_3a;a_4a;a_5b,quadratic_top1,,,
1,a_3b,0,1.0,0.00015,3.0,20000,28.935749053955078,a_001;a_005;a_009;a_010;a_011;a_012;a_2b;a_3a;a_4a;a_5b,quadratic_top1,,,
1,a_5a,1,1.0,0.0097,194.0,20000,28.935749053955078,a_001;a_005;a_009;a_010;a_011;a_012;a_2b;a_3a;a_4a;a_5b,quadratic_top1,,,
2,a_002,1,1.0,0.0097,194.0,20000,19.48563003540039,a_001;a_006;a_009;a_011;a_012;a_2a;a_2b;a_4a;a_4b;a_5b,quadratic_top1,,,
2,a_004,0,1.0,0.00025,5.0,20000,19.48563003540039,a_001;a_006;a_009;a_011;a_012;a_2a;a_2b;a_4a;a_4b;a_5b,quadratic_top1,,,
2,a_007,1,1.0,0.0001,2.0,20000,19.48563003540039,a_001;a_006;a_009;a_011;a_012;a_2a;a_2b;a_4a;a_4b;a_5b,quadratic_top1,,,
2,a_010,0,1.0,0.0,0.0,20000,19.48563003540039,a_001;a_006;a_009;a_011;a_012;a_2a;a_2b;a_4a;a_4b;a_5b,quadratic_top1,,,
2,a_1a,0,1.0,0.00055,11.0,20000,19.48563003540039,a_001;a_006;a_009;a_011;a_012;a_2a;a_2b;a_4a;a_4b;a_5b,quadratic_top1,,,
2,a_3b,0,1.0,0.0001,2.0,20000,19.48563003540039,a_001;a_006;a_009;a_011;a_012;a_2a;a_2b;a_4a;a_4b;a_5b,quadratic_top1,,,
3,a_006,0,1.0,0.0,0.0,20000,14.099592208862305,a_001;a_003;a_004;a_005;a_007;a_1a;a_3b;a_4a;a_4b,quadratic_top1,,,
3,a_009,0,1.0,0.0,0.0,20000,14.099592208862305,a_001;a_003;a_004;a_005;a_007;a_1a;a_3b;a_4a;a_4b,quadratic_top1,,,
3,a_011,0,1.0,0.0,0.0,20000,14.099592208862305,a_001;a_003;a_004;a_005;a_007;a_1a;a_3b;a_4a;a_4b,quadratic_top1,,,
3,a_2a,0,1.0,0.00025,5.0,20000,14.099592208862305,a_001;a_003;a_004;a_005;a_007;a_1a;a_3b;a_4a;a_4b,quadratic_top1,,,
3,a_5a,1,1.0,0.0108,216.0,20000,14.099592208862305,a_001;a_003;a_004;a_005;a_007;a_1a;a_3b;a_4a;a_4b,quadratic_top1,,,
3,a_5b,1,1.0,0.0147,294.0,20000,14.099592208862305,a_001;a_003;a_004;a_005;a_007;a_1a;a_3b;a_4a;a_4b,quadratic_top1,,,
4,a_001,1,2.0,0.00015,3.0,20000,12.825359344482422,a_002;a_006;a_007;a_009;a_1a;a_2b;a_3a;a_4a;a_5a,quadratic_top1,,,
4,a_003,0,2.0,0.0005,10.0,20000,12.825359344482422,a_002;a_006;a_007;a_009;a_1a;a_2b;a_3a;a_4a;a_5a,quadratic_top1,,,
4,a_010,0,2.0,5e-05,1.0,20000,12.825359344482422,a_002;a_006;a_007;a_009;a_1a;a_2b;a_3a;a_4a;a_5a,quadratic_top1,,,
4,a_011,0,2.0,5e-05,1.0,20000,12.825359344482422,a_002;a_006;a_007;a_009;a_1a;a_2b;a_3a;a_4a;a_5a,quadratic_top1,,,
4,a_2a,0,2.0,0.0001,2.0,20000,12.825359344482422,a_002;a_006;a_007;a_009;a_1a;a_2b;a_3a;a_4a;a_5a,quadratic_top1,,,
4,a_4b,1,2.0,0.0018,36.0,20000,12.825359344482422,a_002;a_006;a_007;a_009;a_1a;a_2b;a_3a;a_4a;a_5a,quadratic_top1,,,
5,a_003,0,0.0,0.00055,11.0,20000,15.536776542663574,a_001;a_002;a_004;a_006;a_007;a_010;a_1a;a_3a;a_4a,quadratic_top1,,,
5,a_011,0,0.0,5e-05,1.0,20000,15.536776542663574,a_001;a_002;a_004;a_006;a_007;a_010;a_1a;a_3a;a_4a,quadratic_top1,,,
5,a_2b,0,0.0,0.00035,7.0,20000,15.536776542663574,a_001;a_002;a_004;a_006;a_007;a_010;a_1a;a_3a;a_4a,quadratic_top1,,,
5,a_3b,0,0.0,0.0002,4.0,20000,15.536776542663574,a_001;a_002;a_004;a_006;a_007;a_010;a_1a;a_3a;a_4a,quadratic_top1,,,
5,a_5a,1,0.0,0.0128,256.0,20000,15.536776542663574,a_001;a_002;a_004;a_006;a_007;a_010;a_1a;a_3a;a_4a,quadratic_top1,,,
5,a_5b,1,0.0,0.01365,273.0,20000,15.536776542663574,a_001;a_002;a_004;a_006;a_007;a_010;a_1a;a_3a;a_4a,quadratic_top1,,,
6,a_001,1,3.0,5e-05,1.0,20000,19.883005142211914,a_002;a_004;a_006;a_007;a_009;a_010;a_012;a_3b;a_4b;a_5b,quadratic_top1,,,
6,a_003,0,3.0,0.00025,5.0,20000,19.883005142211914,a_002;a_004;a_006;a_007;a_009;a_010;a_012;a_3b;a_4b;a_5b,quadratic_top1,,,
6,a_1a,0,3.0,0.00045,9.0,20000,19.883005142211914,a_002;a_004;a_006;a_007;a_009;a_010;a_012;a_3b;a_4b;a_5b,quadratic_top1,,,
6,a_2a,0,3.0,0.00015,3.0,20000,19.883005142211914,a_002;a_004;a_006;a_007;a_009;a_010;a_012;a_3b;a_4b;a_5b,quadratic_top1,,,
6,a_2b,0,3.0,0.0003,6.0,20000,19.883005142211914,a_002;a_004;a_006;a_007;a_009;a_010;a_012;a_3b;a_4b;a_5b,quadratic_top1,,,
6,a_5a,1,3.0,0.00835,167.0,20000,19.883005142211914,a_002;a_004;a_006;a_007;a_009;a_010;a_012;a_3b;a_4b;a_5b,quadratic_top1,,,
7,a_002,1,0.0,5e-05,1.0,20000,23.195693969726562,a_001;a_003;a_005;a_006;a_2b;a_3a;a_3b;a_4b;a_5b,quadratic_top1,,,
7,a_004,0,0.0,0.0,0.0,20000,23.195693969726562,a_001;a_003;a_005;a_006;a_2b;a_3a;a_3b;a_4b;a_5b,quadratic_top1,,,
7,a_010,0,0.0,0.0,0.0,20000,23.195693969726562,a_001;a_003;a_005;a_006;a_2b;a_3a;a_3b;a_4b;a_5b,quadratic_top1,,,
7,a_012,1,0.0,0.0,0.0,20000,23.195693969726562,a_001;a_003;a_005;a_006;a_2b;a_3a;a_3b;a_4b;a_5b,quadratic_top1,,,
7,a_1a,0,0.0,5e-05,1.0,20000,23.195693969726562,a_001;a_003;a_005;a_006;a_2b;a_3a;a_3b;a_4b;a_5b,quadratic_top1,,,
7,a_2a,0,0.0,0.0,0.0,20000,23.195693969726562,a_001;a_003;a_005;a_006;a_2b;a_3a;a_3b;a_4b;a_5b,quadratic_top1,,,
8,a_001,1,0.0,0.00015,3.0,20000,22.85434913635254,a_002;a_003;a_005;a_007;a_009;a_1a;a_3a;a_3b;a_4a;a_5b,quadratic_top1,,,
8,a_006,0,0.0,0.0,0.0,20000,22.85434913635254,a_002;a_003;a_005;a_007;a_009;a_1a;a_3a;a_3b;a_4a;a_5b,quadratic_top1,,,
8,a_010,0,0.0,5e-05,1.0,20000,22.85434913635254,a_002;a_003;a_005;a_007;a_009;a_1a;a_3a;a_3b;a_4a;a_5b,quadratic_top1,,,
8,a_2a,0,0.0,0.0003,6.0,20000,22.85434913635254,a_002;a_003;a_005;a_007;a_009;a_1a;a_3a;a_3b;a_4a;a_5b,quadratic_top1,,,
8,a_2b,0,0.0,0.0004,8.0,20000,22.85434913635254,a_002;a_003;a_005;a_007;a_009;a_1a;a_3a;a_3b;a_4a;a_5b,quadratic_top1,,,
8,a_5a,1,0.0,0.0092,184.0,20000,22.85434913635254,a_002;a_003;a_005;a_007;a_009;a_1a;a_3a;a_3b;a_4a;a_5b,quadratic_top1,,,
9,a_003,0,0.0,0.00035,7.0,20000,18.35709571838379,a_001;a_002;a_004;a_005;a_009;a_010;a_3b;a_5a;a_5b,quadratic_top1,,,
9,a_007,1,0.0,0.0004,8.0,20000,18.35709571838379,a_001;a_002;a_004;a_005;a_009;a_010;a_3b;a_5a;a_5b,quadratic_top1,,,
9,a_011,0,0.0,0.0,0.0,20000,18.35709571838379,a_001;a_002;a_004;a_005;a_009;a_010;a_3b;a_5a;a_5b,quadratic_top1,,,
9,a_2b,0,0.0,0.0004,8.0,20000,18.35709571838379,a_001;a_002;a_004;a_005;a_009;a_010;a_3b;a_5a;a_5b,quadratic_top1,,,
9,a_3a,0,0.0,0.0002,4.0,20000,18.35709571838379,a_001;a_002;a_004;a_005;a_009;a_010;a_3b;a_5a;a_5b,quadratic_top1,,,
9,a_4b,1,0.0,0.00215,43.0,20000,18.35709571838379,a_001;a_002;a_004;a_005;a_009;a_010;a_3b;a_5a;a_5b,quadratic_top1,,,
10,a_002,1,3.0,0.0127,254.0,20000,13.849933624267578,a_001;a_004;a_005;a_011;a_012;a_1a;a_2b;a_3b;a_4b;a_5b,quadratic_top1,,,
10,a_003,0,3.0,0.00055,11.0,20000,13.849933624267578,a_001;a_004;a_005;a_011;a_012;a_1a;a_2b;a_3b;a_4b;a_5b,quadratic_top1,,,
10,a_007,1,3.0,0.00055,11.0,20000,13.849933624267578,a_001;a_004;a_005;a_011;a_012;a_1a;a_2b;a_3b;a_4b;a_5b,quadratic_top1,,,
10,a_009,0,3.0,0.0,0.0,20000,13.849933624267578,a_001;a_004;a_005;a_011;a_012;a_1a;a_2b;a_3b;a_4b;a_5b,quadratic_top1,,,
10,a_010,0,3.0,5e-05,1.0,20000,13.849933624267578,a_001;a_004;a_005;a_011;a_012;a_1a;a_2b;a_3b;a_4b;a_5b,quadratic_top1,,,
10,a_2a,0,3.0,0.0003,6.0,20000,13.849933624267578,a_001;a_004;a_005;a_011;a_012;a_1a;a_2b;a_3b;a_4b;a_5b,quadratic_top1,,,
11,a_002,1,3.0,0.00055,11.0,20000,8.55211067199707,a_001;a_004;a_005;a_009;a_2a;a_3a;a_3b;a_4b;a_5a;a_5b,quadratic_top1,,,
11,a_003,0,3.0,0.0,0.0,20000,8.55211067199707,a_001;a_004;a_005;a_009;a_2a;a_3a;a_3b;a_4b;a_5a;a_5b,quadratic_top1,,,
11,a_006,0,3.0,0.0,0.0,20000,8.55211067199707,a_001;a_004;a_005;a_009;a_2a;a_3a;a_3b;a_4b;a_5a;a_5b,quadratic_top1,,,
11,a_010,0,3.0,5e-05,1.0,20000,8.55211067199707,a_001;a_004;a_005;a_009;a_2a;a_3a;a_3b;a_4b;a_5a;a_5b,quadratic_top1,,,
11,a_011,0,3.0,0.0,0.0,20000,8.55211067199707,a_001;a_004;a_005;a_009;a_2a;a_3a;a_3b;a_4b;a_5a;a_5b,quadratic_top1,,,
11,a_012,1,3.0,0.0001,2.0,20000,8.55211067199707,a_001;a_004;a_005;a_009;a_2a;a_3a;a_3b;a_4b;a_5a;a_5b,quadratic_top1,,,
12,a_001,1,4.0,0.0,0.0,20000,40.52507019042969,a_002;a_007;a_009;a_010;a_011;a_012;a_2a;a_3b;a_4b;a_5a,quadratic_top1,,,
12,a_003,0,4.0,0.0002,4.0,20000,40.52507019042969,a_002;a_007;a_009;a_010;a_011;a_012;a_2a;a_3b;a_4b;a_5a,quadratic_top1,,,
12,a_004,0,4.0,5e-05,1.0,20000,40.52507019042969,a_002;a_007;a_009;a_010;a_011;a_012;a_2a;a_3b;a_4b;a_5a,quadratic_top1,,,
12,a_006,0,4.0,0.0,0.0,20000,40.52507019042969,a_002;a_007;a_009;a_010;a_011;a_012;a_2a;a_3b;a_4b;a_5a,quadratic_top1,,,
12,a_3a,0,4.0,5e-05,1.0,20000,40.52507019042969,a_002;a_007;a_009;a_010;a_011;a_012;a_2a;a_3b;a_4b;a_5a,quadratic_top1,,,
12,a_4a,1,4.0,0.00325,65.0,20000,40.52507019042969,a_002;a_007;a_009;a_010;a_011;a_012;a_2a;a_3b;a_4b;a_5a,quadratic_top1,,,
13,a_004,0,1.0,0.0006,12.0,20000,26.889801025390625,a_001;a_003;a_005;a_007;a_010;a_011;a_012;a_2a;a_2b;a_4a,quadratic_top1,,,
13,a_009,0,1.0,0.0,0.0,20000,26.889801025390625,a_001;a_003;a_005;a_007;a_010;a_011;a_012;a_2a;a_2b;a_4a,quadratic_top1,,,
13,a_1a,0,1.0,0.00175,35.0,20000,26.889801025390625,a_001;a_003;a_005;a_007;a_010;a_011;a_012;a_2a;a_2b;a_4a,quadratic_top1,,,
13,a_3b,0,1.0,0.00065,13.0,20000,26.889801025390625,a_001;a_003;a_005;a_007;a_010;a_011;a_012;a_2a;a_2b;a_4a,quadratic_top1,,,
13,a_4b,1,1.0,0.0025,50.0,20000,26.889801025390625,a_001;a_003;a_005;a_007;a_010;a_011;a_012;a_2a;a_2b;a_4a,quadratic_top1,,,
13,a_5a,1,1.0,0.0155,310.0,20000,26.889801025390625,a_001;a_003;a_005;a_007;a_010;a_011;a_012;a_2a;a_2b;a_4a,quadratic_top1,,,
14,a_005,1,1.0,0.00515,103.0,20000,20.64849281311035,a_002;a_004;a_006;a_007;a_009;a_012;a_2b;a_4a;a_5b,quadratic_top1,,,
14,a_010,0,1.0,0.0,0.0,20000,20.64849281311035,a_002;a_004;a_006;a_007;a_009;a_012;a_2b;a_4a;a_5b,quadratic_top1,,,
14,a_2a,0,1.0,0.0001,2.0,20000,20.64849281311035,a_002;a_004;a_006;a_007;a_009;a_012;a_2b;a_4a;a_5b,quadratic_top1,,,
14,a_3a,0,1.0,0.0001,2.0,20000,20.64849281311035,a_002;a_004;a_006;a_007;a_009;a_012;a_2b;a_4a;a_5b,quadratic_top1,,,
14,a_3b,0,1.0,0.0,0.0,20000,20.64849281311035,a_002;a_004;a_006;a_007;a_009;a_012;a_2b;a_4a;a_5b,quadratic_top1,,,
14,a_5a,1,1.0,0.0078,156.0,20000,20.64849281311035,a_002;a_004;a_006;a_007;a_009;a_012;a_2b;a_4a;a_5b,quadratic_top1,,,
15,a_002,1,0.0,0.0049,98.0,20000,17.696651458740234,a_004;a_005;a_007;a_009;a_010;a_012;a_2a;a_4a;a_5b,quadratic_top1,,,
15,a_003,0,0.0,0.00035,7.0,20000,17.696651458740234,a_004;a_005;a_007;a_009;a_010;a_012;a_2a;a_4a;a_5b,quadratic_top1,,,
15,a_011,0,0.0,0.0,0.0,20000,17.696651458740234,a_004;a_005;a_007;a_009;a_010;a_012;a_2a;a_4a;a_5b,quadratic_top1,,,
15,a_1a,0,0.0,0.00055,11.0,20000,17.696651458740234,a_004;a_005;a_007;a_009;a_010;a_012;a_2a;a_4a;a_5b,quadratic_top1,,,
15,a_3a,0,0.0,0.00015,3.0,20000,17.696651458740234,a_004;a_005;a_007;a_009;a_010;a_012;a_2a;a_4a;a_5b,quadratic_top1,,,
15,a_4b,1,0.0,0.002,40.0,20000,17.696651458740234,a_004;a_005;a_007;a_009;a_010;a_012;a_2a;a_4a;a_5b,quadratic_top1,,,
16,a_003,0,1.0,0.00065,13.0,20000,18.6370792388916,a_001;a_009;a_011;a_1a;a_3a;a_3b;a_4a;a_4b;a_5b,quadratic_top1,,,
16,a_006,0,1.0,0.0,0.0,20000,18.6370792388916,a_001;a_009;a_011;a_1a;a_3a;a_3b;a_4a;a_4b;a_5b,quadratic_top1,,,
16,a_012,1,1.0,0.0006,12.0,20000,18.6370792388916,a_001;a_009;a_011;a_1a;a_3a;a_3b;a_4a;a_4b;a_5b,quadratic_top1,,,
16,a_2a,0,1.0,0.00065,13.0,20000,18.6370792388916,a_001;a_009;a_011;a_1a;a_3a;a_3b;a_4a;a_4b;a_5b,quadratic_top1,,,
16,a_2b,0,1.0,0.00055,11.0,20000,18.6370792388916,a_001;a_009;a_011;a_1a;a_3a;a_3b;a_4a;a_4b;a_5b,quadratic_top1,,,
16,a_5a,1,1.0,0.01405,281.0,20000,18.6370792388916,a_001;a_009;a_011;a_1a;a_3a;a_3b;a_4a;a_4b;a_5b,quadratic_top1,,,
17,a_004,0,3.0,0.00045,9.0,20000,5.757953643798828,a_001;a_003;a_005;a_006;a_1a;a_2b;a_3a;a_4b;a_5a,quadratic_top1,,,
17,a_007,1,3.0,5e-05,1.0,20000,5.757953643798828,a_001;a_003;a_005;a_006;a_1a;a_2b;a_3a;a_4b;a_5a,quadratic_top1,,,
17,a_009,0,3.0,0.0,0.0,20000,5.757953643798828,a_001;a_003;a_005;a_006;a_1a;a_2b;a_3a;a_4b;a_5a,quadratic_top1,,,
17,a_011,0,3.0,5e-05,1.0,20000,5.757953643798828,a_001;a_003;a_005;a_006;a_1a;a_2b;a_3a;a_4b;a_5a,quadratic_top1,,,
17,a_2a,0,3.0,0.0005,10.0,20000,5.757953643798828,a_001;a_003;a_005;a_006;a_1a;a_2b;a_3a;a_4b;a_5a,quadratic_top1,,,
17,a_4a,1,3.0,0.0033,66.0,20000,5.757953643798828,a_001;a_003;a_005;a_006;a_1a;a_2b;a_3a;a_4b;a_5a,quadratic_top1,,,
18,a_003,0,1.0,0.00115,23.0,20000,13.30462646484375,a_001;a_002;a_006;a_007;a_010;a_012;a_2a;a_3b;a_4b,quadratic_top1,,,
18,a_004,0,1.0,0.0005,10.0,20000,13.30462646484375,a_001;a_002;a_006;a_007;a_010;a_012;a_2a;a_3b;a_4b,quadratic_top1,,,
18,a_005,1,1.0,0.0143,286.0,20000,13.30462646484375,a_001;a_002;a_006;a_007;a_010;a_012;a_2a;a_3b;a_4b,quadratic_top1,,,
18,a_1a,0,1.0,0.00135,27.0,20000,13.30462646484375,a_001;a_002;a_006;a_007;a_010;a_012;a_2a;a_3b;a_4b,quadratic_top1,,,
18,a_3a,0,1.0,0.0003,6.0,20000,13.30462646484375,a_001;a_002;a_006;a_007;a_010;a_012;a_2a;a_3b;a_4b,quadratic_top1,,,
18,a_4a,1,1.0,0.01185,237.0,20000,13.30462646484375,a_001;a_002;a_006;a_007;a_010;a_012;a_2a;a_3b;a_4b,quadratic_top1,,,
19,a_003,0,2.0,0.00055,11.0,20000,14.414470672607422,a_001;a_002;a_007;a_009;a_010;a_012;a_1a;a_3a;a_5b,quadratic_top1,,,
19,a_005,1,2.0,0.0112,224.0,20000,14.414470672607422,a_001;a_002;a_007;a_009;a_010;a_012;a_1a;a_3a;a_5b,quadratic_top1,,,
19,a_006,0,2.0,0.0,0.0,20000,14.414470672607422,a_001;a_002;a_007;a_009;a_010;a_012;a_1a;a_3a;a_5b,quadratic_top1,,,
19,a_2a,0,2.0,0.00045,9.0,20000,14.414470672607422,a_001;a_002;a_007;a_009;a_010;a_012;a_1a;a_3a;a_5b,quadratic_top1,,,
19,a_2b,0,2.0,0.0004,8.0,20000,14.414470672607422,a_001;a_002;a_007;a_009;a_010;a_012;a_1a;a_3a;a_5b,quadratic_top1,,,
19,a_4b,1,2.0,0.00225,45.0,20000,14.414470672607422,a_001;a_002;a_007;a_009;a_010;a_012;a_1a;a_3a;a_5b,quadratic_top1,,,
20,a_002,1,0.0,0.0053,106.0,20000,20.990591049194336,a_001;a_004;a_005;a_006;a_007;a_1a;a_2a;a_3b;a_4a;a_4b,quadratic_top1,,,
20,a_003,0,0.0,0.0007,14.0,20000,20.990591049194336,a_001;a_004;a_005;a_006;a_007;a_1a;a_2a;a_3b;a_4a;a_4b,quadratic_top1,,,
20,a_009,0,0.0,5e-05,1.0,20000,20.990591049194336,a_001;a_004;a_005;a_006;a_007;a_1a;a_2a;a_3b;a_4a;a_4b,quadratic_top1,,,
20,a_011,0,0.0,5e-05,1.0,20000,20.990591049194336,a_001;a_004;a_005;a_006;a_007;a_1a;a_2a;a_3b;a_4a;a_4b,quadratic_top1,,,
20,a_012,1,0.0,0.0008,16.0,20000,20.990591049194336,a_001;a_004;a_005;a_006;a_007;a_1a;a_2a;a_3b;a_4a;a_4b,quadratic_top1,,,
20,a_2b,0,0.0,0.00025,5.0,20000,20.990591049194336,a_001;a_004;a_005;a_006;a_007;a_1a;a_2a;a_3b;a_4a;a_4b,quadratic_top1,,,
21,a_006,0,0.0,0.0,0.0,20000,9.811979293823242,a_002;a_003;a_004;a_007;a_1a;a_2b;a_3b;a_4a;a_4b,quadratic_top1,,,
21,a_009,0,0.0,0.0,0.0,20000,9.811979293823242,a_002;a_003;a_004;a_007;a_1a;a_2b;a_3b;a_4a;a_4b,quadratic_top1,,,
21,a_010,0,0.0,5e-05,1.0,20000,9.811979293823242,a_002;a_003;a_004;a_007;a_1a;a_2b;a_3b;a_4a;a_4b,quadratic_top1,,,
21,a_012,1,0.0,0.00025,5.0,20000,9.811979293823242,a_002;a_003;a_004;a_007;a_1a;a_2b;a_3b;a_4a;a_4b,quadratic_top1,,,
21,a_3a,0,0.0,5e-05,1.0,20000,9.811979293823242,a_002;a_003;a_004;a_007;a_1a;a_2b;a_3b;a_4a;a_4b,quadratic_top1,,,
21,a_5a,1,0.0,0.00795,159.0,20000,9.811979293823242,a_002;a_003;a_004;a_007;a_1a;a_2b;a_3b;a_4a;a_4b,quadratic_top1,,,
22,a_004,0,0.0,0.0011,22.0,20000,4.337375640869141,a_001;a_002;a_003;a_009;a_012;a_1a;a_2b;a_3a;a_4b;a_5a,quadratic_top1,,,
22,a_005,1,0.0,0.00175,35.0,20000,4.337375640869141,a_001;a_002;a_003;a_009;a_012;a_1a;a_2b;a_3a;a_4b;a_5a,quadratic_top1,,,
22,a_010,0,0.0,0.00335,67.0,20000,4.337375640869141,a_001;a_002;a_003;a_009;a_012;a_1a;a_2b;a_3a;a_4b;a_5a,quadratic_top1,,,
22,a_2a,0,0.0,0.00125,25.0,20000,4.337375640869141,a_001;a_002;a_003;a_009;a_012;a_1a;a_2b;a_3a;a_4b;a_5a,quadratic_top1,,,
22,a_3b,0,0.0,0.00075,15.0,20000,4.337375640869141,a_001;a_002;a_003;a_009;a_012;a_1a;a_2b;a_3a;a_4b;a_5a,quadratic_top1,,,
22,a_4a,1,0.0,0.00355,71.0,20000,4.337375640869141,a_001;a_002;a_003;a_009;a_012;a_1a;a_2b;a_3a;a_4b;a_5a,quadratic_top1,,,
23,a_007,1,3.0,0.0,0.0,20000,14.219600677490234,a_001;a_003;a_005;a_006;a_1a;a_2b;a_3b;a_4a;a_4b,quadratic_top1,,,
23,a_009,0,3.0,0.0,0.0,20000,14.219600677490234,a_001;a_003;a_005;a_006;a_1a;a_2b;a_3b;a_4a;a_4b,quadratic_top1,,,
23,a_010,0,3.0,5e-05,1.0,20000,14.219600677490234,a_001;a_003;a_005;a_006;a_1a;a_2b;a_3b;a_4a;a_4b,quadratic_top1,,,
23,a_011,0,3.0,0.0,0.0,20000,14.219600677490234,a_001;a_003;a_005;a_006;a_1a;a_2b;a_3b;a_4a;a_4b,quadratic_top1,,,
23,a_2a,0,3.0,5e-05,1.0,20000,14.219600677490234,a_001;a_003;a_005;a_006;a_1a;a_2b;a_3b;a_4a;a_4b,quadratic_top1,,,
23,a_5b,1,3.0,0.00285,57.0,20000,14.219600677490234,a_001;a_003;a_005;a_006;a_1a;a_2b;a_3b;a_4a;a_4b,quadratic_top1,,,
24,a_003,0,0.0,0.0011,22.0,20000,22.0482120513916,a_001;a_007;a_009;a_010;a_011;a_012;a_1a;a_2b;a_4b,quadratic_top1,,,
24,a_004,0,0.0,0.00045,9.0,20000,22.0482120513916,a_001;a_007;a_009;a_010;a_011;a_012;a_1a;a_2b;a_4b,quadratic_top1,,,
24,a_2a,0,0.0,0.00055,11.0,20000,22.0482120513916,a_001;a_007;a_009;a_010;a_011;a_012;a_1a;a_2b;a_4b,quadratic_top1,,,
24,a_3a,0,0.0,0.00035,7.0,20000,22.0482120513916,a_001;a_007;a_009;a_010;a_011;a_012;a_1a;a_2b;a_4b,quadratic_top1,,,
24,a_4a,1,0.0,0.01065,213.0,20000,22.0482120513916,a_001;a_007;a_009;a_010;a_011;a_012;a_1a;a_2b;a_4b,quadratic_top1,,,
24,a_5b,1,0.0,0.02075,415.0,20000,22.0482120513916,a_001;a_007;a_009;a_010;a_011;a_012;a_1a;a_2b;a_4b,quadratic_top1,,,
25,a_007,1,1.0,0.0004,8.0,20000,14.910606384277344,a_001;a_002;a_004;a_006;a_009;a_010;a_012;a_2a;a_4a;a_5a,quadratic_top1,,,
25,a_011,0,1.0,0.0001,2.0,20000,14.910606384277344,a_001;a_002;a_004;a_006;a_009;a_010;a_012;a_2a;a_4a;a_5a,quadratic_top1,,,
25,a_1a,0,1.0,0.00095,19.0,20000,14.910606384277344,a_001;a_002;a_004;a_006;a_009;a_010;a_012;a_2a;a_4a;a_5a,quadratic_top1,,,
25,a_2b,0,1.0,0.00025,5.0,20000,14.910606384277344,a_001;a_002;a_004;a_006;a_009;a_010;a_012;a_2a;a_4a;a_5a,quadratic_top1,,,
25,a_3b,0,1.0,0.00025,5.0,20000,14.910606384277344,a_001;a_002;a_004;a_006;a_009;a_010;a_012;a_2a;a_4a;a_5a,quadratic_top1,,,
25,a_4b,1,1.0,0.0019,38.0,20000,14.910606384277344,a_001;a_002;a_004;a_006;a_009;a_010;a_012;a_2a;a_4a;a_5a,quadratic_top1,,,
26,a_003,0,0.0,0.0008,16.0,20000,20.1092586517334,a_001;a_002;a_005;a_006;a_012;a_2a;a_2b;a_3a;a_4b,quadratic_top1,,,
26,a_004,0,0.0,0.0003,6.0,20000,20.1092586517334,a_001;a_002;a_005;a_006;a_012;a_2a;a_2b;a_3a;a_4b,quadratic_top1,,,
26,a_007,1,0.0,0.00035,7.0,20000,20.1092586517334,a_001;a_002;a_005;a_006;a_012;a_2a;a_2b;a_3a;a_4b,quadratic_top1,,,
26,a_010,0,0.0,5e-05,1.0,20000,20.1092586517334,a_001;a_002;a_005;a_006;a_012;a_2a;a_2b;a_3a;a_4b,quadratic_top1,,,
26,a_3b,0,0.0,0.0001,2.0,20000,20.1092586517334,a_001;a_002;a_005;a_006;a_012;a_2a;a_2b;a_3a;a_4b,quadratic_top1,,,
26,a_4a,1,0.0,0.0078,156.0,20000,20.1092586517334,a_001;a_002;a_005;a_006;a_012;a_2a;a_2b;a_3a;a_4b,quadratic_top1,,,
27,a_001,1,1.0,0.00015,3.0,20000,17.81549072265625,a_003;a_004;a_007;a_009;a_010;a_012;a_2a;a_4a;a_4b,quadratic_top1,,,
27,a_006,0,1.0,5e-05,1.0,20000,17.81549072265625,a_003;a_004;a_007;a_009;a_010;a_012;a_2a;a_4a;a_4b,quadratic_top1,,,
27,a_011,0,1.0,5e-05,1.0,20000,17.81549072265625,a_003;a_004;a_007;a_009;a_010;a_012;a_2a;a_4a;a_4b,quadratic_top1,,,
27,a_2b,0,1.0,0.00035,7.0,20000,17.81549072265625,a_003;a_004;a_007;a_009;a_010;a_012;a_2a;a_4a;a_4b,quadratic_top1,,,
27,a_3a,0,1.0,0.0002,4.0,20000,17.81549072265625,a_003;a_004;a_007;a_009;a_010;a_012;a_2a;a_4a;a_4b,quadratic_top1,,,
27,a_5b,1,1.0,0.0183,366.0,20000,17.81549072265625,a_003;a_004;a_007;a_009;a_010;a_012;a_2a;a_4a;a_4b,quadratic_top1,,,
28,a_003,0,0.0,0.0008,16.0,20000,25.507625579833984,a_001;a_002;a_005;a_009;a_010;a_011;a_1a;a_2b;a_4a,quadratic_top1,,,
28,a_004,0,0.0,0.00035,7.0,20000,25.507625579833984,a_001;a_002;a_005;a_009;a_010;a_011;a_1a;a_2b;a_4a,quadratic_top1,,,
28,a_3a,0,0.0,0.00035,7.0,20000,25.507625579833984,a_001;a_002;a_005;a_009;a_010;a_011;a_1a;a_2b;a_4a,quadratic_top1,,,
28,a_3b,0,0.0,0.0002,4.0,20000,25.507625579833984,a_001;a_002;a_005;a_009;a_010;a_011;a_1a;a_2b;a_4a,quadratic_top1,,,
28,a_4b,1,0.0,0.0034,68.0,20000,25.507625579833984,a_001;a_002;a_005;a_009;a_010;a_011;a_1a;a_2b;a_4a,quadratic_top1,,,
28,a_5b,1,0.0,0.01635,327.0,20000,25.507625579833984,a_001;a_002;a_005;a_009;a_010;a_011;a_1a;a_2b;a_4a,quadratic_top1,,,
29,a_004,0,0.0,0.0007,14.0,20000,25.71108055114746,a_001;a_003;a_005;a_006;a_007;a_010;a_011;a_1a;a_4a;a_5a,quadratic_top1,,,
29,a_009,0,0.0,0.0,0.0,20000,25.71108055114746,a_001;a_003;a_005;a_006;a_007;a_010;a_011;a_1a;a_4a;a_5a,quadratic_top1,,,
29,a_012,1,0.0,0.0018,36.0,20000,25.71108055114746,a_001;a_003;a_005;a_006;a_007;a_010;a_011;a_1a;a_4a;a_5a,quadratic_top1,,,
29,a_2b,0,0.0,0.00085,17.0,20000,25.71108055114746,a_001;a_003;a_005;a_006;a_007;a_010;a_011;a_1a;a_4a;a_5a,quadratic_top1,,,
29,a_3b,0,0.0,0.0004,8.0,20000,25.71108055114746,a_001;a_003;a_005;a_006;a_007;a_010;a_011;a_1a;a_4a;a_5a,quadratic_top1,,,
29,a_5b,1,0.0,0.0185,370.0,20000,25.71108055114746,a_001;a_003;a_005;a_006;a_007;a_010;a_011;a_1a;a_4a;a_5a,quadratic_top1,,,
30,a_004,0,3.0,0.0002,4.0,20000,12.038125991821289,a_001;a_002;a_009;a_011;a_012;a_2a;a_3b;a_4a;a_5b,quadratic_top1,,,
30,a_005,1,3.0,0.0072,144.0,20000,12.038125991821289,a_001;a_002;a_009;a_011;a_012;a_2a;a_3b;a_4a;a_5b,quadratic_top1,,,
30,a_007,1,3.0,0.0005,10.0,20000,12.038125991821289,a_001;a_002;a_009;a_011;a_012;a_2a;a_3b;a_4a;a_5b,quadratic_top1,,,
30,a_1a,0,3.0,0.0002,4.0,20000,12.038125991821289,a_001;a_002;a_009;a_011;a_012;a_2a;a_3b;a_4a;a_5b,quadratic_top1,,,
30,a_2b,0,3.0,0.00025,5.0,20000,12.038125991821289,a_001;a_002;a_009;a_011;a_012;a_2a;a_3b;a_4a;a_5b,quadratic_top1,,,
30,a_3a,0,3.0,0.0002,4.0,20000,12.038125991821289,a_001;a_002;a_009;a_011;a_012;a_2a;a_3b;a_4a;a_5b,quadratic_top1,,,
31,a_001,1,3.0,0.0,0.0,20000,11.775089263916016,a_002;a_006;a_009;a_2a;a_3a;a_3b;a_4a;a_4b;a_5b,quadratic_top1,,,
31,a_003,0,3.0,0.00015,3.0,20000,11.775089263916016,a_002;a_006;a_009;a_2a;a_3a;a_3b;a_4a;a_4b;a_5b,quadratic_top1,,,
31,a_004,0,3.0,5e-05,1.0,20000,11.775089263916016,a_002;a_006;a_009;a_2a;a_3a;a_3b;a_4a;a_4b;a_5b,quadratic_top1,,,
31,a_007,1,3.0,0.0,0.0,20000,11.775089263916016,a_002;a_006;a_009;a_2a;a_3a;a_3b;a_4a;a_4b;a_5b,quadratic_top1,,,
31,a_010,0,3.0,5e-05,1.0,20000,11.775089263916016,a_002;a_006;a_009;a_2a;a_3a;a_3b;a_4a;a_4b;a_5b,quadratic_top1,,,
31,a_1a,0,3.0,0.00045,9.0,20000,11.775089263916016,a_002;a_006;a_009;a_2a;a_3a;a_3b;a_4a;a_4b;a_5b,quadratic_top1,,,
32,a_003,0,0.0,0.00185,37.0,20000,21.573402404785156,a_001;a_002;a_004;a_006;a_010;a_2a;a_3b;a_4b;a_5a,quadratic_top1,,,
32,a_009,0,0.0,5e-05,1.0,20000,21.573402404785156,a_001;a_002;a_004;a_006;a_010;a_2a;a_3b;a_4b;a_5a,quadratic_top1,,,
32,a_011,0,0.0,0.0,0.0,20000,21.573402404785156,a_001;a_002;a_004;a_006;a_010;a_2a;a_3b;a_4b;a_5a,quadratic_top1,,,
32,a_012,1,0.0,0.0012,24.0,20000,21.573402404785156,a_001;a_002;a_004;a_006;a_010;a_2a;a_3b;a_4b;a_5a,quadratic_top1,,,
32,a_3a,0,0.0,5e-05,1.0,20000,21.573402404785156,a_001;a_002;a_004;a_006;a_010;a_2a;a_3b;a_4b;a_5a,quadratic_top1,,,
32,a_4a,1,0.0,0.00765,153.0,20000,21.573402404785156,a_001;a_002;a_004;a_006;a_010;a_2a;a_3b;a_4b;a_5a,quadratic_top1,,,
33,a_007,1,1.0,0.00125,25.0,20000,23.124494552612305,a_001;a_004;a_005;a_010;a_012;a_1a;a_2a;a_3b;a_5a,quadratic_top1,,,
33,a_009,0,1.0,5e-05,1.0,20000,23.124494552612305,a_001;a_004;a_005;a_010;a_012;a_1a;a_2a;a_3b;a_5a,quadratic_top1,,,
33,a_011,0,1.0,5e-05,1.0,20000,23.124494552612305,a_001;a_004;a_005;a_010;a_012;a_1a;a_2a;a_3b;a_5a,quadratic_top1,,,
33,a_2b,0,1.0,0.0002,4.0,20000,23.124494552612305,a_001;a_004;a_005;a_010;a_012;a_1a;a_2a;a_3b;a_5a,quadratic_top1,,,
33,a_3a,0,1.0,0.00025,5.0,20000,23.124494552612305,a_001;a_004;a_005;a_010;a_012;a_1a;a_2a;a_3b;a_5a,quadratic_top1,,,
33,a_4b,1,1.0,0.001,20.0,20000,23.124494552612305,a_001;a_004;a_005;a_010;a_012;a_1a;a_2a;a_3b;a_5a,quadratic_top1,,,
34,a_005,1,2.0,0.00895,179.0,20000,21.633169174194336,a_001;a_002;a_003;a_004;a_006;a_1a;a_3b;a_4a;a_4b;a_5b,quadratic_top1,,,
34,a_009,0,2.0,0.0,0.0,20000,21.633169174194336,a_001;a_002;a_003;a_004;a_006;a_1a;a_3b;a_4a;a_4b;a_5b,quadratic_top1,,,
34,a_010,0,2.0,5e-05,1.0,20000,21.633169174194336,a_001;a_002;a_003;a_004;a_006;a_1a;a_3b;a_4a;a_4b;a_5b,quadratic_top1,,,
34,a_011,0,2.0,5e-05,1.0,20000,21.633169174194336,a_001;a_002;a_003;a_004;a_006;a_1a;a_3b;a_4a;a_4b;a_5b,quadratic_top1,,,
34,a_2a,0,2.0,0.00095,19.0,20000,21.633169174194336,a_001;a_002;a_003;a_004;a_006;a_1a;a_3b;a_4a;a_4b;a_5b,quadratic_top1,,,
34,a_5a,1,2.0,0.01055,211.0,20000,21.633169174194336,a_001;a_002;a_003;a_004;a_006;a_1a;a_3b;a_4a;a_4b;a_5b,quadratic_top1,,,
35,a_004,0,2.0,0.0004,8.0,20000,12.055938720703125,a_001;a_002;a_003;a_005;a_007;a_010;a_2a;a_3b;a_4b,quadratic_top1,,,
35,a_009,0,2.0,0.0,0.0,20000,12.055938720703125,a_001;a_002;a_003;a_005;a_007;a_010;a_2a;a_3b;a_4b,quadratic_top1,,,
35,a_012,1,2.0,0.0013,26.0,20000,12.055938720703125,a_001;a_002;a_003;a_005;a_007;a_010;a_2a;a_3b;a_4b,quadratic_top1,,,
35,a_2b,0,2.0,0.0006,12.0,20000,12.055938720703125,a_001;a_002;a_003;a_005;a_007;a_010;a_2a;a_3b;a_4b,quadratic_top1,,,
35,a_3a,0,2.0,0.0003,6.0,20000,12.055938720703125,a_001;a_002;a_003;a_005;a_007;a_010;a_2a;a_3b;a_4b,quadratic_top1,,,
35,a_5b,1,2.0,0.0199,398.0,20000,12.055938720703125,a_001;a_002;a_003;a_005;a_007;a_010;a_2a;a_3b;a_4b,quadratic_top1,,,
36,a_003,0,4.0,0.0008,16.0,20000,13.931417465209961,a_001;a_004;a_005;a_006;a_007;a_010;a_012;a_1a;a_2a,quadratic_top1,,,
36,a_009,0,4.0,0.0,0.0,20000,13.931417465209961,a_001;a_004;a_005;a_006;a_007;a_010;a_012;a_1a;a_2a,quadratic_top1,,,
36,a_011,0,4.0,0.00015,3.0,20000,13.931417465209961,a_001;a_004;a_005;a_006;a_007;a_010;a_012;a_1a;a_2a,quadratic_top1,,,
36,a_3a,0,4.0,0.0005,10.0,20000,13.931417465209961,a_001;a_004;a_005;a_006;a_007;a_010;a_012;a_1a;a_2a,quadratic_top1,,,
36,a_4b,1,4.0,0.00105,21.0,20000,13.931417465209961,a_001;a_004;a_005;a_006;a_007;a_010;a_012;a_1a;a_2a,quadratic_top1,,,
36,a_5b,1,4.0,0.0109,218.0,20000,13.931417465209961,a_001;a_004;a_005;a_006;a_007;a_010;a_012;a_1a;a_2a,quadratic_top1,,,
37,a_004,0,4.0,0.00015,3.0,20000,13.664313316345215,a_001;a_002;a_005;a_009;a_010;a_1a;a_3a;a_3b;a_5a;a_5b,quadratic_top1,,,
37,a_007,1,4.0,0.0006,12.0,20000,13.664313316345215,a_001;a_002;a_005;a_009;a_010;a_1a;a_3a;a_3b;a_5a;a_5b,quadratic_top1,,,
37,a_011,0,4.0,0.0,0.0,20000,13.664313316345215,a_001;a_002;a_005;a_009;a_010;a_1a;a_3a;a_3b;a_5a;a_5b,quadratic_top1,,,
37,a_2a,0,4.0,0.00025,5.0,20000,13.664313316345215,a_001;a_002;a_005;a_009;a_010;a_1a;a_3a;a_3b;a_5a;a_5b,quadratic_top1,,,
37,a_2b,0,4.0,0.0003,6.0,20000,13.664313316345215,a_001;a_002;a_005;a_009;a_010;a_1a;a_3a;a_3b;a_5a;a_5b,quadratic_top1,,,
37,a_4a,1,4.0,0.0058,116.0,20000,13.664313316345215,a_001;a_002;a_005;a_009;a_010;a_1a;a_3a;a_3b;a_5a;a_5b,quadratic_top1,,,
38,a_002,1,1.0,0.02235,447.0,20000,13.681669235229492,a_001;a_003;a_007;a_009;a_012;a_2a;a_2b;a_3b;a_4a;a_4b,quadratic_top1,,,
38,a_004,0,1.0,0.00035,7.0,20000,13.681669235229492,a_001;a_003;a_007;a_009;a_012;a_2a;a_2b;a_3b;a_4a;a_4b,quadratic_top1,,,
38,a_006,0,1.0,0.00015,3.0,20000,13.681669235229492,a_001;a_003;a_007;a_009;a_012;a_2a;a_2b;a_3b;a_4a;a_4b,quadratic_top1,,,
38,a_011,0,1.0,0.0001,2.0,20000,13.681669235229492,a_001;a_003;a_007;a_009;a_012;a_2a;a_2b;a_3b;a_4a;a_4b,quadratic_top1,,,
38,a_3a,0,1.0,0.0002,4.0,20000,13.681669235229492,a_001;a_003;a_007;a_009;a_012;a_2a;a_2b;a_3b;a_4a;a_4b,quadratic_top1,,,
38,a_5b,1,1.0,0.01875,375.0,20000,13.681669235229492,a_001;a_003;a_007;a_009;a_012;a_2a;a_2b;a_3b;a_4a;a_4b,quadratic_top1,,,
39,a_001,1,1.0,0.0001,2.0,20000,15.626033782958984,a_002;a_003;a_004;a_005;a_006;a_007;a_011;a_2a;a_4b;a_5a,quadratic_top1,,,
39,a_009,0,1.0,0.0,0.0,20000,15.626033782958984,a_002;a_003;a_004;a_005;a_006;a_007;a_011;a_2a;a_4b;a_5a,quadratic_top1,,,
39,a_1a,0,1.0,0.00135,27.0,20000,15.626033782958984,a_002;a_003;a_004;a_005;a_006;a_007;a_011;a_2a;a_4b;a_5a,quadratic_top1,,,
39,a_2b,0,1.0,0.00025,5.0,20000,15.626033782958984,a_002;a_003;a_004;a_005;a_006;a_007;a_011;a_2a;a_4b;a_5a,quadratic_top1,,,
39,a_3a,0,1.0,0.00015,3.0,20000,15.626033782958984,a_002;a_003;a_004;a_005;a_006;a_007;a_011;a_2a;a_4b;a_5a,quadratic_top1,,,
39,a_4a,1,1.0,0.00565,113.0,20000,15.626033782958984,a_002;a_003;a_004;a_005;a_006;a_007;a_011;a_2a;a_4b;a_5a,quadratic_top1,,,
40,a_001,1,2.0,0.0,0.0,20000,23.06879425048828,a_007;a_009;a_010;a_012;a_2b;a_3a;a_4a;a_4b;a_5a,quadratic_top1,,,
40,a_003,0,2.0,0.00015,3.0,20000,23.06879425048828,a_007;a_009;a_010;a_012;a_2b;a_3a;a_4a;a_4b;a_5a,quadratic_top1,,,
40,a_005,1,2.0,0.0015,30.0,20000,23.06879425048828,a_007;a_009;a_010;a_012;a_2b;a_3a;a_4a;a_4b;a_5a,quadratic_top1,,,
40,a_006,0,2.0,0.0,0.0,20000,23.06879425048828,a_007;a_009;a_010;a_012;a_2b;a_3a;a_4a;a_4b;a_5a,quadratic_top1,,,
40,a_2a,0,2.0,0.00015,3.0,20000,23.06879425048828,a_007;a_009;a_010;a_012;a_2b;a_3a;a_4a;a_4b;a_5a,quadratic_top1,,,
40,a_3b,0,2.0,0.0,0.0,20000,23.06879425048828,a_007;a_009;a_010;a_012;a_2b;a_3a;a_4a;a_4b;a_5a,quadratic_top1,,,
41,a_001,1,4.0,0.0,0.0,20000,8.380054473876953,a_003;a_005;a_007;a_010;a_011;a_2a;a_3b;a_4b;a_5a,quadratic_top1,,,
41,a_006,0,4.0,0.0,0.0,20000,8.380054473876953,a_003;a_005;a_007;a_010;a_011;a_2a;a_3b;a_4b;a_5a,quadratic_top1,,,
41,a_009,0,4.0,0.0,0.0,20000,8.380054473876953,a_003;a_005;a_007;a_010;a_011;a_2a;a_3b;a_4b;a_5a,quadratic_top1,,,
41,a_2b,0,4.0,0.00025,5.0,20000,8.380054473876953,a_003;a_005;a_007;a_010;a_011;a_2a;a_3b;a_4b;a_5a,quadratic_top1,,,
41,a_3a,0,4.0,0.0,0.0,20000,8.380054473876953,a_003;a_005;a_007;a_010;a_011;a_2a;a_3b;a_4b;a_5a,quadratic_top1,,,
41,a_4a,1,4.0,0.00395,79.0,20000,8.380054473876953,a_003;a_005;a_007;a_010;a_011;a_2a;a_3b;a_4b;a_5a,quadratic_top1,,,
42,a_009,0,2.0,0.0,0.0,20000,19.847105026245117,a_001;a_002;a_003;a_004;a_005;a_006;a_007;a_010;a_011;a_5a,quadratic_top1,,,
42,a_012,1,2.0,0.0005,10.0,20000,19.847105026245117,a_001;a_002;a_003;a_004;a_005;a_006;a_007;a_010;a_011;a_5a,quadratic_top1,,,
42,a_1a,0,2.0,0.00105,21.0,20000,19.847105026245117,a_001;a_002;a_003;a_004;a_005;a_006;a_007;a_010;a_011;a_5a,quadratic_top1,,,
42,a_2a,0,2.0,0.0003,6.0,20000,19.847105026245117,a_001;a_002;a_003;a_004;a_005;a_006;a_007;a_010;a_011;a_5a,quadratic_top1,,,
42,a_2b,0,2.0,0.0004,8.0,20000,19.847105026245117,a_001;a_002;a_003;a_004;a_005;a_006;a_007;a_010;a_011;a_5a,quadratic_top1,,,
42,a_4b,1,2.0,0.00185,37.0,20000,19.847105026245117,a_001;a_002;a_003;a_004;a_005;a_006;a_007;a_010;a_011;a_5a,quadratic_top1,,,
43,a_006,0,2.0,0.0001,2.0,20000,23.038068771362305,a_001;a_002;a_003;a_005;a_010;a_2a;a_3a;a_3b;a_4a,quadratic_top1,,,
43,a_007,1,2.0,0.0004,8.0,20000,23.038068771362305,a_001;a_002;a_003;a_005;a_010;a_2a;a_3a;a_3b;a_4a,quadratic_top1,,,
43,a_011,0,2.0,5e-05,1.0,20000,23.038068771362305,a_001;a_002;a_003;a_005;a_010;a_2a;a_3a;a_3b;a_4a,quadratic_top1,,,
43,a_1a,0,2.0,0.00125,25.0,20000,23.038068771362305,a_001;a_002;a_003;a_005;a_010;a_2a;a_3a;a_3b;a_4a,quadratic_top1,,,
43,a_2b,0,2.0,0.0005,10.0,20000,23.038068771362305,a_001;a_002;a_003;a_005;a_010;a_2a;a_3a;a_3b;a_4a,quadratic_top1,,,
43,a_5b,1,2.0,0.0169,338.0,20000,23.038068771362305,a_001;a_002;a_003;a_005;a_010;a_2a;a_3a;a_3b;a_4a,quadratic_top1,,,
44,a_002,1,0.0,0.01215,243.0,20000,15.47506332397461,a_001;a_004;a_005;a_009;a_011;a_2b;a_3b;a_4a;a_5b,quadratic_top1,,,
44,a_006,0,0.0,0.0,0.0,20000,15.47506332397461,a_001;a_004;a_005;a_009;a_011;a_2b;a_3b;a_4a;a_5b,quadratic_top1,,,
44,a_010,0,0.0,5e-05,1.0,20000,15.47506332397461,a_001;a_004;a_005;a_009;a_011;a_2b;a_3b;a_4a;a_5b,quadratic_top1,,,
44,a_1a,0,0.0,0.00085,17.0,20000,15.47506332397461,a_001;a_004;a_005;a_009;a_011;a_2b;a_3b;a_4a;a_5b,quadratic_top1,,,
44,a_3a,0,0.0,0.00025,5.0,20000,15.47506332397461,a_001;a_004;a_005;a_009;a_011;a_2b;a_3b;a_4a;a_5b,quadratic_top1,,,
44,a_5a,1,0.0,0.01255,251.0,20000,15.47506332397461,a_001;a_004;a_005;a_009;a_011;a_2b;a_3b;a_4a;a_5b,quadratic_top1,,,
45,a_003,0,0.0,0.0004,8.0,20000,22.28946304321289,a_002;a_006;a_007;a_010;a_012;a_1a;a_2a;a_2b;a_4b;a_5a,quadratic_top1,,,
45,a_005,1,0.0,0.01035,207.0,20000,22.28946304321289,a_002;a_006;a_007;a_010;a_012;a_1a;a_2a;a_2b;a_4b;a_5a,quadratic_top1,,,
45,a_009,0,0.0,0.0,0.0,20000,22.28946304321289,a_002;a_006;a_007;a_010;a_012;a_1a;a_2a;a_2b;a_4b;a_5a,quadratic_top1,,,
45,a_3a,0,0.0,0.00015,3.0,20000,22.28946304321289,a_002;a_006;a_007;a_010;a_012;a_1a;a_2a;a_2b;a_4b;a_5a,quadratic_top1,,,
45,a_3b,0,0.0,0.0,0.0,20000,22.28946304321289,a_002;a_006;a_007;a_010;a_012;a_1a;a_2a;a_2b;a_4b;a_5a,quadratic_top1,,,
45,a_5b,1,0.0,0.0157,314.0,20000,22.28946304321289,a_002;a_006;a_007;a_010;a_012;a_1a;a_2a;a_2b;a_4b;a_5a,quadratic_top1,,,
46,a_001,1,1.0,0.0001,2.0,20000,33.388275146484375,a_002;a_004;a_006;a_007;a_2a;a_2b;a_3b;a_4b;a_5a;a_5b,quadratic_top1,,,
46,a_003,0,1.0,0.00015,3.0,20000,33.388275146484375,a_002;a_004;a_006;a_007;a_2a;a_2b;a_3b;a_4b;a_5a;a_5b,quadratic_top1,,,
46,a_010,0,1.0,5e-05,1.0,20000,33.388275146484375,a_002;a_004;a_006;a_007;a_2a;a_2b;a_3b;a_4b;a_5a;a_5b,quadratic_top1,,,
46,a_011,0,1.0,0.0,0.0,20000,33.388275146484375,a_002;a_004;a_006;a_007;a_2a;a_2b;a_3b;a_4b;a_5a;a_5b,quadratic_top1,,,
46,a_012,1,1.0,0.0002,4.0,20000,33.388275146484375,a_002;a_004;a_006;a_007;a_2a;a_2b;a_3b;a_4b;a_5a;a_5b,quadratic_top1,,,
46,a_3a,0,1.0,0.0001,2.0,20000,33.388275146484375,a_002;a_004;a_006;a_007;a_2a;a_2b;a_3b;a_4b;a_5a;a_5b,quadratic_top1,,,
47,a_003,0,2.0,0.0007,14.0,20000,20.096887588500977,a_001;a_002;a_004;a_005;a_006;a_007;a_010;a_011;a_3a;a_4a,quadratic_top1,,,
47,a_009,0,2.0,0.0,0.0,20000,20.096887588500977,a_001;a_002;a_004;a_005;a_006;a_007;a_010;a_011;a_3a;a_4a,quadratic_top1,,,
47,a_1a,0,2.0,0.00125,25.0,20000,20.096887588500977,a_001;a_002;a_004;a_005;a_006;a_007;a_010;a_011;a_3a;a_4a,quadratic_top1,,,
47,a_2b,0,2.0,0.0005,10.0,20000,20.096887588500977,a_001;a_002;a_004;a_005;a_006;a_007;a_010;a_011;a_3a;a_4a,quadratic_top1,,,
47,a_4b,1,2.0,0.0029,58.0,20000,20.096887588500977,a_001;a_002;a_004;a_005;a_006;a_007;a_010;a_011;a_3a;a_4a,quadratic_top1,,,
47,a_5a,1,2.0,0.01375,275.0,20000,20.096887588500977,a_001;a_002;a_004;a_005;a_006;a_007;a_010;a_011;a_3a;a_4a,quadratic_top1,,,
48,a_001,1,1.0,0.0002,4.0,20000,18.921092987060547,a_003;a_005;a_007;a_009;a_011;a_012;a_3a;a_5a;a_5b,quadratic_top1,,,
48,a_002,1,1.0,0.00925,185.0,20000,18.921092987060547,a_003;a_005;a_007;a_009;a_011;a_012;a_3a;a_5a;a_5b,quadratic_top1,,,
48,a_004,0,1.0,0.0002,4.0,20000,18.921092987060547,a_003;a_005;a_007;a_009;a_011;a_012;a_3a;a_5a;a_5b,quadratic_top1,,,
48,a_010,0,1.0,0.0,0.0,20000,18.921092987060547,a_003;a_005;a_007;a_009;a_011;a_012;a_3a;a_5a;a_5b,quadratic_top1,,,
48,a_1a,0,1.0,0.0006,12.0,20000,18.921092987060547,a_003;a_005;a_007;a_009;a_011;a_012;a_3a;a_5a;a_5b,quadratic_top1,,,
48,a_3b,0,1.0,0.00015,3.0,20000,18.921092987060547,a_003;a_005;a_007;a_009;a_011;a_012;a_3a;a_5a;a_5b,quadratic_top1,,,
49,a_001,1,4.0,0.0001,2.0,20000,15.152799606323242,a_002;a_006;a_007;a_010;a_011;a_012;a_2a;a_4b;a_5b,quadratic_top1,,,
49,a_003,0,4.0,0.0002,4.0,20000,15.152799606323242,a_002;a_006;a_007;a_010;a_011;a_012;a_2a;a_4b;a_5b,quadratic_top1,,,
49,a_004,0,4.0,0.0001,2.0,20000,15.152799606323242,a_002;a_006;a_007;a_010;a_011;a_012;a_2a;a_4b;a_5b,quadratic_top1,,,
49,a_009,0,4.0,0.0,0.0,20000,15.152799606323242,a_002;a_006;a_007;a_010;a_011;a_012;a_2a;a_4b;a_5b,quadratic_top1,,,
49,a_1a,0,4.0,0.00035,7.0,20000,15.152799606323242,a_002;a_006;a_007;a_010;a_011;a_012;a_2a;a_4b;a_5b,quadratic_top1,,,
49,a_4a,1,4.0,0.0031,62.0,20000,15.152799606323242,a_002;a_006;a_007;a_010;a_011;a_012;a_2a;a_4b;a_5b,quadratic_top1,,,
50,a_001,1,1.0,0.0,0.0,20000,25.08576774597168,a_004;a_005;a_007;a_009;a_011;a_1a;a_2a;a_4b;a_5a;a_5b,quadratic_top1,,,
50,a_003,0,1.0,0.0001,2.0,20000,25.08576774597168,a_004;a_005;a_007;a_009;a_011;a_1a;a_2a;a_4b;a_5a;a_5b,quadratic_top1,,,
50,a_006,0,1.0,0.0,0.0,20000,25.08576774597168,a_004;a_005;a_007;a_009;a_011;a_1a;a_2a;a_4b;a_5a;a_5b,quadratic_top1,,,
50,a_3a,0,1.0,0.0,0.0,20000,25.08576774597168,a_004;a_005;a_007;a_009;a_011;a_1a;a_2a;a_4b;a_5a;a_5b,quadratic_top1,,,
50,a_3b,0,1.0,0.0,0.0,20000,25.08576774597168,a_004;a_005;a_007;a_009;a_011;a_1a;a_2a;a_4b;a_5a;a_5b,quadratic_top1,,,
50,a_4a,1,1.0,0.0022,44.0,20000,25.08576774597168,a_004;a_005;a_007;a_009;a_011;a_1a;a_2a;a_4b;a_5a;a_5b,quadratic_top1,,,
51,a_004,0,3.0,0.00065,13.0,20000,17.733482360839844,a_001;a_002;a_005;a_009;a_010;a_011;a_012;a_3a;a_4b,quadratic_top1,,,
51,a_1a,0,3.0,0.0013,26.0,20000,17.733482360839844,a_001;a_002;a_005;a_009;a_010;a_011;a_012;a_3a;a_4b,quadratic_top1,,,
51,a_2a,0,3.0,0.0012,24.0,20000,17.733482360839844,a_001;a_002;a_005;a_009;a_010;a_011;a_012;a_3a;a_4b,quadratic_top1,,,
51,a_3b,0,3.0,0.0003,6.0,20000,17.733482360839844,a_001;a_002;a_005;a_009;a_010;a_011;a_012;a_3a;a_4b,quadratic_top1,,,
51,a_4a,1,3.0,0.0109,218.0,20000,17.733482360839844,a_001;a_002;a_005;a_009;a_010;a_011;a_012;a_3a;a_4b,quadratic_top1,,,
51,a_5a,1,3.0,0.01755,351.0,20000,17.733482360839844,a_001;a_002;a_005;a_009;a_010;a_011;a_012;a_3a;a_4b,quadratic_top1,,,
52,a_001,1,0.0,0.0001,2.0,20000,5.175529956817627,a_002;a_003;a_004;a_005;a_007;a_009;a_1a;a_2b;a_4b;a_5b,quadratic_top1,,,
52,a_010,0,0.0,0.00055,11.0,20000,5.175529956817627,a_002;a_003;a_004;a_005;a_007;a_009;a_1a;a_2b;a_4b;a_5b,quadratic_top1,,,
52,a_011,0,0.0,0.0,0.0,20000,5.175529956817627,a_002;a_003;a_004;a_005;a_007;a_009;a_1a;a_2b;a_4b;a_5b,quadratic_top1,,,
52,a_3a,0,0.0,0.00025,5.0,20000,5.175529956817627,a_002;a_003;a_004;a_005;a_007;a_009;a_1a;a_2b;a_4b;a_5b,quadratic_top1,,,
52,a_3b,0,0.0,0.0002,4.0,20000,5.175529956817627,a_002;a_003;a_004;a_005;a_007;a_009;a_1a;a_2b;a_4b;a_5b,quadratic_top1,,,
52,a_4a,1,0.0,0.0007,14.0,20000,5.175529956817627,a_002;a_003;a_004;a_005;a_007;a_009;a_1a;a_2b;a_4b;a_5b,quadratic_top1,,,
53,a_003,0,0.0,0.00095,19.0,20000,24.482694625854492,a_001;a_004;a_005;a_006;a_007;a_009;a_1a;a_2b;a_4b;a_5a,quadratic_top1,,,
53,a_011,0,0.0,5e-05,1.0,20000,24.482694625854492,a_001;a_004;a_005;a_006;a_007;a_009;a_1a;a_2b;a_4b;a_5a,quadratic_top1,,,
53,a_012,1,0.0,0.0006,12.0,20000,24.482694625854492,a_001;a_004;a_005;a_006;a_007;a_009;a_1a;a_2b;a_4b;a_5a,quadratic_top1,,,
53,a_3a,0,0.0,0.00025,5.0,20000,24.482694625854492,a_001;a_004;a_005;a_006;a_007;a_009;a_1a;a_2b;a_4b;a_5a,quadratic_top1,,,
53,a_3b,0,0.0,5e-05,1.0,20000,24.482694625854492,a_001;a_004;a_005;a_006;a_007;a_009;a_1a;a_2b;a_4b;a_5a,quadratic_top1,,,
53,a_5b,1,0.0,0.01585,317.0,20000,24.482694625854492,a_001;a_004;a_005;a_006;a_007;a_009;a_1a;a_2b;a_4b;a_5a,quadratic_top1,,,
54,a_004,0,1.0,0.0001,2.0,20000,20.716358184814453,a_001;a_002;a_003;a_009;a_010;a_2a;a_2b;a_4a;a_4b;a_5a,quadratic_top1,,,
54,a_007,1,1.0,0.0005,10.0,20000,20.716358184814453,a_001;a_002;a_003;a_009;a_010;a_2a;a_2b;a_4a;a_4b;a_5a,quadratic_top1,,,
54,a_011,0,1.0,5e-05,1.0,20000,20.716358184814453,a_001;a_002;a_003;a_009;a_010;a_2a;a_2b;a_4a;a_4b;a_5a,quadratic_top1,,,
54,a_012,1,1.0,0.00075,15.0,20000,20.716358184814453,a_001;a_002;a_003;a_009;a_010;a_2a;a_2b;a_4a;a_4b;a_5a,quadratic_top1,,,
54,a_1a,0,1.0,0.00165,33.0,20000,20.716358184814453,a_001;a_002;a_003;a_009;a_010;a_2a;a_2b;a_4a;a_4b;a_5a,quadratic_top1,,,
54,a_3b,0,1.0,0.0002,4.0,20000,20.716358184814453,a_001;a_002;a_003;a_009;a_010;a_2a;a_2b;a_4a;a_4b;a_5a,quadratic_top1,,,
55,a_003,0,2.0,0.0006,12.0,20000,21.19466209411621,a_001;a_002;a_004;a_006;a_009;a_012;a_3a;a_3b;a_4a;a_5b,quadratic_top1,,,
55,a_005,1,2.0,0.01065,213.0,20000,21.19466209411621,a_001;a_002;a_004;a_006;a_009;a_012;a_3a;a_3b;a_4a;a_5b,quadratic_top1,,,
55,a_010,0,2.0,5e-05,1.0,20000,21.19466209411621,a_001;a_002;a_004;a_006;a_009;a_012;a_3a;a_3b;a_4a;a_5b,quadratic_top1,,,
55,a_1a,0,2.0,0.0009,18.0,20000,21.19466209411621,a_001;a_002;a_004;a_006;a_009;a_012;a_3a;a_3b;a_4a;a_5b,quadratic_top1,,,
55,a_2b,0,2.0,0.00045,9.0,20000,21.19466209411621,a_001;a_002;a_004;a_006;a_009;a_012;a_3a;a_3b;a_4a;a_5b,quadratic_top1,,,
55,a_4b,1,2.0,0.00245,49.0,20000,21.19466209411621,a_001;a_002;a_004;a_006;a_009;a_012;a_3a;a_3b;a_4a;a_5b,quadratic_top1,,,
56,a_004,0,4.0,0.00035,7.0,20000,18.154403686523438,a_001;a_003;a_005;a_006;a_007;a_009;a_2a;a_2b;a_4a;a_4b,quadratic_top1,,,
56,a_010,0,4.0,0.00015,3.0,20000,18.154403686523438,a_001;a_003;a_005;a_006;a_007;a_009;a_2a;a_2b;a_4a;a_4b,quadratic_top1,,,
56,a_012,1,4.0,0.0013,26.0,20000,18.154403686523438,a_001;a_003;a_005;a_006;a_007;a_009;a_2a;a_2b;a_4a;a_4b,quadratic_top1,,,
56,a_1a,0,4.0,0.0016,32.0,20000,18.154403686523438,a_001;a_003;a_005;a_006;a_007;a_009;a_2a;a_2b;a_4a;a_4b,quadratic_top1,,,
56,a_3a,0,4.0,0.0002,4.0,20000,18.154403686523438,a_001;a_003;a_005;a_006;a_007;a_009;a_2a;a_2b;a_4a;a_4b,quadratic_top1,,,
56,a_5b,1,4.0,0.01675,335.0,20000,18.154403686523438,a_001;a_003;a_005;a_006;a_007;a_009;a_2a;a_2b;a_4a;a_4b,quadratic_top1,,,
57,a_001,1,1.0,0.0001,2.0,20000,22.823177337646484,a_002;a_006;a_007;a_009;a_011;a_012;a_1a;a_2a;a_4b;a_5a,quadratic_top1,,,
57,a_003,0,1.0,0.00035,7.0,20000,22.823177337646484,a_002;a_006;a_007;a_009;a_011;a_012;a_1a;a_2a;a_4b;a_5a,quadratic_top1,,,
57,a_2b,0,1.0,0.00025,5.0,20000,22.823177337646484,a_002;a_006;a_007;a_009;a_011;a_012;a_1a;a_2a;a_4b;a_5a,quadratic_top1,,,
57,a_3a,0,1.0,0.00015,3.0,20000,22.823177337646484,a_002;a_006;a_007;a_009;a_011;a_012;a_1a;a_2a;a_4b;a_5a,quadratic_top1,,,
57,a_3b,0,1.0,0.0,0.0,20000,22.823177337646484,a_002;a_006;a_007;a_009;a_011;a_012;a_1a;a_2a;a_4b;a_5a,quadratic_top1,,,
57,a_4a,1,1.0,0.00515,103.0,20000,22.823177337646484,a_002;a_006;a_007;a_009;a_011;a_012;a_1a;a_2a;a_4b;a_5a,quadratic_top1,,,
58,a_002,1,2.0,0.01635,327.0,20000,21.58287811279297,a_001;a_003;a_005;a_009;a_011;a_012;a_1a;a_3b;a_4a;a_5a,quadratic_top1,,,
58,a_004,0,2.0,0.0006,12.0,20000,21.58287811279297,a_001;a_003;a_005;a_009;a_011;a_012;a_1a;a_3b;a_4a;a_5a,quadratic_top1,,,
58,a_010,0,2.0,5e-05,1.0,20000,21.58287811279297,a_001;a_003;a_005;a_009;a_011;a_012;a_1a;a_3b;a_4a;a_5a,quadratic_top1,,,
58,a_2b,0,2.0,0.00085,17.0,20000,21.58287811279297,a_001;a_003;a_005;a_009;a_011;a_012;a_1a;a_3b;a_4a;a_5a,quadratic_top1,,,
58,a_3a,0,2.0,0.0005,10.0,20000,21.58287811279297,a_001;a_003;a_005;a_009;a_011;a_012;a_1a;a_3b;a_4a;a_5a,quadratic_top1,,,
58,a_4b,1,2.0,0.00305,61.0,20000,21.58287811279297,a_001;a_003;a_005;a_009;a_011;a_012;a_1a;a_3b;a_4a;a_5a,quadratic_top1,,,
59,a_003,0,2.0,0.0002,4.0,20000,8.320676803588867,a_001;a_002;a_005;a_006;a_007;a_010;a_011;a_2b;a_4a,quadratic_top1,,,
59,a_004,0,2.0,5e-05,1.0,20000,8.320676803588867,a_001;a_002;a_005;a_006;a_007;a_010;a_011;a_2b;a_4a,quadratic_top1,,,
59,a_012,1,2.0,0.0002,4.0,20000,8.320676803588867,a_001;a_002;a_005;a_006;a_007;a_010;a_011;a_2b;a_4a,quadratic_top1,,,
59,a_2a,0,2.0,0.0002,4.0,20000,8.320676803588867,a_001;a_002;a_005;a_006;a_007;a_010;a_011;a_2b;a_4a,quadratic_top1,,,
59,a_3a,0,2.0,0.00015,3.0,20000,8.320676803588867,a_001;a_002;a_005;a_006;a_007;a_010;a_011;a_2b;a_4a,quadratic_top1,,,
59,a_4b,1,2.0,0.00075,15.0,20000,8.320676803588867,a_001;a_002;a_005;a_006;a_007;a_010;a_011;a_2b;a_4a,quadratic_top1,,,
60,a_002,1,3.0,0.0195,390.0,20000,23.379301071166992,a_001;a_003;a_004;a_006;a_007;a_010;a_012;a_2b;a_4b,quadratic_top1,,,
60,a_009,0,3.0,5e-05,1.0,20000,23.379301071166992,a_001;a_003;a_004;a_006;a_007;a_010;a_012;a_2b;a_4b,quadratic_top1,,,
60,a_011,0,3.0,0.00015,3.0,20000,23.379301071166992,a_001;a_003;a_004;a_006;a_007;a_010;a_012;a_2b;a_4b,quadratic_top1,,,
60,a_1a,0,3.0,0.003,60.0,20000,23.379301071166992,a_001;a_003;a_004;a_006;a_007;a_010;a_012;a_2b;a_4b,quadratic_top1,,,
60,a_2a,0,3.0,0.00045,9.0,20000,23.379301071166992,a_001;a_003;a_004;a_006;a_007;a_010;a_012;a_2b;a_4b,quadratic_top1,,,
60,a_5a,1,3.0,0.014,280.0,20000,23.379301071166992,a_001;a_003;a_004;a_006;a_007;a_010;a_012;a_2b;a_4b,quadratic_top1,,,
61,a_003,0,3.0,0.0005,10.0,20000,19.824783325195312,a_001;a_002;a_004;a_005;a_006;a_2a;a_3b;a_4a;a_5b,quadratic_top1,,,
61,a_009,0,3.0,0.0,0.0,20000,19.824783325195312,a_001;a_002;a_004;a_005;a_006;a_2a;a_3b;a_4a;a_5b,quadratic_top1,,,
61,a_010,0,3.0,5e-05,1.0,20000,19.824783325195312,a_001;a_002;a_004;a_005;a_006;a_2a;a_3b;a_4a;a_5b,quadratic_top1,,,
61,a_3a,0,3.0,0.0001,2.0,20000,19.824783325195312,a_001;a_002;a_004;a_005;a_006;a_2a;a_3b;a_4a;a_5b,quadratic_top1,,,
61,a_4b,1,3.0,0.0013,26.0,20000,19.824783325195312,a_001;a_002;a_004;a_005;a_006;a_2a;a_3b;a_4a;a_5b,quadratic_top1,,,
61,a_5a,1,3.0,0.0085,170.0,20000,19.824783325195312,a_001;a_002;a_004;a_005;a_006;a_2a;a_3b;a_4a;a_5b,quadratic_top1,,,
62,a_002,1,0.0,0.01405,281.0,20000,22.672487258911133,a_001;a_003;a_006;a_007;a_010;a_2b;a_3a;a_4b;a_5a,quadratic_top1,,,
62,a_009,0,0.0,0.0,0.0,20000,22.672487258911133,a_001;a_003;a_006;a_007;a_010;a_2b;a_3a;a_4b;a_5a,quadratic_top1,,,
62,a_011,0,0.0,5e-05,1.0,20000,22.672487258911133,a_001;a_003;a_006;a_007;a_010;a_2b;a_3a;a_4b;a_5a,quadratic_top1,,,
62,a_1a,0,0.0,0.00255,51.0,20000,22.672487258911133,a_001;a_003;a_006;a_007;a_010;a_2b;a_3a;a_4b;a_5a,quadratic_top1,,,
62,a_2a,0,0.0,0.0008,16.0,20000,22.672487258911133,a_001;a_003;a_006;a_007;a_010;a_2b;a_3a;a_4b;a_5a,quadratic_top1,,,
62,a_4a,1,0.0,0.006,120.0,20000,22.672487258911133,a_001;a_003;a_006;a_007;a_010;a_2b;a_3a;a_4b;a_5a,quadratic_top1,,,
63,a_011,0,0.0,0.0002,4.0,20000,18.196041107177734,a_001;a_004;a_005;a_006;a_007;a_009;a_1a;a_5a;a_5b,quadratic_top1,,,
63,a_2b,0,0.0,0.00015,3.0,20000,18.196041107177734,a_001;a_004;a_005;a_006;a_007;a_009;a_1a;a_5a;a_5b,quadratic_top1,,,
63,a_3a,0,0.0,0.00035,7.0,20000,18.196041107177734,a_001;a_004;a_005;a_006;a_007;a_009;a_1a;a_5a;a_5b,quadratic_top1,,,
63,a_3b,0,0.0,0.0003,6.0,20000,18.196041107177734,a_001;a_004;a_005;a_006;a_007;a_009;a_1a;a_5a;a_5b,quadratic_top1,,,
63,a_4a,1,0.0,0.0028,56.0,20000,18.196041107177734,a_001;a_004;a_005;a_006;a_007;a_009;a_1a;a_5a;a_5b,quadratic_top1,,,
63,a_4b,1,0.0,0.001,20.0,20000,18.196041107177734,a_001;a_004;a_005;a_006;a_007;a_009;a_1a;a_5a;a_5b,quadratic_top1,,,
64,a_003,0,3.0,0.00045,9.0,20000,10.26501178741455,a_001;a_002;a_004;a_006;a_007;a_2a;a_2b;a_3b;a_4b,quadratic_top1,,,
64,a_009,0,3.0,0.0,0.0,20000,10.26501178741455,a_001;a_002;a_004;a_006;a_007;a_2a;a_2b;a_3b;a_4b,quadratic_top1,,,
64,a_011,0,3.0,0.00015,3.0,20000,10.26501178741455,a_001;a_002;a_004;a_006;a_007;a_2a;a_2b;a_3b;a_4b,quadratic_top1,,,
64,a_012,1,3.0,0.0008,16.0,20000,10.26501178741455,a_001;a_002;a_004;a_006;a_007;a_2a;a_2b;a_3b;a_4b,quadratic_top1,,,
64,a_3a,0,3.0,0.00025,5.0,20000,10.26501178741455,a_001;a_002;a_004;a_006;a_007;a_2a;a_2b;a_3b;a_4b,quadratic_top1,,,
64,a_5a,1,3.0,0.0084,168.0,20000,10.26501178741455,a_001;a_002;a_004;a_006;a_007;a_2a;a_2b;a_3b;a_4b,quadratic_top1,,,
65,a_004,0,0.0,0.0011,22.0,20000,20.651887893676758,a_001;a_003;a_005;a_006;a_007;a_010;a_012;a_1a;a_3a;a_4b,quadratic_top1,,,
65,a_009,0,0.0,0.0,0.0,20000,20.651887893676758,a_001;a_003;a_005;a_006;a_007;a_010;a_012;a_1a;a_3a;a_4b,quadratic_top1,,,
65,a_2b,0,0.0,0.00105,21.0,20000,20.651887893676758,a_001;a_003;a_005;a_006;a_007;a_010;a_012;a_1a;a_3a;a_4b,quadratic_top1,,,
65,a_3b,0,0.0,0.00045,9.0,20000,20.651887893676758,a_001;a_003;a_005;a_006;a_007;a_010;a_012;a_1a;a_3a;a_4b,quadratic_top1,,,
65,a_4a,1,0.0,0.01225,245.0,20000,20.651887893676758,a_001;a_003;a_005;a_006;a_007;a_010;a_012;a_1a;a_3a;a_4b,quadratic_top1,,,
65,a_5b,1,0.0,0.02195,439.0,20000,20.651887893676758,a_001;a_003;a_005;a_006;a_007;a_010;a_012;a_1a;a_3a;a_4b,quadratic_top1,,,
66,a_006,0,1.0,0.0,0.0,20000,19.832151412963867,a_001;a_003;a_004;a_005;a_010;a_011;a_3b;a_4a;a_4b;a_5a,quadratic_top1,,,
66,a_007,1,1.0,0.0003,6.0,20000,19.832151412963867,a_001;a_003;a_004;a_005;a_010;a_011;a_3b;a_4a;a_4b;a_5a,quadratic_top1,,,
66,a_012,1,1.0,0.0003,6.0,20000,19.832151412963867,a_001;a_003;a_004;a_005;a_010;a_011;a_3b;a_4a;a_4b;a_5a,quadratic_top1,,,
66,a_1a,0,1.0,0.00145,29.0,20000,19.832151412963867,a_001;a_003;a_004;a_005;a_010;a_011;a_3b;a_4a;a_4b;a_5a,quadratic_top1,,,
66,a_2a,0,1.0,0.00055,11.0,20000,19.832151412963867,a_001;a_003;a_004;a_005;a_010;a_011;a_3b;a_4a;a_4b;a_5a,quadratic_top1,,,
66,a_3a,0,1.0,0.0001,2.0,20000,19.832151412963867,a_001;a_003;a_004;a_005;a_010;a_011;a_3b;a_4a;a_4b;a_5a,quadratic_top1,,,
67,a_009,0,0.0,0.0,0.0,20000,18.639741897583008,a_001;a_002;a_003;a_004;a_010;a_012;a_1a;a_2a;a_4a;a_5b,quadratic_top1,,,
67,a_011,0,0.0,0.0001,2.0,20000,18.639741897583008,a_001;a_002;a_003;a_004;a_010;a_012;a_1a;a_2a;a_4a;a_5b,quadratic_top1,,,
67,a_3a,0,0.0,0.0003,6.0,20000,18.639741897583008,a_001;a_002;a_003;a_004;a_010;a_012;a_1a;a_2a;a_4a;a_5b,quadratic_top1,,,
67,a_3b,0,0.0,0.0003,6.0,20000,18.639741897583008,a_001;a_002;a_003;a_004;a_010;a_012;a_1a;a_2a;a_4a;a_5b,quadratic_top1,,,
67,a_4b,1,0.0,0.0026,52.0,20000,18.639741897583008,a_001;a_002;a_003;a_004;a_010;a_012;a_1a;a_2a;a_4a;a_5b,quadratic_top1,,,
67,a_5a,1,0.0,0.0162,324.0,20000,18.639741897583008,a_001;a_002;a_003;a_004;a_010;a_012;a_1a;a_2a;a_4a;a_5b,quadratic_top1,,,
68,a_002,1,1.0,0.01155,231.0,20000,20.752683639526367,a_001;a_004;a_005;a_009;a_011;a_012;a_2b;a_3b;a_4b;a_5b,quadratic_top1,,,
68,a_003,0,1.0,0.00055,11.0,20000,20.752683639526367,a_001;a_004;a_005;a_009;a_011;a_012;a_2b;a_3b;a_4b;a_5b,quadratic_top1,,,
68,a_006,0,1.0,5e-05,1.0,20000,20.752683639526367,a_001;a_004;a_005;a_009;a_011;a_012;a_2b;a_3b;a_4b;a_5b,quadratic_top1,,,
68,a_010,0,1.0,0.0001,2.0,20000,20.752683639526367,a_001;a_004;a_005;a_009;a_011;a_012;a_2b;a_3b;a_4b;a_5b,quadratic_top1,,,
68,a_2a,0,1.0,0.00025,5.0,20000,20.752683639526367,a_001;a_004;a_005;a_009;a_011;a_012;a_2b;a_3b;a_4b;a_5b,quadratic_top1,,,
68,a_4a,1,1.0,0.0057,114.0,20000,20.752683639526367,a_001;a_004;a_005;a_009;a_011;a_012;a_2b;a_3b;a_4b;a_5b,quadratic_top1,,,
69,a_001,1,3.0,5e-05,1.0,20000,36.26280212402344,a_004;a_005;a_006;a_007;a_009;a_1a;a_3b;a_4a;a_4b;a_5a,quadratic_top1,,,
69,a_002,1,3.0,0.0001,2.0,20000,36.26280212402344,a_004;a_005;a_006;a_007;a_009;a_1a;a_3b;a_4a;a_4b;a_5a,quadratic_top1,,,
69,a_003,0,3.0,0.0001,2.0,20000,36.26280212402344,a_004;a_005;a_006;a_007;a_009;a_1a;a_3b;a_4a;a_4b;a_5a,quadratic_top1,,,
69,a_010,0,3.0,0.0,0.0,20000,36.26280212402344,a_004;a_005;a_006;a_007;a_009;a_1a;a_3b;a_4a;a_4b;a_5a,quadratic_top1,,,
69,a_011,0,3.0,0.0,0.0,20000,36.26280212402344,a_004;a_005;a_006;a_007;a_009;a_1a;a_3b;a_4a;a_4b;a_5a,quadratic_top1,,,
69,a_3a,0,3.0,5e-05,1.0,20000,36.26280212402344,a_004;a_005;a_006;a_007;a_009;a_1a;a_3b;a_4a;a_4b;a_5a,quadratic_top1,,,
70,a_001,1,0.0,0.0003,6.0,20000,25.89793586730957,a_002;a_004;a_006;a_007;a_009;a_010;a_012;a_2b;a_4b,quadratic_top1,,,
70,a_011,0,0.0,5e-05,1.0,20000,25.89793586730957,a_002;a_004;a_006;a_007;a_009;a_010;a_012;a_2b;a_4b,quadratic_top1,,,
70,a_2a,0,0.0,0.0004,8.0,20000,25.89793586730957,a_002;a_004;a_006;a_007;a_009;a_010;a_012;a_2b;a_4b,quadratic_top1,,,
70,a_3a,0,0.0,0.00025,5.0,20000,25.89793586730957,a_002;a_004;a_006;a_007;a_009;a_010;a_012;a_2b;a_4b,quadratic_top1,,,
70,a_3b,0,0.0,0.00025,5.0,20000,25.89793586730957,a_002;a_004;a_006;a_007;a_009;a_010;a_012;a_2b;a_4b,quadratic_top1,,,
70,a_4a,1,0.0,0.00915,183.0,20000,25.89793586730957,a_002;a_004;a_006;a_007;a_009;a_010;a_012;a_2b;a_4b,quadratic_top1,,,
71,a_004,0,4.0,0.0002,4.0,20000,11.411523818969727,a_001;a_003;a_009;a_012;a_2a;a_2b;a_3a;a_4b;a_5a;a_5b,quadratic_top1,,,
71,a_005,1,4.0,0.0085,170.0,20000,11.411523818969727,a_001;a_003;a_009;a_012;a_2a;a_2b;a_3a;a_4b;a_5a;a_5b,quadratic_top1,,,
71,a_007,1,4.0,0.0002,4.0,20000,11.411523818969727,a_001;a_003;a_009;a_012;a_2a;a_2b;a_3a;a_4b;a_5a;a_5b,quadratic_top1,,,
71,a_011,0,4.0,0.0001,2.0,20000,11.411523818969727,a_001;a_003;a_009;a_012;a_2a;a_2b;a_3a;a_4b;a_5a;a_5b,quadratic_top1,,,
71,a_1a,0,4.0,0.0008,16.0,20000,11.411523818969727,a_001;a_003;a_009;a_012;a_2a;a_2b;a_3a;a_4b;a_5a;a_5b,quadratic_top1,,,
71,a_3b,0,4.0,0.0001,2.0,20000,11.411523818969727,a_001;a_003;a_009;a_012;a_2a;a_2b;a_3a;a_4b;a_5a;a_5b,quadratic_top1,,,
72,a_004,0,0.0,0.00065,13.0,20000,14.754570007324219,a_001;a_006;a_007;a_009;a_010;a_012;a_1a;a_3a;a_5a;a_5b,quadratic_top1,,,
72,a_005,1,0.0,0.0154,308.0,20000,14.754570007324219,a_001;a_006;a_007;a_009;a_010;a_012;a_1a;a_3a;a_5a;a_5b,quadratic_top1,,,
72,a_2a,0,0.0,0.0005,10.0,20000,14.754570007324219,a_001;a_006;a_007;a_009;a_010;a_012;a_1a;a_3a;a_5a;a_5b,quadratic_top1,,,
72,a_2b,0,0.0,0.00055,11.0,20000,14.754570007324219,a_001;a_006;a_007;a_009;a_010;a_012;a_1a;a_3a;a_5a;a_5b,quadratic_top1,,,
72,a_3b,0,0.0,0.0002,4.0,20000,14.754570007324219,a_001;a_006;a_007;a_009;a_010;a_012;a_1a;a_3a;a_5a;a_5b,quadratic_top1,,,
72,a_4b,1,0.0,0.0023,46.0,20000,14.754570007324219,a_001;a_006;a_007;a_009;a_010;a_012;a_1a;a_3a;a_5a;a_5b,quadratic_top1,,,
73,a_001,1,2.0,0.0001,2.0,20000,20.831649780273438,a_005;a_006;a_007;a_009;a_010;a_012;a_1a;a_3a;a_4b,quadratic_top1,,,
73,a_003,0,2.0,0.00035,7.0,20000,20.831649780273438,a_005;a_006;a_007;a_009;a_010;a_012;a_1a;a_3a;a_4b,quadratic_top1,,,
73,a_011,0,2.0,0.0,0.0,20000,20.831649780273438,a_005;a_006;a_007;a_009;a_010;a_012;a_1a;a_3a;a_4b,quadratic_top1,,,
73,a_2b,0,2.0,0.0005,10.0,20000,20.831649780273438,a_005;a_006;a_007;a_009;a_010;a_012;a_1a;a_3a;a_4b,quadratic_top1,,,
73,a_3b,0,2.0,0.0001,2.0,20000,20.831649780273438,a_005;a_006;a_007;a_009;a_010;a_012;a_1a;a_3a;a_4b,quadratic_top1,,,
73,a_5a,1,2.0,0.01025,205.0,20000,20.831649780273438,a_005;a_006;a_007;a_009;a_010;a_012;a_1a;a_3a;a_4b,quadratic_top1,,,
74,a_001,1,4.0,0.00025,5.0,20000,19.86415672302246,a_002;a_004;a_006;a_007;a_010;a_3a;a_3b;a_4a;a_4b,quadratic_top1,,,
74,a_003,0,4.0,0.0004,8.0,20000,19.86415672302246,a_002;a_004;a_006;a_007;a_010;a_3a;a_3b;a_4a;a_4b,quadratic_top1,,,
74,a_009,0,4.0,0.0,0.0,20000,19.86415672302246,a_002;a_004;a_006;a_007;a_010;a_3a;a_3b;a_4a;a_4b,quadratic_top1,,,
74,a_012,1,4.0,0.00105,21.0,20000,19.86415672302246,a_002;a_004;a_006;a_007;a_010;a_3a;a_3b;a_4a;a_4b,quadratic_top1,,,
74,a_1a,0,4.0,0.0008,16.0,20000,19.86415672302246,a_002;a_004;a_006;a_007;a_010;a_3a;a_3b;a_4a;a_4b,quadratic_top1,,,
74,a_2a,0,4.0,0.0002,4.0,20000,19.86415672302246,a_002;a_004;a_006;a_007;a_010;a_3a;a_3b;a_4a;a_4b,quadratic_top1,,,
75,a_004,0,0.0,0.00065,13.0,20000,14.757147789001465,a_001;a_002;a_003;a_010;a_011;a_012;a_3a;a_4b;a_5b,quadratic_top1,,,
75,a_005,1,0.0,0.01405,281.0,20000,14.757147789001465,a_001;a_002;a_003;a_010;a_011;a_012;a_3a;a_4b;a_5b,quadratic_top1,,,
75,a_007,1,0.0,0.00015,3.0,20000,14.757147789001465,a_001;a_002;a_003;a_010;a_011;a_012;a_3a;a_4b;a_5b,quadratic_top1,,,
75,a_1a,0,0.0,0.0014,28.0,20000,14.757147789001465,a_001;a_002;a_003;a_010;a_011;a_012;a_3a;a_4b;a_5b,quadratic_top1,,,
75,a_2a,0,0.0,0.0011,22.0,20000,14.757147789001465,a_001;a_002;a_003;a_010;a_011;a_012;a_3a;a_4b;a_5b,quadratic_top1,,,
75,a_2b,0,0.0,0.001,20.0,20000,14.757147789001465,a_001;a_002;a_003;a_010;a_011;a_012;a_3a;a_4b;a_5b,quadratic_top1,,,
76,a_009,0,0.0,0.0,0.0,20000,11.054996490478516,a_001;a_002;a_004;a_006;a_007;a_012;a_2a;a_3b;a_4b,quadratic_top1,,,
76,a_011,0,0.0,0.0002,4.0,20000,11.054996490478516,a_001;a_002;a_004;a_006;a_007;a_012;a_2a;a_3b;a_4b,quadratic_top1,,,
76,a_1a,0,0.0,0.0012,24.0,20000,11.054996490478516,a_001;a_002;a_004;a_006;a_007;a_012;a_2a;a_3b;a_4b,quadratic_top1,,,
76,a_3a,0,0.0,0.00025,5.0,20000,11.054996490478516,a_001;a_002;a_004;a_006;a_007;a_012;a_2a;a_3b;a_4b,quadratic_top1,,,
76,a_4a,1,0.0,0.0078,156.0,20000,11.054996490478516,a_001;a_002;a_004;a_006;a_007;a_012;a_2a;a_3b;a_4b,quadratic_top1,,,
76,a_5b,1,0.0,0.0153,306.0,20000,11.054996490478516,a_001;a_002;a_004;a_006;a_007;a_012;a_2a;a_3b;a_4b,quadratic_top1,,,
77,a_001,1,2.0,0.0001,2.0,20000,20.327320098876953,a_002;a_003;a_004;a_005;a_007;a_010;a_012;a_1a;a_2a;a_4b,quadratic_top1,,,
77,a_006,0,2.0,0.0,0.0,20000,20.327320098876953,a_002;a_003;a_004;a_005;a_007;a_010;a_012;a_1a;a_2a;a_4b,quadratic_top1,,,
77,a_011,0,2.0,0.0,0.0,20000,20.327320098876953,a_002;a_003;a_004;a_005;a_007;a_010;a_012;a_1a;a_2a;a_4b,quadratic_top1,,,
77,a_3a,0,2.0,5e-05,1.0,20000,20.327320098876953,a_002;a_003;a_004;a_005;a_007;a_010;a_012;a_1a;a_2a;a_4b,quadratic_top1,,,
77,a_3b,0,2.0,0.0,0.0,20000,20.327320098876953,a_002;a_003;a_004;a_005;a_007;a_010;a_012;a_1a;a_2a;a_4b,quadratic_top1,,,
77,a_4a,1,2.0,0.00675,135.0,20000,20.327320098876953,a_002;a_003;a_004;a_005;a_007;a_010;a_012;a_1a;a_2a;a_4b,quadratic_top1,,,
78,a_002,1,1.0,0.0093,186.0,20000,12.833202362060547,a_001;a_005;a_006;a_007;a_1a;a_2a;a_3a;a_4b;a_5b,quadratic_top1,,,
78,a_003,0,1.0,0.00065,13.0,20000,12.833202362060547,a_001;a_005;a_006;a_007;a_1a;a_2a;a_3a;a_4b;a_5b,quadratic_top1,,,
78,a_009,0,1.0,0.0,0.0,20000,12.833202362060547,a_001;a_005;a_006;a_007;a_1a;a_2a;a_3a;a_4b;a_5b,quadratic_top1,,,
78,a_012,1,1.0,0.00145,29.0,20000,12.833202362060547,a_001;a_005;a_006;a_007;a_1a;a_2a;a_3a;a_4b;a_5b,quadratic_top1,,,
78,a_2b,0,1.0,0.00035,7.0,20000,12.833202362060547,a_001;a_005;a_006;a_007;a_1a;a_2a;a_3a;a_4b;a_5b,quadratic_top1,,,
78,a_3b,0,1.0,5e-05,1.0,20000,12.833202362060547,a_001;a_005;a_006;a_007;a_1a;a_2a;a_3a;a_4b;a_5b,quadratic_top1,,,
79,a_002,1,1.0,0.0162,324.0,20000,25.448291778564453,a_001;a_005;a_007;a_009;a_010;a_1a;a_2a;a_3b;a_4b;a_5b,quadratic_top1,,,
79,a_004,0,1.0,0.00035,7.0,20000,25.448291778564453,a_001;a_005;a_007;a_009;a_010;a_1a;a_2a;a_3b;a_4b;a_5b,quadratic_top1,,,
79,a_011,0,1.0,0.00015,3.0,20000,25.448291778564453,a_001;a_005;a_007;a_009;a_010;a_1a;a_2a;a_3b;a_4b;a_5b,quadratic_top1,,,
79,a_2b,0,1.0,0.0004,8.0,20000,25.448291778564453,a_001;a_005;a_007;a_009;a_010;a_1a;a_2a;a_3b;a_4b;a_5b,quadratic_top1,,,
79,a_3a,0,1.0,0.0002,4.0,20000,25.448291778564453,a_001;a_005;a_007;a_009;a_010;a_1a;a_2a;a_3b;a_4b;a_5b,quadratic_top1,,,
79,a_5a,1,1.0,0.0148,296.0,20000,25.448291778564453,a_001;a_005;a_007;a_009;a_010;a_1a;a_2a;a_3b;a_4b;a_5b,quadratic_top1,,,
80,a_007,1,2.0,0.00025,5.0,20000,10.477413177490234,a_001;a_003;a_004;a_005;a_006;a_2b;a_3a;a_4a;a_4b;a_5b,quadratic_top1,,,
80,a_009,0,2.0,0.0,0.0,20000,10.477413177490234,a_001;a_003;a_004;a_005;a_006;a_2b;a_3a;a_4a;a_4b;a_5b,quadratic_top1,,,
80,a_011,0,2.0,0.0,0.0,20000,10.477413177490234,a_001;a_003;a_004;a_005;a_006;a_2b;a_3a;a_4a;a_4b;a_5b,quadratic_top1,,,
80,a_2a,0,2.0,0.0004,8.0,20000,10.477413177490234,a_001;a_003;a_004;a_005;a_006;a_2b;a_3a;a_4a;a_4b;a_5b,quadratic_top1,,,
80,a_3b,0,2.0,0.00015,3.0,20000,10.477413177490234,a_001;a_003;a_004;a_005;a_006;a_2b;a_3a;a_4a;a_4b;a_5b,quadratic_top1,,,
80,a_5a,1,2.0,0.0111,222.0,20000,10.477413177490234,a_001;a_003;a_004;a_005;a_006;a_2b;a_3a;a_4a;a_4b;a_5b,quadratic_top1,,,
81,a_003,0,2.0,0.00065,13.0,20000,12.52718734741211,a_001;a_002;a_005;a_006;a_010;a_2a;a_2b;a_3b;a_4b;a_5a,quadratic_top1,,,
81,a_004,0,2.0,0.00015,3.0,20000,12.52718734741211,a_001;a_002;a_005;a_006;a_010;a_2a;a_2b;a_3b;a_4b;a_5a,quadratic_top1,,,
81,a_007,1,2.0,0.00025,5.0,20000,12.52718734741211,a_001;a_002;a_005;a_006;a_010;a_2a;a_2b;a_3b;a_4b;a_5a,quadratic_top1,,,
81,a_009,0,2.0,0.0,0.0,20000,12.52718734741211,a_001;a_002;a_005;a_006;a_010;a_2a;a_2b;a_3b;a_4b;a_5a,quadratic_top1,,,
81,a_011,0,2.0,5e-05,1.0,20000,12.52718734741211,a_001;a_002;a_005;a_006;a_010;a_2a;a_2b;a_3b;a_4b;a_5a,quadratic_top1,,,
81,a_5b,1,2.0,0.01715,343.0,20000,12.52718734741211,a_001;a_002;a_005;a_006;a_010;a_2a;a_2b;a_3b;a_4b;a_5a,quadratic_top1,,,
82,a_009,0,2.0,0.0,0.0,20000,19.00790023803711,a_001;a_003;a_006;a_007;a_010;a_012;a_2b;a_3a;a_4b,quadratic_top1,,,
82,a_011,0,2.0,0.00015,3.0,20000,19.00790023803711,a_001;a_003;a_006;a_007;a_010;a_012;a_2b;a_3a;a_4b,quadratic_top1,,,
82,a_1a,0,2.0,0.00155,31.0,20000,19.00790023803711,a_001;a_003;a_006;a_007;a_010;a_012;a_2b;a_3a;a_4b,quadratic_top1,,,
82,a_3b,0,2.0,0.0003,6.0,20000,19.00790023803711,a_001;a_003;a_006;a_007;a_010;a_012;a_2b;a_3a;a_4b,quadratic_top1,,,
82,a_4a,1,2.0,0.01,200.0,20000,19.00790023803711,a_001;a_003;a_006;a_007;a_010;a_012;a_2b;a_3a;a_4b,quadratic_top1,,,
82,a_5b,1,2.0,0.01725,345.0,20000,19.00790023803711,a_001;a_003;a_006;a_007;a_010;a_012;a_2b;a_3a;a_4b,quadratic_top1,,,
83,a_004,0,0.0,5e-05,1.0,20000,17.314579010009766,a_002;a_003;a_005;a_007;a_010;a_1a;a_3a;a_4a;a_4b,quadratic_top1,,,
83,a_012,1,0.0,0.0004,8.0,20000,17.314579010009766,a_002;a_003;a_005;a_007;a_010;a_1a;a_3a;a_4a;a_4b,quadratic_top1,,,
83,a_2a,0,0.0,0.00045,9.0,20000,17.314579010009766,a_002;a_003;a_005;a_007;a_010;a_1a;a_3a;a_4a;a_4b,quadratic_top1,,,
83,a_2b,0,0.0,0.00045,9.0,20000,17.314579010009766,a_002;a_003;a_005;a_007;a_010;a_1a;a_3a;a_4a;a_4b,quadratic_top1,,,
83,a_3b,0,0.0,0.0001,2.0,20000,17.314579010009766,a_002;a_003;a_005;a_007;a_010;a_1a;a_3a;a_4a;a_4b,quadratic_top1,,,
83,a_5a,1,0.0,0.01075,215.0,20000,17.314579010009766,a_002;a_003;a_005;a_007;a_010;a_1a;a_3a;a_4a;a_4b,quadratic_top1,,,
84,a_002,1,0.0,5e-05,1.0,20000,17.221834182739258,a_003;a_005;a_007;a_011;a_1a;a_2b;a_3a;a_4a;a_4b;a_5a,quadratic_top1,,,
84,a_006,0,0.0,0.0,0.0,20000,17.221834182739258,a_003;a_005;a_007;a_011;a_1a;a_2b;a_3a;a_4a;a_4b;a_5a,quadratic_top1,,,
84,a_009,0,0.0,0.0,0.0,20000,17.221834182739258,a_003;a_005;a_007;a_011;a_1a;a_2b;a_3a;a_4a;a_4b;a_5a,quadratic_top1,,,
84,a_010,0,0.0,0.0,0.0,20000,17.221834182739258,a_003;a_005;a_007;a_011;a_1a;a_2b;a_3a;a_4a;a_4b;a_5a,quadratic_top1,,,
84,a_012,1,0.0,5e-05,1.0,20000,17.221834182739258,a_003;a_005;a_007;a_011;a_1a;a_2b;a_3a;a_4a;a_4b;a_5a,quadratic_top1,,,
84,a_2a,0,0.0,0.0,0.0,20000,17.221834182739258,a_003;a_005;a_007;a_011;a_1a;a_2b;a_3a;a_4a;a_4b;a_5a,quadratic_top1,,,
85,a_003,0,1.0,0.001,20.0,20000,23.529930114746094,a_001;a_002;a_005;a_007;a_009;a_010;a_1a;a_3a;a_5a,quadratic_top1,,,
85,a_004,0,1.0,0.0008,16.0,20000,23.529930114746094,a_001;a_002;a_005;a_007;a_009;a_010;a_1a;a_3a;a_5a,quadratic_top1,,,
85,a_2a,0,1.0,0.0012,24.0,20000,23.529930114746094,a_001;a_002;a_005;a_007;a_009;a_010;a_1a;a_3a;a_5a,quadratic_top1,,,
85,a_3b,0,1.0,0.0004,8.0,20000,23.529930114746094,a_001;a_002;a_005;a_007;a_009;a_010;a_1a;a_3a;a_5a,quadratic_top1,,,
85,a_4b,1,1.0,0.0037,74.0,20000,23.529930114746094,a_001;a_002;a_005;a_007;a_009;a_010;a_1a;a_3a;a_5a,quadratic_top1,,,
85,a_5b,1,1.0,0.0194,388.0,20000,23.529930114746094,a_001;a_002;a_005;a_007;a_009;a_010;a_1a;a_3a;a_5a,quadratic_top1,,,
86,a_002,1,1.0,0.01465,293.0,20000,18.617908477783203,a_003;a_004;a_007;a_009;a_012;a_2a;a_2b;a_4a;a_5a;a_5b,quadratic_top1,,,
86,a_010,0,1.0,5e-05,1.0,20000,18.617908477783203,a_003;a_004;a_007;a_009;a_012;a_2a;a_2b;a_4a;a_5a;a_5b,quadratic_top1,,,
86,a_011,0,1.0,0.0001,2.0,20000,18.617908477783203,a_003;a_004;a_007;a_009;a_012;a_2a;a_2b;a_4a;a_5a;a_5b,quadratic_top1,,,
86,a_1a,0,1.0,0.0005,10.0,20000,18.617908477783203,a_003;a_004;a_007;a_009;a_012;a_2a;a_2b;a_4a;a_5a;a_5b,quadratic_top1,,,
86,a_3a,0,1.0,0.00025,5.0,20000,18.617908477783203,a_003;a_004;a_007;a_009;a_012;a_2a;a_2b;a_4a;a_5a;a_5b,quadratic_top1,,,
86,a_4b,1,1.0,0.00135,27.0,20000,18.617908477783203,a_003;a_004;a_007;a_009;a_012;a_2a;a_2b;a_4a;a_5a;a_5b,quadratic_top1,,,
87,a_001,1,2.0,0.0,0.0,20000,14.819581031799316,a_002;a_003;a_005;a_007;a_010;a_1a;a_3b;a_5a;a_5b,quadratic_top1,,,
87,a_004,0,2.0,0.0,0.0,20000,14.819581031799316,a_002;a_003;a_005;a_007;a_010;a_1a;a_3b;a_5a;a_5b,quadratic_top1,,,
87,a_006,0,2.0,0.0,0.0,20000,14.819581031799316,a_002;a_003;a_005;a_007;a_010;a_1a;a_3b;a_5a;a_5b,quadratic_top1,,,
87,a_009,0,2.0,0.0,0.0,20000,14.819581031799316,a_002;a_003;a_005;a_007;a_010;a_1a;a_3b;a_5a;a_5b,quadratic_top1,,,
87,a_2b,0,2.0,5e-05,1.0,20000,14.819581031799316,a_002;a_003;a_005;a_007;a_010;a_1a;a_3b;a_5a;a_5b,quadratic_top1,,,
87,a_4b,1,2.0,0.0002,4.0,20000,14.819581031799316,a_002;a_003;a_005;a_007;a_010;a_1a;a_3b;a_5a;a_5b,quadratic_top1,,,
88,a_001,1,3.0,0.0002,4.0,20000,27.829450607299805,a_002;a_003;a_007;a_009;a_011;a_012;a_3a;a_5a;a_5b,quadratic_top1,,,
88,a_004,0,3.0,0.0002,4.0,20000,27.829450607299805,a_002;a_003;a_007;a_009;a_011;a_012;a_3a;a_5a;a_5b,quadratic_top1,,,
88,a_010,0,3.0,5e-05,1.0,20000,27.829450607299805,a_002;a_003;a_007;a_009;a_011;a_012;a_3a;a_5a;a_5b,quadratic_top1,,,
88,a_1a,0,3.0,0.00045,9.0,20000,27.829450607299805,a_002;a_003;a_007;a_009;a_011;a_012;a_3a;a_5a;a_5b,quadratic_top1,,,
88,a_2a,0,3.0,0.00035,7.0,20000,27.829450607299805,a_002;a_003;a_007;a_009;a_011;a_012;a_3a;a_5a;a_5b,quadratic_top1,,,
88,a_4b,1,3.0,0.00185,37.0,20000,27.829450607299805,a_002;a_003;a_007;a_009;a_011;a_012;a_3a;a_5a;a_5b,quadratic_top1,,,
89,a_009,0,0.0,0.0,0.0,20000,27.79966926574707,a_002;a_003;a_004;a_006;a_007;a_012;a_1a;a_2b;a_4a,quadratic_top1,,,
89,a_010,0,0.0,0.0001,2.0,20000,27.79966926574707,a_002;a_003;a_004;a_006;a_007;a_012;a_1a;a_2b;a_4a,quadratic_top1,,,
89,a_011,0,0.0,5e-05,1.0,20000,27.79966926574707,a_002;a_003;a_004;a_006;a_007;a_012;a_1a;a_2b;a_4a,quadratic_top1,,,
89,a_3a,0,0.0,0.00025,5.0,20000,27.79966926574707,a_002;a_003;a_004;a_006;a_007;a_012;a_1a;a_2b;a_4a,quadratic_top1,,,
89,a_4b,1,0.0,0.0025,50.0,20000,27.79966926574707,a_002;a_003;a_004;a_006;a_007;a_012;a_1a;a_2b;a_4a,quadratic_top1,,,
89,a_5b,1,0.0,0.0159,318.0,20000,27.79966926574707,a_002;a_003;a_004;a_006;a_007;a_012;a_1a;a_2b;a_4a,quadratic_top1,,,
90,a_001,1,2.0,0.0001,2.0,20000,19.787921905517578,a_002;a_005;a_006;a_007;a_011;a_1a;a_2b;a_3a;a_4b;a_5b,quadratic_top1,,,
90,a_003,0,2.0,0.00035,7.0,20000,19.787921905517578,a_002;a_005;a_006;a_007;a_011;a_1a;a_2b;a_3a;a_4b;a_5b,quadratic_top1,,,
90,a_004,0,2.0,0.0,0.0,20000,19.787921905517578,a_002;a_005;a_006;a_007;a_011;a_1a;a_2b;a_3a;a_4b;a_5b,quadratic_top1,,,
90,a_009,0,2.0,0.0,0.0,20000,19.787921905517578,a_002;a_005;a_006;a_007;a_011;a_1a;a_2b;a_3a;a_4b;a_5b,quadratic_top1,,,
90,a_3b,0,2.0,0.0,0.0,20000,19.787921905517578,a_002;a_005;a_006;a_007;a_011;a_1a;a_2b;a_3a;a_4b;a_5b,quadratic_top1,,,
90,a_4a,1,2.0,0.00375,75.0,20000,19.787921905517578,a_002;a_005;a_006;a_007;a_011;a_1a;a_2b;a_3a;a_4b;a_5b,quadratic_top1,,,
91,a_002,1,2.0,0.01205,241.0,20000,16.12103271484375,a_003;a_005;a_006;a_007;a_009;a_010;a_2a;a_4a;a_5a,quadratic_top1,,,
91,a_004,0,2.0,0.0002,4.0,20000,16.12103271484375,a_003;a_005;a_006;a_007;a_009;a_010;a_2a;a_4a;a_5a,quadratic_top1,,,
91,a_012,1,2.0,0.0004,8.0,20000,16.12103271484375,a_003;a_005;a_006;a_007;a_009;a_010;a_2a;a_4a;a_5a,quadratic_top1,,,
91,a_1a,0,2.0,0.0008,16.0,20000,16.12103271484375,a_003;a_005;a_006;a_007;a_009;a_010;a_2a;a_4a;a_5a,quadratic_top1,,,
91,a_2b,0,2.0,0.0002,4.0,20000,16.12103271484375,a_003;a_005;a_006;a_007;a_009;a_010;a_2a;a_4a;a_5a,quadratic_top1,,,
91,a_3b,0,2.0,0.00015,3.0,20000,16.12103271484375,a_003;a_005;a_006;a_007;a_009;a_010;a_2a;a_4a;a_5a,quadratic_top1,,,
92,a_003,0,1.0,0.0006,12.0,20000,22.189939498901367,a_001;a_002;a_007;a_009;a_010;a_011;a_012;a_2a;a_2b;a_4a,quadratic_top1,,,
92,a_004,0,1.0,0.0003,6.0,20000,22.189939498901367,a_001;a_002;a_007;a_009;a_010;a_011;a_012;a_2a;a_2b;a_4a,quadratic_top1,,,
92,a_006,0,1.0,0.0,0.0,20000,22.189939498901367,a_001;a_002;a_007;a_009;a_010;a_011;a_012;a_2a;a_2b;a_4a,quadratic_top1,,,
92,a_1a,0,1.0,0.0007,14.0,20000,22.189939498901367,a_001;a_002;a_007;a_009;a_010;a_011;a_012;a_2a;a_2b;a_4a,quadratic_top1,,,
92,a_4b,1,1.0,0.00235,47.0,20000,22.189939498901367,a_001;a_002;a_007;a_009;a_010;a_011;a_012;a_2a;a_2b;a_4a,quadratic_top1,,,
92,a_5b,1,1.0,0.0163,326.0,20000,22.189939498901367,a_001;a_002;a_007;a_009;a_010;a_011;a_012;a_2a;a_2b;a_4a,quadratic_top1,,,
93,a_006,0,2.0,0.00435,87.0,20000,6.293069839477539,a_001;a_002;a_003;a_004;a_007;a_1a;a_2a;a_2b;a_4a;a_4b,quadratic_top1,,,
93,a_009,0,2.0,0.0049,98.0,20000,6.293069839477539,a_001;a_002;a_003;a_004;a_007;a_1a;a_2a;a_2b;a_4a;a_4b,quadratic_top1,,,
93,a_010,0,2.0,0.00345,69.0,20000,6.293069839477539,a_001;a_002;a_003;a_004;a_007;a_1a;a_2a;a_2b;a_4a;a_4b,quadratic_top1,,,
93,a_012,1,2.0,5e-05,1.0,20000,6.293069839477539,a_001;a_002;a_003;a_004;a_007;a_1a;a_2a;a_2b;a_4a;a_4b,quadratic_top1,,,
93,a_3a,0,2.0,0.00055,11.0,20000,6.293069839477539,a_001;a_002;a_003;a_004;a_007;a_1a;a_2a;a_2b;a_4a;a_4b,quadratic_top1,,,
93,a_5a,1,2.0,0.0098,196.0,20000,6.293069839477539,a_001;a_002;a_003;a_004;a_007;a_1a;a_2a;a_2b;a_4a;a_4b,quadratic_top1,,,
94,a_012,1,2.0,0.00125,25.0,20000,5.788049697875977,a_001;a_002;a_003;a_004;a_005;a_006;a_007;a_009;a_3a,quadratic_top1,,,
94,a_1a,0,2.0,0.00025,5.0,20000,5.788049697875977,a_001;a_002;a_003;a_004;a_005;a_006;a_007;a_009;a_3a,quadratic_top1,,,
94,a_2a,0,2.0,5e-05,1.0,20000,5.788049697875977,a_001;a_002;a_003;a_004;a_005;a_006;a_007;a_009;a_3a,quadratic_top1,,,
94,a_2b,0,2.0,0.0002,4.0,20000,5.788049697875977,a_001;a_002;a_003;a_004;a_005;a_006;a_007;a_009;a_3a,quadratic_top1,,,
94,a_3b,0,2.0,5e-05,1.0,20000,5.788049697875977,a_001;a_002;a_003;a_004;a_005;a_006;a_007;a_009;a_3a,quadratic_top1,,,
94,a_5a,1,2.0,0.00785,157.0,20000,5.788049697875977,a_001;a_002;a_003;a_004;a_005;a_006;a_007;a_009;a_3a,quadratic_top1,,,
95,a_004,0,2.0,0.00025,5.0,20000,32.53721618652344,a_002;a_003;a_006;a_007;a_010;a_012;a_3a;a_3b;a_4b,quadratic_top1,,,
95,a_009,0,2.0,0.0,0.0,20000,32.53721618652344,a_002;a_003;a_006;a_007;a_010;a_012;a_3a;a_3b;a_4b,quadratic_top1,,,
95,a_1a,0,2.0,0.00105,21.0,20000,32.53721618652344,a_002;a_003;a_006;a_007;a_010;a_012;a_3a;a_3b;a_4b,quadratic_top1,,,
95,a_2a,0,2.0,0.00045,9.0,20000,32.53721618652344,a_002;a_003;a_006;a_007;a_010;a_012;a_3a;a_3b;a_4b,quadratic_top1,,,
95,a_4a,1,2.0,0.00735,147.0,20000,32.53721618652344,a_002;a_003;a_006;a_007;a_010;a_012;a_3a;a_3b;a_4b,quadratic_top1,,,
95,a_5a,1,2.0,0.01365,273.0,20000,32.53721618652344,a_002;a_003;a_006;a_007;a_010;a_012;a_3a;a_3b;a_4b,quadratic_top1,,,
96,a_004,0,1.0,0.0002,4.0,20000,22.94428825378418,a_001;a_002;a_003;a_009;a_1a;a_2b;a_4a;a_4b;a_5b,quadratic_top1,,,
96,a_007,1,1.0,0.00015,3.0,20000,22.94428825378418,a_001;a_002;a_003;a_009;a_1a;a_2b;a_4a;a_4b;a_5b,quadratic_top1,,,
96,a_010,0,1.0,5e-05,1.0,20000,22.94428825378418,a_001;a_002;a_003;a_009;a_1a;a_2b;a_4a;a_4b;a_5b,quadratic_top1,,,
96,a_012,1,1.0,0.00055,11.0,20000,22.94428825378418,a_001;a_002;a_003;a_009;a_1a;a_2b;a_4a;a_4b;a_5b,quadratic_top1,,,
96,a_2a,0,1.0,0.00065,13.0,20000,22.94428825378418,a_001;a_002;a_003;a_009;a_1a;a_2b;a_4a;a_4b;a_5b,quadratic_top1,,,
96,a_3a,0,1.0,0.00015,3.0,20000,22.94428825378418,a_001;a_002;a_003;a_009;a_1a;a_2b;a_4a;a_4b;a_5b,quadratic_top1,,,
97,a_001,1,1.0,0.0,0.0,20000,22.778478622436523,a_005;a_010;a_012;a_1a;a_2a;a_2b;a_4a;a_4b;a_5a,quadratic_top1,,,
97,a_003,0,1.0,0.00055,11.0,20000,22.778478622436523,a_005;a_010;a_012;a_1a;a_2a;a_2b;a_4a;a_4b;a_5a,quadratic_top1,,,
97,a_006,0,1.0,0.0,0.0,20000,22.778478622436523,a_005;a_010;a_012;a_1a;a_2a;a_2b;a_4a;a_4b;a_5a,quadratic_top1,,,
97,a_009,0,1.0,0.0,0.0,20000,22.778478622436523,a_005;a_010;a_012;a_1a;a_2a;a_2b;a_4a;a_4b;a_5a,quadratic_top1,,,
97,a_3b,0,1.0,0.0,0.0,20000,22.778478622436523,a_005;a_010;a_012;a_1a;a_2a;a_2b;a_4a;a_4b;a_5a,quadratic_top1,,,
97,a_5b,1,1.0,0.0026,52.0,20000,22.778478622436523,a_005;a_010;a_012;a_1a;a_2a;a_2b;a_4a;a_4b;a_5a,quadratic_top1,,,
98,a_006,0,1.0,0.0,0.0,20000,15.413350105285645,a_001;a_002;a_003;a_004;a_009;a_2b;a_3a;a_4b;a_5b,quadratic_top1,,,
98,a_011,0,1.0,0.0001,2.0,20000,15.413350105285645,a_001;a_002;a_003;a_004;a_009;a_2b;a_3a;a_4b;a_5b,quadratic_top1,,,
98,a_1a,0,1.0,0.00095,19.0,20000,15.413350105285645,a_001;a_002;a_003;a_004;a_009;a_2b;a_3a;a_4b;a_5b,quadratic_top1,,,
98,a_2a,0,1.0,0.0003,6.0,20000,15.413350105285645,a_001;a_002;a_003;a_004;a_009;a_2b;a_3a;a_4b;a_5b,quadratic_top1,,,
98,a_4a,1,1.0,0.00635,127.0,20000,15.413350105285645,a_001;a_002;a_003;a_004;a_009;a_2b;a_3a;a_4b;a_5b,quadratic_top1,,,
98,a_5a,1,1.0,0.01145,229.0,20000,15.413350105285645,a_001;a_002;a_003;a_004;a_009;a_2b;a_3a;a_4b;a_5b,quadratic_top1,,,
99,a_003,0,0.0,0.00085,17.0,20000,10.705574035644531,a_001;a_002;a_005;a_009;a_010;a_011;a_012;a_2a;a_3a;a_4a,quadratic_top1,,,
99,a_006,0,0.0,5e-05,1.0,20000,10.705574035644531,a_001;a_002;a_005;a_009;a_010;a_011;a_012;a_2a;a_3a;a_4a,quadratic_top1,,,
99,a_007,1,0.0,0.0006,12.0,20000,10.705574035644531,a_001;a_002;a_005;a_009;a_010;a_011;a_012;a_2a;a_3a;a_4a,quadratic_top1,,,
99,a_2b,0,0.0,0.0007,14.0,20000,10.705574035644531,a_001;a_002;a_005;a_009;a_010;a_011;a_012;a_2a;a_3a;a_4a,quadratic_top1,,,
99,a_3b,0,0.0,0.0003,6.0,20000,10.705574035644531,a_001;a_002;a_005;a_009;a_010;a_011;a_012;a_2a;a_3a;a_4a,quadratic_top1,,,
99,a_5b,1,0.0,0.0202,404.0,20000,10.705574035644531,a_001;a_002;a_005;a_009;a_010;a_011;a_012;a_2a;a_3a;a_4a,quadratic_top1,,,
0,a_002,1,0.0,0.0105,210.0,20000,15.466368675231934,a_001;a_003;a_005;a_007;a_009;a_010;a_011;a_012;a_3a;a_5b,quadratic_soft,,,
0,a_004,0,0.0,0.00055,11.0,20000,15.466368675231934,a_001;a_003;a_005;a_007;a_009;a_010;a_011;a_012;a_3a;a_5b,quadratic_soft,,,
0,a_006,0,0.0,0.0,0.0,20000,15.466368675231934,a_001;a_003;a_005;a_007;a_009;a_010;a_011;a_012;a_3a;a_5b,quadratic_soft,,,
0,a_1a,0,0.0,0.00055,11.0,20000,15.466368675231934,a_001;a_003;a_005;a_007;a_009;a_010;a_011;a_012;a_3a;a_5b,quadratic_soft,,,
0,a_2a,0,0.0,0.00045,9.0,20000,15.466368675231934,a_001;a_003;a_005;a_007;a_009;a_010;a_011;a_012;a_3a;a_5b,quadratic_soft,,,
0,a_4a,1,0.0,0.00535,107.0,20000,15.466368675231934,a_001;a_003;a_005;a_007;a_009;a_010;a_011;a_012;a_3a;a_5b,quadratic_soft,,,
1,a_002,1,1.0,0.00505,101.0,20000,30.29729652404785,a_001;a_005;a_009;a_010;a_011;a_012;a_2b;a_3a;a_4a;a_5b,quadratic_soft,,,
1,a_003,0,1.0,0.0006,12.0,20000,30.29729652404785,a_001;a_005;a_009;a_010;a_011;a_012;a_2b;a_3a;a_4a;a_5b,quadratic_soft,,,
1,a_004,0,1.0,0.0001,2.0,20000,30.29729652404785,a_001;a_005;a_009;a_010;a_011;a_012;a_2b;a_3a;a_4a;a_5b,quadratic_soft,,,
1,a_006,0,1.0,0.0,0.0,20000,30.29729652404785,a_001;a_005;a_009;a_010;a_011;a_012;a_2b;a_3a;a_4a;a_5b,quadratic_soft,,,
1,a_3b,0,1.0,0.00015,3.0,20000,30.29729652404785,a_001;a_005;a_009;a_010;a_011;a_012;a_2b;a_3a;a_4a;a_5b,quadratic_soft,,,
1,a_5a,1,1.0,0.0103,206.0,20000,30.29729652404785,a_001;a_005;a_009;a_010;a_011;a_012;a_2b;a_3a;a_4a;a_5b,quadratic_soft,,,
2,a_002,1,1.0,0.00955,191.0,20000,19.3016300201416,a_001;a_006;a_009;a_011;a_012;a_2a;a_2b;a_4a;a_4b;a_5b,quadratic_soft,,,
2,a_004,0,1.0,0.00025,5.0,20000,19.3016300201416,a_001;a_006;a_009;a_011;a_012;a_2a;a_2b;a_4a;a_4b;a_5b,quadratic_soft,,,
2,a_007,1,1.0,0.0001,2.0,20000,19.3016300201416,a_001;a_006;a_009;a_011;a_012;a_2a;a_2b;a_4a;a_4b;a_5b,quadratic_soft,,,
2,a_010,0,1.0,0.0,0.0,20000,19.3016300201416,a_001;a_006;a_009;a_011;a_012;a_2a;a_2b;a_4a;a_4b;a_5b,quadratic_soft,,,
2,a_1a,0,1.0,0.00055,11.0,20000,19.3016300201416,a_001;a_006;a_009;a_011;a_012;a_2a;a_2b;a_4a;a_4b;a_5b,quadratic_soft,,,
2,a_3b,0,1.0,0.0001,2.0,20000,19.3016300201416,a_001;a_006;a_009;a_011;a_012;a_2a;a_2b;a_4a;a_4b;a_5b,quadratic_soft,,,
3,a_006,0,1.0,0.0,0.0,20000,13.970224380493164,a_001;a_003;a_004;a_005;a_007;a_1a;a_3b;a_4a;a_4b,quadratic_soft,,,
3,a_009,0,1.0,0.0,0.0,20000,13.970224380493164,a_001;a_003;a_004;a_005;a_007;a_1a;a_3b;a_4a;a_4b,quadratic_soft,,,
3,a_011,0,1.0,0.0,0.0,20000,13.970224380493164,a_001;a_003;a_004;a_005;a_007;a_1a;a_3b;a_4a;a_4b,quadratic_soft,,,
3,a_2a,0,1.0,0.0002,4.0,20000,13.970224380493164,a_001;a_003;a_004;a_005;a_007;a_1a;a_3b;a_4a;a_4b,quadratic_soft,,,
3,a_5a,1,1.0,0.0104,208.0,20000,13.970224380493164,a_001;a_003;a_004;a_005;a_007;a_1a;a_3b;a_4a;a_4b,quadratic_soft,,,
3,a_5b,1,1.0,0.01415,283.0,20000,13.970224380493164,a_001;a_003;a_004;a_005;a_007;a_1a;a_3b;a_4a;a_4b,quadratic_soft,,,
4,a_001,1,2.0,0.0002,4.0,20000,13.74079704284668,a_002;a_006;a_007;a_009;a_1a;a_2b;a_3a;a_4a;a_5a,quadratic_soft,,,
4,a_003,0,2.0,0.00055,11.0,20000,13.74079704284668,a_002;a_006;a_007;a_009;a_1a;a_2b;a_3a;a_4a;a_5a,quadratic_soft,,,
4,a_010,0,2.0,5e-05,1.0,20000,13.74079704284668,a_002;a_006;a_007;a_009;a_1a;a_2b;a_3a;a_4a;a_5a,quadratic_soft,,,
4,a_011,0,2.0,5e-05,1.0,20000,13.74079704284668,a_002;a_006;a_007;a_009;a_1a;a_2b;a_3a;a_4a;a_5a,quadratic_soft,,,
4,a_2a,0,2.0,0.0001,2.0,20000,13.74079704284668,a_002;a_006;a_007;a_009;a_1a;a_2b;a_3a;a_4a;a_5a,quadratic_soft,,,
4,a_4b,1,2.0,0.0019,38.0,20000,13.74079704284668,a_002;a_006;a_007;a_009;a_1a;a_2b;a_3a;a_4a;a_5a,quadratic_soft,,,
5,a_003,0,0.0,0.00055,11.0,20000,16.203603744506836,a_001;a_002;a_004;a_006;a_007;a_010;a_1a;a_3a;a_4a,quadratic_soft,,,
5,a_011,0,0.0,5e-05,1.0,20000,16.203603744506836,a_001;a_002;a_004;a_006;a_007;a_010;a_1a;a_3a;a_4a,quadratic_soft,,,
5,a_2b,0,0.0,0.00035,7.0,20000,16.203603744506836,a_001;a_002;a_004;a_006;a_007;a_010;a_1a;a_3a;a_4a,quadratic_soft,,,
5,a_3b,0,0.0,0.0002,4.0,20000,16.203603744506836,a_001;a_002;a_004;a_006;a_007;a_010;a_1a;a_3a;a_4a,quadratic_soft,,,
5,a_5a,1,0.0,0.0136,272.0,20000,16.203603744506836,a_001;a_002;a_004;a_006;a_007;a_010;a_1a;a_3a;a_4a,quadratic_soft,,,
5,a_5b,1,0.0,0.0146,292.0,20000,16.203603744506836,a_001;a_002;a_004;a_006;a_007;a_010;a_1a;a_3a;a_4a,quadratic_soft,,,
6,a_001,1,3.0,5e-05,1.0,20000,19.907039642333984,a_002;a_004;a_006;a_007;a_009;a_010;a_012;a_3b;a_4b;a_5b,quadratic_soft,,,
6,a_003,0,3.0,0.00025,5.0,20000,19.907039642333984,a_002;a_004;a_006;a_007;a_009;a_010;a_012;a_3b;a_4b;a_5b,quadratic_soft,,,
6,a_1a,0,3.0,0.00045,9.0,20000,19.907039642333984,a_002;a_004;a_006;a_007;a_009;a_010;a_012;a_3b;a_4b;a_5b,quadratic_soft,,,
6,a_2a,0,3.0,0.00015,3.0,20000,19.907039642333984,a_002;a_004;a_006;a_007;a_009;a_010;a_012;a_3b;a_4b;a_5b,quadratic_soft,,,
6,a_2b,0,3.0,0.0003,6.0,20000,19.907039642333984,a_002;a_004;a_006;a_007;a_009;a_010;a_012;a_3b;a_4b;a_5b,quadratic_soft,,,
6,a_5a,1,3.0,0.00855,171.0,20000,19.907039642333984,a_002;a_004;a_006;a_007;a_009;a_010;a_012;a_3b;a_4b;a_5b,quadratic_soft,,,
7,a_002,1,1.0,0.0,0.0,20000,2.0471653938293457,a_001;a_003;a_005;a_007;a_009;a_011;a_3b;a_4a;a_5a,quadratic_soft,,,
7,a_004,0,1.0,0.0,0.0,20000,2.0471653938293457,a_001;a_003;a_005;a_007;a_009;a_011;a_3b;a_4a;a_5a,quadratic_soft,,,
7,a_010,0,1.0,0.0001,2.0,20000,2.0471653938293457,a_001;a_003;a_005;a_007;a_009;a_011;a_3b;a_4a;a_5a,quadratic_soft,,,
7,a_012,1,1.0,0.0,0.0,20000,2.0471653938293457,a_001;a_003;a_005;a_007;a_009;a_011;a_3b;a_4a;a_5a,quadratic_soft,,,
7,a_1a,0,1.0,0.0001,2.0,20000,2.0471653938293457,a_001;a_003;a_005;a_007;a_009;a_011;a_3b;a_4a;a_5a,quadratic_soft,,,
7,a_2a,0,1.0,0.0,0.0,20000,2.0471653938293457,a_001;a_003;a_005;a_007;a_009;a_011;a_3b;a_4a;a_5a,quadratic_soft,,,
8,a_001,1,0.0,0.0001,2.0,20000,22.896577835083008,a_002;a_003;a_005;a_007;a_009;a_1a;a_3a;a_3b;a_4a;a_5b,quadratic_soft,,,
8,a_006,0,0.0,0.0,0.0,20000,22.896577835083008,a_002;a_003;a_005;a_007;a_009;a_1a;a_3a;a_3b;a_4a;a_5b,quadratic_soft,,,
8,a_010,0,0.0,5e-05,1.0,20000,22.896577835083008,a_002;a_003;a_005;a_007;a_009;a_1a;a_3a;a_3b;a_4a;a_5b,quadratic_soft,,,
8,a_2a,0,0.0,0.0003,6.0,20000,22.896577835083008,a_002;a_003;a_005;a_007;a_009;a_1a;a_3a;a_3b;a_4a;a_5b,quadratic_soft,,,
8,a_2b,0,0.0,0.00035,7.0,20000,22.896577835083008,a_002;a_003;a_005;a_007;a_009;a_1a;a_3a;a_3b;a_4a;a_5b,quadratic_soft,,,
8,a_5a,1,0.0,0.009,180.0,20000,22.896577835083008,a_002;a_003;a_005;a_007;a_009;a_1a;a_3a;a_3b;a_4a;a_5b,quadratic_soft,,,
9,a_003,0,0.0,0.00055,11.0,20000,19.17913246154785,a_001;a_002;a_004;a_005;a_009;a_010;a_3b;a_5a;a_5b,quadratic_soft,,,
9,a_007,1,0.0,0.00045,9.0,20000,19.17913246154785,a_001;a_002;a_004;a_005;a_009;a_010;a_3b;a_5a;a_5b,quadratic_soft,,,
9,a_011,0,0.0,5e-05,1.0,20000,19.17913246154785,a_001;a_002;a_004;a_005;a_009;a_010;a_3b;a_5a;a_5b,quadratic_soft,,,
9,a_2b,0,0.0,0.00055,11.0,20000,19.17913246154785,a_001;a_002;a_004;a_005;a_009;a_010;a_3b;a_5a;a_5b,quadratic_soft,,,
9,a_3a,0,0.0,0.0002,4.0,20000,19.17913246154785,a_001;a_002;a_004;a_005;a_009;a_010;a_3b;a_5a;a_5b,quadratic_soft,,,
9,a_4b,1,0.0,0.0026,52.0,20000,19.17913246154785,a_001;a_002;a_004;a_005;a_009;a_010;a_3b;a_5a;a_5b,quadratic_soft,,,
10,a_002,1,3.0,0.0128,256.0,20000,13.945211410522461,a_001;a_004;a_005;a_011;a_012;a_1a;a_2b;a_3b;a_4b;a_5b,quadratic_soft,,,
10,a_003,0,3.0,0.00065,13.0,20000,13.945211410522461,a_001;a_004;a_005;a_011;a_012;a_1a;a_2b;a_3b;a_4b;a_5b,quadratic_soft,,,
10,a_007,1,3.0,0.00055,11.0,20000,13.945211410522461,a_001;a_004;a_005;a_011;a_012;a_1a;a_2b;a_3b;a_4b;a_5b,quadratic_soft,,,
10,a_009,0,3.0,0.0,0.0,20000,13.945211410522461,a_001;a_004;a_005;a_011;a_012;a_1a;a_2b;a_3b;a_4b;a_5b,quadratic_soft,,,
10,a_010,0,3.0,5e-05,1.0,20000,13.945211410522461,a_001;a_004;a_005;a_011;a_012;a_1a;a_2b;a_3b;a_4b;a_5b,quadratic_soft,,,
10,a_2a,0,3.0,0.0004,8.0,20000,13.945211410522461,a_001;a_004;a_005;a_011;a_012;a_1a;a_2b;a_3b;a_4b;a_5b,quadratic_soft,,,
11,a_002,1,3.0,0.00075,15.0,20000,9.565874099731445,a_001;a_004;a_005;a_009;a_2a;a_3a;a_3b;a_4b;a_5a;a_5b,quadratic_soft,,,
11,a_003,0,3.0,0.0,0.0,20000,9.565874099731445,a_001;a_004;a_005;a_009;a_2a;a_3a;a_3b;a_4b;a_5a;a_5b,quadratic_soft,,,
11,a_006,0,3.0,0.0,0.0,20000,9.565874099731445,a_001;a_004;a_005;a_009;a_2a;a_3a;a_3b;a_4b;a_5a;a_5b,quadratic_soft,,,
11,a_010,0,3.0,0.0,0.0,20000,9.565874099731445,a_001;a_004;a_005;a_009;a_2a;a_3a;a_3b;a_4b;a_5a;a_5b,quadratic_soft,,,
11,a_011,0,3.0,0.0,0.0,20000,9.565874099731445,a_001;a_004;a_005;a_009;a_2a;a_3a;a_3b;a_4b;a_5a;a_5b,quadratic_soft,,,
11,a_012,1,3.0,5e-05,1.0,20000,9.565874099731445,a_001;a_004;a_005;a_009;a_2a;a_3a;a_3b;a_4b;a_5a;a_5b,quadratic_soft,,,
12,a_001,1,4.0,0.0,0.0,20000,40.41672134399414,a_002;a_007;a_009;a_010;a_011;a_012;a_2a;a_3b;a_4b;a_5a,quadratic_soft,,,
12,a_003,0,4.0,0.0002,4.0,20000,40.41672134399414,a_002;a_007;a_009;a_010;a_011;a_012;a_2a;a_3b;a_4b;a_5a,quadratic_soft,,,
12,a_004,0,4.0,5e-05,1.0,20000,40.41672134399414,a_002;a_007;a_009;a_010;a_011;a_012;a_2a;a_3b;a_4b;a_5a,quadratic_soft,,,
12,a_006,0,4.0,0.0,0.0,20000,40.41672134399414,a_002;a_007;a_009;a_010;a_011;a_012;a_2a;a_3b;a_4b;a_5a,quadratic_soft,,,
12,a_3a,0,4.0,5e-05,1.0,20000,40.41672134399414,a_002;a_007;a_009;a_010;a_011;a_012;a_2a;a_3b;a_4b;a_5a,quadratic_soft,,,
12,a_4a,1,4.0,0.00325,65.0,20000,40.41672134399414,a_002;a_007;a_009;a_010;a_011;a_012;a_2a;a_3b;a_4b;a_5a,quadratic_soft,,,
13,a_004,0,1.0,0.0006,12.0,20000,26.93703842163086,a_001;a_003;a_005;a_007;a_010;a_011;a_012;a_2a;a_2b;a_4a,quadratic_soft,,,
13,a_009,0,1.0,0.0,0.0,20000,26.93703842163086,a_001;a_003;a_005;a_007;a_010;a_011;a_012;a_2a;a_2b;a_4a,quadratic_soft,,,
13,a_1a,0,1.0,0.00175,35.0,20000,26.93703842163086,a_001;a_003;a_005;a_007;a_010;a_011;a_012;a_2a;a_2b;a_4a,quadratic_soft,,,
13,a_3b,0,1.0,0.00065,13.0,20000,26.93703842163086,a_001;a_003;a_005;a_007;a_010;a_011;a_012;a_2a;a_2b;a_4a,quadratic_soft,,,
13,a_4b,1,1.0,0.0025,50.0,20000,26.93703842163086,a_001;a_003;a_005;a_007;a_010;a_011;a_012;a_2a;a_2b;a_4a,quadratic_soft,,,
13,a_5a,1,1.0,0.0155,310.0,20000,26.93703842163086,a_001;a_003;a_005;a_007;a_010;a_011;a_012;a_2a;a_2b;a_4a,quadratic_soft,,,
14,a_005,1,1.0,0.0054,108.0,20000,20.567140579223633,a_002;a_004;a_006;a_007;a_009;a_012;a_2b;a_4a;a_5b,quadratic_soft,,,
14,a_010,0,1.0,0.0,0.0,20000,20.567140579223633,a_002;a_004;a_006;a_007;a_009;a_012;a_2b;a_4a;a_5b,quadratic_soft,,,
14,a_2a,0,1.0,0.0001,2.0,20000,20.567140579223633,a_002;a_004;a_006;a_007;a_009;a_012;a_2b;a_4a;a_5b,quadratic_soft,,,
14,a_3a,0,1.0,0.0001,2.0,20000,20.567140579223633,a_002;a_004;a_006;a_007;a_009;a_012;a_2b;a_4a;a_5b,quadratic_soft,,,
14,a_3b,0,1.0,0.0,0.0,20000,20.567140579223633,a_002;a_004;a_006;a_007;a_009;a_012;a_2b;a_4a;a_5b,quadratic_soft,,,
14,a_5a,1,1.0,0.0081,162.0,20000,20.567140579223633,a_002;a_004;a_006;a_007;a_009;a_012;a_2b;a_4a;a_5b,quadratic_soft,,,
15,a_002,1,0.0,0.0056,112.0,20000,18.27729034423828,a_004;a_005;a_007;a_009;a_010;a_012;a_2a;a_4a;a_5b,quadratic_soft,,,
15,a_003,0,0.0,0.00035,7.0,20000,18.27729034423828,a_004;a_005;a_007;a_009;a_010;a_012;a_2a;a_4a;a_5b,quadratic_soft,,,
15,a_011,0,0.0,0.0,0.0,20000,18.27729034423828,a_004;a_005;a_007;a_009;a_010;a_012;a_2a;a_4a;a_5b,quadratic_soft,,,
15,a_1a,0,0.0,0.0006,12.0,20000,18.27729034423828,a_004;a_005;a_007;a_009;a_010;a_012;a_2a;a_4a;a_5b,quadratic_soft,,,
15,a_3a,0,0.0,0.00015,3.0,20000,18.27729034423828,a_004;a_005;a_007;a_009;a_010;a_012;a_2a;a_4a;a_5b,quadratic_soft,,,
15,a_4b,1,0.0,0.0021,42.0,20000,18.27729034423828,a_004;a_005;a_007;a_009;a_010;a_012;a_2a;a_4a;a_5b,quadratic_soft,,,
16,a_003,0,1.0,0.00065,13.0,20000,18.407917022705078,a_001;a_009;a_011;a_1a;a_3a;a_3b;a_4a;a_4b;a_5b,quadratic_soft,,,
16,a_006,0,1.0,0.0,0.0,20000,18.407917022705078,a_001;a_009;a_011;a_1a;a_3a;a_3b;a_4a;a_4b;a_5b,quadratic_soft,,,
16,a_012,1,1.0,0.0005,10.0,20000,18.407917022705078,a_001;a_009;a_011;a_1a;a_3a;a_3b;a_4a;a_4b;a_5b,quadratic_soft,,,
16,a_2a,0,1.0,0.0007,14.0,20000,18.407917022705078,a_001;a_009;a_011;a_1a;a_3a;a_3b;a_4a;a_4b;a_5b,quadratic_soft,,,
16,a_2b,0,1.0,0.00055,11.0,20000,18.407917022705078,a_001;a_009;a_011;a_1a;a_3a;a_3b;a_4a;a_4b;a_5b,quadratic_soft,,,
16,a_5a,1,1.0,0.0139,278.0,20000,18.407917022705078,a_001;a_009;a_011;a_1a;a_3a;a_3b;a_4a;a_4b;a_5b,quadratic_soft,,,
17,a_004,0,3.0,0.0,0.0,20000,15.987655639648438,a_001;a_003;a_005;a_006;a_1a;a_2b;a_3a;a_4b;a_5a,quadratic_soft,,,
17,a_007,1,3.0,0.0,0.0,20000,15.987655639648438,a_001;a_003;a_005;a_006;a_1a;a_2b;a_3a;a_4b;a_5a,quadratic_soft,,,
17,a_009,0,3.0,0.0,0.0,20000,15.987655639648438,a_001;a_003;a_005;a_006;a_1a;a_2b;a_3a;a_4b;a_5a,quadratic_soft,,,
17,a_011,0,3.0,0.0,0.0,20000,15.987655639648438,a_001;a_003;a_005;a_006;a_1a;a_2b;a_3a;a_4b;a_5a,quadratic_soft,,,
17,a_2a,0,3.0,5e-05,1.0,20000,15.987655639648438,a_001;a_003;a_005;a_006;a_1a;a_2b;a_3a;a_4b;a_5a,quadratic_soft,,,
17,a_4a,1,3.0,0.0012,24.0,20000,15.987655639648438,a_001;a_003;a_005;a_006;a_1a;a_2b;a_3a;a_4b;a_5a,quadratic_soft,,,
18,a_003,0,1.0,0.0012,24.0,20000,12.819934844970703,a_001;a_002;a_006;a_007;a_010;a_012;a_2a;a_3b;a_4b,quadratic_soft,,,
18,a_004,0,1.0,0.0007,14.0,20000,12.819934844970703,a_001;a_002;a_006;a_007;a_010;a_012;a_2a;a_3b;a_4b,quadratic_soft,,,
18,a_005,1,1.0,0.01735,347.0,20000,12.819934844970703,a_001;a_002;a_006;a_007;a_010;a_012;a_2a;a_3b;a_4b,quadratic_soft,,,
18,a_1a,0,1.0,0.0017,34.0,20000,12.819934844970703,a_001;a_002;a_006;a_007;a_010;a_012;a_2a;a_3b;a_4b,quadratic_soft,,,
18,a_3a,0,1.0,0.00035,7.0,20000,12.819934844970703,a_001;a_002;a_006;a_007;a_010;a_012;a_2a;a_3b;a_4b,quadratic_soft,,,
18,a_4a,1,1.0,0.01255,251.0,20000,12.819934844970703,a_001;a_002;a_006;a_007;a_010;a_012;a_2a;a_3b;a_4b,quadratic_soft,,,
19,a_003,0,2.0,0.00055,11.0,20000,14.51557731628418,a_001;a_002;a_007;a_009;a_010;a_012;a_1a;a_3a;a_5b,quadratic_soft,,,
19,a_005,1,2.0,0.01115,223.0,20000,14.51557731628418,a_001;a_002;a_007;a_009;a_010;a_012;a_1a;a_3a;a_5b,quadratic_soft,,,
19,a_006,0,2.0,0.0,0.0,20000,14.51557731628418,a_001;a_002;a_007;a_009;a_010;a_012;a_1a;a_3a;a_5b,quadratic_soft,,,
19,a_2a,0,2.0,0.0004,8.0,20000,14.51557731628418,a_001;a_002;a_007;a_009;a_010;a_012;a_1a;a_3a;a_5b,quadratic_soft,,,
19,a_2b,0,2.0,0.0004,8.0,20000,14.51557731628418,a_001;a_002;a_007;a_009;a_010;a_012;a_1a;a_3a;a_5b,quadratic_soft,,,
19,a_4b,1,2.0,0.00225,45.0,20000,14.51557731628418,a_001;a_002;a_007;a_009;a_010;a_012;a_1a;a_3a;a_5b,quadratic_soft,,,
20,a_002,1,0.0,0.0053,106.0,20000,20.883384704589844,a_001;a_004;a_005;a_006;a_007;a_1a;a_2a;a_3b;a_4a;a_4b,quadratic_soft,,,
20,a_003,0,0.0,0.0007,14.0,20000,20.883384704589844,a_001;a_004;a_005;a_006;a_007;a_1a;a_2a;a_3b;a_4a;a_4b,quadratic_soft,,,
20,a_009,0,0.0,5e-05,1.0,20000,20.883384704589844,a_001;a_004;a_005;a_006;a_007;a_1a;a_2a;a_3b;a_4a;a_4b,quadratic_soft,,,
20,a_011,0,0.0,5e-05,1.0,20000,20.883384704589844,a_001;a_004;a_005;a_006;a_007;a_1a;a_2a;a_3b;a_4a;a_4b,quadratic_soft,,,
20,a_012,1,0.0,0.00075,15.0,20000,20.883384704589844,a_001;a_004;a_005;a_006;a_007;a_1a;a_2a;a_3b;a_4a;a_4b,quadratic_soft,,,
20,a_2b,0,0.0,0.00025,5.0,20000,20.883384704589844,a_001;a_004;a_005;a_006;a_007;a_1a;a_2a;a_3b;a_4a;a_4b,quadratic_soft,,,
21,a_006,0,0.0,0.0,0.0,20000,9.93245792388916,a_002;a_003;a_004;a_007;a_1a;a_2b;a_3b;a_4a;a_4b,quadratic_soft,,,
21,a_009,0,0.0,0.0,0.0,20000,9.93245792388916,a_002;a_003;a_004;a_007;a_1a;a_2b;a_3b;a_4a;a_4b,quadratic_soft,,,
21,a_010,0,0.0,5e-05,1.0,20000,9.93245792388916,a_002;a_003;a_004;a_007;a_1a;a_2b;a_3b;a_4a;a_4b,quadratic_soft,,,
21,a_012,1,0.0,0.0002,4.0,20000,9.93245792388916,a_002;a_003;a_004;a_007;a_1a;a_2b;a_3b;a_4a;a_4b,quadratic_soft,,,
21,a_3a,0,0.0,5e-05,1.0,20000,9.93245792388916,a_002;a_003;a_004;a_007;a_1a;a_2b;a_3b;a_4a;a_4b,quadratic_soft,,,
21,a_5a,1,0.0,0.00765,153.0,20000,9.93245792388916,a_002;a_003;a_004;a_007;a_1a;a_2b;a_3b;a_4a;a_4b,quadratic_soft,,,
22,a_004,0,0.0,0.00105,21.0,20000,4.608798027038574,a_001;a_002;a_003;a_009;a_012;a_1a;a_2b;a_3a;a_4b;a_5a,quadratic_soft,,,
22,a_005,1,0.0,0.0018,36.0,20000,4.608798027038574,a_001;a_002;a_003;a_009;a_012;a_1a;a_2b;a_3a;a_4b;a_5a,quadratic_soft,,,
22,a_010,0,0.0,0.0033,66.0,20000,4.608798027038574,a_001;a_002;a_003;a_009;a_012;a_1a;a_2b;a_3a;a_4b;a_5a,quadratic_soft,,,
22,a_2a,0,0.0,0.00135,27.0,20000,4.608798027038574,a_001;a_002;a_003;a_009;a_012;a_1a;a_2b;a_3a;a_4b;a_5a,quadratic_soft,,,
22,a_3b,0,0.0,0.00095,19.0,20000,4.608798027038574,a_001;a_002;a_003;a_009;a_012;a_1a;a_2b;a_3a;a_4b;a_5a,quadratic_soft,,,
22,a_4a,1,0.0,0.0042,84.0,20000,4.608798027038574,a_001;a_002;a_003;a_009;a_012;a_1a;a_2b;a_3a;a_4b;a_5a,quadratic_soft,,,
23,a_007,1,2.0,0.001,20.0,20000,5.9333343505859375,a_001;a_003;a_005;a_006;a_1a;a_2b;a_3b;a_4a;a_4b,quadratic_soft,,,
23,a_009,0,2.0,0.0011,22.0,20000,5.9333343505859375,a_001;a_003;a_005;a_006;a_1a;a_2b;a_3b;a_4a;a_4b,quadratic_soft,,,
23,a_010,0,2.0,0.001,20.0,20000,5.9333343505859375,a_001;a_003;a_005;a_006;a_1a;a_2b;a_3b;a_4a;a_4b,quadratic_soft,,,
23,a_011,0,2.0,5e-05,1.0,20000,5.9333343505859375,a_001;a_003;a_005;a_006;a_1a;a_2b;a_3b;a_4a;a_4b,quadratic_soft,,,
23,a_2a,0,2.0,0.00025,5.0,20000,5.9333343505859375,a_001;a_003;a_005;a_006;a_1a;a_2b;a_3b;a_4a;a_4b,quadratic_soft,,,
23,a_5b,1,2.0,0.0013,26.0,20000,5.9333343505859375,a_001;a_003;a_005;a_006;a_1a;a_2b;a_3b;a_4a;a_4b,quadratic_soft,,,
24,a_003,0,1.0,0.001,20.0,20000,16.933168411254883,a_001;a_007;a_009;a_010;a_011;a_012;a_1a;a_2b;a_4b,quadratic_soft,,,
24,a_004,0,1.0,0.00095,19.0,20000,16.933168411254883,a_001;a_007;a_009;a_010;a_011;a_012;a_1a;a_2b;a_4b,quadratic_soft,,,
24,a_2a,0,1.0,0.00125,25.0,20000,16.933168411254883,a_001;a_007;a_009;a_010;a_011;a_012;a_1a;a_2b;a_4b,quadratic_soft,,,
24,a_3a,0,1.0,0.0005,10.0,20000,16.933168411254883,a_001;a_007;a_009;a_010;a_011;a_012;a_1a;a_2b;a_4b,quadratic_soft,,,
24,a_4a,1,1.0,0.01225,245.0,20000,16.933168411254883,a_001;a_007;a_009;a_010;a_011;a_012;a_1a;a_2b;a_4b,quadratic_soft,,,
24,a_5b,1,1.0,0.0213,426.0,20000,16.933168411254883,a_001;a_007;a_009;a_010;a_011;a_012;a_1a;a_2b;a_4b,quadratic_soft,,,
25,a_007,1,1.0,0.0005,10.0,20000,15.084001541137695,a_001;a_002;a_004;a_006;a_009;a_010;a_012;a_2a;a_4a;a_5a,quadratic_soft,,,
25,a_011,0,1.0,0.0001,2.0,20000,15.084001541137695,a_001;a_002;a_004;a_006;a_009;a_010;a_012;a_2a;a_4a;a_5a,quadratic_soft,,,
25,a_1a,0,1.0,0.001,20.0,20000,15.084001541137695,a_001;a_002;a_004;a_006;a_009;a_010;a_012;a_2a;a_4a;a_5a,quadratic_soft,,,
25,a_2b,0,1.0,0.00025,5.0,20000,15.084001541137695,a_001;a_002;a_004;a_006;a_009;a_010;a_012;a_2a;a_4a;a_5a,quadratic_soft,,,
25,a_3b,0,1.0,0.00025,5.0,20000,15.084001541137695,a_001;a_002;a_004;a_006;a_009;a_010;a_012;a_2a;a_4a;a_5a,quadratic_soft,,,
25,a_4b,1,1.0,0.002,40.0,20000,15.084001541137695,a_001;a_002;a_004;a_006;a_009;a_010;a_012;a_2a;a_4a;a_5a,quadratic_soft,,,
26,a_003,0,0.0,0.00075,15.0,20000,20.02031707763672,a_001;a_002;a_005;a_006;a_012;a_2a;a_2b;a_3a;a_4b,quadratic_soft,,,
26,a_004,0,0.0,0.0003,6.0,20000,20.02031707763672,a_001;a_002;a_005;a_006;a_012;a_2a;a_2b;a_3a;a_4b,quadratic_soft,,,
26,a_007,1,0.0,0.00035,7.0,20000,20.02031707763672,a_001;a_002;a_005;a_006;a_012;a_2a;a_2b;a_3a;a_4b,quadratic_soft,,,
26,a_010,0,0.0,5e-05,1.0,20000,20.02031707763672,a_001;a_002;a_005;a_006;a_012;a_2a;a_2b;a_3a;a_4b,quadratic_soft,,,
26,a_3b,0,0.0,0.0001,2.0,20000,20.02031707763672,a_001;a_002;a_005;a_006;a_012;a_2a;a_2b;a_3a;a_4b,quadratic_soft,,,
26,a_4a,1,0.0,0.00775,155.0,20000,20.02031707763672,a_001;a_002;a_005;a_006;a_012;a_2a;a_2b;a_3a;a_4b,quadratic_soft,,,
27,a_001,1,1.0,0.00015,3.0,20000,18.115535736083984,a_003;a_004;a_007;a_009;a_010;a_012;a_2a;a_4a;a_4b,quadratic_soft,,,
27,a_006,0,1.0,5e-05,1.0,20000,18.115535736083984,a_003;a_004;a_007;a_009;a_010;a_012;a_2a;a_4a;a_4b,quadratic_soft,,,
27,a_011,0,1.0,5e-05,1.0,20000,18.115535736083984,a_003;a_004;a_007;a_009;a_010;a_012;a_2a;a_4a;a_4b,quadratic_soft,,,
27,a_2b,0,1.0,0.00035,7.0,20000,18.115535736083984,a_003;a_004;a_007;a_009;a_010;a_012;a_2a;a_4a;a_4b,quadratic_soft,,,
27,a_3a,0,1.0,0.0002,4.0,20000,18.115535736083984,a_003;a_004;a_007;a_009;a_010;a_012;a_2a;a_4a;a_4b,quadratic_soft,,,
27,a_5b,1,1.0,0.0184,368.0,20000,18.115535736083984,a_003;a_004;a_007;a_009;a_010;a_012;a_2a;a_4a;a_4b,quadratic_soft,,,
28,a_003,0,0.0,0.0008,16.0,20000,25.058570861816406,a_001;a_002;a_005;a_009;a_010;a_011;a_1a;a_2b;a_4a,quadratic_soft,,,
28,a_004,0,0.0,0.0004,8.0,20000,25.058570861816406,a_001;a_002;a_005;a_009;a_010;a_011;a_1a;a_2b;a_4a,quadratic_soft,,,
28,a_3a,0,0.0,0.00035,7.0,20000,25.058570861816406,a_001;a_002;a_005;a_009;a_010;a_011;a_1a;a_2b;a_4a,quadratic_soft,,,
28,a_3b,0,0.0,0.0002,4.0,20000,25.058570861816406,a_001;a_002;a_005;a_009;a_010;a_011;a_1a;a_2b;a_4a,quadratic_soft,,,
28,a_4b,1,0.0,0.0035,70.0,20000,25.058570861816406,a_001;a_002;a_005;a_009;a_010;a_011;a_1a;a_2b;a_4a,quadratic_soft,,,
28,a_5b,1,0.0,0.0164,328.0,20000,25.058570861816406,a_001;a_002;a_005;a_009;a_010;a_011;a_1a;a_2b;a_4a,quadratic_soft,,,
29,a_004,0,4.0,0.00055,11.0,20000,17.30453872680664,a_001;a_003;a_005;a_006;a_007;a_010;a_011;a_1a;a_4a;a_5a,quadratic_soft,,,
29,a_009,0,4.0,0.0,0.0,20000,17.30453872680664,a_001;a_003;a_005;a_006;a_007;a_010;a_011;a_1a;a_4a;a_5a,quadratic_soft,,,
29,a_012,1,4.0,0.00175,35.0,20000,17.30453872680664,a_001;a_003;a_005;a_006;a_007;a_010;a_011;a_1a;a_4a;a_5a,quadratic_soft,,,
29,a_2b,0,4.0,0.0008,16.0,20000,17.30453872680664,a_001;a_003;a_005;a_006;a_007;a_010;a_011;a_1a;a_4a;a_5a,quadratic_soft,,,
29,a_3b,0,4.0,0.00035,7.0,20000,17.30453872680664,a_001;a_003;a_005;a_006;a_007;a_010;a_011;a_1a;a_4a;a_5a,quadratic_soft,,,
29,a_5b,1,4.0,0.01875,375.0,20000,17.30453872680664,a_001;a_003;a_005;a_006;a_007;a_010;a_011;a_1a;a_4a;a_5a,quadratic_soft,,,
30,a_004,0,3.0,0.0002,4.0,20000,12.415656089782715,a_001;a_002;a_009;a_011;a_012;a_2a;a_3b;a_4a;a_5b,quadratic_soft,,,
30,a_005,1,3.0,0.0073,146.0,20000,12.415656089782715,a_001;a_002;a_009;a_011;a_012;a_2a;a_3b;a_4a;a_5b,quadratic_soft,,,
30,a_007,1,3.0,0.0005,10.0,20000,12.415656089782715,a_001;a_002;a_009;a_011;a_012;a_2a;a_3b;a_4a;a_5b,quadratic_soft,,,
30,a_1a,0,3.0,0.00025,5.0,20000,12.415656089782715,a_001;a_002;a_009;a_011;a_012;a_2a;a_3b;a_4a;a_5b,quadratic_soft,,,
30,a_2b,0,3.0,0.00025,5.0,20000,12.415656089782715,a_001;a_002;a_009;a_011;a_012;a_2a;a_3b;a_4a;a_5b,quadratic_soft,,,
30,a_3a,0,3.0,0.0002,4.0,20000,12.415656089782715,a_001;a_002;a_009;a_011;a_012;a_2a;a_3b;a_4a;a_5b,quadratic_soft,,,
31,a_001,1,3.0,0.0,0.0,20000,12.119789123535156,a_002;a_006;a_009;a_2a;a_3a;a_3b;a_4a;a_4b;a_5b,quadratic_soft,,,
31,a_003,0,3.0,0.00015,3.0,20000,12.119789123535156,a_002;a_006;a_009;a_2a;a_3a;a_3b;a_4a;a_4b;a_5b,quadratic_soft,,,
31,a_004,0,3.0,5e-05,1.0,20000,12.119789123535156,a_002;a_006;a_009;a_2a;a_3a;a_3b;a_4a;a_4b;a_5b,quadratic_soft,,,
31,a_007,1,3.0,0.0,0.0,20000,12.119789123535156,a_002;a_006;a_009;a_2a;a_3a;a_3b;a_4a;a_4b;a_5b,quadratic_soft,,,
31,a_010,0,3.0,5e-05,1.0,20000,12.119789123535156,a_002;a_006;a_009;a_2a;a_3a;a_3b;a_4a;a_4b;a_5b,quadratic_soft,,,
31,a_1a,0,3.0,0.00045,9.0,20000,12.119789123535156,a_002;a_006;a_009;a_2a;a_3a;a_3b;a_4a;a_4b;a_5b,quadratic_soft,,,
32,a_003,0,0.0,0.002,40.0,20000,21.498750686645508,a_001;a_002;a_004;a_006;a_010;a_2a;a_3b;a_4b;a_5a,quadratic_soft,,,
32,a_009,0,0.0,5e-05,1.0,20000,21.498750686645508,a_001;a_002;a_004;a_006;a_010;a_2a;a_3b;a_4b;a_5a,quadratic_soft,,,
32,a_011,0,0.0,0.0,0.0,20000,21.498750686645508,a_001;a_002;a_004;a_006;a_010;a_2a;a_3b;a_4b;a_5a,quadratic_soft,,,
32,a_012,1,0.0,0.0013,26.0,20000,21.498750686645508,a_001;a_002;a_004;a_006;a_010;a_2a;a_3b;a_4b;a_5a,quadratic_soft,,,
32,a_3a,0,0.0,5e-05,1.0,20000,21.498750686645508,a_001;a_002;a_004;a_006;a_010;a_2a;a_3b;a_4b;a_5a,quadratic_soft,,,
32,a_4a,1,0.0,0.00785,157.0,20000,21.498750686645508,a_001;a_002;a_004;a_006;a_010;a_2a;a_3b;a_4b;a_5a,quadratic_soft,,,
33,a_007,1,1.0,0.0013,26.0,20000,23.03415298461914,a_001;a_004;a_005;a_010;a_012;a_1a;a_2a;a_3b;a_5a,quadratic_soft,,,
33,a_009,0,1.0,5e-05,1.0,20000,23.03415298461914,a_001;a_004;a_005;a_010;a_012;a_1a;a_2a;a_3b;a_5a,quadratic_soft,,,
33,a_011,0,1.0,5e-05,1.0,20000,23.03415298461914,a_001;a_004;a_005;a_010;a_012;a_1a;a_2a;a_3b;a_5a,quadratic_soft,,,
33,a_2b,0,1.0,0.00025,5.0,20000,23.03415298461914,a_001;a_004;a_005;a_010;a_012;a_1a;a_2a;a_3b;a_5a,quadratic_soft,,,
33,a_3a,0,1.0,0.00025,5.0,20000,23.03415298461914,a_001;a_004;a_005;a_010;a_012;a_1a;a_2a;a_3b;a_5a,quadratic_soft,,,
33,a_4b,1,1.0,0.00125,25.0,20000,23.03415298461914,a_001;a_004;a_005;a_010;a_012;a_1a;a_2a;a_3b;a_5a,quadratic_soft,,,
34,a_005,1,2.0,0.009,180.0,20000,21.483230590820312,a_001;a_002;a_003;a_004;a_006;a_1a;a_3b;a_4a;a_4b;a_5b,quadratic_soft,,,
34,a_009,0,2.0,0.0,0.0,20000,21.483230590820312,a_001;a_002;a_003;a_004;a_006;a_1a;a_3b;a_4a;a_4b;a_5b,quadratic_soft,,,
34,a_010,0,2.0,5e-05,1.0,20000,21.483230590820312,a_001;a_002;a_003;a_004;a_006;a_1a;a_3b;a_4a;a_4b;a_5b,quadratic_soft,,,
34,a_011,0,2.0,0.0001,2.0,20000,21.483230590820312,a_001;a_002;a_003;a_004;a_006;a_1a;a_3b;a_4a;a_4b;a_5b,quadratic_soft,,,
34,a_2a,0,2.0,0.00105,21.0,20000,21.483230590820312,a_001;a_002;a_003;a_004;a_006;a_1a;a_3b;a_4a;a_4b;a_5b,quadratic_soft,,,
34,a_5a,1,2.0,0.0106,212.0,20000,21.483230590820312,a_001;a_002;a_003;a_004;a_006;a_1a;a_3b;a_4a;a_4b;a_5b,quadratic_soft,,,
35,a_004,0,3.0,0.00045,9.0,20000,22.189659118652344,a_001;a_002;a_003;a_005;a_007;a_010;a_2a;a_3b;a_4b,quadratic_soft,,,
35,a_009,0,3.0,0.0,0.0,20000,22.189659118652344,a_001;a_002;a_003;a_005;a_007;a_010;a_2a;a_3b;a_4b,quadratic_soft,,,
35,a_012,1,3.0,0.00135,27.0,20000,22.189659118652344,a_001;a_002;a_003;a_005;a_007;a_010;a_2a;a_3b;a_4b,quadratic_soft,,,
35,a_2b,0,3.0,0.0006,12.0,20000,22.189659118652344,a_001;a_002;a_003;a_005;a_007;a_010;a_2a;a_3b;a_4b,quadratic_soft,,,
35,a_3a,0,3.0,0.0003,6.0,20000,22.189659118652344,a_001;a_002;a_003;a_005;a_007;a_010;a_2a;a_3b;a_4b,quadratic_soft,,,
35,a_5b,1,3.0,0.01945,389.0,20000,22.189659118652344,a_001;a_002;a_003;a_005;a_007;a_010;a_2a;a_3b;a_4b,quadratic_soft,,,
36,a_003,0,4.0,0.0008,16.0,20000,17.125614166259766,a_001;a_004;a_005;a_006;a_007;a_010;a_012;a_1a;a_2a,quadratic_soft,,,
36,a_009,0,4.0,0.0,0.0,20000,17.125614166259766,a_001;a_004;a_005;a_006;a_007;a_010;a_012;a_1a;a_2a,quadratic_soft,,,
36,a_011,0,4.0,0.0001,2.0,20000,17.125614166259766,a_001;a_004;a_005;a_006;a_007;a_010;a_012;a_1a;a_2a,quadratic_soft,,,
36,a_3a,0,4.0,0.0004,8.0,20000,17.125614166259766,a_001;a_004;a_005;a_006;a_007;a_010;a_012;a_1a;a_2a,quadratic_soft,,,
36,a_4b,1,4.0,0.0009,18.0,20000,17.125614166259766,a_001;a_004;a_005;a_006;a_007;a_010;a_012;a_1a;a_2a,quadratic_soft,,,
36,a_5b,1,4.0,0.0105,210.0,20000,17.125614166259766,a_001;a_004;a_005;a_006;a_007;a_010;a_012;a_1a;a_2a,quadratic_soft,,,
37,a_004,0,4.0,0.0002,4.0,20000,13.479327201843262,a_001;a_002;a_005;a_009;a_010;a_1a;a_3a;a_3b;a_5a;a_5b,quadratic_soft,,,
37,a_007,1,4.0,0.0006,12.0,20000,13.479327201843262,a_001;a_002;a_005;a_009;a_010;a_1a;a_3a;a_3b;a_5a;a_5b,quadratic_soft,,,
37,a_011,0,4.0,0.0,0.0,20000,13.479327201843262,a_001;a_002;a_005;a_009;a_010;a_1a;a_3a;a_3b;a_5a;a_5b,quadratic_soft,,,
37,a_2a,0,4.0,0.0003,6.0,20000,13.479327201843262,a_001;a_002;a_005;a_009;a_010;a_1a;a_3a;a_3b;a_5a;a_5b,quadratic_soft,,,
37,a_2b,0,4.0,0.0003,6.0,20000,13.479327201843262,a_001;a_002;a_005;a_009;a_010;a_1a;a_3a;a_3b;a_5a;a_5b,quadratic_soft,,,
37,a_4a,1,4.0,0.00615,123.0,20000,13.479327201843262,a_001;a_002;a_005;a_009;a_010;a_1a;a_3a;a_3b;a_5a;a_5b,quadratic_soft,,,
38,a_002,1,1.0,0.0186,372.0,20000,12.286133766174316,a_001;a_003;a_007;a_009;a_012;a_2a;a_2b;a_3b;a_4a;a_4b,quadratic_soft,,,
38,a_004,0,1.0,0.0003,6.0,20000,12.286133766174316,a_001;a_003;a_007;a_009;a_012;a_2a;a_2b;a_3b;a_4a;a_4b,quadratic_soft,,,
38,a_006,0,1.0,0.00015,3.0,20000,12.286133766174316,a_001;a_003;a_007;a_009;a_012;a_2a;a_2b;a_3b;a_4a;a_4b,quadratic_soft,,,
38,a_011,0,1.0,0.0001,2.0,20000,12.286133766174316,a_001;a_003;a_007;a_009;a_012;a_2a;a_2b;a_3b;a_4a;a_4b,quadratic_soft,,,
38,a_3a,0,1.0,0.0002,4.0,20000,12.286133766174316,a_001;a_003;a_007;a_009;a_012;a_2a;a_2b;a_3b;a_4a;a_4b,quadratic_soft,,,
38,a_5b,1,1.0,0.0176,352.0,20000,12.286133766174316,a_001;a_003;a_007;a_009;a_012;a_2a;a_2b;a_3b;a_4a;a_4b,quadratic_soft,,,
39,a_001,1,1.0,0.00015,3.0,20000,12.535823822021484,a_002;a_003;a_004;a_005;a_006;a_007;a_011;a_2a;a_4b;a_5a,quadratic_soft,,,
39,a_009,0,1.0,0.0,0.0,20000,12.535823822021484,a_002;a_003;a_004;a_005;a_006;a_007;a_011;a_2a;a_4b;a_5a,quadratic_soft,,,
39,a_1a,0,1.0,0.00115,23.0,20000,12.535823822021484,a_002;a_003;a_004;a_005;a_006;a_007;a_011;a_2a;a_4b;a_5a,quadratic_soft,,,
39,a_2b,0,1.0,0.00025,5.0,20000,12.535823822021484,a_002;a_003;a_004;a_005;a_006;a_007;a_011;a_2a;a_4b;a_5a,quadratic_soft,,,
39,a_3a,0,1.0,0.00015,3.0,20000,12.535823822021484,a_002;a_003;a_004;a_005;a_006;a_007;a_011;a_2a;a_4b;a_5a,quadratic_soft,,,
39,a_4a,1,1.0,0.006,120.0,20000,12.535823822021484,a_002;a_003;a_004;a_005;a_006;a_007;a_011;a_2a;a_4b;a_5a,quadratic_soft,,,
40,a_001,1,4.0,0.0,0.0,20000,42.449607849121094,a_007;a_009;a_010;a_012;a_2b;a_3a;a_4a;a_4b;a_5a,quadratic_soft,,,
40,a_003,0,4.0,0.0002,4.0,20000,42.449607849121094,a_007;a_009;a_010;a_012;a_2b;a_3a;a_4a;a_4b;a_5a,quadratic_soft,,,
40,a_005,1,4.0,0.001,20.0,20000,42.449607849121094,a_007;a_009;a_010;a_012;a_2b;a_3a;a_4a;a_4b;a_5a,quadratic_soft,,,
40,a_006,0,4.0,0.00015,3.0,20000,42.449607849121094,a_007;a_009;a_010;a_012;a_2b;a_3a;a_4a;a_4b;a_5a,quadratic_soft,,,
40,a_2a,0,4.0,0.00015,3.0,20000,42.449607849121094,a_007;a_009;a_010;a_012;a_2b;a_3a;a_4a;a_4b;a_5a,quadratic_soft,,,
40,a_3b,0,4.0,0.0,0.0,20000,42.449607849121094,a_007;a_009;a_010;a_012;a_2b;a_3a;a_4a;a_4b;a_5a,quadratic_soft,,,
41,a_001,1,4.0,0.00015,3.0,20000,4.863476753234863,a_002;a_003;a_004;a_005;a_011;a_012;a_1a;a_4b;a_5b,quadratic_soft,,,
41,a_006,0,4.0,0.0001,2.0,20000,4.863476753234863,a_002;a_003;a_004;a_005;a_011;a_012;a_1a;a_4b;a_5b,quadratic_soft,,,
41,a_009,0,4.0,0.0,0.0,20000,4.863476753234863,a_002;a_003;a_004;a_005;a_011;a_012;a_1a;a_4b;a_5b,quadratic_soft,,,
41,a_2b,0,4.0,0.00045,9.0,20000,4.863476753234863,a_002;a_003;a_004;a_005;a_011;a_012;a_1a;a_4b;a_5b,quadratic_soft,,,
41,a_3a,0,4.0,5e-05,1.0,20000,4.863476753234863,a_002;a_003;a_004;a_005;a_011;a_012;a_1a;a_4b;a_5b,quadratic_soft,,,
41,a_4a,1,4.0,0.00355,71.0,20000,4.863476753234863,a_002;a_003;a_004;a_005;a_011;a_012;a_1a;a_4b;a_5b,quadratic_soft,,,
42,a_009,0,2.0,0.0,0.0,20000,20.25588607788086,a_001;a_002;a_003;a_004;a_005;a_006;a_007;a_010;a_011;a_5a,quadratic_soft,,,
42,a_012,1,2.0,0.0008,16.0,20000,20.25588607788086,a_001;a_002;a_003;a_004;a_005;a_006;a_007;a_010;a_011;a_5a,quadratic_soft,,,
42,a_1a,0,2.0,0.00165,33.0,20000,20.25588607788086,a_001;a_002;a_003;a_004;a_005;a_006;a_007;a_010;a_011;a_5a,quadratic_soft,,,
42,a_2a,0,2.0,0.0003,6.0,20000,20.25588607788086,a_001;a_002;a_003;a_004;a_005;a_006;a_007;a_010;a_011;a_5a,quadratic_soft,,,
42,a_2b,0,2.0,0.00045,9.0,20000,20.25588607788086,a_001;a_002;a_003;a_004;a_005;a_006;a_007;a_010;a_011;a_5a,quadratic_soft,,,
42,a_4b,1,2.0,0.00235,47.0,20000,20.25588607788086,a_001;a_002;a_003;a_004;a_005;a_006;a_007;a_010;a_011;a_5a,quadratic_soft,,,
43,a_006,0,2.0,0.0001,2.0,20000,23.09196662902832,a_001;a_002;a_003;a_005;a_010;a_2a;a_3a;a_3b;a_4a,quadratic_soft,,,
43,a_007,1,2.0,0.00035,7.0,20000,23.09196662902832,a_001;a_002;a_003;a_005;a_010;a_2a;a_3a;a_3b;a_4a,quadratic_soft,,,
43,a_011,0,2.0,5e-05,1.0,20000,23.09196662902832,a_001;a_002;a_003;a_005;a_010;a_2a;a_3a;a_3b;a_4a,quadratic_soft,,,
43,a_1a,0,2.0,0.0012,24.0,20000,23.09196662902832,a_001;a_002;a_003;a_005;a_010;a_2a;a_3a;a_3b;a_4a,quadratic_soft,,,
43,a_2b,0,2.0,0.0005,10.0,20000,23.09196662902832,a_001;a_002;a_003;a_005;a_010;a_2a;a_3a;a_3b;a_4a,quadratic_soft,,,
43,a_5b,1,2.0,0.0169,338.0,20000,23.09196662902832,a_001;a_002;a_003;a_005;a_010;a_2a;a_3a;a_3b;a_4a,quadratic_soft,,,
44,a_002,1,0.0,0.0123,246.0,20000,15.592950820922852,a_001;a_004;a_005;a_009;a_011;a_2b;a_3b;a_4a;a_5b,quadratic_soft,,,
44,a_006,0,0.0,0.0,0.0,20000,15.592950820922852,a_001;a_004;a_005;a_009;a_011;a_2b;a_3b;a_4a;a_5b,quadratic_soft,,,
44,a_010,0,0.0,5e-05,1.0,20000,15.592950820922852,a_001;a_004;a_005;a_009;a_011;a_2b;a_3b;a_4a;a_5b,quadratic_soft,,,
44,a_1a,0,0.0,0.00085,17.0,20000,15.592950820922852,a_001;a_004;a_005;a_009;a_011;a_2b;a_3b;a_4a;a_5b,quadratic_soft,,,
44,a_3a,0,0.0,0.00025,5.0,20000,15.592950820922852,a_001;a_004;a_005;a_009;a_011;a_2b;a_3b;a_4a;a_5b,quadratic_soft,,,
44,a_5a,1,0.0,0.01265,253.0,20000,15.592950820922852,a_001;a_004;a_005;a_009;a_011;a_2b;a_3b;a_4a;a_5b,quadratic_soft,,,
45,a_003,0,0.0,0.0004,8.0,20000,22.614912033081055,a_002;a_006;a_007;a_010;a_012;a_1a;a_2a;a_2b;a_4b;a_5a,quadratic_soft,,,
45,a_005,1,0.0,0.01025,205.0,20000,22.614912033081055,a_002;a_006;a_007;a_010;a_012;a_1a;a_2a;a_2b;a_4b;a_5a,quadratic_soft,,,
45,a_009,0,0.0,0.0,0.0,20000,22.614912033081055,a_002;a_006;a_007;a_010;a_012;a_1a;a_2a;a_2b;a_4b;a_5a,quadratic_soft,,,
45,a_3a,0,0.0,0.00015,3.0,20000,22.614912033081055,a_002;a_006;a_007;a_010;a_012;a_1a;a_2a;a_2b;a_4b;a_5a,quadratic_soft,,,
45,a_3b,0,0.0,0.0,0.0,20000,22.614912033081055,a_002;a_006;a_007;a_010;a_012;a_1a;a_2a;a_2b;a_4b;a_5a,quadratic_soft,,,
45,a_5b,1,0.0,0.01555,311.0,20000,22.614912033081055,a_002;a_006;a_007;a_010;a_012;a_1a;a_2a;a_2b;a_4b;a_5a,quadratic_soft,,,
46,a_001,1,1.0,0.0001,2.0,20000,33.363975524902344,a_002;a_004;a_006;a_007;a_2a;a_2b;a_3b;a_4b;a_5a;a_5b,quadratic_soft,,,
46,a_003,0,1.0,0.00015,3.0,20000,33.363975524902344,a_002;a_004;a_006;a_007;a_2a;a_2b;a_3b;a_4b;a_5a;a_5b,quadratic_soft,,,
46,a_010,0,1.0,5e-05,1.0,20000,33.363975524902344,a_002;a_004;a_006;a_007;a_2a;a_2b;a_3b;a_4b;a_5a;a_5b,quadratic_soft,,,
46,a_011,0,1.0,0.0,0.0,20000,33.363975524902344,a_002;a_004;a_006;a_007;a_2a;a_2b;a_3b;a_4b;a_5a;a_5b,quadratic_soft,,,
46,a_012,1,1.0,0.00025,5.0,20000,33.363975524902344,a_002;a_004;a_006;a_007;a_2a;a_2b;a_3b;a_4b;a_5a;a_5b,quadratic_soft,,,
46,a_3a,0,1.0,0.0001,2.0,20000,33.363975524902344,a_002;a_004;a_006;a_007;a_2a;a_2b;a_3b;a_4b;a_5a;a_5b,quadratic_soft,,,
47,a_003,0,2.0,0.0007,14.0,20000,21.874452590942383,a_001;a_002;a_004;a_005;a_006;a_007;a_010;a_011;a_3a;a_4a,quadratic_soft,,,
47,a_009,0,2.0,0.0,0.0,20000,21.874452590942383,a_001;a_002;a_004;a_005;a_006;a_007;a_010;a_011;a_3a;a_4a,quadratic_soft,,,
47,a_1a,0,2.0,0.00135,27.0,20000,21.874452590942383,a_001;a_002;a_004;a_005;a_006;a_007;a_010;a_011;a_3a;a_4a,quadratic_soft,,,
47,a_2b,0,2.0,0.0004,8.0,20000,21.874452590942383,a_001;a_002;a_004;a_005;a_006;a_007;a_010;a_011;a_3a;a_4a,quadratic_soft,,,
47,a_4b,1,2.0,0.00245,49.0,20000,21.874452590942383,a_001;a_002;a_004;a_005;a_006;a_007;a_010;a_011;a_3a;a_4a,quadratic_soft,,,
47,a_5a,1,2.0,0.0123,246.0,20000,21.874452590942383,a_001;a_002;a_004;a_005;a_006;a_007;a_010;a_011;a_3a;a_4a,quadratic_soft,,,
48,a_001,1,1.0,0.0002,4.0,20000,17.85791778564453,a_003;a_005;a_007;a_009;a_011;a_012;a_3a;a_5a;a_5b,quadratic_soft,,,
48,a_002,1,1.0,0.0095,190.0,20000,17.85791778564453,a_003;a_005;a_007;a_009;a_011;a_012;a_3a;a_5a;a_5b,quadratic_soft,,,
48,a_004,0,1.0,0.00015,3.0,20000,17.85791778564453,a_003;a_005;a_007;a_009;a_011;a_012;a_3a;a_5a;a_5b,quadratic_soft,,,
48,a_010,0,1.0,0.0,0.0,20000,17.85791778564453,a_003;a_005;a_007;a_009;a_011;a_012;a_3a;a_5a;a_5b,quadratic_soft,,,
48,a_1a,0,1.0,0.00055,11.0,20000,17.85791778564453,a_003;a_005;a_007;a_009;a_011;a_012;a_3a;a_5a;a_5b,quadratic_soft,,,
48,a_3b,0,1.0,0.0001,2.0,20000,17.85791778564453,a_003;a_005;a_007;a_009;a_011;a_012;a_3a;a_5a;a_5b,quadratic_soft,,,
49,a_001,1,4.0,0.0001,2.0,20000,15.360934257507324,a_002;a_006;a_007;a_010;a_011;a_012;a_2a;a_4b;a_5b,quadratic_soft,,,
49,a_003,0,4.0,0.00015,3.0,20000,15.360934257507324,a_002;a_006;a_007;a_010;a_011;a_012;a_2a;a_4b;a_5b,quadratic_soft,,,
49,a_004,0,4.0,0.0001,2.0,20000,15.360934257507324,a_002;a_006;a_007;a_010;a_011;a_012;a_2a;a_4b;a_5b,quadratic_soft,,,
49,a_009,0,4.0,0.0,0.0,20000,15.360934257507324,a_002;a_006;a_007;a_010;a_011;a_012;a_2a;a_4b;a_5b,quadratic_soft,,,
49,a_1a,0,4.0,0.00045,9.0,20000,15.360934257507324,a_002;a_006;a_007;a_010;a_011;a_012;a_2a;a_4b;a_5b,quadratic_soft,,,
49,a_4a,1,4.0,0.0035,70.0,20000,15.360934257507324,a_002;a_006;a_007;a_010;a_011;a_012;a_2a;a_4b;a_5b,quadratic_soft,,,
50,a_001,1,1.0,0.0,0.0,20000,24.760927200317383,a_004;a_005;a_007;a_009;a_011;a_1a;a_2a;a_4b;a_5a;a_5b,quadratic_soft,,,
50,a_003,0,1.0,0.0001,2.0,20000,24.760927200317383,a_004;a_005;a_007;a_009;a_011;a_1a;a_2a;a_4b;a_5a;a_5b,quadratic_soft,,,
50,a_006,0,1.0,0.0,0.0,20000,24.760927200317383,a_004;a_005;a_007;a_009;a_011;a_1a;a_2a;a_4b;a_5a;a_5b,quadratic_soft,,,
50,a_3a,0,1.0,0.0,0.0,20000,24.760927200317383,a_004;a_005;a_007;a_009;a_011;a_1a;a_2a;a_4b;a_5a;a_5b,quadratic_soft,,,
50,a_3b,0,1.0,0.0,0.0,20000,24.760927200317383,a_004;a_005;a_007;a_009;a_011;a_1a;a_2a;a_4b;a_5a;a_5b,quadratic_soft,,,
50,a_4a,1,1.0,0.0021,42.0,20000,24.760927200317383,a_004;a_005;a_007;a_009;a_011;a_1a;a_2a;a_4b;a_5a;a_5b,quadratic_soft,,,
51,a_004,0,3.0,0.00065,13.0,20000,17.461191177368164,a_001;a_002;a_005;a_009;a_010;a_011;a_012;a_3a;a_4b,quadratic_soft,,,
51,a_1a,0,3.0,0.0013,26.0,20000,17.461191177368164,a_001;a_002;a_005;a_009;a_010;a_011;a_012;a_3a;a_4b,quadratic_soft,,,
51,a_2a,0,3.0,0.00125,25.0,20000,17.461191177368164,a_001;a_002;a_005;a_009;a_010;a_011;a_012;a_3a;a_4b,quadratic_soft,,,
51,a_3b,0,3.0,0.00035,7.0,20000,17.461191177368164,a_001;a_002;a_005;a_009;a_010;a_011;a_012;a_3a;a_4b,quadratic_soft,,,
51,a_4a,1,3.0,0.011,220.0,20000,17.461191177368164,a_001;a_002;a_005;a_009;a_010;a_011;a_012;a_3a;a_4b,quadratic_soft,,,
51,a_5a,1,3.0,0.0179,358.0,20000,17.461191177368164,a_001;a_002;a_005;a_009;a_010;a_011;a_012;a_3a;a_4b,quadratic_soft,,,
52,a_001,1,4.0,0.0001,2.0,20000,12.71047306060791,a_002;a_003;a_004;a_005;a_007;a_009;a_1a;a_2b;a_4b;a_5b,quadratic_soft,,,
52,a_010,0,4.0,5e-05,1.0,20000,12.71047306060791,a_002;a_003;a_004;a_005;a_007;a_009;a_1a;a_2b;a_4b;a_5b,quadratic_soft,,,
52,a_011,0,4.0,0.0,0.0,20000,12.71047306060791,a_002;a_003;a_004;a_005;a_007;a_009;a_1a;a_2b;a_4b;a_5b,quadratic_soft,,,
52,a_3a,0,4.0,0.0001,2.0,20000,12.71047306060791,a_002;a_003;a_004;a_005;a_007;a_009;a_1a;a_2b;a_4b;a_5b,quadratic_soft,,,
52,a_3b,0,4.0,0.0,0.0,20000,12.71047306060791,a_002;a_003;a_004;a_005;a_007;a_009;a_1a;a_2b;a_4b;a_5b,quadratic_soft,,,
52,a_4a,1,4.0,0.0042,84.0,20000,12.71047306060791,a_002;a_003;a_004;a_005;a_007;a_009;a_1a;a_2b;a_4b;a_5b,quadratic_soft,,,
53,a_003,0,0.0,0.001,20.0,20000,24.31229591369629,a_001;a_004;a_005;a_006;a_007;a_009;a_1a;a_2b;a_4b;a_5a,quadratic_soft,,,
53,a_011,0,0.0,5e-05,1.0,20000,24.31229591369629,a_001;a_004;a_005;a_006;a_007;a_009;a_1a;a_2b;a_4b;a_5a,quadratic_soft,,,
53,a_012,1,0.0,0.00055,11.0,20000,24.31229591369629,a_001;a_004;a_005;a_006;a_007;a_009;a_1a;a_2b;a_4b;a_5a,quadratic_soft,,,
53,a_3a,0,0.0,0.00025,5.0,20000,24.31229591369629,a_001;a_004;a_005;a_006;a_007;a_009;a_1a;a_2b;a_4b;a_5a,quadratic_soft,,,
53,a_3b,0,0.0,5e-05,1.0,20000,24.31229591369629,a_001;a_004;a_005;a_006;a_007;a_009;a_1a;a_2b;a_4b;a_5a,quadratic_soft,,,
53,a_5b,1,0.0,0.01565,313.0,20000,24.31229591369629,a_001;a_004;a_005;a_006;a_007;a_009;a_1a;a_2b;a_4b;a_5a,quadratic_soft,,,
54,a_004,0,2.0,0.0004,8.0,20000,18.59010887145996,a_001;a_002;a_003;a_009;a_010;a_2a;a_2b;a_4a;a_4b;a_5a,quadratic_soft,,,
54,a_007,1,2.0,0.0002,4.0,20000,18.59010887145996,a_001;a_002;a_003;a_009;a_010;a_2a;a_2b;a_4a;a_4b;a_5a,quadratic_soft,,,
54,a_011,0,2.0,0.0002,4.0,20000,18.59010887145996,a_001;a_002;a_003;a_009;a_010;a_2a;a_2b;a_4a;a_4b;a_5a,quadratic_soft,,,
54,a_012,1,2.0,0.00175,35.0,20000,18.59010887145996,a_001;a_002;a_003;a_009;a_010;a_2a;a_2b;a_4a;a_4b;a_5a,quadratic_soft,,,
54,a_1a,0,2.0,0.0015,30.0,20000,18.59010887145996,a_001;a_002;a_003;a_009;a_010;a_2a;a_2b;a_4a;a_4b;a_5a,quadratic_soft,,,
54,a_3b,0,2.0,0.0003,6.0,20000,18.59010887145996,a_001;a_002;a_003;a_009;a_010;a_2a;a_2b;a_4a;a_4b;a_5a,quadratic_soft,,,
55,a_003,0,0.0,0.00095,19.0,20000,23.361906051635742,a_001;a_002;a_004;a_006;a_009;a_012;a_3a;a_3b;a_4a;a_5b,quadratic_soft,,,
55,a_005,1,0.0,0.0125,250.0,20000,23.361906051635742,a_001;a_002;a_004;a_006;a_009;a_012;a_3a;a_3b;a_4a;a_5b,quadratic_soft,,,
55,a_010,0,0.0,5e-05,1.0,20000,23.361906051635742,a_001;a_002;a_004;a_006;a_009;a_012;a_3a;a_3b;a_4a;a_5b,quadratic_soft,,,
55,a_1a,0,0.0,0.0012,24.0,20000,23.361906051635742,a_001;a_002;a_004;a_006;a_009;a_012;a_3a;a_3b;a_4a;a_5b,quadratic_soft,,,
55,a_2b,0,0.0,0.00045,9.0,20000,23.361906051635742,a_001;a_002;a_004;a_006;a_009;a_012;a_3a;a_3b;a_4a;a_5b,quadratic_soft,,,
55,a_4b,1,0.0,0.0028,56.0,20000,23.361906051635742,a_001;a_002;a_004;a_006;a_009;a_012;a_3a;a_3b;a_4a;a_5b,quadratic_soft,,,
56,a_004,0,4.0,0.0003,6.0,20000,18.233522415161133,a_001;a_003;a_005;a_006;a_007;a_009;a_2a;a_2b;a_4a;a_4b,quadratic_soft,,,
56,a_010,0,4.0,0.00015,3.0,20000,18.233522415161133,a_001;a_003;a_005;a_006;a_007;a_009;a_2a;a_2b;a_4a;a_4b,quadratic_soft,,,
56,a_012,1,4.0,0.0012,24.0,20000,18.233522415161133,a_001;a_003;a_005;a_006;a_007;a_009;a_2a;a_2b;a_4a;a_4b,quadratic_soft,,,
56,a_1a,0,4.0,0.00165,33.0,20000,18.233522415161133,a_001;a_003;a_005;a_006;a_007;a_009;a_2a;a_2b;a_4a;a_4b,quadratic_soft,,,
56,a_3a,0,4.0,0.0002,4.0,20000,18.233522415161133,a_001;a_003;a_005;a_006;a_007;a_009;a_2a;a_2b;a_4a;a_4b,quadratic_soft,,,
56,a_5b,1,4.0,0.0168,336.0,20000,18.233522415161133,a_001;a_003;a_005;a_006;a_007;a_009;a_2a;a_2b;a_4a;a_4b,quadratic_soft,,,
57,a_001,1,1.0,0.00015,3.0,20000,23.233121871948242,a_002;a_006;a_007;a_009;a_011;a_012;a_1a;a_2a;a_4b;a_5a,quadratic_soft,,,
57,a_003,0,1.0,0.00055,11.0,20000,23.233121871948242,a_002;a_006;a_007;a_009;a_011;a_012;a_1a;a_2a;a_4b;a_5a,quadratic_soft,,,
57,a_2b,0,1.0,0.00025,5.0,20000,23.233121871948242,a_002;a_006;a_007;a_009;a_011;a_012;a_1a;a_2a;a_4b;a_5a,quadratic_soft,,,
57,a_3a,0,1.0,0.00015,3.0,20000,23.233121871948242,a_002;a_006;a_007;a_009;a_011;a_012;a_1a;a_2a;a_4b;a_5a,quadratic_soft,,,
57,a_3b,0,1.0,0.0,0.0,20000,23.233121871948242,a_002;a_006;a_007;a_009;a_011;a_012;a_1a;a_2a;a_4b;a_5a,quadratic_soft,,,
57,a_4a,1,1.0,0.0061,122.0,20000,23.233121871948242,a_002;a_006;a_007;a_009;a_011;a_012;a_1a;a_2a;a_4b;a_5a,quadratic_soft,,,
58,a_002,1,2.0,0.01215,243.0,20000,18.491985321044922,a_001;a_003;a_005;a_009;a_011;a_012;a_1a;a_3b;a_4a;a_5a,quadratic_soft,,,
58,a_004,0,2.0,0.0006,12.0,20000,18.491985321044922,a_001;a_003;a_005;a_009;a_011;a_012;a_1a;a_3b;a_4a;a_5a,quadratic_soft,,,
58,a_010,0,2.0,5e-05,1.0,20000,18.491985321044922,a_001;a_003;a_005;a_009;a_011;a_012;a_1a;a_3b;a_4a;a_5a,quadratic_soft,,,
58,a_2b,0,2.0,0.00075,15.0,20000,18.491985321044922,a_001;a_003;a_005;a_009;a_011;a_012;a_1a;a_3b;a_4a;a_5a,quadratic_soft,,,
58,a_3a,0,2.0,0.00035,7.0,20000,18.491985321044922,a_001;a_003;a_005;a_009;a_011;a_012;a_1a;a_3b;a_4a;a_5a,quadratic_soft,,,
58,a_4b,1,2.0,0.0032,64.0,20000,18.491985321044922,a_001;a_003;a_005;a_009;a_011;a_012;a_1a;a_3b;a_4a;a_5a,quadratic_soft,,,
59,a_003,0,2.0,0.0002,4.0,20000,8.471232414245605,a_001;a_002;a_005;a_006;a_007;a_010;a_011;a_2b;a_4a,quadratic_soft,,,
59,a_004,0,2.0,5e-05,1.0,20000,8.471232414245605,a_001;a_002;a_005;a_006;a_007;a_010;a_011;a_2b;a_4a,quadratic_soft,,,
59,a_012,1,2.0,0.00025,5.0,20000,8.471232414245605,a_001;a_002;a_005;a_006;a_007;a_010;a_011;a_2b;a_4a,quadratic_soft,,,
59,a_2a,0,2.0,0.0002,4.0,20000,8.471232414245605,a_001;a_002;a_005;a_006;a_007;a_010;a_011;a_2b;a_4a,quadratic_soft,,,
59,a_3a,0,2.0,0.00015,3.0,20000,8.471232414245605,a_001;a_002;a_005;a_006;a_007;a_010;a_011;a_2b;a_4a,quadratic_soft,,,
59,a_4b,1,2.0,0.00075,15.0,20000,8.471232414245605,a_001;a_002;a_005;a_006;a_007;a_010;a_011;a_2b;a_4a,quadratic_soft,,,
60,a_002,1,0.0,0.00235,47.0,20000,11.277731895446777,a_001;a_003;a_004;a_006;a_007;a_010;a_012;a_2b;a_4b,quadratic_soft,,,
60,a_009,0,0.0,5e-05,1.0,20000,11.277731895446777,a_001;a_003;a_004;a_006;a_007;a_010;a_012;a_2b;a_4b,quadratic_soft,,,
60,a_011,0,0.0,0.0003,6.0,20000,11.277731895446777,a_001;a_003;a_004;a_006;a_007;a_010;a_012;a_2b;a_4b,quadratic_soft,,,
60,a_1a,0,0.0,0.00285,57.0,20000,11.277731895446777,a_001;a_003;a_004;a_006;a_007;a_010;a_012;a_2b;a_4b,quadratic_soft,,,
60,a_2a,0,0.0,0.0003,6.0,20000,11.277731895446777,a_001;a_003;a_004;a_006;a_007;a_010;a_012;a_2b;a_4b,quadratic_soft,,,
60,a_5a,1,0.0,0.0009,18.0,20000,11.277731895446777,a_001;a_003;a_004;a_006;a_007;a_010;a_012;a_2b;a_4b,quadratic_soft,,,
61,a_003,0,3.0,0.0005,10.0,20000,20.043214797973633,a_001;a_002;a_004;a_005;a_006;a_2a;a_3b;a_4a;a_5b,quadratic_soft,,,
61,a_009,0,3.0,0.0,0.0,20000,20.043214797973633,a_001;a_002;a_004;a_005;a_006;a_2a;a_3b;a_4a;a_5b,quadratic_soft,,,
61,a_010,0,3.0,5e-05,1.0,20000,20.043214797973633,a_001;a_002;a_004;a_005;a_006;a_2a;a_3b;a_4a;a_5b,quadratic_soft,,,
61,a_3a,0,3.0,0.0001,2.0,20000,20.043214797973633,a_001;a_002;a_004;a_005;a_006;a_2a;a_3b;a_4a;a_5b,quadratic_soft,,,
61,a_4b,1,3.0,0.00125,25.0,20000,20.043214797973633,a_001;a_002;a_004;a_005;a_006;a_2a;a_3b;a_4a;a_5b,quadratic_soft,,,
61,a_5a,1,3.0,0.0084,168.0,20000,20.043214797973633,a_001;a_002;a_004;a_005;a_006;a_2a;a_3b;a_4a;a_5b,quadratic_soft,,,
62,a_002,1,0.0,0.00805,161.0,20000,24.433914184570312,a_001;a_003;a_006;a_007;a_010;a_2b;a_3a;a_4b;a_5a,quadratic_soft,,,
62,a_009,0,0.0,0.0,0.0,20000,24.433914184570312,a_001;a_003;a_006;a_007;a_010;a_2b;a_3a;a_4b;a_5a,quadratic_soft,,,
62,a_011,0,0.0,0.0,0.0,20000,24.433914184570312,a_001;a_003;a_006;a_007;a_010;a_2b;a_3a;a_4b;a_5a,quadratic_soft,,,
62,a_1a,0,0.0,0.0014,28.0,20000,24.433914184570312,a_001;a_003;a_006;a_007;a_010;a_2b;a_3a;a_4b;a_5a,quadratic_soft,,,
62,a_2a,0,0.0,0.0004,8.0,20000,24.433914184570312,a_001;a_003;a_006;a_007;a_010;a_2b;a_3a;a_4b;a_5a,quadratic_soft,,,
62,a_4a,1,0.0,0.00475,95.0,20000,24.433914184570312,a_001;a_003;a_006;a_007;a_010;a_2b;a_3a;a_4b;a_5a,quadratic_soft,,,
63,a_011,0,0.0,0.00015,3.0,20000,17.794981002807617,a_001;a_004;a_005;a_006;a_007;a_009;a_1a;a_5a;a_5b,quadratic_soft,,,
63,a_2b,0,0.0,0.00015,3.0,20000,17.794981002807617,a_001;a_004;a_005;a_006;a_007;a_009;a_1a;a_5a;a_5b,quadratic_soft,,,
63,a_3a,0,0.0,0.00035,7.0,20000,17.794981002807617,a_001;a_004;a_005;a_006;a_007;a_009;a_1a;a_5a;a_5b,quadratic_soft,,,
63,a_3b,0,0.0,0.00035,7.0,20000,17.794981002807617,a_001;a_004;a_005;a_006;a_007;a_009;a_1a;a_5a;a_5b,quadratic_soft,,,
63,a_4a,1,0.0,0.00285,57.0,20000,17.794981002807617,a_001;a_004;a_005;a_006;a_007;a_009;a_1a;a_5a;a_5b,quadratic_soft,,,
63,a_4b,1,0.0,0.001,20.0,20000,17.794981002807617,a_001;a_004;a_005;a_006;a_007;a_009;a_1a;a_5a;a_5b,quadratic_soft,,,
64,a_003,0,3.0,0.00045,9.0,20000,11.752400398254395,a_001;a_002;a_004;a_006;a_007;a_2a;a_2b;a_3b;a_4b,quadratic_soft,,,
64,a_009,0,3.0,0.0,0.0,20000,11.752400398254395,a_001;a_002;a_004;a_006;a_007;a_2a;a_2b;a_3b;a_4b,quadratic_soft,,,
64,a_011,0,3.0,0.00015,3.0,20000,11.752400398254395,a_001;a_002;a_004;a_006;a_007;a_2a;a_2b;a_3b;a_4b,quadratic_soft,,,
64,a_012,1,3.0,0.0009,18.0,20000,11.752400398254395,a_001;a_002;a_004;a_006;a_007;a_2a;a_2b;a_3b;a_4b,quadratic_soft,,,
64,a_3a,0,3.0,0.00015,3.0,20000,11.752400398254395,a_001;a_002;a_004;a_006;a_007;a_2a;a_2b;a_3b;a_4b,quadratic_soft,,,
64,a_5a,1,3.0,0.0095,190.0,20000,11.752400398254395,a_001;a_002;a_004;a_006;a_007;a_2a;a_2b;a_3b;a_4b,quadratic_soft,,,
65,a_004,0,1.0,0.0003,6.0,20000,17.06108283996582,a_001;a_003;a_005;a_006;a_007;a_010;a_012;a_1a;a_3a;a_4b,quadratic_soft,,,
65,a_009,0,1.0,0.0,0.0,20000,17.06108283996582,a_001;a_003;a_005;a_006;a_007;a_010;a_012;a_1a;a_3a;a_4b,quadratic_soft,,,
65,a_2b,0,1.0,0.00045,9.0,20000,17.06108283996582,a_001;a_003;a_005;a_006;a_007;a_010;a_012;a_1a;a_3a;a_4b,quadratic_soft,,,
65,a_3b,0,1.0,0.0001,2.0,20000,17.06108283996582,a_001;a_003;a_005;a_006;a_007;a_010;a_012;a_1a;a_3a;a_4b,quadratic_soft,,,
65,a_4a,1,1.0,0.00305,61.0,20000,17.06108283996582,a_001;a_003;a_005;a_006;a_007;a_010;a_012;a_1a;a_3a;a_4b,quadratic_soft,,,
65,a_5b,1,1.0,0.01305,261.0,20000,17.06108283996582,a_001;a_003;a_005;a_006;a_007;a_010;a_012;a_1a;a_3a;a_4b,quadratic_soft,,,
66,a_006,0,1.0,0.0,0.0,20000,17.868736267089844,a_001;a_003;a_004;a_005;a_010;a_011;a_3b;a_4a;a_4b;a_5a,quadratic_soft,,,
66,a_007,1,1.0,0.0003,6.0,20000,17.868736267089844,a_001;a_003;a_004;a_005;a_010;a_011;a_3b;a_4a;a_4b;a_5a,quadratic_soft,,,
66,a_012,1,1.0,0.00025,5.0,20000,17.868736267089844,a_001;a_003;a_004;a_005;a_010;a_011;a_3b;a_4a;a_4b;a_5a,quadratic_soft,,,
66,a_1a,0,1.0,0.0015,30.0,20000,17.868736267089844,a_001;a_003;a_004;a_005;a_010;a_011;a_3b;a_4a;a_4b;a_5a,quadratic_soft,,,
66,a_2a,0,1.0,0.00045,9.0,20000,17.868736267089844,a_001;a_003;a_004;a_005;a_010;a_011;a_3b;a_4a;a_4b;a_5a,quadratic_soft,,,
66,a_3a,0,1.0,0.00015,3.0,20000,17.868736267089844,a_001;a_003;a_004;a_005;a_010;a_011;a_3b;a_4a;a_4b;a_5a,quadratic_soft,,,
67,a_009,0,2.0,0.0,0.0,20000,37.219425201416016,a_001;a_002;a_003;a_004;a_010;a_012;a_1a;a_2a;a_4a;a_5b,quadratic_soft,,,
67,a_011,0,2.0,5e-05,1.0,20000,37.219425201416016,a_001;a_002;a_003;a_004;a_010;a_012;a_1a;a_2a;a_4a;a_5b,quadratic_soft,,,
67,a_3a,0,2.0,0.0004,8.0,20000,37.219425201416016,a_001;a_002;a_003;a_004;a_010;a_012;a_1a;a_2a;a_4a;a_5b,quadratic_soft,,,
67,a_3b,0,2.0,0.00045,9.0,20000,37.219425201416016,a_001;a_002;a_003;a_004;a_010;a_012;a_1a;a_2a;a_4a;a_5b,quadratic_soft,,,
67,a_4b,1,2.0,0.0021,42.0,20000,37.219425201416016,a_001;a_002;a_003;a_004;a_010;a_012;a_1a;a_2a;a_4a;a_5b,quadratic_soft,,,
67,a_5a,1,2.0,0.01345,269.0,20000,37.219425201416016,a_001;a_002;a_003;a_004;a_010;a_012;a_1a;a_2a;a_4a;a_5b,quadratic_soft,,,
68,a_002,1,1.0,0.008,160.0,20000,21.452289581298828,a_001;a_004;a_005;a_009;a_011;a_012;a_2b;a_3b;a_4b;a_5b,quadratic_soft,,,
68,a_003,0,1.0,0.00045,9.0,20000,21.452289581298828,a_001;a_004;a_005;a_009;a_011;a_012;a_2b;a_3b;a_4b;a_5b,quadratic_soft,,,
68,a_006,0,1.0,0.0,0.0,20000,21.452289581298828,a_001;a_004;a_005;a_009;a_011;a_012;a_2b;a_3b;a_4b;a_5b,quadratic_soft,,,
68,a_010,0,1.0,0.0,0.0,20000,21.452289581298828,a_001;a_004;a_005;a_009;a_011;a_012;a_2b;a_3b;a_4b;a_5b,quadratic_soft,,,
68,a_2a,0,1.0,0.00025,5.0,20000,21.452289581298828,a_001;a_004;a_005;a_009;a_011;a_012;a_2b;a_3b;a_4b;a_5b,quadratic_soft,,,
68,a_4a,1,1.0,0.00545,109.0,20000,21.452289581298828,a_001;a_004;a_005;a_009;a_011;a_012;a_2b;a_3b;a_4b;a_5b,quadratic_soft,,,
69,a_001,1,3.0,5e-05,1.0,20000,34.866573333740234,a_004;a_005;a_006;a_007;a_009;a_1a;a_3b;a_4a;a_4b;a_5a,quadratic_soft,,,
69,a_002,1,3.0,0.0001,2.0,20000,34.866573333740234,a_004;a_005;a_006;a_007;a_009;a_1a;a_3b;a_4a;a_4b;a_5a,quadratic_soft,,,
69,a_003,0,3.0,0.0001,2.0,20000,34.866573333740234,a_004;a_005;a_006;a_007;a_009;a_1a;a_3b;a_4a;a_4b;a_5a,quadratic_soft,,,
69,a_010,0,3.0,0.0,0.0,20000,34.866573333740234,a_004;a_005;a_006;a_007;a_009;a_1a;a_3b;a_4a;a_4b;a_5a,quadratic_soft,,,
69,a_011,0,3.0,0.0,0.0,20000,34.866573333740234,a_004;a_005;a_006;a_007;a_009;a_1a;a_3b;a_4a;a_4b;a_5a,quadratic_soft,,,
69,a_3a,0,3.0,5e-05,1.0,20000,34.866573333740234,a_004;a_005;a_006;a_007;a_009;a_1a;a_3b;a_4a;a_4b;a_5a,quadratic_soft,,,
70,a_001,1,0.0,0.0004,8.0,20000,23.593772888183594,a_002;a_004;a_006;a_007;a_009;a_010;a_012;a_2b;a_4b,quadratic_soft,,,
70,a_011,0,0.0,0.0001,2.0,20000,23.593772888183594,a_002;a_004;a_006;a_007;a_009;a_010;a_012;a_2b;a_4b,quadratic_soft,,,
70,a_2a,0,0.0,0.0005,10.0,20000,23.593772888183594,a_002;a_004;a_006;a_007;a_009;a_010;a_012;a_2b;a_4b,quadratic_soft,,,
70,a_3a,0,0.0,0.00035,7.0,20000,23.593772888183594,a_002;a_004;a_006;a_007;a_009;a_010;a_012;a_2b;a_4b,quadratic_soft,,,
70,a_3b,0,0.0,0.00045,9.0,20000,23.593772888183594,a_002;a_004;a_006;a_007;a_009;a_010;a_012;a_2b;a_4b,quadratic_soft,,,
70,a_4a,1,0.0,0.00965,193.0,20000,23.593772888183594,a_002;a_004;a_006;a_007;a_009;a_010;a_012;a_2b;a_4b,quadratic_soft,,,
71,a_004,0,4.0,0.0002,4.0,20000,11.479917526245117,a_001;a_003;a_009;a_012;a_2a;a_2b;a_3a;a_4b;a_5a;a_5b,quadratic_soft,,,
71,a_005,1,4.0,0.0083,166.0,20000,11.479917526245117,a_001;a_003;a_009;a_012;a_2a;a_2b;a_3a;a_4b;a_5a;a_5b,quadratic_soft,,,
71,a_007,1,4.0,0.0002,4.0,20000,11.479917526245117,a_001;a_003;a_009;a_012;a_2a;a_2b;a_3a;a_4b;a_5a;a_5b,quadratic_soft,,,
71,a_011,0,4.0,0.0001,2.0,20000,11.479917526245117,a_001;a_003;a_009;a_012;a_2a;a_2b;a_3a;a_4b;a_5a;a_5b,quadratic_soft,,,
71,a_1a,0,4.0,0.0008,16.0,20000,11.479917526245117,a_001;a_003;a_009;a_012;a_2a;a_2b;a_3a;a_4b;a_5a;a_5b,quadratic_soft,,,
71,a_3b,0,4.0,0.0001,2.0,20000,11.479917526245117,a_001;a_003;a_009;a_012;a_2a;a_2b;a_3a;a_4b;a_5a;a_5b,quadratic_soft,,,
72,a_004,0,0.0,0.00065,13.0,20000,14.841238021850586,a_001;a_006;a_007;a_009;a_010;a_012;a_1a;a_3a;a_5a;a_5b,quadratic_soft,,,
72,a_005,1,0.0,0.0153,306.0,20000,14.841238021850586,a_001;a_006;a_007;a_009;a_010;a_012;a_1a;a_3a;a_5a;a_5b,quadratic_soft,,,
72,a_2a,0,0.0,0.00055,11.0,20000,14.841238021850586,a_001;a_006;a_007;a_009;a_010;a_012;a_1a;a_3a;a_5a;a_5b,quadratic_soft,,,
72,a_2b,0,0.0,0.0005,10.0,20000,14.841238021850586,a_001;a_006;a_007;a_009;a_010;a_012;a_1a;a_3a;a_5a;a_5b,quadratic_soft,,,
72,a_3b,0,0.0,0.0002,4.0,20000,14.841238021850586,a_001;a_006;a_007;a_009;a_010;a_012;a_1a;a_3a;a_5a;a_5b,quadratic_soft,,,
72,a_4b,1,0.0,0.0023,46.0,20000,14.841238021850586,a_001;a_006;a_007;a_009;a_010;a_012;a_1a;a_3a;a_5a;a_5b,quadratic_soft,,,
73,a_001,1,2.0,0.0001,2.0,20000,20.782196044921875,a_005;a_006;a_007;a_009;a_010;a_012;a_1a;a_3a;a_4b,quadratic_soft,,,
73,a_003,0,2.0,0.00025,5.0,20000,20.782196044921875,a_005;a_006;a_007;a_009;a_010;a_012;a_1a;a_3a;a_4b,quadratic_soft,,,
73,a_011,0,2.0,0.0,0.0,20000,20.782196044921875,a_005;a_006;a_007;a_009;a_010;a_012;a_1a;a_3a;a_4b,quadratic_soft,,,
73,a_2b,0,2.0,0.00045,9.0,20000,20.782196044921875,a_005;a_006;a_007;a_009;a_010;a_012;a_1a;a_3a;a_4b,quadratic_soft,,,
73,a_3b,0,2.0,5e-05,1.0,20000,20.782196044921875,a_005;a_006;a_007;a_009;a_010;a_012;a_1a;a_3a;a_4b,quadratic_soft,,,
73,a_5a,1,2.0,0.0098,196.0,20000,20.782196044921875,a_005;a_006;a_007;a_009;a_010;a_012;a_1a;a_3a;a_4b,quadratic_soft,,,
74,a_001,1,0.0,0.00015,3.0,20000,18.029376983642578,a_002;a_004;a_006;a_007;a_010;a_3a;a_3b;a_4a;a_4b,quadratic_soft,,,
74,a_003,0,0.0,0.00045,9.0,20000,18.029376983642578,a_002;a_004;a_006;a_007;a_010;a_3a;a_3b;a_4a;a_4b,quadratic_soft,,,
74,a_009,0,0.0,0.0,0.0,20000,18.029376983642578,a_002;a_004;a_006;a_007;a_010;a_3a;a_3b;a_4a;a_4b,quadratic_soft,,,
74,a_012,1,0.0,0.00065,13.0,20000,18.029376983642578,a_002;a_004;a_006;a_007;a_010;a_3a;a_3b;a_4a;a_4b,quadratic_soft,,,
74,a_1a,0,0.0,0.0005,10.0,20000,18.029376983642578,a_002;a_004;a_006;a_007;a_010;a_3a;a_3b;a_4a;a_4b,quadratic_soft,,,
74,a_2a,0,0.0,0.00025,5.0,20000,18.029376983642578,a_002;a_004;a_006;a_007;a_010;a_3a;a_3b;a_4a;a_4b,quadratic_soft,,,
75,a_004,0,2.0,0.0006,12.0,20000,22.213167190551758,a_001;a_002;a_003;a_010;a_011;a_012;a_3a;a_4b;a_5b,quadratic_soft,,,
75,a_005,1,2.0,0.01355,271.0,20000,22.213167190551758,a_001;a_002;a_003;a_010;a_011;a_012;a_3a;a_4b;a_5b,quadratic_soft,,,
75,a_007,1,2.0,0.0002,4.0,20000,22.213167190551758,a_001;a_002;a_003;a_010;a_011;a_012;a_3a;a_4b;a_5b,quadratic_soft,,,
75,a_1a,0,2.0,0.0014,28.0,20000,22.213167190551758,a_001;a_002;a_003;a_010;a_011;a_012;a_3a;a_4b;a_5b,quadratic_soft,,,
75,a_2a,0,2.0,0.00105,21.0,20000,22.213167190551758,a_001;a_002;a_003;a_010;a_011;a_012;a_3a;a_4b;a_5b,quadratic_soft,,,
75,a_2b,0,2.0,0.00085,17.0,20000,22.213167190551758,a_001;a_002;a_003;a_010;a_011;a_012;a_3a;a_4b;a_5b,quadratic_soft,,,
76,a_009,0,0.0,0.0,0.0,20000,11.141008377075195,a_001;a_002;a_004;a_006;a_007;a_012;a_2a;a_3b;a_4b,quadratic_soft,,,
76,a_011,0,0.0,0.0002,4.0,20000,11.141008377075195,a_001;a_002;a_004;a_006;a_007;a_012;a_2a;a_3b;a_4b,quadratic_soft,,,
76,a_1a,0,0.0,0.0012,24.0,20000,11.141008377075195,a_001;a_002;a_004;a_006;a_007;a_012;a_2a;a_3b;a_4b,quadratic_soft,,,
76,a_3a,0,0.0,0.00025,5.0,20000,11.141008377075195,a_001;a_002;a_004;a_006;a_007;a_012;a_2a;a_3b;a_4b,quadratic_soft,,,
76,a_4a,1,0.0,0.0081,162.0,20000,11.141008377075195,a_001;a_002;a_004;a_006;a_007;a_012;a_2a;a_3b;a_4b,quadratic_soft,,,
76,a_5b,1,0.0,0.01535,307.0,20000,11.141008377075195,a_001;a_002;a_004;a_006;a_007;a_012;a_2a;a_3b;a_4b,quadratic_soft,,,
77,a_001,1,2.0,0.0001,2.0,20000,20.181880950927734,a_002;a_003;a_004;a_005;a_007;a_010;a_012;a_1a;a_2a;a_4b,quadratic_soft,,,
77,a_006,0,2.0,0.0,0.0,20000,20.181880950927734,a_002;a_003;a_004;a_005;a_007;a_010;a_012;a_1a;a_2a;a_4b,quadratic_soft,,,
77,a_011,0,2.0,0.0,0.0,20000,20.181880950927734,a_002;a_003;a_004;a_005;a_007;a_010;a_012;a_1a;a_2a;a_4b,quadratic_soft,,,
77,a_3a,0,2.0,5e-05,1.0,20000,20.181880950927734,a_002;a_003;a_004;a_005;a_007;a_010;a_012;a_1a;a_2a;a_4b,quadratic_soft,,,
77,a_3b,0,2.0,0.0,0.0,20000,20.181880950927734,a_002;a_003;a_004;a_005;a_007;a_010;a_012;a_1a;a_2a;a_4b,quadratic_soft,,,
77,a_4a,1,2.0,0.00655,131.0,20000,20.181880950927734,a_002;a_003;a_004;a_005;a_007;a_010;a_012;a_1a;a_2a;a_4b,quadratic_soft,,,
78,a_002,1,1.0,0.0087,174.0,20000,12.916208267211914,a_001;a_005;a_006;a_007;a_1a;a_2a;a_3a;a_4b;a_5b,quadratic_soft,,,
78,a_003,0,1.0,0.00065,13.0,20000,12.916208267211914,a_001;a_005;a_006;a_007;a_1a;a_2a;a_3a;a_4b;a_5b,quadratic_soft,,,
78,a_009,0,1.0,0.0,0.0,20000,12.916208267211914,a_001;a_005;a_006;a_007;a_1a;a_2a;a_3a;a_4b;a_5b,quadratic_soft,,,
78,a_012,1,1.0,0.0013,26.0,20000,12.916208267211914,a_001;a_005;a_006;a_007;a_1a;a_2a;a_3a;a_4b;a_5b,quadratic_soft,,,
78,a_2b,0,1.0,0.00025,5.0,20000,12.916208267211914,a_001;a_005;a_006;a_007;a_1a;a_2a;a_3a;a_4b;a_5b,quadratic_soft,,,
78,a_3b,0,1.0,5e-05,1.0,20000,12.916208267211914,a_001;a_005;a_006;a_007;a_1a;a_2a;a_3a;a_4b;a_5b,quadratic_soft,,,
79,a_002,1,1.0,0.016,320.0,20000,25.62895393371582,a_001;a_005;a_007;a_009;a_010;a_1a;a_2a;a_3b;a_4b;a_5b,quadratic_soft,,,
79,a_004,0,1.0,0.00035,7.0,20000,25.62895393371582,a_001;a_005;a_007;a_009;a_010;a_1a;a_2a;a_3b;a_4b;a_5b,quadratic_soft,,,
79,a_011,0,1.0,0.00015,3.0,20000,25.62895393371582,a_001;a_005;a_007;a_009;a_010;a_1a;a_2a;a_3b;a_4b;a_5b,quadratic_soft,,,
79,a_2b,0,1.0,0.0004,8.0,20000,25.62895393371582,a_001;a_005;a_007;a_009;a_010;a_1a;a_2a;a_3b;a_4b;a_5b,quadratic_soft,,,
79,a_3a,0,1.0,0.0002,4.0,20000,25.62895393371582,a_001;a_005;a_007;a_009;a_010;a_1a;a_2a;a_3b;a_4b;a_5b,quadratic_soft,,,
79,a_5a,1,1.0,0.0148,296.0,20000,25.62895393371582,a_001;a_005;a_007;a_009;a_010;a_1a;a_2a;a_3b;a_4b;a_5b,quadratic_soft,,,
80,a_007,1,2.0,0.0002,4.0,20000,10.675504684448242,a_001;a_003;a_004;a_005;a_006;a_2b;a_3a;a_4a;a_4b;a_5b,quadratic_soft,,,
80,a_009,0,2.0,0.0,0.0,20000,10.675504684448242,a_001;a_003;a_004;a_005;a_006;a_2b;a_3a;a_4a;a_4b;a_5b,quadratic_soft,,,
80,a_011,0,2.0,5e-05,1.0,20000,10.675504684448242,a_001;a_003;a_004;a_005;a_006;a_2b;a_3a;a_4a;a_4b;a_5b,quadratic_soft,,,
80,a_2a,0,2.0,0.00035,7.0,20000,10.675504684448242,a_001;a_003;a_004;a_005;a_006;a_2b;a_3a;a_4a;a_4b;a_5b,quadratic_soft,,,
80,a_3b,0,2.0,0.00015,3.0,20000,10.675504684448242,a_001;a_003;a_004;a_005;a_006;a_2b;a_3a;a_4a;a_4b;a_5b,quadratic_soft,,,
80,a_5a,1,2.0,0.01125,225.0,20000,10.675504684448242,a_001;a_003;a_004;a_005;a_006;a_2b;a_3a;a_4a;a_4b;a_5b,quadratic_soft,,,
81,a_003,0,2.0,0.0007,14.0,20000,12.830058097839355,a_001;a_002;a_005;a_006;a_010;a_2a;a_2b;a_3b;a_4b;a_5a,quadratic_soft,,,
81,a_004,0,2.0,0.0001,2.0,20000,12.830058097839355,a_001;a_002;a_005;a_006;a_010;a_2a;a_2b;a_3b;a_4b;a_5a,quadratic_soft,,,
81,a_007,1,2.0,0.00025,5.0,20000,12.830058097839355,a_001;a_002;a_005;a_006;a_010;a_2a;a_2b;a_3b;a_4b;a_5a,quadratic_soft,,,
81,a_009,0,2.0,0.0,0.0,20000,12.830058097839355,a_001;a_002;a_005;a_006;a_010;a_2a;a_2b;a_3b;a_4b;a_5a,quadratic_soft,,,
81,a_011,0,2.0,5e-05,1.0,20000,12.830058097839355,a_001;a_002;a_005;a_006;a_010;a_2a;a_2b;a_3b;a_4b;a_5a,quadratic_soft,,,
81,a_5b,1,2.0,0.0178,356.0,20000,12.830058097839355,a_001;a_002;a_005;a_006;a_010;a_2a;a_2b;a_3b;a_4b;a_5a,quadratic_soft,,,
82,a_009,0,2.0,0.0,0.0,20000,19.104238510131836,a_001;a_003;a_006;a_007;a_010;a_012;a_2b;a_3a;a_4b,quadratic_soft,,,
82,a_011,0,2.0,0.00015,3.0,20000,19.104238510131836,a_001;a_003;a_006;a_007;a_010;a_012;a_2b;a_3a;a_4b,quadratic_soft,,,
82,a_1a,0,2.0,0.00145,29.0,20000,19.104238510131836,a_001;a_003;a_006;a_007;a_010;a_012;a_2b;a_3a;a_4b,quadratic_soft,,,
82,a_3b,0,2.0,0.0003,6.0,20000,19.104238510131836,a_001;a_003;a_006;a_007;a_010;a_012;a_2b;a_3a;a_4b,quadratic_soft,,,
82,a_4a,1,2.0,0.00965,193.0,20000,19.104238510131836,a_001;a_003;a_006;a_007;a_010;a_012;a_2b;a_3a;a_4b,quadratic_soft,,,
82,a_5b,1,2.0,0.01695,339.0,20000,19.104238510131836,a_001;a_003;a_006;a_007;a_010;a_012;a_2b;a_3a;a_4b,quadratic_soft,,,
83,a_004,0,0.0,5e-05,1.0,20000,17.38471794128418,a_002;a_003;a_005;a_007;a_010;a_1a;a_3a;a_4a;a_4b,quadratic_soft,,,
83,a_012,1,0.0,0.0004,8.0,20000,17.38471794128418,a_002;a_003;a_005;a_007;a_010;a_1a;a_3a;a_4a;a_4b,quadratic_soft,,,
83,a_2a,0,0.0,0.00045,9.0,20000,17.38471794128418,a_002;a_003;a_005;a_007;a_010;a_1a;a_3a;a_4a;a_4b,quadratic_soft,,,
83,a_2b,0,0.0,0.00045,9.0,20000,17.38471794128418,a_002;a_003;a_005;a_007;a_010;a_1a;a_3a;a_4a;a_4b,quadratic_soft,,,
83,a_3b,0,0.0,0.0001,2.0,20000,17.38471794128418,a_002;a_003;a_005;a_007;a_010;a_1a;a_3a;a_4a;a_4b,quadratic_soft,,,
83,a_5a,1,0.0,0.01095,219.0,20000,17.38471794128418,a_002;a_003;a_005;a_007;a_010;a_1a;a_3a;a_4a;a_4b,quadratic_soft,,,
84,a_002,1,0.0,0.0005,10.0,20000,13.025566101074219,a_003;a_005;a_007;a_011;a_1a;a_2b;a_3a;a_4a;a_4b;a_5a,quadratic_soft,,,
84,a_006,0,0.0,5e-05,1.0,20000,13.025566101074219,a_003;a_005;a_007;a_011;a_1a;a_2b;a_3a;a_4a;a_4b;a_5a,quadratic_soft,,,
84,a_009,0,0.0,0.0,0.0,20000,13.025566101074219,a_003;a_005;a_007;a_011;a_1a;a_2b;a_3a;a_4a;a_4b;a_5a,quadratic_soft,,,
84,a_010,0,0.0,0.0,0.0,20000,13.025566101074219,a_003;a_005;a_007;a_011;a_1a;a_2b;a_3a;a_4a;a_4b;a_5a,quadratic_soft,,,
84,a_012,1,0.0,5e-05,1.0,20000,13.025566101074219,a_003;a_005;a_007;a_011;a_1a;a_2b;a_3a;a_4a;a_4b;a_5a,quadratic_soft,,,
84,a_2a,0,0.0,0.0001,2.0,20000,13.025566101074219,a_003;a_005;a_007;a_011;a_1a;a_2b;a_3a;a_4a;a_4b;a_5a,quadratic_soft,,,
85,a_003,0,1.0,0.0006,12.0,20000,25.63983726501465,a_001;a_002;a_005;a_007;a_009;a_010;a_1a;a_3a;a_5a,quadratic_soft,,,
85,a_004,0,1.0,0.0005,10.0,20000,25.63983726501465,a_001;a_002;a_005;a_007;a_009;a_010;a_1a;a_3a;a_5a,quadratic_soft,,,
85,a_2a,0,1.0,0.00055,11.0,20000,25.63983726501465,a_001;a_002;a_005;a_007;a_009;a_010;a_1a;a_3a;a_5a,quadratic_soft,,,
85,a_3b,0,1.0,0.00025,5.0,20000,25.63983726501465,a_001;a_002;a_005;a_007;a_009;a_010;a_1a;a_3a;a_5a,quadratic_soft,,,
85,a_4b,1,1.0,0.00295,59.0,20000,25.63983726501465,a_001;a_002;a_005;a_007;a_009;a_010;a_1a;a_3a;a_5a,quadratic_soft,,,
85,a_5b,1,1.0,0.0166,332.0,20000,25.63983726501465,a_001;a_002;a_005;a_007;a_009;a_010;a_1a;a_3a;a_5a,quadratic_soft,,,
86,a_002,1,1.0,0.01435,287.0,20000,17.872356414794922,a_003;a_004;a_007;a_009;a_012;a_2a;a_2b;a_4a;a_5a;a_5b,quadratic_soft,,,
86,a_010,0,1.0,0.0,0.0,20000,17.872356414794922,a_003;a_004;a_007;a_009;a_012;a_2a;a_2b;a_4a;a_5a;a_5b,quadratic_soft,,,
86,a_011,0,1.0,0.0001,2.0,20000,17.872356414794922,a_003;a_004;a_007;a_009;a_012;a_2a;a_2b;a_4a;a_5a;a_5b,quadratic_soft,,,
86,a_1a,0,1.0,0.0005,10.0,20000,17.872356414794922,a_003;a_004;a_007;a_009;a_012;a_2a;a_2b;a_4a;a_5a;a_5b,quadratic_soft,,,
86,a_3a,0,1.0,0.00025,5.0,20000,17.872356414794922,a_003;a_004;a_007;a_009;a_012;a_2a;a_2b;a_4a;a_5a;a_5b,quadratic_soft,,,
86,a_4b,1,1.0,0.00135,27.0,20000,17.872356414794922,a_003;a_004;a_007;a_009;a_012;a_2a;a_2b;a_4a;a_5a;a_5b,quadratic_soft,,,
87,a_001,1,2.0,0.0,0.0,20000,14.964262962341309,a_002;a_003;a_005;a_007;a_010;a_1a;a_3b;a_5a;a_5b,quadratic_soft,,,
87,a_004,0,2.0,0.0,0.0,20000,14.964262962341309,a_002;a_003;a_005;a_007;a_010;a_1a;a_3b;a_5a;a_5b,quadratic_soft,,,
87,a_006,0,2.0,0.0,0.0,20000,14.964262962341309,a_002;a_003;a_005;a_007;a_010;a_1a;a_3b;a_5a;a_5b,quadratic_soft,,,
87,a_009,0,2.0,0.0,0.0,20000,14.964262962341309,a_002;a_003;a_005;a_007;a_010;a_1a;a_3b;a_5a;a_5b,quadratic_soft,,,
87,a_2b,0,2.0,5e-05,1.0,20000,14.964262962341309,a_002;a_003;a_005;a_007;a_010;a_1a;a_3b;a_5a;a_5b,quadratic_soft,,,
87,a_4b,1,2.0,0.0002,4.0,20000,14.964262962341309,a_002;a_003;a_005;a_007;a_010;a_1a;a_3b;a_5a;a_5b,quadratic_soft,,,
88,a_001,1,3.0,0.0002,4.0,20000,27.714155197143555,a_002;a_003;a_007;a_009;a_011;a_012;a_3a;a_5a;a_5b,quadratic_soft,,,
88,a_004,0,3.0,0.0002,4.0,20000,27.714155197143555,a_002;a_003;a_007;a_009;a_011;a_012;a_3a;a_5a;a_5b,quadratic_soft,,,
88,a_010,0,3.0,5e-05,1.0,20000,27.714155197143555,a_002;a_003;a_007;a_009;a_011;a_012;a_3a;a_5a;a_5b,quadratic_soft,,,
88,a_1a,0,3.0,0.00045,9.0,20000,27.714155197143555,a_002;a_003;a_007;a_009;a_011;a_012;a_3a;a_5a;a_5b,quadratic_soft,,,
88,a_2a,0,3.0,0.0003,6.0,20000,27.714155197143555,a_002;a_003;a_007;a_009;a_011;a_012;a_3a;a_5a;a_5b,quadratic_soft,,,
88,a_4b,1,3.0,0.00175,35.0,20000,27.714155197143555,a_002;a_003;a_007;a_009;a_011;a_012;a_3a;a_5a;a_5b,quadratic_soft,,,
89,a_009,0,0.0,0.0,0.0,20000,27.433971405029297,a_002;a_003;a_004;a_006;a_007;a_012;a_1a;a_2b;a_4a,quadratic_soft,,,
89,a_010,0,0.0,0.0001,2.0,20000,27.433971405029297,a_002;a_003;a_004;a_006;a_007;a_012;a_1a;a_2b;a_4a,quadratic_soft,,,
89,a_011,0,0.0,5e-05,1.0,20000,27.433971405029297,a_002;a_003;a_004;a_006;a_007;a_012;a_1a;a_2b;a_4a,quadratic_soft,,,
89,a_3a,0,0.0,0.0003,6.0,20000,27.433971405029297,a_002;a_003;a_004;a_006;a_007;a_012;a_1a;a_2b;a_4a,quadratic_soft,,,
89,a_4b,1,0.0,0.0025,50.0,20000,27.433971405029297,a_002;a_003;a_004;a_006;a_007;a_012;a_1a;a_2b;a_4a,quadratic_soft,,,
89,a_5b,1,0.0,0.0158,316.0,20000,27.433971405029297,a_002;a_003;a_004;a_006;a_007;a_012;a_1a;a_2b;a_4a,quadratic_soft,,,
90,a_001,1,2.0,0.0001,2.0,20000,20.288076400756836,a_002;a_005;a_006;a_007;a_011;a_1a;a_2b;a_3a;a_4b;a_5b,quadratic_soft,,,
90,a_003,0,2.0,0.0004,8.0,20000,20.288076400756836,a_002;a_005;a_006;a_007;a_011;a_1a;a_2b;a_3a;a_4b;a_5b,quadratic_soft,,,
90,a_004,0,2.0,0.0,0.0,20000,20.288076400756836,a_002;a_005;a_006;a_007;a_011;a_1a;a_2b;a_3a;a_4b;a_5b,quadratic_soft,,,
90,a_009,0,2.0,0.0,0.0,20000,20.288076400756836,a_002;a_005;a_006;a_007;a_011;a_1a;a_2b;a_3a;a_4b;a_5b,quadratic_soft,,,
90,a_3b,0,2.0,0.0,0.0,20000,20.288076400756836,a_002;a_005;a_006;a_007;a_011;a_1a;a_2b;a_3a;a_4b;a_5b,quadratic_soft,,,
90,a_4a,1,2.0,0.00395,79.0,20000,20.288076400756836,a_002;a_005;a_006;a_007;a_011;a_1a;a_2b;a_3a;a_4b;a_5b,quadratic_soft,,,
91,a_002,1,2.0,0.0123,246.0,20000,16.289587020874023,a_003;a_005;a_006;a_007;a_009;a_010;a_2a;a_4a;a_5a,quadratic_soft,,,
91,a_004,0,2.0,0.0002,4.0,20000,16.289587020874023,a_003;a_005;a_006;a_007;a_009;a_010;a_2a;a_4a;a_5a,quadratic_soft,,,
91,a_012,1,2.0,0.00035,7.0,20000,16.289587020874023,a_003;a_005;a_006;a_007;a_009;a_010;a_2a;a_4a;a_5a,quadratic_soft,,,
91,a_1a,0,2.0,0.00085,17.0,20000,16.289587020874023,a_003;a_005;a_006;a_007;a_009;a_010;a_2a;a_4a;a_5a,quadratic_soft,,,
91,a_2b,0,2.0,0.0002,4.0,20000,16.289587020874023,a_003;a_005;a_006;a_007;a_009;a_010;a_2a;a_4a;a_5a,quadratic_soft,,,
91,a_3b,0,2.0,0.00015,3.0,20000,16.289587020874023,a_003;a_005;a_006;a_007;a_009;a_010;a_2a;a_4a;a_5a,quadratic_soft,,,
92,a_003,0,1.0,0.00055,11.0,20000,23.11444091796875,a_001;a_002;a_007;a_009;a_010;a_011;a_012;a_2a;a_2b;a_4a,quadratic_soft,,,
92,a_004,0,1.0,0.0003,6.0,20000,23.11444091796875,a_001;a_002;a_007;a_009;a_010;a_011;a_012;a_2a;a_2b;a_4a,quadratic_soft,,,
92,a_006,0,1.0,0.0,0.0,20000,23.11444091796875,a_001;a_002;a_007;a_009;a_010;a_011;a_012;a_2a;a_2b;a_4a,quadratic_soft,,,
92,a_1a,0,1.0,0.0007,14.0,20000,23.11444091796875,a_001;a_002;a_007;a_009;a_010;a_011;a_012;a_2a;a_2b;a_4a,quadratic_soft,,,
92,a_4b,1,1.0,0.00225,45.0,20000,23.11444091796875,a_001;a_002;a_007;a_009;a_010;a_011;a_012;a_2a;a_2b;a_4a,quadratic_soft,,,
92,a_5b,1,1.0,0.01545,309.0,20000,23.11444091796875,a_001;a_002;a_007;a_009;a_010;a_011;a_012;a_2a;a_2b;a_4a,quadratic_soft,,,
93,a_006,0,2.0,0.00425,85.0,20000,6.238559722900391,a_001;a_002;a_003;a_004;a_007;a_1a;a_2a;a_2b;a_4a;a_4b,quadratic_soft,,,
93,a_009,0,2.0,0.00455,91.0,20000,6.238559722900391,a_001;a_002;a_003;a_004;a_007;a_1a;a_2a;a_2b;a_4a;a_4b,quadratic_soft,,,
93,a_010,0,2.0,0.00315,63.0,20000,6.238559722900391,a_001;a_002;a_003;a_004;a_007;a_1a;a_2a;a_2b;a_4a;a_4b,quadratic_soft,,,
93,a_012,1,2.0,5e-05,1.0,20000,6.238559722900391,a_001;a_002;a_003;a_004;a_007;a_1a;a_2a;a_2b;a_4a;a_4b,quadratic_soft,,,
93,a_3a,0,2.0,0.00055,11.0,20000,6.238559722900391,a_001;a_002;a_003;a_004;a_007;a_1a;a_2a;a_2b;a_4a;a_4b,quadratic_soft,,,
93,a_5a,1,2.0,0.0094,188.0,20000,6.238559722900391,a_001;a_002;a_003;a_004;a_007;a_1a;a_2a;a_2b;a_4a;a_4b,quadratic_soft,,,
94,a_012,1,2.0,0.00135,27.0,20000,6.1340179443359375,a_001;a_002;a_003;a_004;a_005;a_006;a_007;a_009;a_3a,quadratic_soft,,,
94,a_1a,0,2.0,0.00025,5.0,20000,6.1340179443359375,a_001;a_002;a_003;a_004;a_005;a_006;a_007;a_009;a_3a,quadratic_soft,,,
94,a_2a,0,2.0,5e-05,1.0,20000,6.1340179443359375,a_001;a_002;a_003;a_004;a_005;a_006;a_007;a_009;a_3a,quadratic_soft,,,
94,a_2b,0,2.0,0.0002,4.0,20000,6.1340179443359375,a_001;a_002;a_003;a_004;a_005;a_006;a_007;a_009;a_3a,quadratic_soft,,,
94,a_3b,0,2.0,5e-05,1.0,20000,6.1340179443359375,a_001;a_002;a_003;a_004;a_005;a_006;a_007;a_009;a_3a,quadratic_soft,,,
94,a_5a,1,2.0,0.00815,163.0,20000,6.1340179443359375,a_001;a_002;a_003;a_004;a_005;a_006;a_007;a_009;a_3a,quadratic_soft,,,
95,a_004,0,2.0,0.00015,3.0,20000,34.40460968017578,a_002;a_003;a_006;a_007;a_010;a_012;a_3a;a_3b;a_4b,quadratic_soft,,,
95,a_009,0,2.0,0.0,0.0,20000,34.40460968017578,a_002;a_003;a_006;a_007;a_010;a_012;a_3a;a_3b;a_4b,quadratic_soft,,,
95,a_1a,0,2.0,0.001,20.0,20000,34.40460968017578,a_002;a_003;a_006;a_007;a_010;a_012;a_3a;a_3b;a_4b,quadratic_soft,,,
95,a_2a,0,2.0,0.0004,8.0,20000,34.40460968017578,a_002;a_003;a_006;a_007;a_010;a_012;a_3a;a_3b;a_4b,quadratic_soft,,,
95,a_4a,1,2.0,0.0058,116.0,20000,34.40460968017578,a_002;a_003;a_006;a_007;a_010;a_012;a_3a;a_3b;a_4b,quadratic_soft,,,
95,a_5a,1,2.0,0.0112,224.0,20000,34.40460968017578,a_002;a_003;a_006;a_007;a_010;a_012;a_3a;a_3b;a_4b,quadratic_soft,,,
96,a_004,0,1.0,0.0002,4.0,20000,22.789485931396484,a_001;a_002;a_003;a_009;a_1a;a_2b;a_4a;a_4b;a_5b,quadratic_soft,,,
96,a_007,1,1.0,0.00015,3.0,20000,22.789485931396484,a_001;a_002;a_003;a_009;a_1a;a_2b;a_4a;a_4b;a_5b,quadratic_soft,,,
96,a_010,0,1.0,5e-05,1.0,20000,22.789485931396484,a_001;a_002;a_003;a_009;a_1a;a_2b;a_4a;a_4b;a_5b,quadratic_soft,,,
96,a_012,1,1.0,0.0005,10.0,20000,22.789485931396484,a_001;a_002;a_003;a_009;a_1a;a_2b;a_4a;a_4b;a_5b,quadratic_soft,,,
96,a_2a,0,1.0,0.0006,12.0,20000,22.789485931396484,a_001;a_002;a_003;a_009;a_1a;a_2b;a_4a;a_4b;a_5b,quadratic_soft,,,
96,a_3a,0,1.0,0.00015,3.0,20000,22.789485931396484,a_001;a_002;a_003;a_009;a_1a;a_2b;a_4a;a_4b;a_5b,quadratic_soft,,,
97,a_001,1,1.0,0.0,0.0,20000,22.32509422302246,a_005;a_010;a_012;a_1a;a_2a;a_2b;a_4a;a_4b;a_5a,quadratic_soft,,,
97,a_003,0,1.0,0.0006,12.0,20000,22.32509422302246,a_005;a_010;a_012;a_1a;a_2a;a_2b;a_4a;a_4b;a_5a,quadratic_soft,,,
97,a_006,0,1.0,5e-05,1.0,20000,22.32509422302246,a_005;a_010;a_012;a_1a;a_2a;a_2b;a_4a;a_4b;a_5a,quadratic_soft,,,
97,a_009,0,1.0,0.0,0.0,20000,22.32509422302246,a_005;a_010;a_012;a_1a;a_2a;a_2b;a_4a;a_4b;a_5a,quadratic_soft,,,
97,a_3b,0,1.0,0.0,0.0,20000,22.32509422302246,a_005;a_010;a_012;a_1a;a_2a;a_2b;a_4a;a_4b;a_5a,quadratic_soft,,,
97,a_5b,1,1.0,0.00325,65.0,20000,22.32509422302246,a_005;a_010;a_012;a_1a;a_2a;a_2b;a_4a;a_4b;a_5a,quadratic_soft,,,
98,a_006,0,1.0,0.0,0.0,20000,15.528599739074707,a_001;a_002;a_003;a_004;a_009;a_2b;a_3a;a_4b;a_5b,quadratic_soft,,,
98,a_011,0,1.0,0.0001,2.0,20000,15.528599739074707,a_001;a_002;a_003;a_004;a_009;a_2b;a_3a;a_4b;a_5b,quadratic_soft,,,
98,a_1a,0,1.0,0.0009,18.0,20000,15.528599739074707,a_001;a_002;a_003;a_004;a_009;a_2b;a_3a;a_4b;a_5b,quadratic_soft,,,
98,a_2a,0,1.0,0.0003,6.0,20000,15.528599739074707,a_001;a_002;a_003;a_004;a_009;a_2b;a_3a;a_4b;a_5b,quadratic_soft,,,
98,a_4a,1,1.0,0.00635,127.0,20000,15.528599739074707,a_001;a_002;a_003;a_004;a_009;a_2b;a_3a;a_4b;a_5b,quadratic_soft,,,
98,a_5a,1,1.0,0.0111,222.0,20000,15.528599739074707,a_001;a_002;a_003;a_004;a_009;a_2b;a_3a;a_4b;a_5b,quadratic_soft,,,
99,a_003,0,3.0,0.00085,17.0,20000,13.29135799407959,a_001;a_002;a_005;a_009;a_010;a_011;a_012;a_2a;a_3a;a_4a,quadratic_soft,,,
99,a_006,0,3.0,5e-05,1.0,20000,13.29135799407959,a_001;a_002;a_005;a_009;a_010;a_011;a_012;a_2a;a_3a;a_4a,quadratic_soft,,,
99,a_007,1,3.0,0.0005,10.0,20000,13.29135799407959,a_001;a_002;a_005;a_009;a_010;a_011;a_012;a_2a;a_3a;a_4a,quadratic_soft,,,
99,a_2b,0,3.0,0.00065,13.0,20000,13.29135799407959,a_001;a_002;a_005;a_009;a_010;a_011;a_012;a_2a;a_3a;a_4a,quadratic_soft,,,
99,a_3b,0,3.0,0.00015,3.0,20000,13.29135799407959,a_001;a_002;a_005;a_009;a_010;a_011;a_012;a_2a;a_3a;a_4a,quadratic_soft,,,
99,a_5b,1,3.0,0.01865,373.0,20000,13.29135799407959,a_001;a_002;a_005;a_009;a_010;a_011;a_012;a_2a;a_3a;a_4a,quadratic_soft,,,
0,a_002,1,1.0,0.0071,142.0,20000,0.267713725566864,a_001;a_003;a_005;a_007;a_009;a_010;a_011;a_012;a_3a;a_5b,prototype_soft,0.014468506909906864,0.7237119078636169,0.2724458873271942
0,a_004,0,1.0,0.0007,14.0,20000,0.267713725566864,a_001;a_003;a_005;a_007;a_009;a_010;a_011;a_012;a_3a;a_5b,prototype_soft,0.014468506909906864,0.7237119078636169,0.07375352829694748
0,a_006,0,1.0,0.0027,54.0,20000,0.267713725566864,a_001;a_003;a_005;a_007;a_009;a_010;a_011;a_012;a_3a;a_5b,prototype_soft,0.014468506909906864,0.7237119078636169,0.18414300680160522
0,a_1a,0,1.0,0.0002,4.0,20000,0.267713725566864,a_001;a_003;a_005;a_007;a_009;a_010;a_011;a_012;a_3a;a_5b,prototype_soft,0.014468506909906864,0.7237119078636169,0.02870512381196022
0,a_2a,0,1.0,0.00115,23.0,20000,0.267713725566864,a_001;a_003;a_005;a_007;a_009;a_010;a_011;a_012;a_3a;a_5b,prototype_soft,0.014468506909906864,0.7237119078636169,0.1193869560956955
0,a_4a,1,1.0,0.0003,6.0,20000,0.267713725566864,a_001;a_003;a_005;a_007;a_009;a_010;a_011;a_012;a_3a;a_5b,prototype_soft,0.014468506909906864,0.7237119078636169,0.02939625270664692
1,a_002,1,2.0,0.0014,28.0,20000,0.34980690479278564,a_001;a_005;a_009;a_010;a_011;a_012;a_2b;a_3a;a_4a;a_5b,prototype_soft,0.003180603962391615,0.8889774680137634,0.30837053060531616
1,a_003,0,2.0,0.0017,34.0,20000,0.34980690479278564,a_001;a_005;a_009;a_010;a_011;a_012;a_2b;a_3a;a_4a;a_5b,prototype_soft,0.003180603962391615,0.8889774680137634,0.33542799949645996
1,a_004,0,2.0,0.00075,15.0,20000,0.34980690479278564,a_001;a_005;a_009;a_010;a_011;a_012;a_2b;a_3a;a_4a;a_5b,prototype_soft,0.003180603962391615,0.8889774680137634,0.28706011176109314
1,a_006,0,2.0,0.00105,21.0,20000,0.34980690479278564,a_001;a_005;a_009;a_010;a_011;a_012;a_2b;a_3a;a_4a;a_5b,prototype_soft,0.003180603962391615,0.8889774680137634,0.2944827675819397
1,a_3b,0,2.0,0.0045,90.0,20000,0.34980690479278564,a_001;a_005;a_009;a_010;a_011;a_012;a_2b;a_3a;a_4a;a_5b,prototype_soft,0.003180603962391615,0.8889774680137634,0.4079502522945404
1,a_5a,1,2.0,0.0064,128.0,20000,0.34980690479278564,a_001;a_005;a_009;a_010;a_011;a_012;a_2b;a_3a;a_4a;a_5b,prototype_soft,0.003180603962391615,0.8889774680137634,0.44847336411476135
2,a_002,1,1.0,0.00255,51.0,20000,1.0768183469772339,a_001;a_006;a_009;a_011;a_012;a_2a;a_2b;a_4a;a_4b;a_5b,prototype_soft,0.01583676040172577,2.603503704071045,0.8059388995170593
2,a_004,0,1.0,0.0,0.0,20000,1.0768183469772339,a_001;a_006;a_009;a_011;a_012;a_2a;a_2b;a_4a;a_4b;a_5b,prototype_soft,0.01583676040172577,2.603503704071045,0.09292338788509369
2,a_007,1,1.0,0.00045,9.0,20000,1.0768183469772339,a_001;a_006;a_009;a_011;a_012;a_2a;a_2b;a_4a;a_4b;a_5b,prototype_soft,0.01583676040172577,2.603503704071045,0.3589077293872833
2,a_010,0,1.0,0.00025,5.0,20000,1.0768183469772339,a_001;a_006;a_009;a_011;a_012;a_2a;a_2b;a_4a;a_4b;a_5b,prototype_soft,0.01583676040172577,2.603503704071045,0.2216987907886505
2,a_1a,0,1.0,0.00245,49.0,20000,1.0768183469772339,a_001;a_006;a_009;a_011;a_012;a_2a;a_2b;a_4a;a_4b;a_5b,prototype_soft,0.01583676040172577,2.603503704071045,0.6102916598320007
2,a_3b,0,1.0,0.00085,17.0,20000,1.0768183469772339,a_001;a_006;a_009;a_011;a_012;a_2a;a_2b;a_4a;a_4b;a_5b,prototype_soft,0.01583676040172577,2.603503704071045,0.34505289793014526
3,a_006,0,2.0,0.00865,173.0,20000,1.0590752363204956,a_001;a_002;a_003;a_005;a_010;a_012;a_1a;a_2b;a_3a;a_4a,prototype_soft,0.04628296568989754,2.483691453933716,0.7119843363761902
3,a_009,0,2.0,0.01485,297.0,20000,1.0590752363204956,a_001;a_002;a_003;a_005;a_010;a_012;a_1a;a_2b;a_3a;a_4a,prototype_soft,0.04628296568989754,2.483691453933716,0.9621824622154236
3,a_011,0,2.0,0.00915,183.0,20000,1.0590752363204956,a_001;a_002;a_003;a_005;a_010;a_012;a_1a;a_2b;a_3a;a_4a,prototype_soft,0.04628296568989754,2.483691453933716,0.7794636487960815
3,a_2a,0,2.0,0.00105,21.0,20000,1.0590752363204956,a_001;a_002;a_003;a_005;a_010;a_012;a_1a;a_2b;a_3a;a_4a,prototype_soft,0.04628296568989754,2.483691453933716,0.21364960074424744
3,a_5a,1,2.0,0.01495,299.0,20000,1.0590752363204956,a_001;a_002;a_003;a_005;a_010;a_012;a_1a;a_2b;a_3a;a_4a,prototype_soft,0.04628296568989754,2.483691453933716,0.8976914286613464
3,a_5b,1,2.0,0.01225,245.0,20000,1.0590752363204956,a_001;a_002;a_003;a_005;a_010;a_012;a_1a;a_2b;a_3a;a_4a,prototype_soft,0.04628296568989754,2.483691453933716,0.8602269887924194
4,a_001,1,3.0,0.00065,13.0,20000,1.8429834842681885,a_002;a_006;a_007;a_009;a_1a;a_2b;a_3a;a_4a;a_5a,prototype_soft,0.007797215133905411,4.590177536010742,1.1147313117980957
4,a_003,0,3.0,0.0017,34.0,20000,1.8429834842681885,a_002;a_006;a_007;a_009;a_1a;a_2b;a_3a;a_4a;a_5a,prototype_soft,0.007797215133905411,4.590177536010742,1.3680875301361084
4,a_010,0,3.0,0.00025,5.0,20000,1.8429834842681885,a_002;a_006;a_007;a_009;a_1a;a_2b;a_3a;a_4a;a_5a,prototype_soft,0.007797215133905411,4.590177536010742,0.3222827911376953
4,a_011,0,3.0,0.0003,6.0,20000,1.8429834842681885,a_002;a_006;a_007;a_009;a_1a;a_2b;a_3a;a_4a;a_5a,prototype_soft,0.007797215133905411,4.590177536010742,1.0471786260604858
4,a_2a,0,3.0,0.0002,4.0,20000,1.8429834842681885,a_002;a_006;a_007;a_009;a_1a;a_2b;a_3a;a_4a;a_5a,prototype_soft,0.007797215133905411,4.590177536010742,0.5235928297042847
4,a_4b,1,3.0,0.00145,29.0,20000,1.8429834842681885,a_002;a_006;a_007;a_009;a_1a;a_2b;a_3a;a_4a;a_5a,prototype_soft,0.007797215133905411,4.590177536010742,1.4568781852722168
5,a_003,0,1.0,0.00245,49.0,20000,1.1170125007629395,a_002;a_004;a_005;a_007;a_009;a_012;a_2a;a_3a;a_4b,prototype_soft,0.012437699362635612,2.7822060585021973,0.8717109560966492
5,a_011,0,1.0,0.0023,46.0,20000,1.1170125007629395,a_002;a_004;a_005;a_007;a_009;a_012;a_2a;a_3a;a_4b,prototype_soft,0.012437699362635612,2.7822060585021973,0.8427426815032959
5,a_2b,0,1.0,5e-05,1.0,20000,1.1170125007629395,a_002;a_004;a_005;a_007;a_009;a_012;a_2a;a_3a;a_4b,prototype_soft,0.012437699362635612,2.7822060585021973,0.025893697515130043
5,a_3b,0,1.0,0.00095,19.0,20000,1.1170125007629395,a_002;a_004;a_005;a_007;a_009;a_012;a_2a;a_3a;a_4b,prototype_soft,0.012437699362635612,2.7822060585021973,0.3798660337924957
5,a_5a,1,1.0,0.0063,126.0,20000,1.1170125007629395,a_002;a_004;a_005;a_007;a_009;a_012;a_2a;a_3a;a_4b,prototype_soft,0.012437699362635612,2.7822060585021973,1.1278910636901855
5,a_5b,1,1.0,0.0157,314.0,20000,1.1170125007629395,a_002;a_004;a_005;a_007;a_009;a_012;a_2a;a_3a;a_4b,prototype_soft,0.012437699362635612,2.7822060585021973,1.422684907913208
6,a_001,1,3.0,0.00185,37.0,20000,1.8225975036621094,a_002;a_004;a_006;a_007;a_009;a_010;a_012;a_3b;a_4b;a_5b,prototype_soft,0.008697382174432278,3.879899024963379,1.1532710790634155
6,a_003,0,3.0,0.00195,39.0,20000,1.8225975036621094,a_002;a_004;a_006;a_007;a_009;a_010;a_012;a_3b;a_4b;a_5b,prototype_soft,0.008697382174432278,3.879899024963379,1.222024917602539
6,a_1a,0,3.0,0.00145,29.0,20000,1.8225975036621094,a_002;a_004;a_006;a_007;a_009;a_010;a_012;a_3b;a_4b;a_5b,prototype_soft,0.008697382174432278,3.879899024963379,1.1260013580322266
6,a_2a,0,3.0,0.00025,5.0,20000,1.8225975036621094,a_002;a_004;a_006;a_007;a_009;a_010;a_012;a_3b;a_4b;a_5b,prototype_soft,0.008697382174432278,3.879899024963379,0.23999923467636108
6,a_2b,0,3.0,0.00045,9.0,20000,1.8225975036621094,a_002;a_004;a_006;a_007;a_009;a_010;a_012;a_3b;a_4b;a_5b,prototype_soft,0.008697382174432278,3.879899024963379,0.3027557134628296
6,a_5a,1,3.0,0.0115,230.0,20000,1.8225975036621094,a_002;a_004;a_006;a_007;a_009;a_010;a_012;a_3b;a_4b;a_5b,prototype_soft,0.008697382174432278,3.879899024963379,2.566336154937744
7,a_002,1,2.0,0.0023,46.0,20000,0.9803774952888489,a_001;a_003;a_005;a_006;a_2b;a_3a;a_3b;a_4b;a_5b,prototype_soft,0.010078905150294304,2.408151388168335,0.7437146902084351
7,a_004,0,2.0,0.0002,4.0,20000,0.9803774952888489,a_001;a_003;a_005;a_006;a_2b;a_3a;a_3b;a_4b;a_5b,prototype_soft,0.010078905150294304,2.408151388168335,0.13254182040691376
7,a_010,0,2.0,0.00135,27.0,20000,0.9803774952888489,a_001;a_003;a_005;a_006;a_2b;a_3a;a_3b;a_4b;a_5b,prototype_soft,0.010078905150294304,2.408151388168335,0.5358801484107971
7,a_012,1,2.0,0.00045,9.0,20000,0.9803774952888489,a_001;a_003;a_005;a_006;a_2b;a_3a;a_3b;a_4b;a_5b,prototype_soft,0.010078905150294304,2.408151388168335,0.39236247539520264
7,a_1a,0,2.0,0.00205,41.0,20000,0.9803774952888489,a_001;a_003;a_005;a_006;a_2b;a_3a;a_3b;a_4b;a_5b,prototype_soft,0.010078905150294304,2.408151388168335,0.6802269816398621
7,a_2a,0,2.0,0.0002,4.0,20000,0.9803774952888489,a_001;a_003;a_005;a_006;a_2b;a_3a;a_3b;a_4b;a_5b,prototype_soft,0.010078905150294304,2.408151388168335,0.12018250674009323
8,a_001,1,0.0,0.00105,21.0,20000,1.4198697805404663,a_002;a_003;a_005;a_007;a_009;a_1a;a_3a;a_3b;a_4a;a_5b,prototype_soft,0.00626564072445035,3.097536325454712,0.8022365570068359
8,a_006,0,0.0,0.00025,5.0,20000,1.4198697805404663,a_002;a_003;a_005;a_007;a_009;a_1a;a_3a;a_3b;a_4a;a_5b,prototype_soft,0.00626564072445035,3.097536325454712,0.24045410752296448
8,a_010,0,0.0,0.0002,4.0,20000,1.4198697805404663,a_002;a_003;a_005;a_007;a_009;a_1a;a_3a;a_3b;a_4a;a_5b,prototype_soft,0.00626564072445035,3.097536325454712,0.2150038331747055
8,a_2a,0,0.0,0.0001,2.0,20000,1.4198697805404663,a_002;a_003;a_005;a_007;a_009;a_1a;a_3a;a_3b;a_4a;a_5b,prototype_soft,0.00626564072445035,3.097536325454712,0.12662027776241302
8,a_2b,0,0.0,0.00035,7.0,20000,1.4198697805404663,a_002;a_003;a_005;a_007;a_009;a_1a;a_3a;a_3b;a_4a;a_5b,prototype_soft,0.00626564072445035,3.097536325454712,0.22107365727424622
8,a_5a,1,0.0,0.00605,121.0,20000,1.4198697805404663,a_002;a_003;a_005;a_007;a_009;a_1a;a_3a;a_3b;a_4a;a_5b,prototype_soft,0.00626564072445035,3.097536325454712,1.6835631132125854
9,a_003,0,2.0,0.0099,198.0,20000,0.9962708353996277,a_001;a_004;a_005;a_006;a_009;a_012;a_1a;a_2a;a_4a;a_5a,prototype_soft,0.03189081698656082,2.2863197326660156,0.9160623550415039
9,a_007,1,2.0,0.0086,172.0,20000,0.9962708353996277,a_001;a_004;a_005;a_006;a_009;a_012;a_1a;a_2a;a_4a;a_5a,prototype_soft,0.03189081698656082,2.2863197326660156,0.8063924312591553
9,a_011,0,2.0,0.01625,325.0,20000,0.9962708353996277,a_001;a_004;a_005;a_006;a_009;a_012;a_1a;a_2a;a_4a;a_5a,prototype_soft,0.03189081698656082,2.2863197326660156,1.0319992303848267
9,a_2b,0,2.0,0.00045,9.0,20000,0.9962708353996277,a_001;a_004;a_005;a_006;a_009;a_012;a_1a;a_2a;a_4a;a_5a,prototype_soft,0.03189081698656082,2.2863197326660156,0.1388813853263855
9,a_3a,0,2.0,0.0006,12.0,20000,0.9962708353996277,a_001;a_004;a_005;a_006;a_009;a_012;a_1a;a_2a;a_4a;a_5a,prototype_soft,0.03189081698656082,2.2863197326660156,0.23310482501983643
9,a_4b,1,2.0,0.01045,209.0,20000,0.9962708353996277,a_001;a_004;a_005;a_006;a_009;a_012;a_1a;a_2a;a_4a;a_5a,prototype_soft,0.03189081698656082,2.2863197326660156,0.8618564605712891
10,a_002,1,1.0,0.012,240.0,20000,1.6279163360595703,a_001;a_005;a_006;a_011;a_2b;a_3a;a_4a;a_4b;a_5a,prototype_soft,0.010224205441772938,3.9219918251037598,1.9862332344055176
10,a_003,0,1.0,0.0021,42.0,20000,1.6279163360595703,a_001;a_005;a_006;a_011;a_2b;a_3a;a_4a;a_4b;a_5a,prototype_soft,0.010224205441772938,3.9219918251037598,1.2644332647323608
10,a_007,1,1.0,0.00105,21.0,20000,1.6279163360595703,a_001;a_005;a_006;a_011;a_2b;a_3a;a_4a;a_4b;a_5a,prototype_soft,0.010224205441772938,3.9219918251037598,0.9393168091773987
10,a_009,0,1.0,0.00035,7.0,20000,1.6279163360595703,a_001;a_005;a_006;a_011;a_2b;a_3a;a_4a;a_4b;a_5a,prototype_soft,0.010224205441772938,3.9219918251037598,0.6522715091705322
10,a_010,0,1.0,0.00025,5.0,20000,1.6279163360595703,a_001;a_005;a_006;a_011;a_2b;a_3a;a_4a;a_4b;a_5a,prototype_soft,0.010224205441772938,3.9219918251037598,0.274585485458374
10,a_2a,0,1.0,0.0015,30.0,20000,1.6279163360595703,a_001;a_005;a_006;a_011;a_2b;a_3a;a_4a;a_4b;a_5a,prototype_soft,0.010224205441772938,3.9219918251037598,0.9417132139205933
11,a_002,1,1.0,0.0244,488.0,20000,1.0207887887954712,a_004;a_005;a_007;a_009;a_1a;a_2b;a_4a;a_4b;a_5a,prototype_soft,0.012189608067274094,2.3368210792541504,1.4535009860992432
11,a_003,0,1.0,0.00575,115.0,20000,1.0207887887954712,a_004;a_005;a_007;a_009;a_1a;a_2b;a_4a;a_4b;a_5a,prototype_soft,0.012189608067274094,2.3368210792541504,1.0342867374420166
11,a_006,0,1.0,0.00205,41.0,20000,1.0207887887954712,a_004;a_005;a_007;a_009;a_1a;a_2b;a_4a;a_4b;a_5a,prototype_soft,0.012189608067274094,2.3368210792541504,0.7748281955718994
11,a_010,0,1.0,0.00165,33.0,20000,1.0207887887954712,a_004;a_005;a_007;a_009;a_1a;a_2b;a_4a;a_4b;a_5a,prototype_soft,0.012189608067274094,2.3368210792541504,0.6947203278541565
11,a_011,0,1.0,0.00715,143.0,20000,1.0207887887954712,a_004;a_005;a_007;a_009;a_1a;a_2b;a_4a;a_4b;a_5a,prototype_soft,0.012189608067274094,2.3368210792541504,1.0922640562057495
11,a_012,1,1.0,0.02495,499.0,20000,1.0207887887954712,a_004;a_005;a_007;a_009;a_1a;a_2b;a_4a;a_4b;a_5a,prototype_soft,0.012189608067274094,2.3368210792541504,1.3610525131225586
12,a_001,1,3.0,0.00035,7.0,20000,1.0132676362991333,a_002;a_007;a_009;a_010;a_011;a_012;a_2a;a_3b;a_4b;a_5a,prototype_soft,0.0064123282209038734,2.206346035003662,0.37422436475753784
12,a_003,0,3.0,0.0043,86.0,20000,1.0132676362991333,a_002;a_007;a_009;a_010;a_011;a_012;a_2a;a_3b;a_4b;a_5a,prototype_soft,0.0064123282209038734,2.206346035003662,1.1099255084991455
12,a_004,0,3.0,0.0003,6.0,20000,1.0132676362991333,a_002;a_007;a_009;a_010;a_011;a_012;a_2a;a_3b;a_4b;a_5a,prototype_soft,0.0064123282209038734,2.206346035003662,0.2779601812362671
12,a_006,0,3.0,0.0065,130.0,20000,1.0132676362991333,a_002;a_007;a_009;a_010;a_011;a_012;a_2a;a_3b;a_4b;a_5a,prototype_soft,0.0064123282209038734,2.206346035003662,1.2564644813537598
12,a_3a,0,3.0,0.00035,7.0,20000,1.0132676362991333,a_002;a_007;a_009;a_010;a_011;a_012;a_2a;a_3b;a_4b;a_5a,prototype_soft,0.0064123282209038734,2.206346035003662,0.23865634202957153
12,a_4a,1,3.0,0.0046,92.0,20000,1.0132676362991333,a_002;a_007;a_009;a_010;a_011;a_012;a_2a;a_3b;a_4b;a_5a,prototype_soft,0.0064123282209038734,2.206346035003662,1.127628207206726
13,a_004,0,3.0,0.00115,23.0,20000,1.689637541770935,a_001;a_002;a_003;a_005;a_006;a_010;a_3a;a_4a;a_5b,prototype_soft,0.01087507326155901,3.9217398166656494,0.8322154879570007
13,a_009,0,3.0,0.00015,3.0,20000,1.689637541770935,a_001;a_002;a_003;a_005;a_006;a_010;a_3a;a_4a;a_5b,prototype_soft,0.01087507326155901,3.9217398166656494,0.41326484084129333
13,a_1a,0,3.0,0.0025,50.0,20000,1.689637541770935,a_001;a_002;a_003;a_005;a_006;a_010;a_3a;a_4a;a_5b,prototype_soft,0.01087507326155901,3.9217398166656494,1.312178611755371
13,a_3b,0,3.0,0.00085,17.0,20000,1.689637541770935,a_001;a_002;a_003;a_005;a_006;a_010;a_3a;a_4a;a_5b,prototype_soft,0.01087507326155901,3.9217398166656494,0.8506466150283813
13,a_4b,1,3.0,0.0034,68.0,20000,1.689637541770935,a_001;a_002;a_003;a_005;a_006;a_010;a_3a;a_4a;a_5b,prototype_soft,0.01087507326155901,3.9217398166656494,1.509705901145935
13,a_5a,1,3.0,0.01375,275.0,20000,1.689637541770935,a_001;a_002;a_003;a_005;a_006;a_010;a_3a;a_4a;a_5b,prototype_soft,0.01087507326155901,3.9217398166656494,2.3728606700897217
14,a_005,1,1.0,0.0,0.0,20000,1.6859327554702759,a_001;a_003;a_006;a_007;a_009;a_011;a_1a;a_4b;a_5b,prototype_soft,0.0112958624958992,3.3869571685791016,0.045277711004018784
14,a_010,0,1.0,0.0,0.0,20000,1.6859327554702759,a_001;a_003;a_006;a_007;a_009;a_011;a_1a;a_4b;a_5b,prototype_soft,0.0112958624958992,3.3869571685791016,0.04794709011912346
14,a_2a,0,1.0,0.0,0.0,20000,1.6859327554702759,a_001;a_003;a_006;a_007;a_009;a_011;a_1a;a_4b;a_5b,prototype_soft,0.0112958624958992,3.3869571685791016,0.06355442851781845
14,a_3a,0,1.0,0.0,0.0,20000,1.6859327554702759,a_001;a_003;a_006;a_007;a_009;a_011;a_1a;a_4b;a_5b,prototype_soft,0.0112958624958992,3.3869571685791016,0.08110007643699646
14,a_3b,0,1.0,0.0,0.0,20000,1.6859327554702759,a_001;a_003;a_006;a_007;a_009;a_011;a_1a;a_4b;a_5b,prototype_soft,0.0112958624958992,3.3869571685791016,0.09820959717035294
14,a_5a,1,1.0,0.0,0.0,20000,1.6859327554702759,a_001;a_003;a_006;a_007;a_009;a_011;a_1a;a_4b;a_5b,prototype_soft,0.0112958624958992,3.3869571685791016,0.048084408044815063
15,a_002,1,2.0,0.00095,19.0,20000,0.42429763078689575,a_004;a_005;a_007;a_009;a_010;a_012;a_2a;a_4a;a_5b,prototype_soft,0.005420622881501913,0.9474412798881531,0.3152605891227722
15,a_003,0,2.0,0.00305,61.0,20000,0.42429763078689575,a_004;a_005;a_007;a_009;a_010;a_012;a_2a;a_4a;a_5b,prototype_soft,0.005420622881501913,0.9474412798881531,0.431271493434906
15,a_011,0,2.0,0.00405,81.0,20000,0.42429763078689575,a_004;a_005;a_007;a_009;a_010;a_012;a_2a;a_4a;a_5b,prototype_soft,0.005420622881501913,0.9474412798881531,0.47248226404190063
15,a_1a,0,2.0,0.0001,2.0,20000,0.42429763078689575,a_004;a_005;a_007;a_009;a_010;a_012;a_2a;a_4a;a_5b,prototype_soft,0.005420622881501913,0.9474412798881531,0.0994419977068901
15,a_3a,0,2.0,0.00015,3.0,20000,0.42429763078689575,a_004;a_005;a_007;a_009;a_010;a_012;a_2a;a_4a;a_5b,prototype_soft,0.005420622881501913,0.9474412798881531,0.10960863530635834
15,a_4b,1,2.0,0.0008,16.0,20000,0.42429763078689575,a_004;a_005;a_007;a_009;a_010;a_012;a_2a;a_4a;a_5b,prototype_soft,0.005420622881501913,0.9474412798881531,0.2940661311149597
16,a_003,0,2.0,0.0006,12.0,20000,0.8577311635017395,a_002;a_004;a_005;a_007;a_009;a_010;a_1a;a_3b;a_4b;a_5b,prototype_soft,0.010810194537043571,2.171513557434082,0.37277036905288696
16,a_006,0,2.0,0.00015,3.0,20000,0.8577311635017395,a_002;a_004;a_005;a_007;a_009;a_010;a_1a;a_3b;a_4b;a_5b,prototype_soft,0.010810194537043571,2.171513557434082,0.12317819893360138
16,a_012,1,2.0,0.0001,2.0,20000,0.8577311635017395,a_002;a_004;a_005;a_007;a_009;a_010;a_1a;a_3b;a_4b;a_5b,prototype_soft,0.010810194537043571,2.171513557434082,0.199349045753479
16,a_2a,0,2.0,0.0001,2.0,20000,0.8577311635017395,a_002;a_004;a_005;a_007;a_009;a_010;a_1a;a_3b;a_4b;a_5b,prototype_soft,0.010810194537043571,2.171513557434082,0.03996055945754051
16,a_2b,0,2.0,0.0,0.0,20000,0.8577311635017395,a_002;a_004;a_005;a_007;a_009;a_010;a_1a;a_3b;a_4b;a_5b,prototype_soft,0.010810194537043571,2.171513557434082,0.018424663692712784
16,a_5a,1,2.0,0.0008,16.0,20000,0.8577311635017395,a_002;a_004;a_005;a_007;a_009;a_010;a_1a;a_3b;a_4b;a_5b,prototype_soft,0.010810194537043571,2.171513557434082,0.4641667604446411
17,a_004,0,3.0,0.0,0.0,20000,0.5517253875732422,a_001;a_003;a_005;a_006;a_1a;a_2b;a_3a;a_4b;a_5a,prototype_soft,0.02088870480656624,1.2894610166549683,0.028775811195373535
17,a_007,1,3.0,0.0014,28.0,20000,0.5517253875732422,a_001;a_003;a_005;a_006;a_1a;a_2b;a_3a;a_4b;a_5a,prototype_soft,0.02088870480656624,1.2894610166549683,0.30049556493759155
17,a_009,0,3.0,0.00165,33.0,20000,0.5517253875732422,a_001;a_003;a_005;a_006;a_1a;a_2b;a_3a;a_4b;a_5a,prototype_soft,0.02088870480656624,1.2894610166549683,0.30632928013801575
17,a_011,0,3.0,0.0008,16.0,20000,0.5517253875732422,a_001;a_003;a_005;a_006;a_1a;a_2b;a_3a;a_4b;a_5a,prototype_soft,0.02088870480656624,1.2894610166549683,0.22245559096336365
17,a_2a,0,3.0,0.003,60.0,20000,0.5517253875732422,a_001;a_003;a_005;a_006;a_1a;a_2b;a_3a;a_4b;a_5a,prototype_soft,0.02088870480656624,1.2894610166549683,0.38115912675857544
17,a_4a,1,3.0,0.01955,391.0,20000,0.5517253875732422,a_001;a_003;a_005;a_006;a_1a;a_2b;a_3a;a_4b;a_5a,prototype_soft,0.02088870480656624,1.2894610166549683,0.6681079268455505
18,a_003,0,0.0,0.00045,9.0,20000,0.731717586517334,a_006;a_007;a_009;a_010;a_011;a_012;a_2b;a_5a;a_5b,prototype_soft,0.007273687981069088,1.955735683441162,0.38164860010147095
18,a_004,0,0.0,0.0,0.0,20000,0.731717586517334,a_006;a_007;a_009;a_010;a_011;a_012;a_2b;a_5a;a_5b,prototype_soft,0.007273687981069088,1.955735683441162,0.04325026273727417
18,a_005,1,0.0,0.0004,8.0,20000,0.731717586517334,a_006;a_007;a_009;a_010;a_011;a_012;a_2b;a_5a;a_5b,prototype_soft,0.007273687981069088,1.955735683441162,0.3322673738002777
18,a_1a,0,0.0,0.00025,5.0,20000,0.731717586517334,a_006;a_007;a_009;a_010;a_011;a_012;a_2b;a_5a;a_5b,prototype_soft,0.007273687981069088,1.955735683441162,0.24770644307136536
18,a_3a,0,0.0,5e-05,1.0,20000,0.731717586517334,a_006;a_007;a_009;a_010;a_011;a_012;a_2b;a_5a;a_5b,prototype_soft,0.007273687981069088,1.955735683441162,0.11966077238321304
18,a_4a,1,0.0,0.00175,35.0,20000,0.731717586517334,a_006;a_007;a_009;a_010;a_011;a_012;a_2b;a_5a;a_5b,prototype_soft,0.007273687981069088,1.955735683441162,0.5603502988815308
19,a_003,0,2.0,0.00015,3.0,20000,0.23024408519268036,a_002;a_004;a_007;a_009;a_011;a_012;a_1a;a_3b;a_4a;a_5a,prototype_soft,0.01599632203578949,0.5674830079078674,0.013572563417255878
19,a_005,1,2.0,0.0021,42.0,20000,0.23024408519268036,a_002;a_004;a_007;a_009;a_011;a_012;a_1a;a_3b;a_4a;a_5a,prototype_soft,0.01599632203578949,0.5674830079078674,0.10212299227714539
19,a_006,0,2.0,0.0145,290.0,20000,0.23024408519268036,a_002;a_004;a_007;a_009;a_011;a_012;a_1a;a_3b;a_4a;a_5a,prototype_soft,0.01599632203578949,0.5674830079078674,0.2761918306350708
19,a_2a,0,2.0,0.00035,7.0,20000,0.23024408519268036,a_002;a_004;a_007;a_009;a_011;a_012;a_1a;a_3b;a_4a;a_5a,prototype_soft,0.01599632203578949,0.5674830079078674,0.026902029290795326
19,a_2b,0,2.0,0.0029,58.0,20000,0.23024408519268036,a_002;a_004;a_007;a_009;a_011;a_012;a_1a;a_3b;a_4a;a_5a,prototype_soft,0.01599632203578949,0.5674830079078674,0.13698920607566833
19,a_4b,1,2.0,0.0,0.0,20000,0.23024408519268036,a_002;a_004;a_007;a_009;a_011;a_012;a_1a;a_3b;a_4a;a_5a,prototype_soft,0.01599632203578949,0.5674830079078674,0.007016108371317387
20,a_002,1,1.0,0.00895,179.0,20000,0.6922124624252319,a_001;a_004;a_005;a_006;a_007;a_1a;a_2a;a_3b;a_4a;a_4b,prototype_soft,0.02542068064212799,1.6076403856277466,0.6663181781768799
20,a_003,0,1.0,0.0059,118.0,20000,0.6922124624252319,a_001;a_004;a_005;a_006;a_007;a_1a;a_2a;a_3b;a_4a;a_4b,prototype_soft,0.02542068064212799,1.6076403856277466,0.5885138511657715
20,a_009,0,1.0,0.01565,313.0,20000,0.6922124624252319,a_001;a_004;a_005;a_006;a_007;a_1a;a_2a;a_3b;a_4a;a_4b,prototype_soft,0.02542068064212799,1.6076403856277466,0.7491369247436523
20,a_011,0,1.0,0.0028,56.0,20000,0.6922124624252319,a_001;a_004;a_005;a_006;a_007;a_1a;a_2a;a_3b;a_4a;a_4b,prototype_soft,0.02542068064212799,1.6076403856277466,0.423104852437973
20,a_012,1,1.0,0.00705,141.0,20000,0.6922124624252319,a_001;a_004;a_005;a_006;a_007;a_1a;a_2a;a_3b;a_4a;a_4b,prototype_soft,0.02542068064212799,1.6076403856277466,0.6144388914108276
20,a_2b,0,1.0,0.0007,14.0,20000,0.6922124624252319,a_001;a_004;a_005;a_006;a_007;a_1a;a_2a;a_3b;a_4a;a_4b,prototype_soft,0.02542068064212799,1.6076403856277466,0.12046493589878082
21,a_006,0,0.0,0.01835,367.0,20000,0.7242151498794556,a_002;a_003;a_004;a_007;a_1a;a_2b;a_3b;a_4a;a_4b,prototype_soft,0.01896239072084427,1.7776635885238647,0.8943421244621277
21,a_009,0,0.0,0.01015,203.0,20000,0.7242151498794556,a_002;a_003;a_004;a_007;a_1a;a_2b;a_3b;a_4a;a_4b,prototype_soft,0.01896239072084427,1.7776635885238647,0.759989321231842
21,a_010,0,0.0,0.0075,150.0,20000,0.7242151498794556,a_002;a_003;a_004;a_007;a_1a;a_2b;a_3b;a_4a;a_4b,prototype_soft,0.01896239072084427,1.7776635885238647,0.6807087063789368
21,a_012,1,0.0,0.00115,23.0,20000,0.7242151498794556,a_002;a_003;a_004;a_007;a_1a;a_2b;a_3b;a_4a;a_4b,prototype_soft,0.01896239072084427,1.7776635885238647,0.3933618366718292
21,a_3a,0,0.0,0.00095,19.0,20000,0.7242151498794556,a_002;a_003;a_004;a_007;a_1a;a_2b;a_3b;a_4a;a_4b,prototype_soft,0.01896239072084427,1.7776635885238647,0.1836467832326889
21,a_5a,1,0.0,0.02475,495.0,20000,0.7242151498794556,a_002;a_003;a_004;a_007;a_1a;a_2b;a_3b;a_4a;a_4b,prototype_soft,0.01896239072084427,1.7776635885238647,1.0023006200790405
22,a_004,0,2.0,0.0027,54.0,20000,1.1846734285354614,a_001;a_002;a_003;a_009;a_012;a_1a;a_2b;a_3a;a_4b;a_5a,prototype_soft,0.012645632959902287,2.5307369232177734,0.7051844000816345
22,a_005,1,2.0,0.0327,654.0,20000,1.1846734285354614,a_001;a_002;a_003;a_009;a_012;a_1a;a_2b;a_3a;a_4b;a_5a,prototype_soft,0.012645632959902287,2.5307369232177734,2.029633045196533
22,a_010,0,2.0,0.0005,10.0,20000,1.1846734285354614,a_001;a_002;a_003;a_009;a_012;a_1a;a_2b;a_3a;a_4b;a_5a,prototype_soft,0.012645632959902287,2.5307369232177734,0.16338177025318146
22,a_2a,0,2.0,0.0027,54.0,20000,1.1846734285354614,a_001;a_002;a_003;a_009;a_012;a_1a;a_2b;a_3a;a_4b;a_5a,prototype_soft,0.012645632959902287,2.5307369232177734,0.7965049743652344
22,a_3b,0,2.0,0.0022,44.0,20000,1.1846734285354614,a_001;a_002;a_003;a_009;a_012;a_1a;a_2b;a_3a;a_4b;a_5a,prototype_soft,0.012645632959902287,2.5307369232177734,0.7298581004142761
22,a_4a,1,2.0,0.01,200.0,20000,1.1846734285354614,a_001;a_002;a_003;a_009;a_012;a_1a;a_2b;a_3a;a_4b;a_5a,prototype_soft,0.012645632959902287,2.5307369232177734,1.404207706451416
23,a_007,1,3.0,0.00395,79.0,20000,0.8028507232666016,a_001;a_003;a_005;a_006;a_1a;a_2b;a_3b;a_4a;a_4b,prototype_soft,0.018397612497210503,1.75216543674469,0.6382301449775696
23,a_009,0,3.0,0.0266,532.0,20000,0.8028507232666016,a_001;a_003;a_005;a_006;a_1a;a_2b;a_3b;a_4a;a_4b,prototype_soft,0.018397612497210503,1.75216543674469,1.0153435468673706
23,a_010,0,3.0,0.00565,113.0,20000,0.8028507232666016,a_001;a_003;a_005;a_006;a_1a;a_2b;a_3b;a_4a;a_4b,prototype_soft,0.018397612497210503,1.75216543674469,0.6810123920440674
23,a_011,0,3.0,0.0108,216.0,20000,0.8028507232666016,a_001;a_003;a_005;a_006;a_1a;a_2b;a_3b;a_4a;a_4b,prototype_soft,0.018397612497210503,1.75216543674469,0.8693007230758667
23,a_2a,0,3.0,0.0013,26.0,20000,0.8028507232666016,a_001;a_003;a_005;a_006;a_1a;a_2b;a_3b;a_4a;a_4b,prototype_soft,0.018397612497210503,1.75216543674469,0.2352151721715927
23,a_5b,1,3.0,0.01485,297.0,20000,0.8028507232666016,a_001;a_003;a_005;a_006;a_1a;a_2b;a_3b;a_4a;a_4b,prototype_soft,0.018397612497210503,1.75216543674469,0.9283613562583923
24,a_003,0,0.0,0.00075,15.0,20000,1.2099136114120483,a_002;a_005;a_006;a_007;a_009;a_010;a_2b;a_3b;a_4b;a_5a,prototype_soft,0.010359412059187889,2.504808187484741,0.7579465508460999
24,a_004,0,0.0,0.00015,3.0,20000,1.2099136114120483,a_002;a_005;a_006;a_007;a_009;a_010;a_2b;a_3b;a_4b;a_5a,prototype_soft,0.010359412059187889,2.504808187484741,0.44900017976760864
24,a_2a,0,0.0,0.0001,2.0,20000,1.2099136114120483,a_002;a_005;a_006;a_007;a_009;a_010;a_2b;a_3b;a_4b;a_5a,prototype_soft,0.010359412059187889,2.504808187484741,0.06870348006486893
24,a_3a,0,0.0,0.00015,3.0,20000,1.2099136114120483,a_002;a_005;a_006;a_007;a_009;a_010;a_2b;a_3b;a_4b;a_5a,prototype_soft,0.010359412059187889,2.504808187484741,0.25416049361228943
24,a_4a,1,0.0,0.0,0.0,20000,1.2099136114120483,a_002;a_005;a_006;a_007;a_009;a_010;a_2b;a_3b;a_4b;a_5a,prototype_soft,0.010359412059187889,2.504808187484741,0.0771825984120369
24,a_5b,1,0.0,0.00245,49.0,20000,1.2099136114120483,a_002;a_005;a_006;a_007;a_009;a_010;a_2b;a_3b;a_4b;a_5a,prototype_soft,0.010359412059187889,2.504808187484741,1.0208483934402466
25,a_007,1,0.0,5e-05,1.0,20000,0.851499617099762,a_002;a_003;a_004;a_005;a_006;a_3a;a_4a;a_5a;a_5b,prototype_soft,0.008966624736785889,1.731817364692688,0.34769096970558167
25,a_011,0,0.0,5e-05,1.0,20000,0.851499617099762,a_002;a_003;a_004;a_005;a_006;a_3a;a_4a;a_5a;a_5b,prototype_soft,0.008966624736785889,1.731817364692688,0.25276851654052734
25,a_1a,0,0.0,0.0,0.0,20000,0.851499617099762,a_002;a_003;a_004;a_005;a_006;a_3a;a_4a;a_5a;a_5b,prototype_soft,0.008966624736785889,1.731817364692688,0.30627018213272095
25,a_2b,0,0.0,0.0,0.0,20000,0.851499617099762,a_002;a_003;a_004;a_005;a_006;a_3a;a_4a;a_5a;a_5b,prototype_soft,0.008966624736785889,1.731817364692688,0.1565607786178589
25,a_3b,0,0.0,5e-05,1.0,20000,0.851499617099762,a_002;a_003;a_004;a_005;a_006;a_3a;a_4a;a_5a;a_5b,prototype_soft,0.008966624736785889,1.731817364692688,0.24283459782600403
25,a_4b,1,0.0,0.00035,7.0,20000,0.851499617099762,a_002;a_003;a_004;a_005;a_006;a_3a;a_4a;a_5a;a_5b,prototype_soft,0.008966624736785889,1.731817364692688,0.5515574216842651
26,a_003,0,3.0,5e-05,1.0,20000,0.44872286915779114,a_001;a_005;a_006;a_009;a_011;a_1a;a_2a;a_5a;a_5b,prototype_soft,0.007942287251353264,1.136619210243225,0.04910510033369064
26,a_004,0,3.0,0.0003,6.0,20000,0.44872286915779114,a_001;a_005;a_006;a_009;a_011;a_1a;a_2a;a_5a;a_5b,prototype_soft,0.007942287251353264,1.136619210243225,0.062106676399707794
26,a_007,1,3.0,0.00215,43.0,20000,0.44872286915779114,a_001;a_005;a_006;a_009;a_011;a_1a;a_2a;a_5a;a_5b,prototype_soft,0.007942287251353264,1.136619210243225,0.3724757730960846
26,a_010,0,3.0,0.00045,9.0,20000,0.44872286915779114,a_001;a_005;a_006;a_009;a_011;a_1a;a_2a;a_5a;a_5b,prototype_soft,0.007942287251353264,1.136619210243225,0.13792148232460022
26,a_3b,0,3.0,0.0,0.0,20000,0.44872286915779114,a_001;a_005;a_006;a_009;a_011;a_1a;a_2a;a_5a;a_5b,prototype_soft,0.007942287251353264,1.136619210243225,0.012597870081663132
26,a_4a,1,3.0,0.0001,2.0,20000,0.44872286915779114,a_001;a_005;a_006;a_009;a_011;a_1a;a_2a;a_5a;a_5b,prototype_soft,0.007942287251353264,1.136619210243225,0.08051156997680664
27,a_001,1,3.0,0.00105,21.0,20000,1.7865610122680664,a_002;a_003;a_004;a_005;a_007;a_009;a_1a;a_3b;a_4a;a_5a,prototype_soft,0.0036364307161420584,4.476674556732178,1.1422287225723267
27,a_006,0,3.0,0.00015,3.0,20000,1.7865610122680664,a_002;a_003;a_004;a_005;a_007;a_009;a_1a;a_3b;a_4a;a_5a,prototype_soft,0.0036364307161420584,4.476674556732178,0.3932018578052521
27,a_011,0,3.0,0.0002,4.0,20000,1.7865610122680664,a_002;a_003;a_004;a_005;a_007;a_009;a_1a;a_3b;a_4a;a_5a,prototype_soft,0.0036364307161420584,4.476674556732178,0.6318317651748657
27,a_2b,0,3.0,0.0002,4.0,20000,1.7865610122680664,a_002;a_003;a_004;a_005;a_007;a_009;a_1a;a_3b;a_4a;a_5a,prototype_soft,0.0036364307161420584,4.476674556732178,0.3675590455532074
27,a_3a,0,3.0,0.0001,2.0,20000,1.7865610122680664,a_002;a_003;a_004;a_005;a_007;a_009;a_1a;a_3b;a_4a;a_5a,prototype_soft,0.0036364307161420584,4.476674556732178,0.325533926486969
27,a_5b,1,3.0,0.0152,304.0,20000,1.7865610122680664,a_002;a_003;a_004;a_005;a_007;a_009;a_1a;a_3b;a_4a;a_5a,prototype_soft,0.0036364307161420584,4.476674556732178,2.6752312183380127
28,a_003,0,0.0,0.00105,21.0,20000,1.2305067777633667,a_002;a_005;a_006;a_007;a_009;a_012;a_1a;a_2a;a_5a,prototype_soft,0.0020054737105965614,2.6820919513702393,0.8866062164306641
28,a_004,0,0.0,0.00045,9.0,20000,1.2305067777633667,a_002;a_005;a_006;a_007;a_009;a_012;a_1a;a_2a;a_5a,prototype_soft,0.0020054737105965614,2.6820919513702393,0.6910127401351929
28,a_3a,0,0.0,5e-05,1.0,20000,1.2305067777633667,a_002;a_005;a_006;a_007;a_009;a_012;a_1a;a_2a;a_5a,prototype_soft,0.0020054737105965614,2.6820919513702393,0.21624712646007538
28,a_3b,0,0.0,0.0001,2.0,20000,1.2305067777633667,a_002;a_005;a_006;a_007;a_009;a_012;a_1a;a_2a;a_5a,prototype_soft,0.0020054737105965614,2.6820919513702393,0.24511052668094635
28,a_4b,1,0.0,5e-05,1.0,20000,1.2305067777633667,a_002;a_005;a_006;a_007;a_009;a_012;a_1a;a_2a;a_5a,prototype_soft,0.0020054737105965614,2.6820919513702393,0.2962881922721863
28,a_5b,1,0.0,0.0032,64.0,20000,1.2305067777633667,a_002;a_005;a_006;a_007;a_009;a_012;a_1a;a_2a;a_5a,prototype_soft,0.0020054737105965614,2.6820919513702393,1.3421335220336914
29,a_004,0,0.0,0.0017,34.0,20000,1.5745351314544678,a_001;a_003;a_005;a_006;a_007;a_010;a_011;a_1a;a_4a;a_5a,prototype_soft,0.009782536886632442,3.596830368041992,0.9072990417480469
29,a_009,0,0.0,0.00015,3.0,20000,1.5745351314544678,a_001;a_003;a_005;a_006;a_007;a_010;a_011;a_1a;a_4a;a_5a,prototype_soft,0.009782536886632442,3.596830368041992,0.413362979888916
29,a_012,1,0.0,0.0048,96.0,20000,1.5745351314544678,a_001;a_003;a_005;a_006;a_007;a_010;a_011;a_1a;a_4a;a_5a,prototype_soft,0.009782536886632442,3.596830368041992,1.611531138420105
29,a_2b,0,0.0,0.00145,29.0,20000,1.5745351314544678,a_001;a_003;a_005;a_006;a_007;a_010;a_011;a_1a;a_4a;a_5a,prototype_soft,0.009782536886632442,3.596830368041992,0.8903601765632629
29,a_3b,0,0.0,0.00035,7.0,20000,1.5745351314544678,a_001;a_003;a_005;a_006;a_007;a_010;a_011;a_1a;a_4a;a_5a,prototype_soft,0.009782536886632442,3.596830368041992,0.45065709948539734
29,a_5b,1,0.0,0.0217,434.0,20000,1.5745351314544678,a_001;a_003;a_005;a_006;a_007;a_010;a_011;a_1a;a_4a;a_5a,prototype_soft,0.009782536886632442,3.596830368041992,2.3915584087371826
30,a_004,0,0.0,0.0003,6.0,20000,1.583807349205017,a_001;a_002;a_009;a_011;a_012;a_2a;a_3b;a_4a;a_5b,prototype_soft,0.0069693406112492085,3.5167431831359863,0.4623574912548065
30,a_005,1,0.0,0.01705,341.0,20000,1.583807349205017,a_001;a_002;a_009;a_011;a_012;a_2a;a_3b;a_4a;a_5b,prototype_soft,0.0069693406112492085,3.5167431831359863,2.2221784591674805
30,a_007,1,0.0,0.0017,34.0,20000,1.583807349205017,a_001;a_002;a_009;a_011;a_012;a_2a;a_3b;a_4a;a_5b,prototype_soft,0.0069693406112492085,3.5167431831359863,1.1582261323928833
30,a_1a,0,0.0,0.00045,9.0,20000,1.583807349205017,a_001;a_002;a_009;a_011;a_012;a_2a;a_3b;a_4a;a_5b,prototype_soft,0.0069693406112492085,3.5167431831359863,0.7937909960746765
30,a_2b,0,0.0,0.0,0.0,20000,1.583807349205017,a_001;a_002;a_009;a_011;a_012;a_2a;a_3b;a_4a;a_5b,prototype_soft,0.0069693406112492085,3.5167431831359863,0.16714274883270264
30,a_3a,0,0.0,5e-05,1.0,20000,1.583807349205017,a_001;a_002;a_009;a_011;a_012;a_2a;a_3b;a_4a;a_5b,prototype_soft,0.0069693406112492085,3.5167431831359863,0.3009102940559387
31,a_001,1,1.0,0.00065,13.0,20000,1.844949722290039,a_002;a_006;a_009;a_2a;a_3a;a_3b;a_4a;a_4b;a_5b,prototype_soft,0.005485292989760637,3.9374406337738037,0.8575438261032104
31,a_003,0,1.0,0.001,20.0,20000,1.844949722290039,a_002;a_006;a_009;a_2a;a_3a;a_3b;a_4a;a_4b;a_5b,prototype_soft,0.005485292989760637,3.9374406337738037,0.9934744238853455
31,a_004,0,1.0,0.0003,6.0,20000,1.844949722290039,a_002;a_006;a_009;a_2a;a_3a;a_3b;a_4a;a_4b;a_5b,prototype_soft,0.005485292989760637,3.9374406337738037,0.32384487986564636
31,a_007,1,1.0,0.00115,23.0,20000,1.844949722290039,a_002;a_006;a_009;a_2a;a_3a;a_3b;a_4a;a_4b;a_5b,prototype_soft,0.005485292989760637,3.9374406337738037,1.1651238203048706
31,a_010,0,1.0,0.0003,6.0,20000,1.844949722290039,a_002;a_006;a_009;a_2a;a_3a;a_3b;a_4a;a_4b;a_5b,prototype_soft,0.005485292989760637,3.9374406337738037,0.19336818158626556
31,a_1a,0,1.0,0.00165,33.0,20000,1.844949722290039,a_002;a_006;a_009;a_2a;a_3a;a_3b;a_4a;a_4b;a_5b,prototype_soft,0.005485292989760637,3.9374406337738037,1.3602832555770874
32,a_003,0,2.0,0.00095,19.0,20000,1.226724624633789,a_001;a_002;a_004;a_006;a_010;a_2a;a_3b;a_4b;a_5a,prototype_soft,0.00888871680945158,2.80547833442688,0.7152808904647827
32,a_009,0,2.0,0.0003,6.0,20000,1.226724624633789,a_001;a_002;a_004;a_006;a_010;a_2a;a_3b;a_4b;a_5a,prototype_soft,0.00888871680945158,2.80547833442688,0.6052120923995972
32,a_011,0,2.0,0.0003,6.0,20000,1.226724624633789,a_001;a_002;a_004;a_006;a_010;a_2a;a_3b;a_4b;a_5a,prototype_soft,0.00888871680945158,2.80547833442688,0.4805857837200165
32,a_012,1,2.0,0.01055,211.0,20000,1.226724624633789,a_001;a_002;a_004;a_006;a_010;a_2a;a_3b;a_4b;a_5a,prototype_soft,0.00888871680945158,2.80547833442688,1.5228668451309204
32,a_3a,0,2.0,0.00025,5.0,20000,1.226724624633789,a_001;a_002;a_004;a_006;a_010;a_2a;a_3b;a_4b;a_5a,prototype_soft,0.00888871680945158,2.80547833442688,0.34799808263778687
32,a_4a,1,2.0,0.00055,11.0,20000,1.226724624633789,a_001;a_002;a_004;a_006;a_010;a_2a;a_3b;a_4b;a_5a,prototype_soft,0.00888871680945158,2.80547833442688,0.8086767196655273
33,a_007,1,4.0,0.00085,17.0,20000,0.5358359813690186,a_001;a_002;a_003;a_004;a_006;a_012;a_1a;a_2a;a_4a;a_5b,prototype_soft,0.02068776823580265,1.2737996578216553,0.23278585076332092
33,a_009,0,4.0,0.00185,37.0,20000,0.5358359813690186,a_001;a_002;a_003;a_004;a_006;a_012;a_1a;a_2a;a_4a;a_5b,prototype_soft,0.02068776823580265,1.2737996578216553,0.3164501488208771
33,a_011,0,4.0,0.00075,15.0,20000,0.5358359813690186,a_001;a_002;a_003;a_004;a_006;a_012;a_1a;a_2a;a_4a;a_5b,prototype_soft,0.02068776823580265,1.2737996578216553,0.27148956060409546
33,a_2b,0,4.0,0.00015,3.0,20000,0.5358359813690186,a_001;a_002;a_003;a_004;a_006;a_012;a_1a;a_2a;a_4a;a_5b,prototype_soft,0.02068776823580265,1.2737996578216553,0.07769116014242172
33,a_3a,0,4.0,0.00055,11.0,20000,0.5358359813690186,a_001;a_002;a_003;a_004;a_006;a_012;a_1a;a_2a;a_4a;a_5b,prototype_soft,0.02068776823580265,1.2737996578216553,0.14789149165153503
33,a_4b,1,4.0,0.00315,63.0,20000,0.5358359813690186,a_001;a_002;a_003;a_004;a_006;a_012;a_1a;a_2a;a_4a;a_5b,prototype_soft,0.02068776823580265,1.2737996578216553,0.39665302634239197
34,a_005,1,1.0,0.00065,13.0,20000,0.5639906525611877,a_003;a_004;a_007;a_012;a_2b;a_3a;a_4a;a_4b;a_5b,prototype_soft,0.006763279903680086,1.4370909929275513,0.4382858872413635
34,a_009,0,1.0,0.00195,39.0,20000,0.5639906525611877,a_003;a_004;a_007;a_012;a_2b;a_3a;a_4a;a_4b;a_5b,prototype_soft,0.006763279903680086,1.4370909929275513,0.504426121711731
34,a_010,0,1.0,0.0014,28.0,20000,0.5639906525611877,a_003;a_004;a_007;a_012;a_2b;a_3a;a_4a;a_4b;a_5b,prototype_soft,0.006763279903680086,1.4370909929275513,0.45892855525016785
34,a_011,0,1.0,0.0005,10.0,20000,0.5639906525611877,a_003;a_004;a_007;a_012;a_2b;a_3a;a_4a;a_4b;a_5b,prototype_soft,0.006763279903680086,1.4370909929275513,0.40122872591018677
34,a_2a,0,1.0,5e-05,1.0,20000,0.5639906525611877,a_003;a_004;a_007;a_012;a_2b;a_3a;a_4a;a_4b;a_5b,prototype_soft,0.006763279903680086,1.4370909929275513,0.05999370664358139
34,a_5a,1,1.0,0.00655,131.0,20000,0.5639906525611877,a_003;a_004;a_007;a_012;a_2b;a_3a;a_4a;a_4b;a_5b,prototype_soft,0.006763279903680086,1.4370909929275513,0.6655606627464294
35,a_004,0,0.0,0.0002,4.0,20000,0.5413409471511841,a_001;a_005;a_006;a_011;a_1a;a_2a;a_3b;a_4a;a_5a,prototype_soft,0.00858707632869482,1.257446527481079,0.09436254948377609
35,a_009,0,0.0,0.00475,95.0,20000,0.5413409471511841,a_001;a_005;a_006;a_011;a_1a;a_2a;a_3b;a_4a;a_5a,prototype_soft,0.00858707632869482,1.257446527481079,0.5781686902046204
35,a_012,1,0.0,0.0008,16.0,20000,0.5413409471511841,a_001;a_005;a_006;a_011;a_1a;a_2a;a_3b;a_4a;a_5a,prototype_soft,0.00858707632869482,1.257446527481079,0.3277971148490906
35,a_2b,0,0.0,0.0008,16.0,20000,0.5413409471511841,a_001;a_005;a_006;a_011;a_1a;a_2a;a_3b;a_4a;a_5a,prototype_soft,0.00858707632869482,1.257446527481079,0.19972877204418182
35,a_3a,0,0.0,0.0004,8.0,20000,0.5413409471511841,a_001;a_005;a_006;a_011;a_1a;a_2a;a_3b;a_4a;a_5a,prototype_soft,0.00858707632869482,1.257446527481079,0.1380959004163742
35,a_5b,1,0.0,0.0038,76.0,20000,0.5413409471511841,a_001;a_005;a_006;a_011;a_1a;a_2a;a_3b;a_4a;a_5a,prototype_soft,0.00858707632869482,1.257446527481079,0.5231340527534485
36,a_003,0,0.0,0.0149,298.0,20000,1.1782565116882324,a_002;a_005;a_010;a_012;a_2a;a_2b;a_3b;a_4a;a_5a,prototype_soft,0.025904128327965736,2.6738104820251465,1.2862745523452759
36,a_009,0,0.0,0.02265,453.0,20000,1.1782565116882324,a_002;a_005;a_010;a_012;a_2a;a_2b;a_3b;a_4a;a_5a,prototype_soft,0.025904128327965736,2.6738104820251465,1.405547857284546
36,a_011,0,0.0,0.00325,65.0,20000,1.1782565116882324,a_002;a_005;a_010;a_012;a_2a;a_2b;a_3b;a_4a;a_5a,prototype_soft,0.025904128327965736,2.6738104820251465,0.7188900709152222
36,a_3a,0,0.0,0.0005,10.0,20000,1.1782565116882324,a_002;a_005;a_010;a_012;a_2a;a_2b;a_3b;a_4a;a_5a,prototype_soft,0.025904128327965736,2.6738104820251465,0.27556464076042175
36,a_4b,1,0.0,0.0082,164.0,20000,1.1782565116882324,a_002;a_005;a_010;a_012;a_2a;a_2b;a_3b;a_4a;a_5a,prototype_soft,0.025904128327965736,2.6738104820251465,1.0663872957229614
36,a_5b,1,0.0,0.0271,542.0,20000,1.1782565116882324,a_002;a_005;a_010;a_012;a_2a;a_2b;a_3b;a_4a;a_5a,prototype_soft,0.025904128327965736,2.6738104820251465,1.4837931394577026
37,a_004,0,1.0,0.00055,11.0,20000,1.2333513498306274,a_002;a_003;a_005;a_006;a_009;a_012;a_1a;a_4b;a_5a,prototype_soft,0.010646140202879906,2.8389737606048584,0.3614661693572998
37,a_007,1,1.0,0.0001,2.0,20000,1.2333513498306274,a_002;a_003;a_005;a_006;a_009;a_012;a_1a;a_4b;a_5a,prototype_soft,0.010646140202879906,2.8389737606048584,0.2835085093975067
37,a_011,0,1.0,0.0003,6.0,20000,1.2333513498306274,a_002;a_003;a_005;a_006;a_009;a_012;a_1a;a_4b;a_5a,prototype_soft,0.010646140202879906,2.8389737606048584,0.25560876727104187
37,a_2a,0,1.0,0.0,0.0,20000,1.2333513498306274,a_002;a_003;a_005;a_006;a_009;a_012;a_1a;a_4b;a_5a,prototype_soft,0.010646140202879906,2.8389737606048584,0.2607116997241974
37,a_2b,0,1.0,0.00015,3.0,20000,1.2333513498306274,a_002;a_003;a_005;a_006;a_009;a_012;a_1a;a_4b;a_5a,prototype_soft,0.010646140202879906,2.8389737606048584,0.17781639099121094
37,a_4a,1,1.0,0.0001,2.0,20000,1.2333513498306274,a_002;a_003;a_005;a_006;a_009;a_012;a_1a;a_4b;a_5a,prototype_soft,0.010646140202879906,2.8389737606048584,0.3940311670303345
38,a_002,1,2.0,0.00325,65.0,20000,0.8161864876747131,a_001;a_003;a_005;a_010;a_1a;a_2a;a_4a;a_4b;a_5a,prototype_soft,0.013737647794187069,1.9165621995925903,0.6454415321350098
38,a_004,0,2.0,0.0002,4.0,20000,0.8161864876747131,a_001;a_003;a_005;a_010;a_1a;a_2a;a_4a;a_4b;a_5a,prototype_soft,0.013737647794187069,1.9165621995925903,0.08892764151096344
38,a_006,0,2.0,0.00095,19.0,20000,0.8161864876747131,a_001;a_003;a_005;a_010;a_1a;a_2a;a_4a;a_4b;a_5a,prototype_soft,0.013737647794187069,1.9165621995925903,0.36915406584739685
38,a_011,0,2.0,0.0005,10.0,20000,0.8161864876747131,a_001;a_003;a_005;a_010;a_1a;a_2a;a_4a;a_4b;a_5a,prototype_soft,0.013737647794187069,1.9165621995925903,0.1869831085205078
38,a_3a,0,2.0,0.00045,9.0,20000,0.8161864876747131,a_001;a_003;a_005;a_010;a_1a;a_2a;a_4a;a_4b;a_5a,prototype_soft,0.013737647794187069,1.9165621995925903,0.24315886199474335
38,a_5b,1,2.0,0.008,160.0,20000,0.8161864876747131,a_001;a_003;a_005;a_010;a_1a;a_2a;a_4a;a_4b;a_5a,prototype_soft,0.013737647794187069,1.9165621995925903,0.8885701894760132
39,a_001,1,2.0,0.00065,13.0,20000,0.3714088499546051,a_003;a_004;a_006;a_007;a_010;a_012;a_3b;a_4b;a_5b,prototype_soft,0.014991993084549904,0.9038177728652954,0.14758709073066711
39,a_009,0,2.0,0.00095,19.0,20000,0.3714088499546051,a_003;a_004;a_006;a_007;a_010;a_012;a_3b;a_4b;a_5b,prototype_soft,0.014991993084549904,0.9038177728652954,0.1512608528137207
39,a_1a,0,2.0,0.0014,28.0,20000,0.3714088499546051,a_003;a_004;a_006;a_007;a_010;a_012;a_3b;a_4b;a_5b,prototype_soft,0.014991993084549904,0.9038177728652954,0.1819116175174713
39,a_2b,0,2.0,0.00115,23.0,20000,0.3714088499546051,a_003;a_004;a_006;a_007;a_010;a_012;a_3b;a_4b;a_5b,prototype_soft,0.014991993084549904,0.9038177728652954,0.185429647564888
39,a_3a,0,2.0,0.00155,31.0,20000,0.3714088499546051,a_003;a_004;a_006;a_007;a_010;a_012;a_3b;a_4b;a_5b,prototype_soft,0.014991993084549904,0.9038177728652954,0.19310526549816132
39,a_4a,1,2.0,0.0075,150.0,20000,0.3714088499546051,a_003;a_004;a_006;a_007;a_010;a_012;a_3b;a_4b;a_5b,prototype_soft,0.014991993084549904,0.9038177728652954,0.3812887370586395
40,a_001,1,0.0,0.0,0.0,20000,0.4517253637313843,a_007;a_009;a_010;a_012;a_2b;a_3a;a_4a;a_4b;a_5a,prototype_soft,0.008709791116416454,0.9199002385139465,0.1830226480960846
40,a_003,0,0.0,0.00045,9.0,20000,0.4517253637313843,a_007;a_009;a_010;a_012;a_2b;a_3a;a_4a;a_4b;a_5a,prototype_soft,0.008709791116416454,0.9199002385139465,0.27381327748298645
40,a_005,1,0.0,0.0001,2.0,20000,0.4517253637313843,a_007;a_009;a_010;a_012;a_2b;a_3a;a_4a;a_4b;a_5a,prototype_soft,0.008709791116416454,0.9199002385139465,0.26861727237701416
40,a_006,0,0.0,0.0015,30.0,20000,0.4517253637313843,a_007;a_009;a_010;a_012;a_2b;a_3a;a_4a;a_4b;a_5a,prototype_soft,0.008709791116416454,0.9199002385139465,0.36805203557014465
40,a_2a,0,0.0,0.00035,7.0,20000,0.4517253637313843,a_007;a_009;a_010;a_012;a_2b;a_3a;a_4a;a_4b;a_5a,prototype_soft,0.008709791116416454,0.9199002385139465,0.29588553309440613
40,a_3b,0,0.0,0.0008,16.0,20000,0.4517253637313843,a_007;a_009;a_010;a_012;a_2b;a_3a;a_4a;a_4b;a_5a,prototype_soft,0.008709791116416454,0.9199002385139465,0.34180256724357605
41,a_001,1,0.0,0.0011,22.0,20000,0.7085145711898804,a_002;a_003;a_004;a_005;a_011;a_012;a_1a;a_4b;a_5b,prototype_soft,0.011503469198942184,1.5608032941818237,0.35356977581977844
41,a_006,0,0.0,0.006,120.0,20000,0.7085145711898804,a_002;a_003;a_004;a_005;a_011;a_012;a_1a;a_4b;a_5b,prototype_soft,0.011503469198942184,1.5608032941818237,0.7400119304656982
41,a_009,0,0.0,0.0039,78.0,20000,0.7085145711898804,a_002;a_003;a_004;a_005;a_011;a_012;a_1a;a_4b;a_5b,prototype_soft,0.011503469198942184,1.5608032941818237,0.6271007657051086
41,a_2b,0,0.0,0.00085,17.0,20000,0.7085145711898804,a_002;a_003;a_004;a_005;a_011;a_012;a_1a;a_4b;a_5b,prototype_soft,0.011503469198942184,1.5608032941818237,0.2777993381023407
41,a_3a,0,0.0,0.0003,6.0,20000,0.7085145711898804,a_002;a_003;a_004;a_005;a_011;a_012;a_1a;a_4b;a_5b,prototype_soft,0.011503469198942184,1.5608032941818237,0.2854215204715729
41,a_4a,1,0.0,0.00125,25.0,20000,0.7085145711898804,a_002;a_003;a_004;a_005;a_011;a_012;a_1a;a_4b;a_5b,prototype_soft,0.011503469198942184,1.5608032941818237,0.44204333424568176
42,a_009,0,1.0,0.00365,73.0,20000,0.8459887504577637,a_001;a_002;a_003;a_004;a_005;a_006;a_007;a_010;a_011;a_5a,prototype_soft,0.020972345024347305,2.0760891437530518,0.605072557926178
42,a_012,1,1.0,0.0009,18.0,20000,0.8459887504577637,a_001;a_002;a_003;a_004;a_005;a_006;a_007;a_010;a_011;a_5a,prototype_soft,0.020972345024347305,2.0760891437530518,0.2726978659629822
42,a_1a,0,1.0,0.00405,81.0,20000,0.8459887504577637,a_001;a_002;a_003;a_004;a_005;a_006;a_007;a_010;a_011;a_5a,prototype_soft,0.020972345024347305,2.0760891437530518,0.5066770315170288
42,a_2a,0,1.0,0.00135,27.0,20000,0.8459887504577637,a_001;a_002;a_003;a_004;a_005;a_006;a_007;a_010;a_011;a_5a,prototype_soft,0.020972345024347305,2.0760891437530518,0.2636522948741913
42,a_2b,0,1.0,0.00155,31.0,20000,0.8459887504577637,a_001;a_002;a_003;a_004;a_005;a_006;a_007;a_010;a_011;a_5a,prototype_soft,0.020972345024347305,2.0760891437530518,0.30904731154441833
42,a_4b,1,1.0,0.00445,89.0,20000,0.8459887504577637,a_001;a_002;a_003;a_004;a_005;a_006;a_007;a_010;a_011;a_5a,prototype_soft,0.020972345024347305,2.0760891437530518,0.5649775862693787
43,a_006,0,2.0,0.00035,7.0,20000,1.189635157585144,a_001;a_004;a_005;a_009;a_010;a_012;a_3b;a_4b;a_5a,prototype_soft,0.006829460151493549,2.6322696208953857,0.21149399876594543
43,a_007,1,2.0,0.00035,7.0,20000,1.189635157585144,a_001;a_004;a_005;a_009;a_010;a_012;a_3b;a_4b;a_5a,prototype_soft,0.006829460151493549,2.6322696208953857,0.6146255135536194
43,a_011,0,2.0,0.00035,7.0,20000,1.189635157585144,a_001;a_004;a_005;a_009;a_010;a_012;a_3b;a_4b;a_5a,prototype_soft,0.006829460151493549,2.6322696208953857,0.5613402724266052
43,a_1a,0,2.0,0.0003,6.0,20000,1.189635157585144,a_001;a_004;a_005;a_009;a_010;a_012;a_3b;a_4b;a_5a,prototype_soft,0.006829460151493549,2.6322696208953857,0.46587154269218445
43,a_2b,0,2.0,0.0001,2.0,20000,1.189635157585144,a_001;a_004;a_005;a_009;a_010;a_012;a_3b;a_4b;a_5a,prototype_soft,0.006829460151493549,2.6322696208953857,0.2791627049446106
43,a_5b,1,2.0,0.01515,303.0,20000,1.189635157585144,a_001;a_004;a_005;a_009;a_010;a_012;a_3b;a_4b;a_5a,prototype_soft,0.006829460151493549,2.6322696208953857,1.6703320741653442
44,a_002,1,2.0,0.04175,835.0,20000,1.4182531833648682,a_001;a_004;a_005;a_009;a_011;a_2b;a_3b;a_4a;a_5b,prototype_soft,0.0059491596184670925,3.2487056255340576,2.383801221847534
44,a_006,0,2.0,0.0003,6.0,20000,1.4182531833648682,a_001;a_004;a_005;a_009;a_011;a_2b;a_3b;a_4a;a_5b,prototype_soft,0.0059491596184670925,3.2487056255340576,0.24414679408073425
44,a_010,0,2.0,0.00025,5.0,20000,1.4182531833648682,a_001;a_004;a_005;a_009;a_011;a_2b;a_3b;a_4a;a_5b,prototype_soft,0.0059491596184670925,3.2487056255340576,0.2488316148519516
44,a_1a,0,2.0,0.00085,17.0,20000,1.4182531833648682,a_001;a_004;a_005;a_009;a_011;a_2b;a_3b;a_4a;a_5b,prototype_soft,0.0059491596184670925,3.2487056255340576,0.802480936050415
44,a_3a,0,2.0,0.0004,8.0,20000,1.4182531833648682,a_001;a_004;a_005;a_009;a_011;a_2b;a_3b;a_4a;a_5b,prototype_soft,0.0059491596184670925,3.2487056255340576,0.40396666526794434
44,a_5a,1,2.0,0.0211,422.0,20000,1.4182531833648682,a_001;a_004;a_005;a_009;a_011;a_2b;a_3b;a_4a;a_5b,prototype_soft,0.0059491596184670925,3.2487056255340576,2.2042007446289062
45,a_003,0,1.0,0.0,0.0,20000,0.7071995139122009,a_002;a_006;a_007;a_010;a_012;a_1a;a_2a;a_2b;a_4b;a_5a,prototype_soft,0.009034402668476105,1.5097973346710205,0.24349258840084076
45,a_005,1,1.0,0.0001,2.0,20000,0.7071995139122009,a_002;a_006;a_007;a_010;a_012;a_1a;a_2a;a_2b;a_4b;a_5a,prototype_soft,0.009034402668476105,1.5097973346710205,0.23912277817726135
45,a_009,0,1.0,0.0003,6.0,20000,0.7071995139122009,a_002;a_006;a_007;a_010;a_012;a_1a;a_2a;a_2b;a_4b;a_5a,prototype_soft,0.009034402668476105,1.5097973346710205,0.4177415370941162
45,a_3a,0,1.0,5e-05,1.0,20000,0.7071995139122009,a_002;a_006;a_007;a_010;a_012;a_1a;a_2a;a_2b;a_4b;a_5a,prototype_soft,0.009034402668476105,1.5097973346710205,0.3136548399925232
45,a_3b,0,1.0,0.0003,6.0,20000,0.7071995139122009,a_002;a_006;a_007;a_010;a_012;a_1a;a_2a;a_2b;a_4b;a_5a,prototype_soft,0.009034402668476105,1.5097973346710205,0.39286860823631287
45,a_5b,1,1.0,0.0001,2.0,20000,0.7071995139122009,a_002;a_006;a_007;a_010;a_012;a_1a;a_2a;a_2b;a_4b;a_5a,prototype_soft,0.009034402668476105,1.5097973346710205,0.2381356805562973
46,a_001,1,2.0,5e-05,1.0,20000,1.287487268447876,a_005;a_007;a_009;a_1a;a_2a;a_3b;a_4a;a_4b;a_5b,prototype_soft,0.007560389116406441,3.3627090454101562,0.28569287061691284
46,a_003,0,2.0,0.0002,4.0,20000,1.287487268447876,a_005;a_007;a_009;a_1a;a_2a;a_3b;a_4a;a_4b;a_5b,prototype_soft,0.007560389116406441,3.3627090454101562,0.5659583806991577
46,a_010,0,2.0,0.0,0.0,20000,1.287487268447876,a_005;a_007;a_009;a_1a;a_2a;a_3b;a_4a;a_4b;a_5b,prototype_soft,0.007560389116406441,3.3627090454101562,0.11428744345903397
46,a_011,0,2.0,5e-05,1.0,20000,1.287487268447876,a_005;a_007;a_009;a_1a;a_2a;a_3b;a_4a;a_4b;a_5b,prototype_soft,0.007560389116406441,3.3627090454101562,0.380728542804718
46,a_012,1,2.0,0.0,0.0,20000,1.287487268447876,a_005;a_007;a_009;a_1a;a_2a;a_3b;a_4a;a_4b;a_5b,prototype_soft,0.007560389116406441,3.3627090454101562,0.5700148940086365
46,a_3a,0,2.0,0.0,0.0,20000,1.287487268447876,a_005;a_007;a_009;a_1a;a_2a;a_3b;a_4a;a_4b;a_5b,prototype_soft,0.007560389116406441,3.3627090454101562,0.10425134748220444
47,a_003,0,0.0,0.012,240.0,20000,1.049814224243164,a_001;a_002;a_004;a_010;a_012;a_2a;a_3b;a_4a;a_5b,prototype_soft,0.03217080980539322,2.287531852722168,0.9903975129127502
47,a_009,0,0.0,0.0159,318.0,20000,1.049814224243164,a_001;a_002;a_004;a_010;a_012;a_2a;a_3b;a_4a;a_5b,prototype_soft,0.03217080980539322,2.287531852722168,1.0939934253692627
47,a_1a,0,0.0,0.0051,102.0,20000,1.049814224243164,a_001;a_002;a_004;a_010;a_012;a_2a;a_3b;a_4a;a_5b,prototype_soft,0.03217080980539322,2.287531852722168,0.4994274079799652
47,a_2b,0,0.0,0.001,20.0,20000,1.049814224243164,a_001;a_002;a_004;a_010;a_012;a_2a;a_3b;a_4a;a_5b,prototype_soft,0.03217080980539322,2.287531852722168,0.12694384157657623
47,a_4b,1,0.0,0.0075,150.0,20000,1.049814224243164,a_001;a_002;a_004;a_010;a_012;a_2a;a_3b;a_4a;a_5b,prototype_soft,0.03217080980539322,2.287531852722168,0.7924231290817261
47,a_5a,1,0.0,0.0161,322.0,20000,1.049814224243164,a_001;a_002;a_004;a_010;a_012;a_2a;a_3b;a_4a;a_5b,prototype_soft,0.03217080980539322,2.287531852722168,1.109645128250122
48,a_001,1,4.0,5e-05,1.0,20000,0.3195606470108032,a_003;a_005;a_006;a_007;a_011;a_2a;a_2b;a_4a;a_4b;a_5b,prototype_soft,0.009314306080341339,0.6486572027206421,0.17888754606246948
48,a_002,1,4.0,0.0,0.0,20000,0.3195606470108032,a_003;a_005;a_006;a_007;a_011;a_2a;a_2b;a_4a;a_4b;a_5b,prototype_soft,0.009314306080341339,0.6486572027206421,0.07215751707553864
48,a_004,0,4.0,0.0,0.0,20000,0.3195606470108032,a_003;a_005;a_006;a_007;a_011;a_2a;a_2b;a_4a;a_4b;a_5b,prototype_soft,0.009314306080341339,0.6486572027206421,0.04502129554748535
48,a_010,0,4.0,0.0,0.0,20000,0.3195606470108032,a_003;a_005;a_006;a_007;a_011;a_2a;a_2b;a_4a;a_4b;a_5b,prototype_soft,0.009314306080341339,0.6486572027206421,0.05005849525332451
48,a_1a,0,4.0,0.00015,3.0,20000,0.3195606470108032,a_003;a_005;a_006;a_007;a_011;a_2a;a_2b;a_4a;a_4b;a_5b,prototype_soft,0.009314306080341339,0.6486572027206421,0.20566697418689728
48,a_3b,0,4.0,0.0003,6.0,20000,0.3195606470108032,a_003;a_005;a_006;a_007;a_011;a_2a;a_2b;a_4a;a_4b;a_5b,prototype_soft,0.009314306080341339,0.6486572027206421,0.2253139317035675
49,a_001,1,4.0,0.0088,176.0,20000,0.9170477390289307,a_002;a_006;a_007;a_010;a_011;a_012;a_2a;a_4b;a_5b,prototype_soft,0.019954616203904152,2.0969254970550537,0.9191062450408936
49,a_003,0,4.0,0.0063,126.0,20000,0.9170477390289307,a_002;a_006;a_007;a_010;a_011;a_012;a_2a;a_4b;a_5b,prototype_soft,0.019954616203904152,2.0969254970550537,0.8356929421424866
49,a_004,0,4.0,0.0016,32.0,20000,0.9170477390289307,a_002;a_006;a_007;a_010;a_011;a_012;a_2a;a_4b;a_5b,prototype_soft,0.019954616203904152,2.0969254970550537,0.268235445022583
49,a_009,0,4.0,0.0206,412.0,20000,0.9170477390289307,a_002;a_006;a_007;a_010;a_011;a_012;a_2a;a_4b;a_5b,prototype_soft,0.019954616203904152,2.0969254970550537,1.1532974243164062
49,a_1a,0,4.0,0.00855,171.0,20000,0.9170477390289307,a_002;a_006;a_007;a_010;a_011;a_012;a_2a;a_4b;a_5b,prototype_soft,0.019954616203904152,2.0969254970550537,0.8824028372764587
49,a_4a,1,4.0,0.0125,250.0,20000,0.9170477390289307,a_002;a_006;a_007;a_010;a_011;a_012;a_2a;a_4b;a_5b,prototype_soft,0.019954616203904152,2.0969254970550537,1.0384141206741333
50,a_001,1,0.0,5e-05,1.0,20000,0.3076793849468231,a_002;a_004;a_007;a_010;a_011;a_012;a_2a;a_2b;a_4b,prototype_soft,0.009117026813328266,0.6403059363365173,0.13225360214710236
50,a_003,0,0.0,5e-05,1.0,20000,0.3076793849468231,a_002;a_004;a_007;a_010;a_011;a_012;a_2a;a_2b;a_4b,prototype_soft,0.009117026813328266,0.6403059363365173,0.059969428926706314
50,a_006,0,0.0,0.0001,2.0,20000,0.3076793849468231,a_002;a_004;a_007;a_010;a_011;a_012;a_2a;a_2b;a_4b,prototype_soft,0.009117026813328266,0.6403059363365173,0.15028008818626404
50,a_3a,0,0.0,0.0,0.0,20000,0.3076793849468231,a_002;a_004;a_007;a_010;a_011;a_012;a_2a;a_2b;a_4b,prototype_soft,0.009117026813328266,0.6403059363365173,0.05219205468893051
50,a_3b,0,0.0,5e-05,1.0,20000,0.3076793849468231,a_002;a_004;a_007;a_010;a_011;a_012;a_2a;a_2b;a_4b,prototype_soft,0.009117026813328266,0.6403059363365173,0.03777825087308884
50,a_4a,1,0.0,5e-05,1.0,20000,0.3076793849468231,a_002;a_004;a_007;a_010;a_011;a_012;a_2a;a_2b;a_4b,prototype_soft,0.009117026813328266,0.6403059363365173,0.03261962905526161
51,a_004,0,0.0,0.00135,27.0,20000,0.7286850214004517,a_001;a_002;a_005;a_009;a_010;a_011;a_012;a_3a;a_4b,prototype_soft,0.017840756103396416,1.774214744567871,0.19128985702991486
51,a_1a,0,0.0,0.0015,30.0,20000,0.7286850214004517,a_001;a_002;a_005;a_009;a_010;a_011;a_012;a_3a;a_4b,prototype_soft,0.017840756103396416,1.774214744567871,0.226038858294487
51,a_2a,0,0.0,0.00035,7.0,20000,0.7286850214004517,a_001;a_002;a_005;a_009;a_010;a_011;a_012;a_3a;a_4b,prototype_soft,0.017840756103396416,1.774214744567871,0.09550989419221878
51,a_3b,0,0.0,0.00055,11.0,20000,0.7286850214004517,a_001;a_002;a_005;a_009;a_010;a_011;a_012;a_3a;a_4b,prototype_soft,0.017840756103396416,1.774214744567871,0.12268644571304321
51,a_4a,1,0.0,0.00335,67.0,20000,0.7286850214004517,a_001;a_002;a_005;a_009;a_010;a_011;a_012;a_3a;a_4b,prototype_soft,0.017840756103396416,1.774214744567871,0.4200546145439148
51,a_5a,1,0.0,0.0032,64.0,20000,0.7286850214004517,a_001;a_002;a_005;a_009;a_010;a_011;a_012;a_3a;a_4b,prototype_soft,0.017840756103396416,1.774214744567871,0.4174846410751343
52,a_001,1,2.0,5e-05,1.0,20000,0.5412619113922119,a_002;a_003;a_004;a_005;a_007;a_009;a_1a;a_2b;a_4b;a_5b,prototype_soft,0.005302508361637592,1.5179201364517212,0.0399244949221611
52,a_010,0,2.0,0.0,0.0,20000,0.5412619113922119,a_002;a_003;a_004;a_005;a_007;a_009;a_1a;a_2b;a_4b;a_5b,prototype_soft,0.005302508361637592,1.5179201364517212,0.052816711366176605
52,a_011,0,2.0,5e-05,1.0,20000,0.5412619113922119,a_002;a_003;a_004;a_005;a_007;a_009;a_1a;a_2b;a_4b;a_5b,prototype_soft,0.005302508361637592,1.5179201364517212,0.06941735744476318
52,a_3a,0,2.0,0.0,0.0,20000,0.5412619113922119,a_002;a_003;a_004;a_005;a_007;a_009;a_1a;a_2b;a_4b;a_5b,prototype_soft,0.005302508361637592,1.5179201364517212,0.07026553153991699
52,a_3b,0,2.0,0.0,0.0,20000,0.5412619113922119,a_002;a_003;a_004;a_005;a_007;a_009;a_1a;a_2b;a_4b;a_5b,prototype_soft,0.005302508361637592,1.5179201364517212,0.13877831399440765
52,a_4a,1,2.0,0.00275,55.0,20000,0.5412619113922119,a_002;a_003;a_004;a_005;a_007;a_009;a_1a;a_2b;a_4b;a_5b,prototype_soft,0.005302508361637592,1.5179201364517212,0.5381160974502563
53,a_003,0,2.0,0.0078,156.0,20000,1.1294066905975342,a_001;a_004;a_005;a_006;a_007;a_009;a_1a;a_2b;a_4b;a_5a,prototype_soft,0.016864802688360214,2.6746344566345215,1.1226814985275269
53,a_011,0,2.0,0.0051,102.0,20000,1.1294066905975342,a_001;a_004;a_005;a_006;a_007;a_009;a_1a;a_2b;a_4b;a_5a,prototype_soft,0.016864802688360214,2.6746344566345215,0.9814617037773132
53,a_012,1,2.0,0.0217,434.0,20000,1.1294066905975342,a_001;a_004;a_005;a_006;a_007;a_009;a_1a;a_2b;a_4b;a_5a,prototype_soft,0.016864802688360214,2.6746344566345215,1.4272160530090332
53,a_3a,0,2.0,0.00085,17.0,20000,1.1294066905975342,a_001;a_004;a_005;a_006;a_007;a_009;a_1a;a_2b;a_4b;a_5a,prototype_soft,0.016864802688360214,2.6746344566345215,0.361446350812912
53,a_3b,0,2.0,0.00105,21.0,20000,1.1294066905975342,a_001;a_004;a_005;a_006;a_007;a_009;a_1a;a_2b;a_4b;a_5a,prototype_soft,0.016864802688360214,2.6746344566345215,0.40070340037345886
53,a_5b,1,2.0,0.0092,184.0,20000,1.1294066905975342,a_001;a_004;a_005;a_006;a_007;a_009;a_1a;a_2b;a_4b;a_5a,prototype_soft,0.016864802688360214,2.6746344566345215,1.2041410207748413
54,a_004,0,0.0,0.0005,10.0,20000,1.525366187095642,a_001;a_002;a_003;a_009;a_010;a_2a;a_2b;a_4a;a_4b;a_5a,prototype_soft,0.006273350212723017,3.6081302165985107,0.4469781219959259
54,a_007,1,0.0,0.00295,59.0,20000,1.525366187095642,a_001;a_002;a_003;a_009;a_010;a_2a;a_2b;a_4a;a_4b;a_5a,prototype_soft,0.006273350212723017,3.6081302165985107,1.4185644388198853
54,a_011,0,0.0,0.00055,11.0,20000,1.525366187095642,a_001;a_002;a_003;a_009;a_010;a_2a;a_2b;a_4a;a_4b;a_5a,prototype_soft,0.006273350212723017,3.6081302165985107,0.7452273368835449
54,a_012,1,0.0,0.0015,30.0,20000,1.525366187095642,a_001;a_002;a_003;a_009;a_010;a_2a;a_2b;a_4a;a_4b;a_5a,prototype_soft,0.006273350212723017,3.6081302165985107,1.1691498756408691
54,a_1a,0,0.0,0.0022,44.0,20000,1.525366187095642,a_001;a_002;a_003;a_009;a_010;a_2a;a_2b;a_4a;a_4b;a_5a,prototype_soft,0.006273350212723017,3.6081302165985107,1.2947016954421997
54,a_3b,0,0.0,0.00135,27.0,20000,1.525366187095642,a_001;a_002;a_003;a_009;a_010;a_2a;a_2b;a_4a;a_4b;a_5a,prototype_soft,0.006273350212723017,3.6081302165985107,0.8525682687759399
55,a_003,0,0.0,0.00365,73.0,20000,2.2197725772857666,a_001;a_002;a_004;a_006;a_009;a_012;a_3a;a_3b;a_4a;a_5b,prototype_soft,0.009497301653027534,4.854094505310059,1.9754855632781982
55,a_005,1,0.0,0.02555,511.0,20000,2.2197725772857666,a_001;a_002;a_004;a_006;a_009;a_012;a_3a;a_3b;a_4a;a_5b,prototype_soft,0.009497301653027534,4.854094505310059,3.6936259269714355
55,a_010,0,0.0,0.00055,11.0,20000,2.2197725772857666,a_001;a_002;a_004;a_006;a_009;a_012;a_3a;a_3b;a_4a;a_5b,prototype_soft,0.009497301653027534,4.854094505310059,0.4365636110305786
55,a_1a,0,0.0,0.00245,49.0,20000,2.2197725772857666,a_001;a_002;a_004;a_006;a_009;a_012;a_3a;a_3b;a_4a;a_5b,prototype_soft,0.009497301653027534,4.854094505310059,1.7175599336624146
55,a_2b,0,0.0,0.00035,7.0,20000,2.2197725772857666,a_001;a_002;a_004;a_006;a_009;a_012;a_3a;a_3b;a_4a;a_5b,prototype_soft,0.009497301653027534,4.854094505310059,0.36907994747161865
55,a_4b,1,0.0,0.00465,93.0,20000,2.2197725772857666,a_001;a_002;a_004;a_006;a_009;a_012;a_3a;a_3b;a_4a;a_5b,prototype_soft,0.009497301653027534,4.854094505310059,2.2442984580993652
56,a_004,0,1.0,0.0003,6.0,20000,0.3902512490749359,a_001;a_002;a_006;a_009;a_011;a_2a;a_3b;a_4b;a_5a,prototype_soft,0.007805659901350737,0.9534255862236023,0.18267910182476044
56,a_010,0,1.0,0.00035,7.0,20000,0.3902512490749359,a_001;a_002;a_006;a_009;a_011;a_2a;a_3b;a_4b;a_5a,prototype_soft,0.007805659901350737,0.9534255862236023,0.24662546813488007
56,a_012,1,1.0,5e-05,1.0,20000,0.3902512490749359,a_001;a_002;a_006;a_009;a_011;a_2a;a_3b;a_4b;a_5a,prototype_soft,0.007805659901350737,0.9534255862236023,0.05198628082871437
56,a_1a,0,1.0,0.0011,22.0,20000,0.3902512490749359,a_001;a_002;a_006;a_009;a_011;a_2a;a_3b;a_4b;a_5a,prototype_soft,0.007805659901350737,0.9534255862236023,0.2666449546813965
56,a_3a,0,1.0,0.0002,4.0,20000,0.3902512490749359,a_001;a_002;a_006;a_009;a_011;a_2a;a_3b;a_4b;a_5a,prototype_soft,0.007805659901350737,0.9534255862236023,0.18225052952766418
56,a_5b,1,1.0,0.00175,35.0,20000,0.3902512490749359,a_001;a_002;a_006;a_009;a_011;a_2a;a_3b;a_4b;a_5a,prototype_soft,0.007805659901350737,0.9534255862236023,0.33458709716796875
57,a_001,1,1.0,0.0007,14.0,20000,1.662365198135376,a_002;a_006;a_007;a_009;a_011;a_012;a_1a;a_2a;a_4b;a_5a,prototype_soft,0.005965477786958218,3.6251657009124756,0.8231068849563599
57,a_003,0,1.0,0.00145,29.0,20000,1.662365198135376,a_002;a_006;a_007;a_009;a_011;a_012;a_1a;a_2a;a_4b;a_5a,prototype_soft,0.005965477786958218,3.6251657009124756,1.0425732135772705
57,a_2b,0,1.0,0.00015,3.0,20000,1.662365198135376,a_002;a_006;a_007;a_009;a_011;a_012;a_1a;a_2a;a_4b;a_5a,prototype_soft,0.005965477786958218,3.6251657009124756,0.26083430647850037
57,a_3a,0,1.0,0.00035,7.0,20000,1.662365198135376,a_002;a_006;a_007;a_009;a_011;a_012;a_1a;a_2a;a_4b;a_5a,prototype_soft,0.005965477786958218,3.6251657009124756,0.45471563935279846
57,a_3b,0,1.0,0.0002,4.0,20000,1.662365198135376,a_002;a_006;a_007;a_009;a_011;a_012;a_1a;a_2a;a_4b;a_5a,prototype_soft,0.005965477786958218,3.6251657009124756,0.3194577395915985
57,a_4a,1,1.0,0.0054,108.0,20000,1.662365198135376,a_002;a_006;a_007;a_009;a_011;a_012;a_1a;a_2a;a_4b;a_5a,prototype_soft,0.005965477786958218,3.6251657009124756,1.837422490119934
58,a_002,1,2.0,0.00125,25.0,20000,0.6297500729560852,a_001;a_003;a_005;a_009;a_011;a_012;a_1a;a_3b;a_4a;a_5a,prototype_soft,0.006308102514594793,1.476648211479187,0.4713459312915802
58,a_004,0,2.0,0.0,0.0,20000,0.6297500729560852,a_001;a_003;a_005;a_009;a_011;a_012;a_1a;a_3b;a_4a;a_5a,prototype_soft,0.006308102514594793,1.476648211479187,0.07293939590454102
58,a_010,0,2.0,0.0005,10.0,20000,0.6297500729560852,a_001;a_003;a_005;a_009;a_011;a_012;a_1a;a_3b;a_4a;a_5a,prototype_soft,0.006308102514594793,1.476648211479187,0.2564758360385895
58,a_2b,0,2.0,5e-05,1.0,20000,0.6297500729560852,a_001;a_003;a_005;a_009;a_011;a_012;a_1a;a_3b;a_4a;a_5a,prototype_soft,0.006308102514594793,1.476648211479187,0.0555809885263443
58,a_3a,0,2.0,0.0,0.0,20000,0.6297500729560852,a_001;a_003;a_005;a_009;a_011;a_012;a_1a;a_3b;a_4a;a_5a,prototype_soft,0.006308102514594793,1.476648211479187,0.029670516029000282
58,a_4b,1,2.0,0.001,20.0,20000,0.6297500729560852,a_001;a_003;a_005;a_009;a_011;a_012;a_1a;a_3b;a_4a;a_5a,prototype_soft,0.006308102514594793,1.476648211479187,0.40077880024909973
59,a_003,0,1.0,0.0001,2.0,20000,0.26507580280303955,a_001;a_002;a_005;a_006;a_007;a_010;a_011;a_2b;a_4a,prototype_soft,0.0086873359978199,0.5441073179244995,0.09408610314130783
59,a_004,0,1.0,0.00055,11.0,20000,0.26507580280303955,a_001;a_002;a_005;a_006;a_007;a_010;a_011;a_2b;a_4a,prototype_soft,0.0086873359978199,0.5441073179244995,0.17165978252887726
59,a_012,1,1.0,5e-05,1.0,20000,0.26507580280303955,a_001;a_002;a_005;a_006;a_007;a_010;a_011;a_2b;a_4a,prototype_soft,0.0086873359978199,0.5441073179244995,0.06031915172934532
59,a_2a,0,1.0,5e-05,1.0,20000,0.26507580280303955,a_001;a_002;a_005;a_006;a_007;a_010;a_011;a_2b;a_4a,prototype_soft,0.0086873359978199,0.5441073179244995,0.04895579069852829
59,a_3a,0,1.0,5e-05,1.0,20000,0.26507580280303955,a_001;a_002;a_005;a_006;a_007;a_010;a_011;a_2b;a_4a,prototype_soft,0.0086873359978199,0.5441073179244995,0.045971326529979706
59,a_4b,1,1.0,0.0,0.0,20000,0.26507580280303955,a_001;a_002;a_005;a_006;a_007;a_010;a_011;a_2b;a_4a,prototype_soft,0.0086873359978199,0.5441073179244995,0.02011275105178356
60,a_002,1,0.0,0.0027,54.0,20000,0.6896133422851562,a_004;a_005;a_006;a_007;a_010;a_3a;a_3b;a_4a;a_4b;a_5b,prototype_soft,0.008393051102757454,1.550542950630188,0.6256964802742004
60,a_009,0,0.0,0.00685,137.0,20000,0.6896133422851562,a_004;a_005;a_006;a_007;a_010;a_3a;a_3b;a_4a;a_4b;a_5b,prototype_soft,0.008393051102757454,1.550542950630188,0.7852492332458496
60,a_011,0,0.0,0.00115,23.0,20000,0.6896133422851562,a_004;a_005;a_006;a_007;a_010;a_3a;a_3b;a_4a;a_4b;a_5b,prototype_soft,0.008393051102757454,1.550542950630188,0.4493246078491211
60,a_1a,0,0.0,0.0028,56.0,20000,0.6896133422851562,a_004;a_005;a_006;a_007;a_010;a_3a;a_3b;a_4a;a_4b;a_5b,prototype_soft,0.008393051102757454,1.550542950630188,0.5163360834121704
60,a_2a,0,0.0,0.0003,6.0,20000,0.6896133422851562,a_004;a_005;a_006;a_007;a_010;a_3a;a_3b;a_4a;a_4b;a_5b,prototype_soft,0.008393051102757454,1.550542950630188,0.09817282110452652
60,a_5a,1,0.0,0.007,140.0,20000,0.6896133422851562,a_004;a_005;a_006;a_007;a_010;a_3a;a_3b;a_4a;a_4b;a_5b,prototype_soft,0.008393051102757454,1.550542950630188,0.8561972975730896
61,a_003,0,1.0,0.0006,12.0,20000,1.4539647102355957,a_002;a_006;a_007;a_011;a_012;a_1a;a_2b;a_3b;a_5b,prototype_soft,0.007542707026004791,3.3171374797821045,0.7357989549636841
61,a_009,0,1.0,0.00025,5.0,20000,1.4539647102355957,a_002;a_006;a_007;a_011;a_012;a_1a;a_2b;a_3b;a_5b,prototype_soft,0.007542707026004791,3.3171374797821045,0.5569155812263489
61,a_010,0,1.0,0.00035,7.0,20000,1.4539647102355957,a_002;a_006;a_007;a_011;a_012;a_1a;a_2b;a_3b;a_5b,prototype_soft,0.007542707026004791,3.3171374797821045,0.2918018400669098
61,a_3a,0,1.0,0.0002,4.0,20000,1.4539647102355957,a_002;a_006;a_007;a_011;a_012;a_1a;a_2b;a_3b;a_5b,prototype_soft,0.007542707026004791,3.3171374797821045,0.2760044038295746
61,a_4b,1,1.0,0.00035,7.0,20000,1.4539647102355957,a_002;a_006;a_007;a_011;a_012;a_1a;a_2b;a_3b;a_5b,prototype_soft,0.007542707026004791,3.3171374797821045,0.6422357559204102
61,a_5a,1,1.0,0.0043,86.0,20000,1.4539647102355957,a_002;a_006;a_007;a_011;a_012;a_1a;a_2b;a_3b;a_5b,prototype_soft,0.007542707026004791,3.3171374797821045,1.523342490196228
62,a_002,1,0.0,0.0046,92.0,20000,0.7378933429718018,a_001;a_003;a_006;a_007;a_010;a_2b;a_3a;a_4b;a_5a,prototype_soft,0.008995961397886276,1.6317886114120483,0.7651132941246033
62,a_009,0,0.0,0.00325,65.0,20000,0.7378933429718018,a_001;a_003;a_006;a_007;a_010;a_2b;a_3a;a_4b;a_5a,prototype_soft,0.008995961397886276,1.6317886114120483,0.6958029866218567
62,a_011,0,0.0,0.0003,6.0,20000,0.7378933429718018,a_001;a_003;a_006;a_007;a_010;a_2b;a_3a;a_4b;a_5a,prototype_soft,0.008995961397886276,1.6317886114120483,0.23924832046031952
62,a_1a,0,0.0,0.0023,46.0,20000,0.7378933429718018,a_001;a_003;a_006;a_007;a_010;a_2b;a_3a;a_4b;a_5a,prototype_soft,0.008995961397886276,1.6317886114120483,0.5271605849266052
62,a_2a,0,0.0,0.00055,11.0,20000,0.7378933429718018,a_001;a_003;a_006;a_007;a_010;a_2b;a_3a;a_4b;a_5a,prototype_soft,0.008995961397886276,1.6317886114120483,0.15261326730251312
62,a_4a,1,0.0,0.00245,49.0,20000,0.7378933429718018,a_001;a_003;a_006;a_007;a_010;a_2b;a_3a;a_4b;a_5a,prototype_soft,0.008995961397886276,1.6317886114120483,0.5858530402183533
63,a_011,0,3.0,0.0018,36.0,20000,1.5469069480895996,a_001;a_004;a_005;a_006;a_007;a_009;a_1a;a_5a;a_5b,prototype_soft,0.018077056854963303,3.865286350250244,0.9225388169288635
63,a_2b,0,3.0,5e-05,1.0,20000,1.5469069480895996,a_001;a_004;a_005;a_006;a_007;a_009;a_1a;a_5a;a_5b,prototype_soft,0.018077056854963303,3.865286350250244,0.03358275815844536
63,a_3a,0,3.0,0.0004,8.0,20000,1.5469069480895996,a_001;a_004;a_005;a_006;a_007;a_009;a_1a;a_5a;a_5b,prototype_soft,0.018077056854963303,3.865286350250244,0.29959505796432495
63,a_3b,0,3.0,0.00065,13.0,20000,1.5469069480895996,a_001;a_004;a_005;a_006;a_007;a_009;a_1a;a_5a;a_5b,prototype_soft,0.018077056854963303,3.865286350250244,0.2934216260910034
63,a_4a,1,3.0,0.00105,21.0,20000,1.5469069480895996,a_001;a_004;a_005;a_006;a_007;a_009;a_1a;a_5a;a_5b,prototype_soft,0.018077056854963303,3.865286350250244,0.80238938331604
63,a_4b,1,3.0,0.00065,13.0,20000,1.5469069480895996,a_001;a_004;a_005;a_006;a_007;a_009;a_1a;a_5a;a_5b,prototype_soft,0.018077056854963303,3.865286350250244,0.44044703245162964
64,a_003,0,0.0,0.015,300.0,20000,1.4151066541671753,a_004;a_005;a_007;a_010;a_1a;a_3b;a_4a;a_4b;a_5b,prototype_soft,0.038368016481399536,3.412611246109009,1.374804973602295
64,a_009,0,0.0,0.01485,297.0,20000,1.4151066541671753,a_004;a_005;a_007;a_010;a_1a;a_3b;a_4a;a_4b;a_5b,prototype_soft,0.038368016481399536,3.412611246109009,1.362739086151123
64,a_011,0,0.0,0.0068,136.0,20000,1.4151066541671753,a_004;a_005;a_007;a_010;a_1a;a_3b;a_4a;a_4b;a_5b,prototype_soft,0.038368016481399536,3.412611246109009,1.0396133661270142
64,a_012,1,0.0,0.0127,254.0,20000,1.4151066541671753,a_004;a_005;a_007;a_010;a_1a;a_3b;a_4a;a_4b;a_5b,prototype_soft,0.038368016481399536,3.412611246109009,1.3183684349060059
64,a_3a,0,0.0,0.00135,27.0,20000,1.4151066541671753,a_004;a_005;a_007;a_010;a_1a;a_3b;a_4a;a_4b;a_5b,prototype_soft,0.038368016481399536,3.412611246109009,0.2918629050254822
64,a_5a,1,0.0,0.0164,328.0,20000,1.4151066541671753,a_004;a_005;a_007;a_010;a_1a;a_3b;a_4a;a_4b;a_5b,prototype_soft,0.038368016481399536,3.412611246109009,1.3961116075515747
65,a_004,0,0.0,0.00095,19.0,20000,0.14947348833084106,a_002;a_003;a_006;a_007;a_011;a_012;a_1a;a_2a;a_5a,prototype_soft,0.01072569191455841,0.350628137588501,0.08611047267913818
65,a_009,0,0.0,0.0031,62.0,20000,0.14947348833084106,a_002;a_003;a_006;a_007;a_011;a_012;a_1a;a_2a;a_5a,prototype_soft,0.01072569191455841,0.350628137588501,0.1227886825799942
65,a_2b,0,0.0,0.0041,82.0,20000,0.14947348833084106,a_002;a_003;a_006;a_007;a_011;a_012;a_1a;a_2a;a_5a,prototype_soft,0.01072569191455841,0.350628137588501,0.1351807862520218
65,a_3b,0,0.0,0.0003,6.0,20000,0.14947348833084106,a_002;a_003;a_006;a_007;a_011;a_012;a_1a;a_2a;a_5a,prototype_soft,0.01072569191455841,0.350628137588501,0.02561286836862564
65,a_4a,1,0.0,0.0003,6.0,20000,0.14947348833084106,a_002;a_003;a_006;a_007;a_011;a_012;a_1a;a_2a;a_5a,prototype_soft,0.01072569191455841,0.350628137588501,0.017483321949839592
65,a_5b,1,0.0,0.00105,21.0,20000,0.14947348833084106,a_002;a_003;a_006;a_007;a_011;a_012;a_1a;a_2a;a_5a,prototype_soft,0.01072569191455841,0.350628137588501,0.08202154189348221
66,a_006,0,1.0,0.00035,7.0,20000,0.2703995704650879,a_002;a_003;a_005;a_009;a_011;a_2b;a_3b;a_4a;a_5b,prototype_soft,0.006317833438515663,0.6783321499824524,0.16820335388183594
66,a_007,1,1.0,0.00045,9.0,20000,0.2703995704650879,a_002;a_003;a_005;a_009;a_011;a_2b;a_3b;a_4a;a_5b,prototype_soft,0.006317833438515663,0.6783321499824524,0.15596559643745422
66,a_012,1,1.0,0.0002,4.0,20000,0.2703995704650879,a_002;a_003;a_005;a_009;a_011;a_2b;a_3b;a_4a;a_5b,prototype_soft,0.006317833438515663,0.6783321499824524,0.05229770764708519
66,a_1a,0,1.0,0.001,20.0,20000,0.2703995704650879,a_002;a_003;a_005;a_009;a_011;a_2b;a_3b;a_4a;a_5b,prototype_soft,0.006317833438515663,0.6783321499824524,0.16450324654579163
66,a_2a,0,1.0,0.0003,6.0,20000,0.2703995704650879,a_002;a_003;a_005;a_009;a_011;a_2b;a_3b;a_4a;a_5b,prototype_soft,0.006317833438515663,0.6783321499824524,0.06326985359191895
66,a_3a,0,1.0,0.00035,7.0,20000,0.2703995704650879,a_002;a_003;a_005;a_009;a_011;a_2b;a_3b;a_4a;a_5b,prototype_soft,0.006317833438515663,0.6783321499824524,0.11373893171548843
67,a_009,0,1.0,0.001,20.0,20000,0.7185075283050537,a_001;a_002;a_003;a_004;a_010;a_012;a_1a;a_2a;a_4a;a_5b,prototype_soft,0.0223433505743742,1.8344558477401733,0.3001370131969452
67,a_011,0,1.0,0.0003,6.0,20000,0.7185075283050537,a_001;a_002;a_003;a_004;a_010;a_012;a_1a;a_2a;a_4a;a_5b,prototype_soft,0.0223433505743742,1.8344558477401733,0.1572350561618805
67,a_3a,0,1.0,0.0001,2.0,20000,0.7185075283050537,a_001;a_002;a_003;a_004;a_010;a_012;a_1a;a_2a;a_4a;a_5b,prototype_soft,0.0223433505743742,1.8344558477401733,0.06489311903715134
67,a_3b,0,1.0,0.0003,6.0,20000,0.7185075283050537,a_001;a_002;a_003;a_004;a_010;a_012;a_1a;a_2a;a_4a;a_5b,prototype_soft,0.0223433505743742,1.8344558477401733,0.09364175796508789
67,a_4b,1,1.0,0.00305,61.0,20000,0.7185075283050537,a_001;a_002;a_003;a_004;a_010;a_012;a_1a;a_2a;a_4a;a_5b,prototype_soft,0.0223433505743742,1.8344558477401733,0.43086981773376465
67,a_5a,1,1.0,0.00525,105.0,20000,0.7185075283050537,a_001;a_002;a_003;a_004;a_010;a_012;a_1a;a_2a;a_4a;a_5b,prototype_soft,0.0223433505743742,1.8344558477401733,0.5846071243286133
68,a_002,1,0.0,0.00035,7.0,20000,0.3239887058734894,a_001;a_004;a_005;a_009;a_011;a_012;a_2b;a_3b;a_4b;a_5b,prototype_soft,0.004097451455891132,0.899299681186676,0.12992031872272491
68,a_003,0,0.0,5e-05,1.0,20000,0.3239887058734894,a_001;a_004;a_005;a_009;a_011;a_012;a_2b;a_3b;a_4b;a_5b,prototype_soft,0.004097451455891132,0.899299681186676,0.11007598042488098
68,a_006,0,0.0,0.0002,4.0,20000,0.3239887058734894,a_001;a_004;a_005;a_009;a_011;a_012;a_2b;a_3b;a_4b;a_5b,prototype_soft,0.004097451455891132,0.899299681186676,0.06334343552589417
68,a_010,0,0.0,0.0004,8.0,20000,0.3239887058734894,a_001;a_004;a_005;a_009;a_011;a_012;a_2b;a_3b;a_4b;a_5b,prototype_soft,0.004097451455891132,0.899299681186676,0.1512940227985382
68,a_2a,0,0.0,0.00015,3.0,20000,0.3239887058734894,a_001;a_004;a_005;a_009;a_011;a_012;a_2b;a_3b;a_4b;a_5b,prototype_soft,0.004097451455891132,0.899299681186676,0.12516865134239197
68,a_4a,1,0.0,0.0043,86.0,20000,0.3239887058734894,a_001;a_004;a_005;a_009;a_011;a_012;a_2b;a_3b;a_4b;a_5b,prototype_soft,0.004097451455891132,0.899299681186676,0.37032827734947205
69,a_001,1,2.0,0.00495,99.0,20000,1.2576451301574707,a_004;a_005;a_006;a_007;a_009;a_1a;a_3b;a_4a;a_4b;a_5a,prototype_soft,0.02019277960062027,2.789095640182495,0.932651937007904
69,a_002,1,2.0,0.01765,353.0,20000,1.2576451301574707,a_004;a_005;a_006;a_007;a_009;a_1a;a_3b;a_4a;a_4b;a_5a,prototype_soft,0.02019277960062027,2.789095640182495,1.548996925354004
69,a_003,0,2.0,0.0055,110.0,20000,1.2576451301574707,a_004;a_005;a_006;a_007;a_009;a_1a;a_3b;a_4a;a_4b;a_5a,prototype_soft,0.02019277960062027,2.789095640182495,1.0834400653839111
69,a_010,0,2.0,0.002,40.0,20000,1.2576451301574707,a_004;a_005;a_006;a_007;a_009;a_1a;a_3b;a_4a;a_4b;a_5a,prototype_soft,0.02019277960062027,2.789095640182495,0.4369751811027527
69,a_011,0,2.0,0.0046,92.0,20000,1.2576451301574707,a_004;a_005;a_006;a_007;a_009;a_1a;a_3b;a_4a;a_4b;a_5a,prototype_soft,0.02019277960062027,2.789095640182495,1.0035346746444702
69,a_3a,0,2.0,0.0012,24.0,20000,1.2576451301574707,a_004;a_005;a_006;a_007;a_009;a_1a;a_3b;a_4a;a_4b;a_5a,prototype_soft,0.02019277960062027,2.789095640182495,0.29053208231925964
70,a_001,1,0.0,0.00235,47.0,20000,0.2724631428718567,a_002;a_004;a_006;a_007;a_009;a_010;a_012;a_2b;a_4b,prototype_soft,0.004567260388284922,0.6811505556106567,0.26945072412490845
70,a_011,0,0.0,0.0051,102.0,20000,0.2724631428718567,a_002;a_004;a_006;a_007;a_009;a_010;a_012;a_2b;a_4b,prototype_soft,0.004567260388284922,0.6811505556106567,0.324468195438385
70,a_2a,0,0.0,5e-05,1.0,20000,0.2724631428718567,a_002;a_004;a_006;a_007;a_009;a_010;a_012;a_2b;a_4b,prototype_soft,0.004567260388284922,0.6811505556106567,0.09385505318641663
70,a_3a,0,0.0,0.00055,11.0,20000,0.2724631428718567,a_002;a_004;a_006;a_007;a_009;a_010;a_012;a_2b;a_4b,prototype_soft,0.004567260388284922,0.6811505556106567,0.17024391889572144
70,a_3b,0,0.0,0.0007,14.0,20000,0.2724631428718567,a_002;a_004;a_006;a_007;a_009;a_010;a_012;a_2b;a_4b,prototype_soft,0.004567260388284922,0.6811505556106567,0.17825272679328918
70,a_4a,1,0.0,0.00185,37.0,20000,0.2724631428718567,a_002;a_004;a_006;a_007;a_009;a_010;a_012;a_2b;a_4b,prototype_soft,0.004567260388284922,0.6811505556106567,0.2557103931903839
71,a_004,0,0.0,0.00045,9.0,20000,0.5269665718078613,a_001;a_003;a_009;a_012;a_2a;a_2b;a_3a;a_4b;a_5a;a_5b,prototype_soft,0.01698324829339981,1.3576443195343018,0.15757013857364655
71,a_005,1,0.0,0.0018,36.0,20000,0.5269665718078613,a_001;a_003;a_009;a_012;a_2a;a_2b;a_3a;a_4b;a_5a;a_5b,prototype_soft,0.01698324829339981,1.3576443195343018,0.3283262550830841
71,a_007,1,0.0,0.0016,32.0,20000,0.5269665718078613,a_001;a_003;a_009;a_012;a_2a;a_2b;a_3a;a_4b;a_5a;a_5b,prototype_soft,0.01698324829339981,1.3576443195343018,0.31965693831443787
71,a_011,0,0.0,0.0069,138.0,20000,0.5269665718078613,a_001;a_003;a_009;a_012;a_2a;a_2b;a_3a;a_4b;a_5a;a_5b,prototype_soft,0.01698324829339981,1.3576443195343018,0.5227959752082825
71,a_1a,0,0.0,0.0012,24.0,20000,0.5269665718078613,a_001;a_003;a_009;a_012;a_2a;a_2b;a_3a;a_4b;a_5a;a_5b,prototype_soft,0.01698324829339981,1.3576443195343018,0.3144494295120239
71,a_3b,0,0.0,0.0008,16.0,20000,0.5269665718078613,a_001;a_003;a_009;a_012;a_2a;a_2b;a_3a;a_4b;a_5a;a_5b,prototype_soft,0.01698324829339981,1.3576443195343018,0.27480700612068176
72,a_004,0,1.0,0.0005,10.0,20000,1.5139609575271606,a_002;a_003;a_007;a_010;a_011;a_012;a_1a;a_4a;a_5b,prototype_soft,0.010909050703048706,3.2371764183044434,0.3490869998931885
72,a_005,1,1.0,0.02155,431.0,20000,1.5139609575271606,a_002;a_003;a_007;a_010;a_011;a_012;a_1a;a_4a;a_5b,prototype_soft,0.010909050703048706,3.2371764183044434,2.3960163593292236
72,a_2a,0,1.0,0.0002,4.0,20000,1.5139609575271606,a_002;a_003;a_007;a_010;a_011;a_012;a_1a;a_4a;a_5b,prototype_soft,0.010909050703048706,3.2371764183044434,0.1822594851255417
72,a_2b,0,1.0,0.00055,11.0,20000,1.5139609575271606,a_002;a_003;a_007;a_010;a_011;a_012;a_1a;a_4a;a_5b,prototype_soft,0.010909050703048706,3.2371764183044434,0.30414819717407227
72,a_3b,0,1.0,0.00025,5.0,20000,1.5139609575271606,a_002;a_003;a_007;a_010;a_011;a_012;a_1a;a_4a;a_5b,prototype_soft,0.010909050703048706,3.2371764183044434,0.3282262980937958
72,a_4b,1,1.0,0.00315,63.0,20000,1.5139609575271606,a_002;a_003;a_007;a_010;a_011;a_012;a_1a;a_4a;a_5b,prototype_soft,0.010909050703048706,3.2371764183044434,1.1385235786437988
73,a_001,1,2.0,0.0014,28.0,20000,1.3299726247787476,a_002;a_004;a_005;a_006;a_012;a_2a;a_3a;a_4a;a_5b,prototype_soft,0.007847270928323269,2.9364383220672607,0.806932806968689
73,a_003,0,2.0,0.0015,30.0,20000,1.3299726247787476,a_002;a_004;a_005;a_006;a_012;a_2a;a_3a;a_4a;a_5b,prototype_soft,0.007847270928323269,2.9364383220672607,0.8092483878135681
73,a_011,0,2.0,0.00085,17.0,20000,1.3299726247787476,a_002;a_004;a_005;a_006;a_012;a_2a;a_3a;a_4a;a_5b,prototype_soft,0.007847270928323269,2.9364383220672607,0.6449910402297974
73,a_2b,0,2.0,0.0001,2.0,20000,1.3299726247787476,a_002;a_004;a_005;a_006;a_012;a_2a;a_3a;a_4a;a_5b,prototype_soft,0.007847270928323269,2.9364383220672607,0.13544918596744537
73,a_3b,0,2.0,0.0002,4.0,20000,1.3299726247787476,a_002;a_004;a_005;a_006;a_012;a_2a;a_3a;a_4a;a_5b,prototype_soft,0.007847270928323269,2.9364383220672607,0.2599092125892639
73,a_5a,1,2.0,0.0089,178.0,20000,1.3299726247787476,a_002;a_004;a_005;a_006;a_012;a_2a;a_3a;a_4a;a_5b,prototype_soft,0.007847270928323269,2.9364383220672607,1.7667107582092285
74,a_001,1,2.0,0.0013,26.0,20000,1.8981175422668457,a_002;a_004;a_006;a_007;a_010;a_3a;a_3b;a_4a;a_4b,prototype_soft,0.008529837243258953,4.183126926422119,1.124074101448059
74,a_003,0,2.0,0.00115,23.0,20000,1.8981175422668457,a_002;a_004;a_006;a_007;a_010;a_3a;a_3b;a_4a;a_4b,prototype_soft,0.008529837243258953,4.183126926422119,1.1810866594314575
74,a_009,0,2.0,0.00065,13.0,20000,1.8981175422668457,a_002;a_004;a_006;a_007;a_010;a_3a;a_3b;a_4a;a_4b,prototype_soft,0.008529837243258953,4.183126926422119,0.9769640564918518
74,a_012,1,2.0,0.00475,95.0,20000,1.8981175422668457,a_002;a_004;a_006;a_007;a_010;a_3a;a_3b;a_4a;a_4b,prototype_soft,0.008529837243258953,4.183126926422119,1.9722890853881836
74,a_1a,0,2.0,0.00315,63.0,20000,1.8981175422668457,a_002;a_004;a_006;a_007;a_010;a_3a;a_3b;a_4a;a_4b,prototype_soft,0.008529837243258953,4.183126926422119,1.6008046865463257
74,a_2a,0,2.0,0.0001,2.0,20000,1.8981175422668457,a_002;a_004;a_006;a_007;a_010;a_3a;a_3b;a_4a;a_4b,prototype_soft,0.008529837243258953,4.183126926422119,0.1780967116355896
75,a_004,0,0.0,0.00085,17.0,20000,1.0469295978546143,a_001;a_006;a_009;a_011;a_3a;a_3b;a_4a;a_4b;a_5a,prototype_soft,0.011275489814579487,2.481564521789551,0.3655022084712982
75,a_005,1,0.0,0.01405,281.0,20000,1.0469295978546143,a_001;a_006;a_009;a_011;a_3a;a_3b;a_4a;a_4b;a_5a,prototype_soft,0.011275489814579487,2.481564521789551,1.3857299089431763
75,a_007,1,0.0,0.0018,36.0,20000,1.0469295978546143,a_001;a_006;a_009;a_011;a_3a;a_3b;a_4a;a_4b;a_5a,prototype_soft,0.011275489814579487,2.481564521789551,0.6423206925392151
75,a_1a,0,0.0,0.0018,36.0,20000,1.0469295978546143,a_001;a_006;a_009;a_011;a_3a;a_3b;a_4a;a_4b;a_5a,prototype_soft,0.011275489814579487,2.481564521789551,0.6926125884056091
75,a_2a,0,0.0,0.00045,9.0,20000,1.0469295978546143,a_001;a_006;a_009;a_011;a_3a;a_3b;a_4a;a_4b;a_5a,prototype_soft,0.011275489814579487,2.481564521789551,0.38150614500045776
75,a_2b,0,0.0,0.0002,4.0,20000,1.0469295978546143,a_001;a_006;a_009;a_011;a_3a;a_3b;a_4a;a_4b;a_5a,prototype_soft,0.011275489814579487,2.481564521789551,0.21904359757900238
76,a_009,0,2.0,0.02315,463.0,20000,0.75834059715271,a_001;a_002;a_004;a_006;a_007;a_012;a_2a;a_3b;a_4b,prototype_soft,0.01894395798444748,1.6507169008255005,0.9725064039230347
76,a_011,0,2.0,0.00465,93.0,20000,0.75834059715271,a_001;a_002;a_004;a_006;a_007;a_012;a_2a;a_3b;a_4b,prototype_soft,0.01894395798444748,1.6507169008255005,0.6263700723648071
76,a_1a,0,2.0,0.00505,101.0,20000,0.75834059715271,a_001;a_002;a_004;a_006;a_007;a_012;a_2a;a_3b;a_4b,prototype_soft,0.01894395798444748,1.6507169008255005,0.46342411637306213
76,a_3a,0,2.0,0.0009,18.0,20000,0.75834059715271,a_001;a_002;a_004;a_006;a_007;a_012;a_2a;a_3b;a_4b,prototype_soft,0.01894395798444748,1.6507169008255005,0.13893918693065643
76,a_4a,1,2.0,0.0125,250.0,20000,0.75834059715271,a_001;a_002;a_004;a_006;a_007;a_012;a_2a;a_3b;a_4b,prototype_soft,0.01894395798444748,1.6507169008255005,0.8812398314476013
76,a_5b,1,2.0,0.0101,202.0,20000,0.75834059715271,a_001;a_002;a_004;a_006;a_007;a_012;a_2a;a_3b;a_4b,prototype_soft,0.01894395798444748,1.6507169008255005,0.7821019887924194
77,a_001,1,1.0,0.00085,17.0,20000,1.0791963338851929,a_002;a_005;a_009;a_010;a_012;a_1a;a_2b;a_5a;a_5b,prototype_soft,0.007321564946323633,2.415792465209961,0.7224069237709045
77,a_006,0,1.0,0.00445,89.0,20000,1.0791963338851929,a_002;a_005;a_009;a_010;a_012;a_1a;a_2b;a_5a;a_5b,prototype_soft,0.007321564946323633,2.415792465209961,1.1427607536315918
77,a_011,0,1.0,0.0006,12.0,20000,1.0791963338851929,a_002;a_005;a_009;a_010;a_012;a_1a;a_2b;a_5a;a_5b,prototype_soft,0.007321564946323633,2.415792465209961,0.6498134732246399
77,a_3a,0,1.0,0.00015,3.0,20000,1.0791963338851929,a_002;a_005;a_009;a_010;a_012;a_1a;a_2b;a_5a;a_5b,prototype_soft,0.007321564946323633,2.415792465209961,0.2438507080078125
77,a_3b,0,1.0,0.0001,2.0,20000,1.0791963338851929,a_002;a_005;a_009;a_010;a_012;a_1a;a_2b;a_5a;a_5b,prototype_soft,0.007321564946323633,2.415792465209961,0.22540922462940216
77,a_4a,1,1.0,0.00045,9.0,20000,1.0791963338851929,a_002;a_005;a_009;a_010;a_012;a_1a;a_2b;a_5a;a_5b,prototype_soft,0.007321564946323633,2.415792465209961,0.4168480336666107
78,a_002,1,0.0,5e-05,1.0,20000,0.8984288573265076,a_004;a_005;a_007;a_010;a_011;a_1a;a_2a;a_4a;a_5a,prototype_soft,0.006121104117482901,1.9455251693725586,0.35654324293136597
78,a_003,0,0.0,0.00065,13.0,20000,0.8984288573265076,a_004;a_005;a_007;a_010;a_011;a_1a;a_2a;a_4a;a_5a,prototype_soft,0.006121104117482901,1.9455251693725586,0.6689180731773376
78,a_009,0,0.0,0.0,0.0,20000,0.8984288573265076,a_004;a_005;a_007;a_010;a_011;a_1a;a_2a;a_4a;a_5a,prototype_soft,0.006121104117482901,1.9455251693725586,0.1804673969745636
78,a_012,1,0.0,5e-05,1.0,20000,0.8984288573265076,a_004;a_005;a_007;a_010;a_011;a_1a;a_2a;a_4a;a_5a,prototype_soft,0.006121104117482901,1.9455251693725586,0.30101650953292847
78,a_2b,0,0.0,0.0002,4.0,20000,0.8984288573265076,a_004;a_005;a_007;a_010;a_011;a_1a;a_2a;a_4a;a_5a,prototype_soft,0.006121104117482901,1.9455251693725586,0.21861812472343445
78,a_3b,0,0.0,0.0,0.0,20000,0.8984288573265076,a_004;a_005;a_007;a_010;a_011;a_1a;a_2a;a_4a;a_5a,prototype_soft,0.006121104117482901,1.9455251693725586,0.1510477364063263
79,a_002,1,0.0,0.00015,3.0,20000,0.9769935607910156,a_003;a_005;a_006;a_010;a_012;a_1a;a_3b;a_4a;a_5b,prototype_soft,0.00891239382326603,2.564850091934204,0.44685208797454834
79,a_004,0,0.0,0.00015,3.0,20000,0.9769935607910156,a_003;a_005;a_006;a_010;a_012;a_1a;a_3b;a_4a;a_5b,prototype_soft,0.00891239382326603,2.564850091934204,0.22753652930259705
79,a_011,0,0.0,0.0009,18.0,20000,0.9769935607910156,a_003;a_005;a_006;a_010;a_012;a_1a;a_3b;a_4a;a_5b,prototype_soft,0.00891239382326603,2.564850091934204,0.5295889973640442
79,a_2b,0,0.0,5e-05,1.0,20000,0.9769935607910156,a_003;a_005;a_006;a_010;a_012;a_1a;a_3b;a_4a;a_5b,prototype_soft,0.00891239382326603,2.564850091934204,0.11335541307926178
79,a_3a,0,0.0,5e-05,1.0,20000,0.9769935607910156,a_003;a_005;a_006;a_010;a_012;a_1a;a_3b;a_4a;a_5b,prototype_soft,0.00891239382326603,2.564850091934204,0.1605749875307083
79,a_5a,1,0.0,0.00445,89.0,20000,0.9769935607910156,a_003;a_005;a_006;a_010;a_012;a_1a;a_3b;a_4a;a_5b,prototype_soft,0.00891239382326603,2.564850091934204,0.9802350401878357
80,a_007,1,0.0,0.00025,5.0,20000,0.26903975009918213,a_001;a_002;a_006;a_010;a_012;a_1a;a_2b;a_4a;a_4b,prototype_soft,0.007085070945322514,0.664117157459259,0.1398046463727951
80,a_009,0,0.0,0.0003,6.0,20000,0.26903975009918213,a_001;a_002;a_006;a_010;a_012;a_1a;a_2b;a_4a;a_4b,prototype_soft,0.007085070945322514,0.664117157459259,0.16153812408447266
80,a_011,0,0.0,0.0092,184.0,20000,0.26903975009918213,a_001;a_002;a_006;a_010;a_012;a_1a;a_2b;a_4a;a_4b,prototype_soft,0.007085070945322514,0.664117157459259,0.3262500762939453
80,a_2a,0,0.0,0.0002,4.0,20000,0.26903975009918213,a_001;a_002;a_006;a_010;a_012;a_1a;a_2b;a_4a;a_4b,prototype_soft,0.007085070945322514,0.664117157459259,0.14188723266124725
80,a_3b,0,0.0,0.0007,14.0,20000,0.26903975009918213,a_001;a_002;a_006;a_010;a_012;a_1a;a_2b;a_4a;a_4b,prototype_soft,0.007085070945322514,0.664117157459259,0.18991334736347198
80,a_5a,1,0.0,0.0008,16.0,20000,0.26903975009918213,a_001;a_002;a_006;a_010;a_012;a_1a;a_2b;a_4a;a_4b,prototype_soft,0.007085070945322514,0.664117157459259,0.18299491703510284
81,a_003,0,2.0,0.0049,98.0,20000,0.4513586759567261,a_001;a_002;a_005;a_006;a_010;a_2a;a_2b;a_3b;a_4b;a_5a,prototype_soft,0.010708842426538467,1.1427466869354248,0.4467383921146393
81,a_004,0,2.0,0.0003,6.0,20000,0.4513586759567261,a_001;a_002;a_005;a_006;a_010;a_2a;a_2b;a_3b;a_4b;a_5a,prototype_soft,0.010708842426538467,1.1427466869354248,0.07901190966367722
81,a_007,1,2.0,0.00025,5.0,20000,0.4513586759567261,a_001;a_002;a_005;a_006;a_010;a_2a;a_2b;a_3b;a_4b;a_5a,prototype_soft,0.010708842426538467,1.1427466869354248,0.12442637979984283
81,a_009,0,2.0,0.00325,65.0,20000,0.4513586759567261,a_001;a_002;a_005;a_006;a_010;a_2a;a_2b;a_3b;a_4b;a_5a,prototype_soft,0.010708842426538467,1.1427466869354248,0.4179591238498688
81,a_011,0,2.0,0.0015,30.0,20000,0.4513586759567261,a_001;a_002;a_005;a_006;a_010;a_2a;a_2b;a_3b;a_4b;a_5a,prototype_soft,0.010708842426538467,1.1427466869354248,0.3184962868690491
81,a_5b,1,2.0,0.0021,42.0,20000,0.4513586759567261,a_001;a_002;a_005;a_006;a_010;a_2a;a_2b;a_3b;a_4b;a_5a,prototype_soft,0.010708842426538467,1.1427466869354248,0.34913599491119385
82,a_009,0,2.0,0.002,40.0,20000,0.6056132316589355,a_001;a_003;a_006;a_007;a_010;a_012;a_2b;a_3a;a_4b,prototype_soft,0.006631217896938324,1.564447283744812,0.5516034364700317
82,a_011,0,2.0,0.012,240.0,20000,0.6056132316589355,a_001;a_003;a_006;a_007;a_010;a_012;a_2b;a_3a;a_4b,prototype_soft,0.006631217896938324,1.564447283744812,0.7902628183364868
82,a_1a,0,2.0,0.00075,15.0,20000,0.6056132316589355,a_001;a_003;a_006;a_007;a_010;a_012;a_2b;a_3a;a_4b,prototype_soft,0.006631217896938324,1.564447283744812,0.47036442160606384
82,a_3b,0,2.0,0.00195,39.0,20000,0.6056132316589355,a_001;a_003;a_006;a_007;a_010;a_012;a_2b;a_3a;a_4b,prototype_soft,0.006631217896938324,1.564447283744812,0.5210909843444824
82,a_4a,1,2.0,0.00795,159.0,20000,0.6056132316589355,a_001;a_003;a_006;a_007;a_010;a_012;a_2b;a_3a;a_4b,prototype_soft,0.006631217896938324,1.564447283744812,0.7245830297470093
82,a_5b,1,2.0,0.00075,15.0,20000,0.6056132316589355,a_001;a_003;a_006;a_007;a_010;a_012;a_2b;a_3a;a_4b,prototype_soft,0.006631217896938324,1.564447283744812,0.40229812264442444
83,a_004,0,1.0,0.00015,3.0,20000,1.101369023323059,a_002;a_003;a_005;a_007;a_010;a_1a;a_3a;a_4a;a_4b,prototype_soft,0.006479150149971247,2.5516538619995117,0.17972701787948608
83,a_012,1,1.0,0.00425,85.0,20000,1.101369023323059,a_002;a_003;a_005;a_007;a_010;a_1a;a_3a;a_4a;a_4b,prototype_soft,0.006479150149971247,2.5516538619995117,1.150513768196106
83,a_2a,0,1.0,5e-05,1.0,20000,1.101369023323059,a_002;a_003;a_005;a_007;a_010;a_1a;a_3a;a_4a;a_4b,prototype_soft,0.006479150149971247,2.5516538619995117,0.09944504499435425
83,a_2b,0,1.0,0.0002,4.0,20000,1.101369023323059,a_002;a_003;a_005;a_007;a_010;a_1a;a_3a;a_4a;a_4b,prototype_soft,0.006479150149971247,2.5516538619995117,0.13815855979919434
83,a_3b,0,1.0,0.0002,4.0,20000,1.101369023323059,a_002;a_003;a_005;a_007;a_010;a_1a;a_3a;a_4a;a_4b,prototype_soft,0.006479150149971247,2.5516538619995117,0.19782181084156036
83,a_5a,1,1.0,0.0067,134.0,20000,1.101369023323059,a_002;a_003;a_005;a_007;a_010;a_1a;a_3a;a_4a;a_4b,prototype_soft,0.006479150149971247,2.5516538619995117,1.4125220775604248
84,a_002,1,1.0,0.00975,195.0,20000,1.3395627737045288,a_003;a_005;a_007;a_011;a_1a;a_2b;a_3a;a_4a;a_4b;a_5a,prototype_soft,0.046207599341869354,3.154618263244629,1.0872210264205933
84,a_006,0,1.0,0.02145,429.0,20000,1.3395627737045288,a_003;a_005;a_007;a_011;a_1a;a_2b;a_3a;a_4a;a_4b;a_5a,prototype_soft,0.046207599341869354,3.154618263244629,1.3468719720840454
84,a_009,0,1.0,0.0202,404.0,20000,1.3395627737045288,a_003;a_005;a_007;a_011;a_1a;a_2b;a_3a;a_4a;a_4b;a_5a,prototype_soft,0.046207599341869354,3.154618263244629,1.3354198932647705
84,a_010,0,1.0,0.00645,129.0,20000,1.3395627737045288,a_003;a_005;a_007;a_011;a_1a;a_2b;a_3a;a_4a;a_4b;a_5a,prototype_soft,0.046207599341869354,3.154618263244629,0.7762051820755005
84,a_012,1,1.0,0.00075,15.0,20000,1.3395627737045288,a_003;a_005;a_007;a_011;a_1a;a_2b;a_3a;a_4a;a_4b;a_5a,prototype_soft,0.046207599341869354,3.154618263244629,0.4821963608264923
84,a_2a,0,1.0,0.00165,33.0,20000,1.3395627737045288,a_003;a_005;a_007;a_011;a_1a;a_2b;a_3a;a_4a;a_4b;a_5a,prototype_soft,0.046207599341869354,3.154618263244629,0.23016834259033203
85,a_003,0,1.0,0.0,0.0,20000,0.06073761731386185,a_001;a_002;a_006;a_011;a_012;a_1a;a_2b;a_3a;a_4a,prototype_soft,0.011429749429225922,0.141398623585701,0.00016212169430218637
85,a_004,0,1.0,0.0,0.0,20000,0.06073761731386185,a_001;a_002;a_006;a_011;a_012;a_1a;a_2b;a_3a;a_4a,prototype_soft,0.011429749429225922,0.141398623585701,0.0004661257262341678
85,a_2a,0,1.0,5e-05,1.0,20000,0.06073761731386185,a_001;a_002;a_006;a_011;a_012;a_1a;a_2b;a_3a;a_4a,prototype_soft,0.011429749429225922,0.141398623585701,0.0030287490226328373
85,a_3b,0,1.0,5e-05,1.0,20000,0.06073761731386185,a_001;a_002;a_006;a_011;a_012;a_1a;a_2b;a_3a;a_4a,prototype_soft,0.011429749429225922,0.141398623585701,0.002855092752724886
85,a_4b,1,1.0,0.0,0.0,20000,0.06073761731386185,a_001;a_002;a_006;a_011;a_012;a_1a;a_2b;a_3a;a_4a,prototype_soft,0.011429749429225922,0.141398623585701,0.0014582511503249407
85,a_5b,1,1.0,0.0,0.0,20000,0.06073761731386185,a_001;a_002;a_006;a_011;a_012;a_1a;a_2b;a_3a;a_4a,prototype_soft,0.011429749429225922,0.141398623585701,0.0012397641548886895
86,a_002,1,0.0,0.0005,10.0,20000,0.5413606762886047,a_001;a_003;a_004;a_005;a_006;a_009;a_012;a_3b;a_4a,prototype_soft,0.00652807904407382,1.4886915683746338,0.3366420865058899
86,a_010,0,0.0,0.00045,9.0,20000,0.5413606762886047,a_001;a_003;a_004;a_005;a_006;a_009;a_012;a_3b;a_4a,prototype_soft,0.00652807904407382,1.4886915683746338,0.23609095811843872
86,a_011,0,0.0,0.0003,6.0,20000,0.5413606762886047,a_001;a_003;a_004;a_005;a_006;a_009;a_012;a_3b;a_4a,prototype_soft,0.00652807904407382,1.4886915683746338,0.17713184654712677
86,a_1a,0,0.0,0.0001,2.0,20000,0.5413606762886047,a_001;a_003;a_004;a_005;a_006;a_009;a_012;a_3b;a_4a,prototype_soft,0.00652807904407382,1.4886915683746338,0.11682560294866562
86,a_3a,0,0.0,0.0,0.0,20000,0.5413606762886047,a_001;a_003;a_004;a_005;a_006;a_009;a_012;a_3b;a_4a,prototype_soft,0.00652807904407382,1.4886915683746338,0.06078629195690155
86,a_4b,1,0.0,0.00045,9.0,20000,0.5413606762886047,a_001;a_003;a_004;a_005;a_006;a_009;a_012;a_3b;a_4a,prototype_soft,0.00652807904407382,1.4886915683746338,0.2053520530462265
87,a_001,1,0.0,0.0024,48.0,20000,0.4567223787307739,a_002;a_003;a_010;a_011;a_012;a_2a;a_3a;a_4a;a_5a;a_5b,prototype_soft,0.00971886608749628,1.2257791757583618,0.3578464984893799
87,a_004,0,0.0,0.00055,11.0,20000,0.4567223787307739,a_002;a_003;a_010;a_011;a_012;a_2a;a_3a;a_4a;a_5a;a_5b,prototype_soft,0.00971886608749628,1.2257791757583618,0.14186209440231323
87,a_006,0,0.0,0.00075,15.0,20000,0.4567223787307739,a_002;a_003;a_010;a_011;a_012;a_2a;a_3a;a_4a;a_5a;a_5b,prototype_soft,0.00971886608749628,1.2257791757583618,0.2135927677154541
87,a_009,0,0.0,0.0019,38.0,20000,0.4567223787307739,a_002;a_003;a_010;a_011;a_012;a_2a;a_3a;a_4a;a_5a;a_5b,prototype_soft,0.00971886608749628,1.2257791757583618,0.3574463129043579
87,a_2b,0,0.0,5e-05,1.0,20000,0.4567223787307739,a_002;a_003;a_010;a_011;a_012;a_2a;a_3a;a_4a;a_5a;a_5b,prototype_soft,0.00971886608749628,1.2257791757583618,0.028983859345316887
87,a_4b,1,0.0,0.0017,34.0,20000,0.4567223787307739,a_002;a_003;a_010;a_011;a_012;a_2a;a_3a;a_4a;a_5a;a_5b,prototype_soft,0.00971886608749628,1.2257791757583618,0.2694191038608551
88,a_001,1,3.0,0.00075,15.0,20000,1.689582347869873,a_002;a_003;a_007;a_009;a_011;a_012;a_3a;a_5a;a_5b,prototype_soft,0.005630876868963242,3.9241254329681396,0.8612273335456848
88,a_004,0,3.0,0.00045,9.0,20000,1.689582347869873,a_002;a_003;a_007;a_009;a_011;a_012;a_3a;a_5a;a_5b,prototype_soft,0.005630876868963242,3.9241254329681396,0.5450900793075562
88,a_010,0,3.0,0.00015,3.0,20000,1.689582347869873,a_002;a_003;a_007;a_009;a_011;a_012;a_3a;a_5a;a_5b,prototype_soft,0.005630876868963242,3.9241254329681396,0.2368035763502121
88,a_1a,0,3.0,0.00035,7.0,20000,1.689582347869873,a_002;a_003;a_007;a_009;a_011;a_012;a_3a;a_5a;a_5b,prototype_soft,0.005630876868963242,3.9241254329681396,0.5014971494674683
88,a_2a,0,3.0,0.0001,2.0,20000,1.689582347869873,a_002;a_003;a_007;a_009;a_011;a_012;a_3a;a_5a;a_5b,prototype_soft,0.005630876868963242,3.9241254329681396,0.20448344945907593
88,a_4b,1,3.0,0.0002,4.0,20000,1.689582347869873,a_002;a_003;a_007;a_009;a_011;a_012;a_3a;a_5a;a_5b,prototype_soft,0.005630876868963242,3.9241254329681396,0.466680109500885
89,a_009,0,0.0,0.00015,3.0,20000,0.5782427191734314,a_002;a_003;a_004;a_006;a_007;a_012;a_1a;a_2b;a_4a,prototype_soft,0.013581478968262672,1.4893596172332764,0.07990125566720963
89,a_010,0,0.0,0.0,0.0,20000,0.5782427191734314,a_002;a_003;a_004;a_006;a_007;a_012;a_1a;a_2b;a_4a,prototype_soft,0.013581478968262672,1.4893596172332764,0.05084987357258797
89,a_011,0,0.0,0.0001,2.0,20000,0.5782427191734314,a_002;a_003;a_004;a_006;a_007;a_012;a_1a;a_2b;a_4a,prototype_soft,0.013581478968262672,1.4893596172332764,0.184182807803154
89,a_3a,0,0.0,0.0001,2.0,20000,0.5782427191734314,a_002;a_003;a_004;a_006;a_007;a_012;a_1a;a_2b;a_4a,prototype_soft,0.013581478968262672,1.4893596172332764,0.0698862075805664
89,a_4b,1,0.0,0.00095,19.0,20000,0.5782427191734314,a_002;a_003;a_004;a_006;a_007;a_012;a_1a;a_2b;a_4a,prototype_soft,0.013581478968262672,1.4893596172332764,0.3729669749736786
89,a_5b,1,0.0,0.00025,5.0,20000,0.5782427191734314,a_002;a_003;a_004;a_006;a_007;a_012;a_1a;a_2b;a_4a,prototype_soft,0.013581478968262672,1.4893596172332764,0.1641804426908493
90,a_001,1,0.0,0.00095,19.0,20000,1.6537846326828003,a_002;a_005;a_006;a_007;a_011;a_1a;a_2b;a_3a;a_4b;a_5b,prototype_soft,0.011234153062105179,3.7018604278564453,0.8659541606903076
90,a_003,0,0.0,0.0017,34.0,20000,1.6537846326828003,a_002;a_005;a_006;a_007;a_011;a_1a;a_2b;a_3a;a_4b;a_5b,prototype_soft,0.011234153062105179,3.7018604278564453,1.0976535081863403
90,a_004,0,0.0,0.00145,29.0,20000,1.6537846326828003,a_002;a_005;a_006;a_007;a_011;a_1a;a_2b;a_3a;a_4b;a_5b,prototype_soft,0.011234153062105179,3.7018604278564453,0.6730584502220154
90,a_009,0,0.0,0.0002,4.0,20000,1.6537846326828003,a_002;a_005;a_006;a_007;a_011;a_1a;a_2b;a_3a;a_4b;a_5b,prototype_soft,0.011234153062105179,3.7018604278564453,0.6241897344589233
90,a_3b,0,0.0,0.00025,5.0,20000,1.6537846326828003,a_002;a_005;a_006;a_007;a_011;a_1a;a_2b;a_3a;a_4b;a_5b,prototype_soft,0.011234153062105179,3.7018604278564453,0.6180139183998108
90,a_4a,1,0.0,0.00975,195.0,20000,1.6537846326828003,a_002;a_005;a_006;a_007;a_011;a_1a;a_2b;a_3a;a_4b;a_5b,prototype_soft,0.011234153062105179,3.7018604278564453,1.9870303869247437
91,a_002,1,0.0,0.0096,192.0,20000,1.391964316368103,a_003;a_005;a_006;a_007;a_009;a_010;a_2a;a_4a;a_5a,prototype_soft,0.014440731145441532,3.1749825477600098,1.5064423084259033
91,a_004,0,0.0,0.00045,9.0,20000,1.391964316368103,a_003;a_005;a_006;a_007;a_009;a_010;a_2a;a_4a;a_5a,prototype_soft,0.014440731145441532,3.1749825477600098,0.36766722798347473
91,a_012,1,0.0,0.00015,3.0,20000,1.391964316368103,a_003;a_005;a_006;a_007;a_009;a_010;a_2a;a_4a;a_5a,prototype_soft,0.014440731145441532,3.1749825477600098,0.4602656662464142
91,a_1a,0,0.0,0.0015,30.0,20000,1.391964316368103,a_003;a_005;a_006;a_007;a_009;a_010;a_2a;a_4a;a_5a,prototype_soft,0.014440731145441532,3.1749825477600098,0.7780975103378296
91,a_2b,0,0.0,0.0003,6.0,20000,1.391964316368103,a_003;a_005;a_006;a_007;a_009;a_010;a_2a;a_4a;a_5a,prototype_soft,0.014440731145441532,3.1749825477600098,0.1241527870297432
91,a_3b,0,0.0,0.00055,11.0,20000,1.391964316368103,a_003;a_005;a_006;a_007;a_009;a_010;a_2a;a_4a;a_5a,prototype_soft,0.014440731145441532,3.1749825477600098,0.4693603217601776
92,a_003,0,0.0,0.0007,14.0,20000,1.1359871625900269,a_001;a_002;a_007;a_009;a_010;a_011;a_012;a_2a;a_2b;a_4a,prototype_soft,0.01822957582771778,2.913856267929077,0.3616790473461151
92,a_004,0,0.0,0.0001,2.0,20000,1.1359871625900269,a_001;a_002;a_007;a_009;a_010;a_011;a_012;a_2a;a_2b;a_4a,prototype_soft,0.01822957582771778,2.913856267929077,0.1381862610578537
92,a_006,0,0.0,0.00175,35.0,20000,1.1359871625900269,a_001;a_002;a_007;a_009;a_010;a_011;a_012;a_2a;a_2b;a_4a,prototype_soft,0.01822957582771778,2.913856267929077,0.6352159976959229
92,a_1a,0,0.0,0.0016,32.0,20000,1.1359871625900269,a_001;a_002;a_007;a_009;a_010;a_011;a_012;a_2a;a_2b;a_4a,prototype_soft,0.01822957582771778,2.913856267929077,0.37573903799057007
92,a_4b,1,0.0,0.0006,12.0,20000,1.1359871625900269,a_001;a_002;a_007;a_009;a_010;a_011;a_012;a_2a;a_2b;a_4a,prototype_soft,0.01822957582771778,2.913856267929077,0.35052981972694397
92,a_5b,1,0.0,0.00955,191.0,20000,1.1359871625900269,a_001;a_002;a_007;a_009;a_010;a_011;a_012;a_2a;a_2b;a_4a,prototype_soft,0.01822957582771778,2.913856267929077,1.211728572845459
93,a_006,0,4.0,0.0,0.0,20000,1.322300910949707,a_002;a_003;a_005;a_007;a_011;a_1a;a_3b;a_4b;a_5b,prototype_soft,0.00605907803401351,3.225189208984375,0.02469669282436371
93,a_009,0,4.0,0.0,0.0,20000,1.322300910949707,a_002;a_003;a_005;a_007;a_011;a_1a;a_3b;a_4b;a_5b,prototype_soft,0.00605907803401351,3.225189208984375,0.05140145123004913
93,a_010,0,4.0,0.0,0.0,20000,1.322300910949707,a_002;a_003;a_005;a_007;a_011;a_1a;a_3b;a_4b;a_5b,prototype_soft,0.00605907803401351,3.225189208984375,0.020001860335469246
93,a_012,1,4.0,5e-05,1.0,20000,1.322300910949707,a_002;a_003;a_005;a_007;a_011;a_1a;a_3b;a_4b;a_5b,prototype_soft,0.00605907803401351,3.225189208984375,0.33103227615356445
93,a_3a,0,4.0,5e-05,1.0,20000,1.322300910949707,a_002;a_003;a_005;a_007;a_011;a_1a;a_3b;a_4b;a_5b,prototype_soft,0.00605907803401351,3.225189208984375,0.05633959919214249
93,a_5a,1,4.0,0.002,40.0,20000,1.322300910949707,a_002;a_003;a_005;a_007;a_011;a_1a;a_3b;a_4b;a_5b,prototype_soft,0.00605907803401351,3.225189208984375,1.0974069833755493
94,a_012,1,4.0,0.00055,11.0,20000,1.208920955657959,a_002;a_005;a_009;a_010;a_011;a_3a;a_4a;a_4b;a_5b,prototype_soft,0.010617826133966446,2.952338457107544,0.5383099317550659
94,a_1a,0,4.0,0.001,20.0,20000,1.208920955657959,a_002;a_005;a_009;a_010;a_011;a_3a;a_4a;a_4b;a_5b,prototype_soft,0.010617826133966446,2.952338457107544,0.6414285898208618
94,a_2a,0,4.0,0.00015,3.0,20000,1.208920955657959,a_002;a_005;a_009;a_010;a_011;a_3a;a_4a;a_4b;a_5b,prototype_soft,0.010617826133966446,2.952338457107544,0.10321094840765
94,a_2b,0,4.0,5e-05,1.0,20000,1.208920955657959,a_002;a_005;a_009;a_010;a_011;a_3a;a_4a;a_4b;a_5b,prototype_soft,0.010617826133966446,2.952338457107544,0.0330028273165226
94,a_3b,0,4.0,0.0003,6.0,20000,1.208920955657959,a_002;a_005;a_009;a_010;a_011;a_3a;a_4a;a_4b;a_5b,prototype_soft,0.010617826133966446,2.952338457107544,0.3102095127105713
94,a_5a,1,4.0,0.0059,118.0,20000,1.208920955657959,a_002;a_005;a_009;a_010;a_011;a_3a;a_4a;a_4b;a_5b,prototype_soft,0.010617826133966446,2.952338457107544,1.3032946586608887
95,a_004,0,2.0,0.0015,30.0,20000,0.6575326919555664,a_001;a_002;a_005;a_006;a_010;a_011;a_2b;a_3a;a_4b;a_5b,prototype_soft,0.01756698079407215,1.4524633884429932,0.2105376124382019
95,a_009,0,2.0,0.01305,261.0,20000,0.6575326919555664,a_001;a_002;a_005;a_006;a_010;a_011;a_2b;a_3a;a_4b;a_5b,prototype_soft,0.01756698079407215,1.4524633884429932,0.7454946637153625
95,a_1a,0,2.0,0.00365,73.0,20000,0.6575326919555664,a_001;a_002;a_005;a_006;a_010;a_011;a_2b;a_3a;a_4b;a_5b,prototype_soft,0.01756698079407215,1.4524633884429932,0.3685745894908905
95,a_2a,0,2.0,0.00045,9.0,20000,0.6575326919555664,a_001;a_002;a_005;a_006;a_010;a_011;a_2b;a_3a;a_4b;a_5b,prototype_soft,0.01756698079407215,1.4524633884429932,0.10674078017473221
95,a_4a,1,2.0,0.00785,157.0,20000,0.6575326919555664,a_001;a_002;a_005;a_006;a_010;a_011;a_2b;a_3a;a_4b;a_5b,prototype_soft,0.01756698079407215,1.4524633884429932,0.6574910879135132
95,a_5a,1,2.0,0.0122,244.0,20000,0.6575326919555664,a_001;a_002;a_005;a_006;a_010;a_011;a_2b;a_3a;a_4b;a_5b,prototype_soft,0.01756698079407215,1.4524633884429932,0.7692447304725647
96,a_004,0,1.0,0.0009,18.0,20000,0.1770695000886917,a_001;a_002;a_003;a_009;a_1a;a_2b;a_4a;a_4b;a_5b,prototype_soft,0.011506103910505772,0.4291709065437317,0.10823827981948853
96,a_007,1,1.0,0.01775,355.0,20000,0.1770695000886917,a_001;a_002;a_003;a_009;a_1a;a_2b;a_4a;a_4b;a_5b,prototype_soft,0.011506103910505772,0.4291709065437317,0.21626396477222443
96,a_010,0,1.0,0.01905,381.0,20000,0.1770695000886917,a_001;a_002;a_003;a_009;a_1a;a_2b;a_4a;a_4b;a_5b,prototype_soft,0.011506103910505772,0.4291709065437317,0.21815155446529388
96,a_012,1,1.0,0.00015,3.0,20000,0.1770695000886917,a_001;a_002;a_003;a_009;a_1a;a_2b;a_4a;a_4b;a_5b,prototype_soft,0.011506103910505772,0.4291709065437317,0.08535701781511307
96,a_2a,0,1.0,0.00055,11.0,20000,0.1770695000886917,a_001;a_002;a_003;a_009;a_1a;a_2b;a_4a;a_4b;a_5b,prototype_soft,0.011506103910505772,0.4291709065437317,0.10401354730129242
96,a_3a,0,1.0,0.00215,43.0,20000,0.1770695000886917,a_001;a_002;a_003;a_009;a_1a;a_2b;a_4a;a_4b;a_5b,prototype_soft,0.011506103910505772,0.4291709065437317,0.13862426578998566
97,a_001,1,2.0,0.0096,192.0,20000,0.6067252159118652,a_002;a_004;a_007;a_010;a_011;a_012;a_2a;a_3a;a_4a;a_4b,prototype_soft,0.01618790626525879,1.3647769689559937,0.6692590713500977
97,a_003,0,2.0,0.00305,61.0,20000,0.6067252159118652,a_002;a_004;a_007;a_010;a_011;a_012;a_2a;a_3a;a_4a;a_4b,prototype_soft,0.01618790626525879,1.3647769689559937,0.41782286763191223
97,a_006,0,2.0,0.0068,136.0,20000,0.6067252159118652,a_002;a_004;a_007;a_010;a_011;a_012;a_2a;a_3a;a_4a;a_4b,prototype_soft,0.01618790626525879,1.3647769689559937,0.561726987361908
97,a_009,0,2.0,0.00635,127.0,20000,0.6067252159118652,a_002;a_004;a_007;a_010;a_011;a_012;a_2a;a_3a;a_4a;a_4b,prototype_soft,0.01618790626525879,1.3647769689559937,0.593839704990387
97,a_3b,0,2.0,0.0007,14.0,20000,0.6067252159118652,a_002;a_004;a_007;a_010;a_011;a_012;a_2a;a_3a;a_4a;a_4b,prototype_soft,0.01618790626525879,1.3647769689559937,0.15039658546447754
97,a_5b,1,2.0,0.01095,219.0,20000,0.6067252159118652,a_002;a_004;a_007;a_010;a_011;a_012;a_2a;a_3a;a_4a;a_4b,prototype_soft,0.01618790626525879,1.3647769689559937,0.6959128975868225
98,a_006,0,0.0,0.00115,23.0,20000,0.4769817590713501,a_001;a_003;a_005;a_007;a_010;a_012;a_2b;a_3b;a_5b,prototype_soft,0.011264611966907978,1.160262942314148,0.323684424161911
98,a_011,0,0.0,0.0007,14.0,20000,0.4769817590713501,a_001;a_003;a_005;a_007;a_010;a_012;a_2b;a_3b;a_5b,prototype_soft,0.011264611966907978,1.160262942314148,0.25014424324035645
98,a_1a,0,0.0,0.0002,4.0,20000,0.4769817590713501,a_001;a_003;a_005;a_007;a_010;a_012;a_2b;a_3b;a_5b,prototype_soft,0.011264611966907978,1.160262942314148,0.06496338546276093
98,a_2a,0,0.0,0.0001,2.0,20000,0.4769817590713501,a_001;a_003;a_005;a_007;a_010;a_012;a_2b;a_3b;a_5b,prototype_soft,0.011264611966907978,1.160262942314148,0.052263226360082626
98,a_4a,1,0.0,0.00095,19.0,20000,0.4769817590713501,a_001;a_003;a_005;a_007;a_010;a_012;a_2b;a_3b;a_5b,prototype_soft,0.011264611966907978,1.160262942314148,0.24700473248958588
98,a_5a,1,0.0,0.00615,123.0,20000,0.4769817590713501,a_001;a_003;a_005;a_007;a_010;a_012;a_2b;a_3b;a_5b,prototype_soft,0.011264611966907978,1.160262942314148,0.5077041983604431
99,a_003,0,1.0,0.00275,55.0,20000,1.6158554553985596,a_001;a_002;a_005;a_009;a_010;a_011;a_012;a_2a;a_3a;a_4a,prototype_soft,0.010858696885406971,3.8116397857666016,1.3441340923309326
99,a_006,0,1.0,0.00035,7.0,20000,1.6158554553985596,a_001;a_002;a_005;a_009;a_010;a_011;a_012;a_2a;a_3a;a_4a,prototype_soft,0.010858696885406971,3.8116397857666016,0.26493188738822937
99,a_007,1,1.0,0.0014,28.0,20000,1.6158554553985596,a_001;a_002;a_005;a_009;a_010;a_011;a_012;a_2a;a_3a;a_4a,prototype_soft,0.010858696885406971,3.8116397857666016,1.0883747339248657
99,a_2b,0,1.0,5e-05,1.0,20000,1.6158554553985596,a_001;a_002;a_005;a_009;a_010;a_011;a_012;a_2a;a_3a;a_4a,prototype_soft,0.010858696885406971,3.8116397857666016,0.22771064937114716
99,a_3b,0,1.0,0.0003,6.0,20000,1.6158554553985596,a_001;a_002;a_005;a_009;a_010;a_011;a_012;a_2a;a_3a;a_4a,prototype_soft,0.010858696885406971,3.8116397857666016,0.5368213653564453
99,a_5b,1,1.0,0.0164,328.0,20000,1.6158554553985596,a_001;a_002;a_005;a_009;a_010;a_011;a_012;a_2a;a_3a;a_4a,prototype_soft,0.010858696885406971,3.8116397857666016,2.11337947845459
