model,kind,fpr,mean_tpr,mean_split_auc,n_splits
cellcnn,network,0.0,0.595,0.8075,100
cellcnn,network,0.002,0.595,0.8075,100
cellcnn,network,0.004,0.595,0.8075,100
cellcnn,network,0.006,0.595,0.8075,100
cellcnn,network,0.008,0.595,0.8075,100
cellcnn,network,0.01,0.595,0.8075,100
cellcnn,network,0.012,0.595,0.8075,100
cellcnn,network,0.014,0.595,0.8075,100
cellcnn,network,0.016,0.595,0.8075,100
cellcnn,network,0.018000000000000002,0.595,0.8075,100
cellcnn,network,0.02,0.595,0.8075,100
cellcnn,network,0.022,0.595,0.8075,100
cellcnn,network,0.024,0.595,0.8075,100
cellcnn,network,0.026000000000000002,0.595,0.8075,100
cellcnn,network,0.028,0.595,0.8075,100
cellcnn,network,0.03,0.595,0.8075,100
cellcnn,network,0.032,0.595,0.8075,100
cellcnn,network,0.034,0.595,0.8075,100
cellcnn,network,0.036000000000000004,0.595,0.8075,100
cellcnn,network,0.038,0.595,0.8075,100
cellcnn,network,0.04,0.595,0.8075,100
cellcnn,network,0.042,0.595,0.8075,100
cellcnn,network,0.044,0.595,0.8075,100
cellcnn,network,0.046,0.595,0.8075,100
cellcnn,network,0.048,0.595,0.8075,100
cellcnn,network,0.05,0.595,0.8075,100
cellcnn,network,0.052000000000000005,0.595,0.8075,100
cellcnn,network,0.054,0.595,0.8075,100
cellcnn,network,0.056,0.595,0.8075,100
cellcnn,network,0.058,0.595,0.8075,100
cellcnn,network,0.06,0.595,0.8075,100
cellcnn,network,0.062,0.595,0.8075,100
cellcnn,network,0.064,0.595,0.8075,100
cellcnn,network,0.066,0.595,0.8075,100
cellcnn,network,0.068,0.595,0.8075,100
cellcnn,network,0.07,0.595,0.8075,100
cellcnn,network,0.07200000000000001,0.595,0.8075,100
cellcnn,network,0.074,0.595,0.8075,100
cellcnn,network,0.076,0.595,0.8075,100
cellcnn,network,0.078,0.595,0.8075,100
cellcnn,network,0.08,0.595,0.8075,100
cellcnn,network,0.082,0.595,0.8075,100
cellcnn,network,0.084,0.595,0.8075,100
cellcnn,network,0.08600000000000001,0.595,0.8075,100
cellcnn,network,0.088,0.595,0.8075,100
cellcnn,network,0.09,0.595,0.8075,100
cellcnn,network,0.092,0.595,0.8075,100
cellcnn,network,0.094,0.595,0.8075,100
cellcnn,network,0.096,0.595,0.8075,100
cellcnn,network,0.098,0.595,0.8075,100
cellcnn,network,0.1,0.595,0.8075,100
cellcnn,network,0.10200000000000001,0.595,0.8075,100
cellcnn,network,0.10400000000000001,0.595,0.8075,100
cellcnn,network,0.106,0.595,0.8075,100
cellcnn,network,0.108,0.595,0.8075,100
cellcnn,network,0.11,0.595,0.8075,100
cellcnn,network,0.112,0.595,0.8075,100
cellcnn,network,0.114,0.595,0.8075,100
cellcnn,network,0.116,0.595,0.8075,100
cellcnn,network,0.11800000000000001,0.595,0.8075,100
cellcnn,network,0.12,0.595,0.8075,100
cellcnn,network,0.122,0.595,0.8075,100
cellcnn,network,0.124,0.595,0.8075,100
cellcnn,network,0.126,0.595,0.8075,100
cellcnn,network,0.128,0.595,0.8075,100
cellcnn,network,0.13,0.595,0.8075,100
cellcnn,network,0.132,0.595,0.8075,100
cellcnn,network,0.134,0.595,0.8075,100
cellcnn,network,0.136,0.595,0.8075,100
cellcnn,network,0.138,0.595,0.8075,100
cellcnn,network,0.14,0.595,0.8075,100
cellcnn,network,0.14200000000000002,0.595,0.8075,100
cellcnn,network,0.14400000000000002,0.595,0.8075,100
cellcnn,network,0.146,0.595,0.8075,100
cellcnn,network,0.148,0.595,0.8075,100
cellcnn,network,0.15,0.595,0.8075,100
cellcnn,network,0.152,0.595,0.8075,100
cellcnn,network,0.154,0.595,0.8075,100
cellcnn,network,0.156,0.595,0.8075,100
cellcnn,network,0.158,0.595,0.8075,100
cellcnn,network,0.16,0.595,0.8075,100
cellcnn,network,0.162,0.595,0.8075,100
cellcnn,network,0.164,0.595,0.8075,100
cellcnn,network,0.166,0.595,0.8075,100
cellcnn,network,0.168,0.595,0.8075,100
cellcnn,network,0.17,0.595,0.8075,100
cellcnn,network,0.17200000000000001,0.595,0.8075,100
cellcnn,network,0.17400000000000002,0.595,0.8075,100
cellcnn,network,0.176,0.595,0.8075,100
cellcnn,network,0.178,0.595,0.8075,100
cellcnn,network,0.18,0.595,0.8075,100
cellcnn,network,0.182,0.595,0.8075,100
cellcnn,network,0.184,0.595,0.8075,100
cellcnn,network,0.186,0.595,0.8075,100
cellcnn,network,0.188,0.595,0.8075,100
cellcnn,network,0.19,0.595,0.8075,100
cellcnn,network,0.192,0.595,0.8075,100
cellcnn,network,0.194,0.595,0.8075,100
cellcnn,network,0.196,0.595,0.8075,100
cellcnn,network,0.198,0.595,0.8075,100
cellcnn,network,0.2,0.595,0.8075,100
cellcnn,network,0.202,0.595,0.8075,100
cellcnn,network,0.20400000000000001,0.595,0.8075,100
cellcnn,network,0.20600000000000002,0.595,0.8075,100
cellcnn,network,0.20800000000000002,0.595,0.8075,100
cellcnn,network,0.21,0.595,0.8075,100
cellcnn,network,0.212,0.595,0.8075,100
cellcnn,network,0.214,0.595,0.8075,100
cellcnn,network,0.216,0.595,0.8075,100
cellcnn,network,0.218,0.595,0.8075,100
cellcnn,network,0.22,0.595,0.8075,100
cellcnn,network,0.222,0.595,0.8075,100
cellcnn,network,0.224,0.595,0.8075,100
cellcnn,network,0.226,0.595,0.8075,100
cellcnn,network,0.228,0.595,0.8075,100
cellcnn,network,0.23,0.595,0.8075,100
cellcnn,network,0.232,0.595,0.8075,100
cellcnn,network,0.234,0.595,0.8075,100
cellcnn,network,0.23600000000000002,0.595,0.8075,100
cellcnn,network,0.23800000000000002,0.595,0.8075,100
cellcnn,network,0.24,0.595,0.8075,100
cellcnn,network,0.242,0.595,0.8075,100
cellcnn,network,0.244,0.595,0.8075,100
cellcnn,network,0.246,0.595,0.8075,100
cellcnn,network,0.248,0.595,0.8075,100
cellcnn,network,0.25,0.785,0.8075,100
cellcnn,network,0.252,0.785,0.8075,100
cellcnn,network,0.254,0.785,0.8075,100
cellcnn,network,0.256,0.785,0.8075,100
cellcnn,network,0.258,0.785,0.8075,100
cellcnn,network,0.26,0.785,0.8075,100
cellcnn,network,0.262,0.785,0.8075,100
cellcnn,network,0.264,0.785,0.8075,100
cellcnn,network,0.266,0.785,0.8075,100
cellcnn,network,0.268,0.785,0.8075,100
cellcnn,network,0.27,0.785,0.8075,100
cellcnn,network,0.272,0.785,0.8075,100
cellcnn,network,0.274,0.785,0.8075,100
cellcnn,network,0.276,0.785,0.8075,100
cellcnn,network,0.278,0.785,0.8075,100
cellcnn,network,0.28,0.785,0.8075,100
cellcnn,network,0.28200000000000003,0.785,0.8075,100
cellcnn,network,0.28400000000000003,0.785,0.8075,100
cellcnn,network,0.28600000000000003,0.785,0.8075,100
cellcnn,network,0.28800000000000003,0.785,0.8075,100
cellcnn,network,0.29,0.785,0.8075,100
cellcnn,network,0.292,0.785,0.8075,100
cellcnn,network,0.294,0.785,0.8075,100
cellcnn,network,0.296,0.785,0.8075,100
cellcnn,network,0.298,0.785,0.8075,100
cellcnn,network,0.3,0.785,0.8075,100
cellcnn,network,0.302,0.785,0.8075,100
cellcnn,network,0.304,0.785,0.8075,100
cellcnn,network,0.306,0.785,0.8075,100
cellcnn,network,0.308,0.785,0.8075,100
cellcnn,network,0.31,0.785,0.8075,100
cellcnn,network,0.312,0.785,0.8075,100
cellcnn,network,0.314,0.785,0.8075,100
cellcnn,network,0.316,0.785,0.8075,100
cellcnn,network,0.318,0.785,0.8075,100
cellcnn,network,0.32,0.785,0.8075,100
cellcnn,network,0.322,0.785,0.8075,100
cellcnn,network,0.324,0.785,0.8075,100
cellcnn,network,0.326,0.785,0.8075,100
cellcnn,network,0.328,0.785,0.8075,100
cellcnn,network,0.33,0.785,0.8075,100
cellcnn,network,0.332,0.785,0.8075,100
cellcnn,network,0.334,0.785,0.8075,100
cellcnn,network,0.336,0.785,0.8075,100
cellcnn,network,0.338,0.785,0.8075,100
cellcnn,network,0.34,0.785,0.8075,100
cellcnn,network,0.342,0.785,0.8075,100
cellcnn,network,0.34400000000000003,0.785,0.8075,100
cellcnn,network,0.34600000000000003,0.785,0.8075,100
cellcnn,network,0.34800000000000003,0.785,0.8075,100
cellcnn,network,0.35000000000000003,0.785,0.8075,100
cellcnn,network,0.352,0.785,0.8075,100
cellcnn,network,0.354,0.785,0.8075,100
cellcnn,network,0.356,0.785,0.8075,100
cellcnn,network,0.358,0.785,0.8075,100
cellcnn,network,0.36,0.785,0.8075,100
cellcnn,network,0.362,0.785,0.8075,100
cellcnn,network,0.364,0.785,0.8075,100
cellcnn,network,0.366,0.785,0.8075,100
cellcnn,network,0.368,0.785,0.8075,100
cellcnn,network,0.37,0.785,0.8075,100
cellcnn,network,0.372,0.785,0.8075,100
cellcnn,network,0.374,0.785,0.8075,100
cellcnn,network,0.376,0.785,0.8075,100
cellcnn,network,0.378,0.785,0.8075,100
cellcnn,network,0.38,0.785,0.8075,100
cellcnn,network,0.382,0.785,0.8075,100
cellcnn,network,0.384,0.785,0.8075,100
cellcnn,network,0.386,0.785,0.8075,100
cellcnn,network,0.388,0.785,0.8075,100
cellcnn,network,0.39,0.785,0.8075,100
cellcnn,network,0.392,0.785,0.8075,100
cellcnn,network,0.394,0.785,0.8075,100
cellcnn,network,0.396,0.785,0.8075,100
cellcnn,network,0.398,0.785,0.8075,100
cellcnn,network,0.4,0.785,0.8075,100
cellcnn,network,0.402,0.785,0.8075,100
cellcnn,network,0.404,0.785,0.8075,100
cellcnn,network,0.406,0.785,0.8075,100
cellcnn,network,0.40800000000000003,0.785,0.8075,100
cellcnn,network,0.41000000000000003,0.785,0.8075,100
cellcnn,network,0.41200000000000003,0.785,0.8075,100
cellcnn,network,0.41400000000000003,0.785,0.8075,100
cellcnn,network,0.41600000000000004,0.785,0.8075,100
cellcnn,network,0.418,0.785,0.8075,100
cellcnn,network,0.42,0.785,0.8075,100
cellcnn,network,0.422,0.785,0.8075,100
cellcnn,network,0.424,0.785,0.8075,100
cellcnn,network,0.426,0.785,0.8075,100
cellcnn,network,0.428,0.785,0.8075,100
cellcnn,network,0.43,0.785,0.8075,100
cellcnn,network,0.432,0.785,0.8075,100
cellcnn,network,0.434,0.785,0.8075,100
cellcnn,network,0.436,0.785,0.8075,100
cellcnn,network,0.438,0.785,0.8075,100
cellcnn,network,0.44,0.785,0.8075,100
cellcnn,network,0.442,0.785,0.8075,100
cellcnn,network,0.444,0.785,0.8075,100
cellcnn,network,0.446,0.785,0.8075,100
cellcnn,network,0.448,0.785,0.8075,100
cellcnn,network,0.45,0.785,0.8075,100
cellcnn,network,0.452,0.785,0.8075,100
cellcnn,network,0.454,0.785,0.8075,100
cellcnn,network,0.456,0.785,0.8075,100
cellcnn,network,0.458,0.785,0.8075,100
cellcnn,network,0.46,0.785,0.8075,100
cellcnn,network,0.462,0.785,0.8075,100
cellcnn,network,0.464,0.785,0.8075,100
cellcnn,network,0.466,0.785,0.8075,100
cellcnn,network,0.468,0.785,0.8075,100
cellcnn,network,0.47000000000000003,0.785,0.8075,100
cellcnn,network,0.47200000000000003,0.785,0.8075,100
cellcnn,network,0.47400000000000003,0.785,0.8075,100
cellcnn,network,0.47600000000000003,0.785,0.8075,100
cellcnn,network,0.47800000000000004,0.785,0.8075,100
cellcnn,network,0.48,0.785,0.8075,100
cellcnn,network,0.482,0.785,0.8075,100
cellcnn,network,0.484,0.785,0.8075,100
cellcnn,network,0.486,0.785,0.8075,100
cellcnn,network,0.488,0.785,0.8075,100
cellcnn,network,0.49,0.785,0.8075,100
cellcnn,network,0.492,0.785,0.8075,100
cellcnn,network,0.494,0.785,0.8075,100
cellcnn,network,0.496,0.785,0.8075,100
cellcnn,network,0.498,0.785,0.8075,100
cellcnn,network,0.5,0.885,0.8075,100
cellcnn,network,0.502,0.885,0.8075,100
cellcnn,network,0.504,0.885,0.8075,100
cellcnn,network,0.506,0.885,0.8075,100
cellcnn,network,0.508,0.885,0.8075,100
cellcnn,network,0.51,0.885,0.8075,100
cellcnn,network,0.512,0.885,0.8075,100
cellcnn,network,0.514,0.885,0.8075,100
cellcnn,network,0.516,0.885,0.8075,100
cellcnn,network,0.518,0.885,0.8075,100
cellcnn,network,0.52,0.885,0.8075,100
cellcnn,network,0.522,0.885,0.8075,100
cellcnn,network,0.524,0.885,0.8075,100
cellcnn,network,0.526,0.885,0.8075,100
cellcnn,network,0.528,0.885,0.8075,100
cellcnn,network,0.53,0.885,0.8075,100
cellcnn,network,0.532,0.885,0.8075,100
cellcnn,network,0.534,0.885,0.8075,100
cellcnn,network,0.536,0.885,0.8075,100
cellcnn,network,0.538,0.885,0.8075,100
cellcnn,network,0.54,0.885,0.8075,100
cellcnn,network,0.542,0.885,0.8075,100
cellcnn,network,0.544,0.885,0.8075,100
cellcnn,network,0.546,0.885,0.8075,100
cellcnn,network,0.548,0.885,0.8075,100
cellcnn,network,0.55,0.885,0.8075,100
cellcnn,network,0.552,0.885,0.8075,100
cellcnn,network,0.554,0.885,0.8075,100
cellcnn,network,0.556,0.885,0.8075,100
cellcnn,network,0.558,0.885,0.8075,100
cellcnn,network,0.56,0.885,0.8075,100
cellcnn,network,0.562,0.885,0.8075,100
cellcnn,network,0.5640000000000001,0.885,0.8075,100
cellcnn,network,0.5660000000000001,0.885,0.8075,100
cellcnn,network,0.5680000000000001,0.885,0.8075,100
cellcnn,network,0.5700000000000001,0.885,0.8075,100
cellcnn,network,0.5720000000000001,0.885,0.8075,100
cellcnn,network,0.5740000000000001,0.885,0.8075,100
cellcnn,network,0.5760000000000001,0.885,0.8075,100
cellcnn,network,0.578,0.885,0.8075,100
cellcnn,network,0.58,0.885,0.8075,100
cellcnn,network,0.582,0.885,0.8075,100
cellcnn,network,0.584,0.885,0.8075,100
cellcnn,network,0.586,0.885,0.8075,100
cellcnn,network,0.588,0.885,0.8075,100
cellcnn,network,0.59,0.885,0.8075,100
cellcnn,network,0.592,0.885,0.8075,100
cellcnn,network,0.594,0.885,0.8075,100
cellcnn,network,0.596,0.885,0.8075,100
cellcnn,network,0.598,0.885,0.8075,100
cellcnn,network,0.6,0.885,0.8075,100
cellcnn,network,0.602,0.885,0.8075,100
cellcnn,network,0.604,0.885,0.8075,100
cellcnn,network,0.606,0.885,0.8075,100
cellcnn,network,0.608,0.885,0.8075,100
cellcnn,network,0.61,0.885,0.8075,100
cellcnn,network,0.612,0.885,0.8075,100
cellcnn,network,0.614,0.885,0.8075,100
cellcnn,network,0.616,0.885,0.8075,100
cellcnn,network,0.618,0.885,0.8075,100
cellcnn,network,0.62,0.885,0.8075,100
cellcnn,network,0.622,0.885,0.8075,100
cellcnn,network,0.624,0.885,0.8075,100
cellcnn,network,0.626,0.885,0.8075,100
cellcnn,network,0.628,0.885,0.8075,100
cellcnn,network,0.63,0.885,0.8075,100
cellcnn,network,0.632,0.885,0.8075,100
cellcnn,network,0.634,0.885,0.8075,100
cellcnn,network,0.636,0.885,0.8075,100
cellcnn,network,0.638,0.885,0.8075,100
cellcnn,network,0.64,0.885,0.8075,100
cellcnn,network,0.642,0.885,0.8075,100
cellcnn,network,0.644,0.885,0.8075,100
cellcnn,network,0.646,0.885,0.8075,100
cellcnn,network,0.648,0.885,0.8075,100
cellcnn,network,0.65,0.885,0.8075,100
cellcnn,network,0.652,0.885,0.8075,100
cellcnn,network,0.654,0.885,0.8075,100
cellcnn,network,0.656,0.885,0.8075,100
cellcnn,network,0.658,0.885,0.8075,100
cellcnn,network,0.66,0.885,0.8075,100
cellcnn,network,0.662,0.885,0.8075,100
cellcnn,network,0.664,0.885,0.8075,100
cellcnn,network,0.666,0.885,0.8075,100
cellcnn,network,0.668,0.885,0.8075,100
cellcnn,network,0.67,0.885,0.8075,100
cellcnn,network,0.672,0.885,0.8075,100
cellcnn,network,0.674,0.885,0.8075,100
cellcnn,network,0.676,0.885,0.8075,100
cellcnn,network,0.678,0.885,0.8075,100
cellcnn,network,0.68,0.885,0.8075,100
cellcnn,network,0.682,0.885,0.8075,100
cellcnn,network,0.684,0.885,0.8075,100
cellcnn,network,0.686,0.885,0.8075,100
cellcnn,network,0.6880000000000001,0.885,0.8075,100
cellcnn,network,0.6900000000000001,0.885,0.8075,100
cellcnn,network,0.6920000000000001,0.885,0.8075,100
cellcnn,network,0.6940000000000001,0.885,0.8075,100
cellcnn,network,0.6960000000000001,0.885,0.8075,100
cellcnn,network,0.6980000000000001,0.885,0.8075,100
cellcnn,network,0.7000000000000001,0.885,0.8075,100
cellcnn,network,0.7020000000000001,0.885,0.8075,100
cellcnn,network,0.704,0.885,0.8075,100
cellcnn,network,0.706,0.885,0.8075,100
cellcnn,network,0.708,0.885,0.8075,100
cellcnn,network,0.71,0.885,0.8075,100
cellcnn,network,0.712,0.885,0.8075,100
cellcnn,network,0.714,0.885,0.8075,100
cellcnn,network,0.716,0.885,0.8075,100
cellcnn,network,0.718,0.885,0.8075,100
cellcnn,network,0.72,0.885,0.8075,100
cellcnn,network,0.722,0.885,0.8075,100
cellcnn,network,0.724,0.885,0.8075,100
cellcnn,network,0.726,0.885,0.8075,100
cellcnn,network,0.728,0.885,0.8075,100
cellcnn,network,0.73,0.885,0.8075,100
cellcnn,network,0.732,0.885,0.8075,100
cellcnn,network,0.734,0.885,0.8075,100
cellcnn,network,0.736,0.885,0.8075,100
cellcnn,network,0.738,0.885,0.8075,100
cellcnn,network,0.74,0.885,0.8075,100
cellcnn,network,0.742,0.885,0.8075,100
cellcnn,network,0.744,0.885,0.8075,100
cellcnn,network,0.746,0.885,0.8075,100
cellcnn,network,0.748,0.885,0.8075,100
cellcnn,network,0.75,0.965,0.8075,100
cellcnn,network,0.752,0.965,0.8075,100
cellcnn,network,0.754,0.965,0.8075,100
cellcnn,network,0.756,0.965,0.8075,100
cellcnn,network,0.758,0.965,0.8075,100
cellcnn,network,0.76,0.965,0.8075,100
cellcnn,network,0.762,0.965,0.8075,100
cellcnn,network,0.764,0.965,0.8075,100
cellcnn,network,0.766,0.965,0.8075,100
cellcnn,network,0.768,0.965,0.8075,100
cellcnn,network,0.77,0.965,0.8075,100
cellcnn,network,0.772,0.965,0.8075,100
cellcnn,network,0.774,0.965,0.8075,100
cellcnn,network,0.776,0.965,0.8075,100
cellcnn,network,0.778,0.965,0.8075,100
cellcnn,network,0.78,0.965,0.8075,100
cellcnn,network,0.782,0.965,0.8075,100
cellcnn,network,0.784,0.965,0.8075,100
cellcnn,network,0.786,0.965,0.8075,100
cellcnn,network,0.788,0.965,0.8075,100
cellcnn,network,0.79,0.965,0.8075,100
cellcnn,network,0.792,0.965,0.8075,100
cellcnn,network,0.794,0.965,0.8075,100
cellcnn,network,0.796,0.965,0.8075,100
cellcnn,network,0.798,0.965,0.8075,100
cellcnn,network,0.8,0.965,0.8075,100
cellcnn,network,0.802,0.965,0.8075,100
cellcnn,network,0.804,0.965,0.8075,100
cellcnn,network,0.806,0.965,0.8075,100
cellcnn,network,0.808,0.965,0.8075,100
cellcnn,network,0.81,0.965,0.8075,100
cellcnn,network,0.812,0.965,0.8075,100
cellcnn,network,0.8140000000000001,0.965,0.8075,100
cellcnn,network,0.8160000000000001,0.965,0.8075,100
cellcnn,network,0.8180000000000001,0.965,0.8075,100
cellcnn,network,0.8200000000000001,0.965,0.8075,100
cellcnn,network,0.8220000000000001,0.965,0.8075,100
cellcnn,network,0.8240000000000001,0.965,0.8075,100
cellcnn,network,0.8260000000000001,0.965,0.8075,100
cellcnn,network,0.8280000000000001,0.965,0.8075,100
cellcnn,network,0.8300000000000001,0.965,0.8075,100
cellcnn,network,0.8320000000000001,0.965,0.8075,100
cellcnn,network,0.834,0.965,0.8075,100
cellcnn,network,0.836,0.965,0.8075,100
cellcnn,network,0.838,0.965,0.8075,100
cellcnn,network,0.84,0.965,0.8075,100
cellcnn,network,0.842,0.965,0.8075,100
cellcnn,network,0.844,0.965,0.8075,100
cellcnn,network,0.846,0.965,0.8075,100
cellcnn,network,0.848,0.965,0.8075,100
cellcnn,network,0.85,0.965,0.8075,100
cellcnn,network,0.852,0.965,0.8075,100
cellcnn,network,0.854,0.965,0.8075,100
cellcnn,network,0.856,0.965,0.8075,100
cellcnn,network,0.858,0.965,0.8075,100
cellcnn,network,0.86,0.965,0.8075,100
cellcnn,network,0.862,0.965,0.8075,100
cellcnn,network,0.864,0.965,0.8075,100
cellcnn,network,0.866,0.965,0.8075,100
cellcnn,network,0.868,0.965,0.8075,100
cellcnn,network,0.87,0.965,0.8075,100
cellcnn,network,0.872,0.965,0.8075,100
cellcnn,network,0.874,0.965,0.8075,100
cellcnn,network,0.876,0.965,0.8075,100
cellcnn,network,0.878,0.965,0.8075,100
cellcnn,network,0.88,0.965,0.8075,100
cellcnn,network,0.882,0.965,0.8075,100
cellcnn,network,0.884,0.965,0.8075,100
cellcnn,network,0.886,0.965,0.8075,100
cellcnn,network,0.888,0.965,0.8075,100
cellcnn,network,0.89,0.965,0.8075,100
cellcnn,network,0.892,0.965,0.8075,100
cellcnn,network,0.894,0.965,0.8075,100
cellcnn,network,0.896,0.965,0.8075,100
cellcnn,network,0.898,0.965,0.8075,100
cellcnn,network,0.9,0.965,0.8075,100
cellcnn,network,0.902,0.965,0.8075,100
cellcnn,network,0.904,0.965,0.8075,100
cellcnn,network,0.906,0.965,0.8075,100
cellcnn,network,0.908,0.965,0.8075,100
cellcnn,network,0.91,0.965,0.8075,100
cellcnn,network,0.912,0.965,0.8075,100
cellcnn,network,0.914,0.965,0.8075,100
cellcnn,network,0.916,0.965,0.8075,100
cellcnn,network,0.918,0.965,0.8075,100
cellcnn,network,0.92,0.965,0.8075,100
cellcnn,network,0.922,0.965,0.8075,100
cellcnn,network,0.924,0.965,0.8075,100
cellcnn,network,0.926,0.965,0.8075,100
cellcnn,network,0.928,0.965,0.8075,100
cellcnn,network,0.93,0.965,0.8075,100
cellcnn,network,0.932,0.965,0.8075,100
cellcnn,network,0.934,0.965,0.8075,100
cellcnn,network,0.936,0.965,0.8075,100
cellcnn,network,0.9380000000000001,0.965,0.8075,100
cellcnn,network,0.9400000000000001,0.965,0.8075,100
cellcnn,network,0.9420000000000001,0.965,0.8075,100
cellcnn,network,0.9440000000000001,0.965,0.8075,100
cellcnn,network,0.9460000000000001,0.965,0.8075,100
cellcnn,network,0.9480000000000001,0.965,0.8075,100
cellcnn,network,0.9500000000000001,0.965,0.8075,100
cellcnn,network,0.9520000000000001,0.965,0.8075,100
cellcnn,network,0.9540000000000001,0.965,0.8075,100
cellcnn,network,0.9560000000000001,0.965,0.8075,100
cellcnn,network,0.9580000000000001,0.965,0.8075,100
cellcnn,network,0.96,0.965,0.8075,100
cellcnn,network,0.962,0.965,0.8075,100
cellcnn,network,0.964,0.965,0.8075,100
cellcnn,network,0.966,0.965,0.8075,100
cellcnn,network,0.968,0.965,0.8075,100
cellcnn,network,0.97,0.965,0.8075,100
cellcnn,network,0.972,0.965,0.8075,100
cellcnn,network,0.974,0.965,0.8075,100
cellcnn,network,0.976,0.965,0.8075,100
cellcnn,network,0.978,0.965,0.8075,100
cellcnn,network,0.98,0.965,0.8075,100
cellcnn,network,0.982,0.965,0.8075,100
cellcnn,network,0.984,0.965,0.8075,100
cellcnn,network,0.986,0.965,0.8075,100
cellcnn,network,0.988,0.965,0.8075,100
cellcnn,network,0.99,0.965,0.8075,100
cellcnn,network,0.992,0.965,0.8075,100
cellcnn,network,0.994,0.965,0.8075,100
cellcnn,network,0.996,0.965,0.8075,100
cellcnn,network,0.998,0.965,0.8075,100
cellcnn,network,1.0,1.0,0.8075,100
cellcnn,frequency,0.0,0.6632653061224489,0.8558673469387755,98
cellcnn,frequency,0.002,0.6633061224489795,0.8558673469387755,98
cellcnn,frequency,0.004,0.6633469387755102,0.8558673469387755,98
cellcnn,frequency,0.006,0.6633877551020408,0.8558673469387755,98
cellcnn,frequency,0.008,0.6634285714285714,0.8558673469387755,98
cellcnn,frequency,0.01,0.663469387755102,0.8558673469387755,98
cellcnn,frequency,0.012,0.6635102040816326,0.8558673469387755,98
cellcnn,frequency,0.014,0.6635510204081632,0.8558673469387755,98
cellcnn,frequency,0.016,0.6635918367346938,0.8558673469387755,98
cellcnn,frequency,0.018000000000000002,0.6636326530612245,0.8558673469387755,98
cellcnn,frequency,0.02,0.6636734693877551,0.8558673469387755,98
cellcnn,frequency,0.022,0.6637142857142857,0.8558673469387755,98
cellcnn,frequency,0.024,0.6637551020408163,0.8558673469387755,98
cellcnn,frequency,0.026000000000000002,0.6637959183673469,0.8558673469387755,98
cellcnn,frequency,0.028,0.6638367346938775,0.8558673469387755,98
cellcnn,frequency,0.03,0.6638775510204082,0.8558673469387755,98
cellcnn,frequency,0.032,0.6639183673469387,0.8558673469387755,98
cellcnn,frequency,0.034,0.6639591836734694,0.8558673469387755,98
cellcnn,frequency,0.036000000000000004,0.664,0.8558673469387755,98
cellcnn,frequency,0.038,0.6640408163265306,0.8558673469387755,98
cellcnn,frequency,0.04,0.6640816326530612,0.8558673469387755,98
cellcnn,frequency,0.042,0.6641224489795918,0.8558673469387755,98
cellcnn,frequency,0.044,0.6641632653061224,0.8558673469387755,98
cellcnn,frequency,0.046,0.6642040816326531,0.8558673469387755,98
cellcnn,frequency,0.048,0.6642448979591837,0.8558673469387755,98
cellcnn,frequency,0.05,0.6642857142857143,0.8558673469387755,98
cellcnn,frequency,0.052000000000000005,0.6643265306122449,0.8558673469387755,98
cellcnn,frequency,0.054,0.6643673469387755,0.8558673469387755,98
cellcnn,frequency,0.056,0.664408163265306,0.8558673469387755,98
cellcnn,frequency,0.058,0.6644489795918367,0.8558673469387755,98
cellcnn,frequency,0.06,0.6644897959183674,0.8558673469387755,98
cellcnn,frequency,0.062,0.664530612244898,0.8558673469387755,98
cellcnn,frequency,0.064,0.6645714285714286,0.8558673469387755,98
cellcnn,frequency,0.066,0.6646122448979592,0.8558673469387755,98
cellcnn,frequency,0.068,0.6646530612244897,0.8558673469387755,98
cellcnn,frequency,0.07,0.6646938775510204,0.8558673469387755,98
cellcnn,frequency,0.07200000000000001,0.6647346938775511,0.8558673469387755,98
cellcnn,frequency,0.074,0.6647755102040815,0.8558673469387755,98
cellcnn,frequency,0.076,0.6648163265306123,0.8558673469387755,98
cellcnn,frequency,0.078,0.6648571428571429,0.8558673469387755,98
cellcnn,frequency,0.08,0.6648979591836734,0.8558673469387755,98
cellcnn,frequency,0.082,0.6649387755102041,0.8558673469387755,98
cellcnn,frequency,0.084,0.6649795918367347,0.8558673469387755,98
cellcnn,frequency,0.08600000000000001,0.6650204081632652,0.8558673469387755,98
cellcnn,frequency,0.088,0.665061224489796,0.8558673469387755,98
cellcnn,frequency,0.09,0.6651020408163266,0.8558673469387755,98
cellcnn,frequency,0.092,0.6651428571428571,0.8558673469387755,98
cellcnn,frequency,0.094,0.6651836734693878,0.8558673469387755,98
cellcnn,frequency,0.096,0.6652244897959184,0.8558673469387755,98
cellcnn,frequency,0.098,0.6652653061224489,0.8558673469387755,98
cellcnn,frequency,0.1,0.6653061224489796,0.8558673469387755,98
cellcnn,frequency,0.10200000000000001,0.6653469387755103,0.8558673469387755,98
cellcnn,frequency,0.10400000000000001,0.6653877551020408,0.8558673469387755,98
cellcnn,frequency,0.106,0.6654285714285715,0.8558673469387755,98
cellcnn,frequency,0.108,0.6654693877551021,0.8558673469387755,98
cellcnn,frequency,0.11,0.6655102040816326,0.8558673469387755,98
cellcnn,frequency,0.112,0.6655510204081633,0.8558673469387755,98
cellcnn,frequency,0.114,0.665591836734694,0.8558673469387755,98
cellcnn,frequency,0.116,0.6656326530612244,0.8558673469387755,98
cellcnn,frequency,0.11800000000000001,0.6656734693877552,0.8558673469387755,98
cellcnn,frequency,0.12,0.6657142857142858,0.8558673469387755,98
cellcnn,frequency,0.122,0.6657551020408163,0.8558673469387755,98
cellcnn,frequency,0.124,0.665795918367347,0.8558673469387755,98
cellcnn,frequency,0.126,0.6658367346938775,0.8558673469387755,98
cellcnn,frequency,0.128,0.6658775510204081,0.8558673469387755,98
cellcnn,frequency,0.13,0.6659183673469387,0.8558673469387755,98
cellcnn,frequency,0.132,0.6659591836734693,0.8558673469387755,98
cellcnn,frequency,0.134,0.666,0.8558673469387755,98
cellcnn,frequency,0.136,0.6660408163265306,0.8558673469387755,98
cellcnn,frequency,0.138,0.6660816326530612,0.8558673469387755,98
cellcnn,frequency,0.14,0.6661224489795918,0.8558673469387755,98
cellcnn,frequency,0.14200000000000002,0.6661632653061224,0.8558673469387755,98
cellcnn,frequency,0.14400000000000002,0.666204081632653,0.8558673469387755,98
cellcnn,frequency,0.146,0.6662448979591837,0.8558673469387755,98
cellcnn,frequency,0.148,0.6662857142857143,0.8558673469387755,98
cellcnn,frequency,0.15,0.6663265306122449,0.8558673469387755,98
cellcnn,frequency,0.152,0.6663673469387755,0.8558673469387755,98
cellcnn,frequency,0.154,0.666408163265306,0.8558673469387755,98
cellcnn,frequency,0.156,0.6664489795918367,0.8558673469387755,98
cellcnn,frequency,0.158,0.6664897959183673,0.8558673469387755,98
cellcnn,frequency,0.16,0.6665306122448978,0.8558673469387755,98
cellcnn,frequency,0.162,0.6665714285714286,0.8558673469387755,98
cellcnn,frequency,0.164,0.6666122448979592,0.8558673469387755,98
cellcnn,frequency,0.166,0.6666530612244898,0.8558673469387755,98
cellcnn,frequency,0.168,0.6666938775510204,0.8558673469387755,98
cellcnn,frequency,0.17,0.666734693877551,0.8558673469387755,98
cellcnn,frequency,0.17200000000000001,0.6667755102040815,0.8558673469387755,98
cellcnn,frequency,0.17400000000000002,0.6668163265306122,0.8558673469387755,98
cellcnn,frequency,0.176,0.6668571428571429,0.8558673469387755,98
cellcnn,frequency,0.178,0.6668979591836734,0.8558673469387755,98
cellcnn,frequency,0.18,0.6669387755102041,0.8558673469387755,98
cellcnn,frequency,0.182,0.6669795918367347,0.8558673469387755,98
cellcnn,frequency,0.184,0.6670204081632652,0.8558673469387755,98
cellcnn,frequency,0.186,0.6670612244897959,0.8558673469387755,98
cellcnn,frequency,0.188,0.6671020408163266,0.8558673469387755,98
cellcnn,frequency,0.19,0.6671428571428571,0.8558673469387755,98
cellcnn,frequency,0.192,0.6671836734693878,0.8558673469387755,98
cellcnn,frequency,0.194,0.6672244897959184,0.8558673469387755,98
cellcnn,frequency,0.196,0.6672653061224489,0.8558673469387755,98
cellcnn,frequency,0.198,0.6673061224489796,0.8558673469387755,98
cellcnn,frequency,0.2,0.6673469387755102,0.8558673469387755,98
cellcnn,frequency,0.202,0.6673877551020407,0.8558673469387755,98
cellcnn,frequency,0.20400000000000001,0.6674285714285715,0.8558673469387755,98
cellcnn,frequency,0.20600000000000002,0.6674693877551021,0.8558673469387755,98
cellcnn,frequency,0.20800000000000002,0.6675102040816326,0.8558673469387755,98
cellcnn,frequency,0.21,0.6675510204081633,0.8558673469387755,98
cellcnn,frequency,0.212,0.6675918367346939,0.8558673469387755,98
cellcnn,frequency,0.214,0.6676326530612244,0.8558673469387755,98
cellcnn,frequency,0.216,0.6676734693877551,0.8558673469387755,98
cellcnn,frequency,0.218,0.6677142857142858,0.8558673469387755,98
cellcnn,frequency,0.22,0.6677551020408163,0.8558673469387755,98
cellcnn,frequency,0.222,0.667795918367347,0.8558673469387755,98
cellcnn,frequency,0.224,0.6678367346938776,0.8558673469387755,98
cellcnn,frequency,0.226,0.6678775510204081,0.8558673469387755,98
cellcnn,frequency,0.228,0.6679183673469388,0.8558673469387755,98
cellcnn,frequency,0.23,0.6679591836734695,0.8558673469387755,98
cellcnn,frequency,0.232,0.668,0.8558673469387755,98
cellcnn,frequency,0.234,0.6680408163265307,0.8558673469387755,98
cellcnn,frequency,0.23600000000000002,0.6680816326530613,0.8558673469387755,98
cellcnn,frequency,0.23800000000000002,0.6681224489795918,0.8558673469387755,98
cellcnn,frequency,0.24,0.6681632653061225,0.8558673469387755,98
cellcnn,frequency,0.242,0.6682040816326531,0.8558673469387755,98
cellcnn,frequency,0.244,0.6682448979591836,0.8558673469387755,98
cellcnn,frequency,0.246,0.6682857142857144,0.8558673469387755,98
cellcnn,frequency,0.248,0.668326530612245,0.8558673469387755,98
cellcnn,frequency,0.25,0.8469387755102041,0.8558673469387755,98
cellcnn,frequency,0.252,0.8470340136054423,0.8558673469387755,98
cellcnn,frequency,0.254,0.8471292517006802,0.8558673469387755,98
cellcnn,frequency,0.256,0.8472244897959182,0.8558673469387755,98
cellcnn,frequency,0.258,0.8473197278911565,0.8558673469387755,98
cellcnn,frequency,0.26,0.8474149659863945,0.8558673469387755,98
cellcnn,frequency,0.262,0.8475102040816328,0.8558673469387755,98
cellcnn,frequency,0.264,0.8476054421768707,0.8558673469387755,98
cellcnn,frequency,0.266,0.8477006802721088,0.8558673469387755,98
cellcnn,frequency,0.268,0.847795918367347,0.8558673469387755,98
cellcnn,frequency,0.27,0.8478911564625852,0.8558673469387755,98
cellcnn,frequency,0.272,0.847986394557823,0.8558673469387755,98
cellcnn,frequency,0.274,0.8480816326530611,0.8558673469387755,98
cellcnn,frequency,0.276,0.8481768707482994,0.8558673469387755,98
cellcnn,frequency,0.278,0.8482721088435374,0.8558673469387755,98
cellcnn,frequency,0.28,0.8483673469387757,0.8558673469387755,98
cellcnn,frequency,0.28200000000000003,0.8484625850340134,0.8558673469387755,98
cellcnn,frequency,0.28400000000000003,0.8485578231292517,0.8558673469387755,98
cellcnn,frequency,0.28600000000000003,0.8486530612244899,0.8558673469387755,98
cellcnn,frequency,0.28800000000000003,0.848748299319728,0.8558673469387755,98
cellcnn,frequency,0.29,0.8488435374149659,0.8558673469387755,98
cellcnn,frequency,0.292,0.848938775510204,0.8558673469387755,98
cellcnn,frequency,0.294,0.8490340136054422,0.8558673469387755,98
cellcnn,frequency,0.296,0.8491292517006803,0.8558673469387755,98
cellcnn,frequency,0.298,0.8492244897959184,0.8558673469387755,98
cellcnn,frequency,0.3,0.8493197278911563,0.8558673469387755,98
cellcnn,frequency,0.302,0.8494149659863945,0.8558673469387755,98
cellcnn,frequency,0.304,0.8495102040816328,0.8558673469387755,98
cellcnn,frequency,0.306,0.8496054421768706,0.8558673469387755,98
cellcnn,frequency,0.308,0.8497006802721088,0.8558673469387755,98
cellcnn,frequency,0.31,0.8497959183673469,0.8558673469387755,98
cellcnn,frequency,0.312,0.8498911564625851,0.8558673469387755,98
cellcnn,frequency,0.314,0.8499863945578232,0.8558673469387755,98
cellcnn,frequency,0.316,0.8500816326530612,0.8558673469387755,98
cellcnn,frequency,0.318,0.8501768707482992,0.8558673469387755,98
cellcnn,frequency,0.32,0.8502721088435374,0.8558673469387755,98
cellcnn,frequency,0.322,0.8503673469387757,0.8558673469387755,98
cellcnn,frequency,0.324,0.8504625850340135,0.8558673469387755,98
cellcnn,frequency,0.326,0.8505578231292517,0.8558673469387755,98
cellcnn,frequency,0.328,0.8506530612244898,0.8558673469387755,98
cellcnn,frequency,0.33,0.850748299319728,0.8558673469387755,98
cellcnn,frequency,0.332,0.8508435374149661,0.8558673469387755,98
cellcnn,frequency,0.334,0.850938775510204,0.8558673469387755,98
cellcnn,frequency,0.336,0.8510340136054421,0.8558673469387755,98
cellcnn,frequency,0.338,0.8511292517006803,0.8558673469387755,98
cellcnn,frequency,0.34,0.8512244897959186,0.8558673469387755,98
cellcnn,frequency,0.342,0.8513197278911563,0.8558673469387755,98
cellcnn,frequency,0.34400000000000003,0.8514149659863945,0.8558673469387755,98
cellcnn,frequency,0.34600000000000003,0.8515102040816326,0.8558673469387755,98
cellcnn,frequency,0.34800000000000003,0.8516054421768708,0.8558673469387755,98
cellcnn,frequency,0.35000000000000003,0.851700680272109,0.8558673469387755,98
cellcnn,frequency,0.352,0.8517959183673468,0.8558673469387755,98
cellcnn,frequency,0.354,0.851891156462585,0.8558673469387755,98
cellcnn,frequency,0.356,0.8519863945578232,0.8558673469387755,98
cellcnn,frequency,0.358,0.8520816326530612,0.8558673469387755,98
cellcnn,frequency,0.36,0.8521768707482992,0.8558673469387755,98
cellcnn,frequency,0.362,0.8522721088435374,0.8558673469387755,98
cellcnn,frequency,0.364,0.8523673469387755,0.8558673469387755,98
cellcnn,frequency,0.366,0.8524625850340137,0.8558673469387755,98
cellcnn,frequency,0.368,0.8525578231292518,0.8558673469387755,98
cellcnn,frequency,0.37,0.8526530612244897,0.8558673469387755,98
cellcnn,frequency,0.372,0.8527482993197278,0.8558673469387755,98
cellcnn,frequency,0.374,0.8528435374149661,0.8558673469387755,98
cellcnn,frequency,0.376,0.852938775510204,0.8558673469387755,98
cellcnn,frequency,0.378,0.8530340136054421,0.8558673469387755,98
cellcnn,frequency,0.38,0.8531292517006803,0.8558673469387755,98
cellcnn,frequency,0.382,0.8532244897959184,0.8558673469387755,98
cellcnn,frequency,0.384,0.8533197278911566,0.8558673469387755,98
cellcnn,frequency,0.386,0.8534149659863945,0.8558673469387755,98
cellcnn,frequency,0.388,0.8535102040816326,0.8558673469387755,98
cellcnn,frequency,0.39,0.8536054421768707,0.8558673469387755,98
cellcnn,frequency,0.392,0.853700680272109,0.8558673469387755,98
cellcnn,frequency,0.394,0.8537959183673468,0.8558673469387755,98
cellcnn,frequency,0.396,0.853891156462585,0.8558673469387755,98
cellcnn,frequency,0.398,0.8539863945578232,0.8558673469387755,98
cellcnn,frequency,0.4,0.8540816326530613,0.8558673469387755,98
cellcnn,frequency,0.402,0.8541768707482995,0.8558673469387755,98
cellcnn,frequency,0.404,0.8542721088435374,0.8558673469387755,98
cellcnn,frequency,0.406,0.8543673469387755,0.8558673469387755,98
cellcnn,frequency,0.40800000000000003,0.8544625850340136,0.8558673469387755,98
cellcnn,frequency,0.41000000000000003,0.8545578231292518,0.8558673469387755,98
cellcnn,frequency,0.41200000000000003,0.8546530612244897,0.8558673469387755,98
cellcnn,frequency,0.41400000000000003,0.8547482993197278,0.8558673469387755,98
cellcnn,frequency,0.41600000000000004,0.8548435374149659,0.8558673469387755,98
cellcnn,frequency,0.418,0.8549387755102041,0.8558673469387755,98
cellcnn,frequency,0.42,0.8550340136054422,0.8558673469387755,98
cellcnn,frequency,0.422,0.8551292517006801,0.8558673469387755,98
cellcnn,frequency,0.424,0.8552244897959184,0.8558673469387755,98
cellcnn,frequency,0.426,0.8553197278911565,0.8558673469387755,98
cellcnn,frequency,0.428,0.8554149659863947,0.8558673469387755,98
cellcnn,frequency,0.43,0.8555102040816326,0.8558673469387755,98
cellcnn,frequency,0.432,0.8556054421768707,0.8558673469387755,98
cellcnn,frequency,0.434,0.8557006802721088,0.8558673469387755,98
cellcnn,frequency,0.436,0.855795918367347,0.8558673469387755,98
cellcnn,frequency,0.438,0.8558911564625851,0.8558673469387755,98
cellcnn,frequency,0.44,0.855986394557823,0.8558673469387755,98
cellcnn,frequency,0.442,0.8560816326530613,0.8558673469387755,98
cellcnn,frequency,0.444,0.8561768707482994,0.8558673469387755,98
cellcnn,frequency,0.446,0.8562721088435373,0.8558673469387755,98
cellcnn,frequency,0.448,0.8563673469387755,0.8558673469387755,98
cellcnn,frequency,0.45,0.8564625850340136,0.8558673469387755,98
cellcnn,frequency,0.452,0.8565578231292517,0.8558673469387755,98
cellcnn,frequency,0.454,0.8566530612244899,0.8558673469387755,98
cellcnn,frequency,0.456,0.8567482993197278,0.8558673469387755,98
cellcnn,frequency,0.458,0.8568435374149659,0.8558673469387755,98
cellcnn,frequency,0.46,0.8569387755102041,0.8558673469387755,98
cellcnn,frequency,0.462,0.8570340136054423,0.8558673469387755,98
cellcnn,frequency,0.464,0.8571292517006801,0.8558673469387755,98
cellcnn,frequency,0.466,0.8572244897959184,0.8558673469387755,98
cellcnn,frequency,0.468,0.8573197278911565,0.8558673469387755,98
cellcnn,frequency,0.47000000000000003,0.8574149659863946,0.8558673469387755,98
cellcnn,frequency,0.47200000000000003,0.8575102040816328,0.8558673469387755,98
cellcnn,frequency,0.47400000000000003,0.8576054421768706,0.8558673469387755,98
cellcnn,frequency,0.47600000000000003,0.8577006802721088,0.8558673469387755,98
cellcnn,frequency,0.47800000000000004,0.857795918367347,0.8558673469387755,98
cellcnn,frequency,0.48,0.8578911564625851,0.8558673469387755,98
cellcnn,frequency,0.482,0.857986394557823,0.8558673469387755,98
cellcnn,frequency,0.484,0.8580816326530613,0.8558673469387755,98
cellcnn,frequency,0.486,0.8581768707482993,0.8558673469387755,98
cellcnn,frequency,0.488,0.8582721088435374,0.8558673469387755,98
cellcnn,frequency,0.49,0.8583673469387756,0.8558673469387755,98
cellcnn,frequency,0.492,0.8584625850340135,0.8558673469387755,98
cellcnn,frequency,0.494,0.8585578231292517,0.8558673469387755,98
cellcnn,frequency,0.496,0.8586530612244899,0.8558673469387755,98
cellcnn,frequency,0.498,0.8587482993197278,0.8558673469387755,98
cellcnn,frequency,0.5,0.9302721088435375,0.8558673469387755,98
cellcnn,frequency,0.502,0.9303061224489796,0.8558673469387755,98
cellcnn,frequency,0.504,0.9303401360544218,0.8558673469387755,98
cellcnn,frequency,0.506,0.9303741496598639,0.8558673469387755,98
cellcnn,frequency,0.508,0.9304081632653061,0.8558673469387755,98
cellcnn,frequency,0.51,0.9304421768707484,0.8558673469387755,98
cellcnn,frequency,0.512,0.9304761904761905,0.8558673469387755,98
cellcnn,frequency,0.514,0.9305102040816327,0.8558673469387755,98
cellcnn,frequency,0.516,0.930544217687075,0.8558673469387755,98
cellcnn,frequency,0.518,0.930578231292517,0.8558673469387755,98
cellcnn,frequency,0.52,0.9306122448979592,0.8558673469387755,98
cellcnn,frequency,0.522,0.9306462585034013,0.8558673469387755,98
cellcnn,frequency,0.524,0.9306802721088435,0.8558673469387755,98
cellcnn,frequency,0.526,0.9307142857142856,0.8558673469387755,98
cellcnn,frequency,0.528,0.9307482993197279,0.8558673469387755,98
cellcnn,frequency,0.53,0.9307823129251701,0.8558673469387755,98
cellcnn,frequency,0.532,0.9308163265306122,0.8558673469387755,98
cellcnn,frequency,0.534,0.9308503401360545,0.8558673469387755,98
cellcnn,frequency,0.536,0.9308843537414967,0.8558673469387755,98
cellcnn,frequency,0.538,0.9309183673469387,0.8558673469387755,98
cellcnn,frequency,0.54,0.930952380952381,0.8558673469387755,98
cellcnn,frequency,0.542,0.9309863945578231,0.8558673469387755,98
cellcnn,frequency,0.544,0.9310204081632653,0.8558673469387755,98
cellcnn,frequency,0.546,0.9310544217687076,0.8558673469387755,98
cellcnn,frequency,0.548,0.9310884353741496,0.8558673469387755,98
cellcnn,frequency,0.55,0.9311224489795918,0.8558673469387755,98
cellcnn,frequency,0.552,0.9311564625850342,0.8558673469387755,98
cellcnn,frequency,0.554,0.9311904761904762,0.8558673469387755,98
cellcnn,frequency,0.556,0.9312244897959183,0.8558673469387755,98
cellcnn,frequency,0.558,0.9312585034013605,0.8558673469387755,98
cellcnn,frequency,0.56,0.9312925170068027,0.8558673469387755,98
cellcnn,frequency,0.562,0.9313265306122449,0.8558673469387755,98
cellcnn,frequency,0.5640000000000001,0.9313605442176871,0.8558673469387755,98
cellcnn,frequency,0.5660000000000001,0.9313945578231293,0.8558673469387755,98
cellcnn,frequency,0.5680000000000001,0.9314285714285715,0.8558673469387755,98
cellcnn,frequency,0.5700000000000001,0.9314625850340136,0.8558673469387755,98
cellcnn,frequency,0.5720000000000001,0.9314965986394559,0.8558673469387755,98
cellcnn,frequency,0.5740000000000001,0.9315306122448979,0.8558673469387755,98
cellcnn,frequency,0.5760000000000001,0.9315646258503401,0.8558673469387755,98
cellcnn,frequency,0.578,0.9315986394557824,0.8558673469387755,98
cellcnn,frequency,0.58,0.9316326530612244,0.8558673469387755,98
cellcnn,frequency,0.582,0.9316666666666666,0.8558673469387755,98
cellcnn,frequency,0.584,0.931700680272109,0.8558673469387755,98
cellcnn,frequency,0.586,0.931734693877551,0.8558673469387755,98
cellcnn,frequency,0.588,0.9317687074829932,0.8558673469387755,98
cellcnn,frequency,0.59,0.9318027210884353,0.8558673469387755,98
cellcnn,frequency,0.592,0.9318367346938775,0.8558673469387755,98
cellcnn,frequency,0.594,0.9318707482993196,0.8558673469387755,98
cellcnn,frequency,0.596,0.9319047619047619,0.8558673469387755,98
cellcnn,frequency,0.598,0.9319387755102041,0.8558673469387755,98
cellcnn,frequency,0.6,0.9319727891156462,0.8558673469387755,98
cellcnn,frequency,0.602,0.9320068027210885,0.8558673469387755,98
cellcnn,frequency,0.604,0.9320408163265307,0.8558673469387755,98
cellcnn,frequency,0.606,0.9320748299319728,0.8558673469387755,98
cellcnn,frequency,0.608,0.932108843537415,0.8558673469387755,98
cellcnn,frequency,0.61,0.932142857142857,0.8558673469387755,98
cellcnn,frequency,0.612,0.9321768707482992,0.8558673469387755,98
cellcnn,frequency,0.614,0.9322108843537416,0.8558673469387755,98
cellcnn,frequency,0.616,0.9322448979591836,0.8558673469387755,98
cellcnn,frequency,0.618,0.9322789115646258,0.8558673469387755,98
cellcnn,frequency,0.62,0.9323129251700681,0.8558673469387755,98
cellcnn,frequency,0.622,0.9323469387755102,0.8558673469387755,98
cellcnn,frequency,0.624,0.9323809523809524,0.8558673469387755,98
cellcnn,frequency,0.626,0.9324149659863945,0.8558673469387755,98
cellcnn,frequency,0.628,0.9324489795918367,0.8558673469387755,98
cellcnn,frequency,0.63,0.9324829931972788,0.8558673469387755,98
cellcnn,frequency,0.632,0.9325170068027211,0.8558673469387755,98
cellcnn,frequency,0.634,0.9325510204081633,0.8558673469387755,98
cellcnn,frequency,0.636,0.9325850340136054,0.8558673469387755,98
cellcnn,frequency,0.638,0.9326190476190477,0.8558673469387755,98
cellcnn,frequency,0.64,0.9326530612244899,0.8558673469387755,98
cellcnn,frequency,0.642,0.932687074829932,0.8558673469387755,98
cellcnn,frequency,0.644,0.9327210884353742,0.8558673469387755,98
cellcnn,frequency,0.646,0.9327551020408162,0.8558673469387755,98
cellcnn,frequency,0.648,0.9327891156462584,0.8558673469387755,98
cellcnn,frequency,0.65,0.9328231292517007,0.8558673469387755,98
cellcnn,frequency,0.652,0.9328571428571428,0.8558673469387755,98
cellcnn,frequency,0.654,0.932891156462585,0.8558673469387755,98
cellcnn,frequency,0.656,0.9329251700680273,0.8558673469387755,98
cellcnn,frequency,0.658,0.9329591836734694,0.8558673469387755,98
cellcnn,frequency,0.66,0.9329931972789115,0.8558673469387755,98
cellcnn,frequency,0.662,0.9330272108843537,0.8558673469387755,98
cellcnn,frequency,0.664,0.9330612244897959,0.8558673469387755,98
cellcnn,frequency,0.666,0.9330952380952381,0.8558673469387755,98
cellcnn,frequency,0.668,0.9331292517006803,0.8558673469387755,98
cellcnn,frequency,0.67,0.9331632653061225,0.8558673469387755,98
cellcnn,frequency,0.672,0.9331972789115647,0.8558673469387755,98
cellcnn,frequency,0.674,0.9332312925170069,0.8558673469387755,98
cellcnn,frequency,0.676,0.9332653061224491,0.8558673469387755,98
cellcnn,frequency,0.678,0.933299319727891,0.8558673469387755,98
cellcnn,frequency,0.68,0.9333333333333333,0.8558673469387755,98
cellcnn,frequency,0.682,0.9333673469387755,0.8558673469387755,98
cellcnn,frequency,0.684,0.9334013605442176,0.8558673469387755,98
cellcnn,frequency,0.686,0.9334353741496599,0.8558673469387755,98
cellcnn,frequency,0.6880000000000001,0.9334693877551021,0.8558673469387755,98
cellcnn,frequency,0.6900000000000001,0.9335034013605442,0.8558673469387755,98
cellcnn,frequency,0.6920000000000001,0.9335374149659864,0.8558673469387755,98
cellcnn,frequency,0.6940000000000001,0.9335714285714287,0.8558673469387755,98
cellcnn,frequency,0.6960000000000001,0.9336054421768707,0.8558673469387755,98
cellcnn,frequency,0.6980000000000001,0.9336394557823128,0.8558673469387755,98
cellcnn,frequency,0.7000000000000001,0.9336734693877551,0.8558673469387755,98
cellcnn,frequency,0.7020000000000001,0.9337074829931973,0.8558673469387755,98
cellcnn,frequency,0.704,0.9337414965986394,0.8558673469387755,98
cellcnn,frequency,0.706,0.9337755102040817,0.8558673469387755,98
cellcnn,frequency,0.708,0.9338095238095239,0.8558673469387755,98
cellcnn,frequency,0.71,0.933843537414966,0.8558673469387755,98
cellcnn,frequency,0.712,0.9338775510204083,0.8558673469387755,98
cellcnn,frequency,0.714,0.9339115646258502,0.8558673469387755,98
cellcnn,frequency,0.716,0.9339455782312924,0.8558673469387755,98
cellcnn,frequency,0.718,0.9339795918367347,0.8558673469387755,98
cellcnn,frequency,0.72,0.9340136054421768,0.8558673469387755,98
cellcnn,frequency,0.722,0.934047619047619,0.8558673469387755,98
cellcnn,frequency,0.724,0.9340816326530613,0.8558673469387755,98
cellcnn,frequency,0.726,0.9341156462585034,0.8558673469387755,98
cellcnn,frequency,0.728,0.9341496598639456,0.8558673469387755,98
cellcnn,frequency,0.73,0.9341836734693877,0.8558673469387755,98
cellcnn,frequency,0.732,0.9342176870748299,0.8558673469387755,98
cellcnn,frequency,0.734,0.934251700680272,0.8558673469387755,98
cellcnn,frequency,0.736,0.9342857142857143,0.8558673469387755,98
cellcnn,frequency,0.738,0.9343197278911565,0.8558673469387755,98
cellcnn,frequency,0.74,0.9343537414965986,0.8558673469387755,98
cellcnn,frequency,0.742,0.9343877551020409,0.8558673469387755,98
cellcnn,frequency,0.744,0.9344217687074831,0.8558673469387755,98
cellcnn,frequency,0.746,0.9344557823129251,0.8558673469387755,98
cellcnn,frequency,0.748,0.9344897959183673,0.8558673469387755,98
cellcnn,frequency,0.75,0.9651360544217686,0.8558673469387755,98
cellcnn,frequency,0.752,0.965251700680272,0.8558673469387755,98
cellcnn,frequency,0.754,0.9653673469387756,0.8558673469387755,98
cellcnn,frequency,0.756,0.9654829931972789,0.8558673469387755,98
cellcnn,frequency,0.758,0.9655986394557823,0.8558673469387755,98
cellcnn,frequency,0.76,0.9657142857142859,0.8558673469387755,98
cellcnn,frequency,0.762,0.9658299319727892,0.8558673469387755,98
cellcnn,frequency,0.764,0.9659455782312926,0.8558673469387755,98
cellcnn,frequency,0.766,0.9660612244897958,0.8558673469387755,98
cellcnn,frequency,0.768,0.9661768707482993,0.8558673469387755,98
cellcnn,frequency,0.77,0.9662925170068026,0.8558673469387755,98
cellcnn,frequency,0.772,0.9664081632653061,0.8558673469387755,98
cellcnn,frequency,0.774,0.9665238095238096,0.8558673469387755,98
cellcnn,frequency,0.776,0.9666394557823129,0.8558673469387755,98
cellcnn,frequency,0.778,0.9667551020408164,0.8558673469387755,98
cellcnn,frequency,0.78,0.9668707482993198,0.8558673469387755,98
cellcnn,frequency,0.782,0.9669863945578232,0.8558673469387755,98
cellcnn,frequency,0.784,0.9671020408163264,0.8558673469387755,98
cellcnn,frequency,0.786,0.9672176870748299,0.8558673469387755,98
cellcnn,frequency,0.788,0.9673333333333332,0.8558673469387755,98
cellcnn,frequency,0.79,0.9674489795918367,0.8558673469387755,98
cellcnn,frequency,0.792,0.9675646258503402,0.8558673469387755,98
cellcnn,frequency,0.794,0.9676802721088434,0.8558673469387755,98
cellcnn,frequency,0.796,0.967795918367347,0.8558673469387755,98
cellcnn,frequency,0.798,0.9679115646258505,0.8558673469387755,98
cellcnn,frequency,0.8,0.9680272108843535,0.8558673469387755,98
cellcnn,frequency,0.802,0.9681428571428572,0.8558673469387755,98
cellcnn,frequency,0.804,0.9682585034013607,0.8558673469387755,98
cellcnn,frequency,0.806,0.9683741496598638,0.8558673469387755,98
cellcnn,frequency,0.808,0.9684897959183674,0.8558673469387755,98
cellcnn,frequency,0.81,0.9686054421768708,0.8558673469387755,98
cellcnn,frequency,0.812,0.9687210884353741,0.8558673469387755,98
cellcnn,frequency,0.8140000000000001,0.9688367346938777,0.8558673469387755,98
cellcnn,frequency,0.8160000000000001,0.9689523809523811,0.8558673469387755,98
cellcnn,frequency,0.8180000000000001,0.9690680272108841,0.8558673469387755,98
cellcnn,frequency,0.8200000000000001,0.9691836734693876,0.8558673469387755,98
cellcnn,frequency,0.8220000000000001,0.9692993197278913,0.8558673469387755,98
cellcnn,frequency,0.8240000000000001,0.9694149659863944,0.8558673469387755,98
cellcnn,frequency,0.8260000000000001,0.9695306122448979,0.8558673469387755,98
cellcnn,frequency,0.8280000000000001,0.9696462585034016,0.8558673469387755,98
cellcnn,frequency,0.8300000000000001,0.9697619047619047,0.8558673469387755,98
cellcnn,frequency,0.8320000000000001,0.9698775510204082,0.8558673469387755,98
cellcnn,frequency,0.834,0.9699931972789118,0.8558673469387755,98
cellcnn,frequency,0.836,0.9701088435374148,0.8558673469387755,98
cellcnn,frequency,0.838,0.9702244897959184,0.8558673469387755,98
cellcnn,frequency,0.84,0.9703401360544219,0.8558673469387755,98
cellcnn,frequency,0.842,0.9704557823129251,0.8558673469387755,98
cellcnn,frequency,0.844,0.9705714285714285,0.8558673469387755,98
cellcnn,frequency,0.846,0.970687074829932,0.8558673469387755,98
cellcnn,frequency,0.848,0.9708027210884353,0.8558673469387755,98
cellcnn,frequency,0.85,0.9709183673469388,0.8558673469387755,98
cellcnn,frequency,0.852,0.9710340136054422,0.8558673469387755,98
cellcnn,frequency,0.854,0.9711496598639455,0.8558673469387755,98
cellcnn,frequency,0.856,0.971265306122449,0.8558673469387755,98
cellcnn,frequency,0.858,0.9713809523809525,0.8558673469387755,98
cellcnn,frequency,0.86,0.9714965986394557,0.8558673469387755,98
cellcnn,frequency,0.862,0.971612244897959,0.8558673469387755,98
cellcnn,frequency,0.864,0.9717278911564627,0.8558673469387755,98
cellcnn,frequency,0.866,0.971843537414966,0.8558673469387755,98
cellcnn,frequency,0.868,0.9719591836734693,0.8558673469387755,98
cellcnn,frequency,0.87,0.9720748299319728,0.8558673469387755,98
cellcnn,frequency,0.872,0.9721904761904762,0.8558673469387755,98
cellcnn,frequency,0.874,0.9723061224489795,0.8558673469387755,98
cellcnn,frequency,0.876,0.9724217687074831,0.8558673469387755,98
cellcnn,frequency,0.878,0.9725374149659864,0.8558673469387755,98
cellcnn,frequency,0.88,0.9726530612244897,0.8558673469387755,98
cellcnn,frequency,0.882,0.9727687074829934,0.8558673469387755,98
cellcnn,frequency,0.884,0.9728843537414966,0.8558673469387755,98
cellcnn,frequency,0.886,0.973,0.8558673469387755,98
cellcnn,frequency,0.888,0.9731156462585034,0.8558673469387755,98
cellcnn,frequency,0.89,0.9732312925170068,0.8558673469387755,98
cellcnn,frequency,0.892,0.9733469387755102,0.8558673469387755,98
cellcnn,frequency,0.894,0.9734625850340136,0.8558673469387755,98
cellcnn,frequency,0.896,0.9735782312925171,0.8558673469387755,98
cellcnn,frequency,0.898,0.9736938775510203,0.8558673469387755,98
cellcnn,frequency,0.9,0.9738095238095239,0.8558673469387755,98
cellcnn,frequency,0.902,0.9739251700680274,0.8558673469387755,98
cellcnn,frequency,0.904,0.9740408163265306,0.8558673469387755,98
cellcnn,frequency,0.906,0.974156462585034,0.8558673469387755,98
cellcnn,frequency,0.908,0.9742721088435374,0.8558673469387755,98
cellcnn,frequency,0.91,0.9743877551020406,0.8558673469387755,98
cellcnn,frequency,0.912,0.9745034013605443,0.8558673469387755,98
cellcnn,frequency,0.914,0.9746190476190477,0.8558673469387755,98
cellcnn,frequency,0.916,0.9747346938775509,0.8558673469387755,98
cellcnn,frequency,0.918,0.9748503401360545,0.8558673469387755,98
cellcnn,frequency,0.92,0.974965986394558,0.8558673469387755,98
cellcnn,frequency,0.922,0.975081632653061,0.8558673469387755,98
cellcnn,frequency,0.924,0.9751972789115646,0.8558673469387755,98
cellcnn,frequency,0.926,0.9753129251700681,0.8558673469387755,98
cellcnn,frequency,0.928,0.9754285714285713,0.8558673469387755,98
cellcnn,frequency,0.93,0.9755442176870749,0.8558673469387755,98
cellcnn,frequency,0.932,0.9756598639455784,0.8558673469387755,98
cellcnn,frequency,0.934,0.9757755102040815,0.8558673469387755,98
cellcnn,frequency,0.936,0.9758911564625852,0.8558673469387755,98
cellcnn,frequency,0.9380000000000001,0.9760068027210886,0.8558673469387755,98
cellcnn,frequency,0.9400000000000001,0.9761224489795917,0.8558673469387755,98
cellcnn,frequency,0.9420000000000001,0.9762380952380951,0.8558673469387755,98
cellcnn,frequency,0.9440000000000001,0.9763537414965987,0.8558673469387755,98
cellcnn,frequency,0.9460000000000001,0.976469387755102,0.8558673469387755,98
cellcnn,frequency,0.9480000000000001,0.9765850340136054,0.8558673469387755,98
cellcnn,frequency,0.9500000000000001,0.976700680272109,0.8558673469387755,98
cellcnn,frequency,0.9520000000000001,0.9768163265306122,0.8558673469387755,98
cellcnn,frequency,0.9540000000000001,0.9769319727891157,0.8558673469387755,98
cellcnn,frequency,0.9560000000000001,0.9770476190476193,0.8558673469387755,98
cellcnn,frequency,0.9580000000000001,0.9771632653061223,0.8558673469387755,98
cellcnn,frequency,0.96,0.9772789115646258,0.8558673469387755,98
cellcnn,frequency,0.962,0.9773945578231293,0.8558673469387755,98
cellcnn,frequency,0.964,0.9775102040816326,0.8558673469387755,98
cellcnn,frequency,0.966,0.977625850340136,0.8558673469387755,98
cellcnn,frequency,0.968,0.9777414965986395,0.8558673469387755,98
cellcnn,frequency,0.97,0.9778571428571429,0.8558673469387755,98
cellcnn,frequency,0.972,0.9779727891156463,0.8558673469387755,98
cellcnn,frequency,0.974,0.9780884353741497,0.8558673469387755,98
cellcnn,frequency,0.976,0.9782040816326529,0.8558673469387755,98
cellcnn,frequency,0.978,0.9783197278911564,0.8558673469387755,98
cellcnn,frequency,0.98,0.9784353741496599,0.8558673469387755,98
cellcnn,frequency,0.982,0.9785510204081632,0.8558673469387755,98
cellcnn,frequency,0.984,0.9786666666666667,0.8558673469387755,98
cellcnn,frequency,0.986,0.9787823129251702,0.8558673469387755,98
cellcnn,frequency,0.988,0.9788979591836735,0.8558673469387755,98
cellcnn,frequency,0.99,0.9790136054421769,0.8558673469387755,98
cellcnn,frequency,0.992,0.9791292517006803,0.8558673469387755,98
cellcnn,frequency,0.994,0.9792448979591836,0.8558673469387755,98
cellcnn,frequency,0.996,0.9793605442176869,0.8558673469387755,98
cellcnn,frequency,0.998,0.9794761904761905,0.8558673469387755,98
cellcnn,frequency,1.0,1.0,0.8558673469387755,98
quadratic_top1,network,0.0,0.795,0.9125,100
quadratic_top1,network,0.002,0.795,0.9125,100
quadratic_top1,network,0.004,0.795,0.9125,100
quadratic_top1,network,0.006,0.795,0.9125,100
quadratic_top1,network,0.008,0.795,0.9125,100
quadratic_top1,network,0.01,0.795,0.9125,100
quadratic_top1,network,0.012,0.795,0.9125,100
quadratic_top1,network,0.014,0.795,0.9125,100
quadratic_top1,network,0.016,0.795,0.9125,100
quadratic_top1,network,0.018000000000000002,0.795,0.9125,100
quadratic_top1,network,0.02,0.795,0.9125,100
quadratic_top1,network,0.022,0.795,0.9125,100
quadratic_top1,network,0.024,0.795,0.9125,100
quadratic_top1,network,0.026000000000000002,0.795,0.9125,100
quadratic_top1,network,0.028,0.795,0.9125,100
quadratic_top1,network,0.03,0.795,0.9125,100
quadratic_top1,network,0.032,0.795,0.9125,100
quadratic_top1,network,0.034,0.795,0.9125,100
quadratic_top1,network,0.036000000000000004,0.795,0.9125,100
quadratic_top1,network,0.038,0.795,0.9125,100
quadratic_top1,network,0.04,0.795,0.9125,100
quadratic_top1,network,0.042,0.795,0.9125,100
quadratic_top1,network,0.044,0.795,0.9125,100
quadratic_top1,network,0.046,0.795,0.9125,100
quadratic_top1,network,0.048,0.795,0.9125,100
quadratic_top1,network,0.05,0.795,0.9125,100
quadratic_top1,network,0.052000000000000005,0.795,0.9125,100
quadratic_top1,network,0.054,0.795,0.9125,100
quadratic_top1,network,0.056,0.795,0.9125,100
quadratic_top1,network,0.058,0.795,0.9125,100
quadratic_top1,network,0.06,0.795,0.9125,100
quadratic_top1,network,0.062,0.795,0.9125,100
quadratic_top1,network,0.064,0.795,0.9125,100
quadratic_top1,network,0.066,0.795,0.9125,100
quadratic_top1,network,0.068,0.795,0.9125,100
quadratic_top1,network,0.07,0.795,0.9125,100
quadratic_top1,network,0.07200000000000001,0.795,0.9125,100
quadratic_top1,network,0.074,0.795,0.9125,100
quadratic_top1,network,0.076,0.795,0.9125,100
quadratic_top1,network,0.078,0.795,0.9125,100
quadratic_top1,network,0.08,0.795,0.9125,100
quadratic_top1,network,0.082,0.795,0.9125,100
quadratic_top1,network,0.084,0.795,0.9125,100
quadratic_top1,network,0.08600000000000001,0.795,0.9125,100
quadratic_top1,network,0.088,0.795,0.9125,100
quadratic_top1,network,0.09,0.795,0.9125,100
quadratic_top1,network,0.092,0.795,0.9125,100
quadratic_top1,network,0.094,0.795,0.9125,100
quadratic_top1,network,0.096,0.795,0.9125,100
quadratic_top1,network,0.098,0.795,0.9125,100
quadratic_top1,network,0.1,0.795,0.9125,100
quadratic_top1,network,0.10200000000000001,0.795,0.9125,100
quadratic_top1,network,0.10400000000000001,0.795,0.9125,100
quadratic_top1,network,0.106,0.795,0.9125,100
quadratic_top1,network,0.108,0.795,0.9125,100
quadratic_top1,network,0.11,0.795,0.9125,100
quadratic_top1,network,0.112,0.795,0.9125,100
quadratic_top1,network,0.114,0.795,0.9125,100
quadratic_top1,network,0.116,0.795,0.9125,100
quadratic_top1,network,0.11800000000000001,0.795,0.9125,100
quadratic_top1,network,0.12,0.795,0.9125,100
quadratic_top1,network,0.122,0.795,0.9125,100
quadratic_top1,network,0.124,0.795,0.9125,100
quadratic_top1,network,0.126,0.795,0.9125,100
quadratic_top1,network,0.128,0.795,0.9125,100
quadratic_top1,network,0.13,0.795,0.9125,100
quadratic_top1,network,0.132,0.795,0.9125,100
quadratic_top1,network,0.134,0.795,0.9125,100
quadratic_top1,network,0.136,0.795,0.9125,100
quadratic_top1,network,0.138,0.795,0.9125,100
quadratic_top1,network,0.14,0.795,0.9125,100
quadratic_top1,network,0.14200000000000002,0.795,0.9125,100
quadratic_top1,network,0.14400000000000002,0.795,0.9125,100
quadratic_top1,network,0.146,0.795,0.9125,100
quadratic_top1,network,0.148,0.795,0.9125,100
quadratic_top1,network,0.15,0.795,0.9125,100
quadratic_top1,network,0.152,0.795,0.9125,100
quadratic_top1,network,0.154,0.795,0.9125,100
quadratic_top1,network,0.156,0.795,0.9125,100
quadratic_top1,network,0.158,0.795,0.9125,100
quadratic_top1,network,0.16,0.795,0.9125,100
quadratic_top1,network,0.162,0.795,0.9125,100
quadratic_top1,network,0.164,0.795,0.9125,100
quadratic_top1,network,0.166,0.795,0.9125,100
quadratic_top1,network,0.168,0.795,0.9125,100
quadratic_top1,network,0.17,0.795,0.9125,100
quadratic_top1,network,0.17200000000000001,0.795,0.9125,100
quadratic_top1,network,0.17400000000000002,0.795,0.9125,100
quadratic_top1,network,0.176,0.795,0.9125,100
quadratic_top1,network,0.178,0.795,0.9125,100
quadratic_top1,network,0.18,0.795,0.9125,100
quadratic_top1,network,0.182,0.795,0.9125,100
quadratic_top1,network,0.184,0.795,0.9125,100
quadratic_top1,network,0.186,0.795,0.9125,100
quadratic_top1,network,0.188,0.795,0.9125,100
quadratic_top1,network,0.19,0.795,0.9125,100
quadratic_top1,network,0.192,0.795,0.9125,100
quadratic_top1,network,0.194,0.795,0.9125,100
quadratic_top1,network,0.196,0.795,0.9125,100
quadratic_top1,network,0.198,0.795,0.9125,100
quadratic_top1,network,0.2,0.795,0.9125,100
quadratic_top1,network,0.202,0.795,0.9125,100
quadratic_top1,network,0.20400000000000001,0.795,0.9125,100
quadratic_top1,network,0.20600000000000002,0.795,0.9125,100
quadratic_top1,network,0.20800000000000002,0.795,0.9125,100
quadratic_top1,network,0.21,0.795,0.9125,100
quadratic_top1,network,0.212,0.795,0.9125,100
quadratic_top1,network,0.214,0.795,0.9125,100
quadratic_top1,network,0.216,0.795,0.9125,100
quadratic_top1,network,0.218,0.795,0.9125,100
quadratic_top1,network,0.22,0.795,0.9125,100
quadratic_top1,network,0.222,0.795,0.9125,100
quadratic_top1,network,0.224,0.795,0.9125,100
quadratic_top1,network,0.226,0.795,0.9125,100
quadratic_top1,network,0.228,0.795,0.9125,100
quadratic_top1,network,0.23,0.795,0.9125,100
quadratic_top1,network,0.232,0.795,0.9125,100
quadratic_top1,network,0.234,0.795,0.9125,100
quadratic_top1,network,0.23600000000000002,0.795,0.9125,100
quadratic_top1,network,0.23800000000000002,0.795,0.9125,100
quadratic_top1,network,0.24,0.795,0.9125,100
quadratic_top1,network,0.242,0.795,0.9125,100
quadratic_top1,network,0.244,0.795,0.9125,100
quadratic_top1,network,0.246,0.795,0.9125,100
quadratic_top1,network,0.248,0.795,0.9125,100
quadratic_top1,network,0.25,0.905,0.9125,100
quadratic_top1,network,0.252,0.905,0.9125,100
quadratic_top1,network,0.254,0.905,0.9125,100
quadratic_top1,network,0.256,0.905,0.9125,100
quadratic_top1,network,0.258,0.905,0.9125,100
quadratic_top1,network,0.26,0.905,0.9125,100
quadratic_top1,network,0.262,0.905,0.9125,100
quadratic_top1,network,0.264,0.905,0.9125,100
quadratic_top1,network,0.266,0.905,0.9125,100
quadratic_top1,network,0.268,0.905,0.9125,100
quadratic_top1,network,0.27,0.905,0.9125,100
quadratic_top1,network,0.272,0.905,0.9125,100
quadratic_top1,network,0.274,0.905,0.9125,100
quadratic_top1,network,0.276,0.905,0.9125,100
quadratic_top1,network,0.278,0.905,0.9125,100
quadratic_top1,network,0.28,0.905,0.9125,100
quadratic_top1,network,0.28200000000000003,0.905,0.9125,100
quadratic_top1,network,0.28400000000000003,0.905,0.9125,100
quadratic_top1,network,0.28600000000000003,0.905,0.9125,100
quadratic_top1,network,0.28800000000000003,0.905,0.9125,100
quadratic_top1,network,0.29,0.905,0.9125,100
quadratic_top1,network,0.292,0.905,0.9125,100
quadratic_top1,network,0.294,0.905,0.9125,100
quadratic_top1,network,0.296,0.905,0.9125,100
quadratic_top1,network,0.298,0.905,0.9125,100
quadratic_top1,network,0.3,0.905,0.9125,100
quadratic_top1,network,0.302,0.905,0.9125,100
quadratic_top1,network,0.304,0.905,0.9125,100
quadratic_top1,network,0.306,0.905,0.9125,100
quadratic_top1,network,0.308,0.905,0.9125,100
quadratic_top1,network,0.31,0.905,0.9125,100
quadratic_top1,network,0.312,0.905,0.9125,100
quadratic_top1,network,0.314,0.905,0.9125,100
quadratic_top1,network,0.316,0.905,0.9125,100
quadratic_top1,network,0.318,0.905,0.9125,100
quadratic_top1,network,0.32,0.905,0.9125,100
quadratic_top1,network,0.322,0.905,0.9125,100
quadratic_top1,network,0.324,0.905,0.9125,100
quadratic_top1,network,0.326,0.905,0.9125,100
quadratic_top1,network,0.328,0.905,0.9125,100
quadratic_top1,network,0.33,0.905,0.9125,100
quadratic_top1,network,0.332,0.905,0.9125,100
quadratic_top1,network,0.334,0.905,0.9125,100
quadratic_top1,network,0.336,0.905,0.9125,100
quadratic_top1,network,0.338,0.905,0.9125,100
quadratic_top1,network,0.34,0.905,0.9125,100
quadratic_top1,network,0.342,0.905,0.9125,100
quadratic_top1,network,0.34400000000000003,0.905,0.9125,100
quadratic_top1,network,0.34600000000000003,0.905,0.9125,100
quadratic_top1,network,0.34800000000000003,0.905,0.9125,100
quadratic_top1,network,0.35000000000000003,0.905,0.9125,100
quadratic_top1,network,0.352,0.905,0.9125,100
quadratic_top1,network,0.354,0.905,0.9125,100
quadratic_top1,network,0.356,0.905,0.9125,100
quadratic_top1,network,0.358,0.905,0.9125,100
quadratic_top1,network,0.36,0.905,0.9125,100
quadratic_top1,network,0.362,0.905,0.9125,100
quadratic_top1,network,0.364,0.905,0.9125,100
quadratic_top1,network,0.366,0.905,0.9125,100
quadratic_top1,network,0.368,0.905,0.9125,100
quadratic_top1,network,0.37,0.905,0.9125,100
quadratic_top1,network,0.372,0.905,0.9125,100
quadratic_top1,network,0.374,0.905,0.9125,100
quadratic_top1,network,0.376,0.905,0.9125,100
quadratic_top1,network,0.378,0.905,0.9125,100
quadratic_top1,network,0.38,0.905,0.9125,100
quadratic_top1,network,0.382,0.905,0.9125,100
quadratic_top1,network,0.384,0.905,0.9125,100
quadratic_top1,network,0.386,0.905,0.9125,100
quadratic_top1,network,0.388,0.905,0.9125,100
quadratic_top1,network,0.39,0.905,0.9125,100
quadratic_top1,network,0.392,0.905,0.9125,100
quadratic_top1,network,0.394,0.905,0.9125,100
quadratic_top1,network,0.396,0.905,0.9125,100
quadratic_top1,network,0.398,0.905,0.9125,100
quadratic_top1,network,0.4,0.905,0.9125,100
quadratic_top1,network,0.402,0.905,0.9125,100
quadratic_top1,network,0.404,0.905,0.9125,100
quadratic_top1,network,0.406,0.905,0.9125,100
quadratic_top1,network,0.40800000000000003,0.905,0.9125,100
quadratic_top1,network,0.41000000000000003,0.905,0.9125,100
quadratic_top1,network,0.41200000000000003,0.905,0.9125,100
quadratic_top1,network,0.41400000000000003,0.905,0.9125,100
quadratic_top1,network,0.41600000000000004,0.905,0.9125,100
quadratic_top1,network,0.418,0.905,0.9125,100
quadratic_top1,network,0.42,0.905,0.9125,100
quadratic_top1,network,0.422,0.905,0.9125,100
quadratic_top1,network,0.424,0.905,0.9125,100
quadratic_top1,network,0.426,0.905,0.9125,100
quadratic_top1,network,0.428,0.905,0.9125,100
quadratic_top1,network,0.43,0.905,0.9125,100
quadratic_top1,network,0.432,0.905,0.9125,100
quadratic_top1,network,0.434,0.905,0.9125,100
quadratic_top1,network,0.436,0.905,0.9125,100
quadratic_top1,network,0.438,0.905,0.9125,100
quadratic_top1,network,0.44,0.905,0.9125,100
quadratic_top1,network,0.442,0.905,0.9125,100
quadratic_top1,network,0.444,0.905,0.9125,100
quadratic_top1,network,0.446,0.905,0.9125,100
quadratic_top1,network,0.448,0.905,0.9125,100
quadratic_top1,network,0.45,0.905,0.9125,100
quadratic_top1,network,0.452,0.905,0.9125,100
quadratic_top1,network,0.454,0.905,0.9125,100
quadratic_top1,network,0.456,0.905,0.9125,100
quadratic_top1,network,0.458,0.905,0.9125,100
quadratic_top1,network,0.46,0.905,0.9125,100
quadratic_top1,network,0.462,0.905,0.9125,100
quadratic_top1,network,0.464,0.905,0.9125,100
quadratic_top1,network,0.466,0.905,0.9125,100
quadratic_top1,network,0.468,0.905,0.9125,100
quadratic_top1,network,0.47000000000000003,0.905,0.9125,100
quadratic_top1,network,0.47200000000000003,0.905,0.9125,100
quadratic_top1,network,0.47400000000000003,0.905,0.9125,100
quadratic_top1,network,0.47600000000000003,0.905,0.9125,100
quadratic_top1,network,0.47800000000000004,0.905,0.9125,100
quadratic_top1,network,0.48,0.905,0.9125,100
quadratic_top1,network,0.482,0.905,0.9125,100
quadratic_top1,network,0.484,0.905,0.9125,100
quadratic_top1,network,0.486,0.905,0.9125,100
quadratic_top1,network,0.488,0.905,0.9125,100
quadratic_top1,network,0.49,0.905,0.9125,100
quadratic_top1,network,0.492,0.905,0.9125,100
quadratic_top1,network,0.494,0.905,0.9125,100
quadratic_top1,network,0.496,0.905,0.9125,100
quadratic_top1,network,0.498,0.905,0.9125,100
quadratic_top1,network,0.5,0.96,0.9125,100
quadratic_top1,network,0.502,0.96,0.9125,100
quadratic_top1,network,0.504,0.96,0.9125,100
quadratic_top1,network,0.506,0.96,0.9125,100
quadratic_top1,network,0.508,0.96,0.9125,100
quadratic_top1,network,0.51,0.96,0.9125,100
quadratic_top1,network,0.512,0.96,0.9125,100
quadratic_top1,network,0.514,0.96,0.9125,100
quadratic_top1,network,0.516,0.96,0.9125,100
quadratic_top1,network,0.518,0.96,0.9125,100
quadratic_top1,network,0.52,0.96,0.9125,100
quadratic_top1,network,0.522,0.96,0.9125,100
quadratic_top1,network,0.524,0.96,0.9125,100
quadratic_top1,network,0.526,0.96,0.9125,100
quadratic_top1,network,0.528,0.96,0.9125,100
quadratic_top1,network,0.53,0.96,0.9125,100
quadratic_top1,network,0.532,0.96,0.9125,100
quadratic_top1,network,0.534,0.96,0.9125,100
quadratic_top1,network,0.536,0.96,0.9125,100
quadratic_top1,network,0.538,0.96,0.9125,100
quadratic_top1,network,0.54,0.96,0.9125,100
quadratic_top1,network,0.542,0.96,0.9125,100
quadratic_top1,network,0.544,0.96,0.9125,100
quadratic_top1,network,0.546,0.96,0.9125,100
quadratic_top1,network,0.548,0.96,0.9125,100
quadratic_top1,network,0.55,0.96,0.9125,100
quadratic_top1,network,0.552,0.96,0.9125,100
quadratic_top1,network,0.554,0.96,0.9125,100
quadratic_top1,network,0.556,0.96,0.9125,100
quadratic_top1,network,0.558,0.96,0.9125,100
quadratic_top1,network,0.56,0.96,0.9125,100
quadratic_top1,network,0.562,0.96,0.9125,100
quadratic_top1,network,0.5640000000000001,0.96,0.9125,100
quadratic_top1,network,0.5660000000000001,0.96,0.9125,100
quadratic_top1,network,0.5680000000000001,0.96,0.9125,100
quadratic_top1,network,0.5700000000000001,0.96,0.9125,100
quadratic_top1,network,0.5720000000000001,0.96,0.9125,100
quadratic_top1,network,0.5740000000000001,0.96,0.9125,100
quadratic_top1,network,0.5760000000000001,0.96,0.9125,100
quadratic_top1,network,0.578,0.96,0.9125,100
quadratic_top1,network,0.58,0.96,0.9125,100
quadratic_top1,network,0.582,0.96,0.9125,100
quadratic_top1,network,0.584,0.96,0.9125,100
quadratic_top1,network,0.586,0.96,0.9125,100
quadratic_top1,network,0.588,0.96,0.9125,100
quadratic_top1,network,0.59,0.96,0.9125,100
quadratic_top1,network,0.592,0.96,0.9125,100
quadratic_top1,network,0.594,0.96,0.9125,100
quadratic_top1,network,0.596,0.96,0.9125,100
quadratic_top1,network,0.598,0.96,0.9125,100
quadratic_top1,network,0.6,0.96,0.9125,100
quadratic_top1,network,0.602,0.96,0.9125,100
quadratic_top1,network,0.604,0.96,0.9125,100
quadratic_top1,network,0.606,0.96,0.9125,100
quadratic_top1,network,0.608,0.96,0.9125,100
quadratic_top1,network,0.61,0.96,0.9125,100
quadratic_top1,network,0.612,0.96,0.9125,100
quadratic_top1,network,0.614,0.96,0.9125,100
quadratic_top1,network,0.616,0.96,0.9125,100
quadratic_top1,network,0.618,0.96,0.9125,100
quadratic_top1,network,0.62,0.96,0.9125,100
quadratic_top1,network,0.622,0.96,0.9125,100
quadratic_top1,network,0.624,0.96,0.9125,100
quadratic_top1,network,0.626,0.96,0.9125,100
quadratic_top1,network,0.628,0.96,0.9125,100
quadratic_top1,network,0.63,0.96,0.9125,100
quadratic_top1,network,0.632,0.96,0.9125,100
quadratic_top1,network,0.634,0.96,0.9125,100
quadratic_top1,network,0.636,0.96,0.9125,100
quadratic_top1,network,0.638,0.96,0.9125,100
quadratic_top1,network,0.64,0.96,0.9125,100
quadratic_top1,network,0.642,0.96,0.9125,100
quadratic_top1,network,0.644,0.96,0.9125,100
quadratic_top1,network,0.646,0.96,0.9125,100
quadratic_top1,network,0.648,0.96,0.9125,100
quadratic_top1,network,0.65,0.96,0.9125,100
quadratic_top1,network,0.652,0.96,0.9125,100
quadratic_top1,network,0.654,0.96,0.9125,100
quadratic_top1,network,0.656,0.96,0.9125,100
quadratic_top1,network,0.658,0.96,0.9125,100
quadratic_top1,network,0.66,0.96,0.9125,100
quadratic_top1,network,0.662,0.96,0.9125,100
quadratic_top1,network,0.664,0.96,0.9125,100
quadratic_top1,network,0.666,0.96,0.9125,100
quadratic_top1,network,0.668,0.96,0.9125,100
quadratic_top1,network,0.67,0.96,0.9125,100
quadratic_top1,network,0.672,0.96,0.9125,100
quadratic_top1,network,0.674,0.96,0.9125,100
quadratic_top1,network,0.676,0.96,0.9125,100
quadratic_top1,network,0.678,0.96,0.9125,100
quadratic_top1,network,0.68,0.96,0.9125,100
quadratic_top1,network,0.682,0.96,0.9125,100
quadratic_top1,network,0.684,0.96,0.9125,100
quadratic_top1,network,0.686,0.96,0.9125,100
quadratic_top1,network,0.6880000000000001,0.96,0.9125,100
quadratic_top1,network,0.6900000000000001,0.96,0.9125,100
quadratic_top1,network,0.6920000000000001,0.96,0.9125,100
quadratic_top1,network,0.6940000000000001,0.96,0.9125,100
quadratic_top1,network,0.6960000000000001,0.96,0.9125,100
quadratic_top1,network,0.6980000000000001,0.96,0.9125,100
quadratic_top1,network,0.7000000000000001,0.96,0.9125,100
quadratic_top1,network,0.7020000000000001,0.96,0.9125,100
quadratic_top1,network,0.704,0.96,0.9125,100
quadratic_top1,network,0.706,0.96,0.9125,100
quadratic_top1,network,0.708,0.96,0.9125,100
quadratic_top1,network,0.71,0.96,0.9125,100
quadratic_top1,network,0.712,0.96,0.9125,100
quadratic_top1,network,0.714,0.96,0.9125,100
quadratic_top1,network,0.716,0.96,0.9125,100
quadratic_top1,network,0.718,0.96,0.9125,100
quadratic_top1,network,0.72,0.96,0.9125,100
quadratic_top1,network,0.722,0.96,0.9125,100
quadratic_top1,network,0.724,0.96,0.9125,100
quadratic_top1,network,0.726,0.96,0.9125,100
quadratic_top1,network,0.728,0.96,0.9125,100
quadratic_top1,network,0.73,0.96,0.9125,100
quadratic_top1,network,0.732,0.96,0.9125,100
quadratic_top1,network,0.734,0.96,0.9125,100
quadratic_top1,network,0.736,0.96,0.9125,100
quadratic_top1,network,0.738,0.96,0.9125,100
quadratic_top1,network,0.74,0.96,0.9125,100
quadratic_top1,network,0.742,0.96,0.9125,100
quadratic_top1,network,0.744,0.96,0.9125,100
quadratic_top1,network,0.746,0.96,0.9125,100
quadratic_top1,network,0.748,0.96,0.9125,100
quadratic_top1,network,0.75,0.99,0.9125,100
quadratic_top1,network,0.752,0.99,0.9125,100
quadratic_top1,network,0.754,0.99,0.9125,100
quadratic_top1,network,0.756,0.99,0.9125,100
quadratic_top1,network,0.758,0.99,0.9125,100
quadratic_top1,network,0.76,0.99,0.9125,100
quadratic_top1,network,0.762,0.99,0.9125,100
quadratic_top1,network,0.764,0.99,0.9125,100
quadratic_top1,network,0.766,0.99,0.9125,100
quadratic_top1,network,0.768,0.99,0.9125,100
quadratic_top1,network,0.77,0.99,0.9125,100
quadratic_top1,network,0.772,0.99,0.9125,100
quadratic_top1,network,0.774,0.99,0.9125,100
quadratic_top1,network,0.776,0.99,0.9125,100
quadratic_top1,network,0.778,0.99,0.9125,100
quadratic_top1,network,0.78,0.99,0.9125,100
quadratic_top1,network,0.782,0.99,0.9125,100
quadratic_top1,network,0.784,0.99,0.9125,100
quadratic_top1,network,0.786,0.99,0.9125,100
quadratic_top1,network,0.788,0.99,0.9125,100
quadratic_top1,network,0.79,0.99,0.9125,100
quadratic_top1,network,0.792,0.99,0.9125,100
quadratic_top1,network,0.794,0.99,0.9125,100
quadratic_top1,network,0.796,0.99,0.9125,100
quadratic_top1,network,0.798,0.99,0.9125,100
quadratic_top1,network,0.8,0.99,0.9125,100
quadratic_top1,network,0.802,0.99,0.9125,100
quadratic_top1,network,0.804,0.99,0.9125,100
quadratic_top1,network,0.806,0.99,0.9125,100
quadratic_top1,network,0.808,0.99,0.9125,100
quadratic_top1,network,0.81,0.99,0.9125,100
quadratic_top1,network,0.812,0.99,0.9125,100
quadratic_top1,network,0.8140000000000001,0.99,0.9125,100
quadratic_top1,network,0.8160000000000001,0.99,0.9125,100
quadratic_top1,network,0.8180000000000001,0.99,0.9125,100
quadratic_top1,network,0.8200000000000001,0.99,0.9125,100
quadratic_top1,network,0.8220000000000001,0.99,0.9125,100
quadratic_top1,network,0.8240000000000001,0.99,0.9125,100
quadratic_top1,network,0.8260000000000001,0.99,0.9125,100
quadratic_top1,network,0.8280000000000001,0.99,0.9125,100
quadratic_top1,network,0.8300000000000001,0.99,0.9125,100
quadratic_top1,network,0.8320000000000001,0.99,0.9125,100
quadratic_top1,network,0.834,0.99,0.9125,100
quadratic_top1,network,0.836,0.99,0.9125,100
quadratic_top1,network,0.838,0.99,0.9125,100
quadratic_top1,network,0.84,0.99,0.9125,100
quadratic_top1,network,0.842,0.99,0.9125,100
quadratic_top1,network,0.844,0.99,0.9125,100
quadratic_top1,network,0.846,0.99,0.9125,100
quadratic_top1,network,0.848,0.99,0.9125,100
quadratic_top1,network,0.85,0.99,0.9125,100
quadratic_top1,network,0.852,0.99,0.9125,100
quadratic_top1,network,0.854,0.99,0.9125,100
quadratic_top1,network,0.856,0.99,0.9125,100
quadratic_top1,network,0.858,0.99,0.9125,100
quadratic_top1,network,0.86,0.99,0.9125,100
quadratic_top1,network,0.862,0.99,0.9125,100
quadratic_top1,network,0.864,0.99,0.9125,100
quadratic_top1,network,0.866,0.99,0.9125,100
quadratic_top1,network,0.868,0.99,0.9125,100
quadratic_top1,network,0.87,0.99,0.9125,100
quadratic_top1,network,0.872,0.99,0.9125,100
quadratic_top1,network,0.874,0.99,0.9125,100
quadratic_top1,network,0.876,0.99,0.9125,100
quadratic_top1,network,0.878,0.99,0.9125,100
quadratic_top1,network,0.88,0.99,0.9125,100
quadratic_top1,network,0.882,0.99,0.9125,100
quadratic_top1,network,0.884,0.99,0.9125,100
quadratic_top1,network,0.886,0.99,0.9125,100
quadratic_top1,network,0.888,0.99,0.9125,100
quadratic_top1,network,0.89,0.99,0.9125,100
quadratic_top1,network,0.892,0.99,0.9125,100
quadratic_top1,network,0.894,0.99,0.9125,100
quadratic_top1,network,0.896,0.99,0.9125,100
quadratic_top1,network,0.898,0.99,0.9125,100
quadratic_top1,network,0.9,0.99,0.9125,100
quadratic_top1,network,0.902,0.99,0.9125,100
quadratic_top1,network,0.904,0.99,0.9125,100
quadratic_top1,network,0.906,0.99,0.9125,100
quadratic_top1,network,0.908,0.99,0.9125,100
quadratic_top1,network,0.91,0.99,0.9125,100
quadratic_top1,network,0.912,0.99,0.9125,100
quadratic_top1,network,0.914,0.99,0.9125,100
quadratic_top1,network,0.916,0.99,0.9125,100
quadratic_top1,network,0.918,0.99,0.9125,100
quadratic_top1,network,0.92,0.99,0.9125,100
quadratic_top1,network,0.922,0.99,0.9125,100
quadratic_top1,network,0.924,0.99,0.9125,100
quadratic_top1,network,0.926,0.99,0.9125,100
quadratic_top1,network,0.928,0.99,0.9125,100
quadratic_top1,network,0.93,0.99,0.9125,100
quadratic_top1,network,0.932,0.99,0.9125,100
quadratic_top1,network,0.934,0.99,0.9125,100
quadratic_top1,network,0.936,0.99,0.9125,100
quadratic_top1,network,0.9380000000000001,0.99,0.9125,100
quadratic_top1,network,0.9400000000000001,0.99,0.9125,100
quadratic_top1,network,0.9420000000000001,0.99,0.9125,100
quadratic_top1,network,0.9440000000000001,0.99,0.9125,100
quadratic_top1,network,0.9460000000000001,0.99,0.9125,100
quadratic_top1,network,0.9480000000000001,0.99,0.9125,100
quadratic_top1,network,0.9500000000000001,0.99,0.9125,100
quadratic_top1,network,0.9520000000000001,0.99,0.9125,100
quadratic_top1,network,0.9540000000000001,0.99,0.9125,100
quadratic_top1,network,0.9560000000000001,0.99,0.9125,100
quadratic_top1,network,0.9580000000000001,0.99,0.9125,100
quadratic_top1,network,0.96,0.99,0.9125,100
quadratic_top1,network,0.962,0.99,0.9125,100
quadratic_top1,network,0.964,0.99,0.9125,100
quadratic_top1,network,0.966,0.99,0.9125,100
quadratic_top1,network,0.968,0.99,0.9125,100
quadratic_top1,network,0.97,0.99,0.9125,100
quadratic_top1,network,0.972,0.99,0.9125,100
quadratic_top1,network,0.974,0.99,0.9125,100
quadratic_top1,network,0.976,0.99,0.9125,100
quadratic_top1,network,0.978,0.99,0.9125,100
quadratic_top1,network,0.98,0.99,0.9125,100
quadratic_top1,network,0.982,0.99,0.9125,100
quadratic_top1,network,0.984,0.99,0.9125,100
quadratic_top1,network,0.986,0.99,0.9125,100
quadratic_top1,network,0.988,0.99,0.9125,100
quadratic_top1,network,0.99,0.99,0.9125,100
quadratic_top1,network,0.992,0.99,0.9125,100
quadratic_top1,network,0.994,0.99,0.9125,100
quadratic_top1,network,0.996,0.99,0.9125,100
quadratic_top1,network,0.998,0.99,0.9125,100
quadratic_top1,network,1.0,1.0,0.9125,100
quadratic_top1,frequency,0.0,0.7142857142857143,0.860969387755102,98
quadratic_top1,frequency,0.002,0.714469387755102,0.860969387755102,98
quadratic_top1,frequency,0.004,0.7146530612244898,0.860969387755102,98
quadratic_top1,frequency,0.006,0.7148367346938775,0.860969387755102,98
quadratic_top1,frequency,0.008,0.7150204081632653,0.860969387755102,98
quadratic_top1,frequency,0.01,0.7152040816326531,0.860969387755102,98
quadratic_top1,frequency,0.012,0.7153877551020409,0.860969387755102,98
quadratic_top1,frequency,0.014,0.7155714285714286,0.860969387755102,98
quadratic_top1,frequency,0.016,0.7157551020408164,0.860969387755102,98
quadratic_top1,frequency,0.018000000000000002,0.7159387755102041,0.860969387755102,98
quadratic_top1,frequency,0.02,0.7161224489795919,0.860969387755102,98
quadratic_top1,frequency,0.022,0.7163061224489795,0.860969387755102,98
quadratic_top1,frequency,0.024,0.7164897959183675,0.860969387755102,98
quadratic_top1,frequency,0.026000000000000002,0.7166734693877552,0.860969387755102,98
quadratic_top1,frequency,0.028,0.7168571428571429,0.860969387755102,98
quadratic_top1,frequency,0.03,0.7170408163265307,0.860969387755102,98
quadratic_top1,frequency,0.032,0.7172244897959185,0.860969387755102,98
quadratic_top1,frequency,0.034,0.7174081632653061,0.860969387755102,98
quadratic_top1,frequency,0.036000000000000004,0.717591836734694,0.860969387755102,98
quadratic_top1,frequency,0.038,0.7177755102040815,0.860969387755102,98
quadratic_top1,frequency,0.04,0.7179591836734693,0.860969387755102,98
quadratic_top1,frequency,0.042,0.7181428571428572,0.860969387755102,98
quadratic_top1,frequency,0.044,0.7183265306122447,0.860969387755102,98
quadratic_top1,frequency,0.046,0.7185102040816326,0.860969387755102,98
quadratic_top1,frequency,0.048,0.7186938775510203,0.860969387755102,98
quadratic_top1,frequency,0.05,0.7188775510204081,0.860969387755102,98
quadratic_top1,frequency,0.052000000000000005,0.7190612244897958,0.860969387755102,98
quadratic_top1,frequency,0.054,0.7192448979591836,0.860969387755102,98
quadratic_top1,frequency,0.056,0.7194285714285713,0.860969387755102,98
quadratic_top1,frequency,0.058,0.719612244897959,0.860969387755102,98
quadratic_top1,frequency,0.06,0.7197959183673469,0.860969387755102,98
quadratic_top1,frequency,0.062,0.7199795918367347,0.860969387755102,98
quadratic_top1,frequency,0.064,0.7201632653061224,0.860969387755102,98
quadratic_top1,frequency,0.066,0.7203469387755101,0.860969387755102,98
quadratic_top1,frequency,0.068,0.7205306122448979,0.860969387755102,98
quadratic_top1,frequency,0.07,0.7207142857142856,0.860969387755102,98
quadratic_top1,frequency,0.07200000000000001,0.7208979591836734,0.860969387755102,98
quadratic_top1,frequency,0.074,0.7210816326530612,0.860969387755102,98
quadratic_top1,frequency,0.076,0.721265306122449,0.860969387755102,98
quadratic_top1,frequency,0.078,0.7214489795918367,0.860969387755102,98
quadratic_top1,frequency,0.08,0.7216326530612245,0.860969387755102,98
quadratic_top1,frequency,0.082,0.7218163265306122,0.860969387755102,98
quadratic_top1,frequency,0.084,0.722,0.860969387755102,98
quadratic_top1,frequency,0.08600000000000001,0.7221836734693877,0.860969387755102,98
quadratic_top1,frequency,0.088,0.7223673469387756,0.860969387755102,98
quadratic_top1,frequency,0.09,0.7225510204081633,0.860969387755102,98
quadratic_top1,frequency,0.092,0.7227346938775511,0.860969387755102,98
quadratic_top1,frequency,0.094,0.7229183673469388,0.860969387755102,98
quadratic_top1,frequency,0.096,0.7231020408163266,0.860969387755102,98
quadratic_top1,frequency,0.098,0.7232857142857143,0.860969387755102,98
quadratic_top1,frequency,0.1,0.7234693877551021,0.860969387755102,98
quadratic_top1,frequency,0.10200000000000001,0.7236530612244897,0.860969387755102,98
quadratic_top1,frequency,0.10400000000000001,0.7238367346938777,0.860969387755102,98
quadratic_top1,frequency,0.106,0.7240204081632654,0.860969387755102,98
quadratic_top1,frequency,0.108,0.724204081632653,0.860969387755102,98
quadratic_top1,frequency,0.11,0.7243877551020408,0.860969387755102,98
quadratic_top1,frequency,0.112,0.7245714285714285,0.860969387755102,98
quadratic_top1,frequency,0.114,0.7247551020408163,0.860969387755102,98
quadratic_top1,frequency,0.116,0.724938775510204,0.860969387755102,98
quadratic_top1,frequency,0.11800000000000001,0.7251224489795918,0.860969387755102,98
quadratic_top1,frequency,0.12,0.7253061224489796,0.860969387755102,98
quadratic_top1,frequency,0.122,0.7254897959183674,0.860969387755102,98
quadratic_top1,frequency,0.124,0.7256734693877551,0.860969387755102,98
quadratic_top1,frequency,0.126,0.7258571428571429,0.860969387755102,98
quadratic_top1,frequency,0.128,0.7260408163265306,0.860969387755102,98
quadratic_top1,frequency,0.13,0.7262244897959184,0.860969387755102,98
quadratic_top1,frequency,0.132,0.7264081632653061,0.860969387755102,98
quadratic_top1,frequency,0.134,0.726591836734694,0.860969387755102,98
quadratic_top1,frequency,0.136,0.7267755102040817,0.860969387755102,98
quadratic_top1,frequency,0.138,0.7269591836734695,0.860969387755102,98
quadratic_top1,frequency,0.14,0.7271428571428572,0.860969387755102,98
quadratic_top1,frequency,0.14200000000000002,0.727326530612245,0.860969387755102,98
quadratic_top1,frequency,0.14400000000000002,0.7275102040816326,0.860969387755102,98
quadratic_top1,frequency,0.146,0.7276938775510203,0.860969387755102,98
quadratic_top1,frequency,0.148,0.7278775510204083,0.860969387755102,98
quadratic_top1,frequency,0.15,0.7280612244897958,0.860969387755102,98
quadratic_top1,frequency,0.152,0.7282448979591836,0.860969387755102,98
quadratic_top1,frequency,0.154,0.7284285714285714,0.860969387755102,98
quadratic_top1,frequency,0.156,0.7286122448979592,0.860969387755102,98
quadratic_top1,frequency,0.158,0.7287959183673469,0.860969387755102,98
quadratic_top1,frequency,0.16,0.7289795918367347,0.860969387755102,98
quadratic_top1,frequency,0.162,0.7291632653061224,0.860969387755102,98
quadratic_top1,frequency,0.164,0.7293469387755102,0.860969387755102,98
quadratic_top1,frequency,0.166,0.7295306122448979,0.860969387755102,98
quadratic_top1,frequency,0.168,0.7297142857142858,0.860969387755102,98
quadratic_top1,frequency,0.17,0.7298979591836735,0.860969387755102,98
quadratic_top1,frequency,0.17200000000000001,0.7300816326530613,0.860969387755102,98
quadratic_top1,frequency,0.17400000000000002,0.730265306122449,0.860969387755102,98
quadratic_top1,frequency,0.176,0.7304489795918367,0.860969387755102,98
quadratic_top1,frequency,0.178,0.7306326530612245,0.860969387755102,98
quadratic_top1,frequency,0.18,0.7308163265306122,0.860969387755102,98
quadratic_top1,frequency,0.182,0.7310000000000001,0.860969387755102,98
quadratic_top1,frequency,0.184,0.7311836734693878,0.860969387755102,98
quadratic_top1,frequency,0.186,0.7313673469387756,0.860969387755102,98
quadratic_top1,frequency,0.188,0.7315510204081633,0.860969387755102,98
quadratic_top1,frequency,0.19,0.7317346938775511,0.860969387755102,98
quadratic_top1,frequency,0.192,0.7319183673469388,0.860969387755102,98
quadratic_top1,frequency,0.194,0.7321020408163266,0.860969387755102,98
quadratic_top1,frequency,0.196,0.7322857142857144,0.860969387755102,98
quadratic_top1,frequency,0.198,0.7324693877551022,0.860969387755102,98
quadratic_top1,frequency,0.2,0.7326530612244899,0.860969387755102,98
quadratic_top1,frequency,0.202,0.7328367346938777,0.860969387755102,98
quadratic_top1,frequency,0.20400000000000001,0.7330204081632654,0.860969387755102,98
quadratic_top1,frequency,0.20600000000000002,0.7332040816326532,0.860969387755102,98
quadratic_top1,frequency,0.20800000000000002,0.7333877551020408,0.860969387755102,98
quadratic_top1,frequency,0.21,0.7335714285714285,0.860969387755102,98
quadratic_top1,frequency,0.212,0.7337551020408163,0.860969387755102,98
quadratic_top1,frequency,0.214,0.7339387755102039,0.860969387755102,98
quadratic_top1,frequency,0.216,0.7341224489795919,0.860969387755102,98
quadratic_top1,frequency,0.218,0.7343061224489795,0.860969387755102,98
quadratic_top1,frequency,0.22,0.7344897959183673,0.860969387755102,98
quadratic_top1,frequency,0.222,0.7346734693877551,0.860969387755102,98
quadratic_top1,frequency,0.224,0.7348571428571428,0.860969387755102,98
quadratic_top1,frequency,0.226,0.7350408163265305,0.860969387755102,98
quadratic_top1,frequency,0.228,0.7352244897959185,0.860969387755102,98
quadratic_top1,frequency,0.23,0.735408163265306,0.860969387755102,98
quadratic_top1,frequency,0.232,0.7355918367346939,0.860969387755102,98
quadratic_top1,frequency,0.234,0.7357755102040816,0.860969387755102,98
quadratic_top1,frequency,0.23600000000000002,0.7359591836734694,0.860969387755102,98
quadratic_top1,frequency,0.23800000000000002,0.7361428571428571,0.860969387755102,98
quadratic_top1,frequency,0.24,0.7363265306122448,0.860969387755102,98
quadratic_top1,frequency,0.242,0.7365102040816326,0.860969387755102,98
quadratic_top1,frequency,0.244,0.7366938775510203,0.860969387755102,98
quadratic_top1,frequency,0.246,0.7368775510204082,0.860969387755102,98
quadratic_top1,frequency,0.248,0.7370612244897959,0.860969387755102,98
quadratic_top1,frequency,0.25,0.8188775510204082,0.860969387755102,98
quadratic_top1,frequency,0.252,0.8191292517006802,0.860969387755102,98
quadratic_top1,frequency,0.254,0.8193809523809525,0.860969387755102,98
quadratic_top1,frequency,0.256,0.8196326530612246,0.860969387755102,98
quadratic_top1,frequency,0.258,0.8198843537414967,0.860969387755102,98
quadratic_top1,frequency,0.26,0.8201360544217687,0.860969387755102,98
quadratic_top1,frequency,0.262,0.8203877551020408,0.860969387755102,98
quadratic_top1,frequency,0.264,0.8206394557823128,0.860969387755102,98
quadratic_top1,frequency,0.266,0.8208911564625849,0.860969387755102,98
quadratic_top1,frequency,0.268,0.8211428571428572,0.860969387755102,98
quadratic_top1,frequency,0.27,0.8213945578231293,0.860969387755102,98
quadratic_top1,frequency,0.272,0.8216462585034013,0.860969387755102,98
quadratic_top1,frequency,0.274,0.8218979591836737,0.860969387755102,98
quadratic_top1,frequency,0.276,0.8221496598639457,0.860969387755102,98
quadratic_top1,frequency,0.278,0.8224013605442175,0.860969387755102,98
quadratic_top1,frequency,0.28,0.8226530612244899,0.860969387755102,98
quadratic_top1,frequency,0.28200000000000003,0.8229047619047618,0.860969387755102,98
quadratic_top1,frequency,0.28400000000000003,0.8231564625850339,0.860969387755102,98
quadratic_top1,frequency,0.28600000000000003,0.8234081632653063,0.860969387755102,98
quadratic_top1,frequency,0.28800000000000003,0.8236598639455783,0.860969387755102,98
quadratic_top1,frequency,0.29,0.8239115646258504,0.860969387755102,98
quadratic_top1,frequency,0.292,0.8241632653061227,0.860969387755102,98
quadratic_top1,frequency,0.294,0.8244149659863945,0.860969387755102,98
quadratic_top1,frequency,0.296,0.8246666666666665,0.860969387755102,98
quadratic_top1,frequency,0.298,0.8249183673469385,0.860969387755102,98
quadratic_top1,frequency,0.3,0.8251700680272108,0.860969387755102,98
quadratic_top1,frequency,0.302,0.825421768707483,0.860969387755102,98
quadratic_top1,frequency,0.304,0.8256734693877551,0.860969387755102,98
quadratic_top1,frequency,0.306,0.8259251700680275,0.860969387755102,98
quadratic_top1,frequency,0.308,0.8261768707482995,0.860969387755102,98
quadratic_top1,frequency,0.31,0.8264285714285715,0.860969387755102,98
quadratic_top1,frequency,0.312,0.8266802721088435,0.860969387755102,98
quadratic_top1,frequency,0.314,0.8269319727891157,0.860969387755102,98
quadratic_top1,frequency,0.316,0.8271836734693876,0.860969387755102,98
quadratic_top1,frequency,0.318,0.8274353741496598,0.860969387755102,98
quadratic_top1,frequency,0.32,0.8276870748299321,0.860969387755102,98
quadratic_top1,frequency,0.322,0.8279387755102041,0.860969387755102,98
quadratic_top1,frequency,0.324,0.8281904761904765,0.860969387755102,98
quadratic_top1,frequency,0.326,0.8284421768707484,0.860969387755102,98
quadratic_top1,frequency,0.328,0.8286938775510206,0.860969387755102,98
quadratic_top1,frequency,0.33,0.8289455782312923,0.860969387755102,98
quadratic_top1,frequency,0.332,0.8291972789115647,0.860969387755102,98
quadratic_top1,frequency,0.334,0.8294489795918366,0.860969387755102,98
quadratic_top1,frequency,0.336,0.8297006802721086,0.860969387755102,98
quadratic_top1,frequency,0.338,0.8299523809523811,0.860969387755102,98
quadratic_top1,frequency,0.34,0.8302040816326532,0.860969387755102,98
quadratic_top1,frequency,0.342,0.8304557823129252,0.860969387755102,98
quadratic_top1,frequency,0.34400000000000003,0.8307074829931974,0.860969387755102,98
quadratic_top1,frequency,0.34600000000000003,0.8309591836734693,0.860969387755102,98
quadratic_top1,frequency,0.34800000000000003,0.8312108843537415,0.860969387755102,98
quadratic_top1,frequency,0.35000000000000003,0.8314625850340137,0.860969387755102,98
quadratic_top1,frequency,0.352,0.8317142857142855,0.860969387755102,98
quadratic_top1,frequency,0.354,0.8319659863945578,0.860969387755102,98
quadratic_top1,frequency,0.356,0.8322176870748302,0.860969387755102,98
quadratic_top1,frequency,0.358,0.8324693877551023,0.860969387755102,98
quadratic_top1,frequency,0.36,0.8327210884353742,0.860969387755102,98
quadratic_top1,frequency,0.362,0.8329727891156462,0.860969387755102,98
quadratic_top1,frequency,0.364,0.8332244897959182,0.860969387755102,98
quadratic_top1,frequency,0.366,0.8334761904761905,0.860969387755102,98
quadratic_top1,frequency,0.368,0.8337278911564623,0.860969387755102,98
quadratic_top1,frequency,0.37,0.8339795918367345,0.860969387755102,98
quadratic_top1,frequency,0.372,0.8342312925170068,0.860969387755102,98
quadratic_top1,frequency,0.374,0.834482993197279,0.860969387755102,98
quadratic_top1,frequency,0.376,0.8347346938775513,0.860969387755102,98
quadratic_top1,frequency,0.378,0.8349863945578232,0.860969387755102,98
quadratic_top1,frequency,0.38,0.8352380952380953,0.860969387755102,98
quadratic_top1,frequency,0.382,0.8354897959183674,0.860969387755102,98
quadratic_top1,frequency,0.384,0.8357414965986394,0.860969387755102,98
quadratic_top1,frequency,0.386,0.8359931972789113,0.860969387755102,98
quadratic_top1,frequency,0.388,0.8362448979591837,0.860969387755102,98
quadratic_top1,frequency,0.39,0.8364965986394558,0.860969387755102,98
quadratic_top1,frequency,0.392,0.836748299319728,0.860969387755102,98
quadratic_top1,frequency,0.394,0.8369999999999999,0.860969387755102,98
quadratic_top1,frequency,0.396,0.8372517006802722,0.860969387755102,98
quadratic_top1,frequency,0.398,0.8375034013605444,0.860969387755102,98
quadratic_top1,frequency,0.4,0.8377551020408162,0.860969387755102,98
quadratic_top1,frequency,0.402,0.8380068027210885,0.860969387755102,98
quadratic_top1,frequency,0.404,0.8382585034013603,0.860969387755102,98
quadratic_top1,frequency,0.406,0.8385102040816325,0.860969387755102,98
quadratic_top1,frequency,0.40800000000000003,0.8387619047619049,0.860969387755102,98
quadratic_top1,frequency,0.41000000000000003,0.839013605442177,0.860969387755102,98
quadratic_top1,frequency,0.41200000000000003,0.8392653061224489,0.860969387755102,98
quadratic_top1,frequency,0.41400000000000003,0.8395170068027212,0.860969387755102,98
quadratic_top1,frequency,0.41600000000000004,0.839768707482993,0.860969387755102,98
quadratic_top1,frequency,0.418,0.8400204081632652,0.860969387755102,98
quadratic_top1,frequency,0.42,0.8402721088435374,0.860969387755102,98
quadratic_top1,frequency,0.422,0.8405238095238095,0.860969387755102,98
quadratic_top1,frequency,0.424,0.8407755102040815,0.860969387755102,98
quadratic_top1,frequency,0.426,0.8410272108843537,0.860969387755102,98
quadratic_top1,frequency,0.428,0.8412789115646261,0.860969387755102,98
quadratic_top1,frequency,0.43,0.841530612244898,0.860969387755102,98
quadratic_top1,frequency,0.432,0.84178231292517,0.860969387755102,98
quadratic_top1,frequency,0.434,0.842034013605442,0.860969387755102,98
quadratic_top1,frequency,0.436,0.8422857142857141,0.860969387755102,98
quadratic_top1,frequency,0.438,0.8425374149659861,0.860969387755102,98
quadratic_top1,frequency,0.44,0.8427891156462585,0.860969387755102,98
quadratic_top1,frequency,0.442,0.8430408163265306,0.860969387755102,98
quadratic_top1,frequency,0.444,0.8432925170068027,0.860969387755102,98
quadratic_top1,frequency,0.446,0.8435442176870751,0.860969387755102,98
quadratic_top1,frequency,0.448,0.843795918367347,0.860969387755102,98
quadratic_top1,frequency,0.45,0.844047619047619,0.860969387755102,98
quadratic_top1,frequency,0.452,0.8442993197278911,0.860969387755102,98
quadratic_top1,frequency,0.454,0.8445510204081632,0.860969387755102,98
quadratic_top1,frequency,0.456,0.8448027210884352,0.860969387755102,98
quadratic_top1,frequency,0.458,0.8450544217687073,0.860969387755102,98
quadratic_top1,frequency,0.46,0.8453061224489796,0.860969387755102,98
quadratic_top1,frequency,0.462,0.8455578231292519,0.860969387755102,98
quadratic_top1,frequency,0.464,0.8458095238095238,0.860969387755102,98
quadratic_top1,frequency,0.466,0.846061224489796,0.860969387755102,98
quadratic_top1,frequency,0.468,0.8463129251700678,0.860969387755102,98
quadratic_top1,frequency,0.47000000000000003,0.8465646258503399,0.860969387755102,98
quadratic_top1,frequency,0.47200000000000003,0.8468163265306122,0.860969387755102,98
quadratic_top1,frequency,0.47400000000000003,0.8470680272108843,0.860969387755102,98
quadratic_top1,frequency,0.47600000000000003,0.8473197278911564,0.860969387755102,98
quadratic_top1,frequency,0.47800000000000004,0.8475714285714286,0.860969387755102,98
quadratic_top1,frequency,0.48,0.8478231292517008,0.860969387755102,98
quadratic_top1,frequency,0.482,0.8480748299319728,0.860969387755102,98
quadratic_top1,frequency,0.484,0.8483265306122452,0.860969387755102,98
quadratic_top1,frequency,0.486,0.8485782312925169,0.860969387755102,98
quadratic_top1,frequency,0.488,0.848829931972789,0.860969387755102,98
quadratic_top1,frequency,0.49,0.849081632653061,0.860969387755102,98
quadratic_top1,frequency,0.492,0.8493333333333334,0.860969387755102,98
quadratic_top1,frequency,0.494,0.8495850340136054,0.860969387755102,98
quadratic_top1,frequency,0.496,0.8498367346938774,0.860969387755102,98
quadratic_top1,frequency,0.498,0.8500884353741498,0.860969387755102,98
quadratic_top1,frequency,0.5,0.8962585034013606,0.860969387755102,98
quadratic_top1,frequency,0.502,0.8966122448979594,0.860969387755102,98
quadratic_top1,frequency,0.504,0.8969659863945576,0.860969387755102,98
quadratic_top1,frequency,0.506,0.8973197278911564,0.860969387755102,98
quadratic_top1,frequency,0.508,0.8976734693877552,0.860969387755102,98
quadratic_top1,frequency,0.51,0.8980272108843536,0.860969387755102,98
quadratic_top1,frequency,0.512,0.8983809523809525,0.860969387755102,98
quadratic_top1,frequency,0.514,0.8987346938775512,0.860969387755102,98
quadratic_top1,frequency,0.516,0.8990884353741496,0.860969387755102,98
quadratic_top1,frequency,0.518,0.8994421768707486,0.860969387755102,98
quadratic_top1,frequency,0.52,0.8997959183673473,0.860969387755102,98
quadratic_top1,frequency,0.522,0.9001496598639454,0.860969387755102,98
quadratic_top1,frequency,0.524,0.9005034013605443,0.860969387755102,98
quadratic_top1,frequency,0.526,0.9008571428571429,0.860969387755102,98
quadratic_top1,frequency,0.528,0.9012108843537414,0.860969387755102,98
quadratic_top1,frequency,0.53,0.9015646258503404,0.860969387755102,98
quadratic_top1,frequency,0.532,0.9019183673469386,0.860969387755102,98
quadratic_top1,frequency,0.534,0.9022721088435374,0.860969387755102,98
quadratic_top1,frequency,0.536,0.9026258503401362,0.860969387755102,98
quadratic_top1,frequency,0.538,0.9029795918367343,0.860969387755102,98
quadratic_top1,frequency,0.54,0.9033333333333332,0.860969387755102,98
quadratic_top1,frequency,0.542,0.9036870748299322,0.860969387755102,98
quadratic_top1,frequency,0.544,0.9040408163265303,0.860969387755102,98
quadratic_top1,frequency,0.546,0.9043945578231293,0.860969387755102,98
quadratic_top1,frequency,0.548,0.9047482993197281,0.860969387755102,98
quadratic_top1,frequency,0.55,0.9051020408163264,0.860969387755102,98
quadratic_top1,frequency,0.552,0.905455782312925,0.860969387755102,98
quadratic_top1,frequency,0.554,0.905809523809524,0.860969387755102,98
quadratic_top1,frequency,0.556,0.9061632653061222,0.860969387755102,98
quadratic_top1,frequency,0.558,0.9065170068027211,0.860969387755102,98
quadratic_top1,frequency,0.56,0.9068707482993198,0.860969387755102,98
quadratic_top1,frequency,0.562,0.9072244897959182,0.860969387755102,98
quadratic_top1,frequency,0.5640000000000001,0.907578231292517,0.860969387755102,98
quadratic_top1,frequency,0.5660000000000001,0.9079319727891157,0.860969387755102,98
quadratic_top1,frequency,0.5680000000000001,0.9082857142857143,0.860969387755102,98
quadratic_top1,frequency,0.5700000000000001,0.908639455782313,0.860969387755102,98
quadratic_top1,frequency,0.5720000000000001,0.9089931972789118,0.860969387755102,98
quadratic_top1,frequency,0.5740000000000001,0.9093469387755101,0.860969387755102,98
quadratic_top1,frequency,0.5760000000000001,0.9097006802721089,0.860969387755102,98
quadratic_top1,frequency,0.578,0.9100544217687077,0.860969387755102,98
quadratic_top1,frequency,0.58,0.9104081632653058,0.860969387755102,98
quadratic_top1,frequency,0.582,0.9107619047619048,0.860969387755102,98
quadratic_top1,frequency,0.584,0.9111156462585037,0.860969387755102,98
quadratic_top1,frequency,0.586,0.9114693877551019,0.860969387755102,98
quadratic_top1,frequency,0.588,0.9118231292517008,0.860969387755102,98
quadratic_top1,frequency,0.59,0.9121768707482995,0.860969387755102,98
quadratic_top1,frequency,0.592,0.9125306122448977,0.860969387755102,98
quadratic_top1,frequency,0.594,0.9128843537414966,0.860969387755102,98
quadratic_top1,frequency,0.596,0.913238095238095,0.860969387755102,98
quadratic_top1,frequency,0.598,0.9135918367346937,0.860969387755102,98
quadratic_top1,frequency,0.6,0.9139455782312926,0.860969387755102,98
quadratic_top1,frequency,0.602,0.9142993197278911,0.860969387755102,98
quadratic_top1,frequency,0.604,0.9146530612244897,0.860969387755102,98
quadratic_top1,frequency,0.606,0.9150068027210887,0.860969387755102,98
quadratic_top1,frequency,0.608,0.9153605442176868,0.860969387755102,98
quadratic_top1,frequency,0.61,0.9157142857142855,0.860969387755102,98
quadratic_top1,frequency,0.612,0.9160680272108843,0.860969387755102,98
quadratic_top1,frequency,0.614,0.9164217687074828,0.860969387755102,98
quadratic_top1,frequency,0.616,0.9167755102040815,0.860969387755102,98
quadratic_top1,frequency,0.618,0.9171292517006805,0.860969387755102,98
quadratic_top1,frequency,0.62,0.9174829931972789,0.860969387755102,98
quadratic_top1,frequency,0.622,0.9178367346938776,0.860969387755102,98
quadratic_top1,frequency,0.624,0.9181904761904764,0.860969387755102,98
quadratic_top1,frequency,0.626,0.9185442176870746,0.860969387755102,98
quadratic_top1,frequency,0.628,0.9188979591836733,0.860969387755102,98
quadratic_top1,frequency,0.63,0.9192517006802722,0.860969387755102,98
quadratic_top1,frequency,0.632,0.9196054421768706,0.860969387755102,98
quadratic_top1,frequency,0.634,0.9199591836734694,0.860969387755102,98
quadratic_top1,frequency,0.636,0.9203129251700682,0.860969387755102,98
quadratic_top1,frequency,0.638,0.9206666666666665,0.860969387755102,98
quadratic_top1,frequency,0.64,0.9210204081632655,0.860969387755102,98
quadratic_top1,frequency,0.642,0.9213741496598643,0.860969387755102,98
quadratic_top1,frequency,0.644,0.9217278911564624,0.860969387755102,98
quadratic_top1,frequency,0.646,0.9220816326530613,0.860969387755102,98
quadratic_top1,frequency,0.648,0.9224353741496599,0.860969387755102,98
quadratic_top1,frequency,0.65,0.9227891156462584,0.860969387755102,98
quadratic_top1,frequency,0.652,0.9231428571428574,0.860969387755102,98
quadratic_top1,frequency,0.654,0.9234965986394561,0.860969387755102,98
quadratic_top1,frequency,0.656,0.9238503401360543,0.860969387755102,98
quadratic_top1,frequency,0.658,0.9242040816326532,0.860969387755102,98
quadratic_top1,frequency,0.66,0.9245578231292513,0.860969387755102,98
quadratic_top1,frequency,0.662,0.9249115646258502,0.860969387755102,98
quadratic_top1,frequency,0.664,0.9252653061224492,0.860969387755102,98
quadratic_top1,frequency,0.666,0.9256190476190473,0.860969387755102,98
quadratic_top1,frequency,0.668,0.9259727891156463,0.860969387755102,98
quadratic_top1,frequency,0.67,0.9263265306122452,0.860969387755102,98
quadratic_top1,frequency,0.672,0.9266802721088434,0.860969387755102,98
quadratic_top1,frequency,0.674,0.927034013605442,0.860969387755102,98
quadratic_top1,frequency,0.676,0.927387755102041,0.860969387755102,98
quadratic_top1,frequency,0.678,0.9277414965986391,0.860969387755102,98
quadratic_top1,frequency,0.68,0.9280952380952381,0.860969387755102,98
quadratic_top1,frequency,0.682,0.9284489795918367,0.860969387755102,98
quadratic_top1,frequency,0.684,0.9288027210884352,0.860969387755102,98
quadratic_top1,frequency,0.686,0.929156462585034,0.860969387755102,98
quadratic_top1,frequency,0.6880000000000001,0.9295102040816328,0.860969387755102,98
quadratic_top1,frequency,0.6900000000000001,0.9298639455782313,0.860969387755102,98
quadratic_top1,frequency,0.6920000000000001,0.9302176870748299,0.860969387755102,98
quadratic_top1,frequency,0.6940000000000001,0.9305714285714288,0.860969387755102,98
quadratic_top1,frequency,0.6960000000000001,0.930925170068027,0.860969387755102,98
quadratic_top1,frequency,0.6980000000000001,0.9312789115646259,0.860969387755102,98
quadratic_top1,frequency,0.7000000000000001,0.9316326530612246,0.860969387755102,98
quadratic_top1,frequency,0.7020000000000001,0.9319863945578231,0.860969387755102,98
quadratic_top1,frequency,0.704,0.9323401360544218,0.860969387755102,98
quadratic_top1,frequency,0.706,0.9326938775510206,0.860969387755102,98
quadratic_top1,frequency,0.708,0.9330476190476189,0.860969387755102,98
quadratic_top1,frequency,0.71,0.9334013605442177,0.860969387755102,98
quadratic_top1,frequency,0.712,0.9337551020408167,0.860969387755102,98
quadratic_top1,frequency,0.714,0.9341088435374147,0.860969387755102,98
quadratic_top1,frequency,0.716,0.9344625850340137,0.860969387755102,98
quadratic_top1,frequency,0.718,0.9348163265306123,0.860969387755102,98
quadratic_top1,frequency,0.72,0.9351700680272107,0.860969387755102,98
quadratic_top1,frequency,0.722,0.9355238095238096,0.860969387755102,98
quadratic_top1,frequency,0.724,0.9358775510204081,0.860969387755102,98
quadratic_top1,frequency,0.726,0.9362312925170068,0.860969387755102,98
quadratic_top1,frequency,0.728,0.9365850340136057,0.860969387755102,98
quadratic_top1,frequency,0.73,0.9369387755102038,0.860969387755102,98
quadratic_top1,frequency,0.732,0.9372925170068025,0.860969387755102,98
quadratic_top1,frequency,0.734,0.9376462585034014,0.860969387755102,98
quadratic_top1,frequency,0.736,0.9379999999999997,0.860969387755102,98
quadratic_top1,frequency,0.738,0.9383537414965986,0.860969387755102,98
quadratic_top1,frequency,0.74,0.9387074829931975,0.860969387755102,98
quadratic_top1,frequency,0.742,0.9390612244897958,0.860969387755102,98
quadratic_top1,frequency,0.744,0.9394149659863946,0.860969387755102,98
quadratic_top1,frequency,0.746,0.9397687074829933,0.860969387755102,98
quadratic_top1,frequency,0.748,0.9401224489795916,0.860969387755102,98
quadratic_top1,frequency,0.75,0.95578231292517,0.860969387755102,98
quadratic_top1,frequency,0.752,0.9559319727891156,0.860969387755102,98
quadratic_top1,frequency,0.754,0.9560816326530612,0.860969387755102,98
quadratic_top1,frequency,0.756,0.9562312925170068,0.860969387755102,98
quadratic_top1,frequency,0.758,0.9563809523809524,0.860969387755102,98
quadratic_top1,frequency,0.76,0.9565306122448981,0.860969387755102,98
quadratic_top1,frequency,0.762,0.9566802721088437,0.860969387755102,98
quadratic_top1,frequency,0.764,0.9568299319727893,0.860969387755102,98
quadratic_top1,frequency,0.766,0.9569795918367346,0.860969387755102,98
quadratic_top1,frequency,0.768,0.9571292517006802,0.860969387755102,98
quadratic_top1,frequency,0.77,0.9572789115646259,0.860969387755102,98
quadratic_top1,frequency,0.772,0.9574285714285714,0.860969387755102,98
quadratic_top1,frequency,0.774,0.9575782312925171,0.860969387755102,98
quadratic_top1,frequency,0.776,0.9577278911564627,0.860969387755102,98
quadratic_top1,frequency,0.778,0.9578775510204082,0.860969387755102,98
quadratic_top1,frequency,0.78,0.9580272108843539,0.860969387755102,98
quadratic_top1,frequency,0.782,0.9581768707482993,0.860969387755102,98
quadratic_top1,frequency,0.784,0.9583265306122448,0.860969387755102,98
quadratic_top1,frequency,0.786,0.9584761904761905,0.860969387755102,98
quadratic_top1,frequency,0.788,0.9586258503401359,0.860969387755102,98
quadratic_top1,frequency,0.79,0.9587755102040816,0.860969387755102,98
quadratic_top1,frequency,0.792,0.9589251700680274,0.860969387755102,98
quadratic_top1,frequency,0.794,0.9590748299319729,0.860969387755102,98
quadratic_top1,frequency,0.796,0.9592244897959185,0.860969387755102,98
quadratic_top1,frequency,0.798,0.959374149659864,0.860969387755102,98
quadratic_top1,frequency,0.8,0.9595238095238093,0.860969387755102,98
quadratic_top1,frequency,0.802,0.9596734693877551,0.860969387755102,98
quadratic_top1,frequency,0.804,0.9598231292517005,0.860969387755102,98
quadratic_top1,frequency,0.806,0.9599727891156462,0.860969387755102,98
quadratic_top1,frequency,0.808,0.9601224489795919,0.860969387755102,98
quadratic_top1,frequency,0.81,0.9602721088435374,0.860969387755102,98
quadratic_top1,frequency,0.812,0.9604217687074831,0.860969387755102,98
quadratic_top1,frequency,0.8140000000000001,0.9605714285714285,0.860969387755102,98
quadratic_top1,frequency,0.8160000000000001,0.9607210884353743,0.860969387755102,98
quadratic_top1,frequency,0.8180000000000001,0.9608707482993196,0.860969387755102,98
quadratic_top1,frequency,0.8200000000000001,0.9610204081632654,0.860969387755102,98
quadratic_top1,frequency,0.8220000000000001,0.9611700680272108,0.860969387755102,98
quadratic_top1,frequency,0.8240000000000001,0.9613197278911565,0.860969387755102,98
quadratic_top1,frequency,0.8260000000000001,0.961469387755102,0.860969387755102,98
quadratic_top1,frequency,0.8280000000000001,0.9616190476190477,0.860969387755102,98
quadratic_top1,frequency,0.8300000000000001,0.9617687074829933,0.860969387755102,98
quadratic_top1,frequency,0.8320000000000001,0.9619183673469388,0.860969387755102,98
quadratic_top1,frequency,0.834,0.9620680272108846,0.860969387755102,98
quadratic_top1,frequency,0.836,0.9622176870748297,0.860969387755102,98
quadratic_top1,frequency,0.838,0.9623673469387755,0.860969387755102,98
quadratic_top1,frequency,0.84,0.962517006802721,0.860969387755102,98
quadratic_top1,frequency,0.842,0.9626666666666666,0.860969387755102,98
quadratic_top1,frequency,0.844,0.9628163265306123,0.860969387755102,98
quadratic_top1,frequency,0.846,0.9629659863945578,0.860969387755102,98
quadratic_top1,frequency,0.848,0.9631156462585034,0.860969387755102,98
quadratic_top1,frequency,0.85,0.963265306122449,0.860969387755102,98
quadratic_top1,frequency,0.852,0.9634149659863943,0.860969387755102,98
quadratic_top1,frequency,0.854,0.96356462585034,0.860969387755102,98
quadratic_top1,frequency,0.856,0.9637142857142856,0.860969387755102,98
quadratic_top1,frequency,0.858,0.9638639455782312,0.860969387755102,98
quadratic_top1,frequency,0.86,0.9640136054421768,0.860969387755102,98
quadratic_top1,frequency,0.862,0.9641632653061224,0.860969387755102,98
quadratic_top1,frequency,0.864,0.9643129251700681,0.860969387755102,98
quadratic_top1,frequency,0.866,0.9644625850340137,0.860969387755102,98
quadratic_top1,frequency,0.868,0.9646122448979593,0.860969387755102,98
quadratic_top1,frequency,0.87,0.9647619047619046,0.860969387755102,98
quadratic_top1,frequency,0.872,0.9649115646258503,0.860969387755102,98
quadratic_top1,frequency,0.874,0.9650612244897958,0.860969387755102,98
quadratic_top1,frequency,0.876,0.9652108843537415,0.860969387755102,98
quadratic_top1,frequency,0.878,0.9653605442176871,0.860969387755102,98
quadratic_top1,frequency,0.88,0.9655102040816327,0.860969387755102,98
quadratic_top1,frequency,0.882,0.9656598639455783,0.860969387755102,98
quadratic_top1,frequency,0.884,0.9658095238095239,0.860969387755102,98
quadratic_top1,frequency,0.886,0.9659591836734696,0.860969387755102,98
quadratic_top1,frequency,0.888,0.9661088435374149,0.860969387755102,98
quadratic_top1,frequency,0.89,0.9662585034013604,0.860969387755102,98
quadratic_top1,frequency,0.892,0.9664081632653061,0.860969387755102,98
quadratic_top1,frequency,0.894,0.9665578231292518,0.860969387755102,98
quadratic_top1,frequency,0.896,0.9667074829931973,0.860969387755102,98
quadratic_top1,frequency,0.898,0.966857142857143,0.860969387755102,98
quadratic_top1,frequency,0.9,0.9670068027210884,0.860969387755102,98
quadratic_top1,frequency,0.902,0.9671564625850342,0.860969387755102,98
quadratic_top1,frequency,0.904,0.9673061224489798,0.860969387755102,98
quadratic_top1,frequency,0.906,0.9674557823129252,0.860969387755102,98
quadratic_top1,frequency,0.908,0.9676054421768707,0.860969387755102,98
quadratic_top1,frequency,0.91,0.9677551020408162,0.860969387755102,98
quadratic_top1,frequency,0.912,0.9679047619047618,0.860969387755102,98
quadratic_top1,frequency,0.914,0.9680544217687076,0.860969387755102,98
quadratic_top1,frequency,0.916,0.9682040816326533,0.860969387755102,98
quadratic_top1,frequency,0.918,0.9683537414965987,0.860969387755102,98
quadratic_top1,frequency,0.92,0.9685034013605442,0.860969387755102,98
quadratic_top1,frequency,0.922,0.9686530612244896,0.860969387755102,98
quadratic_top1,frequency,0.924,0.9688027210884353,0.860969387755102,98
quadratic_top1,frequency,0.926,0.9689523809523809,0.860969387755102,98
quadratic_top1,frequency,0.928,0.9691020408163264,0.860969387755102,98
quadratic_top1,frequency,0.93,0.9692517006802721,0.860969387755102,98
quadratic_top1,frequency,0.932,0.9694013605442177,0.860969387755102,98
quadratic_top1,frequency,0.934,0.9695510204081633,0.860969387755102,98
quadratic_top1,frequency,0.936,0.9697006802721088,0.860969387755102,98
quadratic_top1,frequency,0.9380000000000001,0.9698503401360545,0.860969387755102,98
quadratic_top1,frequency,0.9400000000000001,0.9699999999999999,0.860969387755102,98
quadratic_top1,frequency,0.9420000000000001,0.9701496598639456,0.860969387755102,98
quadratic_top1,frequency,0.9440000000000001,0.9702993197278911,0.860969387755102,98
quadratic_top1,frequency,0.9460000000000001,0.9704489795918367,0.860969387755102,98
quadratic_top1,frequency,0.9480000000000001,0.9705986394557824,0.860969387755102,98
quadratic_top1,frequency,0.9500000000000001,0.970748299319728,0.860969387755102,98
quadratic_top1,frequency,0.9520000000000001,0.9708979591836736,0.860969387755102,98
quadratic_top1,frequency,0.9540000000000001,0.971047619047619,0.860969387755102,98
quadratic_top1,frequency,0.9560000000000001,0.9711972789115648,0.860969387755102,98
quadratic_top1,frequency,0.9580000000000001,0.97134693877551,0.860969387755102,98
quadratic_top1,frequency,0.96,0.9714965986394557,0.860969387755102,98
quadratic_top1,frequency,0.962,0.9716462585034013,0.860969387755102,98
quadratic_top1,frequency,0.964,0.9717959183673468,0.860969387755102,98
quadratic_top1,frequency,0.966,0.9719455782312926,0.860969387755102,98
quadratic_top1,frequency,0.968,0.9720952380952382,0.860969387755102,98
quadratic_top1,frequency,0.97,0.9722448979591837,0.860969387755102,98
quadratic_top1,frequency,0.972,0.9723945578231293,0.860969387755102,98
quadratic_top1,frequency,0.974,0.9725442176870747,0.860969387755102,98
quadratic_top1,frequency,0.976,0.9726938775510202,0.860969387755102,98
quadratic_top1,frequency,0.978,0.972843537414966,0.860969387755102,98
quadratic_top1,frequency,0.98,0.9729931972789114,0.860969387755102,98
quadratic_top1,frequency,0.982,0.9731428571428571,0.860969387755102,98
quadratic_top1,frequency,0.984,0.9732925170068027,0.860969387755102,98
quadratic_top1,frequency,0.986,0.9734421768707483,0.860969387755102,98
quadratic_top1,frequency,0.988,0.973591836734694,0.860969387755102,98
quadratic_top1,frequency,0.99,0.9737414965986395,0.860969387755102,98
quadratic_top1,frequency,0.992,0.9738911564625848,0.860969387755102,98
quadratic_top1,frequency,0.994,0.9740408163265305,0.860969387755102,98
quadratic_top1,frequency,0.996,0.9741904761904762,0.860969387755102,98
quadratic_top1,frequency,0.998,0.9743401360544217,0.860969387755102,98
quadratic_top1,frequency,1.0,1.0,0.860969387755102,98
quadratic_soft,network,0.0,0.79,0.9125,100
quadratic_soft,network,0.002,0.79,0.9125,100
quadratic_soft,network,0.004,0.79,0.9125,100
quadratic_soft,network,0.006,0.79,0.9125,100
quadratic_soft,network,0.008,0.79,0.9125,100
quadratic_soft,network,0.01,0.79,0.9125,100
quadratic_soft,network,0.012,0.79,0.9125,100
quadratic_soft,network,0.014,0.79,0.9125,100
quadratic_soft,network,0.016,0.79,0.9125,100
quadratic_soft,network,0.018000000000000002,0.79,0.9125,100
quadratic_soft,network,0.02,0.79,0.9125,100
quadratic_soft,network,0.022,0.79,0.9125,100
quadratic_soft,network,0.024,0.79,0.9125,100
quadratic_soft,network,0.026000000000000002,0.79,0.9125,100
quadratic_soft,network,0.028,0.79,0.9125,100
quadratic_soft,network,0.03,0.79,0.9125,100
quadratic_soft,network,0.032,0.79,0.9125,100
quadratic_soft,network,0.034,0.79,0.9125,100
quadratic_soft,network,0.036000000000000004,0.79,0.9125,100
quadratic_soft,network,0.038,0.79,0.9125,100
quadratic_soft,network,0.04,0.79,0.9125,100
quadratic_soft,network,0.042,0.79,0.9125,100
quadratic_soft,network,0.044,0.79,0.9125,100
quadratic_soft,network,0.046,0.79,0.9125,100
quadratic_soft,network,0.048,0.79,0.9125,100
quadratic_soft,network,0.05,0.79,0.9125,100
quadratic_soft,network,0.052000000000000005,0.79,0.9125,100
quadratic_soft,network,0.054,0.79,0.9125,100
quadratic_soft,network,0.056,0.79,0.9125,100
quadratic_soft,network,0.058,0.79,0.9125,100
quadratic_soft,network,0.06,0.79,0.9125,100
quadratic_soft,network,0.062,0.79,0.9125,100
quadratic_soft,network,0.064,0.79,0.9125,100
quadratic_soft,network,0.066,0.79,0.9125,100
quadratic_soft,network,0.068,0.79,0.9125,100
quadratic_soft,network,0.07,0.79,0.9125,100
quadratic_soft,network,0.07200000000000001,0.79,0.9125,100
quadratic_soft,network,0.074,0.79,0.9125,100
quadratic_soft,network,0.076,0.79,0.9125,100
quadratic_soft,network,0.078,0.79,0.9125,100
quadratic_soft,network,0.08,0.79,0.9125,100
quadratic_soft,network,0.082,0.79,0.9125,100
quadratic_soft,network,0.084,0.79,0.9125,100
quadratic_soft,network,0.08600000000000001,0.79,0.9125,100
quadratic_soft,network,0.088,0.79,0.9125,100
quadratic_soft,network,0.09,0.79,0.9125,100
quadratic_soft,network,0.092,0.79,0.9125,100
quadratic_soft,network,0.094,0.79,0.9125,100
quadratic_soft,network,0.096,0.79,0.9125,100
quadratic_soft,network,0.098,0.79,0.9125,100
quadratic_soft,network,0.1,0.79,0.9125,100
quadratic_soft,network,0.10200000000000001,0.79,0.9125,100
quadratic_soft,network,0.10400000000000001,0.79,0.9125,100
quadratic_soft,network,0.106,0.79,0.9125,100
quadratic_soft,network,0.108,0.79,0.9125,100
quadratic_soft,network,0.11,0.79,0.9125,100
quadratic_soft,network,0.112,0.79,0.9125,100
quadratic_soft,network,0.114,0.79,0.9125,100
quadratic_soft,network,0.116,0.79,0.9125,100
quadratic_soft,network,0.11800000000000001,0.79,0.9125,100
quadratic_soft,network,0.12,0.79,0.9125,100
quadratic_soft,network,0.122,0.79,0.9125,100
quadratic_soft,network,0.124,0.79,0.9125,100
quadratic_soft,network,0.126,0.79,0.9125,100
quadratic_soft,network,0.128,0.79,0.9125,100
quadratic_soft,network,0.13,0.79,0.9125,100
quadratic_soft,network,0.132,0.79,0.9125,100
quadratic_soft,network,0.134,0.79,0.9125,100
quadratic_soft,network,0.136,0.79,0.9125,100
quadratic_soft,network,0.138,0.79,0.9125,100
quadratic_soft,network,0.14,0.79,0.9125,100
quadratic_soft,network,0.14200000000000002,0.79,0.9125,100
quadratic_soft,network,0.14400000000000002,0.79,0.9125,100
quadratic_soft,network,0.146,0.79,0.9125,100
quadratic_soft,network,0.148,0.79,0.9125,100
quadratic_soft,network,0.15,0.79,0.9125,100
quadratic_soft,network,0.152,0.79,0.9125,100
quadratic_soft,network,0.154,0.79,0.9125,100
quadratic_soft,network,0.156,0.79,0.9125,100
quadratic_soft,network,0.158,0.79,0.9125,100
quadratic_soft,network,0.16,0.79,0.9125,100
quadratic_soft,network,0.162,0.79,0.9125,100
quadratic_soft,network,0.164,0.79,0.9125,100
quadratic_soft,network,0.166,0.79,0.9125,100
quadratic_soft,network,0.168,0.79,0.9125,100
quadratic_soft,network,0.17,0.79,0.9125,100
quadratic_soft,network,0.17200000000000001,0.79,0.9125,100
quadratic_soft,network,0.17400000000000002,0.79,0.9125,100
quadratic_soft,network,0.176,0.79,0.9125,100
quadratic_soft,network,0.178,0.79,0.9125,100
quadratic_soft,network,0.18,0.79,0.9125,100
quadratic_soft,network,0.182,0.79,0.9125,100
quadratic_soft,network,0.184,0.79,0.9125,100
quadratic_soft,network,0.186,0.79,0.9125,100
quadratic_soft,network,0.188,0.79,0.9125,100
quadratic_soft,network,0.19,0.79,0.9125,100
quadratic_soft,network,0.192,0.79,0.9125,100
quadratic_soft,network,0.194,0.79,0.9125,100
quadratic_soft,network,0.196,0.79,0.9125,100
quadratic_soft,network,0.198,0.79,0.9125,100
quadratic_soft,network,0.2,0.79,0.9125,100
quadratic_soft,network,0.202,0.79,0.9125,100
quadratic_soft,network,0.20400000000000001,0.79,0.9125,100
quadratic_soft,network,0.20600000000000002,0.79,0.9125,100
quadratic_soft,network,0.20800000000000002,0.79,0.9125,100
quadratic_soft,network,0.21,0.79,0.9125,100
quadratic_soft,network,0.212,0.79,0.9125,100
quadratic_soft,network,0.214,0.79,0.9125,100
quadratic_soft,network,0.216,0.79,0.9125,100
quadratic_soft,network,0.218,0.79,0.9125,100
quadratic_soft,network,0.22,0.79,0.9125,100
quadratic_soft,network,0.222,0.79,0.9125,100
quadratic_soft,network,0.224,0.79,0.9125,100
quadratic_soft,network,0.226,0.79,0.9125,100
quadratic_soft,network,0.228,0.79,0.9125,100
quadratic_soft,network,0.23,0.79,0.9125,100
quadratic_soft,network,0.232,0.79,0.9125,100
quadratic_soft,network,0.234,0.79,0.9125,100
quadratic_soft,network,0.23600000000000002,0.79,0.9125,100
quadratic_soft,network,0.23800000000000002,0.79,0.9125,100
quadratic_soft,network,0.24,0.79,0.9125,100
quadratic_soft,network,0.242,0.79,0.9125,100
quadratic_soft,network,0.244,0.79,0.9125,100
quadratic_soft,network,0.246,0.79,0.9125,100
quadratic_soft,network,0.248,0.79,0.9125,100
quadratic_soft,network,0.25,0.905,0.9125,100
quadratic_soft,network,0.252,0.905,0.9125,100
quadratic_soft,network,0.254,0.905,0.9125,100
quadratic_soft,network,0.256,0.905,0.9125,100
quadratic_soft,network,0.258,0.905,0.9125,100
quadratic_soft,network,0.26,0.905,0.9125,100
quadratic_soft,network,0.262,0.905,0.9125,100
quadratic_soft,network,0.264,0.905,0.9125,100
quadratic_soft,network,0.266,0.905,0.9125,100
quadratic_soft,network,0.268,0.905,0.9125,100
quadratic_soft,network,0.27,0.905,0.9125,100
quadratic_soft,network,0.272,0.905,0.9125,100
quadratic_soft,network,0.274,0.905,0.9125,100
quadratic_soft,network,0.276,0.905,0.9125,100
quadratic_soft,network,0.278,0.905,0.9125,100
quadratic_soft,network,0.28,0.905,0.9125,100
quadratic_soft,network,0.28200000000000003,0.905,0.9125,100
quadratic_soft,network,0.28400000000000003,0.905,0.9125,100
quadratic_soft,network,0.28600000000000003,0.905,0.9125,100
quadratic_soft,network,0.28800000000000003,0.905,0.9125,100
quadratic_soft,network,0.29,0.905,0.9125,100
quadratic_soft,network,0.292,0.905,0.9125,100
quadratic_soft,network,0.294,0.905,0.9125,100
quadratic_soft,network,0.296,0.905,0.9125,100
quadratic_soft,network,0.298,0.905,0.9125,100
quadratic_soft,network,0.3,0.905,0.9125,100
quadratic_soft,network,0.302,0.905,0.9125,100
quadratic_soft,network,0.304,0.905,0.9125,100
quadratic_soft,network,0.306,0.905,0.9125,100
quadratic_soft,network,0.308,0.905,0.9125,100
quadratic_soft,network,0.31,0.905,0.9125,100
quadratic_soft,network,0.312,0.905,0.9125,100
quadratic_soft,network,0.314,0.905,0.9125,100
quadratic_soft,network,0.316,0.905,0.9125,100
quadratic_soft,network,0.318,0.905,0.9125,100
quadratic_soft,network,0.32,0.905,0.9125,100
quadratic_soft,network,0.322,0.905,0.9125,100
quadratic_soft,network,0.324,0.905,0.9125,100
quadratic_soft,network,0.326,0.905,0.9125,100
quadratic_soft,network,0.328,0.905,0.9125,100
quadratic_soft,network,0.33,0.905,0.9125,100
quadratic_soft,network,0.332,0.905,0.9125,100
quadratic_soft,network,0.334,0.905,0.9125,100
quadratic_soft,network,0.336,0.905,0.9125,100
quadratic_soft,network,0.338,0.905,0.9125,100
quadratic_soft,network,0.34,0.905,0.9125,100
quadratic_soft,network,0.342,0.905,0.9125,100
quadratic_soft,network,0.34400000000000003,0.905,0.9125,100
quadratic_soft,network,0.34600000000000003,0.905,0.9125,100
quadratic_soft,network,0.34800000000000003,0.905,0.9125,100
quadratic_soft,network,0.35000000000000003,0.905,0.9125,100
quadratic_soft,network,0.352,0.905,0.9125,100
quadratic_soft,network,0.354,0.905,0.9125,100
quadratic_soft,network,0.356,0.905,0.9125,100
quadratic_soft,network,0.358,0.905,0.9125,100
quadratic_soft,network,0.36,0.905,0.9125,100
quadratic_soft,network,0.362,0.905,0.9125,100
quadratic_soft,network,0.364,0.905,0.9125,100
quadratic_soft,network,0.366,0.905,0.9125,100
quadratic_soft,network,0.368,0.905,0.9125,100
quadratic_soft,network,0.37,0.905,0.9125,100
quadratic_soft,network,0.372,0.905,0.9125,100
quadratic_soft,network,0.374,0.905,0.9125,100
quadratic_soft,network,0.376,0.905,0.9125,100
quadratic_soft,network,0.378,0.905,0.9125,100
quadratic_soft,network,0.38,0.905,0.9125,100
quadratic_soft,network,0.382,0.905,0.9125,100
quadratic_soft,network,0.384,0.905,0.9125,100
quadratic_soft,network,0.386,0.905,0.9125,100
quadratic_soft,network,0.388,0.905,0.9125,100
quadratic_soft,network,0.39,0.905,0.9125,100
quadratic_soft,network,0.392,0.905,0.9125,100
quadratic_soft,network,0.394,0.905,0.9125,100
quadratic_soft,network,0.396,0.905,0.9125,100
quadratic_soft,network,0.398,0.905,0.9125,100
quadratic_soft,network,0.4,0.905,0.9125,100
quadratic_soft,network,0.402,0.905,0.9125,100
quadratic_soft,network,0.404,0.905,0.9125,100
quadratic_soft,network,0.406,0.905,0.9125,100
quadratic_soft,network,0.40800000000000003,0.905,0.9125,100
quadratic_soft,network,0.41000000000000003,0.905,0.9125,100
quadratic_soft,network,0.41200000000000003,0.905,0.9125,100
quadratic_soft,network,0.41400000000000003,0.905,0.9125,100
quadratic_soft,network,0.41600000000000004,0.905,0.9125,100
quadratic_soft,network,0.418,0.905,0.9125,100
quadratic_soft,network,0.42,0.905,0.9125,100
quadratic_soft,network,0.422,0.905,0.9125,100
quadratic_soft,network,0.424,0.905,0.9125,100
quadratic_soft,network,0.426,0.905,0.9125,100
quadratic_soft,network,0.428,0.905,0.9125,100
quadratic_soft,network,0.43,0.905,0.9125,100
quadratic_soft,network,0.432,0.905,0.9125,100
quadratic_soft,network,0.434,0.905,0.9125,100
quadratic_soft,network,0.436,0.905,0.9125,100
quadratic_soft,network,0.438,0.905,0.9125,100
quadratic_soft,network,0.44,0.905,0.9125,100
quadratic_soft,network,0.442,0.905,0.9125,100
quadratic_soft,network,0.444,0.905,0.9125,100
quadratic_soft,network,0.446,0.905,0.9125,100
quadratic_soft,network,0.448,0.905,0.9125,100
quadratic_soft,network,0.45,0.905,0.9125,100
quadratic_soft,network,0.452,0.905,0.9125,100
quadratic_soft,network,0.454,0.905,0.9125,100
quadratic_soft,network,0.456,0.905,0.9125,100
quadratic_soft,network,0.458,0.905,0.9125,100
quadratic_soft,network,0.46,0.905,0.9125,100
quadratic_soft,network,0.462,0.905,0.9125,100
quadratic_soft,network,0.464,0.905,0.9125,100
quadratic_soft,network,0.466,0.905,0.9125,100
quadratic_soft,network,0.468,0.905,0.9125,100
quadratic_soft,network,0.47000000000000003,0.905,0.9125,100
quadratic_soft,network,0.47200000000000003,0.905,0.9125,100
quadratic_soft,network,0.47400000000000003,0.905,0.9125,100
quadratic_soft,network,0.47600000000000003,0.905,0.9125,100
quadratic_soft,network,0.47800000000000004,0.905,0.9125,100
quadratic_soft,network,0.48,0.905,0.9125,100
quadratic_soft,network,0.482,0.905,0.9125,100
quadratic_soft,network,0.484,0.905,0.9125,100
quadratic_soft,network,0.486,0.905,0.9125,100
quadratic_soft,network,0.488,0.905,0.9125,100
quadratic_soft,network,0.49,0.905,0.9125,100
quadratic_soft,network,0.492,0.905,0.9125,100
quadratic_soft,network,0.494,0.905,0.9125,100
quadratic_soft,network,0.496,0.905,0.9125,100
quadratic_soft,network,0.498,0.905,0.9125,100
quadratic_soft,network,0.5,0.965,0.9125,100
quadratic_soft,network,0.502,0.965,0.9125,100
quadratic_soft,network,0.504,0.965,0.9125,100
quadratic_soft,network,0.506,0.965,0.9125,100
quadratic_soft,network,0.508,0.965,0.9125,100
quadratic_soft,network,0.51,0.965,0.9125,100
quadratic_soft,network,0.512,0.965,0.9125,100
quadratic_soft,network,0.514,0.965,0.9125,100
quadratic_soft,network,0.516,0.965,0.9125,100
quadratic_soft,network,0.518,0.965,0.9125,100
quadratic_soft,network,0.52,0.965,0.9125,100
quadratic_soft,network,0.522,0.965,0.9125,100
quadratic_soft,network,0.524,0.965,0.9125,100
quadratic_soft,network,0.526,0.965,0.9125,100
quadratic_soft,network,0.528,0.965,0.9125,100
quadratic_soft,network,0.53,0.965,0.9125,100
quadratic_soft,network,0.532,0.965,0.9125,100
quadratic_soft,network,0.534,0.965,0.9125,100
quadratic_soft,network,0.536,0.965,0.9125,100
quadratic_soft,network,0.538,0.965,0.9125,100
quadratic_soft,network,0.54,0.965,0.9125,100
quadratic_soft,network,0.542,0.965,0.9125,100
quadratic_soft,network,0.544,0.965,0.9125,100
quadratic_soft,network,0.546,0.965,0.9125,100
quadratic_soft,network,0.548,0.965,0.9125,100
quadratic_soft,network,0.55,0.965,0.9125,100
quadratic_soft,network,0.552,0.965,0.9125,100
quadratic_soft,network,0.554,0.965,0.9125,100
quadratic_soft,network,0.556,0.965,0.9125,100
quadratic_soft,network,0.558,0.965,0.9125,100
quadratic_soft,network,0.56,0.965,0.9125,100
quadratic_soft,network,0.562,0.965,0.9125,100
quadratic_soft,network,0.5640000000000001,0.965,0.9125,100
quadratic_soft,network,0.5660000000000001,0.965,0.9125,100
quadratic_soft,network,0.5680000000000001,0.965,0.9125,100
quadratic_soft,network,0.5700000000000001,0.965,0.9125,100
quadratic_soft,network,0.5720000000000001,0.965,0.9125,100
quadratic_soft,network,0.5740000000000001,0.965,0.9125,100
quadratic_soft,network,0.5760000000000001,0.965,0.9125,100
quadratic_soft,network,0.578,0.965,0.9125,100
quadratic_soft,network,0.58,0.965,0.9125,100
quadratic_soft,network,0.582,0.965,0.9125,100
quadratic_soft,network,0.584,0.965,0.9125,100
quadratic_soft,network,0.586,0.965,0.9125,100
quadratic_soft,network,0.588,0.965,0.9125,100
quadratic_soft,network,0.59,0.965,0.9125,100
quadratic_soft,network,0.592,0.965,0.9125,100
quadratic_soft,network,0.594,0.965,0.9125,100
quadratic_soft,network,0.596,0.965,0.9125,100
quadratic_soft,network,0.598,0.965,0.9125,100
quadratic_soft,network,0.6,0.965,0.9125,100
quadratic_soft,network,0.602,0.965,0.9125,100
quadratic_soft,network,0.604,0.965,0.9125,100
quadratic_soft,network,0.606,0.965,0.9125,100
quadratic_soft,network,0.608,0.965,0.9125,100
quadratic_soft,network,0.61,0.965,0.9125,100
quadratic_soft,network,0.612,0.965,0.9125,100
quadratic_soft,network,0.614,0.965,0.9125,100
quadratic_soft,network,0.616,0.965,0.9125,100
quadratic_soft,network,0.618,0.965,0.9125,100
quadratic_soft,network,0.62,0.965,0.9125,100
quadratic_soft,network,0.622,0.965,0.9125,100
quadratic_soft,network,0.624,0.965,0.9125,100
quadratic_soft,network,0.626,0.965,0.9125,100
quadratic_soft,network,0.628,0.965,0.9125,100
quadratic_soft,network,0.63,0.965,0.9125,100
quadratic_soft,network,0.632,0.965,0.9125,100
quadratic_soft,network,0.634,0.965,0.9125,100
quadratic_soft,network,0.636,0.965,0.9125,100
quadratic_soft,network,0.638,0.965,0.9125,100
quadratic_soft,network,0.64,0.965,0.9125,100
quadratic_soft,network,0.642,0.965,0.9125,100
quadratic_soft,network,0.644,0.965,0.9125,100
quadratic_soft,network,0.646,0.965,0.9125,100
quadratic_soft,network,0.648,0.965,0.9125,100
quadratic_soft,network,0.65,0.965,0.9125,100
quadratic_soft,network,0.652,0.965,0.9125,100
quadratic_soft,network,0.654,0.965,0.9125,100
quadratic_soft,network,0.656,0.965,0.9125,100
quadratic_soft,network,0.658,0.965,0.9125,100
quadratic_soft,network,0.66,0.965,0.9125,100
quadratic_soft,network,0.662,0.965,0.9125,100
quadratic_soft,network,0.664,0.965,0.9125,100
quadratic_soft,network,0.666,0.965,0.9125,100
quadratic_soft,network,0.668,0.965,0.9125,100
quadratic_soft,network,0.67,0.965,0.9125,100
quadratic_soft,network,0.672,0.965,0.9125,100
quadratic_soft,network,0.674,0.965,0.9125,100
quadratic_soft,network,0.676,0.965,0.9125,100
quadratic_soft,network,0.678,0.965,0.9125,100
quadratic_soft,network,0.68,0.965,0.9125,100
quadratic_soft,network,0.682,0.965,0.9125,100
quadratic_soft,network,0.684,0.965,0.9125,100
quadratic_soft,network,0.686,0.965,0.9125,100
quadratic_soft,network,0.6880000000000001,0.965,0.9125,100
quadratic_soft,network,0.6900000000000001,0.965,0.9125,100
quadratic_soft,network,0.6920000000000001,0.965,0.9125,100
quadratic_soft,network,0.6940000000000001,0.965,0.9125,100
quadratic_soft,network,0.6960000000000001,0.965,0.9125,100
quadratic_soft,network,0.6980000000000001,0.965,0.9125,100
quadratic_soft,network,0.7000000000000001,0.965,0.9125,100
quadratic_soft,network,0.7020000000000001,0.965,0.9125,100
quadratic_soft,network,0.704,0.965,0.9125,100
quadratic_soft,network,0.706,0.965,0.9125,100
quadratic_soft,network,0.708,0.965,0.9125,100
quadratic_soft,network,0.71,0.965,0.9125,100
quadratic_soft,network,0.712,0.965,0.9125,100
quadratic_soft,network,0.714,0.965,0.9125,100
quadratic_soft,network,0.716,0.965,0.9125,100
quadratic_soft,network,0.718,0.965,0.9125,100
quadratic_soft,network,0.72,0.965,0.9125,100
quadratic_soft,network,0.722,0.965,0.9125,100
quadratic_soft,network,0.724,0.965,0.9125,100
quadratic_soft,network,0.726,0.965,0.9125,100
quadratic_soft,network,0.728,0.965,0.9125,100
quadratic_soft,network,0.73,0.965,0.9125,100
quadratic_soft,network,0.732,0.965,0.9125,100
quadratic_soft,network,0.734,0.965,0.9125,100
quadratic_soft,network,0.736,0.965,0.9125,100
quadratic_soft,network,0.738,0.965,0.9125,100
quadratic_soft,network,0.74,0.965,0.9125,100
quadratic_soft,network,0.742,0.965,0.9125,100
quadratic_soft,network,0.744,0.965,0.9125,100
quadratic_soft,network,0.746,0.965,0.9125,100
quadratic_soft,network,0.748,0.965,0.9125,100
quadratic_soft,network,0.75,0.99,0.9125,100
quadratic_soft,network,0.752,0.99,0.9125,100
quadratic_soft,network,0.754,0.99,0.9125,100
quadratic_soft,network,0.756,0.99,0.9125,100
quadratic_soft,network,0.758,0.99,0.9125,100
quadratic_soft,network,0.76,0.99,0.9125,100
quadratic_soft,network,0.762,0.99,0.9125,100
quadratic_soft,network,0.764,0.99,0.9125,100
quadratic_soft,network,0.766,0.99,0.9125,100
quadratic_soft,network,0.768,0.99,0.9125,100
quadratic_soft,network,0.77,0.99,0.9125,100
quadratic_soft,network,0.772,0.99,0.9125,100
quadratic_soft,network,0.774,0.99,0.9125,100
quadratic_soft,network,0.776,0.99,0.9125,100
quadratic_soft,network,0.778,0.99,0.9125,100
quadratic_soft,network,0.78,0.99,0.9125,100
quadratic_soft,network,0.782,0.99,0.9125,100
quadratic_soft,network,0.784,0.99,0.9125,100
quadratic_soft,network,0.786,0.99,0.9125,100
quadratic_soft,network,0.788,0.99,0.9125,100
quadratic_soft,network,0.79,0.99,0.9125,100
quadratic_soft,network,0.792,0.99,0.9125,100
quadratic_soft,network,0.794,0.99,0.9125,100
quadratic_soft,network,0.796,0.99,0.9125,100
quadratic_soft,network,0.798,0.99,0.9125,100
quadratic_soft,network,0.8,0.99,0.9125,100
quadratic_soft,network,0.802,0.99,0.9125,100
quadratic_soft,network,0.804,0.99,0.9125,100
quadratic_soft,network,0.806,0.99,0.9125,100
quadratic_soft,network,0.808,0.99,0.9125,100
quadratic_soft,network,0.81,0.99,0.9125,100
quadratic_soft,network,0.812,0.99,0.9125,100
quadratic_soft,network,0.8140000000000001,0.99,0.9125,100
quadratic_soft,network,0.8160000000000001,0.99,0.9125,100
quadratic_soft,network,0.8180000000000001,0.99,0.9125,100
quadratic_soft,network,0.8200000000000001,0.99,0.9125,100
quadratic_soft,network,0.8220000000000001,0.99,0.9125,100
quadratic_soft,network,0.8240000000000001,0.99,0.9125,100
quadratic_soft,network,0.8260000000000001,0.99,0.9125,100
quadratic_soft,network,0.8280000000000001,0.99,0.9125,100
quadratic_soft,network,0.8300000000000001,0.99,0.9125,100
quadratic_soft,network,0.8320000000000001,0.99,0.9125,100
quadratic_soft,network,0.834,0.99,0.9125,100
quadratic_soft,network,0.836,0.99,0.9125,100
quadratic_soft,network,0.838,0.99,0.9125,100
quadratic_soft,network,0.84,0.99,0.9125,100
quadratic_soft,network,0.842,0.99,0.9125,100
quadratic_soft,network,0.844,0.99,0.9125,100
quadratic_soft,network,0.846,0.99,0.9125,100
quadratic_soft,network,0.848,0.99,0.9125,100
quadratic_soft,network,0.85,0.99,0.9125,100
quadratic_soft,network,0.852,0.99,0.9125,100
quadratic_soft,network,0.854,0.99,0.9125,100
quadratic_soft,network,0.856,0.99,0.9125,100
quadratic_soft,network,0.858,0.99,0.9125,100
quadratic_soft,network,0.86,0.99,0.9125,100
quadratic_soft,network,0.862,0.99,0.9125,100
quadratic_soft,network,0.864,0.99,0.9125,100
quadratic_soft,network,0.866,0.99,0.9125,100
quadratic_soft,network,0.868,0.99,0.9125,100
quadratic_soft,network,0.87,0.99,0.9125,100
quadratic_soft,network,0.872,0.99,0.9125,100
quadratic_soft,network,0.874,0.99,0.9125,100
quadratic_soft,network,0.876,0.99,0.9125,100
quadratic_soft,network,0.878,0.99,0.9125,100
quadratic_soft,network,0.88,0.99,0.9125,100
quadratic_soft,network,0.882,0.99,0.9125,100
quadratic_soft,network,0.884,0.99,0.9125,100
quadratic_soft,network,0.886,0.99,0.9125,100
quadratic_soft,network,0.888,0.99,0.9125,100
quadratic_soft,network,0.89,0.99,0.9125,100
quadratic_soft,network,0.892,0.99,0.9125,100
quadratic_soft,network,0.894,0.99,0.9125,100
quadratic_soft,network,0.896,0.99,0.9125,100
quadratic_soft,network,0.898,0.99,0.9125,100
quadratic_soft,network,0.9,0.99,0.9125,100
quadratic_soft,network,0.902,0.99,0.9125,100
quadratic_soft,network,0.904,0.99,0.9125,100
quadratic_soft,network,0.906,0.99,0.9125,100
quadratic_soft,network,0.908,0.99,0.9125,100
quadratic_soft,network,0.91,0.99,0.9125,100
quadratic_soft,network,0.912,0.99,0.9125,100
quadratic_soft,network,0.914,0.99,0.9125,100
quadratic_soft,network,0.916,0.99,0.9125,100
quadratic_soft,network,0.918,0.99,0.9125,100
quadratic_soft,network,0.92,0.99,0.9125,100
quadratic_soft,network,0.922,0.99,0.9125,100
quadratic_soft,network,0.924,0.99,0.9125,100
quadratic_soft,network,0.926,0.99,0.9125,100
quadratic_soft,network,0.928,0.99,0.9125,100
quadratic_soft,network,0.93,0.99,0.9125,100
quadratic_soft,network,0.932,0.99,0.9125,100
quadratic_soft,network,0.934,0.99,0.9125,100
quadratic_soft,network,0.936,0.99,0.9125,100
quadratic_soft,network,0.9380000000000001,0.99,0.9125,100
quadratic_soft,network,0.9400000000000001,0.99,0.9125,100
quadratic_soft,network,0.9420000000000001,0.99,0.9125,100
quadratic_soft,network,0.9440000000000001,0.99,0.9125,100
quadratic_soft,network,0.9460000000000001,0.99,0.9125,100
quadratic_soft,network,0.9480000000000001,0.99,0.9125,100
quadratic_soft,network,0.9500000000000001,0.99,0.9125,100
quadratic_soft,network,0.9520000000000001,0.99,0.9125,100
quadratic_soft,network,0.9540000000000001,0.99,0.9125,100
quadratic_soft,network,0.9560000000000001,0.99,0.9125,100
quadratic_soft,network,0.9580000000000001,0.99,0.9125,100
quadratic_soft,network,0.96,0.99,0.9125,100
quadratic_soft,network,0.962,0.99,0.9125,100
quadratic_soft,network,0.964,0.99,0.9125,100
quadratic_soft,network,0.966,0.99,0.9125,100
quadratic_soft,network,0.968,0.99,0.9125,100
quadratic_soft,network,0.97,0.99,0.9125,100
quadratic_soft,network,0.972,0.99,0.9125,100
quadratic_soft,network,0.974,0.99,0.9125,100
quadratic_soft,network,0.976,0.99,0.9125,100
quadratic_soft,network,0.978,0.99,0.9125,100
quadratic_soft,network,0.98,0.99,0.9125,100
quadratic_soft,network,0.982,0.99,0.9125,100
quadratic_soft,network,0.984,0.99,0.9125,100
quadratic_soft,network,0.986,0.99,0.9125,100
quadratic_soft,network,0.988,0.99,0.9125,100
quadratic_soft,network,0.99,0.99,0.9125,100
quadratic_soft,network,0.992,0.99,0.9125,100
quadratic_soft,network,0.994,0.99,0.9125,100
quadratic_soft,network,0.996,0.99,0.9125,100
quadratic_soft,network,0.998,0.99,0.9125,100
quadratic_soft,network,1.0,1.0,0.9125,100
quadratic_soft,frequency,0.0,0.7142857142857143,0.8558673469387755,98
quadratic_soft,frequency,0.002,0.7143673469387755,0.8558673469387755,98
quadratic_soft,frequency,0.004,0.7144489795918368,0.8558673469387755,98
quadratic_soft,frequency,0.006,0.714530612244898,0.8558673469387755,98
quadratic_soft,frequency,0.008,0.7146122448979592,0.8558673469387755,98
quadratic_soft,frequency,0.01,0.7146938775510204,0.8558673469387755,98
quadratic_soft,frequency,0.012,0.7147755102040817,0.8558673469387755,98
quadratic_soft,frequency,0.014,0.7148571428571429,0.8558673469387755,98
quadratic_soft,frequency,0.016,0.714938775510204,0.8558673469387755,98
quadratic_soft,frequency,0.018000000000000002,0.7150204081632653,0.8558673469387755,98
quadratic_soft,frequency,0.02,0.7151020408163266,0.8558673469387755,98
quadratic_soft,frequency,0.022,0.7151836734693877,0.8558673469387755,98
quadratic_soft,frequency,0.024,0.715265306122449,0.8558673469387755,98
quadratic_soft,frequency,0.026000000000000002,0.7153469387755101,0.8558673469387755,98
quadratic_soft,frequency,0.028,0.7154285714285714,0.8558673469387755,98
quadratic_soft,frequency,0.03,0.7155102040816327,0.8558673469387755,98
quadratic_soft,frequency,0.032,0.7155918367346938,0.8558673469387755,98
quadratic_soft,frequency,0.034,0.7156734693877551,0.8558673469387755,98
quadratic_soft,frequency,0.036000000000000004,0.7157551020408164,0.8558673469387755,98
quadratic_soft,frequency,0.038,0.7158367346938775,0.8558673469387755,98
quadratic_soft,frequency,0.04,0.7159183673469387,0.8558673469387755,98
quadratic_soft,frequency,0.042,0.7160000000000001,0.8558673469387755,98
quadratic_soft,frequency,0.044,0.7160816326530612,0.8558673469387755,98
quadratic_soft,frequency,0.046,0.7161632653061224,0.8558673469387755,98
quadratic_soft,frequency,0.048,0.7162448979591836,0.8558673469387755,98
quadratic_soft,frequency,0.05,0.7163265306122449,0.8558673469387755,98
quadratic_soft,frequency,0.052000000000000005,0.7164081632653061,0.8558673469387755,98
quadratic_soft,frequency,0.054,0.7164897959183673,0.8558673469387755,98
quadratic_soft,frequency,0.056,0.7165714285714286,0.8558673469387755,98
quadratic_soft,frequency,0.058,0.7166530612244898,0.8558673469387755,98
quadratic_soft,frequency,0.06,0.716734693877551,0.8558673469387755,98
quadratic_soft,frequency,0.062,0.7168163265306123,0.8558673469387755,98
quadratic_soft,frequency,0.064,0.7168979591836735,0.8558673469387755,98
quadratic_soft,frequency,0.066,0.7169795918367347,0.8558673469387755,98
quadratic_soft,frequency,0.068,0.7170612244897959,0.8558673469387755,98
quadratic_soft,frequency,0.07,0.7171428571428572,0.8558673469387755,98
quadratic_soft,frequency,0.07200000000000001,0.7172244897959184,0.8558673469387755,98
quadratic_soft,frequency,0.074,0.7173061224489796,0.8558673469387755,98
quadratic_soft,frequency,0.076,0.7173877551020409,0.8558673469387755,98
quadratic_soft,frequency,0.078,0.717469387755102,0.8558673469387755,98
quadratic_soft,frequency,0.08,0.7175510204081632,0.8558673469387755,98
quadratic_soft,frequency,0.082,0.7176326530612245,0.8558673469387755,98
quadratic_soft,frequency,0.084,0.7177142857142857,0.8558673469387755,98
quadratic_soft,frequency,0.08600000000000001,0.7177959183673469,0.8558673469387755,98
quadratic_soft,frequency,0.088,0.7178775510204082,0.8558673469387755,98
quadratic_soft,frequency,0.09,0.7179591836734693,0.8558673469387755,98
quadratic_soft,frequency,0.092,0.7180408163265306,0.8558673469387755,98
quadratic_soft,frequency,0.094,0.7181224489795919,0.8558673469387755,98
quadratic_soft,frequency,0.096,0.718204081632653,0.8558673469387755,98
quadratic_soft,frequency,0.098,0.7182857142857142,0.8558673469387755,98
quadratic_soft,frequency,0.1,0.7183673469387756,0.8558673469387755,98
quadratic_soft,frequency,0.10200000000000001,0.7184489795918367,0.8558673469387755,98
quadratic_soft,frequency,0.10400000000000001,0.7185306122448979,0.8558673469387755,98
quadratic_soft,frequency,0.106,0.7186122448979593,0.8558673469387755,98
quadratic_soft,frequency,0.108,0.7186938775510204,0.8558673469387755,98
quadratic_soft,frequency,0.11,0.7187755102040816,0.8558673469387755,98
quadratic_soft,frequency,0.112,0.7188571428571428,0.8558673469387755,98
quadratic_soft,frequency,0.114,0.7189387755102041,0.8558673469387755,98
quadratic_soft,frequency,0.116,0.7190204081632653,0.8558673469387755,98
quadratic_soft,frequency,0.11800000000000001,0.7191020408163264,0.8558673469387755,98
quadratic_soft,frequency,0.12,0.7191836734693878,0.8558673469387755,98
quadratic_soft,frequency,0.122,0.719265306122449,0.8558673469387755,98
quadratic_soft,frequency,0.124,0.7193469387755101,0.8558673469387755,98
quadratic_soft,frequency,0.126,0.7194285714285715,0.8558673469387755,98
quadratic_soft,frequency,0.128,0.7195102040816327,0.8558673469387755,98
quadratic_soft,frequency,0.13,0.7195918367346938,0.8558673469387755,98
quadratic_soft,frequency,0.132,0.7196734693877551,0.8558673469387755,98
quadratic_soft,frequency,0.134,0.7197551020408164,0.8558673469387755,98
quadratic_soft,frequency,0.136,0.7198367346938775,0.8558673469387755,98
quadratic_soft,frequency,0.138,0.7199183673469388,0.8558673469387755,98
quadratic_soft,frequency,0.14,0.72,0.8558673469387755,98
quadratic_soft,frequency,0.14200000000000002,0.7200816326530612,0.8558673469387755,98
quadratic_soft,frequency,0.14400000000000002,0.7201632653061224,0.8558673469387755,98
quadratic_soft,frequency,0.146,0.7202448979591837,0.8558673469387755,98
quadratic_soft,frequency,0.148,0.7203265306122448,0.8558673469387755,98
quadratic_soft,frequency,0.15,0.7204081632653061,0.8558673469387755,98
quadratic_soft,frequency,0.152,0.7204897959183674,0.8558673469387755,98
quadratic_soft,frequency,0.154,0.7205714285714285,0.8558673469387755,98
quadratic_soft,frequency,0.156,0.7206530612244898,0.8558673469387755,98
quadratic_soft,frequency,0.158,0.7207346938775511,0.8558673469387755,98
quadratic_soft,frequency,0.16,0.7208163265306122,0.8558673469387755,98
quadratic_soft,frequency,0.162,0.7208979591836734,0.8558673469387755,98
quadratic_soft,frequency,0.164,0.7209795918367348,0.8558673469387755,98
quadratic_soft,frequency,0.166,0.7210612244897959,0.8558673469387755,98
quadratic_soft,frequency,0.168,0.7211428571428571,0.8558673469387755,98
quadratic_soft,frequency,0.17,0.7212244897959185,0.8558673469387755,98
quadratic_soft,frequency,0.17200000000000001,0.7213061224489796,0.8558673469387755,98
quadratic_soft,frequency,0.17400000000000002,0.7213877551020408,0.8558673469387755,98
quadratic_soft,frequency,0.176,0.7214693877551019,0.8558673469387755,98
quadratic_soft,frequency,0.178,0.7215510204081633,0.8558673469387755,98
quadratic_soft,frequency,0.18,0.7216326530612245,0.8558673469387755,98
quadratic_soft,frequency,0.182,0.7217142857142856,0.8558673469387755,98
quadratic_soft,frequency,0.184,0.721795918367347,0.8558673469387755,98
quadratic_soft,frequency,0.186,0.7218775510204082,0.8558673469387755,98
quadratic_soft,frequency,0.188,0.7219591836734693,0.8558673469387755,98
quadratic_soft,frequency,0.19,0.7220408163265306,0.8558673469387755,98
quadratic_soft,frequency,0.192,0.7221224489795919,0.8558673469387755,98
quadratic_soft,frequency,0.194,0.722204081632653,0.8558673469387755,98
quadratic_soft,frequency,0.196,0.7222857142857143,0.8558673469387755,98
quadratic_soft,frequency,0.198,0.7223673469387756,0.8558673469387755,98
quadratic_soft,frequency,0.2,0.7224489795918367,0.8558673469387755,98
quadratic_soft,frequency,0.202,0.722530612244898,0.8558673469387755,98
quadratic_soft,frequency,0.20400000000000001,0.7226122448979592,0.8558673469387755,98
quadratic_soft,frequency,0.20600000000000002,0.7226938775510204,0.8558673469387755,98
quadratic_soft,frequency,0.20800000000000002,0.7227755102040816,0.8558673469387755,98
quadratic_soft,frequency,0.21,0.7228571428571429,0.8558673469387755,98
quadratic_soft,frequency,0.212,0.722938775510204,0.8558673469387755,98
quadratic_soft,frequency,0.214,0.7230204081632653,0.8558673469387755,98
quadratic_soft,frequency,0.216,0.7231020408163266,0.8558673469387755,98
quadratic_soft,frequency,0.218,0.7231836734693877,0.8558673469387755,98
quadratic_soft,frequency,0.22,0.7232653061224489,0.8558673469387755,98
quadratic_soft,frequency,0.222,0.7233469387755103,0.8558673469387755,98
quadratic_soft,frequency,0.224,0.7234285714285714,0.8558673469387755,98
quadratic_soft,frequency,0.226,0.7235102040816326,0.8558673469387755,98
quadratic_soft,frequency,0.228,0.723591836734694,0.8558673469387755,98
quadratic_soft,frequency,0.23,0.7236734693877551,0.8558673469387755,98
quadratic_soft,frequency,0.232,0.7237551020408163,0.8558673469387755,98
quadratic_soft,frequency,0.234,0.7238367346938777,0.8558673469387755,98
quadratic_soft,frequency,0.23600000000000002,0.7239183673469388,0.8558673469387755,98
quadratic_soft,frequency,0.23800000000000002,0.724,0.8558673469387755,98
quadratic_soft,frequency,0.24,0.7240816326530611,0.8558673469387755,98
quadratic_soft,frequency,0.242,0.7241632653061225,0.8558673469387755,98
quadratic_soft,frequency,0.244,0.7242448979591837,0.8558673469387755,98
quadratic_soft,frequency,0.246,0.7243265306122448,0.8558673469387755,98
quadratic_soft,frequency,0.248,0.7244081632653062,0.8558673469387755,98
quadratic_soft,frequency,0.25,0.8163265306122449,0.8558673469387755,98
quadratic_soft,frequency,0.252,0.8165306122448979,0.8558673469387755,98
quadratic_soft,frequency,0.254,0.8167346938775513,0.8558673469387755,98
quadratic_soft,frequency,0.256,0.8169387755102041,0.8558673469387755,98
quadratic_soft,frequency,0.258,0.8171428571428572,0.8558673469387755,98
quadratic_soft,frequency,0.26,0.8173469387755103,0.8558673469387755,98
quadratic_soft,frequency,0.262,0.8175510204081632,0.8558673469387755,98
quadratic_soft,frequency,0.264,0.8177551020408161,0.8558673469387755,98
quadratic_soft,frequency,0.266,0.8179591836734692,0.8558673469387755,98
quadratic_soft,frequency,0.268,0.8181632653061225,0.8558673469387755,98
quadratic_soft,frequency,0.27,0.8183673469387756,0.8558673469387755,98
quadratic_soft,frequency,0.272,0.8185714285714285,0.8558673469387755,98
quadratic_soft,frequency,0.274,0.8187755102040817,0.8558673469387755,98
quadratic_soft,frequency,0.276,0.8189795918367347,0.8558673469387755,98
quadratic_soft,frequency,0.278,0.8191836734693878,0.8558673469387755,98
quadratic_soft,frequency,0.28,0.8193877551020408,0.8558673469387755,98
quadratic_soft,frequency,0.28200000000000003,0.8195918367346938,0.8558673469387755,98
quadratic_soft,frequency,0.28400000000000003,0.8197959183673468,0.8558673469387755,98
quadratic_soft,frequency,0.28600000000000003,0.8200000000000002,0.8558673469387755,98
quadratic_soft,frequency,0.28800000000000003,0.8202040816326531,0.8558673469387755,98
quadratic_soft,frequency,0.29,0.8204081632653062,0.8558673469387755,98
quadratic_soft,frequency,0.292,0.8206122448979593,0.8558673469387755,98
quadratic_soft,frequency,0.294,0.8208163265306122,0.8558673469387755,98
quadratic_soft,frequency,0.296,0.8210204081632653,0.8558673469387755,98
quadratic_soft,frequency,0.298,0.8212244897959182,0.8558673469387755,98
quadratic_soft,frequency,0.3,0.8214285714285714,0.8558673469387755,98
quadratic_soft,frequency,0.302,0.8216326530612245,0.8558673469387755,98
quadratic_soft,frequency,0.304,0.8218367346938775,0.8558673469387755,98
quadratic_soft,frequency,0.306,0.8220408163265308,0.8558673469387755,98
quadratic_soft,frequency,0.308,0.8222448979591837,0.8558673469387755,98
quadratic_soft,frequency,0.31,0.8224489795918367,0.8558673469387755,98
quadratic_soft,frequency,0.312,0.8226530612244899,0.8558673469387755,98
quadratic_soft,frequency,0.314,0.8228571428571428,0.8558673469387755,98
quadratic_soft,frequency,0.316,0.8230612244897957,0.8558673469387755,98
quadratic_soft,frequency,0.318,0.8232653061224491,0.8558673469387755,98
quadratic_soft,frequency,0.32,0.823469387755102,0.8558673469387755,98
quadratic_soft,frequency,0.322,0.8236734693877551,0.8558673469387755,98
quadratic_soft,frequency,0.324,0.8238775510204084,0.8558673469387755,98
quadratic_soft,frequency,0.326,0.8240816326530612,0.8558673469387755,98
quadratic_soft,frequency,0.328,0.8242857142857143,0.8558673469387755,98
quadratic_soft,frequency,0.33,0.8244897959183674,0.8558673469387755,98
quadratic_soft,frequency,0.332,0.8246938775510203,0.8558673469387755,98
quadratic_soft,frequency,0.334,0.8248979591836734,0.8558673469387755,98
quadratic_soft,frequency,0.336,0.8251020408163264,0.8558673469387755,98
quadratic_soft,frequency,0.338,0.8253061224489797,0.8558673469387755,98
quadratic_soft,frequency,0.34,0.8255102040816327,0.8558673469387755,98
quadratic_soft,frequency,0.342,0.8257142857142857,0.8558673469387755,98
quadratic_soft,frequency,0.34400000000000003,0.8259183673469388,0.8558673469387755,98
quadratic_soft,frequency,0.34600000000000003,0.826122448979592,0.8558673469387755,98
quadratic_soft,frequency,0.34800000000000003,0.8263265306122449,0.8558673469387755,98
quadratic_soft,frequency,0.35000000000000003,0.826530612244898,0.8558673469387755,98
quadratic_soft,frequency,0.352,0.8267346938775509,0.8558673469387755,98
quadratic_soft,frequency,0.354,0.826938775510204,0.8558673469387755,98
quadratic_soft,frequency,0.356,0.8271428571428573,0.8558673469387755,98
quadratic_soft,frequency,0.358,0.8273469387755104,0.8558673469387755,98
quadratic_soft,frequency,0.36,0.8275510204081633,0.8558673469387755,98
quadratic_soft,frequency,0.362,0.8277551020408163,0.8558673469387755,98
quadratic_soft,frequency,0.364,0.8279591836734694,0.8558673469387755,98
quadratic_soft,frequency,0.366,0.8281632653061224,0.8558673469387755,98
quadratic_soft,frequency,0.368,0.8283673469387753,0.8558673469387755,98
quadratic_soft,frequency,0.37,0.8285714285714286,0.8558673469387755,98
quadratic_soft,frequency,0.372,0.8287755102040816,0.8558673469387755,98
quadratic_soft,frequency,0.374,0.8289795918367346,0.8558673469387755,98
quadratic_soft,frequency,0.376,0.8291836734693879,0.8558673469387755,98
quadratic_soft,frequency,0.378,0.8293877551020409,0.8558673469387755,98
quadratic_soft,frequency,0.38,0.8295918367346938,0.8558673469387755,98
quadratic_soft,frequency,0.382,0.829795918367347,0.8558673469387755,98
quadratic_soft,frequency,0.384,0.8300000000000001,0.8558673469387755,98
quadratic_soft,frequency,0.386,0.8302040816326529,0.8558673469387755,98
quadratic_soft,frequency,0.388,0.8304081632653062,0.8558673469387755,98
quadratic_soft,frequency,0.39,0.8306122448979593,0.8558673469387755,98
quadratic_soft,frequency,0.392,0.8308163265306122,0.8558673469387755,98
quadratic_soft,frequency,0.394,0.8310204081632653,0.8558673469387755,98
quadratic_soft,frequency,0.396,0.8312244897959185,0.8558673469387755,98
quadratic_soft,frequency,0.398,0.8314285714285715,0.8558673469387755,98
quadratic_soft,frequency,0.4,0.8316326530612245,0.8558673469387755,98
quadratic_soft,frequency,0.402,0.8318367346938775,0.8558673469387755,98
quadratic_soft,frequency,0.404,0.8320408163265305,0.8558673469387755,98
quadratic_soft,frequency,0.406,0.8322448979591835,0.8558673469387755,98
quadratic_soft,frequency,0.40800000000000003,0.8324489795918368,0.8558673469387755,98
quadratic_soft,frequency,0.41000000000000003,0.8326530612244899,0.8558673469387755,98
quadratic_soft,frequency,0.41200000000000003,0.8328571428571429,0.8558673469387755,98
quadratic_soft,frequency,0.41400000000000003,0.8330612244897959,0.8558673469387755,98
quadratic_soft,frequency,0.41600000000000004,0.833265306122449,0.8558673469387755,98
quadratic_soft,frequency,0.418,0.8334693877551019,0.8558673469387755,98
quadratic_soft,frequency,0.42,0.8336734693877551,0.8558673469387755,98
quadratic_soft,frequency,0.422,0.8338775510204082,0.8558673469387755,98
quadratic_soft,frequency,0.424,0.8340816326530611,0.8558673469387755,98
quadratic_soft,frequency,0.426,0.8342857142857142,0.8558673469387755,98
quadratic_soft,frequency,0.428,0.8344897959183675,0.8558673469387755,98
quadratic_soft,frequency,0.43,0.8346938775510204,0.8558673469387755,98
quadratic_soft,frequency,0.432,0.8348979591836734,0.8558673469387755,98
quadratic_soft,frequency,0.434,0.8351020408163266,0.8558673469387755,98
quadratic_soft,frequency,0.436,0.8353061224489796,0.8558673469387755,98
quadratic_soft,frequency,0.438,0.8355102040816325,0.8558673469387755,98
quadratic_soft,frequency,0.44,0.8357142857142857,0.8558673469387755,98
quadratic_soft,frequency,0.442,0.8359183673469388,0.8558673469387755,98
quadratic_soft,frequency,0.444,0.8361224489795918,0.8558673469387755,98
quadratic_soft,frequency,0.446,0.8363265306122452,0.8558673469387755,98
quadratic_soft,frequency,0.448,0.836530612244898,0.8558673469387755,98
quadratic_soft,frequency,0.45,0.8367346938775511,0.8558673469387755,98
quadratic_soft,frequency,0.452,0.8369387755102042,0.8558673469387755,98
quadratic_soft,frequency,0.454,0.8371428571428571,0.8558673469387755,98
quadratic_soft,frequency,0.456,0.83734693877551,0.8558673469387755,98
quadratic_soft,frequency,0.458,0.8375510204081631,0.8558673469387755,98
quadratic_soft,frequency,0.46,0.8377551020408164,0.8558673469387755,98
quadratic_soft,frequency,0.462,0.8379591836734694,0.8558673469387755,98
quadratic_soft,frequency,0.464,0.8381632653061225,0.8558673469387755,98
quadratic_soft,frequency,0.466,0.8383673469387755,0.8558673469387755,98
quadratic_soft,frequency,0.468,0.8385714285714286,0.8558673469387755,98
quadratic_soft,frequency,0.47000000000000003,0.8387755102040817,0.8558673469387755,98
quadratic_soft,frequency,0.47200000000000003,0.8389795918367347,0.8558673469387755,98
quadratic_soft,frequency,0.47400000000000003,0.8391836734693877,0.8558673469387755,98
quadratic_soft,frequency,0.47600000000000003,0.8393877551020408,0.8558673469387755,98
quadratic_soft,frequency,0.47800000000000004,0.8395918367346941,0.8558673469387755,98
quadratic_soft,frequency,0.48,0.839795918367347,0.8558673469387755,98
quadratic_soft,frequency,0.482,0.8400000000000001,0.8558673469387755,98
quadratic_soft,frequency,0.484,0.8402040816326531,0.8558673469387755,98
quadratic_soft,frequency,0.486,0.8404081632653061,0.8558673469387755,98
quadratic_soft,frequency,0.488,0.8406122448979592,0.8558673469387755,98
quadratic_soft,frequency,0.49,0.840816326530612,0.8558673469387755,98
quadratic_soft,frequency,0.492,0.8410204081632653,0.8558673469387755,98
quadratic_soft,frequency,0.494,0.8412244897959184,0.8558673469387755,98
quadratic_soft,frequency,0.496,0.8414285714285714,0.8558673469387755,98
quadratic_soft,frequency,0.498,0.8416326530612247,0.8558673469387755,98
quadratic_soft,frequency,0.5,0.8928571428571429,0.8558673469387755,98
quadratic_soft,frequency,0.502,0.8932040816326531,0.8558673469387755,98
quadratic_soft,frequency,0.504,0.8935510204081633,0.8558673469387755,98
quadratic_soft,frequency,0.506,0.8938979591836735,0.8558673469387755,98
quadratic_soft,frequency,0.508,0.8942448979591836,0.8558673469387755,98
quadratic_soft,frequency,0.51,0.8945918367346939,0.8558673469387755,98
quadratic_soft,frequency,0.512,0.8949387755102042,0.8558673469387755,98
quadratic_soft,frequency,0.514,0.8952857142857142,0.8558673469387755,98
quadratic_soft,frequency,0.516,0.8956326530612244,0.8558673469387755,98
quadratic_soft,frequency,0.518,0.8959795918367348,0.8558673469387755,98
quadratic_soft,frequency,0.52,0.8963265306122451,0.8558673469387755,98
quadratic_soft,frequency,0.522,0.8966734693877549,0.8558673469387755,98
quadratic_soft,frequency,0.524,0.8970204081632653,0.8558673469387755,98
quadratic_soft,frequency,0.526,0.8973673469387754,0.8558673469387755,98
quadratic_soft,frequency,0.528,0.8977142857142857,0.8558673469387755,98
quadratic_soft,frequency,0.53,0.8980612244897961,0.8558673469387755,98
quadratic_soft,frequency,0.532,0.898408163265306,0.8558673469387755,98
quadratic_soft,frequency,0.534,0.8987551020408162,0.8558673469387755,98
quadratic_soft,frequency,0.536,0.8991020408163266,0.8558673469387755,98
quadratic_soft,frequency,0.538,0.8994489795918366,0.8558673469387755,98
quadratic_soft,frequency,0.54,0.8997959183673468,0.8558673469387755,98
quadratic_soft,frequency,0.542,0.9001428571428572,0.8558673469387755,98
quadratic_soft,frequency,0.544,0.9004897959183671,0.8558673469387755,98
quadratic_soft,frequency,0.546,0.9008367346938775,0.8558673469387755,98
quadratic_soft,frequency,0.548,0.9011836734693879,0.8558673469387755,98
quadratic_soft,frequency,0.55,0.9015306122448979,0.8558673469387755,98
quadratic_soft,frequency,0.552,0.9018775510204081,0.8558673469387755,98
quadratic_soft,frequency,0.554,0.9022244897959184,0.8558673469387755,98
quadratic_soft,frequency,0.556,0.9025714285714284,0.8558673469387755,98
quadratic_soft,frequency,0.558,0.9029183673469389,0.8558673469387755,98
quadratic_soft,frequency,0.56,0.9032653061224489,0.8558673469387755,98
quadratic_soft,frequency,0.562,0.9036122448979591,0.8558673469387755,98
quadratic_soft,frequency,0.5640000000000001,0.9039591836734693,0.8558673469387755,98
quadratic_soft,frequency,0.5660000000000001,0.9043061224489798,0.8558673469387755,98
quadratic_soft,frequency,0.5680000000000001,0.9046530612244899,0.8558673469387755,98
quadratic_soft,frequency,0.5700000000000001,0.905,0.8558673469387755,98
quadratic_soft,frequency,0.5720000000000001,0.9053469387755104,0.8558673469387755,98
quadratic_soft,frequency,0.5740000000000001,0.9056938775510204,0.8558673469387755,98
quadratic_soft,frequency,0.5760000000000001,0.9060408163265307,0.8558673469387755,98
quadratic_soft,frequency,0.578,0.906387755102041,0.8558673469387755,98
quadratic_soft,frequency,0.58,0.9067346938775507,0.8558673469387755,98
quadratic_soft,frequency,0.582,0.9070816326530613,0.8558673469387755,98
quadratic_soft,frequency,0.584,0.9074285714285717,0.8558673469387755,98
quadratic_soft,frequency,0.586,0.9077755102040815,0.8558673469387755,98
quadratic_soft,frequency,0.588,0.9081224489795919,0.8558673469387755,98
quadratic_soft,frequency,0.59,0.908469387755102,0.8558673469387755,98
quadratic_soft,frequency,0.592,0.9088163265306122,0.8558673469387755,98
quadratic_soft,frequency,0.594,0.9091632653061226,0.8558673469387755,98
quadratic_soft,frequency,0.596,0.9095102040816325,0.8558673469387755,98
quadratic_soft,frequency,0.598,0.9098571428571427,0.8558673469387755,98
quadratic_soft,frequency,0.6,0.9102040816326531,0.8558673469387755,98
quadratic_soft,frequency,0.602,0.9105510204081634,0.8558673469387755,98
quadratic_soft,frequency,0.604,0.9108979591836734,0.8558673469387755,98
quadratic_soft,frequency,0.606,0.9112448979591838,0.8558673469387755,98
quadratic_soft,frequency,0.608,0.9115918367346937,0.8558673469387755,98
quadratic_soft,frequency,0.61,0.911938775510204,0.8558673469387755,98
quadratic_soft,frequency,0.612,0.9122857142857143,0.8558673469387755,98
quadratic_soft,frequency,0.614,0.9126326530612245,0.8558673469387755,98
quadratic_soft,frequency,0.616,0.9129795918367346,0.8558673469387755,98
quadratic_soft,frequency,0.618,0.9133265306122448,0.8558673469387755,98
quadratic_soft,frequency,0.62,0.9136734693877552,0.8558673469387755,98
quadratic_soft,frequency,0.622,0.9140204081632652,0.8558673469387755,98
quadratic_soft,frequency,0.624,0.9143673469387755,0.8558673469387755,98
quadratic_soft,frequency,0.626,0.9147142857142857,0.8558673469387755,98
quadratic_soft,frequency,0.628,0.915061224489796,0.8558673469387755,98
quadratic_soft,frequency,0.63,0.915408163265306,0.8558673469387755,98
quadratic_soft,frequency,0.632,0.9157551020408164,0.8558673469387755,98
quadratic_soft,frequency,0.634,0.9161020408163266,0.8558673469387755,98
quadratic_soft,frequency,0.636,0.9164489795918367,0.8558673469387755,98
quadratic_soft,frequency,0.638,0.916795918367347,0.8558673469387755,98
quadratic_soft,frequency,0.64,0.9171428571428573,0.8558673469387755,98
quadratic_soft,frequency,0.642,0.9174897959183675,0.8558673469387755,98
quadratic_soft,frequency,0.644,0.9178367346938774,0.8558673469387755,98
quadratic_soft,frequency,0.646,0.9181836734693878,0.8558673469387755,98
quadratic_soft,frequency,0.648,0.9185306122448978,0.8558673469387755,98
quadratic_soft,frequency,0.65,0.9188775510204081,0.8558673469387755,98
quadratic_soft,frequency,0.652,0.9192244897959185,0.8558673469387755,98
quadratic_soft,frequency,0.654,0.9195714285714287,0.8558673469387755,98
quadratic_soft,frequency,0.656,0.9199183673469387,0.8558673469387755,98
quadratic_soft,frequency,0.658,0.9202653061224491,0.8558673469387755,98
quadratic_soft,frequency,0.66,0.920612244897959,0.8558673469387755,98
quadratic_soft,frequency,0.662,0.9209591836734693,0.8558673469387755,98
quadratic_soft,frequency,0.664,0.9213061224489797,0.8558673469387755,98
quadratic_soft,frequency,0.666,0.9216530612244895,0.8558673469387755,98
quadratic_soft,frequency,0.668,0.9219999999999999,0.8558673469387755,98
quadratic_soft,frequency,0.67,0.9223469387755105,0.8558673469387755,98
quadratic_soft,frequency,0.672,0.9226938775510203,0.8558673469387755,98
quadratic_soft,frequency,0.674,0.9230408163265306,0.8558673469387755,98
quadratic_soft,frequency,0.676,0.9233877551020409,0.8558673469387755,98
quadratic_soft,frequency,0.678,0.9237346938775508,0.8558673469387755,98
quadratic_soft,frequency,0.68,0.9240816326530612,0.8558673469387755,98
quadratic_soft,frequency,0.682,0.9244285714285714,0.8558673469387755,98
quadratic_soft,frequency,0.684,0.9247755102040814,0.8558673469387755,98
quadratic_soft,frequency,0.686,0.925122448979592,0.8558673469387755,98
quadratic_soft,frequency,0.6880000000000001,0.9254693877551021,0.8558673469387755,98
quadratic_soft,frequency,0.6900000000000001,0.9258163265306123,0.8558673469387755,98
quadratic_soft,frequency,0.6920000000000001,0.9261632653061224,0.8558673469387755,98
quadratic_soft,frequency,0.6940000000000001,0.9265102040816329,0.8558673469387755,98
quadratic_soft,frequency,0.6960000000000001,0.9268571428571428,0.8558673469387755,98
quadratic_soft,frequency,0.6980000000000001,0.9272040816326531,0.8558673469387755,98
quadratic_soft,frequency,0.7000000000000001,0.9275510204081633,0.8558673469387755,98
quadratic_soft,frequency,0.7020000000000001,0.9278979591836735,0.8558673469387755,98
quadratic_soft,frequency,0.704,0.9282448979591837,0.8558673469387755,98
quadratic_soft,frequency,0.706,0.9285918367346941,0.8558673469387755,98
quadratic_soft,frequency,0.708,0.928938775510204,0.8558673469387755,98
quadratic_soft,frequency,0.71,0.9292857142857144,0.8558673469387755,98
quadratic_soft,frequency,0.712,0.9296326530612247,0.8558673469387755,98
quadratic_soft,frequency,0.714,0.9299795918367346,0.8558673469387755,98
quadratic_soft,frequency,0.716,0.930326530612245,0.8558673469387755,98
quadratic_soft,frequency,0.718,0.9306734693877551,0.8558673469387755,98
quadratic_soft,frequency,0.72,0.9310204081632651,0.8558673469387755,98
quadratic_soft,frequency,0.722,0.9313673469387755,0.8558673469387755,98
quadratic_soft,frequency,0.724,0.9317142857142858,0.8558673469387755,98
quadratic_soft,frequency,0.726,0.9320612244897959,0.8558673469387755,98
quadratic_soft,frequency,0.728,0.9324081632653063,0.8558673469387755,98
quadratic_soft,frequency,0.73,0.9327551020408161,0.8558673469387755,98
quadratic_soft,frequency,0.732,0.9331020408163264,0.8558673469387755,98
quadratic_soft,frequency,0.734,0.9334489795918368,0.8558673469387755,98
quadratic_soft,frequency,0.736,0.933795918367347,0.8558673469387755,98
quadratic_soft,frequency,0.738,0.934142857142857,0.8558673469387755,98
quadratic_soft,frequency,0.74,0.9344897959183673,0.8558673469387755,98
quadratic_soft,frequency,0.742,0.9348367346938776,0.8558673469387755,98
quadratic_soft,frequency,0.744,0.9351836734693877,0.8558673469387755,98
quadratic_soft,frequency,0.746,0.935530612244898,0.8558673469387755,98
quadratic_soft,frequency,0.748,0.9358775510204081,0.8558673469387755,98
quadratic_soft,frequency,0.75,0.9464285714285713,0.8558673469387755,98
quadratic_soft,frequency,0.752,0.9466530612244896,0.8558673469387755,98
quadratic_soft,frequency,0.754,0.9468775510204083,0.8558673469387755,98
quadratic_soft,frequency,0.756,0.9471020408163265,0.8558673469387755,98
quadratic_soft,frequency,0.758,0.9473265306122448,0.8558673469387755,98
quadratic_soft,frequency,0.76,0.9475510204081634,0.8558673469387755,98
quadratic_soft,frequency,0.762,0.9477755102040818,0.8558673469387755,98
quadratic_soft,frequency,0.764,0.9480000000000001,0.8558673469387755,98
quadratic_soft,frequency,0.766,0.9482244897959183,0.8558673469387755,98
quadratic_soft,frequency,0.768,0.9484489795918367,0.8558673469387755,98
quadratic_soft,frequency,0.77,0.948673469387755,0.8558673469387755,98
quadratic_soft,frequency,0.772,0.9488979591836734,0.8558673469387755,98
quadratic_soft,frequency,0.774,0.949122448979592,0.8558673469387755,98
quadratic_soft,frequency,0.776,0.9493469387755102,0.8558673469387755,98
quadratic_soft,frequency,0.778,0.9495714285714286,0.8558673469387755,98
quadratic_soft,frequency,0.78,0.9497959183673469,0.8558673469387755,98
quadratic_soft,frequency,0.782,0.9500204081632652,0.8558673469387755,98
quadratic_soft,frequency,0.784,0.9502448979591838,0.8558673469387755,98
quadratic_soft,frequency,0.786,0.950469387755102,0.8558673469387755,98
quadratic_soft,frequency,0.788,0.9506938775510203,0.8558673469387755,98
quadratic_soft,frequency,0.79,0.9509183673469388,0.8558673469387755,98
quadratic_soft,frequency,0.792,0.9511428571428573,0.8558673469387755,98
quadratic_soft,frequency,0.794,0.9513673469387756,0.8558673469387755,98
quadratic_soft,frequency,0.796,0.951591836734694,0.8558673469387755,98
quadratic_soft,frequency,0.798,0.9518163265306123,0.8558673469387755,98
quadratic_soft,frequency,0.8,0.9520408163265305,0.8558673469387755,98
quadratic_soft,frequency,0.802,0.9522653061224489,0.8558673469387755,98
quadratic_soft,frequency,0.804,0.9524897959183672,0.8558673469387755,98
quadratic_soft,frequency,0.806,0.9527142857142857,0.8558673469387755,98
quadratic_soft,frequency,0.808,0.9529387755102041,0.8558673469387755,98
quadratic_soft,frequency,0.81,0.9531632653061224,0.8558673469387755,98
quadratic_soft,frequency,0.812,0.953387755102041,0.8558673469387755,98
quadratic_soft,frequency,0.8140000000000001,0.9536122448979593,0.8558673469387755,98
quadratic_soft,frequency,0.8160000000000001,0.9538367346938776,0.8558673469387755,98
quadratic_soft,frequency,0.8180000000000001,0.9540612244897958,0.8558673469387755,98
quadratic_soft,frequency,0.8200000000000001,0.9542857142857141,0.8558673469387755,98
quadratic_soft,frequency,0.8220000000000001,0.9545102040816326,0.8558673469387755,98
quadratic_soft,frequency,0.8240000000000001,0.954734693877551,0.8558673469387755,98
quadratic_soft,frequency,0.8260000000000001,0.9549591836734693,0.8558673469387755,98
quadratic_soft,frequency,0.8280000000000001,0.9551836734693878,0.8558673469387755,98
quadratic_soft,frequency,0.8300000000000001,0.9554081632653061,0.8558673469387755,98
quadratic_soft,frequency,0.8320000000000001,0.9556326530612245,0.8558673469387755,98
quadratic_soft,frequency,0.834,0.955857142857143,0.8558673469387755,98
quadratic_soft,frequency,0.836,0.9560816326530612,0.8558673469387755,98
quadratic_soft,frequency,0.838,0.9563061224489795,0.8558673469387755,98
quadratic_soft,frequency,0.84,0.9565306122448979,0.8558673469387755,98
quadratic_soft,frequency,0.842,0.9567551020408162,0.8558673469387755,98
quadratic_soft,frequency,0.844,0.9569795918367348,0.8558673469387755,98
quadratic_soft,frequency,0.846,0.9572040816326531,0.8558673469387755,98
quadratic_soft,frequency,0.848,0.9574285714285714,0.8558673469387755,98
quadratic_soft,frequency,0.85,0.9576530612244898,0.8558673469387755,98
quadratic_soft,frequency,0.852,0.9578775510204082,0.8558673469387755,98
quadratic_soft,frequency,0.854,0.9581020408163264,0.8558673469387755,98
quadratic_soft,frequency,0.856,0.9583265306122448,0.8558673469387755,98
quadratic_soft,frequency,0.858,0.9585510204081633,0.8558673469387755,98
quadratic_soft,frequency,0.86,0.9587755102040816,0.8558673469387755,98
quadratic_soft,frequency,0.862,0.9589999999999999,0.8558673469387755,98
quadratic_soft,frequency,0.864,0.9592244897959186,0.8558673469387755,98
quadratic_soft,frequency,0.866,0.9594489795918368,0.8558673469387755,98
quadratic_soft,frequency,0.868,0.9596734693877551,0.8558673469387755,98
quadratic_soft,frequency,0.87,0.9598979591836734,0.8558673469387755,98
quadratic_soft,frequency,0.872,0.9601224489795916,0.8558673469387755,98
quadratic_soft,frequency,0.874,0.9603469387755099,0.8558673469387755,98
quadratic_soft,frequency,0.876,0.9605714285714286,0.8558673469387755,98
quadratic_soft,frequency,0.878,0.9607959183673469,0.8558673469387755,98
quadratic_soft,frequency,0.88,0.9610204081632653,0.8558673469387755,98
quadratic_soft,frequency,0.882,0.9612448979591838,0.8558673469387755,98
quadratic_soft,frequency,0.884,0.9614693877551023,0.8558673469387755,98
quadratic_soft,frequency,0.886,0.9616938775510205,0.8558673469387755,98
quadratic_soft,frequency,0.888,0.9619183673469388,0.8558673469387755,98
quadratic_soft,frequency,0.89,0.9621428571428571,0.8558673469387755,98
quadratic_soft,frequency,0.892,0.9623673469387753,0.8558673469387755,98
quadratic_soft,frequency,0.894,0.9625918367346937,0.8558673469387755,98
quadratic_soft,frequency,0.896,0.9628163265306123,0.8558673469387755,98
quadratic_soft,frequency,0.898,0.9630408163265306,0.8558673469387755,98
quadratic_soft,frequency,0.9,0.963265306122449,0.8558673469387755,98
quadratic_soft,frequency,0.902,0.9634897959183674,0.8558673469387755,98
quadratic_soft,frequency,0.904,0.9637142857142856,0.8558673469387755,98
quadratic_soft,frequency,0.906,0.9639387755102041,0.8558673469387755,98
quadratic_soft,frequency,0.908,0.9641632653061224,0.8558673469387755,98
quadratic_soft,frequency,0.91,0.9643877551020408,0.8558673469387755,98
quadratic_soft,frequency,0.912,0.9646122448979592,0.8558673469387755,98
quadratic_soft,frequency,0.914,0.9648367346938778,0.8558673469387755,98
quadratic_soft,frequency,0.916,0.965061224489796,0.8558673469387755,98
quadratic_soft,frequency,0.918,0.9652857142857144,0.8558673469387755,98
quadratic_soft,frequency,0.92,0.9655102040816327,0.8558673469387755,98
quadratic_soft,frequency,0.922,0.965734693877551,0.8558673469387755,98
quadratic_soft,frequency,0.924,0.9659591836734692,0.8558673469387755,98
quadratic_soft,frequency,0.926,0.9661836734693877,0.8558673469387755,98
quadratic_soft,frequency,0.928,0.9664081632653061,0.8558673469387755,98
quadratic_soft,frequency,0.93,0.9666326530612245,0.8558673469387755,98
quadratic_soft,frequency,0.932,0.9668571428571429,0.8558673469387755,98
quadratic_soft,frequency,0.934,0.9670816326530614,0.8558673469387755,98
quadratic_soft,frequency,0.936,0.9673061224489798,0.8558673469387755,98
quadratic_soft,frequency,0.9380000000000001,0.9675306122448981,0.8558673469387755,98
quadratic_soft,frequency,0.9400000000000001,0.9677551020408162,0.8558673469387755,98
quadratic_soft,frequency,0.9420000000000001,0.9679795918367345,0.8558673469387755,98
quadratic_soft,frequency,0.9440000000000001,0.9682040816326529,0.8558673469387755,98
quadratic_soft,frequency,0.9460000000000001,0.9684285714285715,0.8558673469387755,98
quadratic_soft,frequency,0.9480000000000001,0.9686530612244898,0.8558673469387755,98
quadratic_soft,frequency,0.9500000000000001,0.9688775510204082,0.8558673469387755,98
quadratic_soft,frequency,0.9520000000000001,0.9691020408163264,0.8558673469387755,98
quadratic_soft,frequency,0.9540000000000001,0.969326530612245,0.8558673469387755,98
quadratic_soft,frequency,0.9560000000000001,0.9695510204081633,0.8558673469387755,98
quadratic_soft,frequency,0.9580000000000001,0.9697755102040816,0.8558673469387755,98
quadratic_soft,frequency,0.96,0.9699999999999999,0.8558673469387755,98
quadratic_soft,frequency,0.962,0.9702244897959184,0.8558673469387755,98
quadratic_soft,frequency,0.964,0.9704489795918366,0.8558673469387755,98
quadratic_soft,frequency,0.966,0.9706734693877551,0.8558673469387755,98
quadratic_soft,frequency,0.968,0.9708979591836736,0.8558673469387755,98
quadratic_soft,frequency,0.97,0.9711224489795919,0.8558673469387755,98
quadratic_soft,frequency,0.972,0.9713469387755101,0.8558673469387755,98
quadratic_soft,frequency,0.974,0.9715714285714285,0.8558673469387755,98
quadratic_soft,frequency,0.976,0.9717959183673468,0.8558673469387755,98
quadratic_soft,frequency,0.978,0.9720204081632653,0.8558673469387755,98
quadratic_soft,frequency,0.98,0.9722448979591837,0.8558673469387755,98
quadratic_soft,frequency,0.982,0.9724693877551019,0.8558673469387755,98
quadratic_soft,frequency,0.984,0.9726938775510204,0.8558673469387755,98
quadratic_soft,frequency,0.986,0.9729183673469389,0.8558673469387755,98
quadratic_soft,frequency,0.988,0.9731428571428572,0.8558673469387755,98
quadratic_soft,frequency,0.99,0.9733673469387755,0.8558673469387755,98
quadratic_soft,frequency,0.992,0.9735918367346938,0.8558673469387755,98
quadratic_soft,frequency,0.994,0.9738163265306121,0.8558673469387755,98
quadratic_soft,frequency,0.996,0.9740408163265305,0.8558673469387755,98
quadratic_soft,frequency,0.998,0.9742653061224491,0.8558673469387755,98
quadratic_soft,frequency,1.0,1.0,0.8558673469387755,98
prototype_soft,network,0.0,0.45,0.7375,100
prototype_soft,network,0.002,0.45,0.7375,100
prototype_soft,network,0.004,0.45,0.7375,100
prototype_soft,network,0.006,0.45,0.7375,100
prototype_soft,network,0.008,0.45,0.7375,100
prototype_soft,network,0.01,0.45,0.7375,100
prototype_soft,network,0.012,0.45,0.7375,100
prototype_soft,network,0.014,0.45,0.7375,100
prototype_soft,network,0.016,0.45,0.7375,100
prototype_soft,network,0.018000000000000002,0.45,0.7375,100
prototype_soft,network,0.02,0.45,0.7375,100
prototype_soft,network,0.022,0.45,0.7375,100
prototype_soft,network,0.024,0.45,0.7375,100
prototype_soft,network,0.026000000000000002,0.45,0.7375,100
prototype_soft,network,0.028,0.45,0.7375,100
prototype_soft,network,0.03,0.45,0.7375,100
prototype_soft,network,0.032,0.45,0.7375,100
prototype_soft,network,0.034,0.45,0.7375,100
prototype_soft,network,0.036000000000000004,0.45,0.7375,100
prototype_soft,network,0.038,0.45,0.7375,100
prototype_soft,network,0.04,0.45,0.7375,100
prototype_soft,network,0.042,0.45,0.7375,100
prototype_soft,network,0.044,0.45,0.7375,100
prototype_soft,network,0.046,0.45,0.7375,100
prototype_soft,network,0.048,0.45,0.7375,100
prototype_soft,network,0.05,0.45,0.7375,100
prototype_soft,network,0.052000000000000005,0.45,0.7375,100
prototype_soft,network,0.054,0.45,0.7375,100
prototype_soft,network,0.056,0.45,0.7375,100
prototype_soft,network,0.058,0.45,0.7375,100
prototype_soft,network,0.06,0.45,0.7375,100
prototype_soft,network,0.062,0.45,0.7375,100
prototype_soft,network,0.064,0.45,0.7375,100
prototype_soft,network,0.066,0.45,0.7375,100
prototype_soft,network,0.068,0.45,0.7375,100
prototype_soft,network,0.07,0.45,0.7375,100
prototype_soft,network,0.07200000000000001,0.45,0.7375,100
prototype_soft,network,0.074,0.45,0.7375,100
prototype_soft,network,0.076,0.45,0.7375,100
prototype_soft,network,0.078,0.45,0.7375,100
prototype_soft,network,0.08,0.45,0.7375,100
prototype_soft,network,0.082,0.45,0.7375,100
prototype_soft,network,0.084,0.45,0.7375,100
prototype_soft,network,0.08600000000000001,0.45,0.7375,100
prototype_soft,network,0.088,0.45,0.7375,100
prototype_soft,network,0.09,0.45,0.7375,100
prototype_soft,network,0.092,0.45,0.7375,100
prototype_soft,network,0.094,0.45,0.7375,100
prototype_soft,network,0.096,0.45,0.7375,100
prototype_soft,network,0.098,0.45,0.7375,100
prototype_soft,network,0.1,0.45,0.7375,100
prototype_soft,network,0.10200000000000001,0.45,0.7375,100
prototype_soft,network,0.10400000000000001,0.45,0.7375,100
prototype_soft,network,0.106,0.45,0.7375,100
prototype_soft,network,0.108,0.45,0.7375,100
prototype_soft,network,0.11,0.45,0.7375,100
prototype_soft,network,0.112,0.45,0.7375,100
prototype_soft,network,0.114,0.45,0.7375,100
prototype_soft,network,0.116,0.45,0.7375,100
prototype_soft,network,0.11800000000000001,0.45,0.7375,100
prototype_soft,network,0.12,0.45,0.7375,100
prototype_soft,network,0.122,0.45,0.7375,100
prototype_soft,network,0.124,0.45,0.7375,100
prototype_soft,network,0.126,0.45,0.7375,100
prototype_soft,network,0.128,0.45,0.7375,100
prototype_soft,network,0.13,0.45,0.7375,100
prototype_soft,network,0.132,0.45,0.7375,100
prototype_soft,network,0.134,0.45,0.7375,100
prototype_soft,network,0.136,0.45,0.7375,100
prototype_soft,network,0.138,0.45,0.7375,100
prototype_soft,network,0.14,0.45,0.7375,100
prototype_soft,network,0.14200000000000002,0.45,0.7375,100
prototype_soft,network,0.14400000000000002,0.45,0.7375,100
prototype_soft,network,0.146,0.45,0.7375,100
prototype_soft,network,0.148,0.45,0.7375,100
prototype_soft,network,0.15,0.45,0.7375,100
prototype_soft,network,0.152,0.45,0.7375,100
prototype_soft,network,0.154,0.45,0.7375,100
prototype_soft,network,0.156,0.45,0.7375,100
prototype_soft,network,0.158,0.45,0.7375,100
prototype_soft,network,0.16,0.45,0.7375,100
prototype_soft,network,0.162,0.45,0.7375,100
prototype_soft,network,0.164,0.45,0.7375,100
prototype_soft,network,0.166,0.45,0.7375,100
prototype_soft,network,0.168,0.45,0.7375,100
prototype_soft,network,0.17,0.45,0.7375,100
prototype_soft,network,0.17200000000000001,0.45,0.7375,100
prototype_soft,network,0.17400000000000002,0.45,0.7375,100
prototype_soft,network,0.176,0.45,0.7375,100
prototype_soft,network,0.178,0.45,0.7375,100
prototype_soft,network,0.18,0.45,0.7375,100
prototype_soft,network,0.182,0.45,0.7375,100
prototype_soft,network,0.184,0.45,0.7375,100
prototype_soft,network,0.186,0.45,0.7375,100
prototype_soft,network,0.188,0.45,0.7375,100
prototype_soft,network,0.19,0.45,0.7375,100
prototype_soft,network,0.192,0.45,0.7375,100
prototype_soft,network,0.194,0.45,0.7375,100
prototype_soft,network,0.196,0.45,0.7375,100
prototype_soft,network,0.198,0.45,0.7375,100
prototype_soft,network,0.2,0.45,0.7375,100
prototype_soft,network,0.202,0.45,0.7375,100
prototype_soft,network,0.20400000000000001,0.45,0.7375,100
prototype_soft,network,0.20600000000000002,0.45,0.7375,100
prototype_soft,network,0.20800000000000002,0.45,0.7375,100
prototype_soft,network,0.21,0.45,0.7375,100
prototype_soft,network,0.212,0.45,0.7375,100
prototype_soft,network,0.214,0.45,0.7375,100
prototype_soft,network,0.216,0.45,0.7375,100
prototype_soft,network,0.218,0.45,0.7375,100
prototype_soft,network,0.22,0.45,0.7375,100
prototype_soft,network,0.222,0.45,0.7375,100
prototype_soft,network,0.224,0.45,0.7375,100
prototype_soft,network,0.226,0.45,0.7375,100
prototype_soft,network,0.228,0.45,0.7375,100
prototype_soft,network,0.23,0.45,0.7375,100
prototype_soft,network,0.232,0.45,0.7375,100
prototype_soft,network,0.234,0.45,0.7375,100
prototype_soft,network,0.23600000000000002,0.45,0.7375,100
prototype_soft,network,0.23800000000000002,0.45,0.7375,100
prototype_soft,network,0.24,0.45,0.7375,100
prototype_soft,network,0.242,0.45,0.7375,100
prototype_soft,network,0.244,0.45,0.7375,100
prototype_soft,network,0.246,0.45,0.7375,100
prototype_soft,network,0.248,0.45,0.7375,100
prototype_soft,network,0.25,0.68,0.7375,100
prototype_soft,network,0.252,0.68,0.7375,100
prototype_soft,network,0.254,0.68,0.7375,100
prototype_soft,network,0.256,0.68,0.7375,100
prototype_soft,network,0.258,0.68,0.7375,100
prototype_soft,network,0.26,0.68,0.7375,100
prototype_soft,network,0.262,0.68,0.7375,100
prototype_soft,network,0.264,0.68,0.7375,100
prototype_soft,network,0.266,0.68,0.7375,100
prototype_soft,network,0.268,0.68,0.7375,100
prototype_soft,network,0.27,0.68,0.7375,100
prototype_soft,network,0.272,0.68,0.7375,100
prototype_soft,network,0.274,0.68,0.7375,100
prototype_soft,network,0.276,0.68,0.7375,100
prototype_soft,network,0.278,0.68,0.7375,100
prototype_soft,network,0.28,0.68,0.7375,100
prototype_soft,network,0.28200000000000003,0.68,0.7375,100
prototype_soft,network,0.28400000000000003,0.68,0.7375,100
prototype_soft,network,0.28600000000000003,0.68,0.7375,100
prototype_soft,network,0.28800000000000003,0.68,0.7375,100
prototype_soft,network,0.29,0.68,0.7375,100
prototype_soft,network,0.292,0.68,0.7375,100
prototype_soft,network,0.294,0.68,0.7375,100
prototype_soft,network,0.296,0.68,0.7375,100
prototype_soft,network,0.298,0.68,0.7375,100
prototype_soft,network,0.3,0.68,0.7375,100
prototype_soft,network,0.302,0.68,0.7375,100
prototype_soft,network,0.304,0.68,0.7375,100
prototype_soft,network,0.306,0.68,0.7375,100
prototype_soft,network,0.308,0.68,0.7375,100
prototype_soft,network,0.31,0.68,0.7375,100
prototype_soft,network,0.312,0.68,0.7375,100
prototype_soft,network,0.314,0.68,0.7375,100
prototype_soft,network,0.316,0.68,0.7375,100
prototype_soft,network,0.318,0.68,0.7375,100
prototype_soft,network,0.32,0.68,0.7375,100
prototype_soft,network,0.322,0.68,0.7375,100
prototype_soft,network,0.324,0.68,0.7375,100
prototype_soft,network,0.326,0.68,0.7375,100
prototype_soft,network,0.328,0.68,0.7375,100
prototype_soft,network,0.33,0.68,0.7375,100
prototype_soft,network,0.332,0.68,0.7375,100
prototype_soft,network,0.334,0.68,0.7375,100
prototype_soft,network,0.336,0.68,0.7375,100
prototype_soft,network,0.338,0.68,0.7375,100
prototype_soft,network,0.34,0.68,0.7375,100
prototype_soft,network,0.342,0.68,0.7375,100
prototype_soft,network,0.34400000000000003,0.68,0.7375,100
prototype_soft,network,0.34600000000000003,0.68,0.7375,100
prototype_soft,network,0.34800000000000003,0.68,0.7375,100
prototype_soft,network,0.35000000000000003,0.68,0.7375,100
prototype_soft,network,0.352,0.68,0.7375,100
prototype_soft,network,0.354,0.68,0.7375,100
prototype_soft,network,0.356,0.68,0.7375,100
prototype_soft,network,0.358,0.68,0.7375,100
prototype_soft,network,0.36,0.68,0.7375,100
prototype_soft,network,0.362,0.68,0.7375,100
prototype_soft,network,0.364,0.68,0.7375,100
prototype_soft,network,0.366,0.68,0.7375,100
prototype_soft,network,0.368,0.68,0.7375,100
prototype_soft,network,0.37,0.68,0.7375,100
prototype_soft,network,0.372,0.68,0.7375,100
prototype_soft,network,0.374,0.68,0.7375,100
prototype_soft,network,0.376,0.68,0.7375,100
prototype_soft,network,0.378,0.68,0.7375,100
prototype_soft,network,0.38,0.68,0.7375,100
prototype_soft,network,0.382,0.68,0.7375,100
prototype_soft,network,0.384,0.68,0.7375,100
prototype_soft,network,0.386,0.68,0.7375,100
prototype_soft,network,0.388,0.68,0.7375,100
prototype_soft,network,0.39,0.68,0.7375,100
prototype_soft,network,0.392,0.68,0.7375,100
prototype_soft,network,0.394,0.68,0.7375,100
prototype_soft,network,0.396,0.68,0.7375,100
prototype_soft,network,0.398,0.68,0.7375,100
prototype_soft,network,0.4,0.68,0.7375,100
prototype_soft,network,0.402,0.68,0.7375,100
prototype_soft,network,0.404,0.68,0.7375,100
prototype_soft,network,0.406,0.68,0.7375,100
prototype_soft,network,0.40800000000000003,0.68,0.7375,100
prototype_soft,network,0.41000000000000003,0.68,0.7375,100
prototype_soft,network,0.41200000000000003,0.68,0.7375,100
prototype_soft,network,0.41400000000000003,0.68,0.7375,100
prototype_soft,network,0.41600000000000004,0.68,0.7375,100
prototype_soft,network,0.418,0.68,0.7375,100
prototype_soft,network,0.42,0.68,0.7375,100
prototype_soft,network,0.422,0.68,0.7375,100
prototype_soft,network,0.424,0.68,0.7375,100
prototype_soft,network,0.426,0.68,0.7375,100
prototype_soft,network,0.428,0.68,0.7375,100
prototype_soft,network,0.43,0.68,0.7375,100
prototype_soft,network,0.432,0.68,0.7375,100
prototype_soft,network,0.434,0.68,0.7375,100
prototype_soft,network,0.436,0.68,0.7375,100
prototype_soft,network,0.438,0.68,0.7375,100
prototype_soft,network,0.44,0.68,0.7375,100
prototype_soft,network,0.442,0.68,0.7375,100
prototype_soft,network,0.444,0.68,0.7375,100
prototype_soft,network,0.446,0.68,0.7375,100
prototype_soft,network,0.448,0.68,0.7375,100
prototype_soft,network,0.45,0.68,0.7375,100
prototype_soft,network,0.452,0.68,0.7375,100
prototype_soft,network,0.454,0.68,0.7375,100
prototype_soft,network,0.456,0.68,0.7375,100
prototype_soft,network,0.458,0.68,0.7375,100
prototype_soft,network,0.46,0.68,0.7375,100
prototype_soft,network,0.462,0.68,0.7375,100
prototype_soft,network,0.464,0.68,0.7375,100
prototype_soft,network,0.466,0.68,0.7375,100
prototype_soft,network,0.468,0.68,0.7375,100
prototype_soft,network,0.47000000000000003,0.68,0.7375,100
prototype_soft,network,0.47200000000000003,0.68,0.7375,100
prototype_soft,network,0.47400000000000003,0.68,0.7375,100
prototype_soft,network,0.47600000000000003,0.68,0.7375,100
prototype_soft,network,0.47800000000000004,0.68,0.7375,100
prototype_soft,network,0.48,0.68,0.7375,100
prototype_soft,network,0.482,0.68,0.7375,100
prototype_soft,network,0.484,0.68,0.7375,100
prototype_soft,network,0.486,0.68,0.7375,100
prototype_soft,network,0.488,0.68,0.7375,100
prototype_soft,network,0.49,0.68,0.7375,100
prototype_soft,network,0.492,0.68,0.7375,100
prototype_soft,network,0.494,0.68,0.7375,100
prototype_soft,network,0.496,0.68,0.7375,100
prototype_soft,network,0.498,0.68,0.7375,100
prototype_soft,network,0.5,0.865,0.7375,100
prototype_soft,network,0.502,0.865,0.7375,100
prototype_soft,network,0.504,0.865,0.7375,100
prototype_soft,network,0.506,0.865,0.7375,100
prototype_soft,network,0.508,0.865,0.7375,100
prototype_soft,network,0.51,0.865,0.7375,100
prototype_soft,network,0.512,0.865,0.7375,100
prototype_soft,network,0.514,0.865,0.7375,100
prototype_soft,network,0.516,0.865,0.7375,100
prototype_soft,network,0.518,0.865,0.7375,100
prototype_soft,network,0.52,0.865,0.7375,100
prototype_soft,network,0.522,0.865,0.7375,100
prototype_soft,network,0.524,0.865,0.7375,100
prototype_soft,network,0.526,0.865,0.7375,100
prototype_soft,network,0.528,0.865,0.7375,100
prototype_soft,network,0.53,0.865,0.7375,100
prototype_soft,network,0.532,0.865,0.7375,100
prototype_soft,network,0.534,0.865,0.7375,100
prototype_soft,network,0.536,0.865,0.7375,100
prototype_soft,network,0.538,0.865,0.7375,100
prototype_soft,network,0.54,0.865,0.7375,100
prototype_soft,network,0.542,0.865,0.7375,100
prototype_soft,network,0.544,0.865,0.7375,100
prototype_soft,network,0.546,0.865,0.7375,100
prototype_soft,network,0.548,0.865,0.7375,100
prototype_soft,network,0.55,0.865,0.7375,100
prototype_soft,network,0.552,0.865,0.7375,100
prototype_soft,network,0.554,0.865,0.7375,100
prototype_soft,network,0.556,0.865,0.7375,100
prototype_soft,network,0.558,0.865,0.7375,100
prototype_soft,network,0.56,0.865,0.7375,100
prototype_soft,network,0.562,0.865,0.7375,100
prototype_soft,network,0.5640000000000001,0.865,0.7375,100
prototype_soft,network,0.5660000000000001,0.865,0.7375,100
prototype_soft,network,0.5680000000000001,0.865,0.7375,100
prototype_soft,network,0.5700000000000001,0.865,0.7375,100
prototype_soft,network,0.5720000000000001,0.865,0.7375,100
prototype_soft,network,0.5740000000000001,0.865,0.7375,100
prototype_soft,network,0.5760000000000001,0.865,0.7375,100
prototype_soft,network,0.578,0.865,0.7375,100
prototype_soft,network,0.58,0.865,0.7375,100
prototype_soft,network,0.582,0.865,0.7375,100
prototype_soft,network,0.584,0.865,0.7375,100
prototype_soft,network,0.586,0.865,0.7375,100
prototype_soft,network,0.588,0.865,0.7375,100
prototype_soft,network,0.59,0.865,0.7375,100
prototype_soft,network,0.592,0.865,0.7375,100
prototype_soft,network,0.594,0.865,0.7375,100
prototype_soft,network,0.596,0.865,0.7375,100
prototype_soft,network,0.598,0.865,0.7375,100
prototype_soft,network,0.6,0.865,0.7375,100
prototype_soft,network,0.602,0.865,0.7375,100
prototype_soft,network,0.604,0.865,0.7375,100
prototype_soft,network,0.606,0.865,0.7375,100
prototype_soft,network,0.608,0.865,0.7375,100
prototype_soft,network,0.61,0.865,0.7375,100
prototype_soft,network,0.612,0.865,0.7375,100
prototype_soft,network,0.614,0.865,0.7375,100
prototype_soft,network,0.616,0.865,0.7375,100
prototype_soft,network,0.618,0.865,0.7375,100
prototype_soft,network,0.62,0.865,0.7375,100
prototype_soft,network,0.622,0.865,0.7375,100
prototype_soft,network,0.624,0.865,0.7375,100
prototype_soft,network,0.626,0.865,0.7375,100
prototype_soft,network,0.628,0.865,0.7375,100
prototype_soft,network,0.63,0.865,0.7375,100
prototype_soft,network,0.632,0.865,0.7375,100
prototype_soft,network,0.634,0.865,0.7375,100
prototype_soft,network,0.636,0.865,0.7375,100
prototype_soft,network,0.638,0.865,0.7375,100
prototype_soft,network,0.64,0.865,0.7375,100
prototype_soft,network,0.642,0.865,0.7375,100
prototype_soft,network,0.644,0.865,0.7375,100
prototype_soft,network,0.646,0.865,0.7375,100
prototype_soft,network,0.648,0.865,0.7375,100
prototype_soft,network,0.65,0.865,0.7375,100
prototype_soft,network,0.652,0.865,0.7375,100
prototype_soft,network,0.654,0.865,0.7375,100
prototype_soft,network,0.656,0.865,0.7375,100
prototype_soft,network,0.658,0.865,0.7375,100
prototype_soft,network,0.66,0.865,0.7375,100
prototype_soft,network,0.662,0.865,0.7375,100
prototype_soft,network,0.664,0.865,0.7375,100
prototype_soft,network,0.666,0.865,0.7375,100
prototype_soft,network,0.668,0.865,0.7375,100
prototype_soft,network,0.67,0.865,0.7375,100
prototype_soft,network,0.672,0.865,0.7375,100
prototype_soft,network,0.674,0.865,0.7375,100
prototype_soft,network,0.676,0.865,0.7375,100
prototype_soft,network,0.678,0.865,0.7375,100
prototype_soft,network,0.68,0.865,0.7375,100
prototype_soft,network,0.682,0.865,0.7375,100
prototype_soft,network,0.684,0.865,0.7375,100
prototype_soft,network,0.686,0.865,0.7375,100
prototype_soft,network,0.6880000000000001,0.865,0.7375,100
prototype_soft,network,0.6900000000000001,0.865,0.7375,100
prototype_soft,network,0.6920000000000001,0.865,0.7375,100
prototype_soft,network,0.6940000000000001,0.865,0.7375,100
prototype_soft,network,0.6960000000000001,0.865,0.7375,100
prototype_soft,network,0.6980000000000001,0.865,0.7375,100
prototype_soft,network,0.7000000000000001,0.865,0.7375,100
prototype_soft,network,0.7020000000000001,0.865,0.7375,100
prototype_soft,network,0.704,0.865,0.7375,100
prototype_soft,network,0.706,0.865,0.7375,100
prototype_soft,network,0.708,0.865,0.7375,100
prototype_soft,network,0.71,0.865,0.7375,100
prototype_soft,network,0.712,0.865,0.7375,100
prototype_soft,network,0.714,0.865,0.7375,100
prototype_soft,network,0.716,0.865,0.7375,100
prototype_soft,network,0.718,0.865,0.7375,100
prototype_soft,network,0.72,0.865,0.7375,100
prototype_soft,network,0.722,0.865,0.7375,100
prototype_soft,network,0.724,0.865,0.7375,100
prototype_soft,network,0.726,0.865,0.7375,100
prototype_soft,network,0.728,0.865,0.7375,100
prototype_soft,network,0.73,0.865,0.7375,100
prototype_soft,network,0.732,0.865,0.7375,100
prototype_soft,network,0.734,0.865,0.7375,100
prototype_soft,network,0.736,0.865,0.7375,100
prototype_soft,network,0.738,0.865,0.7375,100
prototype_soft,network,0.74,0.865,0.7375,100
prototype_soft,network,0.742,0.865,0.7375,100
prototype_soft,network,0.744,0.865,0.7375,100
prototype_soft,network,0.746,0.865,0.7375,100
prototype_soft,network,0.748,0.865,0.7375,100
prototype_soft,network,0.75,0.955,0.7375,100
prototype_soft,network,0.752,0.955,0.7375,100
prototype_soft,network,0.754,0.955,0.7375,100
prototype_soft,network,0.756,0.955,0.7375,100
prototype_soft,network,0.758,0.955,0.7375,100
prototype_soft,network,0.76,0.955,0.7375,100
prototype_soft,network,0.762,0.955,0.7375,100
prototype_soft,network,0.764,0.955,0.7375,100
prototype_soft,network,0.766,0.955,0.7375,100
prototype_soft,network,0.768,0.955,0.7375,100
prototype_soft,network,0.77,0.955,0.7375,100
prototype_soft,network,0.772,0.955,0.7375,100
prototype_soft,network,0.774,0.955,0.7375,100
prototype_soft,network,0.776,0.955,0.7375,100
prototype_soft,network,0.778,0.955,0.7375,100
prototype_soft,network,0.78,0.955,0.7375,100
prototype_soft,network,0.782,0.955,0.7375,100
prototype_soft,network,0.784,0.955,0.7375,100
prototype_soft,network,0.786,0.955,0.7375,100
prototype_soft,network,0.788,0.955,0.7375,100
prototype_soft,network,0.79,0.955,0.7375,100
prototype_soft,network,0.792,0.955,0.7375,100
prototype_soft,network,0.794,0.955,0.7375,100
prototype_soft,network,0.796,0.955,0.7375,100
prototype_soft,network,0.798,0.955,0.7375,100
prototype_soft,network,0.8,0.955,0.7375,100
prototype_soft,network,0.802,0.955,0.7375,100
prototype_soft,network,0.804,0.955,0.7375,100
prototype_soft,network,0.806,0.955,0.7375,100
prototype_soft,network,0.808,0.955,0.7375,100
prototype_soft,network,0.81,0.955,0.7375,100
prototype_soft,network,0.812,0.955,0.7375,100
prototype_soft,network,0.8140000000000001,0.955,0.7375,100
prototype_soft,network,0.8160000000000001,0.955,0.7375,100
prototype_soft,network,0.8180000000000001,0.955,0.7375,100
prototype_soft,network,0.8200000000000001,0.955,0.7375,100
prototype_soft,network,0.8220000000000001,0.955,0.7375,100
prototype_soft,network,0.8240000000000001,0.955,0.7375,100
prototype_soft,network,0.8260000000000001,0.955,0.7375,100
prototype_soft,network,0.8280000000000001,0.955,0.7375,100
prototype_soft,network,0.8300000000000001,0.955,0.7375,100
prototype_soft,network,0.8320000000000001,0.955,0.7375,100
prototype_soft,network,0.834,0.955,0.7375,100
prototype_soft,network,0.836,0.955,0.7375,100
prototype_soft,network,0.838,0.955,0.7375,100
prototype_soft,network,0.84,0.955,0.7375,100
prototype_soft,network,0.842,0.955,0.7375,100
prototype_soft,network,0.844,0.955,0.7375,100
prototype_soft,network,0.846,0.955,0.7375,100
prototype_soft,network,0.848,0.955,0.7375,100
prototype_soft,network,0.85,0.955,0.7375,100
prototype_soft,network,0.852,0.955,0.7375,100
prototype_soft,network,0.854,0.955,0.7375,100
prototype_soft,network,0.856,0.955,0.7375,100
prototype_soft,network,0.858,0.955,0.7375,100
prototype_soft,network,0.86,0.955,0.7375,100
prototype_soft,network,0.862,0.955,0.7375,100
prototype_soft,network,0.864,0.955,0.7375,100
prototype_soft,network,0.866,0.955,0.7375,100
prototype_soft,network,0.868,0.955,0.7375,100
prototype_soft,network,0.87,0.955,0.7375,100
prototype_soft,network,0.872,0.955,0.7375,100
prototype_soft,network,0.874,0.955,0.7375,100
prototype_soft,network,0.876,0.955,0.7375,100
prototype_soft,network,0.878,0.955,0.7375,100
prototype_soft,network,0.88,0.955,0.7375,100
prototype_soft,network,0.882,0.955,0.7375,100
prototype_soft,network,0.884,0.955,0.7375,100
prototype_soft,network,0.886,0.955,0.7375,100
prototype_soft,network,0.888,0.955,0.7375,100
prototype_soft,network,0.89,0.955,0.7375,100
prototype_soft,network,0.892,0.955,0.7375,100
prototype_soft,network,0.894,0.955,0.7375,100
prototype_soft,network,0.896,0.955,0.7375,100
prototype_soft,network,0.898,0.955,0.7375,100
prototype_soft,network,0.9,0.955,0.7375,100
prototype_soft,network,0.902,0.955,0.7375,100
prototype_soft,network,0.904,0.955,0.7375,100
prototype_soft,network,0.906,0.955,0.7375,100
prototype_soft,network,0.908,0.955,0.7375,100
prototype_soft,network,0.91,0.955,0.7375,100
prototype_soft,network,0.912,0.955,0.7375,100
prototype_soft,network,0.914,0.955,0.7375,100
prototype_soft,network,0.916,0.955,0.7375,100
prototype_soft,network,0.918,0.955,0.7375,100
prototype_soft,network,0.92,0.955,0.7375,100
prototype_soft,network,0.922,0.955,0.7375,100
prototype_soft,network,0.924,0.955,0.7375,100
prototype_soft,network,0.926,0.955,0.7375,100
prototype_soft,network,0.928,0.955,0.7375,100
prototype_soft,network,0.93,0.955,0.7375,100
prototype_soft,network,0.932,0.955,0.7375,100
prototype_soft,network,0.934,0.955,0.7375,100
prototype_soft,network,0.936,0.955,0.7375,100
prototype_soft,network,0.9380000000000001,0.955,0.7375,100
prototype_soft,network,0.9400000000000001,0.955,0.7375,100
prototype_soft,network,0.9420000000000001,0.955,0.7375,100
prototype_soft,network,0.9440000000000001,0.955,0.7375,100
prototype_soft,network,0.9460000000000001,0.955,0.7375,100
prototype_soft,network,0.9480000000000001,0.955,0.7375,100
prototype_soft,network,0.9500000000000001,0.955,0.7375,100
prototype_soft,network,0.9520000000000001,0.955,0.7375,100
prototype_soft,network,0.9540000000000001,0.955,0.7375,100
prototype_soft,network,0.9560000000000001,0.955,0.7375,100
prototype_soft,network,0.9580000000000001,0.955,0.7375,100
prototype_soft,network,0.96,0.955,0.7375,100
prototype_soft,network,0.962,0.955,0.7375,100
prototype_soft,network,0.964,0.955,0.7375,100
prototype_soft,network,0.966,0.955,0.7375,100
prototype_soft,network,0.968,0.955,0.7375,100
prototype_soft,network,0.97,0.955,0.7375,100
prototype_soft,network,0.972,0.955,0.7375,100
prototype_soft,network,0.974,0.955,0.7375,100
prototype_soft,network,0.976,0.955,0.7375,100
prototype_soft,network,0.978,0.955,0.7375,100
prototype_soft,network,0.98,0.955,0.7375,100
prototype_soft,network,0.982,0.955,0.7375,100
prototype_soft,network,0.984,0.955,0.7375,100
prototype_soft,network,0.986,0.955,0.7375,100
prototype_soft,network,0.988,0.955,0.7375,100
prototype_soft,network,0.99,0.955,0.7375,100
prototype_soft,network,0.992,0.955,0.7375,100
prototype_soft,network,0.994,0.955,0.7375,100
prototype_soft,network,0.996,0.955,0.7375,100
prototype_soft,network,0.998,0.955,0.7375,100
prototype_soft,network,1.0,1.0,0.7375,100
prototype_soft,frequency,0.0,0.42346938775510207,0.7244897959183674,98
prototype_soft,frequency,0.002,0.42369387755102034,0.7244897959183674,98
prototype_soft,frequency,0.004,0.42391836734693883,0.7244897959183674,98
prototype_soft,frequency,0.006,0.42414285714285715,0.7244897959183674,98
prototype_soft,frequency,0.008,0.4243673469387754,0.7244897959183674,98
prototype_soft,frequency,0.01,0.4245918367346939,0.7244897959183674,98
prototype_soft,frequency,0.012,0.4248163265306123,0.7244897959183674,98
prototype_soft,frequency,0.014,0.4250408163265305,0.7244897959183674,98
prototype_soft,frequency,0.016,0.42526530612244884,0.7244897959183674,98
prototype_soft,frequency,0.018000000000000002,0.42548979591836744,0.7244897959183674,98
prototype_soft,frequency,0.02,0.42571428571428566,0.7244897959183674,98
prototype_soft,frequency,0.022,0.425938775510204,0.7244897959183674,98
prototype_soft,frequency,0.024,0.42616326530612253,0.7244897959183674,98
prototype_soft,frequency,0.026000000000000002,0.42638775510204074,0.7244897959183674,98
prototype_soft,frequency,0.028,0.4266122448979591,0.7244897959183674,98
prototype_soft,frequency,0.03,0.4268367346938777,0.7244897959183674,98
prototype_soft,frequency,0.032,0.4270612244897959,0.7244897959183674,98
prototype_soft,frequency,0.034,0.4272857142857142,0.7244897959183674,98
prototype_soft,frequency,0.036000000000000004,0.42751020408163276,0.7244897959183674,98
prototype_soft,frequency,0.038,0.42773469387755103,0.7244897959183674,98
prototype_soft,frequency,0.04,0.4279591836734693,0.7244897959183674,98
prototype_soft,frequency,0.042,0.42818367346938785,0.7244897959183674,98
prototype_soft,frequency,0.044,0.4284081632653061,0.7244897959183674,98
prototype_soft,frequency,0.046,0.42863265306122444,0.7244897959183674,98
prototype_soft,frequency,0.048,0.4288571428571427,0.7244897959183674,98
prototype_soft,frequency,0.05,0.42908163265306126,0.7244897959183674,98
prototype_soft,frequency,0.052000000000000005,0.42930612244897953,0.7244897959183674,98
prototype_soft,frequency,0.054,0.4295306122448978,0.7244897959183674,98
prototype_soft,frequency,0.056,0.4297551020408164,0.7244897959183674,98
prototype_soft,frequency,0.058,0.4299795918367347,0.7244897959183674,98
prototype_soft,frequency,0.06,0.43020408163265295,0.7244897959183674,98
prototype_soft,frequency,0.062,0.43042857142857155,0.7244897959183674,98
prototype_soft,frequency,0.064,0.4306530612244898,0.7244897959183674,98
prototype_soft,frequency,0.066,0.4308775510204081,0.7244897959183674,98
prototype_soft,frequency,0.068,0.43110204081632664,0.7244897959183674,98
prototype_soft,frequency,0.07,0.4313265306122449,0.7244897959183674,98
prototype_soft,frequency,0.07200000000000001,0.43155102040816323,0.7244897959183674,98
prototype_soft,frequency,0.074,0.4317755102040818,0.7244897959183674,98
prototype_soft,frequency,0.076,0.43200000000000005,0.7244897959183674,98
prototype_soft,frequency,0.078,0.4322244897959183,0.7244897959183674,98
prototype_soft,frequency,0.08,0.4324489795918366,0.7244897959183674,98
prototype_soft,frequency,0.082,0.4326734693877552,0.7244897959183674,98
prototype_soft,frequency,0.084,0.43289795918367346,0.7244897959183674,98
prototype_soft,frequency,0.08600000000000001,0.43312244897959173,0.7244897959183674,98
prototype_soft,frequency,0.088,0.4333469387755102,0.7244897959183674,98
prototype_soft,frequency,0.09,0.4335714285714286,0.7244897959183674,98
prototype_soft,frequency,0.092,0.4337959183673468,0.7244897959183674,98
prototype_soft,frequency,0.094,0.43402040816326537,0.7244897959183674,98
prototype_soft,frequency,0.096,0.4342448979591837,0.7244897959183674,98
prototype_soft,frequency,0.098,0.4344693877551019,0.7244897959183674,98
prototype_soft,frequency,0.1,0.4346938775510205,0.7244897959183674,98
prototype_soft,frequency,0.10200000000000001,0.43491836734693884,0.7244897959183674,98
prototype_soft,frequency,0.10400000000000001,0.43514285714285705,0.7244897959183674,98
prototype_soft,frequency,0.106,0.4353673469387756,0.7244897959183674,98
prototype_soft,frequency,0.108,0.435591836734694,0.7244897959183674,98
prototype_soft,frequency,0.11,0.4358163265306122,0.7244897959183674,98
prototype_soft,frequency,0.112,0.4360408163265305,0.7244897959183674,98
prototype_soft,frequency,0.114,0.4362653061224491,0.7244897959183674,98
prototype_soft,frequency,0.116,0.4364897959183673,0.7244897959183674,98
prototype_soft,frequency,0.11800000000000001,0.43671428571428567,0.7244897959183674,98
prototype_soft,frequency,0.12,0.43693877551020416,0.7244897959183674,98
prototype_soft,frequency,0.122,0.43716326530612243,0.7244897959183674,98
prototype_soft,frequency,0.124,0.4373877551020407,0.7244897959183674,98
prototype_soft,frequency,0.126,0.4376122448979593,0.7244897959183674,98
prototype_soft,frequency,0.128,0.43783673469387757,0.7244897959183674,98
prototype_soft,frequency,0.13,0.43806122448979584,0.7244897959183674,98
prototype_soft,frequency,0.132,0.43828571428571433,0.7244897959183674,98
prototype_soft,frequency,0.134,0.4385102040816327,0.7244897959183674,98
prototype_soft,frequency,0.136,0.4387346938775509,0.7244897959183674,98
prototype_soft,frequency,0.138,0.4389591836734695,0.7244897959183674,98
prototype_soft,frequency,0.14,0.4391836734693878,0.7244897959183674,98
prototype_soft,frequency,0.14200000000000002,0.439408163265306,0.7244897959183674,98
prototype_soft,frequency,0.14400000000000002,0.4396326530612244,0.7244897959183674,98
prototype_soft,frequency,0.146,0.43985714285714295,0.7244897959183674,98
prototype_soft,frequency,0.148,0.44008163265306116,0.7244897959183674,98
prototype_soft,frequency,0.15,0.4403061224489795,0.7244897959183674,98
prototype_soft,frequency,0.152,0.4405306122448981,0.7244897959183674,98
prototype_soft,frequency,0.154,0.4407551020408163,0.7244897959183674,98
prototype_soft,frequency,0.156,0.44097959183673463,0.7244897959183674,98
prototype_soft,frequency,0.158,0.4412040816326532,0.7244897959183674,98
prototype_soft,frequency,0.16,0.4414285714285714,0.7244897959183674,98
prototype_soft,frequency,0.162,0.4416530612244898,0.7244897959183674,98
prototype_soft,frequency,0.164,0.44187755102040827,0.7244897959183674,98
prototype_soft,frequency,0.166,0.44210204081632654,0.7244897959183674,98
prototype_soft,frequency,0.168,0.4423265306122448,0.7244897959183674,98
prototype_soft,frequency,0.17,0.4425510204081634,0.7244897959183674,98
prototype_soft,frequency,0.17200000000000001,0.4427755102040817,0.7244897959183674,98
prototype_soft,frequency,0.17400000000000002,0.44299999999999995,0.7244897959183674,98
prototype_soft,frequency,0.176,0.4432244897959182,0.7244897959183674,98
prototype_soft,frequency,0.178,0.44344897959183677,0.7244897959183674,98
prototype_soft,frequency,0.18,0.4436734693877551,0.7244897959183674,98
prototype_soft,frequency,0.182,0.44389795918367336,0.7244897959183674,98
prototype_soft,frequency,0.184,0.4441224489795919,0.7244897959183674,98
prototype_soft,frequency,0.186,0.4443469387755102,0.7244897959183674,98
prototype_soft,frequency,0.188,0.44457142857142845,0.7244897959183674,98
prototype_soft,frequency,0.19,0.44479591836734705,0.7244897959183674,98
prototype_soft,frequency,0.192,0.4450204081632653,0.7244897959183674,98
prototype_soft,frequency,0.194,0.4452448979591836,0.7244897959183674,98
prototype_soft,frequency,0.196,0.4454693877551022,0.7244897959183674,98
prototype_soft,frequency,0.198,0.44569387755102047,0.7244897959183674,98
prototype_soft,frequency,0.2,0.44591836734693874,0.7244897959183674,98
prototype_soft,frequency,0.202,0.4461428571428573,0.7244897959183674,98
prototype_soft,frequency,0.20400000000000001,0.44636734693877556,0.7244897959183674,98
prototype_soft,frequency,0.20600000000000002,0.4465918367346939,0.7244897959183674,98
prototype_soft,frequency,0.20800000000000002,0.44681632653061215,0.7244897959183674,98
prototype_soft,frequency,0.21,0.4470408163265307,0.7244897959183674,98
prototype_soft,frequency,0.212,0.44726530612244897,0.7244897959183674,98
prototype_soft,frequency,0.214,0.44748979591836724,0.7244897959183674,98
prototype_soft,frequency,0.216,0.4477142857142858,0.7244897959183674,98
prototype_soft,frequency,0.218,0.4479387755102041,0.7244897959183674,98
prototype_soft,frequency,0.22,0.4481632653061223,0.7244897959183674,98
prototype_soft,frequency,0.222,0.4483877551020409,0.7244897959183674,98
prototype_soft,frequency,0.224,0.44861224489795926,0.7244897959183674,98
prototype_soft,frequency,0.226,0.44883673469387747,0.7244897959183674,98
prototype_soft,frequency,0.228,0.449061224489796,0.7244897959183674,98
prototype_soft,frequency,0.23,0.44928571428571434,0.7244897959183674,98
prototype_soft,frequency,0.232,0.44951020408163256,0.7244897959183674,98
prototype_soft,frequency,0.234,0.44973469387755116,0.7244897959183674,98
prototype_soft,frequency,0.23600000000000002,0.4499591836734695,0.7244897959183674,98
prototype_soft,frequency,0.23800000000000002,0.4501836734693877,0.7244897959183674,98
prototype_soft,frequency,0.24,0.4504081632653061,0.7244897959183674,98
prototype_soft,frequency,0.242,0.4506326530612246,0.7244897959183674,98
prototype_soft,frequency,0.244,0.45085714285714285,0.7244897959183674,98
prototype_soft,frequency,0.246,0.45108163265306117,0.7244897959183674,98
prototype_soft,frequency,0.248,0.45130612244897966,0.7244897959183674,98
prototype_soft,frequency,0.25,0.6607142857142857,0.7244897959183674,98
prototype_soft,frequency,0.252,0.6610204081632653,0.7244897959183674,98
prototype_soft,frequency,0.254,0.6613265306122449,0.7244897959183674,98
prototype_soft,frequency,0.256,0.6616326530612245,0.7244897959183674,98
prototype_soft,frequency,0.258,0.661938775510204,0.7244897959183674,98
prototype_soft,frequency,0.26,0.6622448979591837,0.7244897959183674,98
prototype_soft,frequency,0.262,0.6625510204081634,0.7244897959183674,98
prototype_soft,frequency,0.264,0.6628571428571427,0.7244897959183674,98
prototype_soft,frequency,0.266,0.6631632653061224,0.7244897959183674,98
prototype_soft,frequency,0.268,0.6634693877551021,0.7244897959183674,98
prototype_soft,frequency,0.27,0.6637755102040814,0.7244897959183674,98
prototype_soft,frequency,0.272,0.6640816326530611,0.7244897959183674,98
prototype_soft,frequency,0.274,0.664387755102041,0.7244897959183674,98
prototype_soft,frequency,0.276,0.6646938775510203,0.7244897959183674,98
prototype_soft,frequency,0.278,0.6649999999999999,0.7244897959183674,98
prototype_soft,frequency,0.28,0.6653061224489796,0.7244897959183674,98
prototype_soft,frequency,0.28200000000000003,0.6656122448979591,0.7244897959183674,98
prototype_soft,frequency,0.28400000000000003,0.6659183673469387,0.7244897959183674,98
prototype_soft,frequency,0.28600000000000003,0.6662244897959184,0.7244897959183674,98
prototype_soft,frequency,0.28800000000000003,0.6665306122448978,0.7244897959183674,98
prototype_soft,frequency,0.29,0.6668367346938775,0.7244897959183674,98
prototype_soft,frequency,0.292,0.6671428571428573,0.7244897959183674,98
prototype_soft,frequency,0.294,0.6674489795918367,0.7244897959183674,98
prototype_soft,frequency,0.296,0.6677551020408163,0.7244897959183674,98
prototype_soft,frequency,0.298,0.6680612244897959,0.7244897959183674,98
prototype_soft,frequency,0.3,0.6683673469387755,0.7244897959183674,98
prototype_soft,frequency,0.302,0.6686734693877551,0.7244897959183674,98
prototype_soft,frequency,0.304,0.6689795918367347,0.7244897959183674,98
prototype_soft,frequency,0.306,0.6692857142857144,0.7244897959183674,98
prototype_soft,frequency,0.308,0.6695918367346939,0.7244897959183674,98
prototype_soft,frequency,0.31,0.6698979591836736,0.7244897959183674,98
prototype_soft,frequency,0.312,0.6702040816326531,0.7244897959183674,98
prototype_soft,frequency,0.314,0.6705102040816328,0.7244897959183674,98
prototype_soft,frequency,0.316,0.6708163265306123,0.7244897959183674,98
prototype_soft,frequency,0.318,0.671122448979592,0.7244897959183674,98
prototype_soft,frequency,0.32,0.6714285714285716,0.7244897959183674,98
prototype_soft,frequency,0.322,0.6717346938775508,0.7244897959183674,98
prototype_soft,frequency,0.324,0.6720408163265308,0.7244897959183674,98
prototype_soft,frequency,0.326,0.6723469387755103,0.7244897959183674,98
prototype_soft,frequency,0.328,0.6726530612244896,0.7244897959183674,98
prototype_soft,frequency,0.33,0.6729591836734693,0.7244897959183674,98
prototype_soft,frequency,0.332,0.6732653061224492,0.7244897959183674,98
prototype_soft,frequency,0.334,0.6735714285714285,0.7244897959183674,98
prototype_soft,frequency,0.336,0.673877551020408,0.7244897959183674,98
prototype_soft,frequency,0.338,0.6741836734693878,0.7244897959183674,98
prototype_soft,frequency,0.34,0.6744897959183673,0.7244897959183674,98
prototype_soft,frequency,0.342,0.6747959183673469,0.7244897959183674,98
prototype_soft,frequency,0.34400000000000003,0.6751020408163266,0.7244897959183674,98
prototype_soft,frequency,0.34600000000000003,0.6754081632653061,0.7244897959183674,98
prototype_soft,frequency,0.34800000000000003,0.6757142857142857,0.7244897959183674,98
prototype_soft,frequency,0.35000000000000003,0.6760204081632655,0.7244897959183674,98
prototype_soft,frequency,0.352,0.6763265306122449,0.7244897959183674,98
prototype_soft,frequency,0.354,0.6766326530612243,0.7244897959183674,98
prototype_soft,frequency,0.356,0.6769387755102043,0.7244897959183674,98
prototype_soft,frequency,0.358,0.6772448979591837,0.7244897959183674,98
prototype_soft,frequency,0.36,0.6775510204081632,0.7244897959183674,98
prototype_soft,frequency,0.362,0.6778571428571426,0.7244897959183674,98
prototype_soft,frequency,0.364,0.6781632653061225,0.7244897959183674,98
prototype_soft,frequency,0.366,0.678469387755102,0.7244897959183674,98
prototype_soft,frequency,0.368,0.6787755102040814,0.7244897959183674,98
prototype_soft,frequency,0.37,0.6790816326530613,0.7244897959183674,98
prototype_soft,frequency,0.372,0.6793877551020407,0.7244897959183674,98
prototype_soft,frequency,0.374,0.6796938775510203,0.7244897959183674,98
prototype_soft,frequency,0.376,0.6800000000000002,0.7244897959183674,98
prototype_soft,frequency,0.378,0.6803061224489796,0.7244897959183674,98
prototype_soft,frequency,0.38,0.680612244897959,0.7244897959183674,98
prototype_soft,frequency,0.382,0.680918367346939,0.7244897959183674,98
prototype_soft,frequency,0.384,0.6812244897959184,0.7244897959183674,98
prototype_soft,frequency,0.386,0.6815306122448979,0.7244897959183674,98
prototype_soft,frequency,0.388,0.6818367346938777,0.7244897959183674,98
prototype_soft,frequency,0.39,0.6821428571428573,0.7244897959183674,98
prototype_soft,frequency,0.392,0.6824489795918367,0.7244897959183674,98
prototype_soft,frequency,0.394,0.6827551020408161,0.7244897959183674,98
prototype_soft,frequency,0.396,0.683061224489796,0.7244897959183674,98
prototype_soft,frequency,0.398,0.6833673469387755,0.7244897959183674,98
prototype_soft,frequency,0.4,0.683673469387755,0.7244897959183674,98
prototype_soft,frequency,0.402,0.6839795918367347,0.7244897959183674,98
prototype_soft,frequency,0.404,0.6842857142857143,0.7244897959183674,98
prototype_soft,frequency,0.406,0.6845918367346938,0.7244897959183674,98
prototype_soft,frequency,0.40800000000000003,0.6848979591836735,0.7244897959183674,98
prototype_soft,frequency,0.41000000000000003,0.6852040816326531,0.7244897959183674,98
prototype_soft,frequency,0.41200000000000003,0.6855102040816325,0.7244897959183674,98
prototype_soft,frequency,0.41400000000000003,0.6858163265306123,0.7244897959183674,98
prototype_soft,frequency,0.41600000000000004,0.686122448979592,0.7244897959183674,98
prototype_soft,frequency,0.418,0.6864285714285713,0.7244897959183674,98
prototype_soft,frequency,0.42,0.6867346938775512,0.7244897959183674,98
prototype_soft,frequency,0.422,0.6870408163265307,0.7244897959183674,98
prototype_soft,frequency,0.424,0.68734693877551,0.7244897959183674,98
prototype_soft,frequency,0.426,0.6876530612244897,0.7244897959183674,98
prototype_soft,frequency,0.428,0.6879591836734695,0.7244897959183674,98
prototype_soft,frequency,0.43,0.6882653061224488,0.7244897959183674,98
prototype_soft,frequency,0.432,0.6885714285714285,0.7244897959183674,98
prototype_soft,frequency,0.434,0.688877551020408,0.7244897959183674,98
prototype_soft,frequency,0.436,0.6891836734693877,0.7244897959183674,98
prototype_soft,frequency,0.438,0.6894897959183672,0.7244897959183674,98
prototype_soft,frequency,0.44,0.6897959183673469,0.7244897959183674,98
prototype_soft,frequency,0.442,0.6901020408163265,0.7244897959183674,98
prototype_soft,frequency,0.444,0.6904081632653061,0.7244897959183674,98
prototype_soft,frequency,0.446,0.6907142857142857,0.7244897959183674,98
prototype_soft,frequency,0.448,0.6910204081632653,0.7244897959183674,98
prototype_soft,frequency,0.45,0.6913265306122449,0.7244897959183674,98
prototype_soft,frequency,0.452,0.6916326530612245,0.7244897959183674,98
prototype_soft,frequency,0.454,0.6919387755102041,0.7244897959183674,98
prototype_soft,frequency,0.456,0.6922448979591838,0.7244897959183674,98
prototype_soft,frequency,0.458,0.6925510204081632,0.7244897959183674,98
prototype_soft,frequency,0.46,0.692857142857143,0.7244897959183674,98
prototype_soft,frequency,0.462,0.6931632653061225,0.7244897959183674,98
prototype_soft,frequency,0.464,0.693469387755102,0.7244897959183674,98
prototype_soft,frequency,0.466,0.6937755102040817,0.7244897959183674,98
prototype_soft,frequency,0.468,0.6940816326530613,0.7244897959183674,98
prototype_soft,frequency,0.47000000000000003,0.6943877551020408,0.7244897959183674,98
prototype_soft,frequency,0.47200000000000003,0.6946938775510205,0.7244897959183674,98
prototype_soft,frequency,0.47400000000000003,0.6950000000000002,0.7244897959183674,98
prototype_soft,frequency,0.47600000000000003,0.6953061224489796,0.7244897959183674,98
prototype_soft,frequency,0.47800000000000004,0.6956122448979594,0.7244897959183674,98
prototype_soft,frequency,0.48,0.6959183673469389,0.7244897959183674,98
prototype_soft,frequency,0.482,0.6962244897959182,0.7244897959183674,98
prototype_soft,frequency,0.484,0.696530612244898,0.7244897959183674,98
prototype_soft,frequency,0.486,0.6968367346938777,0.7244897959183674,98
prototype_soft,frequency,0.488,0.6971428571428571,0.7244897959183674,98
prototype_soft,frequency,0.49,0.6974489795918367,0.7244897959183674,98
prototype_soft,frequency,0.492,0.6977551020408165,0.7244897959183674,98
prototype_soft,frequency,0.494,0.6980612244897959,0.7244897959183674,98
prototype_soft,frequency,0.496,0.6983673469387754,0.7244897959183674,98
prototype_soft,frequency,0.498,0.6986734693877551,0.7244897959183674,98
prototype_soft,frequency,0.5,0.8418367346938775,0.7244897959183674,98
prototype_soft,frequency,0.502,0.8420816326530614,0.7244897959183674,98
prototype_soft,frequency,0.504,0.8423265306122447,0.7244897959183674,98
prototype_soft,frequency,0.506,0.8425714285714286,0.7244897959183674,98
prototype_soft,frequency,0.508,0.8428163265306124,0.7244897959183674,98
prototype_soft,frequency,0.51,0.8430612244897958,0.7244897959183674,98
prototype_soft,frequency,0.512,0.8433061224489796,0.7244897959183674,98
prototype_soft,frequency,0.514,0.8435510204081634,0.7244897959183674,98
prototype_soft,frequency,0.516,0.8437959183673469,0.7244897959183674,98
prototype_soft,frequency,0.518,0.8440408163265307,0.7244897959183674,98
prototype_soft,frequency,0.52,0.8442857142857144,0.7244897959183674,98
prototype_soft,frequency,0.522,0.8445306122448979,0.7244897959183674,98
prototype_soft,frequency,0.524,0.8447755102040817,0.7244897959183674,98
prototype_soft,frequency,0.526,0.8450204081632654,0.7244897959183674,98
prototype_soft,frequency,0.528,0.845265306122449,0.7244897959183674,98
prototype_soft,frequency,0.53,0.8455102040816328,0.7244897959183674,98
prototype_soft,frequency,0.532,0.8457551020408162,0.7244897959183674,98
prototype_soft,frequency,0.534,0.846,0.7244897959183674,98
prototype_soft,frequency,0.536,0.8462448979591839,0.7244897959183674,98
prototype_soft,frequency,0.538,0.8464897959183673,0.7244897959183674,98
prototype_soft,frequency,0.54,0.8467346938775511,0.7244897959183674,98
prototype_soft,frequency,0.542,0.8469795918367349,0.7244897959183674,98
prototype_soft,frequency,0.544,0.8472244897959182,0.7244897959183674,98
prototype_soft,frequency,0.546,0.847469387755102,0.7244897959183674,98
prototype_soft,frequency,0.548,0.8477142857142858,0.7244897959183674,98
prototype_soft,frequency,0.55,0.8479591836734693,0.7244897959183674,98
prototype_soft,frequency,0.552,0.848204081632653,0.7244897959183674,98
prototype_soft,frequency,0.554,0.8484489795918368,0.7244897959183674,98
prototype_soft,frequency,0.556,0.8486938775510203,0.7244897959183674,98
prototype_soft,frequency,0.558,0.848938775510204,0.7244897959183674,98
prototype_soft,frequency,0.56,0.8491836734693877,0.7244897959183674,98
prototype_soft,frequency,0.562,0.8494285714285714,0.7244897959183674,98
prototype_soft,frequency,0.5640000000000001,0.8496734693877551,0.7244897959183674,98
prototype_soft,frequency,0.5660000000000001,0.8499183673469388,0.7244897959183674,98
prototype_soft,frequency,0.5680000000000001,0.8501632653061225,0.7244897959183674,98
prototype_soft,frequency,0.5700000000000001,0.8504081632653061,0.7244897959183674,98
prototype_soft,frequency,0.5720000000000001,0.8506530612244898,0.7244897959183674,98
prototype_soft,frequency,0.5740000000000001,0.8508979591836734,0.7244897959183674,98
prototype_soft,frequency,0.5760000000000001,0.8511428571428572,0.7244897959183674,98
prototype_soft,frequency,0.578,0.8513877551020409,0.7244897959183674,98
prototype_soft,frequency,0.58,0.8516326530612243,0.7244897959183674,98
prototype_soft,frequency,0.582,0.8518775510204081,0.7244897959183674,98
prototype_soft,frequency,0.584,0.8521224489795919,0.7244897959183674,98
prototype_soft,frequency,0.586,0.8523673469387754,0.7244897959183674,98
prototype_soft,frequency,0.588,0.8526122448979592,0.7244897959183674,98
prototype_soft,frequency,0.59,0.852857142857143,0.7244897959183674,98
prototype_soft,frequency,0.592,0.8531020408163263,0.7244897959183674,98
prototype_soft,frequency,0.594,0.8533469387755102,0.7244897959183674,98
prototype_soft,frequency,0.596,0.8535918367346937,0.7244897959183674,98
prototype_soft,frequency,0.598,0.8538367346938774,0.7244897959183674,98
prototype_soft,frequency,0.6,0.8540816326530613,0.7244897959183674,98
prototype_soft,frequency,0.602,0.8543265306122448,0.7244897959183674,98
prototype_soft,frequency,0.604,0.8545714285714284,0.7244897959183674,98
prototype_soft,frequency,0.606,0.8548163265306123,0.7244897959183674,98
prototype_soft,frequency,0.608,0.8550612244897957,0.7244897959183674,98
prototype_soft,frequency,0.61,0.8553061224489795,0.7244897959183674,98
prototype_soft,frequency,0.612,0.8555510204081633,0.7244897959183674,98
prototype_soft,frequency,0.614,0.8557959183673467,0.7244897959183674,98
prototype_soft,frequency,0.616,0.8560408163265306,0.7244897959183674,98
prototype_soft,frequency,0.618,0.8562857142857144,0.7244897959183674,98
prototype_soft,frequency,0.62,0.8565306122448978,0.7244897959183674,98
prototype_soft,frequency,0.622,0.8567755102040816,0.7244897959183674,98
prototype_soft,frequency,0.624,0.8570204081632654,0.7244897959183674,98
prototype_soft,frequency,0.626,0.8572653061224489,0.7244897959183674,98
prototype_soft,frequency,0.628,0.8575102040816327,0.7244897959183674,98
prototype_soft,frequency,0.63,0.8577551020408165,0.7244897959183674,98
prototype_soft,frequency,0.632,0.8579999999999999,0.7244897959183674,98
prototype_soft,frequency,0.634,0.8582448979591837,0.7244897959183674,98
prototype_soft,frequency,0.636,0.8584897959183675,0.7244897959183674,98
prototype_soft,frequency,0.638,0.858734693877551,0.7244897959183674,98
prototype_soft,frequency,0.64,0.8589795918367348,0.7244897959183674,98
prototype_soft,frequency,0.642,0.8592244897959186,0.7244897959183674,98
prototype_soft,frequency,0.644,0.859469387755102,0.7244897959183674,98
prototype_soft,frequency,0.646,0.8597142857142858,0.7244897959183674,98
prototype_soft,frequency,0.648,0.8599591836734695,0.7244897959183674,98
prototype_soft,frequency,0.65,0.860204081632653,0.7244897959183674,98
prototype_soft,frequency,0.652,0.8604489795918369,0.7244897959183674,98
prototype_soft,frequency,0.654,0.8606938775510206,0.7244897959183674,98
prototype_soft,frequency,0.656,0.860938775510204,0.7244897959183674,98
prototype_soft,frequency,0.658,0.861183673469388,0.7244897959183674,98
prototype_soft,frequency,0.66,0.8614285714285713,0.7244897959183674,98
prototype_soft,frequency,0.662,0.8616734693877551,0.7244897959183674,98
prototype_soft,frequency,0.664,0.8619183673469389,0.7244897959183674,98
prototype_soft,frequency,0.666,0.8621632653061223,0.7244897959183674,98
prototype_soft,frequency,0.668,0.8624081632653062,0.7244897959183674,98
prototype_soft,frequency,0.67,0.86265306122449,0.7244897959183674,98
prototype_soft,frequency,0.672,0.8628979591836734,0.7244897959183674,98
prototype_soft,frequency,0.674,0.8631428571428572,0.7244897959183674,98
prototype_soft,frequency,0.676,0.8633877551020409,0.7244897959183674,98
prototype_soft,frequency,0.678,0.8636326530612245,0.7244897959183674,98
prototype_soft,frequency,0.68,0.8638775510204081,0.7244897959183674,98
prototype_soft,frequency,0.682,0.864122448979592,0.7244897959183674,98
prototype_soft,frequency,0.684,0.8643673469387755,0.7244897959183674,98
prototype_soft,frequency,0.686,0.8646122448979592,0.7244897959183674,98
prototype_soft,frequency,0.6880000000000001,0.8648571428571429,0.7244897959183674,98
prototype_soft,frequency,0.6900000000000001,0.8651020408163266,0.7244897959183674,98
prototype_soft,frequency,0.6920000000000001,0.8653469387755103,0.7244897959183674,98
prototype_soft,frequency,0.6940000000000001,0.8655918367346939,0.7244897959183674,98
prototype_soft,frequency,0.6960000000000001,0.8658367346938775,0.7244897959183674,98
prototype_soft,frequency,0.6980000000000001,0.8660816326530613,0.7244897959183674,98
prototype_soft,frequency,0.7000000000000001,0.866326530612245,0.7244897959183674,98
prototype_soft,frequency,0.7020000000000001,0.8665714285714287,0.7244897959183674,98
prototype_soft,frequency,0.704,0.8668163265306121,0.7244897959183674,98
prototype_soft,frequency,0.706,0.8670612244897961,0.7244897959183674,98
prototype_soft,frequency,0.708,0.8673061224489794,0.7244897959183674,98
prototype_soft,frequency,0.71,0.8675510204081632,0.7244897959183674,98
prototype_soft,frequency,0.712,0.867795918367347,0.7244897959183674,98
prototype_soft,frequency,0.714,0.8680408163265304,0.7244897959183674,98
prototype_soft,frequency,0.716,0.8682857142857143,0.7244897959183674,98
prototype_soft,frequency,0.718,0.8685306122448981,0.7244897959183674,98
prototype_soft,frequency,0.72,0.8687755102040815,0.7244897959183674,98
prototype_soft,frequency,0.722,0.8690204081632653,0.7244897959183674,98
prototype_soft,frequency,0.724,0.8692653061224489,0.7244897959183674,98
prototype_soft,frequency,0.726,0.8695102040816325,0.7244897959183674,98
prototype_soft,frequency,0.728,0.8697551020408164,0.7244897959183674,98
prototype_soft,frequency,0.73,0.8699999999999999,0.7244897959183674,98
prototype_soft,frequency,0.732,0.8702448979591836,0.7244897959183674,98
prototype_soft,frequency,0.734,0.8704897959183674,0.7244897959183674,98
prototype_soft,frequency,0.736,0.8707346938775508,0.7244897959183674,98
prototype_soft,frequency,0.738,0.8709795918367347,0.7244897959183674,98
prototype_soft,frequency,0.74,0.8712244897959185,0.7244897959183674,98
prototype_soft,frequency,0.742,0.8714693877551019,0.7244897959183674,98
prototype_soft,frequency,0.744,0.8717142857142857,0.7244897959183674,98
prototype_soft,frequency,0.746,0.8719591836734695,0.7244897959183674,98
prototype_soft,frequency,0.748,0.872204081632653,0.7244897959183674,98
prototype_soft,frequency,0.75,0.9081632653061225,0.7244897959183674,98
prototype_soft,frequency,0.752,0.9084081632653063,0.7244897959183674,98
prototype_soft,frequency,0.754,0.9086530612244896,0.7244897959183674,98
prototype_soft,frequency,0.756,0.9088979591836734,0.7244897959183674,98
prototype_soft,frequency,0.758,0.9091428571428574,0.7244897959183674,98
prototype_soft,frequency,0.76,0.9093877551020407,0.7244897959183674,98
prototype_soft,frequency,0.762,0.9096326530612245,0.7244897959183674,98
prototype_soft,frequency,0.764,0.9098775510204083,0.7244897959183674,98
prototype_soft,frequency,0.766,0.9101224489795917,0.7244897959183674,98
prototype_soft,frequency,0.768,0.9103673469387756,0.7244897959183674,98
prototype_soft,frequency,0.77,0.9106122448979594,0.7244897959183674,98
prototype_soft,frequency,0.772,0.9108571428571427,0.7244897959183674,98
prototype_soft,frequency,0.774,0.9111020408163266,0.7244897959183674,98
prototype_soft,frequency,0.776,0.9113469387755104,0.7244897959183674,98
prototype_soft,frequency,0.778,0.9115918367346937,0.7244897959183674,98
prototype_soft,frequency,0.78,0.9118367346938777,0.7244897959183674,98
prototype_soft,frequency,0.782,0.9120816326530611,0.7244897959183674,98
prototype_soft,frequency,0.784,0.9123265306122448,0.7244897959183674,98
prototype_soft,frequency,0.786,0.9125714285714287,0.7244897959183674,98
prototype_soft,frequency,0.788,0.9128163265306122,0.7244897959183674,98
prototype_soft,frequency,0.79,0.9130612244897958,0.7244897959183674,98
prototype_soft,frequency,0.792,0.9133061224489798,0.7244897959183674,98
prototype_soft,frequency,0.794,0.9135510204081632,0.7244897959183674,98
prototype_soft,frequency,0.796,0.9137959183673469,0.7244897959183674,98
prototype_soft,frequency,0.798,0.9140408163265308,0.7244897959183674,98
prototype_soft,frequency,0.8,0.9142857142857143,0.7244897959183674,98
prototype_soft,frequency,0.802,0.914530612244898,0.7244897959183674,98
prototype_soft,frequency,0.804,0.9147755102040819,0.7244897959183674,98
prototype_soft,frequency,0.806,0.9150204081632651,0.7244897959183674,98
prototype_soft,frequency,0.808,0.9152653061224489,0.7244897959183674,98
prototype_soft,frequency,0.81,0.915510204081633,0.7244897959183674,98
prototype_soft,frequency,0.812,0.915755102040816,0.7244897959183674,98
prototype_soft,frequency,0.8140000000000001,0.916,0.7244897959183674,98
prototype_soft,frequency,0.8160000000000001,0.916244897959184,0.7244897959183674,98
prototype_soft,frequency,0.8180000000000001,0.9164897959183671,0.7244897959183674,98
prototype_soft,frequency,0.8200000000000001,0.916734693877551,0.7244897959183674,98
prototype_soft,frequency,0.8220000000000001,0.9169795918367348,0.7244897959183674,98
prototype_soft,frequency,0.8240000000000001,0.9172244897959181,0.7244897959183674,98
prototype_soft,frequency,0.8260000000000001,0.9174693877551021,0.7244897959183674,98
prototype_soft,frequency,0.8280000000000001,0.9177142857142858,0.7244897959183674,98
prototype_soft,frequency,0.8300000000000001,0.9179591836734692,0.7244897959183674,98
prototype_soft,frequency,0.8320000000000001,0.9182040816326531,0.7244897959183674,98
prototype_soft,frequency,0.834,0.9184489795918368,0.7244897959183674,98
prototype_soft,frequency,0.836,0.9186938775510203,0.7244897959183674,98
prototype_soft,frequency,0.838,0.9189387755102042,0.7244897959183674,98
prototype_soft,frequency,0.84,0.9191836734693879,0.7244897959183674,98
prototype_soft,frequency,0.842,0.9194285714285713,0.7244897959183674,98
prototype_soft,frequency,0.844,0.9196734693877553,0.7244897959183674,98
prototype_soft,frequency,0.846,0.9199183673469385,0.7244897959183674,98
prototype_soft,frequency,0.848,0.9201632653061224,0.7244897959183674,98
prototype_soft,frequency,0.85,0.9204081632653063,0.7244897959183674,98
prototype_soft,frequency,0.852,0.9206530612244895,0.7244897959183674,98
prototype_soft,frequency,0.854,0.9208979591836733,0.7244897959183674,98
prototype_soft,frequency,0.856,0.9211428571428574,0.7244897959183674,98
prototype_soft,frequency,0.858,0.9213877551020406,0.7244897959183674,98
prototype_soft,frequency,0.86,0.9216326530612244,0.7244897959183674,98
prototype_soft,frequency,0.862,0.9218775510204082,0.7244897959183674,98
prototype_soft,frequency,0.864,0.9221224489795916,0.7244897959183674,98
prototype_soft,frequency,0.866,0.9223673469387754,0.7244897959183674,98
prototype_soft,frequency,0.868,0.9226122448979593,0.7244897959183674,98
prototype_soft,frequency,0.87,0.9228571428571427,0.7244897959183674,98
prototype_soft,frequency,0.872,0.9231020408163265,0.7244897959183674,98
prototype_soft,frequency,0.874,0.9233469387755103,0.7244897959183674,98
prototype_soft,frequency,0.876,0.9235918367346937,0.7244897959183674,98
prototype_soft,frequency,0.878,0.9238367346938776,0.7244897959183674,98
prototype_soft,frequency,0.88,0.9240816326530614,0.7244897959183674,98
prototype_soft,frequency,0.882,0.9243265306122448,0.7244897959183674,98
prototype_soft,frequency,0.884,0.9245714285714286,0.7244897959183674,98
prototype_soft,frequency,0.886,0.9248163265306124,0.7244897959183674,98
prototype_soft,frequency,0.888,0.9250612244897959,0.7244897959183674,98
prototype_soft,frequency,0.89,0.9253061224489797,0.7244897959183674,98
prototype_soft,frequency,0.892,0.9255510204081635,0.7244897959183674,98
prototype_soft,frequency,0.894,0.9257959183673468,0.7244897959183674,98
prototype_soft,frequency,0.896,0.9260408163265307,0.7244897959183674,98
prototype_soft,frequency,0.898,0.9262857142857145,0.7244897959183674,98
prototype_soft,frequency,0.9,0.9265306122448977,0.7244897959183674,98
prototype_soft,frequency,0.902,0.9267755102040818,0.7244897959183674,98
prototype_soft,frequency,0.904,0.9270204081632656,0.7244897959183674,98
prototype_soft,frequency,0.906,0.9272653061224488,0.7244897959183674,98
prototype_soft,frequency,0.908,0.9275102040816328,0.7244897959183674,98
prototype_soft,frequency,0.91,0.9277551020408162,0.7244897959183674,98
prototype_soft,frequency,0.912,0.9279999999999999,0.7244897959183674,98
prototype_soft,frequency,0.914,0.9282448979591839,0.7244897959183674,98
prototype_soft,frequency,0.916,0.9284897959183672,0.7244897959183674,98
prototype_soft,frequency,0.918,0.9287346938775509,0.7244897959183674,98
prototype_soft,frequency,0.92,0.928979591836735,0.7244897959183674,98
prototype_soft,frequency,0.922,0.9292244897959183,0.7244897959183674,98
prototype_soft,frequency,0.924,0.929469387755102,0.7244897959183674,98
prototype_soft,frequency,0.926,0.9297142857142859,0.7244897959183674,98
prototype_soft,frequency,0.928,0.9299591836734693,0.7244897959183674,98
prototype_soft,frequency,0.93,0.930204081632653,0.7244897959183674,98
prototype_soft,frequency,0.932,0.930448979591837,0.7244897959183674,98
prototype_soft,frequency,0.934,0.9306938775510201,0.7244897959183674,98
prototype_soft,frequency,0.936,0.9309387755102041,0.7244897959183674,98
prototype_soft,frequency,0.9380000000000001,0.931183673469388,0.7244897959183674,98
prototype_soft,frequency,0.9400000000000001,0.9314285714285712,0.7244897959183674,98
prototype_soft,frequency,0.9420000000000001,0.9316734693877551,0.7244897959183674,98
prototype_soft,frequency,0.9440000000000001,0.9319183673469391,0.7244897959183674,98
prototype_soft,frequency,0.9460000000000001,0.9321632653061221,0.7244897959183674,98
prototype_soft,frequency,0.9480000000000001,0.9324081632653062,0.7244897959183674,98
prototype_soft,frequency,0.9500000000000001,0.9326530612244899,0.7244897959183674,98
prototype_soft,frequency,0.9520000000000001,0.9328979591836732,0.7244897959183674,98
prototype_soft,frequency,0.9540000000000001,0.9331428571428573,0.7244897959183674,98
prototype_soft,frequency,0.9560000000000001,0.9333877551020409,0.7244897959183674,98
prototype_soft,frequency,0.9580000000000001,0.9336326530612243,0.7244897959183674,98
prototype_soft,frequency,0.96,0.9338775510204083,0.7244897959183674,98
prototype_soft,frequency,0.962,0.934122448979592,0.7244897959183674,98
prototype_soft,frequency,0.964,0.9343673469387753,0.7244897959183674,98
prototype_soft,frequency,0.966,0.9346122448979594,0.7244897959183674,98
prototype_soft,frequency,0.968,0.934857142857143,0.7244897959183674,98
prototype_soft,frequency,0.97,0.9351020408163264,0.7244897959183674,98
prototype_soft,frequency,0.972,0.9353469387755103,0.7244897959183674,98
prototype_soft,frequency,0.974,0.9355918367346936,0.7244897959183674,98
prototype_soft,frequency,0.976,0.9358367346938774,0.7244897959183674,98
prototype_soft,frequency,0.978,0.9360816326530614,0.7244897959183674,98
prototype_soft,frequency,0.98,0.9363265306122447,0.7244897959183674,98
prototype_soft,frequency,0.982,0.9365714285714285,0.7244897959183674,98
prototype_soft,frequency,0.984,0.9368163265306123,0.7244897959183674,98
prototype_soft,frequency,0.986,0.9370612244897957,0.7244897959183674,98
prototype_soft,frequency,0.988,0.9373061224489795,0.7244897959183674,98
prototype_soft,frequency,0.99,0.9375510204081634,0.7244897959183674,98
prototype_soft,frequency,0.992,0.9377959183673468,0.7244897959183674,98
prototype_soft,frequency,0.994,0.9380408163265306,0.7244897959183674,98
prototype_soft,frequency,0.996,0.9382857142857144,0.7244897959183674,98
prototype_soft,frequency,0.998,0.9385306122448978,0.7244897959183674,98
prototype_soft,frequency,1.0,1.0,0.7244897959183674,98
