split_id,gate,run_mode,device,implementation_version,inner_fold,filter_count,candidate_seed,validation_accuracy,validation_roc_auc,best_validation_loss,epochs_run,selected
0,gated_alive,full,cuda,diagonal_prototype_soft_top_fraction_v1,0,3,3003105992,0.4,0.6666666666666666,0.69432275390625,9,False
0,gated_alive,full,cuda,diagonal_prototype_soft_top_fraction_v1,0,4,3003106092,0.4,1.0,0.6958743491172791,6,False
0,gated_alive,full,cuda,diagonal_prototype_soft_top_fraction_v1,0,5,3003106192,0.8,1.0,0.4313217586316168,30,False
0,gated_alive,full,cuda,diagonal_prototype_soft_top_fraction_v1,1,3,3003115992,0.4,0.16666666666666669,0.7562695860862731,7,False
0,gated_alive,full,cuda,diagonal_prototype_soft_top_fraction_v1,1,4,3003116092,0.8,1.0,0.34320139974355696,25,True
0,gated_alive,full,cuda,diagonal_prototype_soft_top_fraction_v1,1,5,3003116192,0.6,0.6666666666666667,0.6259564661979675,12,False
0,gated_alive,full,cuda,diagonal_prototype_soft_top_fraction_v1,2,3,3003125992,0.25,0.25,0.6996473860740662,7,False
0,gated_alive,full,cuda,diagonal_prototype_soft_top_fraction_v1,2,4,3003126092,0.75,0.75,0.5282958090305329,17,False
0,gated_alive,full,cuda,diagonal_prototype_soft_top_fraction_v1,2,5,3003126192,0.5,0.75,0.6888693594932556,6,False
1,gated_alive,full,cuda,diagonal_prototype_soft_top_fraction_v1,0,3,976401080,0.4,0.3333333333333333,0.7149712162017823,6,False
1,gated_alive,full,cuda,diagonal_prototype_soft_top_fraction_v1,0,4,976401180,0.4,0.6666666666666666,0.7132929773330688,6,False
1,gated_alive,full,cuda,diagonal_prototype_soft_top_fraction_v1,0,5,976401280,0.4,0.5,0.7227044401168823,6,False
1,gated_alive,full,cuda,diagonal_prototype_soft_top_fraction_v1,1,3,976411080,0.6,0.33333333333333337,0.7048461227416992,7,False
1,gated_alive,full,cuda,diagonal_prototype_soft_top_fraction_v1,1,4,976411180,0.4,0.0,0.7462389240264893,7,False
1,gated_alive,full,cuda,diagonal_prototype_soft_top_fraction_v1,1,5,976411280,0.8,0.8333333333333334,0.538035725787282,14,False
1,gated_alive,full,cuda,diagonal_prototype_soft_top_fraction_v1,2,3,976421080,1.0,1.0,0.21811909556388856,29,True
1,gated_alive,full,cuda,diagonal_prototype_soft_top_fraction_v1,2,4,976421180,0.75,0.75,0.47073809564113617,16,False
1,gated_alive,full,cuda,diagonal_prototype_soft_top_fraction_v1,2,5,976421280,0.5,0.5,0.6702706933021545,15,False
2,gated_alive,full,cuda,diagonal_prototype_soft_top_fraction_v1,0,3,3387213321,0.6,0.16666666666666666,0.7044900803565979,6,False
2,gated_alive,full,cuda,diagonal_prototype_soft_top_fraction_v1,0,4,3387213421,1.0,1.0,0.31103057783842086,24,False
2,gated_alive,full,cuda,diagonal_prototype_soft_top_fraction_v1,0,5,3387213521,0.4,0.3333333333333333,0.7234725527763367,6,False
2,gated_alive,full,cuda,diagonal_prototype_soft_top_fraction_v1,1,3,3387223321,0.4,0.33333333333333337,0.7222702517509461,7,False
2,gated_alive,full,cuda,diagonal_prototype_soft_top_fraction_v1,1,4,3387223421,0.4,0.33333333333333337,0.6976997275352478,7,False
2,gated_alive,full,cuda,diagonal_prototype_soft_top_fraction_v1,1,5,3387223521,0.4,0.8333333333333334,0.7037898454666137,8,False
2,gated_alive,full,cuda,diagonal_prototype_soft_top_fraction_v1,2,3,3387233321,0.5,0.5,0.6944655966758728,6,False
2,gated_alive,full,cuda,diagonal_prototype_soft_top_fraction_v1,2,4,3387233421,1.0,1.0,0.014688468156382441,100,True
2,gated_alive,full,cuda,diagonal_prototype_soft_top_fraction_v1,2,5,3387233521,0.75,1.0,0.3549315708875656,22,False
3,gated_alive,full,cuda,diagonal_prototype_soft_top_fraction_v1,0,3,1360467008,0.8,0.5,0.6402354128360749,17,False
3,gated_alive,full,cuda,diagonal_prototype_soft_top_fraction_v1,0,4,1360467108,0.2,0.5,0.7127916436195374,6,False
3,gated_alive,full,cuda,diagonal_prototype_soft_top_fraction_v1,0,5,1360467208,0.6,0.6666666666666666,0.5709624747931957,16,False
3,gated_alive,full,cuda,diagonal_prototype_soft_top_fraction_v1,1,3,1360477008,0.4,0.33333333333333337,0.7295379476547241,8,False
3,gated_alive,full,cuda,diagonal_prototype_soft_top_fraction_v1,1,4,1360477108,0.4,0.5,0.723422152519226,7,False
3,gated_alive,full,cuda,diagonal_prototype_soft_top_fraction_v1,1,5,1360477208,1.0,1.0,0.2984812034368515,22,True
3,gated_alive,full,cuda,diagonal_prototype_soft_top_fraction_v1,2,3,1360487008,0.5,0.75,0.691216390132904,6,False
3,gated_alive,full,cuda,diagonal_prototype_soft_top_fraction_v1,2,4,1360487108,0.5,0.0,0.695936861038208,7,False
3,gated_alive,full,cuda,diagonal_prototype_soft_top_fraction_v1,2,5,1360487208,0.75,1.0,0.2524864023923874,19,False
4,gated_alive,full,cuda,diagonal_prototype_soft_top_fraction_v1,0,3,876933380,0.6,0.8333333333333333,0.5428933892250061,18,False
4,gated_alive,full,cuda,diagonal_prototype_soft_top_fraction_v1,0,4,876933480,0.6,1.0,0.6598855156898499,6,False
4,gated_alive,full,cuda,diagonal_prototype_soft_top_fraction_v1,0,5,876933580,1.0,1.0,0.1411743196696043,38,False
4,gated_alive,full,cuda,diagonal_prototype_soft_top_fraction_v1,1,3,876943380,0.6,0.6666666666666667,0.6534539575576782,11,False
4,gated_alive,full,cuda,diagonal_prototype_soft_top_fraction_v1,1,4,876943480,0.4,0.33333333333333337,0.7428929667472839,7,False
4,gated_alive,full,cuda,diagonal_prototype_soft_top_fraction_v1,1,5,876943580,0.4,0.5,0.6833163566589355,11,False
4,gated_alive,full,cuda,diagonal_prototype_soft_top_fraction_v1,2,3,876953380,1.0,1.0,0.030505770444869997,73,True
4,gated_alive,full,cuda,diagonal_prototype_soft_top_fraction_v1,2,4,876953480,0.75,0.75,0.65503413438797,14,False
4,gated_alive,full,cuda,diagonal_prototype_soft_top_fraction_v1,2,5,876953580,0.25,0.25,0.7005701327323913,7,False
5,gated_alive,full,cuda,diagonal_prototype_soft_top_fraction_v1,0,3,3424658861,0.8,0.6666666666666666,0.5600282044410706,18,False
5,gated_alive,full,cuda,diagonal_prototype_soft_top_fraction_v1,0,4,3424658961,0.4,0.6666666666666666,0.7025259041786194,10,False
5,gated_alive,full,cuda,diagonal_prototype_soft_top_fraction_v1,0,5,3424659061,0.4,1.0,0.6861617851257324,6,False
5,gated_alive,full,cuda,diagonal_prototype_soft_top_fraction_v1,1,3,3424668861,0.6,0.33333333333333337,0.7035891547203064,7,False
5,gated_alive,full,cuda,diagonal_prototype_soft_top_fraction_v1,1,4,3424668961,0.8,1.0,0.2580296169463545,48,True
5,gated_alive,full,cuda,diagonal_prototype_soft_top_fraction_v1,1,5,3424669061,0.6,0.33333333333333337,0.6987237639427185,8,False
5,gated_alive,full,cuda,diagonal_prototype_soft_top_fraction_v1,2,3,3424678861,0.5,0.75,0.6678113961219787,10,False
5,gated_alive,full,cuda,diagonal_prototype_soft_top_fraction_v1,2,4,3424678961,0.5,0.5,0.6915162920951843,6,False
5,gated_alive,full,cuda,diagonal_prototype_soft_top_fraction_v1,2,5,3424679061,0.5,0.75,0.6432399129867554,12,False
6,gated_alive,full,cuda,diagonal_prototype_soft_top_fraction_v1,0,3,2760305211,0.6,0.5,0.676294213294983,6,False
6,gated_alive,full,cuda,diagonal_prototype_soft_top_fraction_v1,0,4,2760305311,0.4,0.6666666666666666,0.7123637318611145,12,False
6,gated_alive,full,cuda,diagonal_prototype_soft_top_fraction_v1,0,5,2760305411,0.4,0.16666666666666666,0.7567258448600769,6,False
6,gated_alive,full,cuda,diagonal_prototype_soft_top_fraction_v1,1,3,2760315211,0.4,1.0,0.6907798886299134,6,False
6,gated_alive,full,cuda,diagonal_prototype_soft_top_fraction_v1,1,4,2760315311,0.6,0.6666666666666667,0.6664474830627442,8,False
6,gated_alive,full,cuda,diagonal_prototype_soft_top_fraction_v1,1,5,2760315411,0.4,0.16666666666666669,0.7015497283935547,7,False
6,gated_alive,full,cuda,diagonal_prototype_soft_top_fraction_v1,2,3,2760325211,0.75,1.0,0.33602085381746294,19,False
6,gated_alive,full,cuda,diagonal_prototype_soft_top_fraction_v1,2,4,2760325311,1.0,1.0,0.0749900570884347,30,True
6,gated_alive,full,cuda,diagonal_prototype_soft_top_fraction_v1,2,5,2760325411,1.0,1.0,0.12650325562804937,29,False
7,gated_alive,full,cuda,diagonal_prototype_soft_top_fraction_v1,0,3,2904491993,0.8,0.8333333333333333,0.6671212420463563,6,False
7,gated_alive,full,cuda,diagonal_prototype_soft_top_fraction_v1,0,4,2904492093,0.4,0.3333333333333333,0.7209854073524475,6,False
7,gated_alive,full,cuda,diagonal_prototype_soft_top_fraction_v1,0,5,2904492193,0.8,1.0,0.33530495229363444,39,True
7,gated_alive,full,cuda,diagonal_prototype_soft_top_fraction_v1,1,3,2904501993,0.4,0.8333333333333334,0.718107533454895,7,False
7,gated_alive,full,cuda,diagonal_prototype_soft_top_fraction_v1,1,4,2904502093,0.4,0.8333333333333334,0.7159393301010132,8,False
7,gated_alive,full,cuda,diagonal_prototype_soft_top_fraction_v1,1,5,2904502193,0.4,0.0,0.7782939729690552,6,False
7,gated_alive,full,cuda,diagonal_prototype_soft_top_fraction_v1,2,3,2904511993,0.75,0.5,0.7057016468048096,6,False
7,gated_alive,full,cuda,diagonal_prototype_soft_top_fraction_v1,2,4,2904512093,0.5,0.5,0.7009565305709838,6,False
7,gated_alive,full,cuda,diagonal_prototype_soft_top_fraction_v1,2,5,2904512193,0.25,0.5,0.722189519405365,6,False
8,gated_alive,full,cuda,diagonal_prototype_soft_top_fraction_v1,0,3,4245388344,0.6,0.6666666666666666,0.6698562302589417,6,False
8,gated_alive,full,cuda,diagonal_prototype_soft_top_fraction_v1,0,4,4245388444,0.4,0.16666666666666666,0.7374493422508239,6,False
8,gated_alive,full,cuda,diagonal_prototype_soft_top_fraction_v1,0,5,4245388544,1.0,1.0,0.659646047592163,6,False
8,gated_alive,full,cuda,diagonal_prototype_soft_top_fraction_v1,1,3,4245398344,0.4,0.0,0.7394681572914124,7,False
8,gated_alive,full,cuda,diagonal_prototype_soft_top_fraction_v1,1,4,4245398444,0.4,0.5,0.7148888969421386,6,False
8,gated_alive,full,cuda,diagonal_prototype_soft_top_fraction_v1,1,5,4245398544,0.4,0.8333333333333334,0.7024857130050659,6,False
8,gated_alive,full,cuda,diagonal_prototype_soft_top_fraction_v1,2,3,4245408344,0.75,1.0,0.6804087901115418,8,False
8,gated_alive,full,cuda,diagonal_prototype_soft_top_fraction_v1,2,4,4245408444,1.0,1.0,0.13708460584282875,33,True
8,gated_alive,full,cuda,diagonal_prototype_soft_top_fraction_v1,2,5,4245408544,0.5,0.5,0.7044319653511047,7,False
9,gated_alive,full,cuda,diagonal_prototype_soft_top_fraction_v1,0,3,1679803027,0.6,0.8333333333333333,0.45787789595127104,25,False
9,gated_alive,full,cuda,diagonal_prototype_soft_top_fraction_v1,0,4,1679803127,0.4,0.5,0.7018533205986023,11,False
9,gated_alive,full,cuda,diagonal_prototype_soft_top_fraction_v1,0,5,1679803227,0.6,0.5,0.6972659034729004,10,False
9,gated_alive,full,cuda,diagonal_prototype_soft_top_fraction_v1,1,3,1679813027,0.4,0.8333333333333334,0.6877668409347534,7,False
9,gated_alive,full,cuda,diagonal_prototype_soft_top_fraction_v1,1,4,1679813127,0.8,1.0,0.38338846325874326,13,False
9,gated_alive,full,cuda,diagonal_prototype_soft_top_fraction_v1,1,5,1679813227,0.6,0.8333333333333334,0.5142050400972367,16,False
9,gated_alive,full,cuda,diagonal_prototype_soft_top_fraction_v1,2,3,1679823027,1.0,1.0,0.033717617886140944,44,True
9,gated_alive,full,cuda,diagonal_prototype_soft_top_fraction_v1,2,4,1679823127,1.0,1.0,0.09133944272994995,64,False
9,gated_alive,full,cuda,diagonal_prototype_soft_top_fraction_v1,2,5,1679823227,1.0,1.0,0.23274542301893233,28,False
10,gated_alive,full,cuda,diagonal_prototype_soft_top_fraction_v1,0,3,3605303406,0.4,0.3333333333333333,0.6980511121749878,6,False
10,gated_alive,full,cuda,diagonal_prototype_soft_top_fraction_v1,0,4,3605303506,0.6,1.0,0.6262370119094849,11,False
10,gated_alive,full,cuda,diagonal_prototype_soft_top_fraction_v1,0,5,3605303606,0.6,0.6666666666666666,0.696222316980362,12,False
10,gated_alive,full,cuda,diagonal_prototype_soft_top_fraction_v1,1,3,3605313406,0.4,0.6666666666666667,0.7141366052627564,6,False
10,gated_alive,full,cuda,diagonal_prototype_soft_top_fraction_v1,1,4,3605313506,0.4,0.33333333333333337,0.721093294620514,7,False
10,gated_alive,full,cuda,diagonal_prototype_soft_top_fraction_v1,1,5,3605313606,0.4,0.8333333333333334,0.6936003365516663,8,False
10,gated_alive,full,cuda,diagonal_prototype_soft_top_fraction_v1,2,3,3605323406,0.5,0.75,0.6894041752815246,6,False
10,gated_alive,full,cuda,diagonal_prototype_soft_top_fraction_v1,2,4,3605323506,0.75,1.0,0.41961402297019956,13,True
10,gated_alive,full,cuda,diagonal_prototype_soft_top_fraction_v1,2,5,3605323606,0.75,0.5,0.5998279297351837,10,False
11,gated_alive,full,cuda,diagonal_prototype_soft_top_fraction_v1,0,3,1429425234,0.4,0.6666666666666666,0.7133251032829284,6,False
11,gated_alive,full,cuda,diagonal_prototype_soft_top_fraction_v1,0,4,1429425334,0.6,0.6666666666666666,0.5624526036977768,12,False
11,gated_alive,full,cuda,diagonal_prototype_soft_top_fraction_v1,0,5,1429425434,0.4,0.3333333333333333,0.714551549911499,6,False
11,gated_alive,full,cuda,diagonal_prototype_soft_top_fraction_v1,1,3,1429435234,0.6,0.8333333333333334,0.3982757664620876,45,False
11,gated_alive,full,cuda,diagonal_prototype_soft_top_fraction_v1,1,4,1429435334,0.8,1.0,0.23250113696604968,29,False
11,gated_alive,full,cuda,diagonal_prototype_soft_top_fraction_v1,1,5,1429435434,0.6,0.6666666666666667,0.5087508271187544,20,False
11,gated_alive,full,cuda,diagonal_prototype_soft_top_fraction_v1,2,3,1429445234,0.75,1.0,0.3963851294666529,23,False
11,gated_alive,full,cuda,diagonal_prototype_soft_top_fraction_v1,2,4,1429445334,1.0,1.0,0.19222952514886857,31,True
11,gated_alive,full,cuda,diagonal_prototype_soft_top_fraction_v1,2,5,1429445434,0.75,0.5,0.6594412362575531,10,False
12,gated_alive,full,cuda,diagonal_prototype_soft_top_fraction_v1,0,3,2437408456,0.2,0.0,0.7148154425621033,7,False
12,gated_alive,full,cuda,diagonal_prototype_soft_top_fraction_v1,0,4,2437408556,0.4,0.16666666666666666,0.7320619416236878,6,False
12,gated_alive,full,cuda,diagonal_prototype_soft_top_fraction_v1,0,5,2437408656,0.8,1.0,0.5112193088531494,11,False
12,gated_alive,full,cuda,diagonal_prototype_soft_top_fraction_v1,1,3,2437418456,0.4,0.5,0.708962299823761,8,False
12,gated_alive,full,cuda,diagonal_prototype_soft_top_fraction_v1,1,4,2437418556,0.6,0.6666666666666667,0.6844780297279358,6,False
12,gated_alive,full,cuda,diagonal_prototype_soft_top_fraction_v1,1,5,2437418656,0.4,0.0,0.7657028632164001,6,False
12,gated_alive,full,cuda,diagonal_prototype_soft_top_fraction_v1,2,3,2437428456,0.75,1.0,0.2701931458711624,29,False
12,gated_alive,full,cuda,diagonal_prototype_soft_top_fraction_v1,2,4,2437428556,0.5,0.25,0.7061547255516052,8,False
12,gated_alive,full,cuda,diagonal_prototype_soft_top_fraction_v1,2,5,2437428656,1.0,1.0,0.06653903000056743,29,True
13,gated_alive,full,cuda,diagonal_prototype_soft_top_fraction_v1,0,3,2569716828,0.6,0.5,0.678567075252533,6,False
13,gated_alive,full,cuda,diagonal_prototype_soft_top_fraction_v1,0,4,2569716928,0.6,1.0,0.44844225358963014,24,False
13,gated_alive,full,cuda,diagonal_prototype_soft_top_fraction_v1,0,5,2569717028,0.4,0.0,0.7107135133743286,7,False
13,gated_alive,full,cuda,diagonal_prototype_soft_top_fraction_v1,1,3,2569726828,0.4,0.5,0.7109427571296691,8,False
13,gated_alive,full,cuda,diagonal_prototype_soft_top_fraction_v1,1,4,2569726928,0.4,0.6666666666666667,0.6993780093193054,6,False
13,gated_alive,full,cuda,diagonal_prototype_soft_top_fraction_v1,1,5,2569727028,1.0,1.0,0.1380793116055429,41,True
13,gated_alive,full,cuda,diagonal_prototype_soft_top_fraction_v1,2,3,2569736828,0.5,0.25,0.6947247838973999,8,False
13,gated_alive,full,cuda,diagonal_prototype_soft_top_fraction_v1,2,4,2569736928,0.75,0.5,0.6597789716720581,8,False
13,gated_alive,full,cuda,diagonal_prototype_soft_top_fraction_v1,2,5,2569737028,0.75,0.75,0.46060790717601774,19,False
14,gated_alive,full,cuda,diagonal_prototype_soft_top_fraction_v1,0,3,915442570,0.6,1.0,0.6633217186927796,6,False
14,gated_alive,full,cuda,diagonal_prototype_soft_top_fraction_v1,0,4,915442670,0.2,0.5,0.6988795485496521,6,False
14,gated_alive,full,cuda,diagonal_prototype_soft_top_fraction_v1,0,5,915442770,0.4,0.5,0.730499189376831,8,False
14,gated_alive,full,cuda,diagonal_prototype_soft_top_fraction_v1,1,3,915452570,0.4,0.33333333333333337,0.7407389163970948,6,False
14,gated_alive,full,cuda,diagonal_prototype_soft_top_fraction_v1,1,4,915452670,0.4,0.6666666666666667,0.7089038305282592,6,False
14,gated_alive,full,cuda,diagonal_prototype_soft_top_fraction_v1,1,5,915452770,0.6,0.5,0.679527829170227,6,False
14,gated_alive,full,cuda,diagonal_prototype_soft_top_fraction_v1,2,3,915462570,0.5,0.5,0.6915825533866883,6,False
14,gated_alive,full,cuda,diagonal_prototype_soft_top_fraction_v1,2,4,915462670,0.75,0.5,0.6912292098999023,6,True
14,gated_alive,full,cuda,diagonal_prototype_soft_top_fraction_v1,2,5,915462770,0.5,0.0,0.7024539709091187,6,False
15,gated_alive,full,cuda,diagonal_prototype_soft_top_fraction_v1,0,3,802017519,0.4,0.16666666666666666,0.7331692390441894,8,False
15,gated_alive,full,cuda,diagonal_prototype_soft_top_fraction_v1,0,4,802017619,0.4,0.6666666666666666,0.6525153567790986,16,False
15,gated_alive,full,cuda,diagonal_prototype_soft_top_fraction_v1,0,5,802017719,0.4,0.16666666666666666,0.7197692403793335,7,False
15,gated_alive,full,cuda,diagonal_prototype_soft_top_fraction_v1,1,3,802027519,0.4,0.6666666666666667,0.716909692287445,7,False
15,gated_alive,full,cuda,diagonal_prototype_soft_top_fraction_v1,1,4,802027619,1.0,1.0,0.08105970898270606,100,True
15,gated_alive,full,cuda,diagonal_prototype_soft_top_fraction_v1,1,5,802027719,0.8,0.6666666666666667,0.5473711030483246,11,False
15,gated_alive,full,cuda,diagonal_prototype_soft_top_fraction_v1,2,3,802037519,0.5,0.0,0.7009010529518127,6,False
15,gated_alive,full,cuda,diagonal_prototype_soft_top_fraction_v1,2,4,802037619,0.75,0.75,0.5801975071430207,14,False
15,gated_alive,full,cuda,diagonal_prototype_soft_top_fraction_v1,2,5,802037719,0.5,0.25,0.7039311313629151,6,False
16,gated_alive,full,cuda,diagonal_prototype_soft_top_fraction_v1,0,3,984129368,0.4,0.5,0.7032687554359436,6,False
16,gated_alive,full,cuda,diagonal_prototype_soft_top_fraction_v1,0,4,984129468,0.4,0.3333333333333333,0.7245386662483215,7,False
16,gated_alive,full,cuda,diagonal_prototype_soft_top_fraction_v1,0,5,984129568,0.4,0.6666666666666666,0.721837140083313,9,False
16,gated_alive,full,cuda,diagonal_prototype_soft_top_fraction_v1,1,3,984139368,0.8,0.6666666666666667,0.5191960616111755,19,True
16,gated_alive,full,cuda,diagonal_prototype_soft_top_fraction_v1,1,4,984139468,0.4,0.33333333333333337,0.7220359597206115,7,False
16,gated_alive,full,cuda,diagonal_prototype_soft_top_fraction_v1,1,5,984139568,0.6,0.5,0.6988968839645385,8,False
16,gated_alive,full,cuda,diagonal_prototype_soft_top_fraction_v1,2,3,984149368,0.25,0.25,0.7013462734222412,6,False
16,gated_alive,full,cuda,diagonal_prototype_soft_top_fraction_v1,2,4,984149468,0.5,0.25,0.7084950685501099,6,False
16,gated_alive,full,cuda,diagonal_prototype_soft_top_fraction_v1,2,5,984149568,0.75,1.0,0.396648041009903,10,False
17,gated_alive,full,cuda,diagonal_prototype_soft_top_fraction_v1,0,3,2889465506,1.0,1.0,0.17096418246254325,36,False
17,gated_alive,full,cuda,diagonal_prototype_soft_top_fraction_v1,0,4,2889465606,1.0,1.0,0.038622029647231104,50,True
17,gated_alive,full,cuda,diagonal_prototype_soft_top_fraction_v1,0,5,2889465706,1.0,1.0,0.2313679529428482,25,False
17,gated_alive,full,cuda,diagonal_prototype_soft_top_fraction_v1,1,3,2889475506,0.6,0.6666666666666667,0.6350912560224533,14,False
17,gated_alive,full,cuda,diagonal_prototype_soft_top_fraction_v1,1,4,2889475606,0.6,0.5,0.7102854833602905,6,False
17,gated_alive,full,cuda,diagonal_prototype_soft_top_fraction_v1,1,5,2889475706,0.4,0.0,0.7657011485099793,6,False
17,gated_alive,full,cuda,diagonal_prototype_soft_top_fraction_v1,2,3,2889485506,0.5,1.0,0.6913978958129883,6,False
17,gated_alive,full,cuda,diagonal_prototype_soft_top_fraction_v1,2,4,2889485606,0.5,0.5,0.7065323781967163,7,False
17,gated_alive,full,cuda,diagonal_prototype_soft_top_fraction_v1,2,5,2889485706,0.75,1.0,0.6780369639396667,6,False
18,gated_alive,full,cuda,diagonal_prototype_soft_top_fraction_v1,0,3,2634853674,0.6,1.0,0.5575385776162147,23,False
18,gated_alive,full,cuda,diagonal_prototype_soft_top_fraction_v1,0,4,2634853774,0.4,0.3333333333333333,0.7339861164093018,7,False
18,gated_alive,full,cuda,diagonal_prototype_soft_top_fraction_v1,0,5,2634853874,0.2,0.0,0.71274827003479,6,False
18,gated_alive,full,cuda,diagonal_prototype_soft_top_fraction_v1,1,3,2634863674,0.4,0.6666666666666667,0.709214406490326,7,False
18,gated_alive,full,cuda,diagonal_prototype_soft_top_fraction_v1,1,4,2634863774,0.4,0.33333333333333337,0.7146579003334046,7,False
18,gated_alive,full,cuda,diagonal_prototype_soft_top_fraction_v1,1,5,2634863874,0.4,0.6666666666666667,0.7241878871917724,7,False
18,gated_alive,full,cuda,diagonal_prototype_soft_top_fraction_v1,2,3,2634873674,0.5,0.5,0.6888194894790649,6,False
18,gated_alive,full,cuda,diagonal_prototype_soft_top_fraction_v1,2,4,2634873774,0.5,0.5,0.6944684863090516,6,False
18,gated_alive,full,cuda,diagonal_prototype_soft_top_fraction_v1,2,5,2634873874,0.75,0.5,0.5836481237411499,13,True
19,gated_alive,full,cuda,diagonal_prototype_soft_top_fraction_v1,0,3,4045012804,0.2,0.3333333333333333,0.7174139900207519,8,False
19,gated_alive,full,cuda,diagonal_prototype_soft_top_fraction_v1,0,4,4045012904,0.4,0.5,0.734561327457428,7,False
19,gated_alive,full,cuda,diagonal_prototype_soft_top_fraction_v1,0,5,4045013004,0.4,0.3333333333333333,0.7410876870155334,7,False
19,gated_alive,full,cuda,diagonal_prototype_soft_top_fraction_v1,1,3,4045022804,0.4,0.16666666666666669,0.7110135431289673,6,False
19,gated_alive,full,cuda,diagonal_prototype_soft_top_fraction_v1,1,4,4045022904,0.4,0.5,0.7081174221038818,7,False
19,gated_alive,full,cuda,diagonal_prototype_soft_top_fraction_v1,1,5,4045023004,0.2,0.0,0.7739412779808045,7,False
19,gated_alive,full,cuda,diagonal_prototype_soft_top_fraction_v1,2,3,4045032804,0.75,0.75,0.43442496165633204,14,False
19,gated_alive,full,cuda,diagonal_prototype_soft_top_fraction_v1,2,4,4045032904,0.75,1.0,0.2759439966012724,17,False
19,gated_alive,full,cuda,diagonal_prototype_soft_top_fraction_v1,2,5,4045033004,1.0,1.0,0.19647744797170164,37,True
20,gated_alive,full,cuda,diagonal_prototype_soft_top_fraction_v1,0,3,3032918538,1.0,1.0,0.30779391956329344,24,False
20,gated_alive,full,cuda,diagonal_prototype_soft_top_fraction_v1,0,4,3032918638,0.8,1.0,0.2534163582324982,28,False
20,gated_alive,full,cuda,diagonal_prototype_soft_top_fraction_v1,0,5,3032918738,0.8,1.0,0.44567614221572877,18,False
20,gated_alive,full,cuda,diagonal_prototype_soft_top_fraction_v1,1,3,3032928538,0.6,0.8333333333333334,0.38067902137339116,24,False
20,gated_alive,full,cuda,diagonal_prototype_soft_top_fraction_v1,1,4,3032928638,0.8,1.0,0.3572166821062565,20,False
20,gated_alive,full,cuda,diagonal_prototype_soft_top_fraction_v1,1,5,3032928738,0.4,0.5,0.6891369099617004,6,False
20,gated_alive,full,cuda,diagonal_prototype_soft_top_fraction_v1,2,3,3032938538,0.25,0.0,0.7089514517784119,6,False
20,gated_alive,full,cuda,diagonal_prototype_soft_top_fraction_v1,2,4,3032938638,1.0,1.0,0.20568779706954957,19,False
20,gated_alive,full,cuda,diagonal_prototype_soft_top_fraction_v1,2,5,3032938738,1.0,1.0,0.011232746369205415,40,True
21,gated_alive,full,cuda,diagonal_prototype_soft_top_fraction_v1,0,3,1066207524,0.6,1.0,0.5389906277656555,17,False
21,gated_alive,full,cuda,diagonal_prototype_soft_top_fraction_v1,0,4,1066207624,0.6,0.8333333333333333,0.5542400717735291,13,False
21,gated_alive,full,cuda,diagonal_prototype_soft_top_fraction_v1,0,5,1066207724,0.8,1.0,0.43857171511650084,13,True
21,gated_alive,full,cuda,diagonal_prototype_soft_top_fraction_v1,1,3,1066217524,0.6,0.6666666666666667,0.6828130269050598,8,False
21,gated_alive,full,cuda,diagonal_prototype_soft_top_fraction_v1,1,4,1066217624,0.4,0.5,0.7394251546859741,6,False
21,gated_alive,full,cuda,diagonal_prototype_soft_top_fraction_v1,1,5,1066217724,0.4,0.5,0.6966370258331299,6,False
21,gated_alive,full,cuda,diagonal_prototype_soft_top_fraction_v1,2,3,1066227524,0.25,0.25,0.716687445640564,6,False
21,gated_alive,full,cuda,diagonal_prototype_soft_top_fraction_v1,2,4,1066227624,0.5,0.0,0.7013582825660706,6,False
21,gated_alive,full,cuda,diagonal_prototype_soft_top_fraction_v1,2,5,1066227724,0.5,0.0,0.719160897731781,9,False
22,gated_alive,full,cuda,diagonal_prototype_soft_top_fraction_v1,0,3,3929520058,0.4,0.8333333333333333,0.6886206312179566,7,False
22,gated_alive,full,cuda,diagonal_prototype_soft_top_fraction_v1,0,4,3929520158,0.4,0.5,0.7098405342102051,7,False
22,gated_alive,full,cuda,diagonal_prototype_soft_top_fraction_v1,0,5,3929520258,0.4,0.3333333333333333,0.7475162029266358,8,False
22,gated_alive,full,cuda,diagonal_prototype_soft_top_fraction_v1,1,3,3929530058,0.6,0.8333333333333334,0.6765983271598816,6,False
22,gated_alive,full,cuda,diagonal_prototype_soft_top_fraction_v1,1,4,3929530158,0.4,0.0,0.7829295115470887,7,False
22,gated_alive,full,cuda,diagonal_prototype_soft_top_fraction_v1,1,5,3929530258,0.6,0.8333333333333334,0.6721496233940124,6,False
22,gated_alive,full,cuda,diagonal_prototype_soft_top_fraction_v1,2,3,3929540058,0.75,0.75,0.5539008700847625,16,False
22,gated_alive,full,cuda,diagonal_prototype_soft_top_fraction_v1,2,4,3929540158,0.5,0.0,0.6972292423248291,6,False
22,gated_alive,full,cuda,diagonal_prototype_soft_top_fraction_v1,2,5,3929540258,1.0,1.0,0.1510031315777451,46,True
23,gated_alive,full,cuda,diagonal_prototype_soft_top_fraction_v1,0,3,4075413813,0.6,0.5,0.6923292589187622,6,False
23,gated_alive,full,cuda,diagonal_prototype_soft_top_fraction_v1,0,4,4075413913,0.6,0.5,0.6773228211402893,6,False
23,gated_alive,full,cuda,diagonal_prototype_soft_top_fraction_v1,0,5,4075414013,0.6,1.0,0.5363956344127655,16,True
23,gated_alive,full,cuda,diagonal_prototype_soft_top_fraction_v1,1,3,4075423813,0.4,0.0,0.7362773022651672,6,False
23,gated_alive,full,cuda,diagonal_prototype_soft_top_fraction_v1,1,4,4075423913,0.6,0.16666666666666669,0.7083792943954468,7,False
23,gated_alive,full,cuda,diagonal_prototype_soft_top_fraction_v1,1,5,4075424013,0.4,0.33333333333333337,0.7620928592681885,6,False
23,gated_alive,full,cuda,diagonal_prototype_soft_top_fraction_v1,2,3,4075433813,0.5,0.25,0.7033767676353455,8,False
23,gated_alive,full,cuda,diagonal_prototype_soft_top_fraction_v1,2,4,4075433913,0.25,0.25,0.7006612944602967,6,False
23,gated_alive,full,cuda,diagonal_prototype_soft_top_fraction_v1,2,5,4075434013,0.5,0.75,0.6878498291969299,12,False
24,gated_alive,full,cuda,diagonal_prototype_soft_top_fraction_v1,0,3,3145778432,0.8,1.0,0.47999416434764863,36,True
24,gated_alive,full,cuda,diagonal_prototype_soft_top_fraction_v1,0,4,3145778532,0.4,0.5,0.7076852049827576,7,False
24,gated_alive,full,cuda,diagonal_prototype_soft_top_fraction_v1,0,5,3145778632,0.6,0.6666666666666666,0.6344553315639496,11,False
24,gated_alive,full,cuda,diagonal_prototype_soft_top_fraction_v1,1,3,3145788432,0.2,0.16666666666666669,0.7594412040710449,6,False
24,gated_alive,full,cuda,diagonal_prototype_soft_top_fraction_v1,1,4,3145788532,0.4,0.16666666666666669,0.7307439074516296,8,False
24,gated_alive,full,cuda,diagonal_prototype_soft_top_fraction_v1,1,5,3145788632,0.2,0.33333333333333337,0.6917775025367737,7,False
24,gated_alive,full,cuda,diagonal_prototype_soft_top_fraction_v1,2,3,3145798432,0.5,0.75,0.6890281796455383,7,False
24,gated_alive,full,cuda,diagonal_prototype_soft_top_fraction_v1,2,4,3145798532,0.5,0.5,0.6904906821250916,6,False
24,gated_alive,full,cuda,diagonal_prototype_soft_top_fraction_v1,2,5,3145798632,0.5,1.0,0.6755017399787903,6,False
25,gated_alive,full,cuda,diagonal_prototype_soft_top_fraction_v1,0,3,2865763338,0.4,0.6666666666666666,0.694213276386261,6,False
25,gated_alive,full,cuda,diagonal_prototype_soft_top_fraction_v1,0,4,2865763438,0.6,0.5,0.676920687198639,6,False
25,gated_alive,full,cuda,diagonal_prototype_soft_top_fraction_v1,0,5,2865763538,1.0,1.0,0.050818979114294054,89,True
25,gated_alive,full,cuda,diagonal_prototype_soft_top_fraction_v1,1,3,2865773338,0.4,0.6666666666666667,0.7092672181129456,6,False
25,gated_alive,full,cuda,diagonal_prototype_soft_top_fraction_v1,1,4,2865773438,0.6,0.33333333333333337,0.6904987297058105,6,False
25,gated_alive,full,cuda,diagonal_prototype_soft_top_fraction_v1,1,5,2865773538,0.4,0.33333333333333337,0.7315568494796753,7,False
25,gated_alive,full,cuda,diagonal_prototype_soft_top_fraction_v1,2,3,2865783338,0.75,0.5,0.6946462082862854,6,False
25,gated_alive,full,cuda,diagonal_prototype_soft_top_fraction_v1,2,4,2865783438,0.5,0.0,0.7186438703536987,6,False
25,gated_alive,full,cuda,diagonal_prototype_soft_top_fraction_v1,2,5,2865783538,0.75,1.0,0.4699867397546768,18,False
26,gated_alive,full,cuda,diagonal_prototype_soft_top_fraction_v1,0,3,561034102,0.4,0.16666666666666666,0.7525626983642578,8,False
26,gated_alive,full,cuda,diagonal_prototype_soft_top_fraction_v1,0,4,561034202,0.4,0.5,0.7245647535324097,7,False
26,gated_alive,full,cuda,diagonal_prototype_soft_top_fraction_v1,0,5,561034302,0.8,0.8333333333333333,0.44266193866729736,19,True
26,gated_alive,full,cuda,diagonal_prototype_soft_top_fraction_v1,1,3,561044102,0.4,0.33333333333333337,0.7162138481140137,6,False
26,gated_alive,full,cuda,diagonal_prototype_soft_top_fraction_v1,1,4,561044202,0.4,0.6666666666666667,0.7022516803741455,6,False
26,gated_alive,full,cuda,diagonal_prototype_soft_top_fraction_v1,1,5,561044302,0.4,0.0,0.7720903544425964,7,False
26,gated_alive,full,cuda,diagonal_prototype_soft_top_fraction_v1,2,3,561054102,0.75,1.0,0.33890487790107726,16,False
26,gated_alive,full,cuda,diagonal_prototype_soft_top_fraction_v1,2,4,561054202,0.75,1.0,0.473696750998497,16,False
26,gated_alive,full,cuda,diagonal_prototype_soft_top_fraction_v1,2,5,561054302,0.75,1.0,0.4954543715715408,15,False
27,gated_alive,full,cuda,diagonal_prototype_soft_top_fraction_v1,0,3,411878796,0.6,0.5,0.674652024269104,6,False
27,gated_alive,full,cuda,diagonal_prototype_soft_top_fraction_v1,0,4,411878896,0.4,0.3333333333333333,0.6955244255065918,6,False
27,gated_alive,full,cuda,diagonal_prototype_soft_top_fraction_v1,0,5,411878996,0.2,0.0,0.8025169496536255,7,False
27,gated_alive,full,cuda,diagonal_prototype_soft_top_fraction_v1,1,3,411888796,0.4,0.0,0.7206543898582458,7,False
27,gated_alive,full,cuda,diagonal_prototype_soft_top_fraction_v1,1,4,411888896,0.4,0.6666666666666667,0.6925488758087158,6,False
27,gated_alive,full,cuda,diagonal_prototype_soft_top_fraction_v1,1,5,411888996,0.4,0.33333333333333337,0.7496977052688598,7,False
27,gated_alive,full,cuda,diagonal_prototype_soft_top_fraction_v1,2,3,411898796,1.0,1.0,0.6518413376808166,7,False
27,gated_alive,full,cuda,diagonal_prototype_soft_top_fraction_v1,2,4,411898896,0.5,0.25,0.7014324378967285,6,False
27,gated_alive,full,cuda,diagonal_prototype_soft_top_fraction_v1,2,5,411898996,1.0,1.0,0.5797365784645081,9,True
28,gated_alive,full,cuda,diagonal_prototype_soft_top_fraction_v1,0,3,1143810128,0.8,1.0,0.4377417304515839,33,True
28,gated_alive,full,cuda,diagonal_prototype_soft_top_fraction_v1,0,4,1143810228,0.6,0.6666666666666666,0.6048483963012695,15,False
28,gated_alive,full,cuda,diagonal_prototype_soft_top_fraction_v1,0,5,1143810328,0.4,1.0,0.6922340116500855,6,False
28,gated_alive,full,cuda,diagonal_prototype_soft_top_fraction_v1,1,3,1143820128,0.6,0.5,0.6734457821846008,6,False
28,gated_alive,full,cuda,diagonal_prototype_soft_top_fraction_v1,1,4,1143820228,0.6,0.33333333333333337,0.6989034085273743,8,False
28,gated_alive,full,cuda,diagonal_prototype_soft_top_fraction_v1,1,5,1143820328,0.4,0.16666666666666669,0.7780450134277344,6,False
28,gated_alive,full,cuda,diagonal_prototype_soft_top_fraction_v1,2,3,1143830128,0.5,0.5,0.694978904724121,6,False
28,gated_alive,full,cuda,diagonal_prototype_soft_top_fraction_v1,2,4,1143830228,0.5,0.0,0.7340489387512207,6,False
28,gated_alive,full,cuda,diagonal_prototype_soft_top_fraction_v1,2,5,1143830328,0.25,0.5,0.6973752331733704,7,False
29,gated_alive,full,cuda,diagonal_prototype_soft_top_fraction_v1,0,3,1897687215,0.4,0.8333333333333333,0.7032530145645142,10,False
29,gated_alive,full,cuda,diagonal_prototype_soft_top_fraction_v1,0,4,1897687315,0.6,0.6666666666666666,0.6225818268060684,16,False
29,gated_alive,full,cuda,diagonal_prototype_soft_top_fraction_v1,0,5,1897687415,0.6,0.8333333333333333,0.6660946497917175,14,False
29,gated_alive,full,cuda,diagonal_prototype_soft_top_fraction_v1,1,3,1897697215,0.6,0.8333333333333334,0.6865855784416198,7,False
29,gated_alive,full,cuda,diagonal_prototype_soft_top_fraction_v1,1,4,1897697315,0.4,0.33333333333333337,0.7433234620094299,8,False
29,gated_alive,full,cuda,diagonal_prototype_soft_top_fraction_v1,1,5,1897697415,0.6,0.5,0.6865810508728027,6,False
29,gated_alive,full,cuda,diagonal_prototype_soft_top_fraction_v1,2,3,1897707215,0.75,1.0,0.42078553974628446,20,False
29,gated_alive,full,cuda,diagonal_prototype_soft_top_fraction_v1,2,4,1897707315,0.75,1.0,0.22912150913849472,22,True
29,gated_alive,full,cuda,diagonal_prototype_soft_top_fraction_v1,2,5,1897707415,0.25,0.5,0.7039212036132813,6,False
30,gated_alive,full,cuda,diagonal_prototype_soft_top_fraction_v1,0,3,310985277,0.4,0.5,0.7045474195480347,7,False
30,gated_alive,full,cuda,diagonal_prototype_soft_top_fraction_v1,0,4,310985377,0.4,0.3333333333333333,0.72207945728302,6,False
30,gated_alive,full,cuda,diagonal_prototype_soft_top_fraction_v1,0,5,310985477,0.4,0.16666666666666666,0.7615653085708618,6,False
30,gated_alive,full,cuda,diagonal_prototype_soft_top_fraction_v1,1,3,310995277,0.2,0.33333333333333337,0.696785056591034,7,False
30,gated_alive,full,cuda,diagonal_prototype_soft_top_fraction_v1,1,4,310995377,0.2,0.5,0.6991421999931335,6,False
30,gated_alive,full,cuda,diagonal_prototype_soft_top_fraction_v1,1,5,310995477,0.2,0.16666666666666669,0.7170996141433715,7,False
30,gated_alive,full,cuda,diagonal_prototype_soft_top_fraction_v1,2,3,311005277,0.75,0.5,0.6615657043457032,12,False
30,gated_alive,full,cuda,diagonal_prototype_soft_top_fraction_v1,2,4,311005377,0.25,0.5,0.6840353775024414,6,False
30,gated_alive,full,cuda,diagonal_prototype_soft_top_fraction_v1,2,5,311005477,0.75,0.75,0.6823999142646789,6,True
31,gated_alive,full,cuda,diagonal_prototype_soft_top_fraction_v1,0,3,3807402561,0.4,0.5,0.6852653203010559,7,False
31,gated_alive,full,cuda,diagonal_prototype_soft_top_fraction_v1,0,4,3807402661,0.4,0.6666666666666666,0.7087945494651794,6,False
31,gated_alive,full,cuda,diagonal_prototype_soft_top_fraction_v1,0,5,3807402761,1.0,1.0,0.28859116077423097,15,False
31,gated_alive,full,cuda,diagonal_prototype_soft_top_fraction_v1,1,3,3807412561,0.4,0.16666666666666669,0.7148860325813293,7,False
31,gated_alive,full,cuda,diagonal_prototype_soft_top_fraction_v1,1,4,3807412661,0.6,0.6666666666666667,0.7129848089218139,10,False
31,gated_alive,full,cuda,diagonal_prototype_soft_top_fraction_v1,1,5,3807412761,0.8,0.8333333333333334,0.5608195340633393,15,False
31,gated_alive,full,cuda,diagonal_prototype_soft_top_fraction_v1,2,3,3807422561,1.0,1.0,0.21223802179098128,21,False
31,gated_alive,full,cuda,diagonal_prototype_soft_top_fraction_v1,2,4,3807422661,1.0,1.0,0.19332579374313355,23,True
31,gated_alive,full,cuda,diagonal_prototype_soft_top_fraction_v1,2,5,3807422761,0.5,1.0,0.651124804019928,11,False
32,gated_alive,full,cuda,diagonal_prototype_soft_top_fraction_v1,0,3,2035922833,0.4,0.6666666666666666,0.7071037511825562,6,False
32,gated_alive,full,cuda,diagonal_prototype_soft_top_fraction_v1,0,4,2035922933,0.4,0.16666666666666666,0.7125499205589294,6,False
32,gated_alive,full,cuda,diagonal_prototype_soft_top_fraction_v1,0,5,2035923033,0.8,1.0,0.34285828710719946,21,False
32,gated_alive,full,cuda,diagonal_prototype_soft_top_fraction_v1,1,3,2035932833,0.4,0.33333333333333337,0.7260992197990418,7,False
32,gated_alive,full,cuda,diagonal_prototype_soft_top_fraction_v1,1,4,2035932933,0.8,0.8333333333333334,0.5705681591033935,13,False
32,gated_alive,full,cuda,diagonal_prototype_soft_top_fraction_v1,1,5,2035933033,1.0,1.0,0.2157859368911013,53,True
32,gated_alive,full,cuda,diagonal_prototype_soft_top_fraction_v1,2,3,2035942833,0.5,0.25,0.6970027351379394,8,False
32,gated_alive,full,cuda,diagonal_prototype_soft_top_fraction_v1,2,4,2035942933,0.5,1.0,0.6819956040382386,7,False
32,gated_alive,full,cuda,diagonal_prototype_soft_top_fraction_v1,2,5,2035943033,0.5,0.5,0.6798947715759277,11,False
33,gated_alive,full,cuda,diagonal_prototype_soft_top_fraction_v1,0,3,2995540271,0.4,0.6666666666666666,0.7043036484718322,6,False
33,gated_alive,full,cuda,diagonal_prototype_soft_top_fraction_v1,0,4,2995540371,0.6,0.6666666666666666,0.5902172728478908,18,False
33,gated_alive,full,cuda,diagonal_prototype_soft_top_fraction_v1,0,5,2995540471,0.4,0.5,0.7228704538345337,7,False
33,gated_alive,full,cuda,diagonal_prototype_soft_top_fraction_v1,1,3,2995550271,0.4,0.16666666666666669,0.719605450630188,6,False
33,gated_alive,full,cuda,diagonal_prototype_soft_top_fraction_v1,1,4,2995550371,0.6,0.6666666666666667,0.7047496724128723,9,False
33,gated_alive,full,cuda,diagonal_prototype_soft_top_fraction_v1,1,5,2995550471,1.0,1.0,0.38905838268995285,18,True
33,gated_alive,full,cuda,diagonal_prototype_soft_top_fraction_v1,2,3,2995560271,0.25,0.25,0.6949605083465576,8,False
33,gated_alive,full,cuda,diagonal_prototype_soft_top_fraction_v1,2,4,2995560371,0.75,0.5,0.6169417333602906,14,False
33,gated_alive,full,cuda,diagonal_prototype_soft_top_fraction_v1,2,5,2995560471,1.0,1.0,0.5235938626527786,32,False
34,gated_alive,full,cuda,diagonal_prototype_soft_top_fraction_v1,0,3,913047278,0.6,0.3333333333333333,0.7003199181556702,7,True
34,gated_alive,full,cuda,diagonal_prototype_soft_top_fraction_v1,0,4,913047378,0.4,1.0,0.7096648831367492,6,False
34,gated_alive,full,cuda,diagonal_prototype_soft_top_fraction_v1,0,5,913047478,0.4,0.0,0.782366274356842,6,False
34,gated_alive,full,cuda,diagonal_prototype_soft_top_fraction_v1,1,3,913057278,0.4,0.16666666666666669,0.7128992133140564,6,False
34,gated_alive,full,cuda,diagonal_prototype_soft_top_fraction_v1,1,4,913057378,0.4,0.33333333333333337,0.7149570093154908,6,False
34,gated_alive,full,cuda,diagonal_prototype_soft_top_fraction_v1,1,5,913057478,0.4,0.5,0.7299817481040954,6,False
34,gated_alive,full,cuda,diagonal_prototype_soft_top_fraction_v1,2,3,913067278,0.5,1.0,0.4957448047399521,14,False
34,gated_alive,full,cuda,diagonal_prototype_soft_top_fraction_v1,2,4,913067378,0.5,0.5,0.690623939037323,6,False
34,gated_alive,full,cuda,diagonal_prototype_soft_top_fraction_v1,2,5,913067478,0.5,0.5,0.6969474887847901,6,False
35,gated_alive,full,cuda,diagonal_prototype_soft_top_fraction_v1,0,3,1402190573,0.2,0.16666666666666666,0.722726399898529,8,False
35,gated_alive,full,cuda,diagonal_prototype_soft_top_fraction_v1,0,4,1402190673,0.4,0.3333333333333333,0.7355134224891663,8,False
35,gated_alive,full,cuda,diagonal_prototype_soft_top_fraction_v1,0,5,1402190773,0.4,0.3333333333333333,0.7158457517623902,6,False
35,gated_alive,full,cuda,diagonal_prototype_soft_top_fraction_v1,1,3,1402200573,0.4,0.0,0.7385054454803467,7,False
35,gated_alive,full,cuda,diagonal_prototype_soft_top_fraction_v1,1,4,1402200673,0.6,1.0,0.6428186683654785,13,False
35,gated_alive,full,cuda,diagonal_prototype_soft_top_fraction_v1,1,5,1402200773,0.4,0.5,0.7267744531631469,6,False
35,gated_alive,full,cuda,diagonal_prototype_soft_top_fraction_v1,2,3,1402210573,0.5,1.0,0.6747716808319092,6,False
35,gated_alive,full,cuda,diagonal_prototype_soft_top_fraction_v1,2,4,1402210673,0.75,1.0,0.3481626670062542,19,True
35,gated_alive,full,cuda,diagonal_prototype_soft_top_fraction_v1,2,5,1402210773,0.5,0.0,0.7220580792427063,6,False
36,gated_alive,full,cuda,diagonal_prototype_soft_top_fraction_v1,0,3,498139453,0.8,0.8333333333333333,0.5993420166969299,21,False
36,gated_alive,full,cuda,diagonal_prototype_soft_top_fraction_v1,0,4,498139553,0.4,0.6666666666666666,0.699828588962555,8,False
36,gated_alive,full,cuda,diagonal_prototype_soft_top_fraction_v1,0,5,498139653,1.0,1.0,0.21800603878498076,26,False
36,gated_alive,full,cuda,diagonal_prototype_soft_top_fraction_v1,1,3,498149453,0.8,1.0,0.4558014829158783,21,False
36,gated_alive,full,cuda,diagonal_prototype_soft_top_fraction_v1,1,4,498149553,0.6,0.5,0.6865682239532471,6,False
36,gated_alive,full,cuda,diagonal_prototype_soft_top_fraction_v1,1,5,498149653,0.4,0.0,0.7137434630393982,6,False
36,gated_alive,full,cuda,diagonal_prototype_soft_top_fraction_v1,2,3,498159453,1.0,1.0,0.00612765796482563,92,True
36,gated_alive,full,cuda,diagonal_prototype_soft_top_fraction_v1,2,4,498159553,1.0,1.0,0.04413483710028231,32,False
36,gated_alive,full,cuda,diagonal_prototype_soft_top_fraction_v1,2,5,498159653,0.75,1.0,0.3433865316584706,19,False
37,gated_alive,full,cuda,diagonal_prototype_soft_top_fraction_v1,0,3,3152197758,0.4,0.6666666666666666,0.7257441430091858,7,False
37,gated_alive,full,cuda,diagonal_prototype_soft_top_fraction_v1,0,4,3152197858,0.4,0.8333333333333333,0.6993946447372437,8,False
37,gated_alive,full,cuda,diagonal_prototype_soft_top_fraction_v1,0,5,3152197958,0.4,0.8333333333333333,0.6816644048690796,7,False
37,gated_alive,full,cuda,diagonal_prototype_soft_top_fraction_v1,1,3,3152207758,0.8,0.8333333333333334,0.43522107392549514,14,True
37,gated_alive,full,cuda,diagonal_prototype_soft_top_fraction_v1,1,4,3152207858,0.4,0.33333333333333337,0.7093441796302795,6,False
37,gated_alive,full,cuda,diagonal_prototype_soft_top_fraction_v1,1,5,3152207958,0.4,0.5,0.7025774836540222,6,False
37,gated_alive,full,cuda,diagonal_prototype_soft_top_fraction_v1,2,3,3152217758,0.25,0.25,0.7060659861564637,6,False
37,gated_alive,full,cuda,diagonal_prototype_soft_top_fraction_v1,2,4,3152217858,0.5,0.5,0.6967041206359863,6,False
37,gated_alive,full,cuda,diagonal_prototype_soft_top_fraction_v1,2,5,3152217958,0.5,0.25,0.7172426962852478,6,False
38,gated_alive,full,cuda,diagonal_prototype_soft_top_fraction_v1,0,3,3325497301,0.4,0.16666666666666666,0.7295640029907227,8,False
38,gated_alive,full,cuda,diagonal_prototype_soft_top_fraction_v1,0,4,3325497401,0.4,0.6666666666666666,0.7191396260261536,6,False
38,gated_alive,full,cuda,diagonal_prototype_soft_top_fraction_v1,0,5,3325497501,0.4,0.5,0.7453358473777771,6,False
38,gated_alive,full,cuda,diagonal_prototype_soft_top_fraction_v1,1,3,3325507301,0.4,1.0,0.6875707144737244,6,False
38,gated_alive,full,cuda,diagonal_prototype_soft_top_fraction_v1,1,4,3325507401,0.4,0.6666666666666667,0.6950214514732361,8,False
38,gated_alive,full,cuda,diagonal_prototype_soft_top_fraction_v1,1,5,3325507501,0.6,0.6666666666666667,0.5865956430435181,16,True
38,gated_alive,full,cuda,diagonal_prototype_soft_top_fraction_v1,2,3,3325517301,0.5,0.5,0.699100844860077,9,False
38,gated_alive,full,cuda,diagonal_prototype_soft_top_fraction_v1,2,4,3325517401,0.25,0.25,0.7071498990058899,6,False
38,gated_alive,full,cuda,diagonal_prototype_soft_top_fraction_v1,2,5,3325517501,0.5,0.5,0.6871223497390747,12,False
39,gated_alive,full,cuda,diagonal_prototype_soft_top_fraction_v1,0,3,945472733,0.4,0.0,0.7462807254791259,8,False
39,gated_alive,full,cuda,diagonal_prototype_soft_top_fraction_v1,0,4,945472833,0.4,0.0,0.7145924282073974,8,False
39,gated_alive,full,cuda,diagonal_prototype_soft_top_fraction_v1,0,5,945472933,0.8,1.0,0.3081674976050854,68,True
39,gated_alive,full,cuda,diagonal_prototype_soft_top_fraction_v1,1,3,945482733,0.2,0.5,0.7382702074050903,8,False
39,gated_alive,full,cuda,diagonal_prototype_soft_top_fraction_v1,1,4,945482833,0.6,0.33333333333333337,0.6898751907348633,6,False
39,gated_alive,full,cuda,diagonal_prototype_soft_top_fraction_v1,1,5,945482933,0.4,0.33333333333333337,0.7283926973342896,6,False
39,gated_alive,full,cuda,diagonal_prototype_soft_top_fraction_v1,2,3,945492733,0.5,0.5,0.6971726870536804,6,False
39,gated_alive,full,cuda,diagonal_prototype_soft_top_fraction_v1,2,4,945492833,0.5,0.25,0.7109160280227661,6,False
39,gated_alive,full,cuda,diagonal_prototype_soft_top_fraction_v1,2,5,945492933,0.0,0.0,0.7166092872619629,6,False
40,gated_alive,full,cuda,diagonal_prototype_soft_top_fraction_v1,0,3,3070822891,0.6,0.6666666666666666,0.6909793276786804,19,True
40,gated_alive,full,cuda,diagonal_prototype_soft_top_fraction_v1,0,4,3070822991,0.4,0.16666666666666666,0.7311918745040894,6,False
40,gated_alive,full,cuda,diagonal_prototype_soft_top_fraction_v1,0,5,3070823091,0.4,0.5,0.7133964920043945,7,False
40,gated_alive,full,cuda,diagonal_prototype_soft_top_fraction_v1,1,3,3070832891,0.6,0.33333333333333337,0.6926077179908753,6,False
40,gated_alive,full,cuda,diagonal_prototype_soft_top_fraction_v1,1,4,3070832991,0.4,0.16666666666666669,0.7625367999076843,7,False
40,gated_alive,full,cuda,diagonal_prototype_soft_top_fraction_v1,1,5,3070833091,0.4,0.16666666666666669,0.7800174345970153,6,False
40,gated_alive,full,cuda,diagonal_prototype_soft_top_fraction_v1,2,3,3070842891,0.5,0.25,0.7002270126342773,6,False
40,gated_alive,full,cuda,diagonal_prototype_soft_top_fraction_v1,2,4,3070842991,0.5,0.5,0.6626353001594544,8,False
40,gated_alive,full,cuda,diagonal_prototype_soft_top_fraction_v1,2,5,3070843091,0.5,0.0,0.700269775390625,6,False
41,gated_alive,full,cuda,diagonal_prototype_soft_top_fraction_v1,0,3,350446306,0.4,1.0,0.6863279633522034,6,False
41,gated_alive,full,cuda,diagonal_prototype_soft_top_fraction_v1,0,4,350446406,0.8,1.0,0.2188828615322709,25,False
41,gated_alive,full,cuda,diagonal_prototype_soft_top_fraction_v1,0,5,350446506,0.4,1.0,0.690365996837616,6,False
41,gated_alive,full,cuda,diagonal_prototype_soft_top_fraction_v1,1,3,350456306,1.0,1.0,0.40200189900398253,35,True
41,gated_alive,full,cuda,diagonal_prototype_soft_top_fraction_v1,1,4,350456406,0.4,0.16666666666666669,0.7149765634536743,7,False
41,gated_alive,full,cuda,diagonal_prototype_soft_top_fraction_v1,1,5,350456506,0.8,1.0,0.23575091964006423,14,False
41,gated_alive,full,cuda,diagonal_prototype_soft_top_fraction_v1,2,3,350466306,0.5,0.5,0.6944672393798829,7,False
41,gated_alive,full,cuda,diagonal_prototype_soft_top_fraction_v1,2,4,350466406,0.25,0.0,0.7110581493377686,6,False
41,gated_alive,full,cuda,diagonal_prototype_soft_top_fraction_v1,2,5,350466506,0.5,0.5,0.6885445189476013,10,False
42,gated_alive,full,cuda,diagonal_prototype_soft_top_fraction_v1,0,3,1681874024,0.6,0.8333333333333333,0.553289517045021,13,False
42,gated_alive,full,cuda,diagonal_prototype_soft_top_fraction_v1,0,4,1681874124,1.0,1.0,0.04947258205804974,66,True
42,gated_alive,full,cuda,diagonal_prototype_soft_top_fraction_v1,0,5,1681874224,0.8,1.0,0.2782556470632553,21,False
42,gated_alive,full,cuda,diagonal_prototype_soft_top_fraction_v1,1,3,1681884024,0.4,0.33333333333333337,0.7294884347915649,11,False
42,gated_alive,full,cuda,diagonal_prototype_soft_top_fraction_v1,1,4,1681884124,1.0,1.0,0.17176239395141601,74,False
42,gated_alive,full,cuda,diagonal_prototype_soft_top_fraction_v1,1,5,1681884224,0.6,0.0,0.6854180583953857,6,False
42,gated_alive,full,cuda,diagonal_prototype_soft_top_fraction_v1,2,3,1681894024,0.25,0.5,0.6974195194244385,7,False
42,gated_alive,full,cuda,diagonal_prototype_soft_top_fraction_v1,2,4,1681894124,0.75,0.5,0.693947606086731,10,False
42,gated_alive,full,cuda,diagonal_prototype_soft_top_fraction_v1,2,5,1681894224,0.5,1.0,0.697662308216095,6,False
43,gated_alive,full,cuda,diagonal_prototype_soft_top_fraction_v1,0,3,686746676,0.6,0.5,0.6513776962757111,9,False
43,gated_alive,full,cuda,diagonal_prototype_soft_top_fraction_v1,0,4,686746776,0.4,0.0,0.7443821787834167,7,False
43,gated_alive,full,cuda,diagonal_prototype_soft_top_fraction_v1,0,5,686746876,0.4,0.3333333333333333,0.7163354978561401,6,False
43,gated_alive,full,cuda,diagonal_prototype_soft_top_fraction_v1,1,3,686756676,0.4,0.6666666666666667,0.7271402199268341,6,False
43,gated_alive,full,cuda,diagonal_prototype_soft_top_fraction_v1,1,4,686756776,0.8,0.8333333333333334,0.6216700692176819,12,False
43,gated_alive,full,cuda,diagonal_prototype_soft_top_fraction_v1,1,5,686756876,0.8,1.0,0.3320461024045944,24,True
43,gated_alive,full,cuda,diagonal_prototype_soft_top_fraction_v1,2,3,686766676,0.5,0.5,0.7042944145202636,8,False
43,gated_alive,full,cuda,diagonal_prototype_soft_top_fraction_v1,2,4,686766776,0.25,0.0,0.7191012048721314,6,False
43,gated_alive,full,cuda,diagonal_prototype_soft_top_fraction_v1,2,5,686766876,0.75,1.0,0.3600998133420944,18,False
44,gated_alive,full,cuda,diagonal_prototype_soft_top_fraction_v1,0,3,3195502465,0.4,0.5,0.6977370133399964,6,False
44,gated_alive,full,cuda,diagonal_prototype_soft_top_fraction_v1,0,4,3195502565,0.4,0.6666666666666666,0.7167466044425964,6,False
44,gated_alive,full,cuda,diagonal_prototype_soft_top_fraction_v1,0,5,3195502665,1.0,1.0,0.1965463800430298,37,True
44,gated_alive,full,cuda,diagonal_prototype_soft_top_fraction_v1,1,3,3195512465,0.4,0.6666666666666667,0.7011740126609802,7,False
44,gated_alive,full,cuda,diagonal_prototype_soft_top_fraction_v1,1,4,3195512565,0.6,0.8333333333333334,0.5407566363811493,14,False
44,gated_alive,full,cuda,diagonal_prototype_soft_top_fraction_v1,1,5,3195512665,0.4,0.6666666666666667,0.6693768379688263,11,False
44,gated_alive,full,cuda,diagonal_prototype_soft_top_fraction_v1,2,3,3195522465,0.75,0.75,0.5078583860397339,17,False
44,gated_alive,full,cuda,diagonal_prototype_soft_top_fraction_v1,2,4,3195522565,0.5,0.0,0.6988700413703919,7,False
44,gated_alive,full,cuda,diagonal_prototype_soft_top_fraction_v1,2,5,3195522665,0.5,0.25,0.703257086277008,7,False
45,gated_alive,full,cuda,diagonal_prototype_soft_top_fraction_v1,0,3,1460719470,0.4,0.6666666666666666,0.7044861969947815,6,False
45,gated_alive,full,cuda,diagonal_prototype_soft_top_fraction_v1,0,4,1460719570,0.4,0.3333333333333333,0.706944574356079,6,False
45,gated_alive,full,cuda,diagonal_prototype_soft_top_fraction_v1,0,5,1460719670,0.2,0.3333333333333333,0.8189752106666565,6,False
45,gated_alive,full,cuda,diagonal_prototype_soft_top_fraction_v1,1,3,1460729470,0.4,0.33333333333333337,0.7337610440254212,6,False
45,gated_alive,full,cuda,diagonal_prototype_soft_top_fraction_v1,1,4,1460729570,0.6,0.5,0.6735114059448242,6,False
45,gated_alive,full,cuda,diagonal_prototype_soft_top_fraction_v1,1,5,1460729670,0.4,0.8333333333333334,0.6591507706642151,6,False
45,gated_alive,full,cuda,diagonal_prototype_soft_top_fraction_v1,2,3,1460739470,0.5,0.75,0.684912941455841,11,False
45,gated_alive,full,cuda,diagonal_prototype_soft_top_fraction_v1,2,4,1460739570,0.25,0.0,0.7026589035987854,7,False
45,gated_alive,full,cuda,diagonal_prototype_soft_top_fraction_v1,2,5,1460739670,0.75,0.75,0.6779956364631653,7,True
46,gated_alive,full,cuda,diagonal_prototype_soft_top_fraction_v1,0,3,2033282304,0.8,1.0,0.2583535497635603,34,True
46,gated_alive,full,cuda,diagonal_prototype_soft_top_fraction_v1,0,4,2033282404,0.8,0.6666666666666666,0.5174523950219154,26,False
46,gated_alive,full,cuda,diagonal_prototype_soft_top_fraction_v1,0,5,2033282504,0.8,1.0,0.384476154923439,12,False
46,gated_alive,full,cuda,diagonal_prototype_soft_top_fraction_v1,1,3,2033292304,0.4,0.5,0.6939255023002624,7,False
46,gated_alive,full,cuda,diagonal_prototype_soft_top_fraction_v1,1,4,2033292404,0.6,0.8333333333333334,0.6480588979721069,13,False
46,gated_alive,full,cuda,diagonal_prototype_soft_top_fraction_v1,1,5,2033292504,0.8,1.0,0.45967687386274336,16,False
46,gated_alive,full,cuda,diagonal_prototype_soft_top_fraction_v1,2,3,2033302304,0.5,0.0,0.7241731333732605,6,False
46,gated_alive,full,cuda,diagonal_prototype_soft_top_fraction_v1,2,4,2033302404,0.75,1.0,0.3303012762963772,12,False
46,gated_alive,full,cuda,diagonal_prototype_soft_top_fraction_v1,2,5,2033302504,0.25,0.25,0.7219829440116883,7,False
47,gated_alive,full,cuda,diagonal_prototype_soft_top_fraction_v1,0,3,1997989680,0.6,0.0,0.6952126140594482,6,False
47,gated_alive,full,cuda,diagonal_prototype_soft_top_fraction_v1,0,4,1997989780,0.8,1.0,0.45876301372051237,26,False
47,gated_alive,full,cuda,diagonal_prototype_soft_top_fraction_v1,0,5,1997989880,0.6,1.0,0.6435009427070618,11,False
47,gated_alive,full,cuda,diagonal_prototype_soft_top_fraction_v1,1,3,1997999680,0.4,0.16666666666666669,0.7438293452262879,8,False
47,gated_alive,full,cuda,diagonal_prototype_soft_top_fraction_v1,1,4,1997999780,0.8,1.0,0.27319886568933727,31,True
47,gated_alive,full,cuda,diagonal_prototype_soft_top_fraction_v1,1,5,1997999880,0.8,0.6666666666666667,0.6865465178489685,6,False
47,gated_alive,full,cuda,diagonal_prototype_soft_top_fraction_v1,2,3,1998009680,0.5,0.5,0.7012763524055481,8,False
47,gated_alive,full,cuda,diagonal_prototype_soft_top_fraction_v1,2,4,1998009780,0.0,0.0,0.7033090114593505,6,False
47,gated_alive,full,cuda,diagonal_prototype_soft_top_fraction_v1,2,5,1998009880,0.5,0.5,0.7131843304634095,8,False
48,gated_alive,full,cuda,diagonal_prototype_soft_top_fraction_v1,0,3,2042481786,0.4,0.16666666666666669,0.7089872636795044,8,False
48,gated_alive,full,cuda,diagonal_prototype_soft_top_fraction_v1,0,4,2042481886,0.4,0.6666666666666667,0.6919432096481323,8,False
48,gated_alive,full,cuda,diagonal_prototype_soft_top_fraction_v1,0,5,2042481986,0.4,0.6666666666666667,0.7061105170249939,6,False
48,gated_alive,full,cuda,diagonal_prototype_soft_top_fraction_v1,1,3,2042491786,0.2,0.3333333333333333,0.7125909261703491,13,False
48,gated_alive,full,cuda,diagonal_prototype_soft_top_fraction_v1,1,4,2042491886,0.2,0.0,0.7361786832809448,6,False
48,gated_alive,full,cuda,diagonal_prototype_soft_top_fraction_v1,1,5,2042491986,0.4,1.0,0.6902816686630249,6,False
48,gated_alive,full,cuda,diagonal_prototype_soft_top_fraction_v1,2,3,2042501786,0.25,0.5,0.7050798344612121,7,False
48,gated_alive,full,cuda,diagonal_prototype_soft_top_fraction_v1,2,4,2042501886,0.5,0.5,0.7051273131370545,7,False
48,gated_alive,full,cuda,diagonal_prototype_soft_top_fraction_v1,2,5,2042501986,0.5,0.5,0.695587649345398,6,True
49,gated_alive,full,cuda,diagonal_prototype_soft_top_fraction_v1,0,3,1144269902,0.4,0.16666666666666666,0.7181928105354309,6,False
49,gated_alive,full,cuda,diagonal_prototype_soft_top_fraction_v1,0,4,1144270002,0.4,0.0,0.7757899541854858,7,False
49,gated_alive,full,cuda,diagonal_prototype_soft_top_fraction_v1,0,5,1144270102,0.6,1.0,0.6675037255287171,6,False
49,gated_alive,full,cuda,diagonal_prototype_soft_top_fraction_v1,1,3,1144279902,0.4,0.33333333333333337,0.7264346323013305,6,False
49,gated_alive,full,cuda,diagonal_prototype_soft_top_fraction_v1,1,4,1144280002,0.4,0.6666666666666667,0.7125490274429321,8,False
49,gated_alive,full,cuda,diagonal_prototype_soft_top_fraction_v1,1,5,1144280102,1.0,1.0,0.003039033149369061,100,True
49,gated_alive,full,cuda,diagonal_prototype_soft_top_fraction_v1,2,3,1144289902,0.5,0.0,0.7081297993659973,6,False
49,gated_alive,full,cuda,diagonal_prototype_soft_top_fraction_v1,2,4,1144290002,0.25,0.0,0.7615563082695007,6,False
49,gated_alive,full,cuda,diagonal_prototype_soft_top_fraction_v1,2,5,1144290102,0.75,0.5,0.7021009397506713,7,False
50,gated_alive,full,cuda,diagonal_prototype_soft_top_fraction_v1,0,3,2396799822,0.8,0.5,0.6187338457107544,16,True
50,gated_alive,full,cuda,diagonal_prototype_soft_top_fraction_v1,0,4,2396799922,0.6,0.6666666666666666,0.66605357837677,14,False
50,gated_alive,full,cuda,diagonal_prototype_soft_top_fraction_v1,0,5,2396800022,0.4,0.16666666666666666,0.7122921195030213,6,False
50,gated_alive,full,cuda,diagonal_prototype_soft_top_fraction_v1,1,3,2396809822,0.4,0.33333333333333337,0.7461661200523376,7,False
50,gated_alive,full,cuda,diagonal_prototype_soft_top_fraction_v1,1,4,2396809922,0.4,0.5,0.7151693148612976,6,False
50,gated_alive,full,cuda,diagonal_prototype_soft_top_fraction_v1,1,5,2396810022,0.4,0.33333333333333337,0.7028952255249024,7,False
50,gated_alive,full,cuda,diagonal_prototype_soft_top_fraction_v1,2,3,2396819822,0.5,0.25,0.7003600001335144,6,False
50,gated_alive,full,cuda,diagonal_prototype_soft_top_fraction_v1,2,4,2396819922,0.75,1.0,0.4645672982931137,18,False
50,gated_alive,full,cuda,diagonal_prototype_soft_top_fraction_v1,2,5,2396820022,0.5,0.0,0.6994283652305603,6,False
51,gated_alive,full,cuda,diagonal_prototype_soft_top_fraction_v1,0,3,3503733272,0.6,0.8333333333333333,0.6864111351966858,6,False
51,gated_alive,full,cuda,diagonal_prototype_soft_top_fraction_v1,0,4,3503733372,0.6,0.8333333333333333,0.6696490626335144,6,False
51,gated_alive,full,cuda,diagonal_prototype_soft_top_fraction_v1,0,5,3503733472,0.2,0.0,0.7164554214477539,6,False
51,gated_alive,full,cuda,diagonal_prototype_soft_top_fraction_v1,1,3,3503743272,0.6,0.5,0.7021587104797363,17,False
51,gated_alive,full,cuda,diagonal_prototype_soft_top_fraction_v1,1,4,3503743372,0.4,0.0,0.7098838682174683,7,False
51,gated_alive,full,cuda,diagonal_prototype_soft_top_fraction_v1,1,5,3503743472,0.8,1.0,0.4142393591403961,21,False
51,gated_alive,full,cuda,diagonal_prototype_soft_top_fraction_v1,2,3,3503753272,1.0,1.0,0.6584718227386475,6,True
51,gated_alive,full,cuda,diagonal_prototype_soft_top_fraction_v1,2,4,3503753372,0.5,0.25,0.7034599280357361,6,False
51,gated_alive,full,cuda,diagonal_prototype_soft_top_fraction_v1,2,5,3503753472,0.5,0.0,0.7047455644607544,6,False
52,gated_alive,full,cuda,diagonal_prototype_soft_top_fraction_v1,0,3,2141779727,0.6,0.3333333333333333,0.7121277565956116,6,False
52,gated_alive,full,cuda,diagonal_prototype_soft_top_fraction_v1,0,4,2141779827,0.4,0.5,0.7013653826713562,7,False
52,gated_alive,full,cuda,diagonal_prototype_soft_top_fraction_v1,0,5,2141779927,0.2,0.16666666666666666,0.7576633353233337,7,False
52,gated_alive,full,cuda,diagonal_prototype_soft_top_fraction_v1,1,3,2141789727,0.2,0.33333333333333337,0.6973178853988647,6,False
52,gated_alive,full,cuda,diagonal_prototype_soft_top_fraction_v1,1,4,2141789827,0.4,0.5,0.7199018545150757,7,False
52,gated_alive,full,cuda,diagonal_prototype_soft_top_fraction_v1,1,5,2141789927,0.4,0.5,0.687870982170105,8,False
52,gated_alive,full,cuda,diagonal_prototype_soft_top_fraction_v1,2,3,2141799727,0.5,0.75,0.6834426617622376,8,False
52,gated_alive,full,cuda,diagonal_prototype_soft_top_fraction_v1,2,4,2141799827,0.5,0.5,0.6502554726600647,10,False
52,gated_alive,full,cuda,diagonal_prototype_soft_top_fraction_v1,2,5,2141799927,0.75,1.0,0.5472958517074585,12,True
53,gated_alive,full,cuda,diagonal_prototype_soft_top_fraction_v1,0,3,830193379,0.4,0.16666666666666666,0.7184484281539917,6,False
53,gated_alive,full,cuda,diagonal_prototype_soft_top_fraction_v1,0,4,830193479,0.4,0.8333333333333333,0.7138794612884521,7,False
53,gated_alive,full,cuda,diagonal_prototype_soft_top_fraction_v1,0,5,830193579,0.8,1.0,0.6793433685302734,6,False
53,gated_alive,full,cuda,diagonal_prototype_soft_top_fraction_v1,1,3,830203379,0.4,0.0,0.7102569675445557,6,False
53,gated_alive,full,cuda,diagonal_prototype_soft_top_fraction_v1,1,4,830203479,0.4,0.33333333333333337,0.73203324842453,8,False
53,gated_alive,full,cuda,diagonal_prototype_soft_top_fraction_v1,1,5,830203579,0.4,0.16666666666666669,0.7490977048873901,7,False
53,gated_alive,full,cuda,diagonal_prototype_soft_top_fraction_v1,2,3,830213379,1.0,1.0,0.040231303721666334,80,False
53,gated_alive,full,cuda,diagonal_prototype_soft_top_fraction_v1,2,4,830213479,1.0,1.0,0.018885727263987063,44,False
53,gated_alive,full,cuda,diagonal_prototype_soft_top_fraction_v1,2,5,830213579,1.0,1.0,0.00485307402908802,100,True
54,gated_alive,full,cuda,diagonal_prototype_soft_top_fraction_v1,0,3,104832771,0.6,0.3333333333333333,0.7110589122772217,7,False
54,gated_alive,full,cuda,diagonal_prototype_soft_top_fraction_v1,0,4,104832871,0.2,0.0,0.7466978888511657,9,False
54,gated_alive,full,cuda,diagonal_prototype_soft_top_fraction_v1,0,5,104832971,0.4,1.0,0.6939290323257447,6,False
54,gated_alive,full,cuda,diagonal_prototype_soft_top_fraction_v1,1,3,104842771,0.4,0.6666666666666667,0.6431579682826996,12,False
54,gated_alive,full,cuda,diagonal_prototype_soft_top_fraction_v1,1,4,104842871,0.4,0.5,0.720796088218689,7,False
54,gated_alive,full,cuda,diagonal_prototype_soft_top_fraction_v1,1,5,104842971,0.0,0.0,0.7094599041938782,6,False
54,gated_alive,full,cuda,diagonal_prototype_soft_top_fraction_v1,2,3,104852771,0.75,0.75,0.572483308315277,12,False
54,gated_alive,full,cuda,diagonal_prototype_soft_top_fraction_v1,2,4,104852871,1.0,1.0,0.03682806604076177,54,True
54,gated_alive,full,cuda,diagonal_prototype_soft_top_fraction_v1,2,5,104852971,0.5,0.25,0.7042171931266785,7,False
55,gated_alive,full,cuda,diagonal_prototype_soft_top_fraction_v1,0,3,556065747,0.4,0.5,0.7084661993980408,8,False
55,gated_alive,full,cuda,diagonal_prototype_soft_top_fraction_v1,0,4,556065847,0.2,0.5,0.7314741845130921,6,False
55,gated_alive,full,cuda,diagonal_prototype_soft_top_fraction_v1,0,5,556065947,0.8,1.0,0.25782996639981864,37,False
55,gated_alive,full,cuda,diagonal_prototype_soft_top_fraction_v1,1,3,556075747,0.4,0.16666666666666669,0.7245005640983582,6,False
55,gated_alive,full,cuda,diagonal_prototype_soft_top_fraction_v1,1,4,556075847,0.2,0.0,0.7456068358421326,7,False
55,gated_alive,full,cuda,diagonal_prototype_soft_top_fraction_v1,1,5,556075947,0.4,0.16666666666666669,0.7231750860214233,7,False
55,gated_alive,full,cuda,diagonal_prototype_soft_top_fraction_v1,2,3,556085747,1.0,1.0,0.08904650112614036,100,True
55,gated_alive,full,cuda,diagonal_prototype_soft_top_fraction_v1,2,4,556085847,0.5,0.5,0.6956674718856811,8,False
55,gated_alive,full,cuda,diagonal_prototype_soft_top_fraction_v1,2,5,556085947,1.0,1.0,0.35853989243507384,16,False
56,gated_alive,full,cuda,diagonal_prototype_soft_top_fraction_v1,0,3,349892616,0.4,0.3333333333333333,0.7194081568717956,6,False
56,gated_alive,full,cuda,diagonal_prototype_soft_top_fraction_v1,0,4,349892716,0.6,0.5,0.6793754248619079,6,False
56,gated_alive,full,cuda,diagonal_prototype_soft_top_fraction_v1,0,5,349892816,1.0,1.0,0.20343172092642636,70,True
56,gated_alive,full,cuda,diagonal_prototype_soft_top_fraction_v1,1,3,349902616,0.4,0.6666666666666667,0.7097826647758484,8,False
56,gated_alive,full,cuda,diagonal_prototype_soft_top_fraction_v1,1,4,349902716,0.4,0.16666666666666669,0.7139225640296936,6,False
56,gated_alive,full,cuda,diagonal_prototype_soft_top_fraction_v1,1,5,349902816,0.4,0.6666666666666667,0.6889004569053649,12,False
56,gated_alive,full,cuda,diagonal_prototype_soft_top_fraction_v1,2,3,349912616,0.5,0.25,0.7004845309257507,6,False
56,gated_alive,full,cuda,diagonal_prototype_soft_top_fraction_v1,2,4,349912716,0.5,0.5,0.695065701007843,7,False
56,gated_alive,full,cuda,diagonal_prototype_soft_top_fraction_v1,2,5,349912816,0.5,1.0,0.664999451637268,6,False
57,gated_alive,full,cuda,diagonal_prototype_soft_top_fraction_v1,0,3,393697409,0.4,0.5,0.7122795162200928,7,False
57,gated_alive,full,cuda,diagonal_prototype_soft_top_fraction_v1,0,4,393697509,0.6,0.16666666666666666,0.677222089767456,6,False
57,gated_alive,full,cuda,diagonal_prototype_soft_top_fraction_v1,0,5,393697609,0.4,0.3333333333333333,0.7418902883529663,7,False
57,gated_alive,full,cuda,diagonal_prototype_soft_top_fraction_v1,1,3,393707409,0.6,1.0,0.6718471260070801,6,False
57,gated_alive,full,cuda,diagonal_prototype_soft_top_fraction_v1,1,4,393707509,0.8,1.0,0.3825142501592636,17,False
57,gated_alive,full,cuda,diagonal_prototype_soft_top_fraction_v1,1,5,393707609,0.4,0.5,0.7294303350448609,6,False
57,gated_alive,full,cuda,diagonal_prototype_soft_top_fraction_v1,2,3,393717409,1.0,1.0,0.008076414056122303,75,False
57,gated_alive,full,cuda,diagonal_prototype_soft_top_fraction_v1,2,4,393717509,1.0,1.0,0.688616714477539,6,False
57,gated_alive,full,cuda,diagonal_prototype_soft_top_fraction_v1,2,5,393717609,1.0,1.0,0.0021762662194669247,52,True
58,gated_alive,full,cuda,diagonal_prototype_soft_top_fraction_v1,0,3,526062120,0.6,0.6666666666666666,0.6717961101531983,7,False
58,gated_alive,full,cuda,diagonal_prototype_soft_top_fraction_v1,0,4,526062220,0.4,0.16666666666666666,0.7396186738014221,6,False
58,gated_alive,full,cuda,diagonal_prototype_soft_top_fraction_v1,0,5,526062320,0.4,1.0,0.7104255013465881,6,False
58,gated_alive,full,cuda,diagonal_prototype_soft_top_fraction_v1,1,3,526072120,0.4,0.0,0.7573537654876709,7,False
58,gated_alive,full,cuda,diagonal_prototype_soft_top_fraction_v1,1,4,526072220,0.4,1.0,0.6929110546112061,6,False
58,gated_alive,full,cuda,diagonal_prototype_soft_top_fraction_v1,1,5,526072320,0.4,0.33333333333333337,0.7330375647544861,7,False
58,gated_alive,full,cuda,diagonal_prototype_soft_top_fraction_v1,2,3,526082120,0.5,0.5,0.6954070734977722,6,False
58,gated_alive,full,cuda,diagonal_prototype_soft_top_fraction_v1,2,4,526082220,1.0,1.0,0.12599347561597823,34,True
58,gated_alive,full,cuda,diagonal_prototype_soft_top_fraction_v1,2,5,526082320,0.75,1.0,0.3608400559425354,24,False
59,gated_alive,full,cuda,diagonal_prototype_soft_top_fraction_v1,0,3,2570830342,0.4,0.3333333333333333,0.7047805128097534,6,False
59,gated_alive,full,cuda,diagonal_prototype_soft_top_fraction_v1,0,4,2570830442,0.2,0.5,0.7232025642395019,6,False
59,gated_alive,full,cuda,diagonal_prototype_soft_top_fraction_v1,0,5,2570830542,0.4,1.0,0.6929635152816772,6,False
59,gated_alive,full,cuda,diagonal_prototype_soft_top_fraction_v1,1,3,2570840342,0.4,0.16666666666666669,0.7671135091781616,8,False
59,gated_alive,full,cuda,diagonal_prototype_soft_top_fraction_v1,1,4,2570840442,0.8,0.6666666666666667,0.6030638351440429,15,True
59,gated_alive,full,cuda,diagonal_prototype_soft_top_fraction_v1,1,5,2570840542,0.8,0.6666666666666667,0.6402418994903565,12,False
59,gated_alive,full,cuda,diagonal_prototype_soft_top_fraction_v1,2,3,2570850342,0.75,0.75,0.6915222597122193,7,False
59,gated_alive,full,cuda,diagonal_prototype_soft_top_fraction_v1,2,4,2570850442,0.5,0.25,0.715656955242157,7,False
59,gated_alive,full,cuda,diagonal_prototype_soft_top_fraction_v1,2,5,2570850542,0.25,0.5,0.7116693878173828,7,False
60,gated_alive,full,cuda,diagonal_prototype_soft_top_fraction_v1,0,3,3466447190,0.6,0.6666666666666666,0.6892262787818909,6,False
60,gated_alive,full,cuda,diagonal_prototype_soft_top_fraction_v1,0,4,3466447290,0.6,0.5,0.625075873374939,14,False
60,gated_alive,full,cuda,diagonal_prototype_soft_top_fraction_v1,0,5,3466447390,0.4,0.6666666666666666,0.6669316048622131,11,False
60,gated_alive,full,cuda,diagonal_prototype_soft_top_fraction_v1,1,3,3466457190,0.2,0.0,0.7158963589668274,6,False
60,gated_alive,full,cuda,diagonal_prototype_soft_top_fraction_v1,1,4,3466457290,0.4,0.33333333333333337,0.7294545502662658,6,False
60,gated_alive,full,cuda,diagonal_prototype_soft_top_fraction_v1,1,5,3466457390,0.8,0.6666666666666667,0.6627670135498047,7,True
60,gated_alive,full,cuda,diagonal_prototype_soft_top_fraction_v1,2,3,3466467190,0.5,0.5,0.7007894086837768,7,False
60,gated_alive,full,cuda,diagonal_prototype_soft_top_fraction_v1,2,4,3466467290,0.5,0.0,0.6996412825584412,7,False
60,gated_alive,full,cuda,diagonal_prototype_soft_top_fraction_v1,2,5,3466467390,0.5,0.75,0.42782698199152946,17,False
61,gated_alive,full,cuda,diagonal_prototype_soft_top_fraction_v1,0,3,3671088824,0.6,0.5,0.6745622806549072,6,False
61,gated_alive,full,cuda,diagonal_prototype_soft_top_fraction_v1,0,4,3671088924,1.0,1.0,0.17008238631486894,36,False
61,gated_alive,full,cuda,diagonal_prototype_soft_top_fraction_v1,0,5,3671089024,1.0,1.0,0.042414392590522765,100,True
61,gated_alive,full,cuda,diagonal_prototype_soft_top_fraction_v1,1,3,3671098824,0.6,0.8333333333333334,0.5854736596047878,15,False
61,gated_alive,full,cuda,diagonal_prototype_soft_top_fraction_v1,1,4,3671098924,0.6,0.8333333333333334,0.5901784932613373,16,False
61,gated_alive,full,cuda,diagonal_prototype_soft_top_fraction_v1,1,5,3671099024,0.8,0.8333333333333334,0.4966036643385887,13,False
61,gated_alive,full,cuda,diagonal_prototype_soft_top_fraction_v1,2,3,3671108824,0.75,1.0,0.29135529436171054,23,False
61,gated_alive,full,cuda,diagonal_prototype_soft_top_fraction_v1,2,4,3671108924,1.0,1.0,0.2330538660287857,19,False
61,gated_alive,full,cuda,diagonal_prototype_soft_top_fraction_v1,2,5,3671109024,0.5,0.75,0.6532272481918335,14,False
62,gated_alive,full,cuda,diagonal_prototype_soft_top_fraction_v1,0,3,2806374241,0.6,0.6666666666666666,0.6780586380958558,6,False
62,gated_alive,full,cuda,diagonal_prototype_soft_top_fraction_v1,0,4,2806374341,0.8,1.0,0.29073297330737113,22,True
62,gated_alive,full,cuda,diagonal_prototype_soft_top_fraction_v1,0,5,2806374441,0.4,0.6666666666666666,0.6584432787895202,13,False
62,gated_alive,full,cuda,diagonal_prototype_soft_top_fraction_v1,1,3,2806384241,0.4,0.16666666666666669,0.743209370136261,6,False
62,gated_alive,full,cuda,diagonal_prototype_soft_top_fraction_v1,1,4,2806384341,0.6,0.5,0.6824546737670898,7,False
62,gated_alive,full,cuda,diagonal_prototype_soft_top_fraction_v1,1,5,2806384441,0.4,0.16666666666666669,0.7348581938743591,6,False
62,gated_alive,full,cuda,diagonal_prototype_soft_top_fraction_v1,2,3,2806394241,0.5,0.75,0.5659567865729332,19,False
62,gated_alive,full,cuda,diagonal_prototype_soft_top_fraction_v1,2,4,2806394341,0.5,0.25,0.7206335282325744,6,False
62,gated_alive,full,cuda,diagonal_prototype_soft_top_fraction_v1,2,5,2806394441,0.75,0.5,0.6692899918556213,10,False
63,gated_alive,full,cuda,diagonal_prototype_soft_top_fraction_v1,0,3,2583943856,0.6,0.8333333333333333,0.6030773797035217,16,True
63,gated_alive,full,cuda,diagonal_prototype_soft_top_fraction_v1,0,4,2583943956,0.4,0.3333333333333333,0.7046628761291504,6,False
63,gated_alive,full,cuda,diagonal_prototype_soft_top_fraction_v1,0,5,2583944056,0.4,0.0,0.7356918540000915,7,False
63,gated_alive,full,cuda,diagonal_prototype_soft_top_fraction_v1,1,3,2583953856,0.4,0.5,0.7277347784042358,7,False
63,gated_alive,full,cuda,diagonal_prototype_soft_top_fraction_v1,1,4,2583953956,0.4,0.5,0.7201443080902099,8,False
63,gated_alive,full,cuda,diagonal_prototype_soft_top_fraction_v1,1,5,2583954056,0.4,0.33333333333333337,0.7424453353881836,6,False
63,gated_alive,full,cuda,diagonal_prototype_soft_top_fraction_v1,2,3,2583963856,0.5,0.5,0.6905036377906799,6,False
63,gated_alive,full,cuda,diagonal_prototype_soft_top_fraction_v1,2,4,2583963956,0.5,0.5,0.6918136978149414,6,False
63,gated_alive,full,cuda,diagonal_prototype_soft_top_fraction_v1,2,5,2583964056,0.25,0.0,0.7228224205970765,6,False
64,gated_alive,full,cuda,diagonal_prototype_soft_top_fraction_v1,0,3,1424584435,0.4,0.0,0.7130281438827515,6,False
64,gated_alive,full,cuda,diagonal_prototype_soft_top_fraction_v1,0,4,1424584535,0.8,1.0,0.34840586215257646,16,False
64,gated_alive,full,cuda,diagonal_prototype_soft_top_fraction_v1,0,5,1424584635,0.4,0.16666666666666666,0.7337315006256103,7,False
64,gated_alive,full,cuda,diagonal_prototype_soft_top_fraction_v1,1,3,1424594435,1.0,1.0,0.14546834470331668,68,True
64,gated_alive,full,cuda,diagonal_prototype_soft_top_fraction_v1,1,4,1424594535,0.4,0.0,0.8159878778457642,6,False
64,gated_alive,full,cuda,diagonal_prototype_soft_top_fraction_v1,1,5,1424594635,0.4,0.33333333333333337,0.7143136668205261,6,False
64,gated_alive,full,cuda,diagonal_prototype_soft_top_fraction_v1,2,3,1424604435,0.75,1.0,0.3907472407817841,25,False
64,gated_alive,full,cuda,diagonal_prototype_soft_top_fraction_v1,2,4,1424604535,1.0,1.0,0.3556437230110168,17,False
64,gated_alive,full,cuda,diagonal_prototype_soft_top_fraction_v1,2,5,1424604635,0.25,0.25,0.7088323616981507,7,False
65,gated_alive,full,cuda,diagonal_prototype_soft_top_fraction_v1,0,3,4002859830,0.6,0.6666666666666666,0.700746428489685,12,False
65,gated_alive,full,cuda,diagonal_prototype_soft_top_fraction_v1,0,4,4002859930,0.4,0.5,0.710254894733429,7,False
65,gated_alive,full,cuda,diagonal_prototype_soft_top_fraction_v1,0,5,4002860030,0.6,0.6666666666666666,0.6877041659355163,11,False
65,gated_alive,full,cuda,diagonal_prototype_soft_top_fraction_v1,1,3,4002869830,0.6,0.8333333333333334,0.679864511013031,6,True
65,gated_alive,full,cuda,diagonal_prototype_soft_top_fraction_v1,1,4,4002869930,0.4,0.33333333333333337,0.6939605188369751,6,False
65,gated_alive,full,cuda,diagonal_prototype_soft_top_fraction_v1,1,5,4002870030,0.4,0.33333333333333337,0.7179382719993591,7,False
65,gated_alive,full,cuda,diagonal_prototype_soft_top_fraction_v1,2,3,4002879830,0.5,0.5,0.6872089314460754,6,False
65,gated_alive,full,cuda,diagonal_prototype_soft_top_fraction_v1,2,4,4002879930,0.5,0.0,0.7055895185470581,6,False
65,gated_alive,full,cuda,diagonal_prototype_soft_top_fraction_v1,2,5,4002880030,0.5,0.5,0.6997794675827026,7,False
66,gated_alive,full,cuda,diagonal_prototype_soft_top_fraction_v1,0,3,2751328424,0.6,1.0,0.4397609094977379,17,False
66,gated_alive,full,cuda,diagonal_prototype_soft_top_fraction_v1,0,4,2751328524,1.0,1.0,0.2918113731443882,32,True
66,gated_alive,full,cuda,diagonal_prototype_soft_top_fraction_v1,0,5,2751328624,0.4,0.16666666666666666,0.7282342762947083,7,False
66,gated_alive,full,cuda,diagonal_prototype_soft_top_fraction_v1,1,3,2751338424,0.6,0.5,0.6767213582992554,6,False
66,gated_alive,full,cuda,diagonal_prototype_soft_top_fraction_v1,1,4,2751338524,0.4,0.33333333333333337,0.7142220001220703,6,False
66,gated_alive,full,cuda,diagonal_prototype_soft_top_fraction_v1,1,5,2751338624,0.4,0.5,0.7312266569137573,7,False
66,gated_alive,full,cuda,diagonal_prototype_soft_top_fraction_v1,2,3,2751348424,0.5,0.5,0.6902474975585937,6,False
66,gated_alive,full,cuda,diagonal_prototype_soft_top_fraction_v1,2,4,2751348524,0.25,0.5,0.6859000790119171,7,False
66,gated_alive,full,cuda,diagonal_prototype_soft_top_fraction_v1,2,5,2751348624,0.75,1.0,0.48229697801172733,20,False
67,gated_alive,full,cuda,diagonal_prototype_soft_top_fraction_v1,0,3,3112912541,0.4,0.0,0.7131956720352173,6,False
67,gated_alive,full,cuda,diagonal_prototype_soft_top_fraction_v1,0,4,3112912641,0.4,0.16666666666666666,0.8314609136581421,7,False
67,gated_alive,full,cuda,diagonal_prototype_soft_top_fraction_v1,0,5,3112912741,0.4,0.3333333333333333,0.7393606052398681,6,False
67,gated_alive,full,cuda,diagonal_prototype_soft_top_fraction_v1,1,3,3112922541,0.6,0.8333333333333334,0.48401307994127274,22,False
67,gated_alive,full,cuda,diagonal_prototype_soft_top_fraction_v1,1,4,3112922641,0.6,0.8333333333333334,0.6867183089256287,6,False
67,gated_alive,full,cuda,diagonal_prototype_soft_top_fraction_v1,1,5,3112922741,0.6,0.5,0.7083366198539733,6,False
67,gated_alive,full,cuda,diagonal_prototype_soft_top_fraction_v1,2,3,3112932541,1.0,1.0,0.04053900317288935,23,True
67,gated_alive,full,cuda,diagonal_prototype_soft_top_fraction_v1,2,4,3112932641,1.0,1.0,0.11544291695579886,48,False
67,gated_alive,full,cuda,diagonal_prototype_soft_top_fraction_v1,2,5,3112932741,1.0,1.0,0.06320563709363342,62,False
68,gated_alive,full,cuda,diagonal_prototype_soft_top_fraction_v1,0,3,3152106676,0.4,0.5,0.7081378560066223,10,False
68,gated_alive,full,cuda,diagonal_prototype_soft_top_fraction_v1,0,4,3152106776,0.4,0.5,0.7250462484359741,6,False
68,gated_alive,full,cuda,diagonal_prototype_soft_top_fraction_v1,0,5,3152106876,0.4,0.6666666666666666,0.7097980523109436,7,False
68,gated_alive,full,cuda,diagonal_prototype_soft_top_fraction_v1,1,3,3152116676,0.4,0.5,0.7042984147071838,11,False
68,gated_alive,full,cuda,diagonal_prototype_soft_top_fraction_v1,1,4,3152116776,0.4,0.6666666666666667,0.727459258556366,8,False
68,gated_alive,full,cuda,diagonal_prototype_soft_top_fraction_v1,1,5,3152116876,0.4,0.6666666666666667,0.7260669479370118,7,False
68,gated_alive,full,cuda,diagonal_prototype_soft_top_fraction_v1,2,3,3152126676,0.75,1.0,0.35191711485385896,20,True
68,gated_alive,full,cuda,diagonal_prototype_soft_top_fraction_v1,2,4,3152126776,0.75,1.0,0.4896810569986701,30,False
68,gated_alive,full,cuda,diagonal_prototype_soft_top_fraction_v1,2,5,3152126876,0.5,0.75,0.5217965602874756,13,False
69,gated_alive,full,cuda,diagonal_prototype_soft_top_fraction_v1,0,3,3696040063,0.4,0.0,0.796435571193695,7,False
69,gated_alive,full,cuda,diagonal_prototype_soft_top_fraction_v1,0,4,3696040163,0.4,0.33333333333333337,0.7355560026168824,7,False
69,gated_alive,full,cuda,diagonal_prototype_soft_top_fraction_v1,0,5,3696040263,0.2,0.33333333333333337,0.7078713383674622,6,False
69,gated_alive,full,cuda,diagonal_prototype_soft_top_fraction_v1,1,3,3696050063,0.4,0.16666666666666666,0.7166907525062561,9,False
69,gated_alive,full,cuda,diagonal_prototype_soft_top_fraction_v1,1,4,3696050163,0.4,0.6666666666666666,0.7186289539337158,8,False
69,gated_alive,full,cuda,diagonal_prototype_soft_top_fraction_v1,1,5,3696050263,0.8,0.8333333333333333,0.6694192347526551,9,False
69,gated_alive,full,cuda,diagonal_prototype_soft_top_fraction_v1,2,3,3696060063,1.0,1.0,0.0022734603844583035,41,True
69,gated_alive,full,cuda,diagonal_prototype_soft_top_fraction_v1,2,4,3696060163,0.25,0.0,0.7782766318321228,6,False
69,gated_alive,full,cuda,diagonal_prototype_soft_top_fraction_v1,2,5,3696060263,1.0,1.0,0.0029440987948328255,51,False
70,gated_alive,full,cuda,diagonal_prototype_soft_top_fraction_v1,0,3,3017305472,0.8,1.0,0.5624148061275482,16,True
70,gated_alive,full,cuda,diagonal_prototype_soft_top_fraction_v1,0,4,3017305572,0.4,0.6666666666666666,0.7033597388267517,8,False
70,gated_alive,full,cuda,diagonal_prototype_soft_top_fraction_v1,0,5,3017305672,0.6,0.0,0.6915499534606934,6,False
70,gated_alive,full,cuda,diagonal_prototype_soft_top_fraction_v1,1,3,3017315472,0.8,0.6666666666666667,0.684919538974762,8,False
70,gated_alive,full,cuda,diagonal_prototype_soft_top_fraction_v1,1,4,3017315572,0.6,0.6666666666666667,0.6436628851890563,11,False
70,gated_alive,full,cuda,diagonal_prototype_soft_top_fraction_v1,1,5,3017315672,0.4,0.16666666666666669,0.7245748319625854,7,False
70,gated_alive,full,cuda,diagonal_prototype_soft_top_fraction_v1,2,3,3017325472,0.75,0.5,0.7062220811843872,8,False
70,gated_alive,full,cuda,diagonal_prototype_soft_top_fraction_v1,2,4,3017325572,0.5,0.5,0.7101444530487061,6,False
70,gated_alive,full,cuda,diagonal_prototype_soft_top_fraction_v1,2,5,3017325672,0.5,0.0,0.6991739177703857,6,False
71,gated_alive,full,cuda,diagonal_prototype_soft_top_fraction_v1,0,3,3991475763,0.8,1.0,0.4034912073612213,34,False
71,gated_alive,full,cuda,diagonal_prototype_soft_top_fraction_v1,0,4,3991475863,0.6,0.5,0.6931905980110169,11,False
71,gated_alive,full,cuda,diagonal_prototype_soft_top_fraction_v1,0,5,3991475963,0.6,1.0,0.5096141393184662,13,False
71,gated_alive,full,cuda,diagonal_prototype_soft_top_fraction_v1,1,3,3991485763,0.6,1.0,0.6510908060073852,7,False
71,gated_alive,full,cuda,diagonal_prototype_soft_top_fraction_v1,1,4,3991485863,0.4,0.33333333333333337,0.6972681312561035,6,False
71,gated_alive,full,cuda,diagonal_prototype_soft_top_fraction_v1,1,5,3991485963,0.8,1.0,0.5102565704882145,14,False
71,gated_alive,full,cuda,diagonal_prototype_soft_top_fraction_v1,2,3,3991495763,1.0,1.0,0.09012342549860478,18,False
71,gated_alive,full,cuda,diagonal_prototype_soft_top_fraction_v1,2,4,3991495863,1.0,1.0,0.028819302571937443,37,True
71,gated_alive,full,cuda,diagonal_prototype_soft_top_fraction_v1,2,5,3991495963,1.0,1.0,0.19438001859001816,21,False
72,gated_alive,full,cuda,diagonal_prototype_soft_top_fraction_v1,0,3,2325577196,0.4,0.0,0.7147330141067505,6,False
72,gated_alive,full,cuda,diagonal_prototype_soft_top_fraction_v1,0,4,2325577296,0.2,0.5,0.7119017271995545,6,False
72,gated_alive,full,cuda,diagonal_prototype_soft_top_fraction_v1,0,5,2325577396,0.6,0.8333333333333333,0.5827100007534027,10,False
72,gated_alive,full,cuda,diagonal_prototype_soft_top_fraction_v1,1,3,2325587196,0.4,0.0,0.7166904759407043,6,False
72,gated_alive,full,cuda,diagonal_prototype_soft_top_fraction_v1,1,4,2325587296,0.4,0.8333333333333334,0.701929922580719,6,False
72,gated_alive,full,cuda,diagonal_prototype_soft_top_fraction_v1,1,5,2325587396,1.0,1.0,0.11811274438910187,70,True
72,gated_alive,full,cuda,diagonal_prototype_soft_top_fraction_v1,2,3,2325597196,0.25,0.0,0.7094387602806091,6,False
72,gated_alive,full,cuda,diagonal_prototype_soft_top_fraction_v1,2,4,2325597296,0.5,0.25,0.702601637840271,6,False
72,gated_alive,full,cuda,diagonal_prototype_soft_top_fraction_v1,2,5,2325597396,0.5,0.0,0.7159071612358093,6,False
73,gated_alive,full,cuda,diagonal_prototype_soft_top_fraction_v1,0,3,2345851345,0.6,0.6666666666666666,0.6886162014007569,6,False
73,gated_alive,full,cuda,diagonal_prototype_soft_top_fraction_v1,0,4,2345851445,0.4,0.3333333333333333,0.7116959495544434,10,False
73,gated_alive,full,cuda,diagonal_prototype_soft_top_fraction_v1,0,5,2345851545,0.4,0.3333333333333333,0.7153523602485656,6,False
73,gated_alive,full,cuda,diagonal_prototype_soft_top_fraction_v1,1,3,2345861345,0.4,0.5,0.6899924659729004,7,False
73,gated_alive,full,cuda,diagonal_prototype_soft_top_fraction_v1,1,4,2345861445,0.4,0.16666666666666669,0.7207647504806518,8,False
73,gated_alive,full,cuda,diagonal_prototype_soft_top_fraction_v1,1,5,2345861545,0.8,1.0,0.2788360358774662,32,False
73,gated_alive,full,cuda,diagonal_prototype_soft_top_fraction_v1,2,3,2345871345,0.75,1.0,0.31451876848936083,22,False
73,gated_alive,full,cuda,diagonal_prototype_soft_top_fraction_v1,2,4,2345871445,0.75,0.75,0.680417366027832,6,False
73,gated_alive,full,cuda,diagonal_prototype_soft_top_fraction_v1,2,5,2345871545,1.0,1.0,0.365646698474884,16,True
74,gated_alive,full,cuda,diagonal_prototype_soft_top_fraction_v1,0,3,1078349450,0.8,1.0,0.2446001483798027,29,False
74,gated_alive,full,cuda,diagonal_prototype_soft_top_fraction_v1,0,4,1078349550,1.0,1.0,0.04368416147865355,37,True
74,gated_alive,full,cuda,diagonal_prototype_soft_top_fraction_v1,0,5,1078349650,0.4,0.5,0.7150394358634948,10,False
74,gated_alive,full,cuda,diagonal_prototype_soft_top_fraction_v1,1,3,1078359450,0.6,1.0,0.5044113797247409,24,False
74,gated_alive,full,cuda,diagonal_prototype_soft_top_fraction_v1,1,4,1078359550,0.6,0.6666666666666667,0.6780247521400452,6,False
74,gated_alive,full,cuda,diagonal_prototype_soft_top_fraction_v1,1,5,1078359650,0.6,0.6666666666666667,0.619860827922821,11,False
74,gated_alive,full,cuda,diagonal_prototype_soft_top_fraction_v1,2,3,1078369450,0.75,1.0,0.5020751368999481,19,False
74,gated_alive,full,cuda,diagonal_prototype_soft_top_fraction_v1,2,4,1078369550,0.5,0.5,0.693858687877655,7,False
74,gated_alive,full,cuda,diagonal_prototype_soft_top_fraction_v1,2,5,1078369650,0.75,1.0,0.46229239881038664,15,False
75,gated_alive,full,cuda,diagonal_prototype_soft_top_fraction_v1,0,3,4027274991,0.4,0.5,0.7260116896629334,8,False
75,gated_alive,full,cuda,diagonal_prototype_soft_top_fraction_v1,0,4,4027275091,0.4,0.8333333333333333,0.6948764915466309,6,False
75,gated_alive,full,cuda,diagonal_prototype_soft_top_fraction_v1,0,5,4027275191,0.4,1.0,0.6814666600227356,6,False
75,gated_alive,full,cuda,diagonal_prototype_soft_top_fraction_v1,1,3,4027284991,0.4,0.5,0.7370050387382507,7,False
75,gated_alive,full,cuda,diagonal_prototype_soft_top_fraction_v1,1,4,4027285091,0.4,0.6666666666666667,0.7172465915679932,7,False
75,gated_alive,full,cuda,diagonal_prototype_soft_top_fraction_v1,1,5,4027285191,0.6,1.0,0.5744587708711624,15,False
75,gated_alive,full,cuda,diagonal_prototype_soft_top_fraction_v1,2,3,4027294991,0.5,0.5,0.6925007224082946,6,False
75,gated_alive,full,cuda,diagonal_prototype_soft_top_fraction_v1,2,4,4027295091,0.75,0.5,0.6950055480003356,7,True
75,gated_alive,full,cuda,diagonal_prototype_soft_top_fraction_v1,2,5,4027295191,0.75,0.5,0.696723370552063,8,False
76,gated_alive,full,cuda,diagonal_prototype_soft_top_fraction_v1,0,3,2374937733,0.4,0.3333333333333333,0.7198433241844178,6,False
76,gated_alive,full,cuda,diagonal_prototype_soft_top_fraction_v1,0,4,2374937833,0.6,0.6666666666666666,0.6222419047355652,12,False
76,gated_alive,full,cuda,diagonal_prototype_soft_top_fraction_v1,0,5,2374937933,0.6,0.6666666666666666,0.5313686978816986,17,False
76,gated_alive,full,cuda,diagonal_prototype_soft_top_fraction_v1,1,3,2374947733,0.8,1.0,0.4264306182861328,19,True
76,gated_alive,full,cuda,diagonal_prototype_soft_top_fraction_v1,1,4,2374947833,0.6,0.5,0.6764394837617874,16,False
76,gated_alive,full,cuda,diagonal_prototype_soft_top_fraction_v1,1,5,2374947933,0.4,0.6666666666666667,0.7184442639350891,6,False
76,gated_alive,full,cuda,diagonal_prototype_soft_top_fraction_v1,2,3,2374957733,0.5,0.0,0.6988327646255493,6,False
76,gated_alive,full,cuda,diagonal_prototype_soft_top_fraction_v1,2,4,2374957833,0.75,1.0,0.40055085480213165,20,False
76,gated_alive,full,cuda,diagonal_prototype_soft_top_fraction_v1,2,5,2374957933,0.5,0.75,0.6640024042129516,16,False
77,gated_alive,full,cuda,diagonal_prototype_soft_top_fraction_v1,0,3,2125957313,0.4,0.5,0.7143252210617066,7,False
77,gated_alive,full,cuda,diagonal_prototype_soft_top_fraction_v1,0,4,2125957413,0.6,0.6666666666666666,0.6678582391738892,6,False
77,gated_alive,full,cuda,diagonal_prototype_soft_top_fraction_v1,0,5,2125957513,0.4,0.0,0.7152006888389587,6,False
77,gated_alive,full,cuda,diagonal_prototype_soft_top_fraction_v1,1,3,2125967313,0.4,0.5,0.6894734091758729,10,False
77,gated_alive,full,cuda,diagonal_prototype_soft_top_fraction_v1,1,4,2125967413,0.6,0.33333333333333337,0.7160635361671448,7,False
77,gated_alive,full,cuda,diagonal_prototype_soft_top_fraction_v1,1,5,2125967513,0.6,0.6666666666666667,0.692512421131134,6,False
77,gated_alive,full,cuda,diagonal_prototype_soft_top_fraction_v1,2,3,2125977313,0.75,1.0,0.4900706928223372,22,False
77,gated_alive,full,cuda,diagonal_prototype_soft_top_fraction_v1,2,4,2125977413,1.0,1.0,0.11572501628659665,41,True
77,gated_alive,full,cuda,diagonal_prototype_soft_top_fraction_v1,2,5,2125977513,0.5,0.5,0.6941489219665528,6,False
78,gated_alive,full,cuda,diagonal_prototype_soft_top_fraction_v1,0,3,1358653840,0.4,0.5,0.7165379104614258,11,False
78,gated_alive,full,cuda,diagonal_prototype_soft_top_fraction_v1,0,4,1358653940,0.4,0.5,0.7248184823989868,7,False
78,gated_alive,full,cuda,diagonal_prototype_soft_top_fraction_v1,0,5,1358654040,0.8,0.6666666666666666,0.6278187942504883,10,True
78,gated_alive,full,cuda,diagonal_prototype_soft_top_fraction_v1,1,3,1358663840,0.4,1.0,0.7007649364471435,6,False
78,gated_alive,full,cuda,diagonal_prototype_soft_top_fraction_v1,1,4,1358663940,0.6,1.0,0.6841538324356079,6,False
78,gated_alive,full,cuda,diagonal_prototype_soft_top_fraction_v1,1,5,1358664040,0.4,0.6666666666666667,0.7160402646064759,6,False
78,gated_alive,full,cuda,diagonal_prototype_soft_top_fraction_v1,2,3,1358673840,0.5,0.0,0.7012205219268799,6,False
78,gated_alive,full,cuda,diagonal_prototype_soft_top_fraction_v1,2,4,1358673940,0.25,0.0,0.7333920288085938,6,False
78,gated_alive,full,cuda,diagonal_prototype_soft_top_fraction_v1,2,5,1358674040,0.0,0.0,0.7555306339263916,6,False
79,gated_alive,full,cuda,diagonal_prototype_soft_top_fraction_v1,0,3,1175847164,0.4,0.6666666666666666,0.7113655505180358,10,False
79,gated_alive,full,cuda,diagonal_prototype_soft_top_fraction_v1,0,4,1175847264,0.6,0.5,0.6883126816749573,6,False
79,gated_alive,full,cuda,diagonal_prototype_soft_top_fraction_v1,0,5,1175847364,0.4,0.5,0.717145926952362,7,False
79,gated_alive,full,cuda,diagonal_prototype_soft_top_fraction_v1,1,3,1175857164,0.4,0.6666666666666667,0.7083201875686645,7,False
79,gated_alive,full,cuda,diagonal_prototype_soft_top_fraction_v1,1,4,1175857264,0.4,0.5,0.7066029787063599,7,False
79,gated_alive,full,cuda,diagonal_prototype_soft_top_fraction_v1,1,5,1175857364,0.6,0.16666666666666669,0.7071721596717835,7,False
79,gated_alive,full,cuda,diagonal_prototype_soft_top_fraction_v1,2,3,1175867164,0.75,0.5,0.678555314540863,6,True
79,gated_alive,full,cuda,diagonal_prototype_soft_top_fraction_v1,2,4,1175867264,0.25,0.0,0.7567744612693786,6,False
79,gated_alive,full,cuda,diagonal_prototype_soft_top_fraction_v1,2,5,1175867364,0.5,0.5,0.6824181914329529,6,False
80,gated_alive,full,cuda,diagonal_prototype_soft_top_fraction_v1,0,3,2719779636,0.2,0.0,0.7572238893508911,7,False
80,gated_alive,full,cuda,diagonal_prototype_soft_top_fraction_v1,0,4,2719779736,0.4,0.0,0.727622447013855,8,False
80,gated_alive,full,cuda,diagonal_prototype_soft_top_fraction_v1,0,5,2719779836,0.2,0.3333333333333333,0.7677553491592407,6,False
80,gated_alive,full,cuda,diagonal_prototype_soft_top_fraction_v1,1,3,2719789636,0.6,0.6666666666666667,0.6872642030715942,6,False
80,gated_alive,full,cuda,diagonal_prototype_soft_top_fraction_v1,1,4,2719789736,0.4,0.5,0.7118137903213501,6,False
80,gated_alive,full,cuda,diagonal_prototype_soft_top_fraction_v1,1,5,2719789836,0.4,0.6666666666666667,0.7328524785041809,7,False
80,gated_alive,full,cuda,diagonal_prototype_soft_top_fraction_v1,2,3,2719799636,0.5,0.25,0.7032606339454651,6,False
80,gated_alive,full,cuda,diagonal_prototype_soft_top_fraction_v1,2,4,2719799736,0.75,0.75,0.6779249596595764,6,True
80,gated_alive,full,cuda,diagonal_prototype_soft_top_fraction_v1,2,5,2719799836,0.25,0.25,0.7475729560852051,7,False
81,gated_alive,full,cuda,diagonal_prototype_soft_top_fraction_v1,0,3,1940375072,0.4,0.6666666666666666,0.7121611590385437,8,False
81,gated_alive,full,cuda,diagonal_prototype_soft_top_fraction_v1,0,4,1940375172,0.8,1.0,0.258908207654953,24,False
81,gated_alive,full,cuda,diagonal_prototype_soft_top_fraction_v1,0,5,1940375272,0.8,1.0,0.26582475936412814,21,False
81,gated_alive,full,cuda,diagonal_prototype_soft_top_fraction_v1,1,3,1940385072,0.8,1.0,0.23673579001426698,27,False
81,gated_alive,full,cuda,diagonal_prototype_soft_top_fraction_v1,1,4,1940385172,0.4,0.33333333333333337,0.741944179058075,7,False
81,gated_alive,full,cuda,diagonal_prototype_soft_top_fraction_v1,1,5,1940385272,0.2,0.33333333333333337,0.7169781680107117,7,False
81,gated_alive,full,cuda,diagonal_prototype_soft_top_fraction_v1,2,3,1940395072,0.75,0.75,0.5400233745574952,14,False
81,gated_alive,full,cuda,diagonal_prototype_soft_top_fraction_v1,2,4,1940395172,0.75,1.0,0.3417228301241994,20,False
81,gated_alive,full,cuda,diagonal_prototype_soft_top_fraction_v1,2,5,1940395272,1.0,1.0,0.1255108979344368,22,True
82,gated_alive,full,cuda,diagonal_prototype_soft_top_fraction_v1,0,3,2439680048,0.8,0.8333333333333333,0.5549049730300903,24,False
82,gated_alive,full,cuda,diagonal_prototype_soft_top_fraction_v1,0,4,2439680148,0.6,1.0,0.5204299607276917,17,False
82,gated_alive,full,cuda,diagonal_prototype_soft_top_fraction_v1,0,5,2439680248,0.8,1.0,0.3734123504161835,21,True
82,gated_alive,full,cuda,diagonal_prototype_soft_top_fraction_v1,1,3,2439690048,0.4,0.0,0.7352049117088317,6,False
82,gated_alive,full,cuda,diagonal_prototype_soft_top_fraction_v1,1,4,2439690148,0.4,0.33333333333333337,0.7250889377593994,7,False
82,gated_alive,full,cuda,diagonal_prototype_soft_top_fraction_v1,1,5,2439690248,0.4,0.6666666666666667,0.7178996939659119,7,False
82,gated_alive,full,cuda,diagonal_prototype_soft_top_fraction_v1,2,3,2439700048,0.5,0.75,0.6932084083557128,7,False
82,gated_alive,full,cuda,diagonal_prototype_soft_top_fraction_v1,2,4,2439700148,0.5,0.75,0.6897812986373901,6,False
82,gated_alive,full,cuda,diagonal_prototype_soft_top_fraction_v1,2,5,2439700248,0.25,0.25,0.7303103113174438,7,False
83,gated_alive,full,cuda,diagonal_prototype_soft_top_fraction_v1,0,3,2856320725,0.4,0.5,0.7073586058616638,7,False
83,gated_alive,full,cuda,diagonal_prototype_soft_top_fraction_v1,0,4,2856320825,0.2,0.5,0.7333041620254517,6,False
83,gated_alive,full,cuda,diagonal_prototype_soft_top_fraction_v1,0,5,2856320925,0.4,0.3333333333333333,0.6994337663650513,6,False
83,gated_alive,full,cuda,diagonal_prototype_soft_top_fraction_v1,1,3,2856330725,1.0,1.0,0.24627083461731672,24,True
83,gated_alive,full,cuda,diagonal_prototype_soft_top_fraction_v1,1,4,2856330825,0.4,0.6666666666666667,0.7229778413772583,6,False
83,gated_alive,full,cuda,diagonal_prototype_soft_top_fraction_v1,1,5,2856330925,0.4,0.16666666666666669,0.727798572063446,6,False
83,gated_alive,full,cuda,diagonal_prototype_soft_top_fraction_v1,2,3,2856340725,0.5,0.25,0.6971343731880189,6,False
83,gated_alive,full,cuda,diagonal_prototype_soft_top_fraction_v1,2,4,2856340825,0.5,1.0,0.6917247033119202,6,False
83,gated_alive,full,cuda,diagonal_prototype_soft_top_fraction_v1,2,5,2856340925,0.5,0.0,0.7050404500961304,6,False
84,gated_alive,full,cuda,diagonal_prototype_soft_top_fraction_v1,0,3,3861219300,0.6,0.6666666666666666,0.6680903391838073,6,False
84,gated_alive,full,cuda,diagonal_prototype_soft_top_fraction_v1,0,4,3861219400,0.4,0.5,0.7034895296096801,9,False
84,gated_alive,full,cuda,diagonal_prototype_soft_top_fraction_v1,0,5,3861219500,0.4,0.6666666666666666,0.7081723465919495,7,False
84,gated_alive,full,cuda,diagonal_prototype_soft_top_fraction_v1,1,3,3861229300,0.6,1.0,0.5504033081531524,19,False
84,gated_alive,full,cuda,diagonal_prototype_soft_top_fraction_v1,1,4,3861229400,0.4,0.5,0.7097997813224792,6,False
84,gated_alive,full,cuda,diagonal_prototype_soft_top_fraction_v1,1,5,3861229500,0.4,0.5,0.703100266456604,8,False
84,gated_alive,full,cuda,diagonal_prototype_soft_top_fraction_v1,2,3,3861239300,1.0,1.0,0.00879171771928668,100,False
84,gated_alive,full,cuda,diagonal_prototype_soft_top_fraction_v1,2,4,3861239400,1.0,1.0,0.0051483137346804144,67,True
84,gated_alive,full,cuda,diagonal_prototype_soft_top_fraction_v1,2,5,3861239500,1.0,1.0,0.016354748867452144,44,False
85,gated_alive,full,cuda,diagonal_prototype_soft_top_fraction_v1,0,3,1421166023,0.4,0.3333333333333333,0.6956705346107482,6,False
85,gated_alive,full,cuda,diagonal_prototype_soft_top_fraction_v1,0,4,1421166123,0.6,0.5,0.6766813316345215,6,True
85,gated_alive,full,cuda,diagonal_prototype_soft_top_fraction_v1,0,5,1421166223,0.2,0.0,0.7581929559707642,13,False
85,gated_alive,full,cuda,diagonal_prototype_soft_top_fraction_v1,1,3,1421176023,0.4,0.6666666666666667,0.6940716848373413,6,False
85,gated_alive,full,cuda,diagonal_prototype_soft_top_fraction_v1,1,4,1421176123,0.4,0.16666666666666669,0.7259098472595215,6,False
85,gated_alive,full,cuda,diagonal_prototype_soft_top_fraction_v1,1,5,1421176223,0.4,0.16666666666666669,0.721149329662323,6,False
85,gated_alive,full,cuda,diagonal_prototype_soft_top_fraction_v1,2,3,1421186023,0.5,1.0,0.6840753483772278,7,False
85,gated_alive,full,cuda,diagonal_prototype_soft_top_fraction_v1,2,4,1421186123,0.5,0.0,0.7200542187690735,6,False
85,gated_alive,full,cuda,diagonal_prototype_soft_top_fraction_v1,2,5,1421186223,0.25,0.25,0.7226065278053284,6,False
86,gated_alive,full,cuda,diagonal_prototype_soft_top_fraction_v1,0,3,2927228976,0.6,1.0,0.658267158985138,6,False
86,gated_alive,full,cuda,diagonal_prototype_soft_top_fraction_v1,0,4,2927229076,0.4,0.3333333333333333,0.7111869626045227,6,False
86,gated_alive,full,cuda,diagonal_prototype_soft_top_fraction_v1,0,5,2927229176,0.4,1.0,0.7024088850021363,7,False
86,gated_alive,full,cuda,diagonal_prototype_soft_top_fraction_v1,1,3,2927238976,0.6,0.5,0.6702608666419982,6,False
86,gated_alive,full,cuda,diagonal_prototype_soft_top_fraction_v1,1,4,2927239076,0.6,0.8333333333333334,0.6838237581253052,6,False
86,gated_alive,full,cuda,diagonal_prototype_soft_top_fraction_v1,1,5,2927239176,0.4,0.0,0.7280816164016723,6,False
86,gated_alive,full,cuda,diagonal_prototype_soft_top_fraction_v1,2,3,2927248976,0.5,0.75,0.6921395635604859,7,False
86,gated_alive,full,cuda,diagonal_prototype_soft_top_fraction_v1,2,4,2927249076,0.25,0.25,0.7213887882232666,6,False
86,gated_alive,full,cuda,diagonal_prototype_soft_top_fraction_v1,2,5,2927249176,1.0,1.0,0.48525049567222595,21,True
87,gated_alive,full,cuda,diagonal_prototype_soft_top_fraction_v1,0,3,3880305711,0.4,0.3333333333333333,0.746393394947052,7,False
87,gated_alive,full,cuda,diagonal_prototype_soft_top_fraction_v1,0,4,3880305811,0.4,0.3333333333333333,0.7140275602340698,6,False
87,gated_alive,full,cuda,diagonal_prototype_soft_top_fraction_v1,0,5,3880305911,0.6,0.16666666666666666,0.6766520276069641,6,False
87,gated_alive,full,cuda,diagonal_prototype_soft_top_fraction_v1,1,3,3880315711,0.4,0.33333333333333337,0.7029220113754272,11,False
87,gated_alive,full,cuda,diagonal_prototype_soft_top_fraction_v1,1,4,3880315811,0.6,0.16666666666666669,0.6882888865470886,6,False
87,gated_alive,full,cuda,diagonal_prototype_soft_top_fraction_v1,1,5,3880315911,0.8,1.0,0.44038474845886233,12,False
87,gated_alive,full,cuda,diagonal_prototype_soft_top_fraction_v1,2,3,3880325711,1.0,1.0,0.15900127736851574,28,True
87,gated_alive,full,cuda,diagonal_prototype_soft_top_fraction_v1,2,4,3880325811,0.25,0.0,0.7688502097129821,6,False
87,gated_alive,full,cuda,diagonal_prototype_soft_top_fraction_v1,2,5,3880325911,0.75,1.0,0.6779161977767945,6,False
88,gated_alive,full,cuda,diagonal_prototype_soft_top_fraction_v1,0,3,1970904693,0.4,0.5,0.718735855102539,7,False
88,gated_alive,full,cuda,diagonal_prototype_soft_top_fraction_v1,0,4,1970904793,0.4,0.0,0.7353737740516663,6,False
88,gated_alive,full,cuda,diagonal_prototype_soft_top_fraction_v1,0,5,1970904893,0.6,0.6666666666666666,0.5947480046749115,11,False
88,gated_alive,full,cuda,diagonal_prototype_soft_top_fraction_v1,1,3,1970914693,0.4,0.33333333333333337,0.7059656920433044,9,False
88,gated_alive,full,cuda,diagonal_prototype_soft_top_fraction_v1,1,4,1970914793,1.0,1.0,0.17807954373955726,26,True
88,gated_alive,full,cuda,diagonal_prototype_soft_top_fraction_v1,1,5,1970914893,0.4,0.6666666666666667,0.7057368569374084,7,False
88,gated_alive,full,cuda,diagonal_prototype_soft_top_fraction_v1,2,3,1970924693,0.5,0.5,0.696944637298584,6,False
88,gated_alive,full,cuda,diagonal_prototype_soft_top_fraction_v1,2,4,1970924793,0.5,0.5,0.6940904641151429,6,False
88,gated_alive,full,cuda,diagonal_prototype_soft_top_fraction_v1,2,5,1970924893,1.0,1.0,0.20347830183804036,26,False
89,gated_alive,full,cuda,diagonal_prototype_soft_top_fraction_v1,0,3,1104125474,0.8,1.0,0.2509311833381653,26,False
89,gated_alive,full,cuda,diagonal_prototype_soft_top_fraction_v1,0,4,1104125574,0.8,1.0,0.30390213505923747,26,False
89,gated_alive,full,cuda,diagonal_prototype_soft_top_fraction_v1,0,5,1104125674,1.0,1.0,0.26773924779891967,19,False
89,gated_alive,full,cuda,diagonal_prototype_soft_top_fraction_v1,1,3,1104135474,0.4,0.6666666666666667,0.6594393734931946,11,False
89,gated_alive,full,cuda,diagonal_prototype_soft_top_fraction_v1,1,4,1104135574,0.8,0.6666666666666667,0.5471290540695191,12,False
89,gated_alive,full,cuda,diagonal_prototype_soft_top_fraction_v1,1,5,1104135674,1.0,1.0,0.14115143799781799,27,True
89,gated_alive,full,cuda,diagonal_prototype_soft_top_fraction_v1,2,3,1104145474,0.75,0.5,0.6817151045799256,9,False
89,gated_alive,full,cuda,diagonal_prototype_soft_top_fraction_v1,2,4,1104145574,0.5,0.75,0.6823923766613007,7,False
89,gated_alive,full,cuda,diagonal_prototype_soft_top_fraction_v1,2,5,1104145674,0.5,0.75,0.6796187996864319,9,False
90,gated_alive,full,cuda,diagonal_prototype_soft_top_fraction_v1,0,3,1247132844,0.8,1.0,0.6733569021224975,7,False
90,gated_alive,full,cuda,diagonal_prototype_soft_top_fraction_v1,0,4,1247132944,0.4,0.5,0.6921737818717957,6,False
90,gated_alive,full,cuda,diagonal_prototype_soft_top_fraction_v1,0,5,1247133044,0.8,0.8333333333333333,0.6156038846969605,13,False
90,gated_alive,full,cuda,diagonal_prototype_soft_top_fraction_v1,1,3,1247142844,0.4,0.33333333333333337,0.6943056440353393,6,False
90,gated_alive,full,cuda,diagonal_prototype_soft_top_fraction_v1,1,4,1247142944,0.6,0.33333333333333337,0.6822001881599427,6,False
90,gated_alive,full,cuda,diagonal_prototype_soft_top_fraction_v1,1,5,1247143044,0.4,0.16666666666666669,0.7312756366729737,6,False
90,gated_alive,full,cuda,diagonal_prototype_soft_top_fraction_v1,2,3,1247152844,0.75,1.0,0.4495737302303314,15,False
90,gated_alive,full,cuda,diagonal_prototype_soft_top_fraction_v1,2,4,1247152944,0.5,0.5,0.5819424855709076,16,False
90,gated_alive,full,cuda,diagonal_prototype_soft_top_fraction_v1,2,5,1247153044,1.0,1.0,0.0066179410042241215,41,True
91,gated_alive,full,cuda,diagonal_prototype_soft_top_fraction_v1,0,3,1459551895,0.6,0.5,0.7102881097793579,13,False
91,gated_alive,full,cuda,diagonal_prototype_soft_top_fraction_v1,0,4,1459551995,0.8,1.0,0.3872133722603321,22,False
91,gated_alive,full,cuda,diagonal_prototype_soft_top_fraction_v1,0,5,1459552095,1.0,1.0,0.1417237733313814,100,True
91,gated_alive,full,cuda,diagonal_prototype_soft_top_fraction_v1,1,3,1459561895,0.4,0.0,0.7309279060363769,6,False
91,gated_alive,full,cuda,diagonal_prototype_soft_top_fraction_v1,1,4,1459561995,0.4,0.33333333333333337,0.7304230227470397,6,False
91,gated_alive,full,cuda,diagonal_prototype_soft_top_fraction_v1,1,5,1459562095,0.4,0.5,0.7259503655433655,7,False
91,gated_alive,full,cuda,diagonal_prototype_soft_top_fraction_v1,2,3,1459571895,0.5,0.25,0.7131406331062317,6,False
91,gated_alive,full,cuda,diagonal_prototype_soft_top_fraction_v1,2,4,1459571995,0.25,0.25,0.7098569393157959,7,False
91,gated_alive,full,cuda,diagonal_prototype_soft_top_fraction_v1,2,5,1459572095,0.5,0.0,0.7137943744659424,6,False
92,gated_alive,full,cuda,diagonal_prototype_soft_top_fraction_v1,0,3,2705073631,1.0,1.0,0.11047078105807305,32,False
92,gated_alive,full,cuda,diagonal_prototype_soft_top_fraction_v1,0,4,2705073731,0.8,1.0,0.26631903743743895,17,False
92,gated_alive,full,cuda,diagonal_prototype_soft_top_fraction_v1,0,5,2705073831,0.6,0.8333333333333333,0.5390079731941223,18,False
92,gated_alive,full,cuda,diagonal_prototype_soft_top_fraction_v1,1,3,2705083631,0.6,0.6666666666666667,0.667069467306137,9,False
92,gated_alive,full,cuda,diagonal_prototype_soft_top_fraction_v1,1,4,2705083731,0.4,0.33333333333333337,0.7384522342681885,7,False
92,gated_alive,full,cuda,diagonal_prototype_soft_top_fraction_v1,1,5,2705083831,0.2,0.0,0.7058316531181336,6,False
92,gated_alive,full,cuda,diagonal_prototype_soft_top_fraction_v1,2,3,2705093631,0.75,0.75,0.6695586371421814,14,False
92,gated_alive,full,cuda,diagonal_prototype_soft_top_fraction_v1,2,4,2705093731,1.0,1.0,0.0030106569500640036,57,True
92,gated_alive,full,cuda,diagonal_prototype_soft_top_fraction_v1,2,5,2705093831,1.0,1.0,0.005026747244410217,44,False
93,gated_alive,full,cuda,diagonal_prototype_soft_top_fraction_v1,0,3,1111767180,0.4,0.6666666666666666,0.7313079142570496,7,False
93,gated_alive,full,cuda,diagonal_prototype_soft_top_fraction_v1,0,4,1111767280,0.8,0.8333333333333333,0.5323340971469879,19,False
93,gated_alive,full,cuda,diagonal_prototype_soft_top_fraction_v1,0,5,1111767380,0.8,0.8333333333333333,0.5312550674676895,19,False
93,gated_alive,full,cuda,diagonal_prototype_soft_top_fraction_v1,1,3,1111777180,0.4,0.6666666666666667,0.6561563248634339,18,False
93,gated_alive,full,cuda,diagonal_prototype_soft_top_fraction_v1,1,4,1111777280,1.0,1.0,0.3273423399925232,17,False
93,gated_alive,full,cuda,diagonal_prototype_soft_top_fraction_v1,1,5,1111777380,0.2,0.33333333333333337,0.718520426273346,11,False
93,gated_alive,full,cuda,diagonal_prototype_soft_top_fraction_v1,2,3,1111787180,1.0,1.0,0.23252733945846557,20,True
93,gated_alive,full,cuda,diagonal_prototype_soft_top_fraction_v1,2,4,1111787280,0.5,0.5,0.6937062048912048,8,False
93,gated_alive,full,cuda,diagonal_prototype_soft_top_fraction_v1,2,5,1111787380,0.5,0.75,0.6756183862686157,8,False
94,gated_alive,full,cuda,diagonal_prototype_soft_top_fraction_v1,0,3,3603600308,0.4,0.0,0.7483525128364563,7,False
94,gated_alive,full,cuda,diagonal_prototype_soft_top_fraction_v1,0,4,3603600408,0.4,0.3333333333333333,0.7517324986457825,7,False
94,gated_alive,full,cuda,diagonal_prototype_soft_top_fraction_v1,0,5,3603600508,0.4,0.0,0.7448517580032349,7,False
94,gated_alive,full,cuda,diagonal_prototype_soft_top_fraction_v1,1,3,3603610308,0.6,0.33333333333333337,0.7021043210029602,6,False
94,gated_alive,full,cuda,diagonal_prototype_soft_top_fraction_v1,1,4,3603610408,0.8,1.0,0.47357171154022215,26,True
94,gated_alive,full,cuda,diagonal_prototype_soft_top_fraction_v1,1,5,3603610508,0.4,0.6666666666666667,0.651487735748291,13,False
94,gated_alive,full,cuda,diagonal_prototype_soft_top_fraction_v1,2,3,3603620308,0.5,0.0,0.7123798131942749,6,False
94,gated_alive,full,cuda,diagonal_prototype_soft_top_fraction_v1,2,4,3603620408,0.25,0.25,0.7342765164375306,7,False
94,gated_alive,full,cuda,diagonal_prototype_soft_top_fraction_v1,2,5,3603620508,0.5,0.25,0.6964434504508972,6,False
95,gated_alive,full,cuda,diagonal_prototype_soft_top_fraction_v1,0,3,1526631305,0.6,0.6666666666666666,0.6765262365341187,6,False
95,gated_alive,full,cuda,diagonal_prototype_soft_top_fraction_v1,0,4,1526631405,1.0,1.0,0.03320940272975713,100,True
95,gated_alive,full,cuda,diagonal_prototype_soft_top_fraction_v1,0,5,1526631505,0.4,0.5,0.7187745604515076,6,False
95,gated_alive,full,cuda,diagonal_prototype_soft_top_fraction_v1,1,3,1526641305,0.8,0.5,0.5632837619781494,9,False
95,gated_alive,full,cuda,diagonal_prototype_soft_top_fraction_v1,1,4,1526641405,0.4,0.33333333333333337,0.7256043162345887,7,False
95,gated_alive,full,cuda,diagonal_prototype_soft_top_fraction_v1,1,5,1526641505,0.4,0.33333333333333337,0.7530041360855102,7,False
95,gated_alive,full,cuda,diagonal_prototype_soft_top_fraction_v1,2,3,1526651305,0.5,0.25,0.699155421257019,6,False
95,gated_alive,full,cuda,diagonal_prototype_soft_top_fraction_v1,2,4,1526651405,0.5,0.5,0.6838712072372437,6,False
95,gated_alive,full,cuda,diagonal_prototype_soft_top_fraction_v1,2,5,1526651505,0.5,0.0,0.715729022026062,7,False
96,gated_alive,full,cuda,diagonal_prototype_soft_top_fraction_v1,0,3,277796265,0.4,0.16666666666666666,0.7535112133026123,8,False
96,gated_alive,full,cuda,diagonal_prototype_soft_top_fraction_v1,0,4,277796365,0.4,0.3333333333333333,0.7257698516845703,8,False
96,gated_alive,full,cuda,diagonal_prototype_soft_top_fraction_v1,0,5,277796465,0.4,0.0,0.7394889726638794,6,False
96,gated_alive,full,cuda,diagonal_prototype_soft_top_fraction_v1,1,3,277806265,0.4,0.5,0.7167000732421875,11,False
96,gated_alive,full,cuda,diagonal_prototype_soft_top_fraction_v1,1,4,277806365,0.8,0.8333333333333334,0.5528609790802002,19,True
96,gated_alive,full,cuda,diagonal_prototype_soft_top_fraction_v1,1,5,277806465,0.4,0.16666666666666669,0.7187963757514954,6,False
96,gated_alive,full,cuda,diagonal_prototype_soft_top_fraction_v1,2,3,277816265,0.5,0.5,0.6961698818206787,6,False
96,gated_alive,full,cuda,diagonal_prototype_soft_top_fraction_v1,2,4,277816365,0.5,0.75,0.6790362286567688,7,False
96,gated_alive,full,cuda,diagonal_prototype_soft_top_fraction_v1,2,5,277816465,0.75,1.0,0.5473954010009766,14,False
97,gated_alive,full,cuda,diagonal_prototype_soft_top_fraction_v1,0,3,21571058,0.4,0.16666666666666666,0.7683237309455871,6,False
97,gated_alive,full,cuda,diagonal_prototype_soft_top_fraction_v1,0,4,21571158,0.4,0.16666666666666666,0.7326519656181335,6,False
97,gated_alive,full,cuda,diagonal_prototype_soft_top_fraction_v1,0,5,21571258,0.6,0.6666666666666666,0.6601126790046692,6,False
97,gated_alive,full,cuda,diagonal_prototype_soft_top_fraction_v1,1,3,21581058,0.6,0.8333333333333334,0.640417902469635,11,False
97,gated_alive,full,cuda,diagonal_prototype_soft_top_fraction_v1,1,4,21581158,0.6,0.6666666666666667,0.6903957071304321,7,False
97,gated_alive,full,cuda,diagonal_prototype_soft_top_fraction_v1,1,5,21581258,0.4,0.0,0.7320206561088562,6,False
97,gated_alive,full,cuda,diagonal_prototype_soft_top_fraction_v1,2,3,21591058,0.75,0.75,0.5008014822006226,18,False
97,gated_alive,full,cuda,diagonal_prototype_soft_top_fraction_v1,2,4,21591158,0.75,0.5,0.6812696623802185,6,False
97,gated_alive,full,cuda,diagonal_prototype_soft_top_fraction_v1,2,5,21591258,0.75,1.0,0.2911150151863694,19,True
98,gated_alive,full,cuda,diagonal_prototype_soft_top_fraction_v1,0,3,107846671,0.6,0.5,0.6933549132347107,6,False
98,gated_alive,full,cuda,diagonal_prototype_soft_top_fraction_v1,0,4,107846771,0.8,0.5,0.6422211804389953,6,True
98,gated_alive,full,cuda,diagonal_prototype_soft_top_fraction_v1,0,5,107846871,0.4,0.3333333333333333,0.7279994072914123,7,False
98,gated_alive,full,cuda,diagonal_prototype_soft_top_fraction_v1,1,3,107856671,0.6,0.5,0.6741478896141052,7,False
98,gated_alive,full,cuda,diagonal_prototype_soft_top_fraction_v1,1,4,107856771,0.4,0.5,0.7165265707969666,6,False
98,gated_alive,full,cuda,diagonal_prototype_soft_top_fraction_v1,1,5,107856871,0.4,1.0,0.6950209465026855,6,False
98,gated_alive,full,cuda,diagonal_prototype_soft_top_fraction_v1,2,3,107866671,0.5,0.25,0.7019373750686646,7,False
98,gated_alive,full,cuda,diagonal_prototype_soft_top_fraction_v1,2,4,107866771,0.5,0.25,0.7002552700042725,6,False
98,gated_alive,full,cuda,diagonal_prototype_soft_top_fraction_v1,2,5,107866871,0.75,0.75,0.5604282113164664,15,False
99,gated_alive,full,cuda,diagonal_prototype_soft_top_fraction_v1,0,3,2699836258,0.4,1.0,0.6861643624305725,7,False
99,gated_alive,full,cuda,diagonal_prototype_soft_top_fraction_v1,0,4,2699836358,0.6,1.0,0.5347872858047485,10,False
99,gated_alive,full,cuda,diagonal_prototype_soft_top_fraction_v1,0,5,2699836458,0.2,0.3333333333333333,0.7046940560340882,8,False
99,gated_alive,full,cuda,diagonal_prototype_soft_top_fraction_v1,1,3,2699846258,0.4,0.33333333333333337,0.717115047454834,8,False
99,gated_alive,full,cuda,diagonal_prototype_soft_top_fraction_v1,1,4,2699846358,0.6,0.5,0.6963137803077698,7,False
99,gated_alive,full,cuda,diagonal_prototype_soft_top_fraction_v1,1,5,2699846458,0.6,0.6666666666666667,0.689283203125,6,False
99,gated_alive,full,cuda,diagonal_prototype_soft_top_fraction_v1,2,3,2699856258,0.75,1.0,0.34878752045333383,19,True
99,gated_alive,full,cuda,diagonal_prototype_soft_top_fraction_v1,2,4,2699856358,0.5,0.75,0.6315629303455352,13,False
99,gated_alive,full,cuda,diagonal_prototype_soft_top_fraction_v1,2,5,2699856458,0.5,0.75,0.443911572098732,17,False
