split_id,gate,run_mode,device,implementation_version,inner_fold,filter_count,candidate_seed,validation_accuracy,validation_roc_auc,best_validation_loss,validation_cross_entropy_at_best_epoch,epochs_run,selected
0,gated_alive,full,cuda,diagonal_prototype_relu_soft_top_fraction_v3_geometry_regularization,0,3,3003105992,0.2,0.5,0.7054249773025513,0.7053591141700745,7,False
0,gated_alive,full,cuda,diagonal_prototype_relu_soft_top_fraction_v3_geometry_regularization,0,4,3003106092,0.6,0.6666666666666666,0.686363648891449,0.686299693107605,6,False
0,gated_alive,full,cuda,diagonal_prototype_relu_soft_top_fraction_v3_geometry_regularization,0,5,3003106192,0.4,0.5,0.7039586019515991,0.7038860034942627,6,False
0,gated_alive,full,cuda,diagonal_prototype_relu_soft_top_fraction_v3_geometry_regularization,1,3,3003115992,0.4,0.33333333333333337,0.6934134306907653,0.6933704557418823,6,False
0,gated_alive,full,cuda,diagonal_prototype_relu_soft_top_fraction_v3_geometry_regularization,1,4,3003116092,0.4,0.33333333333333337,0.7058052830696105,0.7057142667770385,6,False
0,gated_alive,full,cuda,diagonal_prototype_relu_soft_top_fraction_v3_geometry_regularization,1,5,3003116192,0.6,0.6666666666666667,0.6405452098846436,0.6400767097473145,11,False
0,gated_alive,full,cuda,diagonal_prototype_relu_soft_top_fraction_v3_geometry_regularization,2,3,3003125992,0.75,0.75,0.5507916498184204,0.5498475325107575,13,True
0,gated_alive,full,cuda,diagonal_prototype_relu_soft_top_fraction_v3_geometry_regularization,2,4,3003126092,0.5,0.5,0.6931392955780029,0.693046669960022,7,False
0,gated_alive,full,cuda,diagonal_prototype_relu_soft_top_fraction_v3_geometry_regularization,2,5,3003126192,0.5,0.75,0.6910786080360413,0.6909924793243408,6,False
1,gated_alive,full,cuda,diagonal_prototype_relu_soft_top_fraction_v3_geometry_regularization,0,3,976401080,0.2,0.3333333333333333,0.7007114734649659,0.7006073441505433,6,False
1,gated_alive,full,cuda,diagonal_prototype_relu_soft_top_fraction_v3_geometry_regularization,0,4,976401180,0.4,0.16666666666666666,0.7583471817970275,0.7583179159164428,6,False
1,gated_alive,full,cuda,diagonal_prototype_relu_soft_top_fraction_v3_geometry_regularization,0,5,976401280,0.4,0.5,0.7153254418373108,0.7152680425643921,6,False
1,gated_alive,full,cuda,diagonal_prototype_relu_soft_top_fraction_v3_geometry_regularization,1,3,976411080,0.4,0.16666666666666669,0.7503953599929809,0.7503434443473815,6,False
1,gated_alive,full,cuda,diagonal_prototype_relu_soft_top_fraction_v3_geometry_regularization,1,4,976411180,0.2,0.0,0.7251109881401062,0.7250318927764893,6,False
1,gated_alive,full,cuda,diagonal_prototype_relu_soft_top_fraction_v3_geometry_regularization,1,5,976411280,0.6,0.8333333333333334,0.5861119686365127,0.5848850291967392,11,False
1,gated_alive,full,cuda,diagonal_prototype_relu_soft_top_fraction_v3_geometry_regularization,2,3,976421080,1.0,1.0,0.3379084300994873,0.3331820845603943,26,True
1,gated_alive,full,cuda,diagonal_prototype_relu_soft_top_fraction_v3_geometry_regularization,2,4,976421180,0.5,0.75,0.5108582293987274,0.5089501059055328,15,False
1,gated_alive,full,cuda,diagonal_prototype_relu_soft_top_fraction_v3_geometry_regularization,2,5,976421280,0.5,0.5,0.6954112160205841,0.6933618009090423,15,False
2,gated_alive,full,cuda,diagonal_prototype_relu_soft_top_fraction_v3_geometry_regularization,0,3,3387213321,0.4,0.3333333333333333,0.7481991815567016,0.7480956482887268,7,False
2,gated_alive,full,cuda,diagonal_prototype_relu_soft_top_fraction_v3_geometry_regularization,0,4,3387213421,0.8,0.8333333333333333,0.4138330398797989,0.40968742775917055,24,False
2,gated_alive,full,cuda,diagonal_prototype_relu_soft_top_fraction_v3_geometry_regularization,0,5,3387213521,0.4,0.16666666666666666,0.7277336902618409,0.7276753969192505,6,False
2,gated_alive,full,cuda,diagonal_prototype_relu_soft_top_fraction_v3_geometry_regularization,1,3,3387223321,0.8,1.0,0.4309008467197418,0.4279666674733162,27,False
2,gated_alive,full,cuda,diagonal_prototype_relu_soft_top_fraction_v3_geometry_regularization,1,4,3387223421,0.4,0.6666666666666667,0.6838190879821777,0.6828389422893524,12,False
2,gated_alive,full,cuda,diagonal_prototype_relu_soft_top_fraction_v3_geometry_regularization,1,5,3387223521,0.6,0.6666666666666667,0.6702305256128311,0.6687005920410156,14,False
2,gated_alive,full,cuda,diagonal_prototype_relu_soft_top_fraction_v3_geometry_regularization,2,3,3387233321,0.75,0.5,0.6939850807189941,0.6939242839813232,6,False
2,gated_alive,full,cuda,diagonal_prototype_relu_soft_top_fraction_v3_geometry_regularization,2,4,3387233421,0.5,0.5,0.6846723532676697,0.6845760917663575,7,False
2,gated_alive,full,cuda,diagonal_prototype_relu_soft_top_fraction_v3_geometry_regularization,2,5,3387233521,1.0,1.0,0.19649365335702895,0.18703198991715908,45,True
3,gated_alive,full,cuda,diagonal_prototype_relu_soft_top_fraction_v3_geometry_regularization,0,3,1360467008,0.6,0.16666666666666666,0.6865943665504456,0.6865400667190552,6,False
3,gated_alive,full,cuda,diagonal_prototype_relu_soft_top_fraction_v3_geometry_regularization,0,4,1360467108,0.8,0.8333333333333333,0.44608281552791595,0.44504806512594225,17,False
3,gated_alive,full,cuda,diagonal_prototype_relu_soft_top_fraction_v3_geometry_regularization,0,5,1360467208,0.8,0.6666666666666666,0.5003327555656433,0.49948931163549426,14,False
3,gated_alive,full,cuda,diagonal_prototype_relu_soft_top_fraction_v3_geometry_regularization,1,3,1360477008,0.6,0.33333333333333337,0.6859577045440673,0.6858731851577758,6,False
3,gated_alive,full,cuda,diagonal_prototype_relu_soft_top_fraction_v3_geometry_regularization,1,4,1360477108,0.4,0.5,0.7221157274246216,0.7220153532028198,6,False
3,gated_alive,full,cuda,diagonal_prototype_relu_soft_top_fraction_v3_geometry_regularization,1,5,1360477208,0.8,0.8333333333333334,0.45589719116687777,0.45188881492614746,25,False
3,gated_alive,full,cuda,diagonal_prototype_relu_soft_top_fraction_v3_geometry_regularization,2,3,1360487008,1.0,1.0,0.1935710170865059,0.18529652271419764,39,True
3,gated_alive,full,cuda,diagonal_prototype_relu_soft_top_fraction_v3_geometry_regularization,2,4,1360487108,0.5,1.0,0.6700028514862061,0.6699429488182068,6,False
3,gated_alive,full,cuda,diagonal_prototype_relu_soft_top_fraction_v3_geometry_regularization,2,5,1360487208,0.75,1.0,0.3336729681491852,0.3297149980068207,25,False
4,gated_alive,full,cuda,diagonal_prototype_relu_soft_top_fraction_v3_geometry_regularization,0,3,876933380,0.8,0.8333333333333333,0.5304429988861084,0.5262254509925842,25,False
4,gated_alive,full,cuda,diagonal_prototype_relu_soft_top_fraction_v3_geometry_regularization,0,4,876933480,1.0,1.0,0.129751701310277,0.12677786606550218,25,True
4,gated_alive,full,cuda,diagonal_prototype_relu_soft_top_fraction_v3_geometry_regularization,0,5,876933580,0.8,0.6666666666666666,0.6328810935020447,0.6309853525161743,15,False
4,gated_alive,full,cuda,diagonal_prototype_relu_soft_top_fraction_v3_geometry_regularization,1,3,876943380,0.6,0.8333333333333334,0.6736258764266968,0.6735191245079041,6,False
4,gated_alive,full,cuda,diagonal_prototype_relu_soft_top_fraction_v3_geometry_regularization,1,4,876943480,0.4,0.33333333333333337,0.7191354026794433,0.7190496315956115,6,False
4,gated_alive,full,cuda,diagonal_prototype_relu_soft_top_fraction_v3_geometry_regularization,1,5,876943580,0.4,0.16666666666666669,0.7221191534996033,0.722033263206482,6,False
4,gated_alive,full,cuda,diagonal_prototype_relu_soft_top_fraction_v3_geometry_regularization,2,3,876953380,0.75,1.0,0.2912468403577805,0.28490174770355225,36,False
4,gated_alive,full,cuda,diagonal_prototype_relu_soft_top_fraction_v3_geometry_regularization,2,4,876953480,0.5,0.75,0.6864949107170105,0.6863355278968811,8,False
4,gated_alive,full,cuda,diagonal_prototype_relu_soft_top_fraction_v3_geometry_regularization,2,5,876953580,0.5,0.5,0.6927436661720275,0.6926599216461181,6,False
5,gated_alive,full,cuda,diagonal_prototype_relu_soft_top_fraction_v3_geometry_regularization,0,3,3424658861,0.8,0.5,0.5203302946090699,0.516709805727005,24,False
5,gated_alive,full,cuda,diagonal_prototype_relu_soft_top_fraction_v3_geometry_regularization,0,4,3424658961,0.4,0.6666666666666666,0.7134536309242249,0.7132834596633911,8,False
5,gated_alive,full,cuda,diagonal_prototype_relu_soft_top_fraction_v3_geometry_regularization,0,5,3424659061,1.0,1.0,0.18183474206924438,0.17596082127094267,27,False
5,gated_alive,full,cuda,diagonal_prototype_relu_soft_top_fraction_v3_geometry_regularization,1,3,3424668861,0.6,1.0,0.5963602073192596,0.5940111064910889,19,False
5,gated_alive,full,cuda,diagonal_prototype_relu_soft_top_fraction_v3_geometry_regularization,1,4,3424668961,1.0,1.0,0.15185529697686434,0.14172496086603495,100,True
5,gated_alive,full,cuda,diagonal_prototype_relu_soft_top_fraction_v3_geometry_regularization,1,5,3424669061,0.4,0.33333333333333337,0.7202301783561706,0.7201126379966736,6,False
5,gated_alive,full,cuda,diagonal_prototype_relu_soft_top_fraction_v3_geometry_regularization,2,3,3424678861,0.0,0.0,0.7137061047554016,0.7136435794830323,7,False
5,gated_alive,full,cuda,diagonal_prototype_relu_soft_top_fraction_v3_geometry_regularization,2,4,3424678961,1.0,1.0,0.1853054293990135,0.1780409961938858,38,False
5,gated_alive,full,cuda,diagonal_prototype_relu_soft_top_fraction_v3_geometry_regularization,2,5,3424679061,0.5,0.75,0.4801466396450996,0.4783068227767944,15,False
6,gated_alive,full,cuda,diagonal_prototype_relu_soft_top_fraction_v3_geometry_regularization,0,3,2760305211,0.4,0.5,0.7472988343238831,0.7471570348739625,6,False
6,gated_alive,full,cuda,diagonal_prototype_relu_soft_top_fraction_v3_geometry_regularization,0,4,2760305311,0.8,0.8333333333333333,0.580706874370575,0.5802174010276795,10,False
6,gated_alive,full,cuda,diagonal_prototype_relu_soft_top_fraction_v3_geometry_regularization,0,5,2760305411,0.4,0.16666666666666666,0.7208010411262512,0.7207448935508728,6,False
6,gated_alive,full,cuda,diagonal_prototype_relu_soft_top_fraction_v3_geometry_regularization,1,3,2760315211,0.4,0.5,0.7165734844207764,0.7165411787033081,10,False
6,gated_alive,full,cuda,diagonal_prototype_relu_soft_top_fraction_v3_geometry_regularization,1,4,2760315311,0.4,0.33333333333333337,0.7979629709720611,0.797887630701065,6,False
6,gated_alive,full,cuda,diagonal_prototype_relu_soft_top_fraction_v3_geometry_regularization,1,5,2760315411,0.4,0.0,0.7643561124801636,0.7642564535140991,6,False
6,gated_alive,full,cuda,diagonal_prototype_relu_soft_top_fraction_v3_geometry_regularization,2,3,2760325211,1.0,1.0,0.06490883300080895,0.06002903053769842,53,False
6,gated_alive,full,cuda,diagonal_prototype_relu_soft_top_fraction_v3_geometry_regularization,2,4,2760325311,1.0,1.0,0.15036214038729667,0.1463759371638298,20,False
6,gated_alive,full,cuda,diagonal_prototype_relu_soft_top_fraction_v3_geometry_regularization,2,5,2760325411,1.0,1.0,0.008213727166876197,0.00542448184962268,91,True
7,gated_alive,full,cuda,diagonal_prototype_relu_soft_top_fraction_v3_geometry_regularization,0,3,2904491993,0.4,1.0,0.6764480385780335,0.6763884935379029,6,False
7,gated_alive,full,cuda,diagonal_prototype_relu_soft_top_fraction_v3_geometry_regularization,0,4,2904492093,0.8,1.0,0.48552602815628054,0.479937872171402,27,True
7,gated_alive,full,cuda,diagonal_prototype_relu_soft_top_fraction_v3_geometry_regularization,0,5,2904492193,0.4,0.0,0.7430562376976013,0.742969810962677,6,False
7,gated_alive,full,cuda,diagonal_prototype_relu_soft_top_fraction_v3_geometry_regularization,1,3,2904501993,0.6,0.33333333333333337,0.6813032078742981,0.6812508153915405,6,False
7,gated_alive,full,cuda,diagonal_prototype_relu_soft_top_fraction_v3_geometry_regularization,1,4,2904502093,0.4,0.8333333333333334,0.6842110366821289,0.6840971322059631,9,False
7,gated_alive,full,cuda,diagonal_prototype_relu_soft_top_fraction_v3_geometry_regularization,1,5,2904502193,0.4,0.0,0.7595087370872498,0.7594366154670715,6,False
7,gated_alive,full,cuda,diagonal_prototype_relu_soft_top_fraction_v3_geometry_regularization,2,3,2904511993,0.75,0.5,0.7161892557144165,0.7161415719985962,6,False
7,gated_alive,full,cuda,diagonal_prototype_relu_soft_top_fraction_v3_geometry_regularization,2,4,2904512093,0.5,0.0,0.6995268726348877,0.6994610691070556,6,False
7,gated_alive,full,cuda,diagonal_prototype_relu_soft_top_fraction_v3_geometry_regularization,2,5,2904512193,0.25,0.5,0.7451959729194642,0.7450770616531373,6,False
8,gated_alive,full,cuda,diagonal_prototype_relu_soft_top_fraction_v3_geometry_regularization,0,3,4245388344,0.4,0.0,0.771746413230896,0.7716622514724731,6,False
8,gated_alive,full,cuda,diagonal_prototype_relu_soft_top_fraction_v3_geometry_regularization,0,4,4245388444,0.4,0.0,0.7801816048622131,0.780112642288208,6,False
8,gated_alive,full,cuda,diagonal_prototype_relu_soft_top_fraction_v3_geometry_regularization,0,5,4245388544,0.4,0.5,0.7126585750579834,0.7125983743667602,6,False
8,gated_alive,full,cuda,diagonal_prototype_relu_soft_top_fraction_v3_geometry_regularization,1,3,4245398344,0.4,0.33333333333333337,0.7172587656974793,0.717190637588501,6,False
8,gated_alive,full,cuda,diagonal_prototype_relu_soft_top_fraction_v3_geometry_regularization,1,4,4245398444,0.2,0.33333333333333337,0.7054273095130921,0.7053657975196839,6,False
8,gated_alive,full,cuda,diagonal_prototype_relu_soft_top_fraction_v3_geometry_regularization,1,5,4245398544,0.4,0.16666666666666669,0.7111793689727783,0.7111025385856629,6,False
8,gated_alive,full,cuda,diagonal_prototype_relu_soft_top_fraction_v3_geometry_regularization,2,3,4245408344,0.25,0.0,0.7399742197990418,0.7398923826217652,7,False
8,gated_alive,full,cuda,diagonal_prototype_relu_soft_top_fraction_v3_geometry_regularization,2,4,4245408444,1.0,1.0,0.23982749342918397,0.23603562474250794,28,True
8,gated_alive,full,cuda,diagonal_prototype_relu_soft_top_fraction_v3_geometry_regularization,2,5,4245408544,0.25,0.5,0.7178484201431274,0.7177420854568481,6,False
9,gated_alive,full,cuda,diagonal_prototype_relu_soft_top_fraction_v3_geometry_regularization,0,3,1679803027,0.6,1.0,0.6550426516532898,0.6549566421508789,6,False
9,gated_alive,full,cuda,diagonal_prototype_relu_soft_top_fraction_v3_geometry_regularization,0,4,1679803127,0.6,0.5,0.7069566774368287,0.7065406966209412,11,False
9,gated_alive,full,cuda,diagonal_prototype_relu_soft_top_fraction_v3_geometry_regularization,0,5,1679803227,0.6,0.5,0.6830047326087951,0.6824688348770142,9,False
9,gated_alive,full,cuda,diagonal_prototype_relu_soft_top_fraction_v3_geometry_regularization,1,3,1679813027,0.8,1.0,0.4532029967010021,0.4510941973626614,26,False
9,gated_alive,full,cuda,diagonal_prototype_relu_soft_top_fraction_v3_geometry_regularization,1,4,1679813127,0.8,1.0,0.3035429049730301,0.3004209420681,21,False
9,gated_alive,full,cuda,diagonal_prototype_relu_soft_top_fraction_v3_geometry_regularization,1,5,1679813227,0.8,0.8333333333333334,0.40983876419067383,0.4077468612194061,19,False
9,gated_alive,full,cuda,diagonal_prototype_relu_soft_top_fraction_v3_geometry_regularization,2,3,1679823027,1.0,1.0,0.3008993172645569,0.2861344200372696,65,False
9,gated_alive,full,cuda,diagonal_prototype_relu_soft_top_fraction_v3_geometry_regularization,2,4,1679823127,1.0,1.0,0.37863455653190614,0.3707981896400452,40,False
9,gated_alive,full,cuda,diagonal_prototype_relu_soft_top_fraction_v3_geometry_regularization,2,5,1679823227,1.0,1.0,0.1419690565019846,0.13192165039479734,60,True
10,gated_alive,full,cuda,diagonal_prototype_relu_soft_top_fraction_v3_geometry_regularization,0,3,3605303406,0.4,0.0,0.7503441853523254,0.7502160949707031,7,False
10,gated_alive,full,cuda,diagonal_prototype_relu_soft_top_fraction_v3_geometry_regularization,0,4,3605303506,0.6,1.0,0.6102921943664551,0.6100209450721741,8,False
10,gated_alive,full,cuda,diagonal_prototype_relu_soft_top_fraction_v3_geometry_regularization,0,5,3605303606,0.8,0.6666666666666666,0.6529606730937958,0.6515347324609756,15,False
10,gated_alive,full,cuda,diagonal_prototype_relu_soft_top_fraction_v3_geometry_regularization,1,3,3605313406,0.8,0.6666666666666667,0.6916229047775269,0.6912313618659973,11,False
10,gated_alive,full,cuda,diagonal_prototype_relu_soft_top_fraction_v3_geometry_regularization,1,4,3605313506,0.8,1.0,0.39248743468523023,0.39009261882305146,21,True
10,gated_alive,full,cuda,diagonal_prototype_relu_soft_top_fraction_v3_geometry_regularization,1,5,3605313606,0.4,0.5,0.7054862308502198,0.705387704372406,8,False
10,gated_alive,full,cuda,diagonal_prototype_relu_soft_top_fraction_v3_geometry_regularization,2,3,3605323406,0.0,0.0,0.7096356439590454,0.7095693635940552,6,False
10,gated_alive,full,cuda,diagonal_prototype_relu_soft_top_fraction_v3_geometry_regularization,2,4,3605323506,0.75,1.0,0.4901127767562866,0.48857879638671875,13,False
10,gated_alive,full,cuda,diagonal_prototype_relu_soft_top_fraction_v3_geometry_regularization,2,5,3605323606,0.75,0.75,0.5404097199440002,0.5400105285644531,10,False
11,gated_alive,full,cuda,diagonal_prototype_relu_soft_top_fraction_v3_geometry_regularization,0,3,1429425234,0.4,0.3333333333333333,0.7117373299598694,0.7116329622268677,6,False
11,gated_alive,full,cuda,diagonal_prototype_relu_soft_top_fraction_v3_geometry_regularization,0,4,1429425334,0.6,0.8333333333333333,0.4738227287530899,0.47274237620830534,15,False
11,gated_alive,full,cuda,diagonal_prototype_relu_soft_top_fraction_v3_geometry_regularization,0,5,1429425434,0.4,0.16666666666666666,0.7203238034248352,0.7202673578262329,7,False
11,gated_alive,full,cuda,diagonal_prototype_relu_soft_top_fraction_v3_geometry_regularization,1,3,1429435234,0.4,0.33333333333333337,0.7176469950675964,0.7175729660987854,8,False
11,gated_alive,full,cuda,diagonal_prototype_relu_soft_top_fraction_v3_geometry_regularization,1,4,1429435334,1.0,1.0,0.04665896800160408,0.038674258089624346,67,True
11,gated_alive,full,cuda,diagonal_prototype_relu_soft_top_fraction_v3_geometry_regularization,1,5,1429435434,0.8,1.0,0.34047824585437775,0.33557854345440863,23,False
11,gated_alive,full,cuda,diagonal_prototype_relu_soft_top_fraction_v3_geometry_regularization,2,3,1429445234,0.5,0.0,0.6986571884155274,0.6985331511497498,6,False
11,gated_alive,full,cuda,diagonal_prototype_relu_soft_top_fraction_v3_geometry_regularization,2,4,1429445334,1.0,1.0,0.25957660369575025,0.25624376758933065,24,False
11,gated_alive,full,cuda,diagonal_prototype_relu_soft_top_fraction_v3_geometry_regularization,2,5,1429445434,0.75,1.0,0.33391728907823565,0.3313519850373268,17,False
12,gated_alive,full,cuda,diagonal_prototype_relu_soft_top_fraction_v3_geometry_regularization,0,3,2437408456,0.2,0.16666666666666666,0.7202126412391663,0.7201648383140564,6,False
12,gated_alive,full,cuda,diagonal_prototype_relu_soft_top_fraction_v3_geometry_regularization,0,4,2437408556,0.2,0.16666666666666666,0.7381460366249084,0.7380392847061157,6,False
12,gated_alive,full,cuda,diagonal_prototype_relu_soft_top_fraction_v3_geometry_regularization,0,5,2437408656,0.8,0.8333333333333333,0.5684212801456452,0.5678456330299377,11,False
12,gated_alive,full,cuda,diagonal_prototype_relu_soft_top_fraction_v3_geometry_regularization,1,3,2437418456,0.4,0.33333333333333337,0.7288288626670837,0.7287533435821533,6,False
12,gated_alive,full,cuda,diagonal_prototype_relu_soft_top_fraction_v3_geometry_regularization,1,4,2437418556,0.4,0.6666666666666667,0.7267899761199951,0.7267202982902526,6,False
12,gated_alive,full,cuda,diagonal_prototype_relu_soft_top_fraction_v3_geometry_regularization,1,5,2437418656,0.4,0.0,0.7638136515617371,0.7636919388771057,6,False
12,gated_alive,full,cuda,diagonal_prototype_relu_soft_top_fraction_v3_geometry_regularization,2,3,2437428456,0.25,0.0,0.6969456100463867,0.696890058517456,6,False
12,gated_alive,full,cuda,diagonal_prototype_relu_soft_top_fraction_v3_geometry_regularization,2,4,2437428556,0.25,0.25,0.7132595753669739,0.7132282829284669,6,False
12,gated_alive,full,cuda,diagonal_prototype_relu_soft_top_fraction_v3_geometry_regularization,2,5,2437428656,1.0,1.0,0.05471763739362359,0.04781028484227136,42,True
13,gated_alive,full,cuda,diagonal_prototype_relu_soft_top_fraction_v3_geometry_regularization,0,3,2569716828,0.4,0.3333333333333333,0.7334605903625488,0.7333099694252014,8,False
13,gated_alive,full,cuda,diagonal_prototype_relu_soft_top_fraction_v3_geometry_regularization,0,4,2569716928,0.6,0.6666666666666666,0.6580535306930542,0.6571904592514038,12,False
13,gated_alive,full,cuda,diagonal_prototype_relu_soft_top_fraction_v3_geometry_regularization,0,5,2569717028,0.4,0.3333333333333333,0.7259625515937805,0.7259113512039185,6,False
13,gated_alive,full,cuda,diagonal_prototype_relu_soft_top_fraction_v3_geometry_regularization,1,3,2569726828,0.6,0.5,0.6865259680747986,0.6864826354980469,6,False
13,gated_alive,full,cuda,diagonal_prototype_relu_soft_top_fraction_v3_geometry_regularization,1,4,2569726928,0.4,0.6666666666666667,0.7099483485221862,0.7098586435317993,6,False
13,gated_alive,full,cuda,diagonal_prototype_relu_soft_top_fraction_v3_geometry_regularization,1,5,2569727028,1.0,1.0,0.17658772387355565,0.17161895636469127,46,True
13,gated_alive,full,cuda,diagonal_prototype_relu_soft_top_fraction_v3_geometry_regularization,2,3,2569736828,0.5,0.25,0.7025273251533508,0.70242271900177,7,False
13,gated_alive,full,cuda,diagonal_prototype_relu_soft_top_fraction_v3_geometry_regularization,2,4,2569736928,0.75,0.5,0.6948283457756043,0.6947239685058594,7,False
13,gated_alive,full,cuda,diagonal_prototype_relu_soft_top_fraction_v3_geometry_regularization,2,5,2569737028,0.75,0.75,0.44761925399303437,0.4413091564178467,26,False
14,gated_alive,full,cuda,diagonal_prototype_relu_soft_top_fraction_v3_geometry_regularization,0,3,915442570,0.6,0.8333333333333333,0.6639764938354492,0.6639249885082245,6,True
14,gated_alive,full,cuda,diagonal_prototype_relu_soft_top_fraction_v3_geometry_regularization,0,4,915442670,0.6,0.6666666666666666,0.6786054182052612,0.6784920501708984,6,False
14,gated_alive,full,cuda,diagonal_prototype_relu_soft_top_fraction_v3_geometry_regularization,0,5,915442770,0.4,0.8333333333333333,0.7043416018486023,0.7041012163162231,9,False
14,gated_alive,full,cuda,diagonal_prototype_relu_soft_top_fraction_v3_geometry_regularization,1,3,915452570,0.2,0.5,0.6973420820236206,0.697225733757019,6,False
14,gated_alive,full,cuda,diagonal_prototype_relu_soft_top_fraction_v3_geometry_regularization,1,4,915452670,0.4,0.33333333333333337,0.715525767326355,0.7154682488441467,6,False
14,gated_alive,full,cuda,diagonal_prototype_relu_soft_top_fraction_v3_geometry_regularization,1,5,915452770,0.4,0.6666666666666667,0.6968252987861633,0.6967557997703552,6,False
14,gated_alive,full,cuda,diagonal_prototype_relu_soft_top_fraction_v3_geometry_regularization,2,3,915462570,0.5,0.5,0.6946433305740356,0.6945919513702392,6,False
14,gated_alive,full,cuda,diagonal_prototype_relu_soft_top_fraction_v3_geometry_regularization,2,4,915462670,0.5,0.5,0.693245780467987,0.6932092428207397,6,False
14,gated_alive,full,cuda,diagonal_prototype_relu_soft_top_fraction_v3_geometry_regularization,2,5,915462770,0.25,0.0,0.7005028390884399,0.7003879809379577,6,False
15,gated_alive,full,cuda,diagonal_prototype_relu_soft_top_fraction_v3_geometry_regularization,0,3,802017519,0.6,0.5,0.6702018342018128,0.6701528956890106,6,False
15,gated_alive,full,cuda,diagonal_prototype_relu_soft_top_fraction_v3_geometry_regularization,0,4,802017619,0.4,0.6666666666666666,0.6137638137340545,0.6120962431430816,15,False
15,gated_alive,full,cuda,diagonal_prototype_relu_soft_top_fraction_v3_geometry_regularization,0,5,802017719,0.4,0.3333333333333333,0.7229071626663208,0.7228020796775818,7,False
15,gated_alive,full,cuda,diagonal_prototype_relu_soft_top_fraction_v3_geometry_regularization,1,3,802027519,0.4,0.33333333333333337,0.7214282507896423,0.7213306183815003,8,False
15,gated_alive,full,cuda,diagonal_prototype_relu_soft_top_fraction_v3_geometry_regularization,1,4,802027619,0.6,0.8333333333333334,0.47992459386587144,0.476531642049551,20,True
15,gated_alive,full,cuda,diagonal_prototype_relu_soft_top_fraction_v3_geometry_regularization,1,5,802027719,0.6,0.6666666666666667,0.5953631403446198,0.5948800668716431,9,False
15,gated_alive,full,cuda,diagonal_prototype_relu_soft_top_fraction_v3_geometry_regularization,2,3,802037519,0.0,0.0,0.7095666909217835,0.7094746017456055,6,False
15,gated_alive,full,cuda,diagonal_prototype_relu_soft_top_fraction_v3_geometry_regularization,2,4,802037619,0.5,0.75,0.5036812886595726,0.49889180302619934,24,False
15,gated_alive,full,cuda,diagonal_prototype_relu_soft_top_fraction_v3_geometry_regularization,2,5,802037719,0.25,0.25,0.740801932811737,0.7407176518440246,6,False
16,gated_alive,full,cuda,diagonal_prototype_relu_soft_top_fraction_v3_geometry_regularization,0,3,984129368,0.4,0.3333333333333333,0.7221433825492859,0.7219897813796997,9,False
16,gated_alive,full,cuda,diagonal_prototype_relu_soft_top_fraction_v3_geometry_regularization,0,4,984129468,0.4,0.3333333333333333,0.7115383448600769,0.7114503087997437,6,False
16,gated_alive,full,cuda,diagonal_prototype_relu_soft_top_fraction_v3_geometry_regularization,0,5,984129568,0.4,0.6666666666666666,0.738194387435913,0.7380671911239624,6,False
16,gated_alive,full,cuda,diagonal_prototype_relu_soft_top_fraction_v3_geometry_regularization,1,3,984139368,0.6,0.8333333333333334,0.6951531553268433,0.6948769810199737,10,False
16,gated_alive,full,cuda,diagonal_prototype_relu_soft_top_fraction_v3_geometry_regularization,1,4,984139468,0.6,0.6666666666666667,0.706511127948761,0.7061252994537354,9,False
16,gated_alive,full,cuda,diagonal_prototype_relu_soft_top_fraction_v3_geometry_regularization,1,5,984139568,0.4,0.6666666666666667,0.7467177262306214,0.7466255102157593,6,False
16,gated_alive,full,cuda,diagonal_prototype_relu_soft_top_fraction_v3_geometry_regularization,2,3,984149368,0.75,0.75,0.6435963320732117,0.6424195671081543,16,False
16,gated_alive,full,cuda,diagonal_prototype_relu_soft_top_fraction_v3_geometry_regularization,2,4,984149468,0.5,0.0,0.6973561477661133,0.6973330807685852,7,False
16,gated_alive,full,cuda,diagonal_prototype_relu_soft_top_fraction_v3_geometry_regularization,2,5,984149568,0.75,0.75,0.44929448783397674,0.44796531975269316,14,True
17,gated_alive,full,cuda,diagonal_prototype_relu_soft_top_fraction_v3_geometry_regularization,0,3,2889465506,0.8,0.6666666666666666,0.5471055188179016,0.5449359846115113,21,False
17,gated_alive,full,cuda,diagonal_prototype_relu_soft_top_fraction_v3_geometry_regularization,0,4,2889465606,1.0,1.0,0.17043799299001694,0.1588600199818611,44,True
17,gated_alive,full,cuda,diagonal_prototype_relu_soft_top_fraction_v3_geometry_regularization,0,5,2889465706,1.0,1.0,0.314607070684433,0.30886288452148436,26,False
17,gated_alive,full,cuda,diagonal_prototype_relu_soft_top_fraction_v3_geometry_regularization,1,3,2889475506,0.8,0.6666666666666667,0.6206830048561096,0.6201605105400085,12,False
17,gated_alive,full,cuda,diagonal_prototype_relu_soft_top_fraction_v3_geometry_regularization,1,4,2889475606,0.4,0.33333333333333337,0.7269871525764465,0.7268804006576538,7,False
17,gated_alive,full,cuda,diagonal_prototype_relu_soft_top_fraction_v3_geometry_regularization,1,5,2889475706,0.4,0.0,0.7411562247276307,0.7410874409675599,6,False
17,gated_alive,full,cuda,diagonal_prototype_relu_soft_top_fraction_v3_geometry_regularization,2,3,2889485506,0.25,0.0,0.6935189628601074,0.6934377217292785,7,False
17,gated_alive,full,cuda,diagonal_prototype_relu_soft_top_fraction_v3_geometry_regularization,2,4,2889485606,0.75,0.5,0.6627690184116364,0.6622703909873963,11,False
17,gated_alive,full,cuda,diagonal_prototype_relu_soft_top_fraction_v3_geometry_regularization,2,5,2889485706,0.5,0.75,0.689558093547821,0.6894989061355591,6,False
18,gated_alive,full,cuda,diagonal_prototype_relu_soft_top_fraction_v3_geometry_regularization,0,3,2634853674,0.6,1.0,0.6201517896652222,0.6194199454784394,16,True
18,gated_alive,full,cuda,diagonal_prototype_relu_soft_top_fraction_v3_geometry_regularization,0,4,2634853774,0.6,0.5,0.6790540223121643,0.6789741520881653,6,False
18,gated_alive,full,cuda,diagonal_prototype_relu_soft_top_fraction_v3_geometry_regularization,0,5,2634853874,0.4,0.16666666666666666,0.7355131535530091,0.7353701024055481,6,False
18,gated_alive,full,cuda,diagonal_prototype_relu_soft_top_fraction_v3_geometry_regularization,1,3,2634863674,0.4,1.0,0.7086303372383118,0.708570315361023,6,False
18,gated_alive,full,cuda,diagonal_prototype_relu_soft_top_fraction_v3_geometry_regularization,1,4,2634863774,0.6,0.33333333333333337,0.7139043560028077,0.7137733449935914,7,False
18,gated_alive,full,cuda,diagonal_prototype_relu_soft_top_fraction_v3_geometry_regularization,1,5,2634863874,0.4,0.33333333333333337,0.7368320775032043,0.7367214512825012,6,False
18,gated_alive,full,cuda,diagonal_prototype_relu_soft_top_fraction_v3_geometry_regularization,2,3,2634873674,0.5,0.5,0.6937653350830079,0.6936914253234864,6,False
18,gated_alive,full,cuda,diagonal_prototype_relu_soft_top_fraction_v3_geometry_regularization,2,4,2634873774,0.5,0.5,0.6905163908004761,0.6904373550415039,7,False
18,gated_alive,full,cuda,diagonal_prototype_relu_soft_top_fraction_v3_geometry_regularization,2,5,2634873874,0.5,0.5,0.6392282843589783,0.6378827619552613,13,False
19,gated_alive,full,cuda,diagonal_prototype_relu_soft_top_fraction_v3_geometry_regularization,0,3,4045012804,0.2,0.3333333333333333,0.7696016435623169,0.7694835667610168,6,False
19,gated_alive,full,cuda,diagonal_prototype_relu_soft_top_fraction_v3_geometry_regularization,0,4,4045012904,0.4,0.0,0.7312505841255188,0.7311686873435974,6,False
19,gated_alive,full,cuda,diagonal_prototype_relu_soft_top_fraction_v3_geometry_regularization,0,5,4045013004,0.6,0.3333333333333333,0.6830420660972595,0.6829822826385498,6,False
19,gated_alive,full,cuda,diagonal_prototype_relu_soft_top_fraction_v3_geometry_regularization,1,3,4045022804,0.4,0.16666666666666669,0.7493900694847107,0.7493258156776428,6,False
19,gated_alive,full,cuda,diagonal_prototype_relu_soft_top_fraction_v3_geometry_regularization,1,4,4045022904,0.4,0.5,0.7314382433891297,0.7312994837760926,7,False
19,gated_alive,full,cuda,diagonal_prototype_relu_soft_top_fraction_v3_geometry_regularization,1,5,4045023004,0.4,0.0,0.7914880027770996,0.7913921065330506,6,False
19,gated_alive,full,cuda,diagonal_prototype_relu_soft_top_fraction_v3_geometry_regularization,2,3,4045032804,0.75,0.75,0.41893733739852906,0.4179488694667816,14,False
19,gated_alive,full,cuda,diagonal_prototype_relu_soft_top_fraction_v3_geometry_regularization,2,4,4045032904,0.75,1.0,0.34995038524270056,0.34885141275823117,13,True
19,gated_alive,full,cuda,diagonal_prototype_relu_soft_top_fraction_v3_geometry_regularization,2,5,4045033004,0.5,0.5,0.696946268081665,0.6968660402297974,6,False
20,gated_alive,full,cuda,diagonal_prototype_relu_soft_top_fraction_v3_geometry_regularization,0,3,3032918538,0.8,1.0,0.3673569874763489,0.36435473370552063,24,False
20,gated_alive,full,cuda,diagonal_prototype_relu_soft_top_fraction_v3_geometry_regularization,0,4,3032918638,0.8,1.0,0.37262452065944673,0.37090845704078673,17,False
20,gated_alive,full,cuda,diagonal_prototype_relu_soft_top_fraction_v3_geometry_regularization,0,5,3032918738,0.8,1.0,0.4696572725772858,0.4685217070579529,17,False
20,gated_alive,full,cuda,diagonal_prototype_relu_soft_top_fraction_v3_geometry_regularization,1,3,3032928538,0.8,0.8333333333333334,0.41846296422183515,0.41413809867203233,23,False
20,gated_alive,full,cuda,diagonal_prototype_relu_soft_top_fraction_v3_geometry_regularization,1,4,3032928638,0.4,0.6666666666666667,0.7026809463500977,0.7025833735466004,7,False
20,gated_alive,full,cuda,diagonal_prototype_relu_soft_top_fraction_v3_geometry_regularization,1,5,3032928738,0.6,1.0,0.5191198718845844,0.5166415237635374,17,False
20,gated_alive,full,cuda,diagonal_prototype_relu_soft_top_fraction_v3_geometry_regularization,2,3,3032938538,0.25,0.0,0.7107558155059814,0.7106450700759888,6,False
20,gated_alive,full,cuda,diagonal_prototype_relu_soft_top_fraction_v3_geometry_regularization,2,4,3032938638,0.25,0.5,0.6986524248123169,0.6985127711296082,8,False
20,gated_alive,full,cuda,diagonal_prototype_relu_soft_top_fraction_v3_geometry_regularization,2,5,3032938738,1.0,1.0,0.03218821153044701,0.02647306052502245,64,True
21,gated_alive,full,cuda,diagonal_prototype_relu_soft_top_fraction_v3_geometry_regularization,0,3,1066207524,0.8,0.8333333333333333,0.560313006401062,0.5588095579147339,16,False
21,gated_alive,full,cuda,diagonal_prototype_relu_soft_top_fraction_v3_geometry_regularization,0,4,1066207624,0.8,1.0,0.3520656739473343,0.346670826792717,26,True
21,gated_alive,full,cuda,diagonal_prototype_relu_soft_top_fraction_v3_geometry_regularization,0,5,1066207724,0.8,1.0,0.4092525448799133,0.40712200093269346,15,False
21,gated_alive,full,cuda,diagonal_prototype_relu_soft_top_fraction_v3_geometry_regularization,1,3,1066217524,0.4,0.6666666666666667,0.7883760974407196,0.7882962272167205,6,False
21,gated_alive,full,cuda,diagonal_prototype_relu_soft_top_fraction_v3_geometry_regularization,1,4,1066217624,0.6,0.33333333333333337,0.6862437429428101,0.686191231250763,6,False
21,gated_alive,full,cuda,diagonal_prototype_relu_soft_top_fraction_v3_geometry_regularization,1,5,1066217724,0.4,0.33333333333333337,0.7092935190200805,0.7092019066810608,6,False
21,gated_alive,full,cuda,diagonal_prototype_relu_soft_top_fraction_v3_geometry_regularization,2,3,1066227524,0.25,0.25,0.7059646654129028,0.7058356213569641,6,False
21,gated_alive,full,cuda,diagonal_prototype_relu_soft_top_fraction_v3_geometry_regularization,2,4,1066227624,0.75,0.75,0.6439771640300751,0.6428195226192475,12,False
21,gated_alive,full,cuda,diagonal_prototype_relu_soft_top_fraction_v3_geometry_regularization,2,5,1066227724,0.25,0.25,0.7278143525123596,0.7277197003364563,7,False
22,gated_alive,full,cuda,diagonal_prototype_relu_soft_top_fraction_v3_geometry_regularization,0,3,3929520058,0.6,1.0,0.6128789675235748,0.6127149767875671,8,False
22,gated_alive,full,cuda,diagonal_prototype_relu_soft_top_fraction_v3_geometry_regularization,0,4,3929520158,0.6,0.5,0.6975247383117675,0.6974397420883178,6,False
22,gated_alive,full,cuda,diagonal_prototype_relu_soft_top_fraction_v3_geometry_regularization,0,5,3929520258,0.4,0.6666666666666666,0.7189947271347046,0.7189171814918518,6,False
22,gated_alive,full,cuda,diagonal_prototype_relu_soft_top_fraction_v3_geometry_regularization,1,3,3929530058,0.4,0.33333333333333337,0.7330191307067871,0.7329597644805909,6,False
22,gated_alive,full,cuda,diagonal_prototype_relu_soft_top_fraction_v3_geometry_regularization,1,4,3929530158,0.6,0.6666666666666667,0.6781179976463317,0.6780429553985595,6,False
22,gated_alive,full,cuda,diagonal_prototype_relu_soft_top_fraction_v3_geometry_regularization,1,5,3929530258,0.4,1.0,0.7036846790313721,0.703612795829773,6,False
22,gated_alive,full,cuda,diagonal_prototype_relu_soft_top_fraction_v3_geometry_regularization,2,3,3929540058,0.5,0.0,0.7014418244361877,0.7014106512069702,6,False
22,gated_alive,full,cuda,diagonal_prototype_relu_soft_top_fraction_v3_geometry_regularization,2,4,3929540158,0.5,0.75,0.5090797880291938,0.5068306106328965,21,False
22,gated_alive,full,cuda,diagonal_prototype_relu_soft_top_fraction_v3_geometry_regularization,2,5,3929540258,1.0,1.0,0.10657570343464613,0.09459090053103864,58,True
23,gated_alive,full,cuda,diagonal_prototype_relu_soft_top_fraction_v3_geometry_regularization,0,3,4075413813,0.6,0.8333333333333333,0.48475741720199583,0.48085302257537843,22,False
23,gated_alive,full,cuda,diagonal_prototype_relu_soft_top_fraction_v3_geometry_regularization,0,4,4075413913,0.8,0.8333333333333333,0.483204060792923,0.4766304340362549,30,False
23,gated_alive,full,cuda,diagonal_prototype_relu_soft_top_fraction_v3_geometry_regularization,0,5,4075414013,0.8,1.0,0.33288090193271636,0.3293342866897583,25,True
23,gated_alive,full,cuda,diagonal_prototype_relu_soft_top_fraction_v3_geometry_regularization,1,3,4075423813,0.4,0.33333333333333337,0.7469936919212341,0.7469258022308349,6,False
23,gated_alive,full,cuda,diagonal_prototype_relu_soft_top_fraction_v3_geometry_regularization,1,4,4075423913,0.4,0.16666666666666669,0.7049512968063355,0.7048693404197693,6,False
23,gated_alive,full,cuda,diagonal_prototype_relu_soft_top_fraction_v3_geometry_regularization,1,5,4075424013,0.4,0.5,0.7794847364425659,0.7793375878334046,6,False
23,gated_alive,full,cuda,diagonal_prototype_relu_soft_top_fraction_v3_geometry_regularization,2,3,4075433813,0.25,0.25,0.7079798460006714,0.70789133310318,6,False
23,gated_alive,full,cuda,diagonal_prototype_relu_soft_top_fraction_v3_geometry_regularization,2,4,4075433913,0.25,0.25,0.7059371399879456,0.7058476734161377,6,False
23,gated_alive,full,cuda,diagonal_prototype_relu_soft_top_fraction_v3_geometry_regularization,2,5,4075434013,0.5,0.75,0.6844915008544922,0.6844046568870544,6,False
24,gated_alive,full,cuda,diagonal_prototype_relu_soft_top_fraction_v3_geometry_regularization,0,3,3145778432,0.6,0.5,0.6703968782424927,0.6688387532234192,17,False
24,gated_alive,full,cuda,diagonal_prototype_relu_soft_top_fraction_v3_geometry_regularization,0,4,3145778532,0.2,0.5,0.7068431262969971,0.7065497522354126,9,False
24,gated_alive,full,cuda,diagonal_prototype_relu_soft_top_fraction_v3_geometry_regularization,0,5,3145778632,0.4,0.3333333333333333,0.7172212090492248,0.7171390738487243,6,False
24,gated_alive,full,cuda,diagonal_prototype_relu_soft_top_fraction_v3_geometry_regularization,1,3,3145788432,0.2,0.16666666666666669,0.7926633195877075,0.7925535950660706,6,False
24,gated_alive,full,cuda,diagonal_prototype_relu_soft_top_fraction_v3_geometry_regularization,1,4,3145788532,0.4,0.5,0.719471960067749,0.7193854141235352,6,False
24,gated_alive,full,cuda,diagonal_prototype_relu_soft_top_fraction_v3_geometry_regularization,1,5,3145788632,0.4,0.16666666666666669,0.7200428113937378,0.7199430332183838,7,False
24,gated_alive,full,cuda,diagonal_prototype_relu_soft_top_fraction_v3_geometry_regularization,2,3,3145798432,0.5,0.5,0.6905673122406006,0.6905329203605652,6,False
24,gated_alive,full,cuda,diagonal_prototype_relu_soft_top_fraction_v3_geometry_regularization,2,4,3145798532,0.5,0.5,0.6959138941764832,0.6958708000183106,6,False
24,gated_alive,full,cuda,diagonal_prototype_relu_soft_top_fraction_v3_geometry_regularization,2,5,3145798632,0.75,0.75,0.6579099488258362,0.6575901699066162,8,True
25,gated_alive,full,cuda,diagonal_prototype_relu_soft_top_fraction_v3_geometry_regularization,0,3,2865763338,0.4,0.5,0.7061933760643005,0.7061614279747009,6,False
25,gated_alive,full,cuda,diagonal_prototype_relu_soft_top_fraction_v3_geometry_regularization,0,4,2865763438,0.4,0.16666666666666666,0.7315016303062439,0.7313381943702698,7,False
25,gated_alive,full,cuda,diagonal_prototype_relu_soft_top_fraction_v3_geometry_regularization,0,5,2865763538,0.8,0.5,0.5108421530723571,0.5048335289955139,26,False
25,gated_alive,full,cuda,diagonal_prototype_relu_soft_top_fraction_v3_geometry_regularization,1,3,2865773338,0.4,0.6666666666666667,0.6993756957054138,0.6992800898551941,6,False
25,gated_alive,full,cuda,diagonal_prototype_relu_soft_top_fraction_v3_geometry_regularization,1,4,2865773438,0.8,0.6666666666666667,0.6763518295288086,0.6761840424537658,11,True
25,gated_alive,full,cuda,diagonal_prototype_relu_soft_top_fraction_v3_geometry_regularization,1,5,2865773538,0.2,0.5,0.7363798871040345,0.7357731714248658,9,False
25,gated_alive,full,cuda,diagonal_prototype_relu_soft_top_fraction_v3_geometry_regularization,2,3,2865783338,0.5,0.25,0.7053019666671753,0.7051877641677856,7,False
25,gated_alive,full,cuda,diagonal_prototype_relu_soft_top_fraction_v3_geometry_regularization,2,4,2865783438,0.5,1.0,0.6881185555458069,0.6880442881584168,7,False
25,gated_alive,full,cuda,diagonal_prototype_relu_soft_top_fraction_v3_geometry_regularization,2,5,2865783538,0.75,1.0,0.29836223617196084,0.2961822360008955,20,False
26,gated_alive,full,cuda,diagonal_prototype_relu_soft_top_fraction_v3_geometry_regularization,0,3,561034102,0.4,0.3333333333333333,0.7763386631011963,0.7762655878067016,6,False
26,gated_alive,full,cuda,diagonal_prototype_relu_soft_top_fraction_v3_geometry_regularization,0,4,561034202,0.4,0.3333333333333333,0.7105448975563049,0.7104408874511718,6,False
26,gated_alive,full,cuda,diagonal_prototype_relu_soft_top_fraction_v3_geometry_regularization,0,5,561034302,0.8,1.0,0.4218442268371582,0.4211385450363159,14,True
26,gated_alive,full,cuda,diagonal_prototype_relu_soft_top_fraction_v3_geometry_regularization,1,3,561044102,0.6,0.33333333333333337,0.674439977645874,0.6743590941429138,6,False
26,gated_alive,full,cuda,diagonal_prototype_relu_soft_top_fraction_v3_geometry_regularization,1,4,561044202,0.4,0.0,0.7256966896057129,0.7255815334320068,7,False
26,gated_alive,full,cuda,diagonal_prototype_relu_soft_top_fraction_v3_geometry_regularization,1,5,561044302,0.6,0.6666666666666667,0.6771363759040833,0.6770259881019592,6,False
26,gated_alive,full,cuda,diagonal_prototype_relu_soft_top_fraction_v3_geometry_regularization,2,3,561054102,0.75,0.75,0.6059644484519958,0.6029823887348175,18,False
26,gated_alive,full,cuda,diagonal_prototype_relu_soft_top_fraction_v3_geometry_regularization,2,4,561054202,0.75,1.0,0.3736076709628105,0.3705874276161194,18,False
26,gated_alive,full,cuda,diagonal_prototype_relu_soft_top_fraction_v3_geometry_regularization,2,5,561054302,0.75,1.0,0.44131417632102965,0.43680649518966674,18,False
27,gated_alive,full,cuda,diagonal_prototype_relu_soft_top_fraction_v3_geometry_regularization,0,3,411878796,0.2,0.0,0.7302437963485717,0.7301692905426025,6,False
27,gated_alive,full,cuda,diagonal_prototype_relu_soft_top_fraction_v3_geometry_regularization,0,4,411878896,0.0,0.0,0.7686776266098022,0.7685780868530273,6,False
27,gated_alive,full,cuda,diagonal_prototype_relu_soft_top_fraction_v3_geometry_regularization,0,5,411878996,0.4,0.0,0.7451504774093628,0.7450603551864624,6,False
27,gated_alive,full,cuda,diagonal_prototype_relu_soft_top_fraction_v3_geometry_regularization,1,3,411888796,0.4,0.5,0.7053952445983886,0.7053200235366821,6,False
27,gated_alive,full,cuda,diagonal_prototype_relu_soft_top_fraction_v3_geometry_regularization,1,4,411888896,0.6,0.16666666666666669,0.6831207823753357,0.6830804896354675,6,False
27,gated_alive,full,cuda,diagonal_prototype_relu_soft_top_fraction_v3_geometry_regularization,1,5,411888996,0.4,0.5,0.7529871430397034,0.7528825368881226,6,False
27,gated_alive,full,cuda,diagonal_prototype_relu_soft_top_fraction_v3_geometry_regularization,2,3,411898796,0.75,1.0,0.6508185935020446,0.6506296467781066,7,False
27,gated_alive,full,cuda,diagonal_prototype_relu_soft_top_fraction_v3_geometry_regularization,2,4,411898896,0.5,0.5,0.6916630148887635,0.6913905620574952,9,False
27,gated_alive,full,cuda,diagonal_prototype_relu_soft_top_fraction_v3_geometry_regularization,2,5,411898996,1.0,1.0,0.12845533430576325,0.12410951137542725,100,True
28,gated_alive,full,cuda,diagonal_prototype_relu_soft_top_fraction_v3_geometry_regularization,0,3,1143810128,0.4,0.6666666666666666,0.6560357608795166,0.6551931858062744,12,False
28,gated_alive,full,cuda,diagonal_prototype_relu_soft_top_fraction_v3_geometry_regularization,0,4,1143810228,0.6,0.5,0.6792919473648071,0.6789584593772888,8,False
28,gated_alive,full,cuda,diagonal_prototype_relu_soft_top_fraction_v3_geometry_regularization,0,5,1143810328,0.4,0.6666666666666666,0.7131017303466797,0.7126883683204651,9,False
28,gated_alive,full,cuda,diagonal_prototype_relu_soft_top_fraction_v3_geometry_regularization,1,3,1143820128,0.6,0.8333333333333334,0.5174441461563111,0.514289752483368,42,True
28,gated_alive,full,cuda,diagonal_prototype_relu_soft_top_fraction_v3_geometry_regularization,1,4,1143820228,0.6,0.5,0.7151341347694397,0.7150246448516846,7,False
28,gated_alive,full,cuda,diagonal_prototype_relu_soft_top_fraction_v3_geometry_regularization,1,5,1143820328,0.4,0.16666666666666669,0.7088138060569763,0.7086906032562256,6,False
28,gated_alive,full,cuda,diagonal_prototype_relu_soft_top_fraction_v3_geometry_regularization,2,3,1143830128,0.25,0.0,0.7246115303039551,0.7245192623138428,6,False
28,gated_alive,full,cuda,diagonal_prototype_relu_soft_top_fraction_v3_geometry_regularization,2,4,1143830228,0.5,0.25,0.7526254582405091,0.7524998116493226,6,False
28,gated_alive,full,cuda,diagonal_prototype_relu_soft_top_fraction_v3_geometry_regularization,2,5,1143830328,0.5,0.5,0.6915543460845948,0.6914328718185425,7,False
29,gated_alive,full,cuda,diagonal_prototype_relu_soft_top_fraction_v3_geometry_regularization,0,3,1897687215,0.6,0.3333333333333333,0.682983277797699,0.682922667503357,6,False
29,gated_alive,full,cuda,diagonal_prototype_relu_soft_top_fraction_v3_geometry_regularization,0,4,1897687315,0.4,0.3333333333333333,0.7432483463287354,0.7431009440422058,7,False
29,gated_alive,full,cuda,diagonal_prototype_relu_soft_top_fraction_v3_geometry_regularization,0,5,1897687415,0.4,0.5,0.7318490424156189,0.7317648210525513,6,False
29,gated_alive,full,cuda,diagonal_prototype_relu_soft_top_fraction_v3_geometry_regularization,1,3,1897697215,0.4,0.6666666666666667,0.7118893795013428,0.7118547492027283,7,False
29,gated_alive,full,cuda,diagonal_prototype_relu_soft_top_fraction_v3_geometry_regularization,1,4,1897697315,0.4,0.33333333333333337,0.7808973619937897,0.780731422662735,7,False
29,gated_alive,full,cuda,diagonal_prototype_relu_soft_top_fraction_v3_geometry_regularization,1,5,1897697415,0.4,0.6666666666666667,0.7218950986862183,0.7218144536018372,6,False
29,gated_alive,full,cuda,diagonal_prototype_relu_soft_top_fraction_v3_geometry_regularization,2,3,1897707215,0.5,1.0,0.6715423011779785,0.6714233303070068,7,False
29,gated_alive,full,cuda,diagonal_prototype_relu_soft_top_fraction_v3_geometry_regularization,2,4,1897707315,0.75,1.0,0.3021200683712959,0.2984725192561746,22,True
29,gated_alive,full,cuda,diagonal_prototype_relu_soft_top_fraction_v3_geometry_regularization,2,5,1897707415,0.25,0.0,0.7109179496765137,0.710839033126831,6,False
30,gated_alive,full,cuda,diagonal_prototype_relu_soft_top_fraction_v3_geometry_regularization,0,3,310985277,0.6,0.3333333333333333,0.6743965134620666,0.6743374452590942,6,False
30,gated_alive,full,cuda,diagonal_prototype_relu_soft_top_fraction_v3_geometry_regularization,0,4,310985377,0.4,0.3333333333333333,0.7265710592269897,0.7264949440956116,6,False
30,gated_alive,full,cuda,diagonal_prototype_relu_soft_top_fraction_v3_geometry_regularization,0,5,310985477,0.4,0.16666666666666666,0.71950994348526,0.7194222650527954,6,False
30,gated_alive,full,cuda,diagonal_prototype_relu_soft_top_fraction_v3_geometry_regularization,1,3,310995277,0.4,0.33333333333333337,0.7280287413597107,0.7279727725982666,8,False
30,gated_alive,full,cuda,diagonal_prototype_relu_soft_top_fraction_v3_geometry_regularization,1,4,310995377,1.0,1.0,0.23976716703549028,0.23612101094285026,37,True
30,gated_alive,full,cuda,diagonal_prototype_relu_soft_top_fraction_v3_geometry_regularization,1,5,310995477,0.4,0.33333333333333337,0.7327673435211182,0.7326907515525818,7,False
30,gated_alive,full,cuda,diagonal_prototype_relu_soft_top_fraction_v3_geometry_regularization,2,3,311005277,0.5,0.5,0.6957643151283264,0.6956845045089721,8,False
30,gated_alive,full,cuda,diagonal_prototype_relu_soft_top_fraction_v3_geometry_regularization,2,4,311005377,0.5,0.5,0.683244104385376,0.6831125569343567,7,False
30,gated_alive,full,cuda,diagonal_prototype_relu_soft_top_fraction_v3_geometry_regularization,2,5,311005477,0.25,0.5,0.7002371239662171,0.7001476573944092,6,False
31,gated_alive,full,cuda,diagonal_prototype_relu_soft_top_fraction_v3_geometry_regularization,0,3,3807402561,0.6,0.6666666666666666,0.6744054312705994,0.6743688340187073,6,False
31,gated_alive,full,cuda,diagonal_prototype_relu_soft_top_fraction_v3_geometry_regularization,0,4,3807402661,0.6,0.8333333333333333,0.4716162281036377,0.4636543717384338,41,False
31,gated_alive,full,cuda,diagonal_prototype_relu_soft_top_fraction_v3_geometry_regularization,0,5,3807402761,1.0,1.0,0.010062846533954143,0.0068828824947122485,91,True
31,gated_alive,full,cuda,diagonal_prototype_relu_soft_top_fraction_v3_geometry_regularization,1,3,3807412561,0.4,0.5,0.6870524611473083,0.6861521925926208,14,False
31,gated_alive,full,cuda,diagonal_prototype_relu_soft_top_fraction_v3_geometry_regularization,1,4,3807412661,0.6,0.5,0.7113970146179199,0.7113050446510315,7,False
31,gated_alive,full,cuda,diagonal_prototype_relu_soft_top_fraction_v3_geometry_regularization,1,5,3807412761,0.8,0.8333333333333334,0.5953885437101125,0.5923721962273121,20,False
31,gated_alive,full,cuda,diagonal_prototype_relu_soft_top_fraction_v3_geometry_regularization,2,3,3807422561,1.0,1.0,0.18405179917812348,0.1767343145608902,25,False
31,gated_alive,full,cuda,diagonal_prototype_relu_soft_top_fraction_v3_geometry_regularization,2,4,3807422661,1.0,1.0,0.18374078929424287,0.17215448319911958,47,False
31,gated_alive,full,cuda,diagonal_prototype_relu_soft_top_fraction_v3_geometry_regularization,2,5,3807422761,0.75,1.0,0.6317651867866516,0.6314092874526978,9,False
32,gated_alive,full,cuda,diagonal_prototype_relu_soft_top_fraction_v3_geometry_regularization,0,3,2035922833,0.4,0.5,0.7256222009658814,0.7255179524421692,6,False
32,gated_alive,full,cuda,diagonal_prototype_relu_soft_top_fraction_v3_geometry_regularization,0,4,2035922933,0.2,0.5,0.7439367170333863,0.74381232213974,8,False
32,gated_alive,full,cuda,diagonal_prototype_relu_soft_top_fraction_v3_geometry_regularization,0,5,2035923033,1.0,1.0,0.33959800910949706,0.33887578612565994,12,True
32,gated_alive,full,cuda,diagonal_prototype_relu_soft_top_fraction_v3_geometry_regularization,1,3,2035932833,0.4,0.5,0.7514919357299805,0.7513633089065552,7,False
32,gated_alive,full,cuda,diagonal_prototype_relu_soft_top_fraction_v3_geometry_regularization,1,4,2035932933,0.8,0.8333333333333334,0.532827674984932,0.530121951341629,19,False
32,gated_alive,full,cuda,diagonal_prototype_relu_soft_top_fraction_v3_geometry_regularization,1,5,2035933033,0.8,1.0,0.44409430158138274,0.4399234847277403,29,False
32,gated_alive,full,cuda,diagonal_prototype_relu_soft_top_fraction_v3_geometry_regularization,2,3,2035942833,0.25,0.0,0.6993529558181762,0.6993283987045288,6,False
32,gated_alive,full,cuda,diagonal_prototype_relu_soft_top_fraction_v3_geometry_regularization,2,4,2035942933,0.75,0.75,0.6737780022621155,0.6736913967132568,6,False
32,gated_alive,full,cuda,diagonal_prototype_relu_soft_top_fraction_v3_geometry_regularization,2,5,2035943033,0.5,0.75,0.6060977947711944,0.6054328560829163,10,False
33,gated_alive,full,cuda,diagonal_prototype_relu_soft_top_fraction_v3_geometry_regularization,0,3,2995540271,0.4,0.6666666666666666,0.6949223561286926,0.6948538107872009,6,False
33,gated_alive,full,cuda,diagonal_prototype_relu_soft_top_fraction_v3_geometry_regularization,0,4,2995540371,0.6,0.8333333333333333,0.6262455438375473,0.6252984333038331,14,False
33,gated_alive,full,cuda,diagonal_prototype_relu_soft_top_fraction_v3_geometry_regularization,0,5,2995540471,0.4,0.3333333333333333,0.711754026889801,0.7116382746696472,6,False
33,gated_alive,full,cuda,diagonal_prototype_relu_soft_top_fraction_v3_geometry_regularization,1,3,2995550271,0.4,0.16666666666666669,0.7536395754814148,0.7534785833358765,7,False
33,gated_alive,full,cuda,diagonal_prototype_relu_soft_top_fraction_v3_geometry_regularization,1,4,2995550371,0.4,0.5,0.7054122724533081,0.7049505152702331,12,False
33,gated_alive,full,cuda,diagonal_prototype_relu_soft_top_fraction_v3_geometry_regularization,1,5,2995550471,0.8,1.0,0.49583914351463315,0.4931167013645172,18,False
33,gated_alive,full,cuda,diagonal_prototype_relu_soft_top_fraction_v3_geometry_regularization,2,3,2995560271,0.25,0.5,0.6942523765563965,0.6941600489616394,6,False
33,gated_alive,full,cuda,diagonal_prototype_relu_soft_top_fraction_v3_geometry_regularization,2,4,2995560371,0.75,0.5,0.6750683784484863,0.6741940975189209,10,False
33,gated_alive,full,cuda,diagonal_prototype_relu_soft_top_fraction_v3_geometry_regularization,2,5,2995560471,1.0,1.0,0.34547350913286207,0.33819686591625214,32,True
34,gated_alive,full,cuda,diagonal_prototype_relu_soft_top_fraction_v3_geometry_regularization,0,3,913047278,0.4,0.5,0.685264178276062,0.6851577839851379,6,False
34,gated_alive,full,cuda,diagonal_prototype_relu_soft_top_fraction_v3_geometry_regularization,0,4,913047378,0.4,0.16666666666666666,0.7066937298774719,0.7066835374832153,6,False
34,gated_alive,full,cuda,diagonal_prototype_relu_soft_top_fraction_v3_geometry_regularization,0,5,913047478,0.4,0.0,0.739193742275238,0.7391145873069763,6,False
34,gated_alive,full,cuda,diagonal_prototype_relu_soft_top_fraction_v3_geometry_regularization,1,3,913057278,0.4,0.0,0.7221305413246155,0.7221009774208069,6,False
34,gated_alive,full,cuda,diagonal_prototype_relu_soft_top_fraction_v3_geometry_regularization,1,4,913057378,0.6,1.0,0.5991107695102692,0.5977430813312531,13,True
34,gated_alive,full,cuda,diagonal_prototype_relu_soft_top_fraction_v3_geometry_regularization,1,5,913057478,0.4,0.33333333333333337,0.7288039131164551,0.7287573022842407,6,False
34,gated_alive,full,cuda,diagonal_prototype_relu_soft_top_fraction_v3_geometry_regularization,2,3,913067278,0.5,1.0,0.5335427725315094,0.5322703921794891,13,False
34,gated_alive,full,cuda,diagonal_prototype_relu_soft_top_fraction_v3_geometry_regularization,2,4,913067378,0.25,0.0,0.7220210647583007,0.7219197368621826,6,False
34,gated_alive,full,cuda,diagonal_prototype_relu_soft_top_fraction_v3_geometry_regularization,2,5,913067478,0.5,0.25,0.6951502871513366,0.6950954508781433,6,False
35,gated_alive,full,cuda,diagonal_prototype_relu_soft_top_fraction_v3_geometry_regularization,0,3,1402190573,0.4,0.3333333333333333,0.720234766960144,0.7201119217872619,6,False
35,gated_alive,full,cuda,diagonal_prototype_relu_soft_top_fraction_v3_geometry_regularization,0,4,1402190673,0.4,0.3333333333333333,0.7161750984191895,0.7161262226104737,6,False
35,gated_alive,full,cuda,diagonal_prototype_relu_soft_top_fraction_v3_geometry_regularization,0,5,1402190773,0.8,1.0,0.38759020566940305,0.3823871339559555,23,True
35,gated_alive,full,cuda,diagonal_prototype_relu_soft_top_fraction_v3_geometry_regularization,1,3,1402200573,0.4,0.16666666666666669,0.7162097392082214,0.7160853443145752,6,False
35,gated_alive,full,cuda,diagonal_prototype_relu_soft_top_fraction_v3_geometry_regularization,1,4,1402200673,0.8,0.8333333333333334,0.6597024555206299,0.6589594240188599,13,False
35,gated_alive,full,cuda,diagonal_prototype_relu_soft_top_fraction_v3_geometry_regularization,1,5,1402200773,0.4,0.33333333333333337,0.7261688332557679,0.7260875325202942,6,False
35,gated_alive,full,cuda,diagonal_prototype_relu_soft_top_fraction_v3_geometry_regularization,2,3,1402210573,0.5,0.5,0.6917606902122497,0.6917379808425903,6,False
35,gated_alive,full,cuda,diagonal_prototype_relu_soft_top_fraction_v3_geometry_regularization,2,4,1402210673,0.75,1.0,0.39901317238807676,0.39846797823905944,13,False
35,gated_alive,full,cuda,diagonal_prototype_relu_soft_top_fraction_v3_geometry_regularization,2,5,1402210773,0.5,0.0,0.7123817873001098,0.7123248052597045,6,False
36,gated_alive,full,cuda,diagonal_prototype_relu_soft_top_fraction_v3_geometry_regularization,0,3,498139453,0.6,1.0,0.39486274576187136,0.39202712202072143,25,False
36,gated_alive,full,cuda,diagonal_prototype_relu_soft_top_fraction_v3_geometry_regularization,0,4,498139553,0.4,0.6666666666666666,0.7032381014823914,0.7031041698455811,8,False
36,gated_alive,full,cuda,diagonal_prototype_relu_soft_top_fraction_v3_geometry_regularization,0,5,498139653,0.8,1.0,0.29654436230659487,0.29219679880142213,22,False
36,gated_alive,full,cuda,diagonal_prototype_relu_soft_top_fraction_v3_geometry_regularization,1,3,498149453,1.0,1.0,0.39187801122665405,0.3912353241443634,14,False
36,gated_alive,full,cuda,diagonal_prototype_relu_soft_top_fraction_v3_geometry_regularization,1,4,498149553,1.0,1.0,0.31295538330078126,0.30916853666305544,32,True
36,gated_alive,full,cuda,diagonal_prototype_relu_soft_top_fraction_v3_geometry_regularization,1,5,498149653,0.4,0.33333333333333337,0.724900372505188,0.7248506026268006,6,False
36,gated_alive,full,cuda,diagonal_prototype_relu_soft_top_fraction_v3_geometry_regularization,2,3,498159453,0.5,0.5,0.6799222457408906,0.6791209709644318,13,False
36,gated_alive,full,cuda,diagonal_prototype_relu_soft_top_fraction_v3_geometry_regularization,2,4,498159553,0.75,1.0,0.25378227479755877,0.24940770670771598,21,False
36,gated_alive,full,cuda,diagonal_prototype_relu_soft_top_fraction_v3_geometry_regularization,2,5,498159653,0.75,1.0,0.6151517748832702,0.6147296547889709,9,False
37,gated_alive,full,cuda,diagonal_prototype_relu_soft_top_fraction_v3_geometry_regularization,0,3,3152197758,0.4,0.3333333333333333,0.7302543196678162,0.7302125368118286,8,False
37,gated_alive,full,cuda,diagonal_prototype_relu_soft_top_fraction_v3_geometry_regularization,0,4,3152197858,0.6,0.6666666666666666,0.6604541945457458,0.6604049015045166,6,False
37,gated_alive,full,cuda,diagonal_prototype_relu_soft_top_fraction_v3_geometry_regularization,0,5,3152197958,0.6,0.3333333333333333,0.701567551612854,0.7014834494590759,6,False
37,gated_alive,full,cuda,diagonal_prototype_relu_soft_top_fraction_v3_geometry_regularization,1,3,3152207758,0.8,0.6666666666666667,0.5456754803061485,0.5449836988449097,12,True
37,gated_alive,full,cuda,diagonal_prototype_relu_soft_top_fraction_v3_geometry_regularization,1,4,3152207858,0.6,0.5,0.7070211381912231,0.7069634408950806,7,False
37,gated_alive,full,cuda,diagonal_prototype_relu_soft_top_fraction_v3_geometry_regularization,1,5,3152207958,0.4,0.16666666666666669,0.716065336227417,0.7160074601173401,7,False
37,gated_alive,full,cuda,diagonal_prototype_relu_soft_top_fraction_v3_geometry_regularization,2,3,3152217758,0.5,0.0,0.72257577419281,0.7224730157852173,6,False
37,gated_alive,full,cuda,diagonal_prototype_relu_soft_top_fraction_v3_geometry_regularization,2,4,3152217858,0.25,0.5,0.6996363592147827,0.6995417666435242,6,False
37,gated_alive,full,cuda,diagonal_prototype_relu_soft_top_fraction_v3_geometry_regularization,2,5,3152217958,0.5,0.5,0.6566737747192383,0.6561583948135375,11,False
38,gated_alive,full,cuda,diagonal_prototype_relu_soft_top_fraction_v3_geometry_regularization,0,3,3325497301,0.4,0.5,0.6937490553855896,0.6925578489303589,15,False
38,gated_alive,full,cuda,diagonal_prototype_relu_soft_top_fraction_v3_geometry_regularization,0,4,3325497401,0.6,0.8333333333333333,0.6847162375450134,0.6846519837379456,6,False
38,gated_alive,full,cuda,diagonal_prototype_relu_soft_top_fraction_v3_geometry_regularization,0,5,3325497501,0.4,0.5,0.7305279040336609,0.7304061913490295,6,False
38,gated_alive,full,cuda,diagonal_prototype_relu_soft_top_fraction_v3_geometry_regularization,1,3,3325507301,0.4,1.0,0.6972974042892456,0.6972340445518493,6,False
38,gated_alive,full,cuda,diagonal_prototype_relu_soft_top_fraction_v3_geometry_regularization,1,4,3325507401,0.8,0.8333333333333334,0.489709543466568,0.48416138732433317,26,True
38,gated_alive,full,cuda,diagonal_prototype_relu_soft_top_fraction_v3_geometry_regularization,1,5,3325507501,0.6,0.6666666666666667,0.6265173940658569,0.6245075368881225,16,False
38,gated_alive,full,cuda,diagonal_prototype_relu_soft_top_fraction_v3_geometry_regularization,2,3,3325517301,0.5,0.75,0.684050977230072,0.6836901903152466,8,False
38,gated_alive,full,cuda,diagonal_prototype_relu_soft_top_fraction_v3_geometry_regularization,2,4,3325517401,0.5,0.75,0.6875410485267639,0.687504391670227,6,False
38,gated_alive,full,cuda,diagonal_prototype_relu_soft_top_fraction_v3_geometry_regularization,2,5,3325517501,0.5,0.25,0.6911754965782165,0.6910165905952453,8,False
39,gated_alive,full,cuda,diagonal_prototype_relu_soft_top_fraction_v3_geometry_regularization,0,3,945472733,0.4,0.5,0.6993486123085022,0.699292405128479,6,False
39,gated_alive,full,cuda,diagonal_prototype_relu_soft_top_fraction_v3_geometry_regularization,0,4,945472833,0.4,0.3333333333333333,0.7210704560279846,0.7209935660362243,6,False
39,gated_alive,full,cuda,diagonal_prototype_relu_soft_top_fraction_v3_geometry_regularization,0,5,945472933,0.8,0.8333333333333333,0.3467330269813538,0.3427257872223854,29,True
39,gated_alive,full,cuda,diagonal_prototype_relu_soft_top_fraction_v3_geometry_regularization,1,3,945482733,0.4,0.5,0.7366363167762756,0.7365364789962768,6,False
39,gated_alive,full,cuda,diagonal_prototype_relu_soft_top_fraction_v3_geometry_regularization,1,4,945482833,0.4,0.5,0.7319788837432861,0.7318314218521118,7,False
39,gated_alive,full,cuda,diagonal_prototype_relu_soft_top_fraction_v3_geometry_regularization,1,5,945482933,0.4,0.5,0.732849588394165,0.7327936196327209,8,False
39,gated_alive,full,cuda,diagonal_prototype_relu_soft_top_fraction_v3_geometry_regularization,2,3,945492733,0.5,0.25,0.6979796433448792,0.6978534603118897,6,False
39,gated_alive,full,cuda,diagonal_prototype_relu_soft_top_fraction_v3_geometry_regularization,2,4,945492833,0.5,0.25,0.6993842053413392,0.6993401575088501,6,False
39,gated_alive,full,cuda,diagonal_prototype_relu_soft_top_fraction_v3_geometry_regularization,2,5,945492933,0.25,0.0,0.7093995118141174,0.7093386554718017,6,False
40,gated_alive,full,cuda,diagonal_prototype_relu_soft_top_fraction_v3_geometry_regularization,0,3,3070822891,0.4,0.5,0.7081004762649536,0.7080556535720826,7,False
40,gated_alive,full,cuda,diagonal_prototype_relu_soft_top_fraction_v3_geometry_regularization,0,4,3070822991,0.6,0.16666666666666666,0.6977797870635987,0.697729540348053,6,False
40,gated_alive,full,cuda,diagonal_prototype_relu_soft_top_fraction_v3_geometry_regularization,0,5,3070823091,0.4,0.3333333333333333,0.739115716457367,0.7389382734298706,7,False
40,gated_alive,full,cuda,diagonal_prototype_relu_soft_top_fraction_v3_geometry_regularization,1,3,3070832891,0.6,0.5,0.6756645898818969,0.6756060581207275,6,False
40,gated_alive,full,cuda,diagonal_prototype_relu_soft_top_fraction_v3_geometry_regularization,1,4,3070832991,0.8,0.5,0.6808380336761475,0.6807320566177368,6,True
40,gated_alive,full,cuda,diagonal_prototype_relu_soft_top_fraction_v3_geometry_regularization,1,5,3070833091,0.2,0.16666666666666669,0.7100517745018006,0.7099822158813477,6,False
40,gated_alive,full,cuda,diagonal_prototype_relu_soft_top_fraction_v3_geometry_regularization,2,3,3070842891,0.5,0.0,0.7024593424797058,0.7023597431182861,6,False
40,gated_alive,full,cuda,diagonal_prototype_relu_soft_top_fraction_v3_geometry_regularization,2,4,3070842991,0.75,0.5,0.6789348936080932,0.6785019254684448,10,False
40,gated_alive,full,cuda,diagonal_prototype_relu_soft_top_fraction_v3_geometry_regularization,2,5,3070843091,0.75,0.5,0.6935478258132934,0.693477611541748,6,False
41,gated_alive,full,cuda,diagonal_prototype_relu_soft_top_fraction_v3_geometry_regularization,0,3,350446306,0.6,0.6666666666666666,0.6681185333728791,0.6677775948047638,9,False
41,gated_alive,full,cuda,diagonal_prototype_relu_soft_top_fraction_v3_geometry_regularization,0,4,350446406,1.0,1.0,0.2497766716480255,0.2477166696637869,18,False
41,gated_alive,full,cuda,diagonal_prototype_relu_soft_top_fraction_v3_geometry_regularization,0,5,350446506,0.4,1.0,0.7081638584136963,0.7081139097213746,6,False
41,gated_alive,full,cuda,diagonal_prototype_relu_soft_top_fraction_v3_geometry_regularization,1,3,350456306,1.0,1.0,0.14344386867433787,0.13583616330474615,58,False
41,gated_alive,full,cuda,diagonal_prototype_relu_soft_top_fraction_v3_geometry_regularization,1,4,350456406,0.4,0.16666666666666669,0.732693796634674,0.7326160125732422,6,False
41,gated_alive,full,cuda,diagonal_prototype_relu_soft_top_fraction_v3_geometry_regularization,1,5,350456506,1.0,1.0,0.10316807175427675,0.0990047549038136,53,True
41,gated_alive,full,cuda,diagonal_prototype_relu_soft_top_fraction_v3_geometry_regularization,2,3,350466306,0.5,0.75,0.6960042071342468,0.6959636163711548,6,False
41,gated_alive,full,cuda,diagonal_prototype_relu_soft_top_fraction_v3_geometry_regularization,2,4,350466406,0.25,0.25,0.6991118025779725,0.6990492177009583,6,False
41,gated_alive,full,cuda,diagonal_prototype_relu_soft_top_fraction_v3_geometry_regularization,2,5,350466506,0.5,0.75,0.6736317777633667,0.6732787990570068,8,False
42,gated_alive,full,cuda,diagonal_prototype_relu_soft_top_fraction_v3_geometry_regularization,0,3,1681874024,0.6,0.8333333333333333,0.6013879730701447,0.6007448244094848,11,False
42,gated_alive,full,cuda,diagonal_prototype_relu_soft_top_fraction_v3_geometry_regularization,0,4,1681874124,0.8,1.0,0.24415142379701138,0.23949387831613422,41,False
42,gated_alive,full,cuda,diagonal_prototype_relu_soft_top_fraction_v3_geometry_regularization,0,5,1681874224,0.8,1.0,0.33424305057525633,0.3278927803039551,28,False
42,gated_alive,full,cuda,diagonal_prototype_relu_soft_top_fraction_v3_geometry_regularization,1,3,1681884024,0.6,0.8333333333333334,0.6705580959320069,0.6705054650306702,6,False
42,gated_alive,full,cuda,diagonal_prototype_relu_soft_top_fraction_v3_geometry_regularization,1,4,1681884124,0.8,0.6666666666666667,0.5787419407367707,0.5778021130561829,13,False
42,gated_alive,full,cuda,diagonal_prototype_relu_soft_top_fraction_v3_geometry_regularization,1,5,1681884224,0.4,0.6666666666666667,0.716604257106781,0.7164740209579468,7,False
42,gated_alive,full,cuda,diagonal_prototype_relu_soft_top_fraction_v3_geometry_regularization,2,3,1681894024,1.0,1.0,0.24626574760302902,0.24002563428133727,54,True
42,gated_alive,full,cuda,diagonal_prototype_relu_soft_top_fraction_v3_geometry_regularization,2,4,1681894124,0.5,0.75,0.6492569851875305,0.6486930060386658,12,False
42,gated_alive,full,cuda,diagonal_prototype_relu_soft_top_fraction_v3_geometry_regularization,2,5,1681894224,0.5,1.0,0.6911008358001709,0.6909496784210205,6,False
43,gated_alive,full,cuda,diagonal_prototype_relu_soft_top_fraction_v3_geometry_regularization,0,3,686746676,0.6,0.5,0.6779793109893799,0.6777235329151153,9,False
43,gated_alive,full,cuda,diagonal_prototype_relu_soft_top_fraction_v3_geometry_regularization,0,4,686746776,0.4,0.3333333333333333,0.7427620930671692,0.7427105946540833,6,False
43,gated_alive,full,cuda,diagonal_prototype_relu_soft_top_fraction_v3_geometry_regularization,0,5,686746876,0.4,0.5,0.7113062086105346,0.7112388553619384,6,False
43,gated_alive,full,cuda,diagonal_prototype_relu_soft_top_fraction_v3_geometry_regularization,1,3,686756676,0.4,0.6666666666666667,0.7059190683364868,0.7058295421600341,6,False
43,gated_alive,full,cuda,diagonal_prototype_relu_soft_top_fraction_v3_geometry_regularization,1,4,686756776,0.6,0.8333333333333334,0.6471097810268402,0.6466926692724227,11,False
43,gated_alive,full,cuda,diagonal_prototype_relu_soft_top_fraction_v3_geometry_regularization,1,5,686756876,0.8,1.0,0.2588568748235702,0.25737963646650314,15,True
43,gated_alive,full,cuda,diagonal_prototype_relu_soft_top_fraction_v3_geometry_regularization,2,3,686766676,0.5,0.0,0.6991701030731201,0.6991171741485596,7,False
43,gated_alive,full,cuda,diagonal_prototype_relu_soft_top_fraction_v3_geometry_regularization,2,4,686766776,0.25,0.0,0.7223106026649475,0.7222408056259155,6,False
43,gated_alive,full,cuda,diagonal_prototype_relu_soft_top_fraction_v3_geometry_regularization,2,5,686766876,0.5,0.5,0.6854028749465942,0.685384635925293,6,False
44,gated_alive,full,cuda,diagonal_prototype_relu_soft_top_fraction_v3_geometry_regularization,0,3,3195502465,1.0,1.0,0.26334232616424563,0.2588915627002716,42,True
44,gated_alive,full,cuda,diagonal_prototype_relu_soft_top_fraction_v3_geometry_regularization,0,4,3195502565,0.8,1.0,0.35642174315452574,0.3518402147293091,33,False
44,gated_alive,full,cuda,diagonal_prototype_relu_soft_top_fraction_v3_geometry_regularization,0,5,3195502665,0.8,1.0,0.5855892972946167,0.5841375069618225,14,False
44,gated_alive,full,cuda,diagonal_prototype_relu_soft_top_fraction_v3_geometry_regularization,1,3,3195512465,0.4,0.6666666666666667,0.6931731948852539,0.6925474088191986,21,False
44,gated_alive,full,cuda,diagonal_prototype_relu_soft_top_fraction_v3_geometry_regularization,1,4,3195512565,0.6,0.6666666666666667,0.5490144009590149,0.5478358988761902,14,False
44,gated_alive,full,cuda,diagonal_prototype_relu_soft_top_fraction_v3_geometry_regularization,1,5,3195512665,0.6,0.5,0.6871566615104675,0.6870573601722717,6,False
44,gated_alive,full,cuda,diagonal_prototype_relu_soft_top_fraction_v3_geometry_regularization,2,3,3195522465,0.75,1.0,0.2785319875925779,0.27456376515328884,22,False
44,gated_alive,full,cuda,diagonal_prototype_relu_soft_top_fraction_v3_geometry_regularization,2,4,3195522565,0.25,0.5,0.64803475856781,0.6461360025405883,16,False
44,gated_alive,full,cuda,diagonal_prototype_relu_soft_top_fraction_v3_geometry_regularization,2,5,3195522665,0.5,0.25,0.6934735417366028,0.6934487462043762,9,False
45,gated_alive,full,cuda,diagonal_prototype_relu_soft_top_fraction_v3_geometry_regularization,0,3,1460719470,0.4,0.5,0.7222291021347046,0.7221095352172852,8,False
45,gated_alive,full,cuda,diagonal_prototype_relu_soft_top_fraction_v3_geometry_regularization,0,4,1460719570,0.4,0.5,0.7272115621566773,0.7271428380012512,6,False
45,gated_alive,full,cuda,diagonal_prototype_relu_soft_top_fraction_v3_geometry_regularization,0,5,1460719670,0.2,0.3333333333333333,0.76310040807724,0.7629950866699219,6,False
45,gated_alive,full,cuda,diagonal_prototype_relu_soft_top_fraction_v3_geometry_regularization,1,3,1460729470,0.4,0.33333333333333337,0.7321833438873291,0.7320782608985901,6,False
45,gated_alive,full,cuda,diagonal_prototype_relu_soft_top_fraction_v3_geometry_regularization,1,4,1460729570,0.4,0.6666666666666667,0.753976095199585,0.7538411540985107,6,False
45,gated_alive,full,cuda,diagonal_prototype_relu_soft_top_fraction_v3_geometry_regularization,1,5,1460729670,0.4,0.5,0.708321117401123,0.7082128157615661,6,False
45,gated_alive,full,cuda,diagonal_prototype_relu_soft_top_fraction_v3_geometry_regularization,2,3,1460739470,0.75,0.5,0.6383393955230713,0.6374707961082459,17,False
45,gated_alive,full,cuda,diagonal_prototype_relu_soft_top_fraction_v3_geometry_regularization,2,4,1460739570,0.75,1.0,0.66399174451828,0.6638913106918335,8,True
45,gated_alive,full,cuda,diagonal_prototype_relu_soft_top_fraction_v3_geometry_regularization,2,5,1460739670,0.75,0.75,0.6464734816551209,0.6458786273002625,10,False
46,gated_alive,full,cuda,diagonal_prototype_relu_soft_top_fraction_v3_geometry_regularization,0,3,2033282304,0.4,0.16666666666666666,0.7056971349716187,0.7055841245651245,6,False
46,gated_alive,full,cuda,diagonal_prototype_relu_soft_top_fraction_v3_geometry_regularization,0,4,2033282404,0.4,0.16666666666666666,0.7207770533561707,0.7207439727783204,6,False
46,gated_alive,full,cuda,diagonal_prototype_relu_soft_top_fraction_v3_geometry_regularization,0,5,2033282504,0.8,1.0,0.382858464717865,0.38212975496053697,12,False
46,gated_alive,full,cuda,diagonal_prototype_relu_soft_top_fraction_v3_geometry_regularization,1,3,2033292304,1.0,1.0,0.06676761765778065,0.06283110198378562,36,True
46,gated_alive,full,cuda,diagonal_prototype_relu_soft_top_fraction_v3_geometry_regularization,1,4,2033292404,0.6,0.6666666666666667,0.6381551418304443,0.6374110263586045,14,False
46,gated_alive,full,cuda,diagonal_prototype_relu_soft_top_fraction_v3_geometry_regularization,1,5,2033292504,0.8,1.0,0.37966412407904865,0.376637288980186,19,False
46,gated_alive,full,cuda,diagonal_prototype_relu_soft_top_fraction_v3_geometry_regularization,2,3,2033302304,0.5,0.25,0.7023125767707825,0.7022584557533265,6,False
46,gated_alive,full,cuda,diagonal_prototype_relu_soft_top_fraction_v3_geometry_regularization,2,4,2033302404,1.0,1.0,0.2925347580015659,0.29171219080686567,12,False
46,gated_alive,full,cuda,diagonal_prototype_relu_soft_top_fraction_v3_geometry_regularization,2,5,2033302504,0.5,0.25,0.7034744215011597,0.7033727955818176,7,False
47,gated_alive,full,cuda,diagonal_prototype_relu_soft_top_fraction_v3_geometry_regularization,0,3,1997989680,0.4,0.5,0.6984708266258239,0.6984104471206665,6,False
47,gated_alive,full,cuda,diagonal_prototype_relu_soft_top_fraction_v3_geometry_regularization,0,4,1997989780,0.8,1.0,0.37371906208992006,0.3711668243408203,23,False
47,gated_alive,full,cuda,diagonal_prototype_relu_soft_top_fraction_v3_geometry_regularization,0,5,1997989880,0.4,0.6666666666666666,0.7477474870681763,0.7476109404563904,7,False
47,gated_alive,full,cuda,diagonal_prototype_relu_soft_top_fraction_v3_geometry_regularization,1,3,1997999680,0.4,0.5,0.7077147216796875,0.7076057047843933,6,False
47,gated_alive,full,cuda,diagonal_prototype_relu_soft_top_fraction_v3_geometry_regularization,1,4,1997999780,1.0,1.0,0.1833575371056795,0.1766611046642065,100,True
47,gated_alive,full,cuda,diagonal_prototype_relu_soft_top_fraction_v3_geometry_regularization,1,5,1997999880,0.6,0.6666666666666667,0.6574902176856995,0.656100159406662,14,False
47,gated_alive,full,cuda,diagonal_prototype_relu_soft_top_fraction_v3_geometry_regularization,2,3,1998009680,1.0,1.0,0.20628434270620347,0.2047636803984642,17,False
47,gated_alive,full,cuda,diagonal_prototype_relu_soft_top_fraction_v3_geometry_regularization,2,4,1998009780,0.25,0.25,0.7051827669143677,0.7050559282302856,7,False
47,gated_alive,full,cuda,diagonal_prototype_relu_soft_top_fraction_v3_geometry_regularization,2,5,1998009880,0.25,0.25,0.7328617358207703,0.7327325129508973,6,False
48,gated_alive,full,cuda,diagonal_prototype_relu_soft_top_fraction_v3_geometry_regularization,0,3,2042481786,0.6,0.6666666666666667,0.680905773639679,0.680856420993805,6,False
48,gated_alive,full,cuda,diagonal_prototype_relu_soft_top_fraction_v3_geometry_regularization,0,4,2042481886,0.6,0.6666666666666667,0.7084239311218262,0.7082534618377686,8,False
48,gated_alive,full,cuda,diagonal_prototype_relu_soft_top_fraction_v3_geometry_regularization,0,5,2042481986,0.4,0.6666666666666667,0.7268556003570557,0.7267893199920654,6,False
48,gated_alive,full,cuda,diagonal_prototype_relu_soft_top_fraction_v3_geometry_regularization,1,3,2042491786,0.4,0.3333333333333333,0.7335240569114685,0.7334704723358154,7,False
48,gated_alive,full,cuda,diagonal_prototype_relu_soft_top_fraction_v3_geometry_regularization,1,4,2042491886,0.4,0.0,0.7430057520866394,0.7428871388435364,6,False
48,gated_alive,full,cuda,diagonal_prototype_relu_soft_top_fraction_v3_geometry_regularization,1,5,2042491986,0.2,0.5,0.7020971875190735,0.7020754914283752,6,False
48,gated_alive,full,cuda,diagonal_prototype_relu_soft_top_fraction_v3_geometry_regularization,2,3,2042501786,0.5,0.5,0.6930295586585998,0.6929725170135498,7,False
48,gated_alive,full,cuda,diagonal_prototype_relu_soft_top_fraction_v3_geometry_regularization,2,4,2042501886,0.5,0.5,0.6926088976860046,0.6924709725379944,8,False
48,gated_alive,full,cuda,diagonal_prototype_relu_soft_top_fraction_v3_geometry_regularization,2,5,2042501986,0.75,0.5,0.6855181050300598,0.6854165983200073,6,True
49,gated_alive,full,cuda,diagonal_prototype_relu_soft_top_fraction_v3_geometry_regularization,0,3,1144269902,0.4,0.3333333333333333,0.7026662669181823,0.7025827012062072,6,False
49,gated_alive,full,cuda,diagonal_prototype_relu_soft_top_fraction_v3_geometry_regularization,0,4,1144270002,0.6,0.16666666666666666,0.6878593544960022,0.6877779941558838,6,False
49,gated_alive,full,cuda,diagonal_prototype_relu_soft_top_fraction_v3_geometry_regularization,0,5,1144270102,0.6,0.6666666666666666,0.6966946144104004,0.6966530103683471,6,False
49,gated_alive,full,cuda,diagonal_prototype_relu_soft_top_fraction_v3_geometry_regularization,1,3,1144279902,0.4,0.33333333333333337,0.7373174395561218,0.7372524108886719,6,False
49,gated_alive,full,cuda,diagonal_prototype_relu_soft_top_fraction_v3_geometry_regularization,1,4,1144280002,0.4,0.33333333333333337,0.7144337940216064,0.7143823552131653,6,False
49,gated_alive,full,cuda,diagonal_prototype_relu_soft_top_fraction_v3_geometry_regularization,1,5,1144280102,1.0,1.0,0.07499827787280083,0.06978377897944302,53,True
49,gated_alive,full,cuda,diagonal_prototype_relu_soft_top_fraction_v3_geometry_regularization,2,3,1144289902,0.0,0.0,0.7078354215621948,0.7077416038513183,6,False
49,gated_alive,full,cuda,diagonal_prototype_relu_soft_top_fraction_v3_geometry_regularization,2,4,1144290002,0.25,0.0,0.7444273710250855,0.7443273544311524,6,False
49,gated_alive,full,cuda,diagonal_prototype_relu_soft_top_fraction_v3_geometry_regularization,2,5,1144290102,0.75,0.5,0.6939117598533631,0.6938185381889344,6,False
50,gated_alive,full,cuda,diagonal_prototype_relu_soft_top_fraction_v3_geometry_regularization,0,3,2396799822,0.6,1.0,0.6729074821472169,0.6728900775909424,7,False
50,gated_alive,full,cuda,diagonal_prototype_relu_soft_top_fraction_v3_geometry_regularization,0,4,2396799922,0.6,0.5,0.6902434601783752,0.6901851668357849,6,False
50,gated_alive,full,cuda,diagonal_prototype_relu_soft_top_fraction_v3_geometry_regularization,0,5,2396800022,0.8,0.5,0.6809211344718933,0.6807567448616028,7,True
50,gated_alive,full,cuda,diagonal_prototype_relu_soft_top_fraction_v3_geometry_regularization,1,3,2396809822,0.4,0.33333333333333337,0.7444328722953797,0.7443609294891358,6,False
50,gated_alive,full,cuda,diagonal_prototype_relu_soft_top_fraction_v3_geometry_regularization,1,4,2396809922,0.6,0.5,0.6801678252220154,0.6801100087165832,6,False
50,gated_alive,full,cuda,diagonal_prototype_relu_soft_top_fraction_v3_geometry_regularization,1,5,2396810022,0.4,0.5,0.7137325010299682,0.71365638589859,6,False
50,gated_alive,full,cuda,diagonal_prototype_relu_soft_top_fraction_v3_geometry_regularization,2,3,2396819822,0.5,0.25,0.7057347345352173,0.7056707191467285,6,False
50,gated_alive,full,cuda,diagonal_prototype_relu_soft_top_fraction_v3_geometry_regularization,2,4,2396819922,0.5,0.75,0.6922794270515442,0.6921630191802979,6,False
50,gated_alive,full,cuda,diagonal_prototype_relu_soft_top_fraction_v3_geometry_regularization,2,5,2396820022,0.25,0.0,0.7204483985900879,0.7203855752944947,6,False
51,gated_alive,full,cuda,diagonal_prototype_relu_soft_top_fraction_v3_geometry_regularization,0,3,3503733272,0.4,0.5,0.7222026267051697,0.7220886030197143,7,False
51,gated_alive,full,cuda,diagonal_prototype_relu_soft_top_fraction_v3_geometry_regularization,0,4,3503733372,0.6,0.3333333333333333,0.6923771224021912,0.692283483505249,6,False
51,gated_alive,full,cuda,diagonal_prototype_relu_soft_top_fraction_v3_geometry_regularization,0,5,3503733472,0.4,0.0,0.7292326583862304,0.7291567816734313,6,False
51,gated_alive,full,cuda,diagonal_prototype_relu_soft_top_fraction_v3_geometry_regularization,1,3,3503743272,0.4,0.6666666666666667,0.7210067539215088,0.7209711699485779,6,False
51,gated_alive,full,cuda,diagonal_prototype_relu_soft_top_fraction_v3_geometry_regularization,1,4,3503743372,0.4,0.16666666666666669,0.7284936065673828,0.7284179086685181,9,False
51,gated_alive,full,cuda,diagonal_prototype_relu_soft_top_fraction_v3_geometry_regularization,1,5,3503743472,0.8,0.8333333333333334,0.39497890663146973,0.38843014907836915,33,True
51,gated_alive,full,cuda,diagonal_prototype_relu_soft_top_fraction_v3_geometry_regularization,2,3,3503753272,0.5,1.0,0.6862736654281616,0.6861829471588134,6,False
51,gated_alive,full,cuda,diagonal_prototype_relu_soft_top_fraction_v3_geometry_regularization,2,4,3503753372,0.5,0.0,0.7242249536514282,0.7241077709197998,6,False
51,gated_alive,full,cuda,diagonal_prototype_relu_soft_top_fraction_v3_geometry_regularization,2,5,3503753472,0.25,0.0,0.7107979631423951,0.7107159471511841,6,False
52,gated_alive,full,cuda,diagonal_prototype_relu_soft_top_fraction_v3_geometry_regularization,0,3,2141779727,0.2,0.3333333333333333,0.769166241645813,0.7690196142196656,6,False
52,gated_alive,full,cuda,diagonal_prototype_relu_soft_top_fraction_v3_geometry_regularization,0,4,2141779827,0.6,0.3333333333333333,0.6929602227210998,0.6928634247779846,6,False
52,gated_alive,full,cuda,diagonal_prototype_relu_soft_top_fraction_v3_geometry_regularization,0,5,2141779927,0.4,0.3333333333333333,0.7755068483352661,0.7753881754875183,6,False
52,gated_alive,full,cuda,diagonal_prototype_relu_soft_top_fraction_v3_geometry_regularization,1,3,2141789727,0.6,0.5,0.6729300107955932,0.6728223090171814,6,False
52,gated_alive,full,cuda,diagonal_prototype_relu_soft_top_fraction_v3_geometry_regularization,1,4,2141789827,0.4,0.5,0.7245004372596741,0.7240754637718201,13,False
52,gated_alive,full,cuda,diagonal_prototype_relu_soft_top_fraction_v3_geometry_regularization,1,5,2141789927,0.4,0.5,0.6894104237556458,0.6883944530487061,12,False
52,gated_alive,full,cuda,diagonal_prototype_relu_soft_top_fraction_v3_geometry_regularization,2,3,2141799727,1.0,1.0,0.32408097296953203,0.3223486286401749,14,True
52,gated_alive,full,cuda,diagonal_prototype_relu_soft_top_fraction_v3_geometry_regularization,2,4,2141799827,0.75,0.5,0.6801994013786316,0.6800219583511352,9,False
52,gated_alive,full,cuda,diagonal_prototype_relu_soft_top_fraction_v3_geometry_regularization,2,5,2141799927,0.75,0.75,0.5578393566608429,0.5571872818470002,10,False
53,gated_alive,full,cuda,diagonal_prototype_relu_soft_top_fraction_v3_geometry_regularization,0,3,830193379,0.4,0.16666666666666666,0.7260123634338379,0.7259490036964417,6,False
53,gated_alive,full,cuda,diagonal_prototype_relu_soft_top_fraction_v3_geometry_regularization,0,4,830193479,0.4,0.8333333333333333,0.7114368100166321,0.7114129085540771,6,False
53,gated_alive,full,cuda,diagonal_prototype_relu_soft_top_fraction_v3_geometry_regularization,0,5,830193579,0.4,1.0,0.6984581365585327,0.6984183206558228,6,False
53,gated_alive,full,cuda,diagonal_prototype_relu_soft_top_fraction_v3_geometry_regularization,1,3,830203379,0.4,0.33333333333333337,0.7980526309013367,0.797947413444519,6,False
53,gated_alive,full,cuda,diagonal_prototype_relu_soft_top_fraction_v3_geometry_regularization,1,4,830203479,0.4,0.33333333333333337,0.7214845876693725,0.7214103798866272,6,False
53,gated_alive,full,cuda,diagonal_prototype_relu_soft_top_fraction_v3_geometry_regularization,1,5,830203579,0.4,0.33333333333333337,0.732344651222229,0.7322621583938599,6,False
53,gated_alive,full,cuda,diagonal_prototype_relu_soft_top_fraction_v3_geometry_regularization,2,3,830213379,1.0,1.0,0.0658659140765667,0.05721055965404957,47,False
53,gated_alive,full,cuda,diagonal_prototype_relu_soft_top_fraction_v3_geometry_regularization,2,4,830213479,1.0,1.0,0.026826718971133232,0.010449936501681805,69,True
53,gated_alive,full,cuda,diagonal_prototype_relu_soft_top_fraction_v3_geometry_regularization,2,5,830213579,1.0,1.0,0.029464982114732266,0.015668554915464483,64,False
54,gated_alive,full,cuda,diagonal_prototype_relu_soft_top_fraction_v3_geometry_regularization,0,3,104832771,0.0,0.0,0.7689259262084961,0.7688448042869568,6,False
54,gated_alive,full,cuda,diagonal_prototype_relu_soft_top_fraction_v3_geometry_regularization,0,4,104832871,0.6,1.0,0.6570607223510743,0.6569554009437562,6,False
54,gated_alive,full,cuda,diagonal_prototype_relu_soft_top_fraction_v3_geometry_regularization,0,5,104832971,0.8,0.8333333333333333,0.6729114074707031,0.6728326697349548,6,False
54,gated_alive,full,cuda,diagonal_prototype_relu_soft_top_fraction_v3_geometry_regularization,1,3,104842771,0.4,0.16666666666666669,0.7316104097366333,0.7315463943481445,6,False
54,gated_alive,full,cuda,diagonal_prototype_relu_soft_top_fraction_v3_geometry_regularization,1,4,104842871,0.4,1.0,0.7123519368171692,0.7123192734718323,6,False
54,gated_alive,full,cuda,diagonal_prototype_relu_soft_top_fraction_v3_geometry_regularization,1,5,104842971,0.4,0.16666666666666669,0.7202158436775208,0.720101402759552,6,False
54,gated_alive,full,cuda,diagonal_prototype_relu_soft_top_fraction_v3_geometry_regularization,2,3,104852771,0.5,0.0,0.698126094341278,0.6980928945541381,6,False
54,gated_alive,full,cuda,diagonal_prototype_relu_soft_top_fraction_v3_geometry_regularization,2,4,104852871,1.0,1.0,0.10722754314541817,0.10578992735594511,18,True
54,gated_alive,full,cuda,diagonal_prototype_relu_soft_top_fraction_v3_geometry_regularization,2,5,104852971,0.5,0.5,0.7022341871261597,0.702114679813385,7,False
55,gated_alive,full,cuda,diagonal_prototype_relu_soft_top_fraction_v3_geometry_regularization,0,3,556065747,0.6,0.8333333333333333,0.6726681833267212,0.672587836265564,6,False
55,gated_alive,full,cuda,diagonal_prototype_relu_soft_top_fraction_v3_geometry_regularization,0,4,556065847,0.2,0.16666666666666666,0.7044363164901734,0.7043700957298279,6,False
55,gated_alive,full,cuda,diagonal_prototype_relu_soft_top_fraction_v3_geometry_regularization,0,5,556065947,1.0,1.0,0.15717597368359565,0.15094309939071537,32,False
55,gated_alive,full,cuda,diagonal_prototype_relu_soft_top_fraction_v3_geometry_regularization,1,3,556075747,0.4,0.16666666666666669,0.737510217666626,0.7374034657478332,6,False
55,gated_alive,full,cuda,diagonal_prototype_relu_soft_top_fraction_v3_geometry_regularization,1,4,556075847,0.4,0.0,0.75937197971344,0.7592862682342529,6,False
55,gated_alive,full,cuda,diagonal_prototype_relu_soft_top_fraction_v3_geometry_regularization,1,5,556075947,0.4,0.33333333333333337,0.7178400239944458,0.7177704057693481,7,False
55,gated_alive,full,cuda,diagonal_prototype_relu_soft_top_fraction_v3_geometry_regularization,2,3,556085747,1.0,1.0,0.09175174839794636,0.08786438046954573,100,True
55,gated_alive,full,cuda,diagonal_prototype_relu_soft_top_fraction_v3_geometry_regularization,2,4,556085847,1.0,1.0,0.14426244787871836,0.1383224850264378,55,False
55,gated_alive,full,cuda,diagonal_prototype_relu_soft_top_fraction_v3_geometry_regularization,2,5,556085947,0.5,0.75,0.5725906771421433,0.5684541177749634,20,False
56,gated_alive,full,cuda,diagonal_prototype_relu_soft_top_fraction_v3_geometry_regularization,0,3,349892616,0.8,0.6666666666666666,0.7056571807861328,0.7051618661880493,12,True
56,gated_alive,full,cuda,diagonal_prototype_relu_soft_top_fraction_v3_geometry_regularization,0,4,349892716,0.4,0.3333333333333333,0.7222655644416809,0.7221600046157837,6,False
56,gated_alive,full,cuda,diagonal_prototype_relu_soft_top_fraction_v3_geometry_regularization,0,5,349892816,0.4,0.3333333333333333,0.7293326621055602,0.7292606596946716,6,False
56,gated_alive,full,cuda,diagonal_prototype_relu_soft_top_fraction_v3_geometry_regularization,1,3,349902616,0.6,0.8333333333333334,0.6726873993873597,0.6726140260696412,7,False
56,gated_alive,full,cuda,diagonal_prototype_relu_soft_top_fraction_v3_geometry_regularization,1,4,349902716,0.6,0.33333333333333337,0.692116117477417,0.6920682549476623,6,False
56,gated_alive,full,cuda,diagonal_prototype_relu_soft_top_fraction_v3_geometry_regularization,1,5,349902816,0.4,0.6666666666666667,0.7181634287834168,0.7180627565383911,10,False
56,gated_alive,full,cuda,diagonal_prototype_relu_soft_top_fraction_v3_geometry_regularization,2,3,349912616,0.5,1.0,0.6904309272766114,0.690287458896637,8,False
56,gated_alive,full,cuda,diagonal_prototype_relu_soft_top_fraction_v3_geometry_regularization,2,4,349912716,0.5,0.5,0.6945960927009582,0.6945441770553589,6,False
56,gated_alive,full,cuda,diagonal_prototype_relu_soft_top_fraction_v3_geometry_regularization,2,5,349912816,0.75,0.75,0.6805727338790893,0.6805105662345886,6,False
57,gated_alive,full,cuda,diagonal_prototype_relu_soft_top_fraction_v3_geometry_regularization,0,3,393697409,0.6,0.6666666666666666,0.6895046076774597,0.6894497117996216,6,False
57,gated_alive,full,cuda,diagonal_prototype_relu_soft_top_fraction_v3_geometry_regularization,0,4,393697509,0.6,0.5,0.678312967300415,0.6782150964736938,6,False
57,gated_alive,full,cuda,diagonal_prototype_relu_soft_top_fraction_v3_geometry_regularization,0,5,393697609,0.6,0.0,0.6892180471420288,0.6891101627349854,6,False
57,gated_alive,full,cuda,diagonal_prototype_relu_soft_top_fraction_v3_geometry_regularization,1,3,393707409,0.8,1.0,0.3635652440190315,0.3604744527935982,32,False
57,gated_alive,full,cuda,diagonal_prototype_relu_soft_top_fraction_v3_geometry_regularization,1,4,393707509,0.8,1.0,0.3306784247159958,0.32817610213160514,23,False
57,gated_alive,full,cuda,diagonal_prototype_relu_soft_top_fraction_v3_geometry_regularization,1,5,393707609,0.6,0.6666666666666667,0.6815085434913635,0.6814154410362243,6,False
57,gated_alive,full,cuda,diagonal_prototype_relu_soft_top_fraction_v3_geometry_regularization,2,3,393717409,1.0,1.0,0.022953091412782668,0.008950734836980273,100,False
57,gated_alive,full,cuda,diagonal_prototype_relu_soft_top_fraction_v3_geometry_regularization,2,4,393717509,1.0,1.0,0.011633070670068264,0.0017135429033078254,100,False
57,gated_alive,full,cuda,diagonal_prototype_relu_soft_top_fraction_v3_geometry_regularization,2,5,393717609,1.0,1.0,0.0065547415055334565,0.0005643922113716116,100,True
58,gated_alive,full,cuda,diagonal_prototype_relu_soft_top_fraction_v3_geometry_regularization,0,3,526062120,0.6,0.5,0.6739570317268372,0.6738022980690003,6,False
58,gated_alive,full,cuda,diagonal_prototype_relu_soft_top_fraction_v3_geometry_regularization,0,4,526062220,0.4,0.3333333333333333,0.740353033542633,0.7403163170814514,6,False
58,gated_alive,full,cuda,diagonal_prototype_relu_soft_top_fraction_v3_geometry_regularization,0,5,526062320,0.4,0.16666666666666666,0.7126685056686402,0.7126025233268738,7,False
58,gated_alive,full,cuda,diagonal_prototype_relu_soft_top_fraction_v3_geometry_regularization,1,3,526072120,0.6,0.33333333333333337,0.6837844119071961,0.6837091908454895,6,False
58,gated_alive,full,cuda,diagonal_prototype_relu_soft_top_fraction_v3_geometry_regularization,1,4,526072220,0.4,0.8333333333333334,0.7037374830245972,0.7036625003814697,6,False
58,gated_alive,full,cuda,diagonal_prototype_relu_soft_top_fraction_v3_geometry_regularization,1,5,526072320,0.4,0.16666666666666669,0.7336914486885071,0.733589584350586,6,False
58,gated_alive,full,cuda,diagonal_prototype_relu_soft_top_fraction_v3_geometry_regularization,2,3,526082120,0.5,0.0,0.7173218703269959,0.7172285890579224,7,False
58,gated_alive,full,cuda,diagonal_prototype_relu_soft_top_fraction_v3_geometry_regularization,2,4,526082220,0.5,0.75,0.5554718708992005,0.5542275047302246,14,False
58,gated_alive,full,cuda,diagonal_prototype_relu_soft_top_fraction_v3_geometry_regularization,2,5,526082320,1.0,1.0,0.2613379955291748,0.24990618228912354,36,True
59,gated_alive,full,cuda,diagonal_prototype_relu_soft_top_fraction_v3_geometry_regularization,0,3,2570830342,0.4,1.0,0.6767629823684692,0.6762153944969177,14,False
59,gated_alive,full,cuda,diagonal_prototype_relu_soft_top_fraction_v3_geometry_regularization,0,4,2570830442,0.4,0.3333333333333333,0.7769533543586731,0.7768422551155091,6,False
59,gated_alive,full,cuda,diagonal_prototype_relu_soft_top_fraction_v3_geometry_regularization,0,5,2570830542,0.4,0.6666666666666666,0.7431434712409973,0.7430544219017029,6,False
59,gated_alive,full,cuda,diagonal_prototype_relu_soft_top_fraction_v3_geometry_regularization,1,3,2570840342,0.4,0.16666666666666669,0.7309097604751587,0.7308595733642578,6,False
59,gated_alive,full,cuda,diagonal_prototype_relu_soft_top_fraction_v3_geometry_regularization,1,4,2570840442,0.8,0.6666666666666667,0.6862738409042358,0.6861447968482971,6,True
59,gated_alive,full,cuda,diagonal_prototype_relu_soft_top_fraction_v3_geometry_regularization,1,5,2570840542,0.4,0.6666666666666667,0.716408392906189,0.716269871711731,6,False
59,gated_alive,full,cuda,diagonal_prototype_relu_soft_top_fraction_v3_geometry_regularization,2,3,2570850342,0.5,0.0,0.7432969617843628,0.7432004022598266,6,False
59,gated_alive,full,cuda,diagonal_prototype_relu_soft_top_fraction_v3_geometry_regularization,2,4,2570850442,0.5,0.5,0.6927321696281433,0.6926766777038574,6,False
59,gated_alive,full,cuda,diagonal_prototype_relu_soft_top_fraction_v3_geometry_regularization,2,5,2570850542,0.25,0.5,0.7339947271347046,0.733905200958252,6,False
60,gated_alive,full,cuda,diagonal_prototype_relu_soft_top_fraction_v3_geometry_regularization,0,3,3466447190,0.6,0.5,0.7092762870788574,0.7088873071670532,10,False
60,gated_alive,full,cuda,diagonal_prototype_relu_soft_top_fraction_v3_geometry_regularization,0,4,3466447290,0.6,0.6666666666666666,0.6218449449539185,0.6199383172988892,14,False
60,gated_alive,full,cuda,diagonal_prototype_relu_soft_top_fraction_v3_geometry_regularization,0,5,3466447390,0.4,0.6666666666666666,0.6570471889972687,0.6565652854442596,11,False
60,gated_alive,full,cuda,diagonal_prototype_relu_soft_top_fraction_v3_geometry_regularization,1,3,3466457190,0.6,0.5,0.6840327224731445,0.6839933834075927,6,False
60,gated_alive,full,cuda,diagonal_prototype_relu_soft_top_fraction_v3_geometry_regularization,1,4,3466457290,0.4,0.33333333333333337,0.7285545454025268,0.7285063252449036,6,False
60,gated_alive,full,cuda,diagonal_prototype_relu_soft_top_fraction_v3_geometry_regularization,1,5,3466457390,0.8,0.6666666666666667,0.6735423049926758,0.6734539113044739,6,False
60,gated_alive,full,cuda,diagonal_prototype_relu_soft_top_fraction_v3_geometry_regularization,2,3,3466467190,0.75,0.75,0.6882205080986022,0.688192970752716,7,False
60,gated_alive,full,cuda,diagonal_prototype_relu_soft_top_fraction_v3_geometry_regularization,2,4,3466467290,0.25,0.0,0.6992320561408997,0.6992092275619507,6,False
60,gated_alive,full,cuda,diagonal_prototype_relu_soft_top_fraction_v3_geometry_regularization,2,5,3466467390,1.0,1.0,0.20441403105854988,0.19971547987312077,22,True
61,gated_alive,full,cuda,diagonal_prototype_relu_soft_top_fraction_v3_geometry_regularization,0,3,3671088824,0.6,0.8333333333333333,0.6653680090904236,0.6652713303565979,6,False
61,gated_alive,full,cuda,diagonal_prototype_relu_soft_top_fraction_v3_geometry_regularization,0,4,3671088924,0.8,1.0,0.30444637578725814,0.3024597732722759,30,True
61,gated_alive,full,cuda,diagonal_prototype_relu_soft_top_fraction_v3_geometry_regularization,0,5,3671089024,0.4,0.6666666666666666,0.7091688437461853,0.7090689463615417,6,False
61,gated_alive,full,cuda,diagonal_prototype_relu_soft_top_fraction_v3_geometry_regularization,1,3,3671098824,0.6,0.8333333333333334,0.49424191731214523,0.4927629600763321,17,False
61,gated_alive,full,cuda,diagonal_prototype_relu_soft_top_fraction_v3_geometry_regularization,1,4,3671098924,0.8,1.0,0.36427836716175077,0.3611580017209053,27,False
61,gated_alive,full,cuda,diagonal_prototype_relu_soft_top_fraction_v3_geometry_regularization,1,5,3671099024,0.6,1.0,0.4894238643050194,0.48674759894609454,16,False
61,gated_alive,full,cuda,diagonal_prototype_relu_soft_top_fraction_v3_geometry_regularization,2,3,3671108824,0.5,0.75,0.6593560910224915,0.6591535544395447,10,False
61,gated_alive,full,cuda,diagonal_prototype_relu_soft_top_fraction_v3_geometry_regularization,2,4,3671108924,0.75,1.0,0.3234459465742111,0.32100708365440367,16,False
61,gated_alive,full,cuda,diagonal_prototype_relu_soft_top_fraction_v3_geometry_regularization,2,5,3671109024,0.5,0.75,0.6073789978027344,0.6058038854598999,14,False
62,gated_alive,full,cuda,diagonal_prototype_relu_soft_top_fraction_v3_geometry_regularization,0,3,2806374241,0.6,0.5,0.6812283096313476,0.6811176834106445,6,False
62,gated_alive,full,cuda,diagonal_prototype_relu_soft_top_fraction_v3_geometry_regularization,0,4,2806374341,0.8,1.0,0.43208174806833266,0.42984861516952516,17,True
62,gated_alive,full,cuda,diagonal_prototype_relu_soft_top_fraction_v3_geometry_regularization,0,5,2806374441,0.4,0.6666666666666666,0.6284301362037659,0.6280613026618957,11,False
62,gated_alive,full,cuda,diagonal_prototype_relu_soft_top_fraction_v3_geometry_regularization,1,3,2806384241,0.4,0.33333333333333337,0.7113761415481568,0.7111984004974365,9,False
62,gated_alive,full,cuda,diagonal_prototype_relu_soft_top_fraction_v3_geometry_regularization,1,4,2806384341,0.4,0.8333333333333334,0.7031673307418823,0.7031318063735962,6,False
62,gated_alive,full,cuda,diagonal_prototype_relu_soft_top_fraction_v3_geometry_regularization,1,5,2806384441,0.4,0.33333333333333337,0.7510684924125671,0.7509760456085205,6,False
62,gated_alive,full,cuda,diagonal_prototype_relu_soft_top_fraction_v3_geometry_regularization,2,3,2806394241,0.25,0.25,0.7125058197975158,0.7124312543869018,7,False
62,gated_alive,full,cuda,diagonal_prototype_relu_soft_top_fraction_v3_geometry_regularization,2,4,2806394341,0.5,0.25,0.7175105404853821,0.7174027752876282,6,False
62,gated_alive,full,cuda,diagonal_prototype_relu_soft_top_fraction_v3_geometry_regularization,2,5,2806394441,0.75,1.0,0.5037939658761025,0.5008921599388123,18,False
63,gated_alive,full,cuda,diagonal_prototype_relu_soft_top_fraction_v3_geometry_regularization,0,3,2583943856,0.6,0.16666666666666666,0.6989575300216675,0.6989396486282349,6,False
63,gated_alive,full,cuda,diagonal_prototype_relu_soft_top_fraction_v3_geometry_regularization,0,4,2583943956,0.6,0.8333333333333333,0.6402490077018738,0.6389356942176819,18,False
63,gated_alive,full,cuda,diagonal_prototype_relu_soft_top_fraction_v3_geometry_regularization,0,5,2583944056,0.4,0.6666666666666666,0.7215289011001587,0.721466971874237,7,False
63,gated_alive,full,cuda,diagonal_prototype_relu_soft_top_fraction_v3_geometry_regularization,1,3,2583953856,0.6,0.5,0.6753011465072631,0.6752706289291381,6,False
63,gated_alive,full,cuda,diagonal_prototype_relu_soft_top_fraction_v3_geometry_regularization,1,4,2583953956,1.0,1.0,0.24585144883394242,0.23988571347948165,100,True
63,gated_alive,full,cuda,diagonal_prototype_relu_soft_top_fraction_v3_geometry_regularization,1,5,2583954056,0.6,0.33333333333333337,0.7482341051101684,0.7481238961219787,6,False
63,gated_alive,full,cuda,diagonal_prototype_relu_soft_top_fraction_v3_geometry_regularization,2,3,2583963856,0.5,0.75,0.6816386723518372,0.6815358543395996,9,False
63,gated_alive,full,cuda,diagonal_prototype_relu_soft_top_fraction_v3_geometry_regularization,2,4,2583963956,0.5,0.25,0.700279905796051,0.700175895690918,6,False
63,gated_alive,full,cuda,diagonal_prototype_relu_soft_top_fraction_v3_geometry_regularization,2,5,2583964056,0.5,0.25,0.7266454482078553,0.7265113377571106,6,False
64,gated_alive,full,cuda,diagonal_prototype_relu_soft_top_fraction_v3_geometry_regularization,0,3,1424584435,0.4,0.16666666666666666,0.7117702903747558,0.7117313089370727,6,False
64,gated_alive,full,cuda,diagonal_prototype_relu_soft_top_fraction_v3_geometry_regularization,0,4,1424584535,0.8,1.0,0.2925432691574097,0.29137619531154635,15,False
64,gated_alive,full,cuda,diagonal_prototype_relu_soft_top_fraction_v3_geometry_regularization,0,5,1424584635,0.4,0.16666666666666666,0.700978223323822,0.7009078302383422,6,False
64,gated_alive,full,cuda,diagonal_prototype_relu_soft_top_fraction_v3_geometry_regularization,1,3,1424594435,1.0,1.0,0.2920646712332964,0.28839940936490893,35,True
64,gated_alive,full,cuda,diagonal_prototype_relu_soft_top_fraction_v3_geometry_regularization,1,4,1424594535,0.6,0.0,0.6895930256843567,0.6895139899253845,6,False
64,gated_alive,full,cuda,diagonal_prototype_relu_soft_top_fraction_v3_geometry_regularization,1,5,1424594635,0.4,0.0,0.7232815561294555,0.7232302961349487,6,False
64,gated_alive,full,cuda,diagonal_prototype_relu_soft_top_fraction_v3_geometry_regularization,2,3,1424604435,0.75,1.0,0.6407614588737488,0.6390167117118836,14,False
64,gated_alive,full,cuda,diagonal_prototype_relu_soft_top_fraction_v3_geometry_regularization,2,4,1424604535,0.75,1.0,0.2579785943031311,0.2514237529039383,28,False
64,gated_alive,full,cuda,diagonal_prototype_relu_soft_top_fraction_v3_geometry_regularization,2,5,1424604635,0.75,1.0,0.327270573079586,0.3211819534003735,32,False
65,gated_alive,full,cuda,diagonal_prototype_relu_soft_top_fraction_v3_geometry_regularization,0,3,4002859830,0.8,0.6666666666666666,0.6505858335494995,0.6500317144393921,13,True
65,gated_alive,full,cuda,diagonal_prototype_relu_soft_top_fraction_v3_geometry_regularization,0,4,4002859930,0.4,0.5,0.6985468730926514,0.6985010371208191,6,False
65,gated_alive,full,cuda,diagonal_prototype_relu_soft_top_fraction_v3_geometry_regularization,0,5,4002860030,0.2,0.5,0.6925591254234313,0.6924767518043518,6,False
65,gated_alive,full,cuda,diagonal_prototype_relu_soft_top_fraction_v3_geometry_regularization,1,3,4002869830,0.4,0.5,0.7244047617912293,0.724343011379242,7,False
65,gated_alive,full,cuda,diagonal_prototype_relu_soft_top_fraction_v3_geometry_regularization,1,4,4002869930,0.4,0.5,0.7159176268577576,0.7158872284889222,7,False
65,gated_alive,full,cuda,diagonal_prototype_relu_soft_top_fraction_v3_geometry_regularization,1,5,4002870030,0.4,0.5,0.7209481048583984,0.7208660888671875,6,False
65,gated_alive,full,cuda,diagonal_prototype_relu_soft_top_fraction_v3_geometry_regularization,2,3,4002879830,0.75,0.5,0.6825316166877746,0.6824684357643127,6,False
65,gated_alive,full,cuda,diagonal_prototype_relu_soft_top_fraction_v3_geometry_regularization,2,4,4002879930,0.5,0.5,0.7053869533538818,0.7052914071083068,6,False
65,gated_alive,full,cuda,diagonal_prototype_relu_soft_top_fraction_v3_geometry_regularization,2,5,4002880030,0.5,0.25,0.7031290245056152,0.7030536246299743,6,False
66,gated_alive,full,cuda,diagonal_prototype_relu_soft_top_fraction_v3_geometry_regularization,0,3,2751328424,0.6,1.0,0.6732730913162231,0.6732072877883911,6,False
66,gated_alive,full,cuda,diagonal_prototype_relu_soft_top_fraction_v3_geometry_regularization,0,4,2751328524,0.6,0.5,0.6443234210014344,0.6426697554588318,19,False
66,gated_alive,full,cuda,diagonal_prototype_relu_soft_top_fraction_v3_geometry_regularization,0,5,2751328624,0.8,0.6666666666666666,0.5462638952732086,0.539339341878891,27,True
66,gated_alive,full,cuda,diagonal_prototype_relu_soft_top_fraction_v3_geometry_regularization,1,3,2751338424,0.6,0.5,0.677464898109436,0.6774082317352295,6,False
66,gated_alive,full,cuda,diagonal_prototype_relu_soft_top_fraction_v3_geometry_regularization,1,4,2751338524,0.6,1.0,0.4907685854434967,0.4890637053847313,16,False
66,gated_alive,full,cuda,diagonal_prototype_relu_soft_top_fraction_v3_geometry_regularization,1,5,2751338624,0.4,0.33333333333333337,0.7276885170936584,0.7275947589874268,6,False
66,gated_alive,full,cuda,diagonal_prototype_relu_soft_top_fraction_v3_geometry_regularization,2,3,2751348424,0.5,0.5,0.6923384284973144,0.692244849205017,8,False
66,gated_alive,full,cuda,diagonal_prototype_relu_soft_top_fraction_v3_geometry_regularization,2,4,2751348524,0.25,0.5,0.6847930073738098,0.6846956729888916,6,False
66,gated_alive,full,cuda,diagonal_prototype_relu_soft_top_fraction_v3_geometry_regularization,2,5,2751348624,0.75,0.75,0.6020767313241958,0.5999014747142791,16,False
67,gated_alive,full,cuda,diagonal_prototype_relu_soft_top_fraction_v3_geometry_regularization,0,3,3112912541,0.4,0.16666666666666666,0.7212137718200684,0.7210759658813477,7,False
67,gated_alive,full,cuda,diagonal_prototype_relu_soft_top_fraction_v3_geometry_regularization,0,4,3112912641,0.4,0.3333333333333333,0.7365055923461914,0.7364263777732849,6,False
67,gated_alive,full,cuda,diagonal_prototype_relu_soft_top_fraction_v3_geometry_regularization,0,5,3112912741,0.4,0.5,0.7153952479362488,0.7152982115745544,6,False
67,gated_alive,full,cuda,diagonal_prototype_relu_soft_top_fraction_v3_geometry_regularization,1,3,3112922541,0.8,0.8333333333333334,0.4656476200819015,0.4648208291530609,13,False
67,gated_alive,full,cuda,diagonal_prototype_relu_soft_top_fraction_v3_geometry_regularization,1,4,3112922641,0.8,0.8333333333333334,0.6707488574981689,0.6663396635055542,23,False
67,gated_alive,full,cuda,diagonal_prototype_relu_soft_top_fraction_v3_geometry_regularization,1,5,3112922741,0.6,1.0,0.6202811174392701,0.6194950551986694,13,False
67,gated_alive,full,cuda,diagonal_prototype_relu_soft_top_fraction_v3_geometry_regularization,2,3,3112932541,1.0,1.0,0.13950237959623338,0.1361149862408638,29,False
67,gated_alive,full,cuda,diagonal_prototype_relu_soft_top_fraction_v3_geometry_regularization,2,4,3112932641,1.0,1.0,0.11473612390458583,0.10642343709245324,53,True
67,gated_alive,full,cuda,diagonal_prototype_relu_soft_top_fraction_v3_geometry_regularization,2,5,3112932741,1.0,1.0,0.23096503242850303,0.22009042594581843,39,False
68,gated_alive,full,cuda,diagonal_prototype_relu_soft_top_fraction_v3_geometry_regularization,0,3,3152106676,0.8,1.0,0.4008317952156067,0.3975205192565918,32,False
68,gated_alive,full,cuda,diagonal_prototype_relu_soft_top_fraction_v3_geometry_regularization,0,4,3152106776,0.4,0.3333333333333333,0.714536048412323,0.7144184484481811,6,False
68,gated_alive,full,cuda,diagonal_prototype_relu_soft_top_fraction_v3_geometry_regularization,0,5,3152106876,0.6,0.6666666666666666,0.6856125636100769,0.6844585313796997,13,False
68,gated_alive,full,cuda,diagonal_prototype_relu_soft_top_fraction_v3_geometry_regularization,1,3,3152116676,0.4,0.33333333333333337,0.7254213376045227,0.7254104299545288,7,False
68,gated_alive,full,cuda,diagonal_prototype_relu_soft_top_fraction_v3_geometry_regularization,1,4,3152116776,0.6,0.6666666666666667,0.6766776475906372,0.6766282353401184,6,False
68,gated_alive,full,cuda,diagonal_prototype_relu_soft_top_fraction_v3_geometry_regularization,1,5,3152116876,0.6,0.6666666666666667,0.6766905121803284,0.6766544513702393,6,False
68,gated_alive,full,cuda,diagonal_prototype_relu_soft_top_fraction_v3_geometry_regularization,2,3,3152126676,1.0,1.0,0.27252468585968015,0.2703735440969467,20,True
68,gated_alive,full,cuda,diagonal_prototype_relu_soft_top_fraction_v3_geometry_regularization,2,4,3152126776,0.75,1.0,0.469235228151083,0.4634542492032051,27,False
68,gated_alive,full,cuda,diagonal_prototype_relu_soft_top_fraction_v3_geometry_regularization,2,5,3152126876,0.5,0.75,0.4513101947307587,0.44927250385284423,14,False
69,gated_alive,full,cuda,diagonal_prototype_relu_soft_top_fraction_v3_geometry_regularization,0,3,3696040063,0.2,0.33333333333333337,0.717596951007843,0.7175319819450379,6,False
69,gated_alive,full,cuda,diagonal_prototype_relu_soft_top_fraction_v3_geometry_regularization,0,4,3696040163,0.2,0.33333333333333337,0.7067559127807617,0.7066328887939453,6,False
69,gated_alive,full,cuda,diagonal_prototype_relu_soft_top_fraction_v3_geometry_regularization,0,5,3696040263,0.4,0.33333333333333337,0.72548108959198,0.7254357900619507,7,False
69,gated_alive,full,cuda,diagonal_prototype_relu_soft_top_fraction_v3_geometry_regularization,1,3,3696050063,0.4,0.16666666666666666,0.7345597896575927,0.7344836745262145,6,False
69,gated_alive,full,cuda,diagonal_prototype_relu_soft_top_fraction_v3_geometry_regularization,1,4,3696050163,0.4,0.3333333333333333,0.7542829475402832,0.7542129120826722,6,False
69,gated_alive,full,cuda,diagonal_prototype_relu_soft_top_fraction_v3_geometry_regularization,1,5,3696050263,0.6,0.6666666666666666,0.6989279098510742,0.6985801763534546,9,False
69,gated_alive,full,cuda,diagonal_prototype_relu_soft_top_fraction_v3_geometry_regularization,2,3,3696060063,1.0,1.0,0.011680661551654339,0.0025820599566213787,49,False
69,gated_alive,full,cuda,diagonal_prototype_relu_soft_top_fraction_v3_geometry_regularization,2,4,3696060163,0.25,0.25,0.7141402959823608,0.714037299156189,6,False
69,gated_alive,full,cuda,diagonal_prototype_relu_soft_top_fraction_v3_geometry_regularization,2,5,3696060263,1.0,1.0,0.010146211721003056,0.00027566200034925717,100,True
70,gated_alive,full,cuda,diagonal_prototype_relu_soft_top_fraction_v3_geometry_regularization,0,3,3017305472,0.6,0.8333333333333333,0.6398104481697082,0.6389728837013244,13,True
70,gated_alive,full,cuda,diagonal_prototype_relu_soft_top_fraction_v3_geometry_regularization,0,4,3017305572,0.6,0.5,0.6873183155059814,0.6872595453262329,6,False
70,gated_alive,full,cuda,diagonal_prototype_relu_soft_top_fraction_v3_geometry_regularization,0,5,3017305672,0.2,0.16666666666666666,0.7634116411209106,0.763194739818573,7,False
70,gated_alive,full,cuda,diagonal_prototype_relu_soft_top_fraction_v3_geometry_regularization,1,3,3017315472,0.4,1.0,0.6969819793701172,0.6966556439399719,10,False
70,gated_alive,full,cuda,diagonal_prototype_relu_soft_top_fraction_v3_geometry_regularization,1,4,3017315572,0.4,0.6666666666666667,0.707651973247528,0.7074218397140503,8,False
70,gated_alive,full,cuda,diagonal_prototype_relu_soft_top_fraction_v3_geometry_regularization,1,5,3017315672,0.4,0.16666666666666669,0.7818356809616089,0.7816965041160584,6,False
70,gated_alive,full,cuda,diagonal_prototype_relu_soft_top_fraction_v3_geometry_regularization,2,3,3017325472,0.5,0.5,0.6963594746589661,0.6960659217834473,11,False
70,gated_alive,full,cuda,diagonal_prototype_relu_soft_top_fraction_v3_geometry_regularization,2,4,3017325572,0.5,0.5,0.6986871576309204,0.6985903000831604,6,False
70,gated_alive,full,cuda,diagonal_prototype_relu_soft_top_fraction_v3_geometry_regularization,2,5,3017325672,0.5,0.25,0.701461534500122,0.7014125394821167,6,False
71,gated_alive,full,cuda,diagonal_prototype_relu_soft_top_fraction_v3_geometry_regularization,0,3,3991475763,0.8,1.0,0.3328416279554367,0.32336375200748446,51,False
71,gated_alive,full,cuda,diagonal_prototype_relu_soft_top_fraction_v3_geometry_regularization,0,4,3991475863,0.4,0.3333333333333333,0.7228945503234864,0.7228224287033082,7,False
71,gated_alive,full,cuda,diagonal_prototype_relu_soft_top_fraction_v3_geometry_regularization,0,5,3991475963,0.8,1.0,0.5016243318915368,0.5000478772819043,16,False
71,gated_alive,full,cuda,diagonal_prototype_relu_soft_top_fraction_v3_geometry_regularization,1,3,3991485763,0.6,1.0,0.6711926999092102,0.6711624207496643,6,False
71,gated_alive,full,cuda,diagonal_prototype_relu_soft_top_fraction_v3_geometry_regularization,1,4,3991485863,0.4,0.16666666666666669,0.7023643798828125,0.7022938675880432,6,False
71,gated_alive,full,cuda,diagonal_prototype_relu_soft_top_fraction_v3_geometry_regularization,1,5,3991485963,0.8,1.0,0.6441580602526664,0.6432902472019195,12,False
71,gated_alive,full,cuda,diagonal_prototype_relu_soft_top_fraction_v3_geometry_regularization,2,3,3991495763,0.75,1.0,0.3547359213232994,0.351901681125164,18,False
71,gated_alive,full,cuda,diagonal_prototype_relu_soft_top_fraction_v3_geometry_regularization,2,4,3991495863,0.5,0.75,0.6083341217041016,0.6064450716972352,14,False
71,gated_alive,full,cuda,diagonal_prototype_relu_soft_top_fraction_v3_geometry_regularization,2,5,3991495963,1.0,1.0,0.35279956374317406,0.3418269259715453,33,True
72,gated_alive,full,cuda,diagonal_prototype_relu_soft_top_fraction_v3_geometry_regularization,0,3,2325577196,0.4,0.0,0.7439030709266663,0.7438342871665955,6,False
72,gated_alive,full,cuda,diagonal_prototype_relu_soft_top_fraction_v3_geometry_regularization,0,4,2325577296,0.4,0.0,0.8720805478096009,0.871996072769165,6,False
72,gated_alive,full,cuda,diagonal_prototype_relu_soft_top_fraction_v3_geometry_regularization,0,5,2325577396,0.8,0.8333333333333333,0.5837667064666748,0.5833726601600647,9,False
72,gated_alive,full,cuda,diagonal_prototype_relu_soft_top_fraction_v3_geometry_regularization,1,3,2325587196,0.4,0.16666666666666669,0.721232985496521,0.721162413597107,6,False
72,gated_alive,full,cuda,diagonal_prototype_relu_soft_top_fraction_v3_geometry_regularization,1,4,2325587296,0.4,0.6666666666666667,0.7301279749870301,0.7300700392723084,6,False
72,gated_alive,full,cuda,diagonal_prototype_relu_soft_top_fraction_v3_geometry_regularization,1,5,2325587396,1.0,1.0,0.18690173495560886,0.1833580588004552,42,True
72,gated_alive,full,cuda,diagonal_prototype_relu_soft_top_fraction_v3_geometry_regularization,2,3,2325597196,0.5,0.5,0.6911641526222229,0.6910725402832031,6,False
72,gated_alive,full,cuda,diagonal_prototype_relu_soft_top_fraction_v3_geometry_regularization,2,4,2325597296,0.75,0.75,0.6889569354057312,0.6888876748085022,6,False
72,gated_alive,full,cuda,diagonal_prototype_relu_soft_top_fraction_v3_geometry_regularization,2,5,2325597396,0.25,0.25,0.7046223354339599,0.7045423460006713,6,False
73,gated_alive,full,cuda,diagonal_prototype_relu_soft_top_fraction_v3_geometry_regularization,0,3,2345851345,0.4,0.6666666666666666,0.722976701259613,0.722895758152008,6,False
73,gated_alive,full,cuda,diagonal_prototype_relu_soft_top_fraction_v3_geometry_regularization,0,4,2345851445,0.4,0.6666666666666666,0.7100808281898499,0.7099545259475708,10,False
73,gated_alive,full,cuda,diagonal_prototype_relu_soft_top_fraction_v3_geometry_regularization,0,5,2345851545,0.4,0.16666666666666666,0.7733267149925231,0.7732508978843688,6,False
73,gated_alive,full,cuda,diagonal_prototype_relu_soft_top_fraction_v3_geometry_regularization,1,3,2345861345,0.4,0.6666666666666667,0.737087857723236,0.7370016694068908,6,False
73,gated_alive,full,cuda,diagonal_prototype_relu_soft_top_fraction_v3_geometry_regularization,1,4,2345861445,0.4,0.0,0.7534160957336425,0.7533319935798645,6,False
73,gated_alive,full,cuda,diagonal_prototype_relu_soft_top_fraction_v3_geometry_regularization,1,5,2345861545,1.0,1.0,0.1331917450428009,0.12972299194335937,68,True
73,gated_alive,full,cuda,diagonal_prototype_relu_soft_top_fraction_v3_geometry_regularization,2,3,2345871345,0.75,0.75,0.4235928174480796,0.42138613361865285,24,False
73,gated_alive,full,cuda,diagonal_prototype_relu_soft_top_fraction_v3_geometry_regularization,2,4,2345871445,0.25,0.0,0.7192660045623779,0.7191626501083374,6,False
73,gated_alive,full,cuda,diagonal_prototype_relu_soft_top_fraction_v3_geometry_regularization,2,5,2345871545,0.75,0.75,0.4724447292089462,0.46946166574954984,16,False
74,gated_alive,full,cuda,diagonal_prototype_relu_soft_top_fraction_v3_geometry_regularization,0,3,1078349450,1.0,1.0,0.008626650985330343,0.003851955749756598,100,True
74,gated_alive,full,cuda,diagonal_prototype_relu_soft_top_fraction_v3_geometry_regularization,0,4,1078349550,1.0,1.0,0.24244385313987732,0.23961684226989746,25,False
74,gated_alive,full,cuda,diagonal_prototype_relu_soft_top_fraction_v3_geometry_regularization,0,5,1078349650,0.8,0.6666666666666666,0.5722169359326362,0.5674721752405166,29,False
74,gated_alive,full,cuda,diagonal_prototype_relu_soft_top_fraction_v3_geometry_regularization,1,3,1078359450,0.6,1.0,0.5673350867033005,0.563323804140091,32,False
74,gated_alive,full,cuda,diagonal_prototype_relu_soft_top_fraction_v3_geometry_regularization,1,4,1078359550,0.8,1.0,0.4081594787836075,0.40541146624088287,20,False
74,gated_alive,full,cuda,diagonal_prototype_relu_soft_top_fraction_v3_geometry_regularization,1,5,1078359650,0.8,0.6666666666666667,0.6209205107688904,0.6204685287475586,9,False
74,gated_alive,full,cuda,diagonal_prototype_relu_soft_top_fraction_v3_geometry_regularization,2,3,1078369450,0.75,1.0,0.3826847267150879,0.37783886909484865,27,False
74,gated_alive,full,cuda,diagonal_prototype_relu_soft_top_fraction_v3_geometry_regularization,2,4,1078369550,0.75,0.5,0.6822366857528687,0.6819642925262451,9,False
74,gated_alive,full,cuda,diagonal_prototype_relu_soft_top_fraction_v3_geometry_regularization,2,5,1078369650,0.75,1.0,0.3553691041469574,0.35306317925453184,16,False
75,gated_alive,full,cuda,diagonal_prototype_relu_soft_top_fraction_v3_geometry_regularization,0,3,4027274991,0.4,0.3333333333333333,0.7060462021827698,0.7059616827964783,6,False
75,gated_alive,full,cuda,diagonal_prototype_relu_soft_top_fraction_v3_geometry_regularization,0,4,4027275091,0.4,0.8333333333333333,0.7082104816436767,0.7080916895866394,7,False
75,gated_alive,full,cuda,diagonal_prototype_relu_soft_top_fraction_v3_geometry_regularization,0,5,4027275191,1.0,1.0,0.0456824427768588,0.03840412699244916,100,True
75,gated_alive,full,cuda,diagonal_prototype_relu_soft_top_fraction_v3_geometry_regularization,1,3,4027284991,0.8,1.0,0.23069681847095488,0.22569396044313908,32,False
75,gated_alive,full,cuda,diagonal_prototype_relu_soft_top_fraction_v3_geometry_regularization,1,4,4027285091,0.6,0.6666666666666667,0.685967689037323,0.6849862985610962,12,False
75,gated_alive,full,cuda,diagonal_prototype_relu_soft_top_fraction_v3_geometry_regularization,1,5,4027285191,0.8,0.8333333333333334,0.5482386154830455,0.5463380344510078,18,False
75,gated_alive,full,cuda,diagonal_prototype_relu_soft_top_fraction_v3_geometry_regularization,2,3,4027294991,0.25,0.25,0.702617654800415,0.7025382614135742,6,False
75,gated_alive,full,cuda,diagonal_prototype_relu_soft_top_fraction_v3_geometry_regularization,2,4,4027295091,0.5,0.75,0.5956596612930298,0.5940252423286438,14,False
75,gated_alive,full,cuda,diagonal_prototype_relu_soft_top_fraction_v3_geometry_regularization,2,5,4027295191,0.5,0.75,0.6072425830364228,0.6059883975982666,13,False
76,gated_alive,full,cuda,diagonal_prototype_relu_soft_top_fraction_v3_geometry_regularization,0,3,2374937733,0.4,0.16666666666666666,0.7207653336524963,0.7207049541473388,6,False
76,gated_alive,full,cuda,diagonal_prototype_relu_soft_top_fraction_v3_geometry_regularization,0,4,2374937833,0.6,0.6666666666666666,0.6033106474876404,0.601221992969513,16,False
76,gated_alive,full,cuda,diagonal_prototype_relu_soft_top_fraction_v3_geometry_regularization,0,5,2374937933,0.6,0.8333333333333333,0.5621186094284057,0.5611196355819702,17,False
76,gated_alive,full,cuda,diagonal_prototype_relu_soft_top_fraction_v3_geometry_regularization,1,3,2374947733,0.8,1.0,0.39404524165391924,0.388365787088871,30,True
76,gated_alive,full,cuda,diagonal_prototype_relu_soft_top_fraction_v3_geometry_regularization,1,4,2374947833,0.4,0.5,0.7357275433540345,0.7355117783546448,7,False
76,gated_alive,full,cuda,diagonal_prototype_relu_soft_top_fraction_v3_geometry_regularization,1,5,2374947933,0.4,0.33333333333333337,0.7200376024246216,0.7199367513656616,6,False
76,gated_alive,full,cuda,diagonal_prototype_relu_soft_top_fraction_v3_geometry_regularization,2,3,2374957733,0.75,1.0,0.4900360479950905,0.48342541976366193,37,False
76,gated_alive,full,cuda,diagonal_prototype_relu_soft_top_fraction_v3_geometry_regularization,2,4,2374957833,0.75,1.0,0.48968672811985015,0.48642961263656614,20,False
76,gated_alive,full,cuda,diagonal_prototype_relu_soft_top_fraction_v3_geometry_regularization,2,5,2374957933,0.75,0.5,0.6807457327842712,0.6806112051010131,8,False
77,gated_alive,full,cuda,diagonal_prototype_relu_soft_top_fraction_v3_geometry_regularization,0,3,2125957313,0.6,0.8333333333333333,0.6627251262664795,0.6620937342643738,13,False
77,gated_alive,full,cuda,diagonal_prototype_relu_soft_top_fraction_v3_geometry_regularization,0,4,2125957413,0.6,0.5,0.6809855966567994,0.6809004216194153,6,False
77,gated_alive,full,cuda,diagonal_prototype_relu_soft_top_fraction_v3_geometry_regularization,0,5,2125957513,0.4,0.16666666666666666,0.7421832299232483,0.742123863697052,6,False
77,gated_alive,full,cuda,diagonal_prototype_relu_soft_top_fraction_v3_geometry_regularization,1,3,2125967313,0.8,0.6666666666666667,0.6272412948608398,0.6262855496406555,14,False
77,gated_alive,full,cuda,diagonal_prototype_relu_soft_top_fraction_v3_geometry_regularization,1,4,2125967413,0.4,0.33333333333333337,0.7199257907867431,0.7198766765594482,6,False
77,gated_alive,full,cuda,diagonal_prototype_relu_soft_top_fraction_v3_geometry_regularization,1,5,2125967513,0.8,0.8333333333333334,0.43282672309875486,0.4280224242210388,27,True
77,gated_alive,full,cuda,diagonal_prototype_relu_soft_top_fraction_v3_geometry_regularization,2,3,2125977313,0.25,0.5,0.7083358192443847,0.7082256698608398,6,False
77,gated_alive,full,cuda,diagonal_prototype_relu_soft_top_fraction_v3_geometry_regularization,2,4,2125977413,0.75,1.0,0.2498870510235429,0.24143434699624777,42,False
77,gated_alive,full,cuda,diagonal_prototype_relu_soft_top_fraction_v3_geometry_regularization,2,5,2125977513,0.5,0.5,0.7008685374259949,0.7008304500579834,6,False
78,gated_alive,full,cuda,diagonal_prototype_relu_soft_top_fraction_v3_geometry_regularization,0,3,1358653840,0.2,0.3333333333333333,0.7082107377052307,0.7080881905555725,7,False
78,gated_alive,full,cuda,diagonal_prototype_relu_soft_top_fraction_v3_geometry_regularization,0,4,1358653940,0.6,1.0,0.6703328933715821,0.6702629175186158,6,False
78,gated_alive,full,cuda,diagonal_prototype_relu_soft_top_fraction_v3_geometry_regularization,0,5,1358654040,0.8,0.6666666666666666,0.634019921541214,0.6337673842906952,9,True
78,gated_alive,full,cuda,diagonal_prototype_relu_soft_top_fraction_v3_geometry_regularization,1,3,1358663840,0.4,0.0,0.7376356410980225,0.7375749635696411,7,False
78,gated_alive,full,cuda,diagonal_prototype_relu_soft_top_fraction_v3_geometry_regularization,1,4,1358663940,0.4,0.8333333333333334,0.7443012728691101,0.7442355289459228,6,False
78,gated_alive,full,cuda,diagonal_prototype_relu_soft_top_fraction_v3_geometry_regularization,1,5,1358664040,0.4,0.6666666666666667,0.7536020545959473,0.753524926185608,6,False
78,gated_alive,full,cuda,diagonal_prototype_relu_soft_top_fraction_v3_geometry_regularization,2,3,1358673840,0.25,0.0,0.7049217224121094,0.7048482894897461,6,False
78,gated_alive,full,cuda,diagonal_prototype_relu_soft_top_fraction_v3_geometry_regularization,2,4,1358673940,0.0,0.0,0.7728175497055054,0.7726943469047547,6,False
78,gated_alive,full,cuda,diagonal_prototype_relu_soft_top_fraction_v3_geometry_regularization,2,5,1358674040,0.5,0.0,0.7255875873565674,0.7255281019210815,6,False
79,gated_alive,full,cuda,diagonal_prototype_relu_soft_top_fraction_v3_geometry_regularization,0,3,1175847164,0.8,0.8333333333333333,0.5292839795351029,0.5281377990245819,21,True
79,gated_alive,full,cuda,diagonal_prototype_relu_soft_top_fraction_v3_geometry_regularization,0,4,1175847264,0.4,0.5,0.7070036382675171,0.7068520040512085,6,False
79,gated_alive,full,cuda,diagonal_prototype_relu_soft_top_fraction_v3_geometry_regularization,0,5,1175847364,0.4,0.3333333333333333,0.7165504274368286,0.7164723453521729,6,False
79,gated_alive,full,cuda,diagonal_prototype_relu_soft_top_fraction_v3_geometry_regularization,1,3,1175857164,0.4,0.33333333333333337,0.7477235884666443,0.7476790637969971,7,False
79,gated_alive,full,cuda,diagonal_prototype_relu_soft_top_fraction_v3_geometry_regularization,1,4,1175857264,0.4,0.33333333333333337,0.6960730075836181,0.6960224628448486,6,False
79,gated_alive,full,cuda,diagonal_prototype_relu_soft_top_fraction_v3_geometry_regularization,1,5,1175857364,0.4,0.16666666666666669,0.7537505841255188,0.7537275767326355,7,False
79,gated_alive,full,cuda,diagonal_prototype_relu_soft_top_fraction_v3_geometry_regularization,2,3,1175867164,0.5,0.25,0.6934277296066285,0.6933936953544617,6,False
79,gated_alive,full,cuda,diagonal_prototype_relu_soft_top_fraction_v3_geometry_regularization,2,4,1175867264,0.0,0.0,0.7148847484588623,0.7148216867446899,6,False
79,gated_alive,full,cuda,diagonal_prototype_relu_soft_top_fraction_v3_geometry_regularization,2,5,1175867364,0.25,0.5,0.7038967943191529,0.7037647104263306,7,False
80,gated_alive,full,cuda,diagonal_prototype_relu_soft_top_fraction_v3_geometry_regularization,0,3,2719779636,0.4,0.0,0.8228173222541809,0.8227487769126892,6,False
80,gated_alive,full,cuda,diagonal_prototype_relu_soft_top_fraction_v3_geometry_regularization,0,4,2719779736,0.4,0.6666666666666666,0.7143988132476806,0.7142964124679565,9,False
80,gated_alive,full,cuda,diagonal_prototype_relu_soft_top_fraction_v3_geometry_regularization,0,5,2719779836,0.2,0.3333333333333333,0.6974868535995483,0.6974228978157043,6,False
80,gated_alive,full,cuda,diagonal_prototype_relu_soft_top_fraction_v3_geometry_regularization,1,3,2719789636,0.6,0.5,0.6794700555801392,0.6793980531692505,6,False
80,gated_alive,full,cuda,diagonal_prototype_relu_soft_top_fraction_v3_geometry_regularization,1,4,2719789736,0.4,0.5,0.7155246858596802,0.7154839758872986,7,False
80,gated_alive,full,cuda,diagonal_prototype_relu_soft_top_fraction_v3_geometry_regularization,1,5,2719789836,0.8,0.6666666666666667,0.7113425421714783,0.7106907653808594,10,True
80,gated_alive,full,cuda,diagonal_prototype_relu_soft_top_fraction_v3_geometry_regularization,2,3,2719799636,0.75,0.75,0.6706230592727661,0.6687868785858154,14,False
80,gated_alive,full,cuda,diagonal_prototype_relu_soft_top_fraction_v3_geometry_regularization,2,4,2719799736,0.25,0.0,0.7171944355964661,0.7171288108825684,6,False
80,gated_alive,full,cuda,diagonal_prototype_relu_soft_top_fraction_v3_geometry_regularization,2,5,2719799836,0.25,0.25,0.707143828868866,0.7070324873924255,6,False
81,gated_alive,full,cuda,diagonal_prototype_relu_soft_top_fraction_v3_geometry_regularization,0,3,1940375072,0.6,0.5,0.6769038677215576,0.6768634557723999,6,False
81,gated_alive,full,cuda,diagonal_prototype_relu_soft_top_fraction_v3_geometry_regularization,0,4,1940375172,0.8,1.0,0.2733354856967926,0.26992098926007746,22,False
81,gated_alive,full,cuda,diagonal_prototype_relu_soft_top_fraction_v3_geometry_regularization,0,5,1940375272,0.8,1.0,0.22574261385202407,0.22098218101263045,27,False
81,gated_alive,full,cuda,diagonal_prototype_relu_soft_top_fraction_v3_geometry_regularization,1,3,1940385072,0.8,1.0,0.31477289175987244,0.31251066470146177,18,False
81,gated_alive,full,cuda,diagonal_prototype_relu_soft_top_fraction_v3_geometry_regularization,1,4,1940385172,0.8,1.0,0.3429342203140259,0.34079138135910036,18,False
81,gated_alive,full,cuda,diagonal_prototype_relu_soft_top_fraction_v3_geometry_regularization,1,5,1940385272,0.4,0.33333333333333337,0.7573832883834839,0.757270754814148,6,False
81,gated_alive,full,cuda,diagonal_prototype_relu_soft_top_fraction_v3_geometry_regularization,2,3,1940395072,0.75,1.0,0.5233411669731141,0.5224187552928925,13,False
81,gated_alive,full,cuda,diagonal_prototype_relu_soft_top_fraction_v3_geometry_regularization,2,4,1940395172,0.75,1.0,0.23193347901105882,0.22807827427983285,20,False
81,gated_alive,full,cuda,diagonal_prototype_relu_soft_top_fraction_v3_geometry_regularization,2,5,1940395272,1.0,1.0,0.1663596924394369,0.1633031663671136,22,True
82,gated_alive,full,cuda,diagonal_prototype_relu_soft_top_fraction_v3_geometry_regularization,0,3,2439680048,0.8,0.8333333333333333,0.658805748462677,0.657848557472229,14,False
82,gated_alive,full,cuda,diagonal_prototype_relu_soft_top_fraction_v3_geometry_regularization,0,4,2439680148,0.6,1.0,0.49384982442855835,0.49144579219818113,17,False
82,gated_alive,full,cuda,diagonal_prototype_relu_soft_top_fraction_v3_geometry_regularization,0,5,2439680248,0.8,1.0,0.4018470747470856,0.3969958974719048,30,True
82,gated_alive,full,cuda,diagonal_prototype_relu_soft_top_fraction_v3_geometry_regularization,1,3,2439690048,0.4,0.0,0.7598837265968322,0.7598306188583374,7,False
82,gated_alive,full,cuda,diagonal_prototype_relu_soft_top_fraction_v3_geometry_regularization,1,4,2439690148,0.4,0.16666666666666669,0.7240808477401733,0.7240134944915771,6,False
82,gated_alive,full,cuda,diagonal_prototype_relu_soft_top_fraction_v3_geometry_regularization,1,5,2439690248,0.4,0.0,0.7304115443229675,0.7303107528686523,6,False
82,gated_alive,full,cuda,diagonal_prototype_relu_soft_top_fraction_v3_geometry_regularization,2,3,2439700048,0.5,0.5,0.6970509696006775,0.6966579961776733,11,False
82,gated_alive,full,cuda,diagonal_prototype_relu_soft_top_fraction_v3_geometry_regularization,2,4,2439700148,0.75,0.75,0.5427158784866333,0.5395877575874328,18,False
82,gated_alive,full,cuda,diagonal_prototype_relu_soft_top_fraction_v3_geometry_regularization,2,5,2439700248,0.5,0.5,0.6963745832443238,0.6963118791580201,6,False
83,gated_alive,full,cuda,diagonal_prototype_relu_soft_top_fraction_v3_geometry_regularization,0,3,2856320725,0.4,0.3333333333333333,0.7468237524032593,0.7466831450462341,7,False
83,gated_alive,full,cuda,diagonal_prototype_relu_soft_top_fraction_v3_geometry_regularization,0,4,2856320825,0.4,0.6666666666666666,0.7062686672210693,0.7061576237678527,7,False
83,gated_alive,full,cuda,diagonal_prototype_relu_soft_top_fraction_v3_geometry_regularization,0,5,2856320925,0.4,0.5,0.6986706767082215,0.6985800180435181,6,False
83,gated_alive,full,cuda,diagonal_prototype_relu_soft_top_fraction_v3_geometry_regularization,1,3,2856330725,0.8,1.0,0.3892688829600811,0.38769901582598687,15,True
83,gated_alive,full,cuda,diagonal_prototype_relu_soft_top_fraction_v3_geometry_regularization,1,4,2856330825,0.4,0.33333333333333337,0.7270956492424011,0.7269694066047668,6,False
83,gated_alive,full,cuda,diagonal_prototype_relu_soft_top_fraction_v3_geometry_regularization,1,5,2856330925,0.4,0.16666666666666669,0.7524768662452698,0.7523868036270142,6,False
83,gated_alive,full,cuda,diagonal_prototype_relu_soft_top_fraction_v3_geometry_regularization,2,3,2856340725,0.5,0.75,0.6939725971221924,0.6938444471359253,6,False
83,gated_alive,full,cuda,diagonal_prototype_relu_soft_top_fraction_v3_geometry_regularization,2,4,2856340825,0.25,0.25,0.6996729969978333,0.6996262073516846,6,False
83,gated_alive,full,cuda,diagonal_prototype_relu_soft_top_fraction_v3_geometry_regularization,2,5,2856340925,0.5,0.0,0.7117471241950989,0.7116507434844971,6,False
84,gated_alive,full,cuda,diagonal_prototype_relu_soft_top_fraction_v3_geometry_regularization,0,3,3861219300,0.4,0.16666666666666666,0.7416238203048706,0.7415621891021729,7,False
84,gated_alive,full,cuda,diagonal_prototype_relu_soft_top_fraction_v3_geometry_regularization,0,4,3861219400,0.4,0.0,0.7346460886001587,0.7345466084480285,6,False
84,gated_alive,full,cuda,diagonal_prototype_relu_soft_top_fraction_v3_geometry_regularization,0,5,3861219500,0.4,0.5,0.7137420291900635,0.7136682982444763,6,False
84,gated_alive,full,cuda,diagonal_prototype_relu_soft_top_fraction_v3_geometry_regularization,1,3,3861229300,0.8,0.8333333333333334,0.5316824896335601,0.5289878644943238,19,False
84,gated_alive,full,cuda,diagonal_prototype_relu_soft_top_fraction_v3_geometry_regularization,1,4,3861229400,0.4,0.6666666666666667,0.7025044298171997,0.7023988103866577,7,False
84,gated_alive,full,cuda,diagonal_prototype_relu_soft_top_fraction_v3_geometry_regularization,1,5,3861229500,0.2,0.16666666666666669,0.7389711775779724,0.7389010825157165,6,False
84,gated_alive,full,cuda,diagonal_prototype_relu_soft_top_fraction_v3_geometry_regularization,2,3,3861239300,1.0,1.0,0.011260254234075546,0.0029153506105649286,100,True
84,gated_alive,full,cuda,diagonal_prototype_relu_soft_top_fraction_v3_geometry_regularization,2,4,3861239400,1.0,1.0,0.06961887788027525,0.058801079289987686,37,False
84,gated_alive,full,cuda,diagonal_prototype_relu_soft_top_fraction_v3_geometry_regularization,2,5,3861239500,1.0,1.0,0.03273934565484524,0.026575405783951282,27,False
85,gated_alive,full,cuda,diagonal_prototype_relu_soft_top_fraction_v3_geometry_regularization,0,3,1421166023,0.6,0.3333333333333333,0.6891934866905213,0.6891025896072388,6,True
85,gated_alive,full,cuda,diagonal_prototype_relu_soft_top_fraction_v3_geometry_regularization,0,4,1421166123,0.2,0.0,0.7431055774688721,0.7429143657684326,8,False
85,gated_alive,full,cuda,diagonal_prototype_relu_soft_top_fraction_v3_geometry_regularization,0,5,1421166223,0.0,0.0,0.7390708751678466,0.7390239663124084,7,False
85,gated_alive,full,cuda,diagonal_prototype_relu_soft_top_fraction_v3_geometry_regularization,1,3,1421176023,0.4,0.6666666666666667,0.7201912603378295,0.7201111516952514,6,False
85,gated_alive,full,cuda,diagonal_prototype_relu_soft_top_fraction_v3_geometry_regularization,1,4,1421176123,0.4,0.33333333333333337,0.7073030118942261,0.7072612886428833,6,False
85,gated_alive,full,cuda,diagonal_prototype_relu_soft_top_fraction_v3_geometry_regularization,1,5,1421176223,0.4,0.0,0.7274674620628357,0.7273720350265503,8,False
85,gated_alive,full,cuda,diagonal_prototype_relu_soft_top_fraction_v3_geometry_regularization,2,3,1421186023,0.5,0.75,0.6840372395515442,0.6839971256256103,6,False
85,gated_alive,full,cuda,diagonal_prototype_relu_soft_top_fraction_v3_geometry_regularization,2,4,1421186123,0.5,0.0,0.7115525221824646,0.7115023946762085,6,False
85,gated_alive,full,cuda,diagonal_prototype_relu_soft_top_fraction_v3_geometry_regularization,2,5,1421186223,0.0,0.0,0.7306845283508301,0.7305736637115479,6,False
86,gated_alive,full,cuda,diagonal_prototype_relu_soft_top_fraction_v3_geometry_regularization,0,3,2927228976,1.0,1.0,0.14022065857052804,0.1369143215790391,35,True
86,gated_alive,full,cuda,diagonal_prototype_relu_soft_top_fraction_v3_geometry_regularization,0,4,2927229076,0.4,0.6666666666666666,0.6935708842277527,0.6934963784217835,6,False
86,gated_alive,full,cuda,diagonal_prototype_relu_soft_top_fraction_v3_geometry_regularization,0,5,2927229176,0.4,1.0,0.7092106351852417,0.7091532955169678,6,False
86,gated_alive,full,cuda,diagonal_prototype_relu_soft_top_fraction_v3_geometry_regularization,1,3,2927238976,0.4,0.33333333333333337,0.7333068037033081,0.7332262778282166,6,False
86,gated_alive,full,cuda,diagonal_prototype_relu_soft_top_fraction_v3_geometry_regularization,1,4,2927239076,0.2,0.0,0.7152532224655151,0.7151596431732178,6,False
86,gated_alive,full,cuda,diagonal_prototype_relu_soft_top_fraction_v3_geometry_regularization,1,5,2927239176,0.4,0.0,0.7564686598777771,0.7563584508895874,6,False
86,gated_alive,full,cuda,diagonal_prototype_relu_soft_top_fraction_v3_geometry_regularization,2,3,2927248976,0.5,0.75,0.6928783822059631,0.6928434538841247,6,False
86,gated_alive,full,cuda,diagonal_prototype_relu_soft_top_fraction_v3_geometry_regularization,2,4,2927249076,0.5,0.25,0.7023486924171448,0.702303810119629,6,False
86,gated_alive,full,cuda,diagonal_prototype_relu_soft_top_fraction_v3_geometry_regularization,2,5,2927249176,0.5,1.0,0.6566600155830383,0.6563598465919495,9,False
87,gated_alive,full,cuda,diagonal_prototype_relu_soft_top_fraction_v3_geometry_regularization,0,3,3880305711,0.4,0.16666666666666666,0.7385782294273376,0.7385065250396728,6,False
87,gated_alive,full,cuda,diagonal_prototype_relu_soft_top_fraction_v3_geometry_regularization,0,4,3880305811,0.6,0.3333333333333333,0.6749642686843872,0.6748985843658447,6,False
87,gated_alive,full,cuda,diagonal_prototype_relu_soft_top_fraction_v3_geometry_regularization,0,5,3880305911,0.2,0.16666666666666666,0.7267033700942993,0.7265781407356262,6,False
87,gated_alive,full,cuda,diagonal_prototype_relu_soft_top_fraction_v3_geometry_regularization,1,3,3880315711,0.8,1.0,0.5397908525466919,0.5385919189453126,16,False
87,gated_alive,full,cuda,diagonal_prototype_relu_soft_top_fraction_v3_geometry_regularization,1,4,3880315811,0.8,1.0,0.3335285758972168,0.33157919120788576,25,False
87,gated_alive,full,cuda,diagonal_prototype_relu_soft_top_fraction_v3_geometry_regularization,1,5,3880315911,0.8,0.8333333333333334,0.4439017949104309,0.4427442874908447,14,False
87,gated_alive,full,cuda,diagonal_prototype_relu_soft_top_fraction_v3_geometry_regularization,2,3,3880325711,1.0,1.0,0.4176242589950562,0.41685267686843874,12,True
87,gated_alive,full,cuda,diagonal_prototype_relu_soft_top_fraction_v3_geometry_regularization,2,4,3880325811,0.5,0.0,0.7058338832855224,0.705768973827362,8,False
87,gated_alive,full,cuda,diagonal_prototype_relu_soft_top_fraction_v3_geometry_regularization,2,5,3880325911,0.75,1.0,0.6637047982215881,0.6635633563995361,9,False
88,gated_alive,full,cuda,diagonal_prototype_relu_soft_top_fraction_v3_geometry_regularization,0,3,1970904693,0.4,0.8333333333333333,0.6980722599029541,0.6980220131874084,6,False
88,gated_alive,full,cuda,diagonal_prototype_relu_soft_top_fraction_v3_geometry_regularization,0,4,1970904793,0.4,0.0,0.7511722326278687,0.7510965943336487,6,False
88,gated_alive,full,cuda,diagonal_prototype_relu_soft_top_fraction_v3_geometry_regularization,0,5,1970904893,0.6,0.8333333333333333,0.4937196008563042,0.4933240690231323,9,False
88,gated_alive,full,cuda,diagonal_prototype_relu_soft_top_fraction_v3_geometry_regularization,1,3,1970914693,0.4,0.16666666666666669,0.7399820885658264,0.7398932180404663,6,False
88,gated_alive,full,cuda,diagonal_prototype_relu_soft_top_fraction_v3_geometry_regularization,1,4,1970914793,1.0,1.0,0.2207209025621414,0.2172768269777298,26,True
88,gated_alive,full,cuda,diagonal_prototype_relu_soft_top_fraction_v3_geometry_regularization,1,5,1970914893,0.4,0.6666666666666667,0.7074203004837036,0.7073730340003967,6,False
88,gated_alive,full,cuda,diagonal_prototype_relu_soft_top_fraction_v3_geometry_regularization,2,3,1970924693,0.5,0.25,0.7011858606338501,0.7010847115516663,6,False
88,gated_alive,full,cuda,diagonal_prototype_relu_soft_top_fraction_v3_geometry_regularization,2,4,1970924793,0.75,0.5,0.6925281524658203,0.6924052476882935,7,False
88,gated_alive,full,cuda,diagonal_prototype_relu_soft_top_fraction_v3_geometry_regularization,2,5,1970924893,0.75,1.0,0.322566773891449,0.3212368142604828,13,False
89,gated_alive,full,cuda,diagonal_prototype_relu_soft_top_fraction_v3_geometry_regularization,0,3,1104125474,0.8,1.0,0.251208110332489,0.24781872582435607,24,True
89,gated_alive,full,cuda,diagonal_prototype_relu_soft_top_fraction_v3_geometry_regularization,0,4,1104125574,0.8,1.0,0.28812624180316926,0.28330769419670104,30,False
89,gated_alive,full,cuda,diagonal_prototype_relu_soft_top_fraction_v3_geometry_regularization,0,5,1104125674,0.8,1.0,0.4238816967010498,0.4203016767501831,19,False
89,gated_alive,full,cuda,diagonal_prototype_relu_soft_top_fraction_v3_geometry_regularization,1,3,1104135474,0.4,0.5,0.721171941280365,0.7210694212913513,6,False
89,gated_alive,full,cuda,diagonal_prototype_relu_soft_top_fraction_v3_geometry_regularization,1,4,1104135574,0.6,0.8333333333333334,0.6117569532394409,0.6100487651824951,19,False
89,gated_alive,full,cuda,diagonal_prototype_relu_soft_top_fraction_v3_geometry_regularization,1,5,1104135674,0.8,1.0,0.296783339381218,0.2903710390329361,37,False
89,gated_alive,full,cuda,diagonal_prototype_relu_soft_top_fraction_v3_geometry_regularization,2,3,1104145474,0.75,0.75,0.6720925521850586,0.6717820715904236,8,False
89,gated_alive,full,cuda,diagonal_prototype_relu_soft_top_fraction_v3_geometry_regularization,2,4,1104145574,0.5,0.75,0.6764106607437134,0.6759544467926025,9,False
89,gated_alive,full,cuda,diagonal_prototype_relu_soft_top_fraction_v3_geometry_regularization,2,5,1104145674,0.5,0.75,0.6835578155517578,0.6832605671882629,9,False
90,gated_alive,full,cuda,diagonal_prototype_relu_soft_top_fraction_v3_geometry_regularization,0,3,1247132844,0.8,1.0,0.2713268089294434,0.26934682393074033,34,False
90,gated_alive,full,cuda,diagonal_prototype_relu_soft_top_fraction_v3_geometry_regularization,0,4,1247132944,0.4,0.0,0.7367485098838806,0.7366795473098755,6,False
90,gated_alive,full,cuda,diagonal_prototype_relu_soft_top_fraction_v3_geometry_regularization,0,5,1247133044,0.4,0.16666666666666666,0.7216846752166748,0.7216233420372009,6,False
90,gated_alive,full,cuda,diagonal_prototype_relu_soft_top_fraction_v3_geometry_regularization,1,3,1247142844,0.6,0.6666666666666667,0.6994539964199066,0.6987299191951751,12,False
90,gated_alive,full,cuda,diagonal_prototype_relu_soft_top_fraction_v3_geometry_regularization,1,4,1247142944,0.4,0.5,0.7271192483901977,0.7270142846107482,6,False
90,gated_alive,full,cuda,diagonal_prototype_relu_soft_top_fraction_v3_geometry_regularization,1,5,1247143044,0.6,0.8333333333333334,0.5174657256305217,0.5158227405846119,17,False
90,gated_alive,full,cuda,diagonal_prototype_relu_soft_top_fraction_v3_geometry_regularization,2,3,1247152844,1.0,1.0,0.030802918132394552,0.026137464244384317,53,False
90,gated_alive,full,cuda,diagonal_prototype_relu_soft_top_fraction_v3_geometry_regularization,2,4,1247152944,0.5,0.75,0.437069331407547,0.43584354639053347,15,False
90,gated_alive,full,cuda,diagonal_prototype_relu_soft_top_fraction_v3_geometry_regularization,2,5,1247153044,1.0,1.0,0.02889035014435649,0.023642064700834454,34,True
91,gated_alive,full,cuda,diagonal_prototype_relu_soft_top_fraction_v3_geometry_regularization,0,3,1459551895,0.8,1.0,0.33101188570261003,0.32718371745198965,33,True
91,gated_alive,full,cuda,diagonal_prototype_relu_soft_top_fraction_v3_geometry_regularization,0,4,1459551995,0.8,1.0,0.3400486796498299,0.3377490020990372,24,False
91,gated_alive,full,cuda,diagonal_prototype_relu_soft_top_fraction_v3_geometry_regularization,0,5,1459552095,0.6,0.8333333333333333,0.5275490028560161,0.5248398968875408,24,False
91,gated_alive,full,cuda,diagonal_prototype_relu_soft_top_fraction_v3_geometry_regularization,1,3,1459561895,0.4,0.0,0.738460003376007,0.7383711924552917,6,False
91,gated_alive,full,cuda,diagonal_prototype_relu_soft_top_fraction_v3_geometry_regularization,1,4,1459561995,0.4,0.16666666666666669,0.7747850642204285,0.7747104988098145,6,False
91,gated_alive,full,cuda,diagonal_prototype_relu_soft_top_fraction_v3_geometry_regularization,1,5,1459562095,0.4,0.5,0.729282422542572,0.7291823463439941,6,False
91,gated_alive,full,cuda,diagonal_prototype_relu_soft_top_fraction_v3_geometry_regularization,2,3,1459571895,0.5,0.5,0.6982163047790527,0.6980881547927856,7,False
91,gated_alive,full,cuda,diagonal_prototype_relu_soft_top_fraction_v3_geometry_regularization,2,4,1459571995,0.75,0.75,0.6808064305782318,0.6805922615528107,9,False
91,gated_alive,full,cuda,diagonal_prototype_relu_soft_top_fraction_v3_geometry_regularization,2,5,1459572095,0.5,0.5,0.6983490419387818,0.6982844305038453,6,False
92,gated_alive,full,cuda,diagonal_prototype_relu_soft_top_fraction_v3_geometry_regularization,0,3,2705073631,1.0,1.0,0.242495370388031,0.2364233295917511,43,False
92,gated_alive,full,cuda,diagonal_prototype_relu_soft_top_fraction_v3_geometry_regularization,0,4,2705073731,0.8,1.0,0.28922519862651824,0.28750729620456694,17,False
92,gated_alive,full,cuda,diagonal_prototype_relu_soft_top_fraction_v3_geometry_regularization,0,5,2705073831,1.0,1.0,0.11409063971042634,0.10464673469960689,83,False
92,gated_alive,full,cuda,diagonal_prototype_relu_soft_top_fraction_v3_geometry_regularization,1,3,2705083631,0.6,0.6666666666666667,0.712316618680954,0.7116475920677185,11,False
92,gated_alive,full,cuda,diagonal_prototype_relu_soft_top_fraction_v3_geometry_regularization,1,4,2705083731,0.4,0.33333333333333337,0.7332024989128113,0.7328833680152893,8,False
92,gated_alive,full,cuda,diagonal_prototype_relu_soft_top_fraction_v3_geometry_regularization,1,5,2705083831,0.6,0.33333333333333337,0.6812006220817566,0.6811354146003723,6,False
92,gated_alive,full,cuda,diagonal_prototype_relu_soft_top_fraction_v3_geometry_regularization,2,3,2705093631,0.5,0.0,0.7007197213172912,0.7005996179580688,7,False
92,gated_alive,full,cuda,diagonal_prototype_relu_soft_top_fraction_v3_geometry_regularization,2,4,2705093731,1.0,1.0,0.023568791449069978,0.012770810388028622,73,True
92,gated_alive,full,cuda,diagonal_prototype_relu_soft_top_fraction_v3_geometry_regularization,2,5,2705093831,1.0,1.0,0.028894908353686334,0.023497439256170764,44,False
93,gated_alive,full,cuda,diagonal_prototype_relu_soft_top_fraction_v3_geometry_regularization,0,3,1111767180,0.6,0.3333333333333333,0.6810831818580627,0.6810421738624572,6,False
93,gated_alive,full,cuda,diagonal_prototype_relu_soft_top_fraction_v3_geometry_regularization,0,4,1111767280,0.8,1.0,0.3630215792655945,0.35728387224674224,26,False
93,gated_alive,full,cuda,diagonal_prototype_relu_soft_top_fraction_v3_geometry_regularization,0,5,1111767380,0.6,0.8333333333333333,0.540516893863678,0.5388496181964875,13,False
93,gated_alive,full,cuda,diagonal_prototype_relu_soft_top_fraction_v3_geometry_regularization,1,3,1111777180,0.6,0.6666666666666667,0.6733653583526611,0.6732780971527099,6,False
93,gated_alive,full,cuda,diagonal_prototype_relu_soft_top_fraction_v3_geometry_regularization,1,4,1111777280,0.6,0.6666666666666667,0.6719164705276489,0.6709010534286499,13,False
93,gated_alive,full,cuda,diagonal_prototype_relu_soft_top_fraction_v3_geometry_regularization,1,5,1111777380,1.0,1.0,0.13258183927088976,0.1276126126945019,47,True
93,gated_alive,full,cuda,diagonal_prototype_relu_soft_top_fraction_v3_geometry_regularization,2,3,1111787180,0.75,1.0,0.4256501257419586,0.42348487079143526,18,False
93,gated_alive,full,cuda,diagonal_prototype_relu_soft_top_fraction_v3_geometry_regularization,2,4,1111787280,0.75,0.75,0.5517870581150055,0.5494073867797852,19,False
93,gated_alive,full,cuda,diagonal_prototype_relu_soft_top_fraction_v3_geometry_regularization,2,5,1111787380,0.5,0.5,0.6901379561424256,0.6900501585006714,6,False
94,gated_alive,full,cuda,diagonal_prototype_relu_soft_top_fraction_v3_geometry_regularization,0,3,3603600308,0.4,0.0,0.7582866835594178,0.7581920909881592,6,False
94,gated_alive,full,cuda,diagonal_prototype_relu_soft_top_fraction_v3_geometry_regularization,0,4,3603600408,0.4,0.3333333333333333,0.7229991631507874,0.7229383068084717,6,False
94,gated_alive,full,cuda,diagonal_prototype_relu_soft_top_fraction_v3_geometry_regularization,0,5,3603600508,0.4,0.0,0.7235290274620056,0.7234962449073792,6,False
94,gated_alive,full,cuda,diagonal_prototype_relu_soft_top_fraction_v3_geometry_regularization,1,3,3603610308,0.4,0.8333333333333334,0.6981292605400086,0.6980663776397705,6,False
94,gated_alive,full,cuda,diagonal_prototype_relu_soft_top_fraction_v3_geometry_regularization,1,4,3603610408,0.8,0.6666666666666667,0.5318064966201782,0.5271583032608033,25,False
94,gated_alive,full,cuda,diagonal_prototype_relu_soft_top_fraction_v3_geometry_regularization,1,5,3603610508,0.8,0.8333333333333334,0.483548987865448,0.4813409895896912,15,True
94,gated_alive,full,cuda,diagonal_prototype_relu_soft_top_fraction_v3_geometry_regularization,2,3,3603620308,0.25,0.25,0.7111350131034851,0.7110407781600953,6,False
94,gated_alive,full,cuda,diagonal_prototype_relu_soft_top_fraction_v3_geometry_regularization,2,4,3603620408,0.75,0.5,0.7148321747779847,0.714757251739502,6,False
94,gated_alive,full,cuda,diagonal_prototype_relu_soft_top_fraction_v3_geometry_regularization,2,5,3603620508,0.5,0.0,0.7191662788391113,0.7191060781478882,6,False
95,gated_alive,full,cuda,diagonal_prototype_relu_soft_top_fraction_v3_geometry_regularization,0,3,1526631305,0.6,0.6666666666666666,0.6926384220123291,0.6918984899520874,13,False
95,gated_alive,full,cuda,diagonal_prototype_relu_soft_top_fraction_v3_geometry_regularization,0,4,1526631405,0.6,0.8333333333333333,0.5557805802822113,0.5504734898209572,39,False
95,gated_alive,full,cuda,diagonal_prototype_relu_soft_top_fraction_v3_geometry_regularization,0,5,1526631505,0.4,0.5,0.7341588091850281,0.7340620112419128,7,False
95,gated_alive,full,cuda,diagonal_prototype_relu_soft_top_fraction_v3_geometry_regularization,1,3,1526641305,0.6,0.5,0.6252779645919799,0.6250172080993652,8,False
95,gated_alive,full,cuda,diagonal_prototype_relu_soft_top_fraction_v3_geometry_regularization,1,4,1526641405,0.4,0.33333333333333337,0.7139727201461792,0.7139147844314575,6,False
95,gated_alive,full,cuda,diagonal_prototype_relu_soft_top_fraction_v3_geometry_regularization,1,5,1526641505,0.6,0.33333333333333337,0.6914419870376587,0.6913857202529907,6,False
95,gated_alive,full,cuda,diagonal_prototype_relu_soft_top_fraction_v3_geometry_regularization,2,3,1526651305,1.0,1.0,0.6704089140892029,0.6703273749351502,10,False
95,gated_alive,full,cuda,diagonal_prototype_relu_soft_top_fraction_v3_geometry_regularization,2,4,1526651405,1.0,1.0,0.5319485801458359,0.5298171210289001,18,True
95,gated_alive,full,cuda,diagonal_prototype_relu_soft_top_fraction_v3_geometry_regularization,2,5,1526651505,0.5,0.75,0.6873893404006958,0.6872909927368164,6,False
96,gated_alive,full,cuda,diagonal_prototype_relu_soft_top_fraction_v3_geometry_regularization,0,3,277796265,0.4,0.16666666666666666,0.7377992763519287,0.73771666431427,6,False
96,gated_alive,full,cuda,diagonal_prototype_relu_soft_top_fraction_v3_geometry_regularization,0,4,277796365,0.4,0.3333333333333333,0.7150661058425903,0.7149375982284546,7,False
96,gated_alive,full,cuda,diagonal_prototype_relu_soft_top_fraction_v3_geometry_regularization,0,5,277796465,0.4,0.0,0.7317387490272522,0.7316669850349427,6,False
96,gated_alive,full,cuda,diagonal_prototype_relu_soft_top_fraction_v3_geometry_regularization,1,3,277806265,0.6,0.6666666666666667,0.7200072774887085,0.719649172782898,10,True
96,gated_alive,full,cuda,diagonal_prototype_relu_soft_top_fraction_v3_geometry_regularization,1,4,277806365,0.4,1.0,0.7015756287574768,0.7015025534629822,6,False
96,gated_alive,full,cuda,diagonal_prototype_relu_soft_top_fraction_v3_geometry_regularization,1,5,277806465,0.4,0.33333333333333337,0.7218404140472412,0.7217501130104065,6,False
96,gated_alive,full,cuda,diagonal_prototype_relu_soft_top_fraction_v3_geometry_regularization,2,3,277816265,0.0,0.0,0.7040792036056519,0.7040213871002198,6,False
96,gated_alive,full,cuda,diagonal_prototype_relu_soft_top_fraction_v3_geometry_regularization,2,4,277816365,0.25,0.5,0.6983997344970703,0.6983580708503723,6,False
96,gated_alive,full,cuda,diagonal_prototype_relu_soft_top_fraction_v3_geometry_regularization,2,5,277816465,0.5,1.0,0.6644840669631958,0.6643485856056214,6,False
97,gated_alive,full,cuda,diagonal_prototype_relu_soft_top_fraction_v3_geometry_regularization,0,3,21571058,0.4,0.3333333333333333,0.7269704666137695,0.7269108023643494,6,False
97,gated_alive,full,cuda,diagonal_prototype_relu_soft_top_fraction_v3_geometry_regularization,0,4,21571158,0.4,0.0,0.717128646850586,0.7170972352027893,6,False
97,gated_alive,full,cuda,diagonal_prototype_relu_soft_top_fraction_v3_geometry_regularization,0,5,21571258,0.4,0.6666666666666666,0.7261707000732421,0.72604123878479,7,False
97,gated_alive,full,cuda,diagonal_prototype_relu_soft_top_fraction_v3_geometry_regularization,1,3,21581058,0.6,0.6666666666666667,0.6854409389495849,0.6851004772186279,9,False
97,gated_alive,full,cuda,diagonal_prototype_relu_soft_top_fraction_v3_geometry_regularization,1,4,21581158,0.4,0.0,0.7208689994812012,0.7207668371200562,7,False
97,gated_alive,full,cuda,diagonal_prototype_relu_soft_top_fraction_v3_geometry_regularization,1,5,21581258,0.4,0.0,0.7882506051063538,0.7881393828392029,6,False
97,gated_alive,full,cuda,diagonal_prototype_relu_soft_top_fraction_v3_geometry_regularization,2,3,21591058,0.75,1.0,0.25356195490807293,0.24966203182935714,25,False
97,gated_alive,full,cuda,diagonal_prototype_relu_soft_top_fraction_v3_geometry_regularization,2,4,21591158,0.75,1.0,0.23551991164684297,0.23026027753949166,28,True
97,gated_alive,full,cuda,diagonal_prototype_relu_soft_top_fraction_v3_geometry_regularization,2,5,21591258,0.75,1.0,0.35571922913193704,0.35363123029470445,19,False
98,gated_alive,full,cuda,diagonal_prototype_relu_soft_top_fraction_v3_geometry_regularization,0,3,107846671,0.4,0.16666666666666666,0.6951554727554321,0.6951072525978088,6,False
98,gated_alive,full,cuda,diagonal_prototype_relu_soft_top_fraction_v3_geometry_regularization,0,4,107846771,0.4,0.6666666666666666,0.6923074893951416,0.6922066979408265,6,False
98,gated_alive,full,cuda,diagonal_prototype_relu_soft_top_fraction_v3_geometry_regularization,0,5,107846871,0.4,0.3333333333333333,0.7431751503944397,0.7429491891860962,8,False
98,gated_alive,full,cuda,diagonal_prototype_relu_soft_top_fraction_v3_geometry_regularization,1,3,107856671,0.4,0.5,0.7028832097053528,0.7027502317428589,6,False
98,gated_alive,full,cuda,diagonal_prototype_relu_soft_top_fraction_v3_geometry_regularization,1,4,107856771,0.4,0.5,0.729223464012146,0.7291468720436096,6,False
98,gated_alive,full,cuda,diagonal_prototype_relu_soft_top_fraction_v3_geometry_regularization,1,5,107856871,0.6,0.8333333333333334,0.6177162623405457,0.6149707098007202,18,True
98,gated_alive,full,cuda,diagonal_prototype_relu_soft_top_fraction_v3_geometry_regularization,2,3,107866671,0.5,0.75,0.4400648781657219,0.4354343125876039,30,False
98,gated_alive,full,cuda,diagonal_prototype_relu_soft_top_fraction_v3_geometry_regularization,2,4,107866771,0.25,0.25,0.6999786901473999,0.6999081778526306,6,False
98,gated_alive,full,cuda,diagonal_prototype_relu_soft_top_fraction_v3_geometry_regularization,2,5,107866871,0.5,0.25,0.6949629402160644,0.6949034547805786,6,False
99,gated_alive,full,cuda,diagonal_prototype_relu_soft_top_fraction_v3_geometry_regularization,0,3,2699836258,0.4,0.5,0.7279614205360413,0.7278320784568787,6,False
99,gated_alive,full,cuda,diagonal_prototype_relu_soft_top_fraction_v3_geometry_regularization,0,4,2699836358,0.6,1.0,0.6644669647216797,0.6644242877960205,6,False
99,gated_alive,full,cuda,diagonal_prototype_relu_soft_top_fraction_v3_geometry_regularization,0,5,2699836458,0.8,1.0,0.46583046555519103,0.4646722877025604,14,False
99,gated_alive,full,cuda,diagonal_prototype_relu_soft_top_fraction_v3_geometry_regularization,1,3,2699846258,0.4,0.33333333333333337,0.7394680190086365,0.7393977451324463,6,False
99,gated_alive,full,cuda,diagonal_prototype_relu_soft_top_fraction_v3_geometry_regularization,1,4,2699846358,0.4,0.33333333333333337,0.7244116725921631,0.7242915096282959,6,False
99,gated_alive,full,cuda,diagonal_prototype_relu_soft_top_fraction_v3_geometry_regularization,1,5,2699846458,0.2,0.0,0.7215314126014709,0.7213942623138427,6,False
99,gated_alive,full,cuda,diagonal_prototype_relu_soft_top_fraction_v3_geometry_regularization,2,3,2699856258,0.75,1.0,0.4591457402706146,0.4560535359382629,24,False
99,gated_alive,full,cuda,diagonal_prototype_relu_soft_top_fraction_v3_geometry_regularization,2,4,2699856358,0.5,0.75,0.45757692635059355,0.4546164721250534,19,False
99,gated_alive,full,cuda,diagonal_prototype_relu_soft_top_fraction_v3_geometry_regularization,2,5,2699856458,1.0,1.0,0.3344331167638302,0.3308387583494186,20,True
