split_id,gate,run_mode,device,implementation_version,inner_fold,filter_count,candidate_seed,validation_accuracy,validation_roc_auc,best_validation_loss,epochs_run,selected
0,gated_alive,full,cuda,quadratic_relu_soft_top_fraction_v1,0,3,3003105992,0.4,0.5,0.7157912483215332,10,False
0,gated_alive,full,cuda,quadratic_relu_soft_top_fraction_v1,0,4,3003106092,0.6,0.3333333333333333,0.6832930545806885,6,False
0,gated_alive,full,cuda,quadratic_relu_soft_top_fraction_v1,0,5,3003106192,0.6,0.6666666666666666,0.590865605680272,6,False
0,gated_alive,full,cuda,quadratic_relu_soft_top_fraction_v1,1,3,3003115992,0.6,0.0,0.6841372375488282,6,False
0,gated_alive,full,cuda,quadratic_relu_soft_top_fraction_v1,1,4,3003116092,0.8,1.0,0.29387779924832286,10,False
0,gated_alive,full,cuda,quadratic_relu_soft_top_fraction_v1,1,5,3003116192,0.6,0.6666666666666667,0.640549377322197,7,False
0,gated_alive,full,cuda,quadratic_relu_soft_top_fraction_v1,2,3,3003125992,1.0,1.0,0.35196504335850476,8,False
0,gated_alive,full,cuda,quadratic_relu_soft_top_fraction_v1,2,4,3003126092,0.75,1.0,0.24507619137410075,7,False
0,gated_alive,full,cuda,quadratic_relu_soft_top_fraction_v1,2,5,3003126192,1.0,1.0,0.24820407250663265,8,True
1,gated_alive,full,cuda,quadratic_relu_soft_top_fraction_v1,0,3,976401080,0.8,1.0,0.28356603256240487,8,False
1,gated_alive,full,cuda,quadratic_relu_soft_top_fraction_v1,0,4,976401180,0.6,0.8333333333333333,0.47593427926301957,6,False
1,gated_alive,full,cuda,quadratic_relu_soft_top_fraction_v1,0,5,976401280,0.8,1.0,0.5116353813409805,6,False
1,gated_alive,full,cuda,quadratic_relu_soft_top_fraction_v1,1,3,976411080,0.4,0.5,0.7177143864631653,18,False
1,gated_alive,full,cuda,quadratic_relu_soft_top_fraction_v1,1,4,976411180,0.8,0.6666666666666667,0.6775255689620971,6,False
1,gated_alive,full,cuda,quadratic_relu_soft_top_fraction_v1,1,5,976411280,0.6,0.6666666666666667,0.6878583540916443,6,False
1,gated_alive,full,cuda,quadratic_relu_soft_top_fraction_v1,2,3,976421080,1.0,1.0,0.30179498553276063,14,False
1,gated_alive,full,cuda,quadratic_relu_soft_top_fraction_v1,2,4,976421180,1.0,1.0,0.13982458487153054,38,True
1,gated_alive,full,cuda,quadratic_relu_soft_top_fraction_v1,2,5,976421280,1.0,1.0,0.25340396136045457,15,False
2,gated_alive,full,cuda,quadratic_relu_soft_top_fraction_v1,0,3,3387213321,0.8,0.6666666666666666,0.6538187055587769,6,False
2,gated_alive,full,cuda,quadratic_relu_soft_top_fraction_v1,0,4,3387213421,0.6,1.0,0.4745671594142914,6,False
2,gated_alive,full,cuda,quadratic_relu_soft_top_fraction_v1,0,5,3387213521,0.4,0.3333333333333333,0.9247562141418457,6,False
2,gated_alive,full,cuda,quadratic_relu_soft_top_fraction_v1,1,3,3387223321,0.8,1.0,0.29133528101444245,8,False
2,gated_alive,full,cuda,quadratic_relu_soft_top_fraction_v1,1,4,3387223421,0.8,1.0,0.38443207436800003,7,False
2,gated_alive,full,cuda,quadratic_relu_soft_top_fraction_v1,1,5,3387223521,0.8,0.8333333333333334,0.41778316974639895,7,False
2,gated_alive,full,cuda,quadratic_relu_soft_top_fraction_v1,2,3,3387233321,0.5,0.25,0.6933354783058167,7,False
2,gated_alive,full,cuda,quadratic_relu_soft_top_fraction_v1,2,4,3387233421,1.0,1.0,0.014676692415960133,9,False
2,gated_alive,full,cuda,quadratic_relu_soft_top_fraction_v1,2,5,3387233521,1.0,1.0,0.004090826017782092,12,True
3,gated_alive,full,cuda,quadratic_relu_soft_top_fraction_v1,0,3,1360467008,0.8,0.6666666666666666,0.5990001325607299,22,False
3,gated_alive,full,cuda,quadratic_relu_soft_top_fraction_v1,0,4,1360467108,0.8,0.8333333333333333,0.5845779933929444,8,False
3,gated_alive,full,cuda,quadratic_relu_soft_top_fraction_v1,0,5,1360467208,0.4,0.3333333333333333,1.0971648184061051,6,False
3,gated_alive,full,cuda,quadratic_relu_soft_top_fraction_v1,1,3,1360477008,0.8,0.8333333333333334,0.5290095430165529,9,False
3,gated_alive,full,cuda,quadratic_relu_soft_top_fraction_v1,1,4,1360477108,1.0,1.0,0.24211377822607755,10,True
3,gated_alive,full,cuda,quadratic_relu_soft_top_fraction_v1,1,5,1360477208,0.8,0.8333333333333334,0.3990509967803955,8,False
3,gated_alive,full,cuda,quadratic_relu_soft_top_fraction_v1,2,3,1360487008,0.75,1.0,0.48497328639030457,7,False
3,gated_alive,full,cuda,quadratic_relu_soft_top_fraction_v1,2,4,1360487108,1.0,1.0,0.31823468804359434,15,False
3,gated_alive,full,cuda,quadratic_relu_soft_top_fraction_v1,2,5,1360487208,0.75,0.75,0.6017031574249267,7,False
4,gated_alive,full,cuda,quadratic_relu_soft_top_fraction_v1,0,3,876933380,1.0,1.0,0.012012816476635635,25,False
4,gated_alive,full,cuda,quadratic_relu_soft_top_fraction_v1,0,4,876933480,1.0,1.0,0.006716286130715162,46,False
4,gated_alive,full,cuda,quadratic_relu_soft_top_fraction_v1,0,5,876933580,1.0,1.0,0.0038105414449237287,100,True
4,gated_alive,full,cuda,quadratic_relu_soft_top_fraction_v1,1,3,876943380,0.8,1.0,0.15760211463691667,9,False
4,gated_alive,full,cuda,quadratic_relu_soft_top_fraction_v1,1,4,876943480,0.8,1.0,0.2329172485396266,7,False
4,gated_alive,full,cuda,quadratic_relu_soft_top_fraction_v1,1,5,876943580,0.8,1.0,0.32031880486011505,7,False
4,gated_alive,full,cuda,quadratic_relu_soft_top_fraction_v1,2,3,876953380,0.75,0.5,0.621636860370636,7,False
4,gated_alive,full,cuda,quadratic_relu_soft_top_fraction_v1,2,4,876953480,1.0,1.0,0.3565239381790161,7,False
4,gated_alive,full,cuda,quadratic_relu_soft_top_fraction_v1,2,5,876953580,0.5,0.75,0.665277637988329,9,False
5,gated_alive,full,cuda,quadratic_relu_soft_top_fraction_v1,0,3,3424658861,0.8,0.8333333333333333,0.35885782074928285,12,False
5,gated_alive,full,cuda,quadratic_relu_soft_top_fraction_v1,0,4,3424658961,1.0,1.0,0.258070294521749,10,True
5,gated_alive,full,cuda,quadratic_relu_soft_top_fraction_v1,0,5,3424659061,0.6,0.8333333333333333,0.5462379200160503,7,False
5,gated_alive,full,cuda,quadratic_relu_soft_top_fraction_v1,1,3,3424668861,0.6,0.8333333333333334,0.5008614140283316,21,False
5,gated_alive,full,cuda,quadratic_relu_soft_top_fraction_v1,1,4,3424668961,0.8,0.8333333333333334,0.45916080057621,6,False
5,gated_alive,full,cuda,quadratic_relu_soft_top_fraction_v1,1,5,3424669061,0.8,1.0,0.4272288163900375,7,False
5,gated_alive,full,cuda,quadratic_relu_soft_top_fraction_v1,2,3,3424678861,0.5,0.75,0.4448444973118603,17,False
5,gated_alive,full,cuda,quadratic_relu_soft_top_fraction_v1,2,4,3424678961,0.5,0.0,0.6999492931365967,6,False
5,gated_alive,full,cuda,quadratic_relu_soft_top_fraction_v1,2,5,3424679061,1.0,1.0,0.3453298338875175,26,False
6,gated_alive,full,cuda,quadratic_relu_soft_top_fraction_v1,0,3,2760305211,0.4,0.5,0.7125986113548278,8,False
6,gated_alive,full,cuda,quadratic_relu_soft_top_fraction_v1,0,4,2760305311,0.6,0.8333333333333333,0.8298826104402542,6,False
6,gated_alive,full,cuda,quadratic_relu_soft_top_fraction_v1,0,5,2760305411,0.4,1.0,0.8192496275901795,6,False
6,gated_alive,full,cuda,quadratic_relu_soft_top_fraction_v1,1,3,2760315211,0.6,0.33333333333333337,1.380736223757267,6,False
6,gated_alive,full,cuda,quadratic_relu_soft_top_fraction_v1,1,4,2760315311,0.6,0.5,2.662587906461209,6,False
6,gated_alive,full,cuda,quadratic_relu_soft_top_fraction_v1,1,5,2760315411,0.4,0.5,0.7991082878112793,6,False
6,gated_alive,full,cuda,quadratic_relu_soft_top_fraction_v1,2,3,2760325211,0.25,0.5,0.6951071643829345,6,False
6,gated_alive,full,cuda,quadratic_relu_soft_top_fraction_v1,2,4,2760325311,1.0,1.0,0.009785274823661894,34,False
6,gated_alive,full,cuda,quadratic_relu_soft_top_fraction_v1,2,5,2760325411,1.0,1.0,0.0013973901444114744,91,True
7,gated_alive,full,cuda,quadratic_relu_soft_top_fraction_v1,0,3,2904491993,0.6,0.6666666666666666,0.6986854903697968,8,False
7,gated_alive,full,cuda,quadratic_relu_soft_top_fraction_v1,0,4,2904492093,0.6,0.8333333333333333,0.47947456085681917,6,False
7,gated_alive,full,cuda,quadratic_relu_soft_top_fraction_v1,0,5,2904492193,0.8,0.8333333333333333,0.3049974258728325,8,False
7,gated_alive,full,cuda,quadratic_relu_soft_top_fraction_v1,1,3,2904501993,0.8,1.0,0.3484616813063621,6,False
7,gated_alive,full,cuda,quadratic_relu_soft_top_fraction_v1,1,4,2904502093,0.8,1.0,0.3177714277822524,7,True
7,gated_alive,full,cuda,quadratic_relu_soft_top_fraction_v1,1,5,2904502193,0.8,1.0,0.4352886670231819,6,False
7,gated_alive,full,cuda,quadratic_relu_soft_top_fraction_v1,2,3,2904511993,0.5,0.5,0.6933441877365112,15,False
7,gated_alive,full,cuda,quadratic_relu_soft_top_fraction_v1,2,4,2904512093,0.25,0.5,0.7310250067710876,6,False
7,gated_alive,full,cuda,quadratic_relu_soft_top_fraction_v1,2,5,2904512193,0.75,1.0,0.37018436515703795,8,False
8,gated_alive,full,cuda,quadratic_relu_soft_top_fraction_v1,0,3,4245388344,0.2,0.3333333333333333,1.1356657444238663,6,False
8,gated_alive,full,cuda,quadratic_relu_soft_top_fraction_v1,0,4,4245388444,0.4,0.3333333333333333,0.7973802981376648,6,False
8,gated_alive,full,cuda,quadratic_relu_soft_top_fraction_v1,0,5,4245388544,0.4,0.6666666666666666,0.690546543225646,7,False
8,gated_alive,full,cuda,quadratic_relu_soft_top_fraction_v1,1,3,4245398344,0.4,0.75,0.7129618091583252,6,False
8,gated_alive,full,cuda,quadratic_relu_soft_top_fraction_v1,1,4,4245398444,0.6,1.0,0.5201277434229851,6,False
8,gated_alive,full,cuda,quadratic_relu_soft_top_fraction_v1,1,5,4245398544,0.6,1.0,1.1166798739656807,6,False
8,gated_alive,full,cuda,quadratic_relu_soft_top_fraction_v1,2,3,4245408344,1.0,1.0,0.19566451147198677,12,False
8,gated_alive,full,cuda,quadratic_relu_soft_top_fraction_v1,2,4,4245408444,1.0,1.0,0.3044853991270065,7,False
8,gated_alive,full,cuda,quadratic_relu_soft_top_fraction_v1,2,5,4245408544,1.0,1.0,0.17006459832191467,9,True
9,gated_alive,full,cuda,quadratic_relu_soft_top_fraction_v1,0,3,1679803027,0.8,0.6666666666666666,0.4911003863215446,7,False
9,gated_alive,full,cuda,quadratic_relu_soft_top_fraction_v1,0,4,1679803127,0.6,0.6666666666666666,0.7178544521331787,11,False
9,gated_alive,full,cuda,quadratic_relu_soft_top_fraction_v1,0,5,1679803227,0.4,0.6666666666666666,0.6956016454696655,6,False
9,gated_alive,full,cuda,quadratic_relu_soft_top_fraction_v1,1,3,1679813027,1.0,1.0,0.010617571551352739,70,True
9,gated_alive,full,cuda,quadratic_relu_soft_top_fraction_v1,1,4,1679813127,0.6,0.6666666666666667,0.707534836769104,8,False
9,gated_alive,full,cuda,quadratic_relu_soft_top_fraction_v1,1,5,1679813227,0.4,0.5,0.7130349278450012,13,False
9,gated_alive,full,cuda,quadratic_relu_soft_top_fraction_v1,2,3,1679823027,1.0,1.0,0.04883296065963805,7,False
9,gated_alive,full,cuda,quadratic_relu_soft_top_fraction_v1,2,4,1679823127,1.0,1.0,0.03305536592844874,9,False
9,gated_alive,full,cuda,quadratic_relu_soft_top_fraction_v1,2,5,1679823227,1.0,1.0,0.061977562708780166,8,False
10,gated_alive,full,cuda,quadratic_relu_soft_top_fraction_v1,0,3,3605303406,0.4,0.16666666666666666,0.7380389323234559,7,False
10,gated_alive,full,cuda,quadratic_relu_soft_top_fraction_v1,0,4,3605303506,0.8,1.0,0.40673794066905977,6,False
10,gated_alive,full,cuda,quadratic_relu_soft_top_fraction_v1,0,5,3605303606,0.8,1.0,0.42080180180072785,7,False
10,gated_alive,full,cuda,quadratic_relu_soft_top_fraction_v1,1,3,3605313406,0.4,0.5,0.6897032990455627,9,False
10,gated_alive,full,cuda,quadratic_relu_soft_top_fraction_v1,1,4,3605313506,1.0,1.0,0.22730749581521376,12,False
10,gated_alive,full,cuda,quadratic_relu_soft_top_fraction_v1,1,5,3605313606,0.8,1.0,0.29362191498465834,14,False
10,gated_alive,full,cuda,quadratic_relu_soft_top_fraction_v1,2,3,3605323406,0.75,0.75,0.5593404579162597,8,False
10,gated_alive,full,cuda,quadratic_relu_soft_top_fraction_v1,2,4,3605323506,1.0,1.0,0.0886916718678549,7,True
10,gated_alive,full,cuda,quadratic_relu_soft_top_fraction_v1,2,5,3605323606,0.75,0.75,0.515307130292058,7,False
11,gated_alive,full,cuda,quadratic_relu_soft_top_fraction_v1,0,3,1429425234,0.6,0.5,1.1443590705990792,6,False
11,gated_alive,full,cuda,quadratic_relu_soft_top_fraction_v1,0,4,1429425334,0.8,0.5,0.8656289054155349,6,False
11,gated_alive,full,cuda,quadratic_relu_soft_top_fraction_v1,0,5,1429425434,0.6,0.5,0.8411079585552216,6,False
11,gated_alive,full,cuda,quadratic_relu_soft_top_fraction_v1,1,3,1429435234,0.8,1.0,0.43602030181139706,11,False
11,gated_alive,full,cuda,quadratic_relu_soft_top_fraction_v1,1,4,1429435334,0.8,0.8333333333333334,0.49289187070727347,7,False
11,gated_alive,full,cuda,quadratic_relu_soft_top_fraction_v1,1,5,1429435434,0.8,1.0,0.32100738685950636,7,False
11,gated_alive,full,cuda,quadratic_relu_soft_top_fraction_v1,2,3,1429445234,1.0,1.0,0.17720139725133777,11,False
11,gated_alive,full,cuda,quadratic_relu_soft_top_fraction_v1,2,4,1429445334,1.0,1.0,0.13142937031108887,25,True
11,gated_alive,full,cuda,quadratic_relu_soft_top_fraction_v1,2,5,1429445434,1.0,1.0,0.14960788836237043,22,False
12,gated_alive,full,cuda,quadratic_relu_soft_top_fraction_v1,0,3,2437408456,0.6,0.5,0.6731642384529114,6,False
12,gated_alive,full,cuda,quadratic_relu_soft_top_fraction_v1,0,4,2437408556,0.8,0.8333333333333333,0.4395051023066044,7,False
12,gated_alive,full,cuda,quadratic_relu_soft_top_fraction_v1,0,5,2437408656,0.8,1.0,0.4988193378448486,9,False
12,gated_alive,full,cuda,quadratic_relu_soft_top_fraction_v1,1,3,2437418456,0.8,0.8333333333333334,0.5332649364471436,6,False
12,gated_alive,full,cuda,quadratic_relu_soft_top_fraction_v1,1,4,2437418556,0.8,1.0,0.35178693366050723,8,False
12,gated_alive,full,cuda,quadratic_relu_soft_top_fraction_v1,1,5,2437418656,0.8,0.8333333333333334,0.47466195487976076,7,False
12,gated_alive,full,cuda,quadratic_relu_soft_top_fraction_v1,2,3,2437428456,0.5,0.5,0.6932802820205688,18,False
12,gated_alive,full,cuda,quadratic_relu_soft_top_fraction_v1,2,4,2437428556,1.0,1.0,0.014520587623119354,16,False
12,gated_alive,full,cuda,quadratic_relu_soft_top_fraction_v1,2,5,2437428656,1.0,1.0,0.0043588389409705995,17,True
13,gated_alive,full,cuda,quadratic_relu_soft_top_fraction_v1,0,3,2569716828,0.4,0.3333333333333333,0.8741852550506591,7,False
13,gated_alive,full,cuda,quadratic_relu_soft_top_fraction_v1,0,4,2569716928,0.6,0.6666666666666666,0.7713319654464722,6,False
13,gated_alive,full,cuda,quadratic_relu_soft_top_fraction_v1,0,5,2569717028,0.6,0.5,0.8469769735336303,6,False
13,gated_alive,full,cuda,quadratic_relu_soft_top_fraction_v1,1,3,2569726828,0.4,0.5,0.7114586062431335,6,False
13,gated_alive,full,cuda,quadratic_relu_soft_top_fraction_v1,1,4,2569726928,1.0,1.0,0.03880161284655333,22,False
13,gated_alive,full,cuda,quadratic_relu_soft_top_fraction_v1,1,5,2569727028,1.0,1.0,0.10489881490916014,28,False
13,gated_alive,full,cuda,quadratic_relu_soft_top_fraction_v1,2,3,2569736828,1.0,1.0,0.0013160254154354334,27,True
13,gated_alive,full,cuda,quadratic_relu_soft_top_fraction_v1,2,4,2569736928,1.0,1.0,0.1764541045576334,18,False
13,gated_alive,full,cuda,quadratic_relu_soft_top_fraction_v1,2,5,2569737028,1.0,1.0,0.00515625040512532,25,False
14,gated_alive,full,cuda,quadratic_relu_soft_top_fraction_v1,0,3,915442570,0.8,1.0,0.38866908437013625,7,False
14,gated_alive,full,cuda,quadratic_relu_soft_top_fraction_v1,0,4,915442670,0.6,0.6666666666666666,0.819231088846922,8,False
14,gated_alive,full,cuda,quadratic_relu_soft_top_fraction_v1,0,5,915442770,0.8,1.0,0.5129477289170027,9,False
14,gated_alive,full,cuda,quadratic_relu_soft_top_fraction_v1,1,3,915452570,0.6,0.6666666666666667,0.6422462396621704,7,False
14,gated_alive,full,cuda,quadratic_relu_soft_top_fraction_v1,1,4,915452670,1.0,1.0,0.1364542590379715,21,True
14,gated_alive,full,cuda,quadratic_relu_soft_top_fraction_v1,1,5,915452770,0.6,0.8333333333333334,0.560763439655304,7,False
14,gated_alive,full,cuda,quadratic_relu_soft_top_fraction_v1,2,3,915462570,0.75,1.0,0.392621537563391,7,False
14,gated_alive,full,cuda,quadratic_relu_soft_top_fraction_v1,2,4,915462670,0.75,1.0,0.38438737294636666,10,False
14,gated_alive,full,cuda,quadratic_relu_soft_top_fraction_v1,2,5,915462770,0.75,1.0,0.2755804893840104,11,False
15,gated_alive,full,cuda,quadratic_relu_soft_top_fraction_v1,0,3,802017519,0.8,1.0,0.42945259729027746,6,False
15,gated_alive,full,cuda,quadratic_relu_soft_top_fraction_v1,0,4,802017619,0.8,1.0,0.3739148979187012,6,False
15,gated_alive,full,cuda,quadratic_relu_soft_top_fraction_v1,0,5,802017719,0.8,0.8333333333333333,0.48196895307302473,7,False
15,gated_alive,full,cuda,quadratic_relu_soft_top_fraction_v1,1,3,802027519,0.6,0.5,0.7709823470115662,6,False
15,gated_alive,full,cuda,quadratic_relu_soft_top_fraction_v1,1,4,802027619,0.8,1.0,0.24290018684836104,12,True
15,gated_alive,full,cuda,quadratic_relu_soft_top_fraction_v1,1,5,802027719,0.6,0.6666666666666667,0.7458347558379174,7,False
15,gated_alive,full,cuda,quadratic_relu_soft_top_fraction_v1,2,3,802037519,0.5,0.75,0.6585870134830475,6,False
15,gated_alive,full,cuda,quadratic_relu_soft_top_fraction_v1,2,4,802037619,0.75,0.5,0.7329716014862061,7,False
15,gated_alive,full,cuda,quadratic_relu_soft_top_fraction_v1,2,5,802037719,0.5,0.5,0.6972667908668518,7,False
16,gated_alive,full,cuda,quadratic_relu_soft_top_fraction_v1,0,3,984129368,0.6,0.6666666666666666,0.677639703989029,6,False
16,gated_alive,full,cuda,quadratic_relu_soft_top_fraction_v1,0,4,984129468,1.0,1.0,0.08321988289058209,11,True
16,gated_alive,full,cuda,quadratic_relu_soft_top_fraction_v1,0,5,984129568,1.0,1.0,0.1580895745754242,9,False
16,gated_alive,full,cuda,quadratic_relu_soft_top_fraction_v1,1,3,984139368,1.0,1.0,0.2439711982179433,8,False
16,gated_alive,full,cuda,quadratic_relu_soft_top_fraction_v1,1,4,984139468,0.4,0.5,0.717184856891632,9,False
16,gated_alive,full,cuda,quadratic_relu_soft_top_fraction_v1,1,5,984139568,0.6,0.6666666666666667,1.9303688031379134,6,False
16,gated_alive,full,cuda,quadratic_relu_soft_top_fraction_v1,2,3,984149368,0.75,1.0,0.39012808859348297,6,False
16,gated_alive,full,cuda,quadratic_relu_soft_top_fraction_v1,2,4,984149468,0.75,1.0,0.3792625793814659,6,False
16,gated_alive,full,cuda,quadratic_relu_soft_top_fraction_v1,2,5,984149568,0.75,1.0,0.4364195699105039,8,False
17,gated_alive,full,cuda,quadratic_relu_soft_top_fraction_v1,0,3,2889465506,0.2,0.5,0.807295844078064,6,False
17,gated_alive,full,cuda,quadratic_relu_soft_top_fraction_v1,0,4,2889465606,0.6,0.8333333333333333,0.4442938209325075,8,False
17,gated_alive,full,cuda,quadratic_relu_soft_top_fraction_v1,0,5,2889465706,0.8,1.0,0.36476124785654246,8,True
17,gated_alive,full,cuda,quadratic_relu_soft_top_fraction_v1,1,3,2889475506,0.6,0.8333333333333334,0.543225165605545,10,False
17,gated_alive,full,cuda,quadratic_relu_soft_top_fraction_v1,1,4,2889475606,0.6,0.6666666666666667,0.5479666123390198,7,False
17,gated_alive,full,cuda,quadratic_relu_soft_top_fraction_v1,1,5,2889475706,0.6,0.8333333333333334,0.4735870660543442,6,False
17,gated_alive,full,cuda,quadratic_relu_soft_top_fraction_v1,2,3,2889485506,0.5,0.25,0.8718818855285645,6,False
17,gated_alive,full,cuda,quadratic_relu_soft_top_fraction_v1,2,4,2889485606,0.5,0.5,0.7149100613594055,6,False
17,gated_alive,full,cuda,quadratic_relu_soft_top_fraction_v1,2,5,2889485706,0.75,0.75,0.6659035849571228,6,False
18,gated_alive,full,cuda,quadratic_relu_soft_top_fraction_v1,0,3,2634853674,0.6,0.8333333333333333,0.8366411426067353,6,False
18,gated_alive,full,cuda,quadratic_relu_soft_top_fraction_v1,0,4,2634853774,0.6,1.0,0.9225307928919793,6,False
18,gated_alive,full,cuda,quadratic_relu_soft_top_fraction_v1,0,5,2634853874,0.8,1.0,0.4325629770755768,6,False
18,gated_alive,full,cuda,quadratic_relu_soft_top_fraction_v1,1,3,2634863674,0.8,1.0,0.2783763365056366,9,False
18,gated_alive,full,cuda,quadratic_relu_soft_top_fraction_v1,1,4,2634863774,1.0,1.0,0.1703285334724933,10,True
18,gated_alive,full,cuda,quadratic_relu_soft_top_fraction_v1,1,5,2634863874,1.0,1.0,0.20104845284670592,7,False
18,gated_alive,full,cuda,quadratic_relu_soft_top_fraction_v1,2,3,2634873674,1.0,1.0,0.3168316692113876,12,False
18,gated_alive,full,cuda,quadratic_relu_soft_top_fraction_v1,2,4,2634873774,0.75,1.0,0.510766818523407,6,False
18,gated_alive,full,cuda,quadratic_relu_soft_top_fraction_v1,2,5,2634873874,0.75,1.0,0.4171388912945986,13,False
19,gated_alive,full,cuda,quadratic_relu_soft_top_fraction_v1,0,3,4045012804,0.4,0.3333333333333333,0.9055775530338287,6,False
19,gated_alive,full,cuda,quadratic_relu_soft_top_fraction_v1,0,4,4045012904,1.0,1.0,0.45293187975883487,8,False
19,gated_alive,full,cuda,quadratic_relu_soft_top_fraction_v1,0,5,4045013004,0.2,0.16666666666666666,0.9950622959136963,6,False
19,gated_alive,full,cuda,quadratic_relu_soft_top_fraction_v1,1,3,4045022804,1.0,1.0,0.22967885967716575,23,False
19,gated_alive,full,cuda,quadratic_relu_soft_top_fraction_v1,1,4,4045022904,1.0,1.0,0.13809168667439373,8,True
19,gated_alive,full,cuda,quadratic_relu_soft_top_fraction_v1,1,5,4045023004,0.6,1.0,0.47776098871231076,7,False
19,gated_alive,full,cuda,quadratic_relu_soft_top_fraction_v1,2,3,4045032804,0.75,1.0,0.41296538405120375,7,False
19,gated_alive,full,cuda,quadratic_relu_soft_top_fraction_v1,2,4,4045032904,0.75,1.0,0.4047946810722351,6,False
19,gated_alive,full,cuda,quadratic_relu_soft_top_fraction_v1,2,5,4045033004,0.75,1.0,0.37277641154825686,7,False
20,gated_alive,full,cuda,quadratic_relu_soft_top_fraction_v1,0,3,3032918538,0.6,1.0,0.5569684781730175,8,False
20,gated_alive,full,cuda,quadratic_relu_soft_top_fraction_v1,0,4,3032918638,0.8,1.0,0.5188416924476623,6,False
20,gated_alive,full,cuda,quadratic_relu_soft_top_fraction_v1,0,5,3032918738,0.8,1.0,0.3605693812966347,8,False
20,gated_alive,full,cuda,quadratic_relu_soft_top_fraction_v1,1,3,3032928538,0.4,1.0,1.1310579843372106,6,False
20,gated_alive,full,cuda,quadratic_relu_soft_top_fraction_v1,1,4,3032928638,0.6,1.0,0.559224185295403,7,False
20,gated_alive,full,cuda,quadratic_relu_soft_top_fraction_v1,1,5,3032928738,0.4,0.6666666666666667,1.8069807721152902,6,False
20,gated_alive,full,cuda,quadratic_relu_soft_top_fraction_v1,2,3,3032938538,1.0,1.0,0.00944398064399138,15,True
20,gated_alive,full,cuda,quadratic_relu_soft_top_fraction_v1,2,4,3032938638,1.0,1.0,0.038005424607545135,9,False
20,gated_alive,full,cuda,quadratic_relu_soft_top_fraction_v1,2,5,3032938738,1.0,1.0,0.01186857043299824,11,False
21,gated_alive,full,cuda,quadratic_relu_soft_top_fraction_v1,0,3,1066207524,1.0,1.0,0.12357990705221891,9,True
21,gated_alive,full,cuda,quadratic_relu_soft_top_fraction_v1,0,4,1066207624,1.0,1.0,0.15598726873099805,9,False
21,gated_alive,full,cuda,quadratic_relu_soft_top_fraction_v1,0,5,1066207724,0.8,1.0,0.28139127485454085,7,False
21,gated_alive,full,cuda,quadratic_relu_soft_top_fraction_v1,1,3,1066217524,0.4,0.6666666666666667,0.99073202419281,6,False
21,gated_alive,full,cuda,quadratic_relu_soft_top_fraction_v1,1,4,1066217624,0.6,0.6666666666666667,0.882776578426361,6,False
21,gated_alive,full,cuda,quadratic_relu_soft_top_fraction_v1,1,5,1066217724,0.4,0.16666666666666669,0.8905190830230713,6,False
21,gated_alive,full,cuda,quadratic_relu_soft_top_fraction_v1,2,3,1066227524,0.75,1.0,0.4198326118290424,10,False
21,gated_alive,full,cuda,quadratic_relu_soft_top_fraction_v1,2,4,1066227624,0.75,1.0,0.38973455674946306,10,False
21,gated_alive,full,cuda,quadratic_relu_soft_top_fraction_v1,2,5,1066227724,0.75,0.75,0.4002648162469268,11,False
22,gated_alive,full,cuda,quadratic_relu_soft_top_fraction_v1,0,3,3929520058,0.4,0.16666666666666666,0.744257486820221,6,False
22,gated_alive,full,cuda,quadratic_relu_soft_top_fraction_v1,0,4,3929520158,0.6,0.8333333333333333,0.5495291386246681,6,False
22,gated_alive,full,cuda,quadratic_relu_soft_top_fraction_v1,0,5,3929520258,0.6,0.8333333333333333,0.7233549119234085,6,False
22,gated_alive,full,cuda,quadratic_relu_soft_top_fraction_v1,1,3,3929530058,0.8,1.0,0.4059770822227001,16,False
22,gated_alive,full,cuda,quadratic_relu_soft_top_fraction_v1,1,4,3929530158,0.4,0.8333333333333334,0.754185152053833,7,False
22,gated_alive,full,cuda,quadratic_relu_soft_top_fraction_v1,1,5,3929530258,0.6,0.8333333333333334,0.765415545463562,7,False
22,gated_alive,full,cuda,quadratic_relu_soft_top_fraction_v1,2,3,3929540058,1.0,1.0,0.5965244579315185,8,True
22,gated_alive,full,cuda,quadratic_relu_soft_top_fraction_v1,2,4,3929540158,0.5,0.75,0.5687600159645081,6,False
22,gated_alive,full,cuda,quadratic_relu_soft_top_fraction_v1,2,5,3929540258,0.5,0.5,0.6880721354484558,6,False
23,gated_alive,full,cuda,quadratic_relu_soft_top_fraction_v1,0,3,4075413813,0.8,1.0,0.38142492684535684,26,False
23,gated_alive,full,cuda,quadratic_relu_soft_top_fraction_v1,0,4,4075413913,1.0,1.0,0.012761729899793864,21,True
23,gated_alive,full,cuda,quadratic_relu_soft_top_fraction_v1,0,5,4075414013,1.0,1.0,0.14119953906536103,7,False
23,gated_alive,full,cuda,quadratic_relu_soft_top_fraction_v1,1,3,4075423813,0.6,0.33333333333333337,0.9322916989326477,6,False
23,gated_alive,full,cuda,quadratic_relu_soft_top_fraction_v1,1,4,4075423913,0.4,0.33333333333333337,1.956888970375061,6,False
23,gated_alive,full,cuda,quadratic_relu_soft_top_fraction_v1,1,5,4075424013,0.4,0.0,0.8021434850692749,6,False
23,gated_alive,full,cuda,quadratic_relu_soft_top_fraction_v1,2,3,4075433813,0.75,1.0,0.27416319489479063,7,False
23,gated_alive,full,cuda,quadratic_relu_soft_top_fraction_v1,2,4,4075433913,0.5,0.75,0.6741257333755493,8,False
23,gated_alive,full,cuda,quadratic_relu_soft_top_fraction_v1,2,5,4075434013,0.75,1.0,0.3703557841479778,7,False
24,gated_alive,full,cuda,quadratic_relu_soft_top_fraction_v1,0,3,3145778432,1.0,1.0,0.0069054365530610085,22,False
24,gated_alive,full,cuda,quadratic_relu_soft_top_fraction_v1,0,4,3145778532,1.0,1.0,0.0843330315197818,10,False
24,gated_alive,full,cuda,quadratic_relu_soft_top_fraction_v1,0,5,3145778632,1.0,1.0,0.004596393476240337,30,True
24,gated_alive,full,cuda,quadratic_relu_soft_top_fraction_v1,1,3,3145788432,0.2,0.33333333333333337,0.8020120086669922,6,False
24,gated_alive,full,cuda,quadratic_relu_soft_top_fraction_v1,1,4,3145788532,0.4,0.6666666666666667,0.6747581720352173,6,False
24,gated_alive,full,cuda,quadratic_relu_soft_top_fraction_v1,1,5,3145788632,0.6,0.6666666666666667,0.6859128570556641,6,False
24,gated_alive,full,cuda,quadratic_relu_soft_top_fraction_v1,2,3,3145798432,0.75,1.0,0.3288938242197037,9,False
24,gated_alive,full,cuda,quadratic_relu_soft_top_fraction_v1,2,4,3145798532,1.0,1.0,0.18853186935186386,28,False
24,gated_alive,full,cuda,quadratic_relu_soft_top_fraction_v1,2,5,3145798632,1.0,1.0,0.25873140096664426,40,False
25,gated_alive,full,cuda,quadratic_relu_soft_top_fraction_v1,0,3,2865763338,0.8,1.0,0.3900790826901793,13,False
25,gated_alive,full,cuda,quadratic_relu_soft_top_fraction_v1,0,4,2865763438,0.8,1.0,0.27096221833350137,9,False
25,gated_alive,full,cuda,quadratic_relu_soft_top_fraction_v1,0,5,2865763538,1.0,1.0,0.11994072505971416,24,False
25,gated_alive,full,cuda,quadratic_relu_soft_top_fraction_v1,1,3,2865773338,0.8,1.0,0.46787735795974733,7,False
25,gated_alive,full,cuda,quadratic_relu_soft_top_fraction_v1,1,4,2865773438,0.8,1.0,0.4744345555305481,10,False
25,gated_alive,full,cuda,quadratic_relu_soft_top_fraction_v1,1,5,2865773538,0.6,1.0,0.48452893835306166,8,False
25,gated_alive,full,cuda,quadratic_relu_soft_top_fraction_v1,2,3,2865783338,1.0,1.0,0.014557507571298629,14,False
25,gated_alive,full,cuda,quadratic_relu_soft_top_fraction_v1,2,4,2865783438,1.0,1.0,0.013209084291011095,25,False
25,gated_alive,full,cuda,quadratic_relu_soft_top_fraction_v1,2,5,2865783538,1.0,1.0,0.002176719321869314,36,True
26,gated_alive,full,cuda,quadratic_relu_soft_top_fraction_v1,0,3,561034102,0.8,0.8333333333333333,0.4909431314468384,7,False
26,gated_alive,full,cuda,quadratic_relu_soft_top_fraction_v1,0,4,561034202,0.8,0.6666666666666666,0.6664495611190796,8,False
26,gated_alive,full,cuda,quadratic_relu_soft_top_fraction_v1,0,5,561034302,0.6,1.0,0.6161784534454345,6,False
26,gated_alive,full,cuda,quadratic_relu_soft_top_fraction_v1,1,3,561044102,1.0,1.0,0.32199089305195955,12,True
26,gated_alive,full,cuda,quadratic_relu_soft_top_fraction_v1,1,4,561044202,0.8,1.0,0.6527147521451115,8,False
26,gated_alive,full,cuda,quadratic_relu_soft_top_fraction_v1,1,5,561044302,0.6,1.0,0.5957500188797712,7,False
26,gated_alive,full,cuda,quadratic_relu_soft_top_fraction_v1,2,3,561054102,0.75,1.0,0.40582340091466906,7,False
26,gated_alive,full,cuda,quadratic_relu_soft_top_fraction_v1,2,4,561054202,0.5,0.5,0.6906245827674866,7,False
26,gated_alive,full,cuda,quadratic_relu_soft_top_fraction_v1,2,5,561054302,0.75,0.5,0.5984634518623352,7,False
27,gated_alive,full,cuda,quadratic_relu_soft_top_fraction_v1,0,3,411878796,1.0,1.0,0.1008289379766211,8,False
27,gated_alive,full,cuda,quadratic_relu_soft_top_fraction_v1,0,4,411878896,0.6,0.8333333333333333,0.9514287344366312,8,False
27,gated_alive,full,cuda,quadratic_relu_soft_top_fraction_v1,0,5,411878996,1.0,1.0,0.07754695692239329,49,True
27,gated_alive,full,cuda,quadratic_relu_soft_top_fraction_v1,1,3,411888796,0.8,0.8333333333333334,0.6510929552912712,8,False
27,gated_alive,full,cuda,quadratic_relu_soft_top_fraction_v1,1,4,411888896,0.4,0.6666666666666667,1.033355530977249,6,False
27,gated_alive,full,cuda,quadratic_relu_soft_top_fraction_v1,1,5,411888996,0.6,0.8333333333333334,0.8402948546409607,6,False
27,gated_alive,full,cuda,quadratic_relu_soft_top_fraction_v1,2,3,411898796,0.75,1.0,0.4732435464859009,7,False
27,gated_alive,full,cuda,quadratic_relu_soft_top_fraction_v1,2,4,411898896,1.0,1.0,0.31283383250236513,9,False
27,gated_alive,full,cuda,quadratic_relu_soft_top_fraction_v1,2,5,411898996,1.0,1.0,0.1755714511871338,7,False
28,gated_alive,full,cuda,quadratic_relu_soft_top_fraction_v1,0,3,1143810128,0.6,0.5,0.6838380241394043,6,False
28,gated_alive,full,cuda,quadratic_relu_soft_top_fraction_v1,0,4,1143810228,1.0,1.0,0.05090753879398108,20,True
28,gated_alive,full,cuda,quadratic_relu_soft_top_fraction_v1,0,5,1143810328,1.0,1.0,0.08118579983431846,17,False
28,gated_alive,full,cuda,quadratic_relu_soft_top_fraction_v1,1,3,1143820128,0.8,1.0,0.47122246289253233,100,False
28,gated_alive,full,cuda,quadratic_relu_soft_top_fraction_v1,1,4,1143820228,0.6,0.6666666666666667,0.6426858072280883,15,False
28,gated_alive,full,cuda,quadratic_relu_soft_top_fraction_v1,1,5,1143820328,0.6,0.6666666666666667,0.5935711761713028,8,False
28,gated_alive,full,cuda,quadratic_relu_soft_top_fraction_v1,2,3,1143830128,0.75,1.0,0.5427948981523514,7,False
28,gated_alive,full,cuda,quadratic_relu_soft_top_fraction_v1,2,4,1143830228,0.5,1.0,0.54433169901371,7,False
28,gated_alive,full,cuda,quadratic_relu_soft_top_fraction_v1,2,5,1143830328,0.75,0.75,0.7759813976287842,7,False
29,gated_alive,full,cuda,quadratic_relu_soft_top_fraction_v1,0,3,1897687215,0.6,0.6666666666666666,0.7606098210811615,6,False
29,gated_alive,full,cuda,quadratic_relu_soft_top_fraction_v1,0,4,1897687315,0.6,0.6666666666666666,0.667004742860794,6,False
29,gated_alive,full,cuda,quadratic_relu_soft_top_fraction_v1,0,5,1897687415,0.4,0.0,0.742252510547638,9,False
29,gated_alive,full,cuda,quadratic_relu_soft_top_fraction_v1,1,3,1897697215,0.4,0.0,0.7315603637695313,6,False
29,gated_alive,full,cuda,quadratic_relu_soft_top_fraction_v1,1,4,1897697315,0.4,0.5,0.7432114915847778,6,False
29,gated_alive,full,cuda,quadratic_relu_soft_top_fraction_v1,1,5,1897697415,0.8,1.0,0.8104173145936802,14,False
29,gated_alive,full,cuda,quadratic_relu_soft_top_fraction_v1,2,3,1897707215,1.0,1.0,0.16718223839998245,18,False
29,gated_alive,full,cuda,quadratic_relu_soft_top_fraction_v1,2,4,1897707315,0.75,1.0,0.2710664315521717,10,False
29,gated_alive,full,cuda,quadratic_relu_soft_top_fraction_v1,2,5,1897707415,1.0,1.0,0.16677185833454133,9,True
30,gated_alive,full,cuda,quadratic_relu_soft_top_fraction_v1,0,3,310985277,0.6,0.6666666666666666,0.9334623318146914,10,False
30,gated_alive,full,cuda,quadratic_relu_soft_top_fraction_v1,0,4,310985377,0.4,0.3333333333333333,0.9098105721473694,7,False
30,gated_alive,full,cuda,quadratic_relu_soft_top_fraction_v1,0,5,310985477,0.8,0.8333333333333333,0.5240850545465946,11,False
30,gated_alive,full,cuda,quadratic_relu_soft_top_fraction_v1,1,3,310995277,0.6,0.8333333333333334,0.4726095149703324,8,False
30,gated_alive,full,cuda,quadratic_relu_soft_top_fraction_v1,1,4,310995377,0.6,1.0,0.5593833995168097,9,False
30,gated_alive,full,cuda,quadratic_relu_soft_top_fraction_v1,1,5,310995477,0.8,1.0,0.4076086801425554,7,True
30,gated_alive,full,cuda,quadratic_relu_soft_top_fraction_v1,2,3,311005277,0.75,1.0,0.45676793456077575,6,False
30,gated_alive,full,cuda,quadratic_relu_soft_top_fraction_v1,2,4,311005377,0.75,0.75,0.5962096583843232,6,False
30,gated_alive,full,cuda,quadratic_relu_soft_top_fraction_v1,2,5,311005477,0.75,1.0,0.3772114808484912,9,False
31,gated_alive,full,cuda,quadratic_relu_soft_top_fraction_v1,0,3,3807402561,1.0,1.0,0.04411930918460712,24,False
31,gated_alive,full,cuda,quadratic_relu_soft_top_fraction_v1,0,4,3807402661,1.0,1.0,0.026068833825178446,17,False
31,gated_alive,full,cuda,quadratic_relu_soft_top_fraction_v1,0,5,3807402761,1.0,1.0,0.009302437864709646,51,True
31,gated_alive,full,cuda,quadratic_relu_soft_top_fraction_v1,1,3,3807412561,0.6,0.6666666666666667,1.5825574710071086,6,False
31,gated_alive,full,cuda,quadratic_relu_soft_top_fraction_v1,1,4,3807412661,0.4,0.6666666666666667,0.9927334979772567,6,False
31,gated_alive,full,cuda,quadratic_relu_soft_top_fraction_v1,1,5,3807412761,0.4,0.5,0.7035348010063172,6,False
31,gated_alive,full,cuda,quadratic_relu_soft_top_fraction_v1,2,3,3807422561,0.5,1.0,0.5887361979484558,6,False
31,gated_alive,full,cuda,quadratic_relu_soft_top_fraction_v1,2,4,3807422661,0.75,1.0,0.5326338243484497,6,False
31,gated_alive,full,cuda,quadratic_relu_soft_top_fraction_v1,2,5,3807422761,0.5,1.0,1.0314414811134338,6,False
32,gated_alive,full,cuda,quadratic_relu_soft_top_fraction_v1,0,3,2035922833,0.8,1.0,0.2998135288190097,11,False
32,gated_alive,full,cuda,quadratic_relu_soft_top_fraction_v1,0,4,2035922933,1.0,1.0,0.15402524358220399,9,True
32,gated_alive,full,cuda,quadratic_relu_soft_top_fraction_v1,0,5,2035923033,1.0,1.0,0.23926466730516405,10,False
32,gated_alive,full,cuda,quadratic_relu_soft_top_fraction_v1,1,3,2035932833,0.8,1.0,0.3615660209953785,15,False
32,gated_alive,full,cuda,quadratic_relu_soft_top_fraction_v1,1,4,2035932933,1.0,1.0,0.21982593250274657,14,False
32,gated_alive,full,cuda,quadratic_relu_soft_top_fraction_v1,1,5,2035933033,1.0,1.0,0.16964545869827272,11,False
32,gated_alive,full,cuda,quadratic_relu_soft_top_fraction_v1,2,3,2035942833,0.5,0.5,0.7390413236618042,6,False
32,gated_alive,full,cuda,quadratic_relu_soft_top_fraction_v1,2,4,2035942933,0.5,0.75,0.7104435610771179,6,False
32,gated_alive,full,cuda,quadratic_relu_soft_top_fraction_v1,2,5,2035943033,0.5,0.5,1.083598044514656,6,False
33,gated_alive,full,cuda,quadratic_relu_soft_top_fraction_v1,0,3,2995540271,1.0,1.0,0.04930465230112895,83,True
33,gated_alive,full,cuda,quadratic_relu_soft_top_fraction_v1,0,4,2995540371,0.6,0.5,1.2666175485569984,13,False
33,gated_alive,full,cuda,quadratic_relu_soft_top_fraction_v1,0,5,2995540471,0.6,1.0,0.602820588864386,11,False
33,gated_alive,full,cuda,quadratic_relu_soft_top_fraction_v1,1,3,2995550271,0.6,1.0,0.500580822467804,7,False
33,gated_alive,full,cuda,quadratic_relu_soft_top_fraction_v1,1,4,2995550371,0.8,1.0,0.5105851792097091,6,False
33,gated_alive,full,cuda,quadratic_relu_soft_top_fraction_v1,1,5,2995550471,0.8,1.0,0.41494286799430846,7,False
33,gated_alive,full,cuda,quadratic_relu_soft_top_fraction_v1,2,3,2995560271,0.5,0.5,0.6932552480697631,18,False
33,gated_alive,full,cuda,quadratic_relu_soft_top_fraction_v1,2,4,2995560371,1.0,1.0,0.07978155084885657,8,False
33,gated_alive,full,cuda,quadratic_relu_soft_top_fraction_v1,2,5,2995560471,1.0,1.0,0.0644541640067473,9,False
34,gated_alive,full,cuda,quadratic_relu_soft_top_fraction_v1,0,3,913047278,0.4,0.0,1.631591745376587,6,False
34,gated_alive,full,cuda,quadratic_relu_soft_top_fraction_v1,0,4,913047378,0.4,0.0,1.0544485244750976,6,False
34,gated_alive,full,cuda,quadratic_relu_soft_top_fraction_v1,0,5,913047478,0.2,0.16666666666666666,0.807566990852356,6,False
34,gated_alive,full,cuda,quadratic_relu_soft_top_fraction_v1,1,3,913057278,0.8,0.8333333333333334,0.48844946679100393,8,False
34,gated_alive,full,cuda,quadratic_relu_soft_top_fraction_v1,1,4,913057378,0.6,0.6666666666666667,1.2230589741845614,9,False
34,gated_alive,full,cuda,quadratic_relu_soft_top_fraction_v1,1,5,913057478,0.6,0.8333333333333334,0.554811332270503,8,False
34,gated_alive,full,cuda,quadratic_relu_soft_top_fraction_v1,2,3,913067278,1.0,1.0,0.15991486998274923,14,True
34,gated_alive,full,cuda,quadratic_relu_soft_top_fraction_v1,2,4,913067378,0.75,1.0,0.31580569402314723,12,False
34,gated_alive,full,cuda,quadratic_relu_soft_top_fraction_v1,2,5,913067478,0.5,0.5,0.6933425116539002,33,False
35,gated_alive,full,cuda,quadratic_relu_soft_top_fraction_v1,0,3,1402190573,0.8,1.0,0.47638365507125857,11,False
35,gated_alive,full,cuda,quadratic_relu_soft_top_fraction_v1,0,4,1402190673,0.8,1.0,0.47087223768234254,14,False
35,gated_alive,full,cuda,quadratic_relu_soft_top_fraction_v1,0,5,1402190773,1.0,1.0,0.38859488201141357,7,False
35,gated_alive,full,cuda,quadratic_relu_soft_top_fraction_v1,1,3,1402200573,1.0,1.0,0.1321804634211585,19,False
35,gated_alive,full,cuda,quadratic_relu_soft_top_fraction_v1,1,4,1402200673,1.0,1.0,0.08661416076496244,9,False
35,gated_alive,full,cuda,quadratic_relu_soft_top_fraction_v1,1,5,1402200773,1.0,1.0,0.07233711372734979,12,True
35,gated_alive,full,cuda,quadratic_relu_soft_top_fraction_v1,2,3,1402210573,0.75,0.75,0.47122086614370345,7,False
35,gated_alive,full,cuda,quadratic_relu_soft_top_fraction_v1,2,4,1402210673,0.75,1.0,0.46868701100349425,8,False
35,gated_alive,full,cuda,quadratic_relu_soft_top_fraction_v1,2,5,1402210773,0.75,1.0,0.34365072393789886,7,False
36,gated_alive,full,cuda,quadratic_relu_soft_top_fraction_v1,0,3,498139453,0.4,0.5,0.8372558856010437,6,False
36,gated_alive,full,cuda,quadratic_relu_soft_top_fraction_v1,0,4,498139553,0.4,0.5,1.0621692514419556,6,False
36,gated_alive,full,cuda,quadratic_relu_soft_top_fraction_v1,0,5,498139653,1.0,1.0,0.05409591728914529,10,True
36,gated_alive,full,cuda,quadratic_relu_soft_top_fraction_v1,1,3,498149453,0.6,0.5,0.6894158902168274,6,False
36,gated_alive,full,cuda,quadratic_relu_soft_top_fraction_v1,1,4,498149553,0.6,0.6666666666666667,1.863636148005724,6,False
36,gated_alive,full,cuda,quadratic_relu_soft_top_fraction_v1,1,5,498149653,0.6,0.8333333333333334,0.9434735615253449,6,False
36,gated_alive,full,cuda,quadratic_relu_soft_top_fraction_v1,2,3,498159453,0.5,0.5,0.693336706161499,10,False
36,gated_alive,full,cuda,quadratic_relu_soft_top_fraction_v1,2,4,498159553,1.0,1.0,0.07956387951970101,8,False
36,gated_alive,full,cuda,quadratic_relu_soft_top_fraction_v1,2,5,498159653,0.75,1.0,0.19220054345205426,16,False
37,gated_alive,full,cuda,quadratic_relu_soft_top_fraction_v1,0,3,3152197758,0.2,0.16666666666666666,0.7263428916931153,6,False
37,gated_alive,full,cuda,quadratic_relu_soft_top_fraction_v1,0,4,3152197858,0.6,0.8333333333333333,0.5234628457352519,51,False
37,gated_alive,full,cuda,quadratic_relu_soft_top_fraction_v1,0,5,3152197958,1.0,1.0,0.22226018967851996,8,False
37,gated_alive,full,cuda,quadratic_relu_soft_top_fraction_v1,1,3,3152207758,0.8,0.6666666666666667,0.46630586838396265,8,False
37,gated_alive,full,cuda,quadratic_relu_soft_top_fraction_v1,1,4,3152207858,1.0,1.0,0.21636669091600924,17,False
37,gated_alive,full,cuda,quadratic_relu_soft_top_fraction_v1,1,5,3152207958,0.8,0.6666666666666667,0.507596014380455,6,False
37,gated_alive,full,cuda,quadratic_relu_soft_top_fraction_v1,2,3,3152217758,0.75,0.5,0.7940070629119873,6,False
37,gated_alive,full,cuda,quadratic_relu_soft_top_fraction_v1,2,4,3152217858,1.0,1.0,0.18273602134548128,15,False
37,gated_alive,full,cuda,quadratic_relu_soft_top_fraction_v1,2,5,3152217958,1.0,1.0,0.093549110814929,9,True
38,gated_alive,full,cuda,quadratic_relu_soft_top_fraction_v1,0,3,3325497301,0.6,0.6666666666666666,0.8787684230804443,6,False
38,gated_alive,full,cuda,quadratic_relu_soft_top_fraction_v1,0,4,3325497401,0.4,0.5,0.9904948587417602,6,False
38,gated_alive,full,cuda,quadratic_relu_soft_top_fraction_v1,0,5,3325497501,0.6,0.5,0.676391875743866,6,False
38,gated_alive,full,cuda,quadratic_relu_soft_top_fraction_v1,1,3,3325507301,0.4,0.6666666666666667,0.6839168356657028,8,False
38,gated_alive,full,cuda,quadratic_relu_soft_top_fraction_v1,1,4,3325507401,0.8,1.0,0.35423657015152277,13,False
38,gated_alive,full,cuda,quadratic_relu_soft_top_fraction_v1,1,5,3325507501,0.6,0.8333333333333334,0.571528478950262,10,False
38,gated_alive,full,cuda,quadratic_relu_soft_top_fraction_v1,2,3,3325517301,1.0,1.0,0.12630156540311874,8,True
38,gated_alive,full,cuda,quadratic_relu_soft_top_fraction_v1,2,4,3325517401,1.0,1.0,0.16600476583931595,11,False
38,gated_alive,full,cuda,quadratic_relu_soft_top_fraction_v1,2,5,3325517501,0.5,0.5,0.6934319496154785,10,False
39,gated_alive,full,cuda,quadratic_relu_soft_top_fraction_v1,0,3,945472733,0.4,0.16666666666666666,0.7069347329139709,6,False
39,gated_alive,full,cuda,quadratic_relu_soft_top_fraction_v1,0,4,945472833,0.4,0.6666666666666666,0.7113504776954651,6,False
39,gated_alive,full,cuda,quadratic_relu_soft_top_fraction_v1,0,5,945472933,0.8,1.0,0.2873558733141981,10,False
39,gated_alive,full,cuda,quadratic_relu_soft_top_fraction_v1,1,3,945482733,0.4,0.6666666666666667,0.9861214246749878,17,False
39,gated_alive,full,cuda,quadratic_relu_soft_top_fraction_v1,1,4,945482833,0.6,0.5,2.0124799013137817,6,False
39,gated_alive,full,cuda,quadratic_relu_soft_top_fraction_v1,1,5,945482933,0.4,0.5,0.7168499217033386,10,False
39,gated_alive,full,cuda,quadratic_relu_soft_top_fraction_v1,2,3,945492733,1.0,1.0,0.1024726012442261,8,True
39,gated_alive,full,cuda,quadratic_relu_soft_top_fraction_v1,2,4,945492833,1.0,1.0,0.1508885518508032,8,False
39,gated_alive,full,cuda,quadratic_relu_soft_top_fraction_v1,2,5,945492933,0.75,1.0,0.28179259608034046,10,False
40,gated_alive,full,cuda,quadratic_relu_soft_top_fraction_v1,0,3,3070822891,0.4,0.5,0.7000042457580566,6,False
40,gated_alive,full,cuda,quadratic_relu_soft_top_fraction_v1,0,4,3070822991,0.2,0.0,0.8973931775093079,8,False
40,gated_alive,full,cuda,quadratic_relu_soft_top_fraction_v1,0,5,3070823091,0.8,1.0,0.27022627360140905,14,False
40,gated_alive,full,cuda,quadratic_relu_soft_top_fraction_v1,1,3,3070832891,1.0,1.0,0.0712623179089278,10,False
40,gated_alive,full,cuda,quadratic_relu_soft_top_fraction_v1,1,4,3070832991,1.0,1.0,0.07424090013280511,21,False
40,gated_alive,full,cuda,quadratic_relu_soft_top_fraction_v1,1,5,3070833091,1.0,1.0,0.041250763395801186,100,True
40,gated_alive,full,cuda,quadratic_relu_soft_top_fraction_v1,2,3,3070842891,0.5,0.5,1.7658498512394727,6,False
40,gated_alive,full,cuda,quadratic_relu_soft_top_fraction_v1,2,4,3070842991,0.5,0.75,0.6868945789337159,6,False
40,gated_alive,full,cuda,quadratic_relu_soft_top_fraction_v1,2,5,3070843091,0.5,0.5,0.8500048768520355,6,False
41,gated_alive,full,cuda,quadratic_relu_soft_top_fraction_v1,0,3,350446306,0.4,0.6666666666666666,0.733539830327034,6,False
41,gated_alive,full,cuda,quadratic_relu_soft_top_fraction_v1,0,4,350446406,0.6,0.5,0.6731789970397949,6,False
41,gated_alive,full,cuda,quadratic_relu_soft_top_fraction_v1,0,5,350446506,0.8,1.0,0.47504968786239626,6,False
41,gated_alive,full,cuda,quadratic_relu_soft_top_fraction_v1,1,3,350456306,0.6,0.33333333333333337,0.6914401221275329,10,False
41,gated_alive,full,cuda,quadratic_relu_soft_top_fraction_v1,1,4,350456406,0.8,0.8333333333333334,0.37622494005039336,7,False
41,gated_alive,full,cuda,quadratic_relu_soft_top_fraction_v1,1,5,350456506,0.8,1.0,0.40693014359474183,6,True
41,gated_alive,full,cuda,quadratic_relu_soft_top_fraction_v1,2,3,350466306,0.5,0.5,1.137143440246582,6,False
41,gated_alive,full,cuda,quadratic_relu_soft_top_fraction_v1,2,4,350466406,0.75,0.75,0.5526904660463333,8,False
41,gated_alive,full,cuda,quadratic_relu_soft_top_fraction_v1,2,5,350466506,0.5,0.5,0.758066885471344,6,False
42,gated_alive,full,cuda,quadratic_relu_soft_top_fraction_v1,0,3,1681874024,0.6,1.0,0.4013841864168644,7,False
42,gated_alive,full,cuda,quadratic_relu_soft_top_fraction_v1,0,4,1681874124,1.0,1.0,0.29927134891599416,14,False
42,gated_alive,full,cuda,quadratic_relu_soft_top_fraction_v1,0,5,1681874224,0.8,1.0,0.3172963331267238,7,False
42,gated_alive,full,cuda,quadratic_relu_soft_top_fraction_v1,1,3,1681884024,0.4,0.5,0.7148504524230958,13,False
42,gated_alive,full,cuda,quadratic_relu_soft_top_fraction_v1,1,4,1681884124,1.0,1.0,0.15242719485331327,33,False
42,gated_alive,full,cuda,quadratic_relu_soft_top_fraction_v1,1,5,1681884224,1.0,1.0,0.19681761660426855,20,False
42,gated_alive,full,cuda,quadratic_relu_soft_top_fraction_v1,2,3,1681894024,1.0,1.0,0.009198864595964551,19,False
42,gated_alive,full,cuda,quadratic_relu_soft_top_fraction_v1,2,4,1681894124,1.0,1.0,0.0035541998711414637,34,True
42,gated_alive,full,cuda,quadratic_relu_soft_top_fraction_v1,2,5,1681894224,1.0,1.0,0.024804583482909946,13,False
43,gated_alive,full,cuda,quadratic_relu_soft_top_fraction_v1,0,3,686746676,1.0,1.0,0.10417074279533699,27,True
43,gated_alive,full,cuda,quadratic_relu_soft_top_fraction_v1,0,4,686746776,0.4,0.0,0.7422940196990967,6,False
43,gated_alive,full,cuda,quadratic_relu_soft_top_fraction_v1,0,5,686746876,0.4,0.5,0.7138227853775024,9,False
43,gated_alive,full,cuda,quadratic_relu_soft_top_fraction_v1,1,3,686756676,0.6,0.8333333333333334,0.5622013959288598,6,False
43,gated_alive,full,cuda,quadratic_relu_soft_top_fraction_v1,1,4,686756776,0.8,1.0,0.32418457115674393,9,False
43,gated_alive,full,cuda,quadratic_relu_soft_top_fraction_v1,1,5,686756876,0.6,1.0,0.4783354152170941,11,False
43,gated_alive,full,cuda,quadratic_relu_soft_top_fraction_v1,2,3,686766676,0.75,1.0,0.4424091696739197,8,False
43,gated_alive,full,cuda,quadratic_relu_soft_top_fraction_v1,2,4,686766776,0.75,1.0,0.407937650680542,6,False
43,gated_alive,full,cuda,quadratic_relu_soft_top_fraction_v1,2,5,686766876,0.75,1.0,0.48825725972652434,7,False
44,gated_alive,full,cuda,quadratic_relu_soft_top_fraction_v1,0,3,3195502465,1.0,1.0,0.15409650492668153,13,False
44,gated_alive,full,cuda,quadratic_relu_soft_top_fraction_v1,0,4,3195502565,1.0,1.0,0.16115000581741332,16,False
44,gated_alive,full,cuda,quadratic_relu_soft_top_fraction_v1,0,5,3195502665,1.0,1.0,0.08815729093551636,32,True
44,gated_alive,full,cuda,quadratic_relu_soft_top_fraction_v1,1,3,3195512465,0.8,1.0,0.5256200288534164,7,False
44,gated_alive,full,cuda,quadratic_relu_soft_top_fraction_v1,1,4,3195512565,0.8,1.0,0.4166918384432793,9,False
44,gated_alive,full,cuda,quadratic_relu_soft_top_fraction_v1,1,5,3195512665,0.4,0.5,0.716749942779541,10,False
44,gated_alive,full,cuda,quadratic_relu_soft_top_fraction_v1,2,3,3195522465,0.75,1.0,0.40303656458854675,19,False
44,gated_alive,full,cuda,quadratic_relu_soft_top_fraction_v1,2,4,3195522565,0.5,0.5,0.6933804416656494,24,False
44,gated_alive,full,cuda,quadratic_relu_soft_top_fraction_v1,2,5,3195522665,0.75,1.0,0.44432230648351834,7,False
45,gated_alive,full,cuda,quadratic_relu_soft_top_fraction_v1,0,3,1460719470,0.6,0.5,0.6743846497535706,7,False
45,gated_alive,full,cuda,quadratic_relu_soft_top_fraction_v1,0,4,1460719570,0.6,0.8333333333333333,0.6655122892856598,7,False
45,gated_alive,full,cuda,quadratic_relu_soft_top_fraction_v1,0,5,1460719670,0.4,0.3333333333333333,0.873763578414917,6,False
45,gated_alive,full,cuda,quadratic_relu_soft_top_fraction_v1,1,3,1460729470,0.8,0.8333333333333334,0.5376064429283142,6,False
45,gated_alive,full,cuda,quadratic_relu_soft_top_fraction_v1,1,4,1460729570,0.6,0.6666666666666667,0.8749606082439423,6,False
45,gated_alive,full,cuda,quadratic_relu_soft_top_fraction_v1,1,5,1460729670,0.8,0.6666666666666667,0.8419820265769958,6,False
45,gated_alive,full,cuda,quadratic_relu_soft_top_fraction_v1,2,3,1460739470,0.75,1.0,0.3050232263468206,7,False
45,gated_alive,full,cuda,quadratic_relu_soft_top_fraction_v1,2,4,1460739570,0.75,0.75,0.4299835136905312,9,False
45,gated_alive,full,cuda,quadratic_relu_soft_top_fraction_v1,2,5,1460739670,1.0,1.0,0.26592550582252444,28,True
46,gated_alive,full,cuda,quadratic_relu_soft_top_fraction_v1,0,3,2033282304,0.6,0.8333333333333333,0.7265327615439892,6,False
46,gated_alive,full,cuda,quadratic_relu_soft_top_fraction_v1,0,4,2033282404,0.6,1.0,0.5185141637325287,7,False
46,gated_alive,full,cuda,quadratic_relu_soft_top_fraction_v1,0,5,2033282504,0.6,0.6666666666666666,0.6849600410461426,6,False
46,gated_alive,full,cuda,quadratic_relu_soft_top_fraction_v1,1,3,2033292304,1.0,1.0,0.38883403891324997,6,False
46,gated_alive,full,cuda,quadratic_relu_soft_top_fraction_v1,1,4,2033292404,0.8,1.0,0.29825324890390037,8,False
46,gated_alive,full,cuda,quadratic_relu_soft_top_fraction_v1,1,5,2033292504,0.8,1.0,0.2945313510298729,8,False
46,gated_alive,full,cuda,quadratic_relu_soft_top_fraction_v1,2,3,2033302304,1.0,1.0,0.2579698167834431,12,False
46,gated_alive,full,cuda,quadratic_relu_soft_top_fraction_v1,2,4,2033302404,1.0,1.0,0.19628379920497538,10,True
46,gated_alive,full,cuda,quadratic_relu_soft_top_fraction_v1,2,5,2033302504,0.5,0.25,0.7254087805747986,6,False
47,gated_alive,full,cuda,quadratic_relu_soft_top_fraction_v1,0,3,1997989680,0.8,0.8333333333333333,0.6975259428024292,10,False
47,gated_alive,full,cuda,quadratic_relu_soft_top_fraction_v1,0,4,1997989780,0.8,1.0,0.3817471642494202,8,False
47,gated_alive,full,cuda,quadratic_relu_soft_top_fraction_v1,0,5,1997989880,0.8,0.8333333333333333,0.5104885349273681,8,False
47,gated_alive,full,cuda,quadratic_relu_soft_top_fraction_v1,1,3,1997999680,0.4,0.8333333333333334,0.8601847605705262,6,False
47,gated_alive,full,cuda,quadratic_relu_soft_top_fraction_v1,1,4,1997999780,0.4,0.5,0.6989083347320557,6,False
47,gated_alive,full,cuda,quadratic_relu_soft_top_fraction_v1,1,5,1997999880,0.8,0.8333333333333334,0.8094100360870361,6,False
47,gated_alive,full,cuda,quadratic_relu_soft_top_fraction_v1,2,3,1998009680,1.0,1.0,0.004585738200694323,12,False
47,gated_alive,full,cuda,quadratic_relu_soft_top_fraction_v1,2,4,1998009780,1.0,1.0,0.009672431310173124,17,False
47,gated_alive,full,cuda,quadratic_relu_soft_top_fraction_v1,2,5,1998009880,1.0,1.0,0.0026799957477487623,63,True
48,gated_alive,full,cuda,quadratic_relu_soft_top_fraction_v1,0,3,2042481786,1.0,1.0,0.10924518643319607,50,True
48,gated_alive,full,cuda,quadratic_relu_soft_top_fraction_v1,0,4,2042481886,1.0,1.0,0.24100584173202513,11,False
48,gated_alive,full,cuda,quadratic_relu_soft_top_fraction_v1,0,5,2042481986,0.8,1.0,0.35214971590042116,8,False
48,gated_alive,full,cuda,quadratic_relu_soft_top_fraction_v1,1,3,2042491786,0.4,0.16666666666666666,0.7647614984512329,6,False
48,gated_alive,full,cuda,quadratic_relu_soft_top_fraction_v1,1,4,2042491886,0.4,0.3333333333333333,0.8080240035057068,6,False
48,gated_alive,full,cuda,quadratic_relu_soft_top_fraction_v1,1,5,2042491986,1.0,1.0,0.15626011224463582,9,False
48,gated_alive,full,cuda,quadratic_relu_soft_top_fraction_v1,2,3,2042501786,1.0,1.0,0.21517546135000884,9,False
48,gated_alive,full,cuda,quadratic_relu_soft_top_fraction_v1,2,4,2042501886,1.0,1.0,0.21357843947596847,13,False
48,gated_alive,full,cuda,quadratic_relu_soft_top_fraction_v1,2,5,2042501986,1.0,1.0,0.22942525620106607,37,False
49,gated_alive,full,cuda,quadratic_relu_soft_top_fraction_v1,0,3,1144269902,0.4,0.3333333333333333,1.0901785808801652,6,False
49,gated_alive,full,cuda,quadratic_relu_soft_top_fraction_v1,0,4,1144270002,0.4,0.6666666666666666,1.010841120183468,6,False
49,gated_alive,full,cuda,quadratic_relu_soft_top_fraction_v1,0,5,1144270102,0.6,0.5,1.4896508364826442,6,False
49,gated_alive,full,cuda,quadratic_relu_soft_top_fraction_v1,1,3,1144279902,0.4,0.33333333333333337,0.7011820020675659,7,False
49,gated_alive,full,cuda,quadratic_relu_soft_top_fraction_v1,1,4,1144280002,1.0,1.0,0.021985913620330394,19,False
49,gated_alive,full,cuda,quadratic_relu_soft_top_fraction_v1,1,5,1144280102,1.0,1.0,0.00283183329179883,33,True
49,gated_alive,full,cuda,quadratic_relu_soft_top_fraction_v1,2,3,1144289902,1.0,1.0,0.32267033457756045,6,False
49,gated_alive,full,cuda,quadratic_relu_soft_top_fraction_v1,2,4,1144290002,1.0,1.0,0.25213598787784575,7,False
49,gated_alive,full,cuda,quadratic_relu_soft_top_fraction_v1,2,5,1144290102,0.75,1.0,0.3551666498184204,9,False
50,gated_alive,full,cuda,quadratic_relu_soft_top_fraction_v1,0,3,2396799822,0.8,0.5,0.749632008254528,6,False
50,gated_alive,full,cuda,quadratic_relu_soft_top_fraction_v1,0,4,2396799922,0.6,0.8333333333333333,1.2182431845329702,6,False
50,gated_alive,full,cuda,quadratic_relu_soft_top_fraction_v1,0,5,2396800022,0.8,0.6666666666666666,0.6635212382674217,6,False
50,gated_alive,full,cuda,quadratic_relu_soft_top_fraction_v1,1,3,2396809822,0.6,0.8333333333333334,0.7031868975162506,11,False
50,gated_alive,full,cuda,quadratic_relu_soft_top_fraction_v1,1,4,2396809922,0.4,1.0,0.7684437186717987,6,False
50,gated_alive,full,cuda,quadratic_relu_soft_top_fraction_v1,1,5,2396810022,0.6,0.33333333333333337,0.691694974899292,6,False
50,gated_alive,full,cuda,quadratic_relu_soft_top_fraction_v1,2,3,2396819822,1.0,1.0,0.071842531375587,9,True
50,gated_alive,full,cuda,quadratic_relu_soft_top_fraction_v1,2,4,2396819922,0.5,0.75,0.6699526834487916,6,False
50,gated_alive,full,cuda,quadratic_relu_soft_top_fraction_v1,2,5,2396820022,0.75,1.0,0.45899321146309374,8,False
51,gated_alive,full,cuda,quadratic_relu_soft_top_fraction_v1,0,3,3503733272,0.4,0.5,0.7034651083946228,6,False
51,gated_alive,full,cuda,quadratic_relu_soft_top_fraction_v1,0,4,3503733372,0.4,0.6666666666666666,0.6137008439004421,7,False
51,gated_alive,full,cuda,quadratic_relu_soft_top_fraction_v1,0,5,3503733472,0.6,0.6666666666666666,0.8102347346544265,6,False
51,gated_alive,full,cuda,quadratic_relu_soft_top_fraction_v1,1,3,3503743272,0.4,1.0,0.7106841974258423,6,False
51,gated_alive,full,cuda,quadratic_relu_soft_top_fraction_v1,1,4,3503743372,0.8,0.8333333333333334,0.44006547762826087,8,False
51,gated_alive,full,cuda,quadratic_relu_soft_top_fraction_v1,1,5,3503743472,1.0,1.0,0.3383114015143365,12,True
51,gated_alive,full,cuda,quadratic_relu_soft_top_fraction_v1,2,3,3503753272,0.5,0.75,0.8247241497039794,6,False
51,gated_alive,full,cuda,quadratic_relu_soft_top_fraction_v1,2,4,3503753372,0.25,0.5,1.0953970122337342,6,False
51,gated_alive,full,cuda,quadratic_relu_soft_top_fraction_v1,2,5,3503753472,0.5,0.75,0.6714802932739258,6,False
52,gated_alive,full,cuda,quadratic_relu_soft_top_fraction_v1,0,3,2141779727,0.8,0.8333333333333333,0.4643432863354683,6,False
52,gated_alive,full,cuda,quadratic_relu_soft_top_fraction_v1,0,4,2141779827,0.8,1.0,0.359032690463122,8,False
52,gated_alive,full,cuda,quadratic_relu_soft_top_fraction_v1,0,5,2141779927,0.6,0.8333333333333333,0.5282711993157864,7,False
52,gated_alive,full,cuda,quadratic_relu_soft_top_fraction_v1,1,3,2141789727,0.8,0.5,0.6464968204498291,6,False
52,gated_alive,full,cuda,quadratic_relu_soft_top_fraction_v1,1,4,2141789827,0.8,0.6666666666666667,0.5720234212875366,6,False
52,gated_alive,full,cuda,quadratic_relu_soft_top_fraction_v1,1,5,2141789927,0.6,0.6666666666666667,0.5854322757720948,6,False
52,gated_alive,full,cuda,quadratic_relu_soft_top_fraction_v1,2,3,2141799727,1.0,1.0,0.13471992215141654,8,False
52,gated_alive,full,cuda,quadratic_relu_soft_top_fraction_v1,2,4,2141799827,1.0,1.0,0.16504279459826648,10,False
52,gated_alive,full,cuda,quadratic_relu_soft_top_fraction_v1,2,5,2141799927,1.0,1.0,0.12581701032817363,8,True
53,gated_alive,full,cuda,quadratic_relu_soft_top_fraction_v1,0,3,830193379,0.6,0.5,0.6785406129360199,7,False
53,gated_alive,full,cuda,quadratic_relu_soft_top_fraction_v1,0,4,830193479,0.4,0.5,0.7331435313224792,6,False
53,gated_alive,full,cuda,quadratic_relu_soft_top_fraction_v1,0,5,830193579,0.6,0.8333333333333333,0.6119228827953339,6,False
53,gated_alive,full,cuda,quadratic_relu_soft_top_fraction_v1,1,3,830203379,0.4,0.16666666666666669,1.413025182366371,6,False
53,gated_alive,full,cuda,quadratic_relu_soft_top_fraction_v1,1,4,830203479,0.4,0.33333333333333337,0.786245373249054,6,False
53,gated_alive,full,cuda,quadratic_relu_soft_top_fraction_v1,1,5,830203579,0.4,0.5,1.5690997761189938,6,False
53,gated_alive,full,cuda,quadratic_relu_soft_top_fraction_v1,2,3,830213379,1.0,1.0,0.1448319994006306,23,True
53,gated_alive,full,cuda,quadratic_relu_soft_top_fraction_v1,2,4,830213479,0.75,0.75,0.5154927921295166,6,False
53,gated_alive,full,cuda,quadratic_relu_soft_top_fraction_v1,2,5,830213579,1.0,1.0,0.210569805810228,12,False
54,gated_alive,full,cuda,quadratic_relu_soft_top_fraction_v1,0,3,104832771,0.8,0.6666666666666666,0.4508488452676684,16,False
54,gated_alive,full,cuda,quadratic_relu_soft_top_fraction_v1,0,4,104832871,0.2,0.16666666666666666,0.7141012678146362,7,False
54,gated_alive,full,cuda,quadratic_relu_soft_top_fraction_v1,0,5,104832971,0.6,0.6666666666666666,0.7643944517862983,8,False
54,gated_alive,full,cuda,quadratic_relu_soft_top_fraction_v1,1,3,104842771,0.8,0.6666666666666667,0.5355650329589844,8,False
54,gated_alive,full,cuda,quadratic_relu_soft_top_fraction_v1,1,4,104842871,0.6,0.6666666666666667,0.5970476727485656,6,False
54,gated_alive,full,cuda,quadratic_relu_soft_top_fraction_v1,1,5,104842971,0.4,0.33333333333333337,0.7412434291839599,6,False
54,gated_alive,full,cuda,quadratic_relu_soft_top_fraction_v1,2,3,104852771,1.0,1.0,0.002054639430716634,32,False
54,gated_alive,full,cuda,quadratic_relu_soft_top_fraction_v1,2,4,104852871,1.0,1.0,0.001867919652722776,57,True
54,gated_alive,full,cuda,quadratic_relu_soft_top_fraction_v1,2,5,104852971,0.75,1.0,0.20236534173134715,13,False
55,gated_alive,full,cuda,quadratic_relu_soft_top_fraction_v1,0,3,556065747,0.4,0.5,0.7012634873390198,6,False
55,gated_alive,full,cuda,quadratic_relu_soft_top_fraction_v1,0,4,556065847,0.6,0.6666666666666666,0.5827534155100584,6,False
55,gated_alive,full,cuda,quadratic_relu_soft_top_fraction_v1,0,5,556065947,0.4,0.6666666666666666,0.9689352824687958,6,False
55,gated_alive,full,cuda,quadratic_relu_soft_top_fraction_v1,1,3,556075747,0.8,0.8333333333333334,0.5310303907394409,6,False
55,gated_alive,full,cuda,quadratic_relu_soft_top_fraction_v1,1,4,556075847,0.8,1.0,0.3610987768173218,9,False
55,gated_alive,full,cuda,quadratic_relu_soft_top_fraction_v1,1,5,556075947,0.6,0.6666666666666667,0.642869484424591,6,False
55,gated_alive,full,cuda,quadratic_relu_soft_top_fraction_v1,2,3,556085747,1.0,1.0,0.02229135610628873,30,True
55,gated_alive,full,cuda,quadratic_relu_soft_top_fraction_v1,2,4,556085847,1.0,1.0,0.04592665182659403,31,False
55,gated_alive,full,cuda,quadratic_relu_soft_top_fraction_v1,2,5,556085947,0.5,0.5,0.693403844833374,25,False
56,gated_alive,full,cuda,quadratic_relu_soft_top_fraction_v1,0,3,349892616,0.8,1.0,0.2424316441398114,24,False
56,gated_alive,full,cuda,quadratic_relu_soft_top_fraction_v1,0,4,349892716,0.8,0.8333333333333333,0.4711217852011323,7,False
56,gated_alive,full,cuda,quadratic_relu_soft_top_fraction_v1,0,5,349892816,1.0,1.0,0.14805731915310025,35,False
56,gated_alive,full,cuda,quadratic_relu_soft_top_fraction_v1,1,3,349902616,0.4,0.33333333333333337,0.8843134512901306,6,False
56,gated_alive,full,cuda,quadratic_relu_soft_top_fraction_v1,1,4,349902716,1.0,1.0,0.5857788233757019,6,False
56,gated_alive,full,cuda,quadratic_relu_soft_top_fraction_v1,1,5,349902816,0.4,0.16666666666666669,0.8127570281028748,6,False
56,gated_alive,full,cuda,quadratic_relu_soft_top_fraction_v1,2,3,349912616,1.0,1.0,0.07597872938029468,22,False
56,gated_alive,full,cuda,quadratic_relu_soft_top_fraction_v1,2,4,349912716,1.0,1.0,0.17970042949542403,20,False
56,gated_alive,full,cuda,quadratic_relu_soft_top_fraction_v1,2,5,349912816,1.0,1.0,0.007604913339018821,28,True
57,gated_alive,full,cuda,quadratic_relu_soft_top_fraction_v1,0,3,393697409,0.4,0.6666666666666666,1.0574215356111527,8,False
57,gated_alive,full,cuda,quadratic_relu_soft_top_fraction_v1,0,4,393697509,0.6,0.6666666666666666,0.980946936249733,12,False
57,gated_alive,full,cuda,quadratic_relu_soft_top_fraction_v1,0,5,393697609,0.4,0.3333333333333333,1.4901738224029542,6,False
57,gated_alive,full,cuda,quadratic_relu_soft_top_fraction_v1,1,3,393707409,1.0,1.0,0.23137681568972768,7,False
57,gated_alive,full,cuda,quadratic_relu_soft_top_fraction_v1,1,4,393707509,0.8,1.0,0.3091519624479115,8,False
57,gated_alive,full,cuda,quadratic_relu_soft_top_fraction_v1,1,5,393707609,0.4,0.5,0.7144149680137635,7,False
57,gated_alive,full,cuda,quadratic_relu_soft_top_fraction_v1,2,3,393717409,1.0,1.0,0.1927037227153778,23,False
57,gated_alive,full,cuda,quadratic_relu_soft_top_fraction_v1,2,4,393717509,1.0,1.0,0.0018359347200021148,30,False
57,gated_alive,full,cuda,quadratic_relu_soft_top_fraction_v1,2,5,393717609,1.0,1.0,0.0014199699135497212,58,True
58,gated_alive,full,cuda,quadratic_relu_soft_top_fraction_v1,0,3,526062120,0.4,0.3333333333333333,0.8860673173367977,7,False
58,gated_alive,full,cuda,quadratic_relu_soft_top_fraction_v1,0,4,526062220,0.4,0.0,0.7996092834472657,6,False
58,gated_alive,full,cuda,quadratic_relu_soft_top_fraction_v1,0,5,526062320,0.6,0.5,0.8153355424404144,6,False
58,gated_alive,full,cuda,quadratic_relu_soft_top_fraction_v1,1,3,526072120,0.8,1.0,0.21894043596833945,15,False
58,gated_alive,full,cuda,quadratic_relu_soft_top_fraction_v1,1,4,526072220,1.0,1.0,0.2825725208818913,9,False
58,gated_alive,full,cuda,quadratic_relu_soft_top_fraction_v1,1,5,526072320,0.4,0.16666666666666669,0.7200102114677429,8,False
58,gated_alive,full,cuda,quadratic_relu_soft_top_fraction_v1,2,3,526082120,0.5,0.5,0.6933073234558106,21,False
58,gated_alive,full,cuda,quadratic_relu_soft_top_fraction_v1,2,4,526082220,1.0,1.0,0.12137112596072257,8,True
58,gated_alive,full,cuda,quadratic_relu_soft_top_fraction_v1,2,5,526082320,1.0,1.0,0.2784566077589989,7,False
59,gated_alive,full,cuda,quadratic_relu_soft_top_fraction_v1,0,3,2570830342,0.4,0.5,0.7178242545127869,6,False
59,gated_alive,full,cuda,quadratic_relu_soft_top_fraction_v1,0,4,2570830442,0.6,0.8333333333333333,0.6093969631195069,6,False
59,gated_alive,full,cuda,quadratic_relu_soft_top_fraction_v1,0,5,2570830542,0.6,0.6666666666666666,1.0332541642189026,6,False
59,gated_alive,full,cuda,quadratic_relu_soft_top_fraction_v1,1,3,2570840342,0.4,0.33333333333333337,0.7304905791282654,6,False
59,gated_alive,full,cuda,quadratic_relu_soft_top_fraction_v1,1,4,2570840442,0.8,1.0,0.2634182600453496,6,True
59,gated_alive,full,cuda,quadratic_relu_soft_top_fraction_v1,1,5,2570840542,0.8,1.0,0.3379735361258499,8,False
59,gated_alive,full,cuda,quadratic_relu_soft_top_fraction_v1,2,3,2570850342,0.75,1.0,0.3661329822521657,11,False
59,gated_alive,full,cuda,quadratic_relu_soft_top_fraction_v1,2,4,2570850442,0.5,0.5,0.6932478785514832,44,False
59,gated_alive,full,cuda,quadratic_relu_soft_top_fraction_v1,2,5,2570850542,0.5,0.5,0.7232325172424316,6,False
60,gated_alive,full,cuda,quadratic_relu_soft_top_fraction_v1,0,3,3466447190,1.0,1.0,0.002444232919253409,32,False
60,gated_alive,full,cuda,quadratic_relu_soft_top_fraction_v1,0,4,3466447290,1.0,1.0,0.0021517108008265494,30,False
60,gated_alive,full,cuda,quadratic_relu_soft_top_fraction_v1,0,5,3466447390,1.0,1.0,0.0019090899620205163,30,True
60,gated_alive,full,cuda,quadratic_relu_soft_top_fraction_v1,1,3,3466457190,1.0,1.0,0.2314509084671736,17,False
60,gated_alive,full,cuda,quadratic_relu_soft_top_fraction_v1,1,4,3466457290,0.8,1.0,0.4798764886856079,8,False
60,gated_alive,full,cuda,quadratic_relu_soft_top_fraction_v1,1,5,3466457390,0.8,1.0,0.46401290011405943,7,False
60,gated_alive,full,cuda,quadratic_relu_soft_top_fraction_v1,2,3,3466467190,0.75,0.5,0.7136203908920288,6,False
60,gated_alive,full,cuda,quadratic_relu_soft_top_fraction_v1,2,4,3466467290,0.25,0.5,0.8585686779022217,6,False
60,gated_alive,full,cuda,quadratic_relu_soft_top_fraction_v1,2,5,3466467390,0.5,0.5,0.6933015537261963,53,False
61,gated_alive,full,cuda,quadratic_relu_soft_top_fraction_v1,0,3,3671088824,0.8,1.0,0.3839851548075676,8,False
61,gated_alive,full,cuda,quadratic_relu_soft_top_fraction_v1,0,4,3671088924,0.6,0.8333333333333333,0.5263066291809082,6,False
61,gated_alive,full,cuda,quadratic_relu_soft_top_fraction_v1,0,5,3671089024,0.8,0.8333333333333333,0.4569623738527298,8,False
61,gated_alive,full,cuda,quadratic_relu_soft_top_fraction_v1,1,3,3671098824,1.0,1.0,0.04484528146311641,83,False
61,gated_alive,full,cuda,quadratic_relu_soft_top_fraction_v1,1,4,3671098924,1.0,1.0,0.059692098990082744,27,False
61,gated_alive,full,cuda,quadratic_relu_soft_top_fraction_v1,1,5,3671099024,1.0,1.0,0.02036187967285514,19,True
61,gated_alive,full,cuda,quadratic_relu_soft_top_fraction_v1,2,3,3671108824,0.5,0.5,0.9153748798370361,6,False
61,gated_alive,full,cuda,quadratic_relu_soft_top_fraction_v1,2,4,3671108924,0.25,0.5,0.7055647206306458,6,False
61,gated_alive,full,cuda,quadratic_relu_soft_top_fraction_v1,2,5,3671109024,0.75,0.5,1.3801478496193886,6,False
62,gated_alive,full,cuda,quadratic_relu_soft_top_fraction_v1,0,3,2806374241,0.8,1.0,0.3457133342027664,21,False
62,gated_alive,full,cuda,quadratic_relu_soft_top_fraction_v1,0,4,2806374341,1.0,1.0,0.005484025095589459,69,True
62,gated_alive,full,cuda,quadratic_relu_soft_top_fraction_v1,0,5,2806374441,1.0,1.0,0.028317683590576053,25,False
62,gated_alive,full,cuda,quadratic_relu_soft_top_fraction_v1,1,3,2806384241,1.0,1.0,0.3842884372472763,7,False
62,gated_alive,full,cuda,quadratic_relu_soft_top_fraction_v1,1,4,2806384341,0.4,0.6666666666666667,0.7302821927070617,6,False
62,gated_alive,full,cuda,quadratic_relu_soft_top_fraction_v1,1,5,2806384441,0.8,0.6666666666666667,0.6995161094665527,10,False
62,gated_alive,full,cuda,quadratic_relu_soft_top_fraction_v1,2,3,2806394241,0.75,0.75,0.4662052359431982,7,False
62,gated_alive,full,cuda,quadratic_relu_soft_top_fraction_v1,2,4,2806394341,1.0,1.0,0.0750030877487734,34,False
62,gated_alive,full,cuda,quadratic_relu_soft_top_fraction_v1,2,5,2806394441,1.0,1.0,0.06791298140771687,31,False
63,gated_alive,full,cuda,quadratic_relu_soft_top_fraction_v1,0,3,2583943856,0.4,0.5,0.7813888187408448,6,False
63,gated_alive,full,cuda,quadratic_relu_soft_top_fraction_v1,0,4,2583943956,0.6,0.6666666666666666,0.6382273535728454,6,False
63,gated_alive,full,cuda,quadratic_relu_soft_top_fraction_v1,0,5,2583944056,0.4,0.5,0.7406835398674011,6,False
63,gated_alive,full,cuda,quadratic_relu_soft_top_fraction_v1,1,3,2583953856,1.0,1.0,0.17455036309361457,8,True
63,gated_alive,full,cuda,quadratic_relu_soft_top_fraction_v1,1,4,2583953956,0.6,0.8333333333333334,0.5629672403335572,11,False
63,gated_alive,full,cuda,quadratic_relu_soft_top_fraction_v1,1,5,2583954056,1.0,1.0,0.18446791957318784,29,False
63,gated_alive,full,cuda,quadratic_relu_soft_top_fraction_v1,2,3,2583963856,0.5,0.5,0.6933664393424988,16,False
63,gated_alive,full,cuda,quadratic_relu_soft_top_fraction_v1,2,4,2583963956,0.75,1.0,0.556600204044953,8,False
63,gated_alive,full,cuda,quadratic_relu_soft_top_fraction_v1,2,5,2583964056,0.75,1.0,0.24072323575150223,9,False
64,gated_alive,full,cuda,quadratic_relu_soft_top_fraction_v1,0,3,1424584435,0.8,1.0,0.7674669913826511,13,False
64,gated_alive,full,cuda,quadratic_relu_soft_top_fraction_v1,0,4,1424584535,0.8,1.0,0.3404771941639483,9,True
64,gated_alive,full,cuda,quadratic_relu_soft_top_fraction_v1,0,5,1424584635,0.6,1.0,0.48884931651409713,13,False
64,gated_alive,full,cuda,quadratic_relu_soft_top_fraction_v1,1,3,1424594435,0.4,0.0,1.434547399044037,6,False
64,gated_alive,full,cuda,quadratic_relu_soft_top_fraction_v1,1,4,1424594535,0.4,0.16666666666666669,0.9222707588672638,6,False
64,gated_alive,full,cuda,quadratic_relu_soft_top_fraction_v1,1,5,1424594635,0.4,0.33333333333333337,1.1989299499988555,6,False
64,gated_alive,full,cuda,quadratic_relu_soft_top_fraction_v1,2,3,1424604435,0.5,0.75,0.546076238155365,7,False
64,gated_alive,full,cuda,quadratic_relu_soft_top_fraction_v1,2,4,1424604535,0.75,1.0,0.3459752922132611,15,False
64,gated_alive,full,cuda,quadratic_relu_soft_top_fraction_v1,2,5,1424604635,0.75,0.75,0.6359968304634094,8,False
65,gated_alive,full,cuda,quadratic_relu_soft_top_fraction_v1,0,3,4002859830,0.6,0.5,0.8447974109649659,7,False
65,gated_alive,full,cuda,quadratic_relu_soft_top_fraction_v1,0,4,4002859930,0.6,0.8333333333333333,0.6780901536941528,6,False
65,gated_alive,full,cuda,quadratic_relu_soft_top_fraction_v1,0,5,4002860030,0.6,0.5,0.6614998393058776,6,False
65,gated_alive,full,cuda,quadratic_relu_soft_top_fraction_v1,1,3,4002869830,0.4,1.0,0.6502692227363587,6,False
65,gated_alive,full,cuda,quadratic_relu_soft_top_fraction_v1,1,4,4002869930,0.6,0.8333333333333334,2.506647854298353,7,False
65,gated_alive,full,cuda,quadratic_relu_soft_top_fraction_v1,1,5,4002870030,0.4,0.5,1.312064486503601,6,False
65,gated_alive,full,cuda,quadratic_relu_soft_top_fraction_v1,2,3,4002879830,0.75,0.75,0.46428695414215326,7,False
65,gated_alive,full,cuda,quadratic_relu_soft_top_fraction_v1,2,4,4002879930,1.0,1.0,0.11092198976781219,9,False
65,gated_alive,full,cuda,quadratic_relu_soft_top_fraction_v1,2,5,4002880030,1.0,1.0,0.09507381932577118,9,True
66,gated_alive,full,cuda,quadratic_relu_soft_top_fraction_v1,0,3,2751328424,0.8,1.0,0.33035483782738445,8,False
66,gated_alive,full,cuda,quadratic_relu_soft_top_fraction_v1,0,4,2751328524,0.8,1.0,0.31828401414398105,11,False
66,gated_alive,full,cuda,quadratic_relu_soft_top_fraction_v1,0,5,2751328624,0.8,1.0,0.3658478727415204,8,False
66,gated_alive,full,cuda,quadratic_relu_soft_top_fraction_v1,1,3,2751338424,1.0,1.0,0.0538040965385735,34,False
66,gated_alive,full,cuda,quadratic_relu_soft_top_fraction_v1,1,4,2751338524,1.0,1.0,0.08979389265179634,16,False
66,gated_alive,full,cuda,quadratic_relu_soft_top_fraction_v1,1,5,2751338624,1.0,1.0,0.042281738251447674,19,False
66,gated_alive,full,cuda,quadratic_relu_soft_top_fraction_v1,2,3,2751348424,1.0,1.0,0.04164193090982735,9,True
66,gated_alive,full,cuda,quadratic_relu_soft_top_fraction_v1,2,4,2751348524,1.0,1.0,0.12100062240846456,10,False
66,gated_alive,full,cuda,quadratic_relu_soft_top_fraction_v1,2,5,2751348624,0.5,0.5,0.9736805462837219,6,False
67,gated_alive,full,cuda,quadratic_relu_soft_top_fraction_v1,0,3,3112912541,1.0,1.0,0.040528269566595554,88,False
67,gated_alive,full,cuda,quadratic_relu_soft_top_fraction_v1,0,4,3112912641,1.0,1.0,0.2529740752512589,25,False
67,gated_alive,full,cuda,quadratic_relu_soft_top_fraction_v1,0,5,3112912741,0.8,0.8333333333333333,0.5104379996433854,8,False
67,gated_alive,full,cuda,quadratic_relu_soft_top_fraction_v1,1,3,3112922541,1.0,1.0,0.08251674261130393,100,False
67,gated_alive,full,cuda,quadratic_relu_soft_top_fraction_v1,1,4,3112922641,1.0,1.0,0.2309693923816085,10,False
67,gated_alive,full,cuda,quadratic_relu_soft_top_fraction_v1,1,5,3112922741,1.0,1.0,0.23495643767341973,9,False
67,gated_alive,full,cuda,quadratic_relu_soft_top_fraction_v1,2,3,3112932541,0.5,0.75,0.6013961964845658,9,False
67,gated_alive,full,cuda,quadratic_relu_soft_top_fraction_v1,2,4,3112932641,1.0,1.0,0.017059639440849424,16,False
67,gated_alive,full,cuda,quadratic_relu_soft_top_fraction_v1,2,5,3112932741,1.0,1.0,0.0016125699644908308,100,True
68,gated_alive,full,cuda,quadratic_relu_soft_top_fraction_v1,0,3,3152106676,0.8,1.0,0.41795002925395963,6,False
68,gated_alive,full,cuda,quadratic_relu_soft_top_fraction_v1,0,4,3152106776,0.8,1.0,0.31996634271135554,9,False
68,gated_alive,full,cuda,quadratic_relu_soft_top_fraction_v1,0,5,3152106876,0.6,0.8333333333333333,0.45206164875626564,6,False
68,gated_alive,full,cuda,quadratic_relu_soft_top_fraction_v1,1,3,3152116676,0.8,0.6666666666666667,0.49386524291336537,7,False
68,gated_alive,full,cuda,quadratic_relu_soft_top_fraction_v1,1,4,3152116776,0.8,1.0,0.30596044509019704,8,False
68,gated_alive,full,cuda,quadratic_relu_soft_top_fraction_v1,1,5,3152116876,0.6,0.6666666666666667,0.674555101417005,6,False
68,gated_alive,full,cuda,quadratic_relu_soft_top_fraction_v1,2,3,3152126676,1.0,1.0,0.048789722830988466,15,True
68,gated_alive,full,cuda,quadratic_relu_soft_top_fraction_v1,2,4,3152126776,1.0,1.0,0.08612538780551404,11,False
68,gated_alive,full,cuda,quadratic_relu_soft_top_fraction_v1,2,5,3152126876,1.0,1.0,0.08298011210048571,11,False
69,gated_alive,full,cuda,quadratic_relu_soft_top_fraction_v1,0,3,3696040063,0.8,0.6666666666666667,0.5417181987762452,11,False
69,gated_alive,full,cuda,quadratic_relu_soft_top_fraction_v1,0,4,3696040163,0.6,0.8333333333333334,0.5964379196166992,6,False
69,gated_alive,full,cuda,quadratic_relu_soft_top_fraction_v1,0,5,3696040263,0.4,0.33333333333333337,0.7440527582168579,6,False
69,gated_alive,full,cuda,quadratic_relu_soft_top_fraction_v1,1,3,3696050063,0.8,1.0,0.31515105708874763,7,False
69,gated_alive,full,cuda,quadratic_relu_soft_top_fraction_v1,1,4,3696050163,0.4,0.5,0.789111641407013,6,False
69,gated_alive,full,cuda,quadratic_relu_soft_top_fraction_v1,1,5,3696050263,0.8,1.0,0.5315016069505364,9,False
69,gated_alive,full,cuda,quadratic_relu_soft_top_fraction_v1,2,3,3696060063,1.0,1.0,0.163476661357563,8,False
69,gated_alive,full,cuda,quadratic_relu_soft_top_fraction_v1,2,4,3696060163,1.0,1.0,0.16131640841253103,14,False
69,gated_alive,full,cuda,quadratic_relu_soft_top_fraction_v1,2,5,3696060263,1.0,1.0,0.005747556244023145,30,True
70,gated_alive,full,cuda,quadratic_relu_soft_top_fraction_v1,0,3,3017305472,0.6,0.5,0.6739755544662476,8,False
70,gated_alive,full,cuda,quadratic_relu_soft_top_fraction_v1,0,4,3017305572,1.0,1.0,0.12453286786563694,15,True
70,gated_alive,full,cuda,quadratic_relu_soft_top_fraction_v1,0,5,3017305672,1.0,1.0,0.26789748039841654,6,False
70,gated_alive,full,cuda,quadratic_relu_soft_top_fraction_v1,1,3,3017315472,0.8,0.5,0.6846710109710693,7,False
70,gated_alive,full,cuda,quadratic_relu_soft_top_fraction_v1,1,4,3017315572,0.8,1.0,0.43086100244522096,8,False
70,gated_alive,full,cuda,quadratic_relu_soft_top_fraction_v1,1,5,3017315672,0.8,1.0,0.5517320609092713,6,False
70,gated_alive,full,cuda,quadratic_relu_soft_top_fraction_v1,2,3,3017325472,0.75,0.75,0.642927018404007,7,False
70,gated_alive,full,cuda,quadratic_relu_soft_top_fraction_v1,2,4,3017325572,0.75,1.0,0.5558925223350525,6,False
70,gated_alive,full,cuda,quadratic_relu_soft_top_fraction_v1,2,5,3017325672,0.5,0.75,0.7560293316841126,6,False
71,gated_alive,full,cuda,quadratic_relu_soft_top_fraction_v1,0,3,3991475763,0.8,1.0,0.3641433915970847,8,False
71,gated_alive,full,cuda,quadratic_relu_soft_top_fraction_v1,0,4,3991475863,0.8,0.8333333333333333,0.5542807140350342,6,False
71,gated_alive,full,cuda,quadratic_relu_soft_top_fraction_v1,0,5,3991475963,0.8,0.8333333333333333,0.4383432256281376,6,False
71,gated_alive,full,cuda,quadratic_relu_soft_top_fraction_v1,1,3,3991485763,0.6,0.5,0.6761006593704224,6,False
71,gated_alive,full,cuda,quadratic_relu_soft_top_fraction_v1,1,4,3991485863,0.8,1.0,0.3208264396809973,9,False
71,gated_alive,full,cuda,quadratic_relu_soft_top_fraction_v1,1,5,3991485963,0.8,1.0,0.5094426543787122,7,False
71,gated_alive,full,cuda,quadratic_relu_soft_top_fraction_v1,2,3,3991495763,1.0,1.0,0.08668070818297564,12,False
71,gated_alive,full,cuda,quadratic_relu_soft_top_fraction_v1,2,4,3991495863,1.0,1.0,0.0879653954692185,8,False
71,gated_alive,full,cuda,quadratic_relu_soft_top_fraction_v1,2,5,3991495963,1.0,1.0,0.047584693087264894,10,True
72,gated_alive,full,cuda,quadratic_relu_soft_top_fraction_v1,0,3,2325577196,0.2,0.3333333333333333,0.8351827328205108,6,False
72,gated_alive,full,cuda,quadratic_relu_soft_top_fraction_v1,0,4,2325577296,0.4,0.5,0.7496363263130188,6,False
72,gated_alive,full,cuda,quadratic_relu_soft_top_fraction_v1,0,5,2325577396,0.8,1.0,0.37495435232203456,10,False
72,gated_alive,full,cuda,quadratic_relu_soft_top_fraction_v1,1,3,2325587196,0.8,0.8333333333333334,0.3948403963819146,8,False
72,gated_alive,full,cuda,quadratic_relu_soft_top_fraction_v1,1,4,2325587296,0.8,1.0,0.4020607727267779,15,False
72,gated_alive,full,cuda,quadratic_relu_soft_top_fraction_v1,1,5,2325587396,0.8,1.0,0.4202430940195918,7,False
72,gated_alive,full,cuda,quadratic_relu_soft_top_fraction_v1,2,3,2325597196,0.75,1.0,0.23622313022613525,8,False
72,gated_alive,full,cuda,quadratic_relu_soft_top_fraction_v1,2,4,2325597296,1.0,1.0,0.056589532513171434,18,True
72,gated_alive,full,cuda,quadratic_relu_soft_top_fraction_v1,2,5,2325597396,0.75,1.0,0.43681363463401796,8,False
73,gated_alive,full,cuda,quadratic_relu_soft_top_fraction_v1,0,3,2345851345,0.4,0.8333333333333333,0.7092986278533936,6,False
73,gated_alive,full,cuda,quadratic_relu_soft_top_fraction_v1,0,4,2345851445,1.0,1.0,0.2182082732282579,7,False
73,gated_alive,full,cuda,quadratic_relu_soft_top_fraction_v1,0,5,2345851545,1.0,1.0,0.1015631050709635,17,True
73,gated_alive,full,cuda,quadratic_relu_soft_top_fraction_v1,1,3,2345861345,1.0,1.0,0.13616506505012513,17,False
73,gated_alive,full,cuda,quadratic_relu_soft_top_fraction_v1,1,4,2345861445,0.8,1.0,0.33555484282970427,9,False
73,gated_alive,full,cuda,quadratic_relu_soft_top_fraction_v1,1,5,2345861545,0.6,1.0,0.37550579887628555,8,False
73,gated_alive,full,cuda,quadratic_relu_soft_top_fraction_v1,2,3,2345871345,0.75,1.0,0.42196116626262664,6,False
73,gated_alive,full,cuda,quadratic_relu_soft_top_fraction_v1,2,4,2345871445,0.75,1.0,0.3342522647604346,7,False
73,gated_alive,full,cuda,quadratic_relu_soft_top_fraction_v1,2,5,2345871545,0.75,1.0,0.3136788433790207,8,False
74,gated_alive,full,cuda,quadratic_relu_soft_top_fraction_v1,0,3,1078349450,1.0,1.0,0.002939029817003757,18,True
74,gated_alive,full,cuda,quadratic_relu_soft_top_fraction_v1,0,4,1078349550,1.0,1.0,0.012517004580702634,16,False
74,gated_alive,full,cuda,quadratic_relu_soft_top_fraction_v1,0,5,1078349650,1.0,1.0,0.0032632781490683554,11,False
74,gated_alive,full,cuda,quadratic_relu_soft_top_fraction_v1,1,3,1078359450,0.6,0.8333333333333334,1.34746675285697,6,False
74,gated_alive,full,cuda,quadratic_relu_soft_top_fraction_v1,1,4,1078359550,0.6,0.8333333333333334,0.6320197930783034,6,False
74,gated_alive,full,cuda,quadratic_relu_soft_top_fraction_v1,1,5,1078359650,0.8,0.8333333333333334,0.9970083602666855,6,False
74,gated_alive,full,cuda,quadratic_relu_soft_top_fraction_v1,2,3,1078369450,0.5,0.5,1.1422909373044967,6,False
74,gated_alive,full,cuda,quadratic_relu_soft_top_fraction_v1,2,4,1078369550,0.75,0.75,0.5360180866718293,7,False
74,gated_alive,full,cuda,quadratic_relu_soft_top_fraction_v1,2,5,1078369650,0.5,0.5,1.0073176857829094,6,False
75,gated_alive,full,cuda,quadratic_relu_soft_top_fraction_v1,0,3,4027274991,0.4,0.8333333333333333,0.7383153080940247,6,False
75,gated_alive,full,cuda,quadratic_relu_soft_top_fraction_v1,0,4,4027275091,0.6,0.6666666666666666,0.9277575674057007,6,False
75,gated_alive,full,cuda,quadratic_relu_soft_top_fraction_v1,0,5,4027275191,1.0,1.0,0.10692225289810449,67,False
75,gated_alive,full,cuda,quadratic_relu_soft_top_fraction_v1,1,3,4027284991,1.0,1.0,0.005818762227427214,25,False
75,gated_alive,full,cuda,quadratic_relu_soft_top_fraction_v1,1,4,4027285091,1.0,1.0,0.005472878825850785,26,True
75,gated_alive,full,cuda,quadratic_relu_soft_top_fraction_v1,1,5,4027285191,1.0,1.0,0.013887487716041506,14,False
75,gated_alive,full,cuda,quadratic_relu_soft_top_fraction_v1,2,3,4027294991,0.75,1.0,0.4932607865333557,7,False
75,gated_alive,full,cuda,quadratic_relu_soft_top_fraction_v1,2,4,4027295091,0.5,0.5,0.6510942125320435,6,False
75,gated_alive,full,cuda,quadratic_relu_soft_top_fraction_v1,2,5,4027295191,0.75,0.5,0.6103345847129822,6,False
76,gated_alive,full,cuda,quadratic_relu_soft_top_fraction_v1,0,3,2374937733,0.4,0.8333333333333333,0.7240198082923889,6,False
76,gated_alive,full,cuda,quadratic_relu_soft_top_fraction_v1,0,4,2374937833,0.8,1.0,0.4551882286071777,6,False
76,gated_alive,full,cuda,quadratic_relu_soft_top_fraction_v1,0,5,2374937933,0.4,0.5,0.8651162834167481,6,False
76,gated_alive,full,cuda,quadratic_relu_soft_top_fraction_v1,1,3,2374947733,0.8,1.0,0.31956260731536895,12,False
76,gated_alive,full,cuda,quadratic_relu_soft_top_fraction_v1,1,4,2374947833,0.6,1.0,0.6814285685420036,12,False
76,gated_alive,full,cuda,quadratic_relu_soft_top_fraction_v1,1,5,2374947933,1.0,1.0,0.18645683240750804,13,True
76,gated_alive,full,cuda,quadratic_relu_soft_top_fraction_v1,2,3,2374957733,1.0,1.0,0.5200982594490051,8,False
76,gated_alive,full,cuda,quadratic_relu_soft_top_fraction_v1,2,4,2374957833,0.5,1.0,0.6677719151973724,6,False
76,gated_alive,full,cuda,quadratic_relu_soft_top_fraction_v1,2,5,2374957933,0.75,1.0,0.535392953157425,6,False
77,gated_alive,full,cuda,quadratic_relu_soft_top_fraction_v1,0,3,2125957313,0.4,0.5,0.8028029713630677,6,False
77,gated_alive,full,cuda,quadratic_relu_soft_top_fraction_v1,0,4,2125957413,0.6,0.8333333333333333,0.5545837545394897,7,False
77,gated_alive,full,cuda,quadratic_relu_soft_top_fraction_v1,0,5,2125957513,0.2,0.5,0.9864726638793946,6,False
77,gated_alive,full,cuda,quadratic_relu_soft_top_fraction_v1,1,3,2125967313,0.8,0.6666666666666667,0.6528858733177185,9,False
77,gated_alive,full,cuda,quadratic_relu_soft_top_fraction_v1,1,4,2125967413,0.2,0.33333333333333337,0.7027566156387329,7,False
77,gated_alive,full,cuda,quadratic_relu_soft_top_fraction_v1,1,5,2125967513,0.6,0.33333333333333337,0.8869945554733276,6,False
77,gated_alive,full,cuda,quadratic_relu_soft_top_fraction_v1,2,3,2125977313,1.0,1.0,0.014423579177819192,19,False
77,gated_alive,full,cuda,quadratic_relu_soft_top_fraction_v1,2,4,2125977413,1.0,1.0,0.008238377762027085,20,False
77,gated_alive,full,cuda,quadratic_relu_soft_top_fraction_v1,2,5,2125977513,1.0,1.0,0.005158184301108122,17,True
78,gated_alive,full,cuda,quadratic_relu_soft_top_fraction_v1,0,3,1358653840,0.6,0.6666666666666666,0.8382719184756279,6,False
78,gated_alive,full,cuda,quadratic_relu_soft_top_fraction_v1,0,4,1358653940,0.6,0.6666666666666666,1.0145342345833779,6,False
78,gated_alive,full,cuda,quadratic_relu_soft_top_fraction_v1,0,5,1358654040,0.8,0.8333333333333333,0.4937369035482407,7,False
78,gated_alive,full,cuda,quadratic_relu_soft_top_fraction_v1,1,3,1358663840,0.6,1.0,0.6713916765423492,15,False
78,gated_alive,full,cuda,quadratic_relu_soft_top_fraction_v1,1,4,1358663940,0.6,1.0,0.3129942063880153,16,False
78,gated_alive,full,cuda,quadratic_relu_soft_top_fraction_v1,1,5,1358664040,1.0,1.0,0.13703882006416096,9,True
78,gated_alive,full,cuda,quadratic_relu_soft_top_fraction_v1,2,3,1358673840,0.75,0.5,0.791172001361847,6,False
78,gated_alive,full,cuda,quadratic_relu_soft_top_fraction_v1,2,4,1358673940,0.25,0.5,0.6752617526054382,7,False
78,gated_alive,full,cuda,quadratic_relu_soft_top_fraction_v1,2,5,1358674040,0.5,0.75,0.821240066960454,10,False
79,gated_alive,full,cuda,quadratic_relu_soft_top_fraction_v1,0,3,1175847164,0.6,0.8333333333333333,0.6514080405235291,6,False
79,gated_alive,full,cuda,quadratic_relu_soft_top_fraction_v1,0,4,1175847264,0.6,0.8333333333333333,0.6240523978471756,7,False
79,gated_alive,full,cuda,quadratic_relu_soft_top_fraction_v1,0,5,1175847364,0.6,0.8333333333333333,0.6350916969776154,7,False
79,gated_alive,full,cuda,quadratic_relu_soft_top_fraction_v1,1,3,1175857164,0.8,1.0,0.21891054354701192,10,False
79,gated_alive,full,cuda,quadratic_relu_soft_top_fraction_v1,1,4,1175857264,0.8,1.0,0.2505412586070597,10,False
79,gated_alive,full,cuda,quadratic_relu_soft_top_fraction_v1,1,5,1175857364,1.0,1.0,0.15023654238460585,15,False
79,gated_alive,full,cuda,quadratic_relu_soft_top_fraction_v1,2,3,1175867164,1.0,1.0,0.1274234284926206,18,False
79,gated_alive,full,cuda,quadratic_relu_soft_top_fraction_v1,2,4,1175867264,0.75,1.0,0.2576053290232085,15,False
79,gated_alive,full,cuda,quadratic_relu_soft_top_fraction_v1,2,5,1175867364,1.0,1.0,0.002660495643503964,20,True
80,gated_alive,full,cuda,quadratic_relu_soft_top_fraction_v1,0,3,2719779636,0.2,0.3333333333333333,0.8875433082580566,6,False
80,gated_alive,full,cuda,quadratic_relu_soft_top_fraction_v1,0,4,2719779736,0.4,0.8333333333333333,1.0327946128845216,6,False
80,gated_alive,full,cuda,quadratic_relu_soft_top_fraction_v1,0,5,2719779836,0.4,0.6666666666666666,0.9967580099105835,6,False
80,gated_alive,full,cuda,quadratic_relu_soft_top_fraction_v1,1,3,2719789636,0.6,1.0,0.6567584317922592,7,False
80,gated_alive,full,cuda,quadratic_relu_soft_top_fraction_v1,1,4,2719789736,0.6,1.0,0.7547589014493861,8,False
80,gated_alive,full,cuda,quadratic_relu_soft_top_fraction_v1,1,5,2719789836,0.6,1.0,0.38188002770207824,7,False
80,gated_alive,full,cuda,quadratic_relu_soft_top_fraction_v1,2,3,2719799636,0.25,0.5,1.0071144771575928,6,False
80,gated_alive,full,cuda,quadratic_relu_soft_top_fraction_v1,2,4,2719799736,1.0,1.0,0.38097657680511476,8,True
80,gated_alive,full,cuda,quadratic_relu_soft_top_fraction_v1,2,5,2719799836,0.75,0.75,0.4252829459309578,7,False
81,gated_alive,full,cuda,quadratic_relu_soft_top_fraction_v1,0,3,1940375072,0.8,1.0,0.23946973396092652,10,False
81,gated_alive,full,cuda,quadratic_relu_soft_top_fraction_v1,0,4,1940375172,0.8,0.8333333333333333,0.4486958011686802,7,False
81,gated_alive,full,cuda,quadratic_relu_soft_top_fraction_v1,0,5,1940375272,0.6,0.6666666666666666,0.7574564914703369,6,False
81,gated_alive,full,cuda,quadratic_relu_soft_top_fraction_v1,1,3,1940385072,0.8,1.0,0.4312850285768509,10,False
81,gated_alive,full,cuda,quadratic_relu_soft_top_fraction_v1,1,4,1940385172,0.8,1.0,0.38767287409305573,10,False
81,gated_alive,full,cuda,quadratic_relu_soft_top_fraction_v1,1,5,1940385272,0.8,1.0,0.27181678360700606,9,False
81,gated_alive,full,cuda,quadratic_relu_soft_top_fraction_v1,2,3,1940395072,1.0,1.0,0.007040979024022818,11,True
81,gated_alive,full,cuda,quadratic_relu_soft_top_fraction_v1,2,4,1940395172,1.0,1.0,0.020066281650215387,10,False
81,gated_alive,full,cuda,quadratic_relu_soft_top_fraction_v1,2,5,1940395272,1.0,1.0,0.024976378735154868,10,False
82,gated_alive,full,cuda,quadratic_relu_soft_top_fraction_v1,0,3,2439680048,1.0,1.0,0.029394745773635805,13,True
82,gated_alive,full,cuda,quadratic_relu_soft_top_fraction_v1,0,4,2439680148,1.0,1.0,0.2525082216775045,13,False
82,gated_alive,full,cuda,quadratic_relu_soft_top_fraction_v1,0,5,2439680248,0.4,1.0,0.7082184190750123,8,False
82,gated_alive,full,cuda,quadratic_relu_soft_top_fraction_v1,1,3,2439690048,0.2,0.0,1.194530860900879,6,False
82,gated_alive,full,cuda,quadratic_relu_soft_top_fraction_v1,1,4,2439690148,0.4,0.33333333333333337,2.767694476008415,6,False
82,gated_alive,full,cuda,quadratic_relu_soft_top_fraction_v1,1,5,2439690248,0.4,0.33333333333333337,2.970436434388161,6,False
82,gated_alive,full,cuda,quadratic_relu_soft_top_fraction_v1,2,3,2439700048,0.5,0.5,0.7889268165826797,6,False
82,gated_alive,full,cuda,quadratic_relu_soft_top_fraction_v1,2,4,2439700148,0.75,1.0,0.5965224170684814,10,False
82,gated_alive,full,cuda,quadratic_relu_soft_top_fraction_v1,2,5,2439700248,0.5,0.5,0.869028605222702,6,False
83,gated_alive,full,cuda,quadratic_relu_soft_top_fraction_v1,0,3,2856320725,0.6,1.0,0.6699174132347107,6,False
83,gated_alive,full,cuda,quadratic_relu_soft_top_fraction_v1,0,4,2856320825,0.8,1.0,0.36504403126239776,20,False
83,gated_alive,full,cuda,quadratic_relu_soft_top_fraction_v1,0,5,2856320925,0.4,0.6666666666666666,0.7323999640345573,6,False
83,gated_alive,full,cuda,quadratic_relu_soft_top_fraction_v1,1,3,2856330725,1.0,1.0,0.21443973608175293,10,False
83,gated_alive,full,cuda,quadratic_relu_soft_top_fraction_v1,1,4,2856330825,1.0,1.0,0.16687518774531782,12,True
83,gated_alive,full,cuda,quadratic_relu_soft_top_fraction_v1,1,5,2856330925,0.8,1.0,0.31068469131086024,10,False
83,gated_alive,full,cuda,quadratic_relu_soft_top_fraction_v1,2,3,2856340725,1.0,1.0,0.2856001593824476,10,False
83,gated_alive,full,cuda,quadratic_relu_soft_top_fraction_v1,2,4,2856340825,1.0,1.0,0.1735100564546883,9,False
83,gated_alive,full,cuda,quadratic_relu_soft_top_fraction_v1,2,5,2856340925,0.5,0.5,0.6933552670478821,6,False
84,gated_alive,full,cuda,quadratic_relu_soft_top_fraction_v1,0,3,3861219300,0.8,1.0,0.23471026953216642,9,False
84,gated_alive,full,cuda,quadratic_relu_soft_top_fraction_v1,0,4,3861219400,0.8,1.0,0.26808709398750213,10,False
84,gated_alive,full,cuda,quadratic_relu_soft_top_fraction_v1,0,5,3861219500,1.0,1.0,0.20572542722150683,10,False
84,gated_alive,full,cuda,quadratic_relu_soft_top_fraction_v1,1,3,3861229300,0.4,1.0,0.7197877345085144,6,False
84,gated_alive,full,cuda,quadratic_relu_soft_top_fraction_v1,1,4,3861229400,0.6,0.5,1.3186247527599335,6,False
84,gated_alive,full,cuda,quadratic_relu_soft_top_fraction_v1,1,5,3861229500,0.8,0.6666666666666667,1.665738730430603,6,False
84,gated_alive,full,cuda,quadratic_relu_soft_top_fraction_v1,2,3,3861239300,1.0,1.0,0.09563681621104479,12,True
84,gated_alive,full,cuda,quadratic_relu_soft_top_fraction_v1,2,4,3861239400,0.5,0.5,0.693367269039154,11,False
84,gated_alive,full,cuda,quadratic_relu_soft_top_fraction_v1,2,5,3861239500,0.75,1.0,0.3327635684609413,6,False
85,gated_alive,full,cuda,quadratic_relu_soft_top_fraction_v1,0,3,1421166023,1.0,1.0,0.16194467073492705,15,False
85,gated_alive,full,cuda,quadratic_relu_soft_top_fraction_v1,0,4,1421166123,0.6,1.0,0.561515239729546,15,False
85,gated_alive,full,cuda,quadratic_relu_soft_top_fraction_v1,0,5,1421166223,1.0,1.0,0.19009156571514904,8,False
85,gated_alive,full,cuda,quadratic_relu_soft_top_fraction_v1,1,3,1421176023,1.0,1.0,0.061989362567663193,17,False
85,gated_alive,full,cuda,quadratic_relu_soft_top_fraction_v1,1,4,1421176123,1.0,1.0,0.11537277530506253,22,False
85,gated_alive,full,cuda,quadratic_relu_soft_top_fraction_v1,1,5,1421176223,1.0,1.0,0.05490225284360349,19,True
85,gated_alive,full,cuda,quadratic_relu_soft_top_fraction_v1,2,3,1421186023,0.5,0.75,0.5198304170370102,7,False
85,gated_alive,full,cuda,quadratic_relu_soft_top_fraction_v1,2,4,1421186123,0.75,1.0,0.4399304225668311,7,False
85,gated_alive,full,cuda,quadratic_relu_soft_top_fraction_v1,2,5,1421186223,0.75,1.0,0.502701798081398,7,False
86,gated_alive,full,cuda,quadratic_relu_soft_top_fraction_v1,0,3,2927228976,1.0,1.0,0.24316965010017155,39,False
86,gated_alive,full,cuda,quadratic_relu_soft_top_fraction_v1,0,4,2927229076,0.8,1.0,0.3028138024639338,10,False
86,gated_alive,full,cuda,quadratic_relu_soft_top_fraction_v1,0,5,2927229176,1.0,1.0,0.27244449908519164,13,False
86,gated_alive,full,cuda,quadratic_relu_soft_top_fraction_v1,1,3,2927238976,0.4,0.33333333333333337,0.7063611745834351,6,False
86,gated_alive,full,cuda,quadratic_relu_soft_top_fraction_v1,1,4,2927239076,0.4,0.5,0.8660576276779175,6,False
86,gated_alive,full,cuda,quadratic_relu_soft_top_fraction_v1,1,5,2927239176,0.6,0.8333333333333334,0.578002212047577,8,False
86,gated_alive,full,cuda,quadratic_relu_soft_top_fraction_v1,2,3,2927248976,0.75,1.0,0.42542212767526505,8,False
86,gated_alive,full,cuda,quadratic_relu_soft_top_fraction_v1,2,4,2927249076,1.0,1.0,0.13870397749589755,18,True
86,gated_alive,full,cuda,quadratic_relu_soft_top_fraction_v1,2,5,2927249176,0.75,1.0,0.2706681912369095,12,False
87,gated_alive,full,cuda,quadratic_relu_soft_top_fraction_v1,0,3,3880305711,0.8,0.5,0.8805444177389145,6,False
87,gated_alive,full,cuda,quadratic_relu_soft_top_fraction_v1,0,4,3880305811,0.4,0.16666666666666666,0.8443465871810913,6,False
87,gated_alive,full,cuda,quadratic_relu_soft_top_fraction_v1,0,5,3880305911,0.6,0.5,0.9738842380046845,6,False
87,gated_alive,full,cuda,quadratic_relu_soft_top_fraction_v1,1,3,3880315711,1.0,1.0,0.2099459195137024,7,True
87,gated_alive,full,cuda,quadratic_relu_soft_top_fraction_v1,1,4,3880315811,0.6,0.6666666666666667,0.6658020439147949,6,False
87,gated_alive,full,cuda,quadratic_relu_soft_top_fraction_v1,1,5,3880315911,0.8,1.0,0.3067778878211975,7,False
87,gated_alive,full,cuda,quadratic_relu_soft_top_fraction_v1,2,3,3880325711,0.75,1.0,0.39384439632296564,6,False
87,gated_alive,full,cuda,quadratic_relu_soft_top_fraction_v1,2,4,3880325811,0.75,1.0,0.3976347362995148,6,False
87,gated_alive,full,cuda,quadratic_relu_soft_top_fraction_v1,2,5,3880325911,1.0,1.0,0.2354857575893402,6,False
88,gated_alive,full,cuda,quadratic_relu_soft_top_fraction_v1,0,3,1970904693,0.8,0.8333333333333333,0.5301438501924276,6,False
88,gated_alive,full,cuda,quadratic_relu_soft_top_fraction_v1,0,4,1970904793,0.8,0.8333333333333333,0.42038499350845815,9,False
88,gated_alive,full,cuda,quadratic_relu_soft_top_fraction_v1,0,5,1970904893,0.2,0.0,0.8338641219139099,6,False
88,gated_alive,full,cuda,quadratic_relu_soft_top_fraction_v1,1,3,1970914693,1.0,1.0,0.06857691752910614,69,False
88,gated_alive,full,cuda,quadratic_relu_soft_top_fraction_v1,1,4,1970914793,0.8,1.0,0.22771627486497165,12,False
88,gated_alive,full,cuda,quadratic_relu_soft_top_fraction_v1,1,5,1970914893,1.0,1.0,0.008434871815145016,55,True
88,gated_alive,full,cuda,quadratic_relu_soft_top_fraction_v1,2,3,1970924693,1.0,1.0,0.05366747919702902,20,False
88,gated_alive,full,cuda,quadratic_relu_soft_top_fraction_v1,2,4,1970924793,1.0,1.0,0.14640521075576543,29,False
88,gated_alive,full,cuda,quadratic_relu_soft_top_fraction_v1,2,5,1970924893,1.0,1.0,0.1715598043007776,13,False
89,gated_alive,full,cuda,quadratic_relu_soft_top_fraction_v1,0,3,1104125474,1.0,1.0,0.001798171334899962,65,True
89,gated_alive,full,cuda,quadratic_relu_soft_top_fraction_v1,0,4,1104125574,0.6,1.0,0.6728953275680541,9,False
89,gated_alive,full,cuda,quadratic_relu_soft_top_fraction_v1,0,5,1104125674,1.0,1.0,0.030073649629950523,11,False
89,gated_alive,full,cuda,quadratic_relu_soft_top_fraction_v1,1,3,1104135474,0.8,0.8333333333333334,0.415212102368474,13,False
89,gated_alive,full,cuda,quadratic_relu_soft_top_fraction_v1,1,4,1104135574,1.0,1.0,0.2929138009548187,9,False
89,gated_alive,full,cuda,quadratic_relu_soft_top_fraction_v1,1,5,1104135674,0.8,1.0,0.38959899052977565,14,False
89,gated_alive,full,cuda,quadratic_relu_soft_top_fraction_v1,2,3,1104145474,0.5,0.5,0.6933299589157105,8,False
89,gated_alive,full,cuda,quadratic_relu_soft_top_fraction_v1,2,4,1104145574,0.5,0.75,0.6936429119110108,7,False
89,gated_alive,full,cuda,quadratic_relu_soft_top_fraction_v1,2,5,1104145674,0.5,0.75,0.6348913168907165,6,False
90,gated_alive,full,cuda,quadratic_relu_soft_top_fraction_v1,0,3,1247132844,1.0,1.0,0.24783557483553886,8,False
90,gated_alive,full,cuda,quadratic_relu_soft_top_fraction_v1,0,4,1247132944,0.8,1.0,0.40957620525360106,6,False
90,gated_alive,full,cuda,quadratic_relu_soft_top_fraction_v1,0,5,1247133044,0.8,1.0,0.3539016819000244,7,False
90,gated_alive,full,cuda,quadratic_relu_soft_top_fraction_v1,1,3,1247142844,0.8,1.0,0.35148287285864355,7,False
90,gated_alive,full,cuda,quadratic_relu_soft_top_fraction_v1,1,4,1247142944,0.6,0.8333333333333334,0.4201761830151081,13,False
90,gated_alive,full,cuda,quadratic_relu_soft_top_fraction_v1,1,5,1247143044,1.0,1.0,0.186082501873374,26,False
90,gated_alive,full,cuda,quadratic_relu_soft_top_fraction_v1,2,3,1247152844,1.0,1.0,0.002674171938560903,63,True
90,gated_alive,full,cuda,quadratic_relu_soft_top_fraction_v1,2,4,1247152944,1.0,1.0,0.006927970820106566,36,False
90,gated_alive,full,cuda,quadratic_relu_soft_top_fraction_v1,2,5,1247153044,1.0,1.0,0.003884073575027287,77,False
91,gated_alive,full,cuda,quadratic_relu_soft_top_fraction_v1,0,3,1459551895,0.8,1.0,0.40421682860702274,8,False
91,gated_alive,full,cuda,quadratic_relu_soft_top_fraction_v1,0,4,1459551995,0.8,1.0,0.22112286475580187,8,True
91,gated_alive,full,cuda,quadratic_relu_soft_top_fraction_v1,0,5,1459552095,0.8,1.0,0.3097407312025316,10,False
91,gated_alive,full,cuda,quadratic_relu_soft_top_fraction_v1,1,3,1459561895,0.6,1.0,0.44087190833687784,8,False
91,gated_alive,full,cuda,quadratic_relu_soft_top_fraction_v1,1,4,1459561995,0.6,1.0,0.586348876222968,7,False
91,gated_alive,full,cuda,quadratic_relu_soft_top_fraction_v1,1,5,1459562095,0.8,1.0,0.7842123964261264,8,False
91,gated_alive,full,cuda,quadratic_relu_soft_top_fraction_v1,2,3,1459571895,0.5,0.75,0.6301121926307678,6,False
91,gated_alive,full,cuda,quadratic_relu_soft_top_fraction_v1,2,4,1459571995,0.5,0.75,0.567402311861515,6,False
91,gated_alive,full,cuda,quadratic_relu_soft_top_fraction_v1,2,5,1459572095,0.75,0.5,0.6311616127192974,7,False
92,gated_alive,full,cuda,quadratic_relu_soft_top_fraction_v1,0,3,2705073631,1.0,1.0,0.04854110838472843,14,False
92,gated_alive,full,cuda,quadratic_relu_soft_top_fraction_v1,0,4,2705073731,0.8,0.8333333333333333,0.5388755312711,8,False
92,gated_alive,full,cuda,quadratic_relu_soft_top_fraction_v1,0,5,2705073831,1.0,1.0,0.05999498999118805,14,False
92,gated_alive,full,cuda,quadratic_relu_soft_top_fraction_v1,1,3,2705083631,0.6,0.8333333333333334,0.7379789954423904,6,False
92,gated_alive,full,cuda,quadratic_relu_soft_top_fraction_v1,1,4,2705083731,0.8,0.8333333333333334,1.1917270755171776,6,False
92,gated_alive,full,cuda,quadratic_relu_soft_top_fraction_v1,1,5,2705083831,0.8,0.8333333333333334,0.9747846695184708,6,False
92,gated_alive,full,cuda,quadratic_relu_soft_top_fraction_v1,2,3,2705093631,1.0,1.0,0.0006584103149361908,13,True
92,gated_alive,full,cuda,quadratic_relu_soft_top_fraction_v1,2,4,2705093731,1.0,1.0,0.001231107534840703,9,False
92,gated_alive,full,cuda,quadratic_relu_soft_top_fraction_v1,2,5,2705093831,1.0,1.0,0.0011271747807040811,15,False
93,gated_alive,full,cuda,quadratic_relu_soft_top_fraction_v1,0,3,1111767180,1.0,1.0,0.27097855257987974,11,False
93,gated_alive,full,cuda,quadratic_relu_soft_top_fraction_v1,0,4,1111767280,1.0,1.0,0.2863235467672348,8,False
93,gated_alive,full,cuda,quadratic_relu_soft_top_fraction_v1,0,5,1111767380,0.8,0.8333333333333333,0.5987170224189758,7,False
93,gated_alive,full,cuda,quadratic_relu_soft_top_fraction_v1,1,3,1111777180,0.8,1.0,0.37585346615314486,10,False
93,gated_alive,full,cuda,quadratic_relu_soft_top_fraction_v1,1,4,1111777280,1.0,1.0,0.4988256464004517,9,False
93,gated_alive,full,cuda,quadratic_relu_soft_top_fraction_v1,1,5,1111777380,1.0,1.0,0.4500350249409676,13,False
93,gated_alive,full,cuda,quadratic_relu_soft_top_fraction_v1,2,3,1111787180,0.5,0.5,0.6933015203475952,26,False
93,gated_alive,full,cuda,quadratic_relu_soft_top_fraction_v1,2,4,1111787280,1.0,1.0,0.0016542698629200458,18,False
93,gated_alive,full,cuda,quadratic_relu_soft_top_fraction_v1,2,5,1111787380,1.0,1.0,0.0014600615156814456,13,True
94,gated_alive,full,cuda,quadratic_relu_soft_top_fraction_v1,0,3,3603600308,0.8,1.0,0.45721938195824624,8,True
94,gated_alive,full,cuda,quadratic_relu_soft_top_fraction_v1,0,4,3603600408,0.6,0.6666666666666666,1.2260493074059486,6,False
94,gated_alive,full,cuda,quadratic_relu_soft_top_fraction_v1,0,5,3603600508,0.6,0.3333333333333333,1.6054739160537719,6,False
94,gated_alive,full,cuda,quadratic_relu_soft_top_fraction_v1,1,3,3603610308,0.4,0.5,0.7533631100654602,6,False
94,gated_alive,full,cuda,quadratic_relu_soft_top_fraction_v1,1,4,3603610408,0.6,1.0,0.6337229752540589,6,False
94,gated_alive,full,cuda,quadratic_relu_soft_top_fraction_v1,1,5,3603610508,0.6,0.6666666666666667,0.6136157252788543,6,False
94,gated_alive,full,cuda,quadratic_relu_soft_top_fraction_v1,2,3,3603620308,0.25,0.5,0.708772503733635,6,False
94,gated_alive,full,cuda,quadratic_relu_soft_top_fraction_v1,2,4,3603620408,0.5,0.5,0.8765960478782654,6,False
94,gated_alive,full,cuda,quadratic_relu_soft_top_fraction_v1,2,5,3603620508,0.5,0.75,0.675782961845398,6,False
95,gated_alive,full,cuda,quadratic_relu_soft_top_fraction_v1,0,3,1526631305,0.6,0.5,0.6774185061454773,6,False
95,gated_alive,full,cuda,quadratic_relu_soft_top_fraction_v1,0,4,1526631405,1.0,1.0,0.1219190289983526,18,True
95,gated_alive,full,cuda,quadratic_relu_soft_top_fraction_v1,0,5,1526631505,1.0,1.0,0.2520799140492454,8,False
95,gated_alive,full,cuda,quadratic_relu_soft_top_fraction_v1,1,3,1526641305,0.8,0.6666666666666667,0.4446127018928528,6,False
95,gated_alive,full,cuda,quadratic_relu_soft_top_fraction_v1,1,4,1526641405,0.4,0.5,0.8103656425476075,6,False
95,gated_alive,full,cuda,quadratic_relu_soft_top_fraction_v1,1,5,1526641505,0.6,0.5,0.6665431094169617,6,False
95,gated_alive,full,cuda,quadratic_relu_soft_top_fraction_v1,2,3,1526651305,0.75,1.0,0.43675148516893386,11,False
95,gated_alive,full,cuda,quadratic_relu_soft_top_fraction_v1,2,4,1526651405,0.5,0.25,0.7772117304801941,6,False
95,gated_alive,full,cuda,quadratic_relu_soft_top_fraction_v1,2,5,1526651505,1.0,1.0,0.20227450728416443,14,False
96,gated_alive,full,cuda,quadratic_relu_soft_top_fraction_v1,0,3,277796265,0.4,0.3333333333333333,0.856249559218064,7,False
96,gated_alive,full,cuda,quadratic_relu_soft_top_fraction_v1,0,4,277796365,0.4,0.5,0.715365807056427,10,False
96,gated_alive,full,cuda,quadratic_relu_soft_top_fraction_v1,0,5,277796465,0.6,1.0,0.7351383623331785,8,False
96,gated_alive,full,cuda,quadratic_relu_soft_top_fraction_v1,1,3,277806265,0.6,0.6666666666666667,0.679139675617218,6,False
96,gated_alive,full,cuda,quadratic_relu_soft_top_fraction_v1,1,4,277806365,1.0,1.0,0.10585238009691239,7,False
96,gated_alive,full,cuda,quadratic_relu_soft_top_fraction_v1,1,5,277806465,1.0,1.0,0.02972584928944707,11,True
96,gated_alive,full,cuda,quadratic_relu_soft_top_fraction_v1,2,3,277816265,0.5,0.5,0.6933395528793335,9,False
96,gated_alive,full,cuda,quadratic_relu_soft_top_fraction_v1,2,4,277816365,0.5,0.75,0.7806743484735489,6,False
96,gated_alive,full,cuda,quadratic_relu_soft_top_fraction_v1,2,5,277816465,1.0,1.0,0.42043591976165773,7,False
97,gated_alive,full,cuda,quadratic_relu_soft_top_fraction_v1,0,3,21571058,0.2,0.16666666666666666,0.8570296220779419,6,False
97,gated_alive,full,cuda,quadratic_relu_soft_top_fraction_v1,0,4,21571158,0.6,0.8333333333333333,0.7767609868049622,10,False
97,gated_alive,full,cuda,quadratic_relu_soft_top_fraction_v1,0,5,21571258,0.4,0.5,0.7178002066612243,12,False
97,gated_alive,full,cuda,quadratic_relu_soft_top_fraction_v1,1,3,21581058,1.0,1.0,0.16654288449604066,13,False
97,gated_alive,full,cuda,quadratic_relu_soft_top_fraction_v1,1,4,21581158,1.0,1.0,0.07753014361858368,28,True
97,gated_alive,full,cuda,quadratic_relu_soft_top_fraction_v1,1,5,21581258,1.0,1.0,0.19530568435788154,8,False
97,gated_alive,full,cuda,quadratic_relu_soft_top_fraction_v1,2,3,21591058,0.75,0.75,0.5012026350200176,6,False
97,gated_alive,full,cuda,quadratic_relu_soft_top_fraction_v1,2,4,21591158,1.0,1.0,0.2181247067451477,8,False
97,gated_alive,full,cuda,quadratic_relu_soft_top_fraction_v1,2,5,21591258,0.75,0.75,0.6681553645431996,6,False
98,gated_alive,full,cuda,quadratic_relu_soft_top_fraction_v1,0,3,107846671,0.4,0.3333333333333333,1.3148025493621827,6,False
98,gated_alive,full,cuda,quadratic_relu_soft_top_fraction_v1,0,4,107846771,0.4,0.6666666666666666,0.8673651844859124,7,False
98,gated_alive,full,cuda,quadratic_relu_soft_top_fraction_v1,0,5,107846871,1.0,1.0,0.22015901531279086,8,True
98,gated_alive,full,cuda,quadratic_relu_soft_top_fraction_v1,1,3,107856671,0.6,0.6666666666666667,0.6886007328033448,7,False
98,gated_alive,full,cuda,quadratic_relu_soft_top_fraction_v1,1,4,107856771,0.6,0.8333333333333334,0.5414011526107788,6,False
98,gated_alive,full,cuda,quadratic_relu_soft_top_fraction_v1,1,5,107856871,0.8,0.6666666666666667,0.5346432608366013,7,False
98,gated_alive,full,cuda,quadratic_relu_soft_top_fraction_v1,2,3,107866671,0.75,0.75,0.6307022669073195,11,False
98,gated_alive,full,cuda,quadratic_relu_soft_top_fraction_v1,2,4,107866771,0.5,0.75,0.5729490679502487,7,False
98,gated_alive,full,cuda,quadratic_relu_soft_top_fraction_v1,2,5,107866871,0.5,0.5,1.0356915930099786,7,False
99,gated_alive,full,cuda,quadratic_relu_soft_top_fraction_v1,0,3,2699836258,0.8,1.0,0.5302034032046795,8,False
99,gated_alive,full,cuda,quadratic_relu_soft_top_fraction_v1,0,4,2699836358,1.0,1.0,0.4840779609680176,6,False
99,gated_alive,full,cuda,quadratic_relu_soft_top_fraction_v1,0,5,2699836458,0.6,0.6666666666666666,0.7006095113754273,6,False
99,gated_alive,full,cuda,quadratic_relu_soft_top_fraction_v1,1,3,2699846258,0.8,0.8333333333333334,0.5335163666158914,7,False
99,gated_alive,full,cuda,quadratic_relu_soft_top_fraction_v1,1,4,2699846358,0.8,0.8333333333333334,0.7101989640295505,7,False
99,gated_alive,full,cuda,quadratic_relu_soft_top_fraction_v1,1,5,2699846458,0.8,1.0,0.2392800750117749,23,False
99,gated_alive,full,cuda,quadratic_relu_soft_top_fraction_v1,2,3,2699856258,0.75,1.0,0.30344161350280047,7,False
99,gated_alive,full,cuda,quadratic_relu_soft_top_fraction_v1,2,4,2699856358,1.0,1.0,0.24302251324057578,6,False
99,gated_alive,full,cuda,quadratic_relu_soft_top_fraction_v1,2,5,2699856458,1.0,1.0,0.223922522040084,10,True
